component_id,excel_row,source,plant_name,original_district,allocated_district,balancing_area,original_capacity_mw,allocation_share,allocated_capacity_mw,allocation_method,source_url,confidence,notes
itpcl_or_cuddalore_tpp__unit_01,9.0,Coal,ITPCL or Cuddalore TPP,Cuddalore,Cuddalore,Villupuram,600.0,1.0,600.0,District carried from original workbook,,Existing,No online correction applied because a single district was already provided.
itpcl_or_cuddalore_tpp__unit_02,10.0,Coal,ITPCL or Cuddalore TPP,Cuddalore,Cuddalore,Villupuram,600.0,1.0,600.0,District carried from original workbook,,Existing,No online correction applied because a single district was already provided.
mettur_tps__unit_01,11.0,Coal,Mettur TPS,Salem,Salem,Erode,210.0,1.0,210.0,District carried from original workbook,,Existing,No online correction applied because a single district was already provided.
mettur_tps__unit_02,12.0,Coal,Mettur TPS,Salem,Salem,Erode,210.0,1.0,210.0,District carried from original workbook,,Existing,No online correction applied because a single district was already provided.
mettur_tps__unit_03,13.0,Coal,Mettur TPS,Salem,Salem,Erode,210.0,1.0,210.0,District carried from original workbook,,Existing,No online correction applied because a single district was already provided.
mettur_tps__unit_04,14.0,Coal,Mettur TPS,Salem,Salem,Erode,210.0,1.0,210.0,District carried from original workbook,,Existing,No online correction applied because a single district was already provided.
mettur_tps__unit_05,15.0,Coal,Mettur TPS,Salem,Salem,Erode,600.0,1.0,600.0,District carried from original workbook,,Existing,No online correction applied because a single district was already provided.
muthiara_tpp__unit_01,16.0,Coal,Muthiara TPP,Thoothukudi,Thoothukudi,Tirunelveli,600.0,1.0,600.0,District carried from original workbook,,Existing,No online correction applied because a single district was already provided.
muthiara_tpp__unit_02,17.0,Coal,Muthiara TPP,Thoothukudi,Thoothukudi,Tirunelveli,600.0,1.0,600.0,District carried from original workbook,,Existing,No online correction applied because a single district was already provided.
neyveli_ext_tps_i__unit_01,18.0,Coal,Neyveli (EXT) TPS I,Cuddalore,Cuddalore,Villupuram,210.0,1.0,210.0,District carried from original workbook,,Existing,No online correction applied because a single district was already provided.
neyveli_ext_tps_i__unit_02,19.0,Coal,Neyveli (EXT) TPS I,Cuddalore,Cuddalore,Villupuram,210.0,1.0,210.0,District carried from original workbook,,Existing,No online correction applied because a single district was already provided.
neyveli_ext_tps_ii__unit_01,20.0,Coal,Neyveli (EXT) TPS II,Cuddalore,Cuddalore,Villupuram,250.0,1.0,250.0,District carried from original workbook,,Existing,No online correction applied because a single district was already provided.
neyveli_ext_tps_ii__unit_02,21.0,Coal,Neyveli (EXT) TPS II,Cuddalore,Cuddalore,Villupuram,250.0,1.0,250.0,District carried from original workbook,,Existing,No online correction applied because a single district was already provided.
neyveli_new_tpp_neyveli_extension__unit_01,22.0,Coal,Neyveli (New) TPP /Neyveli Extension,Cuddalore,Cuddalore,Villupuram,500.0,1.0,500.0,District carried from original workbook,,Existing,No online correction applied because a single district was already provided.
neyveli_new_tpp_neyveli_extension__unit_02,23.0,Coal,Neyveli (New) TPP /Neyveli Extension,Cuddalore,Cuddalore,Villupuram,500.0,1.0,500.0,District carried from original workbook,,Existing,No online correction applied because a single district was already provided.
neyveli_tps_z__unit_01,24.0,Coal,Neyveli TPS (Z),Cuddalore,Cuddalore,Villupuram,250.0,1.0,250.0,District carried from original workbook,,Existing,No online correction applied because a single district was already provided.
neyveli_tps_ii__unit_03,34.0,Coal,Neyveli TPS II,Cuddalore,Cuddalore,Villupuram,210.0,1.0,210.0,District carried from original workbook,,Existing,No online correction applied because a single district was already provided.
neyveli_tps_ii__unit_02,35.0,Coal,Neyveli TPS II,Cuddalore,Cuddalore,Villupuram,210.0,1.0,210.0,District carried from original workbook,,Existing,No online correction applied because a single district was already provided.
neyveli_tps_ii__unit_01,36.0,Coal,Neyveli TPS II,Cuddalore,Cuddalore,Villupuram,210.0,1.0,210.0,District carried from original workbook,,Existing,No online correction applied because a single district was already provided.
neyveli_tps_ii__unit_04,37.0,Coal,Neyveli TPS II,Cuddalore,Cuddalore,Villupuram,210.0,1.0,210.0,District carried from original workbook,,Existing,No online correction applied because a single district was already provided.
neyveli_tps_ii__unit_05,38.0,Coal,Neyveli TPS II,Cuddalore,Cuddalore,Villupuram,210.0,1.0,210.0,District carried from original workbook,,Existing,No online correction applied because a single district was already provided.
neyveli_tps_ii__unit_06,39.0,Coal,Neyveli TPS II,Cuddalore,Cuddalore,Villupuram,210.0,1.0,210.0,District carried from original workbook,,Existing,No online correction applied because a single district was already provided.
neyveli_tps_ii__unit_07,40.0,Coal,Neyveli TPS II,Cuddalore,Cuddalore,Villupuram,210.0,1.0,210.0,District carried from original workbook,,Existing,No online correction applied because a single district was already provided.
north_chennai_tps__unit_01,41.0,Coal,North Chennai TPS,Thiruvallur,Tiruvallur,Chennai North,210.0,1.0,210.0,District carried from original workbook,,Existing,No online correction applied because a single district was already provided.
north_chennai_tps__unit_02,42.0,Coal,North Chennai TPS,Thiruvallur,Tiruvallur,Chennai North,210.0,1.0,210.0,District carried from original workbook,,Existing,No online correction applied because a single district was already provided.
north_chennai_tps__unit_03,43.0,Coal,North Chennai TPS,Thiruvallur,Tiruvallur,Chennai North,210.0,1.0,210.0,District carried from original workbook,,Existing,No online correction applied because a single district was already provided.
north_chennai_tps__unit_05,44.0,Coal,North Chennai TPS,Thiruvallur,Tiruvallur,Chennai North,600.0,1.0,600.0,District carried from original workbook,,Existing,No online correction applied because a single district was already provided.
north_chennai_tps__unit_04,45.0,Coal,North Chennai TPS,Thiruvallur,Tiruvallur,Chennai North,600.0,1.0,600.0,District carried from original workbook,,Existing,No online correction applied because a single district was already provided.
north_chennai_tps__unit_06,46.0,Coal,North Chennai TPS,Thiruvallur,Tiruvallur,Chennai North,800.0,1.0,800.0,District carried from original workbook,,Existing,No online correction applied because a single district was already provided.
opg_power_generation_private_ltd__unit_01,47.0,Coal,OPG Power Generation Private Ltd.,Thiruvallur,Tiruvallur,Chennai North,77.0,1.0,77.0,District carried from original workbook,,Existing,No online correction applied because a single district was already provided.
opg_power_generation_private_ltd__unit_02,48.0,Coal,OPG Power Generation Private Ltd.,Thiruvallur,Tiruvallur,Chennai North,77.0,1.0,77.0,District carried from original workbook,,Existing,No online correction applied because a single district was already provided.
opg_power_generation_private_ltd__unit_03,49.0,Coal,OPG Power Generation Private Ltd.,Thiruvallur,Tiruvallur,Chennai North,80.0,1.0,80.0,District carried from original workbook,,Existing,No online correction applied because a single district was already provided.
opg_power_generation_private_ltd__unit_04,50.0,Coal,OPG Power Generation Private Ltd.,Thiruvallur,Tiruvallur,Chennai North,180.0,1.0,180.0,District carried from original workbook,,Existing,No online correction applied because a single district was already provided.
tcp_limited__unit_01,51.0,Coal,TCP Limited,Thiruvallur,Tiruvallur,Chennai North,63.5,1.0,63.5,District carried from original workbook,,Existing,No online correction applied because a single district was already provided.
tulsyan_nec_limited__unit_01,52.0,Coal,Tulsyan NEC Limited,Thiruvallur,Tiruvallur,Chennai North,35.0,1.0,35.0,District carried from original workbook,,Existing,No online correction applied because a single district was already provided.
tulsyan_nec_limited__unit_02,53.0,Coal,Tulsyan NEC Limited,Thiruvallur,Tiruvallur,Chennai North,35.0,1.0,35.0,District carried from original workbook,,Existing,No online correction applied because a single district was already provided.
tuticorin_p_tpp__unit_01,54.0,Coal,Tuticorin (P) TPP,Thoothukudi,Thoothukudi,Tirunelveli,150.0,1.0,150.0,District carried from original workbook,,Existing,No online correction applied because a single district was already provided.
tuticorin_p_tpp__unit_02,55.0,Coal,Tuticorin (P) TPP,Thoothukudi,Thoothukudi,Tirunelveli,150.0,1.0,150.0,District carried from original workbook,,Existing,No online correction applied because a single district was already provided.
tuticorin_joint_venture__unit_01,57.0,Coal,Tuticorin Joint Venture,Thoothukudi,Thoothukudi,Tirunelveli,500.0,1.0,500.0,District carried from original workbook,,Existing,No online correction applied because a single district was already provided.
tuticorin_joint_venture__unit_02,58.0,Coal,Tuticorin Joint Venture,Thoothukudi,Thoothukudi,Tirunelveli,500.0,1.0,500.0,District carried from original workbook,,Existing,No online correction applied because a single district was already provided.
tuticorin_tps__unit_01,59.0,Coal,Tuticorin TPS,Thoothukudi,Thoothukudi,Tirunelveli,210.0,1.0,210.0,District carried from original workbook,,Existing,No online correction applied because a single district was already provided.
tuticorin_tps__unit_02,60.0,Coal,Tuticorin TPS,Thoothukudi,Thoothukudi,Tirunelveli,210.0,1.0,210.0,District carried from original workbook,,Existing,No online correction applied because a single district was already provided.
tuticorin_tps__unit_03,61.0,Coal,Tuticorin TPS,Thoothukudi,Thoothukudi,Tirunelveli,210.0,1.0,210.0,District carried from original workbook,,Existing,No online correction applied because a single district was already provided.
tuticorin_tps__unit_05,62.0,Coal,Tuticorin TPS,Thoothukudi,Thoothukudi,Tirunelveli,210.0,1.0,210.0,District carried from original workbook,,Existing,No online correction applied because a single district was already provided.
tuticorin_tps__unit_04,63.0,Coal,Tuticorin TPS,Thoothukudi,Thoothukudi,Tirunelveli,210.0,1.0,210.0,District carried from original workbook,,Existing,No online correction applied because a single district was already provided.
tuticorin_thermal_power_plant__unit_01,64.0,Coal,Tuticorin Thermal Power Plant,Thoothukudi,Thoothukudi,Tirunelveli,525.0,1.0,525.0,District carried from original workbook,,Existing,No online correction applied because a single district was already provided.
vallur_tpp__unit_01,67.0,Coal,Vallur TPP,Thiruvallur,Tiruvallur,Chennai North,500.0,1.0,500.0,District carried from original workbook,,Existing,No online correction applied because a single district was already provided.
vallur_tpp__unit_02,68.0,Coal,Vallur TPP,Thiruvallur,Tiruvallur,Chennai North,500.0,1.0,500.0,District carried from original workbook,,Existing,No online correction applied because a single district was already provided.
vallur_tpp__unit_03,69.0,Coal,Vallur TPP,Thiruvallur,Tiruvallur,Chennai North,500.0,1.0,500.0,District carried from original workbook,,Existing,No online correction applied because a single district was already provided.
aliyar_hydroelectric_power_project__unit_01,70.0,Hydro,Aliyar Hydroelectric Power Project,Coimbatore,Coimbatore,Coimbatore,60.0,1.0,60.0,District carried from original workbook,,Existing,No online correction applied because a single district was already provided.
bhavani_kattalai_barrage_i_hydroelectric_power_project__unit_02,71.0,Hydro,Bhavani Kattalai Barrage I Hydroelectric Power Project,Erode,Erode,Erode,15.0,1.0,15.0,District carried from original workbook,,Existing,No online correction applied because a single district was already provided.
bhavani_kattalai_barrage_i_hydroelectric_power_project__unit_01,72.0,Hydro,Bhavani Kattalai Barrage I Hydroelectric Power Project,Erode,Erode,Erode,15.0,1.0,15.0,District carried from original workbook,,Existing,No online correction applied because a single district was already provided.
bhavani_kattalai_barrage_ii_hydroelectric_power_project__unit_01,73.0,Hydro,Bhavani Kattalai Barrage II Hydroelectric Power Project,Erode,Erode,Erode,15.0,1.0,15.0,District carried from original workbook,,Existing,No online correction applied because a single district was already provided.
bhavani_kattalai_barrage_ii_hydroelectric_power_project__unit_02,74.0,Hydro,Bhavani Kattalai Barrage II Hydroelectric Power Project,Erode,Erode,Erode,15.0,1.0,15.0,District carried from original workbook,,Existing,No online correction applied because a single district was already provided.
bhavani_kattalai_barrage_iii_hydroelectric_power_project__unit_01,75.0,Hydro,Bhavani Kattalai Barrage III Hydroelectric Power Project,Erode,Erode,Erode,15.0,1.0,15.0,District carried from original workbook,,Existing,No online correction applied because a single district was already provided.
bhavani_kattalai_barrage_iii_hydroelectric_power_project__unit_02,76.0,Hydro,Bhavani Kattalai Barrage III Hydroelectric Power Project,Erode,Erode,Erode,15.0,1.0,15.0,District carried from original workbook,,Existing,No online correction applied because a single district was already provided.
kadmparai_power_house__unit_01,77.0,Hydro,Kadmparai Power House,Coimbatore,Coimbatore,Coimbatore,100.0,1.0,100.0,District carried from original workbook,,Existing,No online correction applied because a single district was already provided.
kadmparai_power_house__unit_02,78.0,Hydro,Kadmparai Power House,Coimbatore,Coimbatore,Coimbatore,100.0,1.0,100.0,District carried from original workbook,,Existing,No online correction applied because a single district was already provided.
kadmparai_power_house__unit_03,79.0,Hydro,Kadmparai Power House,Coimbatore,Coimbatore,Coimbatore,100.0,1.0,100.0,District carried from original workbook,,Existing,No online correction applied because a single district was already provided.
kadmparai_power_house__unit_04,80.0,Hydro,Kadmparai Power House,Coimbatore,Coimbatore,Coimbatore,100.0,1.0,100.0,District carried from original workbook,,Existing,No online correction applied because a single district was already provided.
kodayar_i_ii_power_house__unit_01,81.0,Hydro,Kodayar I & II Power House,Kanyakumari,Kanniyakumari,Tirunelveli,60.0,1.0,60.0,District carried from original workbook,,Existing,No online correction applied because a single district was already provided.
kodayar_i_ii_power_house__unit_02,82.0,Hydro,Kodayar I & II Power House,Kanyakumari,Kanniyakumari,Tirunelveli,40.0,1.0,40.0,District carried from original workbook,,Existing,No online correction applied because a single district was already provided.
kundah_i_to_v_hydroelectric_power_project__unit_01,83.0,Hydro,Kundah I to V Hydroelectric Power Project,Nilgiris,The Nilgiris,Coimbatore,20.0,1.0,20.0,District carried from original workbook,,Existing,No online correction applied because a single district was already provided.
kundah_i_to_v_hydroelectric_power_project__unit_02,84.0,Hydro,Kundah I to V Hydroelectric Power Project,Nilgiris,The Nilgiris,Coimbatore,20.0,1.0,20.0,District carried from original workbook,,Existing,No online correction applied because a single district was already provided.
kundah_i_to_v_hydroelectric_power_project__unit_08,85.0,Hydro,Kundah I to V Hydroelectric Power Project,Nilgiris,The Nilgiris,Coimbatore,20.0,1.0,20.0,District carried from original workbook,,Existing,No online correction applied because a single district was already provided.
kundah_i_to_v_hydroelectric_power_project__unit_03,86.0,Hydro,Kundah I to V Hydroelectric Power Project,Nilgiris,The Nilgiris,Coimbatore,35.0,1.0,35.0,District carried from original workbook,,Existing,No online correction applied because a single district was already provided.
kundah_i_to_v_hydroelectric_power_project__unit_04,87.0,Hydro,Kundah I to V Hydroelectric Power Project,Nilgiris,The Nilgiris,Coimbatore,35.0,1.0,35.0,District carried from original workbook,,Existing,No online correction applied because a single district was already provided.
kundah_i_to_v_hydroelectric_power_project__unit_05,88.0,Hydro,Kundah I to V Hydroelectric Power Project,Nilgiris,The Nilgiris,Coimbatore,35.0,1.0,35.0,District carried from original workbook,,Existing,No online correction applied because a single district was already provided.
kundah_i_to_v_hydroelectric_power_project__unit_06,89.0,Hydro,Kundah I to V Hydroelectric Power Project,Nilgiris,The Nilgiris,Coimbatore,35.0,1.0,35.0,District carried from original workbook,,Existing,No online correction applied because a single district was already provided.
kundah_i_to_v_hydroelectric_power_project__unit_07,90.0,Hydro,Kundah I to V Hydroelectric Power Project,Nilgiris,The Nilgiris,Coimbatore,35.0,1.0,35.0,District carried from original workbook,,Existing,No online correction applied because a single district was already provided.
kundah_i_to_v_hydroelectric_power_project__unit_10,91.0,Hydro,Kundah I to V Hydroelectric Power Project,Coimbatore,Coimbatore,Coimbatore,60.0,1.0,60.0,District carried from original workbook,,Existing,No online correction applied because a single district was already provided.
kundah_i_to_v_hydroelectric_power_project__unit_11,92.0,Hydro,Kundah I to V Hydroelectric Power Project,Coimbatore,Coimbatore,Coimbatore,60.0,1.0,60.0,District carried from original workbook,,Existing,No online correction applied because a single district was already provided.
kundah_i_to_v_hydroelectric_power_project__unit_13,93.0,Hydro,Kundah I to V Hydroelectric Power Project,Coimbatore,Coimbatore,Coimbatore,60.0,1.0,60.0,District carried from original workbook,,Existing,No online correction applied because a single district was already provided.
kundah_i_to_v_hydroelectric_power_project__unit_12,94.0,Hydro,Kundah I to V Hydroelectric Power Project,Coimbatore,Coimbatore,Coimbatore,50.0,1.0,50.0,District carried from original workbook,,Existing,No online correction applied because a single district was already provided.
kundah_i_to_v_hydroelectric_power_project__unit_14,95.0,Hydro,Kundah I to V Hydroelectric Power Project,Coimbatore,Coimbatore,Coimbatore,50.0,1.0,50.0,District carried from original workbook,,Existing,No online correction applied because a single district was already provided.
kundah_i_to_v_hydroelectric_power_project__unit_09,96.0,Hydro,Kundah I to V Hydroelectric Power Project,Nilgiris,The Nilgiris,Coimbatore,20.0,1.0,20.0,District carried from original workbook,,Existing,No online correction applied because a single district was already provided.
kundah_i_to_v_hydroelectric_power_project__unit_15,97.0,Hydro,Kundah I to V Hydroelectric Power Project,Nilgiris,The Nilgiris,Coimbatore,20.0,1.0,20.0,District carried from original workbook,,Existing,No online correction applied because a single district was already provided.
lower_mettur_i_to_iv_hydroelectric_power_project__unit_04,102.0,Hydro,Lower Mettur I to IV Hydroelectric Power Project,Salem,Salem,Erode,15.0,1.0,15.0,District carried from original workbook,,Existing,No online correction applied because a single district was already provided.
lower_mettur_i_to_iv_hydroelectric_power_project__unit_03,103.0,Hydro,Lower Mettur I to IV Hydroelectric Power Project,Salem,Salem,Erode,15.0,1.0,15.0,District carried from original workbook,,Existing,No online correction applied because a single district was already provided.
lower_mettur_i_to_iv_hydroelectric_power_project__unit_05,104.0,Hydro,Lower Mettur I to IV Hydroelectric Power Project,Salem,Salem,Erode,15.0,1.0,15.0,District carried from original workbook,,Existing,No online correction applied because a single district was already provided.
lower_mettur_i_to_iv_hydroelectric_power_project__unit_02,105.0,Hydro,Lower Mettur I to IV Hydroelectric Power Project,Salem,Salem,Erode,15.0,1.0,15.0,District carried from original workbook,,Existing,No online correction applied because a single district was already provided.
lower_mettur_i_to_iv_hydroelectric_power_project__unit_01,106.0,Hydro,Lower Mettur I to IV Hydroelectric Power Project,Salem,Salem,Erode,15.0,1.0,15.0,District carried from original workbook,,Existing,No online correction applied because a single district was already provided.
lower_mettur_i_to_iv_hydroelectric_power_project__unit_06,107.0,Hydro,Lower Mettur I to IV Hydroelectric Power Project,Salem,Salem,Erode,15.0,1.0,15.0,District carried from original workbook,,Existing,No online correction applied because a single district was already provided.
lower_mettur_i_to_iv_hydroelectric_power_project__unit_08,108.0,Hydro,Lower Mettur I to IV Hydroelectric Power Project,Salem,Salem,Erode,15.0,1.0,15.0,District carried from original workbook,,Existing,No online correction applied because a single district was already provided.
lower_mettur_i_to_iv_hydroelectric_power_project__unit_07,109.0,Hydro,Lower Mettur I to IV Hydroelectric Power Project,Salem,Salem,Erode,15.0,1.0,15.0,District carried from original workbook,,Existing,No online correction applied because a single district was already provided.
mettur_dam_hydroelectric_power_project__unit_01,110.0,Hydro,Mettur Dam Hydroelectric Power Project,Salem,Salem,Erode,12.5,1.0,12.5,District carried from original workbook,,Existing,No online correction applied because a single district was already provided.
mettur_dam_hydroelectric_power_project__unit_02,111.0,Hydro,Mettur Dam Hydroelectric Power Project,Salem,Salem,Erode,12.5,1.0,12.5,District carried from original workbook,,Existing,No online correction applied because a single district was already provided.
mettur_dam_hydroelectric_power_project__unit_03,112.0,Hydro,Mettur Dam Hydroelectric Power Project,Salem,Salem,Erode,12.5,1.0,12.5,District carried from original workbook,,Existing,No online correction applied because a single district was already provided.
mettur_dam_hydroelectric_power_project__unit_04,113.0,Hydro,Mettur Dam Hydroelectric Power Project,Salem,Salem,Erode,12.5,1.0,12.5,District carried from original workbook,,Existing,No online correction applied because a single district was already provided.
mettur_tunnel__unit_01,114.0,Hydro,Mettur Tunnel,Salem,Salem,Erode,50.0,1.0,50.0,District carried from original workbook,,Existing,No online correction applied because a single district was already provided.
mettur_tunnel__unit_02,115.0,Hydro,Mettur Tunnel,Salem,Salem,Erode,50.0,1.0,50.0,District carried from original workbook,,Existing,No online correction applied because a single district was already provided.
mettur_tunnel__unit_03,116.0,Hydro,Mettur Tunnel,Salem,Salem,Erode,50.0,1.0,50.0,District carried from original workbook,,Existing,No online correction applied because a single district was already provided.
mettur_tunnel__unit_04,117.0,Hydro,Mettur Tunnel,Salem,Salem,Erode,50.0,1.0,50.0,District carried from original workbook,,Existing,No online correction applied because a single district was already provided.
moyar_power_house__unit_01,118.0,Hydro,Moyar Power House,Nilgiris,The Nilgiris,Coimbatore,14.0,1.0,14.0,District carried from original workbook,,Existing,No online correction applied because a single district was already provided.
moyar_power_house__unit_02,119.0,Hydro,Moyar Power House,Nilgiris,The Nilgiris,Coimbatore,14.0,1.0,14.0,District carried from original workbook,,Existing,No online correction applied because a single district was already provided.
moyar_power_house__unit_03,120.0,Hydro,Moyar Power House,Nilgiris,The Nilgiris,Coimbatore,12.0,1.0,12.0,District carried from original workbook,,Existing,No online correction applied because a single district was already provided.
papanasam_hydroelectric_power_project__unit_01,121.0,Hydro,Papanasam Hydroelectric Power Project,Tirunelveli,Tirunelveli,Tirunelveli,8.0,1.0,8.0,District carried from original workbook,,Existing,No online correction applied because a single district was already provided.
papanasam_hydroelectric_power_project__unit_02,122.0,Hydro,Papanasam Hydroelectric Power Project,Tirunelveli,Tirunelveli,Tirunelveli,8.0,1.0,8.0,District carried from original workbook,,Existing,No online correction applied because a single district was already provided.
papanasam_hydroelectric_power_project__unit_03,123.0,Hydro,Papanasam Hydroelectric Power Project,Tirunelveli,Tirunelveli,Tirunelveli,8.0,1.0,8.0,District carried from original workbook,,Existing,No online correction applied because a single district was already provided.
papanasam_hydroelectric_power_project__unit_04,124.0,Hydro,Papanasam Hydroelectric Power Project,Tirunelveli,Tirunelveli,Tirunelveli,8.0,1.0,8.0,District carried from original workbook,,Existing,No online correction applied because a single district was already provided.
parson_s_valley_hydroelectric_power_project__unit_01,125.0,Hydro,Parson's Valley Hydroelectric Power Project,Nilgiris,The Nilgiris,Coimbatore,30.0,1.0,30.0,District carried from original workbook,,Existing,No online correction applied because a single district was already provided.
periyar_hydroelectric_power_project__unit_01,126.0,Hydro,Periyar Hydroelectric Power Project,Theni,Theni,Madurai,42.0,1.0,42.0,District carried from original workbook,,Existing,No online correction applied because a single district was already provided.
periyar_hydroelectric_power_project__unit_02,127.0,Hydro,Periyar Hydroelectric Power Project,Theni,Theni,Madurai,42.0,1.0,42.0,District carried from original workbook,,Existing,No online correction applied because a single district was already provided.
periyar_hydroelectric_power_project__unit_03,128.0,Hydro,Periyar Hydroelectric Power Project,Theni,Theni,Madurai,42.0,1.0,42.0,District carried from original workbook,,Existing,No online correction applied because a single district was already provided.
periyar_hydroelectric_power_project__unit_04,129.0,Hydro,Periyar Hydroelectric Power Project,Theni,Theni,Madurai,42.0,1.0,42.0,District carried from original workbook,,Existing,No online correction applied because a single district was already provided.
pykara_hydroelectric_power_project__unit_01,130.0,Hydro,Pykara Hydroelectric Power Project,Nilgiris,The Nilgiris,Coimbatore,7.0,1.0,7.0,District carried from original workbook,,Existing,No online correction applied because a single district was already provided.
pykara_hydroelectric_power_project__unit_02,131.0,Hydro,Pykara Hydroelectric Power Project,Nilgiris,The Nilgiris,Coimbatore,7.0,1.0,7.0,District carried from original workbook,,Existing,No online correction applied because a single district was already provided.
pykara_hydroelectric_power_project__unit_03,132.0,Hydro,Pykara Hydroelectric Power Project,Nilgiris,The Nilgiris,Coimbatore,7.0,1.0,7.0,District carried from original workbook,,Existing,No online correction applied because a single district was already provided.
pykara_hydroelectric_power_project__unit_04,133.0,Hydro,Pykara Hydroelectric Power Project,Nilgiris,The Nilgiris,Coimbatore,13.6,1.0,13.6,District carried from original workbook,,Existing,No online correction applied because a single district was already provided.
pykara_hydroelectric_power_project__unit_05,134.0,Hydro,Pykara Hydroelectric Power Project,Nilgiris,The Nilgiris,Coimbatore,13.6,1.0,13.6,District carried from original workbook,,Existing,No online correction applied because a single district was already provided.
pykara_hydroelectric_power_project__unit_06,135.0,Hydro,Pykara Hydroelectric Power Project,Nilgiris,The Nilgiris,Coimbatore,11.0,1.0,11.0,District carried from original workbook,,Existing,No online correction applied because a single district was already provided.
pykara_ultimate_hydroelectric_power_project__unit_01,136.0,Hydro,Pykara Ultimate Hydroelectric Power Project,Nilgiris,The Nilgiris,Coimbatore,50.0,1.0,50.0,District carried from original workbook,,Existing,No online correction applied because a single district was already provided.
pykara_ultimate_hydroelectric_power_project__unit_02,137.0,Hydro,Pykara Ultimate Hydroelectric Power Project,Nilgiris,The Nilgiris,Coimbatore,50.0,1.0,50.0,District carried from original workbook,,Existing,No online correction applied because a single district was already provided.
pykara_ultimate_hydroelectric_power_project__unit_03,138.0,Hydro,Pykara Ultimate Hydroelectric Power Project,Nilgiris,The Nilgiris,Coimbatore,50.0,1.0,50.0,District carried from original workbook,,Existing,No online correction applied because a single district was already provided.
sarkarpathy_hydroelectric_power_project__unit_01,139.0,Hydro,Sarkarpathy Hydroelectric Power Project,Coimbatore,Coimbatore,Coimbatore,30.0,1.0,30.0,District carried from original workbook,,Existing,No online correction applied because a single district was already provided.
sholayar_i_power_house__unit_01,140.0,Hydro,Sholayar I Power House,Coimbatore,Coimbatore,Coimbatore,42.0,1.0,42.0,District carried from original workbook,,Existing,No online correction applied because a single district was already provided.
sholayar_i_power_house__unit_02,141.0,Hydro,Sholayar I Power House,Coimbatore,Coimbatore,Coimbatore,42.0,1.0,42.0,District carried from original workbook,,Existing,No online correction applied because a single district was already provided.
suruliyar_hydroelectric_power_project__unit_01,142.0,Hydro,Suruliyar Hydroelectric Power Project,Theni,Theni,Madurai,35.0,1.0,35.0,District carried from original workbook,,Existing,No online correction applied because a single district was already provided.
tamil_nadu_ariyalur__aggregate_01,151.0,Wind,Tamil Nadu-Ariyalur,Ariyalur,Ariyalur,Trichy,22.0,1.0,22.0,District carried from original workbook,,Existing,No online correction applied because a single district was already provided.
tamil_nadu_chennai__aggregate_01,152.0,Wind,Tamil Nadu-Chennai,Chennai,Chennai,Chennai North,3.125,1.0,3.125,District carried from original workbook,,Existing,No online correction applied because a single district was already provided.
tamil_nadu_coimbatore__aggregate_01,153.0,Wind,Tamil Nadu-Coimbatore,Coimbatore,Coimbatore,Coimbatore,2260.1875,1.0,2260.1875,District carried from original workbook,,Existing,No online correction applied because a single district was already provided.
tamil_nadu_dharmapuri__aggregate_01,154.0,Wind,Tamil Nadu-Dharmapuri,Dharmapuri,Dharmapuri,Vellore,196.0,1.0,196.0,District carried from original workbook,,Existing,No online correction applied because a single district was already provided.
tamil_nadu_dindigul__aggregate_01,155.0,Wind,Tamil Nadu-Dindigul,Dindigul,Dindigul,Madurai,635.2675,1.0,635.2675,District carried from original workbook,,Existing,No online correction applied because a single district was already provided.
tamil_nadu_erode__aggregate_01,156.0,Wind,Tamil Nadu-Erode,Erode,Erode,Erode,129.33,1.0,129.33,District carried from original workbook,,Existing,No online correction applied because a single district was already provided.
tamil_nadu_kancheepuram__aggregate_01,157.0,Wind,Tamil Nadu-Kancheepuram,Kancheepuram,Kancheepuram,Chennai South,7.65,1.0,7.65,District carried from original workbook,,Existing,No online correction applied because a single district was already provided.
tamil_nadu_kanniyakumari__aggregate_01,158.0,Wind,Tamil Nadu-Kanniyakumari,Kanniyakumari,Kanniyakumari,Tirunelveli,349.125,1.0,349.125,District carried from original workbook,,Existing,No online correction applied because a single district was already provided.
tamil_nadu_karur__aggregate_01,159.0,Wind,Tamil Nadu-Karur,Karur,Karur,Trichy,589.1025000000009,1.0,589.1025000000009,District carried from original workbook,,Existing,No online correction applied because a single district was already provided.
tamil_nadu_n_a__aggregate_01,160.0,Wind,Tamil Nadu-N.A.,Statewide / multiple districts,Tirunelveli,Tirunelveli,279.51,0.3021414960333319,84.4515695562766,"Residual-gap allocation from supplied OSM/Overpass wind-turbine geography: turbine locations were matched to 2020 32-district boundaries; the mapped distribution was scaled to ICED operational wind, retained known district MW was subtracted, and positive gaps were normalized to the unresolved row",https://www.openstreetmap.org/copyright | Tamil Nadu district statistical handbooks (see Wind District Evidence),Medium,"Only ICED row 160 is redistributed. OSM turbine mapping is incomplete and most turbines lack MW tags, so turbine geography is used for shares, not as an authoritative capacity total."
tamil_nadu_n_a__aggregate_01,160.0,Wind,Tamil Nadu-N.A.,Statewide / multiple districts,Tiruppur,Coimbatore,279.51,0.6978182882281507,195.0471897426504,"Residual-gap allocation from supplied OSM/Overpass wind-turbine geography: turbine locations were matched to 2020 32-district boundaries; the mapped distribution was scaled to ICED operational wind, retained known district MW was subtracted, and positive gaps were normalized to the unresolved row",https://www.openstreetmap.org/copyright | Tamil Nadu district statistical handbooks (see Wind District Evidence),Medium,"Only ICED row 160 is redistributed. OSM turbine mapping is incomplete and most turbines lack MW tags, so turbine geography is used for shares, not as an authoritative capacity total."
tamil_nadu_n_a__aggregate_01,160.0,Wind,Tamil Nadu-N.A.,Statewide / multiple districts,Viluppuram,Villupuram,279.51,4.021573851732635e-05,0.011240701072977886,"Residual-gap allocation from supplied OSM/Overpass wind-turbine geography: turbine locations were matched to 2020 32-district boundaries; the mapped distribution was scaled to ICED operational wind, retained known district MW was subtracted, and positive gaps were normalized to the unresolved row",https://www.openstreetmap.org/copyright | Tamil Nadu district statistical handbooks (see Wind District Evidence),Medium,"Only ICED row 160 is redistributed. OSM turbine mapping is incomplete and most turbines lack MW tags, so turbine geography is used for shares, not as an authoritative capacity total."
tamil_nadu_ramanathapuram__aggregate_01,161.0,Wind,Tamil Nadu-Ramanathapuram,Ramanathapuram,Ramanathapuram,Madurai,17.4,1.0,17.4,District carried from original workbook,,Existing,No online correction applied because a single district was already provided.
tamil_nadu_salem__aggregate_01,162.0,Wind,Tamil Nadu-Salem,Salem,Salem,Erode,3.4,1.0,3.4,District carried from original workbook,,Existing,No online correction applied because a single district was already provided.
tamil_nadu_thanjavur__aggregate_01,163.0,Wind,Tamil Nadu-Thanjavur,Thanjavur,Thanjavur,Trichy,8.8,1.0,8.8,District carried from original workbook,,Existing,No online correction applied because a single district was already provided.
tamil_nadu_theni__aggregate_01,164.0,Wind,Tamil Nadu-Theni,Theni,Theni,Madurai,574.6,1.0,574.6,District carried from original workbook,,Existing,No online correction applied because a single district was already provided.
tamil_nadu_thiruvallur__aggregate_01,165.0,Wind,Tamil Nadu-Thiruvallur,Thiruvallur,Tiruvallur,Chennai North,7.2,1.0,7.2,District carried from original workbook,,Existing,No online correction applied because a single district was already provided.
tamil_nadu_thoothukkudi__aggregate_01,166.0,Wind,Tamil Nadu-Thoothukkudi,Thoothukkudi,Thoothukudi,Tirunelveli,2174.3775,1.0,2174.3775,District carried from original workbook,,Existing,No online correction applied because a single district was already provided.
tamil_nadu_tiruchirappalli__aggregate_01,167.0,Wind,Tamil Nadu-Tiruchirappalli,Tiruchirappalli,Tiruchirappalli,Trichy,6.4,1.0,6.4,District carried from original workbook,,Existing,No online correction applied because a single district was already provided.
tamil_nadu_tirunelveli__aggregate_01,168.0,Wind,Tamil Nadu-Tirunelveli,Tirunelveli,Tirunelveli,Tirunelveli,3807.5405000000005,1.0,3807.5405000000005,District carried from original workbook,,Existing,No online correction applied because a single district was already provided.
tamil_nadu_tiruppur__aggregate_01,169.0,Wind,Tamil Nadu-Tiruppur,Tiruppur,Tiruppur,Coimbatore,786.8149999999999,1.0,786.8149999999999,District carried from original workbook,,Existing,No online correction applied because a single district was already provided.
tamil_nadu_tiruppur_karur__aggregate_01,170.0,Wind,Tamil Nadu-Tiruppur & Karur,Tiruppur & Karur,Karur,Trichy,300.0,0.5,150.0,Equal split across districts named in the original row,,Medium,The source row identifies two districts but does not give district-specific shares.
tamil_nadu_tiruppur_karur__aggregate_01,170.0,Wind,Tamil Nadu-Tiruppur & Karur,Tiruppur & Karur,Tiruppur,Coimbatore,300.0,0.5,150.0,Equal split across districts named in the original row,,Medium,The source row identifies two districts but does not give district-specific shares.
tamil_nadu_viluppuram__aggregate_01,171.0,Wind,Tamil Nadu-Viluppuram,Viluppuram,Viluppuram,Villupuram,1.7,1.0,1.7,District carried from original workbook,,Existing,No online correction applied because a single district was already provided.
tamil_nadu_chennai_16__aggregate_01,173.0,Solar,Tamil Nadu Chennai 16,Chennai,Chennai,Chennai North,16.0,1.0,16.0,District carried from original workbook,,Existing,No online correction applied because a single district was already provided.
tamil_nadu_coimbatore_11_26__aggregate_01,174.0,Solar,Tamil Nadu Coimbatore 11.26,Coimbatore,Coimbatore,Coimbatore,11.26,1.0,11.26,District carried from original workbook,,Existing,No online correction applied because a single district was already provided.
tamil_nadu_cuddalore_140__aggregate_01,175.0,Solar,Tamil Nadu Cuddalore 140,Cuddalore,Cuddalore,Villupuram,140.0,1.0,140.0,District carried from original workbook,,Existing,No online correction applied because a single district was already provided.
tamil_nadu_dindigul_109_46__aggregate_01,176.0,Solar,Tamil Nadu Dindigul 109.46,Dindigul,Dindigul,Madurai,109.46,1.0,109.46,District carried from original workbook,,Existing,No online correction applied because a single district was already provided.
tamil_nadu_erode_7__aggregate_01,177.0,Solar,Tamil Nadu Erode  7,Erode,Erode,Erode,7.0,1.0,7.0,District carried from original workbook,,Existing,No online correction applied because a single district was already provided.
tamil_nadu_kanniyakumari_1__aggregate_01,178.0,Solar,Tamil Nadu Kanniyakumari 1,Kanniyakumari,Kanniyakumari,Tirunelveli,1.0,1.0,1.0,District carried from original workbook,,Existing,No online correction applied because a single district was already provided.
tamil_nadu_karur_156_49__aggregate_01,179.0,Solar,Tamil Nadu Karur 156.49,Karur,Karur,Trichy,156.49,1.0,156.49,District carried from original workbook,,Existing,No online correction applied because a single district was already provided.
tamil_nadu_krishnagiri_0_75__aggregate_01,180.0,Solar,Tamil Nadu Krishnagiri 0.75,Krishnagiri,Krishnagiri,Vellore,0.75,1.0,0.75,District carried from original workbook,,Existing,No online correction applied because a single district was already provided.
tamil_nadu_madurai_1__aggregate_01,181.0,Solar,Tamil Nadu Madurai 1,Madurai,Madurai,Madurai,1.0,1.0,1.0,District carried from original workbook,,Existing,No online correction applied because a single district was already provided.
tamil_nadu_n_a_251__aggregate_01,182.0,Solar,Tamil Nadu N.A. 251,Statewide / multiple districts,Ariyalur,Trichy,251.0,0.0021921444132108024,0.5502282477159114,"Hybrid utility-scale target: supplied OSM/Overpass plant footprints and MW tags, calibrated at 49.71 MW/km² for untagged plants; official district-handbook capacities used as lower-bound anchors; residual normalized after retaining directly allocated ICED capacity",https://www.openstreetmap.org/copyright | Tamil Nadu district statistical handbooks (see Solar District Evidence),Medium,This is a modelled distribution of an ICED statewide residual. It preserves the source-row total and avoids treating resource potential as installed capacity.
tamil_nadu_n_a_251__aggregate_01,182.0,Solar,Tamil Nadu N.A. 251,Statewide / multiple districts,Coimbatore,Coimbatore,251.0,0.006703240490444089,1.6825133631014664,"Hybrid utility-scale target: supplied OSM/Overpass plant footprints and MW tags, calibrated at 49.71 MW/km² for untagged plants; official district-handbook capacities used as lower-bound anchors; residual normalized after retaining directly allocated ICED capacity",https://www.openstreetmap.org/copyright | Tamil Nadu district statistical handbooks (see Solar District Evidence),Medium,This is a modelled distribution of an ICED statewide residual. It preserves the source-row total and avoids treating resource potential as installed capacity.
tamil_nadu_n_a_251__aggregate_01,182.0,Solar,Tamil Nadu N.A. 251,Statewide / multiple districts,Cuddalore,Villupuram,251.0,0.02051816843040346,5.150060276031268,"Hybrid utility-scale target: supplied OSM/Overpass plant footprints and MW tags, calibrated at 49.71 MW/km² for untagged plants; official district-handbook capacities used as lower-bound anchors; residual normalized after retaining directly allocated ICED capacity",https://www.openstreetmap.org/copyright | Tamil Nadu district statistical handbooks (see Solar District Evidence),Medium,This is a modelled distribution of an ICED statewide residual. It preserves the source-row total and avoids treating resource potential as installed capacity.
tamil_nadu_n_a_251__aggregate_01,182.0,Solar,Tamil Nadu N.A. 251,Statewide / multiple districts,Dharmapuri,Vellore,251.0,0.0011862281457108077,0.2977432645734127,"Hybrid utility-scale target: supplied OSM/Overpass plant footprints and MW tags, calibrated at 49.71 MW/km² for untagged plants; official district-handbook capacities used as lower-bound anchors; residual normalized after retaining directly allocated ICED capacity",https://www.openstreetmap.org/copyright | Tamil Nadu district statistical handbooks (see Solar District Evidence),Medium,This is a modelled distribution of an ICED statewide residual. It preserves the source-row total and avoids treating resource potential as installed capacity.
tamil_nadu_n_a_251__aggregate_01,182.0,Solar,Tamil Nadu N.A. 251,Statewide / multiple districts,Dindigul,Madurai,251.0,0.0931109050578741,23.3708371695264,"Hybrid utility-scale target: supplied OSM/Overpass plant footprints and MW tags, calibrated at 49.71 MW/km² for untagged plants; official district-handbook capacities used as lower-bound anchors; residual normalized after retaining directly allocated ICED capacity",https://www.openstreetmap.org/copyright | Tamil Nadu district statistical handbooks (see Solar District Evidence),Medium,This is a modelled distribution of an ICED statewide residual. It preserves the source-row total and avoids treating resource potential as installed capacity.
tamil_nadu_n_a_251__aggregate_01,182.0,Solar,Tamil Nadu N.A. 251,Statewide / multiple districts,Erode,Erode,251.0,0.005670807625050253,1.4233727138876135,"Hybrid utility-scale target: supplied OSM/Overpass plant footprints and MW tags, calibrated at 49.71 MW/km² for untagged plants; official district-handbook capacities used as lower-bound anchors; residual normalized after retaining directly allocated ICED capacity",https://www.openstreetmap.org/copyright | Tamil Nadu district statistical handbooks (see Solar District Evidence),Medium,This is a modelled distribution of an ICED statewide residual. It preserves the source-row total and avoids treating resource potential as installed capacity.
tamil_nadu_n_a_251__aggregate_01,182.0,Solar,Tamil Nadu N.A. 251,Statewide / multiple districts,Kancheepuram,Chennai South,251.0,0.0033548101820484156,0.8420573556941523,"Hybrid utility-scale target: supplied OSM/Overpass plant footprints and MW tags, calibrated at 49.71 MW/km² for untagged plants; official district-handbook capacities used as lower-bound anchors; residual normalized after retaining directly allocated ICED capacity",https://www.openstreetmap.org/copyright | Tamil Nadu district statistical handbooks (see Solar District Evidence),Medium,This is a modelled distribution of an ICED statewide residual. It preserves the source-row total and avoids treating resource potential as installed capacity.
tamil_nadu_n_a_251__aggregate_01,182.0,Solar,Tamil Nadu N.A. 251,Statewide / multiple districts,Kanniyakumari,Tirunelveli,251.0,0.00011283154260384993,0.028320717193566332,"Hybrid utility-scale target: supplied OSM/Overpass plant footprints and MW tags, calibrated at 49.71 MW/km² for untagged plants; official district-handbook capacities used as lower-bound anchors; residual normalized after retaining directly allocated ICED capacity",https://www.openstreetmap.org/copyright | Tamil Nadu district statistical handbooks (see Solar District Evidence),Medium,This is a modelled distribution of an ICED statewide residual. It preserves the source-row total and avoids treating resource potential as installed capacity.
tamil_nadu_n_a_251__aggregate_01,182.0,Solar,Tamil Nadu N.A. 251,Statewide / multiple districts,Karur,Trichy,251.0,0.0520230269035102,13.057779752781059,"Hybrid utility-scale target: supplied OSM/Overpass plant footprints and MW tags, calibrated at 49.71 MW/km² for untagged plants; official district-handbook capacities used as lower-bound anchors; residual normalized after retaining directly allocated ICED capacity",https://www.openstreetmap.org/copyright | Tamil Nadu district statistical handbooks (see Solar District Evidence),Medium,This is a modelled distribution of an ICED statewide residual. It preserves the source-row total and avoids treating resource potential as installed capacity.
tamil_nadu_n_a_251__aggregate_01,182.0,Solar,Tamil Nadu N.A. 251,Statewide / multiple districts,Krishnagiri,Vellore,251.0,0.0008285933978097476,0.20797694285024665,"Hybrid utility-scale target: supplied OSM/Overpass plant footprints and MW tags, calibrated at 49.71 MW/km² for untagged plants; official district-handbook capacities used as lower-bound anchors; residual normalized after retaining directly allocated ICED capacity",https://www.openstreetmap.org/copyright | Tamil Nadu district statistical handbooks (see Solar District Evidence),Medium,This is a modelled distribution of an ICED statewide residual. It preserves the source-row total and avoids treating resource potential as installed capacity.
tamil_nadu_n_a_251__aggregate_01,182.0,Solar,Tamil Nadu N.A. 251,Statewide / multiple districts,Madurai,Madurai,251.0,0.008100094053174575,2.0331236073468184,"Hybrid utility-scale target: supplied OSM/Overpass plant footprints and MW tags, calibrated at 49.71 MW/km² for untagged plants; official district-handbook capacities used as lower-bound anchors; residual normalized after retaining directly allocated ICED capacity",https://www.openstreetmap.org/copyright | Tamil Nadu district statistical handbooks (see Solar District Evidence),Medium,This is a modelled distribution of an ICED statewide residual. It preserves the source-row total and avoids treating resource potential as installed capacity.
tamil_nadu_n_a_251__aggregate_01,182.0,Solar,Tamil Nadu N.A. 251,Statewide / multiple districts,Nagapattinam,Trichy,251.0,0.00041950283271898755,0.10529521101246588,"Hybrid utility-scale target: supplied OSM/Overpass plant footprints and MW tags, calibrated at 49.71 MW/km² for untagged plants; official district-handbook capacities used as lower-bound anchors; residual normalized after retaining directly allocated ICED capacity",https://www.openstreetmap.org/copyright | Tamil Nadu district statistical handbooks (see Solar District Evidence),Medium,This is a modelled distribution of an ICED statewide residual. It preserves the source-row total and avoids treating resource potential as installed capacity.
tamil_nadu_n_a_251__aggregate_01,182.0,Solar,Tamil Nadu N.A. 251,Statewide / multiple districts,Namakkal,Erode,251.0,0.008804788710388303,2.210001966307464,"Hybrid utility-scale target: supplied OSM/Overpass plant footprints and MW tags, calibrated at 49.71 MW/km² for untagged plants; official district-handbook capacities used as lower-bound anchors; residual normalized after retaining directly allocated ICED capacity",https://www.openstreetmap.org/copyright | Tamil Nadu district statistical handbooks (see Solar District Evidence),Medium,This is a modelled distribution of an ICED statewide residual. It preserves the source-row total and avoids treating resource potential as installed capacity.
tamil_nadu_n_a_251__aggregate_01,182.0,Solar,Tamil Nadu N.A. 251,Statewide / multiple districts,Perambalur,Trichy,251.0,0.004284603523323737,1.0754354843542582,"Hybrid utility-scale target: supplied OSM/Overpass plant footprints and MW tags, calibrated at 49.71 MW/km² for untagged plants; official district-handbook capacities used as lower-bound anchors; residual normalized after retaining directly allocated ICED capacity",https://www.openstreetmap.org/copyright | Tamil Nadu district statistical handbooks (see Solar District Evidence),Medium,This is a modelled distribution of an ICED statewide residual. It preserves the source-row total and avoids treating resource potential as installed capacity.
tamil_nadu_n_a_251__aggregate_01,182.0,Solar,Tamil Nadu N.A. 251,Statewide / multiple districts,Pudukkottai,Trichy,251.0,0.0011620895018447366,0.2916844649630289,"Hybrid utility-scale target: supplied OSM/Overpass plant footprints and MW tags, calibrated at 49.71 MW/km² for untagged plants; official district-handbook capacities used as lower-bound anchors; residual normalized after retaining directly allocated ICED capacity",https://www.openstreetmap.org/copyright | Tamil Nadu district statistical handbooks (see Solar District Evidence),Medium,This is a modelled distribution of an ICED statewide residual. It preserves the source-row total and avoids treating resource potential as installed capacity.
tamil_nadu_n_a_251__aggregate_01,182.0,Solar,Tamil Nadu N.A. 251,Statewide / multiple districts,Ramanathapuram,Madurai,251.0,0.1518667447942091,38.11855294334649,"Hybrid utility-scale target: supplied OSM/Overpass plant footprints and MW tags, calibrated at 49.71 MW/km² for untagged plants; official district-handbook capacities used as lower-bound anchors; residual normalized after retaining directly allocated ICED capacity",https://www.openstreetmap.org/copyright | Tamil Nadu district statistical handbooks (see Solar District Evidence),Medium,This is a modelled distribution of an ICED statewide residual. It preserves the source-row total and avoids treating resource potential as installed capacity.
tamil_nadu_n_a_251__aggregate_01,182.0,Solar,Tamil Nadu N.A. 251,Statewide / multiple districts,Sivagangai,Madurai,251.0,0.013902948417746653,3.48964005285441,"Hybrid utility-scale target: supplied OSM/Overpass plant footprints and MW tags, calibrated at 49.71 MW/km² for untagged plants; official district-handbook capacities used as lower-bound anchors; residual normalized after retaining directly allocated ICED capacity",https://www.openstreetmap.org/copyright | Tamil Nadu district statistical handbooks (see Solar District Evidence),Medium,This is a modelled distribution of an ICED statewide residual. It preserves the source-row total and avoids treating resource potential as installed capacity.
tamil_nadu_n_a_251__aggregate_01,182.0,Solar,Tamil Nadu N.A. 251,Statewide / multiple districts,Theni,Madurai,251.0,0.03138483406844123,7.877593351178749,"Hybrid utility-scale target: supplied OSM/Overpass plant footprints and MW tags, calibrated at 49.71 MW/km² for untagged plants; official district-handbook capacities used as lower-bound anchors; residual normalized after retaining directly allocated ICED capacity",https://www.openstreetmap.org/copyright | Tamil Nadu district statistical handbooks (see Solar District Evidence),Medium,This is a modelled distribution of an ICED statewide residual. It preserves the source-row total and avoids treating resource potential as installed capacity.
tamil_nadu_n_a_251__aggregate_01,182.0,Solar,Tamil Nadu N.A. 251,Statewide / multiple districts,Thoothukudi,Tirunelveli,251.0,0.22739159848303048,57.07529121924065,"Hybrid utility-scale target: supplied OSM/Overpass plant footprints and MW tags, calibrated at 49.71 MW/km² for untagged plants; official district-handbook capacities used as lower-bound anchors; residual normalized after retaining directly allocated ICED capacity",https://www.openstreetmap.org/copyright | Tamil Nadu district statistical handbooks (see Solar District Evidence),Medium,This is a modelled distribution of an ICED statewide residual. It preserves the source-row total and avoids treating resource potential as installed capacity.
tamil_nadu_n_a_251__aggregate_01,182.0,Solar,Tamil Nadu N.A. 251,Statewide / multiple districts,Tiruchirappalli,Trichy,251.0,0.022525987646633203,5.654022899304934,"Hybrid utility-scale target: supplied OSM/Overpass plant footprints and MW tags, calibrated at 49.71 MW/km² for untagged plants; official district-handbook capacities used as lower-bound anchors; residual normalized after retaining directly allocated ICED capacity",https://www.openstreetmap.org/copyright | Tamil Nadu district statistical handbooks (see Solar District Evidence),Medium,This is a modelled distribution of an ICED statewide residual. It preserves the source-row total and avoids treating resource potential as installed capacity.
tamil_nadu_n_a_251__aggregate_01,182.0,Solar,Tamil Nadu N.A. 251,Statewide / multiple districts,Tirunelveli,Tirunelveli,251.0,0.16054598000544032,40.29704098136552,"Hybrid utility-scale target: supplied OSM/Overpass plant footprints and MW tags, calibrated at 49.71 MW/km² for untagged plants; official district-handbook capacities used as lower-bound anchors; residual normalized after retaining directly allocated ICED capacity",https://www.openstreetmap.org/copyright | Tamil Nadu district statistical handbooks (see Solar District Evidence),Medium,This is a modelled distribution of an ICED statewide residual. It preserves the source-row total and avoids treating resource potential as installed capacity.
tamil_nadu_n_a_251__aggregate_01,182.0,Solar,Tamil Nadu N.A. 251,Statewide / multiple districts,Tiruppur,Coimbatore,251.0,0.05489505691238721,13.77865928500919,"Hybrid utility-scale target: supplied OSM/Overpass plant footprints and MW tags, calibrated at 49.71 MW/km² for untagged plants; official district-handbook capacities used as lower-bound anchors; residual normalized after retaining directly allocated ICED capacity",https://www.openstreetmap.org/copyright | Tamil Nadu district statistical handbooks (see Solar District Evidence),Medium,This is a modelled distribution of an ICED statewide residual. It preserves the source-row total and avoids treating resource potential as installed capacity.
tamil_nadu_n_a_251__aggregate_01,182.0,Solar,Tamil Nadu N.A. 251,Statewide / multiple districts,Tiruvallur,Chennai North,251.0,0.0063707422869367,1.5990563140211116,"Hybrid utility-scale target: supplied OSM/Overpass plant footprints and MW tags, calibrated at 49.71 MW/km² for untagged plants; official district-handbook capacities used as lower-bound anchors; residual normalized after retaining directly allocated ICED capacity",https://www.openstreetmap.org/copyright | Tamil Nadu district statistical handbooks (see Solar District Evidence),Medium,This is a modelled distribution of an ICED statewide residual. It preserves the source-row total and avoids treating resource potential as installed capacity.
tamil_nadu_n_a_251__aggregate_01,182.0,Solar,Tamil Nadu N.A. 251,Statewide / multiple districts,Tiruvannamalai,Villupuram,251.0,0.008619979800100593,2.1636149298252487,"Hybrid utility-scale target: supplied OSM/Overpass plant footprints and MW tags, calibrated at 49.71 MW/km² for untagged plants; official district-handbook capacities used as lower-bound anchors; residual normalized after retaining directly allocated ICED capacity",https://www.openstreetmap.org/copyright | Tamil Nadu district statistical handbooks (see Solar District Evidence),Medium,This is a modelled distribution of an ICED statewide residual. It preserves the source-row total and avoids treating resource potential as installed capacity.
tamil_nadu_n_a_251__aggregate_01,182.0,Solar,Tamil Nadu N.A. 251,Statewide / multiple districts,Vellore,Vellore,251.0,0.006236202963066413,1.5652869437296697,"Hybrid utility-scale target: supplied OSM/Overpass plant footprints and MW tags, calibrated at 49.71 MW/km² for untagged plants; official district-handbook capacities used as lower-bound anchors; residual normalized after retaining directly allocated ICED capacity",https://www.openstreetmap.org/copyright | Tamil Nadu district statistical handbooks (see Solar District Evidence),Medium,This is a modelled distribution of an ICED statewide residual. It preserves the source-row total and avoids treating resource potential as installed capacity.
tamil_nadu_n_a_251__aggregate_01,182.0,Solar,Tamil Nadu N.A. 251,Statewide / multiple districts,Virudhunagar,Tirunelveli,251.0,0.107788089811892,27.054810542784892,"Hybrid utility-scale target: supplied OSM/Overpass plant footprints and MW tags, calibrated at 49.71 MW/km² for untagged plants; official district-handbook capacities used as lower-bound anchors; residual normalized after retaining directly allocated ICED capacity",https://www.openstreetmap.org/copyright | Tamil Nadu district statistical handbooks (see Solar District Evidence),Medium,This is a modelled distribution of an ICED statewide residual. It preserves the source-row total and avoids treating resource potential as installed capacity.
tamil_nadu_n_a_off_grid_75_91__aggregate_01,183.0,Solar,Tamil Nadu N.A. Off -grid 75.91,Statewide / multiple districts,Ariyalur,Trichy,75.91,0.002455128357924344,0.18636879365003692,PM Surya Ghar district installation share used as a dispersed-small-system proxy because no complete district-level off-grid inventory was located,https://sansad.in/getFile/lsapps/loksabhaquestions/annex/188/AS59_dKLc7G.pdf?source=lsapps,Low,Off-grid capacity is only 75.91 MW. This allocation is explicitly a proxy and should be replaced if a district PM-KUSUM/off-grid inventory becomes available.
tamil_nadu_n_a_off_grid_75_91__aggregate_01,183.0,Solar,Tamil Nadu N.A. Off -grid 75.91,Statewide / multiple districts,Chennai,Chennai North,75.91,0.11214930994207804,8.513254117703143,PM Surya Ghar district installation share used as a dispersed-small-system proxy because no complete district-level off-grid inventory was located,https://sansad.in/getFile/lsapps/loksabhaquestions/annex/188/AS59_dKLc7G.pdf?source=lsapps,Low,Off-grid capacity is only 75.91 MW. This allocation is explicitly a proxy and should be replaced if a district PM-KUSUM/off-grid inventory becomes available.
tamil_nadu_n_a_off_grid_75_91__aggregate_01,183.0,Solar,Tamil Nadu N.A. Off -grid 75.91,Statewide / multiple districts,Coimbatore,Coimbatore,75.91,0.12782160989678926,9.702938407265272,PM Surya Ghar district installation share used as a dispersed-small-system proxy because no complete district-level off-grid inventory was located,https://sansad.in/getFile/lsapps/loksabhaquestions/annex/188/AS59_dKLc7G.pdf?source=lsapps,Low,Off-grid capacity is only 75.91 MW. This allocation is explicitly a proxy and should be replaced if a district PM-KUSUM/off-grid inventory becomes available.
tamil_nadu_n_a_off_grid_75_91__aggregate_01,183.0,Solar,Tamil Nadu N.A. Off -grid 75.91,Statewide / multiple districts,Cuddalore,Villupuram,75.91,0.02234643529664148,1.6963179033680547,PM Surya Ghar district installation share used as a dispersed-small-system proxy because no complete district-level off-grid inventory was located,https://sansad.in/getFile/lsapps/loksabhaquestions/annex/188/AS59_dKLc7G.pdf?source=lsapps,Low,Off-grid capacity is only 75.91 MW. This allocation is explicitly a proxy and should be replaced if a district PM-KUSUM/off-grid inventory becomes available.
tamil_nadu_n_a_off_grid_75_91__aggregate_01,183.0,Solar,Tamil Nadu N.A. Off -grid 75.91,Statewide / multiple districts,Dharmapuri,Vellore,75.91,0.007854027125592926,0.596199199103759,PM Surya Ghar district installation share used as a dispersed-small-system proxy because no complete district-level off-grid inventory was located,https://sansad.in/getFile/lsapps/loksabhaquestions/annex/188/AS59_dKLc7G.pdf?source=lsapps,Low,Off-grid capacity is only 75.91 MW. This allocation is explicitly a proxy and should be replaced if a district PM-KUSUM/off-grid inventory becomes available.
tamil_nadu_n_a_off_grid_75_91__aggregate_01,183.0,Solar,Tamil Nadu N.A. Off -grid 75.91,Statewide / multiple districts,Dindigul,Madurai,75.91,0.014563916763997807,1.1055469215550735,PM Surya Ghar district installation share used as a dispersed-small-system proxy because no complete district-level off-grid inventory was located,https://sansad.in/getFile/lsapps/loksabhaquestions/annex/188/AS59_dKLc7G.pdf?source=lsapps,Low,Off-grid capacity is only 75.91 MW. This allocation is explicitly a proxy and should be replaced if a district PM-KUSUM/off-grid inventory becomes available.
tamil_nadu_n_a_off_grid_75_91__aggregate_01,183.0,Solar,Tamil Nadu N.A. Off -grid 75.91,Statewide / multiple districts,Erode,Erode,75.91,0.04783924868305008,3.631477367530332,PM Surya Ghar district installation share used as a dispersed-small-system proxy because no complete district-level off-grid inventory was located,https://sansad.in/getFile/lsapps/loksabhaquestions/annex/188/AS59_dKLc7G.pdf?source=lsapps,Low,Off-grid capacity is only 75.91 MW. This allocation is explicitly a proxy and should be replaced if a district PM-KUSUM/off-grid inventory becomes available.
tamil_nadu_n_a_off_grid_75_91__aggregate_01,183.0,Solar,Tamil Nadu N.A. Off -grid 75.91,Statewide / multiple districts,Kancheepuram,Chennai South,75.91,0.11160107739613377,8.471637785140514,PM Surya Ghar district installation share used as a dispersed-small-system proxy because no complete district-level off-grid inventory was located,https://sansad.in/getFile/lsapps/loksabhaquestions/annex/188/AS59_dKLc7G.pdf?source=lsapps,Low,Off-grid capacity is only 75.91 MW. This allocation is explicitly a proxy and should be replaced if a district PM-KUSUM/off-grid inventory becomes available.
tamil_nadu_n_a_off_grid_75_91__aggregate_01,183.0,Solar,Tamil Nadu N.A. Off -grid 75.91,Statewide / multiple districts,Kanniyakumari,Tirunelveli,75.91,0.022191500011918098,1.6845567659047027,PM Surya Ghar district installation share used as a dispersed-small-system proxy because no complete district-level off-grid inventory was located,https://sansad.in/getFile/lsapps/loksabhaquestions/annex/188/AS59_dKLc7G.pdf?source=lsapps,Low,Off-grid capacity is only 75.91 MW. This allocation is explicitly a proxy and should be replaced if a district PM-KUSUM/off-grid inventory becomes available.
tamil_nadu_n_a_off_grid_75_91__aggregate_01,183.0,Solar,Tamil Nadu N.A. Off -grid 75.91,Statewide / multiple districts,Karur,Trichy,75.91,0.02638667079827426,2.003012180296999,PM Surya Ghar district installation share used as a dispersed-small-system proxy because no complete district-level off-grid inventory was located,https://sansad.in/getFile/lsapps/loksabhaquestions/annex/188/AS59_dKLc7G.pdf?source=lsapps,Low,Off-grid capacity is only 75.91 MW. This allocation is explicitly a proxy and should be replaced if a district PM-KUSUM/off-grid inventory becomes available.
tamil_nadu_n_a_off_grid_75_91__aggregate_01,183.0,Solar,Tamil Nadu N.A. Off -grid 75.91,Statewide / multiple districts,Krishnagiri,Vellore,75.91,0.01085738802946154,0.8241843253164255,PM Surya Ghar district installation share used as a dispersed-small-system proxy because no complete district-level off-grid inventory was located,https://sansad.in/getFile/lsapps/loksabhaquestions/annex/188/AS59_dKLc7G.pdf?source=lsapps,Low,Off-grid capacity is only 75.91 MW. This allocation is explicitly a proxy and should be replaced if a district PM-KUSUM/off-grid inventory becomes available.
tamil_nadu_n_a_off_grid_75_91__aggregate_01,183.0,Solar,Tamil Nadu N.A. Off -grid 75.91,Statewide / multiple districts,Madurai,Madurai,75.91,0.04002097585393178,3.0379922770719614,PM Surya Ghar district installation share used as a dispersed-small-system proxy because no complete district-level off-grid inventory was located,https://sansad.in/getFile/lsapps/loksabhaquestions/annex/188/AS59_dKLc7G.pdf?source=lsapps,Low,Off-grid capacity is only 75.91 MW. This allocation is explicitly a proxy and should be replaced if a district PM-KUSUM/off-grid inventory becomes available.
tamil_nadu_n_a_off_grid_75_91__aggregate_01,183.0,Solar,Tamil Nadu N.A. Off -grid 75.91,Statewide / multiple districts,Nagapattinam,Trichy,75.91,0.009772841036397873,0.7418563630729625,PM Surya Ghar district installation share used as a dispersed-small-system proxy because no complete district-level off-grid inventory was located,https://sansad.in/getFile/lsapps/loksabhaquestions/annex/188/AS59_dKLc7G.pdf?source=lsapps,Low,Off-grid capacity is only 75.91 MW. This allocation is explicitly a proxy and should be replaced if a district PM-KUSUM/off-grid inventory becomes available.
tamil_nadu_n_a_off_grid_75_91__aggregate_01,183.0,Solar,Tamil Nadu N.A. Off -grid 75.91,Statewide / multiple districts,Namakkal,Erode,75.91,0.045598646103973496,3.461393225752628,PM Surya Ghar district installation share used as a dispersed-small-system proxy because no complete district-level off-grid inventory was located,https://sansad.in/getFile/lsapps/loksabhaquestions/annex/188/AS59_dKLc7G.pdf?source=lsapps,Low,Off-grid capacity is only 75.91 MW. This allocation is explicitly a proxy and should be replaced if a district PM-KUSUM/off-grid inventory becomes available.
tamil_nadu_n_a_off_grid_75_91__aggregate_01,183.0,Solar,Tamil Nadu N.A. Off -grid 75.91,Statewide / multiple districts,The Nilgiris,Coimbatore,75.91,0.0014540080566348057,0.1103737515791481,PM Surya Ghar district installation share used as a dispersed-small-system proxy because no complete district-level off-grid inventory was located,https://sansad.in/getFile/lsapps/loksabhaquestions/annex/188/AS59_dKLc7G.pdf?source=lsapps,Low,Off-grid capacity is only 75.91 MW. This allocation is explicitly a proxy and should be replaced if a district PM-KUSUM/off-grid inventory becomes available.
tamil_nadu_n_a_off_grid_75_91__aggregate_01,183.0,Solar,Tamil Nadu N.A. Off -grid 75.91,Statewide / multiple districts,Perambalur,Trichy,75.91,0.003372821967439754,0.2560309155483517,PM Surya Ghar district installation share used as a dispersed-small-system proxy because no complete district-level off-grid inventory was located,https://sansad.in/getFile/lsapps/loksabhaquestions/annex/188/AS59_dKLc7G.pdf?source=lsapps,Low,Off-grid capacity is only 75.91 MW. This allocation is explicitly a proxy and should be replaced if a district PM-KUSUM/off-grid inventory becomes available.
tamil_nadu_n_a_off_grid_75_91__aggregate_01,183.0,Solar,Tamil Nadu N.A. Off -grid 75.91,Statewide / multiple districts,Pudukkottai,Trichy,75.91,0.007150859294925273,0.5428217290777775,PM Surya Ghar district installation share used as a dispersed-small-system proxy because no complete district-level off-grid inventory was located,https://sansad.in/getFile/lsapps/loksabhaquestions/annex/188/AS59_dKLc7G.pdf?source=lsapps,Low,Off-grid capacity is only 75.91 MW. This allocation is explicitly a proxy and should be replaced if a district PM-KUSUM/off-grid inventory becomes available.
tamil_nadu_n_a_off_grid_75_91__aggregate_01,183.0,Solar,Tamil Nadu N.A. Off -grid 75.91,Statewide / multiple districts,Ramanathapuram,Madurai,75.91,0.006519200057206874,0.49487247634257375,PM Surya Ghar district installation share used as a dispersed-small-system proxy because no complete district-level off-grid inventory was located,https://sansad.in/getFile/lsapps/loksabhaquestions/annex/188/AS59_dKLc7G.pdf?source=lsapps,Low,Off-grid capacity is only 75.91 MW. This allocation is explicitly a proxy and should be replaced if a district PM-KUSUM/off-grid inventory becomes available.
tamil_nadu_n_a_off_grid_75_91__aggregate_01,183.0,Solar,Tamil Nadu N.A. Off -grid 75.91,Statewide / multiple districts,Salem,Erode,75.91,0.047159917050032175,3.579909303267942,PM Surya Ghar district installation share used as a dispersed-small-system proxy because no complete district-level off-grid inventory was located,https://sansad.in/getFile/lsapps/loksabhaquestions/annex/188/AS59_dKLc7G.pdf?source=lsapps,Low,Off-grid capacity is only 75.91 MW. This allocation is explicitly a proxy and should be replaced if a district PM-KUSUM/off-grid inventory becomes available.
tamil_nadu_n_a_off_grid_75_91__aggregate_01,183.0,Solar,Tamil Nadu N.A. Off -grid 75.91,Statewide / multiple districts,Sivagangai,Madurai,75.91,0.00930803518222773,0.7065729506829069,PM Surya Ghar district installation share used as a dispersed-small-system proxy because no complete district-level off-grid inventory was located,https://sansad.in/getFile/lsapps/loksabhaquestions/annex/188/AS59_dKLc7G.pdf?source=lsapps,Low,Off-grid capacity is only 75.91 MW. This allocation is explicitly a proxy and should be replaced if a district PM-KUSUM/off-grid inventory becomes available.
tamil_nadu_n_a_off_grid_75_91__aggregate_01,183.0,Solar,Tamil Nadu N.A. Off -grid 75.91,Statewide / multiple districts,Thanjavur,Trichy,75.91,0.0313207637117727,2.3775591733606656,PM Surya Ghar district installation share used as a dispersed-small-system proxy because no complete district-level off-grid inventory was located,https://sansad.in/getFile/lsapps/loksabhaquestions/annex/188/AS59_dKLc7G.pdf?source=lsapps,Low,Off-grid capacity is only 75.91 MW. This allocation is explicitly a proxy and should be replaced if a district PM-KUSUM/off-grid inventory becomes available.
tamil_nadu_n_a_off_grid_75_91__aggregate_01,183.0,Solar,Tamil Nadu N.A. Off -grid 75.91,Statewide / multiple districts,Theni,Madurai,75.91,0.007234285986699402,0.5491546492503516,PM Surya Ghar district installation share used as a dispersed-small-system proxy because no complete district-level off-grid inventory was located,https://sansad.in/getFile/lsapps/loksabhaquestions/annex/188/AS59_dKLc7G.pdf?source=lsapps,Low,Off-grid capacity is only 75.91 MW. This allocation is explicitly a proxy and should be replaced if a district PM-KUSUM/off-grid inventory becomes available.
tamil_nadu_n_a_off_grid_75_91__aggregate_01,183.0,Solar,Tamil Nadu N.A. Off -grid 75.91,Statewide / multiple districts,Thiruvarur,Trichy,75.91,0.011262603389507306,0.8549442232974995,PM Surya Ghar district installation share used as a dispersed-small-system proxy because no complete district-level off-grid inventory was located,https://sansad.in/getFile/lsapps/loksabhaquestions/annex/188/AS59_dKLc7G.pdf?source=lsapps,Low,Off-grid capacity is only 75.91 MW. This allocation is explicitly a proxy and should be replaced if a district PM-KUSUM/off-grid inventory becomes available.
tamil_nadu_n_a_off_grid_75_91__aggregate_01,183.0,Solar,Tamil Nadu N.A. Off -grid 75.91,Statewide / multiple districts,Thoothukudi,Tirunelveli,75.91,0.021905465640121087,1.6628438967415917,PM Surya Ghar district installation share used as a dispersed-small-system proxy because no complete district-level off-grid inventory was located,https://sansad.in/getFile/lsapps/loksabhaquestions/annex/188/AS59_dKLc7G.pdf?source=lsapps,Low,Off-grid capacity is only 75.91 MW. This allocation is explicitly a proxy and should be replaced if a district PM-KUSUM/off-grid inventory becomes available.
tamil_nadu_n_a_off_grid_75_91__aggregate_01,183.0,Solar,Tamil Nadu N.A. Off -grid 75.91,Statewide / multiple districts,Tiruchirappalli,Trichy,75.91,0.046468667318189404,3.5274365361237576,PM Surya Ghar district installation share used as a dispersed-small-system proxy because no complete district-level off-grid inventory was located,https://sansad.in/getFile/lsapps/loksabhaquestions/annex/188/AS59_dKLc7G.pdf?source=lsapps,Low,Off-grid capacity is only 75.91 MW. This allocation is explicitly a proxy and should be replaced if a district PM-KUSUM/off-grid inventory becomes available.
tamil_nadu_n_a_off_grid_75_91__aggregate_01,183.0,Solar,Tamil Nadu N.A. Off -grid 75.91,Statewide / multiple districts,Tirunelveli,Tirunelveli,75.91,0.030724858770528926,2.3323240292708505,PM Surya Ghar district installation share used as a dispersed-small-system proxy because no complete district-level off-grid inventory was located,https://sansad.in/getFile/lsapps/loksabhaquestions/annex/188/AS59_dKLc7G.pdf?source=lsapps,Low,Off-grid capacity is only 75.91 MW. This allocation is explicitly a proxy and should be replaced if a district PM-KUSUM/off-grid inventory becomes available.
tamil_nadu_n_a_off_grid_75_91__aggregate_01,183.0,Solar,Tamil Nadu N.A. Off -grid 75.91,Statewide / multiple districts,Tiruppur,Coimbatore,75.91,0.045169594546277975,3.428823922007961,PM Surya Ghar district installation share used as a dispersed-small-system proxy because no complete district-level off-grid inventory was located,https://sansad.in/getFile/lsapps/loksabhaquestions/annex/188/AS59_dKLc7G.pdf?source=lsapps,Low,Off-grid capacity is only 75.91 MW. This allocation is explicitly a proxy and should be replaced if a district PM-KUSUM/off-grid inventory becomes available.
tamil_nadu_n_a_off_grid_75_91__aggregate_01,183.0,Solar,Tamil Nadu N.A. Off -grid 75.91,Statewide / multiple districts,Tiruvallur,Chennai North,75.91,0.042428431816556623,3.220742259194813,PM Surya Ghar district installation share used as a dispersed-small-system proxy because no complete district-level off-grid inventory was located,https://sansad.in/getFile/lsapps/loksabhaquestions/annex/188/AS59_dKLc7G.pdf?source=lsapps,Low,Off-grid capacity is only 75.91 MW. This allocation is explicitly a proxy and should be replaced if a district PM-KUSUM/off-grid inventory becomes available.
tamil_nadu_n_a_off_grid_75_91__aggregate_01,183.0,Solar,Tamil Nadu N.A. Off -grid 75.91,Statewide / multiple districts,Tiruvannamalai,Villupuram,75.91,0.012347150382570973,0.9372721855409625,PM Surya Ghar district installation share used as a dispersed-small-system proxy because no complete district-level off-grid inventory was located,https://sansad.in/getFile/lsapps/loksabhaquestions/annex/188/AS59_dKLc7G.pdf?source=lsapps,Low,Off-grid capacity is only 75.91 MW. This allocation is explicitly a proxy and should be replaced if a district PM-KUSUM/off-grid inventory becomes available.
tamil_nadu_n_a_off_grid_75_91__aggregate_01,183.0,Solar,Tamil Nadu N.A. Off -grid 75.91,Statewide / multiple districts,Vellore,Vellore,75.91,0.030808285462303055,2.3386569494434246,PM Surya Ghar district installation share used as a dispersed-small-system proxy because no complete district-level off-grid inventory was located,https://sansad.in/getFile/lsapps/loksabhaquestions/annex/188/AS59_dKLc7G.pdf?source=lsapps,Low,Off-grid capacity is only 75.91 MW. This allocation is explicitly a proxy and should be replaced if a district PM-KUSUM/off-grid inventory becomes available.
tamil_nadu_n_a_off_grid_75_91__aggregate_01,183.0,Solar,Tamil Nadu N.A. Off -grid 75.91,Statewide / multiple districts,Viluppuram,Villupuram,75.91,0.018532643672681332,1.40681298119324,PM Surya Ghar district installation share used as a dispersed-small-system proxy because no complete district-level off-grid inventory was located,https://sansad.in/getFile/lsapps/loksabhaquestions/annex/188/AS59_dKLc7G.pdf?source=lsapps,Low,Off-grid capacity is only 75.91 MW. This allocation is explicitly a proxy and should be replaced if a district PM-KUSUM/off-grid inventory becomes available.
tamil_nadu_n_a_off_grid_75_91__aggregate_01,183.0,Solar,Tamil Nadu N.A. Off -grid 75.91,Statewide / multiple districts,Virudhunagar,Tirunelveli,75.91,0.025373632398159846,1.9261124353443138,PM Surya Ghar district installation share used as a dispersed-small-system proxy because no complete district-level off-grid inventory was located,https://sansad.in/getFile/lsapps/loksabhaquestions/annex/188/AS59_dKLc7G.pdf?source=lsapps,Low,Off-grid capacity is only 75.91 MW. This allocation is explicitly a proxy and should be replaced if a district PM-KUSUM/off-grid inventory becomes available.
tamil_nadu_n_a_others_districts_not_specified_8930_85__aggregate_01,184.0,Solar,Tamil Nadu N.A. Others (Districts not specified) 8930.85,Statewide / multiple districts,Ariyalur,Trichy,8930.85,0.0021921444132108024,19.577712932723696,"Hybrid utility-scale target: supplied OSM/Overpass plant footprints and MW tags, calibrated at 49.71 MW/km² for untagged plants; official district-handbook capacities used as lower-bound anchors; residual normalized after retaining directly allocated ICED capacity",https://www.openstreetmap.org/copyright | Tamil Nadu district statistical handbooks (see Solar District Evidence),Medium,This is a modelled distribution of an ICED statewide residual. It preserves the source-row total and avoids treating resource potential as installed capacity.
tamil_nadu_n_a_others_districts_not_specified_8930_85__aggregate_01,184.0,Solar,Tamil Nadu N.A. Others (Districts not specified) 8930.85,Statewide / multiple districts,Coimbatore,Coimbatore,8930.85,0.006703240490444089,59.8656353340826,"Hybrid utility-scale target: supplied OSM/Overpass plant footprints and MW tags, calibrated at 49.71 MW/km² for untagged plants; official district-handbook capacities used as lower-bound anchors; residual normalized after retaining directly allocated ICED capacity",https://www.openstreetmap.org/copyright | Tamil Nadu district statistical handbooks (see Solar District Evidence),Medium,This is a modelled distribution of an ICED statewide residual. It preserves the source-row total and avoids treating resource potential as installed capacity.
tamil_nadu_n_a_others_districts_not_specified_8930_85__aggregate_01,184.0,Solar,Tamil Nadu N.A. Others (Districts not specified) 8930.85,Statewide / multiple districts,Cuddalore,Villupuram,8930.85,0.02051816843040346,183.24468452666875,"Hybrid utility-scale target: supplied OSM/Overpass plant footprints and MW tags, calibrated at 49.71 MW/km² for untagged plants; official district-handbook capacities used as lower-bound anchors; residual normalized after retaining directly allocated ICED capacity",https://www.openstreetmap.org/copyright | Tamil Nadu district statistical handbooks (see Solar District Evidence),Medium,This is a modelled distribution of an ICED statewide residual. It preserves the source-row total and avoids treating resource potential as installed capacity.
tamil_nadu_n_a_others_districts_not_specified_8930_85__aggregate_01,184.0,Solar,Tamil Nadu N.A. Others (Districts not specified) 8930.85,Statewide / multiple districts,Dharmapuri,Vellore,8930.85,0.0011862281457108077,10.594025635121367,"Hybrid utility-scale target: supplied OSM/Overpass plant footprints and MW tags, calibrated at 49.71 MW/km² for untagged plants; official district-handbook capacities used as lower-bound anchors; residual normalized after retaining directly allocated ICED capacity",https://www.openstreetmap.org/copyright | Tamil Nadu district statistical handbooks (see Solar District Evidence),Medium,This is a modelled distribution of an ICED statewide residual. It preserves the source-row total and avoids treating resource potential as installed capacity.
tamil_nadu_n_a_others_districts_not_specified_8930_85__aggregate_01,184.0,Solar,Tamil Nadu N.A. Others (Districts not specified) 8930.85,Statewide / multiple districts,Dindigul,Madurai,8930.85,0.0931109050578741,831.559526436115,"Hybrid utility-scale target: supplied OSM/Overpass plant footprints and MW tags, calibrated at 49.71 MW/km² for untagged plants; official district-handbook capacities used as lower-bound anchors; residual normalized after retaining directly allocated ICED capacity",https://www.openstreetmap.org/copyright | Tamil Nadu district statistical handbooks (see Solar District Evidence),Medium,This is a modelled distribution of an ICED statewide residual. It preserves the source-row total and avoids treating resource potential as installed capacity.
tamil_nadu_n_a_others_districts_not_specified_8930_85__aggregate_01,184.0,Solar,Tamil Nadu N.A. Others (Districts not specified) 8930.85,Statewide / multiple districts,Erode,Erode,8930.85,0.005670807625050253,50.64513227818005,"Hybrid utility-scale target: supplied OSM/Overpass plant footprints and MW tags, calibrated at 49.71 MW/km² for untagged plants; official district-handbook capacities used as lower-bound anchors; residual normalized after retaining directly allocated ICED capacity",https://www.openstreetmap.org/copyright | Tamil Nadu district statistical handbooks (see Solar District Evidence),Medium,This is a modelled distribution of an ICED statewide residual. It preserves the source-row total and avoids treating resource potential as installed capacity.
tamil_nadu_n_a_others_districts_not_specified_8930_85__aggregate_01,184.0,Solar,Tamil Nadu N.A. Others (Districts not specified) 8930.85,Statewide / multiple districts,Kancheepuram,Chennai South,8930.85,0.0033548101820484156,29.961306514347093,"Hybrid utility-scale target: supplied OSM/Overpass plant footprints and MW tags, calibrated at 49.71 MW/km² for untagged plants; official district-handbook capacities used as lower-bound anchors; residual normalized after retaining directly allocated ICED capacity",https://www.openstreetmap.org/copyright | Tamil Nadu district statistical handbooks (see Solar District Evidence),Medium,This is a modelled distribution of an ICED statewide residual. It preserves the source-row total and avoids treating resource potential as installed capacity.
tamil_nadu_n_a_others_districts_not_specified_8930_85__aggregate_01,184.0,Solar,Tamil Nadu N.A. Others (Districts not specified) 8930.85,Statewide / multiple districts,Kanniyakumari,Tirunelveli,8930.85,0.00011283154260384993,1.0076815822635932,"Hybrid utility-scale target: supplied OSM/Overpass plant footprints and MW tags, calibrated at 49.71 MW/km² for untagged plants; official district-handbook capacities used as lower-bound anchors; residual normalized after retaining directly allocated ICED capacity",https://www.openstreetmap.org/copyright | Tamil Nadu district statistical handbooks (see Solar District Evidence),Medium,This is a modelled distribution of an ICED statewide residual. It preserves the source-row total and avoids treating resource potential as installed capacity.
tamil_nadu_n_a_others_districts_not_specified_8930_85__aggregate_01,184.0,Solar,Tamil Nadu N.A. Others (Districts not specified) 8930.85,Statewide / multiple districts,Karur,Trichy,8930.85,0.0520230269035102,464.6098498212141,"Hybrid utility-scale target: supplied OSM/Overpass plant footprints and MW tags, calibrated at 49.71 MW/km² for untagged plants; official district-handbook capacities used as lower-bound anchors; residual normalized after retaining directly allocated ICED capacity",https://www.openstreetmap.org/copyright | Tamil Nadu district statistical handbooks (see Solar District Evidence),Medium,This is a modelled distribution of an ICED statewide residual. It preserves the source-row total and avoids treating resource potential as installed capacity.
tamil_nadu_n_a_others_districts_not_specified_8930_85__aggregate_01,184.0,Solar,Tamil Nadu N.A. Others (Districts not specified) 8930.85,Statewide / multiple districts,Krishnagiri,Vellore,8930.85,0.0008285933978097476,7.400043346829184,"Hybrid utility-scale target: supplied OSM/Overpass plant footprints and MW tags, calibrated at 49.71 MW/km² for untagged plants; official district-handbook capacities used as lower-bound anchors; residual normalized after retaining directly allocated ICED capacity",https://www.openstreetmap.org/copyright | Tamil Nadu district statistical handbooks (see Solar District Evidence),Medium,This is a modelled distribution of an ICED statewide residual. It preserves the source-row total and avoids treating resource potential as installed capacity.
tamil_nadu_n_a_others_districts_not_specified_8930_85__aggregate_01,184.0,Solar,Tamil Nadu N.A. Others (Districts not specified) 8930.85,Statewide / multiple districts,Madurai,Madurai,8930.85,0.008100094053174575,72.34072497479416,"Hybrid utility-scale target: supplied OSM/Overpass plant footprints and MW tags, calibrated at 49.71 MW/km² for untagged plants; official district-handbook capacities used as lower-bound anchors; residual normalized after retaining directly allocated ICED capacity",https://www.openstreetmap.org/copyright | Tamil Nadu district statistical handbooks (see Solar District Evidence),Medium,This is a modelled distribution of an ICED statewide residual. It preserves the source-row total and avoids treating resource potential as installed capacity.
tamil_nadu_n_a_others_districts_not_specified_8930_85__aggregate_01,184.0,Solar,Tamil Nadu N.A. Others (Districts not specified) 8930.85,Statewide / multiple districts,Nagapattinam,Trichy,8930.85,0.00041950283271898755,3.7465168735883703,"Hybrid utility-scale target: supplied OSM/Overpass plant footprints and MW tags, calibrated at 49.71 MW/km² for untagged plants; official district-handbook capacities used as lower-bound anchors; residual normalized after retaining directly allocated ICED capacity",https://www.openstreetmap.org/copyright | Tamil Nadu district statistical handbooks (see Solar District Evidence),Medium,This is a modelled distribution of an ICED statewide residual. It preserves the source-row total and avoids treating resource potential as installed capacity.
tamil_nadu_n_a_others_districts_not_specified_8930_85__aggregate_01,184.0,Solar,Tamil Nadu N.A. Others (Districts not specified) 8930.85,Statewide / multiple districts,Namakkal,Erode,8930.85,0.008804788710388303,78.63424725417138,"Hybrid utility-scale target: supplied OSM/Overpass plant footprints and MW tags, calibrated at 49.71 MW/km² for untagged plants; official district-handbook capacities used as lower-bound anchors; residual normalized after retaining directly allocated ICED capacity",https://www.openstreetmap.org/copyright | Tamil Nadu district statistical handbooks (see Solar District Evidence),Medium,This is a modelled distribution of an ICED statewide residual. It preserves the source-row total and avoids treating resource potential as installed capacity.
tamil_nadu_n_a_others_districts_not_specified_8930_85__aggregate_01,184.0,Solar,Tamil Nadu N.A. Others (Districts not specified) 8930.85,Statewide / multiple districts,Perambalur,Trichy,8930.85,0.004284603523323737,38.2651513762758,"Hybrid utility-scale target: supplied OSM/Overpass plant footprints and MW tags, calibrated at 49.71 MW/km² for untagged plants; official district-handbook capacities used as lower-bound anchors; residual normalized after retaining directly allocated ICED capacity",https://www.openstreetmap.org/copyright | Tamil Nadu district statistical handbooks (see Solar District Evidence),Medium,This is a modelled distribution of an ICED statewide residual. It preserves the source-row total and avoids treating resource potential as installed capacity.
tamil_nadu_n_a_others_districts_not_specified_8930_85__aggregate_01,184.0,Solar,Tamil Nadu N.A. Others (Districts not specified) 8930.85,Statewide / multiple districts,Pudukkottai,Trichy,8930.85,0.0011620895018447366,10.378447027550067,"Hybrid utility-scale target: supplied OSM/Overpass plant footprints and MW tags, calibrated at 49.71 MW/km² for untagged plants; official district-handbook capacities used as lower-bound anchors; residual normalized after retaining directly allocated ICED capacity",https://www.openstreetmap.org/copyright | Tamil Nadu district statistical handbooks (see Solar District Evidence),Medium,This is a modelled distribution of an ICED statewide residual. It preserves the source-row total and avoids treating resource potential as installed capacity.
tamil_nadu_n_a_others_districts_not_specified_8930_85__aggregate_01,184.0,Solar,Tamil Nadu N.A. Others (Districts not specified) 8930.85,Statewide / multiple districts,Ramanathapuram,Madurai,8930.85,0.1518667447942091,1356.2991177453625,"Hybrid utility-scale target: supplied OSM/Overpass plant footprints and MW tags, calibrated at 49.71 MW/km² for untagged plants; official district-handbook capacities used as lower-bound anchors; residual normalized after retaining directly allocated ICED capacity",https://www.openstreetmap.org/copyright | Tamil Nadu district statistical handbooks (see Solar District Evidence),Medium,This is a modelled distribution of an ICED statewide residual. It preserves the source-row total and avoids treating resource potential as installed capacity.
tamil_nadu_n_a_others_districts_not_specified_8930_85__aggregate_01,184.0,Solar,Tamil Nadu N.A. Others (Districts not specified) 8930.85,Statewide / multiple districts,Sivagangai,Madurai,8930.85,0.013902948417746653,124.1651468766327,"Hybrid utility-scale target: supplied OSM/Overpass plant footprints and MW tags, calibrated at 49.71 MW/km² for untagged plants; official district-handbook capacities used as lower-bound anchors; residual normalized after retaining directly allocated ICED capacity",https://www.openstreetmap.org/copyright | Tamil Nadu district statistical handbooks (see Solar District Evidence),Medium,This is a modelled distribution of an ICED statewide residual. It preserves the source-row total and avoids treating resource potential as installed capacity.
tamil_nadu_n_a_others_districts_not_specified_8930_85__aggregate_01,184.0,Solar,Tamil Nadu N.A. Others (Districts not specified) 8930.85,Statewide / multiple districts,Theni,Madurai,8930.85,0.03138483406844123,280.2932453401384,"Hybrid utility-scale target: supplied OSM/Overpass plant footprints and MW tags, calibrated at 49.71 MW/km² for untagged plants; official district-handbook capacities used as lower-bound anchors; residual normalized after retaining directly allocated ICED capacity",https://www.openstreetmap.org/copyright | Tamil Nadu district statistical handbooks (see Solar District Evidence),Medium,This is a modelled distribution of an ICED statewide residual. It preserves the source-row total and avoids treating resource potential as installed capacity.
tamil_nadu_n_a_others_districts_not_specified_8930_85__aggregate_01,184.0,Solar,Tamil Nadu N.A. Others (Districts not specified) 8930.85,Statewide / multiple districts,Thoothukudi,Tirunelveli,8930.85,0.22739159848303048,2030.8002573121728,"Hybrid utility-scale target: supplied OSM/Overpass plant footprints and MW tags, calibrated at 49.71 MW/km² for untagged plants; official district-handbook capacities used as lower-bound anchors; residual normalized after retaining directly allocated ICED capacity",https://www.openstreetmap.org/copyright | Tamil Nadu district statistical handbooks (see Solar District Evidence),Medium,This is a modelled distribution of an ICED statewide residual. It preserves the source-row total and avoids treating resource potential as installed capacity.
tamil_nadu_n_a_others_districts_not_specified_8930_85__aggregate_01,184.0,Solar,Tamil Nadu N.A. Others (Districts not specified) 8930.85,Statewide / multiple districts,Tiruchirappalli,Trichy,8930.85,0.022525987646633203,201.17621677393416,"Hybrid utility-scale target: supplied OSM/Overpass plant footprints and MW tags, calibrated at 49.71 MW/km² for untagged plants; official district-handbook capacities used as lower-bound anchors; residual normalized after retaining directly allocated ICED capacity",https://www.openstreetmap.org/copyright | Tamil Nadu district statistical handbooks (see Solar District Evidence),Medium,This is a modelled distribution of an ICED statewide residual. It preserves the source-row total and avoids treating resource potential as installed capacity.
tamil_nadu_n_a_others_districts_not_specified_8930_85__aggregate_01,184.0,Solar,Tamil Nadu N.A. Others (Districts not specified) 8930.85,Statewide / multiple districts,Tirunelveli,Tirunelveli,8930.85,0.16054598000544032,1433.8120655315868,"Hybrid utility-scale target: supplied OSM/Overpass plant footprints and MW tags, calibrated at 49.71 MW/km² for untagged plants; official district-handbook capacities used as lower-bound anchors; residual normalized after retaining directly allocated ICED capacity",https://www.openstreetmap.org/copyright | Tamil Nadu district statistical handbooks (see Solar District Evidence),Medium,This is a modelled distribution of an ICED statewide residual. It preserves the source-row total and avoids treating resource potential as installed capacity.
tamil_nadu_n_a_others_districts_not_specified_8930_85__aggregate_01,184.0,Solar,Tamil Nadu N.A. Others (Districts not specified) 8930.85,Statewide / multiple districts,Tiruppur,Coimbatore,8930.85,0.05489505691238721,490.25951902599337,"Hybrid utility-scale target: supplied OSM/Overpass plant footprints and MW tags, calibrated at 49.71 MW/km² for untagged plants; official district-handbook capacities used as lower-bound anchors; residual normalized after retaining directly allocated ICED capacity",https://www.openstreetmap.org/copyright | Tamil Nadu district statistical handbooks (see Solar District Evidence),Medium,This is a modelled distribution of an ICED statewide residual. It preserves the source-row total and avoids treating resource potential as installed capacity.
tamil_nadu_n_a_others_districts_not_specified_8930_85__aggregate_01,184.0,Solar,Tamil Nadu N.A. Others (Districts not specified) 8930.85,Statewide / multiple districts,Tiruvallur,Chennai North,8930.85,0.0063707422869367,56.89614375328863,"Hybrid utility-scale target: supplied OSM/Overpass plant footprints and MW tags, calibrated at 49.71 MW/km² for untagged plants; official district-handbook capacities used as lower-bound anchors; residual normalized after retaining directly allocated ICED capacity",https://www.openstreetmap.org/copyright | Tamil Nadu district statistical handbooks (see Solar District Evidence),Medium,This is a modelled distribution of an ICED statewide residual. It preserves the source-row total and avoids treating resource potential as installed capacity.
tamil_nadu_n_a_others_districts_not_specified_8930_85__aggregate_01,184.0,Solar,Tamil Nadu N.A. Others (Districts not specified) 8930.85,Statewide / multiple districts,Tiruvannamalai,Villupuram,8930.85,0.008619979800100593,76.98374659772838,"Hybrid utility-scale target: supplied OSM/Overpass plant footprints and MW tags, calibrated at 49.71 MW/km² for untagged plants; official district-handbook capacities used as lower-bound anchors; residual normalized after retaining directly allocated ICED capacity",https://www.openstreetmap.org/copyright | Tamil Nadu district statistical handbooks (see Solar District Evidence),Medium,This is a modelled distribution of an ICED statewide residual. It preserves the source-row total and avoids treating resource potential as installed capacity.
tamil_nadu_n_a_others_districts_not_specified_8930_85__aggregate_01,184.0,Solar,Tamil Nadu N.A. Others (Districts not specified) 8930.85,Statewide / multiple districts,Vellore,Vellore,8930.85,0.006236202963066413,55.69459323270168,"Hybrid utility-scale target: supplied OSM/Overpass plant footprints and MW tags, calibrated at 49.71 MW/km² for untagged plants; official district-handbook capacities used as lower-bound anchors; residual normalized after retaining directly allocated ICED capacity",https://www.openstreetmap.org/copyright | Tamil Nadu district statistical handbooks (see Solar District Evidence),Medium,This is a modelled distribution of an ICED statewide residual. It preserves the source-row total and avoids treating resource potential as installed capacity.
tamil_nadu_n_a_others_districts_not_specified_8930_85__aggregate_01,184.0,Solar,Tamil Nadu N.A. Others (Districts not specified) 8930.85,Statewide / multiple districts,Virudhunagar,Tirunelveli,8930.85,0.107788089811892,962.6392618965357,"Hybrid utility-scale target: supplied OSM/Overpass plant footprints and MW tags, calibrated at 49.71 MW/km² for untagged plants; official district-handbook capacities used as lower-bound anchors; residual normalized after retaining directly allocated ICED capacity",https://www.openstreetmap.org/copyright | Tamil Nadu district statistical handbooks (see Solar District Evidence),Medium,This is a modelled distribution of an ICED statewide residual. It preserves the source-row total and avoids treating resource potential as installed capacity.
tamil_nadu_n_a_rooftop_grid_connected_1635_8__aggregate_01,185.0,Solar,Tamil Nadu N.A. Rooftop (Grid Connected) 1635.8,Statewide / multiple districts,Ariyalur,Trichy,1635.8,0.002455128357924344,4.016098967892641,"District share of 83,906 PM Surya Ghar rooftop installations as of 20 July 2026; six post-2011 districts recombined to the workbook's 32-district boundary system",https://sansad.in/getFile/lsapps/loksabhaquestions/annex/188/AS59_dKLc7G.pdf?source=lsapps,Medium,Official residential installation counts are used as the best statewide rooftop distribution proxy. Industrial and commercial rooftop geography may differ.
tamil_nadu_n_a_rooftop_grid_connected_1635_8__aggregate_01,185.0,Solar,Tamil Nadu N.A. Rooftop (Grid Connected) 1635.8,Statewide / multiple districts,Chennai,Chennai North,1635.8,0.11214930994207804,183.45384120325124,"District share of 83,906 PM Surya Ghar rooftop installations as of 20 July 2026; six post-2011 districts recombined to the workbook's 32-district boundary system",https://sansad.in/getFile/lsapps/loksabhaquestions/annex/188/AS59_dKLc7G.pdf?source=lsapps,Medium,Official residential installation counts are used as the best statewide rooftop distribution proxy. Industrial and commercial rooftop geography may differ.
tamil_nadu_n_a_rooftop_grid_connected_1635_8__aggregate_01,185.0,Solar,Tamil Nadu N.A. Rooftop (Grid Connected) 1635.8,Statewide / multiple districts,Coimbatore,Coimbatore,1635.8,0.12782160989678926,209.09058946916787,"District share of 83,906 PM Surya Ghar rooftop installations as of 20 July 2026; six post-2011 districts recombined to the workbook's 32-district boundary system",https://sansad.in/getFile/lsapps/loksabhaquestions/annex/188/AS59_dKLc7G.pdf?source=lsapps,Medium,Official residential installation counts are used as the best statewide rooftop distribution proxy. Industrial and commercial rooftop geography may differ.
tamil_nadu_n_a_rooftop_grid_connected_1635_8__aggregate_01,185.0,Solar,Tamil Nadu N.A. Rooftop (Grid Connected) 1635.8,Statewide / multiple districts,Cuddalore,Villupuram,1635.8,0.02234643529664148,36.554298858246135,"District share of 83,906 PM Surya Ghar rooftop installations as of 20 July 2026; six post-2011 districts recombined to the workbook's 32-district boundary system",https://sansad.in/getFile/lsapps/loksabhaquestions/annex/188/AS59_dKLc7G.pdf?source=lsapps,Medium,Official residential installation counts are used as the best statewide rooftop distribution proxy. Industrial and commercial rooftop geography may differ.
tamil_nadu_n_a_rooftop_grid_connected_1635_8__aggregate_01,185.0,Solar,Tamil Nadu N.A. Rooftop (Grid Connected) 1635.8,Statewide / multiple districts,Dharmapuri,Vellore,1635.8,0.007854027125592926,12.847617572044909,"District share of 83,906 PM Surya Ghar rooftop installations as of 20 July 2026; six post-2011 districts recombined to the workbook's 32-district boundary system",https://sansad.in/getFile/lsapps/loksabhaquestions/annex/188/AS59_dKLc7G.pdf?source=lsapps,Medium,Official residential installation counts are used as the best statewide rooftop distribution proxy. Industrial and commercial rooftop geography may differ.
tamil_nadu_n_a_rooftop_grid_connected_1635_8__aggregate_01,185.0,Solar,Tamil Nadu N.A. Rooftop (Grid Connected) 1635.8,Statewide / multiple districts,Dindigul,Madurai,1635.8,0.014563916763997807,23.823655042547614,"District share of 83,906 PM Surya Ghar rooftop installations as of 20 July 2026; six post-2011 districts recombined to the workbook's 32-district boundary system",https://sansad.in/getFile/lsapps/loksabhaquestions/annex/188/AS59_dKLc7G.pdf?source=lsapps,Medium,Official residential installation counts are used as the best statewide rooftop distribution proxy. Industrial and commercial rooftop geography may differ.
tamil_nadu_n_a_rooftop_grid_connected_1635_8__aggregate_01,185.0,Solar,Tamil Nadu N.A. Rooftop (Grid Connected) 1635.8,Statewide / multiple districts,Erode,Erode,1635.8,0.04783924868305008,78.25544299573332,"District share of 83,906 PM Surya Ghar rooftop installations as of 20 July 2026; six post-2011 districts recombined to the workbook's 32-district boundary system",https://sansad.in/getFile/lsapps/loksabhaquestions/annex/188/AS59_dKLc7G.pdf?source=lsapps,Medium,Official residential installation counts are used as the best statewide rooftop distribution proxy. Industrial and commercial rooftop geography may differ.
tamil_nadu_n_a_rooftop_grid_connected_1635_8__aggregate_01,185.0,Solar,Tamil Nadu N.A. Rooftop (Grid Connected) 1635.8,Statewide / multiple districts,Kancheepuram,Chennai South,1635.8,0.11160107739613377,182.55704240459562,"District share of 83,906 PM Surya Ghar rooftop installations as of 20 July 2026; six post-2011 districts recombined to the workbook's 32-district boundary system",https://sansad.in/getFile/lsapps/loksabhaquestions/annex/188/AS59_dKLc7G.pdf?source=lsapps,Medium,Official residential installation counts are used as the best statewide rooftop distribution proxy. Industrial and commercial rooftop geography may differ.
tamil_nadu_n_a_rooftop_grid_connected_1635_8__aggregate_01,185.0,Solar,Tamil Nadu N.A. Rooftop (Grid Connected) 1635.8,Statewide / multiple districts,Kanniyakumari,Tirunelveli,1635.8,0.022191500011918098,36.30085571949562,"District share of 83,906 PM Surya Ghar rooftop installations as of 20 July 2026; six post-2011 districts recombined to the workbook's 32-district boundary system",https://sansad.in/getFile/lsapps/loksabhaquestions/annex/188/AS59_dKLc7G.pdf?source=lsapps,Medium,Official residential installation counts are used as the best statewide rooftop distribution proxy. Industrial and commercial rooftop geography may differ.
tamil_nadu_n_a_rooftop_grid_connected_1635_8__aggregate_01,185.0,Solar,Tamil Nadu N.A. Rooftop (Grid Connected) 1635.8,Statewide / multiple districts,Karur,Trichy,1635.8,0.02638667079827426,43.16331609181703,"District share of 83,906 PM Surya Ghar rooftop installations as of 20 July 2026; six post-2011 districts recombined to the workbook's 32-district boundary system",https://sansad.in/getFile/lsapps/loksabhaquestions/annex/188/AS59_dKLc7G.pdf?source=lsapps,Medium,Official residential installation counts are used as the best statewide rooftop distribution proxy. Industrial and commercial rooftop geography may differ.
tamil_nadu_n_a_rooftop_grid_connected_1635_8__aggregate_01,185.0,Solar,Tamil Nadu N.A. Rooftop (Grid Connected) 1635.8,Statewide / multiple districts,Krishnagiri,Vellore,1635.8,0.01085738802946154,17.760515338593187,"District share of 83,906 PM Surya Ghar rooftop installations as of 20 July 2026; six post-2011 districts recombined to the workbook's 32-district boundary system",https://sansad.in/getFile/lsapps/loksabhaquestions/annex/188/AS59_dKLc7G.pdf?source=lsapps,Medium,Official residential installation counts are used as the best statewide rooftop distribution proxy. Industrial and commercial rooftop geography may differ.
tamil_nadu_n_a_rooftop_grid_connected_1635_8__aggregate_01,185.0,Solar,Tamil Nadu N.A. Rooftop (Grid Connected) 1635.8,Statewide / multiple districts,Madurai,Madurai,1635.8,0.04002097585393178,65.4663123018616,"District share of 83,906 PM Surya Ghar rooftop installations as of 20 July 2026; six post-2011 districts recombined to the workbook's 32-district boundary system",https://sansad.in/getFile/lsapps/loksabhaquestions/annex/188/AS59_dKLc7G.pdf?source=lsapps,Medium,Official residential installation counts are used as the best statewide rooftop distribution proxy. Industrial and commercial rooftop geography may differ.
tamil_nadu_n_a_rooftop_grid_connected_1635_8__aggregate_01,185.0,Solar,Tamil Nadu N.A. Rooftop (Grid Connected) 1635.8,Statewide / multiple districts,Nagapattinam,Trichy,1635.8,0.009772841036397873,15.98641336733964,"District share of 83,906 PM Surya Ghar rooftop installations as of 20 July 2026; six post-2011 districts recombined to the workbook's 32-district boundary system",https://sansad.in/getFile/lsapps/loksabhaquestions/annex/188/AS59_dKLc7G.pdf?source=lsapps,Medium,Official residential installation counts are used as the best statewide rooftop distribution proxy. Industrial and commercial rooftop geography may differ.
tamil_nadu_n_a_rooftop_grid_connected_1635_8__aggregate_01,185.0,Solar,Tamil Nadu N.A. Rooftop (Grid Connected) 1635.8,Statewide / multiple districts,Namakkal,Erode,1635.8,0.045598646103973496,74.59026529687985,"District share of 83,906 PM Surya Ghar rooftop installations as of 20 July 2026; six post-2011 districts recombined to the workbook's 32-district boundary system",https://sansad.in/getFile/lsapps/loksabhaquestions/annex/188/AS59_dKLc7G.pdf?source=lsapps,Medium,Official residential installation counts are used as the best statewide rooftop distribution proxy. Industrial and commercial rooftop geography may differ.
tamil_nadu_n_a_rooftop_grid_connected_1635_8__aggregate_01,185.0,Solar,Tamil Nadu N.A. Rooftop (Grid Connected) 1635.8,Statewide / multiple districts,The Nilgiris,Coimbatore,1635.8,0.0014540080566348057,2.378466379043215,"District share of 83,906 PM Surya Ghar rooftop installations as of 20 July 2026; six post-2011 districts recombined to the workbook's 32-district boundary system",https://sansad.in/getFile/lsapps/loksabhaquestions/annex/188/AS59_dKLc7G.pdf?source=lsapps,Medium,Official residential installation counts are used as the best statewide rooftop distribution proxy. Industrial and commercial rooftop geography may differ.
tamil_nadu_n_a_rooftop_grid_connected_1635_8__aggregate_01,185.0,Solar,Tamil Nadu N.A. Rooftop (Grid Connected) 1635.8,Statewide / multiple districts,Perambalur,Trichy,1635.8,0.003372821967439754,5.517262174337949,"District share of 83,906 PM Surya Ghar rooftop installations as of 20 July 2026; six post-2011 districts recombined to the workbook's 32-district boundary system",https://sansad.in/getFile/lsapps/loksabhaquestions/annex/188/AS59_dKLc7G.pdf?source=lsapps,Medium,Official residential installation counts are used as the best statewide rooftop distribution proxy. Industrial and commercial rooftop geography may differ.
tamil_nadu_n_a_rooftop_grid_connected_1635_8__aggregate_01,185.0,Solar,Tamil Nadu N.A. Rooftop (Grid Connected) 1635.8,Statewide / multiple districts,Pudukkottai,Trichy,1635.8,0.007150859294925273,11.697375634638762,"District share of 83,906 PM Surya Ghar rooftop installations as of 20 July 2026; six post-2011 districts recombined to the workbook's 32-district boundary system",https://sansad.in/getFile/lsapps/loksabhaquestions/annex/188/AS59_dKLc7G.pdf?source=lsapps,Medium,Official residential installation counts are used as the best statewide rooftop distribution proxy. Industrial and commercial rooftop geography may differ.
tamil_nadu_n_a_rooftop_grid_connected_1635_8__aggregate_01,185.0,Solar,Tamil Nadu N.A. Rooftop (Grid Connected) 1635.8,Statewide / multiple districts,Ramanathapuram,Madurai,1635.8,0.006519200057206874,10.664107453579003,"District share of 83,906 PM Surya Ghar rooftop installations as of 20 July 2026; six post-2011 districts recombined to the workbook's 32-district boundary system",https://sansad.in/getFile/lsapps/loksabhaquestions/annex/188/AS59_dKLc7G.pdf?source=lsapps,Medium,Official residential installation counts are used as the best statewide rooftop distribution proxy. Industrial and commercial rooftop geography may differ.
tamil_nadu_n_a_rooftop_grid_connected_1635_8__aggregate_01,185.0,Solar,Tamil Nadu N.A. Rooftop (Grid Connected) 1635.8,Statewide / multiple districts,Salem,Erode,1635.8,0.047159917050032175,77.14419231044263,"District share of 83,906 PM Surya Ghar rooftop installations as of 20 July 2026; six post-2011 districts recombined to the workbook's 32-district boundary system",https://sansad.in/getFile/lsapps/loksabhaquestions/annex/188/AS59_dKLc7G.pdf?source=lsapps,Medium,Official residential installation counts are used as the best statewide rooftop distribution proxy. Industrial and commercial rooftop geography may differ.
tamil_nadu_n_a_rooftop_grid_connected_1635_8__aggregate_01,185.0,Solar,Tamil Nadu N.A. Rooftop (Grid Connected) 1635.8,Statewide / multiple districts,Sivagangai,Madurai,1635.8,0.00930803518222773,15.226083951088121,"District share of 83,906 PM Surya Ghar rooftop installations as of 20 July 2026; six post-2011 districts recombined to the workbook's 32-district boundary system",https://sansad.in/getFile/lsapps/loksabhaquestions/annex/188/AS59_dKLc7G.pdf?source=lsapps,Medium,Official residential installation counts are used as the best statewide rooftop distribution proxy. Industrial and commercial rooftop geography may differ.
tamil_nadu_n_a_rooftop_grid_connected_1635_8__aggregate_01,185.0,Solar,Tamil Nadu N.A. Rooftop (Grid Connected) 1635.8,Statewide / multiple districts,Thanjavur,Trichy,1635.8,0.0313207637117727,51.23450527971778,"District share of 83,906 PM Surya Ghar rooftop installations as of 20 July 2026; six post-2011 districts recombined to the workbook's 32-district boundary system",https://sansad.in/getFile/lsapps/loksabhaquestions/annex/188/AS59_dKLc7G.pdf?source=lsapps,Medium,Official residential installation counts are used as the best statewide rooftop distribution proxy. Industrial and commercial rooftop geography may differ.
tamil_nadu_n_a_rooftop_grid_connected_1635_8__aggregate_01,185.0,Solar,Tamil Nadu N.A. Rooftop (Grid Connected) 1635.8,Statewide / multiple districts,Theni,Madurai,1635.8,0.007234285986699402,11.833845017042881,"District share of 83,906 PM Surya Ghar rooftop installations as of 20 July 2026; six post-2011 districts recombined to the workbook's 32-district boundary system",https://sansad.in/getFile/lsapps/loksabhaquestions/annex/188/AS59_dKLc7G.pdf?source=lsapps,Medium,Official residential installation counts are used as the best statewide rooftop distribution proxy. Industrial and commercial rooftop geography may differ.
tamil_nadu_n_a_rooftop_grid_connected_1635_8__aggregate_01,185.0,Solar,Tamil Nadu N.A. Rooftop (Grid Connected) 1635.8,Statewide / multiple districts,Thiruvarur,Trichy,1635.8,0.011262603389507306,18.42336662455605,"District share of 83,906 PM Surya Ghar rooftop installations as of 20 July 2026; six post-2011 districts recombined to the workbook's 32-district boundary system",https://sansad.in/getFile/lsapps/loksabhaquestions/annex/188/AS59_dKLc7G.pdf?source=lsapps,Medium,Official residential installation counts are used as the best statewide rooftop distribution proxy. Industrial and commercial rooftop geography may differ.
tamil_nadu_n_a_rooftop_grid_connected_1635_8__aggregate_01,185.0,Solar,Tamil Nadu N.A. Rooftop (Grid Connected) 1635.8,Statewide / multiple districts,Thoothukudi,Tirunelveli,1635.8,0.021905465640121087,35.83296069411007,"District share of 83,906 PM Surya Ghar rooftop installations as of 20 July 2026; six post-2011 districts recombined to the workbook's 32-district boundary system",https://sansad.in/getFile/lsapps/loksabhaquestions/annex/188/AS59_dKLc7G.pdf?source=lsapps,Medium,Official residential installation counts are used as the best statewide rooftop distribution proxy. Industrial and commercial rooftop geography may differ.
tamil_nadu_n_a_rooftop_grid_connected_1635_8__aggregate_01,185.0,Solar,Tamil Nadu N.A. Rooftop (Grid Connected) 1635.8,Statewide / multiple districts,Tiruchirappalli,Trichy,1635.8,0.046468667318189404,76.01344599909423,"District share of 83,906 PM Surya Ghar rooftop installations as of 20 July 2026; six post-2011 districts recombined to the workbook's 32-district boundary system",https://sansad.in/getFile/lsapps/loksabhaquestions/annex/188/AS59_dKLc7G.pdf?source=lsapps,Medium,Official residential installation counts are used as the best statewide rooftop distribution proxy. Industrial and commercial rooftop geography may differ.
tamil_nadu_n_a_rooftop_grid_connected_1635_8__aggregate_01,185.0,Solar,Tamil Nadu N.A. Rooftop (Grid Connected) 1635.8,Statewide / multiple districts,Tirunelveli,Tirunelveli,1635.8,0.030724858770528926,50.25972397683122,"District share of 83,906 PM Surya Ghar rooftop installations as of 20 July 2026; six post-2011 districts recombined to the workbook's 32-district boundary system",https://sansad.in/getFile/lsapps/loksabhaquestions/annex/188/AS59_dKLc7G.pdf?source=lsapps,Medium,Official residential installation counts are used as the best statewide rooftop distribution proxy. Industrial and commercial rooftop geography may differ.
tamil_nadu_n_a_rooftop_grid_connected_1635_8__aggregate_01,185.0,Solar,Tamil Nadu N.A. Rooftop (Grid Connected) 1635.8,Statewide / multiple districts,Tiruppur,Coimbatore,1635.8,0.045169594546277975,73.88842275880151,"District share of 83,906 PM Surya Ghar rooftop installations as of 20 July 2026; six post-2011 districts recombined to the workbook's 32-district boundary system",https://sansad.in/getFile/lsapps/loksabhaquestions/annex/188/AS59_dKLc7G.pdf?source=lsapps,Medium,Official residential installation counts are used as the best statewide rooftop distribution proxy. Industrial and commercial rooftop geography may differ.
tamil_nadu_n_a_rooftop_grid_connected_1635_8__aggregate_01,185.0,Solar,Tamil Nadu N.A. Rooftop (Grid Connected) 1635.8,Statewide / multiple districts,Tiruvallur,Chennai North,1635.8,0.042428431816556623,69.40442876552332,"District share of 83,906 PM Surya Ghar rooftop installations as of 20 July 2026; six post-2011 districts recombined to the workbook's 32-district boundary system",https://sansad.in/getFile/lsapps/loksabhaquestions/annex/188/AS59_dKLc7G.pdf?source=lsapps,Medium,Official residential installation counts are used as the best statewide rooftop distribution proxy. Industrial and commercial rooftop geography may differ.
tamil_nadu_n_a_rooftop_grid_connected_1635_8__aggregate_01,185.0,Solar,Tamil Nadu N.A. Rooftop (Grid Connected) 1635.8,Statewide / multiple districts,Tiruvannamalai,Villupuram,1635.8,0.012347150382570973,20.197468595809596,"District share of 83,906 PM Surya Ghar rooftop installations as of 20 July 2026; six post-2011 districts recombined to the workbook's 32-district boundary system",https://sansad.in/getFile/lsapps/loksabhaquestions/annex/188/AS59_dKLc7G.pdf?source=lsapps,Medium,Official residential installation counts are used as the best statewide rooftop distribution proxy. Industrial and commercial rooftop geography may differ.
tamil_nadu_n_a_rooftop_grid_connected_1635_8__aggregate_01,185.0,Solar,Tamil Nadu N.A. Rooftop (Grid Connected) 1635.8,Statewide / multiple districts,Vellore,Vellore,1635.8,0.030808285462303055,50.39619335923533,"District share of 83,906 PM Surya Ghar rooftop installations as of 20 July 2026; six post-2011 districts recombined to the workbook's 32-district boundary system",https://sansad.in/getFile/lsapps/loksabhaquestions/annex/188/AS59_dKLc7G.pdf?source=lsapps,Medium,Official residential installation counts are used as the best statewide rooftop distribution proxy. Industrial and commercial rooftop geography may differ.
tamil_nadu_n_a_rooftop_grid_connected_1635_8__aggregate_01,185.0,Solar,Tamil Nadu N.A. Rooftop (Grid Connected) 1635.8,Statewide / multiple districts,Viluppuram,Villupuram,1635.8,0.018532643672681332,30.315698519772123,"District share of 83,906 PM Surya Ghar rooftop installations as of 20 July 2026; six post-2011 districts recombined to the workbook's 32-district boundary system",https://sansad.in/getFile/lsapps/loksabhaquestions/annex/188/AS59_dKLc7G.pdf?source=lsapps,Medium,Official residential installation counts are used as the best statewide rooftop distribution proxy. Industrial and commercial rooftop geography may differ.
tamil_nadu_n_a_rooftop_grid_connected_1635_8__aggregate_01,185.0,Solar,Tamil Nadu N.A. Rooftop (Grid Connected) 1635.8,Statewide / multiple districts,Virudhunagar,Tirunelveli,1635.8,0.025373632398159846,41.50618787690988,"District share of 83,906 PM Surya Ghar rooftop installations as of 20 July 2026; six post-2011 districts recombined to the workbook's 32-district boundary system",https://sansad.in/getFile/lsapps/loksabhaquestions/annex/188/AS59_dKLc7G.pdf?source=lsapps,Medium,Official residential installation counts are used as the best statewide rooftop distribution proxy. Industrial and commercial rooftop geography may differ.
tamil_nadu_nagapattinam_5__aggregate_01,186.0,Solar,Tamil Nadu Nagapattinam  5,Nagapattinam,Nagapattinam,Trichy,5.0,1.0,5.0,District carried from original workbook,,Existing,No online correction applied because a single district was already provided.
tamil_nadu_perambalur_10__aggregate_01,187.0,Solar,Tamil Nadu Perambalur 10,Perambalur,Perambalur,Trichy,10.0,1.0,10.0,District carried from original workbook,,Existing,No online correction applied because a single district was already provided.
tamil_nadu_pudukkottai_20__aggregate_01,188.0,Solar,Tamil Nadu Pudukkottai 20,Pudukkottai,Pudukkottai,Trichy,20.0,1.0,20.0,District carried from original workbook,,Existing,No online correction applied because a single district was already provided.
tamil_nadu_ramanathapuram_245__aggregate_01,189.0,Solar,Tamil Nadu Ramanathapuram 245,Ramanathapuram,Ramanathapuram,Madurai,245.0,1.0,245.0,District carried from original workbook,,Existing,No online correction applied because a single district was already provided.
tamil_nadu_ramanathapuram_kamuthi_solar_power_project_648__aggregate_01,190.0,Solar,Tamil Nadu Ramanathapuram Kamuthi Solar Power Project 648,Ramanathapuram,Ramanathapuram,Madurai,648.0,1.0,648.0,District carried from original workbook,,Existing,No online correction applied because a single district was already provided.
tamil_nadu_sivaganga_16_55__aggregate_01,191.0,Solar,Tamil Nadu Sivaganga 16.55,Sivaganga,Sivagangai,Madurai,16.55,1.0,16.55,District carried from original workbook,,Existing,No online correction applied because a single district was already provided.
tamil_nadu_thoothukkudi_28__aggregate_01,192.0,Solar,Tamil Nadu Thoothukkudi 28,Thoothukkudi,Thoothukudi,Tirunelveli,28.0,1.0,28.0,District carried from original workbook,,Existing,No online correction applied because a single district was already provided.
tamil_nadu_tiruchirappalli_169__aggregate_01,193.0,Solar,Tamil Nadu Tiruchirappalli 169,Tiruchirappalli,Tiruchirappalli,Trichy,169.0,1.0,169.0,District carried from original workbook,,Existing,No online correction applied because a single district was already provided.
tamil_nadu_tirunelveli_309_36__aggregate_01,194.0,Solar,Tamil Nadu Tirunelveli  309.36,Tirunelveli,Tirunelveli,Tirunelveli,309.36,1.0,309.36,District carried from original workbook,,Existing,No online correction applied because a single district was already provided.
tamil_nadu_tirunelveli_tuticorin_virudhunagar_and_ramanathapuram__aggregate_01,195.0,Solar,"Tamil Nadu Tirunelveli, Tuticorin, Virudhunagar and Ramanathapuram 351","Tirunelveli, Tuticorin, Virudhunagar and Ramanathapuram",Ramanathapuram,Madurai,351.0,0.25,87.75,Equal split across districts named in the original row,,Medium,The source row identifies four districts but does not give district-specific shares.
tamil_nadu_tirunelveli_tuticorin_virudhunagar_and_ramanathapuram__aggregate_01,195.0,Solar,"Tamil Nadu Tirunelveli, Tuticorin, Virudhunagar and Ramanathapuram 351","Tirunelveli, Tuticorin, Virudhunagar and Ramanathapuram",Thoothukudi,Tirunelveli,351.0,0.25,87.75,Equal split across districts named in the original row,,Medium,The source row identifies four districts but does not give district-specific shares.
tamil_nadu_tirunelveli_tuticorin_virudhunagar_and_ramanathapuram__aggregate_01,195.0,Solar,"Tamil Nadu Tirunelveli, Tuticorin, Virudhunagar and Ramanathapuram 351","Tirunelveli, Tuticorin, Virudhunagar and Ramanathapuram",Tirunelveli,Tirunelveli,351.0,0.25,87.75,Equal split across districts named in the original row,,Medium,The source row identifies four districts but does not give district-specific shares.
tamil_nadu_tirunelveli_tuticorin_virudhunagar_and_ramanathapuram__aggregate_01,195.0,Solar,"Tamil Nadu Tirunelveli, Tuticorin, Virudhunagar and Ramanathapuram 351","Tirunelveli, Tuticorin, Virudhunagar and Ramanathapuram",Virudhunagar,Tirunelveli,351.0,0.25,87.75,Equal split across districts named in the original row,,Medium,The source row identifies four districts but does not give district-specific shares.
tamil_nadu_tiruppur_49_3__aggregate_01,196.0,Solar,Tamil Nadu Tiruppur 49.3,Tiruppur,Tiruppur,Coimbatore,49.3,1.0,49.3,District carried from original workbook,,Existing,No online correction applied because a single district was already provided.
tamil_nadu_tiruvannamalai_31__aggregate_01,197.0,Solar,Tamil Nadu Tiruvannamalai 31,Tiruvannamalai,Tiruvannamalai,Villupuram,31.0,1.0,31.0,District carried from original workbook,,Existing,No online correction applied because a single district was already provided.
tamil_nadu_vellore_5__aggregate_01,198.0,Solar,Tamil Nadu Vellore  5,Vellore,Vellore,Vellore,5.0,1.0,5.0,District carried from original workbook,,Existing,No online correction applied because a single district was already provided.
tamil_nadu_virudhunagar_685_4__aggregate_01,199.0,Solar,Tamil Nadu Virudhunagar 685.4,Virudhunagar,Virudhunagar,Tirunelveli,685.4,1.0,685.4,District carried from original workbook,,Existing,No online correction applied because a single district was already provided.
basin_bridge_gas_turbine_power_station__unit_01,200.0,Oil & Gas,Basin Bridge Gas Turbine Power Station,Chennai,Chennai,Chennai North,30.0,1.0,30.0,District carried from original workbook,,Existing,No online correction applied because a single district was already provided.
basin_bridge_gas_turbine_power_station__unit_02,201.0,Oil & Gas,Basin Bridge Gas Turbine Power Station,Chennai,Chennai,Chennai North,30.0,1.0,30.0,District carried from original workbook,,Existing,No online correction applied because a single district was already provided.
basin_bridge_gas_turbine_power_station__unit_03,202.0,Oil & Gas,Basin Bridge Gas Turbine Power Station,Chennai,Chennai,Chennai North,30.0,1.0,30.0,District carried from original workbook,,Existing,No online correction applied because a single district was already provided.
basin_bridge_gas_turbine_power_station__unit_04,203.0,Oil & Gas,Basin Bridge Gas Turbine Power Station,Chennai,Chennai,Chennai North,30.0,1.0,30.0,District carried from original workbook,,Existing,No online correction applied because a single district was already provided.
kovilkalappal_thirumakotai_gas_combined_cycle_gas_turbine_power___unit_02,206.0,Oil & Gas,Kovilkalappal (Thirumakotai) Gas Combined Cycle Gas Turbine Power Station,Thiruvarur,Thiruvarur,Trichy,69.65,1.0,69.65,District carried from original workbook,,Existing,No online correction applied because a single district was already provided.
kovilkalappal_thirumakotai_gas_combined_cycle_gas_turbine_power___unit_01,207.0,Oil & Gas,Kovilkalappal (Thirumakotai) Gas Combined Cycle Gas Turbine Power Station,Thiruvarur,Thiruvarur,Trichy,38.23,1.0,38.23,District carried from original workbook,,Existing,No online correction applied because a single district was already provided.
kuttalam_gas_turbine_power_station__unit_01,208.0,Oil & Gas,Kuttalam Gas Turbine Power Station,Nagapattinam,Nagapattinam,Trichy,63.0,1.0,63.0,District carried from original workbook,,Existing,No online correction applied because a single district was already provided.
kuttalam_gas_turbine_power_station__unit_02,209.0,Oil & Gas,Kuttalam Gas Turbine Power Station,Nagapattinam,Nagapattinam,Trichy,37.0,1.0,37.0,District carried from original workbook,,Existing,No online correction applied because a single district was already provided.
pillaiperumalnallur_ppn_power_plant_phase_i__unit_02,210.0,Oil & Gas,Pillaiperumalnallur (PPN) Power Plant Phase I,Nagapattinam,Nagapattinam,Trichy,225.0,1.0,225.0,District carried from original workbook,,Existing,No online correction applied because a single district was already provided.
pillaiperumalnallur_ppn_power_plant_phase_i__unit_01,211.0,Oil & Gas,Pillaiperumalnallur (PPN) Power Plant Phase I,Nagapattinam,Nagapattinam,Trichy,105.5,1.0,105.5,District carried from original workbook,,Existing,No online correction applied because a single district was already provided.
valuthur_gas_turbine_power_station__unit_01,214.0,Oil & Gas,Valuthur Gas Turbine Power Station,Ramanathapuram,Ramanathapuram,Madurai,60.0,1.0,60.0,District carried from original workbook,,Existing,No online correction applied because a single district was already provided.
valuthur_gas_turbine_power_station__unit_02,215.0,Oil & Gas,Valuthur Gas Turbine Power Station,Ramanathapuram,Ramanathapuram,Madurai,34.0,1.0,34.0,District carried from original workbook,,Existing,No online correction applied because a single district was already provided.
valuthur_gas_turbine_power_station__unit_03,216.0,Oil & Gas,Valuthur Gas Turbine Power Station,Ramanathapuram,Ramanathapuram,Madurai,59.8,1.0,59.8,District carried from original workbook,,Existing,No online correction applied because a single district was already provided.
valuthur_gas_turbine_power_station__unit_04,217.0,Oil & Gas,Valuthur Gas Turbine Power Station,Ramanathapuram,Ramanathapuram,Madurai,32.4,1.0,32.4,District carried from original workbook,,Existing,No online correction applied because a single district was already provided.
ambika_sugars_previously_m_s_srel_tamil_nadu_cuddalore_40__unit_01,218.0,Bio Power,Ambika Sugars (Previously M/s. SREL) Tamil Nadu Cuddalore 40,Cuddalore,Cuddalore,Villupuram,40.0,1.0,40.0,District carried from original workbook,,Existing,No online correction applied because a single district was already provided.
arashi_hi_tech_bio_power_ltd_tamil_nadu_coimbatore_1_6__unit_01,219.0,Bio Power,"Arashi Hi-Tech Bio-Power 
Ltd. Tamil Nadu Coimbatore 1.6",Coimbatore,Coimbatore,Coimbatore,1.6,1.0,1.6,District carried from original workbook,,Existing,No online correction applied because a single district was already provided.
arunachala_sugars_ltd_tamil_nadu_tiruvannamalai_19__unit_01,220.0,Bio Power,Arunachala Sugars Ltd. Tamil Nadu Tiruvannamalai 19,Tiruvannamalai,Tiruvannamalai,Villupuram,19.0,1.0,19.0,District carried from original workbook,,Existing,No online correction applied because a single district was already provided.
astro_energy_and_bio_systems_ltd_tamil_nadu_madurai_10__unit_01,221.0,Bio Power,Astro Energy and Bio Systems Ltd. Tamil Nadu Madurai 10,Madurai,Madurai,Madurai,10.0,1.0,10.0,District carried from original workbook,,Existing,No online correction applied because a single district was already provided.
auro_energy_ltd_tamil_nadu_thanjavur_16__unit_01,222.0,Bio Power,Auro Energy Ltd. Tamil Nadu Thanjavur 16,Thanjavur,Thanjavur,Trichy,16.0,1.0,16.0,District carried from original workbook,,Existing,No online correction applied because a single district was already provided.
aurobindo_agro_energy_pvt_ltd_tamil_nadu_sivaganga_15__unit_01,223.0,Bio Power,Aurobindo Agro Energy Pvt. Ltd. Tamil Nadu Sivaganga 15,Sivaganga,Sivagangai,Madurai,15.0,1.0,15.0,District carried from original workbook,,Existing,No online correction applied because a single district was already provided.
auromira_bio_power_india_p_ltd_tamil_nadu_tirunelveli_15__unit_01,224.0,Bio Power,"Auromira Bio Power
India (P) Ltd Tamil Nadu Tirunelveli 15",Tirunelveli,Tirunelveli,Tirunelveli,15.0,1.0,15.0,District carried from original workbook,,Existing,No online correction applied because a single district was already provided.
bannari_amman_sugars_ltd_tamil_nadu_erode_20__unit_01,225.0,Bio Power,Bannari Amman Sugars Ltd. Tamil Nadu Erode 20,Erode,Erode,Erode,20.0,1.0,20.0,District carried from original workbook,,Existing,No online correction applied because a single district was already provided.
bannari_amman_sugars_and_chemicals_ltd_tamil_nadu_tiruvannamalai__unit_01,226.0,Bio Power,Bannari Amman Sugars and Chemicals Ltd. Tamil Nadu Tiruvannamalai 28.8,Tiruvannamalai,Tiruvannamalai,Villupuram,28.8,1.0,28.8,District carried from original workbook,,Existing,No online correction applied because a single district was already provided.
c_m_d_a_koyambedu_veg_market_bio_metharation_plant_tamil_nadu_ch__unit_01,227.0,Bio Power,"C.M.D.A., Koyambedu Veg. Market Bio-metharation plant Tamil Nadu Chennai 0.25",Chennai,Chennai,Chennai North,0.25,1.0,0.25,District carried from original workbook,,Existing,No online correction applied because a single district was already provided.
cheyyar_co_op_sugar_mills_tamil_nadu_tiruvannamalai_7_5__unit_01,228.0,Bio Power,Cheyyar Co.op Sugar Mills Tamil Nadu Tiruvannamalai 7.5,Tiruvannamalai,Tiruvannamalai,Villupuram,7.5,1.0,7.5,District carried from original workbook,,Existing,No online correction applied because a single district was already provided.
chitra_bio_energy_ltd_tamil_nadu_pudukkottai_7_5__unit_01,229.0,Bio Power,Chitra Bio Energy Ltd. Tamil Nadu Pudukkottai 7.5,Pudukkottai,Pudukkottai,Trichy,7.5,1.0,7.5,District carried from original workbook,,Existing,No online correction applied because a single district was already provided.
dhanalakshmi_srinivasan_sugars_pvt_ltd_tamil_nadu_perambalur_25__unit_01,230.0,Bio Power,Dhanalakshmi Srinivasan Sugars Pvt Ltd. Tamil Nadu Perambalur 25,Perambalur,Perambalur,Trichy,25.0,1.0,25.0,District carried from original workbook,,Existing,No online correction applied because a single district was already provided.
dharani_sugars_chemical_ltd_tamil_nadu_tiruvannamalai_15__unit_01,231.0,Bio Power,Dharani Sugars & Chemical Ltd. Tamil Nadu Tiruvannamalai 15,Tiruvannamalai,Tiruvannamalai,Villupuram,15.0,1.0,15.0,District carried from original workbook,,Existing,No online correction applied because a single district was already provided.
dharani_sugars_chemical_ltd_tamil_nadu_viluppuram_22__unit_01,232.0,Bio Power,Dharani Sugars & Chemical Ltd. Tamil Nadu Viluppuram 22,Viluppuram,Viluppuram,Villupuram,22.0,1.0,22.0,District carried from original workbook,,Existing,No online correction applied because a single district was already provided.
eid_parry_india_ltd_tamil_nadu_cuddalore_24_5__unit_01,233.0,Bio Power,EID Parry India Ltd. Tamil Nadu Cuddalore 24.5,Cuddalore,Cuddalore,Villupuram,24.5,1.0,24.5,District carried from original workbook,,Existing,No online correction applied because a single district was already provided.
eid_parry_india_ltd_tamil_nadu_karur_22__unit_01,234.0,Bio Power,EID Parry India Ltd. Tamil Nadu Karur 22,Karur,Karur,Trichy,22.0,1.0,22.0,District carried from original workbook,,Existing,No online correction applied because a single district was already provided.
eid_parry_india_ltd_tamil_nadu_pudukkottai_18__unit_01,235.0,Bio Power,EID Parry India Ltd. Tamil Nadu Pudukkottai 18,Pudukkottai,Pudukkottai,Trichy,18.0,1.0,18.0,District carried from original workbook,,Existing,No online correction applied because a single district was already provided.
eid_parry_india_ltd_tamil_nadu_tiruchirappalli_18__unit_01,236.0,Bio Power,EID Parry India Ltd. Tamil Nadu Tiruchirappalli 18,Tiruchirappalli,Tiruchirappalli,Trichy,18.0,1.0,18.0,District carried from original workbook,,Existing,No online correction applied because a single district was already provided.
eta_power_gen_pvt_ltd_tamil_nadu_virudhunagar_10__unit_01,237.0,Bio Power,ETA Power Gen.Pvt.Ltd. Tamil Nadu Virudhunagar 10,Virudhunagar,Virudhunagar,Tirunelveli,10.0,1.0,10.0,District carried from original workbook,,Existing,No online correction applied because a single district was already provided.
empee_distilleries_pvt_ltd_tamil_nadu_pudukkottai_10__unit_01,238.0,Bio Power,Empee Distilleries (Pvt) Ltd. Tamil Nadu Pudukkottai 10,Pudukkottai,Pudukkottai,Trichy,10.0,1.0,10.0,District carried from original workbook,,Existing,No online correction applied because a single district was already provided.
empee_sugars_chemicals_ltd_tamil_nadu_tirunelveli_50__unit_01,239.0,Bio Power,Empee Sugars & Chemicals Ltd. Tamil Nadu Tirunelveli 50,Tirunelveli,Tirunelveli,Tirunelveli,50.0,1.0,50.0,District carried from original workbook,,Existing,No online correction applied because a single district was already provided.
g_k_bio_energy_pvt_ltd_tamil_nadu_erode_1_5__unit_01,240.0,Bio Power,G.K. Bio Energy Pvt. Ltd. Tamil Nadu Erode 1.5,Erode,Erode,Erode,1.5,1.0,1.5,District carried from original workbook,,Existing,No online correction applied because a single district was already provided.
global_power_tech_equipments_pvt_ltd_tamil_nadu_tiruvannamalai_7__unit_01,241.0,Bio Power,Global Power Tech. Equipments Pvt.Ltd. Tamil Nadu Tiruvannamalai 7.5,Tiruvannamalai,Tiruvannamalai,Villupuram,7.5,1.0,7.5,District carried from original workbook,,Existing,No online correction applied because a single district was already provided.
iot_mabagas_ltd_tamil_nadu_n_a_2__unit_01,242.0,Bio Power,IOT Mabagas Ltd. Tamil Nadu N.A. 2,Namakkal,Namakkal,Erode,2.0,1.0,2.0,Direct facility match in CEA plant-wise renewable-energy report,https://cea.nic.in/wp-content/uploads/resd/2023/09/August_Plantwise_Details_2022.pdf,High,CEA lists IOT MABAGAS / IOT Biogas in Namakkal (reported capacity 2.40 MW; workbook row is 2 MW).
kothari_sugars_chemicals_ltd_kattur_lalgudi__unit_01,243.0,Bio Power,"Kothari Sugars & Chemicals Ltd., Kattur/Lalgudi",Tiruchirappalli,Tiruchirappalli,Trichy,12.0,1.0,12.0,"Direct plant correction from Prayas district record, cross-checked with CEA",https://cea.nic.in/wp-content/uploads/resd/2023/09/August_Plantwise_Details_2022.pdf,High,"Prayas places the 12 MW unit in Tiruchirappalli; CEA identifies Kattur/Lalgudi, Trichy (11 MW). ICED capacity is retained."
kothari_sugars_chemicals_ltd_tamil_nadu_perambalur_22__unit_01,244.0,Bio Power,Kothari Sugars & Chemicals Ltd. Tamil Nadu Perambalur 22,Perambalur,Perambalur,Trichy,22.0,1.0,22.0,District carried from original workbook,,Existing,No online correction applied because a single district was already provided.
m_r_k_co_op_sugar_mills_tamil_nadu_cuddalore_7_5__unit_01,245.0,Bio Power,M.R.K.Co.op Sugar Mills Tamil Nadu Cuddalore 7.5,Cuddalore,Cuddalore,Villupuram,7.5,1.0,7.5,District carried from original workbook,,Existing,No online correction applied because a single district was already provided.
madras_sugars_chemicals_ltd_vengur__unit_01,246.0,Bio Power,"Madras Sugars & Chemicals Ltd., Vengur",Viluppuram,Viluppuram,Villupuram,25.0,1.0,25.0,"Direct plant correction from Prayas district record, cross-checked with CEA",https://cea.nic.in/wp-content/uploads/resd/2023/09/August_Plantwise_Details_2022.pdf,High,Prayas and CEA both place the 25 MW Vengur unit in Viluppuram.
manali_petrochemicals_ltd_tamil_nadu_thiruvallur_4_7__unit_01,247.0,Bio Power,Manali Petrochemicals Ltd. Tamil Nadu Thiruvallur 4.7,Thiruvallur,Tiruvallur,Chennai North,4.7,1.0,4.7,District carried from original workbook,,Existing,No online correction applied because a single district was already provided.
mohan_breweries_distillaries_ltd_tamil_nadu_kancheepuram_18__unit_01,248.0,Bio Power,Mohan Breweries & Distillaries Ltd Tamil Nadu Kancheepuram 18,Kancheepuram,Kancheepuram,Chennai South,18.0,1.0,18.0,District carried from original workbook,,Existing,No online correction applied because a single district was already provided.
orient_green_power_ltd_tamil_nadu_coimbatore_10__unit_01,249.0,Bio Power,Orient Green Power Ltd. Tamil Nadu Coimbatore 10,Coimbatore,Coimbatore,Coimbatore,10.0,1.0,10.0,District carried from original workbook,,Existing,No online correction applied because a single district was already provided.
others_districts_not_specified_waste_to_energy_tamil_nadu_n_a_6___aggregate_01,250.0,Bio Power,Others (districts not specified) (Waste to Energy) Tamil Nadu N.A. 6.4,Statewide / multiple districts,Chennai,Chennai North,6.4,0.0003023340186237755,0.0019349377191921634,Proportional proxy using known Bio Power capacity by district in PlantInfo,https://mnre.gov.in/en/physical-progress/,Low,"This is a statewide/residual category, not a plant-level record. The allocation preserves the row total but is an analytical proxy, not an observed facility location."
others_districts_not_specified_waste_to_energy_tamil_nadu_n_a_6___aggregate_01,250.0,Bio Power,Others (districts not specified) (Waste to Energy) Tamil Nadu N.A. 6.4,Statewide / multiple districts,Coimbatore,Coimbatore,6.4,0.014028298464143184,0.08978111017051638,Proportional proxy using known Bio Power capacity by district in PlantInfo,https://mnre.gov.in/en/physical-progress/,Low,"This is a statewide/residual category, not a plant-level record. The allocation preserves the row total but is an analytical proxy, not an observed facility location."
others_districts_not_specified_waste_to_energy_tamil_nadu_n_a_6___aggregate_01,250.0,Bio Power,Others (districts not specified) (Waste to Energy) Tamil Nadu N.A. 6.4,Statewide / multiple districts,Cuddalore,Villupuram,6.4,0.10966259523521586,0.7018406095053815,Proportional proxy using known Bio Power capacity by district in PlantInfo,https://mnre.gov.in/en/physical-progress/,Low,"This is a statewide/residual category, not a plant-level record. The allocation preserves the row total but is an analytical proxy, not an observed facility location."
others_districts_not_specified_waste_to_energy_tamil_nadu_n_a_6___aggregate_01,250.0,Bio Power,Others (districts not specified) (Waste to Energy) Tamil Nadu N.A. 6.4,Statewide / multiple districts,Dharmapuri,Vellore,6.4,0.01814004111742653,0.1160962631515298,Proportional proxy using known Bio Power capacity by district in PlantInfo,https://mnre.gov.in/en/physical-progress/,Low,"This is a statewide/residual category, not a plant-level record. The allocation preserves the row total but is an analytical proxy, not an observed facility location."
others_districts_not_specified_waste_to_energy_tamil_nadu_n_a_6___aggregate_01,250.0,Bio Power,Others (districts not specified) (Waste to Energy) Tamil Nadu N.A. 6.4,Statewide / multiple districts,Dindigul,Madurai,6.4,0.009070020558713265,0.0580481315757649,Proportional proxy using known Bio Power capacity by district in PlantInfo,https://mnre.gov.in/en/physical-progress/,Low,"This is a statewide/residual category, not a plant-level record. The allocation preserves the row total but is an analytical proxy, not an observed facility location."
others_districts_not_specified_waste_to_energy_tamil_nadu_n_a_6___aggregate_01,250.0,Bio Power,Others (districts not specified) (Waste to Energy) Tamil Nadu N.A. 6.4,Statewide / multiple districts,Erode,Erode,6.4,0.1173055992260249,0.7507558350465594,Proportional proxy using known Bio Power capacity by district in PlantInfo,https://mnre.gov.in/en/physical-progress/,Low,"This is a statewide/residual category, not a plant-level record. The allocation preserves the row total but is an analytical proxy, not an observed facility location."
others_districts_not_specified_waste_to_energy_tamil_nadu_n_a_6___aggregate_01,250.0,Bio Power,Others (districts not specified) (Waste to Energy) Tamil Nadu N.A. 6.4,Statewide / multiple districts,Kancheepuram,Chennai South,6.4,0.07618817269319143,0.4876043052364252,Proportional proxy using known Bio Power capacity by district in PlantInfo,https://mnre.gov.in/en/physical-progress/,Low,"This is a statewide/residual category, not a plant-level record. The allocation preserves the row total but is an analytical proxy, not an observed facility location."
others_districts_not_specified_waste_to_energy_tamil_nadu_n_a_6___aggregate_01,250.0,Bio Power,Others (districts not specified) (Waste to Energy) Tamil Nadu N.A. 6.4,Statewide / multiple districts,Karur,Trichy,6.4,0.026605393638892246,0.17027451928891038,Proportional proxy using known Bio Power capacity by district in PlantInfo,https://mnre.gov.in/en/physical-progress/,Low,"This is a statewide/residual category, not a plant-level record. The allocation preserves the row total but is an analytical proxy, not an observed facility location."
others_districts_not_specified_waste_to_energy_tamil_nadu_n_a_6___aggregate_01,250.0,Bio Power,Others (districts not specified) (Waste to Energy) Tamil Nadu N.A. 6.4,Statewide / multiple districts,Madurai,Madurai,6.4,0.01209336074495102,0.07739750876768653,Proportional proxy using known Bio Power capacity by district in PlantInfo,https://mnre.gov.in/en/physical-progress/,Low,"This is a statewide/residual category, not a plant-level record. The allocation preserves the row total but is an analytical proxy, not an observed facility location."
others_districts_not_specified_waste_to_energy_tamil_nadu_n_a_6___aggregate_01,250.0,Bio Power,Others (districts not specified) (Waste to Energy) Tamil Nadu N.A. 6.4,Statewide / multiple districts,Namakkal,Erode,6.4,0.003023340186237755,0.019349377191921632,Proportional proxy using known Bio Power capacity by district in PlantInfo,https://mnre.gov.in/en/physical-progress/,Low,"This is a statewide/residual category, not a plant-level record. The allocation preserves the row total but is an analytical proxy, not an observed facility location."
others_districts_not_specified_waste_to_energy_tamil_nadu_n_a_6___aggregate_01,250.0,Bio Power,Others (districts not specified) (Waste to Energy) Tamil Nadu N.A. 6.4,Statewide / multiple districts,Perambalur,Trichy,6.4,0.07135082839521102,0.4566453017293506,Proportional proxy using known Bio Power capacity by district in PlantInfo,https://mnre.gov.in/en/physical-progress/,Low,"This is a statewide/residual category, not a plant-level record. The allocation preserves the row total but is an analytical proxy, not an observed facility location."
others_districts_not_specified_waste_to_energy_tamil_nadu_n_a_6___aggregate_01,250.0,Bio Power,Others (districts not specified) (Waste to Energy) Tamil Nadu N.A. 6.4,Statewide / multiple districts,Pudukkottai,Trichy,6.4,0.04293143064457612,0.2747611561252872,Proportional proxy using known Bio Power capacity by district in PlantInfo,https://mnre.gov.in/en/physical-progress/,Low,"This is a statewide/residual category, not a plant-level record. The allocation preserves the row total but is an analytical proxy, not an observed facility location."
others_districts_not_specified_waste_to_energy_tamil_nadu_n_a_6___aggregate_01,250.0,Bio Power,Others (districts not specified) (Waste to Energy) Tamil Nadu N.A. 6.4,Statewide / multiple districts,Sivagangai,Madurai,6.4,0.07135082839521102,0.4566453017293506,Proportional proxy using known Bio Power capacity by district in PlantInfo,https://mnre.gov.in/en/physical-progress/,Low,"This is a statewide/residual category, not a plant-level record. The allocation preserves the row total but is an analytical proxy, not an observed facility location."
others_districts_not_specified_waste_to_energy_tamil_nadu_n_a_6___aggregate_01,250.0,Bio Power,Others (districts not specified) (Waste to Energy) Tamil Nadu N.A. 6.4,Statewide / multiple districts,Thanjavur,Trichy,6.4,0.0627887289877857,0.4018478655218285,Proportional proxy using known Bio Power capacity by district in PlantInfo,https://mnre.gov.in/en/physical-progress/,Low,"This is a statewide/residual category, not a plant-level record. The allocation preserves the row total but is an analytical proxy, not an observed facility location."
others_districts_not_specified_waste_to_energy_tamil_nadu_n_a_6___aggregate_01,250.0,Bio Power,Others (districts not specified) (Waste to Energy) Tamil Nadu N.A. 6.4,Statewide / multiple districts,Theni,Madurai,6.4,0.019954045229169184,0.1277058894666828,Proportional proxy using known Bio Power capacity by district in PlantInfo,https://mnre.gov.in/en/physical-progress/,Low,"This is a statewide/residual category, not a plant-level record. The allocation preserves the row total but is an analytical proxy, not an observed facility location."
others_districts_not_specified_waste_to_energy_tamil_nadu_n_a_6___aggregate_01,250.0,Bio Power,Others (districts not specified) (Waste to Energy) Tamil Nadu N.A. 6.4,Statewide / multiple districts,Thoothukudi,Tirunelveli,6.4,0.007256016446970612,0.04643850526061192,Proportional proxy using known Bio Power capacity by district in PlantInfo,https://mnre.gov.in/en/physical-progress/,Low,"This is a statewide/residual category, not a plant-level record. The allocation preserves the row total but is an analytical proxy, not an observed facility location."
others_districts_not_specified_waste_to_energy_tamil_nadu_n_a_6___aggregate_01,250.0,Bio Power,Others (districts not specified) (Waste to Energy) Tamil Nadu N.A. 6.4,Statewide / multiple districts,Tiruchirappalli,Trichy,6.4,0.021768049340911838,0.13931551578183576,Proportional proxy using known Bio Power capacity by district in PlantInfo,https://mnre.gov.in/en/physical-progress/,Low,"This is a statewide/residual category, not a plant-level record. The allocation preserves the row total but is an analytical proxy, not an observed facility location."
others_districts_not_specified_waste_to_energy_tamil_nadu_n_a_6___aggregate_01,250.0,Bio Power,Others (districts not specified) (Waste to Energy) Tamil Nadu N.A. 6.4,Statewide / multiple districts,Tirunelveli,Tirunelveli,6.4,0.1209336074495102,0.7739750876768654,Proportional proxy using known Bio Power capacity by district in PlantInfo,https://mnre.gov.in/en/physical-progress/,Low,"This is a statewide/residual category, not a plant-level record. The allocation preserves the row total but is an analytical proxy, not an observed facility location."
others_districts_not_specified_waste_to_energy_tamil_nadu_n_a_6___aggregate_01,250.0,Bio Power,Others (districts not specified) (Waste to Energy) Tamil Nadu N.A. 6.4,Statewide / multiple districts,Tiruvallur,Chennai North,6.4,0.00568387955012698,0.03637682912081267,Proportional proxy using known Bio Power capacity by district in PlantInfo,https://mnre.gov.in/en/physical-progress/,Low,"This is a statewide/residual category, not a plant-level record. The allocation preserves the row total but is an analytical proxy, not an observed facility location."
others_districts_not_specified_waste_to_energy_tamil_nadu_n_a_6___aggregate_01,250.0,Bio Power,Others (districts not specified) (Waste to Energy) Tamil Nadu N.A. 6.4,Statewide / multiple districts,Tiruvannamalai,Villupuram,6.4,0.09408634659571893,0.6021526182126012,Proportional proxy using known Bio Power capacity by district in PlantInfo,https://mnre.gov.in/en/physical-progress/,Low,"This is a statewide/residual category, not a plant-level record. The allocation preserves the row total but is an analytical proxy, not an observed facility location."
others_districts_not_specified_waste_to_energy_tamil_nadu_n_a_6___aggregate_01,250.0,Bio Power,Others (districts not specified) (Waste to Energy) Tamil Nadu N.A. 6.4,Statewide / multiple districts,Viluppuram,Villupuram,6.4,0.07739750876768653,0.4953440561131938,Proportional proxy using known Bio Power capacity by district in PlantInfo,https://mnre.gov.in/en/physical-progress/,Low,"This is a statewide/residual category, not a plant-level record. The allocation preserves the row total but is an analytical proxy, not an observed facility location."
others_districts_not_specified_waste_to_energy_tamil_nadu_n_a_6___aggregate_01,250.0,Bio Power,Others (districts not specified) (Waste to Energy) Tamil Nadu N.A. 6.4,Statewide / multiple districts,Virudhunagar,Tirunelveli,6.4,0.018079574313701774,0.11570927560769136,Proportional proxy using known Bio Power capacity by district in PlantInfo,https://mnre.gov.in/en/physical-progress/,Low,"This is a statewide/residual category, not a plant-level record. The allocation preserves the row total but is an analytical proxy, not an observed facility location."
others_districts_not_specified_biomass_bagasse_based_cogen_tamil__aggregate_01,251.0,Bio Power,Unidentified balance of statewide bio-power residual,Statewide / multiple districts,Chennai,Chennai North,138.2,9.888203792904956e-05,0.013665497641794649,Residual proxy after subtracting Prayas/CEA-identified plants,https://energy.prayaspune.org/renewable-energy-data-portal/plant-wise-re,Low,"After identifying 93.0 MW of named plants, the remaining 45.2 MW is distributed using the prior ICED bio-power district proxy shares."
others_districts_not_specified_biomass_bagasse_based_cogen_tamil__aggregate_01,251.0,Bio Power,Unidentified balance of statewide bio-power residual,Statewide / multiple districts,Coimbatore,Coimbatore,138.2,0.0045881265599079,0.6340790905792717,Residual proxy after subtracting Prayas/CEA-identified plants,https://energy.prayaspune.org/renewable-energy-data-portal/plant-wise-re,Low,"After identifying 93.0 MW of named plants, the remaining 45.2 MW is distributed using the prior ICED bio-power district proxy shares."
others_districts_not_specified_biomass_bagasse_based_cogen_tamil__aggregate_01,251.0,Bio Power,Unidentified balance of statewide bio-power residual,Statewide / multiple districts,Cuddalore,Villupuram,138.2,0.03586649279762486,4.956749304631756,Residual proxy after subtracting Prayas/CEA-identified plants,https://energy.prayaspune.org/renewable-energy-data-portal/plant-wise-re,Low,"After identifying 93.0 MW of named plants, the remaining 45.2 MW is distributed using the prior ICED bio-power district proxy shares."
others_districts_not_specified_biomass_bagasse_based_cogen_tamil__aggregate_01,251.0,Bio Power,Dharmapuri District Co-operative Sugar Mills,Statewide / multiple districts,Dharmapuri,Vellore,138.2,0.08683068017366137,12.0,Historical plant decomposition from Prayas/CEA evidence,https://cea.nic.in/wp-content/uploads/resd/2023/09/August_Plantwise_Details_2022.pdf,Medium,Identified as part of the ICED statewide 138.2 MW category; Not present in the older Prayas extract; added from the later CEA plant-wise bagasse list. Capacity is deducted from the residual proxy balance to avoid double counting.
others_districts_not_specified_biomass_bagasse_based_cogen_tamil__aggregate_01,251.0,Bio Power,Unidentified balance of statewide bio-power residual,Statewide / multiple districts,Dharmapuri,Vellore,138.2,0.005932922275742974,0.8199298585076789,Residual proxy after subtracting Prayas/CEA-identified plants,https://energy.prayaspune.org/renewable-energy-data-portal/plant-wise-re,Low,"After identifying 93.0 MW of named plants, the remaining 45.2 MW is distributed using the prior ICED bio-power district proxy shares."
others_districts_not_specified_biomass_bagasse_based_cogen_tamil__aggregate_01,251.0,Bio Power,Unidentified balance of statewide bio-power residual,Statewide / multiple districts,Dindigul,Madurai,138.2,0.002966461137871487,0.4099649292538394,Residual proxy after subtracting Prayas/CEA-identified plants,https://energy.prayaspune.org/renewable-energy-data-portal/plant-wise-re,Low,"After identifying 93.0 MW of named plants, the remaining 45.2 MW is distributed using the prior ICED bio-power district proxy shares."
others_districts_not_specified_biomass_bagasse_based_cogen_tamil__aggregate_01,251.0,Bio Power,Unidentified balance of statewide bio-power residual,Statewide / multiple districts,Erode,Erode,138.2,0.03836623071647123,5.302213085016325,Residual proxy after subtracting Prayas/CEA-identified plants,https://energy.prayaspune.org/renewable-energy-data-portal/plant-wise-re,Low,"After identifying 93.0 MW of named plants, the remaining 45.2 MW is distributed using the prior ICED bio-power district proxy shares."
others_districts_not_specified_biomass_bagasse_based_cogen_tamil__aggregate_01,251.0,Bio Power,Unidentified balance of statewide bio-power residual,Statewide / multiple districts,Kancheepuram,Chennai South,138.2,0.024918273558120492,3.443705405732252,Residual proxy after subtracting Prayas/CEA-identified plants,https://energy.prayaspune.org/renewable-energy-data-portal/plant-wise-re,Low,"After identifying 93.0 MW of named plants, the remaining 45.2 MW is distributed using the prior ICED bio-power district proxy shares."
others_districts_not_specified_biomass_bagasse_based_cogen_tamil__aggregate_01,251.0,Bio Power,Unidentified balance of statewide bio-power residual,Statewide / multiple districts,Karur,Trichy,138.2,0.008701619337756362,1.202563792477929,Residual proxy after subtracting Prayas/CEA-identified plants,https://energy.prayaspune.org/renewable-energy-data-portal/plant-wise-re,Low,"After identifying 93.0 MW of named plants, the remaining 45.2 MW is distributed using the prior ICED bio-power district proxy shares."
others_districts_not_specified_biomass_bagasse_based_cogen_tamil__aggregate_01,251.0,Bio Power,Unidentified balance of statewide bio-power residual,Statewide / multiple districts,Madurai,Madurai,138.2,0.003955281517161982,0.546619905671786,Residual proxy after subtracting Prayas/CEA-identified plants,https://energy.prayaspune.org/renewable-energy-data-portal/plant-wise-re,Low,"After identifying 93.0 MW of named plants, the remaining 45.2 MW is distributed using the prior ICED bio-power district proxy shares."
others_districts_not_specified_biomass_bagasse_based_cogen_tamil__aggregate_01,251.0,Bio Power,Unidentified balance of statewide bio-power residual,Statewide / multiple districts,Namakkal,Erode,138.2,0.0009888203792904956,0.1366549764179465,Residual proxy after subtracting Prayas/CEA-identified plants,https://energy.prayaspune.org/renewable-energy-data-portal/plant-wise-re,Low,"After identifying 93.0 MW of named plants, the remaining 45.2 MW is distributed using the prior ICED bio-power district proxy shares."
others_districts_not_specified_biomass_bagasse_based_cogen_tamil__aggregate_01,251.0,Bio Power,Perambalur Co-operative Sugar Mills,Statewide / multiple districts,Perambalur,Trichy,138.2,0.13024602026049206,18.0,Historical plant decomposition from Prayas/CEA evidence,https://energy.prayaspune.org/renewable-energy-data-portal/plant-wise-re,Medium,Identified as part of the ICED statewide 138.2 MW category; Prayas raw location says Cuddalore; CEA and Tamil Nadu sources place the mill in Perambalur. Capacity is deducted from the residual proxy balance to avoid double counting.
others_districts_not_specified_biomass_bagasse_based_cogen_tamil__aggregate_01,251.0,Bio Power,Unidentified balance of statewide bio-power residual,Statewide / multiple districts,Perambalur,Trichy,138.2,0.023336160951255697,3.225057443463537,Residual proxy after subtracting Prayas/CEA-identified plants,https://energy.prayaspune.org/renewable-energy-data-portal/plant-wise-re,Low,"After identifying 93.0 MW of named plants, the remaining 45.2 MW is distributed using the prior ICED bio-power district proxy shares."
others_districts_not_specified_biomass_bagasse_based_cogen_tamil__aggregate_01,251.0,Bio Power,Unidentified balance of statewide bio-power residual,Statewide / multiple districts,Pudukkottai,Trichy,138.2,0.014041249385925037,1.94050066513484,Residual proxy after subtracting Prayas/CEA-identified plants,https://energy.prayaspune.org/renewable-energy-data-portal/plant-wise-re,Low,"After identifying 93.0 MW of named plants, the remaining 45.2 MW is distributed using the prior ICED bio-power district proxy shares."
others_districts_not_specified_biomass_bagasse_based_cogen_tamil__aggregate_01,251.0,Bio Power,Unidentified balance of statewide bio-power residual,Statewide / multiple districts,Sivagangai,Madurai,138.2,0.023336160951255697,3.225057443463537,Residual proxy after subtracting Prayas/CEA-identified plants,https://energy.prayaspune.org/renewable-energy-data-portal/plant-wise-re,Low,"After identifying 93.0 MW of named plants, the remaining 45.2 MW is distributed using the prior ICED bio-power district proxy shares."
others_districts_not_specified_biomass_bagasse_based_cogen_tamil__aggregate_01,251.0,Bio Power,Arignar Anna Co-operative Sugar Mills,Statewide / multiple districts,Thanjavur,Trichy,138.2,0.10853835021707671,15.0,Historical plant decomposition from Prayas/CEA evidence,https://energy.prayaspune.org/renewable-energy-data-portal/plant-wise-re,Medium,Identified as part of the ICED statewide 138.2 MW category; Plant is present in Prayas and the CEA bagasse list. Capacity is deducted from the residual proxy balance to avoid double counting.
others_districts_not_specified_biomass_bagasse_based_cogen_tamil__aggregate_01,251.0,Bio Power,Unidentified balance of statewide bio-power residual,Statewide / multiple districts,Thanjavur,Trichy,138.2,0.020535821637105014,2.838050550247913,Residual proxy after subtracting Prayas/CEA-identified plants,https://energy.prayaspune.org/renewable-energy-data-portal/plant-wise-re,Low,"After identifying 93.0 MW of named plants, the remaining 45.2 MW is distributed using the prior ICED bio-power district proxy shares."
others_districts_not_specified_biomass_bagasse_based_cogen_tamil__aggregate_01,251.0,Bio Power,Unidentified balance of statewide bio-power residual,Statewide / multiple districts,Theni,Madurai,138.2,0.006526214503317271,0.9019228443584467,Residual proxy after subtracting Prayas/CEA-identified plants,https://energy.prayaspune.org/renewable-energy-data-portal/plant-wise-re,Low,"After identifying 93.0 MW of named plants, the remaining 45.2 MW is distributed using the prior ICED bio-power district proxy shares."
others_districts_not_specified_biomass_bagasse_based_cogen_tamil__aggregate_01,251.0,Bio Power,Unidentified balance of statewide bio-power residual,Statewide / multiple districts,Thoothukudi,Tirunelveli,138.2,0.0023731689102971893,0.32797194340307156,Residual proxy after subtracting Prayas/CEA-identified plants,https://energy.prayaspune.org/renewable-energy-data-portal/plant-wise-re,Low,"After identifying 93.0 MW of named plants, the remaining 45.2 MW is distributed using the prior ICED bio-power district proxy shares."
others_districts_not_specified_biomass_bagasse_based_cogen_tamil__aggregate_01,251.0,Bio Power,Unidentified balance of statewide bio-power residual,Statewide / multiple districts,Tiruchirappalli,Trichy,138.2,0.007119506730891569,0.9839158302092147,Residual proxy after subtracting Prayas/CEA-identified plants,https://energy.prayaspune.org/renewable-energy-data-portal/plant-wise-re,Low,"After identifying 93.0 MW of named plants, the remaining 45.2 MW is distributed using the prior ICED bio-power district proxy shares."
others_districts_not_specified_biomass_bagasse_based_cogen_tamil__aggregate_01,251.0,Bio Power,Unidentified balance of statewide bio-power residual,Statewide / multiple districts,Tirunelveli,Tirunelveli,138.2,0.03955281517161983,5.466199056717859,Residual proxy after subtracting Prayas/CEA-identified plants,https://energy.prayaspune.org/renewable-energy-data-portal/plant-wise-re,Low,"After identifying 93.0 MW of named plants, the remaining 45.2 MW is distributed using the prior ICED bio-power district proxy shares."
others_districts_not_specified_biomass_bagasse_based_cogen_tamil__aggregate_01,251.0,Bio Power,Unidentified balance of statewide bio-power residual,Statewide / multiple districts,Tiruvallur,Chennai North,138.2,0.0018589823130661317,0.2569113556657394,Residual proxy after subtracting Prayas/CEA-identified plants,https://energy.prayaspune.org/renewable-energy-data-portal/plant-wise-re,Low,"After identifying 93.0 MW of named plants, the remaining 45.2 MW is distributed using the prior ICED bio-power district proxy shares."
others_districts_not_specified_biomass_bagasse_based_cogen_tamil__aggregate_01,251.0,Bio Power,Cheyyar Co-operative Sugar Mills (15 MW unit),Statewide / multiple districts,Tiruvannamalai,Villupuram,138.2,0.10853835021707671,15.0,Historical plant decomposition from Prayas/CEA evidence,https://energy.prayaspune.org/renewable-energy-data-portal/plant-wise-re,Medium,Identified as part of the ICED statewide 138.2 MW category; Prayas raw location says Erode; CEA and Tamil Nadu sources place the mill in Tiruvannamalai. Capacity is deducted from the residual proxy balance to avoid double counting.
others_districts_not_specified_biomass_bagasse_based_cogen_tamil__aggregate_01,251.0,Bio Power,Unidentified balance of statewide bio-power residual,Statewide / multiple districts,Tiruvannamalai,Villupuram,138.2,0.030772090203520223,4.252702866126494,Residual proxy after subtracting Prayas/CEA-identified plants,https://energy.prayaspune.org/renewable-energy-data-portal/plant-wise-re,Low,"After identifying 93.0 MW of named plants, the remaining 45.2 MW is distributed using the prior ICED bio-power district proxy shares."
others_districts_not_specified_biomass_bagasse_based_cogen_tamil__aggregate_01,251.0,Bio Power,Vellore Co-operative Sugar Mills,Statewide / multiple districts,Vellore,Vellore,138.2,0.10853835021707671,15.0,Historical plant decomposition from Prayas/CEA evidence,https://energy.prayaspune.org/renewable-energy-data-portal/plant-wise-re,Medium,Identified as part of the ICED statewide 138.2 MW category; Plant is present in Prayas and the CEA bagasse list. Capacity is deducted from the residual proxy balance to avoid double counting.
others_districts_not_specified_biomass_bagasse_based_cogen_tamil__aggregate_01,251.0,Bio Power,Chengalrayan Co-operative Sugar Mills,Statewide / multiple districts,Viluppuram,Villupuram,138.2,0.13024602026049206,18.0,Historical plant decomposition from Prayas/CEA evidence,https://energy.prayaspune.org/renewable-energy-data-portal/plant-wise-re,Medium,Identified as part of the ICED statewide 138.2 MW category; Prayas raw location says Erode; official Tamil Nadu sources place Periyasevalai mill in Viluppuram. Capacity is deducted from the residual proxy balance to avoid double counting.
others_districts_not_specified_biomass_bagasse_based_cogen_tamil__aggregate_01,251.0,Bio Power,Unidentified balance of statewide bio-power residual,Statewide / multiple districts,Viluppuram,Villupuram,138.2,0.025313801709836686,3.49836739629943,Residual proxy after subtracting Prayas/CEA-identified plants,https://energy.prayaspune.org/renewable-energy-data-portal/plant-wise-re,Low,"After identifying 93.0 MW of named plants, the remaining 45.2 MW is distributed using the prior ICED bio-power district proxy shares."
others_districts_not_specified_biomass_bagasse_based_cogen_tamil__aggregate_01,251.0,Bio Power,Unidentified balance of statewide bio-power residual,Statewide / multiple districts,Virudhunagar,Tirunelveli,138.2,0.005913145868157163,0.8171967589793199,Residual proxy after subtracting Prayas/CEA-identified plants,https://energy.prayaspune.org/renewable-energy-data-portal/plant-wise-re,Low,"After identifying 93.0 MW of named plants, the remaining 45.2 MW is distributed using the prior ICED bio-power district proxy shares."
others_districts_not_specified_non_bagasse_based_cogen_tamil_nad__aggregate_01,252.0,Bio Power,Others (districts not specified) [Non-Bagasse based cogen.] Tamil Nadu N.A. 525,Statewide / multiple districts,Chennai,Chennai North,52.05,0.0003023340186237755,0.015736485669367514,Proportional proxy using known Bio Power capacity by district in PlantInfo,https://mnre.gov.in/en/physical-progress/,Low,"This is a statewide/residual category, not a plant-level record. The allocation preserves the row total but is an analytical proxy, not an observed facility location."
others_districts_not_specified_non_bagasse_based_cogen_tamil_nad__aggregate_01,252.0,Bio Power,Others (districts not specified) [Non-Bagasse based cogen.] Tamil Nadu N.A. 525,Statewide / multiple districts,Coimbatore,Coimbatore,52.05,0.014028298464143184,0.7301729350586527,Proportional proxy using known Bio Power capacity by district in PlantInfo,https://mnre.gov.in/en/physical-progress/,Low,"This is a statewide/residual category, not a plant-level record. The allocation preserves the row total but is an analytical proxy, not an observed facility location."
others_districts_not_specified_non_bagasse_based_cogen_tamil_nad__aggregate_01,252.0,Bio Power,Others (districts not specified) [Non-Bagasse based cogen.] Tamil Nadu N.A. 525,Statewide / multiple districts,Cuddalore,Villupuram,52.05,0.10966259523521586,5.707938081992985,Proportional proxy using known Bio Power capacity by district in PlantInfo,https://mnre.gov.in/en/physical-progress/,Low,"This is a statewide/residual category, not a plant-level record. The allocation preserves the row total but is an analytical proxy, not an observed facility location."
others_districts_not_specified_non_bagasse_based_cogen_tamil_nad__aggregate_01,252.0,Bio Power,Others (districts not specified) [Non-Bagasse based cogen.] Tamil Nadu N.A. 525,Statewide / multiple districts,Dharmapuri,Vellore,52.05,0.01814004111742653,0.9441891401620508,Proportional proxy using known Bio Power capacity by district in PlantInfo,https://mnre.gov.in/en/physical-progress/,Low,"This is a statewide/residual category, not a plant-level record. The allocation preserves the row total but is an analytical proxy, not an observed facility location."
others_districts_not_specified_non_bagasse_based_cogen_tamil_nad__aggregate_01,252.0,Bio Power,Others (districts not specified) [Non-Bagasse based cogen.] Tamil Nadu N.A. 525,Statewide / multiple districts,Dindigul,Madurai,52.05,0.009070020558713265,0.4720945700810254,Proportional proxy using known Bio Power capacity by district in PlantInfo,https://mnre.gov.in/en/physical-progress/,Low,"This is a statewide/residual category, not a plant-level record. The allocation preserves the row total but is an analytical proxy, not an observed facility location."
others_districts_not_specified_non_bagasse_based_cogen_tamil_nad__aggregate_01,252.0,Bio Power,Others (districts not specified) [Non-Bagasse based cogen.] Tamil Nadu N.A. 525,Statewide / multiple districts,Erode,Erode,52.05,0.1173055992260249,6.105756439714596,Proportional proxy using known Bio Power capacity by district in PlantInfo,https://mnre.gov.in/en/physical-progress/,Low,"This is a statewide/residual category, not a plant-level record. The allocation preserves the row total but is an analytical proxy, not an observed facility location."
others_districts_not_specified_non_bagasse_based_cogen_tamil_nad__aggregate_01,252.0,Bio Power,Others (districts not specified) [Non-Bagasse based cogen.] Tamil Nadu N.A. 525,Statewide / multiple districts,Kancheepuram,Chennai South,52.05,0.07618817269319143,3.9655943886806138,Proportional proxy using known Bio Power capacity by district in PlantInfo,https://mnre.gov.in/en/physical-progress/,Low,"This is a statewide/residual category, not a plant-level record. The allocation preserves the row total but is an analytical proxy, not an observed facility location."
others_districts_not_specified_non_bagasse_based_cogen_tamil_nad__aggregate_01,252.0,Bio Power,Others (districts not specified) [Non-Bagasse based cogen.] Tamil Nadu N.A. 525,Statewide / multiple districts,Karur,Trichy,52.05,0.026605393638892246,1.3848107389043414,Proportional proxy using known Bio Power capacity by district in PlantInfo,https://mnre.gov.in/en/physical-progress/,Low,"This is a statewide/residual category, not a plant-level record. The allocation preserves the row total but is an analytical proxy, not an observed facility location."
others_districts_not_specified_non_bagasse_based_cogen_tamil_nad__aggregate_01,252.0,Bio Power,Others (districts not specified) [Non-Bagasse based cogen.] Tamil Nadu N.A. 525,Statewide / multiple districts,Madurai,Madurai,52.05,0.01209336074495102,0.6294594267747006,Proportional proxy using known Bio Power capacity by district in PlantInfo,https://mnre.gov.in/en/physical-progress/,Low,"This is a statewide/residual category, not a plant-level record. The allocation preserves the row total but is an analytical proxy, not an observed facility location."
others_districts_not_specified_non_bagasse_based_cogen_tamil_nad__aggregate_01,252.0,Bio Power,Others (districts not specified) [Non-Bagasse based cogen.] Tamil Nadu N.A. 525,Statewide / multiple districts,Namakkal,Erode,52.05,0.003023340186237755,0.15736485669367514,Proportional proxy using known Bio Power capacity by district in PlantInfo,https://mnre.gov.in/en/physical-progress/,Low,"This is a statewide/residual category, not a plant-level record. The allocation preserves the row total but is an analytical proxy, not an observed facility location."
others_districts_not_specified_non_bagasse_based_cogen_tamil_nad__aggregate_01,252.0,Bio Power,Others (districts not specified) [Non-Bagasse based cogen.] Tamil Nadu N.A. 525,Statewide / multiple districts,Perambalur,Trichy,52.05,0.07135082839521102,3.7138106179707333,Proportional proxy using known Bio Power capacity by district in PlantInfo,https://mnre.gov.in/en/physical-progress/,Low,"This is a statewide/residual category, not a plant-level record. The allocation preserves the row total but is an analytical proxy, not an observed facility location."
others_districts_not_specified_non_bagasse_based_cogen_tamil_nad__aggregate_01,252.0,Bio Power,Others (districts not specified) [Non-Bagasse based cogen.] Tamil Nadu N.A. 525,Statewide / multiple districts,Pudukkottai,Trichy,52.05,0.04293143064457612,2.234580965050187,Proportional proxy using known Bio Power capacity by district in PlantInfo,https://mnre.gov.in/en/physical-progress/,Low,"This is a statewide/residual category, not a plant-level record. The allocation preserves the row total but is an analytical proxy, not an observed facility location."
others_districts_not_specified_non_bagasse_based_cogen_tamil_nad__aggregate_01,252.0,Bio Power,Others (districts not specified) [Non-Bagasse based cogen.] Tamil Nadu N.A. 525,Statewide / multiple districts,Sivagangai,Madurai,52.05,0.07135082839521102,3.7138106179707333,Proportional proxy using known Bio Power capacity by district in PlantInfo,https://mnre.gov.in/en/physical-progress/,Low,"This is a statewide/residual category, not a plant-level record. The allocation preserves the row total but is an analytical proxy, not an observed facility location."
others_districts_not_specified_non_bagasse_based_cogen_tamil_nad__aggregate_01,252.0,Bio Power,Others (districts not specified) [Non-Bagasse based cogen.] Tamil Nadu N.A. 525,Statewide / multiple districts,Thanjavur,Trichy,52.05,0.0627887289877857,3.268153343814246,Proportional proxy using known Bio Power capacity by district in PlantInfo,https://mnre.gov.in/en/physical-progress/,Low,"This is a statewide/residual category, not a plant-level record. The allocation preserves the row total but is an analytical proxy, not an observed facility location."
others_districts_not_specified_non_bagasse_based_cogen_tamil_nad__aggregate_01,252.0,Bio Power,Others (districts not specified) [Non-Bagasse based cogen.] Tamil Nadu N.A. 525,Statewide / multiple districts,Theni,Madurai,52.05,0.019954045229169184,1.0386080541782559,Proportional proxy using known Bio Power capacity by district in PlantInfo,https://mnre.gov.in/en/physical-progress/,Low,"This is a statewide/residual category, not a plant-level record. The allocation preserves the row total but is an analytical proxy, not an observed facility location."
others_districts_not_specified_non_bagasse_based_cogen_tamil_nad__aggregate_01,252.0,Bio Power,Others (districts not specified) [Non-Bagasse based cogen.] Tamil Nadu N.A. 525,Statewide / multiple districts,Thoothukudi,Tirunelveli,52.05,0.007256016446970612,0.37767565606482034,Proportional proxy using known Bio Power capacity by district in PlantInfo,https://mnre.gov.in/en/physical-progress/,Low,"This is a statewide/residual category, not a plant-level record. The allocation preserves the row total but is an analytical proxy, not an observed facility location."
others_districts_not_specified_non_bagasse_based_cogen_tamil_nad__aggregate_01,252.0,Bio Power,Others (districts not specified) [Non-Bagasse based cogen.] Tamil Nadu N.A. 525,Statewide / multiple districts,Tiruchirappalli,Trichy,52.05,0.021768049340911838,1.1330269681944611,Proportional proxy using known Bio Power capacity by district in PlantInfo,https://mnre.gov.in/en/physical-progress/,Low,"This is a statewide/residual category, not a plant-level record. The allocation preserves the row total but is an analytical proxy, not an observed facility location."
others_districts_not_specified_non_bagasse_based_cogen_tamil_nad__aggregate_01,252.0,Bio Power,Others (districts not specified) [Non-Bagasse based cogen.] Tamil Nadu N.A. 525,Statewide / multiple districts,Tirunelveli,Tirunelveli,52.05,0.1209336074495102,6.294594267747006,Proportional proxy using known Bio Power capacity by district in PlantInfo,https://mnre.gov.in/en/physical-progress/,Low,"This is a statewide/residual category, not a plant-level record. The allocation preserves the row total but is an analytical proxy, not an observed facility location."
others_districts_not_specified_non_bagasse_based_cogen_tamil_nad__aggregate_01,252.0,Bio Power,Others (districts not specified) [Non-Bagasse based cogen.] Tamil Nadu N.A. 525,Statewide / multiple districts,Tiruvallur,Chennai North,52.05,0.00568387955012698,0.2958459305841093,Proportional proxy using known Bio Power capacity by district in PlantInfo,https://mnre.gov.in/en/physical-progress/,Low,"This is a statewide/residual category, not a plant-level record. The allocation preserves the row total but is an analytical proxy, not an observed facility location."
others_districts_not_specified_non_bagasse_based_cogen_tamil_nad__aggregate_01,252.0,Bio Power,Others (districts not specified) [Non-Bagasse based cogen.] Tamil Nadu N.A. 525,Statewide / multiple districts,Tiruvannamalai,Villupuram,52.05,0.09408634659571893,4.89719434030717,Proportional proxy using known Bio Power capacity by district in PlantInfo,https://mnre.gov.in/en/physical-progress/,Low,"This is a statewide/residual category, not a plant-level record. The allocation preserves the row total but is an analytical proxy, not an observed facility location."
others_districts_not_specified_non_bagasse_based_cogen_tamil_nad__aggregate_01,252.0,Bio Power,Others (districts not specified) [Non-Bagasse based cogen.] Tamil Nadu N.A. 525,Statewide / multiple districts,Viluppuram,Villupuram,52.05,0.07739750876768653,4.028540331358084,Proportional proxy using known Bio Power capacity by district in PlantInfo,https://mnre.gov.in/en/physical-progress/,Low,"This is a statewide/residual category, not a plant-level record. The allocation preserves the row total but is an analytical proxy, not an observed facility location."
others_districts_not_specified_non_bagasse_based_cogen_tamil_nad__aggregate_01,252.0,Bio Power,Others (districts not specified) [Non-Bagasse based cogen.] Tamil Nadu N.A. 525,Statewide / multiple districts,Virudhunagar,Tirunelveli,52.05,0.018079574313701774,0.9410418430281773,Proportional proxy using known Bio Power capacity by district in PlantInfo,https://mnre.gov.in/en/physical-progress/,Low,"This is a statewide/residual category, not a plant-level record. The allocation preserves the row total but is an analytical proxy, not an observed facility location."
others_districts_not_specified_waste_to_energy_off_grid_tamil_na__aggregate_01,253.0,Bio Power,Others (districts not specified) [Waste to Energy (Off-grid)] Tamil Nadu N.A. 27.57,Statewide / multiple districts,Chennai,Chennai North,27.57,0.0003023340186237755,0.008335348893457491,Proportional proxy using known Bio Power capacity by district in PlantInfo,https://mnre.gov.in/en/physical-progress/,Low,"This is a statewide/residual category, not a plant-level record. The allocation preserves the row total but is an analytical proxy, not an observed facility location."
others_districts_not_specified_waste_to_energy_off_grid_tamil_na__aggregate_01,253.0,Bio Power,Others (districts not specified) [Waste to Energy (Off-grid)] Tamil Nadu N.A. 27.57,Statewide / multiple districts,Coimbatore,Coimbatore,27.57,0.014028298464143184,0.3867601886564276,Proportional proxy using known Bio Power capacity by district in PlantInfo,https://mnre.gov.in/en/physical-progress/,Low,"This is a statewide/residual category, not a plant-level record. The allocation preserves the row total but is an analytical proxy, not an observed facility location."
others_districts_not_specified_waste_to_energy_off_grid_tamil_na__aggregate_01,253.0,Bio Power,Others (districts not specified) [Waste to Energy (Off-grid)] Tamil Nadu N.A. 27.57,Statewide / multiple districts,Cuddalore,Villupuram,27.57,0.10966259523521586,3.0233977506349015,Proportional proxy using known Bio Power capacity by district in PlantInfo,https://mnre.gov.in/en/physical-progress/,Low,"This is a statewide/residual category, not a plant-level record. The allocation preserves the row total but is an analytical proxy, not an observed facility location."
others_districts_not_specified_waste_to_energy_off_grid_tamil_na__aggregate_01,253.0,Bio Power,Others (districts not specified) [Waste to Energy (Off-grid)] Tamil Nadu N.A. 27.57,Statewide / multiple districts,Dharmapuri,Vellore,27.57,0.01814004111742653,0.5001209336074495,Proportional proxy using known Bio Power capacity by district in PlantInfo,https://mnre.gov.in/en/physical-progress/,Low,"This is a statewide/residual category, not a plant-level record. The allocation preserves the row total but is an analytical proxy, not an observed facility location."
others_districts_not_specified_waste_to_energy_off_grid_tamil_na__aggregate_01,253.0,Bio Power,Others (districts not specified) [Waste to Energy (Off-grid)] Tamil Nadu N.A. 27.57,Statewide / multiple districts,Dindigul,Madurai,27.57,0.009070020558713265,0.25006046680372473,Proportional proxy using known Bio Power capacity by district in PlantInfo,https://mnre.gov.in/en/physical-progress/,Low,"This is a statewide/residual category, not a plant-level record. The allocation preserves the row total but is an analytical proxy, not an observed facility location."
others_districts_not_specified_waste_to_energy_off_grid_tamil_na__aggregate_01,253.0,Bio Power,Others (districts not specified) [Waste to Energy (Off-grid)] Tamil Nadu N.A. 27.57,Statewide / multiple districts,Erode,Erode,27.57,0.1173055992260249,3.2341153706615065,Proportional proxy using known Bio Power capacity by district in PlantInfo,https://mnre.gov.in/en/physical-progress/,Low,"This is a statewide/residual category, not a plant-level record. The allocation preserves the row total but is an analytical proxy, not an observed facility location."
others_districts_not_specified_waste_to_energy_off_grid_tamil_na__aggregate_01,253.0,Bio Power,Others (districts not specified) [Waste to Energy (Off-grid)] Tamil Nadu N.A. 27.57,Statewide / multiple districts,Kancheepuram,Chennai South,27.57,0.07618817269319143,2.100507921151288,Proportional proxy using known Bio Power capacity by district in PlantInfo,https://mnre.gov.in/en/physical-progress/,Low,"This is a statewide/residual category, not a plant-level record. The allocation preserves the row total but is an analytical proxy, not an observed facility location."
others_districts_not_specified_waste_to_energy_off_grid_tamil_na__aggregate_01,253.0,Bio Power,Others (districts not specified) [Waste to Energy (Off-grid)] Tamil Nadu N.A. 27.57,Statewide / multiple districts,Karur,Trichy,27.57,0.026605393638892246,0.7335107026242592,Proportional proxy using known Bio Power capacity by district in PlantInfo,https://mnre.gov.in/en/physical-progress/,Low,"This is a statewide/residual category, not a plant-level record. The allocation preserves the row total but is an analytical proxy, not an observed facility location."
others_districts_not_specified_waste_to_energy_off_grid_tamil_na__aggregate_01,253.0,Bio Power,Others (districts not specified) [Waste to Energy (Off-grid)] Tamil Nadu N.A. 27.57,Statewide / multiple districts,Madurai,Madurai,27.57,0.01209336074495102,0.3334139557382996,Proportional proxy using known Bio Power capacity by district in PlantInfo,https://mnre.gov.in/en/physical-progress/,Low,"This is a statewide/residual category, not a plant-level record. The allocation preserves the row total but is an analytical proxy, not an observed facility location."
others_districts_not_specified_waste_to_energy_off_grid_tamil_na__aggregate_01,253.0,Bio Power,Others (districts not specified) [Waste to Energy (Off-grid)] Tamil Nadu N.A. 27.57,Statewide / multiple districts,Namakkal,Erode,27.57,0.003023340186237755,0.0833534889345749,Proportional proxy using known Bio Power capacity by district in PlantInfo,https://mnre.gov.in/en/physical-progress/,Low,"This is a statewide/residual category, not a plant-level record. The allocation preserves the row total but is an analytical proxy, not an observed facility location."
others_districts_not_specified_waste_to_energy_off_grid_tamil_na__aggregate_01,253.0,Bio Power,Others (districts not specified) [Waste to Energy (Off-grid)] Tamil Nadu N.A. 27.57,Statewide / multiple districts,Perambalur,Trichy,27.57,0.07135082839521102,1.967142338855968,Proportional proxy using known Bio Power capacity by district in PlantInfo,https://mnre.gov.in/en/physical-progress/,Low,"This is a statewide/residual category, not a plant-level record. The allocation preserves the row total but is an analytical proxy, not an observed facility location."
others_districts_not_specified_waste_to_energy_off_grid_tamil_na__aggregate_01,253.0,Bio Power,Others (districts not specified) [Waste to Energy (Off-grid)] Tamil Nadu N.A. 27.57,Statewide / multiple districts,Pudukkottai,Trichy,27.57,0.04293143064457612,1.1836195428709637,Proportional proxy using known Bio Power capacity by district in PlantInfo,https://mnre.gov.in/en/physical-progress/,Low,"This is a statewide/residual category, not a plant-level record. The allocation preserves the row total but is an analytical proxy, not an observed facility location."
others_districts_not_specified_waste_to_energy_off_grid_tamil_na__aggregate_01,253.0,Bio Power,Others (districts not specified) [Waste to Energy (Off-grid)] Tamil Nadu N.A. 27.57,Statewide / multiple districts,Sivagangai,Madurai,27.57,0.07135082839521102,1.967142338855968,Proportional proxy using known Bio Power capacity by district in PlantInfo,https://mnre.gov.in/en/physical-progress/,Low,"This is a statewide/residual category, not a plant-level record. The allocation preserves the row total but is an analytical proxy, not an observed facility location."
others_districts_not_specified_waste_to_energy_off_grid_tamil_na__aggregate_01,253.0,Bio Power,Others (districts not specified) [Waste to Energy (Off-grid)] Tamil Nadu N.A. 27.57,Statewide / multiple districts,Thanjavur,Trichy,27.57,0.0627887289877857,1.7310852581932519,Proportional proxy using known Bio Power capacity by district in PlantInfo,https://mnre.gov.in/en/physical-progress/,Low,"This is a statewide/residual category, not a plant-level record. The allocation preserves the row total but is an analytical proxy, not an observed facility location."
others_districts_not_specified_waste_to_energy_off_grid_tamil_na__aggregate_01,253.0,Bio Power,Others (districts not specified) [Waste to Energy (Off-grid)] Tamil Nadu N.A. 27.57,Statewide / multiple districts,Theni,Madurai,27.57,0.019954045229169184,0.5501330269681944,Proportional proxy using known Bio Power capacity by district in PlantInfo,https://mnre.gov.in/en/physical-progress/,Low,"This is a statewide/residual category, not a plant-level record. The allocation preserves the row total but is an analytical proxy, not an observed facility location."
others_districts_not_specified_waste_to_energy_off_grid_tamil_na__aggregate_01,253.0,Bio Power,Others (districts not specified) [Waste to Energy (Off-grid)] Tamil Nadu N.A. 27.57,Statewide / multiple districts,Thoothukudi,Tirunelveli,27.57,0.007256016446970612,0.20004837344297977,Proportional proxy using known Bio Power capacity by district in PlantInfo,https://mnre.gov.in/en/physical-progress/,Low,"This is a statewide/residual category, not a plant-level record. The allocation preserves the row total but is an analytical proxy, not an observed facility location."
others_districts_not_specified_waste_to_energy_off_grid_tamil_na__aggregate_01,253.0,Bio Power,Others (districts not specified) [Waste to Energy (Off-grid)] Tamil Nadu N.A. 27.57,Statewide / multiple districts,Tiruchirappalli,Trichy,27.57,0.021768049340911838,0.6001451203289394,Proportional proxy using known Bio Power capacity by district in PlantInfo,https://mnre.gov.in/en/physical-progress/,Low,"This is a statewide/residual category, not a plant-level record. The allocation preserves the row total but is an analytical proxy, not an observed facility location."
others_districts_not_specified_waste_to_energy_off_grid_tamil_na__aggregate_01,253.0,Bio Power,Others (districts not specified) [Waste to Energy (Off-grid)] Tamil Nadu N.A. 27.57,Statewide / multiple districts,Tirunelveli,Tirunelveli,27.57,0.1209336074495102,3.3341395573829966,Proportional proxy using known Bio Power capacity by district in PlantInfo,https://mnre.gov.in/en/physical-progress/,Low,"This is a statewide/residual category, not a plant-level record. The allocation preserves the row total but is an analytical proxy, not an observed facility location."
others_districts_not_specified_waste_to_energy_off_grid_tamil_na__aggregate_01,253.0,Bio Power,Others (districts not specified) [Waste to Energy (Off-grid)] Tamil Nadu N.A. 27.57,Statewide / multiple districts,Tiruvallur,Chennai North,27.57,0.00568387955012698,0.15670455919700083,Proportional proxy using known Bio Power capacity by district in PlantInfo,https://mnre.gov.in/en/physical-progress/,Low,"This is a statewide/residual category, not a plant-level record. The allocation preserves the row total but is an analytical proxy, not an observed facility location."
others_districts_not_specified_waste_to_energy_off_grid_tamil_na__aggregate_01,253.0,Bio Power,Others (districts not specified) [Waste to Energy (Off-grid)] Tamil Nadu N.A. 27.57,Statewide / multiple districts,Tiruvannamalai,Villupuram,27.57,0.09408634659571893,2.593960575643971,Proportional proxy using known Bio Power capacity by district in PlantInfo,https://mnre.gov.in/en/physical-progress/,Low,"This is a statewide/residual category, not a plant-level record. The allocation preserves the row total but is an analytical proxy, not an observed facility location."
others_districts_not_specified_waste_to_energy_off_grid_tamil_na__aggregate_01,253.0,Bio Power,Others (districts not specified) [Waste to Energy (Off-grid)] Tamil Nadu N.A. 27.57,Statewide / multiple districts,Viluppuram,Villupuram,27.57,0.07739750876768653,2.133849316725118,Proportional proxy using known Bio Power capacity by district in PlantInfo,https://mnre.gov.in/en/physical-progress/,Low,"This is a statewide/residual category, not a plant-level record. The allocation preserves the row total but is an analytical proxy, not an observed facility location."
others_districts_not_specified_waste_to_energy_off_grid_tamil_na__aggregate_01,253.0,Bio Power,Others (districts not specified) [Waste to Energy (Off-grid)] Tamil Nadu N.A. 27.57,Statewide / multiple districts,Virudhunagar,Tirunelveli,27.57,0.018079574313701774,0.4984538638287579,Proportional proxy using known Bio Power capacity by district in PlantInfo,https://mnre.gov.in/en/physical-progress/,Low,"This is a statewide/residual category, not a plant-level record. The allocation preserves the row total but is an analytical proxy, not an observed facility location."
ponni_sugars_limited_tamil_nadu_erode_19__unit_01,254.0,Bio Power,Ponni Sugars Limited Tamil Nadu Erode 19,Erode,Erode,Erode,19.0,1.0,19.0,District carried from original workbook,,Existing,No online correction applied because a single district was already provided.
prathyusha_power_pvt_ltd_tamil_nadu_tirunelveli_10__unit_01,255.0,Bio Power,Prathyusha Power Pvt. Ltd. Tamil Nadu Tirunelveli 10,Tirunelveli,Tirunelveli,Tirunelveli,10.0,1.0,10.0,District carried from original workbook,,Existing,No online correction applied because a single district was already provided.
rajashree_sugars_chemicals_ltd_tamil_nadu_theni_12__unit_01,256.0,Bio Power,Rajashree Sugars & Chemicals Ltd. Tamil Nadu Theni 12,Theni,Theni,Madurai,12.0,1.0,12.0,District carried from original workbook,,Existing,No online correction applied because a single district was already provided.
rajashree_sugars_chemicals_ltd_tamil_nadu_viluppuram_20__unit_01,257.0,Bio Power,Rajashree Sugars & Chemicals Ltd. Tamil Nadu Viluppuram 20,Viluppuram,Viluppuram,Villupuram,20.0,1.0,20.0,District carried from original workbook,,Existing,No online correction applied because a single district was already provided.
rajashree_sugars_chemicals_ltd_tamil_nadu_viluppuram_22__unit_01,258.0,Bio Power,Rajashree Sugars & Chemicals Ltd. Tamil Nadu Viluppuram 22,Viluppuram,Viluppuram,Villupuram,22.0,1.0,22.0,District carried from original workbook,,Existing,No online correction applied because a single district was already provided.
rajkumar_impex_p_ltd_tamil_nadu_thoothukkudi_6__unit_01,259.0,Bio Power,Rajkumar Impex(P) Ltd. Tamil Nadu Thoothukkudi 6,Thoothukkudi,Thoothukudi,Tirunelveli,6.0,1.0,6.0,District carried from original workbook,,Existing,No online correction applied because a single district was already provided.
renuka_textiles_limited_tamil_nadu_theni_4_5__unit_01,260.0,Bio Power,Renuka Textiles Limited Tamil Nadu Theni 4.5,Theni,Theni,Madurai,4.5,1.0,4.5,District carried from original workbook,,Existing,No online correction applied because a single district was already provided.
s_v_sugar_mills_ltd_tamil_nadu_kancheepuram_45__unit_01,261.0,Bio Power,S.V Sugar Mills Ltd. Tamil Nadu Kancheepuram 45,Kancheepuram,Kancheepuram,Chennai South,45.0,1.0,45.0,District carried from original workbook,,Existing,No online correction applied because a single district was already provided.
saastha_energy_p_ltd_tamil_nadu_n_a_2__unit_01,262.0,Bio Power,Saastha Energy(P) Ltd Tamil Nadu N.A. 2,Vellore,Vellore,Vellore,2.0,1.0,2.0,Direct facility match in CEA plant-wise renewable-energy report,https://cea.nic.in/wp-content/uploads/resd/2023/09/August_Plantwise_Details_2022.pdf,High,"CEA lists Saastha Energy at Mambakkam village, Arcot Taluk, Vellore district."
sakti_sugars_ltd_tamil_nadu_erode_24_5__unit_01,263.0,Bio Power,Sakti Sugars Ltd. Tamil Nadu Erode 24.5,Erode,Erode,Erode,24.5,1.0,24.5,District carried from original workbook,,Existing,No online correction applied because a single district was already provided.
sakti_sugars_ltd_tamil_nadu_sivaganga_35__unit_01,264.0,Bio Power,Sakti Sugars Ltd. Tamil Nadu Sivaganga 35,Sivaganga,Sivagangai,Madurai,35.0,1.0,35.0,District carried from original workbook,,Existing,No online correction applied because a single district was already provided.
shakti_sugars_ltd_tamil_nadu_erode_32__unit_01,265.0,Bio Power,Shakti Sugars Ltd. Tamil Nadu Erode 32,Erode,Erode,Erode,32.0,1.0,32.0,District carried from original workbook,,Existing,No online correction applied because a single district was already provided.
shriraam_city_union_finance_ltd_tamil_nadu_thanjavur_7_5__unit_01,266.0,Bio Power,Shriraam City Union Finance Ltd. Tamil Nadu Thanjavur 7.5,Thanjavur,Thanjavur,Trichy,7.5,1.0,7.5,District carried from original workbook,,Existing,No online correction applied because a single district was already provided.
shriram_investments_ltd_tamil_nadu_dindigul_7_5__unit_01,267.0,Bio Power,Shriram Investments Ltd. Tamil Nadu Dindigul 7.5,Dindigul,Dindigul,Madurai,7.5,1.0,7.5,District carried from original workbook,,Existing,No online correction applied because a single district was already provided.
sripathi_paper_board_p_ltd_tamil_nadu_virudhunagar_4_95_09_03_20__unit_01,268.0,Bio Power,"Sripathi Paper & Board
(P) Ltd Tamil Nadu Virudhunagar 4.95 09.03.2011",Virudhunagar,Virudhunagar,Tirunelveli,4.95,1.0,4.95,District carried from original workbook,,Existing,No online correction applied because a single district was already provided.
subashri_bio_energy_p_ltd_tamil_nadu_namakkal_2_5__unit_01,269.0,Bio Power,"Subashri Bio Energy (P)
Ltd. Tamil Nadu Namakkal 2.5",Namakkal,Namakkal,Erode,2.5,1.0,2.5,District carried from original workbook,,Existing,No online correction applied because a single district was already provided.
subramania_siva_co_op_sugar_mills_tamil_nadu_dharmapuri_5__unit_01,270.0,Bio Power,Subramania Siva Co-op Sugar Mills Tamil Nadu Dharmapuri 5,Dharmapuri,Dharmapuri,Vellore,5.0,1.0,5.0,District carried from original workbook,,Existing,No online correction applied because a single district was already provided.
synergy_sakthi_renewable_energy_ltd_tamil_nadu_dharmapuri_10__unit_01,271.0,Bio Power,"Synergy Sakthi
Renewable energy Ltd. Tamil Nadu Dharmapuri 10",Dharmapuri,Dharmapuri,Vellore,10.0,1.0,10.0,District carried from original workbook,,Existing,No online correction applied because a single district was already provided.
tcp_ltd_tamil_nadu_sivaganga_9__unit_01,272.0,Bio Power,TCP Ltd. Tamil Nadu Sivaganga 9,Sivaganga,Sivagangai,Madurai,9.0,1.0,9.0,District carried from original workbook,,Existing,No online correction applied because a single district was already provided.
terra_energy_ltd_tamil_nadu_cuddalore_18_68__unit_01,273.0,Bio Power,Terra Energy Ltd. Tamil Nadu Cuddalore 18.68,Cuddalore,Cuddalore,Villupuram,18.68,1.0,18.68,District carried from original workbook,,Existing,No online correction applied because a single district was already provided.
terra_energy_ltd_tamil_nadu_thanjavur_28_42__unit_01,274.0,Bio Power,Terra Energy Ltd. Tamil Nadu Thanjavur 28.42,Thanjavur,Thanjavur,Trichy,28.42,1.0,28.42,District carried from original workbook,,Existing,No online correction applied because a single district was already provided.
kudankulam_atomic_power_project__unit_01,276.0,Nuclear,Kudankulam Atomic Power Project,Tirunelveli,Tirunelveli,Tirunelveli,1000.0,1.0,1000.0,District carried from original workbook,,Existing,No online correction applied because a single district was already provided.
kudankulam_atomic_power_project__unit_02,277.0,Nuclear,Kudankulam Atomic Power Project,Tirunelveli,Tirunelveli,Tirunelveli,1000.0,1.0,1000.0,District carried from original workbook,,Existing,No online correction applied because a single district was already provided.
madras_atomic_power_station__unit_01,282.0,Nuclear,Madras Atomic Power Station,Kancheepuram,Kancheepuram,Chennai South,220.0,1.0,220.0,District carried from original workbook,,Existing,No online correction applied because a single district was already provided.
madras_atomic_power_station__unit_02,283.0,Nuclear,Madras Atomic Power Station,Kancheepuram,Kancheepuram,Chennai South,220.0,1.0,220.0,District carried from original workbook,,Existing,No online correction applied because a single district was already provided.
aliyar_mini_hydel_project__unit_01,284.0,Small-Hydro,Aliyar Mini Hydel Project,Coimbatore,Coimbatore,Coimbatore,1.25,1.0,1.25,District carried from original workbook,,Existing,No online correction applied because a single district was already provided.
aliyar_mini_hydel_project__unit_02,285.0,Small-Hydro,Aliyar Mini Hydel Project,Coimbatore,Coimbatore,Coimbatore,1.25,1.0,1.25,District carried from original workbook,,Existing,No online correction applied because a single district was already provided.
amaravathi_small_hydro_project__unit_01,286.0,Small-Hydro,Amaravathi Small Hydro Project,Coimbatore,Coimbatore,Coimbatore,2.0,1.0,2.0,District carried from original workbook,,Existing,No online correction applied because a single district was already provided.
amaravathi_small_hydro_project__unit_02,287.0,Small-Hydro,Amaravathi Small Hydro Project,Coimbatore,Coimbatore,Coimbatore,2.0,1.0,2.0,District carried from original workbook,,Existing,No online correction applied because a single district was already provided.
bhavani_barrage_i_small_hydro_electric_project__unit_01,288.0,Small-Hydro,Bhavani Barrage I Small Hydro Electric Project,Coimbatore,Coimbatore,Coimbatore,5.0,1.0,5.0,District carried from original workbook,,Existing,No online correction applied because a single district was already provided.
bhavani_barrage_i_small_hydro_electric_project__unit_02,289.0,Small-Hydro,Bhavani Barrage I Small Hydro Electric Project,Coimbatore,Coimbatore,Coimbatore,5.0,1.0,5.0,District carried from original workbook,,Existing,No online correction applied because a single district was already provided.
bhavani_barrage_ii_small_hydro_electric_project__unit_01,290.0,Small-Hydro,Bhavani Barrage II Small Hydro Electric Project,Coimbatore,Coimbatore,Coimbatore,5.0,1.0,5.0,District carried from original workbook,,Existing,No online correction applied because a single district was already provided.
bhavani_barrage_ii_small_hydro_electric_project__unit_02,291.0,Small-Hydro,Bhavani Barrage II Small Hydro Electric Project,Coimbatore,Coimbatore,Coimbatore,5.0,1.0,5.0,District carried from original workbook,,Existing,No online correction applied because a single district was already provided.
lower_bhavani_micro_hydel_project__unit_04,292.0,Small-Hydro,Lower Bhavani Micro Hydel Project,Erode,Erode,Erode,2.0,1.0,2.0,District carried from original workbook,,Existing,No online correction applied because a single district was already provided.
lower_bhavani_micro_hydel_project__unit_03,293.0,Small-Hydro,Lower Bhavani Micro Hydel Project,Erode,Erode,Erode,2.0,1.0,2.0,District carried from original workbook,,Existing,No online correction applied because a single district was already provided.
lower_bhavani_micro_hydel_project__unit_02,294.0,Small-Hydro,Lower Bhavani Micro Hydel Project,Erode,Erode,Erode,2.0,1.0,2.0,District carried from original workbook,,Existing,No online correction applied because a single district was already provided.
lower_bhavani_micro_hydel_project__unit_01,295.0,Small-Hydro,Lower Bhavani Micro Hydel Project,Erode,Erode,Erode,2.0,1.0,2.0,District carried from original workbook,,Existing,No online correction applied because a single district was already provided.
lower_bhavani_right_bank_canal_project__unit_01,296.0,Small-Hydro,Lower Bhavani Right Bank Canal Project,Erode,Erode,Erode,4.0,1.0,4.0,District carried from original workbook,,Existing,No online correction applied because a single district was already provided.
lower_bhavani_right_bank_canal_project__unit_02,297.0,Small-Hydro,Lower Bhavani Right Bank Canal Project,Erode,Erode,Erode,4.0,1.0,4.0,District carried from original workbook,,Existing,No online correction applied because a single district was already provided.
maravakandy_small_hydro_project__unit_01,298.0,Small-Hydro,Maravakandy Small Hydro Project,Nilgiris,The Nilgiris,Coimbatore,0.75,1.0,0.75,District carried from original workbook,,Existing,No online correction applied because a single district was already provided.
mukurthy_small_hydro_project__unit_01,299.0,Small-Hydro,Mukurthy Small Hydro Project,Nilgiris,The Nilgiris,Coimbatore,0.35,1.0,0.35,District carried from original workbook,,Existing,No online correction applied because a single district was already provided.
mukurthy_small_hydro_project__unit_02,300.0,Small-Hydro,Mukurthy Small Hydro Project,Nilgiris,The Nilgiris,Coimbatore,0.35,1.0,0.35,District carried from original workbook,,Existing,No online correction applied because a single district was already provided.
periyar_vaigai_mini_i_hydro_project__unit_01,301.0,Small-Hydro,Periyar Vaigai Mini I Hydro Project,Kanniyakumari,Kanniyakumari,Tirunelveli,2.0,1.0,2.0,District carried from original workbook,,Existing,No online correction applied because a single district was already provided.
periyar_vaigai_mini_i_hydro_project__unit_02,302.0,Small-Hydro,Periyar Vaigai Mini I Hydro Project,Kanniyakumari,Kanniyakumari,Tirunelveli,2.0,1.0,2.0,District carried from original workbook,,Existing,No online correction applied because a single district was already provided.
periyar_vaigai_mini_ii_hydro_project__unit_01,303.0,Small-Hydro,Periyar Vaigai Mini II Hydro Project,Kanniyakumari,Kanniyakumari,Tirunelveli,1.25,1.0,1.25,District carried from original workbook,,Existing,No online correction applied because a single district was already provided.
periyar_vaigai_mini_ii_hydro_project__unit_02,304.0,Small-Hydro,Periyar Vaigai Mini II Hydro Project,Kanniyakumari,Kanniyakumari,Tirunelveli,1.25,1.0,1.25,District carried from original workbook,,Existing,No online correction applied because a single district was already provided.
periyar_vaigai_mini_iii_hydro_project__unit_01,305.0,Small-Hydro,Periyar Vaigai Mini III Hydro Project,Kanniyakumari,Kanniyakumari,Tirunelveli,2.0,1.0,2.0,District carried from original workbook,,Existing,No online correction applied because a single district was already provided.
periyar_vaigai_mini_iii_hydro_project__unit_02,306.0,Small-Hydro,Periyar Vaigai Mini III Hydro Project,Kanniyakumari,Kanniyakumari,Tirunelveli,2.0,1.0,2.0,District carried from original workbook,,Existing,No online correction applied because a single district was already provided.
periyar_vaigai_mini_iv_hydro_project__unit_01,307.0,Small-Hydro,Periyar Vaigai Mini IV Hydro Project,Kanniyakumari,Kanniyakumari,Tirunelveli,1.25,1.0,1.25,District carried from original workbook,,Existing,No online correction applied because a single district was already provided.
periyar_vaigai_mini_iv_hydro_project__unit_02,308.0,Small-Hydro,Periyar Vaigai Mini IV Hydro Project,Kanniyakumari,Kanniyakumari,Tirunelveli,1.25,1.0,1.25,District carried from original workbook,,Existing,No online correction applied because a single district was already provided.
perunchani_small_hydro_project__unit_01,309.0,Small-Hydro,Perunchani Small Hydro Project,Kanniyakumari,Kanniyakumari,Tirunelveli,0.65,1.0,0.65,District carried from original workbook,,Existing,No online correction applied because a single district was already provided.
perunchani_small_hydro_project__unit_02,310.0,Small-Hydro,Perunchani Small Hydro Project,Kanniyakumari,Kanniyakumari,Tirunelveli,0.65,1.0,0.65,District carried from original workbook,,Existing,No online correction applied because a single district was already provided.
punachi_small_hydro_project__unit_01,311.0,Small-Hydro,Punachi Small Hydro Project,Coimbatore,Coimbatore,Coimbatore,1.0,1.0,1.0,District carried from original workbook,,Existing,No online correction applied because a single district was already provided.
punachi_small_hydro_project__unit_02,312.0,Small-Hydro,Punachi Small Hydro Project,Coimbatore,Coimbatore,Coimbatore,1.0,1.0,1.0,District carried from original workbook,,Existing,No online correction applied because a single district was already provided.
pykara_micro_power_house__unit_01,313.0,Small-Hydro,Pykara Micro Power House,Nilgiris,The Nilgiris,Coimbatore,2.0,1.0,2.0,District carried from original workbook,,Existing,No online correction applied because a single district was already provided.
sathanur_small_hydro_project__unit_01,314.0,Small-Hydro,Sathanur Small Hydro Project,Tiruvannamalai,Tiruvannamalai,Villupuram,7.5,1.0,7.5,District carried from original workbook,,Existing,No online correction applied because a single district was already provided.
servalar_small_hydro_project__unit_01,315.0,Small-Hydro,Servalar Small Hydro Project,Tirunelveli,Tirunelveli,Tirunelveli,20.0,1.0,20.0,District carried from original workbook,,Existing,No online correction applied because a single district was already provided.
sholayar_ii_power_house__unit_01,316.0,Small-Hydro,Sholayar II Power House,Coimbatore,Coimbatore,Coimbatore,25.0,1.0,25.0,District carried from original workbook,,Existing,No online correction applied because a single district was already provided.
tamil_nadu_small_hydro_project_bunched__aggregate_01,317.0,Small-Hydro,Tamil Nadu Small Hydro Project Bunched,Location TBC,Madurai,Madurai,0.35,1.0,0.35,Capacity-and-technology match to Tuklapatti canal-drop small hydro project,https://www.nsenergybusiness.com/news/newstamil-nadu-to-consider-small-hydro-in-india/,Medium,The generic 0.35 MW bunched entry is matched to the 350 kW Tuklapatti project reported in Madurai; confirm if a plant identifier becomes available.
thirumurthy_mini_hydel_project__unit_01,318.0,Small-Hydro,Thirumurthy Mini Hydel Project,Tiruppur,Tiruppur,Coimbatore,0.65,1.0,0.65,District carried from original workbook,,Existing,No online correction applied because a single district was already provided.
thirumurthy_mini_hydel_project__unit_02,319.0,Small-Hydro,Thirumurthy Mini Hydel Project,Tiruppur,Tiruppur,Coimbatore,0.65,1.0,0.65,District carried from original workbook,,Existing,No online correction applied because a single district was already provided.
thirumurthy_mini_hydel_project__unit_03,320.0,Small-Hydro,Thirumurthy Mini Hydel Project,Tiruppur,Tiruppur,Coimbatore,0.65,1.0,0.65,District carried from original workbook,,Existing,No online correction applied because a single district was already provided.
vaigai_hydro_power_project__unit_01,321.0,Small-Hydro,Vaigai Hydro Power Project,Kanniyakumari,Kanniyakumari,Tirunelveli,3.0,1.0,3.0,District carried from original workbook,,Existing,No online correction applied because a single district was already provided.
vaigai_hydro_power_project__unit_02,322.0,Small-Hydro,Vaigai Hydro Power Project,Theni,Theni,Madurai,3.0,1.0,3.0,District carried from original workbook,,Existing,No online correction applied because a single district was already provided.
additional_2026_07__diesel_samayanallur__unit_01,,Diesel,"Madurai P, Samayanallur DG",Madurai,Madurai,Madurai,106.0,0.14285714285714285,15.142857142857142,Plant location from CEA station list,CEA List of Power Stations as on 31.03.2025,High,CEA unit-level total is 106.001 MW; 106.00 MW is used to reconcile to the rounded July 2026 state total. Diesel operating assumptions use the model oil-and-gas UC defaults.
additional_2026_07__diesel_samayanallur__unit_02,,Diesel,"Madurai P, Samayanallur DG",Madurai,Madurai,Madurai,106.0,0.14285714285714285,15.142857142857142,Plant location from CEA station list,CEA List of Power Stations as on 31.03.2025,High,CEA unit-level total is 106.001 MW; 106.00 MW is used to reconcile to the rounded July 2026 state total. Diesel operating assumptions use the model oil-and-gas UC defaults.
additional_2026_07__diesel_samayanallur__unit_03,,Diesel,"Madurai P, Samayanallur DG",Madurai,Madurai,Madurai,106.0,0.14285714285714285,15.142857142857142,Plant location from CEA station list,CEA List of Power Stations as on 31.03.2025,High,CEA unit-level total is 106.001 MW; 106.00 MW is used to reconcile to the rounded July 2026 state total. Diesel operating assumptions use the model oil-and-gas UC defaults.
additional_2026_07__diesel_samayanallur__unit_04,,Diesel,"Madurai P, Samayanallur DG",Madurai,Madurai,Madurai,106.0,0.14285714285714285,15.142857142857142,Plant location from CEA station list,CEA List of Power Stations as on 31.03.2025,High,CEA unit-level total is 106.001 MW; 106.00 MW is used to reconcile to the rounded July 2026 state total. Diesel operating assumptions use the model oil-and-gas UC defaults.
additional_2026_07__diesel_samayanallur__unit_05,,Diesel,"Madurai P, Samayanallur DG",Madurai,Madurai,Madurai,106.0,0.14285714285714285,15.142857142857142,Plant location from CEA station list,CEA List of Power Stations as on 31.03.2025,High,CEA unit-level total is 106.001 MW; 106.00 MW is used to reconcile to the rounded July 2026 state total. Diesel operating assumptions use the model oil-and-gas UC defaults.
additional_2026_07__diesel_samayanallur__unit_06,,Diesel,"Madurai P, Samayanallur DG",Madurai,Madurai,Madurai,106.0,0.14285714285714285,15.142857142857142,Plant location from CEA station list,CEA List of Power Stations as on 31.03.2025,High,CEA unit-level total is 106.001 MW; 106.00 MW is used to reconcile to the rounded July 2026 state total. Diesel operating assumptions use the model oil-and-gas UC defaults.
additional_2026_07__diesel_samayanallur__unit_07,,Diesel,"Madurai P, Samayanallur DG",Madurai,Madurai,Madurai,106.0,0.14285714285714285,15.142857142857142,Plant location from CEA station list,CEA List of Power Stations as on 31.03.2025,High,CEA unit-level total is 106.001 MW; 106.00 MW is used to reconcile to the rounded July 2026 state total. Diesel operating assumptions use the model oil-and-gas UC defaults.
additional_2026_07__diesel_samalpatti__unit_01,,Diesel,"Samalpati, Samalpatti DG",Krishnagiri,Krishnagiri,Vellore,105.7,0.14285714285714285,15.1,Plant location from CEA station list,CEA List of Power Stations as on 31.03.2025,High,District confirmed by the Krishnagiri district government. Diesel operating assumptions use the model oil-and-gas UC defaults.
additional_2026_07__diesel_samalpatti__unit_02,,Diesel,"Samalpati, Samalpatti DG",Krishnagiri,Krishnagiri,Vellore,105.7,0.14285714285714285,15.1,Plant location from CEA station list,CEA List of Power Stations as on 31.03.2025,High,District confirmed by the Krishnagiri district government. Diesel operating assumptions use the model oil-and-gas UC defaults.
additional_2026_07__diesel_samalpatti__unit_03,,Diesel,"Samalpati, Samalpatti DG",Krishnagiri,Krishnagiri,Vellore,105.7,0.14285714285714285,15.1,Plant location from CEA station list,CEA List of Power Stations as on 31.03.2025,High,District confirmed by the Krishnagiri district government. Diesel operating assumptions use the model oil-and-gas UC defaults.
additional_2026_07__diesel_samalpatti__unit_04,,Diesel,"Samalpati, Samalpatti DG",Krishnagiri,Krishnagiri,Vellore,105.7,0.14285714285714285,15.1,Plant location from CEA station list,CEA List of Power Stations as on 31.03.2025,High,District confirmed by the Krishnagiri district government. Diesel operating assumptions use the model oil-and-gas UC defaults.
additional_2026_07__diesel_samalpatti__unit_05,,Diesel,"Samalpati, Samalpatti DG",Krishnagiri,Krishnagiri,Vellore,105.7,0.14285714285714285,15.1,Plant location from CEA station list,CEA List of Power Stations as on 31.03.2025,High,District confirmed by the Krishnagiri district government. Diesel operating assumptions use the model oil-and-gas UC defaults.
additional_2026_07__diesel_samalpatti__unit_06,,Diesel,"Samalpati, Samalpatti DG",Krishnagiri,Krishnagiri,Vellore,105.7,0.14285714285714285,15.1,Plant location from CEA station list,CEA List of Power Stations as on 31.03.2025,High,District confirmed by the Krishnagiri district government. Diesel operating assumptions use the model oil-and-gas UC defaults.
additional_2026_07__diesel_samalpatti__unit_07,,Diesel,"Samalpati, Samalpatti DG",Krishnagiri,Krishnagiri,Vellore,105.7,0.14285714285714285,15.1,Plant location from CEA station list,CEA List of Power Stations as on 31.03.2025,High,District confirmed by the Krishnagiri district government. Diesel operating assumptions use the model oil-and-gas UC defaults.
additional_2026_07__solar_swelect_tiruvannamalai,,Solar,SWELECT AAI solar project,Tiruvannamalai,Tiruvannamalai,Villupuram,5.0,1.0,5.0,Project-level commissioning disclosure,NSE filing SWELECTES 02.05.2026,High,Commissioned at Perumpoondi and Nedumpirai villages in Tiruvannamalai district.
additional_2026_07__solar_orient_tiruvannamalai,,Solar,Orient Green solar project,Tiruvannamalai,Tiruvannamalai,Villupuram,17.6,1.0,17.6,Company annual-report commissioning disclosure,Orient Green Power Annual Report 2025-26,Medium,Reported as commissioned in Q1 FY2026-27; included in the July 2026 capacity overlay.
additional_2026_07__solar_residual_ariyalur,,Solar,Post-April 2026 ground-mounted solar residual,Ariyalur,Ariyalur,Trichy,0.41591556,1.0,0.41591556,Scaled existing unspecified-utility solar allocation weight,Validated workbook Solar District Evidence,Low,Temporary district proxy pending a district-level commissioning register.
additional_2026_07__solar_residual_coimbatore,,Solar,Post-April 2026 ground-mounted solar residual,Coimbatore,Coimbatore,Coimbatore,1.271805818,1.0,1.271805818,Scaled existing unspecified-utility solar allocation weight,Validated workbook Solar District Evidence,Low,Temporary district proxy pending a district-level commissioning register.
additional_2026_07__solar_residual_cuddalore,,Solar,Post-April 2026 ground-mounted solar residual,Cuddalore,Cuddalore,Villupuram,3.892912096,1.0,3.892912096,Scaled existing unspecified-utility solar allocation weight,Validated workbook Solar District Evidence,Low,Temporary district proxy pending a district-level commissioning register.
additional_2026_07__solar_residual_dharmapuri,,Solar,Post-April 2026 ground-mounted solar residual,Dharmapuri,Dharmapuri,Vellore,0.225063066,1.0,0.225063066,Scaled existing unspecified-utility solar allocation weight,Validated workbook Solar District Evidence,Low,Temporary district proxy pending a district-level commissioning register.
additional_2026_07__solar_residual_dindigul,,Solar,Post-April 2026 ground-mounted solar residual,Dindigul,Dindigul,Madurai,17.665932017,1.0,17.665932017,Scaled existing unspecified-utility solar allocation weight,Validated workbook Solar District Evidence,Low,Temporary district proxy pending a district-level commissioning register.
additional_2026_07__solar_residual_erode,,Solar,Post-April 2026 ground-mounted solar residual,Erode,Erode,Erode,1.075922331,1.0,1.075922331,Scaled existing unspecified-utility solar allocation weight,Validated workbook Solar District Evidence,Low,Temporary district proxy pending a district-level commissioning register.
additional_2026_07__solar_residual_kanchipuram,,Solar,Post-April 2026 ground-mounted solar residual,Kanchipuram,Kancheepuram,Chennai South,0.636508136,1.0,0.636508136,Scaled existing unspecified-utility solar allocation weight,Validated workbook Solar District Evidence,Low,Temporary district proxy pending a district-level commissioning register.
additional_2026_07__solar_residual_kanyakumari,,Solar,Post-April 2026 ground-mounted solar residual,Kanyakumari,Kanniyakumari,Tirunelveli,0.021407529,1.0,0.021407529,Scaled existing unspecified-utility solar allocation weight,Validated workbook Solar District Evidence,Low,Temporary district proxy pending a district-level commissioning register.
additional_2026_07__solar_residual_karur,,Solar,Post-April 2026 ground-mounted solar residual,Karur,Karur,Trichy,9.870328894,1.0,9.870328894,Scaled existing unspecified-utility solar allocation weight,Validated workbook Solar District Evidence,Low,Temporary district proxy pending a district-level commissioning register.
additional_2026_07__solar_residual_krishnagiri,,Solar,Post-April 2026 ground-mounted solar residual,Krishnagiri,Krishnagiri,Vellore,0.157209025,1.0,0.157209025,Scaled existing unspecified-utility solar allocation weight,Validated workbook Solar District Evidence,Low,Temporary district proxy pending a district-level commissioning register.
additional_2026_07__solar_residual_madurai,,Solar,Post-April 2026 ground-mounted solar residual,Madurai,Madurai,Madurai,1.536830845,1.0,1.536830845,Scaled existing unspecified-utility solar allocation weight,Validated workbook Solar District Evidence,Low,Temporary district proxy pending a district-level commissioning register.
additional_2026_07__solar_residual_nagapattinam,,Solar,Post-April 2026 ground-mounted solar residual,Nagapattinam,Nagapattinam,Trichy,0.079592272,1.0,0.079592272,Scaled existing unspecified-utility solar allocation weight,Validated workbook Solar District Evidence,Low,Temporary district proxy pending a district-level commissioning register.
additional_2026_07__solar_residual_namakkal,,Solar,Post-April 2026 ground-mounted solar residual,Namakkal,Namakkal,Erode,1.670532562,1.0,1.670532562,Scaled existing unspecified-utility solar allocation weight,Validated workbook Solar District Evidence,Low,Temporary district proxy pending a district-level commissioning register.
additional_2026_07__solar_residual_perambalur,,Solar,Post-April 2026 ground-mounted solar residual,Perambalur,Perambalur,Trichy,0.812917826,1.0,0.812917826,Scaled existing unspecified-utility solar allocation weight,Validated workbook Solar District Evidence,Low,Temporary district proxy pending a district-level commissioning register.
additional_2026_07__solar_residual_pudukkottai,,Solar,Post-April 2026 ground-mounted solar residual,Pudukkottai,Pudukkottai,Trichy,0.220483241,1.0,0.220483241,Scaled existing unspecified-utility solar allocation weight,Validated workbook Solar District Evidence,Low,Temporary district proxy pending a district-level commissioning register.
additional_2026_07__solar_residual_ramanathapuram,,Solar,Post-April 2026 ground-mounted solar residual,Ramanathapuram,Ramanathapuram,Madurai,28.81367749,1.0,28.81367749,Scaled existing unspecified-utility solar allocation weight,Validated workbook Solar District Evidence,Low,Temporary district proxy pending a district-level commissioning register.
additional_2026_07__solar_residual_sivaganga,,Solar,Post-April 2026 ground-mounted solar residual,Sivaganga,Sivagangai,Madurai,2.637806403,1.0,2.637806403,Scaled existing unspecified-utility solar allocation weight,Validated workbook Solar District Evidence,Low,Temporary district proxy pending a district-level commissioning register.
additional_2026_07__solar_residual_theni,,Solar,Post-April 2026 ground-mounted solar residual,Theni,Theni,Madurai,5.954644568,1.0,5.954644568,Scaled existing unspecified-utility solar allocation weight,Validated workbook Solar District Evidence,Low,Temporary district proxy pending a district-level commissioning register.
additional_2026_07__solar_residual_thoothukudi,,Solar,Post-April 2026 ground-mounted solar residual,Thoothukudi,Thoothukudi,Tirunelveli,43.14300798,1.0,43.14300798,Scaled existing unspecified-utility solar allocation weight,Validated workbook Solar District Evidence,Low,Temporary district proxy pending a district-level commissioning register.
additional_2026_07__solar_residual_tiruchirappalli,,Solar,Post-April 2026 ground-mounted solar residual,Tiruchirappalli,Tiruchirappalli,Trichy,4.273855636,1.0,4.273855636,Scaled existing unspecified-utility solar allocation weight,Validated workbook Solar District Evidence,Low,Temporary district proxy pending a district-level commissioning register.
additional_2026_07__solar_residual_tirunelveli,,Solar,Post-April 2026 ground-mounted solar residual,Tirunelveli,Tirunelveli,Tirunelveli,30.460388786,1.0,30.460388786,Scaled existing unspecified-utility solar allocation weight,Validated workbook Solar District Evidence,Low,Temporary district proxy pending a district-level commissioning register.
additional_2026_07__solar_residual_tiruppur,,Solar,Post-April 2026 ground-mounted solar residual,Tiruppur,Tiruppur,Coimbatore,10.415239148,1.0,10.415239148,Scaled existing unspecified-utility solar allocation weight,Validated workbook Solar District Evidence,Low,Temporary district proxy pending a district-level commissioning register.
additional_2026_07__solar_residual_tiruvallur,,Solar,Post-April 2026 ground-mounted solar residual,Tiruvallur,Tiruvallur,Chennai North,1.208720934,1.0,1.208720934,Scaled existing unspecified-utility solar allocation weight,Validated workbook Solar District Evidence,Low,Temporary district proxy pending a district-level commissioning register.
additional_2026_07__solar_residual_tiruvannamalai,,Solar,Post-April 2026 ground-mounted solar residual,Tiruvannamalai,Tiruvannamalai,Villupuram,1.635468767,1.0,1.635468767,Scaled existing unspecified-utility solar allocation weight,Validated workbook Solar District Evidence,Low,Temporary district proxy pending a district-level commissioning register.
additional_2026_07__solar_residual_vellore,,Solar,Post-April 2026 ground-mounted solar residual,Vellore,Vellore,Vellore,1.183194788,1.0,1.183194788,Scaled existing unspecified-utility solar allocation weight,Validated workbook Solar District Evidence,Low,Temporary district proxy pending a district-level commissioning register.
additional_2026_07__solar_residual_virudhunagar,,Solar,Post-April 2026 ground-mounted solar residual,Virudhunagar,Virudhunagar,Tirunelveli,20.45063428,1.0,20.45063428,Scaled existing unspecified-utility solar allocation weight,Validated workbook Solar District Evidence,Low,Temporary district proxy pending a district-level commissioning register.
additional_2026_07__wind_residual_tirunelveli,,Wind,July 2026 wind-capacity residual,Tirunelveli,Tirunelveli,Tirunelveli,42.287572714,1.0,42.287572714,Scaled positive OSM wind residual-gap weight,Validated workbook Wind District Evidence,Low,Temporary district proxy pending a district-level commissioning register.
additional_2026_07__wind_residual_tiruppur,,Wind,July 2026 wind-capacity residual,Tiruppur,Tiruppur,Coimbatore,97.666298711,1.0,97.666298711,Scaled positive OSM wind residual-gap weight,Validated workbook Wind District Evidence,Low,Temporary district proxy pending a district-level commissioning register.
additional_2026_07__wind_residual_viluppuram,,Wind,July 2026 wind-capacity residual,Viluppuram,Viluppuram,Villupuram,0.005628575,1.0,0.005628575,Scaled positive OSM wind residual-gap weight,Validated workbook Wind District Evidence,Low,Temporary district proxy pending a district-level commissioning register.
