date,carrier,modeled_gwh,observed_gwh,difference_gwh,difference_pct
2025-04-01,coal,217.64170300706576,196.61,21.031703007065744,10.697168509773533
2025-04-02,coal,230.68561356002863,188.7,41.98561356002864,22.249927694768758
2025-04-03,coal,204.65034851569328,192.54,12.110348515693289,6.28978317009104
2025-04-04,coal,190.96058759911625,190.19,0.7705875991162543,0.4051672533341681
2025-04-05,coal,180.20382552631816,190.4,-10.19617447368185,-5.355133652143829
2025-04-06,coal,157.25554807501396,180.27,-23.014451924986048,-12.7666566400322
2025-04-07,coal,185.87508851986115,179.67,6.205088519861164,3.4536030054328295
2025-04-08,coal,218.26353624318122,200.3,17.96353624318121,8.968315648118427
2025-04-09,coal,220.80618588347033,202.8,18.006185883470323,8.87878988336801
2025-04-10,coal,223.91515661545813,183.38,40.535156615458135,22.10445883709136
2025-04-11,coal,205.27212121662555,155.02,50.25212121662554,32.416540586134396
2025-04-12,coal,189.80945140136876,166.24,23.569451401368752,14.177966434894582
2025-04-13,coal,177.45703069060144,163.22,14.237030690601443,8.722601819998435
2025-04-14,coal,181.7383675367906,162.44,19.298367536790607,11.880305058354228
2025-04-15,coal,203.75876792625937,173.4,30.35876792625936,17.50793998054173
2025-04-16,coal,224.9108555117552,196.85,28.060855511755193,14.254943109857859
2025-04-17,coal,232.60556317172868,197.88,34.72556317172868,17.548798853713706
2025-04-18,coal,228.24635739418096,191.67,36.576357394180974,19.08298502331141
2025-04-19,coal,221.33426139190408,180.89,40.44426139190409,22.35848382547631
2025-04-20,coal,199.20984599639536,186.75,12.459845996395359,6.671938953893097
2025-04-21,coal,225.5631587182176,203.06,22.503158718217605,11.082024386002958
2025-04-22,coal,244.08122500071138,199.14,44.9412250007114,22.56765341001878
2025-04-23,coal,243.57891809867408,193.99,49.58891809867407,25.562615649607746
2025-04-24,coal,252.30178431961136,191.74,60.56178431961135,31.585367852097292
2025-04-25,coal,255.57301542757648,204.05,51.52301542757647,25.25019133917004
2025-04-26,coal,254.07896956600624,198.42,55.65896956600625,28.051088381214722
2025-04-27,coal,240.78819554053075,182.86,57.92819554053074,31.67898695205662
2025-04-28,coal,255.42568898113706,180.38,75.04568898113706,41.60421830642924
2025-04-29,coal,266.678719848537,184.97,81.70871984853702,44.1740389514716
2025-04-30,coal,261.3095654652668,189.75,71.55956546526681,37.71255096983758
2025-05-01,coal,219.52094721847445,181.69,37.83094721847445,20.82170026885049
2025-05-02,coal,234.87151691508745,167.51,67.36151691508746,40.213430192279546
2025-05-03,coal,245.31026065363008,163.92,81.3902606536301,49.65242841241465
2025-05-04,coal,206.2591061610277,152.69,53.56910616102769,35.08357204861333
2025-05-05,coal,202.30509777090901,146.82,55.48509777090902,37.79123945709646
2025-05-06,coal,233.31886337367138,154.39,78.92886337367139,51.1230412420956
2025-05-07,coal,211.87592554854456,158.99,52.88592554854455,33.26368045068529
2025-05-08,coal,219.7298206173147,157.51,62.219820617314696,39.5021399386164
2025-05-09,coal,233.4297306902185,165.45,67.9797306902185,41.08777920230795
2025-05-10,coal,240.34763359677825,176.54,63.80763359677826,36.143442617411495
2025-05-11,coal,215.14798863400833,168.11,47.037988634008315,27.980482204513894
2025-05-12,coal,244.34090696542114,172.99,71.35090696542113,41.245682967466976
2025-05-13,coal,256.6894729142375,172.61,84.0794729142375,48.710661557405416
2025-05-14,coal,259.98518571058577,179.31,80.67518571058577,44.9920170155517
2025-05-15,coal,254.8205224834933,175.56,79.2605224834933,45.14725591449835
2025-05-16,coal,246.96729558513456,167.11,79.85729558513455,47.787263230886566
2025-05-17,coal,202.4469578796575,168.53,33.9169578796575,20.125175268294964
2025-05-18,coal,135.51480808931865,148.91,-13.395191910681348,-8.995495205615036
2025-05-19,coal,150.88524313447778,144.29,6.5952431344777835,4.570824821178033
2025-05-20,coal,155.88515701086823,142.15,13.735157010868221,9.662438980561534
2025-05-21,coal,170.62465409245735,128.99,41.63465409245734,32.277427779252136
2025-05-22,coal,188.81234808706162,143.88,44.93234808706163,31.229043707993903
2025-05-23,coal,196.44845787953645,147.19,49.25845787953645,33.465899775485056
2025-05-24,coal,173.23171764383994,137.27,35.96171764383993,26.197798239848424
2025-05-25,coal,127.85427362549783,114.7,13.154273625497822,11.468416412814143
2025-05-26,coal,130.3404435275163,120.58,9.760443527516301,8.09457914041823
2025-05-27,coal,147.55981153414612,129.73,17.82981153414613,13.743784424686758
2025-05-28,coal,156.669877483186,142.18,14.489877483186007,10.191220623987906
2025-05-29,coal,171.51204772612712,140.78,30.73204772612712,21.829839271293594
2025-05-30,coal,174.76846234297457,134.22,40.548462342974574,30.210447282800306
2025-05-31,coal,172.5863283244171,139.07,33.51632832441712,24.100329563829092
2025-06-01,coal,141.07330592777956,146.4,-5.326694072220448,-3.6384522351232564
2025-06-02,coal,181.7042431100546,200.29,-18.5857568899454,-9.279423281214939
2025-06-03,coal,202.9052457359627,209.54,-6.634754264037298,-3.166342590453994
2025-06-04,coal,202.38686489816354,204.27,-1.8831351018364728,-0.9218852997681856
2025-06-05,coal,212.5557830668016,211.03,1.5257830668016084,0.7230171382275545
2025-06-06,coal,225.02052264354393,224.15,0.8705226435439215,0.38836611355963485
2025-06-07,coal,211.08845204159556,208.52,2.568452041595549,1.2317533289830946
2025-06-08,coal,165.6637083266225,201.19,-35.5262916733775,-17.65808025914683
2025-06-09,coal,183.8856138285618,199.48,-15.594386171438202,-7.817518634167938
2025-06-10,coal,181.11549052213795,208.34,-27.224509477862057,-13.06734639428917
2025-06-11,coal,175.04889993655792,198.38,-23.33110006344208,-11.760812613893577
2025-06-12,coal,165.10727503286464,198.49,-33.382724967135374,-16.81834095779907
2025-06-13,coal,169.47995537490925,213.75,-44.27004462509075,-20.711131988346548
2025-06-14,coal,166.70499355468388,210.24,-43.53500644531613,-20.707289975892373
2025-06-15,coal,136.31714201850102,184.12,-47.80285798149899,-25.962881806158478
2025-06-16,coal,170.69074747928053,171.07,-0.3792525207194615,-0.22169434776375838
2025-06-17,coal,201.33414783135245,173.49,27.844147831352444,16.049425229899388
2025-06-18,coal,227.17879944869208,170.87,56.30879944869207,32.954175366472796
2025-06-19,coal,220.91170710738388,167.82,53.09170710738388,31.636102435576145
2025-06-20,coal,227.8677139196006,173.16,54.70771391960059,31.593736382305725
2025-06-21,coal,197.01669448456107,173.79,23.22669448456108,13.364804928109258
2025-06-22,coal,172.47221243180397,169.02,3.4522124318039573,2.0424875350869467
2025-06-23,coal,172.3859363713531,165.75,6.635936371353097,4.003581521178339
2025-06-24,coal,186.9898525004105,169.98,17.009852500410517,10.006972879403763
2025-06-25,coal,206.7084331640846,177.11,29.598433164084582,16.711892701758558
2025-06-26,coal,213.59228364417058,189.64,23.952283644170592,12.630396353180021
2025-06-27,coal,219.8286865129364,187.79,32.03868651293641,17.060911929781355
2025-06-28,coal,222.375794623681,181.18,41.195794623680996,22.737495652765755
2025-06-29,coal,179.5961638482897,158.67,20.92616384828972,13.188481658971273
2025-06-30,coal,206.0548444394521,177.84,28.214844439452094,15.865297143191684
2025-07-01,coal,206.57982290112517,181.2,25.37982290112518,14.00652477987041
2025-07-02,coal,200.53757560799826,181.73,18.807575607998274,10.349185939579748
2025-07-03,coal,199.15427071701617,181.51,17.644270717016184,9.72082569391008
2025-07-04,coal,207.06369504821933,176.48,30.58369504821934,17.329836269389926
2025-07-05,coal,211.12323314307525,166.66,44.46323314307526,26.679007046127
2025-07-06,coal,184.95143440875378,159.35,25.60143440875379,16.06616530201054
2025-07-07,coal,212.91842739179734,165.1,47.81842739179734,28.96331156377792
2025-07-08,coal,215.02889686955947,171.04,43.98889686955948,25.718485073409425
2025-07-09,coal,226.41210489699384,166.39,60.02210489699385,36.07314435783031
2025-07-10,coal,217.15009955553901,172.64,44.51009955553903,25.782031716600457
2025-07-11,coal,221.61903943570397,170.2,51.41903943570398,30.21095148983783
2025-07-12,coal,214.4144826201652,161.24,53.17448262016518,32.97846850667649
2025-07-13,coal,176.5474793926518,161.53,15.017479392651808,9.297021848976541
2025-07-14,coal,202.455385921447,160.32,42.13538592144701,26.282052096710963
2025-07-15,coal,210.22901778607493,154.43,55.79901778607493,36.13223971124453
2025-07-16,coal,221.86251378315174,151.3,70.56251378315173,46.6374843246211
2025-07-17,coal,203.0454996982899,154.52,48.52549969828988,31.404025173627925
2025-07-18,coal,192.77658364166825,179.08,13.69658364166824,7.648304468208755
2025-07-19,coal,162.3825781049614,180.86,-18.477421895038617,-10.216422589316938
2025-07-20,coal,131.97113330712855,168.38,-36.40886669287144,-21.623035213725764
2025-07-21,coal,156.1461057393256,166.76,-10.613894260674385,-6.3647722839256335
2025-07-22,coal,165.8789837092668,169.21,-3.331016290733203,-1.9685694053148173
2025-07-23,coal,178.3466873470124,170.3,8.04668734701238,4.725007250154069
2025-07-24,coal,182.5998775365716,164.02,18.579877536571587,11.327812179351046
2025-07-25,coal,176.45851440882473,168.3,8.158514408824715,4.847602144280876
2025-07-26,coal,175.83638452434664,162.42,13.416384524346654,8.260303241193606
2025-07-27,coal,139.51910863326134,151.8,-12.280891366738672,-8.090178765967504
2025-07-28,coal,183.19014295083292,148.73,34.46014295083293,23.169597896075395
2025-07-29,coal,197.48272037611557,157.04,40.442720376115574,25.753133199258514
2025-07-30,coal,217.99695472527537,163.54,54.45695472527538,33.29885943822636
2025-07-31,coal,227.52319794518505,165.11,62.41319794518503,37.8009799195597
2025-08-01,coal,241.54498433514755,164.1,77.44498433514755,47.19377473196073
2025-08-02,coal,223.4312417617313,156.22,67.21124176173129,43.02345523091236
2025-08-03,coal,171.9744002903209,148.17,23.8044002903209,16.065600519889927
2025-08-04,coal,179.2146514273939,144.5,34.7146514273939,24.023980226570174
2025-08-05,coal,173.01204557608256,153.69,19.32204557608256,12.57209029610421
2025-08-06,coal,182.79641238370834,168.12,14.676412383708339,8.729724234896704
2025-08-07,coal,195.42750196424566,177.25,18.177501964245664,10.255290247811375
2025-08-08,coal,204.32004498768865,188.1,16.220044987688652,8.623096750499018
2025-08-09,coal,194.19639499678877,168.26,25.936394996788778,15.41447462069938
2025-08-10,coal,154.94123284647065,157.52,-2.5787671535293555,-1.6371045921339227
2025-08-11,coal,160.27215386215727,156.27,4.002153862157257,2.561050657296511
2025-08-12,coal,173.55605329251742,155.37,18.186053292517414,11.704996648334564
2025-08-13,coal,168.5161542105482,162.13,6.386154210548199,3.9389096469180283
2025-08-14,coal,167.43370537205428,173.6,-6.166294627945717,-3.552013034530943
2025-08-15,coal,133.47300814221228,146.38,-12.906991857787716,-8.81745583945055
2025-08-16,coal,145.5933665695628,142.94,2.6533665695627917,1.8562799563192889
2025-08-17,coal,131.95675886721048,141.22,-9.263241132789517,-6.559439975066929
2025-08-18,coal,160.9618713818378,149.17,11.791871381837808,7.9049885243935165
2025-08-19,coal,174.8921961370649,163.31,11.582196137064898,7.0921536568886765
2025-08-20,coal,209.2680682760887,177.13,32.13806827608872,18.14377478467155
2025-08-21,coal,224.3041098042648,184.46,39.844109804264804,21.60040648610257
2025-08-22,coal,225.53836283674426,185.0,40.538362836744255,21.9126285604023
2025-08-23,coal,198.28741792913425,168.67,29.617417929134263,17.559386926622555
2025-08-24,coal,166.62611780908603,165.95,0.6761178090860369,0.40742260264298696
2025-08-25,coal,194.4030273018554,181.18,13.223027301855382,7.2982819857905845
2025-08-26,coal,216.66864788810344,186.25,30.418647888103436,16.332159939921308
2025-08-27,coal,203.669012994886,193.16,10.509012994886007,5.440574132784224
2025-08-28,coal,208.54891454944556,185.39,23.15891454944557,12.491997707236404
2025-08-29,coal,216.66383959948584,185.31,31.353839599485838,16.91966952646152
2025-08-30,coal,213.6134439314036,183.86,29.75344393140358,16.182662858372446
2025-08-31,coal,180.62062284077928,169.13,11.490622840779281,6.793958990586697
2025-09-01,coal,193.47197388756203,174.55,18.921973887562018,10.840431903501585
2025-09-02,coal,206.80303009243718,173.73,33.07303009243719,19.03702877593806
2025-09-03,coal,218.52720777959902,174.41,44.11720777959903,25.295113685911947
2025-09-04,coal,219.4241443551645,173.75,45.674144355164486,26.287277326713372
2025-09-05,coal,237.34975321162113,182.35,54.99975321162114,30.161641465106193
2025-09-06,coal,220.83095298498424,183.48,37.35095298498425,20.356961513507873
2025-09-07,coal,188.56257767391696,174.89,13.672577673916976,7.817815583462163
2025-09-08,coal,213.34675129303076,203.51,9.836751293030773,4.83354689844763
2025-09-09,coal,222.95658117694305,198.95,24.006581176943058,12.066640450838431
2025-09-10,coal,212.5701709187107,184.88,27.69017091871069,14.977375010120452
2025-09-11,coal,193.5510381354368,168.72,24.831038135436813,14.717305675341876
2025-09-12,coal,202.27575604414355,171.93,30.345756044143542,17.65006458683391
2025-09-13,coal,204.87445322420166,173.7,31.17445322420167,17.947296041566883
2025-09-14,coal,174.51551409643625,173.46,1.0555140964362408,0.608505762963358
2025-09-15,coal,209.5707604920056,184.28,25.290760492005603,13.724094037337531
2025-09-16,coal,221.93038738252312,192.15,29.780387382523116,15.498510217290198
2025-09-17,coal,202.70998614558462,197.35,5.359986145584628,2.7159798052113646
2025-09-18,coal,183.85938225307774,184.49,-0.6306177469222689,-0.3418167634680844
2025-09-19,coal,175.27988097890653,185.44,-10.160119021093465,-5.47892527021865
2025-09-20,coal,159.65704913526895,179.99,-20.33295086473106,-11.296711408817744
2025-09-21,coal,139.48249568690878,184.04,-44.557504313091215,-24.210771741518812
2025-09-22,coal,170.66819891737202,184.51,-13.841801082627967,-7.501924601716962
2025-09-23,coal,189.06468579408934,186.98,2.084685794089353,1.1149244807409098
2025-09-24,coal,199.60833088036318,188.01,11.598330880363193,6.168996798235836
2025-09-25,coal,206.31765807437506,190.48,15.83765807437507,8.314604196962973
2025-09-26,coal,192.41430891628073,192.54,-0.12569108371926063,-0.06528050468435684
2025-09-27,coal,192.1810154668258,189.2,2.9810154668258235,1.5755895702039238
2025-09-28,coal,166.18883202904678,186.4,-20.211167970953227,-10.842901271970614
2025-09-29,coal,190.93682762051924,194.39,-3.4531723794807476,-1.7764146198265076
2025-09-30,coal,203.7068815884652,194.99,8.716881588465185,4.470424938953374
2025-10-01,coal,169.3229483832676,173.01,-3.68705161673239,-2.1311205229364716
2025-10-02,coal,173.40514576906642,166.88,6.525145769066427,3.910082555768472
2025-10-03,coal,220.2161610071657,196.45,23.76616100716572,12.09781675091154
2025-10-04,coal,201.81298594960666,184.09,17.722985949606652,9.62734855212486
2025-10-05,coal,153.56600589009372,179.08,-25.513994109906292,-14.247260503633175
2025-10-06,coal,163.4292521924654,179.43,-16.000747807534594,-8.917543224396473
2025-10-07,coal,184.2634465420386,196.56,-12.296553457961409,-6.255877827615694
2025-10-08,coal,197.72944299219716,197.58,0.14944299219715163,0.07563670017064056
2025-10-09,coal,180.01870178850518,188.88,-8.861298211494812,-4.691496300029019
2025-10-10,coal,181.63601312326165,181.89,-0.2539868767383382,-0.13963762534407512
2025-10-11,coal,187.66432723622881,179.74,7.924327236228805,4.408772246705689
2025-10-12,coal,139.57790706293392,175.06,-35.482092937066085,-20.268532467191868
2025-10-13,coal,171.0444836947034,185.13,-14.085516305296608,-7.608446121804466
2025-10-14,coal,177.7853839438203,189.56,-11.774616056179696,-6.211550989755062
2025-10-15,coal,162.63507840932883,179.69,-17.05492159067117,-9.49130257146818
2025-10-16,coal,161.36637084662073,175.19,-13.823629153379272,-7.890649668005749
2025-10-17,coal,154.3668057582837,169.74,-15.373194241716305,-9.05690717669159
2025-10-18,coal,133.79879140487716,173.06,-39.26120859512284,-22.68647208778622
2025-10-19,coal,91.192388214678,149.11,-57.91761178532201,-38.8422049395225
2025-10-20,coal,50.019677128104064,122.69,-72.67032287189593,-59.230844300184145
2025-10-21,coal,52.70943826094874,123.75,-71.04056173905127,-57.40651453660709
2025-10-22,coal,91.87899465411147,118.26,-26.38100534588854,-22.307631782418856
2025-10-23,coal,116.84841425307455,116.57,0.27841425307455836,0.2388386832586072
2025-10-24,coal,134.31531730071737,132.95,1.3653173007173791,1.026940429272192
2025-10-25,coal,132.8542597956194,144.51,-11.655740204380578,-8.065698017009604
2025-10-26,coal,108.35356201955678,142.89,-34.53643798044321,-24.16994749838562
2025-10-27,coal,150.86506237234093,146.7,4.165062372340941,2.8391699879624683
2025-10-28,coal,154.52022849617228,130.86,23.660228496172266,18.08056586899913
2025-10-29,coal,169.63202499634417,136.12,33.51202499634417,24.61947178691167
2025-10-30,coal,190.43274119173088,148.32,42.11274119173089,28.39316423390702
2025-10-31,coal,214.584257540303,158.09,56.49425754030301,35.735503536152194
2025-11-01,coal,222.59341804400196,158.5,64.09341804400196,40.43748772492238
2025-11-02,coal,185.68180539823712,153.99,31.691805398237108,20.58043080605046
2025-11-03,coal,211.34504918350598,171.32,40.025049183505985,23.362741760159928
2025-11-04,coal,222.27759848182768,185.65,36.627598481827675,19.729382430286925
2025-11-05,coal,221.37287355549972,180.06,41.31287355549972,22.943948436909764
2025-11-06,coal,204.03450676860984,167.77,36.264506768609834,21.61560873136427
2025-11-07,coal,211.44296260508818,177.88,33.56296260508819,18.86831718298189
2025-11-08,coal,210.3672951354931,173.98,36.387295135493105,20.91464256552081
2025-11-09,coal,179.80043191797412,171.46,8.340431917974115,4.864360152790223
2025-11-10,coal,206.93094595991795,182.94,23.99094595991795,13.114106242439025
2025-11-11,coal,220.29691443203004,183.82,36.47691443203004,19.84382245241543
2025-11-12,coal,217.54671489766403,166.76,50.78671489766404,30.454974153072705
2025-11-13,coal,214.31321886295189,170.75,43.563218862951885,25.512866098361282
2025-11-14,coal,209.61039841688068,180.39,29.2203984168807,16.198458017007983
2025-11-15,coal,196.2253528419333,172.89,23.335352841933314,13.497225312009553
2025-11-16,coal,170.36430406633065,161.14,9.22430406633066,5.724403665341107
2025-11-17,coal,189.62187646619302,180.05,9.571876466193004,5.316232416658153
2025-11-18,coal,181.56148635214623,177.74,3.8214863521462235,2.150042957210658
2025-11-19,coal,181.7694411131832,176.76,5.009441113183215,2.834035479284462
2025-11-20,coal,187.1124980464292,179.67,7.442498046429222,4.142315381771705
2025-11-21,coal,198.59004059497406,183.41,15.18004059497406,8.27656103537106
2025-11-22,coal,176.33915235357244,168.09,8.249152353572441,4.907580673194385
2025-11-23,coal,135.05426282129667,161.39,-26.33573717870331,-16.318072482002176
2025-11-24,coal,152.70481258390566,170.53,-17.825187416094337,-10.452816170817062
2025-11-25,coal,162.06051884332481,160.8,1.2605188433248031,0.7839047533114447
2025-11-26,coal,170.90089360384496,167.75,3.1508936038449633,1.8783270365692777
2025-11-27,coal,176.35200496210297,174.46,1.892004962102959,1.0844921254745838
2025-11-28,coal,176.258994305036,185.49,-9.231005694964011,-4.976551671229721
2025-11-29,coal,152.33348599842944,176.3,-23.966514001570573,-13.594165627663399
2025-11-30,coal,106.98256991601714,146.3,-39.31743008398287,-26.874525006140033
2025-12-01,coal,138.26540855401598,141.5,-3.234591445984023,-2.2859303505187443
2025-12-02,coal,166.51631419367817,144.47,22.04631419367817,15.260133033625092
2025-12-03,coal,166.7211304274638,155.41,11.311130427463809,7.278251352849758
2025-12-04,coal,169.4997739707556,156.31,13.189773970755596,8.43821506669797
2025-12-05,coal,172.9113832200532,156.64,16.271383220053224,10.387757418317943
2025-12-06,coal,166.28082067667913,150.98,15.300820676679137,10.134336121790396
2025-12-07,coal,140.6144080014676,159.61,-18.995591998532404,-11.901254306454735
2025-12-08,coal,162.37556127583161,164.12,-1.7444387241683899,-1.0629044139461308
2025-12-09,coal,176.46466292449313,169.54,6.924662924493134,4.084382991915262
2025-12-10,coal,180.38672793017156,167.05,13.336727930171548,7.983674307196377
2025-12-11,coal,184.46297418921998,175.22,9.242974189219979,5.275068022611562
2025-12-12,coal,190.99739866150125,182.05,8.94739866150124,4.914802890140752
2025-12-13,coal,187.10412994620117,171.5,15.60412994620117,9.098618044432168
2025-12-14,coal,155.6568637363056,147.6,8.056863736305615,5.458579767144727
2025-12-15,coal,178.58456983573564,164.72,13.864569835735637,8.417053081432515
2025-12-16,coal,196.2515894218298,168.71,27.541589421829798,16.324811464542584
2025-12-17,coal,178.79657023011882,174.5,4.296570230118817,2.462217896916228
2025-12-18,coal,178.0295432787909,163.9,14.12954327879089,8.620831774735137
2025-12-19,coal,188.6841884384177,171.67,17.014188438417705,9.910985284800901
2025-12-20,coal,179.79180581951076,162.92,16.87180581951077,10.355883758599784
2025-12-21,coal,161.86251823426525,140.46,21.402518234265244,15.237447126772919
2025-12-22,coal,183.9839762932525,155.46,28.523976293252503,18.34811288643542
2025-12-23,coal,204.6024991142751,157.24,47.362499114275096,30.121151815234732
2025-12-24,coal,206.46683619972302,160.64,45.82683619972303,28.527661976919223
2025-12-25,coal,195.23197458638654,165.97,29.261974586386543,17.63088183791441
2025-12-26,coal,197.47601835583416,162.21,35.26601835583415,21.740964401599253
2025-12-27,coal,195.5693357708712,157.94,37.629335770871194,23.825082797816382
2025-12-28,coal,165.84257181414114,151.63,14.212571814141143,9.373192517404961
2025-12-29,coal,184.6232693686299,164.92,19.70326936862992,11.947167941201746
2025-12-30,coal,209.26209919920095,171.63,37.63209919920095,21.926294470198073
2025-12-31,coal,223.45454815492096,175.57,47.884548154920964,27.273764398770272
2026-01-01,coal,192.94121360529297,172.34,20.60121360529297,11.953820126083887
2026-01-02,coal,202.99339542220017,175.37,27.62339542220016,15.751494224896026
2026-01-03,coal,196.56291793671656,178.12,18.442917936716555,10.354209486142238
2026-01-04,coal,169.14550489017668,168.8,0.3455048901766702,0.20468299181082358
2026-01-05,coal,195.622085702062,168.58,27.042085702061996,16.041099597853833
2026-01-06,coal,210.2410780463132,168.77,41.47107804631318,24.572541355876744
2026-01-07,coal,206.776938088071,166.66,40.11693808807101,24.07112569787052
2026-01-08,coal,203.42237279832017,165.64,37.78237279832018,22.80993286544324
2026-01-09,coal,204.78316619172722,169.0,35.78316619172722,21.173471119365217
2026-01-10,coal,192.57669104117596,168.06,24.51669104117596,14.588058456013306
2026-01-11,coal,157.54478037475954,174.32,-16.775219625240453,-9.623232919481675
2026-01-12,coal,172.18078199881862,180.22,-8.039218001181382,-4.460780158240696
2026-01-13,coal,180.99909469566083,200.38,-19.380905304339166,-9.672075708323769
2026-01-14,coal,177.53899041262287,197.41,-19.87100958737713,-10.065857650259426
2026-01-15,coal,100.82821556317835,160.11,-59.28178443682167,-37.025660131673014
2026-01-16,coal,93.49599185333382,152.91,-59.41400814666618,-38.855541263923996
2026-01-17,coal,96.53998340908814,154.24,-57.70001659091187,-37.40924312170116
2026-01-18,coal,106.21665765337855,164.02,-57.80334234662146,-35.24164269395285
2026-01-19,coal,150.22999305818783,199.01,-48.78000694181216,-24.51133457706254
2026-01-20,coal,162.52368609348554,195.77,-33.24631390651447,-16.982333302607383
2026-01-21,coal,165.29690058042607,184.01,-18.713099419573922,-10.169610031831924
2026-01-22,coal,168.5839546573232,182.61,-14.02604534267681,-7.68087472902733
2026-01-23,coal,175.52436431958373,175.52,0.00436431958371486,0.0024865084228092864
2026-01-24,coal,175.5722465928534,180.89,-5.317753407146597,-2.9397719095287727
2026-01-25,coal,145.52834892378158,185.21,-39.68165107621843,-21.425220601597335
2026-01-26,coal,120.28364640157524,174.42,-54.13635359842475,-31.037927759674783
2026-01-27,coal,149.9374137147823,182.67,-32.73258628521768,-17.91897207270908
2026-01-28,coal,158.54167038594935,195.81,-37.26832961405066,-19.032904148945743
2026-01-29,coal,173.64858728222217,194.09,-20.441412717777837,-10.531924734802327
2026-01-30,coal,181.60420081623806,200.35,-18.74579918376193,-9.356525671955044
2026-01-31,coal,166.9003642809362,196.91,-30.009635719063795,-15.240280188443348
2026-02-01,coal,147.01719647359053,180.17,-33.15280352640946,-18.40084560493393
2026-02-02,coal,167.02678633774636,197.48,-30.45321366225363,-15.42091030091839
2026-02-03,coal,186.43014033050378,207.29,-20.859859669496217,-10.063128790340208
2026-02-04,coal,183.69532044443417,205.0,-21.304679555565826,-10.392526612471135
2026-02-05,coal,190.12899430275618,204.32,-14.19100569724381,-6.9454804704599695
2026-02-06,coal,178.97908188544142,199.8,-20.820918114558594,-10.420879937216514
2026-02-07,coal,172.23242494600595,200.16,-27.927575053994047,-13.952625426655699
2026-02-08,coal,150.6691090837653,185.88,-35.21089091623469,-18.94280768035006
2026-02-09,coal,182.63336300347245,201.1,-18.46663699652754,-9.182813026617376
2026-02-10,coal,195.1966454372806,200.67,-5.473354562719379,-2.7275400222850346
2026-02-11,coal,191.09550916760205,198.62,-7.524490832397959,-3.788385274593676
2026-02-12,coal,192.8004202753141,219.5,-26.69957972468589,-12.163817642225917
2026-02-13,coal,201.1835539288877,227.73,-26.546446071112285,-11.656982422655023
2026-02-14,coal,194.8094903005395,223.6,-28.7905096994605,-12.875898792245305
2026-02-15,coal,162.48511066328686,209.71,-47.22488933671315,-22.519140401846904
2026-02-16,coal,185.7247674896473,213.22,-27.495232510352707,-12.895240835921914
2026-02-17,coal,188.93993937432154,218.81,-29.870060625678462,-13.651140544617915
2026-02-18,coal,195.53243034058238,218.9,-23.367569659417626,-10.674997560263877
2026-02-19,coal,208.22863971877277,216.14,-7.911360281227218,-3.660294383837891
2026-02-20,coal,209.6253339091666,219.02,-9.394666090833397,-4.289410141006939
2026-02-21,coal,214.45207270607764,230.45,-15.997927293922345,-6.942038313700302
2026-02-22,coal,189.9964835833347,220.52,-30.523516416665302,-13.841609113307317
2026-02-23,coal,209.20016215424,226.01,-16.80983784576,-7.437652248024425
2026-02-24,coal,224.86943404459225,232.07,-7.20056595540774,-3.1027560457653895
2026-02-25,coal,221.71069924151593,225.94,-4.229300758484072,-1.871868973392968
2026-02-26,coal,213.19014089463866,226.22,-13.02985910536134,-5.759817480930661
2026-02-27,coal,218.06537880299453,228.47,-10.404621197005469,-4.554042630107002
2026-02-28,coal,214.87600303644965,222.8,-7.9239969635503655,-3.556551599439123
2026-03-01,coal,167.08204670342855,209.81,-42.72795329657146,-20.365069966432227
2026-03-02,coal,182.9014171123607,218.15,-35.248582887639316,-16.157956858876606
2026-03-03,coal,170.54285717598125,209.95,-39.407142824018734,-18.769775100747196
2026-03-04,coal,139.369012940859,188.75,-49.380987059141006,-26.16211234921378
2026-03-05,coal,159.07343894908118,209.86,-50.786561050918834,-24.200210164356633
2026-03-06,coal,170.71163706492308,212.39,-41.678362935076905,-19.62350531337488
2026-03-07,coal,165.5973491017484,207.43,-41.832650898251615,-20.167117050692575
2026-03-08,coal,164.720162565217,195.78,-31.05983743478299,-15.864663108991211
2026-03-09,coal,172.56938112107815,197.75,-25.180618878921848,-12.733562012097016
2026-03-10,coal,163.19740484792328,205.5,-42.30259515207672,-20.585204453565314
2026-03-11,coal,131.0426224138876,191.71,-60.667377586112394,-31.645390217574665
2026-03-12,coal,144.11989599162743,197.12,-53.000104008372574,-26.887228088663033
2026-03-13,coal,147.55688960977477,216.75,-69.19311039022523,-31.92300364024232
2026-03-14,coal,143.51598196047243,214.29,-70.77401803952756,-33.027214540822044
2026-03-15,coal,88.9151551729471,203.96,-115.04484482705291,-56.40559169790787
2026-03-16,coal,78.64354287339566,213.63,-134.98645712660434,-63.18703231128789
2026-03-17,coal,88.61805836233785,221.24,-132.62194163766216,-59.94482988503984
2026-03-18,coal,106.28531029606737,214.65,-108.36468970393264,-50.484365107818604
2026-03-19,coal,148.2006804811943,196.07,-47.869319518805696,-24.414402773910187
2026-03-20,coal,163.29971602575412,199.03,-35.73028397424588,-17.95221020662507
2026-03-21,coal,165.6223285977381,202.79,-37.1676714022619,-18.328157898447607
2026-03-22,coal,162.06727758145246,193.92,-31.85272241854753,-16.425702567320304
2026-03-23,coal,161.4972192945499,204.92,-43.422780705450094,-21.19011355916948
2026-03-24,coal,162.9430029728301,219.5,-56.5569970271699,-25.766285661580817
2026-03-25,coal,131.1393034319528,225.12,-93.9806965680472,-41.74693344351776
2026-03-26,coal,111.48496020306249,227.65,-116.16503979693752,-51.027911178096865
2026-03-27,coal,144.3176266261795,229.74,-85.4223733738205,-37.18219438226713
2026-03-28,coal,156.51123011618176,232.47,-75.95876988381823,-32.674654744189894
2026-03-29,coal,165.91646531855048,222.05,-56.13353468144953,-25.279682360481658
2026-03-30,coal,169.1916595380854,235.67,-66.4783404619146,-28.20823204562083
2026-03-31,coal,160.47557532295428,242.71,-82.23442467704572,-33.88176205226225
2025-04-01,oil_gas,3.33,3.33,0.0,0.0
2025-04-02,oil_gas,2.9499999999999997,2.95,-4.440892098500626e-16,-1.5053871520341103e-14
2025-04-03,oil_gas,3.5600000000000014,3.56,1.3322676295501878e-15,3.742324802107269e-14
2025-04-04,oil_gas,3.610000000000001,3.61,1.3322676295501878e-15,3.690492048615479e-14
2025-04-05,oil_gas,3.7600000000000016,3.76,1.7763568394002505e-15,4.7243532962772616e-14
2025-04-06,oil_gas,3.7500000000000013,3.75,1.3322676295501878e-15,3.552713678800501e-14
2025-04-07,oil_gas,3.7000000000000006,3.7,4.440892098500626e-16,1.2002411077028718e-14
2025-04-08,oil_gas,3.18,3.18,0.0,0.0
2025-04-09,oil_gas,3.990000000000002,3.99,1.7763568394002505e-15,4.452022153885339e-14
2025-04-10,oil_gas,3.950000000000002,3.95,1.7763568394002505e-15,4.497105922532279e-14
2025-04-11,oil_gas,4.010000000000002,4.01,1.7763568394002505e-15,4.429817554614091e-14
2025-04-12,oil_gas,3.970000000000001,3.97,8.881784197001252e-16,2.2372252385393583e-14
2025-04-13,oil_gas,3.980000000000001,3.98,8.881784197001252e-16,2.2316040695983044e-14
2025-04-14,oil_gas,3.8500000000000014,3.85,1.3322676295501878e-15,3.46043540142906e-14
2025-04-15,oil_gas,3.8800000000000012,3.88,1.3322676295501878e-15,3.4336794576035774e-14
2025-04-16,oil_gas,3.770000000000002,3.77,1.7763568394002505e-15,4.7118218551730785e-14
2025-04-17,oil_gas,2.26,2.26,0.0,0.0
2025-04-18,oil_gas,2.63,2.63,0.0,0.0
2025-04-19,oil_gas,2.65,2.65,0.0,0.0
2025-04-20,oil_gas,2.73,2.73,0.0,0.0
2025-04-21,oil_gas,1.81,1.81,0.0,0.0
2025-04-22,oil_gas,3.1900000000000004,3.19,4.440892098500626e-16,1.392129184482955e-14
2025-04-23,oil_gas,3.9400000000000013,3.94,1.3322676295501878e-15,3.381389922716213e-14
2025-04-24,oil_gas,4.5000000000000036,4.5,3.552713678800501e-15,7.894919286223335e-14
2025-04-25,oil_gas,4.500000000000002,4.5,1.7763568394002505e-15,3.9474596431116676e-14
2025-04-26,oil_gas,4.520000000000003,4.52,3.552713678800501e-15,7.859986015045356e-14
2025-04-27,oil_gas,4.4200000000000035,4.42,3.552713678800501e-15,8.03781375294231e-14
2025-04-28,oil_gas,4.380000000000002,4.38,1.7763568394002505e-15,4.055609222375001e-14
2025-04-29,oil_gas,4.3900000000000015,4.39,1.7763568394002505e-15,4.046370932574603e-14
2025-04-30,oil_gas,4.360000000000002,4.36,1.7763568394002505e-15,4.074212934404244e-14
2025-05-01,oil_gas,3.9700000000000015,3.97,1.3322676295501878e-15,3.355837857809037e-14
2025-05-02,oil_gas,3.870000000000002,3.87,1.7763568394002505e-15,4.590069352455427e-14
2025-05-03,oil_gas,3.8300000000000014,3.83,1.3322676295501878e-15,3.4785055601832584e-14
2025-05-04,oil_gas,3.8300000000000014,3.83,1.3322676295501878e-15,3.4785055601832584e-14
2025-05-05,oil_gas,3.890000000000002,3.89,1.7763568394002505e-15,4.566470024165168e-14
2025-05-06,oil_gas,3.8300000000000014,3.83,1.3322676295501878e-15,3.4785055601832584e-14
2025-05-07,oil_gas,3.770000000000001,3.77,8.881784197001252e-16,2.3559109275865393e-14
2025-05-08,oil_gas,3.7300000000000018,3.73,1.7763568394002505e-15,4.762350775871985e-14
2025-05-09,oil_gas,3.6900000000000013,3.69,1.3322676295501878e-15,3.610481380894818e-14
2025-05-10,oil_gas,3.7400000000000015,3.74,1.3322676295501878e-15,3.5622129132357966e-14
2025-05-11,oil_gas,3.7200000000000037,3.72,3.552713678800501e-15,9.550305588173389e-14
2025-05-12,oil_gas,3.640000000000001,3.64,8.881784197001252e-16,2.4400506035717725e-14
2025-05-13,oil_gas,3.5800000000000014,3.58,1.3322676295501878e-15,3.7214179596373965e-14
2025-05-14,oil_gas,3.380000000000001,3.38,8.881784197001252e-16,2.6277468038465244e-14
2025-05-15,oil_gas,3.160000000000001,3.16,8.881784197001252e-16,2.8106912015826746e-14
2025-05-16,oil_gas,2.940000000000001,2.94,8.881784197001252e-16,3.021015032993623e-14
2025-05-17,oil_gas,3.470000000000001,3.47,8.881784197001252e-16,2.55959198760843e-14
2025-05-18,oil_gas,3.4100000000000006,3.41,4.440892098500626e-16,1.3023143983872802e-14
2025-05-19,oil_gas,3.7800000000000016,3.78,1.7763568394002505e-15,4.6993567179900814e-14
2025-05-20,oil_gas,3.790000000000002,3.79,1.7763568394002505e-15,4.68695735989512e-14
2025-05-21,oil_gas,3.8000000000000007,3.8,8.881784197001252e-16,2.337311630789803e-14
2025-05-22,oil_gas,3.7800000000000007,3.78,8.881784197001252e-16,2.3496783589950407e-14
2025-05-23,oil_gas,3.8600000000000008,3.86,8.881784197001252e-16,2.3009803619174232e-14
2025-05-24,oil_gas,3.860000000000001,3.86,1.3322676295501878e-15,3.451470542876134e-14
2025-05-25,oil_gas,3.790000000000001,3.79,8.881784197001252e-16,2.34347867994756e-14
2025-05-26,oil_gas,3.870000000000002,3.87,1.7763568394002505e-15,4.590069352455427e-14
2025-05-27,oil_gas,3.8600000000000008,3.86,8.881784197001252e-16,2.3009803619174232e-14
2025-05-28,oil_gas,3.840000000000001,3.84,1.3322676295501878e-15,3.469446951953614e-14
2025-05-29,oil_gas,3.5500000000000007,3.55,8.881784197001252e-16,2.5019110414088036e-14
2025-05-30,oil_gas,3.5400000000000014,3.54,1.3322676295501878e-15,3.763467880085276e-14
2025-05-31,oil_gas,3.5300000000000016,3.53,1.7763568394002505e-15,5.0321723495757805e-14
2025-06-01,oil_gas,3.490000000000002,3.49,1.7763568394002505e-15,5.0898476773646144e-14
2025-06-02,oil_gas,3.390000000000001,3.39,8.881784197001252e-16,2.619995338348452e-14
2025-06-03,oil_gas,2.9700000000000006,2.97,4.440892098500626e-16,1.4952498648150255e-14
2025-06-04,oil_gas,3.190000000000001,3.19,8.881784197001252e-16,2.78425836896591e-14
2025-06-05,oil_gas,3.110000000000001,3.11,1.3322676295501878e-15,4.2838187445343663e-14
2025-06-06,oil_gas,3.1600000000000015,3.16,1.3322676295501878e-15,4.216036802374012e-14
2025-06-07,oil_gas,3.1500000000000012,3.15,1.3322676295501878e-15,4.2294210461910727e-14
2025-06-08,oil_gas,3.660000000000002,3.66,1.7763568394002505e-15,4.853433987432378e-14
2025-06-09,oil_gas,3.8100000000000023,3.81,2.220446049250313e-15,5.827942386483762e-14
2025-06-10,oil_gas,3.870000000000002,3.87,1.7763568394002505e-15,4.590069352455427e-14
2025-06-11,oil_gas,3.8800000000000017,3.88,1.7763568394002505e-15,4.57823927680477e-14
2025-06-12,oil_gas,3.8400000000000016,3.84,1.7763568394002505e-15,4.625929269271486e-14
2025-06-13,oil_gas,3.860000000000002,3.86,2.220446049250313e-15,5.752450904793557e-14
2025-06-14,oil_gas,3.830000000000001,3.83,8.881784197001252e-16,2.3190037067888385e-14
2025-06-15,oil_gas,3.770000000000002,3.77,1.7763568394002505e-15,4.7118218551730785e-14
2025-06-16,oil_gas,3.790000000000001,3.79,8.881784197001252e-16,2.34347867994756e-14
2025-06-17,oil_gas,3.6000000000000014,3.6,1.3322676295501878e-15,3.700743415417188e-14
2025-06-18,oil_gas,3.5800000000000014,3.58,1.3322676295501878e-15,3.7214179596373965e-14
2025-06-19,oil_gas,3.460000000000001,3.46,8.881784197001252e-16,2.566989652312501e-14
2025-06-20,oil_gas,3.5300000000000007,3.53,8.881784197001252e-16,2.5160861747878903e-14
2025-06-21,oil_gas,3.9500000000000006,3.95,4.440892098500626e-16,1.1242764806330698e-14
2025-06-22,oil_gas,3.940000000000002,3.94,2.220446049250313e-15,5.635649871193688e-14
2025-06-23,oil_gas,3.940000000000002,3.94,2.220446049250313e-15,5.635649871193688e-14
2025-06-24,oil_gas,3.9000000000000017,3.9,1.7763568394002505e-15,4.55476112666731e-14
2025-06-25,oil_gas,3.9000000000000017,3.9,1.7763568394002505e-15,4.55476112666731e-14
2025-06-26,oil_gas,3.7100000000000017,3.71,1.7763568394002505e-15,4.788023825876686e-14
2025-06-27,oil_gas,3.810000000000002,3.81,1.7763568394002505e-15,4.662353909187009e-14
2025-06-28,oil_gas,3.6900000000000013,3.69,1.3322676295501878e-15,3.610481380894818e-14
2025-06-29,oil_gas,3.840000000000001,3.84,1.3322676295501878e-15,3.469446951953614e-14
2025-06-30,oil_gas,3.8700000000000014,3.87,1.3322676295501878e-15,3.4425520143415705e-14
2025-07-01,oil_gas,3.850000000000002,3.85,1.7763568394002505e-15,4.6139138685720785e-14
2025-07-02,oil_gas,3.8000000000000025,3.8,2.6645352591003757e-15,7.01193489236941e-14
2025-07-03,oil_gas,3.4700000000000015,3.47,1.3322676295501878e-15,3.839387981412645e-14
2025-07-04,oil_gas,3.380000000000001,3.38,8.881784197001252e-16,2.6277468038465244e-14
2025-07-05,oil_gas,3.4500000000000015,3.45,1.3322676295501878e-15,3.861645303044023e-14
2025-07-06,oil_gas,3.400000000000001,3.4,8.881784197001252e-16,2.612289469706251e-14
2025-07-07,oil_gas,3.790000000000002,3.79,1.7763568394002505e-15,4.68695735989512e-14
2025-07-08,oil_gas,3.720000000000001,3.72,8.881784197001252e-16,2.3875763970433472e-14
2025-07-09,oil_gas,3.750000000000002,3.75,2.220446049250313e-15,5.921189464667501e-14
2025-07-10,oil_gas,3.580000000000002,3.58,1.7763568394002505e-15,4.9618906128498615e-14
2025-07-11,oil_gas,3.540000000000002,3.54,1.7763568394002505e-15,5.0179571734470355e-14
2025-07-12,oil_gas,3.490000000000002,3.49,1.7763568394002505e-15,5.0898476773646144e-14
2025-07-13,oil_gas,3.2500000000000013,3.25,1.3322676295501878e-15,4.099285014000578e-14
2025-07-14,oil_gas,3.3800000000000003,3.38,4.440892098500626e-16,1.3138734019232622e-14
2025-07-15,oil_gas,3.330000000000001,3.33,8.881784197001252e-16,2.6672024615619376e-14
2025-07-16,oil_gas,3.560000000000001,3.56,8.881784197001252e-16,2.4948832014048463e-14
2025-07-17,oil_gas,3.4000000000000004,3.4,4.440892098500626e-16,1.3061447348531254e-14
2025-07-18,oil_gas,3.600000000000001,3.6,8.881784197001252e-16,2.4671622769447924e-14
2025-07-19,oil_gas,3.8300000000000014,3.83,1.3322676295501878e-15,3.4785055601832584e-14
2025-07-20,oil_gas,3.810000000000002,3.81,1.7763568394002505e-15,4.662353909187009e-14
2025-07-21,oil_gas,3.5000000000000018,3.5,1.7763568394002505e-15,5.0753052554292867e-14
2025-07-22,oil_gas,3.640000000000001,3.64,8.881784197001252e-16,2.4400506035717725e-14
2025-07-23,oil_gas,3.68,3.68,0.0,0.0
2025-07-24,oil_gas,3.5300000000000016,3.53,1.7763568394002505e-15,5.0321723495757805e-14
2025-07-25,oil_gas,3.7800000000000007,3.78,8.881784197001252e-16,2.3496783589950407e-14
2025-07-26,oil_gas,3.850000000000002,3.85,1.7763568394002505e-15,4.6139138685720785e-14
2025-07-27,oil_gas,3.7800000000000007,3.78,8.881784197001252e-16,2.3496783589950407e-14
2025-07-28,oil_gas,3.8900000000000015,3.89,1.3322676295501878e-15,3.424852518123876e-14
2025-07-29,oil_gas,3.8800000000000012,3.88,1.3322676295501878e-15,3.4336794576035774e-14
2025-07-30,oil_gas,3.8600000000000008,3.86,8.881784197001252e-16,2.3009803619174232e-14
2025-07-31,oil_gas,3.790000000000001,3.79,8.881784197001252e-16,2.34347867994756e-14
2025-08-01,oil_gas,3.830000000000001,3.83,8.881784197001252e-16,2.3190037067888385e-14
2025-08-02,oil_gas,4.260000000000002,4.26,1.7763568394002505e-15,4.169851735681339e-14
2025-08-03,oil_gas,4.340000000000001,4.34,8.881784197001252e-16,2.0464940546085834e-14
2025-08-04,oil_gas,4.0500000000000025,4.05,2.6645352591003757e-15,6.579099405186113e-14
2025-08-05,oil_gas,3.44,3.44,0.0,0.0
2025-08-06,oil_gas,3.5100000000000025,3.51,2.6645352591003757e-15,7.591268544445516e-14
2025-08-07,oil_gas,3.6700000000000013,3.67,1.3322676295501878e-15,3.630157028747106e-14
2025-08-08,oil_gas,3.830000000000002,3.83,1.7763568394002505e-15,4.638007413577677e-14
2025-08-09,oil_gas,1.9900000000000002,1.99,2.220446049250313e-16,1.1158020347991522e-14
2025-08-10,oil_gas,1.82,1.82,0.0,0.0
2025-08-11,oil_gas,2.0600000000000005,2.06,4.440892098500626e-16,2.1557728633498187e-14
2025-08-12,oil_gas,1.93,1.93,0.0,0.0
2025-08-13,oil_gas,1.8299999999999996,1.83,-4.440892098500626e-16,-2.426716993716189e-14
2025-08-14,oil_gas,1.8299999999999996,1.83,-4.440892098500626e-16,-2.426716993716189e-14
2025-08-15,oil_gas,1.8300000000000005,1.83,4.440892098500626e-16,2.426716993716189e-14
2025-08-16,oil_gas,1.84,1.84,0.0,0.0
2025-08-17,oil_gas,1.8699999999999997,1.87,-4.440892098500626e-16,-2.374808608823864e-14
2025-08-18,oil_gas,1.8500000000000005,1.85,4.440892098500626e-16,2.4004822154057436e-14
2025-08-19,oil_gas,1.86,1.86,0.0,0.0
2025-08-20,oil_gas,1.8599999999999999,1.86,-2.220446049250313e-16,-1.1937881985216736e-14
2025-08-21,oil_gas,1.8599999999999999,1.86,-2.220446049250313e-16,-1.1937881985216736e-14
2025-08-22,oil_gas,1.85,1.85,0.0,0.0
2025-08-23,oil_gas,1.83,1.83,0.0,0.0
2025-08-24,oil_gas,1.8100000000000005,1.81,4.440892098500626e-16,2.453531546132943e-14
2025-08-25,oil_gas,1.8100000000000005,1.81,4.440892098500626e-16,2.453531546132943e-14
2025-08-26,oil_gas,1.8199999999999998,1.82,-2.220446049250313e-16,-1.2200253017858862e-14
2025-08-27,oil_gas,1.7799999999999987,1.78,-1.3322676295501878e-15,-7.484649604214538e-14
2025-08-28,oil_gas,1.54,1.54,0.0,0.0
2025-08-29,oil_gas,1.66,1.66,0.0,0.0
2025-08-30,oil_gas,1.66,1.66,0.0,0.0
2025-08-31,oil_gas,1.6899999999999997,1.69,-2.220446049250313e-16,-1.3138734019232622e-14
2025-09-01,oil_gas,1.8399999999999999,1.84,-2.220446049250313e-16,-1.206764157201257e-14
2025-09-02,oil_gas,1.82,1.82,0.0,0.0
2025-09-03,oil_gas,1.83,1.83,0.0,0.0
2025-09-04,oil_gas,1.8300000000000003,1.83,2.220446049250313e-16,1.2133584968580944e-14
2025-09-05,oil_gas,1.83,1.83,0.0,0.0
2025-09-06,oil_gas,1.8300000000000003,1.83,2.220446049250313e-16,1.2133584968580944e-14
2025-09-07,oil_gas,1.71,1.71,0.0,0.0
2025-09-08,oil_gas,1.8299999999999998,1.83,-2.220446049250313e-16,-1.2133584968580944e-14
2025-09-09,oil_gas,1.8300000000000005,1.83,4.440892098500626e-16,2.426716993716189e-14
2025-09-10,oil_gas,1.83,1.83,0.0,0.0
2025-09-11,oil_gas,1.8499999999999999,1.85,-2.220446049250313e-16,-1.2002411077028718e-14
2025-09-12,oil_gas,1.8300000000000003,1.83,2.220446049250313e-16,1.2133584968580944e-14
2025-09-13,oil_gas,1.83,1.83,0.0,0.0
2025-09-14,oil_gas,1.8299999999999987,1.83,-1.3322676295501878e-15,-7.280150981148568e-14
2025-09-15,oil_gas,1.8299999999999998,1.83,-2.220446049250313e-16,-1.2133584968580944e-14
2025-09-16,oil_gas,2.41,2.41,0.0,0.0
2025-09-17,oil_gas,2.58,2.58,0.0,0.0
2025-09-18,oil_gas,2.5799999999999996,2.58,-4.440892098500626e-16,-1.7212760071707852e-14
2025-09-19,oil_gas,2.7100000000000004,2.71,4.440892098500626e-16,1.638705571402445e-14
2025-09-20,oil_gas,3.6700000000000017,3.67,1.7763568394002505e-15,4.840209371662808e-14
2025-09-21,oil_gas,3.7700000000000014,3.77,1.3322676295501878e-15,3.533866391379809e-14
2025-09-22,oil_gas,3.8900000000000023,3.89,2.220446049250313e-15,5.70808753020646e-14
2025-09-23,oil_gas,3.5,3.5,0.0,0.0
2025-09-24,oil_gas,3.5600000000000014,3.56,1.3322676295501878e-15,3.742324802107269e-14
2025-09-25,oil_gas,3.410000000000002,3.41,1.7763568394002505e-15,5.209257593549121e-14
2025-09-26,oil_gas,3.6900000000000017,3.69,1.7763568394002505e-15,4.8139751745264247e-14
2025-09-27,oil_gas,3.620000000000001,3.62,8.881784197001252e-16,2.453531546132943e-14
2025-09-28,oil_gas,3.580000000000001,3.58,8.881784197001252e-16,2.4809453064249308e-14
2025-09-29,oil_gas,3.780000000000003,3.78,3.1086244689504383e-15,8.223874256482641e-14
2025-09-30,oil_gas,3.300000000000001,3.3,1.3322676295501878e-15,4.03717463500057e-14
2025-10-01,oil_gas,3.6500000000000012,3.65,1.3322676295501878e-15,3.6500483001375013e-14
2025-10-02,oil_gas,3.410000000000001,3.41,8.881784197001252e-16,2.6046287967745604e-14
2025-10-03,oil_gas,3.410000000000003,3.41,2.6645352591003757e-15,7.813886390323682e-14
2025-10-04,oil_gas,3.240000000000001,3.24,8.881784197001252e-16,2.741291418827547e-14
2025-10-05,oil_gas,3.3300000000000005,3.33,4.440892098500626e-16,1.3336012307809688e-14
2025-10-06,oil_gas,3.300000000000001,3.3,1.3322676295501878e-15,4.03717463500057e-14
2025-10-07,oil_gas,3.0700000000000007,3.07,8.881784197001252e-16,2.893089314984121e-14
2025-10-08,oil_gas,3.2,3.2,0.0,0.0
2025-10-09,oil_gas,3.130000000000001,3.13,8.881784197001252e-16,2.8376307338662146e-14
2025-10-10,oil_gas,3.740000000000001,3.74,8.881784197001252e-16,2.374808608823864e-14
2025-10-11,oil_gas,3.6100000000000008,3.61,8.881784197001252e-16,2.4603280324103194e-14
2025-10-12,oil_gas,3.940000000000002,3.94,2.220446049250313e-15,5.635649871193688e-14
2025-10-13,oil_gas,4.020000000000003,4.02,3.552713678800501e-15,8.837596215921646e-14
2025-10-14,oil_gas,4.000000000000001,4.0,8.881784197001252e-16,2.220446049250313e-14
2025-10-15,oil_gas,3.770000000000002,3.77,1.7763568394002505e-15,4.7118218551730785e-14
2025-10-16,oil_gas,3.9400000000000004,3.94,4.440892098500626e-16,1.1271299742387376e-14
2025-10-17,oil_gas,3.900000000000001,3.9,8.881784197001252e-16,2.277380563333655e-14
2025-10-18,oil_gas,4.020000000000003,4.02,3.552713678800501e-15,8.837596215921646e-14
2025-10-19,oil_gas,4.100000000000002,4.1,2.6645352591003757e-15,6.498866485610674e-14
2025-10-20,oil_gas,4.560000000000005,4.56,5.329070518200751e-15,1.1686558153949018e-13
2025-10-21,oil_gas,4.380000000000003,4.38,2.6645352591003757e-15,6.083413833562502e-14
2025-10-22,oil_gas,3.950000000000002,3.95,1.7763568394002505e-15,4.497105922532279e-14
2025-10-23,oil_gas,4.05,4.05,0.0,0.0
2025-10-24,oil_gas,4.360000000000004,4.36,3.552713678800501e-15,8.148425868808488e-14
2025-10-25,oil_gas,4.04,4.04,0.0,0.0
2025-10-26,oil_gas,4.440000000000001,4.44,8.881784197001252e-16,2.000401846171453e-14
2025-10-27,oil_gas,4.570000000000002,4.57,1.7763568394002505e-15,3.886995272210614e-14
2025-10-28,oil_gas,4.190000000000003,4.19,2.6645352591003757e-15,6.3592726947503e-14
2025-10-29,oil_gas,4.120000000000004,4.12,3.552713678800501e-15,8.623091453399275e-14
2025-10-30,oil_gas,4.290000000000002,4.29,1.7763568394002505e-15,4.140691933333917e-14
2025-10-31,oil_gas,4.030000000000002,4.03,1.7763568394002505e-15,4.407833348387718e-14
2025-11-01,oil_gas,4.1000000000000005,4.1,8.881784197001252e-16,2.166288828536891e-14
2025-11-02,oil_gas,4.5100000000000025,4.51,2.6645352591003757e-15,5.908060441464249e-14
2025-11-03,oil_gas,4.360000000000002,4.36,1.7763568394002505e-15,4.074212934404244e-14
2025-11-04,oil_gas,4.1400000000000015,4.14,1.7763568394002505e-15,4.2907170033822476e-14
2025-11-05,oil_gas,4.3400000000000025,4.34,2.6645352591003757e-15,6.13948216382575e-14
2025-11-06,oil_gas,4.030000000000003,4.03,2.6645352591003757e-15,6.611750022581577e-14
2025-11-07,oil_gas,4.240000000000003,4.24,2.6645352591003757e-15,6.28428127146315e-14
2025-11-08,oil_gas,4.360000000000004,4.36,3.552713678800501e-15,8.148425868808488e-14
2025-11-09,oil_gas,4.350000000000002,4.35,2.6645352591003757e-15,6.125368411725002e-14
2025-11-10,oil_gas,4.350000000000001,4.35,1.7763568394002505e-15,4.0835789411500014e-14
2025-11-11,oil_gas,3.920000000000001,3.92,8.881784197001252e-16,2.2657612747452175e-14
2025-11-12,oil_gas,3.820000000000001,3.82,1.3322676295501878e-15,3.48761159568112e-14
2025-11-13,oil_gas,3.7900000000000023,3.79,2.220446049250313e-15,5.858696699868899e-14
2025-11-14,oil_gas,3.6700000000000026,3.67,2.6645352591003757e-15,7.260314057494211e-14
2025-11-15,oil_gas,3.69,3.69,0.0,0.0
2025-11-16,oil_gas,3.760000000000002,3.76,2.220446049250313e-15,5.905441620346577e-14
2025-11-17,oil_gas,3.7300000000000018,3.73,1.7763568394002505e-15,4.762350775871985e-14
2025-11-18,oil_gas,3.740000000000003,3.74,2.6645352591003757e-15,7.124425826471593e-14
2025-11-19,oil_gas,3.7100000000000017,3.71,1.7763568394002505e-15,4.788023825876686e-14
2025-11-20,oil_gas,3.720000000000002,3.72,1.7763568394002505e-15,4.7751527940866943e-14
2025-11-21,oil_gas,3.690000000000002,3.69,2.220446049250313e-15,6.017468968158031e-14
2025-11-22,oil_gas,3.700000000000003,3.7,2.6645352591003757e-15,7.201446646217232e-14
2025-11-23,oil_gas,3.7100000000000004,3.71,4.440892098500626e-16,1.1970059564691714e-14
2025-11-24,oil_gas,4.380000000000002,4.38,1.7763568394002505e-15,4.055609222375001e-14
2025-11-25,oil_gas,4.5100000000000025,4.51,2.6645352591003757e-15,5.908060441464249e-14
2025-11-26,oil_gas,3.900000000000002,3.9,2.220446049250313e-15,5.693451408334136e-14
2025-11-27,oil_gas,2.27,2.27,0.0,0.0
2025-11-28,oil_gas,2.4500000000000006,2.45,4.440892098500626e-16,1.8126090197961736e-14
2025-11-29,oil_gas,4.560000000000003,4.56,3.552713678800501e-15,7.791038769299345e-14
2025-11-30,oil_gas,3.860000000000002,3.86,2.220446049250313e-15,5.752450904793557e-14
2025-12-01,oil_gas,3.6800000000000006,3.68,4.440892098500626e-16,1.206764157201257e-14
2025-12-02,oil_gas,3.4400000000000013,3.44,1.3322676295501878e-15,3.872871016134267e-14
2025-12-03,oil_gas,3.6100000000000003,3.61,4.440892098500626e-16,1.2301640162051597e-14
2025-12-04,oil_gas,3.460000000000001,3.46,8.881784197001252e-16,2.566989652312501e-14
2025-12-05,oil_gas,3.3700000000000014,3.37,1.3322676295501878e-15,3.9533164081607946e-14
2025-12-06,oil_gas,3.2500000000000018,3.25,1.7763568394002505e-15,5.465713352000771e-14
2025-12-07,oil_gas,3.41,3.41,0.0,0.0
2025-12-08,oil_gas,3.4100000000000024,3.41,2.220446049250313e-15,6.511571991936402e-14
2025-12-09,oil_gas,3.560000000000002,3.56,1.7763568394002505e-15,4.9897664028096927e-14
2025-12-10,oil_gas,3.450000000000001,3.45,8.881784197001252e-16,2.5744302020293486e-14
2025-12-11,oil_gas,3.61,3.61,0.0,0.0
2025-12-12,oil_gas,3.610000000000002,3.61,2.220446049250313e-15,6.150820081025798e-14
2025-12-13,oil_gas,3.4900000000000007,3.49,4.440892098500626e-16,1.2724619193411536e-14
2025-12-14,oil_gas,3.5500000000000007,3.55,8.881784197001252e-16,2.5019110414088036e-14
2025-12-15,oil_gas,3.49,3.49,0.0,0.0
2025-12-16,oil_gas,3.4500000000000015,3.45,1.3322676295501878e-15,3.861645303044023e-14
2025-12-17,oil_gas,3.4900000000000015,3.49,1.3322676295501878e-15,3.8173857580234607e-14
2025-12-18,oil_gas,3.5000000000000004,3.5,4.440892098500626e-16,1.2688263138573217e-14
2025-12-19,oil_gas,3.390000000000001,3.39,8.881784197001252e-16,2.619995338348452e-14
2025-12-20,oil_gas,3.410000000000001,3.41,8.881784197001252e-16,2.6046287967745604e-14
2025-12-21,oil_gas,3.6000000000000005,3.6,4.440892098500626e-16,1.2335811384723962e-14
2025-12-22,oil_gas,3.6200000000000006,3.62,4.440892098500626e-16,1.2267657730664715e-14
2025-12-23,oil_gas,3.6600000000000006,3.66,4.440892098500626e-16,1.2133584968580944e-14
2025-12-24,oil_gas,3.640000000000001,3.64,8.881784197001252e-16,2.4400506035717725e-14
2025-12-25,oil_gas,3.6600000000000015,3.66,1.3322676295501878e-15,3.640075490574284e-14
2025-12-26,oil_gas,3.6500000000000012,3.65,1.3322676295501878e-15,3.6500483001375013e-14
2025-12-27,oil_gas,3.5200000000000014,3.52,1.3322676295501878e-15,3.784851220313034e-14
2025-12-28,oil_gas,3.120000000000001,3.12,8.881784197001252e-16,2.846725704167068e-14
2025-12-29,oil_gas,3.160000000000001,3.16,8.881784197001252e-16,2.8106912015826746e-14
2025-12-30,oil_gas,3.6300000000000012,3.63,1.3322676295501878e-15,3.670158759091427e-14
2025-12-31,oil_gas,3.5900000000000016,3.59,1.7763568394002505e-15,4.948069190529946e-14
2026-01-01,oil_gas,3.520000000000001,3.52,8.881784197001252e-16,2.523234146875356e-14
2026-01-02,oil_gas,3.48,3.48,0.0,0.0
2026-01-03,oil_gas,3.4300000000000006,3.43,4.440892098500626e-16,1.2947207284258384e-14
2026-01-04,oil_gas,3.0500000000000003,3.05,4.440892098500626e-16,1.4560301962297137e-14
2026-01-05,oil_gas,3.360000000000001,3.36,1.3322676295501878e-15,3.965082230804131e-14
2026-01-06,oil_gas,3.4300000000000015,3.43,1.3322676295501878e-15,3.8841621852775154e-14
2026-01-07,oil_gas,3.4400000000000017,3.44,1.7763568394002505e-15,5.1638280215123563e-14
2026-01-08,oil_gas,3.5100000000000016,3.51,1.7763568394002505e-15,5.06084569629701e-14
2026-01-09,oil_gas,3.500000000000001,3.5,8.881784197001252e-16,2.5376526277146433e-14
2026-01-10,oil_gas,3.510000000000001,3.51,1.3322676295501878e-15,3.795634272222758e-14
2026-01-11,oil_gas,3.510000000000001,3.51,1.3322676295501878e-15,3.795634272222758e-14
2026-01-12,oil_gas,3.5400000000000014,3.54,1.3322676295501878e-15,3.763467880085276e-14
2026-01-13,oil_gas,3.5000000000000018,3.5,1.7763568394002505e-15,5.0753052554292867e-14
2026-01-14,oil_gas,3.4800000000000004,3.48,4.440892098500626e-16,1.2761184191093753e-14
2026-01-15,oil_gas,3.4800000000000018,3.48,1.7763568394002505e-15,5.104473676437501e-14
2026-01-16,oil_gas,3.510000000000001,3.51,1.3322676295501878e-15,3.795634272222758e-14
2026-01-17,oil_gas,3.57,3.57,0.0,0.0
2026-01-18,oil_gas,3.5500000000000007,3.55,8.881784197001252e-16,2.5019110414088036e-14
2026-01-19,oil_gas,3.530000000000002,3.53,2.220446049250313e-15,6.290215436969726e-14
2026-01-20,oil_gas,3.540000000000001,3.54,8.881784197001252e-16,2.5089785867235178e-14
2026-01-21,oil_gas,3.740000000000001,3.74,8.881784197001252e-16,2.374808608823864e-14
2026-01-22,oil_gas,2.85,2.85,0.0,0.0
2026-01-23,oil_gas,2.7400000000000015,2.74,1.3322676295501878e-15,4.862290618796306e-14
2026-01-24,oil_gas,3.6,3.6,0.0,0.0
2026-01-25,oil_gas,3.12,3.12,0.0,0.0
2026-01-26,oil_gas,3.1000000000000005,3.1,4.440892098500626e-16,1.4325458382260084e-14
2026-01-27,oil_gas,3.1000000000000005,3.1,4.440892098500626e-16,1.4325458382260084e-14
2026-01-28,oil_gas,3.1000000000000005,3.1,4.440892098500626e-16,1.4325458382260084e-14
2026-01-29,oil_gas,3.1100000000000003,3.11,4.440892098500626e-16,1.4279395815114554e-14
2026-01-30,oil_gas,3.119999999999983,3.12,-1.7319479184152442e-14,-5.551115123125783e-13
2026-01-31,oil_gas,3.1199999999999792,3.12,-2.0872192862952943e-14,-6.68980540479261e-13
2026-02-01,oil_gas,3.1,3.1,0.0,0.0
2026-02-02,oil_gas,3.1,3.1,0.0,0.0
2026-02-03,oil_gas,3.1,3.1,0.0,0.0
2026-02-04,oil_gas,2.55,2.55,0.0,0.0
2026-02-05,oil_gas,2.32,2.32,0.0,0.0
2026-02-06,oil_gas,3.029999999999998,3.03,-1.7763568394002505e-15,-5.862563826403466e-14
2026-02-07,oil_gas,3.100000000000004,3.1,3.9968028886505635e-15,1.2892912544034076e-13
2026-02-08,oil_gas,3.1000000000000045,3.1,4.440892098500626e-15,1.4325458382260084e-13
2026-02-09,oil_gas,3.1000000000000005,3.1,4.440892098500626e-16,1.4325458382260084e-14
2026-02-10,oil_gas,3.0999999999999996,3.1,-4.440892098500626e-16,-1.4325458382260084e-14
2026-02-11,oil_gas,3.1100000000000008,3.11,8.881784197001252e-16,2.855879163022911e-14
2026-02-12,oil_gas,3.1,3.1,0.0,0.0
2026-02-13,oil_gas,3.08,3.08,0.0,0.0
2026-02-14,oil_gas,3.0800000000000005,3.08,4.440892098500626e-16,1.4418480839287746e-14
2026-02-15,oil_gas,3.0900000000000003,3.09,4.440892098500626e-16,1.4371819088998792e-14
2026-02-16,oil_gas,3.0900000000000025,3.09,2.6645352591003757e-15,8.623091453399275e-14
2026-02-17,oil_gas,3.0800000000000005,3.08,4.440892098500626e-16,1.4418480839287746e-14
2026-02-18,oil_gas,3.07,3.07,0.0,0.0
2026-02-19,oil_gas,3.0700000000000003,3.07,4.440892098500626e-16,1.4465446574920607e-14
2026-02-20,oil_gas,3.000000000000001,3.0,8.881784197001252e-16,2.9605947323337504e-14
2026-02-21,oil_gas,3.05,3.05,0.0,0.0
2026-02-22,oil_gas,3.05,3.05,0.0,0.0
2026-02-23,oil_gas,3.0500000000000007,3.05,8.881784197001252e-16,2.9120603924594274e-14
2026-02-24,oil_gas,3.05,3.05,0.0,0.0
2026-02-25,oil_gas,2.7000000000000006,2.7,4.440892098500626e-16,1.6447748512965283e-14
2026-02-26,oil_gas,2.5800000000000005,2.58,4.440892098500626e-16,1.7212760071707852e-14
2026-02-27,oil_gas,2.8200000000000003,2.82,4.440892098500626e-16,1.5747844320924206e-14
2026-02-28,oil_gas,2.66,2.66,0.0,0.0
2026-03-01,oil_gas,4.0200000000000005,4.02,8.881784197001252e-16,2.2093990539804115e-14
2026-03-02,oil_gas,3.410000000000001,3.41,8.881784197001252e-16,2.6046287967745604e-14
2026-03-03,oil_gas,3.430000000000001,3.43,8.881784197001252e-16,2.5894414568516767e-14
2026-03-04,oil_gas,3.4700000000000006,3.47,4.440892098500626e-16,1.279795993804215e-14
2026-03-05,oil_gas,4.6000000000000005,4.6,8.881784197001252e-16,1.9308226515220114e-14
2026-03-06,oil_gas,4.660000000000004,4.66,3.552713678800501e-15,7.623849096138415e-14
2026-03-07,oil_gas,4.670000000000002,4.67,1.7763568394002505e-15,3.8037619687371533e-14
2026-03-08,oil_gas,4.690000000000004,4.69,3.552713678800501e-15,7.57508247078998e-14
2026-03-09,oil_gas,4.400000000000004,4.4,3.552713678800501e-15,8.074349270001138e-14
2026-03-10,oil_gas,4.6300000000000034,4.63,3.552713678800501e-15,7.673247686394171e-14
2026-03-11,oil_gas,4.6499999999999995,4.65,-8.881784197001252e-16,-1.9100611176346778e-14
2026-03-12,oil_gas,3.9400000000000013,3.94,1.3322676295501878e-15,3.381389922716213e-14
2026-03-13,oil_gas,4.540000000000002,4.54,1.7763568394002505e-15,3.912680262996146e-14
2026-03-14,oil_gas,2.7100000000000004,2.71,4.440892098500626e-16,1.638705571402445e-14
2026-03-15,oil_gas,2.65,2.65,0.0,0.0
2026-03-16,oil_gas,2.73,2.73,0.0,0.0
2026-03-17,oil_gas,2.64,2.64,0.0,0.0
2026-03-18,oil_gas,2.6999999999999997,2.7,-4.440892098500626e-16,-1.6447748512965283e-14
2026-03-19,oil_gas,3.450000000000001,3.45,8.881784197001252e-16,2.5744302020293486e-14
2026-03-20,oil_gas,3.3800000000000003,3.38,4.440892098500626e-16,1.3138734019232622e-14
2026-03-21,oil_gas,3.1500000000000004,3.15,4.440892098500626e-16,1.409807015397024e-14
2026-03-22,oil_gas,3.450000000000001,3.45,8.881784197001252e-16,2.5744302020293486e-14
2026-03-23,oil_gas,3.4600000000000013,3.46,1.3322676295501878e-15,3.850484478468751e-14
2026-03-24,oil_gas,3.650000000000001,3.65,8.881784197001252e-16,2.4333655334250006e-14
2026-03-25,oil_gas,3.5000000000000004,3.5,4.440892098500626e-16,1.2688263138573217e-14
2026-03-26,oil_gas,3.1299999999999977,3.13,-2.220446049250313e-15,-7.094076834665537e-14
2026-03-27,oil_gas,2.8799999999999812,2.88,-1.865174681370263e-14,-6.47630097698008e-13
2026-03-28,oil_gas,3.599999999999997,3.6,-3.1086244689504383e-15,-8.635067969306772e-14
2026-03-29,oil_gas,3.549999999999995,3.55,-4.884981308350689e-15,-1.376051072774842e-13
2026-03-30,oil_gas,3.640000000000001,3.64,8.881784197001252e-16,2.4400506035717725e-14
2026-03-31,oil_gas,2.9199999999999995,2.92,-4.440892098500626e-16,-1.5208534583906254e-14
2025-04-01,nuclear,54.48,54.48,0.0,0.0
2025-04-02,nuclear,54.48,54.48,0.0,0.0
2025-04-03,nuclear,54.39,54.39,0.0,0.0
2025-04-04,nuclear,54.41,54.41,0.0,0.0
2025-04-05,nuclear,54.44,54.44,0.0,0.0
2025-04-06,nuclear,54.35,54.35,0.0,0.0
2025-04-07,nuclear,54.31,54.31,0.0,0.0
2025-04-08,nuclear,54.25,54.25,0.0,0.0
2025-04-09,nuclear,54.32,54.32,0.0,0.0
2025-04-10,nuclear,54.15,54.15,0.0,0.0
2025-04-11,nuclear,54.13,54.13,0.0,0.0
2025-04-12,nuclear,54.36,54.36,0.0,0.0
2025-04-13,nuclear,54.42,54.42,0.0,0.0
2025-04-14,nuclear,54.46,54.46,0.0,0.0
2025-04-15,nuclear,53.18,53.18,0.0,0.0
2025-04-16,nuclear,42.96,42.96,0.0,0.0
2025-04-17,nuclear,44.51,44.51,0.0,0.0
2025-04-18,nuclear,52.64,52.64,0.0,0.0
2025-04-19,nuclear,54.18,54.18,0.0,0.0
2025-04-20,nuclear,54.35,54.35,0.0,0.0
2025-04-21,nuclear,54.46,54.46,0.0,0.0
2025-04-22,nuclear,54.46,54.46,0.0,0.0
2025-04-23,nuclear,54.33,54.33,0.0,0.0
2025-04-24,nuclear,54.26,54.26,0.0,0.0
2025-04-25,nuclear,54.45,54.45,0.0,0.0
2025-04-26,nuclear,54.4,54.4,0.0,0.0
2025-04-27,nuclear,29.85,29.85,0.0,0.0
2025-04-28,nuclear,29.81,29.81,0.0,0.0
2025-04-29,nuclear,29.79,29.79,0.0,0.0
2025-04-30,nuclear,29.88,29.88,0.0,0.0
2025-05-01,nuclear,29.86,29.86,0.0,0.0
2025-05-02,nuclear,29.87,29.87,0.0,0.0
2025-05-03,nuclear,29.85,29.85,0.0,0.0
2025-05-04,nuclear,29.83,29.83,0.0,0.0
2025-05-05,nuclear,29.92,29.92,0.0,0.0
2025-05-06,nuclear,29.8,29.8,0.0,0.0
2025-05-07,nuclear,29.88,29.88,0.0,0.0
2025-05-08,nuclear,29.83,29.83,0.0,0.0
2025-05-09,nuclear,29.9,29.9,0.0,0.0
2025-05-10,nuclear,29.67,29.67,0.0,0.0
2025-05-11,nuclear,29.81,29.81,0.0,0.0
2025-05-12,nuclear,29.91,29.91,0.0,0.0
2025-05-13,nuclear,29.93,29.93,0.0,0.0
2025-05-14,nuclear,29.86,29.86,0.0,0.0
2025-05-15,nuclear,29.74,29.74,0.0,0.0
2025-05-16,nuclear,29.8,29.8,0.0,0.0
2025-05-17,nuclear,29.78,29.78,0.0,0.0
2025-05-18,nuclear,54.29,54.29,0.0,0.0
2025-05-19,nuclear,54.4,54.4,0.0,0.0
2025-05-20,nuclear,54.48,54.48,0.0,0.0
2025-05-21,nuclear,54.43,54.43,0.0,0.0
2025-05-22,nuclear,54.47,54.47,0.0,0.0
2025-05-23,nuclear,54.42,54.42,0.0,0.0
2025-05-24,nuclear,54.53,54.53,0.0,0.0
2025-05-25,nuclear,54.52,54.52,0.0,0.0
2025-05-26,nuclear,54.66,54.66,0.0,0.0
2025-05-27,nuclear,54.45,54.45,0.0,0.0
2025-05-28,nuclear,54.7,54.7,0.0,0.0
2025-05-29,nuclear,54.7,54.7,0.0,0.0
2025-05-30,nuclear,54.76,54.76,0.0,0.0
2025-05-31,nuclear,54.77,54.77,0.0,0.0
2025-06-01,nuclear,54.62,54.62,0.0,0.0
2025-06-02,nuclear,54.75,54.75,0.0,0.0
2025-06-03,nuclear,54.66,54.66,0.0,0.0
2025-06-04,nuclear,54.65,54.65,0.0,0.0
2025-06-05,nuclear,54.65,54.65,0.0,0.0
2025-06-06,nuclear,54.57,54.57,0.0,0.0
2025-06-07,nuclear,49.38,49.38,0.0,0.0
2025-06-08,nuclear,49.25,49.25,0.0,0.0
2025-06-09,nuclear,49.45,49.45,0.0,0.0
2025-06-10,nuclear,49.11,49.11,0.0,0.0
2025-06-11,nuclear,49.25,49.25,0.0,0.0
2025-06-12,nuclear,49.39,49.39,0.0,0.0
2025-06-13,nuclear,49.28,49.28,0.0,0.0
2025-06-14,nuclear,49.37,49.37,0.0,0.0
2025-06-15,nuclear,52.59,52.59,0.0,0.0
2025-06-16,nuclear,54.32,54.32,0.0,0.0
2025-06-17,nuclear,48.73,48.73,0.0,0.0
2025-06-18,nuclear,44.84,44.84,0.0,0.0
2025-06-19,nuclear,52.21,52.21,0.0,0.0
2025-06-20,nuclear,54.62,54.62,0.0,0.0
2025-06-21,nuclear,54.58,54.58,0.0,0.0
2025-06-22,nuclear,54.72,54.72,0.0,0.0
2025-06-23,nuclear,54.73,54.73,0.0,0.0
2025-06-24,nuclear,54.72,54.72,0.0,0.0
2025-06-25,nuclear,54.65,54.65,0.0,0.0
2025-06-26,nuclear,53.45,53.45,0.0,0.0
2025-06-27,nuclear,53.23,53.23,0.0,0.0
2025-06-28,nuclear,54.23,54.23,0.0,0.0
2025-06-29,nuclear,54.61,54.61,0.0,0.0
2025-06-30,nuclear,54.63,54.63,0.0,0.0
2025-07-01,nuclear,54.64,54.64,0.0,0.0
2025-07-02,nuclear,54.38,54.38,0.0,0.0
2025-07-03,nuclear,53.99,53.99,0.0,0.0
2025-07-04,nuclear,53.92,53.92,0.0,0.0
2025-07-05,nuclear,54.01,54.01,0.0,0.0
2025-07-06,nuclear,54.31,54.31,0.0,0.0
2025-07-07,nuclear,54.09,54.09,0.0,0.0
2025-07-08,nuclear,54.11,54.11,0.0,0.0
2025-07-09,nuclear,54.13,54.13,0.0,0.0
2025-07-10,nuclear,54.01,54.01,0.0,0.0
2025-07-11,nuclear,54.07,54.07,0.0,0.0
2025-07-12,nuclear,54.19,54.19,0.0,0.0
2025-07-13,nuclear,54.26,54.26,0.0,0.0
2025-07-14,nuclear,54.12,54.12,0.0,0.0
2025-07-15,nuclear,54.18,54.18,0.0,0.0
2025-07-16,nuclear,54.03,54.03,0.0,0.0
2025-07-17,nuclear,53.99,53.99,0.0,0.0
2025-07-18,nuclear,54.0,54.0,0.0,0.0
2025-07-19,nuclear,54.02,54.02,0.0,0.0
2025-07-20,nuclear,54.05,54.05,0.0,0.0
2025-07-21,nuclear,53.86,53.86,0.0,0.0
2025-07-22,nuclear,53.95,53.95,0.0,0.0
2025-07-23,nuclear,53.84,53.84,0.0,0.0
2025-07-24,nuclear,53.61,53.61,0.0,0.0
2025-07-25,nuclear,53.47,53.47,0.0,0.0
2025-07-26,nuclear,53.31,53.31,0.0,0.0
2025-07-27,nuclear,53.04,53.04,0.0,0.0
2025-07-28,nuclear,52.77,52.77,0.0,0.0
2025-07-29,nuclear,52.76,52.76,0.0,0.0
2025-07-30,nuclear,52.41,52.41,0.0,0.0
2025-07-31,nuclear,52.14,52.14,0.0,0.0
2025-08-01,nuclear,32.28,32.28,0.0,0.0
2025-08-02,nuclear,29.83,29.83,0.0,0.0
2025-08-03,nuclear,29.86,29.86,0.0,0.0
2025-08-04,nuclear,30.0,30.0,0.0,0.0
2025-08-05,nuclear,29.89,29.89,0.0,0.0
2025-08-06,nuclear,29.91,29.91,0.0,0.0
2025-08-07,nuclear,29.91,29.91,0.0,0.0
2025-08-08,nuclear,29.95,29.95,0.0,0.0
2025-08-09,nuclear,29.95,29.95,0.0,0.0
2025-08-10,nuclear,30.05,30.05,0.0,0.0
2025-08-11,nuclear,30.05,30.05,0.0,0.0
2025-08-12,nuclear,29.98,29.98,0.0,0.0
2025-08-13,nuclear,29.93,29.93,0.0,0.0
2025-08-14,nuclear,29.94,29.94,0.0,0.0
2025-08-15,nuclear,30.01,30.01,0.0,0.0
2025-08-16,nuclear,30.04,30.04,0.0,0.0
2025-08-17,nuclear,29.94,29.94,0.0,0.0
2025-08-18,nuclear,30.02,30.02,0.0,0.0
2025-08-19,nuclear,30.01,30.01,0.0,0.0
2025-08-20,nuclear,29.97,29.97,0.0,0.0
2025-08-21,nuclear,30.02,30.02,0.0,0.0
2025-08-22,nuclear,29.91,29.91,0.0,0.0
2025-08-23,nuclear,30.02,30.02,0.0,0.0
2025-08-24,nuclear,30.04,30.04,0.0,0.0
2025-08-25,nuclear,30.04,30.04,0.0,0.0
2025-08-26,nuclear,30.04,30.04,0.0,0.0
2025-08-27,nuclear,29.98,29.98,0.0,0.0
2025-08-28,nuclear,30.03,30.03,0.0,0.0
2025-08-29,nuclear,29.89,29.89,0.0,0.0
2025-08-30,nuclear,29.96,29.96,0.0,0.0
2025-08-31,nuclear,30.0,30.0,0.0,0.0
2025-09-01,nuclear,24.73,24.73,0.0,0.0
2025-09-02,nuclear,24.56,24.56,0.0,0.0
2025-09-03,nuclear,19.08,19.08,0.0,0.0
2025-09-04,nuclear,24.36,24.36,0.0,0.0
2025-09-05,nuclear,24.4,24.4,0.0,0.0
2025-09-06,nuclear,24.62,24.62,0.0,0.0
2025-09-07,nuclear,24.6,24.6,0.0,0.0
2025-09-08,nuclear,24.62,24.62,0.0,0.0
2025-09-09,nuclear,24.64,24.64,0.0,0.0
2025-09-10,nuclear,24.65,24.65,0.0,0.0
2025-09-11,nuclear,24.6,24.6,0.0,0.0
2025-09-12,nuclear,24.68,24.68,0.0,0.0
2025-09-13,nuclear,24.57,24.57,0.0,0.0
2025-09-14,nuclear,24.68,24.68,0.0,0.0
2025-09-15,nuclear,24.72,24.72,0.0,0.0
2025-09-16,nuclear,24.71,24.71,0.0,0.0
2025-09-17,nuclear,24.58,24.58,0.0,0.0
2025-09-18,nuclear,24.63,24.63,0.0,0.0
2025-09-19,nuclear,24.6,24.6,0.0,0.0
2025-09-20,nuclear,24.61,24.61,0.0,0.0
2025-09-21,nuclear,24.61,24.61,0.0,0.0
2025-09-22,nuclear,24.6,24.6,0.0,0.0
2025-09-23,nuclear,24.57,24.57,0.0,0.0
2025-09-24,nuclear,24.54,24.54,0.0,0.0
2025-09-25,nuclear,24.55,24.55,0.0,0.0
2025-09-26,nuclear,24.47,24.47,0.0,0.0
2025-09-27,nuclear,24.64,24.64,0.0,0.0
2025-09-28,nuclear,24.51,24.51,0.0,0.0
2025-09-29,nuclear,24.57,24.57,0.0,0.0
2025-09-30,nuclear,24.6,24.6,0.0,0.0
2025-10-01,nuclear,24.7,24.7,0.0,0.0
2025-10-02,nuclear,24.3,24.3,0.0,0.0
2025-10-03,nuclear,24.63,24.63,0.0,0.0
2025-10-04,nuclear,24.69,24.69,0.0,0.0
2025-10-05,nuclear,43.5,43.5,0.0,0.0
2025-10-06,nuclear,48.18,48.18,0.0,0.0
2025-10-07,nuclear,46.14,46.14,0.0,0.0
2025-10-08,nuclear,42.21,42.21,0.0,0.0
2025-10-09,nuclear,48.84,48.84,0.0,0.0
2025-10-10,nuclear,48.97,48.97,0.0,0.0
2025-10-11,nuclear,49.16,49.16,0.0,0.0
2025-10-12,nuclear,49.09,49.09,0.0,0.0
2025-10-13,nuclear,49.19,49.19,0.0,0.0
2025-10-14,nuclear,49.21,49.21,0.0,0.0
2025-10-15,nuclear,48.97,48.97,0.0,0.0
2025-10-16,nuclear,48.97,48.97,0.0,0.0
2025-10-17,nuclear,48.7,48.7,0.0,0.0
2025-10-18,nuclear,48.58,48.58,0.0,0.0
2025-10-19,nuclear,48.65,48.65,0.0,0.0
2025-10-20,nuclear,48.18,48.18,0.0,0.0
2025-10-21,nuclear,48.05,48.05,0.0,0.0
2025-10-22,nuclear,47.6,47.6,0.0,0.0
2025-10-23,nuclear,47.33,47.33,0.0,0.0
2025-10-24,nuclear,47.07,47.07,0.0,0.0
2025-10-25,nuclear,46.79,46.79,0.0,0.0
2025-10-26,nuclear,46.6,46.6,0.0,0.0
2025-10-27,nuclear,28.2,28.2,0.0,0.0
2025-10-28,nuclear,24.47,24.47,0.0,0.0
2025-10-29,nuclear,24.51,24.51,0.0,0.0
2025-10-30,nuclear,24.61,24.61,0.0,0.0
2025-10-31,nuclear,24.47,24.47,0.0,0.0
2025-11-01,nuclear,24.5,24.5,0.0,0.0
2025-11-02,nuclear,24.53,24.53,0.0,0.0
2025-11-03,nuclear,24.52,24.52,0.0,0.0
2025-11-04,nuclear,24.64,24.64,0.0,0.0
2025-11-05,nuclear,24.46,24.46,0.0,0.0
2025-11-06,nuclear,24.5,24.5,0.0,0.0
2025-11-07,nuclear,24.54,24.54,0.0,0.0
2025-11-08,nuclear,24.51,24.51,0.0,0.0
2025-11-09,nuclear,24.58,24.58,0.0,0.0
2025-11-10,nuclear,24.6,24.6,0.0,0.0
2025-11-11,nuclear,24.59,24.59,0.0,0.0
2025-11-12,nuclear,24.589999999999996,24.59,-3.552713678800501e-15,-1.444779861244612e-14
2025-11-13,nuclear,24.58,24.58,0.0,0.0
2025-11-14,nuclear,24.62,24.62,0.0,0.0
2025-11-15,nuclear,24.54,24.54,0.0,0.0
2025-11-16,nuclear,24.58,24.58,0.0,0.0
2025-11-17,nuclear,24.48,24.48,0.0,0.0
2025-11-18,nuclear,24.57,24.57,0.0,0.0
2025-11-19,nuclear,24.65,24.65,0.0,0.0
2025-11-20,nuclear,24.68,24.68,0.0,0.0
2025-11-21,nuclear,24.68,24.68,0.0,0.0
2025-11-22,nuclear,24.6,24.6,0.0,0.0
2025-11-23,nuclear,24.53,24.53,0.0,0.0
2025-11-24,nuclear,24.659999999999997,24.66,-3.552713678800501e-15,-1.440678701865572e-14
2025-11-25,nuclear,27.73,27.73,0.0,0.0
2025-11-26,nuclear,29.25,29.25,0.0,0.0
2025-11-27,nuclear,29.53,29.53,0.0,0.0
2025-11-28,nuclear,29.6,29.6,0.0,0.0
2025-11-29,nuclear,29.41,29.41,0.0,0.0
2025-11-30,nuclear,29.53,29.53,0.0,0.0
2025-12-01,nuclear,29.56,29.56,0.0,0.0
2025-12-02,nuclear,29.55,29.55,0.0,0.0
2025-12-03,nuclear,29.49,29.49,0.0,0.0
2025-12-04,nuclear,29.55,29.55,0.0,0.0
2025-12-05,nuclear,29.64,29.64,0.0,0.0
2025-12-06,nuclear,29.57,29.57,0.0,0.0
2025-12-07,nuclear,29.48,29.48,0.0,0.0
2025-12-08,nuclear,29.52,29.52,0.0,0.0
2025-12-09,nuclear,29.55,29.55,0.0,0.0
2025-12-10,nuclear,29.7,29.7,0.0,0.0
2025-12-11,nuclear,29.71,29.71,0.0,0.0
2025-12-12,nuclear,29.64,29.64,0.0,0.0
2025-12-13,nuclear,29.7,29.7,0.0,0.0
2025-12-14,nuclear,29.69,29.69,0.0,0.0
2025-12-15,nuclear,29.7,29.7,0.0,0.0
2025-12-16,nuclear,29.66,29.66,0.0,0.0
2025-12-17,nuclear,29.7,29.7,0.0,0.0
2025-12-18,nuclear,29.68,29.68,0.0,0.0
2025-12-19,nuclear,29.66,29.66,0.0,0.0
2025-12-20,nuclear,29.67,29.67,0.0,0.0
2025-12-21,nuclear,29.63,29.63,0.0,0.0
2025-12-22,nuclear,29.64,29.64,0.0,0.0
2025-12-23,nuclear,29.62,29.62,0.0,0.0
2025-12-24,nuclear,29.6,29.6,0.0,0.0
2025-12-25,nuclear,29.67,29.67,0.0,0.0
2025-12-26,nuclear,29.56,29.56,0.0,0.0
2025-12-27,nuclear,29.59,29.59,0.0,0.0
2025-12-28,nuclear,29.72,29.72,0.0,0.0
2025-12-29,nuclear,29.74,29.74,0.0,0.0
2025-12-30,nuclear,29.69,29.69,0.0,0.0
2025-12-31,nuclear,29.76,29.76,0.0,0.0
2026-01-01,nuclear,29.87,29.87,0.0,0.0
2026-01-02,nuclear,29.7,29.7,0.0,0.0
2026-01-03,nuclear,29.77,29.77,0.0,0.0
2026-01-04,nuclear,29.78,29.78,0.0,0.0
2026-01-05,nuclear,29.77,29.77,0.0,0.0
2026-01-06,nuclear,29.74,29.74,0.0,0.0
2026-01-07,nuclear,29.74,29.74,0.0,0.0
2026-01-08,nuclear,29.73,29.73,0.0,0.0
2026-01-09,nuclear,29.65,29.65,0.0,0.0
2026-01-10,nuclear,29.82,29.82,0.0,0.0
2026-01-11,nuclear,29.75,29.75,0.0,0.0
2026-01-12,nuclear,29.73,29.73,0.0,0.0
2026-01-13,nuclear,29.83,29.83,0.0,0.0
2026-01-14,nuclear,30.49,30.49,0.0,0.0
2026-01-15,nuclear,46.83,46.83,0.0,0.0
2026-01-16,nuclear,49.16,49.16,0.0,0.0
2026-01-17,nuclear,53.39,53.39,0.0,0.0
2026-01-18,nuclear,54.31,54.31,0.0,0.0
2026-01-19,nuclear,54.44,54.44,0.0,0.0
2026-01-20,nuclear,54.37,54.37,0.0,0.0
2026-01-21,nuclear,54.31,54.31,0.0,0.0
2026-01-22,nuclear,53.18,53.18,0.0,0.0
2026-01-23,nuclear,54.05,54.05,0.0,0.0
2026-01-24,nuclear,54.16,54.16,0.0,0.0
2026-01-25,nuclear,54.19,54.19,0.0,0.0
2026-01-26,nuclear,54.16,54.16,0.0,0.0
2026-01-27,nuclear,54.25,54.25,0.0,0.0
2026-01-28,nuclear,54.17,54.17,0.0,0.0
2026-01-29,nuclear,46.98,46.98,0.0,0.0
2026-01-30,nuclear,45.73,45.73,0.0,0.0
2026-01-31,nuclear,53.85,53.85,0.0,0.0
2026-02-01,nuclear,54.12,54.12,0.0,0.0
2026-02-02,nuclear,54.24,54.24,0.0,0.0
2026-02-03,nuclear,54.26,54.26,0.0,0.0
2026-02-04,nuclear,54.24,54.24,0.0,0.0
2026-02-05,nuclear,54.2,54.2,0.0,0.0
2026-02-06,nuclear,54.22,54.22,0.0,0.0
2026-02-07,nuclear,54.23,54.23,0.0,0.0
2026-02-08,nuclear,54.35,54.35,0.0,0.0
2026-02-09,nuclear,54.32,54.32,0.0,0.0
2026-02-10,nuclear,54.21,54.21,0.0,0.0
2026-02-11,nuclear,54.24,54.24,0.0,0.0
2026-02-12,nuclear,54.19,54.19,0.0,0.0
2026-02-13,nuclear,54.22,54.22,0.0,0.0
2026-02-14,nuclear,54.27,54.27,0.0,0.0
2026-02-15,nuclear,54.2,54.2,0.0,0.0
2026-02-16,nuclear,54.16,54.16,0.0,0.0
2026-02-17,nuclear,54.38,54.38,0.0,0.0
2026-02-18,nuclear,54.29,54.29,0.0,0.0
2026-02-19,nuclear,54.23,54.23,0.0,0.0
2026-02-20,nuclear,54.28,54.28,0.0,0.0
2026-02-21,nuclear,54.19,54.19,0.0,0.0
2026-02-22,nuclear,54.29,54.29,0.0,0.0
2026-02-23,nuclear,53.01,53.01,0.0,0.0
2026-02-24,nuclear,54.24,54.24,0.0,0.0
2026-02-25,nuclear,54.22,54.22,0.0,0.0
2026-02-26,nuclear,54.25,54.25,0.0,0.0
2026-02-27,nuclear,54.16,54.16,0.0,0.0
2026-02-28,nuclear,54.17,54.17,0.0,0.0
2026-03-01,nuclear,54.29,54.29,0.0,0.0
2026-03-02,nuclear,54.14,54.14,0.0,0.0
2026-03-03,nuclear,54.08,54.08,0.0,0.0
2026-03-04,nuclear,54.1,54.1,0.0,0.0
2026-03-05,nuclear,54.09,54.09,0.0,0.0
2026-03-06,nuclear,54.09,54.09,0.0,0.0
2026-03-07,nuclear,54.17,54.17,0.0,0.0
2026-03-08,nuclear,54.14,54.14,0.0,0.0
2026-03-09,nuclear,54.12,54.12,0.0,0.0
2026-03-10,nuclear,54.05,54.05,0.0,0.0
2026-03-11,nuclear,54.01,54.01,0.0,0.0
2026-03-12,nuclear,53.91,53.91,0.0,0.0
2026-03-13,nuclear,54.17,54.17,0.0,0.0
2026-03-14,nuclear,54.12,54.12,0.0,0.0
2026-03-15,nuclear,54.14,54.14,0.0,0.0
2026-03-16,nuclear,54.24,54.24,0.0,0.0
2026-03-17,nuclear,53.97,53.97,0.0,0.0
2026-03-18,nuclear,53.99,53.99,0.0,0.0
2026-03-19,nuclear,54.11,54.11,0.0,0.0
2026-03-20,nuclear,53.95,53.95,0.0,0.0
2026-03-21,nuclear,54.13,54.13,0.0,0.0
2026-03-22,nuclear,54.04,54.04,0.0,0.0
2026-03-23,nuclear,53.98,53.98,0.0,0.0
2026-03-24,nuclear,54.12,54.12,0.0,0.0
2026-03-25,nuclear,53.92,53.92,0.0,0.0
2026-03-26,nuclear,53.95,53.95,0.0,0.0
2026-03-27,nuclear,53.98,53.98,0.0,0.0
2026-03-28,nuclear,53.93,53.93,0.0,0.0
2026-03-29,nuclear,53.88,53.88,0.0,0.0
2026-03-30,nuclear,53.86000000000002,53.86,2.1316282072803006e-14,3.9577203997034917e-14
2026-03-31,nuclear,53.89,53.89,0.0,0.0
2025-04-01,hydro,16.8440739435275,6.88,9.964073943527502,144.82665615592302
2025-04-02,hydro,15.099006854836748,9.34,5.759006854836748,61.659602300179316
2025-04-03,hydro,14.007171270269184,4.97,9.037171270269184,181.8344319973679
2025-04-04,hydro,16.91174651949293,5.53,11.381746519492928,205.81820107582146
2025-04-05,hydro,16.989727790994635,4.8,12.189727790994635,253.9526623123882
2025-04-06,hydro,17.447069393834095,4.88,12.567069393834096,257.52191380807574
2025-04-07,hydro,17.19589429175248,7.79,9.405894291752482,120.74318731389579
2025-04-08,hydro,16.501365153526436,5.58,10.921365153526436,195.72338984814402
2025-04-09,hydro,16.167607801322855,6.79,9.377607801322856,138.1090986940038
2025-04-10,hydro,15.792123005758251,3.93,11.862123005758251,301.835190986215
2025-04-11,hydro,16.623804500022246,6.08,10.543804500022246,173.4178371714185
2025-04-12,hydro,16.697400308202546,7.26,9.437400308202546,129.9917397824042
2025-04-13,hydro,17.325547557347058,6.42,10.905547557347058,169.86834201475168
2025-04-14,hydro,17.159981229611514,4.85,12.309981229611514,253.81404597137146
2025-04-15,hydro,15.780920805978155,9.09,6.6909208059781555,73.60748961472119
2025-04-16,hydro,14.92133122541866,4.71,10.211331225418661,216.8010875885066
2025-04-17,hydro,15.727892627169611,6.04,9.68789262716961,160.3955732975101
2025-04-18,hydro,15.479752462991504,3.29,12.189752462991503,370.5091934039971
2025-04-19,hydro,16.479238437924717,5.9,10.579238437924717,179.3091260665206
2025-04-20,hydro,15.988991698789903,5.78,10.208991698789902,176.62615395830278
2025-04-21,hydro,16.660403592510747,9.05,7.610403592510746,84.09285737580933
2025-04-22,hydro,16.773055807000993,9.4,7.373055807000993,78.43676390426589
2025-04-23,hydro,17.033948370670483,6.43,10.603948370670484,164.9136605080946
2025-04-24,hydro,17.160303058756433,7.43,9.730303058756434,130.95966431704485
2025-04-25,hydro,16.13035198753022,6.68,9.450351987530219,141.47233514266796
2025-04-26,hydro,17.268140113247647,8.1,9.168140113247647,113.18691497836602
2025-04-27,hydro,15.017354366197125,4.64,10.377354366197125,223.6498785818346
2025-04-28,hydro,15.851762152290618,4.42,11.431762152290618,258.6371527667561
2025-04-29,hydro,14.98653291337952,6.21,8.77653291337952,141.32903242157036
2025-04-30,hydro,15.018360007316495,4.14,10.878360007316495,262.76231901730665
2025-05-01,hydro,15.6446800853783,6.04,9.604680085378298,159.01788220824997
2025-05-02,hydro,17.804986628589763,3.94,13.864986628589763,351.90321392359806
2025-05-03,hydro,17.35845512382411,4.41,12.948455123824111,293.6157624449912
2025-05-04,hydro,16.712577428102986,3.12,13.592577428102985,435.65953295201876
2025-05-05,hydro,18.415781210948932,4.46,13.955781210948931,312.90989262217334
2025-05-06,hydro,17.395607724661186,4.57,12.825607724661186,280.6478714367874
2025-05-07,hydro,16.839598436351647,5.9,10.939598436351647,185.41692265002789
2025-05-08,hydro,16.834782795331435,4.71,12.124782795331434,257.4263863127693
2025-05-09,hydro,16.38084540212063,7.45,8.930845402120632,119.87711949155211
2025-05-10,hydro,18.27980718377903,5.54,12.739807183779032,229.96041847976593
2025-05-11,hydro,17.73713946741995,4.24,13.49713946741995,318.3287610240554
2025-05-12,hydro,17.97741197478438,6.08,11.897411974784381,195.68111800632207
2025-05-13,hydro,17.75205172923284,5.86,11.89205172923284,202.9360363350314
2025-05-14,hydro,17.58168478511274,10.25,7.3316847851127385,71.52863204988039
2025-05-15,hydro,16.329202985478748,10.06,6.269202985478747,62.31812112801936
2025-05-16,hydro,17.559293116535205,5.48,12.079293116535204,220.42505687108033
2025-05-17,hydro,17.00071953903968,7.38,9.62071953903968,130.3620533745214
2025-05-18,hydro,19.04778789404752,5.32,13.72778789404752,258.0411258279609
2025-05-19,hydro,18.88195368747173,8.21,10.671953687471728,129.98725563302955
2025-05-20,hydro,17.966662186184642,6.34,11.626662186184642,183.3858388988114
2025-05-21,hydro,18.027334544556865,7.96,10.067334544556864,126.4740520672973
2025-05-22,hydro,18.99709515960181,7.83,11.167095159601809,142.6193506973411
2025-05-23,hydro,17.87383946240333,7.45,10.423839462403329,139.9173082201789
2025-05-24,hydro,18.5035251572194,7.1,11.4035251572194,160.61303038337184
2025-05-25,hydro,17.541444348185596,10.95,6.591444348185597,60.1958387962155
2025-05-26,hydro,17.699244409546477,14.21,3.489244409546476,24.554851580200392
2025-05-27,hydro,19.166293540089875,14.22,4.946293540089874,34.78406146336058
2025-05-28,hydro,19.181697871013526,12.75,6.431697871013526,50.44468918441981
2025-05-29,hydro,17.82348444995486,14.61,3.213484449954862,21.99510232686422
2025-05-30,hydro,17.652143083493037,16.95,0.7021430834930378,4.142437070755385
2025-05-31,hydro,19.166293540089875,17.68,1.486293540089875,8.406637670191602
2025-06-01,hydro,24.262819635630567,16.08,8.182819635630569,50.88818181362294
2025-06-02,hydro,22.833078692828852,14.62,8.213078692828853,56.17700884287862
2025-06-03,hydro,24.172078328822256,16.85,7.322078328822254,43.454470794197356
2025-06-04,hydro,22.380092503841766,18.05,4.330092503841765,23.989432154248007
2025-06-05,hydro,21.545509148304316,17.59,3.9555091483043157,22.487260649825558
2025-06-06,hydro,24.058140579643215,15.52,8.538140579643215,55.01379239460835
2025-06-07,hydro,24.172078328822256,11.76,12.412078328822256,105.54488374848859
2025-06-08,hydro,23.362165220654827,12.2,11.162165220654828,91.49315754635106
2025-06-09,hydro,24.094635026921225,9.72,14.374635026921224,147.887191634992
2025-06-10,hydro,24.05608661403432,10.62,13.436086614034322,126.51682310766783
2025-06-11,hydro,23.70477432792697,13.45,10.25477432792697,76.24367530057228
2025-06-12,hydro,23.409896917980348,14.35,9.059896917980348,63.1351701601418
2025-06-13,hydro,23.420291924386323,17.76,5.660291924386321,31.871013087760815
2025-06-14,hydro,23.077886913211664,17.14,5.937886913211663,34.64344756832942
2025-06-15,hydro,24.538739166506,17.24,7.298739166506003,42.336074051658954
2025-06-16,hydro,22.555479156143114,24.73,-2.174520843856886,-8.793048297035527
2025-06-17,hydro,21.38660705094439,27.77,-6.383392949055608,-22.986650878846266
2025-06-18,hydro,22.066270351630894,26.78,-4.713729648369107,-17.601679045441024
2025-06-19,hydro,23.008508643058647,27.53,-4.521491356941354,-16.423869803637317
2025-06-20,hydro,21.286508749803644,24.8,-3.513491250196356,-14.167303428211115
2025-06-21,hydro,22.97149005648645,25.66,-2.6885099435135515,-10.47743547744954
2025-06-22,hydro,23.585776596584555,24.37,-0.7842234034154458,-3.2179868831163145
2025-06-23,hydro,24.03869380986895,25.23,-1.1913061901310513,-4.7217843445543055
2025-06-24,hydro,24.172078328822256,22.78,1.3920783288222545,6.110967202907175
2025-06-25,hydro,24.172078328822256,27.59,-3.4179216711777443,-12.388262671901936
2025-06-26,hydro,24.172078328822256,26.34,-2.1679216711777443,-8.230530262633804
2025-06-27,hydro,24.172078328822256,25.99,-1.8179216711777428,-6.994696695566536
2025-06-28,hydro,22.888435299706973,27.61,-4.721564700293026,-17.100922492912083
2025-06-29,hydro,23.66587855910465,27.78,-4.1141214408953495,-14.809652415030056
2025-06-30,hydro,23.413820827609424,22.65,0.7638208276094254,3.3722773845890743
2025-07-01,hydro,29.17786311755463,23.33,5.847863117554631,25.065851339711237
2025-07-02,hydro,28.92497536502781,23.89,5.034975365027808,21.0756607996141
2025-07-03,hydro,28.172983294574344,26.61,1.5629832945743445,5.873668901068562
2025-07-04,hydro,29.17786311755463,26.11,3.06786311755463,11.74976299331532
2025-07-05,hydro,27.7793999327024,21.99,5.789399932702402,26.32742124921511
2025-07-06,hydro,28.14095498993025,22.3,5.84095498993025,26.19262327322982
2025-07-07,hydro,28.55123785915483,25.85,2.70123785915483,10.449662898084448
2025-07-08,hydro,27.82143666615468,26.77,1.0514366661546788,3.9276677854115754
2025-07-09,hydro,28.4352213031071,24.33,4.1052213031071005,16.873083859873
2025-07-10,hydro,28.695387393410567,24.53,4.165387393410565,16.980788395477234
2025-07-11,hydro,28.929251298634487,22.99,5.939251298634488,25.834063934904254
2025-07-12,hydro,27.37145884583536,25.28,2.0914588458353585,8.273175814222146
2025-07-13,hydro,29.054603318404006,27.41,1.6446033184040054,6.000012106545077
2025-07-14,hydro,27.914497658305457,24.11,3.8044976583054577,15.779749723373943
2025-07-15,hydro,28.08748160363294,27.6,0.4874816036329399,1.766237694322246
2025-07-16,hydro,29.004048765358668,25.37,3.634048765358667,14.324196946624623
2025-07-17,hydro,28.81207674685969,26.25,2.5620767468596917,9.760292368989301
2025-07-18,hydro,28.804345625995538,28.11,0.6943456259955383,2.4701018356298055
2025-07-19,hydro,28.07370534871305,24.65,3.423705348713053,13.889271191533684
2025-07-20,hydro,28.78191747526288,28.26,0.5219174752628781,1.8468417383682878
2025-07-21,hydro,28.16991086968544,26.2,1.9699108696854424,7.518743777425353
2025-07-22,hydro,28.08399996957961,25.43,2.653999969579612,10.436492212267447
2025-07-23,hydro,26.894385250943717,35.66,-8.76561474905628,-24.581084545867306
2025-07-24,hydro,27.75228343121231,27.7,0.052283431212309495,0.18874884914191153
2025-07-25,hydro,28.80698785110042,28.74,0.06698785110042138,0.23308229332088165
2025-07-26,hydro,28.601950229957207,30.36,-1.758049770042792,-5.790677766939368
2025-07-27,hydro,28.93123785915483,26.77,2.1612378591548307,8.073357710701647
2025-07-28,hydro,29.42448837595443,30.44,-1.0155116240455726,-3.336109146010422
2025-07-29,hydro,27.979180310328044,29.63,-1.6508196896719554,-5.57144680955773
2025-07-30,hydro,28.544581579666424,29.25,-0.7054184203335758,-2.411686907123336
2025-07-31,hydro,28.277875411940393,31.62,-3.342124588059608,-10.569653978683137
2025-08-01,hydro,28.974413427397817,33.27,-4.295586572602186,-12.911291171031516
2025-08-02,hydro,27.24402318003943,30.12,-2.87597681996057,-9.548395816602158
2025-08-03,hydro,27.696828453951177,27.63,0.06682845395117809,0.2418691782525447
2025-08-04,hydro,28.53626886416471,31.54,-3.003731135835288,-9.523560988697806
2025-08-05,hydro,26.768271004752403,31.02,-4.251728995247596,-13.706411976942606
2025-08-06,hydro,29.20770351593213,29.32,-0.11229648406786907,-0.3830030152382983
2025-08-07,hydro,30.14985060086223,29.84,0.30985060086223015,1.038373327286294
2025-08-08,hydro,29.738231668377935,29.05,0.6882316683779344,2.3691279462235264
2025-08-09,hydro,27.7129066014509,28.67,-0.9570933985491017,-3.3383097263658934
2025-08-10,hydro,28.222655702928044,26.67,1.5526557029280426,5.821731169583961
2025-08-11,hydro,28.91475003960884,24.77,4.144750039608841,16.73294323620848
2025-08-12,hydro,27.670417647161997,22.05,5.620417647161997,25.48942243610883
2025-08-13,hydro,27.26750445313822,21.99,5.277504453138221,23.99956549858218
2025-08-14,hydro,27.319786761061398,21.83,5.489786761061399,25.147900875224
2025-08-15,hydro,27.292518942049227,21.89,5.402518942049227,24.680305811097426
2025-08-16,hydro,29.477536049680825,21.98,7.497536049680825,34.11071906133223
2025-08-17,hydro,28.809356986815178,26.83,1.97935698681518,7.377402112617146
2025-08-18,hydro,29.30421868914346,30.38,-1.075781310856538,-3.5410839725363332
2025-08-19,hydro,27.93206378318542,26.22,1.712063783185421,6.529610157076358
2025-08-20,hydro,28.309286037536474,27.82,0.4892860375364734,1.7587564253647496
2025-08-21,hydro,27.679320240900893,30.08,-2.4006797590991056,-7.980983241685857
2025-08-22,hydro,28.792394816901307,27.11,1.6823948169013079,6.205808988938797
2025-08-23,hydro,28.70659005294352,27.23,1.4765900529435179,5.422659026601241
2025-08-24,hydro,28.089817654956615,23.93,4.1598176549566155,17.383274780428813
2025-08-25,hydro,29.300972292138628,25.38,3.9209722921386287,15.449063404801533
2025-08-26,hydro,29.259990246755777,19.1,10.159990246755775,53.19366621338102
2025-08-27,hydro,27.455501324486534,19.27,8.185501324486534,42.47795186552431
2025-08-28,hydro,29.577490797284547,19.66,9.917490797284547,50.44501931477389
2025-08-29,hydro,28.62830649454348,29.33,-0.7016935054565181,-2.392408815058023
2025-08-30,hydro,27.036936943349936,23.25,3.786936943349936,16.287900831612628
2025-08-31,hydro,28.18682371994511,23.76,4.426823719945109,18.63141296273194
2025-09-01,hydro,28.94734782536422,27.33,1.6173478253642202,5.91784787912265
2025-09-02,hydro,26.0826321906495,22.32,3.762632190649498,16.857671105060472
2025-09-03,hydro,25.23075263846589,23.98,1.2507526384658902,5.215815840141326
2025-09-04,hydro,25.3991223548092,27.46,-2.0608776451908,-7.5050169162083025
2025-09-05,hydro,26.66010305782962,29.08,-2.4198969421703787,-8.321516307325924
2025-09-06,hydro,27.469670667350652,27.57,-0.1003293326493484,-0.36390762658450637
2025-09-07,hydro,25.818850151951303,26.92,-1.1011498480486992,-4.090452630195762
2025-09-08,hydro,27.05674443043215,29.62,-2.5632555695678505,-8.653800032301993
2025-09-09,hydro,26.3569116329653,24.89,1.4669116329652994,5.893578276276815
2025-09-10,hydro,25.467759048411057,20.58,4.887759048411059,23.75004396701195
2025-09-11,hydro,26.868087605972406,21.99,4.878087605972407,22.183208758401125
2025-09-12,hydro,26.121494548820756,22.29,3.831494548820757,17.189298110456516
2025-09-13,hydro,25.7741149508521,19.04,6.734114950852099,35.36825079229044
2025-09-14,hydro,25.46909723166846,16.37,9.099097231668459,55.58397820200647
2025-09-15,hydro,27.635234979169734,18.23,9.405234979169734,51.592073390947526
2025-09-16,hydro,24.790348628804296,20.4,4.390348628804297,21.521316807864203
2025-09-17,hydro,26.675880288938306,23.39,3.285880288938305,14.048226972801645
2025-09-18,hydro,26.555200337071927,19.33,7.225200337071929,37.37817039354335
2025-09-19,hydro,25.533827259130057,19.67,5.863827259130055,29.81101809420465
2025-09-20,hydro,26.38911538400137,14.09,12.299115384001372,87.2896762526712
2025-09-21,hydro,27.638494628997393,15.93,11.708494628997393,73.49965241052978
2025-09-22,hydro,28.000844624054267,16.27,11.730844624054267,72.10107328859414
2025-09-23,hydro,25.53748178447736,17.45,8.087481784477362,46.34660048411096
2025-09-24,hydro,26.504568216384612,19.9,6.604568216384614,33.18878500695786
2025-09-25,hydro,25.87293170691954,20.58,5.292931706919543,25.718812958792725
2025-09-26,hydro,26.80312314631074,19.1,7.7031231463107375,40.33048767701957
2025-09-27,hydro,26.596510663114625,17.99,8.606510663114626,47.840526198524884
2025-09-28,hydro,26.944743931349542,22.82,4.124743931349542,18.07512678067284
2025-09-29,hydro,27.346715337446465,21.02,6.3267153374464655,30.098550606310493
2025-09-30,hydro,25.673220750724187,22.71,2.9632207507241866,13.048087849952383
2025-10-01,hydro,23.73158058042742,22.05,1.6815805804274184,7.626215784251331
2025-10-02,hydro,23.15254735964766,20.84,2.3125473596476596,11.096676389864008
2025-10-03,hydro,22.446423165347035,25.97,-3.523576834652964,-13.56787383385816
2025-10-04,hydro,21.02683734798057,22.0,-0.973162652019429,-4.423466600088314
2025-10-05,hydro,22.448341061301953,21.43,1.0183410613019532,4.75194148997645
2025-10-06,hydro,23.170921371075774,18.27,4.900921371075775,26.82496645361672
2025-10-07,hydro,21.57891037773285,22.22,-0.6410896222671489,-2.885191819384109
2025-10-08,hydro,20.88614912192075,21.23,-0.34385087807925174,-1.6196461520454626
2025-10-09,hydro,23.170921371075774,18.58,4.590921371075776,24.70894171730773
2025-10-10,hydro,22.654576110380265,20.25,2.4045761103802654,11.87444992780378
2025-10-11,hydro,21.57027491378312,20.58,0.9902749137831215,4.811831456672117
2025-10-12,hydro,23.279390817883847,19.68,3.5993908178838474,18.289587489247193
2025-10-13,hydro,23.170921371075774,20.07,3.100921371075774,15.45053000037755
2025-10-14,hydro,21.699733507176,18.57,3.129733507175999,16.853707631534725
2025-10-15,hydro,22.310867785385092,17.32,4.990867785385092,28.815633864809996
2025-10-16,hydro,21.167949070744744,17.91,3.2579490707447434,18.19067041175178
2025-10-17,hydro,18.935431363071984,15.74,3.195431363071984,20.30134284035568
2025-10-18,hydro,23.04894598339575,14.91,8.13894598339575,54.58716286650402
2025-10-19,hydro,22.471255802116023,16.56,5.911255802116024,35.69598914321271
2025-10-20,hydro,16.0643760691126,17.01,-0.9456239308874004,-5.559223579584952
2025-10-21,hydro,21.40787205269933,20.2,1.2078720526993294,5.979564617323413
2025-10-22,hydro,22.19067996037858,16.06,6.130679960378583,38.17359875702729
2025-10-23,hydro,22.493093665994706,19.58,2.913093665994708,14.877904320708419
2025-10-24,hydro,20.597839115459287,21.57,-0.9721608845407133,-4.5070045643983
2025-10-25,hydro,22.708284938946775,18.76,3.948284938946774,21.046294983724806
2025-10-26,hydro,21.87934273013775,21.4,0.47934273013775197,2.2399192997091215
2025-10-27,hydro,20.640854078638085,21.38,-0.7391459213619136,-3.457183916566481
2025-10-28,hydro,21.592443622599113,18.61,2.9824436225991136,16.02602698871098
2025-10-29,hydro,21.63687538817469,18.82,2.81687538817469,14.967456897846388
2025-10-30,hydro,22.780299463863397,23.79,-1.0097005361366023,-4.244222514235402
2025-10-31,hydro,21.152802330830518,23.98,-2.8271976691694825,-11.789815134151302
2025-11-01,hydro,16.574885818967832,20.71,-4.1351141810321685,-19.966751236273144
2025-11-02,hydro,18.69844017367964,21.69,-2.991559826320362,-13.792345902814024
2025-11-03,hydro,17.695008249832938,24.58,-6.88499175016706,-28.01054414225818
2025-11-04,hydro,18.38329024355797,24.29,-5.90670975644203,-24.31745474039535
2025-11-05,hydro,17.871352056699283,25.56,-7.688647943300715,-30.08078225078527
2025-11-06,hydro,18.738349524448893,22.42,-3.681650475551109,-16.42127776784616
2025-11-07,hydro,17.853426439711498,26.46,-8.606573560288503,-32.52673303208051
2025-11-08,hydro,18.72861239511318,21.45,-2.721387604886818,-12.687121701104049
2025-11-09,hydro,16.537214815424168,20.06,-3.522785184575831,-17.561242196290287
2025-11-10,hydro,18.41240137619181,24.09,-5.677598623808191,-23.568279882972977
2025-11-11,hydro,18.16524348561919,24.8,-6.634756514380811,-26.753050461212947
2025-11-12,hydro,16.691729205913006,22.2,-5.508270794086993,-24.812030603995467
2025-11-13,hydro,17.644955601945508,18.86,-1.2150443980544914,-6.44244113496549
2025-11-14,hydro,17.773242339008817,21.69,-3.916757660991184,-18.057896085713157
2025-11-15,hydro,18.53970537331288,19.93,-1.390294626687119,-6.975888744039733
2025-11-16,hydro,18.976217702525332,19.14,-0.16378229747466833,-0.8557068833577238
2025-11-17,hydro,18.28609954209338,12.2,6.086099542093379,49.88606182043754
2025-11-18,hydro,17.753759880061438,12.82,4.933759880061437,38.48486645913757
2025-11-19,hydro,17.334947050682707,13.71,3.6249470506827066,26.44016813043549
2025-11-20,hydro,18.780825239436556,12.0,6.780825239436556,56.50687699530464
2025-11-21,hydro,17.51260693946523,17.2,0.31260693946522977,1.8174822061931963
2025-11-22,hydro,17.599394284336185,13.96,3.639394284336184,26.070159629915356
2025-11-23,hydro,18.727859567956997,14.02,4.707859567956998,33.57959748899428
2025-11-24,hydro,17.322750806458167,11.71,5.612750806458166,47.93126222423711
2025-11-25,hydro,18.81587688651812,15.21,3.605876886518118,23.707277360408398
2025-11-26,hydro,18.444251443392773,15.97,2.474251443392772,15.493121123311033
2025-11-27,hydro,17.255349600867703,17.84,-0.5846503991322969,-3.277188335943368
2025-11-28,hydro,18.507517065290898,17.28,1.2275170652908969,7.10368672043343
2025-11-29,hydro,17.905678391127967,15.27,2.6356783911279678,17.260500269338362
2025-11-30,hydro,18.932470981628406,18.14,0.792470981628405,4.368638266970259
2025-12-01,hydro,16.093263826707343,20.11,-4.0167361732926565,-19.973824829898838
2025-12-02,hydro,16.752279485890174,15.44,1.3122794858901745,8.499219468200613
2025-12-03,hydro,15.874390969966493,16.38,-0.5056090300335061,-3.0867462151007703
2025-12-04,hydro,15.15688911944134,11.26,3.89688911944134,34.60825150480764
2025-12-05,hydro,15.983295571840706,13.01,2.9732955718407066,22.853924456884755
2025-12-06,hydro,16.297914189290886,11.91,4.3879141892908855,36.84226859186302
2025-12-07,hydro,15.214875977248846,11.91,3.3048759772488463,27.74874875943616
2025-12-08,hydro,16.2744644220939,13.58,2.6944644220938994,19.841416952090572
2025-12-09,hydro,14.909519054324818,14.46,0.4495190543248171,3.1087071530070336
2025-12-10,hydro,15.246851136083508,14.95,0.2968511360835091,1.9856263283177868
2025-12-11,hydro,15.54098423743194,12.82,2.7209842374319404,21.224526033010456
2025-12-12,hydro,15.079669076686066,18.06,-2.9803309233139323,-16.5023860648612
2025-12-13,hydro,16.902488946348345,17.13,-0.22751105365165358,-1.3281439209086607
2025-12-14,hydro,14.726953171841638,15.33,-0.6030468281583623,-3.9337692639162576
2025-12-15,hydro,15.522932566610606,13.57,1.952932566610606,14.39154433758737
2025-12-16,hydro,14.210519077470918,15.23,-1.0194809225290822,-6.693899688306515
2025-12-17,hydro,15.792121387081792,10.97,4.822121387081792,43.95735083939646
2025-12-18,hydro,16.416029617514933,11.57,4.846029617514933,41.88443921793373
2025-12-19,hydro,15.26243099287626,11.63,3.632430992876259,31.233284547517272
2025-12-20,hydro,16.16302743939407,13.5,2.663027439394071,19.726129180696823
2025-12-21,hydro,16.26770471711802,11.19,5.077704717118019,45.377164585505085
2025-12-22,hydro,16.76905383182554,11.74,5.029053831825541,42.836915092210745
2025-12-23,hydro,15.149353435223698,10.24,4.909353435223698,47.942904640856426
2025-12-24,hydro,15.90559803320777,11.36,4.545598033207771,40.01406719373038
2025-12-25,hydro,16.669152234261894,9.67,6.999152234261894,72.38006447013335
2025-12-26,hydro,16.232534427127902,11.59,4.642534427127902,40.05637987168164
2025-12-27,hydro,14.359252097521955,11.83,2.5292520975219546,21.379983918190657
2025-12-28,hydro,16.36093667416922,12.22,4.14093667416922,33.88655216177758
2025-12-29,hydro,17.086278085041666,11.21,5.876278085041665,52.41996507619683
2025-12-30,hydro,15.338239222023951,12.03,3.3082392220239516,27.499910407514143
2025-12-31,hydro,15.295893513560067,11.1,4.195893513560067,37.800842464505116
2026-01-01,hydro,14.840580576734482,8.46,6.380580576734481,75.42057419307896
2026-01-02,hydro,16.157354366197126,11.28,4.877354366197126,43.23895714713765
2026-01-03,hydro,15.15227485928953,9.37,5.782274859289531,61.710510771499806
2026-01-04,hydro,14.89289883031674,9.7,5.192898830316741,53.53503948780146
2026-01-05,hydro,14.466740572764277,10.84,3.6267405727642767,33.45701635391399
2026-01-06,hydro,14.784856820374863,10.91,3.8748568203748626,35.51656114000791
2026-01-07,hydro,14.549112262158229,8.26,6.289112262158229,76.13937363387686
2026-01-08,hydro,14.2417738660928,7.79,6.4517738660927995,82.82123063020282
2026-01-09,hydro,14.07197601106679,10.15,3.921976011066789,38.640157744500385
2026-01-10,hydro,13.590575086490782,9.27,4.320575086490782,46.60814548533746
2026-01-11,hydro,13.449221783845767,7.5,5.949221783845767,79.32295711794356
2026-01-12,hydro,14.891002249471772,6.5,8.391002249471772,129.09234229956573
2026-01-13,hydro,13.514733708270217,7.77,5.744733708270218,73.93479676023446
2026-01-14,hydro,14.23544478036383,5.11,9.125444780363829,178.58013268813752
2026-01-15,hydro,15.057282992124078,6.75,8.307282992124078,123.07085914257894
2026-01-16,hydro,14.931831821608604,5.21,9.721831821608603,186.59945914795784
2026-01-17,hydro,16.741910319774586,5.22,11.521910319774587,220.72625133667793
2026-01-18,hydro,17.353695606726486,6.37,10.983695606726485,172.42850246038438
2026-01-19,hydro,17.06745063005502,6.58,10.48745063005502,159.38374817712798
2026-01-20,hydro,16.134162402656546,9.32,6.814162402656546,73.11333050060671
2026-01-21,hydro,16.353984998396065,10.76,5.593984998396065,51.9887081635322
2026-01-22,hydro,16.51683687707819,12.11,4.406836877078192,36.390065046062695
2026-01-23,hydro,16.87656882582508,11.55,5.326568825825078,46.117479011472525
2026-01-24,hydro,16.22750314447171,11.48,4.747503144471711,41.3545570075933
2026-01-25,hydro,15.087161395458905,12.71,2.377161395458904,18.703079429259667
2026-01-26,hydro,16.88648382859707,11.85,5.036483828597069,42.501973237106064
2026-01-27,hydro,16.074666391759678,11.14,4.934666391759677,44.296825778812185
2026-01-28,hydro,16.612875301410348,8.8,7.812875301410347,88.78267387966304
2026-01-29,hydro,15.00550102117486,9.52,5.48550102117486,57.62080904595442
2026-01-30,hydro,13.87738245998123,8.93,4.947382459981231,55.40181926070807
2026-01-31,hydro,16.357350058770006,9.11,7.247350058770007,79.55378769231622
2026-02-01,hydro,14.999721711488974,6.48,8.519721711488973,131.47718690569403
2026-02-02,hydro,15.236906339095272,6.21,9.026906339095273,145.36081061345044
2026-02-03,hydro,14.419110845326973,6.41,8.009110845326973,124.94712707218365
2026-02-04,hydro,14.38363317343191,6.82,7.56363317343191,110.90371222040922
2026-02-05,hydro,15.341245624878036,7.06,8.281245624878036,117.29809666966058
2026-02-06,hydro,15.42248255856421,6.48,8.94248255856421,138.00127405191682
2026-02-07,hydro,14.960529792247506,7.24,7.720529792247506,106.63715182662301
2026-02-08,hydro,15.095285373860253,7.24,7.855285373860253,108.49841676602558
2026-02-09,hydro,15.064822705824692,6.06,9.004822705824694,148.5944340895164
2026-02-10,hydro,14.265404113056467,7.26,7.005404113056468,96.49316960132876
2026-02-11,hydro,14.81945689612941,6.64,8.179456896129409,123.18459180917785
2026-02-12,hydro,15.69792254480813,7.29,8.40792254480813,115.33501433207311
2026-02-13,hydro,14.781974316883945,7.72,7.061974316883945,91.47635125497338
2026-02-14,hydro,14.97658693729197,6.8,8.176586937291969,120.2439255484113
2026-02-15,hydro,15.366906411344646,6.43,8.936906411344646,138.98765803024332
2026-02-16,hydro,14.339785459620257,7.85,6.489785459620258,82.67242623720074
2026-02-17,hydro,15.05878193877341,6.03,9.02878193877341,149.73104376075307
2026-02-18,hydro,15.79426229464166,5.36,10.434262294641659,194.66907266122496
2026-02-19,hydro,12.706759143845556,4.3,8.406759143845555,195.50602660105943
2026-02-20,hydro,14.925949526995257,4.61,10.315949526995258,223.7733086116108
2026-02-21,hydro,15.15222921889049,5.17,9.98222921889049,193.07986883734023
2026-02-22,hydro,11.924470027596826,4.59,7.334470027596826,159.7923753289069
2026-02-23,hydro,15.653814545595049,4.49,11.163814545595049,248.63729500211687
2026-02-24,hydro,15.304322533894268,4.73,10.574322533894268,223.55861593856804
2026-02-25,hydro,15.281751849696642,4.07,11.211751849696642,275.4730184200649
2026-02-26,hydro,15.47216940465489,4.13,11.34216940465489,274.6287991441862
2026-02-27,hydro,15.85259906910192,4.42,11.43259906910192,258.6560875362426
2026-02-28,hydro,14.682024178974773,3.77,10.912024178974773,289.4436121743972
2026-03-01,hydro,15.351196470431278,3.87,11.481196470431279,296.67174342199684
2026-03-02,hydro,14.962162720533783,3.76,11.202162720533783,297.92985958866444
2026-03-03,hydro,15.232631473835458,4.44,10.792631473835456,243.0772854467445
2026-03-04,hydro,15.748677726389568,4.53,11.218677726389569,247.65292994237456
2026-03-05,hydro,15.7508557078545,5.21,10.5408557078545,202.31968729087333
2026-03-06,hydro,15.434281075921088,5.31,10.12428107592109,190.66442704182845
2026-03-07,hydro,16.279457223641558,4.97,11.309457223641559,227.554471300635
2026-03-08,hydro,15.967915862798405,4.43,11.537915862798405,260.44956800899337
2026-03-09,hydro,15.279126907886269,5.0,10.279126907886269,205.58253815772537
2026-03-10,hydro,15.648045340675946,4.89,10.758045340675945,220.00092721218704
2026-03-11,hydro,14.547014562397768,8.12,6.427014562397769,79.15042564529273
2026-03-12,hydro,15.7899873666396,8.87,6.919987366639601,78.01564111205865
2026-03-13,hydro,14.875903189709387,5.94,8.935903189709386,150.43608063483813
2026-03-14,hydro,14.963135465817619,5.68,9.283135465817619,163.43548355312709
2026-03-15,hydro,12.334145872610963,4.56,7.774145872610963,170.48565510111763
2026-03-16,hydro,11.788068785306908,5.47,6.318068785306909,115.50399973138774
2026-03-17,hydro,14.073389861445195,6.18,7.893389861445195,127.72475503956626
2026-03-18,hydro,14.935206519495244,4.5,10.435206519495244,231.8934782110054
2026-03-19,hydro,15.631693737679752,6.0,9.631693737679752,160.5282289613292
2026-03-20,hydro,15.301753940630059,6.51,8.791753940630059,135.04998372703625
2026-03-21,hydro,14.645385948308528,5.21,9.435385948308529,181.10145774104663
2026-03-22,hydro,14.982834611684396,4.23,10.752834611684396,254.2041279358013
2026-03-23,hydro,16.00439550239176,4.2,11.80439550239176,281.05703577123234
2026-03-24,hydro,14.529691478552728,5.86,8.669691478552728,147.94695355892026
2026-03-25,hydro,15.070072730154921,5.37,9.700072730154922,180.63450149264287
2026-03-26,hydro,14.809401920783976,5.66,9.149401920783976,161.6502106145579
2026-03-27,hydro,15.069426553650747,4.35,10.719426553650747,246.42359893449998
2026-03-28,hydro,15.864239734657154,5.23,10.634239734657154,203.33154368369318
2026-03-29,hydro,14.845773052748061,8.12,6.725773052748062,82.82971739837515
2026-03-30,hydro,15.494930008836619,7.62,7.8749300088366185,103.3455381737089
2026-03-31,hydro,15.723076508410184,5.85,9.873076508410184,168.7705386053023
2025-04-01,solar,67.67347727198214,40.53,27.143477271982135,66.97132314824114
2025-04-02,solar,67.74588792709166,41.34,26.405887927091655,63.874910321944014
2025-04-03,solar,67.81783897046141,36.73,31.087838970461412,84.63882104672315
2025-04-04,solar,67.88931198590727,37.88,30.009311985907267,79.22204853724199
2025-04-05,solar,67.96028884699638,40.19,27.77028884699638,69.09750894997856
2025-04-06,solar,68.03075171809401,43.01,25.02075171809401,58.174265794219984
2025-04-07,solar,68.1006830551982,44.0,24.100683055198203,54.77427967090501
2025-04-08,solar,68.17006560656837,44.27,23.90006560656837,53.98704677336428
2025-04-09,solar,68.23888241315457,42.82,25.41888241315457,59.36217284716153
2025-04-10,solar,68.30711680883411,3.23,65.0771168088341,2014.7714182301581
2025-04-11,solar,68.3747524204618,44.29,24.084752420461804,54.379662272435766
2025-04-12,solar,68.44177316774105,42.43,26.011773167741048,61.30514533995062
2025-04-13,solar,68.50816326292193,42.54,25.968163262921927,61.044107341142286
2025-04-14,solar,68.57390721033343,41.57,27.00390721033343,64.96008470130727
2025-04-15,solar,68.63898980575651,45.54,23.09898980575651,50.72241942414693
2025-04-16,solar,68.58729549230044,44.61,23.977295492300442,53.74870094664973
2025-04-17,solar,68.767111576197,42.13,26.637111576196993,63.22599472156894
2025-04-18,solar,68.83012179229684,41.14,27.690121792296836,67.30705345721157
2025-04-19,solar,68.89241273631164,41.94,26.952412736311643,64.26421730164913
2025-04-20,solar,68.95397064677181,43.55,25.40397064677181,58.33288323024526
2025-04-21,solar,69.01478204692835,38.25,30.764782046928346,80.43080273706758
2025-04-22,solar,69.07483374319821,35.19,33.884833743198215,96.29108764762209
2025-04-23,solar,69.13411282350359,41.49,27.644112823503583,66.62837508677653
2025-04-24,solar,69.19260665551106,41.91,27.28260665551106,65.09808316752819
2025-04-25,solar,69.25030288477787,38.91,30.34030288477787,77.97559209657638
2025-04-26,solar,69.30718943281055,33.03,36.277189432810545,109.83103067759777
2025-04-27,solar,69.36325449504291,39.16,30.203254495042913,77.12782046742318
2025-04-28,solar,69.41848653873915,39.05,30.36848653873915,77.76821136680961
2025-04-29,solar,69.4696957039529,36.62,32.8496957039529,89.70424823580802
2025-04-30,solar,68.77920909042183,40.75,28.02920909042183,68.78333519121922
2025-05-01,solar,65.66051709547837,42.02,23.640517095478366,56.26015491546493
2025-05-02,solar,65.96608098743037,37.22,28.746080987430375,77.2328881983621
2025-05-03,solar,66.01430518444994,44.95,21.064305184449935,46.86163556051153
2025-05-04,solar,66.06167994074477,44.44,21.62167994074477,48.65364523119886
2025-05-05,solar,66.10819607282394,42.56,23.54819607282394,55.32940806584572
2025-05-06,solar,66.15384463693974,41.79,24.36384463693974,58.30065718339254
2025-05-07,solar,66.19861692670796,41.82,24.378616926707956,58.29415812220936
2025-05-08,solar,66.2425044707104,45.7,20.542504470710398,44.9507756470687
2025-05-09,solar,66.2854990300834,44.76,21.525499030083402,48.090927234323956
2025-05-10,solar,66.32759259609749,43.14,23.18759259609749,53.74963513235394
2025-05-11,solar,66.36877738773248,44.7,21.668777387732476,48.47601205309278
2025-05-12,solar,66.40904584925232,46.38,20.02904584925232,43.18466116699508
2025-05-13,solar,66.44839064778391,44.88,21.568390647783907,48.057911425543466
2025-05-14,solar,66.48680467090414,38.94,27.546804670904137,70.74166582153092
2025-05-15,solar,66.52428102423889,41.38,25.144281024238886,60.76433306969281
2025-05-16,solar,66.56081302907818,42.86,23.700813029078176,55.29821052048105
2025-05-17,solar,66.59639422001081,21.36,45.23639422001081,211.78087181653004
2025-05-18,solar,66.6310183425828,34.41,32.22101834258281,93.63853049283003
2025-05-19,solar,66.66467935098224,32.21,34.45467935098224,106.968889633599
2025-05-20,solar,66.69737140575502,39.22,27.477371405755022,70.05959052971704
2025-05-21,solar,66.72908887155378,45.85,20.879088871553783,45.53781651374871
2025-05-22,solar,66.75982631492393,41.67,25.089826314923926,60.21076629451386
2025-05-23,solar,66.78957850212952,43.8,22.98957850212952,52.48762215098064
2025-05-24,solar,66.818340397022,30.99,35.828340397022004,115.61258598587287
2025-05-25,solar,66.8461071589547,24.36,42.486107158954695,174.40930689226067
2025-05-26,solar,66.87287414074585,26.07,40.80287414074585,156.51275082756365
2025-05-27,solar,66.89863688669253,29.85,37.04863688669253,124.11603647133174
2025-05-28,solar,66.92339113063859,40.59,26.33339113063859,64.87654873278784
2025-05-29,solar,66.94713279409828,31.17,35.77713279409828,114.78066343951964
2025-05-30,solar,66.96985798443843,30.49,36.47985798443844,119.64531972593781
2025-05-31,solar,66.99156299312136,29.53,37.46156299312136,126.85933963129482
2025-06-01,solar,61.05560035676476,38.84,22.215600356764753,57.197735213091526
2025-06-02,solar,61.073507560250775,43.74,17.333507560250773,39.6285037957265
2025-06-03,solar,61.09047611946884,43.15,17.94047611946884,41.57700143561725
2025-06-04,solar,61.10650331161309,43.03,18.076503311613088,42.009071140165204
2025-06-05,solar,61.12158657449566,44.47,16.65158657449566,37.44453918258525
2025-06-06,solar,61.135723505313905,40.41,20.72572350531391,51.288600607062385
2025-06-07,solar,61.148911859484414,39.71,21.438911859484413,53.98869770708742
2025-06-08,solar,61.161149549544774,39.83,21.331149549544776,53.55548468376795
2025-06-09,solar,61.17243464412486,39.56,21.61243464412486,54.632039039749394
2025-06-10,solar,61.18276536698821,41.45,19.732765366988204,47.60618906390398
2025-06-11,solar,61.19214009614468,35.09,26.10214009614468,74.38626416684149
2025-06-12,solar,61.2005573630358,40.21,20.990557363035798,52.2023311689525
2025-06-13,solar,61.20801585179266,37.17,24.038015851792657,64.67047579174779
2025-06-14,solar,61.214514398568305,36.94,24.274514398568307,65.71335787376368
2025-06-15,solar,61.2200519909444,40.67,20.550051990944397,50.52877302912317
2025-06-16,solar,61.22462776741332,34.17,27.054627767413315,79.17655185078523
2025-06-17,solar,61.2282410169359,37.73,23.4982410169359,62.279992093654656
2025-06-18,solar,61.23089117857562,43.12,18.11089117857562,42.00113909688224
2025-06-19,solar,61.23257784120912,41.12,20.112577841209124,48.91191109243464
2025-06-20,solar,61.23330074331395,43.67,17.563300743313945,40.21822931832825
2025-06-21,solar,61.23305977283322,41.8,19.433059772833225,46.490573619218246
2025-06-22,solar,61.2318549671176,41.43,19.8018549671176,47.795932819496976
2025-06-23,solar,61.22968651294471,31.88,29.34968651294471,92.0630066278065
2025-06-24,solar,61.22655474661569,45.23,15.996554746615693,35.36713408493411
2025-06-25,solar,61.22246015412915,36.97,24.252460154129153,65.60037910232393
2025-06-26,solar,61.21740337143194,32.74,28.47740337143194,86.98046234401936
2025-06-27,solar,61.21138518474695,44.42,16.79138518474695,37.80140743977251
2025-06-28,solar,61.20440653097714,40.21,20.994406530977137,52.211903832323145
2025-06-29,solar,61.19646849818571,38.18,23.01646849818571,60.284097690376406
2025-06-30,solar,61.18757232615171,44.78,16.40757232615171,36.64040269350537
2025-07-01,solar,58.19344041153731,42.4,15.793440411537311,37.248680215889884
2025-07-02,solar,58.183159515865455,35.32,22.863159515865455,64.73148220799959
2025-07-03,solar,58.171971629598715,34.32,23.851971629598715,69.49875183449508
2025-07-04,solar,58.159878516001214,42.51,15.649878516001216,36.814581312635184
2025-07-05,solar,58.14688208635072,51.32,6.826882086350722,13.30257616202401
2025-07-06,solar,58.13298440088402,49.37,8.762984400884022,17.74961393737902
2025-07-07,solar,58.11818766980864,46.24,11.87818766980864,25.688122123288576
2025-07-08,solar,58.10249425437985,46.19,11.912494254379851,25.790201893006824
2025-07-09,solar,58.08590666804172,46.54,11.545906668041724,24.80856611096202
2025-07-10,solar,58.068427577631084,44.03,14.038427577631083,31.883778282150992
2025-07-11,solar,58.05005980464272,45.82,12.230059804642721,26.69153165570214
2025-07-12,solar,58.030806326554945,47.82,10.210806326554945,21.352585375480853
2025-07-13,solar,58.01067027821331,44.38,13.630670278213309,30.713542762986272
2025-07-14,solar,57.98965495327154,47.66,10.329654953271543,21.673636074845877
2025-07-15,solar,57.96776380568743,45.08,12.887763805687435,28.588650855562193
2025-07-16,solar,57.945000451272364,38.28,19.665000451272363,51.37147453310439
2025-07-17,solar,57.92136866929225,40.94,16.98136866929225,41.47867286099719
2025-07-18,solar,57.896872404118156,36.71,21.186872404118155,57.71417162658173
2025-07-19,solar,57.87151576692447,29.58,28.29151576692447,95.64406952983255
2025-07-20,solar,57.84530303743242,30.58,27.265303037432425,89.16057239186536
2025-07-21,solar,57.81823866569681,35.67,22.14823866569681,62.092062421353546
2025-07-22,solar,57.790327273933634,34.13,23.660327273933632,69.32413499541057
2025-07-23,solar,57.761573658385934,38.39,19.371573658385934,50.459947013248076
2025-07-24,solar,57.73198279122582,32.57,25.161982791225817,77.25508993314651
2025-07-25,solar,57.701559822489465,32.89,24.811559822489464,75.43800493307833
2025-07-26,solar,57.670310082042924,32.35,25.320310082042923,78.26989206195648
2025-07-27,solar,57.63823908157542,43.27,14.368239081575418,33.20600665952257
2025-07-28,solar,57.6053525166178,45.31,12.295352516617797,27.136068233541817
2025-07-29,solar,57.57165626858244,49.42,8.151656268582435,16.494650482764943
2025-07-30,solar,57.53715640682219,48.46,9.07715640682219,18.73123484692982
2025-07-31,solar,57.501859190704565,47.75,9.751859190704565,20.422741760637834
2025-08-01,solar,58.93925238122897,47.17,11.769252381228966,24.950715245344426
2025-08-02,solar,58.90143455945471,39.67,19.231434559454705,48.47853430666676
2025-08-03,solar,58.86281938869427,33.36,25.50281938869427,76.44730032582216
2025-08-04,solar,58.823414089830884,41.31,17.51341408983088,42.39509583594984
2025-08-05,solar,58.31061137786133,41.38,16.930611377861325,40.91496224712741
2025-08-06,solar,58.74226302167711,51.65,7.0922630216771125,13.731390167816288
2025-08-07,solar,58.700532730935855,46.61,12.090532730935855,25.939782731035947
2025-08-08,solar,58.65804327345153,43.35,15.308043273451531,35.312671911076194
2025-08-09,solar,58.6148029196666,36.62,21.994802919666604,60.062269032404714
2025-08-10,solar,58.570820156261355,42.87,15.700820156261358,36.62425975335049
2025-08-11,solar,58.52610368820959,29.99,28.53610368820959,95.15206298169254
2025-08-12,solar,58.48066244080268,40.05,18.430662440802685,46.01913218677325
2025-08-13,solar,58.43450556163742,36.06,22.37450556163742,62.047991019515855
2025-08-14,solar,58.38764242256314,47.12,11.267642422563142,23.912653698139096
2025-08-15,solar,58.340082621582994,41.76,16.580082621582996,39.7032629827179
2025-08-16,solar,58.29183598470495,45.53,12.761835984704952,28.029510179453
2025-08-17,solar,58.242912567737214,36.4,21.842912567737216,60.00800155971763
2025-08-18,solar,58.193322658023185,42.62,15.573322658023187,36.539940539707146
2025-08-19,solar,58.14307677611082,54.99,3.153076776110815,5.73390939463687
2025-08-20,solar,58.09218567735134,56.81,1.282185677351336,2.256971796076986
2025-08-21,solar,58.04066035342176,54.88,3.160660353421754,5.7592207606081525
2025-08-22,solar,57.98851203376616,36.56,21.42851203376616,58.61190381227068
2025-08-23,solar,57.935752186950374,38.16,19.775752186950378,51.82324996580287
2025-08-24,solar,57.882392521924224,54.71,3.1723925219242233,5.7985606322870105
2025-08-25,solar,57.828444989186515,54.83,2.998444989186517,5.46862117305584
2025-08-26,solar,57.77392178184647,53.91,3.8639217818464715,7.167356300958026
2025-08-27,solar,57.718835336576866,47.71,10.008835336576865,20.97848529988863
2025-08-28,solar,57.6631983344524,45.77,11.8931983344524,25.984702500442207
2025-08-29,solar,57.60702370166841,49.23,8.377023701668413,17.016095270502568
2025-08-30,solar,57.36997874447027,55.16,2.20997874447027,4.006487934137545
2025-08-31,solar,57.49311447793286,49.91,7.583114477932867,15.193577395177051
2025-09-01,solar,63.17894766661474,47.4,15.77894766661474,33.288919127879204
2025-09-02,solar,63.11493759620609,50.33,12.784937596206092,25.402220536868853
2025-09-03,solar,63.05041128828079,47.78,15.27041128828079,31.959839448055234
2025-09-04,solar,62.98538458787497,53.91,9.075384587874971,16.834324963596682
2025-09-05,solar,62.9198736109726,49.22,13.699873610972602,27.833956950370993
2025-09-06,solar,62.85389474401632,48.49,14.36389474401632,29.622385531070982
2025-09-07,solar,62.78746464323037,49.25,13.537464643230372,27.487237854274866
2025-09-08,solar,62.72060023375012,44.07,18.65060023375012,42.3203998950536
2025-09-09,solar,62.65331870855148,43.69,18.963318708551483,43.404254311173
2025-09-10,solar,62.58563752717516,42.27,20.315637527175156,48.06159812437936
2025-09-11,solar,62.517574414239206,47.59,14.927574414239203,31.36704016440261
2025-09-12,solar,62.449147357735086,51.9,10.549147357735087,20.325910130510767
2025-09-13,solar,62.38037460710058,50.89,11.490374607100577,22.57884575967887
2025-09-14,solar,62.31127467106532,54.41,7.901274671065323,14.521732532742737
2025-09-15,solar,62.241866315262754,52.32,9.921866315262754,18.96381176464594
2025-09-16,solar,62.172168559603904,44.95,17.2221685596039,38.31405686230011
2025-09-17,solar,62.10220067540791,35.85,26.252200675407906,73.2278958867724
2025-09-18,solar,62.03198218228441,45.79,16.24198218228441,35.470587862599714
2025-09-19,solar,61.96153284476358,33.83,28.131532844763584,83.15558038653144
2025-09-20,solar,61.890872668668955,44.1,17.790872668668953,40.342114894940934
2025-09-21,solar,61.8200218972294,45.02,16.8000218972294,37.316796750842734
2025-09-22,solar,61.749001006926164,50.42,11.329001006926163,22.46926022793765
2025-09-23,solar,61.67783070307122,50.53,11.147830703071222,22.061806259788682
2025-09-24,solar,61.60653191511372,44.82,16.78653191511372,37.45321712430549
2025-09-25,solar,61.53512579167152,43.35,18.185125791671517,41.94954046521688
2025-09-26,solar,61.46363369528477,45.41,16.053633695284773,35.35263971654872
2025-09-27,solar,61.39207719688914,49.41,11.982077196889144,24.250308028514763
2025-09-28,solar,61.320478070006736,48.42,12.900478070006734,26.642870859163022
2025-09-29,solar,61.24885828465246,50.49,10.758858284652455,21.308889452668755
2025-09-30,solar,61.17724000095476,47.87,13.307240000954764,27.798704827563743
2025-10-01,solar,65.27193957811335,52.71,12.561939578113346,23.832175257282007
2025-10-02,solar,65.19551322723245,51.91,13.285513227232457,25.593360098694774
2025-10-03,solar,65.11916063924097,47.63,17.48916063924097,36.71879202024138
2025-10-04,solar,65.0429062232041,33.43,31.6129062232041,94.56448167276129
2025-10-05,solar,64.96677455258259,41.81,23.15677455258259,55.385732008090386
2025-10-06,solar,64.89079035657528,52.75,12.14079035657528,23.015716315782523
2025-10-07,solar,64.81497851115626,37.18,27.634978511156255,74.3275376846591
2025-10-08,solar,64.73936402980873,38.78,25.959364029808725,66.94008259362745
2025-10-09,solar,64.6639720539578,43.17,21.493972053957805,49.78914073189206
2025-10-10,solar,64.58882784310498,45.17,19.418827843104978,42.99054204805176
2025-10-11,solar,64.51395676466751,47.14,17.37395676466751,36.85608138453015
2025-10-12,solar,64.43938428352628,45.0,19.43938428352628,43.198631741169514
2025-10-13,solar,64.36513595128672,43.5,20.865135951286717,47.96582977307292
2025-10-14,solar,64.29123739525713,30.32,33.97123739525713,112.0423396941198
2025-10-15,solar,64.21771430715009,34.44,29.77771430715009,86.46258509625463
2025-10-16,solar,64.1445924315123,22.31,41.83459243151229,187.51498176383816
2025-10-17,solar,63.462280850699216,27.39,36.072280850699215,131.69872526724794
2025-10-18,solar,63.999655488731975,39.28,24.719655488731973,62.93191315868628
2025-10-19,solar,63.92789206705248,38.96,24.96789206705248,64.08596526450843
2025-10-20,solar,61.580327975787036,22.77,38.81032797578703,170.44500648127814
2025-10-21,solar,63.78590448522005,9.46,54.32590448522005,574.269603437844
2025-10-22,solar,63.715731955443594,40.16,23.555731955443598,58.654711044431274
2025-10-23,solar,63.64614130358532,37.01,26.63614130358532,71.97011970706653
2025-10-24,solar,63.57715825009095,28.62,34.957158250090956,122.14241177530032
2025-10-25,solar,63.508808453106454,44.78,18.728808453106453,41.824047461157775
2025-10-26,solar,63.4411174946254,43.56,19.8811174946254,45.640765598313585
2025-10-27,solar,63.37411086646264,21.92,41.454110866462635,189.1154692813076
2025-10-28,solar,63.30781395606584,35.03,28.27781395606584,80.72456167874918
2025-10-29,solar,63.24225203217741,54.01,9.232252032177414,17.09359754152456
2025-10-30,solar,63.17745023035931,52.92,10.25745023035931,19.38293694323377
2025-10-31,solar,63.11343353839443,54.53,8.58343353839443,15.740754700888374
2025-11-01,solar,64.39172096841968,50.28,14.111720968419675,28.06627082024597
2025-11-02,solar,64.32802172722769,50.7,13.62802172722769,26.879727272638444
2025-11-03,solar,64.08765294140053,45.36,18.727652941400535,41.28671283377543
2025-11-04,solar,64.20327995865128,46.6,17.603279958651278,37.775278881225915
2025-11-05,solar,63.67322983368491,43.1,20.573229833684906,47.733711911101864
2025-11-06,solar,64.08224442291848,34.28,29.802244422918477,86.93770251726511
2025-11-07,solar,64.0231770644098,33.18,30.843177064409794,92.95713400967388
2025-11-08,solar,63.96510842303227,36.42,27.545108423032268,75.63181884413032
2025-11-09,solar,63.823239846036685,22.48,41.34323984603668,183.9112092795226
2025-11-10,solar,63.8520608941481,28.67,35.1820608941481,122.71385034582525
2025-11-11,solar,63.79712803328583,36.76,27.037128033285832,73.55040270208333
2025-11-12,solar,63.74328591230701,34.65,29.09328591230701,83.96330710622514
2025-11-13,solar,63.69055670136077,30.49,33.20055670136077,108.88998590147843
2025-11-14,solar,63.63896220612913,26.81,36.828962206129134,137.37024321569987
2025-11-15,solar,63.58852385288584,43.17,20.41852385288584,47.29794730805152
2025-11-16,solar,63.53926267368931,34.02,29.519262673689305,86.77031944059172
2025-11-17,solar,63.49119929172714,21.81,41.68119929172714,191.11049652327895
2025-11-18,solar,63.444353906830216,20.6,42.844353906830214,207.98230051859326
2025-11-19,solar,63.39874628117398,40.24,23.158746281173975,57.55155636474646
2025-11-20,solar,63.35439572518508,49.17,14.184395725185077,28.847662650366228
2025-11-21,solar,63.31132108367024,38.39,24.921321083670236,64.91617891031581
2025-11-22,solar,63.26954072218553,25.64,37.62954072218553,146.76107925969396
2025-11-23,solar,63.22907251366327,22.93,40.29907251366327,175.7482447172406
2025-11-24,solar,63.18993382531338,18.28,44.90993382531338,245.677974974362
2025-11-25,solar,63.15214150581671,38.52,24.632141505816705,63.94636943358438
2025-11-26,solar,63.115711872826445,28.52,34.59571187282644,121.30333756250506
2025-11-27,solar,63.04235047814077,26.52,36.522350478140766,137.7162536883136
2025-11-28,solar,63.04700320913871,11.5,51.54700320913871,448.23481051424966
2025-11-29,solar,63.01475405076686,9.34,53.674754050766865,574.6761675670971
2025-11-30,solar,62.98392730097224,36.47,26.51392730097224,72.7006506744509
2025-12-01,solar,62.14474683214225,35.16,26.984746832142257,76.74842671257753
2025-12-02,solar,62.27110901822892,42.27,20.001109018228917,47.31750418317699
2025-12-03,solar,62.24490385527007,27.35,34.894903855270066,127.58648575967118
2025-12-04,solar,62.220156076793394,35.04,27.180156076793395,77.56893857532361
2025-12-05,solar,62.196876602556756,29.69,32.50687660255676,109.48762749261284
2025-12-06,solar,62.17507572331794,35.76,26.41507572331794,73.86766141867433
2025-12-07,solar,61.92633682656928,29.17,32.75633682656928,112.29460687887996
2025-12-08,solar,62.135947720197706,47.07,15.065947720197705,32.00753711535523
2025-12-09,solar,61.434831855944545,37.16,24.274831855944548,65.32516645840836
2025-12-10,solar,62.102841520513806,30.59,31.512841520513806,103.01680784738085
2025-12-11,solar,62.08856542776833,47.76,14.328565427768332,30.0011838939873
2025-12-12,solar,61.86664377771353,41.49,20.376643777713525,49.11218071273446
2025-12-13,solar,62.06459907729716,46.69,15.374599077297162,32.92910489890161
2025-12-14,solar,61.98075055339916,53.95,8.030750553399159,14.885543194437737
2025-12-15,solar,62.04678170777035,54.14,7.9067817077703495,14.604325282176486
2025-12-16,solar,61.71275897016915,22.87,38.84275897016914,169.84153463125992
2025-12-17,solar,62.035145185528215,26.79,35.245145185528216,131.560825627205
2025-12-18,solar,62.03165168605746,47.92,14.111651686057456,29.448354937515557
2025-12-19,solar,62.02971034561015,47.99,14.039710345610146,29.255491447406012
2025-12-20,solar,61.81089160307224,50.37,11.440891603072245,22.71370181273029
2025-12-21,solar,62.03048692528813,53.23,8.800486925288133,16.53294556695122
2025-12-22,solar,62.03320449744525,44.54,17.493204497445248,39.2752682924231
2025-12-23,solar,62.037473532967454,55.35,6.687473532967452,12.082156337791242
2025-12-24,solar,62.0432921197497,51.88,10.163292119749698,19.590000230820543
2025-12-25,solar,62.05065765263252,52.36,9.690657652632524,18.507749527564027
2025-12-26,solar,62.05956683548102,46.35,15.70956683548102,33.8933480808652
2025-12-27,solar,61.967757926469055,49.38,12.587757926469052,25.491611839751016
2025-12-28,solar,62.08199952797118,50.34,11.741999527971174,23.32538642823038
2025-12-29,solar,62.09551301683941,45.89,16.20551301683941,35.31382222017741
2025-12-30,solar,62.11055012208995,49.81,12.300550122089945,24.694941020056103
2025-12-31,solar,62.12710414296354,39.36,22.76710414296354,57.8432523957407
2026-01-01,solar,62.145167711570636,35.2,26.945167711570633,76.54877190787111
2026-01-02,solar,62.16473279870819,34.82,27.344732798708186,78.53168523465878
2026-01-03,solar,62.185790720183164,45.52,16.66579072018316,36.612018278082516
2026-01-04,solar,62.208332143634195,49.43,12.778332143634195,25.851369904175996
2026-01-05,solar,62.2323470958416,47.48,14.7523470958416,31.07065521449368
2026-01-06,solar,62.25782497051549,28.54,33.717824970515494,118.14234397517693
2026-01-07,solar,62.284754536551404,40.71,21.574754536551403,52.99620372525523
2026-01-08,solar,62.258910714530124,45.69,16.568910714530126,36.26375730910512
2026-01-09,solar,62.32887930390987,38.89,23.43887930390987,60.269681933427286
2026-01-10,solar,62.26531473172168,31.68,30.58531473172168,96.5445540774043
2026-01-11,solar,62.31137135675006,21.69,40.62137135675006,187.28156457699427
2026-01-12,solar,62.301237989603734,32.46,29.841237989603734,91.9323413111637
2026-01-13,solar,62.179103920688696,25.62,36.5591039206887,142.69751725483488
2026-01-14,solar,62.403135476046415,49.27,13.133135476046412,26.655440381665134
2026-01-15,solar,62.439115455980634,47.49,14.949115455980632,31.478449054497016
2026-01-16,solar,62.59029627737667,40.38,22.21029627737667,55.003210196574216
2026-01-17,solar,62.63099436427795,45.82,16.810994364277953,36.689206382099414
2026-01-18,solar,62.672982154256935,46.23,16.44298215425694,35.56777450628799
2026-01-19,solar,62.71624171517391,44.44,18.27624171517391,41.12565642478378
2026-01-20,solar,62.76075463398084,47.47,15.29075463398084,32.211406433496606
2026-01-21,solar,62.80650203008491,47.39,15.416502030084906,32.5311289936377
2026-01-22,solar,62.85346456895821,49.91,12.943464568958213,25.933609635259895
2026-01-23,solar,62.90162247597659,48.87,14.03162247597659,28.712139300136265
2026-01-24,solar,62.95095555046998,31.23,31.720955550469977,101.57206388238866
2026-01-25,solar,63.00144317996701,27.58,35.421443179967014,128.4316286438253
2026-01-26,solar,63.053064354616076,25.61,37.44306435461608,146.20485886222602
2026-01-27,solar,63.10579768176549,43.99,19.115797681765486,43.4548708382939
2026-01-28,solar,63.159621400684635,46.05,17.109621400684638,37.154443866850464
2026-01-29,solar,63.214513397409256,46.48,16.73451339740926,36.00368631112148
2026-01-30,solar,63.25640628523549,51.81,11.44640628523549,22.093044364476917
2026-01-31,solar,63.32741209204559,50.8,12.527412092045594,24.6602600237118
2026-02-01,solar,65.38701628655896,34.27,31.117016286558957,90.79958064359192
2026-02-02,solar,65.4478148971829,41.22,24.227814897182895,58.77684351572755
2026-02-03,solar,65.50959653602237,46.16,19.349596536022375,41.91853668982317
2026-02-04,solar,65.57233653091893,49.52,16.05233653091893,32.41586536938394
2026-02-05,solar,65.63600995459095,27.8,37.83600995459095,136.10075523234153
2026-02-06,solar,65.70059164032833,47.29,18.410591640328327,38.93125743355535
2026-02-07,solar,65.7660561976572,46.95,18.816056197657204,40.07679701311439
2026-02-08,solar,65.83237802795881,48.79,17.04237802795881,34.93006359491456
2026-02-09,solar,65.89953134002653,44.92,20.979531340026526,46.70421046310446
2026-02-10,solar,65.96749016554539,45.18,20.787490165545385,46.01038106583751
2026-02-11,solar,66.03622837447877,45.31,20.726228374478765,45.74316569074986
2026-02-12,solar,66.1057196903477,47.07,19.035719690347698,40.441299533349685
2026-02-13,solar,66.17593770538808,44.06,22.115937705388077,50.195046993617964
2026-02-14,solar,66.2468558955721,46.71,19.536855895572096,41.82585291280688
2026-02-15,solar,66.31844763547997,48.86,17.45844763547997,35.73157518518209
2026-02-16,solar,66.39068621300937,43.05,23.340686213009377,54.21762186529472
2026-02-17,solar,66.4635448439095,3.18,63.2835448439095,1990.048579997154
2026-02-18,solar,66.53699668612782,2.96,63.57699668612782,2147.8715096664805
2026-02-19,solar,66.61101485395834,49.26,17.35101485395834,35.223335066906905
2026-02-20,solar,66.6855724319794,38.29,28.395572431979396,74.15923852697675
2026-02-21,solar,66.76064248877107,36.85,29.910642488771067,81.16863633316436
2026-02-22,solar,66.83619809040228,41.61,25.226198090402278,60.62532586013525
2026-02-23,solar,66.91221231367707,47.49,19.422212313677072,40.89747802416734
2026-02-24,solar,66.98865825913236,43.88,23.108658259132362,52.66330505727521
2026-02-25,solar,67.06550906377771,40.74,26.32550906377771,64.61833348988146
2026-02-26,solar,67.14273791356983,45.28,21.86273791356983,48.283431787919234
2026-02-27,solar,67.22031805561392,42.45,24.770318055613913,58.35175042547447
2026-02-28,solar,67.29822281008549,46.69,20.608222810085493,44.13840824606017
2026-03-01,solar,68.7514546753737,48.18,20.571454675373694,42.6970831784427
2026-03-02,solar,68.83153048151821,50.68,18.151530481518215,35.815963854613685
2026-03-03,solar,68.91185641650954,52.84,16.071856416509533,30.416079516482842
2026-03-04,solar,68.9924056700125,52.88,16.1124056700125,30.469753536332263
2026-03-05,solar,69.07315156259226,52.71,16.363151562592257,31.043732807042794
2026-03-06,solar,69.1540675560511,58.29,10.864067556051104,18.63796115294408
2026-03-07,solar,69.23512726344677,52.28,16.95512726344677,32.43138344194102
2026-03-08,solar,69.31630445878866,49.87,19.446304458788667,38.99399330015775
2026-03-09,solar,69.39757308641076,48.0,21.39757308641076,44.578277263355744
2026-03-10,solar,69.47890727001901,49.3,20.17890727001901,40.930846389490895
2026-03-11,solar,69.56028132141198,47.89,21.670281321411977,45.25011760578821
2026-03-12,solar,69.64166974887458,51.53,18.111669748874576,35.14781631840593
2026-03-13,solar,69.72304726524408,54.27,15.453047265244074,28.474382283479038
2026-03-14,solar,69.8043887956489,55.82,13.984388795648904,25.052649221871913
2026-03-15,solar,65.9057886354538,54.1,11.805788635453801,21.82216013947098
2026-03-16,solar,69.96686470468168,51.54,18.426864704681684,35.75255084338705
2026-03-17,solar,70.04795006010606,45.65,24.397950060106062,53.44567373517209
2026-03-18,solar,70.12890139636187,46.5,23.62890139636187,50.814841712606174
2026-03-19,solar,70.20969480473103,53.6,16.609694804731028,30.988236575990726
2026-03-20,solar,70.29030662841313,53.34,16.95030662841313,31.777852696687532
2026-03-21,solar,70.37071346801478,51.43,18.940713468014785,36.828142072748946
2026-03-22,solar,70.45089218672811,54.28,16.17089218672811,29.791621567295707
2026-03-23,solar,70.53081991520233,55.9,14.63081991520233,26.173201994995228
2026-03-24,solar,70.61047405611193,59.21,11.400474056111925,19.254305110812236
2026-03-25,solar,70.68983228842612,59.5,11.189832288426118,18.806440820884234
2026-03-26,solar,70.76887257138377,57.77,12.998872571383764,22.50107767246627
2026-03-27,solar,70.84757314817902,59.63,11.21757314817902,18.81196234811172
2026-03-28,solar,70.92591254936232,54.99,15.935912549362321,28.97965548165543
2026-03-29,solar,71.00386959596231,52.9,18.103869595962315,34.22281587138434
2026-03-30,solar,71.0814234023341,54.61,16.471423402334096,30.161917968017022
2026-03-31,solar,71.15855337873948,56.01,15.148553378739486,27.046158505158875
2025-04-01,wind,44.8301642765798,12.51,32.3201642765798,258.3546305082318
2025-04-02,wind,46.1859166264742,11.09,35.09591662647421,316.464532249542
2025-04-03,wind,45.715068776620576,11.25,34.465068776620576,306.356166903294
2025-04-04,wind,43.637935668856336,9.06,34.577935668856334,381.6549190822995
2025-04-05,wind,40.926430969067596,7.75,33.176430969067596,428.0829802460335
2025-04-06,wind,38.84929786130339,13.55,25.29929786130339,186.71068532327223
2025-04-07,wind,38.37845001144973,15.1,23.278450011449728,154.16192060562736
2025-04-08,wind,39.7342023613441,8.31,31.4242023613441,378.1492462255608
2025-04-09,wind,42.282183318961984,10.38,31.90218331896198,307.34280654105953
2025-04-10,wind,44.83016427657982,10.58,34.250164276579824,323.72556027013064
2025-04-11,wind,46.18591662647421,50.34,-4.154083373525793,-8.252052788092556
2025-04-12,wind,45.71506877662056,39.0,6.715068776620562,17.21812506825785
2025-04-13,wind,43.637935668856414,16.34,27.297935668856415,167.0620297971629
2025-04-14,wind,40.926430969067574,13.86,27.066430969067575,195.2844947263173
2025-04-15,wind,38.84929786130337,17.39,21.45929786130337,123.40021771882328
2025-04-16,wind,38.36514477448657,17.7,20.665144774486574,116.75223036433093
2025-04-17,wind,39.73420236134412,17.64,22.094202361344117,125.25058027972855
2025-04-18,wind,42.282183318961955,29.0,13.282183318961955,45.800632134351574
2025-04-19,wind,44.8301642765798,35.62,9.210164276579803,25.856721719763627
2025-04-20,wind,46.1859166264742,32.7,13.4859166264742,41.24133524915658
2025-04-21,wind,45.715068776620576,19.28,26.435068776620575,137.11135257583285
2025-04-22,wind,43.637935668856386,13.24,30.397935668856384,229.59165913033522
2025-04-23,wind,40.926430969067596,23.17,17.756430969067594,76.63543793296328
2025-04-24,wind,38.84929786130339,32.72,6.129297861303392,18.732572925743867
2025-04-25,wind,38.378450011449736,23.15,15.228450011449738,65.78164151814143
2025-04-26,wind,39.73420236134414,9.44,30.29420236134414,320.91316060745913
2025-04-27,wind,42.282183318961984,11.99,30.292183318961982,252.64539882370292
2025-04-28,wind,44.83016427657978,7.39,37.44016427657978,506.63280482516615
2025-04-29,wind,46.1859166264742,12.73,33.455916626474206,262.8115995795303
2025-04-30,wind,45.34806989338395,22.86,22.48806989338395,98.37300915741011
2025-05-01,wind,50.434579641732746,24.96,25.474579641732745,102.06161715437798
2025-05-02,wind,47.38849901681509,20.65,26.73849901681509,129.48425674002465
2025-05-03,wind,44.98339752361445,31.91,13.07339752361445,40.969594245109526
2025-05-04,wind,44.43820527641549,31.85,12.588205276415486,39.523407461273116
2025-05-05,wind,46.00802378681952,24.52,21.48802378681952,87.63468102291812
2025-05-06,wind,48.958317527219116,26.49,22.468317527219117,84.81811071052896
2025-05-07,wind,51.908611267618724,29.26,22.648611267618723,77.40468649220342
2025-05-08,wind,53.478429778022765,38.57,14.908429778022764,38.652916199177504
2025-05-09,wind,52.93323753082383,25.39,27.54323753082383,108.48065195283117
2025-05-10,wind,50.528136037623206,34.73,15.798136037623209,45.48844237726234
2025-05-11,wind,47.38849901681506,57.41,-10.021500983184936,-17.456019827878308
2025-05-12,wind,44.98339752361443,77.88,-32.89660247638557,-42.24011617409549
2025-05-13,wind,44.43820527641548,66.67,-22.23179472358452,-33.346024784137576
2025-05-14,wind,46.008023786819486,47.21,-1.2019762131805152,-2.546020362593762
2025-05-15,wind,48.95831752721908,34.55,14.408317527219083,41.70280036821732
2025-05-16,wind,51.908611267618745,62.16,-10.251388732381251,-16.491938115156454
2025-05-17,wind,53.47842977802278,53.1,0.37842977802277744,0.7126737815871514
2025-05-18,wind,52.93323753082382,45.87,7.0632375308238196,15.398381362162242
2025-05-19,wind,50.52813603762317,37.55,12.978136037623173,34.56227972735865
2025-05-20,wind,47.38849901681509,98.26,-50.871500983184916,-51.77233969385804
2025-05-21,wind,44.98339752361448,102.52,-57.53660247638552,-56.122320012081076
2025-05-22,wind,44.43820527641549,76.84,-32.401794723584516,-42.167874445060534
2025-05-23,wind,46.00802378681952,77.96,-31.951976213180473,-40.98509006308424
2025-05-24,wind,48.958317527219116,110.25,-61.291682472780884,-55.59336278710284
2025-05-25,wind,51.90861126761872,111.87,-59.96138873238129,-53.59916754481209
2025-05-26,wind,53.478429778022765,128.52,-75.04157022197725,-58.38902133673922
2025-05-27,wind,52.93323753082381,141.28,-88.34676246917618,-62.533099142961625
2025-05-28,wind,50.528136037623206,144.08,-93.55186396237681,-64.93049969626374
2025-05-29,wind,47.388499016815125,135.75,-88.36150098318487,-65.0913451073185
2025-05-30,wind,44.983397523614464,141.3,-96.31660247638555,-68.16461604839742
2025-05-31,wind,44.43820527641548,130.18,-85.74179472358452,-65.8640303607194
2025-06-01,wind,56.46439282927846,103.95,-47.48560717072154,-45.6811997794339
2025-06-02,wind,60.08520787431441,101.63,-41.54479212568558,-40.87847301553241
2025-06-03,wind,63.706022919350275,113.83,-50.12397708064972,-44.03406578287773
2025-06-04,wind,65.63261836393704,103.08,-37.44738163606296,-36.32846491663073
2025-06-05,wind,64.96351878782927,56.21,8.753518787829272,15.57288523008232
2025-06-06,wind,62.01180331890125,53.73,8.281803318901254,15.41374152038201
2025-06-07,wind,58.15861242972762,96.19,-38.03138757027238,-39.53777686898054
2025-06-08,wind,55.20689696079955,102.28,-47.073103039200454,-46.0237612819715
2025-06-09,wind,54.53779738469173,117.75,-63.21220261530827,-53.68339924866945
2025-06-10,wind,56.4643928292785,131.29,-74.8256071707215,-56.99261723720124
2025-06-11,wind,60.08520787431437,151.86,-91.77479212568565,-60.43381543901333
2025-06-12,wind,63.70602291935025,139.36,-75.65397708064977,-54.28672293387612
2025-06-13,wind,65.63261836393703,125.19,-59.55738163606297,-47.57359344681122
2025-06-14,wind,64.96351878782929,142.85,-77.88648121217071,-54.523263011670075
2025-06-15,wind,62.01180331890113,156.7,-94.68819668109886,-60.426417792660416
2025-06-16,wind,58.15861242972759,145.28,-87.12138757027242,-59.967915453106016
2025-06-17,wind,55.20689696079953,125.1,-69.89310303920047,-55.86978660207872
2025-06-18,wind,54.53779738469174,129.92,-75.38220261530824,-58.02201555981239
2025-06-19,wind,56.46439282927852,133.83,-77.36560717072149,-57.808867347172885
2025-06-20,wind,60.08520787431433,132.61,-72.52479212568568,-54.69028891160974
2025-06-21,wind,63.70602291935021,138.69,-74.9839770806498,-54.06588584660018
2025-06-22,wind,65.63261836393703,145.86,-80.22738163606299,-55.00300400114012
2025-06-23,wind,64.96351878782929,136.17,-71.2064812121707,-52.29234134697121
2025-06-24,wind,62.01180331890125,139.71,-77.69819668109875,-55.61391216169118
2025-06-25,wind,58.1586124297277,134.45,-76.29138757027229,-56.74331541113597
2025-06-26,wind,55.20689696079951,135.41,-80.20310303920049,-59.22982278945461
2025-06-27,wind,54.53779738469173,129.33,-74.79220261530828,-57.83051311784448
2025-06-28,wind,56.4643928292785,116.97,-60.5056071707215,-51.72745761368
2025-06-29,wind,60.085207874314364,122.88,-62.79479212568563,-51.10253265436656
2025-06-30,wind,63.70602291935025,122.89,-59.183977080649754,-48.16012456721438
2025-07-01,wind,70.49429379830273,123.78,-53.285706201697266,-43.04872047317601
2025-07-02,wind,69.77563129063142,138.6,-68.82436870936857,-49.656831680641105
2025-07-03,wind,66.6052702314124,115.86,-49.254729768587595,-42.512281864826164
2025-07-04,wind,62.46665779489276,132.99,-70.52334220510724,-53.029056474251625
2025-07-05,wind,59.29629673567361,151.68,-92.3837032643264,-60.90697736308438
2025-07-06,wind,58.57763422800224,162.99,-104.41236577199777,-64.06059621571738
2025-07-07,wind,60.64694044626219,155.39,-94.7430595537378,-60.971143287044086
2025-07-08,wind,64.5359640131525,140.28,-75.7440359868475,-53.99489306162497
2025-07-09,wind,68.42498758004281,137.09,-68.6650124199572,-50.08754279667167
2025-07-10,wind,70.49429379830275,107.23,-36.735706201697255,-34.25879530140563
2025-07-11,wind,69.77563129063145,136.5,-66.72436870936855,-48.8823213988048
2025-07-12,wind,66.60527023141238,147.14,-80.53472976858761,-54.73340340396059
2025-07-13,wind,62.46665779489271,146.6,-84.13334220510728,-57.389728652869906
2025-07-14,wind,59.296296735673586,161.16,-101.8637032643264,-63.20656692996178
2025-07-15,wind,58.57763422800221,146.53,-87.95236577199779,-60.02345306217006
2025-07-16,wind,60.64694044626208,143.33,-82.68305955373793,-57.68719706533031
2025-07-17,wind,64.53596401315255,129.41,-64.87403598684745,-50.13062049829801
2025-07-18,wind,68.42498758004285,126.1,-57.67501241995714,-45.73751976205959
2025-07-19,wind,70.49429379830275,141.4,-70.90570620169726,-50.1454782190221
2025-07-20,wind,69.77563129063142,135.46,-65.68436870936858,-48.48986321376685
2025-07-21,wind,66.60527023141233,143.4,-76.79472976858767,-53.55281015940563
2025-07-22,wind,62.466657794892676,134.24,-71.77334220510733,-53.466434896534054
2025-07-23,wind,59.29629673567356,157.49,-98.19370326432644,-62.34916709907069
2025-07-24,wind,58.57763422800222,159.79,-101.21236577199778,-63.34086349083034
2025-07-25,wind,60.646940446261986,154.39,-93.743059553738,-60.71834934499515
2025-07-26,wind,64.53596401315241,170.84,-106.3040359868476,-62.22432450646663
2025-07-27,wind,68.42498758004288,138.52,-70.09501241995713,-50.60281000574438
2025-07-28,wind,70.49429379830276,115.01,-44.51570620169724,-38.70594400634487
2025-07-29,wind,69.7756312906314,124.84,-55.06436870936861,-44.107953147523716
2025-07-30,wind,66.60527023141229,111.04,-44.434729768587715,-40.01686758698461
2025-07-31,wind,62.466657794892626,134.39,-71.92334220510736,-53.5183735434983
2025-08-01,wind,57.25159684823661,96.9,-39.6484031517634,-40.91682471802208
2025-08-02,wind,56.55771580634697,86.92,-30.362284193653032,-34.93129796784748
2025-08-03,wind,58.555666637770216,72.05,-13.494333362229781,-18.729123334114895
2025-08-04,wind,62.31058594373341,53.26,9.05058594373341,16.993214314182143
2025-08-05,wind,66.06174100293075,83.6,-17.53825899706925,-20.97877870462829
2025-08-06,wind,68.0634560811199,87.61,-19.546543918880104,-22.310859398333644
2025-08-07,wind,67.3695750392303,96.75,-29.3804249607697,-30.367364300537158
2025-08-08,wind,64.30853677515681,68.27,-3.961463224843186,-5.802641313670992
2025-08-09,wind,60.31263511231009,49.92,10.392635112310089,20.818579952544248
2025-08-10,wind,57.25159684823659,71.11,-13.858403151763412,-19.488683942853903
2025-08-11,wind,56.557715806346984,95.29,-38.73228419365302,-40.64674592680556
2025-08-12,wind,58.555666637770244,134.79,-76.23433336222975,-56.55785545087154
2025-08-13,wind,62.31058594373345,141.77,-79.45941405626655,-56.04811600216304
2025-08-14,wind,66.06550524969651,147.13,-81.06449475030348,-55.097189390541345
2025-08-15,wind,68.06345608111991,165.4,-97.3365439188801,-58.8491801202419
2025-08-16,wind,67.36957503923036,183.89,-116.52042496076963,-63.3641986844144
2025-08-17,wind,64.30853677515692,183.81,-119.50146322484308,-65.01358099387579
2025-08-18,wind,60.31263511231005,170.44,-110.12736488768995,-64.61356775856017
2025-08-19,wind,57.251596848236574,147.4,-90.14840315176343,-61.15902520472417
2025-08-20,wind,56.557715806346984,120.18,-63.62228419365302,-52.93916141924865
2025-08-21,wind,58.55566663777027,60.39,-1.834333362229728,-3.037478659098738
2025-08-22,wind,62.31058594373348,43.52,18.790585943733475,43.17689784865229
2025-08-23,wind,66.06550524969653,78.08,-12.01449475030347,-15.38741643225342
2025-08-24,wind,68.06345608111988,91.55,-23.486543918880116,-25.65433524727484
2025-08-25,wind,67.36957503923034,64.57,2.799575039230348,4.335720983785579
2025-08-26,wind,64.30853677515688,144.82,-80.51146322484311,-55.59416049222698
2025-08-27,wind,60.31263511231017,169.25,-108.93736488768982,-64.3647650739674
2025-08-28,wind,57.25159684823663,168.74,-111.48840315176338,-66.07111719317493
2025-08-29,wind,56.557715806347,145.36,-88.80228419365301,-61.09127971495115
2025-08-30,wind,58.535183562093614,201.59,-143.0548164379064,-70.96325037844457
2025-08-31,wind,62.31058594373336,148.01,-85.69941405626663,-57.90109726117603
2025-09-01,wind,58.98705825865765,136.75,-77.76294174134236,-56.865039664601355
2025-09-02,wind,60.77094292957132,146.43,-85.65905707042869,-58.49829752812175
2025-09-03,wind,60.15140628502707,160.24,-100.08859371497294,-62.461678554027046
2025-09-04,wind,57.418336406390054,167.07,-109.65166359360994,-65.63216830885852
2025-09-05,wind,53.850567064562625,126.8,-72.94943293543737,-57.53109852952474
2025-09-06,wind,51.117497185925544,103.26,-52.14250281407446,-50.49632269424217
2025-09-07,wind,50.497960541381225,92.43,-41.93203945861878,-45.36626577801447
2025-09-08,wind,52.28184521229495,44.2,8.081845212294944,18.284717674875438
2025-09-09,wind,55.63445173547624,30.88,24.75445173547624,80.16337997239715
2025-09-10,wind,58.987058258657676,40.48,18.50705825865768,45.71901743739545
2025-09-11,wind,60.770942929571326,63.69,-2.9190570704286714,-4.583226676760358
2025-09-12,wind,60.15140628502705,50.93,9.22140628502705,18.10604022192627
2025-09-13,wind,57.41833640639001,100.74,-43.32166359360998,-43.00343815129043
2025-09-14,wind,53.85056706456259,113.53,-59.67943293543741,-52.56710379233455
2025-09-15,wind,51.11749718592553,129.55,-78.43250281407448,-60.542263847220745
2025-09-16,wind,50.49796054138121,97.92,-47.42203945861879,-48.429370362151545
2025-09-17,wind,52.28184521229486,63.91,-11.628154787705135,-18.19457798107516
2025-09-18,wind,55.63445173547614,84.6,-28.965548264523854,-34.23823671929534
2025-09-19,wind,58.987058258657704,88.92,-29.932941741342297,-33.662777486889674
2025-09-20,wind,60.77094292957133,102.33,-41.559057070428665,-40.61277931244861
2025-09-21,wind,60.15140628502704,109.21,-49.05859371497295,-44.92133844425689
2025-09-22,wind,57.418336406389976,137.99,-80.57166359361003,-58.38949459642729
2025-09-23,wind,53.850567064562696,145.25,-91.3994329354373,-62.925599267082475
2025-09-24,wind,51.11749718592551,137.84,-86.72250281407449,-62.91533866372205
2025-09-25,wind,50.49796054138121,127.31,-76.81203945861878,-60.33464728506699
2025-09-26,wind,52.28184521229489,161.27,-108.98815478770513,-67.58117119594786
2025-09-27,wind,55.63445173547617,167.71,-112.07554826452383,-66.82699198886401
2025-09-28,wind,58.98705825865762,153.34,-94.35294174134239,-61.531851924704824
2025-09-29,wind,60.77094292957133,145.45,-84.67905707042866,-58.21867106939062
2025-09-30,wind,60.15140628502709,128.82,-68.6685937149729,-53.30584824947439
2025-10-01,wind,45.93466912511195,136.03,-90.09533087488805,-66.23195682929357
2025-10-02,wind,43.080453651650124,114.16,-71.07954634834988,-62.2630924565083
2025-10-03,wind,40.8939977487404,41.78,-0.8860022512596046,-2.1206372696496043
2025-10-04,wind,40.39836843310497,21.1,19.29836843310497,91.46146176827
2025-10-05,wind,41.82547616983594,26.2,15.625476169835938,59.63922202227457
2025-10-06,wind,44.507561388380964,29.83,14.677561388380965,49.20402745015409
2025-10-07,wind,47.18964660692612,23.96,23.229646606926117,96.95178049635274
2025-10-08,wind,48.61675434365706,12.44,36.17675434365706,290.8099223766645
2025-10-09,wind,48.12112502802172,16.13,31.991125028021724,198.33307518922334
2025-10-10,wind,45.934669125111924,16.89,29.044669125111923,171.96370115519198
2025-10-11,wind,43.08045365165009,22.45,20.63045365165009,91.89511648841912
2025-10-12,wind,40.89399774874038,15.19,25.703997748740385,169.2165750410822
2025-10-13,wind,40.39836843310498,11.69,28.70836843310498,245.58056829003405
2025-10-14,wind,41.82547616983595,13.57,28.25547616983595,208.2201633738832
2025-10-15,wind,44.50756138838099,13.46,31.04756138838099,230.66538921531196
2025-10-16,wind,47.18964660692605,21.36,25.829646606926048,120.92531183017815
2025-10-17,wind,48.22742099036529,24.79,23.43742099036529,94.5438523209572
2025-10-18,wind,48.1211250280217,16.36,31.761125028021702,194.13890603925245
2025-10-19,wind,45.934669125112016,13.76,32.17466912511202,233.82753724645363
2025-10-20,wind,42.49731028347164,11.17,31.32731028347164,280.4593579540881
2025-10-21,wind,40.89399774874036,9.99,30.90399774874036,309.34932681421776
2025-10-22,wind,40.39836843310498,33.39,7.008368433104977,20.989423279739373
2025-10-23,wind,41.82547616983589,32.16,9.665476169835891,30.054341324116578
2025-10-24,wind,44.50756138838101,29.22,15.287561388381015,52.318827475636596
2025-10-25,wind,47.18964660692607,37.7,9.489646606926065,25.17147641094447
2025-10-26,wind,48.61675434365706,43.46,5.156754343657056,11.865518508184666
2025-10-27,wind,48.121125028021694,93.69,-45.5688749719783,-48.63792824418647
2025-10-28,wind,45.93466912511199,137.02,-91.08533087488803,-66.47593845780764
2025-10-29,wind,43.08045365165016,119.73,-76.64954634834984,-64.01866395084761
2025-10-30,wind,40.89399774874041,72.26,-31.366002251259594,-43.40714399565402
2025-10-31,wind,40.39836843310496,31.04,9.358368433104964,30.149382838611356
2025-11-01,wind,37.64292855285231,27.56,10.082928552852312,36.585372107591844
2025-11-02,wind,40.05680524954294,32.08,7.976805249542942,24.865353022266028
2025-11-03,wind,42.45399388637211,34.08,8.373993886372112,24.57157830508249
2025-11-04,wind,43.75507890929136,43.97,-0.21492109070863563,-0.4887902904449298
2025-11-05,wind,43.23565670611338,29.57,13.665656706113381,46.21459826213521
2025-11-06,wind,41.34120221260076,27.63,13.711202212600764,49.62432939775883
2025-11-07,wind,38.77240828648512,8.34,30.432408286485117,364.89698185233954
2025-11-08,wind,36.80459797386641,7.63,29.17459797386641,382.3669459222334
2025-11-09,wind,36.358227016190774,8.38,27.978227016190772,333.86905747244356
2025-11-10,wind,37.642928552852254,4.04,33.602928552852255,831.7556572488181
2025-11-11,wind,40.056805249542975,3.5,36.556805249542975,1044.4801499869423
2025-11-12,wind,42.470681946233505,13.91,28.560681946233505,205.32481629211722
2025-11-13,wind,43.75507890929137,20.65,23.10507890929137,111.88900198204055
2025-11-14,wind,43.3090125252195,24.09,19.2190125252195,79.78004369123911
2025-11-15,wind,41.34120221260084,23.28,18.06120221260084,77.58248373110325
2025-11-16,wind,38.772408286485096,33.11,5.662408286485096,17.10180696612835
2025-11-17,wind,36.80459797386639,28.39,8.414597973866393,29.639302479275777
2025-11-18,wind,36.35853158979448,24.73,11.62853158979448,47.021963565687344
2025-11-19,wind,37.64292855285227,16.52,21.12292855285227,127.86276363712028
2025-11-20,wind,40.05680524954288,26.82,13.236805249542883,49.35423284691604
2025-11-21,wind,42.47068194623344,29.16,13.31068194623344,45.64705742878409
2025-11-22,wind,43.75507890929136,29.74,14.015078909291365,47.125349392371774
2025-11-23,wind,43.30901252521949,30.73,12.579012525219486,40.93398153341844
2025-11-24,wind,41.34120221260092,43.35,-2.0087977873990823,-4.63390493056305
2025-11-25,wind,38.77240828648507,49.34,-10.567591713514936,-21.417899703110933
2025-11-26,wind,36.80459797386643,45.41,-8.605402026133568,-18.950455904280044
2025-11-27,wind,36.35853104121357,48.32,-11.961468958786433,-24.754695692852717
2025-11-28,wind,37.64292855285237,30.93,6.712928552852368,21.703616401074584
2025-11-29,wind,40.05680524954291,21.42,18.63680524954291,87.00656045538238
2025-11-30,wind,42.47068194623354,14.56,27.910681946233538,191.69424413621934
2025-12-01,wind,41.25073188409514,8.28,32.97073188409514,398.1972449769944
2025-12-02,wind,40.90295627381839,7.42,33.48295627381839,451.25277997059817
2025-12-03,wind,39.04446875634528,11.75,27.29446875634528,232.29335111783217
2025-12-04,wind,36.61838560390254,19.64,16.978385603902538,86.44799187323085
2025-12-05,wind,34.7598980864294,37.68,-2.9201019135705977,-7.749739685696916
2025-12-06,wind,34.33861316813923,39.34,-5.001386831860771,-12.713235464821478
2025-12-07,wind,35.55165304708177,41.77,-6.218346952918232,-14.887112647637613
2025-12-08,wind,37.83142718012378,37.32,0.511427180123782,1.370383655208419
2025-12-09,wind,40.0394110539186,39.56,0.4794110539185965,1.2118580736061588
2025-12-10,wind,41.32424119210848,44.73,-3.405758807891516,-7.614037129200796
2025-12-11,wind,40.90295627381837,47.29,-6.387043726181631,-13.506119108017828
2025-12-12,wind,39.03433810891351,30.05,8.984338108913509,29.897963756783724
2025-12-13,wind,36.61838560390251,30.29,6.328385603902511,20.89265633510238
2025-12-14,wind,34.757841612505494,37.51,-2.7521583874945037,-7.337132464661433
2025-12-15,wind,34.33861316813922,35.68,-1.3413868318607811,-3.7594922417622785
2025-12-16,wind,35.550618072354204,37.59,-2.039381927645799,-5.425331012625163
2025-12-17,wind,37.83142718012381,45.84,-8.008572819876193,-17.47070859484335
2025-12-18,wind,40.11119961588711,61.69,-21.57880038411289,-34.97941381765746
2025-12-19,wind,41.324241192108495,41.39,-0.06575880789150546,-0.15887607608481627
2025-12-20,wind,40.90082188509355,23.33,17.57082188509355,75.3142815477649
2025-12-21,wind,39.04446875634524,31.42,7.624468756345237,24.26629139511533
2025-12-22,wind,36.61838560390259,31.41,5.208385603902588,16.581934428215817
2025-12-23,wind,34.75989808642937,20.45,14.309898086429367,69.97505176738076
2025-12-24,wind,34.338613168139226,20.19,14.148613168139224,70.0773311943498
2025-12-25,wind,35.55165474436047,21.78,13.771654744360468,63.23073803654944
2025-12-26,wind,37.83142718012384,29.34,8.49142718012384,28.94146959824076
2025-12-27,wind,40.11085085165486,31.52,8.59085085165486,27.255237473524303
2025-12-28,wind,41.3242411921085,29.57,11.754241192108502,39.750562029450464
2025-12-29,wind,40.9029562738184,28.24,12.662956273818399,44.84049672032011
2025-12-30,wind,39.04446875634522,14.77,24.274468756345218,164.3498223178417
2025-12-31,wind,36.61838560390256,9.43,27.18838560390256,288.31798095336757
2026-01-01,wind,40.111199615887195,14.77,25.341199615887195,171.57210301887065
2026-01-02,wind,41.3242411921085,13.55,27.7742411921085,204.9759497572583
2026-01-03,wind,40.90295627381841,40.54,0.362956273818412,0.8953040794731425
2026-01-04,wind,39.04446875634517,51.64,-12.595531243654833,-24.391036490423765
2026-01-05,wind,36.61838560390256,57.58,-20.96161439609744,-36.40433205296533
2026-01-06,wind,34.75989808642933,44.8,-10.040101913570666,-22.410941771363095
2026-01-07,wind,34.338613168139226,57.66,-23.32138683186077,-40.446387152030475
2026-01-08,wind,35.30617212227324,61.16,-25.853827877726758,-42.272445843241925
2026-01-09,wind,37.81796295703591,49.67,-11.852037042964092,-23.86156038446566
2026-01-10,wind,39.981801123224514,37.4,2.5818011232245155,6.903211559423839
2026-01-11,wind,41.307814491717565,22.84,18.467814491717565,80.8573313998142
2026-01-12,wind,40.902954345883366,35.9,5.002954345883367,13.935805977390995
2026-01-13,wind,39.02330073437542,36.92,2.1033007343754164,5.696914231786068
2026-01-14,wind,36.61838392082051,25.28,11.338383920820512,44.85120221843557
2026-01-15,wind,34.759182994360344,25.13,9.629182994360345,38.31748107584698
2026-01-16,wind,34.338613168139226,31.98,2.3586131681392253,7.3752756977461695
2026-01-17,wind,35.55165474436054,25.65,9.901654744360542,38.602942473140516
2026-01-18,wind,37.83142718012387,17.53,20.301427180123866,115.80962453008479
2026-01-19,wind,40.111199615887195,13.29,26.821199615887195,201.8148955296253
2026-01-20,wind,41.3242411921085,25.33,15.994241192108504,63.14347095186934
2026-01-21,wind,40.90295627381841,34.16,6.742956273818415,19.739333354269366
2026-01-22,wind,39.04446875634518,33.97,5.074468756345183,14.938088773462418
2026-01-23,wind,36.61838560390256,28.45,8.16838560390256,28.7113729486909
2026-01-24,wind,34.75989808642934,34.69,0.06989808642934037,0.20149347486117142
2026-01-25,wind,34.338613168139226,29.54,4.798613168139227,16.244458930735366
2026-01-26,wind,35.55165474436054,32.88,2.671654744360538,8.125470633699932
2026-01-27,wind,37.83142718012387,43.06,-5.228572819876135,-12.142528610952471
2026-01-28,wind,40.111199615887195,37.98,2.1311996158871978,5.611373396227483
2026-01-29,wind,41.3242411921085,36.19,5.1342411921085045,14.186905753270254
2026-01-30,wind,40.766561556003154,35.02,5.746561556003151,16.40937051971202
2026-01-31,wind,39.044468756345175,35.19,3.8544687563451774,10.95330706548786
2026-02-01,wind,34.46436292132007,40.13,-5.665637078679936,-14.118208519013045
2026-02-02,wind,32.71519819899232,41.04,-8.32480180100768,-20.28460477828382
2026-02-03,wind,32.318694746483985,37.35,-5.031305253516017,-13.470696796562292
2026-02-04,wind,33.46038093586874,49.49,-16.02961906413126,-32.38961217242122
2026-02-05,wind,35.60604911070482,38.03,-2.4239508892951847,-6.37378619325581
2026-02-06,wind,37.751717285540884,46.35,-8.598282714459117,-18.550771767980834
2026-02-07,wind,38.89340347492565,35.42,3.4734034749256466,9.806333921303349
2026-02-08,wind,38.49690002241733,34.62,3.876900022417331,11.198440272724817
2026-02-09,wind,36.74773530008958,23.55,13.19773530008958,56.04133885388356
2026-02-10,wind,34.464362921320074,30.67,3.7943629213200722,12.371577832801018
2026-02-11,wind,32.71519819899232,49.1,-16.384801801007683,-33.3702684338242
2026-02-12,wind,32.318694746483985,32.98,-0.6613052535160122,-2.0051705685749313
2026-02-13,wind,33.46038093586873,37.6,-4.139619064131274,-11.009625170561899
2026-02-14,wind,35.60604911070482,41.23,-5.62395088929518,-13.640433881385352
2026-02-15,wind,37.751717285540884,29.81,7.941717285540886,26.64111803267657
2026-02-16,wind,38.893403474925655,31.34,7.553403474925656,24.101478860643443
2026-02-17,wind,38.49690002241733,35.92,2.576900022417327,7.1739978352375475
2026-02-18,wind,36.74773530008959,33.53,3.2177353000895863,9.596586042617316
2026-02-19,wind,34.46436292132006,37.72,-3.255637078679939,-8.631063305089977
2026-02-20,wind,32.71519819899232,48.04,-15.32480180100768,-31.9000870129219
2026-02-21,wind,32.318694746483985,27.01,5.308694746483983,19.65455293033685
2026-02-22,wind,33.460380935868734,14.87,18.590380935868737,125.01937414841116
2026-02-23,wind,35.60604911070482,14.16,21.446049110704816,151.45514908689842
2026-02-24,wind,37.751717285540884,20.56,17.191717285540886,83.61730197247513
2026-02-25,wind,38.89340347492565,12.54,26.35340347492565,210.15473265490948
2026-02-26,wind,38.49690002241733,10.86,27.63690002241733,254.48342562078574
2026-02-27,wind,36.747735300089566,11.12,25.62773530008957,230.4652455044026
2026-02-28,wind,34.464362921320074,11.98,22.484362921320074,187.68249516961663
2026-03-01,wind,34.75989808642934,10.89,23.869898086429338,219.19098334645858
2026-03-02,wind,34.338613168139226,11.39,22.948613168139225,201.48036144108187
2026-03-03,wind,35.55165474436054,15.77,19.78165474436054,125.43852089004781
2026-03-04,wind,37.83142718012386,16.28,21.55142718012386,132.37977383368462
2026-03-05,wind,40.11119961588719,12.31,27.801199615887185,225.8424014288155
2026-03-06,wind,41.3242411921085,14.58,26.744241192108504,183.4310095480693
2026-03-07,wind,40.902956273818404,14.0,26.902956273818404,192.16397338441718
2026-03-08,wind,39.04446875634519,14.07,24.97446875634519,177.50155477146546
2026-03-09,wind,36.61838560390255,28.62,7.998385603902552,27.94683998568327
2026-03-10,wind,34.75989808642933,43.2,-8.440101913570672,-19.537272948080258
2026-03-11,wind,34.338613168139226,27.04,7.298613168139227,26.991912604065188
2026-03-12,wind,35.55165474436054,18.43,17.12165474436054,92.90100241107184
2026-03-13,wind,37.83142718012386,13.12,24.711427180123863,188.3492925314319
2026-03-14,wind,40.11119961588719,13.44,26.67119961588719,198.44642571344636
2026-03-15,wind,40.70033945084682,12.81,27.890339450846817,217.7231807247995
2026-03-16,wind,40.90295627381841,11.58,29.322956273818413,253.2206932108671
2026-03-17,wind,39.04446875634519,16.88,22.16446875634519,131.30609452811132
2026-03-18,wind,36.61838560390255,15.72,20.898385603902554,132.941384248744
2026-03-19,wind,34.75989808642934,13.43,21.32989808642934,158.8227705616481
2026-03-20,wind,34.338613168139226,13.06,21.278613168139223,162.9296567238838
2026-03-21,wind,35.55165474436053,11.83,23.721654744360535,200.52117281792508
2026-03-22,wind,37.83142718012386,11.36,26.47142718012386,233.02312658559737
2026-03-23,wind,40.11119961588717,15.8,24.311199615887173,153.8683519992859
2026-03-24,wind,41.3242411921085,14.98,26.344241192108502,175.86275829177904
2026-03-25,wind,40.902956273818404,15.68,25.222956273818404,160.86069052180105
2026-03-26,wind,39.04446875634516,21.59,17.45446875634516,80.84515403587383
2026-03-27,wind,36.61838560390259,14.44,22.17838560390259,153.58992800486558
2026-03-28,wind,34.75989808642934,18.26,16.499898086429337,90.36088765843009
2026-03-29,wind,34.338613168139226,17.95,16.388613168139226,91.30146611776728
2026-03-30,wind,35.55165474436053,13.48,22.071654744360533,163.7363111599446
2026-03-31,wind,37.83142718012386,14.47,23.36142718012386,161.4473198349956
2025-04-01,comparable_total,404.7994184991552,314.34,90.45941849915522,28.777571578276778
2025-04-02,comparable_total,417.14642496843123,307.9,109.24642496843126,35.481138346356374
2025-04-03,comparable_total,390.14042753304443,303.44,86.70042753304443,28.57251105096376
2025-04-04,comparable_total,377.41958177337284,300.68,76.73958177337283,25.52201070020382
2025-04-05,comparable_total,364.2802731333768,301.34,62.94027313337682,20.88679668592846
2025-04-06,comparable_total,339.68266704824543,299.81,39.87266704824543,13.299311913627108
2025-04-07,comparable_total,367.56011587826157,304.57,62.99011587826158,20.68165475203125
2025-04-08,comparable_total,400.09916936462014,315.89,84.20916936462015,26.657750914755184
2025-04-09,comparable_total,405.8048594169097,321.1,84.7048594169097,26.379588731519682
2025-04-10,comparable_total,410.9445607066303,259.22,151.72456070663026,58.53119385334088
2025-04-11,comparable_total,394.59659476358377,313.87,80.72659476358376,25.71975491878286
2025-04-12,comparable_total,378.99369365393295,313.26,65.73369365393296,20.983749490497658
2025-04-13,comparable_total,365.32867717972687,286.92,78.40867717972685,27.327714059573
2025-04-14,comparable_total,366.7086869458031,281.03,85.67868694580312,30.487381043234933
2025-04-15,comparable_total,384.0879763992974,302.48,81.6079763992974,26.9796272147902
2025-04-16,comparable_total,393.51462700396087,310.6,82.91462700396085,26.69498615710265
2025-04-17,comparable_total,403.60476973643944,310.46,93.14476973643946,30.00218055029294
2025-04-18,comparable_total,410.10841496843125,320.37,89.73841496843124,28.01086711253589
2025-04-19,comparable_total,408.36607684272025,321.18,87.18607684272024,27.14554979846822
2025-04-20,comparable_total,387.4187249684312,325.86,61.55872496843119,18.891157235754985
2025-04-21,comparable_total,413.2234131342773,325.91,87.31341313427725,26.790651754863998
2025-04-22,comparable_total,431.217050219767,314.62,116.59705021976697,37.05964344916629
2025-04-23,comparable_total,428.94341026191574,323.35,105.59341026191572,32.65607244840443
2025-04-24,comparable_total,436.26399189518224,332.56,103.70399189518224,31.183543389217654
2025-04-25,comparable_total,438.28212031133427,331.74,106.54212031133426,32.11615129659802
2025-04-26,comparable_total,439.30850147340857,307.91,131.39850147340854,42.67432089682327
2025-04-27,comparable_total,401.7209877207328,272.92,128.8009877207328,47.19367863136918
2025-04-28,comparable_total,419.71610194874665,265.43,154.28610194874665,58.126851504632725
2025-04-29,comparable_total,431.5008650923436,274.71,156.7908650923436,57.075048266296676
2025-04-30,comparable_total,424.6952044563891,291.74,132.95520445638908,45.573183127575604
2025-05-01,comparable_total,385.0907240410639,288.54,96.55072404106386,33.46181605360222
2025-05-02,comparable_total,399.7710835479227,263.06,136.71108354792267,51.96954441873438
2025-05-03,comparable_total,407.3464184855186,278.87,128.4764184855186,46.070361991436364
2025-05-04,comparable_total,367.13156880629094,265.76,101.37156880629095,38.144027997550786
2025-05-05,comparable_total,366.6470988415014,252.17,114.47709884150143,45.39679535293708
2025-05-06,comparable_total,399.4566332624914,260.87,138.58663326249138,53.12478754264246
2025-05-07,comparable_total,380.4727521792228,269.62,110.85275217922282,41.11443964810578
2025-05-08,comparable_total,389.84553766137924,280.05,109.79553766137923,39.20569100567014
2025-05-09,comparable_total,402.6193126532463,276.64,125.97931265324632,45.539080629426806
2025-05-10,comparable_total,408.89316941427796,293.36,115.53316941427795,39.38272750691231
2025-05-11,comparable_total,380.17240450597586,307.99,72.18240450597585,23.43660654760734
2025-05-12,comparable_total,407.2607623130723,336.88,70.3807623130723,20.89193846861562
2025-05-13,comparable_total,418.83812056766976,323.53,95.30812056766979,29.458820068515994
2025-05-14,comparable_total,423.3016989534221,308.95,114.3516989534221,37.01301147545626
2025-05-15,comparable_total,419.53232402043005,294.45,125.08232402043006,42.47998778075397
2025-05-16,comparable_total,415.73601299836673,310.35,105.38601299836671,33.9571493469846
2025-05-17,comparable_total,372.7725014167308,283.62,89.15250141673079,31.43378514093886
2025-05-18,comparable_total,331.8268518567728,292.21,39.616851856772826,13.557664644184944
2025-05-19,comparable_total,345.1400122105549,280.44,64.70001221055492,23.070892957693236
2025-05-20,comparable_total,346.20768961962295,344.24,1.967689619622945,0.5716040029116154
2025-05-21,comparable_total,358.59447503218246,343.55,15.044475032182447,4.379122407854009
2025-05-22,comparable_total,377.25747483800285,328.47,48.78747483800282,14.852946947362868
2025-05-23,comparable_total,385.39989963088885,334.68,50.71989963088885,15.154744720595447
2025-05-24,comparable_total,365.90190072530044,344.0,21.901900725300436,6.366831606191988
2025-05-25,comparable_total,322.4604364002568,320.19,2.2704364002568127,0.7090903526833482
2025-05-26,comparable_total,326.9209918558314,347.91,-20.989008144168622,-6.032884408085028
2025-05-27,comparable_total,344.86797949175235,373.39,-28.522020508247635,-7.638667481252212
2025-05-28,comparable_total,351.8431025224613,398.14,-46.296897477538664,-11.628295945531388
2025-05-29,comparable_total,361.9211639869954,380.56,-18.638836013004607,-4.897739124712163
2025-05-30,comparable_total,362.6738609345205,381.26,-18.586139065479472,-4.8749250027486415
2025-05-31,comparable_total,361.48239013404384,374.76,-13.277609865956151,-3.542963460869931
2025-06-01,comparable_total,340.9661187494533,363.38,-22.413881250546694,-6.168165900860448
2025-06-02,comparable_total,383.83603723744864,418.42,-34.58396276255138,-8.265370384434629
2025-06-03,comparable_total,409.5038231036041,441.0,-31.496176896395923,-7.141990225940119
2025-06-04,comparable_total,409.3460790775554,426.27,-16.92392092244461,-3.970235044090508
2025-06-05,comparable_total,417.94639757743084,387.06,30.88639757743084,7.979744116527371
2025-06-06,comparable_total,429.9561900474023,391.54,38.41619004740227,9.811562049190956
2025-06-07,comparable_total,407.09805465962984,408.71,-1.6119453403701414,-0.394398311851959
2025-06-08,comparable_total,358.30392005762167,408.41,-50.10607994237836,-12.26857323336313
2025-06-09,comparable_total,376.9504808842996,419.77,-42.81951911570036,-10.200709701908274
2025-06-10,comparable_total,375.7987353324389,444.68,-68.88126466756108,-15.490074810551652
2025-06-11,comparable_total,373.16102223494397,451.91,-78.74897776505605,-17.425809954428107
2025-06-12,comparable_total,366.653752233231,445.64,-78.986247766769,-17.724227575345346
2025-06-13,comparable_total,372.8808815150253,447.01,-74.1291184849747,-16.583324418911143
2025-06-14,comparable_total,369.16091365429315,460.37,-91.20908634570685,-19.81212640826006
2025-06-15,comparable_total,340.4477364948525,455.09,-114.64226350514747,-25.191119010557795
2025-06-16,comparable_total,370.7394668325646,433.36,-62.62053316743544,-14.450003038451968
2025-06-17,comparable_total,391.48589286003227,416.42,-24.93410713996775,-5.987730450018671
2025-06-18,comparable_total,413.4337583635904,419.11,-5.6762416364096,-1.3543560488677435
2025-06-19,comparable_total,417.2871864209301,425.97,-8.682813579069943,-2.038362696685199
2025-06-20,comparable_total,428.62273128703254,432.39,-3.76726871296745,-0.8712663828875435
2025-06-21,comparable_total,403.45726723323094,438.47,-35.01273276676909,-7.985206004234974
2025-06-22,comparable_total,381.5824623594431,439.34,-57.75753764055685,-13.146432749250433
2025-06-23,comparable_total,381.28783548199607,417.7,-36.41216451800392,-8.717300578885306
2025-06-24,comparable_total,393.0202888947497,436.32,-43.29971110525031,-9.923842845904453
2025-06-25,comparable_total,408.81158407676367,434.67,-25.85841592323635,-5.948976447244196
2025-06-26,comparable_total,411.34866230522425,441.29,-29.94133769477577,-6.784957215159139
2025-06-27,comparable_total,416.7899474111973,444.57,-27.780052588802675,-6.248746561576956
2025-06-28,comparable_total,420.85302928364365,423.89,-3.036970716356336,-0.7164525505098814
2025-06-29,comparable_total,382.9937187798945,405.96,-22.966281220105486,-5.657276879521501
2025-06-30,comparable_total,412.86226051256347,426.66,-13.797739487436559,-3.233895721988599
2025-07-01,comparable_total,422.9354202285199,429.2,-6.264579771480101,-1.459594541351375
2025-07-02,comparable_total,415.60134177952295,437.72,-22.118658220477073,-5.053152293812728
2025-07-03,comparable_total,409.56449587260164,415.76,-6.195504127398351,-1.4901635865399152
2025-07-04,comparable_total,414.1680944766679,435.39,-21.22190552333211,-4.874228972491815
2025-07-05,comparable_total,413.80581189780196,449.11,-35.304188102198054,-7.860922291242247
2025-07-06,comparable_total,387.5130080275703,451.72,-64.2069919724297,-14.213891785271784
2025-07-07,comparable_total,418.11479336702297,450.46,-32.34520663297701,-7.1804836462675965
2025-07-08,comparable_total,423.31879180324654,442.11,-18.791208196753473,-4.2503467907881465
2025-07-09,comparable_total,439.2382204481855,432.23,7.008220448185455,1.621410001199698
2025-07-10,comparable_total,431.9982083248834,406.02,25.97820832488344,6.3982582938977
2025-07-11,comparable_total,435.9839818296126,433.12,2.8639818296126123,0.6612444194709578
2025-07-12,comparable_total,424.1020180239679,439.16,-15.057981976032124,-3.4288145496019955
2025-07-13,comparable_total,383.5894107841618,437.43,-53.84058921583818,-12.308389734549111
2025-07-14,comparable_total,405.15583526869756,450.75,-45.59416473130244,-10.115177976994442
2025-07-15,comparable_total,412.3718974233975,431.15,-18.778102576602464,-4.355352563284812
2025-07-16,comparable_total,427.04850344604483,415.87,11.178503446044829,2.6879802452797334
2025-07-17,comparable_total,411.7049091275944,408.51,3.1949091275944284,0.7820883522054364
2025-07-18,comparable_total,405.50278925182477,427.6,-22.097210748175257,-5.167729361126113
2025-07-19,comparable_total,376.6720930189017,434.34,-57.66790698109827,-13.277134728806528
2025-07-20,comparable_total,346.23398511045525,420.54,-74.30601488954477,-17.669190776036707
2025-07-21,comparable_total,366.09952550612024,429.39,-63.29047449387974,-14.739624698730697
2025-07-22,comparable_total,371.80996874767277,420.6,-48.79003125232725,-11.60010253265032
2025-07-23,comparable_total,379.8189429920156,459.36,-79.54105700798442,-17.315625437126528
2025-07-24,comparable_total,383.801777987012,441.22,-57.41822201298805,-13.013512989662313
2025-07-25,comparable_total,380.86400252867656,441.57,-60.70599747132343,-13.747763088824746
2025-07-26,comparable_total,383.8046088494992,453.13,-69.32539115050082,-15.299227848630817
2025-07-27,comparable_total,351.3335731540344,417.18,-65.8464268459656,-15.783696928415933
2025-07-28,comparable_total,397.3742776417079,396.15,1.2242776417079426,0.3090439585278159
2025-07-29,comparable_total,409.4491882456574,417.57,-8.120811754342583,-1.9447785411649745
2025-07-30,comparable_total,426.9539629431763,408.56,18.39396294317629,4.50214483629731
2025-07-31,comparable_total,431.6995903427226,434.8,-3.100409657277396,-0.7130656985458592
2025-08-01,comparable_total,422.82024699201094,377.55,45.270246992010925,11.990530258776566
2025-08-02,comparable_total,400.2244153075724,347.02,53.20441530757239,15.331800849395538
2025-08-03,comparable_total,351.28971477073657,315.41,35.87971477073654,11.375579331897066
2025-08-04,comparable_total,362.9349203251229,304.66,58.27492032512288,19.12785410789827
2025-08-05,comparable_total,357.48266896162704,343.02,14.46266896162706,4.2162757161760425
2025-08-06,comparable_total,372.2298350024375,370.12,2.109835002437478,0.5700407982377278
2025-08-07,comparable_total,385.22746033527403,384.03,1.1974603352740587,0.31181426848789384
2025-08-08,comparable_total,390.80485670467493,362.55,28.25485670467492,7.793368281526663
2025-08-09,comparable_total,372.77673963021635,315.41,57.36673963021633,18.187990117693264
2025-08-10,comparable_total,330.8563055538967,330.04,0.8163055538966546,0.2473353393214927
2025-08-11,comparable_total,336.3807233963227,338.43,-2.049276603677299,-0.60552451132503
2025-08-12,comparable_total,350.1728000182523,384.17,-33.99719998174771,-8.849519739112296
2025-08-13,comparable_total,348.2887501690573,393.71,-45.421249830942656,-11.53672749763599
2025-08-14,comparable_total,350.9766398053753,421.45,-70.47336019462466,-16.721641996589078
2025-08-15,comparable_total,319.0090657869644,407.27,-88.26093421303557,-21.671356646213955
2025-08-16,comparable_total,332.61231364317894,426.22,-93.60768635682109,-21.962293265642412
2025-08-17,comparable_total,315.1275651969198,420.07,-104.94243480308018,-24.982130312347984
2025-08-18,comparable_total,340.6420478413145,424.48,-83.83795215868554,-19.75074259298095
2025-08-19,comparable_total,350.0889335445977,423.79,-73.70106645540233,-17.39094043167661
2025-08-20,comparable_total,384.05725579732353,413.77,-29.712744202676447,-7.180980787074088
2025-08-21,comparable_total,400.45975703635776,361.69,38.76975703635776,10.719056937255042
2025-08-22,comparable_total,406.3898556311452,323.95,82.43985563114524,25.448327097127716
2025-08-23,comparable_total,382.8452654187247,343.99,38.855265418724684,11.295463652642427
2025-08-24,comparable_total,352.51178406708675,367.99,-15.478215932913258,-4.206151235879578
2025-08-25,comparable_total,380.7520196224109,357.81,22.942019622410896,6.4117882737796315
2025-08-26,comparable_total,399.87109669186253,435.94,-36.068903308137465,-8.273822844459664
2025-08-27,comparable_total,380.9159847682596,461.15,-80.23401523174039,-17.398680522983927
2025-08-28,comparable_total,384.6112005294192,451.13,-66.5187994705808,-14.744929282153882
2025-08-29,comparable_total,391.00688560204475,440.78,-49.773114397955226,-11.29205372248179
2025-08-30,comparable_total,388.1755431813174,495.48,-107.30445681868264,-21.65666763919485
2025-08-31,comparable_total,360.3011469823906,422.5,-62.198853017609395,-14.721622016002222
2025-09-01,comparable_total,371.1553276381987,412.6,-41.44467236180134,-10.044758206931977
2025-09-02,comparable_total,383.15154280886406,419.19,-36.03845719113593,-8.59716529285907
2025-09-03,comparable_total,387.86977799137276,427.32,-39.450222008627236,-9.232009269078732
2025-09-04,comparable_total,391.41698770423875,448.38,-56.963012295761246,-12.704182232874178
2025-09-05,comparable_total,407.01029694498607,413.68,-6.66970305501394,-1.6122855963580403
2025-09-06,comparable_total,388.72201558227675,389.25,-0.5279844177232462,-0.13564146890770615
2025-09-07,comparable_total,353.9768530104799,369.8,-15.823146989520126,-4.278839099383484
2025-09-08,comparable_total,381.855941169508,347.85,34.00594116950799,9.776035983759664
2025-09-09,comparable_total,394.0712632539361,324.88,69.19126325393609,21.29748314883529
2025-09-10,comparable_total,386.09062575295457,314.69,71.40062575295457,22.68919436682277
2025-09-11,comparable_total,370.1576430852198,328.44,41.71764308521978,12.701754684331926
2025-09-12,comparable_total,377.50780423572644,323.56,53.94780423572644,16.67319947945557
2025-09-13,comparable_total,376.84727918854435,370.77,6.077279188544367,1.6390967954646725
2025-09-14,comparable_total,342.65645306373267,384.28,-41.6235469362673,-10.831567330141382
2025-09-15,comparable_total,377.11535897236365,410.93,-33.814641027636355,-8.228808076226207
2025-09-16,comparable_total,386.5108651123125,382.54,3.970865112312481,1.0380261181347
2025-09-17,comparable_total,370.9299123222257,347.66,23.26991232222565,6.693295841404144
2025-09-18,comparable_total,355.29101650791023,361.42,-6.128983492089787,-1.6958064003347317
2025-09-19,comparable_total,349.0722993414579,355.17,-6.097700658542124,-1.716840008599297
2025-09-20,comparable_total,336.98798011751063,368.79,-31.80201988248939,-8.62334116502329
2025-09-21,comparable_total,317.47241849816265,382.58,-65.10758150183733,-17.018030608457664
2025-09-22,comparable_total,346.32638095474243,417.68,-71.35361904525757,-17.08332193192338
2025-09-23,comparable_total,358.2005653462006,428.28,-70.07943465379935,-16.36299492243377
2025-09-24,comparable_total,366.93692819778704,418.67,-51.733071802212976,-12.356527050472442
2025-09-25,comparable_total,372.18367611434735,409.68,-37.49632388565266,-9.152588333736736
2025-09-26,comparable_total,361.1229109701712,446.48,-85.35708902982884,-19.11778557378356
2025-09-27,comparable_total,364.0640550623057,452.57,-88.50594493769427,-19.55629956419875
2025-09-28,comparable_total,341.5311122890607,439.07,-97.53888771093932,-22.214883210180457
2025-09-29,comparable_total,368.65334417218946,439.7,-71.04665582781053,-16.15798404089391
2025-09-30,comparable_total,378.6087486251713,422.29,-43.68125137482872,-10.343899068135338
2025-10-01,comparable_total,332.61113766692034,412.15,-79.53886233307963,-19.298522948703052
2025-10-02,comparable_total,332.5436600075967,381.5,-48.95633999240329,-12.832592396435984
2025-10-03,comparable_total,376.7157425604941,339.87,36.8457425604941,10.841128243297172
2025-10-04,comparable_total,356.2110979538963,288.55,67.66109795389627,23.448656369397426
2025-10-05,comparable_total,329.6365976738142,315.35,14.286597673814185,4.530394061777131
2025-10-06,comparable_total,347.4785253084974,331.76,15.71852530849742,4.737920577675856
2025-10-07,comparable_total,367.0569820378538,329.13,37.926982037853804,11.523404745193025
2025-10-08,comparable_total,377.3817104875837,315.44,61.94171048758369,19.63660616522435
2025-10-09,comparable_total,367.94472024156045,318.73,49.21472024156043,15.440881072243098
2025-10-10,comparable_total,367.52408620185884,316.91,50.61408620185881,15.971123095471523
2025-10-11,comparable_total,369.5990125663295,322.68,46.91901256632951,14.540415447604287
2025-10-12,comparable_total,321.22067991308444,307.96,13.26067991308446,4.305974773699331
2025-10-13,comparable_total,352.18890945017085,313.6,38.58890945017083,12.305136942018759
2025-10-14,comparable_total,358.8118310160894,305.23,53.58183101608938,17.55457557123788
2025-10-15,comparable_total,346.411221890245,297.65,48.761221890245,16.382066820173023
2025-10-16,comparable_total,346.7785589558038,289.68,57.09855895580381,19.71090822832222
2025-10-17,comparable_total,337.5919389624203,290.26,47.33193896242028,16.30673842845045
2025-10-18,comparable_total,321.56851790502657,296.21,25.358517905026588,8.560993182210792
2025-10-19,comparable_total,276.2762052089585,271.14,5.136205208958529,1.8943000696903922
2025-10-20,comparable_total,222.90169145647536,226.38,-3.4783085435246335,-1.5364910961766205
2025-10-21,comparable_total,231.22721254760847,215.83,15.397212547608461,7.133953828294705
2025-10-22,comparable_total,269.73377500303866,259.42,10.313775003038643,3.9757054209539135
2025-10-23,comparable_total,296.19312539249046,256.7,39.49312539249047,15.384933927732947
2025-10-24,comparable_total,314.42787605464866,263.79,50.63787605464864,19.196283427972492
2025-10-25,comparable_total,317.0909997945987,296.58,20.510999794598717,6.9158405133855005
2025-10-26,comparable_total,293.330776587977,302.35,-9.019223412022995,-2.983040652231849
2025-10-27,comparable_total,315.77115234546335,316.46,-0.6888476545366302,-0.21767289848215582
2025-10-28,comparable_total,314.0151551999493,350.18,-36.16484480005073,-10.327501513521826
2025-10-29,comparable_total,326.22160606834643,357.31,-31.08839393165357,-8.700678383379577
2025-10-30,comparable_total,346.18448863469393,326.19,19.994488634693937,6.129706194148789
2025-10-31,comparable_total,367.7488618426329,296.14,71.6088618426329,24.180746215517292
2025-11-01,comparable_total,369.8029533842418,285.65,84.15295338424181,29.46016222098436
2025-11-02,comparable_total,337.8050725486874,287.5,50.305072548687406,17.49741653867388
2025-11-03,comparable_total,364.46170426111155,304.22,60.24170426111152,19.80201967691523
2025-11-04,comparable_total,377.39924759332825,329.29,48.109247593328234,14.609993499143076
2025-11-05,comparable_total,374.9531121519973,307.09,67.86311215199731,22.098769791265532
2025-11-06,comparable_total,356.726302928578,280.63,76.09630292857798,27.116239507029892
2025-11-07,comparable_total,360.8719743956946,274.64,86.23197439569464,31.39818467655645
2025-11-08,comparable_total,358.73561392750497,268.35,90.38561392750495,33.68198767561205
2025-11-09,comparable_total,325.4491135956257,251.31,74.1391135956257,29.50105988445573
2025-11-10,comparable_total,355.7883367831101,268.69,87.09833678311008,32.415920496896085
2025-11-11,comparable_total,370.826091200478,277.39,93.43609120047802,33.68401571811457
2025-11-12,comparable_total,368.86241196211756,265.93,102.93241196211756,38.70658141695843
2025-11-13,comparable_total,367.7738100755496,269.12,98.65381007554959,36.657925860415276
2025-11-14,comparable_total,362.62161548723816,281.27,81.35161548723818,28.922962095935645
2025-11-15,comparable_total,347.9247842807328,287.5,60.42478428073281,21.01731627155924
2025-11-16,comparable_total,319.9921927290303,275.75,44.24219272903031,16.044312866375453
2025-11-17,comparable_total,336.41377327387994,270.66,65.75377327387991,24.29386435892999
2025-11-18,comparable_total,327.4281317288324,264.2,63.22813172883241,23.931919655122034
2025-11-19,comparable_total,328.5060629978922,275.59,52.9160629978922,19.201009832683408
2025-11-20,comparable_total,337.70452426059376,296.06,41.644524260593755,14.066244768152995
2025-11-21,comparable_total,350.2546505643429,296.53,53.72465056434294,18.117779167147656
2025-11-22,comparable_total,329.26316626938547,265.73,63.53316626938545,23.90891742346948
2025-11-23,comparable_total,288.56020742813644,257.31,31.250207428136434,12.144964217533882
2025-11-24,comparable_total,303.59869942827817,272.91,30.68869942827814,11.244988981084658
2025-11-25,comparable_total,315.0409455221447,296.11,18.93094552214467,6.393213846930082
2025-11-26,comparable_total,322.4154548939306,290.8,31.615454893930576,10.871889578380529
2025-11-27,comparable_total,324.808236082325,298.94,25.868236082324984,8.653320426281189
2025-11-28,comparable_total,327.50644313231794,277.25,50.25644313231794,18.126760372341906
2025-11-29,comparable_total,307.28072368986716,256.3,50.98072368986715,19.891035384263418
2025-11-30,comparable_total,264.7596501448513,248.86,15.899650144851307,6.388993869987666
2025-12-01,comparable_total,290.9941510969607,238.29,52.704151096960715,22.117651222023884
2025-12-02,comparable_total,319.4326589716157,242.59,76.84265897161569,31.675938402908482
2025-12-03,comparable_total,316.98489400904566,243.99,72.99489400904565,29.91716628101383
2025-12-04,comparable_total,316.5052047708929,255.26,61.24520477089288,23.99326364134329
2025-12-05,comparable_total,318.8614534808801,270.03,48.8314534808801,18.083714209858204
2025-12-06,comparable_total,311.9124237574272,270.81,41.102423757427175,15.177587148712076
2025-12-07,comparable_total,286.1972738523675,275.35,10.847273852367493,3.939449374384417
2025-12-08,comparable_total,311.547400598247,295.02,16.527400598247027,5.602128872024617
2025-12-09,comparable_total,325.95842488868107,293.83,32.12842488868108,10.934358264534282
2025-12-10,comparable_total,332.21066177887735,290.47,41.740661778877325,14.37004226903891
2025-12-11,comparable_total,336.3154801282386,316.41,19.905480128238594,6.291040146720582
2025-12-12,comparable_total,340.2280496248144,304.9,35.32804962481441,11.586766029784984
2025-12-13,comparable_total,335.87960357374914,298.8,37.079603573749125,12.409505881442144
2025-12-14,comparable_total,300.3624090740519,287.63,12.73240907405193,4.42666240449603
2025-12-15,comparable_total,323.68289727825584,301.3,22.382897278255825,7.428774403669375
2025-12-16,comparable_total,340.8354855418241,277.51,63.325485541824094,22.819172477324816
2025-12-17,comparable_total,327.6452639828526,291.29,36.35526398285259,12.480779972828655
2025-12-18,comparable_total,329.76842419825044,318.26,11.508424198250452,3.616044805583627
2025-12-19,comparable_total,340.3505709690126,305.73,34.62057096901259,11.323903761165926
2025-12-20,comparable_total,331.7465467470706,283.2,48.546546747070636,17.14214221294867
2025-12-21,comparable_total,312.4351786330166,269.53,42.90517863301665,15.918516912038234
2025-12-22,comparable_total,332.6646202264259,276.41,56.25462022642586,20.351875918536177
2025-12-23,comparable_total,349.8292241688956,276.56,73.26922416889562,26.493066303476866
2025-12-24,comparable_total,351.9943395208197,277.31,74.68433952081972,26.931715235952442
2025-12-25,comparable_total,342.83343921764146,283.11,59.72343921764144,21.095489109406746
2025-12-26,comparable_total,346.80954679856694,282.7,64.10954679856695,22.677589953507944
2025-12-27,comparable_total,345.1171966465171,283.78,61.3371966465171,21.614347961983615
2025-12-28,comparable_total,318.44974920839,276.6,41.849749208389994,15.130061174399852
2025-12-29,comparable_total,337.6080167443294,283.16,54.44801674432938,19.228710532677418
2025-12-30,comparable_total,359.07535729966,281.56,77.51535729966002,27.53067101138657
2025-12-31,comparable_total,370.84593141534714,268.81,102.03593141534714,37.95838377119421
2026-01-01,comparable_total,343.4281615094853,264.16,79.26816150948525,30.007632309768795
2026-01-02,comparable_total,355.819723779214,268.2,87.61972377921398,32.669546524688286
2026-01-03,comparable_total,348.0039397900077,306.75,41.25393979000768,13.448717127956863
2026-01-04,comparable_total,318.1212046204728,312.4,5.721204620472804,1.831371517436877
2026-01-05,comparable_total,342.06955897457044,317.61,24.459558974570427,7.701129994197419
2026-01-06,comparable_total,355.2136579236329,286.19,69.02365792363292,24.118123597481716
2026-01-07,comparable_total,351.1294180549198,306.47,44.6594180549198,14.572198928090774
2026-01-08,comparable_total,348.4692295012163,313.52,34.94922950121634,11.14736842983425
2026-01-09,comparable_total,352.1519844637398,300.86,51.291984463739766,17.048455914292283
2026-01-10,comparable_total,341.74438198261294,279.74,62.00438198261293,22.165003926007337
2026-01-11,comparable_total,307.87318800707294,259.61,48.26318800707293,18.590650593995964
2026-01-12,comparable_total,323.5459765837775,288.35,35.19597658377745,12.205991532435391
2026-01-13,comparable_total,329.0462330589952,304.02,25.026233058995217,8.231771942304853
2026-01-14,comparable_total,324.7659545898536,311.04,13.725954589853586,4.412922643342846
2026-01-15,comparable_total,263.39379700564336,289.79,-26.396202994356656,-9.108734944047985
2026-01-16,comparable_total,258.0267331204583,283.15,-25.12326687954169,-8.872776577623764
2026-01-17,comparable_total,268.4245428375012,287.89,-19.465457162498808,-6.761421780019733
2026-01-18,comparable_total,281.93476259448585,292.01,-10.075237405514144,-3.4503056078607397
2026-01-19,comparable_total,328.09488501930394,321.29,6.804885019303924,2.1179884276833776
2026-01-20,comparable_total,340.65284432223143,335.8,4.8528443222314195,1.4451591191874387
2026-01-21,comparable_total,343.41034388272544,334.37,9.040343882725438,2.7036946743803085
2026-01-22,comparable_total,343.02872485970477,334.63,8.398724859704771,2.5098541253637663
2026-01-23,comparable_total,348.7109412252879,321.18,27.530941225287904,8.571810581383618
2026-01-24,comparable_total,347.27060337422444,316.05,31.220603374224424,9.878374742675026
2026-01-25,comparable_total,315.2655666673467,312.35,2.9155666673466953,0.933429379653176
2026-01-26,comparable_total,293.0348493291489,302.02,-8.985150670851056,-2.9750184328359235
2026-01-27,comparable_total,324.29930496843133,338.21,-13.91069503156865,-4.113034810197407
2026-01-28,comparable_total,335.69536670393154,345.91,-10.214633296068484,-2.9529742696274996
2026-01-29,comparable_total,343.2828428929148,336.37,6.912842892914796,2.0551306278546826
2026-01-30,comparable_total,348.35455111745785,344.96,3.3945511174578655,0.9840419519532311
2026-01-31,comparable_total,342.59959518809694,348.98,-6.380404811903077,-1.8283009948716475
2026-02-01,comparable_total,319.0882973929585,318.27,0.8182973929585273,0.25710792501917473
2026-02-02,comparable_total,337.76670577301684,343.29,-5.523294226983182,-1.608929542655825
2026-02-03,comparable_total,356.03754245833704,354.57,1.46754245833705,0.41389357766789353
2026-02-04,comparable_total,353.90167108465374,367.62,-13.718328915346262,-3.731660115158659
2026-02-05,comparable_total,363.23229899292994,333.73,29.502298992929923,8.84016989570309
2026-02-06,comparable_total,355.10387336987486,357.17,-2.0661266301251544,-0.5784714926016055
2026-02-07,comparable_total,349.1824144108363,347.1,2.082414410836293,0.5999465314999403
2026-02-08,comparable_total,327.5436725080017,333.98,-6.436327491998327,-1.9271595580568674
2026-02-09,comparable_total,357.76545234941324,333.05,24.715452349413226,7.420943506804751
2026-02-10,comparable_total,367.20390263720253,341.09,26.113902637202557,7.656015314785704
2026-02-11,comparable_total,362.01639263720256,357.02,4.996392637202575,1.399471356563379
2026-02-12,comparable_total,364.2127572569539,364.13,0.08275725695392566,0.02272739322602523
2026-02-13,comparable_total,372.90184688702846,374.41,-1.50815311297157,-0.4028079145780214
2026-02-14,comparable_total,368.9889822441084,375.69,-6.701017755891598,-1.7836561409384328
2026-02-15,comparable_total,339.2121819956524,352.1,-12.88781800434765,-3.6602720830297217
2026-02-16,comparable_total,362.59864263720254,352.71,9.888642637202565,2.803618450625887
2026-02-17,comparable_total,366.4191661794218,321.4,45.0191661794218,14.007207896522031
2026-02-18,comparable_total,371.9714246214414,318.11,53.86142462144136,16.93169803572392
2026-02-19,comparable_total,379.3107766378967,364.72,14.590776637896681,4.000541960379655
2026-02-20,comparable_total,381.2320540671336,367.24,13.992054067133608,3.8100572015939465
2026-02-21,comparable_total,385.92363916022316,356.72,29.203639160223133,8.186712031908257
2026-02-22,comparable_total,359.55753263720254,338.93,20.627532637202535,6.086074598649436
2026-02-23,comparable_total,383.4322381242169,348.21,35.222238124216915,10.115228776949806
2026-02-24,comparable_total,402.2041321231598,358.53,43.674132123159836,12.181444264959653
2026-02-25,comparable_total,399.87136362991595,340.21,59.66136362991597,17.53662844417153
2026-02-26,comparable_total,391.1319482352807,343.32,47.81194823528068,13.926350994780579
2026-02-27,comparable_total,394.8660312277999,343.44,51.42603122779991,14.97380364191705
2026-02-28,comparable_total,388.15061294683,342.07,46.08061294683,13.471106190788436
2026-03-01,comparable_total,344.2545959356629,331.06,13.194595935662903,3.9855603019582264
2026-03-02,comparable_total,358.5837234825519,341.53,17.053723482551902,4.993331034624163
2026-03-03,comparable_total,347.74899981068677,340.51,7.238999810686778,2.1259286983309678
2026-03-04,comparable_total,319.5115235173849,320.01,-0.4984764826151036,-0.15576903303493753
2026-03-05,comparable_total,342.6986458354151,338.78,3.918645835415134,1.1566933807825535
2026-03-06,comparable_total,355.3742268890038,349.32,6.0542268890038144,1.7331463669425784
2026-03-07,comparable_total,350.8548898626551,337.52,13.334889862655132,3.9508443537138933
2026-03-08,comparable_total,347.87885164314923,322.98,24.898851643149214,7.709100143398729
2026-03-09,comparable_total,352.3844667192777,337.89,14.494466719277739,4.2896998192541185
2026-03-10,comparable_total,341.7642555450476,361.57,-19.80574445495239,-5.477706793968634
2026-03-11,comparable_total,308.1485314658366,333.42,-25.271468534163432,-7.579469898075529
2026-03-12,comparable_total,322.9532078515021,333.8,-10.846792148497912,-3.249488360844192
2026-03-13,comparable_total,328.69726724485207,348.79,-20.09273275514795,-5.76069633738007
2026-03-14,comparable_total,325.22470583782615,346.06,-20.835294162173852,-6.020717263530559
2026-03-15,comparable_total,264.6454291318587,332.22,-67.57457086814134,-20.340307888790964
2026-03-16,comparable_total,258.2714326372027,339.19,-80.91856736279732,-23.856413031869252
2026-03-17,comparable_total,268.3938670402343,346.56,-78.16613295976572,-22.55486292698688
2026-03-18,comparable_total,284.65780381582704,338.06,-53.402196184172965,-15.796662185462038
2026-03-19,comparable_total,326.3619671100344,326.66,-0.2980328899656115,-0.09123642012049576
2026-03-20,comparable_total,340.56038976293655,329.27,11.29038976293657,3.4289154077008446
2026-03-21,comparable_total,343.47008275842194,328.54,14.930082758421918,4.5443729099719725
2026-03-22,comparable_total,342.82243155998884,321.28,21.54243155998887,6.7051891060722335
2026-03-23,comparable_total,345.58363432803117,338.26,7.323634328031176,2.165090264302955
2026-03-24,comparable_total,347.1774096996033,357.32,-10.142590300396705,-2.83851737949085
2026-03-25,comparable_total,315.22216472435224,363.09,-47.867835275647735,-13.183462853740874
2026-03-26,comparable_total,293.1877034515754,369.75,-76.56229654842463,-20.706503461372446
2026-03-27,comparable_total,323.71301193191186,365.02,-41.30698806808812,-11.316362957670298
2026-03-28,comparable_total,335.59128048663064,368.48,-32.88871951336938,-8.925510072017309
2026-03-29,comparable_total,343.53472113540005,358.45,-14.91527886459994,-4.161048644050758
2026-03-30,comparable_total,348.8196676936167,368.88,-20.060332306383316,-5.438172930596215
2026-03-31,comparable_total,341.9986323902278,375.85,-33.85136760977224,-9.006616365510773
