date,carrier,modeled_gwh,observed_gwh,difference_gwh,difference_pct
2025-04-01,coal,238.2688274877084,196.61,41.65882748770838,21.18855983302394
2025-04-02,coal,253.5795581479775,188.7,64.87955814797752,34.3823837562149
2025-04-03,coal,247.2299120902233,192.54,54.68991209022332,28.404441721316775
2025-04-04,coal,249.19582004237765,190.19,59.00582004237765,31.02467008905708
2025-04-05,coal,219.2015139281275,190.4,28.80151392812749,15.126845550487127
2025-04-06,coal,195.34177350242445,180.27,15.071773502424435,8.360666501594515
2025-04-07,coal,212.35155991834455,179.67,32.68155991834456,18.18977008868735
2025-04-08,coal,244.94111942484955,200.3,44.641119424849535,22.28712901889642
2025-04-09,coal,249.8746715857494,202.8,47.0746715857494,23.212362714866565
2025-04-10,coal,204.10625939588286,183.38,20.726259395882863,11.302355434552767
2025-04-11,coal,181.32176120964164,155.02,26.301761209641626,16.966688949581744
2025-04-12,coal,181.5404565419074,166.24,15.30045654190738,9.203835744650734
2025-04-13,coal,202.57824106215477,163.22,39.358241062154775,24.113614178504335
2025-04-14,coal,208.53606064357004,162.44,46.09606064357004,28.377284316406083
2025-04-15,coal,222.50208254694394,173.4,49.10208254694393,28.317233302735833
2025-04-16,coal,248.53970027857375,196.85,51.68970027857375,26.258420258355986
2025-04-17,coal,258.0645515204299,197.88,60.18455152042992,30.41467127573778
2025-04-18,coal,235.2487702898863,191.67,43.57877028988631,22.736354301605
2025-04-19,coal,230.4512132758401,180.89,49.56121327584012,27.398536832240655
2025-04-20,coal,211.72453278967967,186.75,24.97453278967967,13.373243796347884
2025-04-21,coal,250.94212311647323,203.06,47.882123116473224,23.580283224895705
2025-04-22,coal,273.2499861446355,199.14,74.10998614463551,37.21501764820504
2025-04-23,coal,259.1330205222105,193.99,65.14302052221046,33.5806075169908
2025-04-24,coal,262.36620669091457,191.74,70.62620669091456,36.83436251742701
2025-04-25,coal,273.0311404024861,204.05,68.98114040248606,33.80599872702086
2025-04-26,coal,281.713109602666,198.42,83.29310960266602,41.978182442629794
2025-04-27,coal,280.2991049083143,182.86,97.43910490831428,53.28617790020468
2025-04-28,coal,295.5342005029819,180.38,115.1542005029819,63.83978295985248
2025-04-29,coal,296.37305856331454,184.97,111.40305856331454,60.22763613738149
2025-04-30,coal,270.20699741923295,189.75,80.45699741923295,42.401579667579945
2025-05-01,coal,226.34380311823688,181.69,44.65380311823688,24.576918442532268
2025-05-02,coal,249.05086735695005,167.51,81.54086735695006,48.67820867825805
2025-05-03,coal,244.50595983350635,163.92,80.58595983350637,49.16176173347143
2025-05-04,coal,215.66190663460586,152.69,62.97190663460586,41.241670466046145
2025-05-05,coal,229.01333173183787,146.82,82.19333173183787,55.982380964335846
2025-05-06,coal,256.36924936951357,154.39,101.97924936951358,66.05301468327845
2025-05-07,coal,233.0996007201339,158.99,74.1096007201339,46.612743392750424
2025-05-08,coal,218.34741453841778,157.51,60.83741453841779,38.62447751788318
2025-05-09,coal,243.62119920218996,165.45,78.17119920218997,47.24762719987305
2025-05-10,coal,245.48745409111504,176.54,68.94745409111505,39.05486240575227
2025-05-11,coal,189.5552012043741,168.11,21.445201204374087,12.756648149648495
2025-05-12,coal,201.93265512082277,172.99,28.942655120822764,16.730825551085474
2025-05-13,coal,232.36036884011617,172.61,59.75036884011615,34.61582112282959
2025-05-14,coal,255.98513780389627,179.31,76.67513780389626,42.761216777589794
2025-05-15,coal,263.2492115625823,175.56,87.68921156258227,49.948286376499354
2025-05-16,coal,239.91685680356335,167.11,72.80685680356333,43.56822260999541
2025-05-17,coal,242.86382205189562,168.53,74.33382205189562,44.10717501447554
2025-05-18,coal,175.9282696965324,148.91,27.0182696965324,18.144026389451614
2025-05-19,coal,195.52857711622264,144.29,51.23857711622264,35.51083035291611
2025-05-20,coal,97.87657144049456,142.15,-44.27342855950545,-31.14557056595529
2025-05-21,coal,96.74654683310939,128.99,-32.24345316689062,-24.9968626768669
2025-05-22,coal,149.27243276892926,143.88,5.392432768929268,3.7478682019247067
2025-05-23,coal,120.13835024317625,147.19,-27.05164975682375,-18.378728009255894
2025-05-24,coal,103.05448373177768,137.27,-34.21551626822233,-24.925705739216383
2025-05-25,coal,50.25416323270323,114.7,-64.44583676729678,-56.186431357712976
2025-05-26,coal,19.36078307309608,120.58,-101.21921692690393,-83.9436199426969
2025-05-27,coal,17.951277718006462,129.73,-111.77872228199352,-86.16258558698337
2025-05-28,coal,32.01027855257358,142.18,-110.16972144742643,-77.48608907541596
2025-05-29,coal,29.600517473781576,140.78,-111.17948252621842,-78.9739185439824
2025-05-30,coal,36.4456388169845,134.22,-97.7743611830155,-72.84634270825175
2025-05-31,coal,61.65018948283436,139.07,-77.41981051716564,-55.66967032225904
2025-06-01,coal,91.85847188540889,146.4,-54.54152811459112,-37.25514215477535
2025-06-02,coal,127.51082601478433,200.29,-72.77917398521566,-36.336898489797626
2025-06-03,coal,160.6008192847868,209.54,-48.93918071521318,-23.355531504826374
2025-06-04,coal,162.6292350787172,204.27,-41.64076492128282,-20.38515930938602
2025-06-05,coal,219.7797748895933,211.03,8.749774889593311,4.146223233470744
2025-06-06,coal,228.83464930964172,224.15,4.684649309641713,2.089961770975558
2025-06-07,coal,173.73383651310897,208.52,-34.78616348689104,-16.682411033421754
2025-06-08,coal,120.87200739365257,201.19,-80.31799260634743,-39.92146359478475
2025-06-09,coal,108.67888335040892,199.48,-90.80111664959107,-45.5189074842546
2025-06-10,coal,106.55048942658861,208.34,-101.78951057341139,-48.85740163838504
2025-06-11,coal,99.18894688212536,198.38,-99.19105311787463,-50.000530858894365
2025-06-12,coal,82.8105226028412,198.49,-115.6794773971588,-58.279750817249635
2025-06-13,coal,85.20974712010505,213.75,-128.54025287989495,-60.13579082100349
2025-06-14,coal,78.7181962771737,210.24,-131.5218037228263,-62.55793556070505
2025-06-15,coal,39.2781047867541,184.12,-144.8418952132459,-78.66711667024
2025-06-16,coal,66.6263132382418,171.07,-104.44368676175819,-61.05318686020821
2025-06-17,coal,116.1014189465396,173.49,-57.38858105346041,-33.07889852640521
2025-06-18,coal,150.24626752132585,170.87,-20.623732478674157,-12.06983816859259
2025-06-19,coal,146.31255057961704,167.82,-21.507449420382954,-12.815784424015586
2025-06-20,coal,145.0684247472439,173.16,-28.091575252756087,-16.222900931367572
2025-06-21,coal,133.29112759236756,173.79,-40.49887240763243,-23.303338746551834
2025-06-22,coal,94.56770776236321,169.02,-74.4522922376368,-44.04939784501053
2025-06-23,coal,110.67898712337696,165.75,-55.071012876623044,-33.22534713521752
2025-06-24,coal,93.36143592079117,169.98,-76.61856407920882,-45.075046522654915
2025-06-25,coal,121.97455996568843,177.11,-55.135440034311586,-31.13061940845327
2025-06-26,coal,139.7798974423128,189.64,-49.860102557687185,-26.291975615738867
2025-06-27,coal,156.63340503161098,187.79,-31.156594968389015,-16.59118960987753
2025-06-28,coal,160.43329543880256,181.18,-20.746704561197447,-11.45088009780188
2025-06-29,coal,121.31117680879457,158.67,-37.35882319120542,-23.54498215869756
2025-06-30,coal,130.0129918903674,177.84,-47.8270081096326,-26.893279413873483
2025-07-01,coal,151.06411914870702,181.2,-30.135880851292967,-16.631280823009366
2025-07-02,coal,138.90248169758223,181.73,-42.82751830241776,-23.566564850282155
2025-07-03,coal,152.3849474410915,181.51,-29.125052558908493,-16.04597683814032
2025-07-04,coal,132.01999486164675,176.48,-44.46000513835324,-25.19265930323733
2025-07-05,coal,123.13037854601956,166.66,-43.52962145398044,-26.118817625093264
2025-07-06,coal,83.06607563894286,159.35,-76.28392436105713,-47.871932451243886
2025-07-07,coal,116.00992408323769,165.1,-49.0900759167623,-29.733540833896004
2025-07-08,coal,130.01069931791952,171.04,-41.029300682080475,-23.98813183002834
2025-07-09,coal,139.9388862408334,166.39,-26.45111375916659,-15.897057370735377
2025-07-10,coal,177.18793873618102,172.64,4.547938736181038,2.63434820214379
2025-07-11,coal,154.84375801250582,170.2,-15.356241987494172,-9.022468852816788
2025-07-12,coal,141.1035681356248,161.24,-20.136431864375197,-12.488484162971467
2025-07-13,coal,94.17369036897193,161.53,-67.35630963102807,-41.698947335496854
2025-07-14,coal,106.6844553915702,160.32,-53.6355446084298,-33.45530477072717
2025-07-15,coal,129.9997240703807,154.43,-24.430275929619313,-15.819643806008749
2025-07-16,coal,140.24590666342095,151.3,-11.054093336579058,-7.30607623038933
2025-07-17,coal,118.53935695621009,154.52,-35.980643043789925,-23.285427804678957
2025-07-18,coal,133.98611892860595,179.08,-45.093881071394065,-25.180858315498135
2025-07-19,coal,86.2842659647301,180.86,-94.57573403526992,-52.292233791479546
2025-07-20,coal,78.14243110847458,168.38,-90.23756889152541,-53.59161948659307
2025-07-21,coal,101.28707782841865,166.76,-65.47292217158135,-39.261766713589196
2025-07-22,coal,92.128961400977,169.21,-77.081038599023,-45.55347709888481
2025-07-23,coal,85.34433777718232,170.3,-84.9556622228177,-49.88588503982248
2025-07-24,coal,96.78100289419504,164.02,-67.23899710580497,-40.994389163397734
2025-07-25,coal,85.08036808140953,168.3,-83.21963191859048,-49.44719662423677
2025-07-26,coal,95.5559545942464,162.42,-66.86404540575359,-41.16737187892722
2025-07-27,coal,95.13408268833834,151.8,-56.66591731166167,-37.32932629226724
2025-07-28,coal,134.30768513972,148.73,-14.422314860279982,-9.696977650964826
2025-07-29,coal,110.7455986379082,157.04,-46.29440136209179,-29.47936918115881
2025-07-30,coal,162.11315545502902,163.54,-1.426844544970976,-0.8724743457080689
2025-07-31,coal,163.78226130174536,165.11,-1.3277386982546489,-0.8041540174760152
2025-08-01,coal,215.9446037201774,164.1,51.84460372017742,31.59329903728057
2025-08-02,coal,223.31646952741164,156.22,67.09646952741164,42.9499868950273
2025-08-03,coal,206.00963613056248,148.17,57.839636130562496,39.03599657863434
2025-08-04,coal,201.8021012194567,144.5,57.30210121945669,39.65543336986622
2025-08-05,coal,183.93272294794306,153.69,30.242722947943065,19.6777428251305
2025-08-06,coal,170.3167676139274,168.12,2.196767613927392,1.306666437025572
2025-08-07,coal,184.92024535867515,177.25,7.670245358675146,4.3273598638505755
2025-08-08,coal,224.9861244744789,188.1,36.88612447447892,19.6098482054646
2025-08-09,coal,234.70212659405416,168.26,66.44212659405417,39.48777284800557
2025-08-10,coal,167.82721272897828,157.52,10.307212728978271,6.543431138254362
2025-08-11,coal,149.9553737247406,156.27,-6.3146262752594,-4.040843588186728
2025-08-12,coal,127.66420773050933,155.37,-27.705792269490672,-17.832137651728566
2025-08-13,coal,118.61920132372592,162.13,-43.51079867627408,-26.836981851769615
2025-08-14,coal,99.9637075204557,173.6,-73.6362924795443,-42.417219170244415
2025-08-15,coal,75.0278929292258,146.38,-71.3521070707742,-48.744437129918154
2025-08-16,coal,57.22207531602834,142.94,-85.71792468397166,-59.96776597451494
2025-08-17,coal,51.62497117854214,141.22,-89.59502882145786,-63.443583643575884
2025-08-18,coal,74.40288075844799,149.17,-74.767119241552,-50.12208838342295
2025-08-19,coal,92.0271271475969,163.31,-71.2828728524031,-43.64881076015131
2025-08-20,coal,170.9396667491846,177.13,-6.190333250815399,-3.494796618763281
2025-08-21,coal,234.80461595130294,184.46,50.34461595130293,27.292971891631208
2025-08-22,coal,269.2460730675057,185.0,84.24607306750568,45.53841787432739
2025-08-23,coal,219.64919959001708,168.67,50.97919959001709,30.224224574623282
2025-08-24,coal,168.30215767874233,165.95,2.352157678742344,1.4173893815862273
2025-08-25,coal,200.62328972993896,181.18,19.443289729938954,10.731476835157828
2025-08-26,coal,155.48990438977333,186.25,-30.76009561022667,-16.515487575960627
2025-08-27,coal,134.69369700760097,193.16,-58.46630299239902,-30.268328324911487
2025-08-28,coal,119.82936407153767,185.39,-65.56063592846232,-35.36363122523454
2025-08-29,coal,138.91413338656758,185.31,-46.39586661343242,-25.036893105300535
2025-08-30,coal,135.64240484251425,183.86,-48.21759515748576,-26.22516869220372
2025-08-31,coal,142.0711021995957,169.13,-27.05889780040428,-15.998875303260382
2025-09-01,coal,148.44115812096751,174.55,-26.108841879032497,-14.957801133791174
2025-09-02,coal,128.75432434309596,173.73,-44.97567565690403,-25.88826089731424
2025-09-03,coal,145.35798250793556,174.41,-29.052017492064437,-16.657311789498557
2025-09-04,coal,147.90073619068647,173.75,-25.849263809313527,-14.877274134856705
2025-09-05,coal,199.66886279964132,182.35,17.318862799641323,9.49759407712713
2025-09-06,coal,209.91868689980117,183.48,26.438686899801183,14.409574285917367
2025-09-07,coal,181.981298436031,174.89,7.091298436031025,4.05471921552463
2025-09-08,coal,236.6828123329588,203.51,33.17281233295881,16.300335282275473
2025-09-09,coal,264.4591590183422,198.95,65.50915901834219,32.927448614396674
2025-09-10,coal,242.95522996661987,184.88,58.07522996661987,31.412391803667177
2025-09-11,coal,220.87650431087886,168.72,52.15650431087886,30.913053764152952
2025-09-12,coal,225.71965902377187,171.93,53.78965902377186,31.28579016097939
2025-09-13,coal,191.5529875982736,173.7,17.852987598273614,10.278058490658387
2025-09-14,coal,151.11738632243078,173.46,-22.342613677569233,-12.880556714844479
2025-09-15,coal,183.32696227015813,184.28,-0.9530377298418671,-0.5171682927294698
2025-09-16,coal,213.56718818923676,192.15,21.417188189236754,11.146077642069608
2025-09-17,coal,235.08752481401203,197.35,37.73752481401203,19.12213063795897
2025-09-18,coal,204.6608547827811,184.49,20.170854782781078,10.933305210461855
2025-09-19,coal,203.76231045896395,185.44,18.322310458963955,9.88045214568807
2025-09-20,coal,164.18660464084869,179.99,-15.803395359151324,-8.78015187463266
2025-09-21,coal,128.13926807810347,184.04,-55.90073192189652,-30.37422947288444
2025-09-22,coal,123.83554283821398,184.51,-60.67445716178601,-32.884102304366166
2025-09-23,coal,125.94080132754216,186.98,-61.03919867245783,-32.64477413223758
2025-09-24,coal,135.15826005105876,188.01,-52.85173994894123,-28.111132359417706
2025-09-25,coal,142.57451919645678,190.48,-47.90548080354321,-25.1498744243717
2025-09-26,coal,111.20729719383515,192.54,-81.33270280616485,-42.24197715080755
2025-09-27,coal,109.95562526210718,189.2,-79.24437473789281,-41.88391899465794
2025-09-28,coal,95.04098889124708,186.4,-91.35901110875292,-49.01234501542538
2025-09-29,coal,112.88453752939277,194.39,-81.50546247060721,-41.928835058700145
2025-09-30,coal,147.86649207929224,194.99,-47.123507920707766,-24.167140838354666
2025-10-01,coal,107.54204820759945,173.01,-65.46795179240054,-37.84055938523816
2025-10-02,coal,148.64211711770366,166.88,-18.237882882296333,-10.928740940973354
2025-10-03,coal,233.22777799743122,196.45,36.77777799743123,18.721190123406075
2025-10-04,coal,243.71909824333537,184.09,59.62909824333536,32.39127505205897
2025-10-05,coal,191.58745071164827,179.08,12.50745071164826,6.984281165762933
2025-10-06,coal,200.3309918661901,179.43,20.900991866190083,11.648549220414692
2025-10-07,coal,230.45229895333202,196.56,33.892298953332016,17.242724335231998
2025-10-08,coal,258.58442671438314,197.58,61.00442671438313,30.87581066625323
2025-10-09,coal,227.00134311166914,188.88,38.12134311166915,20.182837310286505
2025-10-10,coal,212.63149945886545,181.89,30.741499458865462,16.9011487486203
2025-10-11,coal,218.3693721233175,179.74,38.629372123317495,21.491806010524922
2025-10-12,coal,193.54600101464382,175.06,18.48600101464382,10.559808645403757
2025-10-13,coal,221.6483385688199,185.13,36.5183385688199,19.725781109933507
2025-10-14,coal,221.40131824907616,189.56,31.841318249076153,16.797487998035532
2025-10-15,coal,235.52792008375403,179.69,55.83792008375403,31.074584052398034
2025-10-16,coal,229.7747645550158,175.19,54.584764555015795,31.157465925575544
2025-10-17,coal,221.2552168836688,169.74,51.515216883668785,30.349485615452327
2025-10-18,coal,210.74415266409326,173.06,37.68415266409326,21.775195113887243
2025-10-19,coal,175.14786840280635,149.11,26.03786840280634,17.462187916844165
2025-10-20,coal,121.51200612703396,122.69,-1.1779938729660415,-0.9601384570592888
2025-10-21,coal,139.30660880339136,123.75,15.556608803391356,12.5709970128415
2025-10-22,coal,117.62886849822962,118.26,-0.6311315017703834,-0.5336812969477281
2025-10-23,coal,124.5028396081927,116.57,7.932839608192708,6.805215414079702
2025-10-24,coal,174.84505670792188,132.95,41.895056707921896,31.511889212427153
2025-10-25,coal,175.96553045870994,144.51,31.455530458709944,21.767026820780533
2025-10-26,coal,148.59556105346633,142.89,5.70556105346634,3.992974353325174
2025-10-27,coal,151.782470194639,146.7,5.082470194639001,3.4645331933462855
2025-10-28,coal,102.57201821194374,130.86,-28.28798178805627,-21.6169813449918
2025-10-29,coal,124.06344601850073,136.12,-12.056553981499277,-8.857297958785834
2025-10-30,coal,204.82959132665084,148.32,56.50959132665085,38.09977840254238
2025-10-31,coal,230.9284552179878,158.09,72.83845521798779,46.074043404382174
2025-11-01,coal,233.6028588603752,158.5,75.10285886037519,47.383507167429144
2025-11-02,coal,189.27040874300963,153.99,35.280408743009616,22.91084404377532
2025-11-03,coal,209.28144171393558,171.32,37.961441713935585,22.158207864776784
2025-11-04,coal,218.5677000333837,185.65,32.91770003338368,17.731053074809417
2025-11-05,coal,240.89826849661821,180.06,60.83826849661821,33.78777546185617
2025-11-06,coal,231.00221885088425,167.77,63.23221885088424,37.68982467120715
2025-11-07,coal,253.43444991749558,177.88,75.55444991749559,42.47495497947807
2025-11-08,coal,259.57170768000117,173.98,85.59170768000118,49.1962913438333
2025-11-09,coal,236.33414099336213,171.46,64.87414099336212,37.83631225554772
2025-11-10,coal,269.3094946298177,182.94,86.36949462981772,47.21192447240501
2025-11-11,coal,271.8862947969099,183.82,88.06629479690992,47.90898422201606
2025-11-12,coal,262.9152516878618,166.76,96.15525168786183,57.66086093059597
2025-11-13,coal,251.9800716672119,170.75,81.23007166721189,47.57251634975806
2025-11-14,coal,228.01238603165024,180.39,47.62238603165025,26.399681818088727
2025-11-15,coal,192.99566674309102,172.89,20.105666743091035,11.629166951871731
2025-11-16,coal,152.196542555264,161.14,-8.943457444735998,-5.550116324150427
2025-11-17,coal,205.05617126157216,180.05,25.00617126157215,13.888459462133934
2025-11-18,coal,211.1841246473283,177.74,33.444124647328294,18.816318581820802
2025-11-19,coal,183.89553789938398,176.76,7.135537899383991,4.036851040610992
2025-11-20,coal,167.33456308479904,179.67,-12.335436915200944,-6.865607455446622
2025-11-21,coal,189.899415393896,183.41,6.489415393895996,3.538201512401721
2025-11-22,coal,199.31384632276675,168.09,31.223846322766747,18.57567155855003
2025-11-23,coal,125.97268384696399,161.39,-35.417316153036,-21.94517389741372
2025-11-24,coal,140.28060237290222,170.53,-30.24939762709778,-17.738461049139612
2025-11-25,coal,105.97567238288022,160.8,-54.82432761711979,-34.094731105174
2025-11-26,coal,137.5250126475191,167.75,-30.224987352480895,-18.01787621608399
2025-11-27,coal,125.30309770785813,174.46,-49.15690229214188,-28.176603400287675
2025-11-28,coal,159.48859123864747,185.49,-26.001408761352536,-14.017687617312271
2025-11-29,coal,165.26771442645648,176.3,-11.032285573543533,-6.257677580002004
2025-11-30,coal,141.03225866897654,146.3,-5.267741331023473,-3.6006434251698374
2025-12-01,coal,189.541942306215,141.5,48.04194230621499,33.95190268990459
2025-12-02,coal,215.46137601466495,144.47,70.99137601466495,49.13918184721046
2025-12-03,coal,229.91040537324352,155.41,74.50040537324352,47.937973987030134
2025-12-04,coal,193.45910740222982,156.31,37.149107402229816,23.766302477275808
2025-12-05,coal,148.3099123174983,156.64,-8.330087682501699,-5.317982432649195
2025-12-06,coal,115.44160318677866,150.98,-35.538396813221325,-23.538479807405835
2025-12-07,coal,93.30160777154707,159.61,-66.30839222845295,-41.544008663901344
2025-12-08,coal,112.91092165769768,164.12,-51.20907834230232,-31.20221687929705
2025-12-09,coal,131.0411378104677,169.54,-38.4988621895323,-22.70783425122821
2025-12-10,coal,141.09874187607397,167.05,-25.95125812392604,-15.535024318423249
2025-12-11,coal,109.51088484494419,175.22,-65.70911515505581,-37.50092178692832
2025-12-12,coal,142.64549105280938,182.05,-39.404508947190635,-21.64488269551806
2025-12-13,coal,135.3850190961315,171.5,-36.11498090386851,-21.05829790313033
2025-12-14,coal,99.54789047076413,147.6,-48.052109529235864,-32.55562976235492
2025-12-15,coal,112.41988539256928,164.72,-52.300114607430714,-31.750919504268282
2025-12-16,coal,157.16925114845787,168.71,-11.540748851542133,-6.840583754100013
2025-12-17,coal,104.91237481839445,174.5,-69.58762518160555,-39.87829523301178
2025-12-18,coal,95.52933668342627,163.9,-68.37066331657374,-41.71486474470637
2025-12-19,coal,126.94060600646169,171.67,-44.729393993538295,-26.055451735037167
2025-12-20,coal,151.42685102819462,162.92,-11.493148971805368,-7.054473957651221
2025-12-21,coal,123.22145097659705,140.46,-17.238549023402953,-12.272923980779547
2025-12-22,coal,135.58240194560048,155.46,-19.877598054399527,-12.786310339894202
2025-12-23,coal,168.94225756229997,157.24,11.702257562299963,7.442290487344162
2025-12-24,coal,182.83427815168378,160.64,22.19427815168379,13.816159207970488
2025-12-25,coal,172.7771862118962,165.97,6.807186211896209,4.101455812433699
2025-12-26,coal,173.45296983083398,162.21,11.242969830833971,6.931120048599945
2025-12-27,coal,150.5237674704385,157.94,-7.416232529561512,-4.695601196379329
2025-12-28,coal,141.09161305501036,151.63,-10.53838694498964,-6.950067232730753
2025-12-29,coal,158.04662562924605,164.92,-6.873374370753936,-4.167702140888877
2025-12-30,coal,212.72792601602964,171.63,41.097926016029646,23.945654032529074
2025-12-31,coal,255.13275855317465,175.57,79.56275855317466,45.31683006958744
2026-01-01,coal,238.07422171707222,172.34,65.73422171707222,38.14217344613683
2026-01-02,coal,250.93753099050716,175.37,75.56753099050715,43.09034098791535
2026-01-03,coal,137.80867204558382,178.12,-40.311327954416186,-22.63155622861901
2026-01-04,coal,81.94515475690147,168.8,-86.85484524309854,-51.4542922056271
2026-01-05,coal,96.13718151583545,168.58,-72.44281848416456,-42.97236830238732
2026-01-06,coal,129.47303509480992,168.77,-39.296964905190094,-23.28433068980867
2026-01-07,coal,88.0456303105182,166.66,-78.61436968948179,-47.170508634034434
2026-01-08,coal,80.70750547579345,165.64,-84.93249452420653,-51.27535288831595
2026-01-09,coal,119.27012942589535,169.0,-49.72987057410465,-29.425958919588552
2026-01-10,coal,120.20531513844217,168.06,-47.85468486155783,-28.474761907388924
2026-01-11,coal,137.77097293290382,174.32,-36.549027067096176,-20.966628652533373
2026-01-12,coal,133.58848990971376,180.22,-46.63151009028624,-25.87476977598837
2026-01-13,coal,160.03788484466298,200.38,-40.34211515533701,-20.13280524769788
2026-01-14,coal,158.69060128796593,197.41,-38.719398712034064,-19.61369672865309
2026-01-15,coal,86.93433610881867,160.11,-73.17566389118134,-45.70336886589303
2026-01-16,coal,57.629983251884994,152.91,-95.280016748115,-62.31117438239161
2026-01-17,coal,69.61759670117883,154.24,-84.62240329882118,-54.86411002257597
2026-01-18,coal,110.59755203378248,164.02,-53.42244796621753,-32.57069135850356
2026-01-19,coal,166.89296501607677,199.01,-32.11703498392322,-16.138402584756154
2026-01-20,coal,142.14169256789842,195.77,-53.62830743210159,-27.393526808040857
2026-01-21,coal,122.09145918145028,184.01,-61.918540818549715,-33.64955209964117
2026-01-22,coal,122.83375157314153,182.61,-59.77624842685849,-32.73437841676714
2026-01-23,coal,145.1866991668287,175.52,-30.333300833171307,-17.281962644240718
2026-01-24,coal,149.66763693566654,180.89,-31.22236306433345,-17.260414099360634
2026-01-25,coal,117.80239620922332,185.21,-67.40760379077669,-36.39522908632185
2026-01-26,coal,87.65921217681415,174.42,-86.76078782318584,-49.74245374566325
2026-01-27,coal,89.88985635661759,182.67,-92.7801436433824,-50.79112259450507
2026-01-28,coal,107.94048253847856,195.81,-87.86951746152144,-44.87488762653666
2026-01-29,coal,128.17160864252935,194.09,-65.91839135747065,-33.96279630968657
2026-01-30,coal,129.0243605425492,200.35,-71.32563945745079,-35.60051882078902
2026-01-31,coal,119.78232625514424,196.91,-77.12767374485576,-39.16899788982568
2026-02-01,coal,97.95118259905254,180.17,-82.21881740094744,-45.634021979767695
2026-02-02,coal,90.6451337636168,197.48,-106.83486623638319,-54.099081545667005
2026-02-03,coal,118.93283172103237,207.29,-88.35716827896762,-42.62490630467829
2026-02-04,coal,99.4452540128575,205.0,-105.5547459871425,-51.490119993728044
2026-02-05,coal,130.9967374827207,204.32,-73.32326251727929,-35.886483221064644
2026-02-06,coal,95.28740745536457,199.8,-104.51259254463544,-52.30860487719491
2026-02-07,coal,116.48039701341824,200.16,-83.67960298658176,-41.80635640816435
2026-02-08,coal,102.43980663172427,185.88,-83.44019336827573,-44.889279840905814
2026-02-09,coal,158.73045081503636,201.1,-42.36954918496363,-21.068895666317072
2026-02-10,coal,143.60126891344603,200.67,-57.06873108655395,-28.439094576445882
2026-02-11,coal,106.86599409862293,198.62,-91.75400590137707,-46.1957536508796
2026-02-12,coal,141.82797021723255,219.5,-77.67202978276745,-35.38589056162526
2026-02-13,coal,149.97606341233526,227.73,-77.75393658766473,-34.14303630951773
2026-02-14,coal,130.8546394700985,223.6,-92.74536052990149,-41.47824710639602
2026-02-15,coal,134.48007351175934,209.71,-75.22992648824066,-35.87331385639247
2026-02-16,coal,135.54600488890298,213.22,-77.67399511109701,-36.42903813483586
2026-02-17,coal,149.2174794384408,218.81,-69.59252056155921,-31.80500002813364
2026-02-18,coal,195.15619302305964,218.9,-23.743806976940363,-10.846873904495368
2026-02-19,coal,141.7593116940907,216.14,-74.38068830590927,-34.41319899412847
2026-02-20,coal,144.1617186995138,219.02,-74.8582813004862,-34.178742261202714
2026-02-21,coal,206.4037461901856,230.45,-24.046253809814402,-10.434477678374659
2026-02-22,coal,221.69652489105712,220.52,1.176524891057113,0.5335229870565541
2026-02-23,coal,239.2599434538913,226.01,13.24994345389132,5.862547433251325
2026-02-24,coal,246.35305994490494,232.07,14.283059944904949,6.154634353817792
2026-02-25,coal,267.4342389355615,225.94,41.4942389355615,18.365158420625608
2026-02-26,coal,260.15439395237496,226.22,33.93439395237496,15.000616193252128
2026-02-27,coal,261.2663103592438,228.47,32.79631035924379,14.35475570501326
2026-02-28,coal,250.62126037893208,222.8,27.821260378932067,12.48710070867687
2026-03-01,coal,196.7279892512871,209.81,-13.08201074871289,-6.235170272490772
2026-03-02,coal,204.74844126949296,218.15,-13.401558730507048,-6.143276979375222
2026-03-03,coal,183.0512215748181,209.95,-26.898778425181888,-12.811992581653675
2026-03-04,coal,152.8515666022178,188.75,-35.89843339778221,-19.019037561738923
2026-03-05,coal,190.2466471603046,209.86,-19.61335283969541,-9.345922443388643
2026-03-06,coal,195.34171595326984,212.39,-17.048284046730146,-8.026876993610879
2026-03-07,coal,188.21853548115553,207.43,-19.21146451884448,-9.261661533454408
2026-03-08,coal,193.05662403492605,195.78,-2.7233759650739557,-1.3910389033986903
2026-03-09,coal,174.8332960981905,197.75,-22.916703901809512,-11.588725108373964
2026-03-10,coal,106.18280968763193,205.5,-99.31719031236807,-48.32953299871925
2026-03-11,coal,115.05800944351637,191.71,-76.65199055648364,-39.98330319570374
2026-03-12,coal,156.25548033346297,197.12,-40.864519666537035,-20.730783110053284
2026-03-13,coal,166.89731672495134,216.75,-49.85268327504866,-23.000084555962474
2026-03-14,coal,169.22157528698784,214.29,-45.06842471301215,-21.031510902520953
2026-03-15,coal,114.67028159672077,203.96,-89.28971840327924,-43.77805373763445
2026-03-16,coal,112.72887625323237,213.63,-100.90112374676762,-47.23172014547003
2026-03-17,coal,132.92588672510632,221.24,-88.31411327489369,-39.91778759487149
2026-03-18,coal,156.0499265881803,214.65,-58.60007341181969,-27.300290431781825
2026-03-19,coal,195.22430085438307,196.07,-0.8456991456169192,-0.4313251112444123
2026-03-20,coal,204.4378802048447,199.03,5.407880204844702,2.7171181253302024
2026-03-21,coal,204.70283583657425,202.79,1.91283583657426,0.9432594489739435
2026-03-22,coal,199.74615597621383,193.92,5.82615597621384,3.004412116446906
2026-03-23,coal,183.94286171629525,204.92,-20.977138283704733,-10.236745209693897
2026-03-24,coal,179.24619851666762,219.5,-40.25380148333238,-18.338861723613842
2026-03-25,coal,137.24230647284352,225.12,-87.87769352715648,-39.03593351419531
2026-03-26,coal,106.98607677698094,227.65,-120.66392322301907,-53.004139346812686
2026-03-27,coal,165.91872936695967,229.74,-63.82127063304034,-27.779781767667945
2026-03-28,coal,169.75107550015485,232.47,-62.718924499845144,-26.979362713401787
2026-03-29,coal,184.92552689723834,222.05,-37.12447310276167,-16.718970098068752
2026-03-30,coal,190.2263067423243,235.67,-45.443693257675676,-19.28276541675889
2026-03-31,coal,182.91999950983,242.71,-59.79000049017,-24.634337476894235
2025-04-01,oil_gas,3.3299999999999996,3.33,-4.440892098500626e-16,-1.3336012307809688e-14
2025-04-02,oil_gas,2.95,2.95,0.0,0.0
2025-04-03,oil_gas,3.5600000000000005,3.56,4.440892098500626e-16,1.2474416007024232e-14
2025-04-04,oil_gas,3.6099999999999994,3.61,-4.440892098500626e-16,-1.2301640162051597e-14
2025-04-05,oil_gas,3.7599999999999993,3.76,-4.440892098500626e-16,-1.1810883240693154e-14
2025-04-06,oil_gas,3.7499999999999996,3.75,-4.440892098500626e-16,-1.1842378929335004e-14
2025-04-07,oil_gas,3.6999999999999997,3.7,-4.440892098500626e-16,-1.2002411077028718e-14
2025-04-08,oil_gas,3.1799999999999997,3.18,-4.440892098500626e-16,-1.3965069492140333e-14
2025-04-09,oil_gas,3.989999999999999,3.99,-1.3322676295501878e-15,-3.3390166154140043e-14
2025-04-10,oil_gas,3.9499999999999997,3.95,-4.440892098500626e-16,-1.1242764806330698e-14
2025-04-11,oil_gas,4.009999999999999,4.01,-8.881784197001252e-16,-2.2149087773070456e-14
2025-04-12,oil_gas,3.9699999999999993,3.97,-8.881784197001252e-16,-2.2372252385393583e-14
2025-04-13,oil_gas,3.9799999999999995,3.98,-4.440892098500626e-16,-1.1158020347991522e-14
2025-04-14,oil_gas,3.8499999999999996,3.85,-4.440892098500626e-16,-1.1534784671430196e-14
2025-04-15,oil_gas,3.8799999999999994,3.88,-4.440892098500626e-16,-1.1445598192011925e-14
2025-04-16,oil_gas,3.7699999999999996,3.77,-4.440892098500626e-16,-1.1779554637932696e-14
2025-04-17,oil_gas,2.26,2.26,0.0,0.0
2025-04-18,oil_gas,2.630000000000001,2.63,8.881784197001252e-16,3.377104257414925e-14
2025-04-19,oil_gas,2.6500000000000004,2.65,4.440892098500626e-16,1.6758083390568402e-14
2025-04-20,oil_gas,2.73,2.73,0.0,0.0
2025-04-21,oil_gas,1.81,1.81,0.0,0.0
2025-04-22,oil_gas,3.19,3.19,0.0,0.0
2025-04-23,oil_gas,3.9399999999999995,3.94,-4.440892098500626e-16,-1.1271299742387376e-14
2025-04-24,oil_gas,4.499999999999999,4.5,-8.881784197001252e-16,-1.9737298215558338e-14
2025-04-25,oil_gas,4.499999999999999,4.5,-8.881784197001252e-16,-1.9737298215558338e-14
2025-04-26,oil_gas,4.519999999999999,4.52,-8.881784197001252e-16,-1.964996503761339e-14
2025-04-27,oil_gas,4.419999999999999,4.42,-8.881784197001252e-16,-2.0094534382355776e-14
2025-04-28,oil_gas,4.379999999999999,4.38,-8.881784197001252e-16,-2.0278046111875005e-14
2025-04-29,oil_gas,4.389999999999999,4.39,-8.881784197001252e-16,-2.0231854662873016e-14
2025-04-30,oil_gas,4.3599999999999985,4.36,-1.7763568394002505e-15,-4.074212934404244e-14
2025-05-01,oil_gas,3.9699999999999998,3.97,-4.440892098500626e-16,-1.1186126192696791e-14
2025-05-02,oil_gas,3.8699999999999997,3.87,-4.440892098500626e-16,-1.1475173381138568e-14
2025-05-03,oil_gas,3.8299999999999996,3.83,-4.440892098500626e-16,-1.1595018533944192e-14
2025-05-04,oil_gas,3.8299999999999996,3.83,-4.440892098500626e-16,-1.1595018533944192e-14
2025-05-05,oil_gas,3.8899999999999997,3.89,-4.440892098500626e-16,-1.141617506041292e-14
2025-05-06,oil_gas,3.8299999999999996,3.83,-4.440892098500626e-16,-1.1595018533944192e-14
2025-05-07,oil_gas,3.7699999999999996,3.77,-4.440892098500626e-16,-1.1779554637932696e-14
2025-05-08,oil_gas,3.7299999999999995,3.73,-4.440892098500626e-16,-1.1905876939679963e-14
2025-05-09,oil_gas,3.6899999999999995,3.69,-4.440892098500626e-16,-1.2034937936316062e-14
2025-05-10,oil_gas,3.74,3.74,0.0,0.0
2025-05-11,oil_gas,3.7199999999999998,3.72,-4.440892098500626e-16,-1.1937881985216736e-14
2025-05-12,oil_gas,3.6399999999999997,3.64,-4.440892098500626e-16,-1.2200253017858862e-14
2025-05-13,oil_gas,3.5799999999999996,3.58,-4.440892098500626e-16,-1.2404726532124654e-14
2025-05-14,oil_gas,3.3799999999999994,3.38,-4.440892098500626e-16,-1.3138734019232622e-14
2025-05-15,oil_gas,3.16,3.16,0.0,0.0
2025-05-16,oil_gas,2.94,2.94,0.0,0.0
2025-05-17,oil_gas,3.4699999999999998,3.47,-4.440892098500626e-16,-1.279795993804215e-14
2025-05-18,oil_gas,3.41,3.41,0.0,0.0
2025-05-19,oil_gas,3.779999999999999,3.78,-8.881784197001252e-16,-2.3496783589950407e-14
2025-05-20,oil_gas,3.7899999999999996,3.79,-4.440892098500626e-16,-1.17173933997378e-14
2025-05-21,oil_gas,3.7999999999999994,3.8,-4.440892098500626e-16,-1.1686558153949015e-14
2025-05-22,oil_gas,3.779999999999999,3.78,-8.881784197001252e-16,-2.3496783589950407e-14
2025-05-23,oil_gas,3.8599999999999994,3.86,-4.440892098500626e-16,-1.1504901809587116e-14
2025-05-24,oil_gas,3.859999999999999,3.86,-8.881784197001252e-16,-2.3009803619174232e-14
2025-05-25,oil_gas,3.789999999999999,3.79,-8.881784197001252e-16,-2.34347867994756e-14
2025-05-26,oil_gas,3.869999999999999,3.87,-8.881784197001252e-16,-2.2950346762277135e-14
2025-05-27,oil_gas,3.859999999999999,3.86,-8.881784197001252e-16,-2.3009803619174232e-14
2025-05-28,oil_gas,3.839999999999999,3.84,-8.881784197001252e-16,-2.312964634635743e-14
2025-05-29,oil_gas,3.5499999999999994,3.55,-4.440892098500626e-16,-1.2509555207044018e-14
2025-05-30,oil_gas,3.5399999999999996,3.54,-4.440892098500626e-16,-1.2544892933617589e-14
2025-05-31,oil_gas,3.53,3.53,0.0,0.0
2025-06-01,oil_gas,3.489999999999999,3.49,-1.3322676295501878e-15,-3.8173857580234607e-14
2025-06-02,oil_gas,3.3899999999999997,3.39,-4.440892098500626e-16,-1.309997669174226e-14
2025-06-03,oil_gas,2.97,2.97,0.0,0.0
2025-06-04,oil_gas,3.1899999999999995,3.19,-4.440892098500626e-16,-1.392129184482955e-14
2025-06-05,oil_gas,3.1099999999999994,3.11,-4.440892098500626e-16,-1.4279395815114554e-14
2025-06-06,oil_gas,3.1600000000000006,3.16,4.440892098500626e-16,1.4053456007913373e-14
2025-06-07,oil_gas,3.1499999999999995,3.15,-4.440892098500626e-16,-1.409807015397024e-14
2025-06-08,oil_gas,3.6599999999999997,3.66,-4.440892098500626e-16,-1.2133584968580944e-14
2025-06-09,oil_gas,3.809999999999999,3.81,-8.881784197001252e-16,-2.3311769545935046e-14
2025-06-10,oil_gas,3.8699999999999997,3.87,-4.440892098500626e-16,-1.1475173381138568e-14
2025-06-11,oil_gas,3.879999999999999,3.88,-8.881784197001252e-16,-2.289119638402385e-14
2025-06-12,oil_gas,3.8399999999999994,3.84,-4.440892098500626e-16,-1.1564823173178714e-14
2025-06-13,oil_gas,3.859999999999999,3.86,-8.881784197001252e-16,-2.3009803619174232e-14
2025-06-14,oil_gas,3.8299999999999996,3.83,-4.440892098500626e-16,-1.1595018533944192e-14
2025-06-15,oil_gas,3.7699999999999996,3.77,-4.440892098500626e-16,-1.1779554637932696e-14
2025-06-16,oil_gas,3.7899999999999996,3.79,-4.440892098500626e-16,-1.17173933997378e-14
2025-06-17,oil_gas,3.6000000000000005,3.6,4.440892098500626e-16,1.2335811384723962e-14
2025-06-18,oil_gas,3.5799999999999996,3.58,-4.440892098500626e-16,-1.2404726532124654e-14
2025-06-19,oil_gas,3.4599999999999995,3.46,-4.440892098500626e-16,-1.2834948261562504e-14
2025-06-20,oil_gas,3.5299999999999994,3.53,-4.440892098500626e-16,-1.2580430873939451e-14
2025-06-21,oil_gas,3.9499999999999997,3.95,-4.440892098500626e-16,-1.1242764806330698e-14
2025-06-22,oil_gas,3.939999999999999,3.94,-8.881784197001252e-16,-2.254259948477475e-14
2025-06-23,oil_gas,3.9399999999999995,3.94,-4.440892098500626e-16,-1.1271299742387376e-14
2025-06-24,oil_gas,3.899999999999999,3.9,-8.881784197001252e-16,-2.277380563333655e-14
2025-06-25,oil_gas,3.899999999999999,3.9,-8.881784197001252e-16,-2.277380563333655e-14
2025-06-26,oil_gas,3.709999999999999,3.71,-8.881784197001252e-16,-2.394011912938343e-14
2025-06-27,oil_gas,3.8099999999999996,3.81,-4.440892098500626e-16,-1.1655884772967523e-14
2025-06-28,oil_gas,3.6899999999999995,3.69,-4.440892098500626e-16,-1.2034937936316062e-14
2025-06-29,oil_gas,3.839999999999999,3.84,-8.881784197001252e-16,-2.312964634635743e-14
2025-06-30,oil_gas,3.869999999999999,3.87,-8.881784197001252e-16,-2.2950346762277135e-14
2025-07-01,oil_gas,3.850000000000001,3.85,8.881784197001252e-16,2.3069569342860392e-14
2025-07-02,oil_gas,3.799999999999999,3.8,-8.881784197001252e-16,-2.337311630789803e-14
2025-07-03,oil_gas,3.47,3.47,0.0,0.0
2025-07-04,oil_gas,3.3799999999999994,3.38,-4.440892098500626e-16,-1.3138734019232622e-14
2025-07-05,oil_gas,3.4499999999999997,3.45,-4.440892098500626e-16,-1.2872151010146743e-14
2025-07-06,oil_gas,3.3999999999999995,3.4,-4.440892098500626e-16,-1.3061447348531254e-14
2025-07-07,oil_gas,3.79,3.79,0.0,0.0
2025-07-08,oil_gas,3.7199999999999998,3.72,-4.440892098500626e-16,-1.1937881985216736e-14
2025-07-09,oil_gas,3.7499999999999996,3.75,-4.440892098500626e-16,-1.1842378929335004e-14
2025-07-10,oil_gas,3.5799999999999996,3.58,-4.440892098500626e-16,-1.2404726532124654e-14
2025-07-11,oil_gas,3.5399999999999996,3.54,-4.440892098500626e-16,-1.2544892933617589e-14
2025-07-12,oil_gas,3.4899999999999993,3.49,-8.881784197001252e-16,-2.5449238386823072e-14
2025-07-13,oil_gas,3.2499999999999996,3.25,-4.440892098500626e-16,-1.3664283380001927e-14
2025-07-14,oil_gas,3.38,3.38,0.0,0.0
2025-07-15,oil_gas,3.33,3.33,0.0,0.0
2025-07-16,oil_gas,3.5599999999999996,3.56,-4.440892098500626e-16,-1.2474416007024232e-14
2025-07-17,oil_gas,3.399999999999999,3.4,-8.881784197001252e-16,-2.612289469706251e-14
2025-07-18,oil_gas,3.5999999999999996,3.6,-4.440892098500626e-16,-1.2335811384723962e-14
2025-07-19,oil_gas,3.8299999999999996,3.83,-4.440892098500626e-16,-1.1595018533944192e-14
2025-07-20,oil_gas,3.8099999999999996,3.81,-4.440892098500626e-16,-1.1655884772967523e-14
2025-07-21,oil_gas,3.4999999999999996,3.5,-4.440892098500626e-16,-1.2688263138573217e-14
2025-07-22,oil_gas,3.6400000000000006,3.64,4.440892098500626e-16,1.2200253017858862e-14
2025-07-23,oil_gas,3.6799999999999997,3.68,-4.440892098500626e-16,-1.206764157201257e-14
2025-07-24,oil_gas,3.5299999999999994,3.53,-4.440892098500626e-16,-1.2580430873939451e-14
2025-07-25,oil_gas,3.7799999999999994,3.78,-4.440892098500626e-16,-1.1748391794975203e-14
2025-07-26,oil_gas,3.8499999999999996,3.85,-4.440892098500626e-16,-1.1534784671430196e-14
2025-07-27,oil_gas,3.7799999999999994,3.78,-4.440892098500626e-16,-1.1748391794975203e-14
2025-07-28,oil_gas,3.8899999999999997,3.89,-4.440892098500626e-16,-1.141617506041292e-14
2025-07-29,oil_gas,3.879999999999999,3.88,-8.881784197001252e-16,-2.289119638402385e-14
2025-07-30,oil_gas,3.8599999999999994,3.86,-4.440892098500626e-16,-1.1504901809587116e-14
2025-07-31,oil_gas,3.7899999999999996,3.79,-4.440892098500626e-16,-1.17173933997378e-14
2025-08-01,oil_gas,3.83,3.83,0.0,0.0
2025-08-02,oil_gas,4.259999999999999,4.26,-8.881784197001252e-16,-2.0849258678406695e-14
2025-08-03,oil_gas,4.339999999999999,4.34,-8.881784197001252e-16,-2.0464940546085834e-14
2025-08-04,oil_gas,4.05,4.05,0.0,0.0
2025-08-05,oil_gas,3.4399999999999995,3.44,-4.440892098500626e-16,-1.2909570053780891e-14
2025-08-06,oil_gas,3.5099999999999993,3.51,-4.440892098500626e-16,-1.2652114240742524e-14
2025-08-07,oil_gas,3.6700000000000004,3.67,4.440892098500626e-16,1.210052342915702e-14
2025-08-08,oil_gas,3.8299999999999996,3.83,-4.440892098500626e-16,-1.1595018533944192e-14
2025-08-09,oil_gas,1.9900000000000002,1.99,2.220446049250313e-16,1.1158020347991522e-14
2025-08-10,oil_gas,1.82,1.82,0.0,0.0
2025-08-11,oil_gas,2.0600000000000005,2.06,4.440892098500626e-16,2.1557728633498187e-14
2025-08-12,oil_gas,1.9300000000000004,1.93,4.440892098500626e-16,2.3009803619174232e-14
2025-08-13,oil_gas,1.8300000000000003,1.83,2.220446049250313e-16,1.2133584968580944e-14
2025-08-14,oil_gas,1.8300000000000003,1.83,2.220446049250313e-16,1.2133584968580944e-14
2025-08-15,oil_gas,1.8300000000000003,1.83,2.220446049250313e-16,1.2133584968580944e-14
2025-08-16,oil_gas,1.84,1.84,0.0,0.0
2025-08-17,oil_gas,1.8700000000000003,1.87,2.220446049250313e-16,1.187404304411932e-14
2025-08-18,oil_gas,1.8500000000000003,1.85,2.220446049250313e-16,1.2002411077028718e-14
2025-08-19,oil_gas,1.8600000000000005,1.86,4.440892098500626e-16,2.3875763970433472e-14
2025-08-20,oil_gas,1.8600000000000003,1.86,2.220446049250313e-16,1.1937881985216736e-14
2025-08-21,oil_gas,1.8600000000000005,1.86,4.440892098500626e-16,2.3875763970433472e-14
2025-08-22,oil_gas,1.85,1.85,0.0,0.0
2025-08-23,oil_gas,1.8300000000000005,1.83,4.440892098500626e-16,2.426716993716189e-14
2025-08-24,oil_gas,1.8100000000000003,1.81,2.220446049250313e-16,1.2267657730664715e-14
2025-08-25,oil_gas,1.8100000000000005,1.81,4.440892098500626e-16,2.453531546132943e-14
2025-08-26,oil_gas,1.82,1.82,0.0,0.0
2025-08-27,oil_gas,1.7800000000000002,1.78,2.220446049250313e-16,1.2474416007024232e-14
2025-08-28,oil_gas,1.5400000000000005,1.54,4.440892098500626e-16,2.883696167857549e-14
2025-08-29,oil_gas,1.6600000000000004,1.66,4.440892098500626e-16,2.67523620391604e-14
2025-08-30,oil_gas,1.6600000000000004,1.66,4.440892098500626e-16,2.67523620391604e-14
2025-08-31,oil_gas,1.69,1.69,0.0,0.0
2025-09-01,oil_gas,1.8400000000000005,1.84,4.440892098500626e-16,2.413528314402514e-14
2025-09-02,oil_gas,1.82,1.82,0.0,0.0
2025-09-03,oil_gas,1.8300000000000003,1.83,2.220446049250313e-16,1.2133584968580944e-14
2025-09-04,oil_gas,1.83,1.83,0.0,0.0
2025-09-05,oil_gas,1.8300000000000005,1.83,4.440892098500626e-16,2.426716993716189e-14
2025-09-06,oil_gas,1.8300000000000003,1.83,2.220446049250313e-16,1.2133584968580944e-14
2025-09-07,oil_gas,1.7100000000000004,1.71,4.440892098500626e-16,2.5970129230997814e-14
2025-09-08,oil_gas,1.83,1.83,0.0,0.0
2025-09-09,oil_gas,1.8300000000000005,1.83,4.440892098500626e-16,2.426716993716189e-14
2025-09-10,oil_gas,1.8300000000000005,1.83,4.440892098500626e-16,2.426716993716189e-14
2025-09-11,oil_gas,1.8500000000000005,1.85,4.440892098500626e-16,2.4004822154057436e-14
2025-09-12,oil_gas,1.8300000000000003,1.83,2.220446049250313e-16,1.2133584968580944e-14
2025-09-13,oil_gas,1.83,1.83,0.0,0.0
2025-09-14,oil_gas,1.83,1.83,0.0,0.0
2025-09-15,oil_gas,1.8300000000000003,1.83,2.220446049250313e-16,1.2133584968580944e-14
2025-09-16,oil_gas,2.41,2.41,0.0,0.0
2025-09-17,oil_gas,2.58,2.58,0.0,0.0
2025-09-18,oil_gas,2.5800000000000005,2.58,4.440892098500626e-16,1.7212760071707852e-14
2025-09-19,oil_gas,2.71,2.71,0.0,0.0
2025-09-20,oil_gas,3.669999999999999,3.67,-8.881784197001252e-16,-2.420104685831404e-14
2025-09-21,oil_gas,3.7699999999999996,3.77,-4.440892098500626e-16,-1.1779554637932696e-14
2025-09-22,oil_gas,3.8899999999999992,3.89,-8.881784197001252e-16,-2.283235012082584e-14
2025-09-23,oil_gas,3.4999999999999996,3.5,-4.440892098500626e-16,-1.2688263138573217e-14
2025-09-24,oil_gas,3.5600000000000014,3.56,1.3322676295501878e-15,3.742324802107269e-14
2025-09-25,oil_gas,3.4099999999999993,3.41,-8.881784197001252e-16,-2.6046287967745604e-14
2025-09-26,oil_gas,3.6899999999999995,3.69,-4.440892098500626e-16,-1.2034937936316062e-14
2025-09-27,oil_gas,3.6199999999999997,3.62,-4.440892098500626e-16,-1.2267657730664715e-14
2025-09-28,oil_gas,3.5799999999999996,3.58,-4.440892098500626e-16,-1.2404726532124654e-14
2025-09-29,oil_gas,3.78,3.78,0.0,0.0
2025-09-30,oil_gas,3.2999999999999994,3.3,-4.440892098500626e-16,-1.3457248783335231e-14
2025-10-01,oil_gas,3.649999999999999,3.65,-8.881784197001252e-16,-2.4333655334250006e-14
2025-10-02,oil_gas,3.4099999999999997,3.41,-4.440892098500626e-16,-1.3023143983872802e-14
2025-10-03,oil_gas,3.4099999999999997,3.41,-4.440892098500626e-16,-1.3023143983872802e-14
2025-10-04,oil_gas,3.24,3.24,0.0,0.0
2025-10-05,oil_gas,3.33,3.33,0.0,0.0
2025-10-06,oil_gas,3.2999999999999994,3.3,-4.440892098500626e-16,-1.3457248783335231e-14
2025-10-07,oil_gas,3.0700000000000003,3.07,4.440892098500626e-16,1.4465446574920607e-14
2025-10-08,oil_gas,3.1999999999999997,3.2,-4.440892098500626e-16,-1.3877787807814457e-14
2025-10-09,oil_gas,3.1299999999999994,3.13,-4.440892098500626e-16,-1.4188153669331073e-14
2025-10-10,oil_gas,3.7399999999999993,3.74,-8.881784197001252e-16,-2.374808608823864e-14
2025-10-11,oil_gas,3.6099999999999994,3.61,-4.440892098500626e-16,-1.2301640162051597e-14
2025-10-12,oil_gas,3.9400000000000013,3.94,1.3322676295501878e-15,3.381389922716213e-14
2025-10-13,oil_gas,4.02,4.02,0.0,0.0
2025-10-14,oil_gas,3.9999999999999996,4.0,-4.440892098500626e-16,-1.1102230246251565e-14
2025-10-15,oil_gas,3.7699999999999996,3.77,-4.440892098500626e-16,-1.1779554637932696e-14
2025-10-16,oil_gas,3.9399999999999995,3.94,-4.440892098500626e-16,-1.1271299742387376e-14
2025-10-17,oil_gas,3.899999999999999,3.9,-8.881784197001252e-16,-2.277380563333655e-14
2025-10-18,oil_gas,4.019999999999999,4.02,-8.881784197001252e-16,-2.2093990539804115e-14
2025-10-19,oil_gas,4.099999999999999,4.1,-8.881784197001252e-16,-2.166288828536891e-14
2025-10-20,oil_gas,4.559999999999999,4.56,-8.881784197001252e-16,-1.9477596923248362e-14
2025-10-21,oil_gas,4.379999999999999,4.38,-8.881784197001252e-16,-2.0278046111875005e-14
2025-10-22,oil_gas,3.9499999999999997,3.95,-4.440892098500626e-16,-1.1242764806330698e-14
2025-10-23,oil_gas,4.05,4.05,0.0,0.0
2025-10-24,oil_gas,4.359999999999999,4.36,-8.881784197001252e-16,-2.037106467202122e-14
2025-10-25,oil_gas,4.039999999999999,4.04,-8.881784197001252e-16,-2.1984614349013e-14
2025-10-26,oil_gas,4.4399999999999995,4.44,-8.881784197001252e-16,-2.000401846171453e-14
2025-10-27,oil_gas,4.569999999999999,4.57,-8.881784197001252e-16,-1.943497636105307e-14
2025-10-28,oil_gas,4.1899999999999995,4.19,-8.881784197001252e-16,-2.1197575649167667e-14
2025-10-29,oil_gas,4.119999999999999,4.12,-8.881784197001252e-16,-2.1557728633498187e-14
2025-10-30,oil_gas,4.289999999999999,4.29,-8.881784197001252e-16,-2.0703459666669584e-14
2025-10-31,oil_gas,4.03,4.03,0.0,0.0
2025-11-01,oil_gas,4.099999999999999,4.1,-8.881784197001252e-16,-2.166288828536891e-14
2025-11-02,oil_gas,4.509999999999999,4.51,-8.881784197001252e-16,-1.9693534804880828e-14
2025-11-03,oil_gas,4.359999999999999,4.36,-8.881784197001252e-16,-2.037106467202122e-14
2025-11-04,oil_gas,4.139999999999999,4.14,-8.881784197001252e-16,-2.1453585016911238e-14
2025-11-05,oil_gas,4.339999999999999,4.34,-8.881784197001252e-16,-2.0464940546085834e-14
2025-11-06,oil_gas,4.03,4.03,0.0,0.0
2025-11-07,oil_gas,4.239999999999999,4.24,-8.881784197001252e-16,-2.0947604238210498e-14
2025-11-08,oil_gas,4.36,4.36,0.0,0.0
2025-11-09,oil_gas,4.349999999999999,4.35,-8.881784197001252e-16,-2.0417894705750007e-14
2025-11-10,oil_gas,4.349999999999999,4.35,-8.881784197001252e-16,-2.0417894705750007e-14
2025-11-11,oil_gas,3.919999999999999,3.92,-8.881784197001252e-16,-2.2657612747452175e-14
2025-11-12,oil_gas,3.8199999999999994,3.82,-4.440892098500626e-16,-1.1625371985603734e-14
2025-11-13,oil_gas,3.7899999999999996,3.79,-4.440892098500626e-16,-1.17173933997378e-14
2025-11-14,oil_gas,3.669999999999999,3.67,-8.881784197001252e-16,-2.420104685831404e-14
2025-11-15,oil_gas,3.6899999999999995,3.69,-4.440892098500626e-16,-1.2034937936316062e-14
2025-11-16,oil_gas,3.7599999999999993,3.76,-4.440892098500626e-16,-1.1810883240693154e-14
2025-11-17,oil_gas,3.7299999999999995,3.73,-4.440892098500626e-16,-1.1905876939679963e-14
2025-11-18,oil_gas,3.7399999999999993,3.74,-8.881784197001252e-16,-2.374808608823864e-14
2025-11-19,oil_gas,3.7099999999999995,3.71,-4.440892098500626e-16,-1.1970059564691714e-14
2025-11-20,oil_gas,3.7199999999999998,3.72,-4.440892098500626e-16,-1.1937881985216736e-14
2025-11-21,oil_gas,3.689999999999999,3.69,-8.881784197001252e-16,-2.4069875872632123e-14
2025-11-22,oil_gas,3.7000000000000006,3.7,4.440892098500626e-16,1.2002411077028718e-14
2025-11-23,oil_gas,3.709999999999999,3.71,-8.881784197001252e-16,-2.394011912938343e-14
2025-11-24,oil_gas,4.379999999999999,4.38,-8.881784197001252e-16,-2.0278046111875005e-14
2025-11-25,oil_gas,4.509999999999999,4.51,-8.881784197001252e-16,-1.9693534804880828e-14
2025-11-26,oil_gas,3.9000000000000012,3.9,1.3322676295501878e-15,3.416070845000482e-14
2025-11-27,oil_gas,2.27,2.27,0.0,0.0
2025-11-28,oil_gas,2.4500000000000006,2.45,4.440892098500626e-16,1.8126090197961736e-14
2025-11-29,oil_gas,4.559999999999999,4.56,-8.881784197001252e-16,-1.9477596923248362e-14
2025-11-30,oil_gas,3.859999999999999,3.86,-8.881784197001252e-16,-2.3009803619174232e-14
2025-12-01,oil_gas,3.6799999999999993,3.68,-8.881784197001252e-16,-2.413528314402514e-14
2025-12-02,oil_gas,3.44,3.44,0.0,0.0
2025-12-03,oil_gas,3.6099999999999994,3.61,-4.440892098500626e-16,-1.2301640162051597e-14
2025-12-04,oil_gas,3.459999999999999,3.46,-8.881784197001252e-16,-2.566989652312501e-14
2025-12-05,oil_gas,3.3699999999999997,3.37,-4.440892098500626e-16,-1.3177721360535981e-14
2025-12-06,oil_gas,3.25,3.25,0.0,0.0
2025-12-07,oil_gas,3.4100000000000006,3.41,4.440892098500626e-16,1.3023143983872802e-14
2025-12-08,oil_gas,3.4099999999999997,3.41,-4.440892098500626e-16,-1.3023143983872802e-14
2025-12-09,oil_gas,3.5599999999999996,3.56,-4.440892098500626e-16,-1.2474416007024232e-14
2025-12-10,oil_gas,3.4500000000000006,3.45,4.440892098500626e-16,1.2872151010146743e-14
2025-12-11,oil_gas,3.6099999999999994,3.61,-4.440892098500626e-16,-1.2301640162051597e-14
2025-12-12,oil_gas,3.609999999999999,3.61,-8.881784197001252e-16,-2.4603280324103194e-14
2025-12-13,oil_gas,3.4899999999999993,3.49,-8.881784197001252e-16,-2.5449238386823072e-14
2025-12-14,oil_gas,3.5499999999999994,3.55,-4.440892098500626e-16,-1.2509555207044018e-14
2025-12-15,oil_gas,3.489999999999999,3.49,-1.3322676295501878e-15,-3.8173857580234607e-14
2025-12-16,oil_gas,3.4499999999999997,3.45,-4.440892098500626e-16,-1.2872151010146743e-14
2025-12-17,oil_gas,3.4899999999999993,3.49,-8.881784197001252e-16,-2.5449238386823072e-14
2025-12-18,oil_gas,3.4999999999999996,3.5,-4.440892098500626e-16,-1.2688263138573217e-14
2025-12-19,oil_gas,3.3899999999999992,3.39,-8.881784197001252e-16,-2.619995338348452e-14
2025-12-20,oil_gas,3.4100000000000006,3.41,4.440892098500626e-16,1.3023143983872802e-14
2025-12-21,oil_gas,3.5999999999999996,3.6,-4.440892098500626e-16,-1.2335811384723962e-14
2025-12-22,oil_gas,3.619999999999999,3.62,-8.881784197001252e-16,-2.453531546132943e-14
2025-12-23,oil_gas,3.6599999999999997,3.66,-4.440892098500626e-16,-1.2133584968580944e-14
2025-12-24,oil_gas,3.6399999999999997,3.64,-4.440892098500626e-16,-1.2200253017858862e-14
2025-12-25,oil_gas,3.6599999999999997,3.66,-4.440892098500626e-16,-1.2133584968580944e-14
2025-12-26,oil_gas,3.6499999999999995,3.65,-4.440892098500626e-16,-1.2166827667125003e-14
2025-12-27,oil_gas,3.5199999999999996,3.52,-4.440892098500626e-16,-1.261617073437678e-14
2025-12-28,oil_gas,3.12,3.12,0.0,0.0
2025-12-29,oil_gas,3.1599999999999997,3.16,-4.440892098500626e-16,-1.4053456007913373e-14
2025-12-30,oil_gas,3.6299999999999994,3.63,-4.440892098500626e-16,-1.2233862530304755e-14
2025-12-31,oil_gas,3.5899999999999994,3.59,-4.440892098500626e-16,-1.2370172976324865e-14
2026-01-01,oil_gas,3.5199999999999996,3.52,-4.440892098500626e-16,-1.261617073437678e-14
2026-01-02,oil_gas,3.479999999999999,3.48,-8.881784197001252e-16,-2.5522368382187506e-14
2026-01-03,oil_gas,3.4299999999999993,3.43,-8.881784197001252e-16,-2.5894414568516767e-14
2026-01-04,oil_gas,3.0499999999999994,3.05,-4.440892098500626e-16,-1.4560301962297137e-14
2026-01-05,oil_gas,3.36,3.36,0.0,0.0
2026-01-06,oil_gas,3.4299999999999997,3.43,-4.440892098500626e-16,-1.2947207284258384e-14
2026-01-07,oil_gas,3.4400000000000004,3.44,4.440892098500626e-16,1.2909570053780891e-14
2026-01-08,oil_gas,3.5099999999999993,3.51,-4.440892098500626e-16,-1.2652114240742524e-14
2026-01-09,oil_gas,3.4999999999999996,3.5,-4.440892098500626e-16,-1.2688263138573217e-14
2026-01-10,oil_gas,3.509999999999999,3.51,-8.881784197001252e-16,-2.530422848148505e-14
2026-01-11,oil_gas,3.509999999999999,3.51,-8.881784197001252e-16,-2.530422848148505e-14
2026-01-12,oil_gas,3.5399999999999996,3.54,-4.440892098500626e-16,-1.2544892933617589e-14
2026-01-13,oil_gas,3.5000000000000004,3.5,4.440892098500626e-16,1.2688263138573217e-14
2026-01-14,oil_gas,3.48,3.48,0.0,0.0
2026-01-15,oil_gas,3.4799999999999995,3.48,-4.440892098500626e-16,-1.2761184191093753e-14
2026-01-16,oil_gas,3.509999999999999,3.51,-8.881784197001252e-16,-2.530422848148505e-14
2026-01-17,oil_gas,3.5700000000000003,3.57,4.440892098500626e-16,1.243947366526786e-14
2026-01-18,oil_gas,3.5499999999999994,3.55,-4.440892098500626e-16,-1.2509555207044018e-14
2026-01-19,oil_gas,3.5299999999999994,3.53,-4.440892098500626e-16,-1.2580430873939451e-14
2026-01-20,oil_gas,3.5400000000000005,3.54,4.440892098500626e-16,1.2544892933617589e-14
2026-01-21,oil_gas,3.7399999999999993,3.74,-8.881784197001252e-16,-2.374808608823864e-14
2026-01-22,oil_gas,2.85,2.85,0.0,0.0
2026-01-23,oil_gas,2.74,2.74,0.0,0.0
2026-01-24,oil_gas,3.5999999999999996,3.6,-4.440892098500626e-16,-1.2335811384723962e-14
2026-01-25,oil_gas,3.1199999999999997,3.12,-4.440892098500626e-16,-1.423362852083534e-14
2026-01-26,oil_gas,3.1,3.1,0.0,0.0
2026-01-27,oil_gas,3.1000000000000005,3.1,4.440892098500626e-16,1.4325458382260084e-14
2026-01-28,oil_gas,3.1000000000000005,3.1,4.440892098500626e-16,1.4325458382260084e-14
2026-01-29,oil_gas,3.1099999999999994,3.11,-4.440892098500626e-16,-1.4279395815114554e-14
2026-01-30,oil_gas,3.12,3.12,0.0,0.0
2026-01-31,oil_gas,3.12,3.12,0.0,0.0
2026-02-01,oil_gas,3.0999999999999996,3.1,-4.440892098500626e-16,-1.4325458382260084e-14
2026-02-02,oil_gas,3.1000000000000005,3.1,4.440892098500626e-16,1.4325458382260084e-14
2026-02-03,oil_gas,3.1,3.1,0.0,0.0
2026-02-04,oil_gas,2.55,2.55,0.0,0.0
2026-02-05,oil_gas,2.3200000000000003,2.32,4.440892098500626e-16,1.914177628664063e-14
2026-02-06,oil_gas,3.03,3.03,0.0,0.0
2026-02-07,oil_gas,3.0999999999999996,3.1,-4.440892098500626e-16,-1.4325458382260084e-14
2026-02-08,oil_gas,3.1000000000000005,3.1,4.440892098500626e-16,1.4325458382260084e-14
2026-02-09,oil_gas,3.0999999999999996,3.1,-4.440892098500626e-16,-1.4325458382260084e-14
2026-02-10,oil_gas,3.0999999999999996,3.1,-4.440892098500626e-16,-1.4325458382260084e-14
2026-02-11,oil_gas,3.1099999999999994,3.11,-4.440892098500626e-16,-1.4279395815114554e-14
2026-02-12,oil_gas,3.100000000000001,3.1,8.881784197001252e-16,2.865091676452017e-14
2026-02-13,oil_gas,3.08,3.08,0.0,0.0
2026-02-14,oil_gas,3.080000000000001,3.08,8.881784197001252e-16,2.883696167857549e-14
2026-02-15,oil_gas,3.0900000000000003,3.09,4.440892098500626e-16,1.4371819088998792e-14
2026-02-16,oil_gas,3.0900000000000003,3.09,4.440892098500626e-16,1.4371819088998792e-14
2026-02-17,oil_gas,3.08,3.08,0.0,0.0
2026-02-18,oil_gas,3.069999999999999,3.07,-8.881784197001252e-16,-2.893089314984121e-14
2026-02-19,oil_gas,3.0699999999999994,3.07,-4.440892098500626e-16,-1.4465446574920607e-14
2026-02-20,oil_gas,3.0000000000000004,3.0,4.440892098500626e-16,1.4802973661668752e-14
2026-02-21,oil_gas,3.0500000000000007,3.05,8.881784197001252e-16,2.9120603924594274e-14
2026-02-22,oil_gas,3.05,3.05,0.0,0.0
2026-02-23,oil_gas,3.0500000000000003,3.05,4.440892098500626e-16,1.4560301962297137e-14
2026-02-24,oil_gas,3.0499999999999994,3.05,-4.440892098500626e-16,-1.4560301962297137e-14
2026-02-25,oil_gas,2.7,2.7,0.0,0.0
2026-02-26,oil_gas,2.5800000000000005,2.58,4.440892098500626e-16,1.7212760071707852e-14
2026-02-27,oil_gas,2.8199999999999994,2.82,-4.440892098500626e-16,-1.5747844320924206e-14
2026-02-28,oil_gas,2.6600000000000006,2.66,4.440892098500626e-16,1.6695083077070022e-14
2026-03-01,oil_gas,4.019999999999999,4.02,-8.881784197001252e-16,-2.2093990539804115e-14
2026-03-02,oil_gas,3.4099999999999997,3.41,-4.440892098500626e-16,-1.3023143983872802e-14
2026-03-03,oil_gas,3.4299999999999997,3.43,-4.440892098500626e-16,-1.2947207284258384e-14
2026-03-04,oil_gas,3.4699999999999998,3.47,-4.440892098500626e-16,-1.279795993804215e-14
2026-03-05,oil_gas,4.599999999999999,4.6,-8.881784197001252e-16,-1.9308226515220114e-14
2026-03-06,oil_gas,4.659999999999999,4.66,-8.881784197001252e-16,-1.9059622740346037e-14
2026-03-07,oil_gas,4.669999999999999,4.67,-8.881784197001252e-16,-1.9018809843685767e-14
2026-03-08,oil_gas,4.6899999999999995,4.69,-8.881784197001252e-16,-1.893770617697495e-14
2026-03-09,oil_gas,4.3999999999999995,4.4,-8.881784197001252e-16,-2.0185873175002846e-14
2026-03-10,oil_gas,4.630000000000003,4.63,2.6645352591003757e-15,5.754935764795629e-14
2026-03-11,oil_gas,4.649999999999998,4.65,-2.6645352591003757e-15,-5.730183352904034e-14
2026-03-12,oil_gas,3.9399999999999995,3.94,-4.440892098500626e-16,-1.1271299742387376e-14
2026-03-13,oil_gas,4.539999999999999,4.54,-8.881784197001252e-16,-1.956340131498073e-14
2026-03-14,oil_gas,2.71,2.71,0.0,0.0
2026-03-15,oil_gas,2.65,2.65,0.0,0.0
2026-03-16,oil_gas,2.7299999999999995,2.73,-4.440892098500626e-16,-1.6267004023811816e-14
2026-03-17,oil_gas,2.64,2.64,0.0,0.0
2026-03-18,oil_gas,2.7,2.7,0.0,0.0
2026-03-19,oil_gas,3.45,3.45,0.0,0.0
2026-03-20,oil_gas,3.379999999999999,3.38,-8.881784197001252e-16,-2.6277468038465244e-14
2026-03-21,oil_gas,3.15,3.15,0.0,0.0
2026-03-22,oil_gas,3.4499999999999997,3.45,-4.440892098500626e-16,-1.2872151010146743e-14
2026-03-23,oil_gas,3.459999999999999,3.46,-8.881784197001252e-16,-2.566989652312501e-14
2026-03-24,oil_gas,3.649999999999999,3.65,-8.881784197001252e-16,-2.4333655334250006e-14
2026-03-25,oil_gas,3.4999999999999996,3.5,-4.440892098500626e-16,-1.2688263138573217e-14
2026-03-26,oil_gas,3.13,3.13,0.0,0.0
2026-03-27,oil_gas,2.88,2.88,0.0,0.0
2026-03-28,oil_gas,3.5999999999999996,3.6,-4.440892098500626e-16,-1.2335811384723962e-14
2026-03-29,oil_gas,3.5499999999999994,3.55,-4.440892098500626e-16,-1.2509555207044018e-14
2026-03-30,oil_gas,3.6399999999999997,3.64,-4.440892098500626e-16,-1.2200253017858862e-14
2026-03-31,oil_gas,2.920000000000001,2.92,8.881784197001252e-16,3.041706916781251e-14
2025-04-01,nuclear,54.48,54.48,0.0,0.0
2025-04-02,nuclear,54.48,54.48,0.0,0.0
2025-04-03,nuclear,54.39,54.39,0.0,0.0
2025-04-04,nuclear,54.41,54.41,0.0,0.0
2025-04-05,nuclear,54.44,54.44,0.0,0.0
2025-04-06,nuclear,54.35,54.35,0.0,0.0
2025-04-07,nuclear,54.31,54.31,0.0,0.0
2025-04-08,nuclear,54.25,54.25,0.0,0.0
2025-04-09,nuclear,54.32,54.32,0.0,0.0
2025-04-10,nuclear,54.15,54.15,0.0,0.0
2025-04-11,nuclear,54.13,54.13,0.0,0.0
2025-04-12,nuclear,54.36,54.36,0.0,0.0
2025-04-13,nuclear,54.42,54.42,0.0,0.0
2025-04-14,nuclear,54.46,54.46,0.0,0.0
2025-04-15,nuclear,53.18,53.18,0.0,0.0
2025-04-16,nuclear,42.96,42.96,0.0,0.0
2025-04-17,nuclear,44.51,44.51,0.0,0.0
2025-04-18,nuclear,52.64,52.64,0.0,0.0
2025-04-19,nuclear,54.18,54.18,0.0,0.0
2025-04-20,nuclear,54.35,54.35,0.0,0.0
2025-04-21,nuclear,54.46,54.46,0.0,0.0
2025-04-22,nuclear,54.46,54.46,0.0,0.0
2025-04-23,nuclear,54.33,54.33,0.0,0.0
2025-04-24,nuclear,54.26,54.26,0.0,0.0
2025-04-25,nuclear,54.45,54.45,0.0,0.0
2025-04-26,nuclear,54.4,54.4,0.0,0.0
2025-04-27,nuclear,29.85,29.85,0.0,0.0
2025-04-28,nuclear,29.81,29.81,0.0,0.0
2025-04-29,nuclear,29.79,29.79,0.0,0.0
2025-04-30,nuclear,29.88,29.88,0.0,0.0
2025-05-01,nuclear,29.86,29.86,0.0,0.0
2025-05-02,nuclear,29.87,29.87,0.0,0.0
2025-05-03,nuclear,29.85,29.85,0.0,0.0
2025-05-04,nuclear,29.83,29.83,0.0,0.0
2025-05-05,nuclear,29.92,29.92,0.0,0.0
2025-05-06,nuclear,29.8,29.8,0.0,0.0
2025-05-07,nuclear,29.88,29.88,0.0,0.0
2025-05-08,nuclear,29.83,29.83,0.0,0.0
2025-05-09,nuclear,29.9,29.9,0.0,0.0
2025-05-10,nuclear,29.67,29.67,0.0,0.0
2025-05-11,nuclear,29.81,29.81,0.0,0.0
2025-05-12,nuclear,29.91,29.91,0.0,0.0
2025-05-13,nuclear,29.93,29.93,0.0,0.0
2025-05-14,nuclear,29.86,29.86,0.0,0.0
2025-05-15,nuclear,29.74,29.74,0.0,0.0
2025-05-16,nuclear,29.8,29.8,0.0,0.0
2025-05-17,nuclear,29.78,29.78,0.0,0.0
2025-05-18,nuclear,54.29,54.29,0.0,0.0
2025-05-19,nuclear,54.4,54.4,0.0,0.0
2025-05-20,nuclear,54.48,54.48,0.0,0.0
2025-05-21,nuclear,54.43,54.43,0.0,0.0
2025-05-22,nuclear,54.47,54.47,0.0,0.0
2025-05-23,nuclear,54.42,54.42,0.0,0.0
2025-05-24,nuclear,54.53,54.53,0.0,0.0
2025-05-25,nuclear,54.52,54.52,0.0,0.0
2025-05-26,nuclear,54.66,54.66,0.0,0.0
2025-05-27,nuclear,54.45,54.45,0.0,0.0
2025-05-28,nuclear,54.7,54.7,0.0,0.0
2025-05-29,nuclear,54.7,54.7,0.0,0.0
2025-05-30,nuclear,54.76,54.76,0.0,0.0
2025-05-31,nuclear,54.77,54.77,0.0,0.0
2025-06-01,nuclear,54.62,54.62,0.0,0.0
2025-06-02,nuclear,54.75,54.75,0.0,0.0
2025-06-03,nuclear,54.66,54.66,0.0,0.0
2025-06-04,nuclear,54.65,54.65,0.0,0.0
2025-06-05,nuclear,54.65,54.65,0.0,0.0
2025-06-06,nuclear,54.57,54.57,0.0,0.0
2025-06-07,nuclear,49.38,49.38,0.0,0.0
2025-06-08,nuclear,49.25,49.25,0.0,0.0
2025-06-09,nuclear,49.45,49.45,0.0,0.0
2025-06-10,nuclear,49.11,49.11,0.0,0.0
2025-06-11,nuclear,49.25,49.25,0.0,0.0
2025-06-12,nuclear,49.39,49.39,0.0,0.0
2025-06-13,nuclear,49.28,49.28,0.0,0.0
2025-06-14,nuclear,49.37,49.37,0.0,0.0
2025-06-15,nuclear,52.59,52.59,0.0,0.0
2025-06-16,nuclear,54.32,54.32,0.0,0.0
2025-06-17,nuclear,48.73,48.73,0.0,0.0
2025-06-18,nuclear,44.84,44.84,0.0,0.0
2025-06-19,nuclear,52.21,52.21,0.0,0.0
2025-06-20,nuclear,54.62,54.62,0.0,0.0
2025-06-21,nuclear,54.58,54.58,0.0,0.0
2025-06-22,nuclear,54.72,54.72,0.0,0.0
2025-06-23,nuclear,54.73,54.73,0.0,0.0
2025-06-24,nuclear,54.72,54.72,0.0,0.0
2025-06-25,nuclear,54.65,54.65,0.0,0.0
2025-06-26,nuclear,53.45,53.45,0.0,0.0
2025-06-27,nuclear,53.23,53.23,0.0,0.0
2025-06-28,nuclear,54.23,54.23,0.0,0.0
2025-06-29,nuclear,54.61,54.61,0.0,0.0
2025-06-30,nuclear,54.63,54.63,0.0,0.0
2025-07-01,nuclear,54.64,54.64,0.0,0.0
2025-07-02,nuclear,54.38,54.38,0.0,0.0
2025-07-03,nuclear,53.99,53.99,0.0,0.0
2025-07-04,nuclear,53.92,53.92,0.0,0.0
2025-07-05,nuclear,54.01,54.01,0.0,0.0
2025-07-06,nuclear,54.31,54.31,0.0,0.0
2025-07-07,nuclear,54.09,54.09,0.0,0.0
2025-07-08,nuclear,54.11,54.11,0.0,0.0
2025-07-09,nuclear,54.13,54.13,0.0,0.0
2025-07-10,nuclear,54.01,54.01,0.0,0.0
2025-07-11,nuclear,54.07,54.07,0.0,0.0
2025-07-12,nuclear,54.19,54.19,0.0,0.0
2025-07-13,nuclear,54.26,54.26,0.0,0.0
2025-07-14,nuclear,54.12,54.12,0.0,0.0
2025-07-15,nuclear,54.18,54.18,0.0,0.0
2025-07-16,nuclear,54.03,54.03,0.0,0.0
2025-07-17,nuclear,53.99,53.99,0.0,0.0
2025-07-18,nuclear,54.0,54.0,0.0,0.0
2025-07-19,nuclear,54.02,54.02,0.0,0.0
2025-07-20,nuclear,54.05,54.05,0.0,0.0
2025-07-21,nuclear,53.86,53.86,0.0,0.0
2025-07-22,nuclear,53.95,53.95,0.0,0.0
2025-07-23,nuclear,53.84,53.84,0.0,0.0
2025-07-24,nuclear,53.61,53.61,0.0,0.0
2025-07-25,nuclear,53.47,53.47,0.0,0.0
2025-07-26,nuclear,53.31,53.31,0.0,0.0
2025-07-27,nuclear,53.04,53.04,0.0,0.0
2025-07-28,nuclear,52.77,52.77,0.0,0.0
2025-07-29,nuclear,52.76,52.76,0.0,0.0
2025-07-30,nuclear,52.41,52.41,0.0,0.0
2025-07-31,nuclear,52.14,52.14,0.0,0.0
2025-08-01,nuclear,32.28,32.28,0.0,0.0
2025-08-02,nuclear,29.83,29.83,0.0,0.0
2025-08-03,nuclear,29.86,29.86,0.0,0.0
2025-08-04,nuclear,30.0,30.0,0.0,0.0
2025-08-05,nuclear,29.89,29.89,0.0,0.0
2025-08-06,nuclear,29.91,29.91,0.0,0.0
2025-08-07,nuclear,29.91,29.91,0.0,0.0
2025-08-08,nuclear,29.95,29.95,0.0,0.0
2025-08-09,nuclear,29.95,29.95,0.0,0.0
2025-08-10,nuclear,30.05,30.05,0.0,0.0
2025-08-11,nuclear,30.05,30.05,0.0,0.0
2025-08-12,nuclear,29.98,29.98,0.0,0.0
2025-08-13,nuclear,29.93,29.93,0.0,0.0
2025-08-14,nuclear,29.94,29.94,0.0,0.0
2025-08-15,nuclear,30.01,30.01,0.0,0.0
2025-08-16,nuclear,30.04,30.04,0.0,0.0
2025-08-17,nuclear,29.94,29.94,0.0,0.0
2025-08-18,nuclear,30.02,30.02,0.0,0.0
2025-08-19,nuclear,30.01,30.01,0.0,0.0
2025-08-20,nuclear,29.97,29.97,0.0,0.0
2025-08-21,nuclear,30.02,30.02,0.0,0.0
2025-08-22,nuclear,29.91,29.91,0.0,0.0
2025-08-23,nuclear,30.020000000000003,30.02,3.552713678800501e-15,1.183448926982179e-14
2025-08-24,nuclear,30.04,30.04,0.0,0.0
2025-08-25,nuclear,30.04,30.04,0.0,0.0
2025-08-26,nuclear,30.04,30.04,0.0,0.0
2025-08-27,nuclear,29.98,29.98,0.0,0.0
2025-08-28,nuclear,30.03,30.03,0.0,0.0
2025-08-29,nuclear,29.89,29.89,0.0,0.0
2025-08-30,nuclear,29.96,29.96,0.0,0.0
2025-08-31,nuclear,30.0,30.0,0.0,0.0
2025-09-01,nuclear,24.73,24.73,0.0,0.0
2025-09-02,nuclear,24.56,24.56,0.0,0.0
2025-09-03,nuclear,19.08,19.08,0.0,0.0
2025-09-04,nuclear,24.36,24.36,0.0,0.0
2025-09-05,nuclear,24.4,24.4,0.0,0.0
2025-09-06,nuclear,24.62,24.62,0.0,0.0
2025-09-07,nuclear,24.6,24.6,0.0,0.0
2025-09-08,nuclear,24.62,24.62,0.0,0.0
2025-09-09,nuclear,24.64,24.64,0.0,0.0
2025-09-10,nuclear,24.65,24.65,0.0,0.0
2025-09-11,nuclear,24.6,24.6,0.0,0.0
2025-09-12,nuclear,24.68,24.68,0.0,0.0
2025-09-13,nuclear,24.57,24.57,0.0,0.0
2025-09-14,nuclear,24.68,24.68,0.0,0.0
2025-09-15,nuclear,24.72,24.72,0.0,0.0
2025-09-16,nuclear,24.71,24.71,0.0,0.0
2025-09-17,nuclear,24.58,24.58,0.0,0.0
2025-09-18,nuclear,24.63,24.63,0.0,0.0
2025-09-19,nuclear,24.6,24.6,0.0,0.0
2025-09-20,nuclear,24.61,24.61,0.0,0.0
2025-09-21,nuclear,24.61,24.61,0.0,0.0
2025-09-22,nuclear,24.6,24.6,0.0,0.0
2025-09-23,nuclear,24.57,24.57,0.0,0.0
2025-09-24,nuclear,24.54,24.54,0.0,0.0
2025-09-25,nuclear,24.55,24.55,0.0,0.0
2025-09-26,nuclear,24.47,24.47,0.0,0.0
2025-09-27,nuclear,24.64,24.64,0.0,0.0
2025-09-28,nuclear,24.51,24.51,0.0,0.0
2025-09-29,nuclear,24.57,24.57,0.0,0.0
2025-09-30,nuclear,24.6,24.6,0.0,0.0
2025-10-01,nuclear,24.7,24.7,0.0,0.0
2025-10-02,nuclear,24.3,24.3,0.0,0.0
2025-10-03,nuclear,24.63,24.63,0.0,0.0
2025-10-04,nuclear,24.69,24.69,0.0,0.0
2025-10-05,nuclear,43.5,43.5,0.0,0.0
2025-10-06,nuclear,48.18,48.18,0.0,0.0
2025-10-07,nuclear,46.14,46.14,0.0,0.0
2025-10-08,nuclear,42.21,42.21,0.0,0.0
2025-10-09,nuclear,48.84,48.84,0.0,0.0
2025-10-10,nuclear,48.97,48.97,0.0,0.0
2025-10-11,nuclear,49.16,49.16,0.0,0.0
2025-10-12,nuclear,49.09,49.09,0.0,0.0
2025-10-13,nuclear,49.19,49.19,0.0,0.0
2025-10-14,nuclear,49.21,49.21,0.0,0.0
2025-10-15,nuclear,48.97,48.97,0.0,0.0
2025-10-16,nuclear,48.97,48.97,0.0,0.0
2025-10-17,nuclear,48.7,48.7,0.0,0.0
2025-10-18,nuclear,48.58,48.58,0.0,0.0
2025-10-19,nuclear,48.65,48.65,0.0,0.0
2025-10-20,nuclear,48.18,48.18,0.0,0.0
2025-10-21,nuclear,48.05,48.05,0.0,0.0
2025-10-22,nuclear,47.6,47.6,0.0,0.0
2025-10-23,nuclear,47.330000000000005,47.33,7.105427357601002e-15,1.5012523468415386e-14
2025-10-24,nuclear,47.07,47.07,0.0,0.0
2025-10-25,nuclear,46.79,46.79,0.0,0.0
2025-10-26,nuclear,46.6,46.6,0.0,0.0
2025-10-27,nuclear,28.2,28.2,0.0,0.0
2025-10-28,nuclear,24.47,24.47,0.0,0.0
2025-10-29,nuclear,24.51,24.51,0.0,0.0
2025-10-30,nuclear,24.61,24.61,0.0,0.0
2025-10-31,nuclear,24.47,24.47,0.0,0.0
2025-11-01,nuclear,24.5,24.5,0.0,0.0
2025-11-02,nuclear,24.53,24.53,0.0,0.0
2025-11-03,nuclear,24.52,24.52,0.0,0.0
2025-11-04,nuclear,24.64,24.64,0.0,0.0
2025-11-05,nuclear,24.46,24.46,0.0,0.0
2025-11-06,nuclear,24.500000000000004,24.5,3.552713678800501e-15,1.4500872158369392e-14
2025-11-07,nuclear,24.54,24.54,0.0,0.0
2025-11-08,nuclear,24.51,24.51,0.0,0.0
2025-11-09,nuclear,24.58,24.58,0.0,0.0
2025-11-10,nuclear,24.6,24.6,0.0,0.0
2025-11-11,nuclear,24.59,24.59,0.0,0.0
2025-11-12,nuclear,24.59,24.59,0.0,0.0
2025-11-13,nuclear,24.58,24.58,0.0,0.0
2025-11-14,nuclear,24.62,24.62,0.0,0.0
2025-11-15,nuclear,24.54,24.54,0.0,0.0
2025-11-16,nuclear,24.58,24.58,0.0,0.0
2025-11-17,nuclear,24.48,24.48,0.0,0.0
2025-11-18,nuclear,24.57,24.57,0.0,0.0
2025-11-19,nuclear,24.65,24.65,0.0,0.0
2025-11-20,nuclear,24.68,24.68,0.0,0.0
2025-11-21,nuclear,24.68,24.68,0.0,0.0
2025-11-22,nuclear,24.6,24.6,0.0,0.0
2025-11-23,nuclear,24.53,24.53,0.0,0.0
2025-11-24,nuclear,24.66,24.66,0.0,0.0
2025-11-25,nuclear,27.73,27.73,0.0,0.0
2025-11-26,nuclear,29.25,29.25,0.0,0.0
2025-11-27,nuclear,29.53,29.53,0.0,0.0
2025-11-28,nuclear,29.6,29.6,0.0,0.0
2025-11-29,nuclear,29.41,29.41,0.0,0.0
2025-11-30,nuclear,29.53,29.53,0.0,0.0
2025-12-01,nuclear,29.56,29.56,0.0,0.0
2025-12-02,nuclear,29.55,29.55,0.0,0.0
2025-12-03,nuclear,29.489999999999995,29.49,-3.552713678800501e-15,-1.204718100644456e-14
2025-12-04,nuclear,29.55,29.55,0.0,0.0
2025-12-05,nuclear,29.64,29.64,0.0,0.0
2025-12-06,nuclear,29.57,29.57,0.0,0.0
2025-12-07,nuclear,29.479999999999997,29.48,-3.552713678800501e-15,-1.2051267567165877e-14
2025-12-08,nuclear,29.52,29.52,0.0,0.0
2025-12-09,nuclear,29.55,29.55,0.0,0.0
2025-12-10,nuclear,29.7,29.7,0.0,0.0
2025-12-11,nuclear,29.71,29.71,0.0,0.0
2025-12-12,nuclear,29.64,29.64,0.0,0.0
2025-12-13,nuclear,29.7,29.7,0.0,0.0
2025-12-14,nuclear,29.69,29.69,0.0,0.0
2025-12-15,nuclear,29.7,29.7,0.0,0.0
2025-12-16,nuclear,29.66,29.66,0.0,0.0
2025-12-17,nuclear,29.7,29.7,0.0,0.0
2025-12-18,nuclear,29.68,29.68,0.0,0.0
2025-12-19,nuclear,29.66,29.66,0.0,0.0
2025-12-20,nuclear,29.67,29.67,0.0,0.0
2025-12-21,nuclear,29.63,29.63,0.0,0.0
2025-12-22,nuclear,29.64,29.64,0.0,0.0
2025-12-23,nuclear,29.62,29.62,0.0,0.0
2025-12-24,nuclear,29.6,29.6,0.0,0.0
2025-12-25,nuclear,29.67,29.67,0.0,0.0
2025-12-26,nuclear,29.56,29.56,0.0,0.0
2025-12-27,nuclear,29.59,29.59,0.0,0.0
2025-12-28,nuclear,29.72,29.72,0.0,0.0
2025-12-29,nuclear,29.74,29.74,0.0,0.0
2025-12-30,nuclear,29.69,29.69,0.0,0.0
2025-12-31,nuclear,29.76,29.76,0.0,0.0
2026-01-01,nuclear,29.87,29.87,0.0,0.0
2026-01-02,nuclear,29.7,29.7,0.0,0.0
2026-01-03,nuclear,29.77,29.77,0.0,0.0
2026-01-04,nuclear,29.78,29.78,0.0,0.0
2026-01-05,nuclear,29.77,29.77,0.0,0.0
2026-01-06,nuclear,29.74,29.74,0.0,0.0
2026-01-07,nuclear,29.74,29.74,0.0,0.0
2026-01-08,nuclear,29.73,29.73,0.0,0.0
2026-01-09,nuclear,29.65,29.65,0.0,0.0
2026-01-10,nuclear,29.82,29.82,0.0,0.0
2026-01-11,nuclear,29.75,29.75,0.0,0.0
2026-01-12,nuclear,29.729999999999997,29.73,-3.552713678800501e-15,-1.1949928283890014e-14
2026-01-13,nuclear,29.83,29.83,0.0,0.0
2026-01-14,nuclear,30.49,30.49,0.0,0.0
2026-01-15,nuclear,46.83,46.83,0.0,0.0
2026-01-16,nuclear,49.16,49.16,0.0,0.0
2026-01-17,nuclear,53.39,53.39,0.0,0.0
2026-01-18,nuclear,54.31,54.31,0.0,0.0
2026-01-19,nuclear,54.44,54.44,0.0,0.0
2026-01-20,nuclear,54.37,54.37,0.0,0.0
2026-01-21,nuclear,54.31,54.31,0.0,0.0
2026-01-22,nuclear,53.18000000000001,53.18,7.105427357601002e-15,1.3361089427606248e-14
2026-01-23,nuclear,54.05,54.05,0.0,0.0
2026-01-24,nuclear,54.16,54.16,0.0,0.0
2026-01-25,nuclear,54.19,54.19,0.0,0.0
2026-01-26,nuclear,54.16,54.16,0.0,0.0
2026-01-27,nuclear,54.25,54.25,0.0,0.0
2026-01-28,nuclear,54.17,54.17,0.0,0.0
2026-01-29,nuclear,46.98,46.98,0.0,0.0
2026-01-30,nuclear,45.73,45.73,0.0,0.0
2026-01-31,nuclear,53.85,53.85,0.0,0.0
2026-02-01,nuclear,54.12,54.12,0.0,0.0
2026-02-02,nuclear,54.24,54.24,0.0,0.0
2026-02-03,nuclear,54.26,54.26,0.0,0.0
2026-02-04,nuclear,54.24,54.24,0.0,0.0
2026-02-05,nuclear,54.2,54.2,0.0,0.0
2026-02-06,nuclear,54.22,54.22,0.0,0.0
2026-02-07,nuclear,54.23,54.23,0.0,0.0
2026-02-08,nuclear,54.35,54.35,0.0,0.0
2026-02-09,nuclear,54.32,54.32,0.0,0.0
2026-02-10,nuclear,54.21,54.21,0.0,0.0
2026-02-11,nuclear,54.24,54.24,0.0,0.0
2026-02-12,nuclear,54.19,54.19,0.0,0.0
2026-02-13,nuclear,54.22,54.22,0.0,0.0
2026-02-14,nuclear,54.27,54.27,0.0,0.0
2026-02-15,nuclear,54.2,54.2,0.0,0.0
2026-02-16,nuclear,54.16,54.16,0.0,0.0
2026-02-17,nuclear,54.38,54.38,0.0,0.0
2026-02-18,nuclear,54.28999999999999,54.29,-7.105427357601002e-15,-1.3087911876222143e-14
2026-02-19,nuclear,54.23,54.23,0.0,0.0
2026-02-20,nuclear,54.28,54.28,0.0,0.0
2026-02-21,nuclear,54.19,54.19,0.0,0.0
2026-02-22,nuclear,54.29,54.29,0.0,0.0
2026-02-23,nuclear,53.01,53.01,0.0,0.0
2026-02-24,nuclear,54.24,54.24,0.0,0.0
2026-02-25,nuclear,54.22,54.22,0.0,0.0
2026-02-26,nuclear,54.25,54.25,0.0,0.0
2026-02-27,nuclear,54.16,54.16,0.0,0.0
2026-02-28,nuclear,54.17,54.17,0.0,0.0
2026-03-01,nuclear,54.29,54.29,0.0,0.0
2026-03-02,nuclear,54.14,54.14,0.0,0.0
2026-03-03,nuclear,54.08,54.08,0.0,0.0
2026-03-04,nuclear,54.1,54.1,0.0,0.0
2026-03-05,nuclear,54.09,54.09,0.0,0.0
2026-03-06,nuclear,54.09,54.09,0.0,0.0
2026-03-07,nuclear,54.17,54.17,0.0,0.0
2026-03-08,nuclear,54.14,54.14,0.0,0.0
2026-03-09,nuclear,54.12,54.12,0.0,0.0
2026-03-10,nuclear,54.05,54.05,0.0,0.0
2026-03-11,nuclear,54.01,54.01,0.0,0.0
2026-03-12,nuclear,53.91,53.91,0.0,0.0
2026-03-13,nuclear,54.17,54.17,0.0,0.0
2026-03-14,nuclear,54.12,54.12,0.0,0.0
2026-03-15,nuclear,54.14,54.14,0.0,0.0
2026-03-16,nuclear,54.24,54.24,0.0,0.0
2026-03-17,nuclear,53.97,53.97,0.0,0.0
2026-03-18,nuclear,53.99,53.99,0.0,0.0
2026-03-19,nuclear,54.11,54.11,0.0,0.0
2026-03-20,nuclear,53.95,53.95,0.0,0.0
2026-03-21,nuclear,54.13,54.13,0.0,0.0
2026-03-22,nuclear,54.04,54.04,0.0,0.0
2026-03-23,nuclear,53.98,53.98,0.0,0.0
2026-03-24,nuclear,54.11999999999999,54.12,-7.105427357601002e-15,-1.3129023203253885e-14
2026-03-25,nuclear,53.92,53.92,0.0,0.0
2026-03-26,nuclear,53.95,53.95,0.0,0.0
2026-03-27,nuclear,53.98,53.98,0.0,0.0
2026-03-28,nuclear,53.93,53.93,0.0,0.0
2026-03-29,nuclear,53.88,53.88,0.0,0.0
2026-03-30,nuclear,53.86,53.86,0.0,0.0
2026-03-31,nuclear,53.89,53.89,0.0,0.0
2025-04-01,hydro,23.05271919465269,6.88,16.17271919465269,235.06859294553325
2025-04-02,hydro,27.725483533076737,9.34,18.385483533076737,196.8467187695582
2025-04-03,hydro,22.820309199399972,4.97,17.850309199399973,359.16115089335966
2025-04-04,hydro,22.56772612788119,5.53,17.03772612788119,308.0963133432403
2025-04-05,hydro,20.023074378181686,4.8,15.223074378181686,317.14738287878515
2025-04-06,hydro,17.552135961062323,4.88,12.672135961062324,259.6749172348837
2025-04-07,hydro,21.69430264517658,7.79,13.904302645176582,178.48912253114997
2025-04-08,hydro,16.970268370103266,5.58,11.390268370103266,204.1266732993417
2025-04-09,hydro,16.35305593105717,6.79,9.563055931057171,140.8402935354517
2025-04-10,hydro,11.201398772998916,3.93,7.271398772998916,185.02286954195714
2025-04-11,hydro,10.5978384850752,6.08,4.517838485075201,74.30655403084212
2025-04-12,hydro,10.515041694048,7.26,3.255041694048,44.83528504198347
2025-04-13,hydro,11.639102095831886,6.42,5.219102095831886,81.29442516872096
2025-04-14,hydro,12.282833407001943,4.85,7.432833407001944,153.2542970515865
2025-04-15,hydro,11.004081771058479,9.09,1.9140817710584788,21.057005182161483
2025-04-16,hydro,10.364135938317732,4.71,5.654135938317732,120.04534900886905
2025-04-17,hydro,10.2198305756352,6.04,4.1798305756352,69.2024929740927
2025-04-18,hydro,10.2216306434304,3.29,6.9316306434304,210.68786150244375
2025-04-19,hydro,11.0796629591424,5.9,5.1796629591424,87.79089761258304
2025-04-20,hydro,11.359873512595199,5.78,5.579873512595198,96.53760402413837
2025-04-21,hydro,11.918535573481158,9.05,2.8685355734811573,31.696525673824937
2025-04-22,hydro,11.56126875307256,9.4,2.1612687530725605,22.992220777367663
2025-04-23,hydro,11.6102889699008,6.43,5.180288969900801,80.56436967186316
2025-04-24,hydro,11.57298400461482,7.43,4.142984004614821,55.76021540531387
2025-04-25,hydro,12.571602644027147,6.68,5.891602644027147,88.19764437166387
2025-04-26,hydro,15.41382632769259,8.1,7.31382632769259,90.29415219373568
2025-04-27,hydro,11.593741426748378,4.64,6.953741426748379,149.86511695578403
2025-04-28,hydro,13.401977320225795,4.42,8.981977320225795,203.21215656619444
2025-04-29,hydro,16.753898088086036,6.21,10.543898088086035,169.7890191318202
2025-04-30,hydro,10.557640000011197,4.14,6.417640000011198,155.01545893746857
2025-05-01,hydro,8.796278417408601,6.04,2.756278417408601,45.63374863259273
2025-05-02,hydro,8.276438683520723,3.94,4.336438683520724,110.06189552083056
2025-05-03,hydro,8.1318260559552,4.41,3.7218260559551997,84.39514866111564
2025-05-04,hydro,7.591826055955201,3.12,4.4718260559552006,143.32775820369233
2025-05-05,hydro,7.9081586840906555,4.46,3.4481586840906555,77.31297497961111
2025-05-06,hydro,8.346325186572253,4.57,3.7763251865722527,82.6329362488458
2025-05-07,hydro,7.4118260559552,5.9,1.5118260559551997,25.624170439918636
2025-05-08,hydro,10.279439253334672,4.71,5.569439253334672,118.24711790519476
2025-05-09,hydro,10.273425464105744,7.45,2.8234254641057435,37.8983283772583
2025-05-10,hydro,11.223353526391486,5.54,5.683353526391486,102.58760877962972
2025-05-11,hydro,9.8346088359744,4.24,5.5946088359744,131.9483216031698
2025-05-12,hydro,9.663002372832,6.08,3.5830023728320004,58.93096007947369
2025-05-13,hydro,9.663002372832,5.86,3.803002372832,64.89765141351536
2025-05-14,hydro,7.804825241027511,10.25,-2.445174758972489,-23.855363502170622
2025-05-15,hydro,8.977897148340361,10.06,-1.0821028516596396,-10.756489579121666
2025-05-16,hydro,7.9668179320521215,5.48,2.486817932052121,45.379889271024105
2025-05-17,hydro,7.728047456639999,7.38,0.3480474566399989,4.716090198373969
2025-05-18,hydro,7.5925559042536,5.32,2.2725559042535997,42.71721624536841
2025-05-19,hydro,8.1498538519872,8.21,-0.060146148012801603,-0.7325961999123215
2025-05-20,hydro,7.491212946956114,6.34,1.1512129469561145,18.157932917288875
2025-05-21,hydro,7.806967874833507,7.96,-0.15303212516649278,-1.922514135257447
2025-05-22,hydro,8.097423307874696,7.83,0.2674233078746955,3.4153679166627775
2025-05-23,hydro,8.480922080985279,7.45,1.0309220809852784,13.837880281681588
2025-05-24,hydro,9.235035065183999,7.1,2.135035065183999,30.070916411042237
2025-05-25,hydro,9.0453360934056,10.95,-1.9046639065943989,-17.39419092780273
2025-05-26,hydro,11.3394209330712,14.21,-2.8705790669288014,-20.20111940132865
2025-05-27,hydro,7.09816366218915,14.22,-7.1218363378108505,-50.083237256053806
2025-05-28,hydro,7.8496931265520375,12.75,-4.9003068734479625,-38.43377939959186
2025-05-29,hydro,8.259143631590959,14.61,-6.35085636840904,-43.46924276802903
2025-05-30,hydro,9.2868385980672,16.95,-7.663161401932799,-45.210391751815926
2025-05-31,hydro,9.945299812980918,17.68,-7.734700187019081,-43.74830422522105
2025-06-01,hydro,11.56514115222604,16.08,-4.514858847773958,-28.07748039660422
2025-06-02,hydro,14.320839727987199,14.62,-0.2991602720128004,-2.046239890648429
2025-06-03,hydro,5.883130374504484,16.85,-10.966869625495518,-65.08527967653126
2025-06-04,hydro,6.729796963061207,18.05,-11.320203036938793,-62.71580629882988
2025-06-05,hydro,10.910859764187984,17.59,-6.6791402358120155,-37.971234996088775
2025-06-06,hydro,11.122238990105275,15.52,-4.397761009894724,-28.33608898128044
2025-06-07,hydro,7.129106122179584,11.76,-4.630893877820416,-39.378349301194014
2025-06-08,hydro,6.238979312685263,12.2,-5.961020687314736,-48.8608253058585
2025-06-09,hydro,7.1740448622339335,9.72,-2.545955137766067,-26.192954092243486
2025-06-10,hydro,5.823857291831227,10.62,-4.796142708168772,-45.16141909763439
2025-06-11,hydro,6.456562186324929,13.45,-6.993437813675071,-51.99582017602283
2025-06-12,hydro,7.470373027607038,14.35,-6.879626972392962,-47.94165137556071
2025-06-13,hydro,10.183353185727592,17.76,-7.57664681427241,-42.661299629912214
2025-06-14,hydro,11.980700916162803,17.14,-5.1592990838371975,-30.10092814374094
2025-06-15,hydro,9.186428608444572,17.24,-8.053571391555426,-46.714451227119646
2025-06-16,hydro,13.250071511771383,24.73,-11.479928488228618,-46.42106141620953
2025-06-17,hydro,11.96059865893583,27.77,-15.80940134106417,-56.92978516767796
2025-06-18,hydro,14.070685979385615,26.78,-12.709314020614386,-47.45823009938157
2025-06-19,hydro,13.712677302735496,27.53,-13.817322697264505,-50.190057018759546
2025-06-20,hydro,14.99286235019206,24.8,-9.80713764980794,-39.54490987825782
2025-06-21,hydro,16.059031750752,25.66,-9.600968249248002,-37.41608826674982
2025-06-22,hydro,13.781634294462528,24.37,-10.588365705537473,-43.44836153277584
2025-06-23,hydro,14.618460677968798,25.23,-10.611539322031202,-42.05921253282284
2025-06-24,hydro,12.299585689000791,22.78,-10.48041431099921,-46.00708652765237
2025-06-25,hydro,15.152693961589756,27.59,-12.437306038410243,-45.079036021784134
2025-06-26,hydro,15.6842619271488,26.34,-10.6557380728512,-40.45458645729385
2025-06-27,hydro,16.4526188353614,25.99,-9.5373811646386,-36.69634922908273
2025-06-28,hydro,16.315228745164802,27.61,-11.294771254835197,-40.90826242243824
2025-06-29,hydro,15.404015695893001,27.78,-12.375984304107,-44.549979496425486
2025-06-30,hydro,15.465028360992001,22.65,-7.184971639007998,-31.72172909054304
2025-07-01,hydro,14.174905073101993,23.33,-9.155094926898006,-39.24172707628807
2025-07-02,hydro,13.549028360992,23.89,-10.340971639008,-43.28577496445374
2025-07-03,hydro,13.557961331751919,26.61,-13.05203866824808,-49.04937492765156
2025-07-04,hydro,13.89703083565878,26.11,-12.212969164341219,-46.775063823597165
2025-07-05,hydro,13.063177268261976,21.99,-8.926822731738023,-40.59491919844485
2025-07-06,hydro,10.869395089035999,22.3,-11.430604910964002,-51.25831798638566
2025-07-07,hydro,12.710971740944192,25.85,-13.13902825905581,-50.8279623174306
2025-07-08,hydro,11.43850293602748,26.77,-15.33149706397252,-57.27118813587045
2025-07-09,hydro,12.249155198198466,24.33,-12.080844801801533,-49.65410933744979
2025-07-10,hydro,13.185220945008467,24.53,-11.344779054991534,-46.24858970644735
2025-07-11,hydro,11.9166345228224,22.99,-11.073365477177598,-48.16600903513527
2025-07-12,hydro,12.398823857863682,25.28,-12.881176142136319,-50.954019549589866
2025-07-13,hydro,10.89409866507591,27.41,-16.515901334924088,-60.255021287574195
2025-07-14,hydro,11.25444577016349,24.11,-12.855554229836509,-53.320424014253454
2025-07-15,hydro,12.3349892896232,27.6,-15.265010710376801,-55.3080098202058
2025-07-16,hydro,12.325863493971198,25.37,-13.044136506028803,-51.415595214934186
2025-07-17,hydro,12.550297228464911,26.25,-13.699702771535089,-52.189343891562245
2025-07-18,hydro,13.203716786759085,28.11,-14.906283213240915,-53.02839990480581
2025-07-19,hydro,12.8259028231416,24.65,-11.824097176858398,-47.967939865551315
2025-07-20,hydro,13.706339769140415,28.26,-14.553660230859586,-51.49915156001269
2025-07-21,hydro,15.165546620804385,26.2,-11.034453379195615,-42.11623427173899
2025-07-22,hydro,14.055703696099366,25.43,-11.374296303900634,-44.72786592174846
2025-07-23,hydro,14.398197350987832,35.66,-21.261802649012164,-59.62367540384792
2025-07-24,hydro,15.279187431401636,27.7,-12.420812568598363,-44.8404785869977
2025-07-25,hydro,14.643346743344052,28.74,-14.096653256655946,-49.048897900681794
2025-07-26,hydro,14.931027231072,30.36,-15.428972768928,-50.82006840885376
2025-07-27,hydro,14.420952231529782,26.77,-12.349047768470218,-46.130174704782284
2025-07-28,hydro,17.88025840792988,30.44,-12.559741592070122,-41.26064911980986
2025-07-29,hydro,11.426,29.63,-18.204,-61.43773202834964
2025-07-30,hydro,13.532427568957068,29.25,-15.717572431042932,-53.735290362539935
2025-07-31,hydro,13.223438810906705,31.62,-18.396561189093298,-58.180142913008524
2025-08-01,hydro,14.062341201675936,33.27,-19.20765879832407,-57.7326684650558
2025-08-02,hydro,14.067002372832,30.12,-16.052997627168,-53.2968048710757
2025-08-03,hydro,12.27117481802752,27.63,-15.35882518197248,-55.587496134536664
2025-08-04,hydro,11.648110284067766,31.54,-19.891889715932233,-63.06876891544779
2025-08-05,hydro,11.497832218979887,31.02,-19.522167781020112,-62.93413211160578
2025-08-06,hydro,10.764227240712797,29.32,-18.5557727592872,-63.28708308078854
2025-08-07,hydro,12.184071027939169,29.84,-17.65592897206083,-59.16866277500279
2025-08-08,hydro,15.00495492474699,29.05,-14.045045075253011,-48.34783158434771
2025-08-09,hydro,13.236654651773138,28.67,-15.433345348226863,-53.83099179709404
2025-08-10,hydro,12.46866660576428,26.67,-14.201333394235721,-53.248344185360786
2025-08-11,hydro,13.909999534020413,24.77,-10.860000465979587,-43.84336078312308
2025-08-12,hydro,12.339317907352587,22.05,-9.710682092647414,-44.03937456982953
2025-08-13,hydro,13.436474934866947,21.99,-8.553525065133051,-38.89733999605753
2025-08-14,hydro,13.417098369908189,21.83,-8.41290163009181,-38.5382575817307
2025-08-15,hydro,13.376382388398923,21.89,-8.513617611601077,-38.892725498406016
2025-08-16,hydro,15.225107003423998,21.98,-6.754892996576002,-30.73199725466789
2025-08-17,hydro,13.541339074205057,26.83,-13.288660925794941,-49.52911265670869
2025-08-18,hydro,15.72956129816,30.38,-14.650438701839999,-48.22395886056616
2025-08-19,hydro,11.024056496,26.22,-15.195943503999999,-57.955543493516394
2025-08-20,hydro,13.304627687824773,27.82,-14.515372312175227,-52.17603275404466
2025-08-21,hydro,15.511853553433806,30.08,-14.568146446566193,-48.43133792076527
2025-08-22,hydro,17.410001716736367,27.11,-9.699998283263632,-35.78014859189831
2025-08-23,hydro,14.76761034058455,27.23,-12.46238965941545,-45.767130589112924
2025-08-24,hydro,10.7234057023296,23.93,-13.2065942976704,-55.188442531008775
2025-08-25,hydro,11.854683603360387,25.38,-13.525316396639612,-53.29123875744528
2025-08-26,hydro,8.98057805357826,19.1,-10.119421946421742,-52.981266735192364
2025-08-27,hydro,9.029221291516103,19.27,-10.240778708483896,-53.143636266133356
2025-08-28,hydro,7.270489469023635,19.66,-12.389510530976366,-63.01887350445761
2025-08-29,hydro,8.199847780386616,29.33,-21.130152219613382,-72.04279652101391
2025-08-30,hydro,9.001036033755774,23.25,-14.248963966244226,-61.285866521480536
2025-08-31,hydro,9.031913511763197,23.76,-14.728086488236805,-61.986895994262646
2025-09-01,hydro,14.243778203027999,27.33,-13.086221796972,-47.88226050849616
2025-09-02,hydro,11.61007570464,22.32,-10.70992429536,-47.983531789247316
2025-09-03,hydro,11.766075704639999,23.98,-12.213924295360002,-50.93379606071727
2025-09-04,hydro,9.775002372831999,27.46,-17.684997627168002,-64.40275902100511
2025-09-05,hydro,10.84370624443881,29.08,-18.23629375556119,-62.71077632586379
2025-09-06,hydro,10.711695553607608,27.57,-16.858304446392392,-61.147277643788144
2025-09-07,hydro,9.823002372832,26.92,-17.096997627168,-63.51039237432392
2025-09-08,hydro,14.367205568674589,29.62,-15.252794431325412,-51.49491705376575
2025-09-09,hydro,15.929178390370927,24.89,-8.960821609629074,-36.001693891639505
2025-09-10,hydro,13.622486236884845,20.58,-6.957513763115154,-33.80716114244487
2025-09-11,hydro,13.24827197059237,21.99,-8.741728029407628,-39.75319704141714
2025-09-12,hydro,12.75899887123163,22.29,-9.53100112876837,-42.7590898553987
2025-09-13,hydro,11.914701684749712,19.04,-7.125298315250287,-37.422785269171676
2025-09-14,hydro,11.246021357521819,16.37,-5.123978642478182,-31.301030192291883
2025-09-15,hydro,11.599469608524338,18.23,-6.630530391475663,-36.371532591748014
2025-09-16,hydro,11.756769321136025,20.4,-8.643230678863974,-42.3687778375685
2025-09-17,hydro,13.949831212865442,23.39,-9.440168787134558,-40.35984945333287
2025-09-18,hydro,11.510400816146175,19.33,-7.819599183853823,-40.45317736085786
2025-09-19,hydro,11.976452456309307,19.67,-7.693547543690695,-39.11310393335381
2025-09-20,hydro,9.155264291039948,14.09,-4.934735708960051,-35.02296457743117
2025-09-21,hydro,11.103167467944798,15.93,-4.826832532055201,-30.300266993441316
2025-09-22,hydro,10.934423403068648,16.27,-5.335576596931352,-32.793955727912426
2025-09-23,hydro,9.909794495643885,17.45,-7.5402055043561145,-43.21034672983447
2025-09-24,hydro,11.280299878258573,19.9,-8.619700121741426,-43.31507598865038
2025-09-25,hydro,11.146709294627897,20.58,-9.433290705372102,-45.83717543912586
2025-09-26,hydro,11.8829048113792,19.1,-7.217095188620801,-37.78583868387854
2025-09-27,hydro,11.417298001919882,17.99,-6.572701998080117,-36.535308494052906
2025-09-28,hydro,10.032548304079999,22.82,-12.787451695920002,-56.0361599295355
2025-09-29,hydro,11.917905538795473,21.02,-9.102094461204526,-43.30206689440783
2025-09-30,hydro,7.75406101568,22.71,-14.955938984320001,-65.85618222950242
2025-10-01,hydro,4.080847107835747,22.05,-17.969152892164253,-81.4927568805635
2025-10-02,hydro,7.464744630315362,20.84,-13.375255369684638,-64.18068795434088
2025-10-03,hydro,14.186856028967956,25.97,-11.783143971032043,-45.372136969703675
2025-10-04,hydro,13.730384157598976,22.0,-8.269615842401024,-37.589162920004654
2025-10-05,hydro,9.8170365600512,21.43,-11.6129634399488,-54.19021670531404
2025-10-06,hydro,10.541723103221774,18.27,-7.728276896778226,-42.300366156421596
2025-10-07,hydro,9.844769724967248,22.22,-12.37523027503275,-55.6941056482122
2025-10-08,hydro,11.92647151858564,21.23,-9.30352848141436,-43.82255525866397
2025-10-09,hydro,10.0411567653302,18.58,-8.538843234669798,-45.957175644078575
2025-10-10,hydro,9.054572019839465,20.25,-11.195427980160535,-55.286064099558196
2025-10-11,hydro,8.710627571694808,20.58,-11.86937242830519,-57.67430723180366
2025-10-12,hydro,8.050929084208384,19.68,-11.629070915791615,-59.09080749894113
2025-10-13,hydro,12.78103480451173,20.07,-7.28896519548827,-36.317713978516544
2025-10-14,hydro,10.700819503259181,18.57,-7.869180496740819,-42.37577004168454
2025-10-15,hydro,10.522901656640542,17.32,-6.797098343359458,-39.24421676304537
2025-10-16,hydro,10.52868045121482,17.91,-7.38131954878518,-41.21339781566265
2025-10-17,hydro,10.1746487598144,15.74,-5.565351240185601,-35.35801296178908
2025-10-18,hydro,9.750083367413422,14.91,-5.159916632586578,-34.607086737669874
2025-10-19,hydro,9.516144296630397,16.56,-7.043855703369601,-42.535360527594214
2025-10-20,hydro,6.379290956266637,17.01,-10.630709043733365,-62.496819775034474
2025-10-21,hydro,8.526462702709962,20.2,-11.673537297290038,-57.78978860044573
2025-10-22,hydro,8.007825537941457,16.06,-8.052174462058542,-50.13807261555755
2025-10-23,hydro,8.67322937383392,19.58,-10.906770626166079,-55.70362934711992
2025-10-24,hydro,14.016300871724795,21.57,-7.5536991282752055,-35.01946744680207
2025-10-25,hydro,12.254381486059412,18.76,-6.50561851394059,-34.67813706791359
2025-10-26,hydro,10.385898626954983,21.4,-11.014101373045015,-51.467763425444005
2025-10-27,hydro,10.8939396187616,21.38,-10.4860603812384,-49.04611965031992
2025-10-28,hydro,5.424530734037491,18.61,-13.185469265962508,-70.851527490395
2025-10-29,hydro,8.908001845418704,18.82,-9.911998154581296,-52.66736532721199
2025-10-30,hydro,12.571646814521635,23.79,-11.218353185478364,-47.155751094906954
2025-10-31,hydro,15.040855658226466,23.98,-8.939144341773535,-37.2774993401732
2025-11-01,hydro,12.590255776910062,20.71,-8.119744223089938,-39.2068769825685
2025-11-02,hydro,9.139394857513459,21.69,-12.550605142486543,-57.86355529039439
2025-11-03,hydro,12.59390593909941,24.58,-11.986094060900589,-48.763604804314845
2025-11-04,hydro,7.3894652847895665,24.29,-16.900534715210433,-69.57815856406107
2025-11-05,hydro,9.877708080614399,25.56,-15.6822919193856,-61.3548197159061
2025-11-06,hydro,7.842966928424806,22.42,-14.577033071575196,-65.0179887224585
2025-11-07,hydro,11.177673911430494,26.46,-15.282326088569507,-57.75633442392104
2025-11-08,hydro,10.599503956731258,21.45,-10.850496043268741,-50.58506313878202
2025-11-09,hydro,7.084863520687038,20.06,-12.975136479312962,-64.68163748411247
2025-11-10,hydro,12.4207040263921,24.09,-11.6692959736079,-48.440415000447906
2025-11-11,hydro,11.497661877559883,24.8,-13.302338122440117,-53.63846017112951
2025-11-12,hydro,10.992227659083994,22.2,-11.207772340916005,-50.48546099511714
2025-11-13,hydro,10.416480171726452,18.86,-8.443519828273548,-44.76945826231998
2025-11-14,hydro,10.724048463578638,21.69,-10.965951536421363,-50.55763732789932
2025-11-15,hydro,7.435736511431424,19.93,-12.494263488568576,-62.69073501539677
2025-11-16,hydro,4.831907193970286,19.14,-14.308092806029714,-74.75492584132557
2025-11-17,hydro,10.401159206545746,12.2,-1.7988407934542536,-14.744596667657817
2025-11-18,hydro,10.368563529945078,12.82,-2.4514364700549223,-19.121969345202203
2025-11-19,hydro,8.3377060467584,13.71,-5.3722939532416,-39.18522212430051
2025-11-20,hydro,7.956348133270446,12.0,-4.043651866729554,-33.69709888941295
2025-11-21,hydro,10.59028292936067,17.2,-6.609717070639329,-38.4285876199961
2025-11-22,hydro,11.304094088684874,13.96,-2.655905911315127,-19.025113977902055
2025-11-23,hydro,8.804735248528793,14.02,-5.2152647514712065,-37.198750010493626
2025-11-24,hydro,9.995077371918399,11.71,-1.7149226280816023,-14.644941315812146
2025-11-25,hydro,5.680911491708,15.21,-9.529088508292002,-62.65015455813282
2025-11-26,hydro,6.749017501114883,15.97,-9.220982498885117,-57.73940199677594
2025-11-27,hydro,7.105086664864,17.84,-10.734913335136,-60.17328102654709
2025-11-28,hydro,8.92077959515936,17.28,-8.359220404840642,-48.37511808356852
2025-11-29,hydro,9.833002372831999,15.27,-5.436997627168001,-35.60574739468239
2025-11-30,hydro,7.803936169949335,18.14,-10.336063830050666,-56.979403693774344
2025-12-01,hydro,10.870223269323933,20.11,-9.239776730676066,-45.946179665221614
2025-12-02,hydro,7.747929237995006,15.44,-7.6920707620049935,-49.81911115288209
2025-12-03,hydro,11.673627063022234,16.38,-4.706372936977765,-28.732435512684766
2025-12-04,hydro,8.438149541988793,11.26,-2.821850458011207,-25.060838881094206
2025-12-05,hydro,5.57677346270434,13.01,-7.43322653729566,-57.13471589005119
2025-12-06,hydro,6.795745991229252,11.91,-5.114254008770748,-42.940839704204436
2025-12-07,hydro,5.386265933578461,11.91,-6.5237340664215395,-54.775265041322754
2025-12-08,hydro,8.20510043007962,13.58,-5.37489956992038,-39.57952555169646
2025-12-09,hydro,7.754178753343999,14.46,-6.705821246656002,-46.37497404326418
2025-12-10,hydro,6.9570007039232,14.95,-7.9929992960768,-53.46487823462742
2025-12-11,hydro,7.50531185298069,12.82,-5.31468814701931,-41.456225795782444
2025-12-12,hydro,8.884492853810501,18.06,-9.175507146189497,-50.80568740968714
2025-12-13,hydro,8.026394530316306,17.13,-9.103605469683693,-53.144223407377076
2025-12-14,hydro,5.067075571636735,15.33,-10.262924428363265,-66.94666946094759
2025-12-15,hydro,7.2961128038271745,13.57,-6.273887196172826,-46.233509183292746
2025-12-16,hydro,7.781285649552446,15.23,-7.448714350447554,-48.90817039033194
2025-12-17,hydro,5.786578370228214,10.97,-5.183421629771787,-47.25088085480206
2025-12-18,hydro,6.006366125570989,11.57,-5.563633874429011,-48.08672320163363
2025-12-19,hydro,7.670057625919999,11.63,-3.9599423740800015,-34.04937552949271
2025-12-20,hydro,8.674543128059334,13.5,-4.825456871940666,-35.744124977338274
2025-12-21,hydro,6.0426558406463995,11.19,-5.1473441593536,-45.99950097724397
2025-12-22,hydro,6.316150451111049,11.74,-5.423849548888951,-46.199740620859885
2025-12-23,hydro,7.476012164635043,10.24,-2.763987835364957,-26.992068704735907
2025-12-24,hydro,7.132849640197839,11.36,-4.2271503598021605,-37.210830632061274
2025-12-25,hydro,6.604059904870846,9.67,-3.0659400951291538,-31.705688677654127
2025-12-26,hydro,7.1704898495909575,11.59,-4.419510150409042,-38.13209793277863
2025-12-27,hydro,6.241490554879583,11.83,-5.588509445120417,-47.240147465092285
2025-12-28,hydro,5.0094402053596045,12.22,-7.210559794640396,-59.0062176320818
2025-12-29,hydro,6.37601807872,11.21,-4.833981921280001,-43.122051037288145
2025-12-30,hydro,4.4570020357360844,12.03,-7.572997964263915,-62.95093902131268
2025-12-31,hydro,9.321608175811281,11.1,-1.7783918241887182,-16.02154796566413
2026-01-01,hydro,5.381820596935585,8.46,-3.078179403064416,-36.38509932700255
2026-01-02,hydro,10.072316750659322,11.28,-1.2076832493406773,-10.706411784935083
2026-01-03,hydro,4.7569198115816285,9.37,-4.613080188418371,-49.232445980985815
2026-01-04,hydro,3.383752373478397,9.7,-6.316247626521602,-65.11595491259385
2026-01-05,hydro,4.55120645603119,10.84,-6.28879354396881,-58.014700590118174
2026-01-06,hydro,5.182180927266114,10.91,-5.727819072733886,-52.50063311396779
2026-01-07,hydro,4.027029277824523,8.26,-4.232970722175477,-51.246618912536036
2026-01-08,hydro,3.437107219808974,7.79,-4.352892780191026,-55.87795610001317
2026-01-09,hydro,4.761406438131136,10.15,-5.3885935618688645,-53.08959174255039
2026-01-10,hydro,3.7455786909735975,9.27,-5.524421309026402,-59.59462037784684
2026-01-11,hydro,5.07765488840856,7.5,-2.42234511159144,-32.2979348212192
2026-01-12,hydro,7.258504751573633,6.5,0.758504751573633,11.669303870363585
2026-01-13,hydro,5.656237151099002,7.77,-2.113762848900998,-27.204155069510914
2026-01-14,hydro,3.7447106656893476,5.11,-1.3652893343106527,-26.71799088670553
2026-01-15,hydro,2.81923060446508,6.75,-3.93076939553492,-58.233620674591414
2026-01-16,hydro,1.9776555334879977,5.21,-3.2323444665120022,-62.04116058564304
2026-01-17,hydro,2.117302431857598,5.22,-3.1026975681424016,-59.438650730697354
2026-01-18,hydro,3.1169497458753668,6.37,-3.2530502541246333,-51.06829284340083
2026-01-19,hydro,5.128021730783833,6.58,-1.4519782692161671,-22.066539045838407
2026-01-20,hydro,5.101797908853309,9.32,-4.218202091146691,-45.25967908955677
2026-01-21,hydro,5.659909760233162,10.76,-5.100090239766838,-47.398608176271736
2026-01-22,hydro,5.316065535359999,12.11,-6.79393446464,-56.10185354781173
2026-01-23,hydro,7.408797298675998,11.55,-4.141202701324003,-35.85456884263206
2026-01-24,hydro,7.5031512135696685,11.48,-3.976848786430332,-34.64153995148372
2026-01-25,hydro,7.368839252662134,12.71,-5.341160747337867,-42.02329462893679
2026-01-26,hydro,7.441093880443199,11.85,-4.408906119556801,-37.20595881482532
2026-01-27,hydro,4.630428544556838,11.14,-6.5095714554431625,-58.434214142218686
2026-01-28,hydro,3.1863825153362972,8.8,-5.6136174846637035,-63.79110778026935
2026-01-29,hydro,2.8842669306143964,9.52,-6.635733069385603,-69.70307845993281
2026-01-30,hydro,2.8329635274472,8.93,-6.0970364725528,-68.27588435109519
2026-01-31,hydro,2.110962119906236,9.11,-6.999037880093764,-76.82807771782397
2026-02-01,hydro,2.0098562725499307,6.48,-4.47014372745007,-68.98369949768627
2026-02-02,hydro,2.213294423398559,6.21,-3.9967055766014408,-64.3591880290087
2026-02-03,hydro,2.4770159955071986,6.41,-3.9329840044928015,-61.35700475027771
2026-02-04,hydro,3.0284517519601515,6.82,-3.791548248039849,-55.594549091493384
2026-02-05,hydro,3.933492337483999,7.06,-3.1265076625160004,-44.28481108379604
2026-02-06,hydro,3.7417560486416,6.48,-2.7382439513584003,-42.25685110120988
2026-02-07,hydro,3.9499198393152,7.24,-3.2900801606848002,-45.44309614205525
2026-02-08,hydro,3.1459706681420885,7.24,-4.094029331857912,-56.54736646212585
2026-02-09,hydro,4.814201109851197,6.06,-1.2457988901488024,-20.557737461201363
2026-02-10,hydro,4.886439159619106,7.26,-2.373560840380894,-32.69367548734014
2026-02-11,hydro,3.411419895811199,6.64,-3.2285801041888007,-48.62319434019278
2026-02-12,hydro,4.3226391496479994,7.29,-2.9673608503520006,-40.704538413607686
2026-02-13,hydro,4.8580607620944,7.72,-2.8619392379055997,-37.07175178634196
2026-02-14,hydro,4.149579242132799,6.8,-2.6504207578672005,-38.97677585098825
2026-02-15,hydro,4.390914635836797,6.43,-2.0390853641632027,-31.712058540640793
2026-02-16,hydro,4.160649695568,7.85,-3.6893503044319997,-46.99809305008917
2026-02-17,hydro,2.579053941138043,6.03,-3.450946058861957,-57.22961954994954
2026-02-18,hydro,2.5132802695168004,5.36,-2.8467197304832,-53.110442732895514
2026-02-19,hydro,2.374047175775124,4.3,-1.925952824224876,-44.78960056336921
2026-02-20,hydro,2.395404064794757,4.61,-2.214595935205243,-48.03895737972327
2026-02-21,hydro,2.9314387607322163,5.17,-2.2385612392677836,-43.299056852374925
2026-02-22,hydro,2.9178802921152003,4.59,-1.6721197078847996,-36.429623265464045
2026-02-23,hydro,3.0803204524664722,4.49,-1.409679547533528,-31.395981014109754
2026-02-24,hydro,2.3838802921152,4.73,-2.3461197078848004,-49.60083949016491
2026-02-25,hydro,3.7525810502691552,4.07,-0.31741894973084506,-7.798991393878256
2026-02-26,hydro,3.1251825733327885,4.13,-1.0048174266672114,-24.32971977402449
2026-02-27,hydro,3.1069517703892107,4.42,-1.3130482296107893,-29.706973520606095
2026-02-28,hydro,2.587292924620792,3.77,-1.182707075379208,-31.371540460986946
2026-03-01,hydro,3.1308299066578167,3.87,-0.7391700933421834,-19.100002411942725
2026-03-02,hydro,3.5958484881556068,3.76,-0.16415151184439303,-4.365731697989177
2026-03-03,hydro,3.4762742540617566,4.44,-0.9637257459382438,-21.705534818428912
2026-03-04,hydro,3.4830723764071987,4.53,-1.0469276235928016,-23.110985068273767
2026-03-05,hydro,3.763709987452304,5.21,-1.446290012547696,-27.759885077690903
2026-03-06,hydro,4.059137360607998,5.31,-1.2508626393920013,-23.556735205122436
2026-03-07,hydro,4.164110228501904,4.97,-0.8058897714980962,-16.21508594563574
2026-03-08,hydro,3.625122746975997,4.43,-0.8048772530240029,-18.168786749977496
2026-03-09,hydro,3.445120035167994,5.0,-1.554879964832006,-31.097599296640123
2026-03-10,hydro,3.1257690050576,4.89,-1.7642309949423995,-36.0783434548548
2026-03-11,hydro,3.1717194551424,8.12,-4.9482805448575995,-60.93941557706404
2026-03-12,hydro,3.6477309049983977,8.87,-5.222269095001602,-58.87563804962348
2026-03-13,hydro,3.5460673670951954,5.94,-2.393932632904805,-40.301896176848565
2026-03-14,hydro,6.8742064346521605,5.68,1.1942064346521608,21.024761173453538
2026-03-15,hydro,4.854100237704797,4.56,0.29410023770479743,6.449566616333277
2026-03-16,hydro,3.5292621946366207,5.47,-1.940737805363379,-35.479667374102
2026-03-17,hydro,1.8618701228352,6.18,-4.3181298771648,-69.87265173405825
2026-03-18,hydro,1.9339262421951982,4.5,-2.566073757804802,-57.023861284551145
2026-03-19,hydro,2.527673823143526,6.0,-3.472326176856474,-57.87210294760791
2026-03-20,hydro,2.3837394577342557,6.51,-4.126260542265744,-63.38341846798377
2026-03-21,hydro,2.421058803436589,5.21,-2.7889411965634108,-53.53054120083323
2026-03-22,hydro,2.5199725120297667,4.23,-1.7100274879702337,-40.42618174870529
2026-03-23,hydro,1.6548295837750324,4.2,-2.545170416224968,-60.59929562440399
2026-03-24,hydro,2.5149583457239997,5.86,-3.3450416542760006,-57.08262208662117
2026-03-25,hydro,2.0892786876287994,5.37,-3.2807213123712007,-61.09350674806705
2026-03-26,hydro,2.118079772352,5.66,-3.541920227648,-62.57809589484099
2026-03-27,hydro,3.452801727119184,4.35,-0.8971982728808157,-20.625247652432545
2026-03-28,hydro,6.041296910411173,5.23,0.8112969104111727,15.512369223922995
2026-03-29,hydro,6.5638194270911985,8.12,-1.5561805729088007,-19.164785380650258
2026-03-30,hydro,5.8719757594096,7.62,-1.7480242405904,-22.93995066391601
2026-03-31,hydro,9.077075984196796,5.85,3.227075984196796,55.16369203755207
2025-04-01,solar,54.46701995732674,40.53,13.93701995732674,34.38692316142793
2025-04-02,solar,55.65249653971154,41.34,14.312496539711539,34.62142365677682
2025-04-03,solar,45.12951822492659,36.73,8.399518224926595,22.868277225501213
2025-04-04,solar,39.16617844638462,37.88,1.2861784463846178,3.3954024455771323
2025-04-05,solar,54.15575803520655,40.19,13.965758035206555,34.74933574323602
2025-04-06,solar,52.25302137331621,43.01,9.24302137331621,21.490400774973754
2025-04-07,solar,56.656439297458945,44.0,12.656439297458945,28.764634766952145
2025-04-08,solar,61.039165075833694,44.27,16.76916507583369,37.87929766395683
2025-04-09,solar,58.76709054103675,42.82,15.94709054103675,37.24215446295365
2025-04-10,solar,55.90689589321228,3.23,52.67689589321228,1630.863649944653
2025-04-11,solar,58.777218010672435,44.29,14.487218010672436,32.70990745241011
2025-04-12,solar,56.287343659284865,42.43,13.857343659284865,32.65930629103197
2025-04-13,solar,57.2936166062776,42.54,14.753616606277603,34.681750367366256
2025-04-14,solar,59.8165940114264,41.57,18.246594011426403,43.89365891610874
2025-04-15,solar,60.380144560098394,45.54,14.840144560098395,32.58705437000087
2025-04-16,solar,59.894661837158864,44.61,15.284661837158865,34.26285998018127
2025-04-17,solar,57.75707509074952,42.13,15.627075090749514,37.0925114900297
2025-04-18,solar,56.35946660781258,41.14,15.219466607812578,36.99432816677826
2025-04-19,solar,55.740690844308055,41.94,13.800690844308058,32.9057960045495
2025-04-20,solar,57.384612489678325,43.55,13.834612489678328,31.767192858044385
2025-04-21,solar,57.85508053287824,38.25,19.60508053287824,51.255112504256836
2025-04-22,solar,58.22114328296289,35.19,23.031143282962894,65.44797750202585
2025-04-23,solar,60.257570105196294,41.49,18.76757010519629,45.23396024390526
2025-04-24,solar,59.213724645919584,41.91,17.303724645919587,41.28781829138532
2025-04-25,solar,55.80286659531461,38.91,16.892866595314615,43.41523154796869
2025-04-26,solar,51.494179873478984,33.03,18.464179873478983,55.901240912742914
2025-04-27,solar,53.928053579707395,39.16,14.768053579707399,37.71208779291982
2025-04-28,solar,51.774241358612535,39.05,12.724241358612538,32.58448491322033
2025-04-29,solar,50.5451884472657,36.62,13.925188447265704,38.026183635351465
2025-04-30,solar,53.22741566692495,40.75,12.477415666924948,30.61942494950907
2025-05-01,solar,53.708581955244576,42.02,11.688581955244572,27.81671098344734
2025-05-02,solar,56.9143319907101,37.22,19.694331990710104,52.91330464994655
2025-05-03,solar,57.95416952651361,44.95,13.004169526513607,28.930299280341725
2025-05-04,solar,58.34307088690823,44.44,13.903070886908232,31.28503799934346
2025-05-05,solar,57.776687903477715,42.56,15.216687903477712,35.75349601381041
2025-05-06,solar,56.154806520808165,41.79,14.364806520808166,34.37378923380753
2025-05-07,solar,51.544870378795814,41.82,9.724870378795814,23.254113770434753
2025-05-08,solar,58.33451613459498,45.7,12.634516134594975,27.64664362055793
2025-05-09,solar,59.617990672221694,44.76,14.857990672221696,33.19479596117448
2025-05-10,solar,58.23754802232306,43.14,15.09754802232306,34.996634265931995
2025-05-11,solar,59.62149001258881,44.7,14.921490012588805,33.381409424136024
2025-05-12,solar,57.13663848908611,46.38,10.756638489086107,23.19240726409251
2025-05-13,solar,55.295862784878224,44.88,10.415862784878222,23.208250411938998
2025-05-14,solar,55.0938782300053,38.94,16.153878230005304,41.4840221623146
2025-05-15,solar,54.014576807362324,41.38,12.634576807362322,30.533051733596718
2025-05-16,solar,52.35919724326816,42.86,9.499197243268164,22.163316013224836
2025-05-17,solar,33.17492022964102,21.36,11.814920229641018,55.31329695524821
2025-05-18,solar,36.23653477811202,34.41,1.826534778112027,5.30815105525146
2025-05-19,solar,29.900120203064567,32.21,-2.3098797969354337,-7.171312626313051
2025-05-20,solar,40.01141041150072,39.22,0.7914104115007206,2.017874583122694
2025-05-21,solar,46.638492127442625,45.85,0.7884921274426233,1.7197211067450888
2025-05-22,solar,54.19818661258789,41.67,12.528186612587888,30.06524265079887
2025-05-23,solar,54.04331473329359,43.8,10.243314733293595,23.386563318021906
2025-05-24,solar,31.686397114336604,30.99,0.6963971143366052,2.247167196955809
2025-05-25,solar,13.37607778362483,24.36,-10.98392221637517,-45.08999267805899
2025-05-26,solar,14.221245500675144,26.07,-11.848754499324857,-45.44976792989972
2025-05-27,solar,18.761517117054378,29.85,-11.088482882945623,-37.14734634152637
2025-05-28,solar,19.58999382329366,40.59,-21.000006176706343,-51.736896222484205
2025-05-29,solar,24.478285824829552,31.17,-6.69171417517045,-21.468444578666826
2025-05-30,solar,23.615240272350224,30.49,-6.874759727649774,-22.547588480320677
2025-05-31,solar,42.324618787083544,29.53,12.794618787083543,43.32752721667302
2025-06-01,solar,53.381133170972085,38.84,14.541133170972081,37.43855090363563
2025-06-02,solar,56.91226232039678,43.74,13.172262320396776,30.1149115692656
2025-06-03,solar,49.40180769992109,43.15,6.251807699921095,14.488546233884344
2025-06-04,solar,51.4112766584104,43.03,8.3812766584104,19.477751936812453
2025-06-05,solar,56.29429071084275,44.47,11.824290710842753,26.589365214397915
2025-06-06,solar,54.57161868582746,40.41,14.161618685827463,35.04483713394572
2025-06-07,solar,56.89476192801322,39.71,17.184761928013216,43.275653306505205
2025-06-08,solar,55.82546314073484,39.83,15.995463140734842,40.159335025696315
2025-06-09,solar,53.59267693722831,39.56,14.03267693722831,35.47188305669441
2025-06-10,solar,52.802997498533,41.45,11.352997498533,27.389620020586246
2025-06-11,solar,44.69695801128999,35.09,9.60695801128999,27.378050758877144
2025-06-12,solar,44.36575571724805,40.21,4.155755717248049,10.335129861348044
2025-06-13,solar,43.21617751736428,37.17,6.046177517364278,16.26628333969405
2025-06-14,solar,31.805084187441963,36.94,-5.1349158125580345,-13.900692508278384
2025-06-15,solar,20.846396243351037,40.67,-19.823603756648964,-48.742571321979256
2025-06-16,solar,27.673154937563908,34.17,-6.496845062436094,-19.01330132407402
2025-06-17,solar,42.5735363927783,37.73,4.843536392778304,12.837361231853444
2025-06-18,solar,51.633929593399884,43.12,8.513929593399887,19.744734678571167
2025-06-19,solar,52.15446790784107,41.12,11.03446790784107,26.834795495722446
2025-06-20,solar,55.84896449068832,43.67,12.178964490688315,27.888629472608915
2025-06-21,solar,55.78541146684405,41.8,13.985411466844056,33.45792216948339
2025-06-22,solar,47.77339933480995,41.43,6.343399334809952,15.311125596934472
2025-06-23,solar,36.95986378385003,31.88,5.079863783850033,15.934328054736616
2025-06-24,solar,42.21382268086215,45.23,-3.016177319137846,-6.668532653411112
2025-06-25,solar,42.15672452057049,36.97,5.186724520570493,14.029549690480101
2025-06-26,solar,39.202708460045066,32.74,6.462708460045064,19.7394882713655
2025-06-27,solar,48.12413348761893,44.42,3.7041334876189254,8.338886734846747
2025-06-28,solar,50.27177840613287,40.21,10.061778406132866,25.023074872252838
2025-06-29,solar,43.66119481551001,38.18,5.481194815510008,14.35619385937666
2025-06-30,solar,52.10585878118436,44.78,7.325858781184358,16.359666773524694
2025-07-01,solar,50.54637657249231,42.4,8.146376572492315,19.21315229361395
2025-07-02,solar,44.31017222818749,35.32,8.99017222818749,25.453488754777716
2025-07-03,solar,44.28298686709734,34.32,9.962986867097342,29.029682013686898
2025-07-04,solar,51.83716593859765,42.51,9.327165938597652,21.94111018253976
2025-07-05,solar,53.82083316470117,51.32,2.50083316470117,4.8730186373756235
2025-07-06,solar,38.66633513484522,49.37,-10.703664865154778,-21.680504081739475
2025-07-07,solar,50.43482808629272,46.24,4.194828086292716,9.071860048210892
2025-07-08,solar,55.48921866124624,46.19,9.299218661246243,20.132536612353853
2025-07-09,solar,56.977370202087414,46.54,10.437370202087415,22.4266656684302
2025-07-10,solar,54.23813874638811,44.03,10.208138746388109,23.18450771380447
2025-07-11,solar,54.87748311611643,45.82,9.05748311611643,19.76753189898828
2025-07-12,solar,52.38568523040151,47.82,4.565685230401513,9.547647909664395
2025-07-13,solar,48.76262607027309,44.38,4.382626070273091,9.87522773833504
2025-07-14,solar,51.516875280884605,47.66,3.8568752808846085,8.092478558297543
2025-07-15,solar,49.08413592096146,45.08,4.00413592096146,8.882289088201995
2025-07-16,solar,38.01269675031087,38.28,-0.2673032496891281,-0.6982843513300108
2025-07-17,solar,41.79356805950175,40.94,0.8535680595017539,2.0849244247722374
2025-07-18,solar,36.82906686738565,36.71,0.11906686738564787,0.32434450391078146
2025-07-19,solar,18.33786505374141,29.58,-11.242134946258588,-38.00586526794655
2025-07-20,solar,23.92276190955847,30.58,-6.657238090441528,-21.769908732640705
2025-07-21,solar,25.966927125636175,35.67,-9.703072874363826,-27.202334943548713
2025-07-22,solar,26.232905144981334,34.13,-7.897094855018668,-23.13827968068757
2025-07-23,solar,23.958356880163873,38.39,-14.431643119836128,-37.59219359165441
2025-07-24,solar,25.67821546395356,32.57,-6.8917845360464405,-21.159915677145964
2025-07-25,solar,27.499248549131107,32.89,-5.390751450868894,-16.39024460586468
2025-07-26,solar,25.062155341342713,32.35,-7.2878446586572885,-22.52811331887879
2025-07-27,solar,44.38760072517605,43.27,1.1176007251760467,2.5828535363439946
2025-07-28,solar,55.890742975493765,45.31,10.580742975493763,23.351893567631347
2025-07-29,solar,53.74092829540595,49.42,4.320928295405949,8.743278622836804
2025-07-30,solar,55.96669228494593,48.46,7.506692284945927,15.49049171470476
2025-07-31,solar,53.662290115124314,47.75,5.912290115124314,12.381759403401706
2025-08-01,solar,51.54251380878447,47.17,4.372513808784468,9.269692195854288
2025-08-02,solar,44.42817942412509,39.67,4.758179424125089,11.994402379947287
2025-08-03,solar,30.395151163665776,33.36,-2.964848836334223,-8.887436559754866
2025-08-04,solar,47.0863178771161,41.31,5.7763178771160995,13.98285615375478
2025-08-05,solar,49.9609471139095,41.38,8.580947113909495,20.736943242893897
2025-08-06,solar,56.313893773801695,51.65,4.663893773801696,9.029804015104931
2025-08-07,solar,54.11839828920501,46.61,7.508398289205012,16.10898581678827
2025-08-08,solar,50.27711772889881,43.35,6.927117728898807,15.979510331946498
2025-08-09,solar,43.07060117876392,36.62,6.450601178763925,17.614967719180573
2025-08-10,solar,46.545468002685254,42.87,3.675468002685257,8.573519950280515
2025-08-11,solar,45.43741378452383,29.99,15.447413784523828,51.5085487980121
2025-08-12,solar,40.547436407111846,40.05,0.49743640711184867,1.242038469692506
2025-08-13,solar,37.0392451788967,36.06,0.9792451788966972,2.715599497772316
2025-08-14,solar,50.519477978179495,47.12,3.3994779781794975,7.214511838241719
2025-08-15,solar,34.46445423440331,41.76,-7.295545765596685,-17.470176641754513
2025-08-16,solar,43.50659351918561,45.53,-2.023406480814394,-4.444117023532603
2025-08-17,solar,34.67729963832546,36.4,-1.7227003616745407,-4.732693301303683
2025-08-18,solar,38.31283922870364,42.62,-4.30716077129636,-10.105961453065133
2025-08-19,solar,48.59763670385786,54.99,-6.392363296142143,-11.624592282491623
2025-08-20,solar,58.7624783055041,56.81,1.9524783055040942,3.4368567250556135
2025-08-21,solar,59.67015550561885,54.88,4.7901555056188485,8.728417466506649
2025-08-22,solar,49.018765519557206,36.56,12.458765519557204,34.077586213230866
2025-08-23,solar,55.179092846905675,38.16,17.01909284690568,44.59929991327484
2025-08-24,solar,58.64783877517149,54.71,3.9378387751714925,7.1976581523880325
2025-08-25,solar,61.64693735054613,54.83,6.816937350546134,12.432860387645695
2025-08-26,solar,57.75551763542582,53.91,3.8455176354258214,7.133217650576556
2025-08-27,solar,36.95701701037981,47.71,-10.752982989620193,-22.538216285097867
2025-08-28,solar,40.325363384609254,45.77,-5.444636615390749,-11.895644779092745
2025-08-29,solar,49.442803053989145,49.23,0.21280305398914834,0.4322629575241689
2025-08-30,solar,53.86991375806651,55.16,-1.290086241933487,-2.338807545202116
2025-08-31,solar,49.29721722406628,49.91,-0.6127827759337166,-1.2277755478535697
2025-09-01,solar,47.71827387776529,47.4,0.3182738777652929,0.6714638771419682
2025-09-02,solar,54.78364039006745,50.33,4.453640390067449,8.848878184119707
2025-09-03,solar,53.28412317246548,47.78,5.504123172465476,11.519722001811378
2025-09-04,solar,55.56356487694307,53.91,1.6535648769430722,3.067269295015901
2025-09-05,solar,56.72069595077245,49.22,7.500695950772453,15.239122207989544
2025-09-06,solar,52.96223055996887,48.49,4.472230559968871,9.222995586654715
2025-09-07,solar,52.06442137197269,49.25,2.814421371972692,5.7145611613658716
2025-09-08,solar,55.24475596511598,44.07,11.174755965115978,25.356832233074606
2025-09-09,solar,53.396223880697384,43.69,9.706223880697387,22.21612240946987
2025-09-10,solar,55.23256587081012,42.27,12.962565870810117,30.666112776934266
2025-09-11,solar,51.38608646617029,47.59,3.796086466170287,7.97664733383124
2025-09-12,solar,51.0059940063106,51.9,-0.8940059936893974,-1.7225549011356405
2025-09-13,solar,58.117578022347736,50.89,7.2275780223477355,14.202354140985921
2025-09-14,solar,57.39074718006734,54.41,2.980747180067347,5.478307627398174
2025-09-15,solar,55.59952084399832,52.32,3.27952084399832,6.26819733180107
2025-09-16,solar,51.56130009002187,44.95,6.611300090021864,14.708120333752756
2025-09-17,solar,45.299571639379316,35.85,9.449571639379315,26.358637766748437
2025-09-18,solar,36.02110842274469,45.79,-9.76889157725531,-21.334115696124286
2025-09-19,solar,37.02354400084885,33.83,3.1935440008488527,9.439976354859157
2025-09-20,solar,46.33744963481722,44.1,2.2374496348172173,5.073581938361037
2025-09-21,solar,50.36972804974793,45.02,5.349728049747924,11.883003220230838
2025-09-22,solar,53.59617620858977,50.42,3.176176208589766,6.299437145160186
2025-09-23,solar,48.03024452662573,50.53,-2.4997554733742717,-4.9470719837210995
2025-09-24,solar,49.155967054152015,44.82,4.3359670541520146,9.674179058795213
2025-09-25,solar,46.681606312310294,43.35,3.331606312310292,7.68536634904335
2025-09-26,solar,43.200745165850755,45.41,-2.2092548341492417,-4.865128461020132
2025-09-27,solar,50.100083183589,49.41,0.6900831835890031,1.3966467994110567
2025-09-28,solar,45.38834145019408,48.42,-3.0316585498059183,-6.261170073948613
2025-09-29,solar,56.20956569452227,50.49,5.719565694522267,11.328115853678483
2025-09-30,solar,54.564073441654685,47.87,6.694073441654687,13.9838592890217
2025-10-01,solar,52.43346319102008,52.71,-0.2765368089799196,-0.5246382261049509
2025-10-02,solar,58.325620807949434,51.91,6.415620807949438,12.359123112982928
2025-10-03,solar,56.491326702893744,47.63,8.861326702893741,18.604507039457783
2025-10-04,solar,47.462584399948035,33.43,14.032584399948036,41.976022733915755
2025-10-05,solar,56.54248680490801,41.81,14.732486804908007,35.236753898368825
2025-10-06,solar,57.419625238641274,52.75,4.669625238641274,8.852370120646965
2025-10-07,solar,52.71148961755086,37.18,15.53148961755086,41.77377519513411
2025-10-08,solar,47.84250932690521,38.78,9.062509326905207,23.369028692380628
2025-10-09,solar,54.73015931392937,43.17,11.560159313929368,26.778224030413178
2025-10-10,solar,54.39486690356002,45.17,9.22486690356002,20.422552365640957
2025-10-11,solar,55.929086289779704,47.14,8.789086289779704,18.644646350826694
2025-10-12,solar,51.7331239628301,45.0,6.733123962830099,14.962497695177998
2025-10-13,solar,53.35638705819455,43.5,9.85638705819455,22.658361053320803
2025-10-14,solar,46.78317803497481,30.32,16.46317803497481,54.29808059028631
2025-10-15,solar,30.006684178207077,34.44,-4.43331582179292,-12.872577879770386
2025-10-16,solar,18.43528572831851,22.31,-3.874714271681487,-17.367612154556195
2025-10-17,solar,27.375494872179143,27.39,-0.014505127820857666,-0.052957750349973215
2025-10-18,solar,30.462596957555835,39.28,-8.817403042444166,-22.447563753676594
2025-10-19,solar,28.793466480337308,38.96,-10.166533519662693,-26.094798561762556
2025-10-20,solar,22.816106355496295,22.77,0.04610635549629549,0.2024872880821058
2025-10-21,solar,9.688516733055263,9.46,0.22851673305526177,2.4156102859964244
2025-10-22,solar,40.94779043915562,40.16,0.7877904391556214,1.9616295795707708
2025-10-23,solar,38.50262587774165,37.01,1.4926258777416521,4.033033984711301
2025-10-24,solar,26.692327455264955,28.62,-1.9276725447350458,-6.735403720248239
2025-10-25,solar,47.443997963280964,44.78,2.6639979632809627,5.949079864405901
2025-10-26,solar,49.77498790682604,43.56,6.214987906826039,14.26764900556942
2025-10-27,solar,25.198034615392093,21.92,3.278034615392091,14.954537478978516
2025-10-28,solar,37.435100078835,35.03,2.405100078834998,6.865829514230653
2025-10-29,solar,54.4255326722462,54.01,0.4155326722462007,0.7693624740718399
2025-10-30,solar,59.28970579780382,52.92,6.369705797803817,12.036481099402527
2025-10-31,solar,62.222141377801734,54.53,7.6921413778017325,14.106255965159972
2025-11-01,solar,62.16075581086744,50.28,11.880755810867441,23.629188167994116
2025-11-02,solar,62.94837100891171,50.7,12.248371008911704,24.158522700023084
2025-11-03,solar,59.550582521955995,45.36,14.190582521955996,31.284353002548492
2025-11-04,solar,59.3148403213521,46.6,12.7148403213521,27.28506506727918
2025-11-05,solar,53.116032326648785,43.1,10.016032326648784,23.23905412215495
2025-11-06,solar,45.09886456934109,34.28,10.818864569341088,31.560281707529427
2025-11-07,solar,50.3865882892789,33.18,17.206588289278898,51.85831310813411
2025-11-08,solar,48.29296271445359,36.42,11.872962714453585,32.60011728295878
2025-11-09,solar,43.889547665385784,22.48,21.409547665385784,95.23820135847768
2025-11-10,solar,36.72253907665523,28.67,8.05253907665523,28.08698666430146
2025-11-11,solar,47.613038505947884,36.76,10.853038505947886,29.524043813786417
2025-11-12,solar,43.448341362815526,34.65,8.798341362815528,25.39203856512418
2025-11-13,solar,38.384426660760845,30.49,7.894426660760846,25.891855233718747
2025-11-14,solar,39.11061205239743,26.81,12.30061205239743,45.88068650651783
2025-11-15,solar,48.083883411474204,43.17,4.9138834114742025,11.382634726602275
2025-11-16,solar,45.24561636521835,34.02,11.22561636521835,32.99710865731437
2025-11-17,solar,14.63262523131743,21.81,-7.177374768682569,-32.908641763789866
2025-11-18,solar,18.04282380977705,20.6,-2.5571761902229504,-12.413476651567718
2025-11-19,solar,43.65744828764295,40.24,3.417448287642948,8.492664730723032
2025-11-20,solar,56.98959670886226,49.17,7.819596708862257,15.903186310478453
2025-11-21,solar,47.97311157419111,38.39,9.583111574191108,24.962520380805177
2025-11-22,solar,20.4929798300346,25.64,-5.147020169965401,-20.07418163013027
2025-11-23,solar,20.532120438546315,22.93,-2.397879561453685,-10.45739015025593
2025-11-24,solar,11.160138708467858,18.28,-7.119861291532143,-38.94891297337058
2025-11-25,solar,41.16479591692288,38.52,2.644795916922874,6.866033013818468
2025-11-26,solar,32.46811392949376,28.52,3.9481139294937613,13.84331672333016
2025-11-27,solar,29.45955454637852,26.52,2.9395545463785204,11.084293161306638
2025-11-28,solar,14.02966511637666,11.5,2.529665116376661,21.997087968492703
2025-11-29,solar,9.654109930680985,9.34,0.3141099306809849,3.363061356327462
2025-11-30,solar,41.81028531722248,36.47,5.340285317222481,14.642953981964576
2025-12-01,solar,43.18291054036977,35.16,8.022910540369772,22.818289363964087
2025-12-02,solar,45.13567621575323,42.27,2.8656762157532256,6.77945638929081
2025-12-03,solar,28.157196733425476,27.35,0.8071967334254744,2.9513591715739462
2025-12-04,solar,42.906921273197526,35.04,7.866921273197526,22.451259341317144
2025-12-05,solar,36.953086741404455,29.69,7.263086741404454,24.46307423847913
2025-12-06,solar,37.56748609928322,35.76,1.8074860992832242,5.054491329091791
2025-12-07,solar,37.71752972933296,29.17,8.547529729332958,29.302467361443117
2025-12-08,solar,56.27862474705818,47.07,9.208624747058181,19.563681213210497
2025-12-09,solar,40.993018972654,37.16,3.8330189726540027,10.314905739111957
2025-12-10,solar,31.221371933775316,30.59,0.6313719337753163,2.0639814768725606
2025-12-11,solar,54.525680832276784,47.76,6.765680832276786,14.165998392539333
2025-12-12,solar,43.68193655693819,41.49,2.191936556938188,5.2830478595762544
2025-12-13,solar,57.30039634325767,46.69,10.61039634325767,22.725200992198907
2025-12-14,solar,62.618104769966386,53.95,8.668104769966384,16.0669226505401
2025-12-15,solar,63.02979184095042,54.14,8.889791840950423,16.420007094478063
2025-12-16,solar,23.850159148984286,22.87,0.9801591489842849,4.285785522449868
2025-12-17,solar,33.18209299054636,26.79,6.3920929905463595,23.85999623197596
2025-12-18,solar,56.61906034211421,47.92,8.699060342114208,18.153297875864375
2025-12-19,solar,58.35064112152303,47.99,10.360641121523031,21.589166746245112
2025-12-20,solar,61.28229416637266,50.37,10.91229416637266,21.664272714656864
2025-12-21,solar,61.22000291959717,53.23,7.990002919597174,15.0103380041277
2025-12-22,solar,56.48949989196069,44.54,11.949499891960691,26.8286930668179
2025-12-23,solar,60.21956254762776,55.35,4.869562547627758,8.797764313690621
2025-12-24,solar,60.78851631069308,51.88,8.90851631069308,17.171388416910332
2025-12-25,solar,59.98045435094347,52.36,7.620454350943469,14.553961709212123
2025-12-26,solar,42.13259922370751,46.35,-4.217400776292493,-9.099030801062552
2025-12-27,solar,49.128783910716095,49.38,-0.2512160892839077,-0.5087405615307973
2025-12-28,solar,55.68172559662195,50.34,5.341725596621949,10.611294391382495
2025-12-29,solar,52.7870444817478,45.89,6.897044481747798,15.029515105137934
2025-12-30,solar,58.69098860180807,49.81,8.88098860180807,17.82973017829366
2025-12-31,solar,48.743866864435695,39.36,9.383866864435696,23.841125163708575
2026-01-01,solar,41.18665086803886,35.2,5.986650868038858,17.00753087511039
2026-01-02,solar,34.182470529209745,34.82,-0.6375294707902555,-1.8309289798686255
2026-01-03,solar,53.682382872177755,45.52,8.162382872177751,17.931421072446728
2026-01-04,solar,53.37815116136243,49.43,3.948151161362432,7.987358206276415
2026-01-05,solar,53.089172567935286,47.48,5.609172567935289,11.813758567681738
2026-01-06,solar,35.979540915982824,28.54,7.439540915982825,26.067066979617465
2026-01-07,solar,48.48114158143261,40.71,7.771141581432609,19.089023781460597
2026-01-08,solar,49.07072255016352,45.69,3.3807225501635187,7.399261436120637
2026-01-09,solar,38.58003265946599,38.89,-0.30996734053400843,-0.7970361031987875
2026-01-10,solar,34.527504280842344,31.68,2.847504280842344,8.98833421983063
2026-01-11,solar,29.897814878582828,21.69,8.207814878582827,37.84147016405176
2026-01-12,solar,40.836437764446636,32.46,8.376437764446635,25.805415170815266
2026-01-13,solar,24.32494479360701,25.62,-1.2950552063929912,-5.05486029037077
2026-01-14,solar,59.766122813070695,49.27,10.496122813070691,21.303273418044835
2026-01-15,solar,55.77489429967908,47.49,8.284894299679081,17.445555484689578
2026-01-16,solar,46.73436063432525,40.38,6.354360634325246,15.736405731365148
2026-01-17,solar,51.73122657360619,45.82,5.911226573606193,12.900974625941059
2026-01-18,solar,62.90464031339287,46.23,16.67464031339287,36.068873704072836
2026-01-19,solar,59.126770706541826,44.44,14.686770706541829,33.04853894361347
2026-01-20,solar,62.71307677284947,47.47,15.24307677284947,32.11096855455966
2026-01-21,solar,62.14170266751051,47.39,14.751702667510507,31.128302737941567
2026-01-22,solar,61.25644041326248,49.91,11.346440413262485,22.733801669530127
2026-01-23,solar,63.21144545990336,48.87,14.341445459903362,29.3461130753087
2026-01-24,solar,38.559975440721445,31.23,7.329975440721444,23.470942813709396
2026-01-25,solar,29.567424969257736,27.58,1.987424969257738,7.206036871855467
2026-01-26,solar,31.59696411737381,25.61,5.986964117373809,23.377446768347557
2026-01-27,solar,52.3697257526241,43.99,8.379725752624097,19.049160610648094
2026-01-28,solar,53.58003365086738,46.05,7.530033650867381,16.3518646055752
2026-01-29,solar,62.57345517563777,46.48,16.09345517563777,34.62447326944444
2026-01-30,solar,64.9205257837048,51.81,13.110525783704801,25.305010198233546
2026-01-31,solar,60.82274085092505,50.8,10.022740850925054,19.72980482465562
2026-02-01,solar,37.374412795511155,34.27,3.104412795511152,9.058689219466448
2026-02-02,solar,50.577938979672346,41.22,9.357938979672348,22.702423531471002
2026-02-03,solar,63.99485058670748,46.16,17.834850586707482,38.63702466791049
2026-02-04,solar,59.31862626692081,49.52,9.798626266920806,19.78720974741681
2026-02-05,solar,46.50858991691012,27.8,18.708589916910118,67.29708603205079
2026-02-06,solar,57.860185591142894,47.29,10.570185591142895,22.351840962450613
2026-02-07,solar,59.901211820195115,46.95,12.951211820195113,27.585115697966163
2026-02-08,solar,55.43566945576578,48.79,6.645669455765784,13.62096629589216
2026-02-09,solar,64.213173607324,44.92,19.293173607323993,42.950074815948334
2026-02-10,solar,59.65765739520634,45.18,14.477657395206343,32.04439441170063
2026-02-11,solar,57.20543154760621,45.31,11.895431547606208,26.253435329080133
2026-02-12,solar,60.52489706721584,47.07,13.454897067215839,28.58486736183522
2026-02-13,solar,55.90965256843801,44.06,11.84965256843801,26.894354444934205
2026-02-14,solar,58.529014071493165,46.71,11.819014071493164,25.30296311602048
2026-02-15,solar,60.64768031875691,48.86,11.787680318756912,24.12542021849552
2026-02-16,solar,61.776212057226154,43.05,18.726212057226157,43.498750423289565
2026-02-17,solar,61.547738886291754,3.18,58.367738886291754,1835.4634869903066
2026-02-18,solar,32.62622181098235,2.96,29.66622181098235,1002.2372233439983
2026-02-19,solar,54.623124072767624,49.26,5.363124072767626,10.887381390108864
2026-02-20,solar,47.15387867161899,38.29,8.863878671618991,23.14933056050925
2026-02-21,solar,50.78725126864929,36.85,13.937251268649291,37.821577391178536
2026-02-22,solar,50.49924165138315,41.61,8.889241651383152,21.363233961507213
2026-02-23,solar,58.41062193173028,47.49,10.920621931730281,22.99562419821074
2026-02-24,solar,58.21941135026531,43.88,14.339411350265308,32.67869496414154
2026-02-25,solar,52.8009522380379,40.74,12.060952238037899,29.60469376052503
2026-02-26,solar,54.2412520173539,45.28,8.9612520173539,19.790750921717976
2026-02-27,solar,54.97418309913255,42.45,12.52418309913255,29.503375969687983
2026-02-28,solar,58.9195626806177,46.69,12.229562680617704,26.193109189586
2026-03-01,solar,63.483878898130044,48.18,15.303878898130044,31.763966164653475
2026-03-02,solar,67.12927472072805,50.68,16.44927472072805,32.45713244026845
2026-03-03,solar,67.77709507946281,52.84,14.937095079462807,28.26853724349509
2026-03-04,solar,66.32989643045495,52.88,13.449896430454949,25.434751192237044
2026-03-05,solar,65.63501287744204,52.71,12.925012877442036,24.52098819472972
2026-03-06,solar,67.00699308454662,58.29,8.716993084546623,14.954525792668763
2026-03-07,solar,65.60650614603654,52.28,13.326506146036536,25.490639146971183
2026-03-08,solar,62.677038092243464,49.87,12.807038092243467,25.680846385088163
2026-03-09,solar,57.53891977973975,48.0,9.53891977973975,19.872749541124477
2026-03-10,solar,55.44801617443978,49.3,6.148016174439782,12.470621043488402
2026-03-11,solar,55.93596018549243,47.89,8.045960185492433,16.80091915951646
2026-03-12,solar,59.980860521659054,51.53,8.450860521659052,16.39988457531351
2026-03-13,solar,62.56705283612832,54.27,8.297052836128316,15.288470307957095
2026-03-14,solar,61.92451941302309,55.82,6.104519413023091,10.93607920641901
2026-03-15,solar,61.6672338984921,54.1,7.567233898492098,13.987493342868943
2026-03-16,solar,62.07860031268069,51.54,10.538600312680693,20.44742008669129
2026-03-17,solar,56.800920403270226,45.65,11.150920403270227,24.42698883520313
2026-03-18,solar,52.547065060580266,46.5,6.047065060580266,13.004440990495194
2026-03-19,solar,55.43849432842708,53.6,1.8384943284270818,3.4300267321400777
2026-03-20,solar,57.83424567406444,53.34,4.494245674064437,8.425657431691857
2026-03-21,solar,57.80729590776314,51.43,6.377295907763141,12.399953155285127
2026-03-22,solar,59.023066994249575,54.28,4.743066994249574,8.738148478720658
2026-03-23,solar,62.82163808749561,55.9,6.921638087495609,12.382179047398227
2026-03-24,solar,65.47258822285364,59.21,6.262588222853644,10.576909682238886
2026-03-25,solar,66.79638577197397,59.5,7.2963857719739735,12.262833230208358
2026-03-26,solar,65.44755087945339,57.77,7.677550879453385,13.289857849149012
2026-03-27,solar,67.70267198120963,59.63,8.07267198120963,13.537937248381066
2026-03-28,solar,62.038168238175366,54.99,7.048168238175364,12.81718173881681
2026-03-29,solar,59.782725249672694,52.9,6.882725249672696,13.010822778209254
2026-03-30,solar,63.5274562961956,54.61,8.917456296195603,16.32934681595972
2026-03-31,solar,61.731870248276984,56.01,5.721870248276986,10.2158011931387
2025-04-01,wind,18.13154036936526,12.51,5.6215403693652615,44.936373855837424
2025-04-02,wind,14.783245051111221,11.09,3.693245051111221,33.302480172328416
2025-04-03,wind,8.595542952454318,11.25,-2.654457047545682,-23.595173755961618
2025-04-04,wind,2.9234685161728167,9.06,-6.136531483827184,-67.7321355830815
2025-04-05,wind,5.658258795363922,7.75,-2.0917412046360777,-26.99020909207842
2025-04-06,wind,9.997507349931043,13.55,-3.5524926500689578,-26.217657934088244
2025-04-07,wind,11.70101080411343,15.1,-3.3989891958865694,-22.509862224414366
2025-04-08,wind,11.958657133084628,8.31,3.648657133084628,43.90682470619287
2025-04-09,wind,14.34209718011889,10.38,3.9620971801188887,38.17049306472918
2025-04-10,wind,73.40160085013926,10.58,62.82160085013926,593.7769456534902
2025-04-11,wind,79.83489702303693,50.34,29.494897023036927,58.59137271163474
2025-04-12,wind,66.02370941715152,39.0,27.023709417151522,69.29156260808082
2025-04-13,wind,29.25817735236955,16.34,12.91817735236955,79.05861292759823
2025-04-14,wind,21.069601414438832,13.86,7.209601414438833,52.017326222502405
2025-04-15,wind,24.513932661729605,17.39,7.123932661729604,40.965685231337574
2025-04-16,wind,21.280275003990077,17.7,3.580275003990078,20.22754239542417
2025-04-17,wind,23.70586116725069,17.64,6.065861167250688,34.38696806831455
2025-04-18,wind,45.12967976792737,29.0,16.12967976792737,55.61958540664611
2025-04-19,wind,49.00871069128116,35.62,13.388710691281162,37.58762125570231
2025-04-20,wind,44.30724369691577,32.7,11.607243696915766,35.496158094543624
2025-04-21,wind,28.200043044689373,19.28,8.920043044689372,46.26578342681209
2025-04-22,wind,24.167426555731307,13.24,10.927426555731307,82.5334332003875
2025-04-23,wind,40.00798326249554,23.17,16.83798326249554,72.6714858113748
2025-04-24,wind,43.38190208672117,32.72,10.66190208672117,32.58527532616495
2025-04-25,wind,33.94850414387757,23.15,10.798504143877572,46.64580623705215
2025-04-26,wind,26.996876404146015,9.44,17.556876404146017,185.9838602134112
2025-04-27,wind,19.453093299914745,11.99,7.463093299914744,62.24431442797952
2025-04-28,wind,16.29986145390574,7.39,8.90986145390574,120.56646081063249
2025-04-29,wind,26.020611211514527,12.73,13.290611211514527,104.4038586921801
2025-04-30,wind,48.40422652509667,22.86,25.54422652509667,111.74202329438614
2025-05-01,wind,57.206993146445136,24.96,32.246993146445135,129.19468408030903
2025-05-02,wind,46.19500867122398,20.65,25.545008671223982,123.70464247566093
2025-05-03,wind,57.46800225829239,31.91,25.558002258292387,80.09402149261167
2025-05-04,wind,46.81263767091849,31.85,14.96263767091849,46.97845422580373
2025-05-05,wind,32.541317445464806,24.52,8.021317445464806,32.71336641706691
2025-05-06,wind,38.25340115952134,26.49,11.76340115952134,44.40695039456905
2025-05-07,wind,47.317284846000156,29.26,18.057284846000154,61.713208632946525
2025-05-08,wind,61.75239668350531,38.57,23.18239668350531,60.10473602153308
2025-05-09,wind,47.61811002843368,25.39,22.228110028433676,87.54671141565056
2025-05-10,wind,54.85374903862223,34.73,20.123749038622236,57.94341790562119
2025-05-11,wind,83.66668533559411,57.41,26.256685335594113,45.73538640584239
2025-05-12,wind,98.92448814918784,77.88,21.044488149187842,27.02168483460175
2025-05-13,wind,82.13642948754179,66.67,15.466429487541788,23.198484307097328
2025-05-14,wind,63.21765237766714,47.21,16.007652377667142,33.90733399209307
2025-05-15,wind,52.31149680820264,34.55,17.761496808202644,51.40809495861836
2025-05-16,wind,75.20994222207398,62.16,13.04994222207398,20.99411554387706
2025-05-17,wind,49.177990981924786,53.1,-3.922009018075215,-7.386081013324322
2025-05-18,wind,49.72026378998809,45.87,3.850263789988091,8.393860453429456
2025-05-19,wind,47.71597068734439,37.55,10.165970687344391,27.073157622754707
2025-05-20,wind,134.89880884364774,98.26,36.63880884364774,37.28761331533455
2025-05-21,wind,143.30464020833426,102.52,40.78464020833427,39.782130519249186
2025-05-22,wind,97.85713239138738,76.84,21.017132391387378,27.35181206583469
2025-05-23,wind,134.70774042313954,77.96,56.74774042313955,72.79084199992246
2025-05-24,wind,154.75350819413907,110.25,44.50350819413907,40.36599382688351
2025-05-25,wind,186.34494542619538,111.87,74.47494542619538,66.57275894001553
2025-05-26,wind,219.72976877844806,128.52,91.20976877844805,70.96931899972616
2025-05-27,wind,239.0319786174231,141.28,97.7519786174231,69.19024534075814
2025-05-28,wind,229.8232241944786,144.08,85.74322419447859,59.51084411054871
2025-05-29,wind,235.08606226528389,135.75,99.33606226528389,73.17573647534724
2025-05-30,wind,226.9634319465222,141.3,85.6634319465222,60.625217230376634
2025-05-31,wind,183.36133603515648,130.18,53.18133603515648,40.85215550403785
2025-06-01,wind,118.55914118513357,103.95,14.609141185133566,14.054007874106365
2025-06-02,wind,117.03308603187014,101.63,15.403086031870146,15.156042538492715
2025-06-03,wind,128.74042423733746,113.83,14.910424237337466,13.098852883543413
2025-06-04,wind,124.6222805199673,103.08,21.542280519967306,20.898603531206156
2025-06-05,wind,64.54376426884077,56.21,8.333764268840774,14.826123943854782
2025-06-06,wind,68.68856187627952,53.73,14.958561876279525,27.8402417202299
2025-06-07,wind,108.71456325117161,96.19,12.524563251171614,13.020650016812157
2025-06-08,wind,117.36878163903391,102.28,15.088781639033911,14.752426318961586
2025-06-09,wind,148.8193557131922,117.75,31.06935571319221,26.38586472457937
2025-06-10,wind,149.50454453070859,131.29,18.214544530708594,13.873520093463778
2025-06-11,wind,161.95996536104795,151.86,10.099965361047936,6.650839826845736
2025-06-12,wind,170.92977627832752,139.36,31.56977627832751,22.653398592370483
2025-06-13,wind,173.52755938045095,125.19,48.337559380450955,38.611358239836214
2025-06-14,wind,185.94176116002754,142.85,43.091761160027545,30.165741099074232
2025-06-15,wind,210.52645361106426,156.7,53.82645361106427,34.35000230444433
2025-06-16,wind,200.03270797954966,145.28,54.752707979549655,37.68771199032878
2025-06-17,wind,161.09691368111146,125.1,35.996913681111465,28.77451133582052
2025-06-18,wind,138.7799460254764,129.92,8.859946025476404,6.819539736358069
2025-06-19,wind,142.35570658243864,133.83,8.52570658243863,6.3705496394221255
2025-06-20,wind,145.80636263645795,132.61,13.196362636457934,9.951257549549757
2025-06-21,wind,135.140940742518,138.69,-3.5490592574819857,-2.5589871349642985
2025-06-22,wind,161.93277066057615,145.86,16.07277066057614,11.019313492784958
2025-06-23,wind,154.2852508896115,136.17,18.115250889611502,13.303408158633696
2025-06-24,wind,181.18266465923958,139.71,41.47266465923957,29.684821887652685
2025-06-25,wind,164.6147505480481,134.45,30.16475054804812,22.435664223167066
2025-06-26,wind,151.88931423759905,135.41,16.479314237599056,12.169938880141094
2025-06-27,wind,131.37024567059254,129.33,2.040245670592526,1.5775501976281807
2025-06-28,wind,129.40467552070768,116.97,12.434675520707685,10.630653604093087
2025-06-29,wind,139.75169961194305,122.88,16.871699611943058,13.730224293573453
2025-06-30,wind,149.17288236209532,122.89,26.28288236209532,21.387323917402004
2025-07-01,wind,140.9407224880139,123.78,17.160722488013903,13.863889552442965
2025-07-02,wind,153.75814043245745,138.6,15.158140432457458,10.936609258627316
2025-07-03,wind,133.9188688532564,115.86,18.058868853256413,15.586802048382886
2025-07-04,wind,151.47975017633152,132.99,18.489750176331512,13.903113148606295
2025-07-05,wind,161.32115564235133,151.68,9.641155642351322,6.356247127077612
2025-07-06,wind,190.8319807936064,162.99,27.841980793606382,17.0820177885799
2025-07-07,wind,175.36837104311388,155.39,19.978371043113896,12.856921966094278
2025-07-08,wind,164.10694589970856,140.28,23.826945899708562,16.985276518184033
2025-07-09,wind,163.41235153813128,137.09,26.322351538131272,19.200781631141055
2025-07-10,wind,121.43157649227562,107.23,14.20157649227562,13.244032912688258
2025-07-11,wind,148.88452511934088,136.5,12.384525119340879,9.072912175341303
2025-07-12,wind,151.36125835713506,147.14,4.221258357135071,2.868872065471708
2025-07-13,wind,167.87879070624496,146.6,21.278790706244962,14.514864056101612
2025-07-14,wind,172.52271501931884,161.16,11.362715019318841,7.050580180763739
2025-07-15,wind,157.6095617406362,146.53,11.079561740636194,7.561292391070904
2025-07-16,wind,171.56107237303502,143.33,28.231072373035005,19.696555063863112
2025-07-17,wind,172.44856515043253,129.41,43.03856515043253,33.2575265825149
2025-07-18,wind,157.3752711258021,126.1,31.275271125802107,24.801959655671773
2025-07-19,wind,194.50806638114946,141.4,53.108066381149456,37.55874567266581
2025-07-20,wind,167.5770682474406,135.46,32.117068247440585,23.70963254646433
2025-07-21,wind,161.28683430058203,143.4,17.886834300582024,12.473385146849388
2025-07-22,wind,175.33344911332065,134.24,41.093449113320645,30.61192573995876
2025-07-23,wind,191.27396789134295,157.49,33.78396789134294,21.451500343731624
2025-07-24,wind,182.39304367370084,159.79,22.603043673700853,14.145468223105862
2025-07-25,wind,190.87551355934062,154.39,36.48551355934063,23.63204453613617
2025-07-26,wind,184.34417026558148,170.84,13.504170265581479,7.904571684372207
2025-07-27,wind,135.55011937839564,138.52,-2.969880621604375,-2.144008534222044
2025-07-28,wind,124.3274439079619,115.01,9.317443907961888,8.101420665995903
2025-07-29,wind,171.96585933632224,124.84,47.125859336322236,37.74900619698994
2025-07-30,wind,131.59619226355005,111.04,20.556192263550045,18.51242098662648
2025-07-31,wind,137.8623875820772,134.39,3.4723875820772037,2.5838139609176305
2025-08-01,wind,97.86598732591727,96.9,0.9659873259172684,0.9968909452190592
2025-08-02,wind,77.03273631109555,86.92,-9.887263688904454,-11.375130797174936
2025-08-03,wind,60.91304793537755,72.05,-11.136952064622449,-15.457254773938168
2025-08-04,wind,61.40395023035745,53.26,8.143950230357454,15.290931713025637
2025-08-05,wind,72.9584489470856,83.6,-10.641551052914394,-12.729128053725352
2025-08-06,wind,95.07553921730178,87.61,7.465539217301782,8.521332287754573
2025-08-07,wind,94.06496673851349,96.75,-2.6850332614865096,-2.775228177247038
2025-08-08,wind,59.16971587355072,68.27,-9.100284126449274,-13.329843454590998
2025-08-09,wind,41.688923942523495,49.92,-8.231076057476507,-16.488533768983388
2025-08-10,wind,66.39731113907182,71.11,-4.712688860928182,-6.62732226259061
2025-08-11,wind,89.26880697428129,95.29,-6.021193025718716,-6.318808926139906
2025-08-12,wind,130.60124618335547,134.79,-4.188753816644521,-3.1076146721897184
2025-08-13,wind,140.06113191664204,141.77,-1.7088680833579701,-1.2053806047527473
2025-08-14,wind,147.7692770916761,147.13,0.6392770916760924,0.43449812524712317
2025-08-15,wind,157.8658631111661,165.4,-7.534136888833899,-4.555100900141414
2025-08-16,wind,178.97740138299162,183.89,-4.912598617008371,-2.671487637722753
2025-08-17,wind,177.33572085946483,183.81,-6.474279140535174,-3.5222670913090552
2025-08-18,wind,174.7484378874975,170.44,4.30843788749749,2.5278326023805975
2025-08-19,wind,163.30064450319887,147.4,15.900644503198862,10.787411467570463
2025-08-20,wind,103.72702588189745,120.18,-16.45297411810256,-13.690276350559627
2025-08-21,wind,50.85313479673767,60.39,-9.53686520326233,-15.792126516413859
2025-08-22,wind,30.501936536212153,43.52,-13.01806346378785,-29.91282965024782
2025-08-23,wind,54.39722198563868,78.08,-23.68277801436132,-30.33142676019636
2025-08-24,wind,77.77158586127435,91.55,-13.778414138725651,-15.05015198113124
2025-08-25,wind,68.22702876417172,64.57,3.657028764171727,5.663665423837274
2025-08-26,wind,138.40696628059544,144.82,-6.413033719404552,-4.428279049443828
2025-08-27,wind,161.4030323854757,169.25,-7.846967614524289,-4.63631764521376
2025-08-28,wind,181.2531532539584,168.74,12.513153253958393,7.415641373686377
2025-08-29,wind,155.59466443819548,145.36,10.234664438195466,7.040908391713996
2025-08-30,wind,151.677506550384,201.59,-49.912493449615994,-24.759409419919635
2025-08-31,wind,120.77992026603263,148.01,-27.230079733967358,-18.397459451366366
2025-09-01,wind,128.7379266381465,136.75,-8.01207336185351,-5.858920191483371
2025-09-02,wind,156.44203918179653,146.43,10.012039181796524,6.837423466363808
2025-09-03,wind,150.08111932024295,160.24,-10.158880679757061,-6.339790738740053
2025-09-04,wind,146.35617537825246,167.07,-20.713824621747534,-12.398290909048622
2025-09-05,wind,107.36643562292018,126.8,-19.43356437707982,-15.326154871514053
2025-09-06,wind,80.98234875505784,103.26,-22.277651244942163,-21.574328147338914
2025-09-07,wind,77.42012255482683,92.43,-15.009877445173174,-16.239183647271634
2025-09-08,wind,41.12514459357147,44.2,-3.074855406428533,-6.956686439883558
2025-09-09,wind,25.154433193768185,30.88,-5.725566806231814,-18.541343284429452
2025-09-10,wind,40.48987611530824,40.48,0.009876115308244948,0.024397518053964794
2025-09-11,wind,51.89574149678868,63.69,-11.794258503211317,-18.51822657122204
2025-09-12,wind,54.493360960844925,50.93,3.563360960844925,6.996585432642695
2025-09-13,wind,82.53298958523332,100.74,-18.20701041476667,-18.073268229865665
2025-09-14,wind,91.73668035637787,113.53,-21.793319643622127,-19.196088825528165
2025-09-15,wind,94.01667011671542,129.55,-35.533329883284594,-27.428274707282586
2025-09-16,wind,74.22460906865426,97.92,-23.69539093134574,-24.198724398841648
2025-09-17,wind,41.78860982640173,63.91,-22.121390173598265,-34.613347165699054
2025-09-18,wind,69.41926388169006,84.6,-15.180736118309937,-17.94413252755312
2025-09-19,wind,61.8366795148361,88.92,-27.083320485163902,-30.458075219482573
2025-09-20,wind,82.89140020363374,102.33,-19.438599796366262,-18.9959931558353
2025-09-21,wind,95.3571339539769,109.21,-13.852866046023095,-12.684613172807524
2025-09-22,wind,123.57554745977698,137.99,-14.414452540223024,-10.446012421351563
2025-09-23,wind,139.61157117274155,145.25,-5.638428827258451,-3.8818787106770754
2025-09-24,wind,136.84905033216035,137.84,-0.9909496678396579,-0.7189129917583124
2025-09-25,wind,136.95381799247463,127.31,9.643817992474624,7.5750671529924
2025-09-26,wind,161.0935474515487,161.27,-0.17645254845132285,-0.10941436624996766
2025-09-27,wind,158.4725376061744,167.71,-9.23746239382561,-5.507997372742
2025-09-28,wind,156.76401576482996,153.34,3.42401576482996,2.2329566745989045
2025-09-29,wind,152.8108912422711,145.45,7.360891242271123,5.06077087815134
2025-09-30,wind,132.91755223116206,128.82,4.097552231162069,3.1808354534715644
2025-10-01,wind,137.66968183450987,136.03,1.6396818345098723,1.2053825145261134
2025-10-02,wind,84.98175638429528,114.16,-29.178243615704716,-25.559078149706306
2025-10-03,wind,35.77311493396025,41.78,-6.00688506603975,-14.377417582670535
2025-10-04,wind,15.17473738944268,21.1,-5.925262610557322,-28.08181332017688
2025-10-05,wind,18.57759763954013,26.2,-7.622402360459869,-29.093138780381185
2025-10-06,wind,21.51077141671956,29.83,-8.319228583280438,-27.888798468925373
2025-10-07,wind,17.337417645923736,23.96,-6.622582354076265,-27.64016007544351
2025-10-08,wind,6.0245263162585925,12.44,-6.415473683741407,-51.57133186287305
2025-10-09,wind,19.698720503380212,16.13,3.568720503380213,22.12473963657913
2025-10-10,wind,32.40008778616397,16.89,15.510087786163972,91.83000465461203
2025-10-11,wind,26.529696393903514,22.45,4.0796963939035145,18.17236701070608
2025-10-12,wind,10.155593391596707,15.19,-5.034406608403293,-33.14290064781628
2025-10-13,wind,5.5335397189927225,11.69,-6.156460281007277,-52.66433088971153
2025-10-14,wind,18.921260876780103,13.57,5.351260876780103,39.43449430199044
2025-10-15,wind,9.775795343258126,13.46,-3.6842046567418745,-27.371505622153595
2025-10-16,wind,27.509663459941223,21.36,6.149663459941223,28.79055926938775
2025-10-17,wind,18.333022036743127,24.79,-6.456977963256872,-26.046704168039014
2025-10-18,wind,12.562775452277526,16.36,-3.7972245477224735,-23.210418995858642
2025-10-19,wind,3.1063009455907187,13.76,-10.65369905440928,-77.42513847681163
2025-10-20,wind,14.657668984790229,11.17,3.487668984790229,31.223536121667227
2025-10-21,wind,12.89590597343948,9.99,2.905905973439479,29.088147882277067
2025-10-22,wind,44.46222586922619,33.39,11.072225869226187,33.16030508902721
2025-10-23,wind,67.24634005644155,32.16,35.08634005644156,109.09931609590038
2025-10-24,wind,38.74018885924106,29.22,9.52018885924106,32.581070702399245
2025-10-25,wind,23.027225981598118,37.7,-14.672774018401885,-38.91982498249836
2025-10-26,wind,26.215089052780915,43.46,-17.244910947219086,-39.67996076212399
2025-10-27,wind,88.8102453371574,93.69,-4.8797546628426005,-5.20840501957797
2025-10-28,wind,136.19829680935763,137.02,-0.8217031906423813,-0.5996958040011541
2025-10-29,wind,105.83259102797041,119.73,-13.897408972029595,-11.607290547088946
2025-10-30,wind,35.030606432222235,72.26,-37.22939356777777,-51.52144141679735
2025-10-31,wind,23.455746448250384,31.04,-7.584253551749615,-24.433806545585103
2025-11-01,wind,24.436943567973714,27.56,-3.123056432026285,-11.331844818673023
2025-11-02,wind,41.50560446858546,32.08,9.425604468585462,29.38156006416915
2025-11-03,wind,46.334083877543385,34.08,12.254083877543387,35.95681888950524
2025-11-04,wind,58.178428783212304,43.97,14.208428783212305,32.3139158135372
2025-11-05,wind,36.659290962425295,29.57,7.089290962425295,23.974605892544115
2025-11-06,wind,38.93713057705461,27.63,11.307130577054611,40.923382472148425
2025-11-07,wind,9.83767253006763,8.34,1.4976725300676303,17.9577041974536
2025-11-08,wind,4.820691151130017,7.63,-2.809308848869983,-36.819250968151806
2025-11-09,wind,3.240138685161686,8.38,-5.139861314838315,-61.33486055892977
2025-11-10,wind,1.2016602627473074,4.04,-2.8383397372526926,-70.25593409041319
2025-11-11,wind,2.442113266232322,3.5,-1.057886733767678,-30.225335250505086
2025-11-12,wind,15.205039109533674,13.91,1.2950391095336737,9.310130190752506
2025-11-13,wind,32.29915312465069,20.65,11.649153124650688,56.4123637997612
2025-11-14,wind,50.570635628132436,24.09,26.480635628132436,109.92376765517824
2025-11-15,wind,66.30617301141896,23.28,43.02617301141896,184.82033080506426
2025-11-16,wind,85.68772888167139,33.11,52.57772888167139,158.79712739858468
2025-11-17,wind,73.22529178651817,28.39,44.83529178651817,157.9263535981619
2025-11-18,wind,52.079560953927846,24.73,27.349560953927845,110.59264437496097
2025-11-19,wind,57.52859275300257,16.52,41.008592753002574,248.23603361381706
2025-11-20,wind,72.56639107770594,26.82,45.746391077705944,170.56819939487676
2025-11-21,wind,66.15831693038498,29.16,36.99831693038499,126.88037356099105
2025-11-22,wind,63.47257364480589,29.74,33.732573644805896,113.42492819369838
2025-11-23,wind,101.03267244445284,30.73,70.30267244445284,228.77537404638085
2025-11-24,wind,107.45130614723756,43.35,64.10130614723755,147.8692183327279
2025-11-25,wind,124.145210771062,49.34,74.805210771062,151.61169592837857
2025-11-26,wind,106.81846025881134,45.41,61.408460258811346,135.23113908568897
2025-11-27,wind,125.2801808061079,48.32,76.9601808061079,159.27189736363388
2025-11-28,wind,106.84927559621659,30.93,75.91927559621658,245.4551425677872
2025-11-29,wind,81.06663411556805,21.42,59.64663411556805,278.46234414364164
2025-11-30,wind,35.96551794458328,14.56,21.40551794458328,147.015919949061
2025-12-01,wind,6.589384760096697,8.28,-1.6906152399033028,-20.41805845293844
2025-12-02,wind,9.597690480708648,7.42,2.177690480708648,29.348928311437305
2025-12-03,wind,5.269110843428682,11.75,-6.480889156571318,-55.156503460181426
2025-12-04,wind,32.164762861709356,19.64,12.524762861709355,63.77170499852014
2025-12-05,wind,90.17900243535901,37.68,52.49900243535901,139.32856272653663
2025-12-06,wind,114.2856274558156,39.34,74.9456274558156,190.50744142301878
2025-12-07,wind,112.10842642846193,41.77,70.33842642846193,168.39460480838383
2025-12-08,wind,95.53864917129044,37.32,58.218649171290444,155.99852403882755
2025-12-09,wind,106.69585832338754,39.56,67.13585832338754,169.70641638874503
2025-12-10,wind,112.05290955904027,44.73,67.32290955904028,150.50952282369838
2025-12-11,wind,127.16668202026938,47.29,79.87668202026939,168.90818782040472
2025-12-12,wind,105.61479980780237,30.05,75.56479980780237,251.46356009252037
2025-12-13,wind,95.18738649983587,30.29,64.89738649983587,214.25350445637466
2025-12-14,wind,94.87061003954821,37.51,57.36061003954821,152.92084787936076
2025-12-15,wind,101.46292148718524,35.68,65.78292148718523,184.3691745717075
2025-12-16,wind,110.23768716383154,37.59,72.64768716383153,193.2633337691714
2025-12-17,wind,144.32694156314375,45.84,98.48694156314374,214.84934895973765
2025-12-18,wind,132.38991861764958,61.69,70.69991861764959,114.60515256548807
2025-12-19,wind,109.50732639836139,41.39,68.11732639836139,164.57435708712583
2025-12-20,wind,70.97522011716846,23.33,47.64522011716846,204.22297521289528
2025-12-21,wind,82.35456521757811,31.42,50.93456521757811,162.10873716606656
2025-12-22,wind,95.27007714343426,31.41,63.86007714343427,203.31129303863187
2025-12-23,wind,72.88347551576035,20.45,52.43347551576035,256.3984132800017
2025-12-24,wind,59.888330910598626,20.19,39.69833091059863,196.62372912629334
2025-12-25,wind,65.58403547151747,21.78,43.804035471517466,201.12045671036483
2025-12-26,wind,84.92659604900912,29.34,55.58659604900912,189.45670091686816
2025-12-27,wind,100.11646998982003,31.52,68.59646998982004,217.62839463775393
2025-12-28,wind,77.49965262238928,29.57,47.92965262238928,162.08878127287548
2025-12-29,wind,82.2947213096709,28.24,54.05472130967091,191.41190265464206
2025-12-30,wind,43.143894367917405,14.77,28.373894367917405,192.1049043190075
2025-12-31,wind,15.738262855881581,9.43,6.308262855881582,66.89568245897753
2026-01-01,wind,17.00168402433691,14.77,2.2316840243369107,15.109573624488224
2026-01-02,wind,20.229737107935247,13.55,6.679737107935246,49.296952826090376
2026-01-03,wind,114.276827695431,40.54,73.736827695431,181.88660013673163
2026-01-04,wind,142.70893140443113,51.64,91.06893140443113,176.35346902484724
2026-01-05,wind,151.8220883038682,57.58,94.24208830386821,163.67156704388367
2026-01-06,wind,144.27865886006737,44.8,99.47865886006737,222.05057781265037
2026-01-07,wind,173.45012741025909,57.66,115.79012741025909,200.81534410381389
2026-01-08,wind,176.23380692345134,61.16,115.07380692345134,188.1520714902736
2026-01-09,wind,149.178387047771,49.67,99.508387047771,200.33901157191661
2026-01-10,wind,143.5817095030032,37.4,106.18170950300319,283.9083141791529
2026-01-11,wind,94.62534930818467,22.84,71.78534930818466,314.2966256925773
2026-01-12,wind,101.6311486222391,35.9,65.73114862223909,183.09512151041528
2026-01-13,wind,97.1459278682706,36.92,60.2259278682706,163.12548176671345
2026-01-14,wind,61.22351886980301,25.28,35.94351886980301,142.1816410989043
2026-01-15,wind,62.45944605977374,25.13,37.329446059773744,148.54534842727315
2026-01-16,wind,93.62260105194993,31.98,61.642601051949924,192.7535992868978
2026-01-17,wind,80.89893883693684,25.65,55.24893883693684,215.3954730484867
2026-01-18,wind,43.15431015598285,17.53,25.624310155982847,146.17404538495634
2026-01-19,wind,30.580482703387272,13.29,17.290482703387273,130.10144998786512
2026-01-20,wind,65.70387758822955,25.33,40.37387758822955,159.39154199853752
2026-01-21,wind,88.65525574804835,34.16,54.49525574804835,159.5294372015467
2026-01-22,wind,90.35617902668366,33.97,56.38617902668366,165.98816316362576
2026-01-23,wind,68.4757727449591,28.45,40.0257727449591,140.688129156271
2026-01-24,wind,87.60511748863796,34.69,52.91511748863796,152.5370927893859
2026-01-25,wind,95.95558422275158,29.54,66.41558422275159,224.83271571683002
2026-01-26,wind,102.00731346694646,32.88,69.12731346694645,210.2412210065281
2026-01-27,wind,114.23023778364954,43.06,71.17023778364954,165.28155546597662
2026-01-28,wind,106.48481554488338,37.98,68.50481554488337,180.37076236146228
2026-01-29,wind,93.37510276631718,36.19,57.185102766317186,158.0135472957093
2026-01-30,wind,95.84039292516663,35.02,60.82039292516662,173.67330932371962
2026-01-31,wind,94.67722862484186,35.19,59.48722862484186,169.04583297766942
2026-02-01,wind,117.78762879932408,40.13,77.65762879932407,193.51514776806397
2026-02-02,wind,130.2951000908813,41.04,89.25510009088131,217.48318735594862
2026-02-03,wind,106.75521984158632,37.35,69.40521984158633,185.82388177131546
2026-02-04,wind,128.80984206995242,49.49,79.31984206995241,160.27448387543427
2026-02-05,wind,118.304034073348,38.03,80.274034073348,211.08081533880622
2026-02-06,wind,134.55946602586036,46.35,88.20946602586037,190.3116850611874
2026-02-07,wind,104.69901342870732,35.42,69.27901342870732,195.59292328827587
2026-02-08,wind,102.88937377082611,34.62,68.26937377082612,197.1963424922765
2026-02-09,wind,64.68627963712298,23.55,41.13627963712298,174.67634665445001
2026-02-10,wind,93.28114271954814,30.67,62.61114271954814,204.14458010938424
2026-02-11,wind,130.6636712635505,49.1,81.5636712635505,166.11745674857536
2026-02-12,wind,92.4934389024594,32.98,59.513438902459406,180.4531197770146
2026-02-13,wind,98.08333231825543,37.6,60.48333231825543,160.8599263783389
2026-02-14,wind,112.95329338316091,41.23,71.72329338316092,173.9589943806959
2026-02-15,wind,76.06958872370375,29.81,46.25958872370374,155.18144489669152
2026-02-16,wind,96.59032958569661,31.34,65.2503295856966,208.20143454274606
2026-02-17,wind,90.89227494418756,35.92,54.97227494418756,153.04085452168027
2026-02-18,wind,79.59789569412258,33.53,46.06789569412258,137.3930679812782
2026-02-19,wind,117.80912527021296,37.72,80.08912527021296,212.3253586166834
2026-02-20,wind,124.90147129086894,48.04,76.86147129086893,159.99473624244158
2026-02-21,wind,62.42831952519416,27.01,35.418319525194164,131.13039439168517
2026-02-22,wind,16.838213979427774,14.87,1.9682139794277749,13.236139740603733
2026-02-23,wind,19.84155763121013,14.16,5.681557631210129,40.123994570693
2026-02-24,wind,30.193789615896346,20.56,9.633789615896347,46.85695338470987
2026-02-25,wind,6.672121438890584,12.54,-5.867878561109415,-46.79328996100012
2026-02-26,wind,6.651898496885591,10.86,-4.208101503114408,-38.74863262536288
2026-02-27,wind,8.828667477927604,11.12,-2.291332522072395,-20.60550829201794
2026-02-28,wind,12.860574177142878,11.98,0.8805741771428774,7.350368757453067
2026-03-01,wind,18.559565902479697,10.89,7.669565902479697,70.42760241028188
2026-03-02,wind,21.030623356638475,11.39,9.640623356638475,84.64111814432374
2026-03-03,wind,30.260503757902427,15.77,14.490503757902427,91.88651717122656
2026-03-04,wind,32.742820831484536,16.28,16.462820831484535,101.12297808037182
2026-03-05,wind,17.94099795467985,12.31,5.6309979546798505,45.74328151648944
2026-03-06,wind,23.240826321956177,14.58,8.660826321956177,59.40210097363633
2026-03-07,wind,27.81509930175194,14.0,13.815099301751939,98.67928072679956
2026-03-08,wind,23.7073752205698,14.07,9.637375220569801,68.49591485834968
2026-03-09,wind,51.296650203097066,28.62,22.676650203097065,79.23357862717353
2026-03-10,wind,112.1610091590971,43.2,68.9610091590971,159.6319656460581
2026-03-11,wind,68.40522258821882,27.04,41.36522258821882,152.97789418719978
2026-03-12,wind,39.97478716874976,18.43,21.544787168749757,116.90063575013434
2026-03-13,wind,30.797870991317215,13.12,17.677870991317214,134.7398703606495
2026-03-14,wind,21.50942548692085,13.44,8.069425486920851,60.04036820625633
2026-03-15,wind,19.354931352598793,12.81,6.544931352598793,51.09236028570486
2026-03-16,wind,16.039513960816905,11.58,4.4595139608169045,38.51048325403199
2026-03-17,wind,13.814983209693782,16.88,-3.065016790306217,-18.15768240702735
2026-03-18,wind,10.56776987729045,15.72,-5.15223012270955,-32.77500078059511
2026-03-19,wind,9.854509872899934,13.43,-3.575490127100066,-26.623158057334816
2026-03-20,wind,10.769984950020971,13.06,-2.2900150499790293,-17.53457159248874
2026-03-21,wind,14.384736977662383,11.83,2.554736977662383,21.595409785818962
2026-03-22,wind,17.08653143907574,11.36,5.726531439075739,50.40960773834278
2026-03-23,wind,36.00133774618484,15.8,20.201337746184837,127.85656801382808
2026-03-24,wind,35.075363375107024,14.98,20.095363375107024,134.14795310485331
2026-03-25,wind,44.550030630675025,15.68,28.870030630675025,184.12009330787643
2026-03-26,wind,55.71558424353651,21.59,34.12558424353651,158.06199279081292
2026-03-27,wind,22.14334895145968,14.44,7.703348951459679,53.347291907615514
2026-03-28,wind,35.510403996225065,18.26,17.250403996225064,94.47099669345597
2026-03-29,wind,27.18687895501308,17.95,9.23687895501308,51.45893568252412
2026-03-30,wind,23.50654128097034,13.48,10.026541280970338,74.38087003687195
2026-03-31,wind,25.21168268275699,14.47,10.74168268275699,74.23415813930193
2025-04-01,comparable_total,391.7301070090531,314.34,77.39010700905311,24.619872434005572
2025-04-02,comparable_total,409.17078327187704,307.9,101.27078327187706,32.890803271152016
2025-04-03,comparable_total,381.72528246700415,303.44,78.28528246700415,25.799262611061213
2025-04-04,comparable_total,371.8731931328163,300.68,71.1931931328163,23.677395614213218
2025-04-05,comparable_total,357.2386051368796,301.34,55.89860513687961,18.55001166021093
2025-04-06,comparable_total,333.244438186734,299.81,33.434438186733985,11.151875583447511
2025-04-07,comparable_total,360.41331266509354,304.57,55.84331266509355,18.335132371899252
2025-04-08,comparable_total,392.33921000387113,315.89,76.44921000387114,24.201212448596394
2025-04-09,comparable_total,397.6469152379622,321.1,76.5469152379622,23.838964571149855
2025-04-10,comparable_total,402.71615491223326,259.22,143.49615491223324,55.35689951093018
2025-04-11,comparable_total,388.6717147284262,313.87,74.80171472842619,23.83206892293822
2025-04-12,comparable_total,372.69655131239176,313.26,59.43655131239177,18.973552739702413
2025-04-13,comparable_total,359.16913711663386,286.92,72.24913711663385,25.18093444745359
2025-04-14,comparable_total,360.01508947643714,281.03,78.98508947643717,28.105572172521505
2025-04-15,comparable_total,375.4602415398304,302.48,72.98024153983039,24.127294875638185
2025-04-16,comparable_total,386.80877305804046,310.6,76.20877305804044,24.535986174513983
2025-04-17,comparable_total,396.5173183540653,310.46,86.05731835406533,27.719293420751573
2025-04-18,comparable_total,402.2295473090566,320.37,81.85954730905661,25.55156453758361
2025-04-19,comparable_total,403.11027777057177,321.18,81.93027777057176,25.50914682438874
2025-04-20,comparable_total,381.85626248886894,325.86,55.99626248886892,17.184147329794673
2025-04-21,comparable_total,405.185782267522,325.91,79.27578226752195,24.324439958124003
2025-04-22,comparable_total,424.84982473640224,314.62,110.22982473640224,35.03586063708672
2025-04-23,comparable_total,429.2788628598031,323.35,105.92886285980308,32.759815326984096
2025-04-24,comparable_total,435.29481742817006,332.56,102.73481742817006,30.89211493510045
2025-04-25,comparable_total,434.30411378570545,331.74,102.56411378570544,30.91701747926251
2025-04-26,comparable_total,434.53799220798356,307.91,126.62799220798354,41.12500152901287
2025-04-27,comparable_total,399.54399321468486,272.92,126.62399321468484,46.3960109976128
2025-04-28,comparable_total,411.20028063572596,265.43,145.77028063572595,54.91853996749649
2025-04-29,comparable_total,423.87275631018076,274.71,149.16275631018078,54.29826228028859
2025-04-30,comparable_total,416.63627961126576,291.74,124.89627961126575,42.81081771826481
2025-05-01,comparable_total,379.8856566373352,288.54,91.3456566373352,31.657883356669853
2025-05-02,comparable_total,394.17664670240487,263.06,131.11664670240486,49.84286729354705
2025-05-03,comparable_total,401.73995767426754,278.87,122.86995767426754,44.05994107443165
2025-05-04,comparable_total,362.06944124838776,265.76,96.30944124838777,36.23925393151256
2025-05-05,comparable_total,361.04949576487104,252.17,108.87949576487105,43.177021757096824
2025-05-06,comparable_total,392.7537822364153,260.87,131.8837822364153,50.555365598349866
2025-05-07,comparable_total,373.0235820008851,269.62,103.40358200088508,38.35159928821493
2025-05-08,comparable_total,382.2737666098527,280.05,102.2237666098527,36.50196986604274
2025-05-09,comparable_total,394.7207253669511,276.64,118.08072536695113,42.68389436341495
2025-05-10,comparable_total,403.2121046784518,293.36,109.85210467845178,37.44617694247743
2025-05-11,comparable_total,376.20798538853137,307.99,68.21798538853136,22.149415691591077
2025-05-12,comparable_total,401.2067841319287,336.88,64.32678413192872,19.09486586675633
2025-05-13,comparable_total,412.96566348536817,323.53,89.4356634853682,27.643700270567862
2025-05-14,comparable_total,415.3414936525963,308.95,106.3914936525963,34.43647634005383
2025-05-15,comparable_total,411.4531823264877,294.45,117.00318232648772,39.73618010748437
2025-05-16,comparable_total,408.1928142009576,310.35,97.8428142009576,31.526603576915612
2025-05-17,comparable_total,366.19478072010145,283.62,82.57478072010144,29.114583146499346
2025-05-18,comparable_total,327.1776241688861,292.21,34.96762416888612,11.966607634538901
2025-05-19,comparable_total,339.4745218586188,280.44,59.0345218586188,21.050678169526034
2025-05-20,comparable_total,338.54800364259916,344.24,-5.691996357400853,-1.6534965016851189
2025-05-21,comparable_total,352.72664704371977,343.55,9.176647043719754,2.671124157682944
2025-05-22,comparable_total,367.67517508077924,328.47,39.20517508077921,11.935694304131035
2025-05-23,comparable_total,375.6503274805946,334.68,40.97032748059462,12.241642010456143
2025-05-24,comparable_total,357.11942410543736,344.0,13.11942410543736,3.813786077162024
2025-05-25,comparable_total,317.33052253592905,320.19,-2.859477464070949,-0.8930564552518658
2025-05-26,comparable_total,323.18121828529047,347.91,-24.728781714709555,-7.1078099838204
2025-05-27,comparable_total,341.15293711467314,373.39,-32.23706288532685,-8.633617098831477
2025-05-28,comparable_total,347.8131896968979,398.14,-50.32681030310209,-12.640480811549226
2025-05-29,comparable_total,355.67400919548595,380.56,-24.88599080451405,-6.539308073500644
2025-05-30,comparable_total,354.61114963392413,381.26,-26.648850366075862,-6.989679055257793
2025-05-31,comparable_total,355.5814441180553,374.76,-19.178555881944703,-5.117556804873707
2025-06-01,comparable_total,333.4738873937406,363.38,-29.9061126062594,-8.229983104810227
2025-06-02,comparable_total,373.91701409503844,418.42,-44.50298590496158,-10.635960495426025
2025-06-03,comparable_total,402.2561815965498,441.0,-38.74381840345018,-8.785446349988703
2025-06-04,comparable_total,403.2325892201561,426.27,-23.037410779843867,-5.404417570986434
2025-06-05,comparable_total,409.2886896334648,387.06,22.228689633464796,5.742957069566682
2025-06-06,comparable_total,420.94706886185395,391.54,29.40706886185393,7.5106167599361315
2025-06-07,comparable_total,399.0022678144734,408.71,-9.707732185526595,-2.375212787924591
2025-06-08,comparable_total,353.2152314861066,408.41,-55.19476851389345,-13.514548741189843
2025-06-09,comparable_total,371.52496086306337,419.77,-48.24503913693661,-11.493207979831006
2025-06-10,comparable_total,367.6618887476614,444.68,-77.0181112523386,-17.319895487167987
2025-06-11,comparable_total,365.43243244078826,451.91,-86.47756755921176,-19.136015480784174
2025-06-12,comparable_total,358.80642762602383,445.64,-86.83357237397615,-19.485138760877874
2025-06-13,comparable_total,365.2768372036479,447.01,-81.73316279635208,-18.2844148444894
2025-06-14,comparable_total,361.645742540806,460.37,-98.724257459194,-21.444546225686732
2025-06-15,comparable_total,336.19738324961395,455.09,-118.89261675038603,-26.125077841830414
2025-06-16,comparable_total,365.69224766712676,433.36,-67.66775233287325,-15.614674250709168
2025-06-17,comparable_total,384.06246767936517,416.42,-32.357532320634846,-7.770407838392692
2025-06-18,comparable_total,403.1508291195878,419.11,-15.959170880412216,-3.807871651932002
2025-06-19,comparable_total,410.20540237263225,425.97,-15.764597627367777,-3.7008703963583764
2025-06-20,comparable_total,419.86661422458224,432.39,-12.52338577541775,-2.8963171616868455
2025-06-21,comparable_total,398.8065115524816,438.47,-39.66348844751843,-9.045884199037205
2025-06-22,comparable_total,376.7155120522118,439.34,-62.62448794778817,-14.254219499200657
2025-06-23,comparable_total,375.2125624748073,417.7,-42.48743752519266,-10.171759043618065
2025-06-24,comparable_total,387.67750894989365,436.32,-48.642491050106344,-11.148352367552793
2025-06-25,comparable_total,402.4487289958968,434.67,-32.221271004103244,-7.412812249316318
2025-06-26,comparable_total,403.71618206710576,441.29,-37.57381793289426,-8.514540989574716
2025-06-27,comparable_total,409.6204030251838,444.57,-34.94959697481619,-7.861438462967854
2025-06-28,comparable_total,414.3449781108079,423.89,-9.545021889192071,-2.2517685930765223
2025-06-29,comparable_total,378.57808693214065,405.96,-27.38191306785933,-6.744978093373567
2025-06-30,comparable_total,405.25676139463906,426.66,-21.40323860536097,-5.016462430356951
2025-07-01,comparable_total,415.21612328231527,429.2,-13.983876717684723,-3.2581259826851636
2025-07-02,comparable_total,408.6998227192192,437.72,-29.020177280780842,-6.629849511281376
2025-07-03,comparable_total,401.6047644931972,415.76,-14.155235506802796,-3.404665072831152
2025-07-04,comparable_total,406.53394181223473,435.39,-28.856058187765257,-6.62763457768099
2025-07-05,comparable_total,408.795544621334,449.11,-40.314455378666025,-8.97652142652491
2025-07-06,comparable_total,381.1437866564305,451.72,-70.57621334356952,-15.623885004774976
2025-07-07,comparable_total,412.40409495358847,450.46,-38.05590504641151,-8.44823181778882
2025-07-08,comparable_total,418.8753668149018,442.11,-23.234633185098232,-5.255396436429447
2025-07-09,comparable_total,430.4577631792505,432.23,-1.7722368207495265,-0.41002170620954737
2025-07-10,comparable_total,423.63287491985324,406.02,17.612874919853255,4.337932840710619
2025-07-11,comparable_total,428.1324007707855,433.12,-4.9875992292144815,-1.1515513551012377
2025-07-12,comparable_total,414.92933558102504,439.16,-24.230664418974982,-5.517502600185577
2025-07-13,comparable_total,379.2192058105659,437.43,-58.210794189434125,-13.307453578728968
2025-07-14,comparable_total,399.4784914619371,450.75,-51.2715085380629,-11.374710712825935
2025-07-15,comparable_total,406.5384110216016,431.15,-24.6115889783984,-5.708358802829271
2025-07-16,comparable_total,419.73553928073807,415.87,3.865539280738062,0.929506644080617
2025-07-17,comparable_total,402.72178739460924,408.51,-5.788212605390754,-1.4169084246140253
2025-07-18,comparable_total,398.9941737085528,427.6,-28.605826291447215,-6.689856476016655
2025-07-19,comparable_total,369.80610022276255,434.34,-64.53389977723742,-14.857922313679934
2025-07-20,comparable_total,341.20860103461405,420.54,-79.33139896538597,-18.864174386594847
2025-07-21,comparable_total,361.06638587544126,429.39,-68.32361412455873,-15.911785119485486
2025-07-22,comparable_total,365.34101935537836,420.6,-55.25898064462166,-13.138131394346567
2025-07-23,comparable_total,372.49485989967695,459.36,-86.86514010032306,-18.91003572368579
2025-07-24,comparable_total,377.2714494632511,441.22,-63.94855053674894,-14.493574755620536
2025-07-25,comparable_total,375.34847693322524,441.57,-66.22152306677475,-14.996834718566648
2025-07-26,comparable_total,377.0533074322426,453.13,-76.07669256775739,-16.78915378980809
2025-07-27,comparable_total,346.31275502343976,417.18,-70.86724497656024,-16.987210550975657
2025-07-28,comparable_total,389.06613043110553,396.15,-7.083869568894443,-1.788178611357931
2025-07-29,comparable_total,404.5183862696364,417.57,-13.051613730363613,-3.1256109707027835
2025-07-30,comparable_total,419.4784675724821,408.56,10.918467572482086,2.6724269562566296
2025-07-31,comparable_total,424.4603778098536,434.8,-10.339622190146429,-2.378017983014358
2025-08-01,comparable_total,415.5254460565551,377.55,37.975446056555086,10.05838857278641
2025-08-02,comparable_total,392.93438763546425,347.02,45.914387635464266,13.23104940218554
2025-08-03,comparable_total,343.7890100476334,315.41,28.379010047633358,8.997498509125695
2025-08-04,comparable_total,355.990479610998,304.66,51.330479610998,16.848447321931985
2025-08-05,comparable_total,351.6799512279181,343.02,8.6599512279181,2.5246199136837797
2025-08-06,comparable_total,365.8904278457436,370.12,-4.229572154256402,-1.1427569853713397
2025-08-07,comparable_total,378.86768141433276,384.03,-5.162318585667208,-1.3442487789149828
2025-08-08,comparable_total,383.21791300167547,362.55,20.66791300167546,5.700706937436342
2025-08-09,comparable_total,364.63830636711475,315.41,49.228306367114726,15.607718958534836
2025-08-10,comparable_total,325.1086584764996,330.04,-4.931341523500407,-1.4941648053267502
2025-08-11,comparable_total,330.68159401756617,338.43,-7.748405982433837,-2.2895151087178554
2025-08-12,comparable_total,343.06220822832927,384.17,-41.10779177167075,-10.700416943454915
2025-08-13,comparable_total,340.9160533541316,393.71,-52.7939466458684,-13.409348669291713
2025-08-14,comparable_total,343.43956096021947,421.45,-78.01043903978052,-18.51001044958608
2025-08-15,comparable_total,312.57459266319415,407.27,-94.69540733680583,-23.251260180422285
2025-08-16,comparable_total,326.8111772216296,426.22,-99.40882277837045,-23.323359480636867
2025-08-17,comparable_total,308.9893307505375,420.07,-111.08066924946252,-26.443371164201807
2025-08-18,comparable_total,335.0637191728091,424.48,-89.41628082719092,-21.064898423292245
2025-08-19,comparable_total,346.8194648506536,423.79,-76.9705351493464,-18.162423641271953
2025-08-20,comparable_total,378.5637986244109,413.77,-35.2062013755891,-8.508640398189598
2025-08-21,comparable_total,392.7197598070933,361.69,31.029759807093285,8.579103598964108
2025-08-22,comparable_total,397.9367768400115,323.95,73.98677684001149,22.83894947986155
2025-08-23,comparable_total,375.843124763146,343.99,31.853124763146013,9.259898474707407
2025-08-24,comparable_total,347.2949880175177,367.99,-20.6950119824823,-5.623797381038153
2025-08-25,comparable_total,374.20193944801724,357.81,16.39193944801724,4.581185391134189
2025-08-26,comparable_total,392.4929663593728,435.94,-43.44703364062718,-9.9662874800723
2025-08-27,comparable_total,373.8429676949726,461.15,-87.3070323050274,-18.932458485314413
2025-08-28,comparable_total,380.248370179129,451.13,-70.88162982087101,-15.71201866886951
2025-08-29,comparable_total,383.7014486591388,440.78,-57.07855134086117,-12.949442202654652
2025-08-30,comparable_total,381.8108611847206,495.48,-113.66913881527944,-22.94121635894071
2025-08-31,comparable_total,352.8701532014578,422.5,-69.62984679854219,-16.480437112080992
2025-09-01,comparable_total,365.7111368399073,412.6,-46.88886316009274,-11.364242161922622
2025-09-02,comparable_total,377.9700796195999,419.19,-41.21992038040008,-9.833230845296901
2025-09-03,comparable_total,381.399300705284,427.32,-45.92069929471597,-10.746208765027609
2025-09-04,comparable_total,385.785478818714,448.38,-62.594521181285984,-13.960150136332125
2025-09-05,comparable_total,400.82970061777274,413.68,-12.850299382227263,-3.106338083114306
2025-09-06,comparable_total,381.0249617684355,389.25,-8.225038231564497,-2.1130477152381495
2025-09-07,comparable_total,347.59884473566257,369.8,-22.201155264337444,-6.00355739976675
2025-09-08,comparable_total,373.86991846032083,347.85,26.01991846032081,7.4802122927471055
2025-09-09,comparable_total,385.4089944831786,324.88,60.52899448317862,18.631185201667886
2025-09-10,comparable_total,378.7801581896231,314.69,64.09015818962308,20.366124817955157
2025-09-11,comparable_total,363.8566042444302,328.44,35.416604244430175,10.783279821102843
2025-09-12,comparable_total,370.48801286215905,323.56,46.92801286215905,14.50365090312741
2025-09-13,comparable_total,370.5182568906044,370.77,-0.25174310939559064,-0.06789737826566083
2025-09-14,comparable_total,338.00083521639783,384.28,-46.27916478360214,-12.043084413344994
2025-09-15,comparable_total,371.09262283939626,410.93,-39.83737716060375,-9.694443618281397
2025-09-16,comparable_total,378.22986666904893,382.54,-4.310133330951089,-1.1267144170416399
2025-09-17,comparable_total,363.28553749265853,347.66,15.625537492658509,4.494488147229623
2025-09-18,comparable_total,348.821627903362,361.42,-12.598372096638002,-3.485798267012894
2025-09-19,comparable_total,341.9089864309582,355.17,-13.261013569041836,-3.7337088067803683
2025-09-20,comparable_total,330.8507187703396,368.79,-37.93928122966042,-10.28750270605505
2025-09-21,comparable_total,313.3492975497731,382.58,-69.23070245022689,-18.095745321299304
2025-09-22,comparable_total,340.4316899096494,417.68,-77.24831009035063,-18.49461551674742
2025-09-23,comparable_total,351.5624115225533,428.28,-76.71758847744667,-17.91295145172473
2025-09-24,comparable_total,360.5435773156297,418.67,-58.12642268437031,-13.883589147627085
2025-09-25,comparable_total,365.3166527958696,409.68,-44.363347204130434,-10.828780317352674
2025-09-26,comparable_total,355.5444946226138,446.48,-90.93550537738622,-20.36720690229937
2025-09-27,comparable_total,358.20554405379045,452.57,-94.36445594620955,-20.850797875734038
2025-09-28,comparable_total,335.3158944103511,439.07,-103.75410558964887,-23.630424667968406
2025-09-29,comparable_total,362.17290000498167,439.7,-77.52709999501832,-17.631817146922522
2025-09-30,comparable_total,371.002178767789,422.29,-51.287821232211,-12.145165936254942
2025-10-01,comparable_total,330.07604034096516,412.15,-82.07395965903481,-19.913613892765937
2025-10-02,comparable_total,327.12423894026375,381.5,-54.37576105973625,-14.25314837738827
2025-10-03,comparable_total,367.71907566325314,339.87,27.84907566325313,8.194037621223742
2025-10-04,comparable_total,348.01680419032505,288.55,59.466804190325036,20.608838742098435
2025-10-05,comparable_total,323.3545717161477,315.35,8.004571716147666,2.5383135297756985
2025-10-06,comparable_total,341.2831116247727,331.76,9.523111624772696,2.8704821632423125
2025-10-07,comparable_total,359.55597594177385,329.13,30.425975941773856,9.244364215286925
2025-10-08,comparable_total,369.7879338761325,315.44,54.347933876132515,17.22924609311835
2025-10-09,comparable_total,363.441379694309,318.73,44.71137969430896,14.027979698901566
2025-10-10,comparable_total,361.19102616842883,316.91,44.28102616842881,13.972744996506517
2025-10-11,comparable_total,362.3087823786955,322.68,39.62878237869552,12.281139946292152
2025-10-12,comparable_total,316.51564745327903,307.96,8.55564745327905,2.778168415793951
2025-10-13,comparable_total,346.5293001505189,313.6,32.929300150518884,10.500414588813419
2025-10-14,comparable_total,351.0165766640902,305.23,45.786576664090205,15.000680360413526
2025-10-15,comparable_total,338.5733012618598,297.65,40.92330126185982,13.74879934885262
2025-10-16,comparable_total,339.15839419449037,289.68,49.47839419449036,17.08036253607096
2025-10-17,comparable_total,329.7383825524054,290.26,39.478382552405435,13.601041325847666
2025-10-18,comparable_total,316.11960844134006,296.21,19.909608441340083,6.721450471402074
2025-10-19,comparable_total,269.31378012536476,271.14,-1.8262198746352283,-0.6735339214557897
2025-10-20,comparable_total,218.1050724235871,226.38,-8.274927576412892,-3.65532625515191
2025-10-21,comparable_total,222.84749421259602,215.83,7.017494212596006,3.251398884583239
2025-10-22,comparable_total,262.5967103445529,259.42,3.1767103445528733,1.2245433445967437
2025-10-23,comparable_total,290.3050349162098,256.7,33.60503491620983,13.091170594549995
2025-10-24,comparable_total,305.7238738941527,263.79,41.93387389415267,15.896688234638411
2025-10-25,comparable_total,309.5211358896484,296.58,12.941135889648422,4.3634553542546435
2025-10-26,comparable_total,286.0115366400282,302.35,-16.338463359971797,-5.403824494781477
2025-10-27,comparable_total,309.4546897659501,316.46,-7.005310234049887,-2.213647928347939
2025-10-28,comparable_total,310.28994583417386,350.18,-39.89005416582614,-11.39129995026162
2025-10-29,comparable_total,321.859571564136,357.31,-35.45042843586401,-9.921476710941203
2025-10-30,comparable_total,340.6215503711985,326.19,14.431550371198512,4.42427737551688
2025-10-31,comparable_total,360.1471987022664,296.14,64.00719870226641,21.613830857792397
2025-11-01,comparable_total,361.39081401612634,285.65,75.74081401612636,26.515250837082572
2025-11-02,comparable_total,331.9037790780202,287.5,44.40377907802019,15.444792722789632
2025-11-03,comparable_total,356.6400140525344,304.22,52.420014052534384,17.230955904455453
2025-11-04,comparable_total,372.23043442273763,329.29,42.94043442273761,13.040309278367884
2025-11-05,comparable_total,369.3512998663067,307.09,62.26129986630673,20.274610005635722
2025-11-06,comparable_total,351.4111809257048,280.63,70.7811809257048,25.222243140685173
2025-11-07,comparable_total,353.6163846482726,274.64,78.97638464827259,28.756329976796017
2025-11-08,comparable_total,352.15486550231606,268.35,83.80486550231603,31.22968716315112
2025-11-09,comparable_total,319.4786908645967,251.31,68.16869086459667,27.125339566510153
2025-11-10,comparable_total,348.6043979956124,268.69,79.91439799561238,29.742230077640542
2025-11-11,comparable_total,361.94910844665,277.39,84.55910844664999,30.483834473719305
2025-11-12,comparable_total,360.970859819295,265.93,95.04085981929501,35.73905156217614
2025-11-13,comparable_total,361.4501316243498,269.12,92.3301316243498,34.308164248049124
2025-11-14,comparable_total,356.7076821757587,281.27,75.43768217575871,26.820379768819535
2025-11-15,comparable_total,343.05145967741566,287.5,55.551459677415664,19.322246844318492
2025-11-16,comparable_total,316.301794996124,275.75,40.55179499612399,14.705999998594374
2025-11-17,comparable_total,331.5252474859535,270.66,60.86524748595349,22.487714285802664
2025-11-18,comparable_total,319.9850729409783,264.2,55.785072940978296,21.11471345230064
2025-11-19,comparable_total,321.7792849867879,275.59,46.189284986787925,16.760145501211195
2025-11-20,comparable_total,333.24689900463767,296.06,37.18689900463767,12.560595488967664
2025-11-21,comparable_total,342.9911268278328,296.53,46.4611268278328,15.668271954889152
2025-11-22,comparable_total,322.8834938862921,265.73,57.1534938862921,21.508107434724003
2025-11-23,comparable_total,284.58221197849196,257.31,27.272211978491953,10.59897088278417
2025-11-24,comparable_total,297.92712460052604,272.91,25.017124600526017,9.166803928227626
2025-11-25,comparable_total,309.2065905625731,296.11,13.096590562573112,4.422880200794675
2025-11-26,comparable_total,316.7106043369391,290.8,25.910604336939116,8.910111532647564
2025-11-27,comparable_total,318.9479197252085,298.94,20.007919725208524,6.692955016126488
2025-11-28,comparable_total,321.33831154640006,277.25,44.088311546400064,15.902005968043307
2025-11-29,comparable_total,299.79146084553753,256.3,43.49146084553752,16.96896638530531
2025-11-30,comparable_total,260.0019981007316,248.86,11.141998100731598,4.477215342253314
2025-12-01,comparable_total,283.4244608760054,238.29,45.13446087600542,18.940979846407917
2025-12-02,comparable_total,310.9326719491218,242.59,68.34267194912181,28.172089512808363
2025-12-03,comparable_total,308.1103400131199,243.99,64.12034001311991,26.279904919513058
2025-12-04,comparable_total,309.9789410791255,255.26,54.7189410791255,21.436551390396264
2025-12-05,comparable_total,314.0287749569661,270.03,43.998774956966145,16.294032128639834
2025-12-06,comparable_total,306.9104627331067,270.81,36.100462733106724,13.330550102694408
2025-12-07,comparable_total,281.4038298629204,275.35,6.053829862920395,2.1985944662866874
2025-12-08,comparable_total,305.86329600612595,295.02,10.843296006125968,3.6754443787288893
2025-12-09,comparable_total,319.59419385985325,293.83,25.764193859853265,8.768401408928042
2025-12-10,comparable_total,324.48002407281274,290.47,34.01002407281271,11.708618471034086
2025-12-11,comparable_total,332.0285595504711,316.41,15.618559550471048,4.9361776019945784
2025-12-12,comparable_total,334.0767202713604,304.9,29.17672027136041,9.56927526118741
2025-12-13,comparable_total,329.0891964695413,298.8,30.28919646954131,10.136946609618912
2025-12-14,comparable_total,295.34368085191545,287.63,7.713680851915456,2.681806783685796
2025-12-15,comparable_total,317.39871152453213,301.3,16.09871152453212,5.343083811660179
2025-12-16,comparable_total,332.1483831108261,277.51,54.63838311082611,19.688797921093336
2025-12-17,comparable_total,321.3979877423128,291.29,30.107987742312787,10.33608697254035
2025-12-18,comparable_total,323.72468176876106,318.26,5.464681768761068,1.7170495094454434
2025-12-19,comparable_total,335.51863115226615,305.73,29.788631152266134,9.743443938202379
2025-12-20,comparable_total,325.43890843979506,283.2,42.23890843979507,14.914868799362665
2025-12-21,comparable_total,306.0686749544187,269.53,36.53867495441875,13.556440824553393
2025-12-22,comparable_total,326.9181294321065,276.41,50.5081294321065,18.272902366812524
2025-12-23,comparable_total,342.8013077903231,276.56,66.2413077903231,23.951875828146914
2025-12-24,comparable_total,343.8839750131733,277.31,66.57397501317331,24.007058891916376
2025-12-25,comparable_total,338.27573593922796,283.11,55.16573593922794,19.4856189958772
2025-12-26,comparable_total,340.8926549531416,282.7,58.192654953141584,20.58459672909147
2025-12-27,comparable_total,339.1205119258542,283.78,55.34051192585423,19.501202313712817
2025-12-28,comparable_total,312.1224314793812,276.6,35.52243147938117,12.842527649812425
2025-12-29,comparable_total,332.40440949938477,283.16,49.244409499384744,17.391019034957175
2025-12-30,comparable_total,352.33981102149124,281.56,70.77981102149124,25.13844687508568
2025-12-31,comparable_total,362.2864964493032,268.81,93.47649644930317,34.77418862739599
2026-01-01,comparable_total,335.03437720638357,264.16,70.87437720638354,26.830094339182136
2026-01-02,comparable_total,348.60205537831143,268.2,80.40205537831145,29.978394995641857
2026-01-03,comparable_total,343.7248024247742,306.75,36.974802424774225,12.053725321849788
2026-01-04,comparable_total,314.2459896961734,312.4,1.845989696173433,0.5909057926291399
2026-01-05,comparable_total,338.72964884367013,317.61,21.11964884367012,6.649554120988042
2026-01-06,comparable_total,348.0834157981262,286.19,61.89341579812623,21.626687095330453
2026-01-07,comparable_total,347.18392858003443,306.47,40.713928580034406,13.284800659129573
2026-01-08,comparable_total,342.6891421692173,313.52,29.16914216921731,9.303758027946323
2026-01-09,comparable_total,344.93995557126345,300.86,44.07995557126344,14.651318078595837
2026-01-10,comparable_total,335.3901076132613,279.74,55.6501076132613,19.893510979216877
2026-01-11,comparable_total,300.63179200807986,259.61,41.02179200807984,15.801314282223272
2026-01-12,comparable_total,316.5845810479731,288.35,28.23458104797305,9.791774249340401
2026-01-13,comparable_total,320.4949946576396,304.02,16.474994657639627,5.419049620959025
2026-01-14,comparable_total,317.39495363652895,311.04,6.354953636528933,2.043130670180341
2026-01-15,comparable_total,258.2979070727366,289.79,-31.4920929272634,-10.867211748943511
2026-01-16,comparable_total,252.63460047164818,283.15,-30.515399528351793,-10.77711443699516
2026-01-17,comparable_total,261.32506454357946,287.89,-26.56493545642053,-9.22746029956599
2026-01-18,comparable_total,277.63345224903355,292.01,-14.376547750966438,-4.9233066507881365
2026-01-19,comparable_total,319.69824015678967,321.29,-1.5917598432103546,-0.49542775785438525
2026-01-20,comparable_total,333.57044483783073,335.8,-2.2295551621692766,-0.6639532942731616
2026-01-21,comparable_total,336.5983273572423,334.37,2.2283273572422786,0.6664256234836494
2026-01-22,comparable_total,335.79243654844765,334.63,1.1624365484476584,0.3473796576659769
2026-01-23,comparable_total,341.0727146703672,321.18,19.892714670367184,6.193634307979072
2026-01-24,comparable_total,341.0958810785956,316.05,25.045881078595585,7.924657832177055
2026-01-25,comparable_total,308.0042446538948,312.35,-4.34575534610525,-1.3913095393325594
2026-01-26,comparable_total,285.9645836415776,302.02,-16.055416358422406,-5.31601097888299
2026-01-27,comparable_total,318.47024843744805,338.21,-19.73975156255193,-5.836536933429506
2026-01-28,comparable_total,328.4617142495656,345.91,-17.448285750434422,-5.0441692204430115
2026-01-29,comparable_total,337.0944335150987,336.37,0.7244335150986672,0.21536805157970898
2026-01-30,comparable_total,341.4682427788678,344.96,-3.4917572211321612,-1.0122209013022267
2026-01-31,comparable_total,334.3632578508174,348.98,-14.616742149182642,-4.18841829021223
2026-02-01,comparable_total,312.3430804664377,318.27,-5.926919533562284,-1.8622300353669161
2026-02-02,comparable_total,331.071467257569,343.29,-12.218532742431023,-3.559245169515868
2026-02-03,comparable_total,349.51991814483335,354.57,-5.050081855166638,-1.4242834574743037
2026-02-04,comparable_total,347.3921741016909,367.62,-20.227825898309106,-5.502373619038438
2026-02-05,comparable_total,356.26285381046284,333.73,22.532853810462825,6.751821475582903
2026-02-06,comparable_total,348.6988151210095,357.17,-8.471184878990528,-2.3717515130023594
2026-02-07,comparable_total,342.3605421016358,347.1,-4.739457898364208,-1.365444511196833
2026-02-08,comparable_total,321.36082052645827,333.98,-12.619179473541749,-3.778423700084361
2026-02-09,comparable_total,349.86410516933455,333.05,16.81410516933454,5.048522795176261
2026-02-10,comparable_total,358.7365081878196,341.09,17.64650818781962,5.173563630660419
2026-02-11,comparable_total,355.49651680559083,357.02,-1.5234831944091525,-0.426722086832433
2026-02-12,comparable_total,356.45894533655576,364.13,-7.671054663444238,-2.1066802140565835
2026-02-13,comparable_total,366.1271090611231,374.41,-8.282890938876903,-2.212251526101574
2026-02-14,comparable_total,363.8365261668854,375.69,-11.853473833114606,-3.1551209329805445
2026-02-15,comparable_total,332.8782571900568,352.1,-19.221742809943237,-5.4591714881974545
2026-02-16,comparable_total,355.32319622739374,352.71,2.6131962273937575,0.7408908812888088
2026-02-17,comparable_total,361.69654721005816,321.4,40.29654721005818,12.537818049178028
2026-02-18,comparable_total,367.2535907976814,318.11,49.143590797681384,15.44861550962918
2026-02-19,comparable_total,373.86560821284644,364.72,9.145608212846412,2.5075697008243067
2026-02-20,comparable_total,375.8924727267965,367.24,8.652472726796475,2.356081234831847
2026-02-21,comparable_total,379.79075574476127,356.72,23.070755744761243,6.4674690919380025
2026-02-22,comparable_total,349.2918608139833,338.93,10.361860813983299,3.05722739621258
2026-02-23,comparable_total,376.65244346929825,348.21,28.44244346929827,8.168186861175231
2026-02-24,comparable_total,394.4401412031818,358.53,35.91014120318181,10.015937635116117
2026-02-25,comparable_total,387.57989366275916,340.21,47.36989366275918,13.923721719749327
2026-02-26,comparable_total,381.0027270399472,343.32,37.682727039947224,10.975977816598865
2026-02-27,comparable_total,385.1561127066932,343.44,41.716112706693195,12.14655040376578
2026-02-28,comparable_total,381.8186901613135,342.07,39.748690161313505,11.620045651858831
2026-03-01,comparable_total,340.2122639585547,331.06,9.15226395855467,2.7645333047044853
2026-03-02,comparable_total,354.0541878350151,341.53,12.524187835015141,3.6670827848256793
2026-03-03,comparable_total,342.0750946662451,340.51,1.565094666245102,0.45963251189248533
2026-03-04,comparable_total,312.97735624056446,320.01,-7.03264375943553,-2.1976324988080154
2026-03-05,comparable_total,336.2763679798788,338.78,-2.503632020121188,-0.7390141153908696
2026-03-06,comparable_total,348.39867272038066,349.32,-0.9213272796193337,-0.2637487918296501
2026-03-07,comparable_total,344.64425115744586,337.52,7.124251157445883,2.110764149515846
2026-03-08,comparable_total,341.89616009471536,322.98,18.916160094715337,5.8567589617670865
2026-03-09,comparable_total,345.6339861161953,337.89,7.743986116195288,2.2918660262793478
2026-03-10,comparable_total,335.5976040262264,361.57,-25.972395973773587,-7.183227583531153
2026-03-11,comparable_total,301.23091167237004,333.42,-32.189088327629975,-9.654216402024465
2026-03-12,comparable_total,317.70885892887014,333.8,-16.09114107112987,-4.820593490452327
2026-03-13,comparable_total,322.51830791949203,348.79,-26.27169208050799,-7.532237759255709
2026-03-14,comparable_total,316.359726621584,346.06,-29.700273378416,-8.582405761548864
2026-03-15,comparable_total,257.3365470855165,332.22,-74.88345291448354,-22.540320544965244
2026-03-16,comparable_total,251.34625272136662,339.19,-87.84374727863337,-25.898094660406667
2026-03-17,comparable_total,262.0136604609055,346.56,-84.5463395390945,-24.39587359738415
2026-03-18,comparable_total,277.78868776824623,338.06,-60.27131223175377,-17.828584343534807
2026-03-19,comparable_total,320.60497887885356,326.66,-6.055021121146467,-1.8536157231208188
2026-03-20,comparable_total,332.7558502866643,329.27,3.485850286664345,1.058660153267636
2026-03-21,comparable_total,336.5959275254364,328.54,8.055927525436402,2.4520385723006033
2026-03-22,comparable_total,335.86572692156886,321.28,14.585726921568892,4.539880142420596
2026-03-23,comparable_total,341.8606671337507,338.26,3.6006671337507328,1.0644673132355977
2026-03-24,comparable_total,340.0791084603523,357.32,-17.24089153964769,-4.825056403125403
2026-03-25,comparable_total,308.09800156312133,363.09,-54.991998436878646,-15.145555767682573
2026-03-26,comparable_total,287.34729167232285,369.75,-82.40270832767715,-22.28606039964223
2026-03-27,comparable_total,316.07755202674815,365.02,-48.94244797325183,-13.408155162251886
2026-03-28,comparable_total,330.87094464496647,368.48,-37.60905535503355,-10.206539121535375
2026-03-29,comparable_total,335.88895052901535,358.45,-22.561049470984642,-6.294057601055836
2026-03-30,comparable_total,340.63228007889984,368.88,-28.247719921100156,-7.657698959309303
2026-03-31,comparable_total,335.75062842506077,375.85,-40.099371574939255,-10.668982725805307
