,hydro_reservoir,wind_fleet,solar_utility,solar_DRE_rooftop,small_hydro
0,0.29285742661979797,0.17900549245148195,0.0,0.0,0.11015648755796387
1,0.29285742661979797,0.1821357094536492,0.0,0.0,0.11015648755796387
2,0.29285742661979797,0.18320336818031593,0.0,0.0,0.11015648755796387
3,0.29285742661979797,0.1821357094536492,0.0,0.0,0.11015648755796387
4,0.29285742661979797,0.17900549245148195,0.0,0.0,0.11015648755796387
5,0.29285742661979797,0.17402603628958363,0.0,0.0,0.11015648755796387
6,0.29285742661979797,0.16753668267644725,0.0945176070652343,0.07059647286798454,0.11015648755796387
7,0.32544088066353805,0.15997967033664418,0.2526468562949572,0.18870533744362017,0.12241254980433647
8,0.35639046426486987,0.1518699971725786,0.39398037983970663,0.29426924844463787,0.13405404191281692
9,0.38415423606781623,0.143760324008513,0.5091224578145814,0.38027041622818514,0.14449721085844835
10,0.40734000462276243,0.13620331166870994,0.5904185530334706,0.44099156394442274,0.15321839254342084
11,0.4247851386790255,0.12971395805557354,0.6324641774509661,0.47239600673103016,0.15978027050156665
12,0.43561486637048863,0.12473450189367521,0.6324641774509661,0.47239600673103016,0.16385380477204825
13,0.43928613992969695,0.12160428489150796,0.5904185530334706,0.44099156394442274,0.1652347313369458
14,0.43561486637048863,0.12053662616484123,0.5091224578145817,0.3802704162281853,0.16385380477204825
15,0.4247851386790255,0.12160428489150793,0.3939803798397068,0.294269248444638,0.15978027050156665
16,0.40734000462276243,0.12473450189367521,0.2526468562949574,0.1887053374436203,0.15321839254342084
17,0.38415423606781623,0.12971395805557354,0.09451760706523468,0.07059647286798483,0.14449721085844835
18,0.35639046426486987,0.13620331166870991,0.0,0.0,0.13405404191281692
19,0.32544088066353805,0.14376032400851296,0.0,0.0,0.12241254980433647
20,0.29285742661979797,0.1518699971725786,0.0,0.0,0.11015648755796387
21,0.29285742661979797,0.15997967033664418,0.0,0.0,0.11015648755796387
22,0.29285742661979797,0.16753668267644725,0.0,0.0,0.11015648755796387
23,0.29285742661979797,0.17402603628958363,0.0,0.0,0.11015648755796387
24,0.29285742661979797,0.18359833989845742,0.0,0.0,0.11015648755796387
25,0.29285742661979797,0.18672855690062468,0.0,0.0,0.11015648755796387
26,0.29285742661979797,0.1877962156272914,0.0,0.0,0.11015648755796387
27,0.29285742661979797,0.18672855690062468,0.0,0.0,0.11015648755796387
28,0.29285742661979797,0.18359833989845742,0.0,0.0,0.11015648755796387
29,0.29285742661979797,0.17861888373655907,0.0,0.0,0.11015648755796387
30,0.29285742661979797,0.1721295301234227,0.09551311139004989,0.07134002844708738,0.11015648755796387
31,0.32544088066353805,0.16457251778361962,0.253402957694722,0.18927007975578108,0.12241254980433647
32,0.35639046426486987,0.15646284461955404,0.3944839830239289,0.2946453964411338,0.13405404191281692
33,0.38415423606781623,0.14835317145548843,0.5093979473659238,0.3804761830820088,0.14449721085844835
34,0.40734000462276243,0.14079615911568535,0.5905223341100972,0.44106907942738705,0.15321839254342084
35,0.4247851386790255,0.13430680550254898,0.6324759697060998,0.47240481452510624,0.15978027050156665
36,0.43561486637048863,0.12932734934065068,0.6324759697060998,0.47240481452510624,0.16385380477204825
37,0.43928613992969695,0.12619713233848343,0.5905223341100972,0.44106907942738705,0.1652347313369458
38,0.43561486637048863,0.1251294736118167,0.5093979473659239,0.3804761830820089,0.16385380477204825
39,0.4247851386790255,0.1261971323384834,0.3944839830239289,0.2946453964411338,0.15978027050156665
40,0.40734000462276243,0.12932734934065068,0.25340295769472226,0.1892700797557813,0.15321839254342084
41,0.38415423606781623,0.13430680550254895,0.09551311139005042,0.07134002844708777,0.14449721085844835
42,0.35639046426486987,0.14079615911568533,0.0,0.0,0.13405404191281692
43,0.32544088066353805,0.14835317145548843,0.0,0.0,0.12241254980433647
44,0.29285742661979797,0.15646284461955404,0.0,0.0,0.11015648755796387
45,0.29285742661979797,0.16457251778361962,0.0,0.0,0.11015648755796387
46,0.29285742661979797,0.1721295301234227,0.0,0.0,0.11015648755796387
47,0.29285742661979797,0.17861888373655907,0.0,0.0,0.11015648755796387
48,0.29285742661979797,0.18200326071951847,0.0,0.0,0.11015648755796387
49,0.29285742661979797,0.18513347772168573,0.0,0.0,0.11015648755796387
50,0.29285742661979797,0.18620113644835246,0.0,0.0,0.11015648755796387
51,0.29285742661979797,0.18513347772168573,0.0,0.0,0.11015648755796387
52,0.29285742661979797,0.18200326071951847,0.0,0.0,0.11015648755796387
53,0.29285742661979797,0.17702380455762015,0.0,0.0,0.11015648755796387
54,0.29285742661979797,0.17053445094448377,0.09650259931184645,0.07207909029379808,0.11015648755796387
55,0.32544088066353805,0.1629774386046807,0.25415424973089945,0.18983122988954748,0.12241254980433647
56,0.35639046426486987,0.1548677654406151,0.3949842674110879,0.29501906558343416,0.13405404191281692
57,0.38415423606781623,0.14675809227654948,0.5096715773023891,0.38068056096445146,0.14449721085844835
58,0.40734000462276243,0.13920107993674644,0.5906254040829563,0.4411460637773761,0.15321839254342084
59,0.4247851386790255,0.13271172632361003,0.6324876805776379,0.4724135615326795,0.15978027050156665
60,0.43561486637048863,0.12773227016171174,0.6324876805776379,0.4724135615326795,0.16385380477204825
61,0.43928613992969695,0.12460205315954447,0.5906254040829563,0.4411460637773761,0.1652347313369458
62,0.43561486637048863,0.12353439443287774,0.5096715773023892,0.3806805609644515,0.16385380477204825
63,0.4247851386790255,0.12460205315954444,0.3949842674110879,0.29501906558343416,0.15978027050156665
64,0.40734000462276243,0.12773227016171174,0.2541542497308997,0.18983122988954768,0.15321839254342084
65,0.38415423606781623,0.13271172632361003,0.09650259931184647,0.07207909029379811,0.14449721085844835
66,0.35639046426486987,0.1392010799367464,0.0,0.0,0.13405404191281692
67,0.32544088066353805,0.14675809227654946,0.0,0.0,0.12241254980433647
68,0.29285742661979797,0.1548677654406151,0.0,0.0,0.11015648755796387
69,0.29285742661979797,0.1629774386046807,0.0,0.0,0.11015648755796387
70,0.29285742661979797,0.17053445094448377,0.0,0.0,0.11015648755796387
71,0.29285742661979797,0.17702380455762015,0.0,0.0,0.11015648755796387
72,0.29285742661979797,0.17496661018982088,0.0,0.0,0.11015648755796387
73,0.29285742661979797,0.17809682719198816,0.0,0.0,0.11015648755796387
74,0.29285742661979797,0.1791644859186549,0.0,0.0,0.11015648755796387
75,0.29285742661979797,0.17809682719198816,0.0,0.0,0.11015648755796387
76,0.29285742661979797,0.17496661018982088,0.0,0.0,0.11015648755796387
77,0.29285742661979797,0.16998715402792258,0.0,0.0,0.11015648755796387
78,0.29285742661979797,0.1634978004147862,0.09748581136369198,0.07281346460877289,0.11015648755796387
79,0.32544088066353805,0.15594078807498313,0.2549005402880627,0.19038864435132122,0.12241254980433647
80,0.35639046426486987,0.14783111491091752,0.3954811074591887,0.29539016210253316,0.13405404191281692
81,0.38415423606781623,0.13972144174685194,0.5099432798799677,0.3808834992766006,0.14449721085844835
82,0.40734000462276243,0.13216442940704887,0.5907277376565242,0.44122249810082326,0.15321839254342084
83,0.4247851386790255,0.1256750757939125,0.6324993072038128,0.47242224561625695,0.15978027050156665
84,0.43561486637048863,0.12069561963201415,0.6324993072038128,0.47242224561625695,0.16385380477204825
85,0.43928613992969695,0.11756540262984688,0.5907277376565243,0.4412224981008233,0.1652347313369458
86,0.43561486637048863,0.11649774390318016,0.5099432798799678,0.38088349927660065,0.16385380477204825
87,0.4247851386790255,0.11756540262984687,0.3954811074591889,0.2953901621025333,0.15978027050156665
88,0.40734000462276243,0.12069561963201415,0.25490054028806286,0.19038864435132136,0.15321839254342084
89,0.38415423606781623,0.12567507579391246,0.0974858113636921,0.07281346460877297,0.14449721085844835
90,0.35639046426486987,0.13216442940704884,0.0,0.0,0.13405404191281692
91,0.32544088066353805,0.13972144174685192,0.0,0.0,0.12241254980433647
92,0.29285742661979797,0.14783111491091752,0.0,0.0,0.11015648755796387
93,0.29285742661979797,0.15594078807498313,0.0,0.0,0.11015648755796387
94,0.29285742661979797,0.1634978004147862,0.0,0.0,0.11015648755796387
95,0.29285742661979797,0.16998715402792258,0.0,0.0,0.11015648755796387
96,0.29285742661979797,0.1657809152958702,0.0,0.0,0.11015648755796387
97,0.29285742661979797,0.16891113229803748,0.0,0.0,0.11015648755796387
98,0.29285742661979797,0.1699787910247042,0.0,0.0,0.11015648755796387
99,0.29285742661979797,0.16891113229803748,0.0,0.0,0.11015648755796387
100,0.29285742661979797,0.1657809152958702,0.0,0.0,0.11015648755796387
101,0.29285742661979797,0.1608014591339719,0.0,0.0,0.11015648755796387
102,0.29285742661979797,0.1543121055208355,0.09846249181210429,0.07354296038123188,0.11015648755796387
103,0.32544088066353805,0.14675509318103244,0.25564164028593017,0.19094218191449508,0.12241254980433647
104,0.35639046426486987,0.13864542001696684,0.39597437974256755,0.29575859381014136,0.13405404191281692
105,0.38415423606781623,0.13053574685290123,0.5102129885481513,0.3810849483109857,0.14449721085844835
106,0.40734000462276243,0.12297873451309815,0.5908293099933872,0.4412983638463297,0.15321839254342084
107,0.4247851386790255,0.11648938089996179,0.6325108467753768,0.472430864677574,0.15978027050156665
108,0.43561486637048863,0.11150992473806347,0.632510846775377,0.47243086467757406,0.16385380477204825
109,0.43928613992969695,0.10837970773589621,0.5908293099933873,0.44129836384632976,0.1652347313369458
110,0.43561486637048863,0.10731204900922948,0.5102129885481514,0.3810849483109858,0.16385380477204825
111,0.4247851386790255,0.10837970773589618,0.39597437974256794,0.29575859381014163,0.15978027050156665
112,0.40734000462276243,0.11150992473806347,0.25564164028593045,0.19094218191449527,0.15321839254342084
113,0.38415423606781623,0.11648938089996176,0.09846249181210429,0.07354296038123188,0.14449721085844835
114,0.35639046426486987,0.12297873451309814,0.0,0.0,0.13405404191281692
115,0.32544088066353805,0.1305357468529012,0.0,0.0,0.12241254980433647
116,0.29285742661979797,0.13864542001696684,0.0,0.0,0.11015648755796387
117,0.29285742661979797,0.14675509318103244,0.0,0.0,0.11015648755796387
118,0.29285742661979797,0.1543121055208355,0.0,0.0,0.11015648755796387
119,0.29285742661979797,0.1608014591339719,0.0,0.0,0.11015648755796387
120,0.29285742661979797,0.15874426476617273,0.0,0.0,0.11015648755796387
121,0.29285742661979797,0.16187448176834,0.0,0.0,0.11015648755796387
122,0.29285742661979797,0.16294214049500672,0.0,0.0,0.11015648755796387
123,0.29285742661979797,0.16187448176834,0.0,0.0,0.11015648755796387
124,0.29285742661979797,0.15874426476617273,0.0,0.0,0.11015648755796387
125,0.29285742661979797,0.1537648086042744,0.0,0.0,0.11015648755796387
126,0.29285742661979797,0.14727545499113803,0.09943238868313932,0.07426738940844489,0.11015648755796387
127,0.32544088066353805,0.13971844265133496,0.2563773636899464,0.19149170362735568,0.12241254980433647
128,0.35639046426486987,0.13160876948726938,0.39646396295444425,0.2961242701005919,0.13405404191281692
129,0.38415423606781623,0.12349909632320377,0.5104806379495979,0.3812848592513284,0.14449721085844835
130,0.40734000462276243,0.11594208398340071,0.5909300967136972,0.44137364280425867,0.15321839254342084
131,0.4247851386790255,0.10945273037026433,0.6325222965355192,0.47243941665753125,0.15978027050156665
132,0.43561486637048863,0.104473274208366,0.6325222965355192,0.47243941665753125,0.16385380477204825
133,0.43928613992969695,0.10134305720619873,0.5909300967136972,0.44137364280425867,0.1652347313369458
134,0.43561486637048863,0.10027539847953201,0.5104806379495977,0.3812848592513283,0.16385380477204825
135,0.4247851386790255,0.1013430572061987,0.39646396295444425,0.2961242701005919,0.15978027050156665
136,0.40734000462276243,0.104473274208366,0.2563773636899466,0.19149170362735585,0.15321839254342084
137,0.38415423606781623,0.1094527303702643,0.09943238868313943,0.07426738940844498,0.14449721085844835
138,0.35639046426486987,0.11594208398340068,0.0,0.0,0.13405404191281692
139,0.32544088066353805,0.12349909632320374,0.0,0.0,0.12241254980433647
140,0.29285742661979797,0.13160876948726938,0.0,0.0,0.11015648755796387
141,0.29285742661979797,0.13971844265133496,0.0,0.0,0.11015648755796387
142,0.29285742661979797,0.14727545499113803,0.0,0.0,0.11015648755796387
143,0.29285742661979797,0.1537648086042744,0.0,0.0,0.11015648755796387
144,0.29285742661979797,0.15714918558723368,0.0,0.0,0.11015648755796387
145,0.29285742661979797,0.16027940258940093,0.0,0.0,0.11015648755796387
146,0.29285742661979797,0.16134706131606766,0.0,0.0,0.11015648755796387
147,0.29285742661979797,0.16027940258940093,0.0,0.0,0.11015648755796387
148,0.29285742661979797,0.15714918558723368,0.0,0.0,0.11015648755796387
149,0.29285742661979797,0.15216972942533538,0.0,0.0,0.11015648755796387
150,0.29285742661979797,0.145680375812199,0.10039525378559455,0.0749865663130622,0.11015648755796387
151,0.32544088066353805,0.13812336347239593,0.25710752751964194,0.19203707281932758,0.12241254980433647
152,0.35639046426486987,0.13001369030833032,0.39694973790798355,0.29648710195163325,0.13405404191281692
153,0.38415423606781623,0.12190401714426474,0.5107461639189794,0.38148318417168164,0.14449721085844835
154,0.40734000462276243,0.11434700480446165,0.5910300738943208,0.44144831710610005,0.15321839254342084
155,0.4247851386790255,0.10785765119132526,0.632533653779744,0.4724478995361046,0.15978027050156665
156,0.43561486637048863,0.10287819502942694,0.632533653779744,0.4724478995361046,0.16385380477204825
157,0.43928613992969695,0.09974797802725967,0.5910300738943208,0.44144831710610005,0.1652347313369458
158,0.43561486637048863,0.09868031930059294,0.5107461639189794,0.3814831841716817,0.16385380477204825
159,0.4247851386790255,0.09974797802725964,0.3969497379079837,0.29648710195163336,0.15978027050156665
160,0.40734000462276243,0.10287819502942694,0.2571075275196419,0.19203707281932755,0.15321839254342084
161,0.38415423606781623,0.10785765119132523,0.10039525378559479,0.07498656631306237,0.14449721085844835
162,0.35639046426486987,0.11434700480446162,0.0,0.0,0.13405404191281692
163,0.32544088066353805,0.12190401714426471,0.0,0.0,0.12241254980433647
164,0.29285742661979797,0.13001369030833032,0.0,0.0,0.11015648755796387
165,0.29285742661979797,0.13812336347239593,0.0,0.0,0.11015648755796387
166,0.29285742661979797,0.145680375812199,0.0,0.0,0.11015648755796387
167,0.29285742661979797,0.15216972942533538,0.0,0.0,0.11015648755796387
168,0.29285742661979797,0.16174203303420903,0.0,0.0,0.11015648755796387
169,0.29285742661979797,0.1648722500363763,0.0,0.0,0.11015648755796387
170,0.29285742661979797,0.16593990876304301,0.0,0.0,0.11015648755796387
171,0.29285742661979797,0.1648722500363763,0.0,0.0,0.11015648755796387
172,0.29285742661979797,0.16174203303420903,0.0,0.0,0.11015648755796387
173,0.29285742661979797,0.1567625768723107,0.0,0.0,0.11015648755796387
174,0.29285742661979797,0.15027322325917433,0.10135084273139523,0.07570030855834145,0.11015648755796387
175,0.32544088066353805,0.14271621091937126,0.2578319518548359,0.19257815510560605,0.12241254980433647
176,0.35639046426486987,0.13460653775530568,0.3974315875359189,0.29684700192414853,0.13405404191281692
177,0.38415423606781623,0.1264968645912401,0.5110095034810432,0.3816798760349815,0.14449721085844835
178,0.40734000462276243,0.11893985225143701,0.5911292180676928,0.4415223692236134,0.15321839254342084
179,0.4247851386790255,0.11245049863830062,0.6325449158557188,0.472456311332231,0.15978027050156665
180,0.43561486637048863,0.1074710424764023,0.6325449158557188,0.472456311332231,0.16385380477204825
181,0.43928613992969695,0.10434082547423504,0.5911292180676928,0.4415223692236134,0.1652347313369458
182,0.43561486637048863,0.10327316674756831,0.5110095034810432,0.3816798760349815,0.16385380477204825
183,0.4247851386790255,0.10434082547423501,0.3974315875359189,0.29684700192414853,0.15978027050156665
184,0.40734000462276243,0.1074710424764023,0.25783195185483615,0.19257815510560625,0.15321839254342084
185,0.38415423606781623,0.1124504986383006,0.10135084273139534,0.07570030855834153,0.14449721085844835
186,0.35639046426486987,0.118939852251437,0.0,0.0,0.13405404191281692
187,0.32544088066353805,0.12649686459124007,0.0,0.0,0.12241254980433647
188,0.29285742661979797,0.13460653775530568,0.0,0.0,0.11015648755796387
189,0.29285742661979797,0.14271621091937126,0.0,0.0,0.11015648755796387
190,0.29285742661979797,0.15027322325917433,0.0,0.0,0.11015648755796387
191,0.29285742661979797,0.1567625768723107,0.0,0.0,0.11015648755796387
192,0.29285742661979797,0.1703737627428456,0.0,0.0,0.11015648755796387
193,0.29285742661979797,0.1735039797450129,0.0,0.0,0.11015648755796387
194,0.29285742661979797,0.1745716384716796,0.0,0.0,0.11015648755796387
195,0.29285742661979797,0.1735039797450129,0.0,0.0,0.11015648755796387
196,0.29285742661979797,0.1703737627428456,0.0,0.0,0.11015648755796387
197,0.29285742661979797,0.16539430658094728,0.0,0.0,0.11015648755796387
198,0.29285742661979797,0.1589049529678109,0.10229891495324019,0.07640843646132754,0.11015648755796387
199,0.32544088066353805,0.15134794062800783,0.25855045983975333,0.19311481839023242,0.12241254980433647
200,0.35639046426486987,0.14323826746394225,0.39790939688878874,0.29720388416083765,0.13405404191281692
201,0.38415423606781623,0.13512859429987664,0.5112705948479165,0.38187488869103414,0.14449721085844835
202,0.40734000462276243,0.12757158196007357,0.5912275062203844,0.4415957819677591,0.15321839254342084
203,0.4247851386790255,0.12108222834693719,0.6325560801630875,0.47246465010366967,0.15978027050156665
204,0.43561486637048863,0.11610277218503887,0.6325560801630876,0.4724646501036697,0.16385380477204825
205,0.43928613992969695,0.1129725551828716,0.5912275062203844,0.4415957819677591,0.1652347313369458
206,0.43561486637048863,0.11190489645620488,0.5112705948479166,0.3818748886910342,0.16385380477204825
207,0.4247851386790255,0.11297255518287158,0.39790939688878896,0.2972038841608378,0.15978027050156665
208,0.40734000462276243,0.11610277218503887,0.2585504598397534,0.19311481839023248,0.15321839254342084
209,0.38415423606781623,0.12108222834693716,0.10229891495324017,0.07640843646132753,0.14449721085844835
210,0.35639046426486987,0.12757158196007354,0.0,0.0,0.13405404191281692
211,0.32544088066353805,0.13512859429987661,0.0,0.0,0.12241254980433647
212,0.29285742661979797,0.14323826746394225,0.0,0.0,0.11015648755796387
213,0.29285742661979797,0.15134794062800783,0.0,0.0,0.11015648755796387
214,0.29285742661979797,0.1589049529678109,0.0,0.0,0.11015648755796387
215,0.29285742661979797,0.16539430658094728,0.0,0.0,0.11015648755796387
216,0.29285742661979797,0.17900549245148203,0.0,0.0,0.11015648755796387
217,0.29285742661979797,0.1821357094536493,0.0,0.0,0.11015648755796387
218,0.29285742661979797,0.18320336818031602,0.0,0.0,0.11015648755796387
219,0.29285742661979797,0.1821357094536493,0.0,0.0,0.11015648755796387
220,0.29285742661979797,0.17900549245148203,0.0,0.0,0.11015648755796387
221,0.29285742661979797,0.17402603628958369,0.0,0.0,0.11015648755796387
222,0.29285742661979797,0.1675366826764473,0.10323923371958177,0.07711077320404124,0.11015648755796387
223,0.32544088066353805,0.15997967033664423,0.25926287768512624,0.19364693286766332,0.12241254980433647
224,0.35639046426486987,0.15186999717257865,0.3983830531318398,0.29755766438390474,0.13405404191281692
225,0.38415423606781623,0.14376032400851307,0.5115293774156875,0.3820681768739622,0.14449721085844835
226,0.40734000462276243,0.13620331166871,0.5913249157914016,0.4416685384874268,0.15321839254342084
227,0.4247851386790255,0.12971395805557362,0.6325671441532553,0.47247291394684077,0.15978027050156665
228,0.43561486637048863,0.1247345018936753,0.6325671441532553,0.47247291394684077,0.16385380477204825
229,0.43928613992969695,0.12160428489150803,0.5913249157914016,0.4416685384874269,0.1652347313369458
230,0.43561486637048863,0.1205366261648413,0.5115293774156875,0.3820681768739623,0.16385380477204825
231,0.4247851386790255,0.12160428489150801,0.3983830531318397,0.2975576643839047,0.15978027050156665
232,0.40734000462276243,0.1247345018936753,0.25926287768512635,0.19364693286766343,0.15321839254342084
233,0.38415423606781623,0.1297139580555736,0.10323923371958169,0.07711077320404118,0.14449721085844835
234,0.35639046426486987,0.13620331166870997,0.0,0.0,0.13405404191281692
235,0.32544088066353805,0.14376032400851305,0.0,0.0,0.12241254980433647
236,0.29285742661979797,0.15186999717257865,0.0,0.0,0.11015648755796387
237,0.29285742661979797,0.15997967033664423,0.0,0.0,0.11015648755796387
238,0.29285742661979797,0.1675366826764473,0.0,0.0,0.11015648755796387
239,0.29285742661979797,0.17402603628958369,0.0,0.0,0.11015648755796387
240,0.29285742661979797,0.18359833989845745,0.0,0.0,0.11015648755796387
241,0.29285742661979797,0.1867285569006247,0.0,0.0,0.11015648755796387
242,0.29285742661979797,0.18779621562729143,0.0,0.0,0.11015648755796387
243,0.29285742661979797,0.1867285569006247,0.0,0.0,0.11015648755796387
244,0.29285742661979797,0.18359833989845745,0.0,0.0,0.11015648755796387
245,0.29285742661979797,0.1786188837365591,0.0,0.0,0.11015648755796387
246,0.29285742661979797,0.17212953012342272,0.10417156614701517,0.07780714484273304,0.11015648755796387
247,0.32544088066353805,0.16457251778361964,0.25996903466834675,0.19417437102288512,0.12241254980433647
248,0.35639046426486987,0.15646284461955406,0.39885244554064614,0.29790825989178576,0.13405404191281692
249,0.38415423606781623,0.14835317145548846,0.5117857917602899,0.38225969619913086,0.14449721085844835
250,0.40734000462276243,0.14079615911568538,0.5914214246702216,0.4417406222679698,0.15321839254342084
251,0.4247851386790255,0.134306805502549,0.6325781053291413,0.4724811009966409,0.15978027050156665
252,0.43561486637048863,0.1293273493406507,0.6325781053291413,0.4724811009966409,0.16385380477204825
253,0.43928613992969695,0.12619713233848345,0.5914214246702216,0.44174062226796984,0.1652347313369458
254,0.43561486637048863,0.12512947361181673,0.5117857917602899,0.3822596961991309,0.16385380477204825
255,0.4247851386790255,0.12619713233848343,0.39885244554064603,0.2979082598917857,0.15978027050156665
256,0.40734000462276243,0.1293273493406507,0.2599690346683468,0.19417437102288515,0.15321839254342084
257,0.38415423606781623,0.13430680550254898,0.10417156614701524,0.0778071448427331,0.14449721085844835
258,0.35639046426486987,0.14079615911568535,0.0,0.0,0.13405404191281692
259,0.32544088066353805,0.14835317145548843,0.0,0.0,0.12241254980433647
260,0.29285742661979797,0.15646284461955406,0.0,0.0,0.11015648755796387
261,0.29285742661979797,0.16457251778361964,0.0,0.0,0.11015648755796387
262,0.29285742661979797,0.17212953012342272,0.0,0.0,0.11015648755796387
263,0.29285742661979797,0.1786188837365591,0.0,0.0,0.11015648755796387
264,0.29285742661979797,0.18200326071951842,0.0,0.0,0.11015648755796387
265,0.29285742661979797,0.18513347772168567,0.0,0.0,0.11015648755796387
266,0.29285742661979797,0.1862011364483524,0.0,0.0,0.11015648755796387
267,0.29285742661979797,0.18513347772168567,0.0,0.0,0.11015648755796387
268,0.29285742661979797,0.18200326071951842,0.0,0.0,0.11015648755796387
269,0.29285742661979797,0.1770238045576201,0.0,0.0,0.11015648755796387
270,0.29285742661979797,0.17053445094448372,0.10509568321015639,0.07849738031526107,0.11015648755796387
271,0.32544088066353805,0.16297743860468064,0.26066876313174514,0.1946970076301277,0.12241254980433647
272,0.35639046426486987,0.15486776544061504,0.3993174654955005,0.29825558955495945,0.13405404191281692
273,0.38415423606781623,0.14675809227654946,0.5120397796327262,0.38244940315957976,0.14449721085844835
274,0.40734000462276243,0.13920107993674638,0.5915170111945837,0.44181201712955376,0.15321839254342084
275,0.4247851386790255,0.13271172632361,0.632588961244906,0.47248920942623984,0.15978027050156665
276,0.43561486637048863,0.12773227016171168,0.632588961244906,0.47248920942623984,0.16385380477204825
277,0.43928613992969695,0.12460205315954441,0.5915170111945837,0.44181201712955376,0.1652347313369458
278,0.43561486637048863,0.12353439443287768,0.5120397796327263,0.3824494031595798,0.16385380477204825
279,0.4247851386790255,0.12460205315954438,0.3993174654955007,0.29825558955495957,0.15978027050156665
280,0.40734000462276243,0.12773227016171168,0.26066876313174536,0.19469700763012784,0.15321839254342084
281,0.38415423606781623,0.13271172632360997,0.10509568321015643,0.0784973803152611,0.14449721085844835
282,0.35639046426486987,0.13920107993674635,0.0,0.0,0.13405404191281692
283,0.32544088066353805,0.14675809227654943,0.0,0.0,0.12241254980433647
284,0.29285742661979797,0.15486776544061504,0.0,0.0,0.11015648755796387
285,0.29285742661979797,0.16297743860468064,0.0,0.0,0.11015648755796387
286,0.29285742661979797,0.17053445094448372,0.0,0.0,0.11015648755796387
287,0.29285742661979797,0.1770238045576201,0.0,0.0,0.11015648755796387
288,0.29285742661979797,0.17496661018982118,0.0,0.0,0.11015648755796387
289,0.29285742661979797,0.17809682719198844,0.0,0.0,0.11015648755796387
290,0.29285742661979797,0.17916448591865516,0.0,0.0,0.11015648755796387
291,0.29285742661979797,0.17809682719198844,0.0,0.0,0.11015648755796387
292,0.29285742661979797,0.17496661018982118,0.0,0.0,0.11015648755796387
293,0.29285742661979797,0.16998715402792283,0.0,0.0,0.11015648755796387
294,0.29285742661979797,0.16349780041478645,0.1060113597490867,0.07918131144665151,0.11015648755796387
295,0.32544088066353805,0.15594078807498338,0.26136189847906016,0.19521471975022817,0.12241254980433647
296,0.35639046426486987,0.1478311149109178,0.3997780064746271,0.2985995738108776,0.13405404191281692
297,0.38415423606781623,0.1397214417468522,0.5122912839536559,0.38263725512198116,0.14449721085844835
298,0.40734000462276243,0.13216442940704912,0.5916116541480431,0.44188270722533063,0.15321839254342084
299,0.4247851386790255,0.12567507579391274,0.6325997095056506,0.4724972374468551,0.15978027050156665
300,0.43561486637048863,0.12069561963201442,0.6325997095056507,0.4724972374468552,0.16385380477204825
301,0.43928613992969695,0.11756540262984716,0.5916116541480431,0.4418827072253307,0.1652347313369458
302,0.43561486637048863,0.11649774390318043,0.5122912839536559,0.3826372551219812,0.16385380477204825
303,0.4247851386790255,0.11756540262984713,0.39977800647462713,0.29859957381087765,0.15978027050156665
304,0.40734000462276243,0.12069561963201442,0.2613618984790602,0.19521471975022822,0.15321839254342084
305,0.38415423606781623,0.12567507579391274,0.10601135974908679,0.07918131144665158,0.14449721085844835
306,0.35639046426486987,0.13216442940704912,0.0,0.0,0.13405404191281692
307,0.32544088066353805,0.1397214417468522,0.0,0.0,0.12241254980433647
308,0.29285742661979797,0.1478311149109178,0.0,0.0,0.11015648755796387
309,0.29285742661979797,0.15594078807498338,0.0,0.0,0.11015648755796387
310,0.29285742661979797,0.16349780041478645,0.0,0.0,0.11015648755796387
311,0.29285742661979797,0.16998715402792283,0.0,0.0,0.11015648755796387
312,0.29285742661979797,0.16578091529587013,0.0,0.0,0.11015648755796387
313,0.29285742661979797,0.1689111322980374,0.0,0.0,0.11015648755796387
314,0.29285742661979797,0.16997879102470412,0.0,0.0,0.11015648755796387
315,0.29285742661979797,0.1689111322980374,0.0,0.0,0.11015648755796387
316,0.29285742661979797,0.16578091529587013,0.0,0.0,0.11015648755796387
317,0.29285742661979797,0.1608014591339718,0.0,0.0,0.11015648755796387
318,0.29285742661979797,0.15431210552083544,0.10691837447444341,0.07985877295290097,0.11015648755796387
319,0.32544088066353805,0.14675509318103236,0.26204827917017615,0.1957273867266999,0.12241254980433647
320,0.35639046426486987,0.13864542001696675,0.40023396404626727,0.2989401346580543,0.13405404191281692
321,0.38415423606781623,0.13053574685290117,0.5125402488073802,0.3828232103221473,0.14449721085844835
322,0.40734000462276243,0.12297873451309811,0.5917053327573015,0.44195267703944435,0.15321839254342084
323,0.4247851386790255,0.11648938089996172,0.6326103477670908,0.47250518330750946,0.15978027050156665
324,0.43561486637048863,0.11150992473806338,0.6326103477670908,0.47250518330750946,0.16385380477204825
325,0.43928613992969695,0.10837970773589611,0.5917053327573015,0.44195267703944435,0.1652347313369458
326,0.43561486637048863,0.10731204900922939,0.5125402488073802,0.3828232103221473,0.16385380477204825
327,0.4247851386790255,0.10837970773589609,0.40023396404626727,0.2989401346580543,0.15978027050156665
328,0.40734000462276243,0.11150992473806338,0.26204827917017615,0.1957273867266999,0.15321839254342084
329,0.38415423606781623,0.11648938089996169,0.10691837447444313,0.07985877295290077,0.14449721085844835
330,0.35639046426486987,0.12297873451309808,0.0,0.0,0.13405404191281692
331,0.32544088066353805,0.13053574685290115,0.0,0.0,0.12241254980433647
332,0.29285742661979797,0.13864542001696675,0.0,0.0,0.11015648755796387
333,0.29285742661979797,0.14675509318103236,0.0,0.0,0.11015648755796387
334,0.29285742661979797,0.15431210552083544,0.0,0.0,0.11015648755796387
335,0.29285742661979797,0.1608014591339718,0.0,0.0,0.11015648755796387
336,0.29285742661979797,0.15874426476617268,0.0,0.0,0.11015648755796387
337,0.29285742661979797,0.16187448176833996,0.0,0.0,0.11015648755796387
338,0.29285742661979797,0.16294214049500666,0.0,0.0,0.11015648755796387
339,0.29285742661979797,0.16187448176833996,0.0,0.0,0.11015648755796387
340,0.29285742661979797,0.15874426476617268,0.0,0.0,0.11015648755796387
341,0.29285742661979797,0.15376480860427436,0.0,0.0,0.11015648755796387
342,0.29285742661979797,0.14727545499113798,0.10781650997023702,0.08052960244308058,0.11015648755796387
343,0.32544088066353805,0.13971844265133493,0.2627277467141946,0.19623489018055765,0.12241254980433647
344,0.35639046426486987,0.13160876948726932,0.400685235859694,0.29927719564935384,0.13405404191281692
345,0.38415423606781623,0.12349909632320372,0.5127866194352564,0.38300722786011054,0.14449721085844835
346,0.40734000462276243,0.11594208398340065,0.5917980266893256,0.4420219113848785,0.15321839254342084
347,0.4247851386790255,0.10945273037026429,0.6326208737352076,0.4725130452947692,0.15978027050156665
348,0.43561486637048863,0.10447327420836595,0.6326208737352076,0.4725130452947692,0.16385380477204825
349,0.43928613992969695,0.10134305720619868,0.5917980266893257,0.44202191138487856,0.1652347313369458
350,0.43561486637048863,0.10027539847953197,0.5127866194352564,0.38300722786011054,0.16385380477204825
351,0.4247851386790255,0.10134305720619867,0.4006852358596942,0.29927719564935396,0.15978027050156665
352,0.40734000462276243,0.10447327420836595,0.26272774671419447,0.19623489018055756,0.15321839254342084
353,0.38415423606781623,0.10945273037026426,0.10781650997023717,0.08052960244308069,0.14449721085844835
354,0.35639046426486987,0.11594208398340063,0.0,0.0,0.13405404191281692
355,0.32544088066353805,0.12349909632320369,0.0,0.0,0.12241254980433647
356,0.29285742661979797,0.13160876948726932,0.0,0.0,0.11015648755796387
357,0.29285742661979797,0.13971844265133493,0.0,0.0,0.11015648755796387
358,0.29285742661979797,0.14727545499113798,0.0,0.0,0.11015648755796387
359,0.29285742661979797,0.15376480860427436,0.0,0.0,0.11015648755796387
360,0.29285742661979797,0.15714918558723368,0.0,0.0,0.11015648755796387
361,0.29285742661979797,0.16027940258940093,0.0,0.0,0.11015648755796387
362,0.29285742661979797,0.16134706131606766,0.0,0.0,0.11015648755796387
363,0.29285742661979797,0.16027940258940093,0.0,0.0,0.11015648755796387
364,0.29285742661979797,0.15714918558723368,0.0,0.0,0.11015648755796387
365,0.29285742661979797,0.15216972942533538,0.0,0.0,0.11015648755796387
366,0.29285742661979797,0.145680375812199,0.10870555269447756,0.08119364041980388,0.11015648755796387
367,0.32544088066353805,0.13812336347239593,0.2634001456609134,0.19673711400395313,0.12241254980433647
368,0.35639046426486987,0.13001369030833032,0.4011317216352017,0.2996106818845144,0.13405404191281692
369,0.38415423606781623,0.12190401714426474,0.5130303422285659,0.3831892676947978,0.14449721085844835
370,0.40734000462276243,0.11434700480446165,0.5918897160482642,0.4420903954011542,0.15321839254342084
371,0.4247851386790255,0.10785765119132527,0.6326312851658751,0.47252082173246646,0.15978027050156665
372,0.43561486637048863,0.10287819502942695,0.6326312851658751,0.47252082173246646,0.16385380477204825
373,0.43928613992969695,0.09974797802725968,0.5918897160482641,0.44209039540115413,0.1652347313369458
374,0.43561486637048863,0.09868031930059296,0.513030342228566,0.3831892676947979,0.16385380477204825
375,0.4247851386790255,0.09974797802725965,0.40113172163520194,0.29961068188451456,0.15978027050156665
376,0.40734000462276243,0.10287819502942695,0.2634001456609135,0.19673711400395325,0.15321839254342084
377,0.38415423606781623,0.10785765119132525,0.10870555269447786,0.0811936404198041,0.14449721085844835
378,0.35639046426486987,0.11434700480446162,0.0,0.0,0.13405404191281692
379,0.32544088066353805,0.12190401714426471,0.0,0.0,0.12241254980433647
380,0.29285742661979797,0.13001369030833032,0.0,0.0,0.11015648755796387
381,0.29285742661979797,0.13812336347239593,0.0,0.0,0.11015648755796387
382,0.29285742661979797,0.145680375812199,0.0,0.0,0.11015648755796387
383,0.29285742661979797,0.15216972942533538,0.0,0.0,0.11015648755796387
384,0.29285742661979797,0.16174203303420912,0.0,0.0,0.11015648755796387
385,0.29285742661979797,0.16487225003637637,0.0,0.0,0.11015648755796387
386,0.29285742661979797,0.1659399087630431,0.0,0.0,0.11015648755796387
387,0.29285742661979797,0.16487225003637637,0.0,0.0,0.11015648755796387
388,0.29285742661979797,0.16174203303420912,0.0,0.0,0.11015648755796387
389,0.29285742661979797,0.1567625768723108,0.0,0.0,0.11015648755796387
390,0.29285742661979797,0.15027322325917442,0.1095852929776879,0.08185073027811639,0.11015648755796387
391,0.32544088066353805,0.14271621091937134,0.26406532359078183,0.1972339443526725,0.12241254980433647
392,0.35639046426486987,0.13460653775530573,0.4015733231531251,0.29994052000194604,0.13405404191281692
393,0.38415423606781623,0.12649686459124015,0.5132713647208704,0.3833692906383199,0.14449721085844835
394,0.40734000462276243,0.11893985225143709,0.5919803813721771,0.44215811455188625,0.15321839254342084
395,0.4247851386790255,0.1124504986383007,0.6326415798644676,0.47252851098140575,0.15978027050156665
396,0.43561486637048863,0.10747104247640236,0.6326415798644676,0.47252851098140575,0.16385380477204825
397,0.43928613992969695,0.10434082547423511,0.5919803813721771,0.44215811455188625,0.1652347313369458
398,0.43561486637048863,0.10327316674756838,0.5132713647208706,0.38336929063832004,0.16385380477204825
399,0.4247851386790255,0.10434082547423508,0.4015733231531251,0.29994052000194604,0.15978027050156665
400,0.40734000462276243,0.10747104247640236,0.2640653235907817,0.1972339443526724,0.15321839254342084
401,0.38415423606781623,0.11245049863830067,0.10958529297768792,0.0818507302781164,0.14449721085844835
402,0.35639046426486987,0.11893985225143706,0.0,0.0,0.13405404191281692
403,0.32544088066353805,0.12649686459124015,0.0,0.0,0.12241254980433647
404,0.29285742661979797,0.13460653775530573,0.0,0.0,0.11015648755796387
405,0.29285742661979797,0.14271621091937134,0.0,0.0,0.11015648755796387
406,0.29285742661979797,0.15027322325917442,0.0,0.0,0.11015648755796387
407,0.29285742661979797,0.1567625768723108,0.0,0.0,0.11015648755796387
408,0.29285742661979797,0.17037376274284552,0.0,0.0,0.11015648755796387
409,0.29285742661979797,0.17350397974501278,0.0,0.0,0.11015648755796387
410,0.29285742661979797,0.1745716384716795,0.0,0.0,0.11015648755796387
411,0.29285742661979797,0.17350397974501278,0.0,0.0,0.11015648755796387
412,0.29285742661979797,0.17037376274284552,0.0,0.0,0.11015648755796387
413,0.29285742661979797,0.1653943065809472,0.0,0.0,0.11015648755796387
414,0.29285742661979797,0.15890495296781082,0.11045552501939063,0.08250071830287156,0.11015648755796387
415,0.32544088066353805,0.15134794062800774,0.2647231311034045,0.19772526963754952,0.12241254980433647
416,0.35639046426486987,0.14323826746394214,0.4020099442419379,0.30026663816984134,0.13405404191281692
417,0.38415423606781623,0.13512859429987656,0.5135096355798836,0.38354725834990133,0.14449721085844835
418,0.40734000462276243,0.12757158196007348,0.5920700036295858,0.4422250546222073,0.15321839254342084
419,0.4247851386790255,0.1210822283469371,0.6326517556854455,0.47253611143905466,0.15978027050156665
420,0.43561486637048863,0.11610277218503877,0.6326517556854455,0.47253611143905466,0.16385380477204825
421,0.43928613992969695,0.11297255518287151,0.5920700036295858,0.4422250546222073,0.1652347313369458
422,0.43561486637048863,0.1119048964562048,0.5135096355798837,0.3835472583499014,0.16385380477204825
423,0.4247851386790255,0.11297255518287148,0.40200994424193814,0.3002666381698415,0.15978027050156665
424,0.40734000462276243,0.11610277218503877,0.26472313110340484,0.1977252696375498,0.15321839254342084
425,0.38415423606781623,0.12108222834693708,0.11045552501939088,0.08250071830287174,0.14449721085844835
426,0.35639046426486987,0.12757158196007345,0.0,0.0,0.13405404191281692
427,0.32544088066353805,0.13512859429987653,0.0,0.0,0.12241254980433647
428,0.29285742661979797,0.14323826746394214,0.0,0.0,0.11015648755796387
429,0.29285742661979797,0.15134794062800774,0.0,0.0,0.11015648755796387
430,0.29285742661979797,0.15890495296781082,0.0,0.0,0.11015648755796387
431,0.29285742661979797,0.1653943065809472,0.0,0.0,0.11015648755796387
432,0.29285742661979797,0.17900549245148195,0.0,0.0,0.11015648755796387
433,0.29285742661979797,0.1821357094536492,0.0,0.0,0.11015648755796387
434,0.29285742661979797,0.18320336818031593,0.0,0.0,0.11015648755796387
435,0.29285742661979797,0.1821357094536492,0.0,0.0,0.11015648755796387
436,0.29285742661979797,0.17900549245148195,0.0,0.0,0.11015648755796387
437,0.29285742661979797,0.17402603628958363,0.0,0.0,0.11015648755796387
438,0.29285742661979797,0.16753668267644725,0.11131604688264671,0.08314345366465169,0.11015648755796387
439,0.32544088066353805,0.15997967033664418,0.2653734218046626,0.19821098051484656,0.12241254980433647
440,0.35639046426486987,0.1518699971725786,0.4024414907654818,0.30058896607663665,0.13405404191281692
441,0.38415423606781623,0.143760324008513,0.5137451045988857,0.38372313332946734,0.14449721085844835
442,0.40734000462276243,0.13620331166870994,0.5921585642158579,0.4422912017160669,0.15321839254342084
443,0.4247851386790255,0.12971395805557354,0.6326618105319239,0.4725436215392217,0.15978027050156665
444,0.43561486637048863,0.12473450189367521,0.6326618105319239,0.4725436215392217,0.16385380477204825
445,0.43928613992969695,0.12160428489150796,0.592158564215858,0.44229120171606695,0.1652347313369458
446,0.43561486637048863,0.12053662616484123,0.5137451045988856,0.3837231333294673,0.16385380477204825
447,0.4247851386790255,0.12160428489150793,0.40244149076548175,0.3005889660766366,0.15978027050156665
448,0.40734000462276243,0.12473450189367521,0.2653734218046623,0.19821098051484634,0.15321839254342084
449,0.38415423606781623,0.12971395805557354,0.1113160468826467,0.08314345366465167,0.14449721085844835
450,0.35639046426486987,0.13620331166870991,0.0,0.0,0.13405404191281692
451,0.32544088066353805,0.14376032400851296,0.0,0.0,0.12241254980433647
452,0.29285742661979797,0.1518699971725786,0.0,0.0,0.11015648755796387
453,0.29285742661979797,0.15997967033664418,0.0,0.0,0.11015648755796387
454,0.29285742661979797,0.16753668267644725,0.0,0.0,0.11015648755796387
455,0.29285742661979797,0.17402603628958363,0.0,0.0,0.11015648755796387
456,0.29285742661979797,0.18359833989845742,0.0,0.0,0.11015648755796387
457,0.29285742661979797,0.18672855690062468,0.0,0.0,0.11015648755796387
458,0.29285742661979797,0.1877962156272914,0.0,0.0,0.11015648755796387
459,0.29285742661979797,0.18672855690062468,0.0,0.0,0.11015648755796387
460,0.29285742661979797,0.18359833989845742,0.0,0.0,0.11015648755796387
461,0.29285742661979797,0.17861888373655907,0.0,0.0,0.11015648755796387
462,0.29285742661979797,0.1721295301234227,0.11216666048673028,0.08377878841429658,0.11015648755796387
463,0.32544088066353805,0.16457251778361962,0.2660160522925225,0.19869096987565454,0.12241254980433647
464,0.35639046426486987,0.15646284461955404,0.4028678706093732,0.3009074349208591,0.13405404191281692
465,0.38415423606781623,0.14835317145548843,0.5139777226877124,0.3838968789109136,0.14449721085844835
466,0.40734000462276243,0.14079615911568535,0.5922460449494359,0.4423565422534151,0.15321839254342084
467,0.4247851386790255,0.13430680550254898,0.6326717423552233,0.4725510397517204,0.15978027050156665
468,0.43561486637048863,0.12932734934065068,0.6326717423552233,0.4725510397517204,0.16385380477204825
469,0.43928613992969695,0.12619713233848343,0.5922460449494359,0.4423565422534151,0.1652347313369458
470,0.43561486637048863,0.1251294736118167,0.5139777226877124,0.3838968789109136,0.16385380477204825
471,0.4247851386790255,0.1261971323384834,0.4028678706093732,0.3009074349208591,0.15978027050156665
472,0.40734000462276243,0.12932734934065068,0.2660160522925225,0.19869096987565454,0.15321839254342084
473,0.38415423606781623,0.13430680550254895,0.11216666048673019,0.0837787884142965,0.14449721085844835
474,0.35639046426486987,0.14079615911568533,0.0,0.0,0.13405404191281692
475,0.32544088066353805,0.14835317145548843,0.0,0.0,0.12241254980433647
476,0.29285742661979797,0.15646284461955404,0.0,0.0,0.11015648755796387
477,0.29285742661979797,0.16457251778361962,0.0,0.0,0.11015648755796387
478,0.29285742661979797,0.1721295301234227,0.0,0.0,0.11015648755796387
479,0.29285742661979797,0.17861888373655907,0.0,0.0,0.11015648755796387
480,0.29285742661979797,0.18200326071951847,0.0,0.0,0.11015648755796387
481,0.29285742661979797,0.18513347772168573,0.0,0.0,0.11015648755796387
482,0.29285742661979797,0.18620113644835246,0.0,0.0,0.11015648755796387
483,0.29285742661979797,0.18513347772168573,0.0,0.0,0.11015648755796387
484,0.29285742661979797,0.18200326071951847,0.0,0.0,0.11015648755796387
485,0.29285742661979797,0.17702380455762015,0.0,0.0,0.11015648755796387
486,0.29285742661979797,0.17053445094448377,0.11300717159802097,0.0844065774761009,0.11015648755796387
487,0.32544088066353805,0.1629774386046807,0.26665088214160115,0.1991651328343648,0.12241254980433647
488,0.35639046426486987,0.1548677654406151,0.4032889936666404,0.3012219774003987,0.13405404191281692
489,0.38415423606781623,0.14675809227654948,0.5142074418633439,0.38406845925507677,0.14449721085844835
490,0.40734000462276243,0.13920107993674644,0.5923324280679206,0.4424210629672769,0.15321839254342084
491,0.4247851386790255,0.13271172632361003,0.6326815491544038,0.47255836458202205,0.15978027050156665
492,0.43561486637048863,0.12773227016171174,0.6326815491544038,0.47255836458202205,0.16385380477204825
493,0.43928613992969695,0.12460205315954447,0.5923324280679206,0.4424210629672769,0.1652347313369458
494,0.43561486637048863,0.12353439443287774,0.514207441863344,0.3840684592550768,0.16385380477204825
495,0.4247851386790255,0.12460205315954444,0.4032889936666404,0.3012219774003987,0.15978027050156665
496,0.40734000462276243,0.12773227016171174,0.2666508821416014,0.199165132834365,0.15321839254342084
497,0.38415423606781623,0.13271172632361003,0.1130071715980209,0.08440657747610085,0.14449721085844835
498,0.35639046426486987,0.1392010799367464,0.0,0.0,0.13405404191281692
499,0.32544088066353805,0.14675809227654946,0.0,0.0,0.12241254980433647
500,0.29285742661979797,0.1548677654406151,0.0,0.0,0.11015648755796387
501,0.29285742661979797,0.1629774386046807,0.0,0.0,0.11015648755796387
502,0.29285742661979797,0.17053445094448377,0.0,0.0,0.11015648755796387
503,0.29285742661979797,0.17702380455762015,0.0,0.0,0.11015648755796387
504,0.29285742661979797,0.17496661018982107,0.0,0.0,0.11015648755796387
505,0.29285742661979797,0.17809682719198833,0.0,0.0,0.11015648755796387
506,0.29285742661979797,0.17916448591865505,0.0,0.0,0.11015648755796387
507,0.29285742661979797,0.17809682719198833,0.0,0.0,0.11015648755796387
508,0.29285742661979797,0.17496661018982107,0.0,0.0,0.11015648755796387
509,0.29285742661979797,0.16998715402792272,0.0,0.0,0.11015648755796387
510,0.29285742661979797,0.16349780041478634,0.11383738981919696,0.08502667863974234,0.11015648755796387
511,0.32544088066353805,0.15594078807498327,0.26727777388655705,0.19963336671626364,0.12241254980433647
512,0.35639046426486987,0.14783111491091772,0.4037047718226376,0.3015325277012405,0.13405404191281692
513,0.38415423606781623,0.1397214417468521,0.514434215240123,0.3842378393424283,0.14449721085844835
514,0.40734000462276243,0.13216442940704903,0.5924176962240215,0.4424847509007275,0.15321839254342084
515,0.4247851386790255,0.12567507579391266,0.6326912289757852,0.47256559457089653,0.15978027050156665
516,0.43561486637048863,0.12069561963201433,0.6326912289757852,0.47256559457089653,0.16385380477204825
517,0.43928613992969695,0.11756540262984706,0.5924176962240215,0.44248475090072753,0.1652347313369458
518,0.43561486637048863,0.11649774390318034,0.514434215240123,0.3842378393424283,0.16385380477204825
519,0.4247851386790255,0.11756540262984704,0.40370477182263753,0.30153252770124045,0.15978027050156665
520,0.40734000462276243,0.12069561963201433,0.267277773886557,0.1996333667162636,0.15321839254342084
521,0.38415423606781623,0.12567507579391263,0.11383738981919708,0.08502667863974243,0.14449721085844835
522,0.35639046426486987,0.132164429407049,0.0,0.0,0.13405404191281692
523,0.32544088066353805,0.13972144174685208,0.0,0.0,0.12241254980433647
524,0.29285742661979797,0.14783111491091772,0.0,0.0,0.11015648755796387
525,0.29285742661979797,0.15594078807498327,0.0,0.0,0.11015648755796387
526,0.29285742661979797,0.16349780041478634,0.0,0.0,0.11015648755796387
527,0.29285742661979797,0.16998715402792272,0.0,0.0,0.11015648755796387
528,0.29285742661979797,0.1657809152958702,0.0,0.0,0.11015648755796387
529,0.29285742661979797,0.16891113229803748,0.0,0.0,0.11015648755796387
530,0.29285742661979797,0.1699787910247042,0.0,0.0,0.11015648755796387
531,0.29285742661979797,0.16891113229803748,0.0,0.0,0.11015648755796387
532,0.29285742661979797,0.1657809152958702,0.0,0.0,0.11015648755796387
533,0.29285742661979797,0.1608014591339719,0.0,0.0,0.11015648755796387
534,0.29285742661979797,0.1543121055208355,0.11465712857680975,0.08563895255100107,0.11015648755796387
535,0.32544088066353805,0.14675509318103244,0.26789659300437507,0.20009557104430042,0.12241254980433647
536,0.35639046426486987,0.13864542001696684,0.4041151189392841,0.30183902148569264,0.13405404191281692
537,0.38415423606781623,0.13053574685290123,0.514657997019628,0.3844049849655107,0.14449721085844835
538,0.40734000462276243,0.12297873451309815,0.5925018324813832,0.4425475934037751,0.15321839254342084
539,0.4247851386790255,0.11648938089996179,0.6327007799124529,0.47257272829404356,0.15978027050156665
540,0.43561486637048863,0.11150992473806347,0.6327007799124529,0.47257272829404356,0.16385380477204825
541,0.43928613992969695,0.10837970773589622,0.5925018324813832,0.44254759340377514,0.1652347313369458
542,0.43561486637048863,0.1073120490092295,0.5146579970196282,0.38440498496551084,0.16385380477204825
543,0.4247851386790255,0.1083797077358962,0.40411511893928415,0.3018390214856927,0.15978027050156665
544,0.40734000462276243,0.11150992473806347,0.26789659300437524,0.20009557104430054,0.15321839254342084
545,0.38415423606781623,0.11648938089996176,0.11465712857681024,0.08563895255100143,0.14449721085844835
546,0.35639046426486987,0.12297873451309814,0.0,0.0,0.13405404191281692
547,0.32544088066353805,0.1305357468529012,0.0,0.0,0.12241254980433647
548,0.29285742661979797,0.13864542001696684,0.0,0.0,0.11015648755796387
549,0.29285742661979797,0.14675509318103244,0.0,0.0,0.11015648755796387
550,0.29285742661979797,0.1543121055208355,0.0,0.0,0.11015648755796387
551,0.29285742661979797,0.1608014591339719,0.0,0.0,0.11015648755796387
552,0.29285742661979797,0.15874426476617273,0.0,0.0,0.11015648755796387
553,0.29285742661979797,0.16187448176834,0.0,0.0,0.11015648755796387
554,0.29285742661979797,0.16294214049500672,0.0,0.0,0.11015648755796387
555,0.29285742661979797,0.16187448176834,0.0,0.0,0.11015648755796387
556,0.29285742661979797,0.15874426476617273,0.0,0.0,0.11015648755796387
557,0.29285742661979797,0.1537648086042744,0.0,0.0,0.11015648755796387
558,0.29285742661979797,0.14727545499113803,0.11546620510732171,0.08624326270133094,0.11015648755796387
559,0.32544088066353805,0.13971844265133496,0.26850720789561117,0.20055164752507912,0.12241254980433647
560,0.35639046426486987,0.13160876948726938,0.40451995083867553,0.30214139588014555,0.13405404191281692
561,0.38415423606781623,0.12349909632320377,0.5148787424802288,0.38456986272113647,0.14449721085844835
562,0.40734000462276243,0.11594208398340071,0.5925848203102979,0.4426095781301585,0.15321839254342084
563,0.4247851386790255,0.10945273037026433,0.6327102001037511,0.47257976436171434,0.15978027050156665
564,0.43561486637048863,0.10447327420836601,0.6327102001037511,0.47257976436171434,0.16385380477204825
565,0.43928613992969695,0.10134305720619874,0.5925848203102979,0.4426095781301585,0.1652347313369458
566,0.43561486637048863,0.10027539847953203,0.5148787424802289,0.3845698627211365,0.16385380477204825
567,0.4247851386790255,0.10134305720619871,0.40451995083867553,0.30214139588014555,0.15978027050156665
568,0.40734000462276243,0.10447327420836601,0.2685072078956112,0.20055164752507917,0.15321839254342084
569,0.38415423606781623,0.10945273037026432,0.11546620510732171,0.08624326270133094,0.14449721085844835
570,0.35639046426486987,0.11594208398340068,0.0,0.0,0.13405404191281692
571,0.32544088066353805,0.12349909632320374,0.0,0.0,0.12241254980433647
572,0.29285742661979797,0.13160876948726938,0.0,0.0,0.11015648755796387
573,0.29285742661979797,0.13971844265133496,0.0,0.0,0.11015648755796387
574,0.29285742661979797,0.14727545499113803,0.0,0.0,0.11015648755796387
575,0.29285742661979797,0.1537648086042744,0.0,0.0,0.11015648755796387
576,0.29285742661979797,0.1571491855872337,0.0,0.0,0.11015648755796387
577,0.29285742661979797,0.16027940258940096,0.0,0.0,0.11015648755796387
578,0.29285742661979797,0.16134706131606769,0.0,0.0,0.11015648755796387
579,0.29285742661979797,0.16027940258940096,0.0,0.0,0.11015648755796387
580,0.29285742661979797,0.1571491855872337,0.0,0.0,0.11015648755796387
581,0.29285742661979797,0.1521697294253354,0.0,0.0,0.11015648755796387
582,0.29285742661979797,0.14568037581219903,0.11626444044169024,0.0868394754163452,0.11015648755796387
583,0.32544088066353805,0.13812336347239593,0.2691094898646658,0.20100150003412431,0.12241254980433647
584,0.35639046426486987,0.13001369030833035,0.40491918528611615,0.3024395894623979,0.13405404191281692
585,0.38415423606781623,0.12190401714426477,0.5150964079663519,0.38473244000237017,0.14449721085844835
586,0.40734000462276243,0.11434700480446168,0.5926666435833157,0.4426706930340682,0.15321839254342084
587,0.4247851386790255,0.1078576511913253,0.6327194877347648,0.47258670141832454,0.15978027050156665
588,0.43561486637048863,0.10287819502942697,0.6327194877347648,0.4725867014183245,0.16385380477204825
589,0.43928613992969695,0.09974797802725971,0.5926666435833157,0.4426706930340682,0.1652347313369458
590,0.43561486637048863,0.09868031930059298,0.515096407966352,0.3847324400023703,0.16385380477204825
591,0.4247851386790255,0.09974797802725968,0.404919185286116,0.3024395894623978,0.15978027050156665
592,0.40734000462276243,0.10287819502942697,0.2691094898646657,0.20100150003412423,0.15321839254342084
593,0.38415423606781623,0.10785765119132527,0.11626444044169042,0.08683947541634533,0.14449721085844835
594,0.35639046426486987,0.11434700480446165,0.0,0.0,0.13405404191281692
595,0.32544088066353805,0.12190401714426474,0.0,0.0,0.12241254980433647
596,0.29285742661979797,0.13001369030833035,0.0,0.0,0.11015648755796387
597,0.29285742661979797,0.13812336347239593,0.0,0.0,0.11015648755796387
598,0.29285742661979797,0.14568037581219903,0.0,0.0,0.11015648755796387
599,0.29285742661979797,0.1521697294253354,0.0,0.0,0.11015648755796387
600,0.29285742661979797,0.1617420330342092,0.0,0.0,0.11015648755796387
601,0.29285742661979797,0.16487225003637646,0.0,0.0,0.11015648755796387
602,0.29285742661979797,0.16593990876304318,0.0,0.0,0.11015648755796387
603,0.29285742661979797,0.16487225003637646,0.0,0.0,0.11015648755796387
604,0.29285742661979797,0.1617420330342092,0.0,0.0,0.11015648755796387
605,0.29285742661979797,0.15676257687231085,0.0,0.0,0.11015648755796387
606,0.29285742661979797,0.15027322325917447,0.11705165938857696,0.08742745984327525,0.11015648755796387
607,0.32544088066353805,0.1427162109193714,0.2697033130991508,0.20144503460046984,0.12241254980433647
608,0.35639046426486987,0.13460653775530582,0.40531274197261535,0.3027335422485839,0.13405404191281692
609,0.38415423606781623,0.1264968645912402,0.5153109508774798,0.38489268499031204,0.14449721085844835
610,0.40734000462276243,0.11893985225143715,0.5927472865707608,0.4427309263667978,0.15321839254342084
611,0.4247851386790255,0.11245049863830078,0.6327286410357924,0.47259353814206,0.15978027050156665
612,0.43561486637048863,0.10747104247640243,0.6327286410357925,0.47259353814206007,0.16385380477204825
613,0.43928613992969695,0.10434082547423518,0.5927472865707608,0.4427309263667978,0.1652347313369458
614,0.43561486637048863,0.10327316674756845,0.51531095087748,0.38489268499031215,0.16385380477204825
615,0.4247851386790255,0.10434082547423515,0.40531274197261546,0.30273354224858395,0.15978027050156665
616,0.40734000462276243,0.10747104247640243,0.26970331309915063,0.20144503460046972,0.15321839254342084
617,0.38415423606781623,0.11245049863830076,0.11705165938857705,0.08742745984327531,0.14449721085844835
618,0.35639046426486987,0.11893985225143712,0.0,0.0,0.13405404191281692
619,0.32544088066353805,0.1264968645912402,0.0,0.0,0.12241254980433647
620,0.29285742661979797,0.13460653775530582,0.0,0.0,0.11015648755796387
621,0.29285742661979797,0.1427162109193714,0.0,0.0,0.11015648755796387
622,0.29285742661979797,0.15027322325917447,0.0,0.0,0.11015648755796387
623,0.29285742661979797,0.15676257687231085,0.0,0.0,0.11015648755796387
624,0.29285742661979797,0.1703737627428456,0.0,0.0,0.11015648755796387
625,0.29285742661979797,0.1735039797450129,0.0,0.0,0.11015648755796387
626,0.29285742661979797,0.1745716384716796,0.0,0.0,0.11015648755796387
627,0.29285742661979797,0.1735039797450129,0.0,0.0,0.11015648755796387
628,0.29285742661979797,0.1703737627428456,0.0,0.0,0.11015648755796387
629,0.29285742661979797,0.16539430658094728,0.0,0.0,0.11015648755796387
630,0.29285742661979797,0.1589049529678109,0.1178276905162621,0.08800708793746223,0.11015648755796387
631,0.32544088066353805,0.15134794062800783,0.27028855464841306,0.20188215939061815,0.12241254980433647
632,0.35639046426486987,0.14323826746394225,0.4057005424968934,0.3030231956797323,0.13405404191281692
633,0.38415423606781623,0.13512859429987664,0.5155223296569102,0.3850505666457017,0.14449721085844835
634,0.40734000462276243,0.12757158196007357,0.5928267339361647,0.4427902666733324,0.15321839254342084
635,0.4247851386790255,0.12108222834693719,0.6327376582818077,0.4726002732444757,0.15978027050156665
636,0.43561486637048863,0.11610277218503887,0.6327376582818077,0.4726002732444757,0.16385380477204825
637,0.43928613992969695,0.1129725551828716,0.5928267339361646,0.4427902666733323,0.1652347313369458
638,0.43561486637048863,0.11190489645620488,0.5155223296569104,0.38505056664570175,0.16385380477204825
639,0.4247851386790255,0.11297255518287158,0.4057005424968934,0.3030231956797323,0.15978027050156665
640,0.40734000462276243,0.11610277218503887,0.27028855464841334,0.20188215939061838,0.15321839254342084
641,0.38415423606781623,0.12108222834693716,0.11782769051626202,0.08800708793746218,0.14449721085844835
642,0.35639046426486987,0.12757158196007354,0.0,0.0,0.13405404191281692
643,0.32544088066353805,0.13512859429987661,0.0,0.0,0.12241254980433647
644,0.29285742661979797,0.14323826746394225,0.0,0.0,0.11015648755796387
645,0.29285742661979797,0.15134794062800783,0.0,0.0,0.11015648755796387
646,0.29285742661979797,0.1589049529678109,0.0,0.0,0.11015648755796387
647,0.29285742661979797,0.16539430658094728,0.0,0.0,0.11015648755796387
648,0.29285742661979797,0.17900549245148187,0.0,0.0,0.11015648755796387
649,0.29285742661979797,0.18213570945364913,0.0,0.0,0.11015648755796387
650,0.29285742661979797,0.18320336818031585,0.0,0.0,0.11015648755796387
651,0.29285742661979797,0.18213570945364913,0.0,0.0,0.11015648755796387
652,0.29285742661979797,0.17900549245148187,0.0,0.0,0.11015648755796387
653,0.29285742661979797,0.17402603628958357,0.0,0.0,0.11015648755796387
654,0.29285742661979797,0.1675366826764472,0.11859236613334591,0.08857823444794263,0.11015648755796387
655,0.32544088066353805,0.15997967033664412,0.2708650944012834,0.20231278469192035,0.12241254980433647
656,0.35639046426486987,0.1518699971725785,0.4060825103469437,0.3033084926079957,0.13405404191281692
657,0.38415423606781623,0.14376032400851294,0.5157305037803004,0.38520605470036207,0.14449721085844835
658,0.40734000462276243,0.13620331166870986,0.5929049707316242,0.442848702788882,0.15321839254342084
659,0.4247851386790255,0.12971395805557348,0.6327465377919147,0.4726069054700875,0.15978027050156665
660,0.43561486637048863,0.12473450189367515,0.6327465377919147,0.4726069054700875,0.16385380477204825
661,0.43928613992969695,0.12160428489150787,0.5929049707316243,0.44284870278888205,0.1652347313369458
662,0.43561486637048863,0.12053662616484115,0.5157305037803006,0.38520605470036223,0.16385380477204825
663,0.4247851386790255,0.12160428489150785,0.4060825103469441,0.30330849260799597,0.15978027050156665
664,0.40734000462276243,0.12473450189367515,0.2708650944012835,0.2023127846919204,0.15321839254342084
665,0.38415423606781623,0.12971395805557345,0.11859236613334606,0.08857823444794274,0.14449721085844835
666,0.35639046426486987,0.13620331166870983,0.0,0.0,0.13405404191281692
667,0.32544088066353805,0.1437603240085129,0.0,0.0,0.12241254980433647
668,0.29285742661979797,0.1518699971725785,0.0,0.0,0.11015648755796387
669,0.29285742661979797,0.15997967033664412,0.0,0.0,0.11015648755796387
670,0.29285742661979797,0.1675366826764472,0.0,0.0,0.11015648755796387
671,0.29285742661979797,0.17402603628958357,0.0,0.0,0.11015648755796387
672,0.29285742661979797,0.18359833989845742,0.0,0.0,0.11015648755796387
673,0.29285742661979797,0.18672855690062468,0.0,0.0,0.11015648755796387
674,0.29285742661979797,0.1877962156272914,0.0,0.0,0.11015648755796387
675,0.29285742661979797,0.18672855690062468,0.0,0.0,0.11015648755796387
676,0.29285742661979797,0.18359833989845742,0.0,0.0,0.11015648755796387
677,0.29285742661979797,0.17861888373655907,0.0,0.0,0.11015648755796387
678,0.29285742661979797,0.1721295301234227,0.11934552226831288,0.08914077690218457,0.11015648755796387
679,0.32544088066353805,0.16457251778361962,0.2714328150631082,0.2027368228954208,0.12241254980433647
680,0.35639046426486987,0.15646284461955404,0.4064585708811914,0.3035893772825772,0.13405404191281692
681,0.38415423606781623,0.14835317145548843,0.5159354337440193,0.38535911964849956,0.14449721085844835
682,0.40734000462276243,0.14079615911568535,0.5929819823930962,0.4429062238353667,0.15321839254342084
683,0.4247851386790255,0.13430680550254898,0.6327552779287956,0.47261343359596086,0.15978027050156665
684,0.43561486637048863,0.12932734934065068,0.6327552779287956,0.47261343359596086,0.16385380477204825
685,0.43928613992969695,0.12619713233848343,0.5929819823930962,0.4429062238353667,0.1652347313369458
686,0.43561486637048863,0.1251294736118167,0.5159354337440194,0.3853591196484996,0.16385380477204825
687,0.4247851386790255,0.1261971323384834,0.4064585708811914,0.3035893772825772,0.15978027050156665
688,0.40734000462276243,0.12932734934065068,0.2714328150631083,0.20273682289542092,0.15321839254342084
689,0.38415423606781623,0.13430680550254895,0.11934552226831319,0.08914077690218479,0.14449721085844835
690,0.35639046426486987,0.14079615911568533,0.0,0.0,0.13405404191281692
691,0.32544088066353805,0.14835317145548843,0.0,0.0,0.12241254980433647
692,0.29285742661979797,0.15646284461955404,0.0,0.0,0.11015648755796387
693,0.29285742661979797,0.16457251778361962,0.0,0.0,0.11015648755796387
694,0.29285742661979797,0.1721295301234227,0.0,0.0,0.11015648755796387
695,0.29285742661979797,0.17861888373655907,0.0,0.0,0.11015648755796387
696,0.29285742661979797,0.1820032607195185,0.0,0.0,0.11015648755796387
697,0.29285742661979797,0.18513347772168579,0.0,0.0,0.11015648755796387
698,0.29285742661979797,0.1862011364483525,0.0,0.0,0.11015648755796387
699,0.29285742661979797,0.18513347772168579,0.0,0.0,0.11015648755796387
700,0.29285742661979797,0.1820032607195185,0.0,0.0,0.11015648755796387
701,0.29285742661979797,0.17702380455762018,0.0,0.0,0.11015648755796387
702,0.29285742661979797,0.1705344509444838,0.12008699864803972,0.08969459559003506,0.11015648755796387
703,0.32544088066353805,0.16297743860468075,0.2719916021321311,0.20315418847821673,0.12241254980433647
704,0.35639046426486987,0.15486776544061515,0.40682865130929324,0.30386579533538965,0.13405404191281692
705,0.38415423606781623,0.14675809227654954,0.5161370810533343,0.38550973273788025,0.14449721085844835
706,0.40734000462276243,0.13920107993674646,0.5930577547356343,0.4429628192178592,0.15321839254342084
707,0.4247851386790255,0.13271172632361009,0.6327638770981523,0.4726198564312931,0.15978027050156665
708,0.43561486637048863,0.1277322701617118,0.6327638770981523,0.4726198564312931,0.16385380477204825
709,0.43928613992969695,0.12460205315954452,0.5930577547356343,0.4429628192178592,0.1652347313369458
710,0.43561486637048863,0.1235343944328778,0.5161370810533343,0.38550973273788025,0.16385380477204825
711,0.4247851386790255,0.12460205315954449,0.4068286513092934,0.30386579533538977,0.15978027050156665
712,0.40734000462276243,0.1277322701617118,0.2719916021321314,0.20315418847821695,0.15321839254342084
713,0.38415423606781623,0.13271172632361006,0.12008699864803976,0.08969459559003509,0.14449721085844835
714,0.35639046426486987,0.13920107993674644,0.0,0.0,0.13405404191281692
715,0.32544088066353805,0.1467580922765495,0.0,0.0,0.12241254980433647
716,0.29285742661979797,0.15486776544061515,0.0,0.0,0.11015648755796387
717,0.29285742661979797,0.16297743860468075,0.0,0.0,0.11015648755796387
718,0.29285742661979797,0.1705344509444838,0.0,0.0,0.11015648755796387
719,0.29285742661979797,0.17702380455762018,0.0,0.0,0.11015648755796387
720,0.33190508350243775,0.20259291706189803,0.0,0.0,0.12484401923235905
721,0.33190508350243775,0.20621737885388117,0.0,0.0,0.12484401923235905
722,0.33190508350243775,0.2074536152742321,0.0,0.0,0.12484401923235905
723,0.33190508350243775,0.20621737885388117,0.0,0.0,0.12484401923235905
724,0.33190508350243775,0.20259291706189803,0.0,0.0,0.12484401923235905
725,0.33190508350243775,0.19682723097969995,0.0,0.0,0.12484401923235905
726,0.33190508350243775,0.18931324258554202,0.1144578682187255,0.08549012230762165,0.12484401923235905
727,0.36883299808534314,0.1805630177710332,0.25819706261868847,0.19285086124930198,0.13873422311158135
728,0.40390919283351917,0.171172869896852,0.3857614869530088,0.2881304467261372,0.15192791416785917
729,0.43537480087685837,0.16178272202267077,0.48915986040990267,0.36536008354190336,0.16376350563957479
730,0.46165200523913075,0.15303249720816195,0.5619147858460235,0.41970171658830924,0.1736475115492103
731,0.4814231571695623,0.14551850881400405,0.5994685267087673,0.44775111108978266,0.18108430656844224
732,0.4936968485532204,0.139752822731806,0.5994685267087673,0.4477511110897827,0.18570097874165467
733,0.4978576252536565,0.13612836093982286,0.5619147858460236,0.4197017165883093,0.18726602884853855
734,0.4936968485532204,0.13489212451947188,0.48915986040990267,0.36536008354190336,0.18570097874165467
735,0.4814231571695623,0.1361283609398228,0.38576148695300894,0.28813044672613725,0.18108430656844224
736,0.46165200523913075,0.139752822731806,0.2581970626186884,0.19285086124930192,0.1736475115492103
737,0.4353748008768584,0.14551850881400402,0.11445786821872547,0.08549012230762164,0.1637635056395748
738,0.40390919283351917,0.15303249720816192,0.0,0.0,0.15192791416785917
739,0.36883299808534314,0.16178272202267074,0.0,0.0,0.13873422311158135
740,0.33190508350243775,0.171172869896852,0.0,0.0,0.12484401923235905
741,0.33190508350243775,0.1805630177710332,0.0,0.0,0.12484401923235905
742,0.33190508350243775,0.18931324258554202,0.0,0.0,0.12484401923235905
743,0.33190508350243775,0.19682723097969995,0.0,0.0,0.12484401923235905
744,0.33190508350243775,0.1919568492899549,0.0,0.0,0.12484401923235905
745,0.33190508350243775,0.19558131108193808,0.0,0.0,0.12484401923235905
746,0.33190508350243775,0.196817547502289,0.0,0.0,0.12484401923235905
747,0.33190508350243775,0.19558131108193808,0.0,0.0,0.12484401923235905
748,0.33190508350243775,0.1919568492899549,0.0,0.0,0.12484401923235905
749,0.33190508350243775,0.18619116320775686,0.0,0.0,0.12484401923235905
750,0.33190508350243775,0.17867717481359893,0.11513774785783572,0.08599793356084999,0.12484401923235905
751,0.36883299808534314,0.1699269499990901,0.25870919807694026,0.19323338211610994,0.13873422311158135
752,0.40390919283351917,0.1605368021249089,0.38610055878107014,0.28838370403822194,0.15192791416785917
753,0.43537480087685837,0.15114665425072768,0.4893445692970493,0.36549804509578526,0.16376350563957479
754,0.46165200523913075,0.14239642943621886,0.561984183085942,0.4197535503208501,0.1736475115492103
755,0.4814231571695623,0.13488244104206096,0.5994764018230893,0.4477569931186641,0.18108430656844224
756,0.4936968485532204,0.12911675495986288,0.5994764018230893,0.4477569931186641,0.18570097874165467
757,0.4978576252536565,0.12549229316787974,0.561984183085942,0.4197535503208501,0.18726602884853855
758,0.4936968485532204,0.1242560567475288,0.4893445692970493,0.36549804509578526,0.18570097874165467
759,0.4814231571695623,0.12549229316787971,0.38610055878107,0.2883837040382219,0.18108430656844224
760,0.46165200523913075,0.12911675495986288,0.2587091980769404,0.19323338211611002,0.1736475115492103
761,0.4353748008768584,0.13488244104206093,0.11513774785783601,0.0859979335608502,0.1637635056395748
762,0.40390919283351917,0.14239642943621886,0.0,0.0,0.15192791416785917
763,0.36883299808534314,0.15114665425072768,0.0,0.0,0.13873422311158135
764,0.33190508350243775,0.1605368021249089,0.0,0.0,0.12484401923235905
765,0.33190508350243775,0.1699269499990901,0.0,0.0,0.12484401923235905
766,0.33190508350243775,0.17867717481359893,0.0,0.0,0.12484401923235905
767,0.33190508350243775,0.18619116320775686,0.0,0.0,0.12484401923235905
768,0.33190508350243775,0.18380914867662107,0.0,0.0,0.12484401923235905
769,0.33190508350243775,0.1874336104686042,0.0,0.0,0.12484401923235905
770,0.33190508350243775,0.18866984688895513,0.0,0.0,0.12484401923235905
771,0.33190508350243775,0.1874336104686042,0.0,0.0,0.12484401923235905
772,0.33190508350243775,0.18380914867662107,0.0,0.0,0.12484401923235905
773,0.33190508350243775,0.178043462594423,0.0,0.0,0.12484401923235905
774,0.33190508350243775,0.17052947420026507,0.11580612775789681,0.08649715550420285,0.12484401923235905
775,0.36883299808534314,0.16177924938575625,0.2592125603490332,0.19360935017209396,0.13873422311158135
776,0.40390919283351917,0.15238910151157503,0.38643376870420937,0.2886325830146227,0.15192791416785917
777,0.43537480087685837,0.14299895363739382,0.4895260645159382,0.3656336063175915,0.16376350563957479
778,0.46165200523913075,0.134248728822885,0.562052368028262,0.4198044785719977,0.1736475115492103
779,0.4814231571695623,0.1267347404287271,0.5994841390972474,0.44776277219287197,0.18108430656844224
780,0.4936968485532204,0.12096905434652902,0.5994841390972474,0.44776277219287197,0.18570097874165467
781,0.4978576252536565,0.11734459255454587,0.562052368028262,0.41980447857199776,0.18726602884853855
782,0.4936968485532204,0.11610835613419493,0.4895260645159384,0.3656336063175916,0.18570097874165467
783,0.4814231571695623,0.11734459255454584,0.3864337687042095,0.2886325830146228,0.18108430656844224
784,0.46165200523913075,0.12096905434652902,0.25921256034903334,0.19360935017209402,0.1736475115492103
785,0.4353748008768584,0.12673474042872707,0.11580612775789681,0.08649715550420285,0.1637635056395748
786,0.40390919283351917,0.13424872882288497,0.0,0.0,0.15192791416785917
787,0.36883299808534314,0.1429989536373938,0.0,0.0,0.13873422311158135
788,0.33190508350243775,0.15238910151157503,0.0,0.0,0.12484401923235905
789,0.33190508350243775,0.16177924938575625,0.0,0.0,0.12484401923235905
790,0.33190508350243775,0.17052947420026507,0.0,0.0,0.12484401923235905
791,0.33190508350243775,0.178043462594423,0.0,0.0,0.12484401923235905
792,0.33190508350243775,0.18196221489048112,0.0,0.0,0.12484401923235905
793,0.33190508350243775,0.18558667668246429,0.0,0.0,0.12484401923235905
794,0.33190508350243775,0.18682291310281524,0.0,0.0,0.12484401923235905
795,0.33190508350243775,0.18558667668246429,0.0,0.0,0.12484401923235905
796,0.33190508350243775,0.18196221489048112,0.0,0.0,0.12484401923235905
797,0.33190508350243775,0.1761965288082831,0.0,0.0,0.12484401923235905
798,0.33190508350243775,0.16868254041412517,0.11646286987505125,0.08698768503086508,0.12484401923235905
799,0.36883299808534314,0.15993231559961632,0.2597070513091129,0.19397869212573268,0.13873422311158135
800,0.40390919283351917,0.15054216772543513,0.38676105459100857,0.2888770372485471,0.15192791416785917
801,0.43537480087685837,0.14115201985125392,0.48970431330673103,0.3657667427385577,0.16376350563957479
802,0.46165200523913075,0.1324017950367451,0.5621193286253057,0.4198544923431796,0.1736475115492103
803,0.4814231571695623,0.12488780664258718,0.5994917371785077,0.447768447302031,0.18108430656844224
804,0.4936968485532204,0.11912212056038911,0.5994917371785077,0.447768447302031,0.18570097874165467
805,0.4978576252536565,0.11549765876840597,0.5621193286253057,0.4198544923431796,0.18726602884853855
806,0.4936968485532204,0.11426142234805502,0.48970431330673114,0.3657667427385578,0.18570097874165467
807,0.4814231571695623,0.11549765876840594,0.3867610545910088,0.28887703724854724,0.18108430656844224
808,0.46165200523913075,0.11912212056038911,0.25970705130911315,0.19397869212573282,0.1736475115492103
809,0.4353748008768584,0.12488780664258715,0.1164628698750516,0.08698768503086535,0.1637635056395748
810,0.40390919283351917,0.13240179503674507,0.0,0.0,0.15192791416785917
811,0.36883299808534314,0.1411520198512539,0.0,0.0,0.13873422311158135
812,0.33190508350243775,0.15054216772543513,0.0,0.0,0.12484401923235905
813,0.33190508350243775,0.15993231559961632,0.0,0.0,0.12484401923235905
814,0.33190508350243775,0.16868254041412517,0.0,0.0,0.12484401923235905
815,0.33190508350243775,0.1761965288082831,0.0,0.0,0.12484401923235905
816,0.33190508350243775,0.18728024877645263,0.0,0.0,0.12484401923235905
817,0.33190508350243775,0.19090471056843586,0.0,0.0,0.12484401923235905
818,0.33190508350243775,0.19214094698878675,0.0,0.0,0.12484401923235905
819,0.33190508350243775,0.19090471056843586,0.0,0.0,0.12484401923235905
820,0.33190508350243775,0.18728024877645263,0.0,0.0,0.12484401923235905
821,0.33190508350243775,0.18151456269425464,0.0,0.0,0.12484401923235905
822,0.33190508350243775,0.1740005743000967,0.11710783955486617,0.0874694215656284,0.12484401923235905
823,0.36883299808534314,0.1652503494855879,0.2601925753580676,0.1943413365727628,0.13873422311158135
824,0.40390919283351917,0.15586020161140668,0.38708235596914753,0.2891170215724051,0.15192791416785917
825,0.43537480087685837,0.14647005373722546,0.48987928380779794,0.36589743056080376,0.16376350563957479
826,0.46165200523913075,0.13771982892271661,0.5621850531654734,0.4199035828868443,0.1736475115492103
827,0.4814231571695623,0.13020584052855871,0.5994991947521953,0.44777401746419276,0.18108430656844224
828,0.4936968485532204,0.12444015444636065,0.5994991947521953,0.44777401746419276,0.18570097874165467
829,0.4978576252536565,0.12081569265437751,0.5621850531654735,0.4199035828868444,0.18726602884853855
830,0.4936968485532204,0.11957945623402655,0.48987928380779794,0.36589743056080376,0.18570097874165467
831,0.4814231571695623,0.12081569265437749,0.38708235596914753,0.2891170215724051,0.18108430656844224
832,0.46165200523913075,0.12444015444636065,0.2601925753580674,0.19434133657276262,0.1736475115492103
833,0.4353748008768584,0.13020584052855866,0.11710783955486628,0.08746942156562848,0.1637635056395748
834,0.40390919283351917,0.13771982892271661,0.0,0.0,0.15192791416785917
835,0.36883299808534314,0.1464700537372254,0.0,0.0,0.13873422311158135
836,0.33190508350243775,0.15586020161140668,0.0,0.0,0.12484401923235905
837,0.33190508350243775,0.1652503494855879,0.0,0.0,0.12484401923235905
838,0.33190508350243775,0.1740005743000967,0.0,0.0,0.12484401923235905
839,0.33190508350243775,0.18151456269425464,0.0,0.0,0.12484401923235905
840,0.33190508350243775,0.1972748831759264,0.0,0.0,0.12484401923235905
841,0.33190508350243775,0.20089934496790957,0.0,0.0,0.12484401923235905
842,0.33190508350243775,0.20213558138826052,0.0,0.0,0.12484401923235905
843,0.33190508350243775,0.20089934496790957,0.0,0.0,0.12484401923235905
844,0.33190508350243775,0.1972748831759264,0.0,0.0,0.12484401923235905
845,0.33190508350243775,0.19150919709372835,0.0,0.0,0.12484401923235905
846,0.33190508350243775,0.18399520869957045,0.11774090550745878,0.08794226704631225,0.12484401923235905
847,0.36883299808534314,0.17524498388506163,0.2606690393986221,0.1946972139775765,0.13873422311158135
848,0.40390919283351917,0.1658548360108804,0.3873976140059713,0.28935249204329505,0.15192791416785917
849,0.43537480087685837,0.1564646881366992,0.4900509450440179,0.366025646648595,0.16376350563957479
850,0.46165200523913075,0.14771446332219038,0.5622495302685817,0.41995174170297944,0.1736475115492103
851,0.4814231571695623,0.14020047492803245,0.5995065105411509,0.44777948172542986,0.18108430656844224
852,0.4936968485532204,0.13443478884583437,0.5995065105411509,0.44777948172542986,0.18570097874165467
853,0.4978576252536565,0.13081032705385123,0.5622495302685817,0.41995174170297944,0.18726602884853855
854,0.4936968485532204,0.1295740906335003,0.49005094504401786,0.36602564664859494,0.18570097874165467
855,0.4814231571695623,0.1308103270538512,0.38739761400597117,0.289352492043295,0.18108430656844224
856,0.46165200523913075,0.13443478884583437,0.260669039398622,0.19469721397757642,0.1736475115492103
857,0.4353748008768584,0.14020047492803242,0.11774090550745887,0.08794226704631232,0.1637635056395748
858,0.40390919283351917,0.14771446332219035,0.0,0.0,0.15192791416785917
859,0.36883299808534314,0.15646468813669917,0.0,0.0,0.13873422311158135
860,0.33190508350243775,0.1658548360108804,0.0,0.0,0.12484401923235905
861,0.33190508350243775,0.17524498388506163,0.0,0.0,0.12484401923235905
862,0.33190508350243775,0.18399520869957045,0.0,0.0,0.12484401923235905
863,0.33190508350243775,0.19150919709372835,0.0,0.0,0.12484401923235905
864,0.33190508350243775,0.20726951757540021,0.0,0.0,0.12484401923235905
865,0.33190508350243775,0.21089397936738336,0.0,0.0,0.12484401923235905
866,0.33190508350243775,0.21213021578773428,0.0,0.0,0.12484401923235905
867,0.33190508350243775,0.21089397936738336,0.0,0.0,0.12484401923235905
868,0.33190508350243775,0.20726951757540021,0.0,0.0,0.12484401923235905
869,0.33190508350243775,0.20150383149320214,0.0,0.0,0.12484401923235905
870,0.33190508350243775,0.1939898430990442,0.11836193978211115,0.0884061259048033,0.12484401923235905
871,0.36883299808534314,0.1852396182845354,0.2611363528101986,0.19504625665444447,0.13873422311158135
872,0.40390919283351917,0.17584947041035418,0.38770677148897714,0.28958340592842857,0.15192791416785917
873,0.43537480087685837,0.16645932253617296,0.49021926691506185,0.3661513685195903,0.16376350563957479
874,0.46165200523913075,0.15770909772166414,0.562312748881203,0.41999896053563135,0.1736475115492103
875,0.4814231571695623,0.1501951093275062,0.5995136833051872,0.44778483915942974,0.18108430656844224
876,0.4936968485532204,0.14442942324530816,0.5995136833051872,0.44778483915942974,0.18570097874165467
877,0.4978576252536565,0.140804961453325,0.562312748881203,0.41999896053563135,0.18726602884853855
878,0.4936968485532204,0.13956872503297407,0.4902192669150619,0.36615136851959035,0.18570097874165467
879,0.4814231571695623,0.140804961453325,0.3877067714889772,0.2895834059284286,0.18108430656844224
880,0.46165200523913075,0.14442942324530816,0.26113635281019837,0.1950462566544443,0.1736475115492103
881,0.4353748008768584,0.1501951093275062,0.11836193978211114,0.08840612590480329,0.1637635056395748
882,0.40390919283351917,0.1577090977216641,0.0,0.0,0.15192791416785917
883,0.36883299808534314,0.16645932253617293,0.0,0.0,0.13873422311158135
884,0.33190508350243775,0.17584947041035418,0.0,0.0,0.12484401923235905
885,0.33190508350243775,0.1852396182845354,0.0,0.0,0.12484401923235905
886,0.33190508350243775,0.1939898430990442,0.0,0.0,0.12484401923235905
887,0.33190508350243775,0.20150383149320214,0.0,0.0,0.12484401923235905
888,0.33190508350243775,0.21258755146137176,0.0,0.0,0.12484401923235905
889,0.33190508350243775,0.21621201325335493,0.0,0.0,0.12484401923235905
890,0.33190508350243775,0.21744824967370585,0.0,0.0,0.12484401923235905
891,0.33190508350243775,0.21621201325335493,0.0,0.0,0.12484401923235905
892,0.33190508350243775,0.21258755146137176,0.0,0.0,0.12484401923235905
893,0.33190508350243775,0.2068218653791737,0.0,0.0,0.12484401923235905
894,0.33190508350243775,0.19930787698501579,0.11897081774143842,0.08886090504776123,0.12484401923235905
895,0.36883299808534314,0.19055765217050696,0.26159442742359057,0.19538839874859967,0.13873422311158135
896,0.40390919283351917,0.18116750429632575,0.3880097728062532,0.2898097216905202,0.15192791416785917
897,0.43537480087685837,0.17177735642214453,0.4903842201836797,0.36627457433609417,0.16376350563957479
898,0.46165200523913075,0.1630271316076357,0.5623746982720136,0.4200452313694298,0.1736475115492103
899,0.4814231571695623,0.15551314321347778,0.5995207118405481,0.44779008886709076,0.18108430656844224
900,0.4936968485532204,0.14974745713127974,0.5995207118405481,0.44779008886709076,0.18570097874165467
901,0.4978576252536565,0.1461229953392966,0.5623746982720136,0.42004523136942984,0.18726602884853855
902,0.4936968485532204,0.14488675891894565,0.49038422018367966,0.3662745743360941,0.18570097874165467
903,0.4814231571695623,0.14612299533929654,0.38800977280625326,0.28980972169052027,0.18108430656844224
904,0.46165200523913075,0.14974745713127974,0.26159442742359074,0.19538839874859978,0.1736475115492103
905,0.4353748008768584,0.15551314321347776,0.11897081774143854,0.08886090504776133,0.1637635056395748
906,0.40390919283351917,0.16302713160763568,0.0,0.0,0.15192791416785917
907,0.36883299808534314,0.1717773564221445,0.0,0.0,0.13873422311158135
908,0.33190508350243775,0.18116750429632575,0.0,0.0,0.12484401923235905
909,0.33190508350243775,0.19055765217050696,0.0,0.0,0.12484401923235905
910,0.33190508350243775,0.19930787698501579,0.0,0.0,0.12484401923235905
911,0.33190508350243775,0.2068218653791737,0.0,0.0,0.12484401923235905
912,0.33190508350243775,0.21074061767523194,0.0,0.0,0.12484401923235905
913,0.33190508350243775,0.21436507946721509,0.0,0.0,0.12484401923235905
914,0.33190508350243775,0.21560131588756604,0.0,0.0,0.12484401923235905
915,0.33190508350243775,0.21436507946721509,0.0,0.0,0.12484401923235905
916,0.33190508350243775,0.21074061767523194,0.0,0.0,0.12484401923235905
917,0.33190508350243775,0.20497493159303387,0.0,0.0,0.12484401923235905
918,0.33190508350243775,0.19746094319887597,0.11956741803517507,0.08930651383703941,0.12484401923235905
919,0.36883299808534314,0.18871071838436715,0.262043177495502,0.19572357621722028,0.13873422311158135
920,0.40390919283351917,0.17932057051018593,0.3883065639268999,0.29003139897316377,0.15192791416785917
921,0.43537480087685837,0.16993042263600472,0.4905457764640067,0.3663952428963222,0.16376350563957479
922,0.46165200523913075,0.1611801978214959,0.5624353680271555,0.42009054642612437,0.1736475115492103
923,0.4814231571695623,0.15366620942733797,0.5995275949793685,0.44779522997611865,0.18108430656844224
924,0.4936968485532204,0.1479005233451399,0.5995275949793685,0.44779522997611865,0.18570097874165467
925,0.4978576252536565,0.14427606155315675,0.5624353680271555,0.42009054642612437,0.18726602884853855
926,0.4936968485532204,0.14303982513280583,0.49054577646400693,0.36639524289632236,0.18570097874165467
927,0.4814231571695623,0.14427606155315673,0.3883065639269001,0.29003139897316393,0.18108430656844224
928,0.46165200523913075,0.1479005233451399,0.2620431774955022,0.19572357621722042,0.1736475115492103
929,0.4353748008768584,0.15366620942733794,0.11956741803517514,0.08930651383703947,0.1637635056395748
930,0.40390919283351917,0.16118019782149587,0.0,0.0,0.15192791416785917
931,0.36883299808534314,0.1699304226360047,0.0,0.0,0.13873422311158135
932,0.33190508350243775,0.17932057051018593,0.0,0.0,0.12484401923235905
933,0.33190508350243775,0.18871071838436715,0.0,0.0,0.12484401923235905
934,0.33190508350243775,0.19746094319887597,0.0,0.0,0.12484401923235905
935,0.33190508350243775,0.20497493159303387,0.0,0.0,0.12484401923235905
936,0.33190508350243775,0.20259291706189814,0.0,0.0,0.12484401923235905
937,0.33190508350243775,0.20621737885388128,0.0,0.0,0.12484401923235905
938,0.33190508350243775,0.20745361527423223,0.0,0.0,0.12484401923235905
939,0.33190508350243775,0.20621737885388128,0.0,0.0,0.12484401923235905
940,0.33190508350243775,0.20259291706189814,0.0,0.0,0.12484401923235905
941,0.33190508350243775,0.1968272309797001,0.0,0.0,0.12484401923235905
942,0.33190508350243775,0.18931324258554216,0.12015162257364197,0.08974286406986712,0.12484401923235905
943,0.36883299808534314,0.1805630177710333,0.2624825196829972,0.19605172681034583,0.13873422311158135
944,0.40390919283351917,0.17117286989685213,0.38859709238146994,0.2902483985862229,0.15192791416785917
945,0.43537480087685837,0.1617827220226709,0.4907039082099078,0.36651335362569526,0.16376350563957479
946,0.46165200523913075,0.1530324972081621,0.5624947480456204,0.4201348981611356,0.1736475115492103
947,0.4814231571695623,0.1455185088140042,0.5995343315891366,0.44780026164062525,0.18108430656844224
948,0.4936968485532204,0.13975282273180611,0.5995343315891366,0.44780026164062525,0.18570097874165467
949,0.4978576252536565,0.13612836093982297,0.5624947480456205,0.42013489816113564,0.18726602884853855
950,0.4936968485532204,0.13489212451947202,0.4907039082099078,0.36651335362569526,0.18570097874165467
951,0.4814231571695623,0.13612836093982295,0.3885970923814701,0.29024839858622303,0.18108430656844224
952,0.46165200523913075,0.13975282273180611,0.26248251968299724,0.19605172681034588,0.1736475115492103
953,0.4353748008768584,0.14551850881400416,0.1201516225736419,0.08974286406986706,0.1637635056395748
954,0.40390919283351917,0.15303249720816206,0.0,0.0,0.15192791416785917
955,0.36883299808534314,0.16178272202267088,0.0,0.0,0.13873422311158135
956,0.33190508350243775,0.17117286989685213,0.0,0.0,0.12484401923235905
957,0.33190508350243775,0.1805630177710333,0.0,0.0,0.12484401923235905
958,0.33190508350243775,0.18931324258554216,0.0,0.0,0.12484401923235905
959,0.33190508350243775,0.1968272309797001,0.0,0.0,0.12484401923235905
960,0.33190508350243775,0.1919568492899548,0.0,0.0,0.12484401923235905
961,0.33190508350243775,0.19558131108193794,0.0,0.0,0.12484401923235905
962,0.33190508350243775,0.1968175475022889,0.0,0.0,0.12484401923235905
963,0.33190508350243775,0.19558131108193794,0.0,0.0,0.12484401923235905
964,0.33190508350243775,0.1919568492899548,0.0,0.0,0.12484401923235905
965,0.33190508350243775,0.18619116320775672,0.0,0.0,0.12484401923235905
966,0.33190508350243775,0.17867717481359882,0.12072331650095763,0.09016986995884055,0.12484401923235905
967,0.36883299808534314,0.16992694999909,0.2629123730179102,0.19637279005176345,0.13873422311158135
968,0.40390919283351917,0.16053680212490878,0.38888130724245257,0.2904606824912544,0.15192791416785917
969,0.43537480087685837,0.1511466542507276,0.4908585887033756,0.3666288865681741,0.16376350563957479
970,0.46165200523913075,0.14239642943621875,0.5625528285346594,0.42017827926012774,0.1736475115492103
971,0.4814231571695623,0.13488244104206085,0.5995409205721618,0.4478051830407305,0.18108430656844224
972,0.4936968485532204,0.12911675495986277,0.5995409205721618,0.4478051830407305,0.18570097874165467
973,0.4978576252536565,0.12549229316787963,0.5625528285346594,0.42017827926012774,0.18726602884853855
974,0.4936968485532204,0.1242560567475287,0.49085858870337556,0.36662888656817405,0.18570097874165467
975,0.4814231571695623,0.1254922931678796,0.38888130724245257,0.2904606824912544,0.18108430656844224
976,0.46165200523913075,0.12911675495986277,0.2629123730179104,0.19637279005176358,0.1736475115492103
977,0.4353748008768584,0.1348824410420608,0.12072331650095756,0.09016986995884049,0.1637635056395748
978,0.40390919283351917,0.14239642943621872,0.0,0.0,0.15192791416785917
979,0.36883299808534314,0.15114665425072754,0.0,0.0,0.13873422311158135
980,0.33190508350243775,0.16053680212490878,0.0,0.0,0.12484401923235905
981,0.33190508350243775,0.16992694999909,0.0,0.0,0.12484401923235905
982,0.33190508350243775,0.17867717481359882,0.0,0.0,0.12484401923235905
983,0.33190508350243775,0.18619116320775672,0.0,0.0,0.12484401923235905
984,0.33190508350243775,0.18380914867662101,0.0,0.0,0.12484401923235905
985,0.33190508350243775,0.18743361046860416,0.0,0.0,0.12484401923235905
986,0.33190508350243775,0.18866984688895508,0.0,0.0,0.12484401923235905
987,0.33190508350243775,0.18743361046860416,0.0,0.0,0.12484401923235905
988,0.33190508350243775,0.18380914867662101,0.0,0.0,0.12484401923235905
989,0.33190508350243775,0.17804346259442294,0.0,0.0,0.12484401923235905
990,0.33190508350243775,0.170529474200265,0.12128238816805173,0.09058744811176635,0.12484401923235905
991,0.36883299808534314,0.1617792493857562,0.26333265888125734,0.19668670721989598,0.13873422311158135
992,0.40390919283351917,0.15238910151157498,0.3891591591048366,0.29066821378699037,0.15192791416785917
993,0.43537480087685837,0.14299895363739376,0.49100979204299994,0.36674182237764685,0.16376350563957479
994,0.46165200523913075,0.13424872882288494,0.5626096000052273,0.42022068263560525,0.1736475115492103
995,0.4814231571695623,0.12673474042872704,0.5995473608650441,0.44780999338216687,0.18108430656844224
996,0.4936968485532204,0.12096905434652896,0.5995473608650441,0.44780999338216687,0.18570097874165467
997,0.4978576252536565,0.11734459255454581,0.5626096000052274,0.4202206826356053,0.18726602884853855
998,0.4936968485532204,0.11610835613419487,0.49100979204300005,0.3667418223776469,0.18570097874165467
999,0.4814231571695623,0.11734459255454578,0.3891591591048369,0.2906682137869906,0.18108430656844224
1000,0.46165200523913075,0.12096905434652896,0.26333265888125756,0.19668670721989617,0.1736475115492103
1001,0.4353748008768584,0.126734740428727,0.12128238816805181,0.09058744811176642,0.1637635056395748
1002,0.40390919283351917,0.1342487288228849,0.0,0.0,0.15192791416785917
1003,0.36883299808534314,0.14299895363739373,0.0,0.0,0.13873422311158135
1004,0.33190508350243775,0.15238910151157498,0.0,0.0,0.12484401923235905
1005,0.33190508350243775,0.1617792493857562,0.0,0.0,0.12484401923235905
1006,0.33190508350243775,0.170529474200265,0.0,0.0,0.12484401923235905
1007,0.33190508350243775,0.17804346259442294,0.0,0.0,0.12484401923235905
1008,0.33190508350243775,0.18196221489048112,0.0,0.0,0.12484401923235905
1009,0.33190508350243775,0.18558667668246426,0.0,0.0,0.12484401923235905
1010,0.33190508350243775,0.1868229131028152,0.0,0.0,0.12484401923235905
1011,0.33190508350243775,0.18558667668246426,0.0,0.0,0.12484401923235905
1012,0.33190508350243775,0.18196221489048112,0.0,0.0,0.12484401923235905
1013,0.33190508350243775,0.17619652880828304,0.0,0.0,0.12484401923235905
1014,0.33190508350243775,0.16868254041412514,0.12182872910554159,0.09099551751140267,0.12484401923235905
1015,0.36883299808534314,0.1599323155996163,0.2637433009776978,0.19699342132872658,0.13873422311158135
1016,0.40390919283351917,0.1505421677254351,0.3894306000667781,0.29087095669489893,0.15192791416785917
1017,0.43537480087685837,0.1411520198512539,0.49115749313252205,0.36685214230938,0.16376350563957479
1018,0.46165200523913075,0.13240179503674507,0.562665053267466,0.42026210142353937,0.1736475115492103
1019,0.4814231571695623,0.12488780664258715,0.5995536514381504,0.44781469189588735,0.18108430656844224
1020,0.4936968485532204,0.11912212056038911,0.5995536514381504,0.44781469189588735,0.18570097874165467
1021,0.4978576252536565,0.11549765876840595,0.562665053267466,0.42026210142353937,0.18726602884853855
1022,0.4936968485532204,0.114261422348055,0.4911574931325222,0.3668521423093801,0.18570097874165467
1023,0.4814231571695623,0.11549765876840593,0.3894306000667783,0.2908709566948991,0.18108430656844224
1024,0.46165200523913075,0.11912212056038911,0.26374330097769805,0.19699342132872674,0.1736475115492103
1025,0.4353748008768584,0.12488780664258713,0.12182872910554164,0.09099551751140271,0.1637635056395748
1026,0.40390919283351917,0.13240179503674504,0.0,0.0,0.15192791416785917
1027,0.36883299808534314,0.14115201985125386,0.0,0.0,0.13873422311158135
1028,0.33190508350243775,0.1505421677254351,0.0,0.0,0.12484401923235905
1029,0.33190508350243775,0.1599323155996163,0.0,0.0,0.12484401923235905
1030,0.33190508350243775,0.16868254041412514,0.0,0.0,0.12484401923235905
1031,0.33190508350243775,0.17619652880828304,0.0,0.0,0.12484401923235905
1032,0.33190508350243775,0.1872802487764526,0.0,0.0,0.12484401923235905
1033,0.33190508350243775,0.19090471056843572,0.0,0.0,0.12484401923235905
1034,0.33190508350243775,0.1921409469887867,0.0,0.0,0.12484401923235905
1035,0.33190508350243775,0.19090471056843572,0.0,0.0,0.12484401923235905
1036,0.33190508350243775,0.1872802487764526,0.0,0.0,0.12484401923235905
1037,0.33190508350243775,0.1815145626942545,0.0,0.0,0.12484401923235905
1038,0.33190508350243775,0.17400057430009663,0.12236223399652886,0.09139399949514064,0.12484401923235905
1039,0.36883299808534314,0.16525034948558776,0.26414422531008597,0.19729287710879112,0.13873422311158135
1040,0.40390919283351917,0.15586020161140654,0.38969558371040136,0.29106887654484387,0.15192791416785917
1041,0.43537480087685837,0.14647005373722535,0.4913016676694909,0.3669598282115458,0.16376350563957479
1042,0.46165200523913075,0.13771982892271656,0.562719179426232,0.4203025289800276,0.1736475115492103
1043,0.4814231571695623,0.13020584052855863,0.5995597912950954,0.44781927783767844,0.18108430656844224
1044,0.4936968485532204,0.12444015444636054,0.5995597912950954,0.44781927783767844,0.18570097874165467
1045,0.4978576252536565,0.1208156926543774,0.562719179426232,0.4203025289800276,0.18726602884853855
1046,0.4936968485532204,0.11957945623402647,0.49130166766949107,0.36695982821154594,0.18570097874165467
1047,0.4814231571695623,0.12081569265437737,0.38969558371040164,0.2910688765448441,0.18108430656844224
1048,0.46165200523913075,0.12444015444636054,0.26414422531008613,0.19729287710879126,0.1736475115492103
1049,0.4353748008768584,0.13020584052855863,0.12236223399652911,0.09139399949514082,0.1637635056395748
1050,0.40390919283351917,0.13771982892271648,0.0,0.0,0.15192791416785917
1051,0.36883299808534314,0.14647005373722535,0.0,0.0,0.13873422311158135
1052,0.33190508350243775,0.15586020161140654,0.0,0.0,0.12484401923235905
1053,0.33190508350243775,0.16525034948558776,0.0,0.0,0.12484401923235905
1054,0.33190508350243775,0.17400057430009663,0.0,0.0,0.12484401923235905
1055,0.33190508350243775,0.1815145626942545,0.0,0.0,0.12484401923235905
1056,0.33190508350243775,0.19727488317592629,0.0,0.0,0.12484401923235905
1057,0.33190508350243775,0.20089934496790943,0.0,0.0,0.12484401923235905
1058,0.33190508350243775,0.20213558138826038,0.0,0.0,0.12484401923235905
1059,0.33190508350243775,0.20089934496790943,0.0,0.0,0.12484401923235905
1060,0.33190508350243775,0.19727488317592629,0.0,0.0,0.12484401923235905
1061,0.33190508350243775,0.1915091970937282,0.0,0.0,0.12484401923235905
1062,0.33190508350243775,0.1839952086995703,0.12288280064937208,0.09178281773466779,0.12484401923235905
1063,0.36883299808534314,0.1752449838850615,0.26453536015415496,0.19758502098826938,0.13873422311158135
1064,0.40390919283351917,0.16585483601088027,0.3899540650827626,0.29126193976086656,0.15192791416785917
1065,0.43537480087685837,0.1564646881366991,0.49144229213403495,0.36706486251683573,0.16376350563957479
1066,0.46165200523913075,0.14771446332219024,0.5627719698766742,0.42034195887799114,0.1736475115492103
1067,0.4814231571695623,0.14020047492803234,0.5995657794722282,0.44782375048777623,0.18108430656844224
1068,0.4936968485532204,0.13443478884583426,0.5995657794722282,0.44782375048777623,0.18570097874165467
1069,0.4978576252536565,0.13081032705385112,0.5627719698766742,0.42034195887799114,0.18726602884853855
1070,0.4936968485532204,0.12957409063350017,0.491442292134035,0.3670648625168358,0.18570097874165467
1071,0.4814231571695623,0.1308103270538511,0.3899540650827626,0.29126193976086656,0.18108430656844224
1072,0.46165200523913075,0.13443478884583426,0.26453536015415485,0.1975850209882693,0.1736475115492103
1073,0.4353748008768584,0.14020047492803228,0.12288280064937217,0.09178281773466786,0.1637635056395748
1074,0.40390919283351917,0.1477144633221902,0.0,0.0,0.15192791416785917
1075,0.36883299808534314,0.15646468813669903,0.0,0.0,0.13873422311158135
1076,0.33190508350243775,0.16585483601088027,0.0,0.0,0.12484401923235905
1077,0.33190508350243775,0.1752449838850615,0.0,0.0,0.12484401923235905
1078,0.33190508350243775,0.1839952086995703,0.0,0.0,0.12484401923235905
1079,0.33190508350243775,0.1915091970937282,0.0,0.0,0.12484401923235905
1080,0.33190508350243775,0.20726951757540027,0.0,0.0,0.12484401923235905
1081,0.33190508350243775,0.2108939793673834,0.0,0.0,0.12484401923235905
1082,0.33190508350243775,0.21213021578773436,0.0,0.0,0.12484401923235905
1083,0.33190508350243775,0.2108939793673834,0.0,0.0,0.12484401923235905
1084,0.33190508350243775,0.20726951757540027,0.0,0.0,0.12484401923235905
1085,0.33190508350243775,0.2015038314932022,0.0,0.0,0.12484401923235905
1086,0.33190508350243775,0.1939898430990443,0.12339032997049167,0.09216189821565582,0.12484401923235905
1087,0.36883299808534314,0.18523961828453545,0.2649166360333756,0.1978698010742066,0.13873422311158135
1088,0.40390919283351917,0.17584947041035423,0.3902060006769997,0.29145011384710595,0.15192791416785917
1089,0.43537480087685837,0.16645932253617302,0.49157934377776386,0.36716722823417075,0.16376350563957479
1090,0.46165200523913075,0.15770909772166422,0.5628234162998688,0.4203803849039135,0.1736475115492103
1091,0.4814231571695623,0.15019510932750627,0.5995716150381263,0.44782810915048876,0.18108430656844224
1092,0.4936968485532204,0.14442942324530825,0.5995716150381264,0.4478281091504888,0.18570097874165467
1093,0.4978576252536565,0.14080496145332505,0.5628234162998689,0.42038038490391355,0.18726602884853855
1094,0.4936968485532204,0.13956872503297416,0.49157934377776386,0.36716722823417075,0.18570097874165467
1095,0.4814231571695623,0.14080496145332505,0.3902060006769995,0.29145011384710584,0.18108430656844224
1096,0.46165200523913075,0.14442942324530825,0.2649166360333754,0.19786980107420643,0.1736475115492103
1097,0.4353748008768584,0.15019510932750627,0.12339032997049176,0.09216189821565589,0.1637635056395748
1098,0.40390919283351917,0.15770909772166417,0.0,0.0,0.15192791416785917
1099,0.36883299808534314,0.16645932253617302,0.0,0.0,0.13873422311158135
1100,0.33190508350243775,0.17584947041035423,0.0,0.0,0.12484401923235905
1101,0.33190508350243775,0.18523961828453545,0.0,0.0,0.12484401923235905
1102,0.33190508350243775,0.1939898430990443,0.0,0.0,0.12484401923235905
1103,0.33190508350243775,0.2015038314932022,0.0,0.0,0.12484401923235905
1104,0.33190508350243775,0.2125875514613718,0.0,0.0,0.12484401923235905
1105,0.33190508350243775,0.21621201325335496,0.0,0.0,0.12484401923235905
1106,0.33190508350243775,0.21744824967370588,0.0,0.0,0.12484401923235905
1107,0.33190508350243775,0.21621201325335496,0.0,0.0,0.12484401923235905
1108,0.33190508350243775,0.2125875514613718,0.0,0.0,0.12484401923235905
1109,0.33190508350243775,0.20682186537917374,0.0,0.0,0.12484401923235905
1110,0.33190508350243775,0.1993078769850158,0.12388472593725823,0.0925311692175104,0.12484401923235905
1111,0.36883299808534314,0.190557652170507,0.2652879856940264,0.198147167133893,0.13873422311158135
1112,0.40390919283351917,0.18116750429632578,0.39045134841369467,0.29163336737387857,0.15192791416785917
1113,0.43537480087685837,0.1717773564221446,0.4917128006128137,0.36726690894051933,0.16376350563957479
1114,0.46165200523913075,0.16302713160763574,0.5628735106585121,0.4204178010546246,0.1736475115492103
1115,0.4814231571695623,0.1555131432134778,0.5995772970930967,0.4478323531538233,0.18108430656844224
1116,0.4936968485532204,0.14974745713127977,0.5995772970930967,0.4478323531538233,0.18570097874165467
1117,0.4978576252536565,0.14612299533929662,0.5628735106585122,0.4204178010546247,0.18726602884853855
1118,0.4936968485532204,0.14488675891894567,0.4917128006128137,0.36726690894051933,0.18570097874165467
1119,0.4814231571695623,0.1461229953392966,0.39045134841369467,0.29163336737387857,0.18108430656844224
1120,0.46165200523913075,0.14974745713127977,0.2652879856940264,0.19814716713389297,0.1736475115492103
1121,0.4353748008768584,0.15551314321347778,0.12388472593725793,0.09253116921751017,0.1637635056395748
1122,0.40390919283351917,0.1630271316076357,0.0,0.0,0.15192791416785917
1123,0.36883299808534314,0.17177735642214453,0.0,0.0,0.13873422311158135
1124,0.33190508350243775,0.18116750429632578,0.0,0.0,0.12484401923235905
1125,0.33190508350243775,0.190557652170507,0.0,0.0,0.12484401923235905
1126,0.33190508350243775,0.1993078769850158,0.0,0.0,0.12484401923235905
1127,0.33190508350243775,0.20682186537917374,0.0,0.0,0.12484401923235905
1128,0.33190508350243775,0.21074061767523186,0.0,0.0,0.12484401923235905
1129,0.33190508350243775,0.214365079467215,0.0,0.0,0.12484401923235905
1130,0.33190508350243775,0.21560131588756598,0.0,0.0,0.12484401923235905
1131,0.33190508350243775,0.214365079467215,0.0,0.0,0.12484401923235905
1132,0.33190508350243775,0.21074061767523186,0.0,0.0,0.12484401923235905
1133,0.33190508350243775,0.20497493159303382,0.0,0.0,0.12484401923235905
1134,0.33190508350243775,0.19746094319887592,0.1243658955710189,0.09289056129322427,0.12484401923235905
1135,0.36883299808534314,0.1887107183843671,0.2656493440805155,0.19841707057643135,0.13873422311158135
1136,0.40390919283351917,0.17932057051018588,0.3906900676224749,0.29181166996393554,0.15192791416785917
1137,0.43537480087685837,0.16993042263600466,0.4918426414010492,0.3673638887728325,0.16376350563957479
1138,0.46165200523913075,0.16118019782149584,0.5629222451926814,0.4204542015341336,0.1736475115492103
1139,0.4814231571695623,0.1536662094273379,0.5995828247686845,0.447836481849119,0.18108430656844224
1140,0.4936968485532204,0.14790052334513984,0.5995828247686845,0.447836481849119,0.18570097874165467
1141,0.4978576252536565,0.1442760615531567,0.5629222451926814,0.4204542015341336,0.18726602884853855
1142,0.4936968485532204,0.14303982513280578,0.49184264140104933,0.36736388877283255,0.18570097874165467
1143,0.4814231571695623,0.14427606155315667,0.3906900676224749,0.29181166996393554,0.18108430656844224
1144,0.46165200523913075,0.14790052334513984,0.26564934408051566,0.1984170705764315,0.1736475115492103
1145,0.4353748008768584,0.15366620942733789,0.1243658955710191,0.09289056129322441,0.1637635056395748
1146,0.40390919283351917,0.1611801978214958,0.0,0.0,0.15192791416785917
1147,0.36883299808534314,0.16993042263600464,0.0,0.0,0.13873422311158135
1148,0.33190508350243775,0.17932057051018588,0.0,0.0,0.12484401923235905
1149,0.33190508350243775,0.1887107183843671,0.0,0.0,0.12484401923235905
1150,0.33190508350243775,0.19746094319887592,0.0,0.0,0.12484401923235905
1151,0.33190508350243775,0.20497493159303382,0.0,0.0,0.12484401923235905
1152,0.33190508350243775,0.20259291706189803,0.0,0.0,0.12484401923235905
1153,0.33190508350243775,0.20621737885388117,0.0,0.0,0.12484401923235905
1154,0.33190508350243775,0.2074536152742321,0.0,0.0,0.12484401923235905
1155,0.33190508350243775,0.20621737885388117,0.0,0.0,0.12484401923235905
1156,0.33190508350243775,0.20259291706189803,0.0,0.0,0.12484401923235905
1157,0.33190508350243775,0.19682723097969995,0.0,0.0,0.12484401923235905
1158,0.33190508350243775,0.18931324258554202,0.12483374891030971,0.09324000724936918,0.12484401923235905
1159,0.36883299808534314,0.1805630177710332,0.26600064831098874,0.1986794644345185,0.13873422311158135
1160,0.40390919283351917,0.171172869896852,0.39092211902387447,0.29198499227891517,0.15192791416785917
1161,0.43537480087685837,0.16178272202267077,0.49196884564343546,0.36745815242010504,0.16376350563957479
1162,0.46165200523913075,0.15303249720816195,0.5629696124156638,0.4204895807505139,0.1736475115492103
1163,0.4814231571695623,0.14551850881400405,0.5995881972271897,0.44784049461068665,0.18108430656844224
1164,0.4936968485532204,0.139752822731806,0.5995881972271897,0.44784049461068665,0.18570097874165467
1165,0.4978576252536565,0.13612836093982286,0.5629696124156639,0.42048958075051396,0.18726602884853855
1166,0.4936968485532204,0.13489212451947188,0.49196884564343546,0.36745815242010504,0.18570097874165467
1167,0.4814231571695623,0.1361283609398228,0.39092211902387464,0.2919849922789153,0.18108430656844224
1168,0.46165200523913075,0.139752822731806,0.266000648310989,0.19867946443451873,0.1736475115492103
1169,0.4353748008768584,0.14551850881400402,0.12483374891030993,0.09324000724936934,0.1637635056395748
1170,0.40390919283351917,0.15303249720816192,0.0,0.0,0.15192791416785917
1171,0.36883299808534314,0.16178272202267074,0.0,0.0,0.13873422311158135
1172,0.33190508350243775,0.171172869896852,0.0,0.0,0.12484401923235905
1173,0.33190508350243775,0.1805630177710332,0.0,0.0,0.12484401923235905
1174,0.33190508350243775,0.18931324258554202,0.0,0.0,0.12484401923235905
1175,0.33190508350243775,0.19682723097969995,0.0,0.0,0.12484401923235905
1176,0.33190508350243775,0.1919568492899549,0.0,0.0,0.12484401923235905
1177,0.33190508350243775,0.19558131108193808,0.0,0.0,0.12484401923235905
1178,0.33190508350243775,0.196817547502289,0.0,0.0,0.12484401923235905
1179,0.33190508350243775,0.19558131108193808,0.0,0.0,0.12484401923235905
1180,0.33190508350243775,0.1919568492899549,0.0,0.0,0.12484401923235905
1181,0.33190508350243775,0.18619116320775686,0.0,0.0,0.12484401923235905
1182,0.33190508350243775,0.17867717481359893,0.12528819898430563,0.09357944212626533,0.12484401923235905
1183,0.36883299808534314,0.1699269499990901,0.26634183765326375,0.19893430334647003,0.13873422311158135
1184,0.40390919283351917,0.1605368021249089,0.3911474647114806,0.29215330600600753,0.15192791416785917
1185,0.43537480087685837,0.15114665425072768,0.49209139356959014,0.36754968511557246,0.16376350563957479
1186,0.46165200523913075,0.14239642943621886,0.5630156051098614,0.42052393331284443,0.1736475115492103
1187,0.4814231571695623,0.13488244104206096,0.5995934136611936,0.44784439083545424,0.18108430656844224
1188,0.4936968485532204,0.12911675495986288,0.5995934136611936,0.44784439083545424,0.18570097874165467
1189,0.4978576252536565,0.12549229316787974,0.5630156051098614,0.42052393331284443,0.18726602884853855
1190,0.4936968485532204,0.1242560567475288,0.4920913935695901,0.3675496851155724,0.18570097874165467
1191,0.4814231571695623,0.12549229316787971,0.3911474647114807,0.29215330600600764,0.18108430656844224
1192,0.46165200523913075,0.12911675495986288,0.26634183765326386,0.19893430334647008,0.1736475115492103
1193,0.4353748008768584,0.13488244104206093,0.12528819898430563,0.09357944212626533,0.1637635056395748
1194,0.40390919283351917,0.14239642943621886,0.0,0.0,0.15192791416785917
1195,0.36883299808534314,0.15114665425072768,0.0,0.0,0.13873422311158135
1196,0.33190508350243775,0.1605368021249089,0.0,0.0,0.12484401923235905
1197,0.33190508350243775,0.1699269499990901,0.0,0.0,0.12484401923235905
1198,0.33190508350243775,0.17867717481359893,0.0,0.0,0.12484401923235905
1199,0.33190508350243775,0.18619116320775686,0.0,0.0,0.12484401923235905
1200,0.33190508350243775,0.18380914867662113,0.0,0.0,0.12484401923235905
1201,0.33190508350243775,0.18743361046860432,0.0,0.0,0.12484401923235905
1202,0.33190508350243775,0.18866984688895524,0.0,0.0,0.12484401923235905
1203,0.33190508350243775,0.18743361046860432,0.0,0.0,0.12484401923235905
1204,0.33190508350243775,0.18380914867662113,0.0,0.0,0.12484401923235905
1205,0.33190508350243775,0.1780434625944231,0.0,0.0,0.12484401923235905
1206,0.33190508350243775,0.17052947420026518,0.12572916178655272,0.0939088031783616,0.12484401923235905
1207,0.36883299808534314,0.16177924938575636,0.2666728535011193,0.1991815435385104,0.13873422311158135
1208,0.40390919283351917,0.15238910151157517,0.3913660681343853,0.2923165838448476,0.15192791416785917
1209,0.43537480087685837,0.14299895363739396,0.4922102661275309,0.3676384726290525,0.16376350563957479
1210,0.46165200523913075,0.1342487288228851,0.563060216322774,0.4205572540282094,0.1736475115492103
1211,0.4814231571695623,0.12673474042872718,0.5995984732930935,0.44784816994261994,0.18108430656844224
1212,0.4936968485532204,0.12096905434652915,0.5995984732930935,0.44784816994261994,0.18570097874165467
1213,0.4978576252536565,0.11734459255454599,0.5630602163227739,0.42055725402820937,0.18726602884853855
1214,0.4936968485532204,0.11610835613419504,0.4922102661275309,0.3676384726290525,0.18570097874165467
1215,0.4814231571695623,0.11734459255454596,0.3913660681343853,0.2923165838448476,0.18108430656844224
1216,0.46165200523913075,0.12096905434652915,0.26667285350111936,0.19918154353851045,0.1736475115492103
1217,0.4353748008768584,0.12673474042872715,0.12572916178655283,0.09390880317836169,0.1637635056395748
1218,0.40390919283351917,0.1342487288228851,0.0,0.0,0.15192791416785917
1219,0.36883299808534314,0.1429989536373939,0.0,0.0,0.13873422311158135
1220,0.33190508350243775,0.15238910151157517,0.0,0.0,0.12484401923235905
1221,0.33190508350243775,0.16177924938575636,0.0,0.0,0.12484401923235905
1222,0.33190508350243775,0.17052947420026518,0.0,0.0,0.12484401923235905
1223,0.33190508350243775,0.1780434625944231,0.0,0.0,0.12484401923235905
1224,0.33190508350243775,0.18196221489048112,0.0,0.0,0.12484401923235905
1225,0.33190508350243775,0.18558667668246429,0.0,0.0,0.12484401923235905
1226,0.33190508350243775,0.18682291310281524,0.0,0.0,0.12484401923235905
1227,0.33190508350243775,0.18558667668246429,0.0,0.0,0.12484401923235905
1228,0.33190508350243775,0.18196221489048112,0.0,0.0,0.12484401923235905
1229,0.33190508350243775,0.1761965288082831,0.0,0.0,0.12484401923235905
1230,0.33190508350243775,0.16868254041412517,0.12615655624903213,0.09422802985486357,0.12484401923235905
1231,0.36883299808534314,0.15993231559961632,0.2669936393509775,0.19942114280735682,0.13873422311158135
1232,0.40390919283351917,0.15054216772543513,0.39157789407996557,0.2924747994946531,0.15192791416785917
1233,0.43537480087685837,0.14115201985125392,0.4923254449736253,0.36772450125943945,0.16376350563957479
1234,0.46165200523913075,0.1324017950367451,0.5631034393630662,0.4205895378987601,0.1736475115492103
1235,0.4814231571695623,0.12488780664258718,0.599603375374648,0.4478518313733121,0.18108430656844224
1236,0.4936968485532204,0.11912212056038911,0.599603375374648,0.4478518313733121,0.18570097874165467
1237,0.4978576252536565,0.11549765876840597,0.5631034393630662,0.42058953789876014,0.18726602884853855
1238,0.4936968485532204,0.11426142234805502,0.4923254449736253,0.36772450125943945,0.18570097874165467
1239,0.4814231571695623,0.11549765876840594,0.3915778940799656,0.29247479949465316,0.18108430656844224
1240,0.46165200523913075,0.11912212056038911,0.2669936393509776,0.1994211428073569,0.1736475115492103
1241,0.4353748008768584,0.12488780664258715,0.12615655624903224,0.09422802985486364,0.1637635056395748
1242,0.40390919283351917,0.13240179503674507,0.0,0.0,0.15192791416785917
1243,0.36883299808534314,0.1411520198512539,0.0,0.0,0.13873422311158135
1244,0.33190508350243775,0.15054216772543513,0.0,0.0,0.12484401923235905
1245,0.33190508350243775,0.15993231559961632,0.0,0.0,0.12484401923235905
1246,0.33190508350243775,0.16868254041412517,0.0,0.0,0.12484401923235905
1247,0.33190508350243775,0.1761965288082831,0.0,0.0,0.12484401923235905
1248,0.33190508350243775,0.18728024877645263,0.0,0.0,0.12484401923235905
1249,0.33190508350243775,0.1909047105684358,0.0,0.0,0.12484401923235905
1250,0.33190508350243775,0.19214094698878675,0.0,0.0,0.12484401923235905
1251,0.33190508350243775,0.1909047105684358,0.0,0.0,0.12484401923235905
1252,0.33190508350243775,0.18728024877645263,0.0,0.0,0.12484401923235905
1253,0.33190508350243775,0.18151456269425462,0.0,0.0,0.12484401923235905
1254,0.33190508350243775,0.1740005743000967,0.12657030421659743,0.09453706378064047,0.12484401923235905
1255,0.36883299808534314,0.16525034948558787,0.26730414077900905,0.19965306050311876,0.13873422311158135
1256,0.40390919283351917,0.15586020161140665,0.3917829086570119,0.2926279276416237,0.15192791416785917
1257,0.43537480087685837,0.14647005373722544,0.49243691246275795,0.3678077578273589,0.16376350563957479
1258,0.46165200523913075,0.13771982892271661,0.5631452677967205,0.42062078011884246,0.1736475115492103
1259,0.4814231571695623,0.1302058405285587,0.599608119186532,0.4478553745902572,0.18108430656844224
1260,0.4936968485532204,0.12444015444636065,0.599608119186532,0.4478553745902572,0.18570097874165467
1261,0.4978576252536565,0.12081569265437751,0.5631452677967206,0.4206207801188425,0.18726602884853855
1262,0.4936968485532204,0.11957945623402655,0.4924369124627579,0.36780775782735886,0.18570097874165467
1263,0.4814231571695623,0.12081569265437749,0.3917829086570119,0.2926279276416237,0.18108430656844224
1264,0.46165200523913075,0.12444015444636065,0.2673041407790091,0.19965306050311882,0.1736475115492103
1265,0.4353748008768584,0.13020584052855866,0.1265703042165976,0.0945370637806406,0.1637635056395748
1266,0.40390919283351917,0.1377198289227166,0.0,0.0,0.15192791416785917
1267,0.36883299808534314,0.1464700537372254,0.0,0.0,0.13873422311158135
1268,0.33190508350243775,0.15586020161140665,0.0,0.0,0.12484401923235905
1269,0.33190508350243775,0.16525034948558787,0.0,0.0,0.12484401923235905
1270,0.33190508350243775,0.1740005743000967,0.0,0.0,0.12484401923235905
1271,0.33190508350243775,0.18151456269425462,0.0,0.0,0.12484401923235905
1272,0.33190508350243775,0.1972748831759264,0.0,0.0,0.12484401923235905
1273,0.33190508350243775,0.20089934496790957,0.0,0.0,0.12484401923235905
1274,0.33190508350243775,0.20213558138826052,0.0,0.0,0.12484401923235905
1275,0.33190508350243775,0.20089934496790957,0.0,0.0,0.12484401923235905
1276,0.33190508350243775,0.1972748831759264,0.0,0.0,0.12484401923235905
1277,0.33190508350243775,0.19150919709372835,0.0,0.0,0.12484401923235905
1278,0.33190508350243775,0.18399520869957045,0.12697033042182984,0.09483584873744413,0.12484401923235905
1279,0.36883299808534314,0.17524498388506163,0.26760430541869246,0.1998772575125364,0.13873422311158135
1280,0.40390919283351917,0.1658548360108804,0.3919810792792228,0.29277594394661216,0.15192791416785917
1281,0.43537480087685837,0.1564646881366992,0.49254465163872185,0.3678882296679918,0.16376350563957479
1282,0.46165200523913075,0.14771446332219038,0.563185695443282,0.42065097607219143,0.1736475115492103
1283,0.4814231571695623,0.14020047492803245,0.5996127040379028,0.44785879907745535,0.18108430656844224
1284,0.4936968485532204,0.13443478884583437,0.5996127040379028,0.44785879907745535,0.18570097874165467
1285,0.4978576252536565,0.13081032705385123,0.563185695443282,0.42065097607219143,0.18726602884853855
1286,0.4936968485532204,0.1295740906335003,0.49254465163872185,0.3678882296679918,0.18570097874165467
1287,0.4814231571695623,0.1308103270538512,0.391981079279223,0.29277594394661227,0.18108430656844224
1288,0.46165200523913075,0.13443478884583437,0.2676043054186927,0.19987725751253657,0.1736475115492103
1289,0.4353748008768584,0.14020047492803242,0.12697033042182984,0.09483584873744415,0.1637635056395748
1290,0.40390919283351917,0.14771446332219035,0.0,0.0,0.15192791416785917
1291,0.36883299808534314,0.15646468813669917,0.0,0.0,0.13873422311158135
1292,0.33190508350243775,0.1658548360108804,0.0,0.0,0.12484401923235905
1293,0.33190508350243775,0.17524498388506163,0.0,0.0,0.12484401923235905
1294,0.33190508350243775,0.18399520869957045,0.0,0.0,0.12484401923235905
1295,0.33190508350243775,0.19150919709372835,0.0,0.0,0.12484401923235905
1296,0.33190508350243775,0.20726951757540016,0.0,0.0,0.12484401923235905
1297,0.33190508350243775,0.21089397936738333,0.0,0.0,0.12484401923235905
1298,0.33190508350243775,0.21213021578773425,0.0,0.0,0.12484401923235905
1299,0.33190508350243775,0.21089397936738333,0.0,0.0,0.12484401923235905
1300,0.33190508350243775,0.20726951757540016,0.0,0.0,0.12484401923235905
1301,0.33190508350243775,0.2015038314932021,0.0,0.0,0.12484401923235905
1302,0.33190508350243775,0.19398984309904418,0.12735656246035357,0.0951243306454718,0.12484401923235905
1303,0.36883299808534314,0.18523961828453536,0.26789408293885814,0.2000936962425818,0.13873422311158135
1304,0.40390919283351917,0.17584947041035415,0.39217237464908866,0.2929188250330872,0.15192791416785917
1305,0.43537480087685837,0.16645932253617293,0.4926486462248465,0.3679659046240738,0.16376350563957479
1306,0.46165200523913075,0.1577090977216641,0.5632247163721973,0.42068012132919674,0.1736475115492103
1307,0.4814231571695623,0.1501951093275062,0.5996171292659763,0.44786210433986445,0.18108430656844224
1308,0.4936968485532204,0.14442942324530814,0.5996171292659763,0.4478621043398645,0.18570097874165467
1309,0.4978576252536565,0.140804961453325,0.5632247163721973,0.42068012132919674,0.18726602884853855
1310,0.4936968485532204,0.13956872503297404,0.49264864622484655,0.36796590462407386,0.18570097874165467
1311,0.4814231571695623,0.14080496145332497,0.39217237464908866,0.2929188250330872,0.18108430656844224
1312,0.46165200523913075,0.14442942324530814,0.26789408293885814,0.20009369624258183,0.1736475115492103
1313,0.4353748008768584,0.15019510932750618,0.12735656246035357,0.09512433064547181,0.1637635056395748
1314,0.40390919283351917,0.15770909772166408,0.0,0.0,0.15192791416785917
1315,0.36883299808534314,0.1664593225361729,0.0,0.0,0.13873422311158135
1316,0.33190508350243775,0.17584947041035415,0.0,0.0,0.12484401923235905
1317,0.33190508350243775,0.18523961828453536,0.0,0.0,0.12484401923235905
1318,0.33190508350243775,0.19398984309904418,0.0,0.0,0.12484401923235905
1319,0.33190508350243775,0.2015038314932021,0.0,0.0,0.12484401923235905
1320,0.33190508350243775,0.21258755146137176,0.0,0.0,0.12484401923235905
1321,0.33190508350243775,0.21621201325335493,0.0,0.0,0.12484401923235905
1322,0.33190508350243775,0.21744824967370585,0.0,0.0,0.12484401923235905
1323,0.33190508350243775,0.21621201325335493,0.0,0.0,0.12484401923235905
1324,0.33190508350243775,0.21258755146137176,0.0,0.0,0.12484401923235905
1325,0.33190508350243775,0.2068218653791737,0.0,0.0,0.12484401923235905
1326,0.33190508350243775,0.19930787698501579,0.12772893076665007,0.09540245754530133,0.12484401923235905
1327,0.36883299808534314,0.19055765217050696,0.2681734250222445,0.20030234060444194,0.13873422311158135
1328,0.40390919283351917,0.18116750429632575,0.39235676474217696,0.2930565484753962,0.15192791416785917
1329,0.43537480087685837,0.17177735642214453,0.49274888061487065,0.3680407710390783,0.16376350563957479
1330,0.46165200523913075,0.1630271316076357,0.5632623248992507,0.42070821164424144,0.1736475115492103
1331,0.4814231571695623,0.15551314321347778,0.5996213942356164,0.4478652899030926,0.18108430656844224
1332,0.4936968485532204,0.14974745713127974,0.5996213942356164,0.44786528990309266,0.18570097874165467
1333,0.4978576252536565,0.1461229953392966,0.5632623248992507,0.42070821164424144,0.18726602884853855
1334,0.4936968485532204,0.14488675891894565,0.49274888061487065,0.3680407710390783,0.18570097874165467
1335,0.4814231571695623,0.14612299533929654,0.392356764742177,0.29305654847539625,0.18108430656844224
1336,0.46165200523913075,0.14974745713127974,0.2681734250222447,0.2003023406044421,0.1736475115492103
1337,0.4353748008768584,0.15551314321347776,0.12772893076665012,0.09540245754530137,0.1637635056395748
1338,0.40390919283351917,0.16302713160763568,0.0,0.0,0.15192791416785917
1339,0.36883299808534314,0.1717773564221445,0.0,0.0,0.13873422311158135
1340,0.33190508350243775,0.18116750429632575,0.0,0.0,0.12484401923235905
1341,0.33190508350243775,0.19055765217050696,0.0,0.0,0.12484401923235905
1342,0.33190508350243775,0.19930787698501579,0.0,0.0,0.12484401923235905
1343,0.33190508350243775,0.2068218653791737,0.0,0.0,0.12484401923235905
1344,0.33190508350243775,0.21074061767523183,0.0,0.0,0.12484401923235905
1345,0.33190508350243775,0.21436507946721498,0.0,0.0,0.12484401923235905
1346,0.33190508350243775,0.21560131588756595,0.0,0.0,0.12484401923235905
1347,0.33190508350243775,0.21436507946721498,0.0,0.0,0.12484401923235905
1348,0.33190508350243775,0.21074061767523183,0.0,0.0,0.12484401923235905
1349,0.33190508350243775,0.2049749315930338,0.0,0.0,0.12484401923235905
1350,0.33190508350243775,0.1974609431988759,0.12808736859041098,0.09567017958022897,0.12484401923235905
1351,0.36883299808534314,0.18871071838436704,0.2684422853445952,0.20050315599790622,0.13873422311158135
1352,0.40390919283351917,0.17932057051018585,0.3925342207918426,0.29318909278734473,0.15192791416785917
1353,0.43537480087685837,0.16993042263600464,0.49284533986406925,0.36811281775058907,0.16376350563957479
1354,0.46165200523913075,0.1611801978214958,0.563298515583104,0.42073524295311665,0.1736475115492103
1355,0.4814231571695623,0.15366620942733789,0.5996254983389342,0.4478683553130995,0.18108430656844224
1356,0.4936968485532204,0.1479005233451398,0.5996254983389342,0.4478683553130995,0.18570097874165467
1357,0.4978576252536565,0.14427606155315667,0.5632985155831041,0.4207352429531167,0.18726602884853855
1358,0.4936968485532204,0.14303982513280575,0.4928453398640695,0.36811281775058924,0.18570097874165467
1359,0.4814231571695623,0.14427606155315664,0.39253422079184275,0.29318909278734484,0.18108430656844224
1360,0.46165200523913075,0.1479005233451398,0.2684422853445953,0.2005031559979063,0.1736475115492103
1361,0.4353748008768584,0.15366620942733786,0.12808736859041123,0.09567017958022915,0.1637635056395748
1362,0.40390919283351917,0.16118019782149579,0.0,0.0,0.15192791416785917
1363,0.36883299808534314,0.1699304226360046,0.0,0.0,0.13873422311158135
1364,0.33190508350243775,0.17932057051018585,0.0,0.0,0.12484401923235905
1365,0.33190508350243775,0.18871071838436704,0.0,0.0,0.12484401923235905
1366,0.33190508350243775,0.1974609431988759,0.0,0.0,0.12484401923235905
1367,0.33190508350243775,0.2049749315930338,0.0,0.0,0.12484401923235905
1368,0.33190508350243775,0.20259291706189814,0.0,0.0,0.12484401923235905
1369,0.33190508350243775,0.20621737885388128,0.0,0.0,0.12484401923235905
1370,0.33190508350243775,0.20745361527423223,0.0,0.0,0.12484401923235905
1371,0.33190508350243775,0.20621737885388128,0.0,0.0,0.12484401923235905
1372,0.33190508350243775,0.20259291706189814,0.0,0.0,0.12484401923235905
1373,0.33190508350243775,0.1968272309797001,0.0,0.0,0.12484401923235905
1374,0.33190508350243775,0.18931324258554216,0.1284318119734659,0.09592744897903642,0.12484401923235905
1375,0.36883299808534314,0.1805630177710333,0.26870061955432206,0.20069610929617654,0.13873422311158135
1376,0.40390919283351917,0.17117286989685213,0.3927047152743749,0.29331643741110275,0.15192791416785917
1377,0.43537480087685837,0.1617827220226709,0.49293800968064366,0.3681820340838693,0.16376350563957479
1378,0.46165200523913075,0.1530324972081621,0.5633332832219377,0.4207612113705133,0.1736475115492103
1379,0.4814231571695623,0.1455185088140042,0.5996294409949007,0.44787130013590665,0.18108430656844224
1380,0.4936968485532204,0.13975282273180611,0.5996294409949007,0.44787130013590665,0.18570097874165467
1381,0.4978576252536565,0.13612836093982297,0.5633332832219377,0.4207612113705133,0.18726602884853855
1382,0.4936968485532204,0.13489212451947202,0.4929380096806436,0.36818203408386924,0.18570097874165467
1383,0.4814231571695623,0.13612836093982295,0.3927047152743749,0.29331643741110275,0.18108430656844224
1384,0.46165200523913075,0.13975282273180611,0.26870061955432206,0.20069610929617657,0.1736475115492103
1385,0.4353748008768584,0.14551850881400416,0.12843181197346598,0.09592744897903649,0.1637635056395748
1386,0.40390919283351917,0.15303249720816206,0.0,0.0,0.15192791416785917
1387,0.36883299808534314,0.16178272202267088,0.0,0.0,0.13873422311158135
1388,0.33190508350243775,0.17117286989685213,0.0,0.0,0.12484401923235905
1389,0.33190508350243775,0.1805630177710333,0.0,0.0,0.12484401923235905
1390,0.33190508350243775,0.18931324258554216,0.0,0.0,0.12484401923235905
1391,0.33190508350243775,0.1968272309797001,0.0,0.0,0.12484401923235905
1392,0.33190508350243775,0.19195684928995504,0.0,0.0,0.12484401923235905
1393,0.33190508350243775,0.1955813110819382,0.0,0.0,0.12484401923235905
1394,0.33190508350243775,0.1968175475022891,0.0,0.0,0.12484401923235905
1395,0.33190508350243775,0.1955813110819382,0.0,0.0,0.12484401923235905
1396,0.33190508350243775,0.19195684928995504,0.0,0.0,0.12484401923235905
1397,0.33190508350243775,0.18619116320775697,0.0,0.0,0.12484401923235905
1398,0.33190508350243775,0.17867717481359904,0.12876219972732245,0.09617422003921519,0.12484401923235905
1399,0.36883299808534314,0.16992694999909022,0.26894838525276077,0.20088116883111987,0.13873422311158135
1400,0.40390919283351917,0.160536802124909,0.39286822189459986,0.29343856270645097,0.15192791416785917
1401,0.43537480087685837,0.1511466542507278,0.493026876417383,0.3682484098456335,0.16376350563957479
1402,0.46165200523913075,0.14239642943621897,0.563366622850202,0.42078611318759557,0.1736475115492103
1403,0.4814231571695623,0.13488244104206107,0.5996332216489715,0.4478741239573175,0.18108430656844224
1404,0.4936968485532204,0.12911675495986302,0.5996332216489716,0.44787412395731757,0.18570097874165467
1405,0.4978576252536565,0.12549229316787985,0.563366622850202,0.42078611318759557,0.18726602884853855
1406,0.4936968485532204,0.12425605674752892,0.4930268764173829,0.36824840984563345,0.18570097874165467
1407,0.4814231571695623,0.12549229316787983,0.3928682218945998,0.2934385627064509,0.18108430656844224
1408,0.46165200523913075,0.12911675495986302,0.2689483852527608,0.2008811688311199,0.1736475115492103
1409,0.4353748008768584,0.13488244104206104,0.1287621997273222,0.09617422003921501,0.1637635056395748
1410,0.40390919283351917,0.14239642943621894,0.0,0.0,0.15192791416785917
1411,0.36883299808534314,0.15114665425072776,0.0,0.0,0.13873422311158135
1412,0.33190508350243775,0.160536802124909,0.0,0.0,0.12484401923235905
1413,0.33190508350243775,0.16992694999909022,0.0,0.0,0.12484401923235905
1414,0.33190508350243775,0.17867717481359904,0.0,0.0,0.12484401923235905
1415,0.33190508350243775,0.18619116320775697,0.0,0.0,0.12484401923235905
1416,0.33190508350243775,0.18380914867662113,0.0,0.0,0.12484401923235905
1417,0.33190508350243775,0.18743361046860427,0.0,0.0,0.12484401923235905
1418,0.33190508350243775,0.1886698468889552,0.0,0.0,0.12484401923235905
1419,0.33190508350243775,0.18743361046860427,0.0,0.0,0.12484401923235905
1420,0.33190508350243775,0.18380914867662113,0.0,0.0,0.12484401923235905
1421,0.33190508350243775,0.17804346259442305,0.0,0.0,0.12484401923235905
1422,0.33190508350243775,0.17052947420026512,0.12907847341135106,0.09641044911067247,0.12484401923235905
1423,0.36883299808534314,0.1617792493857563,0.2691855419750426,0.20105830437898103,0.13873422311158135
1424,0.40390919283351917,0.1523891015115751,0.3930247155719515,0.293555449940377,0.15192791416785917
1425,0.43537480087685837,0.1429989536373939,0.49311192706360385,0.36831193531802714,0.16376350563957479
1426,0.46165200523913075,0.13424872882288508,0.5633985297354771,0.42080994486965534,0.1736475115492103
1427,0.4814231571695623,0.12673474042872715,0.599636839772725,0.44787682638264675,0.18108430656844224
1428,0.4936968485532204,0.12096905434652906,0.599636839772725,0.44787682638264675,0.18570097874165467
1429,0.4978576252536565,0.11734459255454592,0.5633985297354772,0.4208099448696554,0.18726602884853855
1430,0.4936968485532204,0.11610835613419498,0.49311192706360407,0.3683119353180273,0.18570097874165467
1431,0.4814231571695623,0.11734459255454589,0.3930247155719516,0.29355544994037713,0.18108430656844224
1432,0.46165200523913075,0.12096905434652906,0.26918554197504246,0.20105830437898095,0.1736475115492103
1433,0.4353748008768584,0.12673474042872712,0.12907847341135115,0.09641044911067254,0.1637635056395748
1434,0.40390919283351917,0.13424872882288502,0.0,0.0,0.15192791416785917
1435,0.36883299808534314,0.14299895363739387,0.0,0.0,0.13873422311158135
1436,0.33190508350243775,0.1523891015115751,0.0,0.0,0.12484401923235905
1437,0.33190508350243775,0.1617792493857563,0.0,0.0,0.12484401923235905
1438,0.33190508350243775,0.17052947420026512,0.0,0.0,0.12484401923235905
1439,0.33190508350243775,0.17804346259442305,0.0,0.0,0.12484401923235905
1440,0.33190508350243775,0.18196221489048112,0.0,0.0,0.12484401923235905
1441,0.33190508350243775,0.18558667668246426,0.0,0.0,0.12484401923235905
1442,0.33190508350243775,0.1868229131028152,0.0,0.0,0.12484401923235905
1443,0.33190508350243775,0.18558667668246426,0.0,0.0,0.12484401923235905
1444,0.33190508350243775,0.18196221489048112,0.0,0.0,0.12484401923235905
1445,0.33190508350243775,0.17619652880828304,0.0,0.0,0.12484401923235905
1446,0.33190508350243775,0.16868254041412514,0.12938057731164845,0.096636094579944,0.12484401923235905
1447,0.36883299808534314,0.1599323155996163,0.2694120511716044,0.20122748714657254,0.13873422311158135
1448,0.40390919283351917,0.1505421677254351,0.39317417242702746,0.29366708127703395,0.15192791416785917
1449,0.43537480087685837,0.1411520198512539,0.49319314923737784,0.36837260125282123,0.16376350563957479
1450,0.46165200523913075,0.13240179503674507,0.5634289993754477,0.4208327030538526,0.1736475115492103
1451,0.4814231571695623,0.12488780664258715,0.5996402948635121,0.4478794070364591,0.18108430656844224
1452,0.4936968485532204,0.11912212056038911,0.5996402948635121,0.4478794070364591,0.18570097874165467
1453,0.4978576252536565,0.11549765876840595,0.5634289993754477,0.4208327030538526,0.18726602884853855
1454,0.4936968485532204,0.114261422348055,0.49319314923737806,0.3683726012528214,0.18570097874165467
1455,0.4814231571695623,0.11549765876840593,0.3931741724270276,0.29366708127703406,0.18108430656844224
1456,0.46165200523913075,0.11912212056038911,0.26941205117160455,0.20122748714657268,0.1736475115492103
1457,0.4353748008768584,0.12488780664258713,0.12938057731164834,0.09663609457994393,0.1637635056395748
1458,0.40390919283351917,0.13240179503674504,0.0,0.0,0.15192791416785917
1459,0.36883299808534314,0.14115201985125386,0.0,0.0,0.13873422311158135
1460,0.33190508350243775,0.1505421677254351,0.0,0.0,0.12484401923235905
1461,0.33190508350243775,0.1599323155996163,0.0,0.0,0.12484401923235905
1462,0.33190508350243775,0.16868254041412514,0.0,0.0,0.12484401923235905
1463,0.33190508350243775,0.17619652880828304,0.0,0.0,0.12484401923235905
1464,0.4295242257090371,0.2298439416801918,0.0,0.0,0.161562848418347
1465,0.4295242257090371,0.23429214478853475,0.0,0.0,0.161562848418347
1466,0.4295242257090371,0.2358093440316927,0.0,0.0,0.161562848418347
1467,0.4295242257090371,0.23429214478853475,0.0,0.0,0.161562848418347
1468,0.4295242257090371,0.2298439416801918,0.0,0.0,0.161562848418347
1469,0.4295242257090371,0.22276787239749418,0.0,0.0,0.161562848418347
1470,0.4295242257090371,0.21354615936830035,0.11814237322766766,0.0882421286900538,0.161562848418347
1471,0.4773132916398559,0.20280724709594863,0.2456609538623286,0.18348747289058434,0.17953840637969354
1472,0.5227060142551425,0.19128297470490804,0.35835509690031836,0.2676602451220191,0.19661259480546484
1473,0.5634262128994638,0.17975870231386748,0.4494242617400024,0.335681030077752,0.2119292425923909
1474,0.5974320067800517,0.16901979004151574,0.5133728694954358,0.3834451059206369,0.22472030906368395
1475,0.6230182033959042,0.15979807701232193,0.5463419343157552,0.4080701441790018,0.23434439673563112
1476,0.63890180401005,0.15272200772962433,0.5463419343157552,0.4080701441790018,0.2403189136656708
1477,0.6442863385635555,0.14827380462128134,0.5133728694954358,0.3834451059206369,0.2423442726275205
1478,0.63890180401005,0.14675660537812338,0.4494242617400025,0.3356810300777521,0.2403189136656708
1479,0.6230182033959042,0.1482738046212813,0.3583550969003185,0.2676602451220192,0.23434439673563112
1480,0.5974320067800517,0.15272200772962433,0.2456609538623286,0.18348747289058434,0.22472030906368395
1481,0.5634262128994639,0.1597980770123219,0.11814237322766795,0.08824212869005402,0.21192924259239093
1482,0.5227060142551425,0.16901979004151568,0.0,0.0,0.19661259480546484
1483,0.4773132916398559,0.17975870231386745,0.0,0.0,0.17953840637969354
1484,0.4295242257090371,0.19128297470490804,0.0,0.0,0.161562848418347
1485,0.4295242257090371,0.20280724709594863,0.0,0.0,0.161562848418347
1486,0.4295242257090371,0.21354615936830035,0.0,0.0,0.161562848418347
1487,0.4295242257090371,0.22276787239749418,0.0,0.0,0.161562848418347
1488,0.4295242257090371,0.242110083897728,0.0,0.0,0.161562848418347
1489,0.4295242257090371,0.246558287006071,0.0,0.0,0.161562848418347
1490,0.4295242257090371,0.24807548624922893,0.0,0.0,0.161562848418347
1491,0.4295242257090371,0.246558287006071,0.0,0.0,0.161562848418347
1492,0.4295242257090371,0.242110083897728,0.0,0.0,0.161562848418347
1493,0.4295242257090371,0.23503401461503037,0.0,0.0,0.161562848418347
1494,0.4295242257090371,0.2258123015858366,0.11839166051349108,0.0884283247190944,0.161562848418347
1495,0.4773132916398559,0.21507338931348483,0.24584782828092994,0.18362705190905657,0.17953840637969354
1496,0.5227060142551425,0.20354911692244426,0.3584783850963776,0.26775233073504173,0.19661259480546484
1497,0.5634262128994638,0.1920248445314037,0.44949125625114944,0.33573106917983414,0.2119292425923909
1498,0.5974320067800517,0.18128593225905193,0.5133980002617501,0.3834638764282422,0.22472030906368395
1499,0.6230182033959042,0.17206421922985815,0.5463447839235719,0.4080722725894342,0.23434439673563112
1500,0.63890180401005,0.16498814994716052,0.5463447839235719,0.4080722725894342,0.2403189136656708
1501,0.6442863385635555,0.16053994683881756,0.5133980002617501,0.3834638764282422,0.2423442726275205
1502,0.63890180401005,0.1590227475956596,0.44949125625114966,0.3357310691798343,0.2403189136656708
1503,0.6230182033959042,0.1605399468388175,0.35847838509637775,0.26775233073504184,0.23434439673563112
1504,0.5974320067800517,0.16498814994716052,0.24584782828092988,0.18362705190905654,0.22472030906368395
1505,0.5634262128994639,0.1720642192298581,0.1183916605134913,0.08842832471909456,0.21192924259239093
1506,0.5227060142551425,0.1812859322590519,0.0,0.0,0.19661259480546484
1507,0.4773132916398559,0.19202484453140364,0.0,0.0,0.17953840637969354
1508,0.4295242257090371,0.20354911692244426,0.0,0.0,0.161562848418347
1509,0.4295242257090371,0.21507338931348483,0.0,0.0,0.161562848418347
1510,0.4295242257090371,0.2258123015858366,0.0,0.0,0.161562848418347
1511,0.4295242257090371,0.23503401461503037,0.0,0.0,0.161562848418347
1512,0.4295242257090371,0.25437622611526395,0.0,0.0,0.161562848418347
1513,0.4295242257090371,0.2588244292236069,0.0,0.0,0.161562848418347
1514,0.4295242257090371,0.26034162846676484,0.0,0.0,0.161562848418347
1515,0.4295242257090371,0.2588244292236069,0.0,0.0,0.161562848418347
1516,0.4295242257090371,0.25437622611526395,0.0,0.0,0.161562848418347
1517,0.4295242257090371,0.24730015683256631,0.0,0.0,0.161562848418347
1518,0.4295242257090371,0.2380784438033725,0.11862789999063332,0.08860477516421525,0.161562848418347
1519,0.4773132916398559,0.22733953153102077,0.24602490656276402,0.18375931406112717,0.17953840637969354
1520,0.5227060142551425,0.21581525913998018,0.3585952031458455,0.26783958370849104,0.19661259480546484
1521,0.5634262128994638,0.2042909867489396,0.44955473212499214,0.3357784801643549,0.2119292425923909
1522,0.5974320067800517,0.19355207447658787,0.5134218104634897,0.3834816605883927,0.22472030906368395
1523,0.6230182033959042,0.18433036144739406,0.5463474837542313,0.4080742891292918,0.23434439673563112
1524,0.63890180401005,0.17725429216469646,0.5463474837542314,0.40807428912929183,0.2403189136656708
1525,0.6442863385635555,0.17280608905635347,0.5134218104634898,0.3834816605883928,0.2423442726275205
1526,0.63890180401005,0.1712888898131955,0.44955473212499214,0.3357784801643549,0.2403189136656708
1527,0.6230182033959042,0.17280608905635345,0.35859520314584564,0.26783958370849115,0.23434439673563112
1528,0.5974320067800517,0.17725429216469646,0.24602490656276393,0.1837593140611271,0.22472030906368395
1529,0.5634262128994639,0.18433036144739404,0.11862789999063343,0.08860477516421533,0.21192924259239093
1530,0.5227060142551425,0.19355207447658784,0.0,0.0,0.19661259480546484
1531,0.4773132916398559,0.20429098674893958,0.0,0.0,0.17953840637969354
1532,0.4295242257090371,0.21581525913998018,0.0,0.0,0.161562848418347
1533,0.4295242257090371,0.22733953153102077,0.0,0.0,0.161562848418347
1534,0.4295242257090371,0.2380784438033725,0.0,0.0,0.161562848418347
1535,0.4295242257090371,0.24730015683256631,0.0,0.0,0.161562848418347
1536,0.4295242257090371,0.260902904066229,0.0,0.0,0.161562848418347
1537,0.4295242257090371,0.26535110717457194,0.0,0.0,0.161562848418347
1538,0.4295242257090371,0.26686830641772996,0.0,0.0,0.161562848418347
1539,0.4295242257090371,0.26535110717457194,0.0,0.0,0.161562848418347
1540,0.4295242257090371,0.260902904066229,0.0,0.0,0.161562848418347
1541,0.4295242257090371,0.25382683478353135,0.0,0.0,0.161562848418347
1542,0.4295242257090371,0.24460512175433763,0.11885105065569589,0.08877144939942615,0.161562848418347
1543,0.4773132916398559,0.23386620948198586,0.24619216040898878,0.18388423821001007,0.17953840637969354
1544,0.5227060142551425,0.22234193709094527,0.3587055335562536,0.2679219909770068,0.19661259480546484
1545,0.5634262128994638,0.2108176646999047,0.44961468030629675,0.3358232562678383,0.2119292425923909
1546,0.5974320067800517,0.20007875242755296,0.5134442968117128,0.38349845594453347,0.22472030906368395
1547,0.6230182033959042,0.19085703939835916,0.5463500334407596,0.40807619352447705,0.23434439673563112
1548,0.63890180401005,0.18378097011566155,0.5463500334407596,0.40807619352447705,0.2403189136656708
1549,0.6442863385635555,0.17933276700731857,0.5134442968117128,0.38349845594453347,0.2423442726275205
1550,0.63890180401005,0.1778155677641606,0.4496146803062967,0.33582325626783827,0.2403189136656708
1551,0.6230182033959042,0.17933276700731854,0.35870553355625373,0.26792199097700686,0.23434439673563112
1552,0.5974320067800517,0.18378097011566155,0.24619216040898884,0.1838842382100101,0.22472030906368395
1553,0.5634262128994639,0.19085703939835913,0.11885105065569607,0.08877144939942629,0.21192924259239093
1554,0.5227060142551425,0.2000787524275529,0.0,0.0,0.19661259480546484
1555,0.4773132916398559,0.21081766469990468,0.0,0.0,0.17953840637969354
1556,0.4295242257090371,0.22234193709094527,0.0,0.0,0.161562848418347
1557,0.4295242257090371,0.23386620948198586,0.0,0.0,0.161562848418347
1558,0.4295242257090371,0.24460512175433763,0.0,0.0,0.161562848418347
1559,0.4295242257090371,0.25382683478353135,0.0,0.0,0.161562848418347
1560,0.4295242257090371,0.25863621260142106,0.0,0.0,0.161562848418347
1561,0.4295242257090371,0.26308441570976404,0.0,0.0,0.161562848418347
1562,0.4295242257090371,0.264601614952922,0.0,0.0,0.161562848418347
1563,0.4295242257090371,0.26308441570976404,0.0,0.0,0.161562848418347
1564,0.4295242257090371,0.25863621260142106,0.0,0.0,0.161562848418347
1565,0.4295242257090371,0.25156014331872345,0.0,0.0,0.161562848418347
1566,0.4295242257090371,0.24233843028952964,0.11906107390356671,0.0889283185900493,0.161562848418347
1567,0.4773132916398559,0.2315995180171779,0.24634956319099005,0.18400180446643494,0.17953840637969354
1568,0.5227060142551425,0.22007524562613734,0.35880935987530754,0.26799954025214884,0.19661259480546484
1569,0.5634262128994638,0.20855097323509675,0.4496710922814144,0.33586539113132535,0.2119292425923909
1570,0.5974320067800517,0.197812060962745,0.5134654562149644,0.38351426018761514,0.22472030906368395
1571,0.6230182033959042,0.1885903479335512,0.5463524326382625,0.4080779855173837,0.23434439673563112
1572,0.63890180401005,0.1815142786508536,0.5463524326382625,0.4080779855173837,0.2403189136656708
1573,0.6442863385635555,0.17706607554251064,0.5134654562149644,0.38351426018761514,0.2423442726275205
1574,0.63890180401005,0.17554887629935265,0.44967109228141444,0.3358653911313254,0.2403189136656708
1575,0.6230182033959042,0.1770660755425106,0.35880935987530765,0.26799954025214895,0.23434439673563112
1576,0.5974320067800517,0.1815142786508536,0.24634956319099038,0.1840018044664352,0.22472030906368395
1577,0.5634262128994639,0.18859034793355117,0.11906107390356686,0.0889283185900494,0.21192924259239093
1578,0.5227060142551425,0.19781206096274498,0.0,0.0,0.19661259480546484
1579,0.4773132916398559,0.20855097323509672,0.0,0.0,0.17953840637969354
1580,0.4295242257090371,0.22007524562613734,0.0,0.0,0.161562848418347
1581,0.4295242257090371,0.2315995180171779,0.0,0.0,0.161562848418347
1582,0.4295242257090371,0.24233843028952964,0.0,0.0,0.161562848418347
1583,0.4295242257090371,0.25156014331872345,0.0,0.0,0.161562848418347
1584,0.4295242257090371,0.2486367618486933,0.0,0.0,0.161562848418347
1585,0.4295242257090371,0.25308496495703625,0.0,0.0,0.161562848418347
1586,0.4295242257090371,0.25460216420019427,0.0,0.0,0.161562848418347
1587,0.4295242257090371,0.25308496495703625,0.0,0.0,0.161562848418347
1588,0.4295242257090371,0.2486367618486933,0.0,0.0,0.161562848418347
1589,0.4295242257090371,0.24156069256599566,0.0,0.0,0.161562848418347
1590,0.4295242257090371,0.23233897953680185,0.11925793351242457,0.08907535568151886,0.161562848418347
1591,0.4773132916398559,0.22160006726445014,0.24649708993741615,0.18411199417896315,0.17953840637969354
1592,0.5227060142551425,0.21007579487340955,0.3589066666815225,0.26807222001540276,0.19661259480546484
1593,0.5634262128994638,0.19855152248236896,0.44972396007288884,0.3359048787963468,0.2119292425923909
1594,0.5974320067800517,0.18781261021001724,0.5134852857771827,0.38352907115453005,0.22472030906368395
1595,0.6230182033959042,0.17859089718082344,0.5463546810236841,0.4080796648667171,0.23434439673563112
1596,0.63890180401005,0.1715148278981258,0.5463546810236841,0.4080796648667171,0.2403189136656708
1597,0.6442863385635555,0.16706662478978287,0.5134852857771827,0.3835290711545301,0.2423442726275205
1598,0.63890180401005,0.1655494255466249,0.4497239600728889,0.33590487879634684,0.2403189136656708
1599,0.6230182033959042,0.16706662478978282,0.3589066666815227,0.26807222001540293,0.23434439673563112
1600,0.5974320067800517,0.1715148278981258,0.24649708993741626,0.18411199417896323,0.22472030906368395
1601,0.5634262128994639,0.1785908971808234,0.11925793351242481,0.08907535568151903,0.21192924259239093
1602,0.5227060142551425,0.18781261021001722,0.0,0.0,0.19661259480546484
1603,0.4773132916398559,0.19855152248236893,0.0,0.0,0.17953840637969354
1604,0.4295242257090371,0.21007579487340955,0.0,0.0,0.161562848418347
1605,0.4295242257090371,0.22160006726445014,0.0,0.0,0.161562848418347
1606,0.4295242257090371,0.23233897953680185,0.0,0.0,0.161562848418347
1607,0.4295242257090371,0.24156069256599566,0.0,0.0,0.161562848418347
1608,0.4295242257090371,0.23558340594676283,0.0,0.0,0.161562848418347
1609,0.4295242257090371,0.24003160905510582,0.0,0.0,0.161562848418347
1610,0.4295242257090371,0.24154880829826375,0.0,0.0,0.161562848418347
1611,0.4295242257090371,0.24003160905510582,0.0,0.0,0.161562848418347
1612,0.4295242257090371,0.23558340594676283,0.0,0.0,0.161562848418347
1613,0.4295242257090371,0.22850733666406522,0.0,0.0,0.161562848418347
1614,0.4295242257090371,0.21928562363487142,0.11944159562953383,0.08921253538877098,0.161562848418347
1615,0.4773132916398559,0.20854671136251968,0.24663471732191472,0.18421478992482815,0.17953840637969354
1616,0.5227060142551425,0.1970224389714791,0.35899743957537483,0.2681400195115704,0.19661259480546484
1617,0.5634262128994638,0.18549816658043852,0.44977327623436497,0.33594171370111964,0.2119292425923909
1618,0.5974320067800517,0.17475925430808678,0.5135037827957217,0.3835428868266358,0.22472030906368395
1619,0.6230182033959042,0.16553754127889297,0.5463567782955784,0.40808123134732294,0.23434439673563112
1620,0.63890180401005,0.15846147199619537,0.5463567782955784,0.40808123134732294,0.2403189136656708
1621,0.6442863385635555,0.15401326888785244,0.5135037827957217,0.3835428868266358,0.2423442726275205
1622,0.63890180401005,0.15249606964469445,0.4497732762343651,0.3359417137011197,0.2403189136656708
1623,0.6230182033959042,0.1540132688878524,0.358997439575375,0.2681400195115705,0.23434439673563112
1624,0.5974320067800517,0.15846147199619537,0.24663471732191491,0.1842147899248283,0.22472030906368395
1625,0.5634262128994639,0.16553754127889295,0.11944159562953385,0.08921253538877101,0.21192924259239093
1626,0.5227060142551425,0.17475925430808675,0.0,0.0,0.19661259480546484
1627,0.4773132916398559,0.1854981665804385,0.0,0.0,0.17953840637969354
1628,0.4295242257090371,0.1970224389714791,0.0,0.0,0.161562848418347
1629,0.4295242257090371,0.20854671136251968,0.0,0.0,0.161562848418347
1630,0.4295242257090371,0.21928562363487142,0.0,0.0,0.161562848418347
1631,0.4295242257090371,0.22850733666406522,0.0,0.0,0.161562848418347
1632,0.4295242257090371,0.22558395519403493,0.0,0.0,0.161562848418347
1633,0.4295242257090371,0.23003215830237786,0.0,0.0,0.161562848418347
1634,0.4295242257090371,0.23154935754553588,0.0,0.0,0.161562848418347
1635,0.4295242257090371,0.23003215830237786,0.0,0.0,0.161562848418347
1636,0.4295242257090371,0.22558395519403493,0.0,0.0,0.161562848418347
1637,0.4295242257090371,0.21850788591133732,0.0,0.0,0.161562848418347
1638,0.4295242257090371,0.20928617288214352,0.11961202875785007,0.08933983418623925,0.161562848418347
1639,0.4773132916398559,0.19854726060979178,0.24676242365158504,0.1843101755013104,0.17953840637969354
1640,0.5227060142551425,0.18702298821875118,0.3590816651709758,0.2682029287425513,0.19661259480546484
1641,0.5634262128994638,0.17549871582771062,0.4498190338457992,0.33597589067697015,0.2119292425923909
1642,0.5974320067800517,0.16475980355535888,0.513520944759493,0.38355570532836636,0.22472030906368395
1643,0.6230182033959042,0.15553809052616507,0.5463587241738957,0.40808268475002857,0.23434439673563112
1644,0.63890180401005,0.14846202124346744,0.5463587241738957,0.40808268475002857,0.2403189136656708
1645,0.6442863385635555,0.14401381813512448,0.513520944759493,0.3835557053283664,0.2423442726275205
1646,0.63890180401005,0.14249661889196652,0.4498190338457994,0.3359758906769703,0.2403189136656708
1647,0.6230182033959042,0.14401381813512446,0.359081665170976,0.26820292874255147,0.23434439673563112
1648,0.5974320067800517,0.14846202124346744,0.24676242365158518,0.1843101755013105,0.22472030906368395
1649,0.5634262128994639,0.15553809052616505,0.11961202875785024,0.08933983418623938,0.21192924259239093
1650,0.5227060142551425,0.16475980355535882,0.0,0.0,0.19661259480546484
1651,0.4773132916398559,0.1754987158277106,0.0,0.0,0.17953840637969354
1652,0.4295242257090371,0.18702298821875118,0.0,0.0,0.161562848418347
1653,0.4295242257090371,0.19854726060979178,0.0,0.0,0.161562848418347
1654,0.4295242257090371,0.20928617288214352,0.0,0.0,0.161562848418347
1655,0.4295242257090371,0.21850788591133732,0.0,0.0,0.161562848418347
1656,0.4295242257090371,0.22331726372922683,0.0,0.0,0.161562848418347
1657,0.4295242257090371,0.2277654668375698,0.0,0.0,0.161562848418347
1658,0.4295242257090371,0.22928266608072775,0.0,0.0,0.161562848418347
1659,0.4295242257090371,0.2277654668375698,0.0,0.0,0.161562848418347
1660,0.4295242257090371,0.22331726372922683,0.0,0.0,0.161562848418347
1661,0.4295242257090371,0.21624119444652923,0.0,0.0,0.161562848418347
1662,0.4295242257090371,0.20701948141733542,0.11976920374345267,0.08945723029846797,0.161562848418347
1663,0.4773132916398559,0.19628056914498368,0.24688018885615892,0.18439813591765647,0.17953840637969354
1664,0.5227060142551425,0.18475629675394312,0.35915933108827736,0.2682609384615211,0.19661259480546484
1665,0.5634262128994638,0.17323202436290253,0.4498612265089797,0.3360074049449879,0.2119292425923909
1666,0.5974320067800517,0.16249311209055078,0.5135367693472266,0.3835675249259342,0.22472030906368395
1667,0.6230182033959042,0.15327139906135698,0.5463605183997822,0.40808402488149237,0.23434439673563112
1668,0.63890180401005,0.14619532977865934,0.5463605183997822,0.40808402488149237,0.2403189136656708
1669,0.6442863385635555,0.14174712667031641,0.5135367693472267,0.38356752492593427,0.2423442726275205
1670,0.63890180401005,0.14022992742715842,0.4498612265089797,0.3360074049449879,0.2403189136656708
1671,0.6230182033959042,0.1417471266703164,0.3591593310882775,0.2682609384615212,0.23434439673563112
1672,0.5974320067800517,0.14619532977865934,0.24688018885615895,0.1843981359176565,0.22472030906368395
1673,0.5634262128994639,0.15327139906135692,0.11976920374345283,0.0894572302984681,0.21192924259239093
1674,0.5227060142551425,0.16249311209055076,0.0,0.0,0.19661259480546484
1675,0.4773132916398559,0.17323202436290247,0.0,0.0,0.17953840637969354
1676,0.4295242257090371,0.18475629675394312,0.0,0.0,0.161562848418347
1677,0.4295242257090371,0.19628056914498368,0.0,0.0,0.161562848418347
1678,0.4295242257090371,0.20701948141733542,0.0,0.0,0.161562848418347
1679,0.4295242257090371,0.21624119444652923,0.0,0.0,0.161562848418347
1680,0.4295242257090371,0.2298439416801919,0.0,0.0,0.161562848418347
1681,0.4295242257090371,0.23429214478853486,0.0,0.0,0.161562848418347
1682,0.4295242257090371,0.2358093440316928,0.0,0.0,0.161562848418347
1683,0.4295242257090371,0.23429214478853486,0.0,0.0,0.161562848418347
1684,0.4295242257090371,0.2298439416801919,0.0,0.0,0.161562848418347
1685,0.4295242257090371,0.22276787239749427,0.0,0.0,0.161562848418347
1686,0.4295242257090371,0.21354615936830046,0.1199130937638232,0.08956470369135709,0.161562848418347
1687,0.4773132916398559,0.20280724709594874,0.24698799447792064,0.18447865738755007,0.17953840637969354
1688,0.5227060142551425,0.19128297470490815,0.3592304259458163,0.26831404016751154,0.19661259480546484
1689,0.5634262128994638,0.17975870231386756,0.4498998483433555,0.33603625211291016,0.2119292425923909
1690,0.5974320067800517,0.16901979004151585,0.5135512544258538,0.38357834402612145,0.22472030906368395
1691,0.6230182033959042,0.15979807701232202,0.5463621607353932,0.4080852515640651,0.23434439673563112
1692,0.63890180401005,0.1527220077296244,0.5463621607353932,0.4080852515640651,0.2403189136656708
1693,0.6442863385635555,0.14827380462128145,0.5135512544258538,0.38357834402612145,0.2423442726275205
1694,0.63890180401005,0.1467566053781235,0.44989984834335556,0.3360362521129102,0.2403189136656708
1695,0.6230182033959042,0.14827380462128142,0.3592304259458164,0.2683140401675116,0.23434439673563112
1696,0.5974320067800517,0.1527220077296244,0.24698799447792064,0.18447865738755007,0.22472030906368395
1697,0.5634262128994639,0.15979807701232202,0.11991309376382348,0.0895647036913573,0.21192924259239093
1698,0.5227060142551425,0.1690197900415158,0.0,0.0,0.19661259480546484
1699,0.4773132916398559,0.17975870231386754,0.0,0.0,0.17953840637969354
1700,0.4295242257090371,0.19128297470490815,0.0,0.0,0.161562848418347
1701,0.4295242257090371,0.20280724709594874,0.0,0.0,0.161562848418347
1702,0.4295242257090371,0.21354615936830046,0.0,0.0,0.161562848418347
1703,0.4295242257090371,0.22276787239749427,0.0,0.0,0.161562848418347
1704,0.4295242257090371,0.24211008389772784,0.0,0.0,0.161562848418347
1705,0.4295242257090371,0.24655828700607083,0.0,0.0,0.161562848418347
1706,0.4295242257090371,0.24807548624922876,0.0,0.0,0.161562848418347
1707,0.4295242257090371,0.24655828700607083,0.0,0.0,0.161562848418347
1708,0.4295242257090371,0.24211008389772784,0.0,0.0,0.161562848418347
1709,0.4295242257090371,0.23503401461503023,0.0,0.0,0.161562848418347
1710,0.4295242257090371,0.22581230158583643,0.12004367431698477,0.08966223606405031,0.161562848418347
1711,0.4773132916398559,0.2150733893134847,0.2470858236623786,0.18455172732214456,0.17953840637969354
1712,0.5227060142551425,0.20354911692244412,0.359294939354002,0.26836222610039767,0.19661259480546484
1713,0.5634262128994638,0.19202484453140353,0.4499348939821823,0.33606242817224347,0.2119292425923909
1714,0.5974320067800517,0.18128593225905182,0.5135643980490116,0.38358816117516337,0.22472030906368395
1715,0.6230182033959042,0.17206421922985798,0.5463636509637216,0.40808636463566117,0.23434439673563112
1716,0.63890180401005,0.16498814994716038,0.5463636509637216,0.40808636463566117,0.2403189136656708
1717,0.6442863385635555,0.16053994683881742,0.5135643980490116,0.38358816117516337,0.2423442726275205
1718,0.63890180401005,0.15902274759565943,0.4499348939821823,0.33606242817224347,0.2403189136656708
1719,0.6230182033959042,0.1605399468388174,0.3592949393540021,0.2683622261003977,0.23434439673563112
1720,0.5974320067800517,0.16498814994716038,0.24708582366237858,0.18455172732214453,0.22472030906368395
1721,0.5634262128994639,0.17206421922985796,0.12004367431698483,0.08966223606405035,0.21192924259239093
1722,0.5227060142551425,0.1812859322590518,0.0,0.0,0.19661259480546484
1723,0.4773132916398559,0.1920248445314035,0.0,0.0,0.17953840637969354
1724,0.4295242257090371,0.20354911692244412,0.0,0.0,0.161562848418347
1725,0.4295242257090371,0.2150733893134847,0.0,0.0,0.161562848418347
1726,0.4295242257090371,0.22581230158583643,0.0,0.0,0.161562848418347
1727,0.4295242257090371,0.23503401461503023,0.0,0.0,0.161562848418347
1728,0.4295242257090371,0.25437622611526384,0.0,0.0,0.161562848418347
1729,0.4295242257090371,0.25882442922360677,0.0,0.0,0.161562848418347
1730,0.4295242257090371,0.26034162846676473,0.0,0.0,0.161562848418347
1731,0.4295242257090371,0.25882442922360677,0.0,0.0,0.161562848418347
1732,0.4295242257090371,0.25437622611526384,0.0,0.0,0.161562848418347
1733,0.4295242257090371,0.2473001568325662,0.0,0.0,0.161562848418347
1734,0.4295242257090371,0.2380784438033724,0.12016092321151599,0.08974981084147629,0.161562848418347
1735,0.4773132916398559,0.22733953153102066,0.24717366114969677,0.184617334323663,0.17953840637969354
1736,0.5227060142551425,0.2158152591399801,0.3593528619089567,0.2684054892362966,0.19661259480546484
1737,0.5634262128994638,0.2042909867489395,0.449966358568985,0.33608592949562105,0.2119292425923909
1738,0.5974320067800517,0.19355207447658776,0.5135761984556717,0.3835969750577243,0.22472030906368395
1739,0.6230182033959042,0.18433036144739395,0.5463649888884393,0.40808736394964046,0.23434439673563112
1740,0.63890180401005,0.17725429216469635,0.5463649888884393,0.40808736394964046,0.2403189136656708
1741,0.6442863385635555,0.1728060890563534,0.5135761984556717,0.3835969750577243,0.2423442726275205
1742,0.63890180401005,0.1712888898131954,0.44996635856898504,0.3360859294956211,0.2403189136656708
1743,0.6230182033959042,0.17280608905635336,0.35935286190895677,0.26840548923629665,0.23434439673563112
1744,0.5974320067800517,0.17725429216469635,0.24717366114969655,0.18461733432366284,0.22472030906368395
1745,0.5634262128994639,0.18433036144739393,0.12016092321151604,0.08974981084147633,0.21192924259239093
1746,0.5227060142551425,0.19355207447658773,0.0,0.0,0.19661259480546484
1747,0.4773132916398559,0.20429098674893947,0.0,0.0,0.17953840637969354
1748,0.4295242257090371,0.2158152591399801,0.0,0.0,0.161562848418347
1749,0.4295242257090371,0.22733953153102066,0.0,0.0,0.161562848418347
1750,0.4295242257090371,0.2380784438033724,0.0,0.0,0.161562848418347
1751,0.4295242257090371,0.2473001568325662,0.0,0.0,0.161562848418347
1752,0.4295242257090371,0.26090290406622896,0.0,0.0,0.161562848418347
1753,0.4295242257090371,0.2653511071745719,0.0,0.0,0.161562848418347
1754,0.4295242257090371,0.26686830641772985,0.0,0.0,0.161562848418347
1755,0.4295242257090371,0.2653511071745719,0.0,0.0,0.161562848418347
1756,0.4295242257090371,0.26090290406622896,0.0,0.0,0.161562848418347
1757,0.4295242257090371,0.25382683478353135,0.0,0.0,0.161562848418347
1758,0.4295242257090371,0.24460512175433752,0.12026482055745329,0.08982741316755355,0.161562848418347
1759,0.4773132916398559,0.23386620948198578,0.24725149326689486,0.1846754681795724,0.17953840637969354
1760,0.5227060142551425,0.2223419370909452,0.35940418518691003,0.2684438232833808,0.19661259480546484
1761,0.5634262128994638,0.21081766469990462,0.4499942377543403,0.3361067528344002,0.2119292425923909
1762,0.5974320067800517,0.20007875242755288,0.5135866540688927,0.38360478449596547,0.22472030906368395
1763,0.6230182033959042,0.19085703939835907,0.5463661743337538,0.4080882493747013,0.23434439673563112
1764,0.63890180401005,0.18378097011566147,0.5463661743337538,0.4080882493747013,0.2403189136656708
1765,0.6442863385635555,0.1793327670073185,0.5135866540688927,0.38360478449596547,0.2423442726275205
1766,0.63890180401005,0.17781556776416052,0.4499942377543403,0.3361067528344002,0.2403189136656708
1767,0.6230182033959042,0.17933276700731848,0.35940418518691014,0.2684438232833809,0.23434439673563112
1768,0.5974320067800517,0.18378097011566147,0.24725149326689527,0.1846754681795727,0.22472030906368395
1769,0.5634262128994639,0.19085703939835905,0.12026482055745334,0.08982741316755359,0.21192924259239093
1770,0.5227060142551425,0.20007875242755285,0.0,0.0,0.19661259480546484
1771,0.4773132916398559,0.2108176646999046,0.0,0.0,0.17953840637969354
1772,0.4295242257090371,0.2223419370909452,0.0,0.0,0.161562848418347
1773,0.4295242257090371,0.23386620948198578,0.0,0.0,0.161562848418347
1774,0.4295242257090371,0.24460512175433752,0.0,0.0,0.161562848418347
1775,0.4295242257090371,0.25382683478353135,0.0,0.0,0.161562848418347
1776,0.4295242257090371,0.25863621260142117,0.0,0.0,0.161562848418347
1777,0.4295242257090371,0.2630844157097641,0.0,0.0,0.161562848418347
1778,0.4295242257090371,0.26460161495292206,0.0,0.0,0.161562848418347
1779,0.4295242257090371,0.2630844157097641,0.0,0.0,0.161562848418347
1780,0.4295242257090371,0.25863621260142117,0.0,0.0,0.161562848418347
1781,0.4295242257090371,0.2515601433187235,0.0,0.0,0.161562848418347
1782,0.4295242257090371,0.24233843028952975,0.12035534875809395,0.08989502989906797,0.161562848418347
1783,0.4773132916398559,0.23159951801717799,0.24731930792082774,0.18472611985733992,0.17953840637969354
1784,0.5227060142551425,0.2200752456261374,0.3594489017391564,0.2684772226781119,0.19661259480546484
1785,0.5634262128994638,0.20855097323509683,0.45001852769298323,0.33612489531650086,0.2119292425923909
1786,0.5974320067800517,0.1978120609627451,0.5135957634946992,0.38361158844870774,0.22472030906368395
1787,0.6230182033959042,0.18859034793355128,0.5463672071442792,0.40808902079478376,0.23434439673563112
1788,0.63890180401005,0.18151427865085368,0.5463672071442792,0.40808902079478376,0.2403189136656708
1789,0.6442863385635555,0.1770660755425107,0.5135957634946993,0.38361158844870785,0.2423442726275205
1790,0.63890180401005,0.17554887629935273,0.4500185276929834,0.33612489531650097,0.2403189136656708
1791,0.6230182033959042,0.17706607554251066,0.3594489017391564,0.2684772226781119,0.23434439673563112
1792,0.5974320067800517,0.18151427865085368,0.24731930792082785,0.18472611985734,0.22472030906368395
1793,0.5634262128994639,0.18859034793355126,0.12035534875809388,0.08989502989906792,0.21192924259239093
1794,0.5227060142551425,0.19781206096274503,0.0,0.0,0.19661259480546484
1795,0.4773132916398559,0.2085509732350968,0.0,0.0,0.17953840637969354
1796,0.4295242257090371,0.2200752456261374,0.0,0.0,0.161562848418347
1797,0.4295242257090371,0.23159951801717799,0.0,0.0,0.161562848418347
1798,0.4295242257090371,0.24233843028952975,0.0,0.0,0.161562848418347
1799,0.4295242257090371,0.2515601433187235,0.0,0.0,0.161562848418347
1800,0.4295242257090371,0.2486367618486929,0.0,0.0,0.161562848418347
1801,0.4295242257090371,0.25308496495703586,0.0,0.0,0.161562848418347
1802,0.4295242257090371,0.2546021642001938,0.0,0.0,0.161562848418347
1803,0.4295242257090371,0.25308496495703586,0.0,0.0,0.161562848418347
1804,0.4295242257090371,0.2486367618486929,0.0,0.0,0.161562848418347
1805,0.4295242257090371,0.2415606925659953,0.0,0.0,0.161562848418347
1806,0.4295242257090371,0.2323389795368015,0.12043249250270943,0.08995264960023035,0.161562848418347
1807,0.4773132916398559,0.22160006726444975,0.247377094591948,0.18476928149977398,0.17953840637969354
1808,0.5227060142551425,0.21007579487340916,0.3594870050875774,0.26850568258189605,0.19661259480546484
1809,0.5634262128994638,0.1985515224823686,0.45003922504123867,0.33614035444448687,0.2119292425923909
1810,0.5974320067800517,0.18781261021001686,0.5136035255210857,0.38361738601068807,0.22472030906368395
1811,0.6230182033959042,0.17859089718082305,0.5463680871849216,0.4080896781089843,0.23434439673563112
1812,0.63890180401005,0.17151482789812542,0.5463680871849216,0.40808967810898433,0.2403189136656708
1813,0.6442863385635555,0.1670666247897825,0.5136035255210857,0.3836173860106881,0.2423442726275205
1814,0.63890180401005,0.1655494255466245,0.4500392250412386,0.3361403544444868,0.2403189136656708
1815,0.6230182033959042,0.16706662478978243,0.35948700508757747,0.2685056825818961,0.23434439673563112
1816,0.5974320067800517,0.17151482789812542,0.24737709459194793,0.18476928149977392,0.22472030906368395
1817,0.5634262128994639,0.17859089718082302,0.12043249250270954,0.08995264960023043,0.21192924259239093
1818,0.5227060142551425,0.18781261021001683,0.0,0.0,0.19661259480546484
1819,0.4773132916398559,0.19855152248236854,0.0,0.0,0.17953840637969354
1820,0.4295242257090371,0.21007579487340916,0.0,0.0,0.161562848418347
1821,0.4295242257090371,0.22160006726444975,0.0,0.0,0.161562848418347
1822,0.4295242257090371,0.2323389795368015,0.0,0.0,0.161562848418347
1823,0.4295242257090371,0.2415606925659953,0.0,0.0,0.161562848418347
1824,0.4295242257090371,0.23558340594676272,0.0,0.0,0.161562848418347
1825,0.4295242257090371,0.2400316090551057,0.0,0.0,0.161562848418347
1826,0.4295242257090371,0.24154880829826364,0.0,0.0,0.161562848418347
1827,0.4295242257090371,0.2400316090551057,0.0,0.0,0.161562848418347
1828,0.4295242257090371,0.23558340594676272,0.0,0.0,0.161562848418347
1829,0.4295242257090371,0.2285073366640651,0.0,0.0,0.161562848418347
1830,0.4295242257090371,0.2192856236348713,0.12049623876017984,0.09000026253792183,0.161562848418347
1831,0.4773132916398559,0.2085467113625196,0.24742484432886092,0.18480494642095738,0.17953840637969354
1832,0.5227060142551425,0.197022438971479,0.359518489720734,0.26852919887816523,0.19661259480546484
1833,0.5634262128994638,0.1854981665804384,0.45005632695477976,0.3361531280938923,0.2119292425923909
1834,0.5974320067800517,0.1747592543080867,0.5136099391171485,0.38362217641191065,0.22472030906368395
1835,0.6230182033959042,0.16553754127889286,0.5463688143407786,0.4080902212314809,0.23434439673563112
1836,0.63890180401005,0.15846147199619526,0.5463688143407786,0.4080902212314809,0.2403189136656708
1837,0.6442863385635555,0.1540132688878523,0.5136099391171485,0.38362217641191065,0.2423442726275205
1838,0.63890180401005,0.1524960696446943,0.4500563269547798,0.33615312809389236,0.2403189136656708
1839,0.6230182033959042,0.15401326888785227,0.3595184897207341,0.2685291988781653,0.23434439673563112
1840,0.5974320067800517,0.15846147199619526,0.24742484432886094,0.1848049464209574,0.22472030906368395
1841,0.5634262128994639,0.16553754127889284,0.1204962387601799,0.09000026253792187,0.21192924259239093
1842,0.5227060142551425,0.17475925430808664,0.0,0.0,0.19661259480546484
1843,0.4773132916398559,0.18549816658043838,0.0,0.0,0.17953840637969354
1844,0.4295242257090371,0.197022438971479,0.0,0.0,0.161562848418347
1845,0.4295242257090371,0.2085467113625196,0.0,0.0,0.161562848418347
1846,0.4295242257090371,0.2192856236348713,0.0,0.0,0.161562848418347
1847,0.4295242257090371,0.2285073366640651,0.0,0.0,0.161562848418347
1848,0.4295242257090371,0.22558395519403485,0.0,0.0,0.161562848418347
1849,0.4295242257090371,0.23003215830237783,0.0,0.0,0.161562848418347
1850,0.4295242257090371,0.2315493575455358,0.0,0.0,0.161562848418347
1851,0.4295242257090371,0.23003215830237783,0.0,0.0,0.161562848418347
1852,0.4295242257090371,0.22558395519403485,0.0,0.0,0.161562848418347
1853,0.4295242257090371,0.21850788591133724,0.0,0.0,0.161562848418347
1854,0.4295242257090371,0.20928617288214343,0.12054657677355564,0.09003786067763205,0.161562848418347
1855,0.4773132916398559,0.1985472606097917,0.24746254974367538,0.18483310910277484,0.17953840637969354
1856,0.5227060142551425,0.1870229882187511,0.35954335109053087,0.2685477681698858,0.19661259480546484
1857,0.5634262128994638,0.17549871582771054,0.4500698310867155,0.33616321451179276,0.2119292425923909
1858,0.5974320067800517,0.1647598035553588,0.5136150034323449,0.38362595901709345,0.22472030906368395
1859,0.6230182033959042,0.155538090526165,0.5463693885170543,0.4080906500914694,0.23434439673563112
1860,0.63890180401005,0.14846202124346738,0.5463693885170543,0.4080906500914694,0.2403189136656708
1861,0.6442863385635555,0.1440138181351244,0.5136150034323448,0.3836259590170934,0.2423442726275205
1862,0.63890180401005,0.14249661889196644,0.4500698310867156,0.3361632145117928,0.2403189136656708
1863,0.6230182033959042,0.14401381813512437,0.35954335109053087,0.2685477681698858,0.23434439673563112
1864,0.5974320067800517,0.14846202124346738,0.24746254974367546,0.1848331091027749,0.22472030906368395
1865,0.5634262128994639,0.15553809052616496,0.12054657677355554,0.09003786067763198,0.21192924259239093
1866,0.5227060142551425,0.16475980355535877,0.0,0.0,0.19661259480546484
1867,0.4773132916398559,0.1754987158277105,0.0,0.0,0.17953840637969354
1868,0.4295242257090371,0.1870229882187511,0.0,0.0,0.161562848418347
1869,0.4295242257090371,0.1985472606097917,0.0,0.0,0.161562848418347
1870,0.4295242257090371,0.20928617288214343,0.0,0.0,0.161562848418347
1871,0.4295242257090371,0.21850788591133724,0.0,0.0,0.161562848418347
1872,0.4295242257090371,0.22331726372922686,0.0,0.0,0.161562848418347
1873,0.4295242257090371,0.22776546683756985,0.0,0.0,0.161562848418347
1874,0.4295242257090371,0.2292826660807278,0.0,0.0,0.161562848418347
1875,0.4295242257090371,0.22776546683756985,0.0,0.0,0.161562848418347
1876,0.4295242257090371,0.22331726372922686,0.0,0.0,0.161562848418347
1877,0.4295242257090371,0.21624119444652926,0.0,0.0,0.161562848418347
1878,0.4295242257090371,0.20701948141733545,0.12058349805555664,0.09006543768009716,0.161562848418347
1879,0.4773132916398559,0.1962805691449837,0.24749020500815752,0.18485376519204,0.17953840637969354
1880,0.5227060142551425,0.18475629675394314,0.3595615856094581,0.2685613877774984,0.19661259480546484
1881,0.5634262128994638,0.17323202436290255,0.4500797355860094,0.33617061231562406,0.2119292425923909
1882,0.5974320067800517,0.16249311209055084,0.5136187177958798,0.3836287333252108,0.22472030906368395
1883,0.6230182033959042,0.153271399061357,0.5463698096389894,0.40809096463311073,0.23434439673563112
1884,0.63890180401005,0.1461953297786594,0.5463698096389894,0.40809096463311073,0.2403189136656708
1885,0.6442863385635555,0.14174712667031644,0.5136187177958798,0.3836287333252108,0.2423442726275205
1886,0.63890180401005,0.14022992742715845,0.4500797355860095,0.3361706123156241,0.2403189136656708
1887,0.6230182033959042,0.14174712667031641,0.3595615856094581,0.2685613877774984,0.23434439673563112
1888,0.5974320067800517,0.1461953297786594,0.2474902050081576,0.18485376519204005,0.22472030906368395
1889,0.5634262128994639,0.15327139906135698,0.12058349805555682,0.0900654376800973,0.21192924259239093
1890,0.5227060142551425,0.16249311209055078,0.0,0.0,0.19661259480546484
1891,0.4773132916398559,0.17323202436290253,0.0,0.0,0.17953840637969354
1892,0.4295242257090371,0.18475629675394314,0.0,0.0,0.161562848418347
1893,0.4295242257090371,0.1962805691449837,0.0,0.0,0.161562848418347
1894,0.4295242257090371,0.20701948141733545,0.0,0.0,0.161562848418347
1895,0.4295242257090371,0.21624119444652926,0.0,0.0,0.161562848418347
1896,0.4295242257090371,0.22984394168019198,0.0,0.0,0.161562848418347
1897,0.4295242257090371,0.23429214478853497,0.0,0.0,0.161562848418347
1898,0.4295242257090371,0.2358093440316929,0.0,0.0,0.161562848418347
1899,0.4295242257090371,0.23429214478853497,0.0,0.0,0.161562848418347
1900,0.4295242257090371,0.22984394168019198,0.0,0.0,0.161562848418347
1901,0.4295242257090371,0.22276787239749438,0.0,0.0,0.161562848418347
1902,0.4295242257090371,0.21354615936830057,0.1206069963850108,0.09008298889864004,0.161562848418347
1903,0.4773132916398559,0.20280724709594883,0.24750780585068846,0.1848669114982233,0.17953840637969354
1904,0.5227060142551425,0.19128297470490827,0.3595731906484093,0.268570055737288,0.19661259480546484
1905,0.5634262128994638,0.17975870231386767,0.45008603909622874,0.33617532049224835,0.2119292425923909
1906,0.5974320067800517,0.16901979004151593,0.513621081716222,0.3836304989691314,0.22472030906368395
1907,0.6230182033959042,0.15979807701232213,0.5463700776518041,0.40809116481548935,0.23434439673563112
1908,0.63890180401005,0.15272200772962452,0.5463700776518041,0.40809116481548935,0.2403189136656708
1909,0.6442863385635555,0.14827380462128156,0.513621081716222,0.38363049896913143,0.2423442726275205
1910,0.63890180401005,0.14675660537812357,0.4500860390962288,0.3361753204922484,0.2403189136656708
1911,0.6230182033959042,0.14827380462128154,0.3595731906484094,0.26857005573728804,0.23434439673563112
1912,0.5974320067800517,0.15272200772962452,0.24750780585068843,0.18486691149822326,0.22472030906368395
1913,0.5634262128994639,0.1597980770123221,0.12060699638501086,0.0900829888986401,0.21192924259239093
1914,0.5227060142551425,0.1690197900415159,0.0,0.0,0.19661259480546484
1915,0.4773132916398559,0.17975870231386765,0.0,0.0,0.17953840637969354
1916,0.4295242257090371,0.19128297470490827,0.0,0.0,0.161562848418347
1917,0.4295242257090371,0.20280724709594883,0.0,0.0,0.161562848418347
1918,0.4295242257090371,0.21354615936830057,0.0,0.0,0.161562848418347
1919,0.4295242257090371,0.22276787239749438,0.0,0.0,0.161562848418347
1920,0.4295242257090371,0.24211008389772776,0.0,0.0,0.161562848418347
1921,0.4295242257090371,0.24655828700607066,0.0,0.0,0.161562848418347
1922,0.4295242257090371,0.24807548624922865,0.0,0.0,0.161562848418347
1923,0.4295242257090371,0.24655828700607066,0.0,0.0,0.161562848418347
1924,0.4295242257090371,0.24211008389772776,0.0,0.0,0.161562848418347
1925,0.4295242257090371,0.23503401461503012,0.0,0.0,0.161562848418347
1926,0.4295242257090371,0.2258123015858363,0.12061706780423943,0.09009051137721726,0.161562848418347
1927,0.4773132916398559,0.21507338931348455,0.24751534955403193,0.1848725459917843,0.17953840637969354
1928,0.5227060142551425,0.20354911692244398,0.35957816453508173,0.2685737708001892,0.19661259480546484
1929,0.5634262128994638,0.1920248445314034,0.45008874075462724,0.33617733839726893,0.2119292425923909
1930,0.5974320067800517,0.18128593225905165,0.513622094880749,0.3836312557153532,0.22472030906368395
1931,0.6230182033959042,0.17206421922985787,0.5463701925206584,0.4080912506125828,0.23434439673563112
1932,0.63890180401005,0.16498814994716024,0.5463701925206585,0.40809125061258283,0.2403189136656708
1933,0.6442863385635555,0.16053994683881728,0.5136220948807491,0.3836312557153533,0.2423442726275205
1934,0.63890180401005,0.1590227475956593,0.45008874075462735,0.336177338397269,0.2403189136656708
1935,0.6230182033959042,0.16053994683881725,0.3595781645350819,0.2685737708001893,0.23434439673563112
1936,0.5974320067800517,0.16498814994716024,0.2475153495540322,0.1848725459917845,0.22472030906368395
1937,0.5634262128994639,0.17206421922985782,0.12061706780423952,0.09009051137721732,0.21192924259239093
1938,0.5227060142551425,0.18128593225905162,0.0,0.0,0.19661259480546484
1939,0.4773132916398559,0.19202484453140337,0.0,0.0,0.17953840637969354
1940,0.4295242257090371,0.20354911692244398,0.0,0.0,0.161562848418347
1941,0.4295242257090371,0.21507338931348455,0.0,0.0,0.161562848418347
1942,0.4295242257090371,0.2258123015858363,0.0,0.0,0.161562848418347
1943,0.4295242257090371,0.23503401461503012,0.0,0.0,0.161562848418347
1944,0.4295242257090371,0.2543762261152637,0.0,0.0,0.161562848418347
1945,0.4295242257090371,0.25882442922360666,0.0,0.0,0.161562848418347
1946,0.4295242257090371,0.2603416284667646,0.0,0.0,0.161562848418347
1947,0.4295242257090371,0.25882442922360666,0.0,0.0,0.161562848418347
1948,0.4295242257090371,0.2543762261152637,0.0,0.0,0.161562848418347
1949,0.4295242257090371,0.2473001568325661,0.0,0.0,0.161562848418347
1950,0.4295242257090371,0.23807844380337229,0.1206137106173925,0.09008800384917554,0.161562848418347
1951,0.4773132916398559,0.22733953153102057,0.24751283495391227,0.1848706678031099,0.17953840637969354
1952,0.5227060142551425,0.21581525913997998,0.3595765065529561,0.2685725324310241,0.19661259480546484
1953,0.5634262128994638,0.2042909867489394,0.45008784019156084,0.3361766657545936,0.2119292425923909
1954,0.5974320067800517,0.19355207447658768,0.5136217571555198,0.383631003463834,0.22472030906368395
1955,0.6230182033959042,0.18433036144739384,0.5463701542306258,0.40809122201324205,0.23434439673563112
1956,0.63890180401005,0.17725429216469624,0.5463701542306258,0.40809122201324205,0.2403189136656708
1957,0.6442863385635555,0.17280608905635328,0.5136217571555198,0.383631003463834,0.2423442726275205
1958,0.63890180401005,0.17128888981319532,0.4500878401915609,0.33617666575459365,0.2403189136656708
1959,0.6230182033959042,0.17280608905635325,0.35957650655295614,0.26857253243102414,0.23434439673563112
1960,0.5974320067800517,0.17725429216469624,0.24751283495391227,0.1848706678031099,0.22472030906368395
1961,0.5634262128994639,0.18433036144739384,0.12061371061739248,0.09008800384917552,0.21192924259239093
1962,0.5227060142551425,0.19355207447658762,0.0,0.0,0.19661259480546484
1963,0.4773132916398559,0.20429098674893936,0.0,0.0,0.17953840637969354
1964,0.4295242257090371,0.21581525913997998,0.0,0.0,0.161562848418347
1965,0.4295242257090371,0.22733953153102057,0.0,0.0,0.161562848418347
1966,0.4295242257090371,0.23807844380337229,0.0,0.0,0.161562848418347
1967,0.4295242257090371,0.2473001568325661,0.0,0.0,0.161562848418347
1968,0.4295242257090371,0.26090290406622896,0.0,0.0,0.161562848418347
1969,0.4295242257090371,0.2653511071745719,0.0,0.0,0.161562848418347
1970,0.4295242257090371,0.26686830641772985,0.0,0.0,0.161562848418347
1971,0.4295242257090371,0.2653511071745719,0.0,0.0,0.161562848418347
1972,0.4295242257090371,0.26090290406622896,0.0,0.0,0.161562848418347
1973,0.4295242257090371,0.25382683478353135,0.0,0.0,0.161562848418347
1974,0.4295242257090371,0.24460512175433752,0.12059692538973346,0.09007546673671779,0.161562848418347
1975,0.4773132916398559,0.23386620948198578,0.24750026243840437,0.18486127722205842,0.17953840637969354
1976,0.5227060142551425,0.2223419370909452,0.35956821694085994,0.2685663408081762,0.19661259480546484
1977,0.5634262128994638,0.21081766469990462,0.4500833375302373,0.3361733026562479,0.2119292425923909
1978,0.5974320067800517,0.20007875242755288,0.5136200685851787,0.38362974224791907,0.22472030906368395
1979,0.6230182033959042,0.19085703939835907,0.5463699627866813,0.4080910790211831,0.23434439673563112
1980,0.63890180401005,0.18378097011566147,0.5463699627866813,0.4080910790211831,0.2403189136656708
1981,0.6442863385635555,0.1793327670073185,0.5136200685851787,0.38362974224791907,0.2423442726275205
1982,0.63890180401005,0.17781556776416052,0.45008333753023744,0.33617330265624795,0.2403189136656708
1983,0.6230182033959042,0.17933276700731848,0.35956821694086,0.26856634080817626,0.23434439673563112
1984,0.5974320067800517,0.18378097011566147,0.24750026243840437,0.18486127722205842,0.22472030906368395
1985,0.5634262128994639,0.19085703939835905,0.1205969253897334,0.09007546673671775,0.21192924259239093
1986,0.5227060142551425,0.20007875242755285,0.0,0.0,0.19661259480546484
1987,0.4773132916398559,0.2108176646999046,0.0,0.0,0.17953840637969354
1988,0.4295242257090371,0.2223419370909452,0.0,0.0,0.161562848418347
1989,0.4295242257090371,0.23386620948198578,0.0,0.0,0.161562848418347
1990,0.4295242257090371,0.24460512175433752,0.0,0.0,0.161562848418347
1991,0.4295242257090371,0.25382683478353135,0.0,0.0,0.161562848418347
1992,0.4295242257090371,0.2586362126014211,0.0,0.0,0.161562848418347
1993,0.4295242257090371,0.2630844157097641,0.0,0.0,0.161562848418347
1994,0.4295242257090371,0.264601614952922,0.0,0.0,0.161562848418347
1995,0.4295242257090371,0.2630844157097641,0.0,0.0,0.161562848418347
1996,0.4295242257090371,0.2586362126014211,0.0,0.0,0.161562848418347
1997,0.4295242257090371,0.2515601433187235,0.0,0.0,0.161562848418347
1998,0.4295242257090371,0.2423384302895297,0.12056671494787789,0.09005290215108122,0.161562848418347
1999,0.4773132916398559,0.23159951801717793,0.2474776339481372,0.18484437569811182,0.17953840637969354
2000,0.5227060142551425,0.2200752456261374,0.3595532968931134,0.26855519682369927,0.19661259480546484
2001,0.5634262128994638,0.2085509732350968,0.45007523338679967,0.3361672495624374,0.2119292425923909
2002,0.5974320067800517,0.19781206096274503,0.5136170293929873,0.38362747223436555,0.22472030906368395
2003,0.6230182033959042,0.18859034793355126,0.5463696182137059,0.40809082165499,0.23434439673563112
2004,0.63890180401005,0.18151427865085362,0.5463696182137059,0.40809082165499,0.2403189136656708
2005,0.6442863385635555,0.17706607554251066,0.5136170293929873,0.38362747223436555,0.2423442726275205
2006,0.63890180401005,0.1755488762993527,0.45007523338679967,0.3361672495624374,0.2403189136656708
2007,0.6230182033959042,0.17706607554251064,0.3595532968931134,0.26855519682369927,0.23434439673563112
2008,0.5974320067800517,0.18151427865085362,0.24747763394813752,0.18484437569811205,0.22472030906368395
2009,0.5634262128994639,0.1885903479335512,0.12056671494787802,0.09005290215108132,0.21192924259239093
2010,0.5227060142551425,0.197812060962745,0.0,0.0,0.19661259480546484
2011,0.4773132916398559,0.20855097323509675,0.0,0.0,0.17953840637969354
2012,0.4295242257090371,0.2200752456261374,0.0,0.0,0.161562848418347
2013,0.4295242257090371,0.23159951801717793,0.0,0.0,0.161562848418347
2014,0.4295242257090371,0.2423384302895297,0.0,0.0,0.161562848418347
2015,0.4295242257090371,0.2515601433187235,0.0,0.0,0.161562848418347
2016,0.4295242257090371,0.2486367618486933,0.0,0.0,0.161562848418347
2017,0.4295242257090371,0.25308496495703625,0.0,0.0,0.161562848418347
2018,0.4295242257090371,0.25460216420019427,0.0,0.0,0.161562848418347
2019,0.4295242257090371,0.25308496495703625,0.0,0.0,0.161562848418347
2020,0.4295242257090371,0.2486367618486933,0.0,0.0,0.161562848418347
2021,0.4295242257090371,0.24156069256599566,0.0,0.0,0.161562848418347
2022,0.4295242257090371,0.23233897953680185,0.12052308438098358,0.0900203138934263,0.161562848418347
2023,0.4773132916398559,0.22160006726445014,0.24744495297730992,0.18481996584113444,0.17953840637969354
2024,0.5227060142551425,0.21007579487340955,0.3595317485602571,0.26853910208386117,0.19661259480546484
2025,0.5634262128994638,0.19855152248236896,0.45006352887074336,0.33615850730185903,0.2119292425923909
2026,0.5974320067800517,0.18781261021001724,0.5136126399809862,0.383624193723463,0.22472030906368395
2027,0.6230182033959042,0.17859089718082344,0.5463691205565054,0.4080904499481288,0.23434439673563112
2028,0.63890180401005,0.1715148278981258,0.5463691205565054,0.4080904499481288,0.2403189136656708
2029,0.6442863385635555,0.16706662478978287,0.5136126399809862,0.383624193723463,0.2423442726275205
2030,0.63890180401005,0.1655494255466249,0.4500635288707434,0.3361585073018591,0.2403189136656708
2031,0.6230182033959042,0.16706662478978282,0.3595317485602572,0.2685391020838612,0.23434439673563112
2032,0.5974320067800517,0.1715148278981258,0.24744495297731006,0.18481996584113455,0.22472030906368395
2033,0.5634262128994639,0.1785908971808234,0.12052308438098357,0.09002031389342628,0.21192924259239093
2034,0.5227060142551425,0.18781261021001722,0.0,0.0,0.19661259480546484
2035,0.4773132916398559,0.19855152248236893,0.0,0.0,0.17953840637969354
2036,0.4295242257090371,0.21007579487340955,0.0,0.0,0.161562848418347
2037,0.4295242257090371,0.22160006726445014,0.0,0.0,0.161562848418347
2038,0.4295242257090371,0.23233897953680185,0.0,0.0,0.161562848418347
2039,0.4295242257090371,0.24156069256599566,0.0,0.0,0.161562848418347
2040,0.4295242257090371,0.23558340594676314,0.0,0.0,0.161562848418347
2041,0.4295242257090371,0.24003160905510607,0.0,0.0,0.161562848418347
2042,0.4295242257090371,0.24154880829826406,0.0,0.0,0.161562848418347
2043,0.4295242257090371,0.24003160905510607,0.0,0.0,0.161562848418347
2044,0.4295242257090371,0.23558340594676314,0.0,0.0,0.161562848418347
2045,0.4295242257090371,0.2285073366640655,0.0,0.0,0.161562848418347
2046,0.4295242257090371,0.2192856236348717,0.1204660410428907,0.0899777074564352,0.161562848418347
2047,0.4773132916398559,0.20854671136251998,0.24740222457551916,0.18478805142273794,0.17953840637969354
2048,0.5227060142551425,0.1970224389714794,0.359503575050363,0.2685180589101225,0.19661259480546484
2049,0.5634262128994638,0.1854981665804388,0.45004822558566776,0.33614707707226293,0.2119292425923909
2050,0.5974320067800517,0.1747592543080871,0.5136069009302859,0.38361990714925076,0.22472030906368395
2051,0.6230182033959042,0.16553754127889328,0.5463684698798433,0.4080899639489722,0.23434439673563112
2052,0.63890180401005,0.15846147199619562,0.5463684698798433,0.40808996394897223,0.2403189136656708
2053,0.6442863385635555,0.1540132688878527,0.5136069009302859,0.3836199071492508,0.2423442726275205
2054,0.63890180401005,0.15249606964469473,0.4500482255856678,0.336147077072263,0.2403189136656708
2055,0.6230182033959042,0.15401326888785266,0.35950357505036307,0.26851805891012254,0.23434439673563112
2056,0.5974320067800517,0.15846147199619562,0.24740222457551939,0.1847880514227381,0.22472030906368395
2057,0.5634262128994639,0.16553754127889325,0.1204660410428907,0.0899777074564352,0.21192924259239093
2058,0.5227060142551425,0.17475925430808703,0.0,0.0,0.19661259480546484
2059,0.4773132916398559,0.18549816658043877,0.0,0.0,0.17953840637969354
2060,0.4295242257090371,0.1970224389714794,0.0,0.0,0.161562848418347
2061,0.4295242257090371,0.20854671136251998,0.0,0.0,0.161562848418347
2062,0.4295242257090371,0.2192856236348717,0.0,0.0,0.161562848418347
2063,0.4295242257090371,0.2285073366640655,0.0,0.0,0.161562848418347
2064,0.4295242257090371,0.2255839551940348,0.0,0.0,0.161562848418347
2065,0.4295242257090371,0.23003215830237775,0.0,0.0,0.161562848418347
2066,0.4295242257090371,0.2315493575455357,0.0,0.0,0.161562848418347
2067,0.4295242257090371,0.23003215830237775,0.0,0.0,0.161562848418347
2068,0.4295242257090371,0.2255839551940348,0.0,0.0,0.161562848418347
2069,0.4295242257090371,0.21850788591133716,0.0,0.0,0.161562848418347
2070,0.4295242257090371,0.20928617288214338,0.12039559455520984,0.08992509002661841,0.161562848418347
2071,0.4773132916398559,0.1985472606097916,0.2473494553503968,0.18474863737825156,0.17953840637969354
2072,0.5227060142551425,0.18702298821875105,0.3594687804309247,0.26849207034054906,0.19661259480546484
2073,0.5634262128994638,0.17549871582771048,0.4500293256303593,0.3361329604412609,0.2119292425923909
2074,0.5974320067800517,0.1647598035553587,0.5135998130014867,0.3836146130798313,0.22472030906368395
2075,0.6230182033959042,0.1555380905261649,0.5463676662684893,0.4080893637208358,0.23434439673563112
2076,0.63890180401005,0.1484620212434673,0.5463676662684894,0.4080893637208359,0.2403189136656708
2077,0.6442863385635555,0.14401381813512437,0.5135998130014867,0.3836146130798313,0.2423442726275205
2078,0.63890180401005,0.14249661889196638,0.4500293256303594,0.33613296044126095,0.2403189136656708
2079,0.6230182033959042,0.14401381813512432,0.35946878043092484,0.26849207034054917,0.23434439673563112
2080,0.5974320067800517,0.1484620212434673,0.24734945535039685,0.1847486373782516,0.22472030906368395
2081,0.5634262128994639,0.15553809052616488,0.12039559455521001,0.08992509002661854,0.21192924259239093
2082,0.5227060142551425,0.16475980355535869,0.0,0.0,0.19661259480546484
2083,0.4773132916398559,0.17549871582771043,0.0,0.0,0.17953840637969354
2084,0.4295242257090371,0.18702298821875105,0.0,0.0,0.161562848418347
2085,0.4295242257090371,0.1985472606097916,0.0,0.0,0.161562848418347
2086,0.4295242257090371,0.20928617288214338,0.0,0.0,0.161562848418347
2087,0.4295242257090371,0.21850788591133716,0.0,0.0,0.161562848418347
2088,0.4295242257090371,0.22331726372922683,0.0,0.0,0.161562848418347
2089,0.4295242257090371,0.2277654668375698,0.0,0.0,0.161562848418347
2090,0.4295242257090371,0.22928266608072775,0.0,0.0,0.161562848418347
2091,0.4295242257090371,0.2277654668375698,0.0,0.0,0.161562848418347
2092,0.4295242257090371,0.22331726372922683,0.0,0.0,0.161562848418347
2093,0.4295242257090371,0.21624119444652923,0.0,0.0,0.161562848418347
2094,0.4295242257090371,0.20701948141733542,0.12031175681135463,0.08986247048732661,0.161562848418347
2095,0.4773132916398559,0.19628056914498368,0.2472866534710547,0.1847017298092949,0.17953840637969354
2096,0.5227060142551425,0.18475629675394312,0.35942736973132844,0.26846114013165717,0.19661259480546484
2097,0.5634262128994638,0.17323202436290253,0.4500068316002086,0.336116159347385,0.2119292425923909
2098,0.5974320067800517,0.16249311209055078,0.5135913771352272,0.38360831221778036,0.22472030906368395
2099,0.6230182033959042,0.15327139906135698,0.546366709827283,0.4080886493420256,0.23434439673563112
2100,0.63890180401005,0.14619532977865934,0.546366709827283,0.4080886493420256,0.2403189136656708
2101,0.6442863385635555,0.14174712667031641,0.5135913771352272,0.38360831221778036,0.2423442726275205
2102,0.63890180401005,0.14022992742715842,0.4500068316002086,0.336116159347385,0.2403189136656708
2103,0.6230182033959042,0.1417471266703164,0.3594273697313285,0.2684611401316572,0.23434439673563112
2104,0.5974320067800517,0.14619532977865934,0.24728665347105472,0.18470172980929492,0.22472030906368395
2105,0.5634262128994639,0.15327139906135692,0.1203117568113547,0.08986247048732666,0.21192924259239093
2106,0.5227060142551425,0.16249311209055076,0.0,0.0,0.19661259480546484
2107,0.4773132916398559,0.17323202436290247,0.0,0.0,0.17953840637969354
2108,0.4295242257090371,0.18475629675394312,0.0,0.0,0.161562848418347
2109,0.4295242257090371,0.19628056914498368,0.0,0.0,0.161562848418347
2110,0.4295242257090371,0.20701948141733542,0.0,0.0,0.161562848418347
2111,0.4295242257090371,0.21624119444652923,0.0,0.0,0.161562848418347
2112,0.4295242257090371,0.2298439416801919,0.0,0.0,0.161562848418347
2113,0.4295242257090371,0.23429214478853486,0.0,0.0,0.161562848418347
2114,0.4295242257090371,0.2358093440316928,0.0,0.0,0.161562848418347
2115,0.4295242257090371,0.23429214478853486,0.0,0.0,0.161562848418347
2116,0.4295242257090371,0.2298439416801919,0.0,0.0,0.161562848418347
2117,0.4295242257090371,0.22276787239749427,0.0,0.0,0.161562848418347
2118,0.4295242257090371,0.21354615936830046,0.12021454198151124,0.0897898594224626,0.161562848418347
2119,0.4773132916398559,0.20280724709594874,0.24721382867233282,0.1846473359869509,0.17953840637969354
2120,0.5227060142551425,0.19128297470490815,0.35937934894590046,0.2684252727606897,0.19661259480546484
2121,0.5634262128994638,0.17975870231386756,0.44998074658895715,0.3360966761013925,0.2119292425923909
2122,0.5974320067800517,0.16901979004151585,0.5135815944528616,0.38360100540065234,0.22472030906368395
2123,0.6230182033959042,0.15979807701232202,0.5463656006812104,0.40808782090589557,0.23434439673563112
2124,0.63890180401005,0.1527220077296244,0.5463656006812104,0.40808782090589557,0.2403189136656708
2125,0.6442863385635555,0.14827380462128145,0.5135815944528616,0.38360100540065234,0.2423442726275205
2126,0.63890180401005,0.1467566053781235,0.4499807465889571,0.33609667610139243,0.2403189136656708
2127,0.6230182033959042,0.14827380462128142,0.35937934894590046,0.2684252727606897,0.23434439673563112
2128,0.5974320067800517,0.1527220077296244,0.24721382867233294,0.184647335986951,0.22472030906368395
2129,0.5634262128994639,0.15979807701232202,0.12021454198151123,0.08978985942246259,0.21192924259239093
2130,0.5227060142551425,0.1690197900415158,0.0,0.0,0.19661259480546484
2131,0.4773132916398559,0.17975870231386754,0.0,0.0,0.17953840637969354
2132,0.4295242257090371,0.19128297470490815,0.0,0.0,0.161562848418347
2133,0.4295242257090371,0.20280724709594874,0.0,0.0,0.161562848418347
2134,0.4295242257090371,0.21354615936830046,0.0,0.0,0.161562848418347
2135,0.4295242257090371,0.22276787239749427,0.0,0.0,0.161562848418347
2136,0.4295242257090371,0.24211008389772784,0.0,0.0,0.161562848418347
2137,0.4295242257090371,0.24655828700607077,0.0,0.0,0.161562848418347
2138,0.4295242257090371,0.24807548624922876,0.0,0.0,0.161562848418347
2139,0.4295242257090371,0.24655828700607077,0.0,0.0,0.161562848418347
2140,0.4295242257090371,0.24211008389772784,0.0,0.0,0.161562848418347
2141,0.4295242257090371,0.2350340146150302,0.0,0.0,0.161562848418347
2142,0.4295242257090371,0.2258123015858364,0.12010396651854188,0.08970726912089061,0.161562848418347
2143,0.4773132916398559,0.21507338931348466,0.24713099225984733,0.1845854643555365,0.17953840637969354
2144,0.5227060142551425,0.2035491169224441,0.3593247250375284,0.26838447342832117,0.19661259480546484
2145,0.5634262128994638,0.1920248445314035,0.4499510741907741,0.33607451338781674,0.2119292425923909
2146,0.5974320067800517,0.1812859322590518,0.5135704662572634,0.3835926936015812,0.22472030906368395
2147,0.6230182033959042,0.17206421922985796,0.5463643389754985,0.4080868785209176,0.23434439673563112
2148,0.63890180401005,0.16498814994716032,0.5463643389754985,0.4080868785209176,0.2403189136656708
2149,0.6442863385635555,0.1605399468388174,0.5135704662572635,0.38359269360158127,0.2423442726275205
2150,0.63890180401005,0.15902274759565943,0.4499510741907743,0.33607451338781685,0.2403189136656708
2151,0.6230182033959042,0.16053994683881737,0.35932472503752855,0.2683844734283213,0.23434439673563112
2152,0.5974320067800517,0.16498814994716032,0.24713099225984736,0.18458546435553652,0.22472030906368395
2153,0.5634262128994639,0.17206421922985793,0.120103966518542,0.08970726912089069,0.21192924259239093
2154,0.5227060142551425,0.18128593225905174,0.0,0.0,0.19661259480546484
2155,0.4773132916398559,0.19202484453140348,0.0,0.0,0.17953840637969354
2156,0.4295242257090371,0.2035491169224441,0.0,0.0,0.161562848418347
2157,0.4295242257090371,0.21507338931348466,0.0,0.0,0.161562848418347
2158,0.4295242257090371,0.2258123015858364,0.0,0.0,0.161562848418347
2159,0.4295242257090371,0.2350340146150302,0.0,0.0,0.161562848418347
2160,0.4295242257090371,0.25437622611526384,0.0,0.0,0.161562848418347
2161,0.4295242257090371,0.25882442922360677,0.0,0.0,0.161562848418347
2162,0.4295242257090371,0.26034162846676473,0.0,0.0,0.161562848418347
2163,0.4295242257090371,0.25882442922360677,0.0,0.0,0.161562848418347
2164,0.4295242257090371,0.25437622611526384,0.0,0.0,0.161562848418347
2165,0.4295242257090371,0.2473001568325662,0.0,0.0,0.161562848418347
2166,0.4295242257090371,0.2380784438033724,0.11998004916481168,0.0896147135815354,0.161562848418347
2167,0.4773132916398559,0.22733953153102066,0.24703815711583194,0.18451612453696536,0.17953840637969354
2168,0.5227060142551425,0.2158152591399801,0.3592635059418549,0.2683387480617899,0.19661259480546484
2169,0.5634262128994638,0.2042909867489395,0.4499178185026624,0.3360496742667642,0.2119292425923909
2170,0.5974320067800517,0.19355207447658776,0.5135579940337591,0.3835833779299771,0.22472030906368395
2171,0.6230182033959042,0.18433036144739395,0.5463629248757211,0.4080858223107609,0.23434439673563112
2172,0.63890180401005,0.17725429216469635,0.5463629248757212,0.40808582231076096,0.2403189136656708
2173,0.6442863385635555,0.1728060890563534,0.5135579940337592,0.38358337792997715,0.2423442726275205
2174,0.63890180401005,0.1712888898131954,0.44991781850266244,0.33604967426676424,0.2403189136656708
2175,0.6230182033959042,0.17280608905635336,0.359263505941855,0.26833874806179003,0.23434439673563112
2176,0.5974320067800517,0.17725429216469635,0.247038157115832,0.18451612453696542,0.22472030906368395
2177,0.5634262128994639,0.18433036144739393,0.11998004916481157,0.08961471358153532,0.21192924259239093
2178,0.5227060142551425,0.19355207447658773,0.0,0.0,0.19661259480546484
2179,0.4773132916398559,0.20429098674893947,0.0,0.0,0.17953840637969354
2180,0.4295242257090371,0.2158152591399801,0.0,0.0,0.161562848418347
2181,0.4295242257090371,0.22733953153102066,0.0,0.0,0.161562848418347
2182,0.4295242257090371,0.2380784438033724,0.0,0.0,0.161562848418347
2183,0.4295242257090371,0.2473001568325662,0.0,0.0,0.161562848418347
2184,0.5271433679156364,0.28022904510817187,0.0,0.0,0.198281677604335
2185,0.5271433679156364,0.28500674474305876,0.0,0.0,0.198281677604335
2186,0.5271433679156364,0.2866363291153395,0.0,0.0,0.198281677604335
2187,0.5271433679156364,0.28500674474305876,0.0,0.0,0.198281677604335
2188,0.5271433679156364,0.28022904510817187,0.0,0.0,0.198281677604335
2189,0.5271433679156364,0.2726288225452744,0.0,0.0,0.198281677604335
2190,0.5271433679156364,0.26272401966206627,0.11399682018139867,0.08514575932310897,0.198281677604335
2191,0.5857935851943686,0.2511896324065773,0.23488971147621882,0.17544228697786163,0.22034258964780568
2192,0.6415028356767658,0.23881171020879302,0.3416739590807197,0.25520087876633435,0.2412972754430705
2193,0.6914776249220692,0.2264337880110087,0.42793557026732615,0.3196308371917614,0.260094979545207
2194,0.7332120083209724,0.21489940075551978,0.4884932438682008,0.3648621786746427,0.27579310657815753
2195,0.764613249622246,0.20499459787231164,0.5197095849792426,0.3881780840039261,0.28760448690282003
2196,0.7841067594668795,0.1973943753094142,0.5197095849792426,0.3881780840039261,0.29493684858968683
2197,0.7907150518734545,0.1926166756745273,0.4884932438682008,0.3648621786746427,0.2974225164065024
2198,0.7841067594668795,0.19098709130224653,0.4279355702673261,0.31963083719176133,0.29493684858968683
2199,0.764613249622246,0.19261667567452728,0.34167395908071985,0.25520087876633446,0.28760448690282003
2200,0.7332120083209724,0.1973943753094142,0.23488971147621904,0.1754422869778618,0.27579310657815753
2201,0.6914776249220693,0.20499459787231158,0.11399682018139859,0.08514575932310892,0.26009497954520705
2202,0.6415028356767658,0.21489940075551975,0.0,0.0,0.2412972754430705
2203,0.5857935851943686,0.22643378801100864,0.0,0.0,0.22034258964780568
2204,0.5271433679156364,0.23881171020879302,0.0,0.0,0.198281677604335
2205,0.5271433679156364,0.2511896324065773,0.0,0.0,0.198281677604335
2206,0.5271433679156364,0.26272401966206627,0.0,0.0,0.198281677604335
2207,0.5271433679156364,0.2726288225452744,0.0,0.0,0.198281677604335
2208,0.5271433679156364,0.27779445057189667,0.0,0.0,0.198281677604335
2209,0.5271433679156364,0.2825721502067835,0.0,0.0,0.198281677604335
2210,0.5271433679156364,0.28420173457906434,0.0,0.0,0.198281677604335
2211,0.5271433679156364,0.2825721502067835,0.0,0.0,0.198281677604335
2212,0.5271433679156364,0.27779445057189667,0.0,0.0,0.198281677604335
2213,0.5271433679156364,0.2701942280089992,0.0,0.0,0.198281677604335
2214,0.5271433679156364,0.260289425125791,0.11385362767626678,0.08503880691373972,0.198281677604335
2215,0.5857935851943686,0.24875503787030218,0.2347824256913683,0.17536215378115375,0.22034258964780568
2216,0.6415028356767658,0.2363771156725178,0.3416032057107088,0.2551480321219748,0.2412972754430705
2217,0.6914776249220692,0.2239991934747335,0.42789713343527136,0.3196021282045627,0.260094979545207
2218,0.7332120083209724,0.21246480621924457,0.48847882805268034,0.3648514113080022,0.27579310657815753
2219,0.764613249622246,0.20256000333603644,0.519707950490029,0.3881768631819333,0.28760448690282003
2220,0.7841067594668795,0.194959780773139,0.519707950490029,0.3881768631819333,0.29493684858968683
2221,0.7907150518734545,0.1901820811382521,0.48847882805268034,0.3648514113080022,0.2974225164065024
2222,0.7841067594668795,0.18855249676597133,0.42789713343527136,0.3196021282045627,0.29493684858968683
2223,0.764613249622246,0.19018208113825208,0.3416032057107088,0.2551480321219748,0.28760448690282003
2224,0.7332120083209724,0.194959780773139,0.23478242569136842,0.17536215378115383,0.27579310657815753
2225,0.6914776249220693,0.20256000333603638,0.1138536276762668,0.08503880691373975,0.26009497954520705
2226,0.6415028356767658,0.21246480621924455,0.0,0.0,0.2412972754430705
2227,0.5857935851943686,0.22399919347473343,0.0,0.0,0.22034258964780568
2228,0.5271433679156364,0.2363771156725178,0.0,0.0,0.198281677604335
2229,0.5271433679156364,0.24875503787030218,0.0,0.0,0.198281677604335
2230,0.5271433679156364,0.260289425125791,0.0,0.0,0.198281677604335
2231,0.5271433679156364,0.2701942280089992,0.0,0.0,0.198281677604335
2232,0.5271433679156364,0.26705429976341116,0.0,0.0,0.198281677604335
2233,0.5271433679156364,0.27183199939829805,0.0,0.0,0.198281677604335
2234,0.5271433679156364,0.2734615837705788,0.0,0.0,0.198281677604335
2235,0.5271433679156364,0.27183199939829805,0.0,0.0,0.198281677604335
2236,0.5271433679156364,0.26705429976341116,0.0,0.0,0.198281677604335
2237,0.5271433679156364,0.25945407720051367,0.0,0.0,0.198281677604335
2238,0.5271433679156364,0.24954927431730556,0.11369781073349462,0.08492242514197952,0.198281677604335
2239,0.5857935851943686,0.23801488706181664,0.23466567474451838,0.175274950927553,0.22034258964780568
2240,0.6415028356767658,0.2256369648640323,0.34152620711524784,0.25509052083466954,0.2412972754430705
2241,0.6914776249220692,0.213259042666248,0.4278553026967151,0.3195708842629181,0.260094979545207
2242,0.7332120083209724,0.2017246554107591,0.48846313906218336,0.3648396929898355,0.27579310657815753
2243,0.764613249622246,0.19181985252755093,0.5197061716304556,0.3881755345277755,0.28760448690282003
2244,0.7841067594668795,0.18421962996465346,0.5197061716304556,0.3881755345277755,0.29493684858968683
2245,0.7907150518734545,0.1794419303297666,0.48846313906218336,0.3648396929898355,0.2974225164065024
2246,0.7841067594668795,0.17781234595748582,0.4278553026967153,0.3195708842629182,0.29493684858968683
2247,0.764613249622246,0.17944193032976657,0.34152620711524795,0.25509052083466965,0.28760448690282003
2248,0.7332120083209724,0.18421962996465346,0.23466567474451844,0.17527495092755302,0.27579310657815753
2249,0.6914776249220693,0.19181985252755088,0.11369781073349482,0.08492242514197966,0.26009497954520705
2250,0.6415028356767658,0.20172465541075907,0.0,0.0,0.2412972754430705
2251,0.5857935851943686,0.21325904266624796,0.0,0.0,0.22034258964780568
2252,0.5271433679156364,0.2256369648640323,0.0,0.0,0.198281677604335
2253,0.5271433679156364,0.23801488706181664,0.0,0.0,0.198281677604335
2254,0.5271433679156364,0.24954927431730556,0.0,0.0,0.198281677604335
2255,0.5271433679156364,0.25945407720051367,0.0,0.0,0.198281677604335
2256,0.5271433679156364,0.2530340286094865,0.0,0.0,0.198281677604335
2257,0.5271433679156364,0.2578117282443734,0.0,0.0,0.198281677604335
2258,0.5271433679156364,0.2594413126166541,0.0,0.0,0.198281677604335
2259,0.5271433679156364,0.2578117282443734,0.0,0.0,0.198281677604335
2260,0.5271433679156364,0.2530340286094865,0.0,0.0,0.198281677604335
2261,0.5271433679156364,0.245433806046589,0.0,0.0,0.198281677604335
2262,0.5271433679156364,0.23552900316338085,0.11352939597467941,0.08479663389185763,0.198281677604335
2263,0.5857935851943686,0.22399461590789196,0.2345394769587997,0.1751806921028523,0.22034258964780568
2264,0.6415028356767658,0.21161669371010763,0.341442974594713,0.2550283533448217,0.2412972754430705
2265,0.6914776249220692,0.19923877151232328,0.4278100838910799,0.3195371097283708,0.260094979545207
2266,0.7332120083209724,0.1877043842568344,0.4884461790150519,0.3648270253023608,0.27579310657815753
2267,0.764613249622246,0.17779958137362623,0.5197042486367354,0.38817409821788346,0.28760448690282003
2268,0.7841067594668795,0.17019935881072878,0.5197042486367354,0.3881740982178835,0.29493684858968683
2269,0.7907150518734545,0.1654216591758419,0.48844617901505194,0.36482702530236083,0.2974225164065024
2270,0.7841067594668795,0.16379207480356112,0.42781008389107994,0.31953710972837085,0.29493684858968683
2271,0.764613249622246,0.16542165917584187,0.3414429745947131,0.25502835334482177,0.28760448690282003
2272,0.7332120083209724,0.17019935881072878,0.23453947695879968,0.17518069210285228,0.27579310657815753
2273,0.6914776249220693,0.1777995813736262,0.11352939597467951,0.0847966338918577,0.26009497954520705
2274,0.6415028356767658,0.18770438425683436,0.0,0.0,0.2412972754430705
2275,0.5857935851943686,0.19923877151232328,0.0,0.0,0.22034258964780568
2276,0.5271433679156364,0.21161669371010763,0.0,0.0,0.198281677604335
2277,0.5271433679156364,0.22399461590789196,0.0,0.0,0.198281677604335
2278,0.5271433679156364,0.23552900316338085,0.0,0.0,0.198281677604335
2279,0.5271433679156364,0.245433806046589,0.0,0.0,0.198281677604335
2280,0.5271433679156364,0.24229387780100053,0.0,0.0,0.198281677604335
2281,0.5271433679156364,0.24707157743588742,0.0,0.0,0.198281677604335
2282,0.5271433679156364,0.2487011618081682,0.0,0.0,0.198281677604335
2283,0.5271433679156364,0.24707157743588742,0.0,0.0,0.198281677604335
2284,0.5271433679156364,0.24229387780100053,0.0,0.0,0.198281677604335
2285,0.5271433679156364,0.23469365523810307,0.0,0.0,0.198281677604335
2286,0.5271433679156364,0.22478885235489493,0.1133484122445677,0.08466145470790346,0.198281677604335
2287,0.5857935851943686,0.21325446509940602,0.23440385219594032,0.1750793921420437,0.22034258964780568
2288,0.6415028356767658,0.2008765429016217,0.3413535204027402,0.25496153880483685,0.2412972754430705
2289,0.6914776249220692,0.18849862070383738,0.42776148335214337,0.3195008093317047,0.260094979545207
2290,0.7332120083209724,0.17696423344834847,0.48842795020940316,0.36481340996207284,0.27579310657815753
2291,0.764613249622246,0.1670594305651403,0.5197021817651533,0.38817255444368,0.28760448690282003
2292,0.7841067594668795,0.15945920800224286,0.5197021817651533,0.38817255444368,0.29493684858968683
2293,0.7907150518734545,0.154681508367356,0.48842795020940316,0.36481340996207284,0.2974225164065024
2294,0.7841067594668795,0.1530519239950752,0.42776148335214337,0.3195008093317047,0.29493684858968683
2295,0.764613249622246,0.15468150836735595,0.3413535204027402,0.25496153880483685,0.28760448690282003
2296,0.7332120083209724,0.15945920800224286,0.23440385219594057,0.1750793921420439,0.27579310657815753
2297,0.6914776249220693,0.16705943056514028,0.11334841224456782,0.08466145470790355,0.26009497954520705
2298,0.6415028356767658,0.17696423344834844,0.0,0.0,0.2412972754430705
2299,0.5857935851943686,0.18849862070383736,0.0,0.0,0.22034258964780568
2300,0.5271433679156364,0.2008765429016217,0.0,0.0,0.198281677604335
2301,0.5271433679156364,0.21325446509940602,0.0,0.0,0.198281677604335
2302,0.5271433679156364,0.22478885235489493,0.0,0.0,0.198281677604335
2303,0.5271433679156364,0.23469365523810307,0.0,0.0,0.198281677604335
2304,0.5271433679156364,0.23985928326472514,0.0,0.0,0.198281677604335
2305,0.5271433679156364,0.24463698289961203,0.0,0.0,0.198281677604335
2306,0.5271433679156364,0.24626656727189283,0.0,0.0,0.198281677604335
2307,0.5271433679156364,0.24463698289961203,0.0,0.0,0.198281677604335
2308,0.5271433679156364,0.23985928326472514,0.0,0.0,0.198281677604335
2309,0.5271433679156364,0.2322590607018277,0.0,0.0,0.198281677604335
2310,0.5271433679156364,0.22235425781861956,0.11315489062260861,0.08451691080377591,0.198281677604335
2311,0.5857935851943686,0.21081987056313062,0.23425882186620609,0.17497106703674298,0.22034258964780568
2312,0.6415028356767658,0.19844194836534632,0.3412578577533841,0.2548900870844702,0.2412972754430705
2313,0.6914776249220692,0.18606402616756199,0.4277095079121539,0.31946198817601795,0.260094979545207
2314,0.7332120083209724,0.1745296389120731,0.488408455124726,0.3647988488209352,0.27579310657815753
2315,0.764613249622246,0.1646248360288649,0.5196999712922497,0.38817090341171656,0.28760448690282003
2316,0.7841067594668795,0.15702461346596747,0.5196999712922497,0.38817090341171656,0.29493684858968683
2317,0.7907150518734545,0.1522469138310806,0.4884084551247261,0.3647988488209353,0.2974225164065024
2318,0.7841067594668795,0.1506173294587998,0.4277095079121539,0.31946198817601795,0.29493684858968683
2319,0.764613249622246,0.15224691383108055,0.3412578577533841,0.2548900870844702,0.28760448690282003
2320,0.7332120083209724,0.15702461346596747,0.23425882186620592,0.17497106703674284,0.27579310657815753
2321,0.6914776249220693,0.16462483602886488,0.11315489062260864,0.08451691080377594,0.26009497954520705
2322,0.6415028356767658,0.17452963891207304,0.0,0.0,0.2412972754430705
2323,0.5857935851943686,0.18606402616756196,0.0,0.0,0.22034258964780568
2324,0.5271433679156364,0.19844194836534632,0.0,0.0,0.198281677604335
2325,0.5271433679156364,0.21081987056313062,0.0,0.0,0.198281677604335
2326,0.5271433679156364,0.22235425781861956,0.0,0.0,0.198281677604335
2327,0.5271433679156364,0.2322590607018277,0.0,0.0,0.198281677604335
2328,0.5271433679156364,0.24686941884168792,0.0,0.0,0.198281677604335
2329,0.5271433679156364,0.2516471184765748,0.0,0.0,0.198281677604335
2330,0.5271433679156364,0.25327670284885556,0.0,0.0,0.198281677604335
2331,0.5271433679156364,0.2516471184765748,0.0,0.0,0.198281677604335
2332,0.5271433679156364,0.24686941884168792,0.0,0.0,0.198281677604335
2333,0.5271433679156364,0.23926919627879045,0.0,0.0,0.198281677604335
2334,0.5271433679156364,0.22936439339558232,0.11294886443530361,0.08436302707148745,0.198281677604335
2335,0.5857935851943686,0.2178300061400934,0.23410440893904041,0.17485573394313647,0.22034258964780568
2336,0.6415028356767658,0.2054520839423091,0.341156000828786,0.254814008776554,0.2412972754430705
2337,0.6914776249220692,0.19307416174452474,0.42765416490623903,0.31942065174001605,0.260094979545207
2338,0.7332120083209724,0.18153977448903585,0.4883876964235927,0.3647833438676589,0.27579310657815753
2339,0.764613249622246,0.1716349716058277,0.5196976175150174,0.3881691453438214,0.28760448690282003
2340,0.7841067594668795,0.16403474904293022,0.5196976175150174,0.3881691453438214,0.29493684858968683
2341,0.7907150518734545,0.15925704940804336,0.4883876964235928,0.364783343867659,0.2974225164065024
2342,0.7841067594668795,0.15762746503576255,0.4276541649062391,0.3194206517400161,0.29493684858968683
2343,0.764613249622246,0.1592570494080433,0.341156000828786,0.254814008776554,0.28760448690282003
2344,0.7332120083209724,0.16403474904293022,0.23410440893904055,0.17485573394313658,0.27579310657815753
2345,0.6914776249220693,0.17163497160582766,0.11294886443530368,0.0843630270714875,0.26009497954520705
2346,0.6415028356767658,0.1815397744890358,0.0,0.0,0.2412972754430705
2347,0.5857935851943686,0.19307416174452474,0.0,0.0,0.22034258964780568
2348,0.5271433679156364,0.2054520839423091,0.0,0.0,0.198281677604335
2349,0.5271433679156364,0.2178300061400934,0.0,0.0,0.198281677604335
2350,0.5271433679156364,0.22936439339558232,0.0,0.0,0.198281677604335
2351,0.5271433679156364,0.23926919627879045,0.0,0.0,0.198281677604335
2352,0.5271433679156364,0.2600441641864485,0.0,0.0,0.198281677604335
2353,0.5271433679156364,0.2648218638213354,0.0,0.0,0.198281677604335
2354,0.5271433679156364,0.2664514481936162,0.0,0.0,0.198281677604335
2355,0.5271433679156364,0.2648218638213354,0.0,0.0,0.198281677604335
2356,0.5271433679156364,0.2600441641864485,0.0,0.0,0.198281677604335
2357,0.5271433679156364,0.2524439416235511,0.0,0.0,0.198281677604335
2358,0.5271433679156364,0.24253913874034294,0.11273036926933595,0.0841998300912108,0.198281677604335
2359,0.5857935851943686,0.23100475148485403,0.23394063795439032,0.17473341119044095,0.22034258964780568
2360,0.6415028356767658,0.2186268292870697,0.3410479647873434,0.2547333152030995,0.2412972754430705
2361,0.6914776249220692,0.20624890708928537,0.4275954621771058,0.31937680588152256,0.260094979545207
2362,0.7332120083209724,0.19471451983379648,0.48836567695348243,0.3647668972290645,0.27579310657815753
2363,0.764613249622246,0.18480971695058832,0.5196951207511122,0.3881672804772557,0.28760448690282003
2364,0.7841067594668795,0.17720949438769087,0.5196951207511122,0.3881672804772557,0.29493684858968683
2365,0.7907150518734545,0.172431794752804,0.48836567695348243,0.3647668972290645,0.2974225164065024
2366,0.7841067594668795,0.1708022103805232,0.4275954621771058,0.31937680588152256,0.29493684858968683
2367,0.764613249622246,0.17243179475280396,0.3410479647873433,0.25473331520309944,0.28760448690282003
2368,0.7332120083209724,0.17720949438769087,0.2339406379543903,0.17473341119044092,0.27579310657815753
2369,0.6914776249220693,0.1848097169505883,0.11273036926933616,0.08419983009121096,0.26009497954520705
2370,0.6415028356767658,0.19471451983379642,0.0,0.0,0.2412972754430705
2371,0.5857935851943686,0.20624890708928534,0.0,0.0,0.22034258964780568
2372,0.5271433679156364,0.2186268292870697,0.0,0.0,0.198281677604335
2373,0.5271433679156364,0.23100475148485403,0.0,0.0,0.198281677604335
2374,0.5271433679156364,0.24253913874034294,0.0,0.0,0.198281677604335
2375,0.5271433679156364,0.2524439416235511,0.0,0.0,0.198281677604335
2376,0.5271433679156364,0.27321890953120914,0.0,0.0,0.198281677604335
2377,0.5271433679156364,0.27799660916609603,0.0,0.0,0.198281677604335
2378,0.5271433679156364,0.2796261935383768,0.0,0.0,0.198281677604335
2379,0.5271433679156364,0.27799660916609603,0.0,0.0,0.198281677604335
2380,0.5271433679156364,0.27321890953120914,0.0,0.0,0.198281677604335
2381,0.5271433679156364,0.2656186869683117,0.0,0.0,0.198281677604335
2382,0.5271433679156364,0.2557138840851036,0.11249944298546051,0.08402734814165334,0.198281677604335
2383,0.5857935851943686,0.24417949682961465,0.23376753503470693,0.17460411828986674,0.22034258964780568
2384,0.6415028356767658,0.23180157463183032,0.34093376577237267,0.2546480184217668,0.2412972754430705
2385,0.6914776249220692,0.21942365243404602,0.4275334080800276,0.3193304568412035,0.260094979545207
2386,0.7332120083209724,0.2078892651785571,0.4883423997487182,0.36474951117152876,0.27579310657815753
2387,0.764613249622246,0.19798446229534894,0.5196924813390761,0.38816530906488095,0.28760448690282003
2388,0.7841067594668795,0.1903842397324515,0.5196924813390761,0.3881653090648809,0.29493684858968683
2389,0.7907150518734545,0.1856065400975646,0.4883423997487182,0.36474951117152876,0.2974225164065024
2390,0.7841067594668795,0.18397695572528383,0.4275334080800277,0.31933045684120354,0.29493684858968683
2391,0.764613249622246,0.18560654009756458,0.34093376577237283,0.25464801842176693,0.28760448690282003
2392,0.7332120083209724,0.1903842397324515,0.2337675350347069,0.17460411828986672,0.27579310657815753
2393,0.6914776249220693,0.19798446229534888,0.1124994429854605,0.08402734814165333,0.26009497954520705
2394,0.6415028356767658,0.20788926517855708,0.0,0.0,0.2412972754430705
2395,0.5857935851943686,0.21942365243404596,0.0,0.0,0.22034258964780568
2396,0.5271433679156364,0.23180157463183032,0.0,0.0,0.198281677604335
2397,0.5271433679156364,0.24417949682961465,0.0,0.0,0.198281677604335
2398,0.5271433679156364,0.2557138840851036,0.0,0.0,0.198281677604335
2399,0.5271433679156364,0.2656186869683117,0.0,0.0,0.198281677604335
2400,0.5271433679156364,0.28022904510817187,0.0,0.0,0.198281677604335
2401,0.5271433679156364,0.28500674474305876,0.0,0.0,0.198281677604335
2402,0.5271433679156364,0.28663632911533954,0.0,0.0,0.198281677604335
2403,0.5271433679156364,0.28500674474305876,0.0,0.0,0.198281677604335
2404,0.5271433679156364,0.28022904510817187,0.0,0.0,0.198281677604335
2405,0.5271433679156364,0.27262882254527443,0.0,0.0,0.198281677604335
2406,0.5271433679156364,0.26272401966206627,0.11225612573313706,0.08384561121098699,0.198281677604335
2407,0.5857935851943686,0.2511896324065774,0.23358512789760802,0.17446787594407562,0.22034258964780568
2408,0.6415028356767658,0.23881171020879302,0.34081342092125944,0.2545581312327,0.2412972754430705
2409,0.6914776249220692,0.22643378801100872,0.4274680114881131,0.31928161124650317,0.260094979545207
2410,0.7332120083209724,0.21489940075551983,0.48831786803251415,0.3647311881025136,0.27579310657815753
2411,0.764613249622246,0.20499459787231167,0.5196896996385727,0.38816323137533487,0.28760448690282003
2412,0.7841067594668795,0.19739437530941423,0.5196896996385727,0.38816323137533487,0.29493684858968683
2413,0.7907150518734545,0.19261667567452737,0.48831786803251415,0.3647311881025136,0.2974225164065024
2414,0.7841067594668795,0.19098709130224656,0.42746801148811325,0.3192816112465033,0.29493684858968683
2415,0.764613249622246,0.1926166756745273,0.34081342092125944,0.2545581312327,0.28760448690282003
2416,0.7332120083209724,0.19739437530941423,0.23358512789760813,0.1744678759440757,0.27579310657815753
2417,0.6914776249220693,0.20499459787231164,0.1122561257331372,0.08384561121098709,0.26009497954520705
2418,0.6415028356767658,0.21489940075551978,0.0,0.0,0.2412972754430705
2419,0.5857935851943686,0.2264337880110087,0.0,0.0,0.22034258964780568
2420,0.5271433679156364,0.23881171020879302,0.0,0.0,0.198281677604335
2421,0.5271433679156364,0.2511896324065774,0.0,0.0,0.198281677604335
2422,0.5271433679156364,0.26272401966206627,0.0,0.0,0.198281677604335
2423,0.5271433679156364,0.27262882254527443,0.0,0.0,0.198281677604335
2424,0.5271433679156364,0.2777944505718967,0.0,0.0,0.198281677604335
2425,0.5271433679156364,0.2825721502067836,0.0,0.0,0.198281677604335
2426,0.5271433679156364,0.28420173457906434,0.0,0.0,0.198281677604335
2427,0.5271433679156364,0.2825721502067836,0.0,0.0,0.198281677604335
2428,0.5271433679156364,0.2777944505718967,0.0,0.0,0.198281677604335
2429,0.5271433679156364,0.2701942280089992,0.0,0.0,0.198281677604335
2430,0.5271433679156364,0.2602894251257911,0.11200045996588442,0.08365465100831632,0.198281677604335
2431,0.5857935851943686,0.2487550378703022,0.23339344586918673,0.17432470605712128,0.22034258964780568
2432,0.6415028356767658,0.2363771156725179,0.3406869483750838,0.2544636671857159,0.2412972754430705
2433,0.6914776249220692,0.22399919347473357,0.42739928179785475,0.3192302761157883,0.260094979545207
2434,0.7332120083209724,0.21246480621924466,0.4882920852191306,0.36471193057217605,0.27579310657815753
2435,0.764613249622246,0.20256000333603652,0.5196867760306364,0.38816104769321724,0.28760448690282003
2436,0.7841067594668795,0.19495978077313908,0.5196867760306364,0.38816104769321724,0.29493684858968683
2437,0.7907150518734545,0.1901820811382522,0.4882920852191306,0.36471193057217605,0.2974225164065024
2438,0.7841067594668795,0.1885524967659714,0.4273992817978546,0.3192302761157882,0.29493684858968683
2439,0.764613249622246,0.19018208113825216,0.3406869483750836,0.2544636671857158,0.28760448690282003
2440,0.7332120083209724,0.19495978077313908,0.23339344586918673,0.17432470605712128,0.27579310657815753
2441,0.6914776249220693,0.20256000333603646,0.11200045996588438,0.08365465100831629,0.26009497954520705
2442,0.6415028356767658,0.21246480621924463,0.0,0.0,0.2412972754430705
2443,0.5857935851943686,0.22399919347473352,0.0,0.0,0.22034258964780568
2444,0.5271433679156364,0.2363771156725179,0.0,0.0,0.198281677604335
2445,0.5271433679156364,0.2487550378703022,0.0,0.0,0.198281677604335
2446,0.5271433679156364,0.2602894251257911,0.0,0.0,0.198281677604335
2447,0.5271433679156364,0.2701942280089992,0.0,0.0,0.198281677604335
2448,0.5271433679156364,0.26705429976341105,0.0,0.0,0.198281677604335
2449,0.5271433679156364,0.2718319993982979,0.0,0.0,0.198281677604335
2450,0.5271433679156364,0.27346158377057866,0.0,0.0,0.198281677604335
2451,0.5271433679156364,0.2718319993982979,0.0,0.0,0.198281677604335
2452,0.5271433679156364,0.26705429976341105,0.0,0.0,0.198281677604335
2453,0.5271433679156364,0.25945407720051356,0.0,0.0,0.198281677604335
2454,0.5271433679156364,0.2495492743173054,0.11173249045733577,0.0834545009756706,0.198281677604335
2455,0.5857935851943686,0.23801488706181653,0.23319251989795395,0.17417463174486303,0.22034258964780568
2456,0.6415028356767658,0.2256369648640322,0.34055436728871613,0.2543646405878451,0.2412972754430705
2457,0.6914776249220692,0.21325904266624787,0.42732722893494934,0.31917645886269547,0.260094979545207
2458,0.7332120083209724,0.20172465541075899,0.4882650549161374,0.36469174127505855,0.27579310657815753
2459,0.764613249622246,0.19181985252755082,0.5196837109179331,0.3881587583192846,0.28760448690282003
2460,0.7841067594668795,0.18421962996465335,0.5196837109179331,0.3881587583192846,0.29493684858968683
2461,0.7907150518734545,0.1794419303297665,0.4882650549161375,0.3646917412750586,0.2974225164065024
2462,0.7841067594668795,0.1778123459574857,0.4273272289349495,0.3191764588626956,0.29493684858968683
2463,0.764613249622246,0.17944193032976644,0.34055436728871646,0.2543646405878453,0.28760448690282003
2464,0.7332120083209724,0.18421962996465335,0.2331925198979541,0.17417463174486314,0.27579310657815753
2465,0.6914776249220693,0.1918198525275508,0.11173249045733594,0.08345450097567073,0.26009497954520705
2466,0.6415028356767658,0.20172465541075893,0.0,0.0,0.2412972754430705
2467,0.5857935851943686,0.21325904266624784,0.0,0.0,0.22034258964780568
2468,0.5271433679156364,0.2256369648640322,0.0,0.0,0.198281677604335
2469,0.5271433679156364,0.23801488706181653,0.0,0.0,0.198281677604335
2470,0.5271433679156364,0.2495492743173054,0.0,0.0,0.198281677604335
2471,0.5271433679156364,0.25945407720051356,0.0,0.0,0.198281677604335
2472,0.5271433679156364,0.2530340286094863,0.0,0.0,0.198281677604335
2473,0.5271433679156364,0.2578117282443732,0.0,0.0,0.198281677604335
2474,0.5271433679156364,0.25944131261665393,0.0,0.0,0.198281677604335
2475,0.5271433679156364,0.2578117282443732,0.0,0.0,0.198281677604335
2476,0.5271433679156364,0.2530340286094863,0.0,0.0,0.198281677604335
2477,0.5271433679156364,0.24543380604658885,0.0,0.0,0.198281677604335
2478,0.5271433679156364,0.23552900316338068,0.11145226431797058,0.083245196300501,0.198281677604335
2479,0.5857935851943686,0.2239946159078918,0.23298238256939552,0.1740176773458389,0.22034258964780568
2480,0.6415028356767658,0.21161669371010747,0.34041569784136944,0.2542610665112133,0.2412972754430705
2481,0.6914776249220692,0.19923877151232317,0.42725186336038834,0.3191201673006799,0.260094979545207
2482,0.7332120083209724,0.18770438425683425,0.4882367809267825,0.36467062305185827,0.27579310657815753
2483,0.764613249622246,0.1777995813736261,0.5196805047250332,0.3881563635706542,0.28760448690282003
2484,0.7841067594668795,0.17019935881072865,0.5196805047250332,0.3881563635706542,0.29493684858968683
2485,0.7907150518734545,0.16542165917584176,0.4882367809267825,0.36467062305185827,0.2974225164065024
2486,0.7841067594668795,0.16379207480356098,0.42725186336038845,0.31912016730067994,0.29493684858968683
2487,0.764613249622246,0.16542165917584173,0.3404156978413696,0.2542610665112134,0.28760448690282003
2488,0.7332120083209724,0.17019935881072865,0.23298238256939546,0.17401767734583887,0.27579310657815753
2489,0.6914776249220693,0.17779958137362603,0.11145226431797078,0.08324519630050117,0.26009497954520705
2490,0.6415028356767658,0.18770438425683422,0.0,0.0,0.2412972754430705
2491,0.5857935851943686,0.1992387715123231,0.0,0.0,0.22034258964780568
2492,0.5271433679156364,0.21161669371010747,0.0,0.0,0.198281677604335
2493,0.5271433679156364,0.2239946159078918,0.0,0.0,0.198281677604335
2494,0.5271433679156364,0.23552900316338068,0.0,0.0,0.198281677604335
2495,0.5271433679156364,0.24543380604658885,0.0,0.0,0.198281677604335
2496,0.5271433679156364,0.24229387780100048,0.0,0.0,0.198281677604335
2497,0.5271433679156364,0.24707157743588737,0.0,0.0,0.198281677604335
2498,0.5271433679156364,0.24870116180816812,0.0,0.0,0.198281677604335
2499,0.5271433679156364,0.24707157743588737,0.0,0.0,0.198281677604335
2500,0.5271433679156364,0.24229387780100048,0.0,0.0,0.198281677604335
2501,0.5271433679156364,0.234693655238103,0.0,0.0,0.198281677604335
2502,0.5271433679156364,0.22478885235489485,0.11115983101250115,0.08302677392866697,0.198281677604335
2503,0.5857935851943686,0.21325446509940593,0.23276306812113118,0.1738538684325878,0.22034258964780568
2504,0.6415028356767658,0.20087654290162163,0.3402709612476001,0.2541529608012582,0.2412972754430705
2505,0.6914776249220692,0.1884986207038373,0.42717319607681054,0.31906140964776064,0.260094979545207
2506,0.7332120083209724,0.1769642334483484,0.4882072672524626,0.36464857889127217,0.27579310657815753
2507,0.764613249622246,0.16705943056514022,0.519677157898697,0.3881538637810173,0.28760448690282003
2508,0.7841067594668795,0.15945920800224278,0.519677157898697,0.3881538637810173,0.29493684858968683
2509,0.7907150518734545,0.15468150836735592,0.4882072672524626,0.36464857889127217,0.2974225164065024
2510,0.7841067594668795,0.1530519239950751,0.42717319607681054,0.31906140964776064,0.29493684858968683
2511,0.764613249622246,0.15468150836735586,0.3402709612476001,0.2541529608012582,0.28760448690282003
2512,0.7332120083209724,0.15945920800224278,0.232763068121131,0.17385386843258765,0.27579310657815753
2513,0.6914776249220693,0.1670594305651402,0.11115983101250124,0.08302677392866703,0.26009497954520705
2514,0.6415028356767658,0.17696423344834836,0.0,0.0,0.2412972754430705
2515,0.5857935851943686,0.18849862070383727,0.0,0.0,0.22034258964780568
2516,0.5271433679156364,0.20087654290162163,0.0,0.0,0.198281677604335
2517,0.5271433679156364,0.21325446509940593,0.0,0.0,0.198281677604335
2518,0.5271433679156364,0.22478885235489485,0.0,0.0,0.198281677604335
2519,0.5271433679156364,0.234693655238103,0.0,0.0,0.198281677604335
2520,0.5271433679156364,0.23985928326472508,0.0,0.0,0.198281677604335
2521,0.5271433679156364,0.24463698289961192,0.0,0.0,0.198281677604335
2522,0.5271433679156364,0.24626656727189272,0.0,0.0,0.198281677604335
2523,0.5271433679156364,0.24463698289961192,0.0,0.0,0.198281677604335
2524,0.5271433679156364,0.23985928326472508,0.0,0.0,0.198281677604335
2525,0.5271433679156364,0.2322590607018276,0.0,0.0,0.198281677604335
2526,0.5271433679156364,0.22235425781861948,0.1108552423778866,0.0827992725778909,0.198281677604335
2527,0.5857935851943686,0.21081987056313056,0.23253461245865384,0.17368323182340567,0.22034258964780568
2528,0.6415028356767658,0.19844194836534623,0.34012017976874587,0.25404034008527265,0.2412972754430705
2529,0.6914776249220692,0.1860640261675619,0.42709123863511245,0.3190001945314577,0.260094979545207
2530,0.7332120083209724,0.17452963891207302,0.48817651809529744,0.36462561193192006,0.27579310657815753
2531,0.764613249622246,0.16462483602886482,0.519673670908171,0.38815125930086064,0.28760448690282003
2532,0.7841067594668795,0.15702461346596738,0.5196736709081711,0.3881512593008607,0.29493684858968683
2533,0.7907150518734545,0.15224691383108052,0.48817651809529744,0.36462561193192006,0.2974225164065024
2534,0.7841067594668795,0.15061732945879971,0.42709123863511256,0.3190001945314578,0.29493684858968683
2535,0.764613249622246,0.15224691383108047,0.340120179768746,0.2540403400852727,0.28760448690282003
2536,0.7332120083209724,0.15702461346596738,0.2325346124586539,0.1736832318234057,0.27579310657815753
2537,0.6914776249220693,0.1646248360288648,0.11085524237788673,0.08279927257789099,0.26009497954520705
2538,0.6415028356767658,0.17452963891207296,0.0,0.0,0.2412972754430705
2539,0.5857935851943686,0.18606402616756187,0.0,0.0,0.22034258964780568
2540,0.5271433679156364,0.19844194836534623,0.0,0.0,0.198281677604335
2541,0.5271433679156364,0.21081987056313056,0.0,0.0,0.198281677604335
2542,0.5271433679156364,0.22235425781861948,0.0,0.0,0.198281677604335
2543,0.5271433679156364,0.2322590607018276,0.0,0.0,0.198281677604335
2544,0.5271433679156364,0.24686941884168756,0.0,0.0,0.198281677604335
2545,0.5271433679156364,0.25164711847657445,0.0,0.0,0.198281677604335
2546,0.5271433679156364,0.25327670284885523,0.0,0.0,0.198281677604335
2547,0.5271433679156364,0.25164711847657445,0.0,0.0,0.198281677604335
2548,0.5271433679156364,0.24686941884168756,0.0,0.0,0.198281677604335
2549,0.5271433679156364,0.23926919627879015,0.0,0.0,0.198281677604335
2550,0.5271433679156364,0.22936439339558198,0.11053855264194833,0.08256273275166248,0.198281677604335
2551,0.5857935851943686,0.21783000614009304,0.23229705317163332,0.17350579559452287,0.22034258964780568
2552,0.6415028356767658,0.20545208394230874,0.3399633767247886,0.253923221781265,0.2412972754430705
2553,0.6914776249220692,0.1930741617445244,0.42700600314130976,0.3189365309939173,0.260094979545207
2554,0.7332120083209724,0.18153977448903552,0.48814453786080053,0.36460172546433933,0.27579310657815753
2555,0.764613249622246,0.17163497160582736,0.5196700442454973,0.388148550497697,0.28760448690282003
2556,0.7841067594668795,0.1640347490429299,0.5196700442454973,0.388148550497697,0.29493684858968683
2557,0.7907150518734545,0.15925704940804303,0.4881445378608006,0.3646017254643394,0.2974225164065024
2558,0.7841067594668795,0.15762746503576222,0.42700600314130976,0.3189365309939173,0.29493684858968683
2559,0.764613249622246,0.15925704940804297,0.3399633767247886,0.253923221781265,0.28760448690282003
2560,0.7332120083209724,0.1640347490429299,0.23229705317163354,0.17350579559452303,0.27579310657815753
2561,0.6914776249220693,0.17163497160582733,0.11053855264194828,0.08256273275166245,0.26009497954520705
2562,0.6415028356767658,0.18153977448903547,0.0,0.0,0.2412972754430705
2563,0.5857935851943686,0.19307416174452438,0.0,0.0,0.22034258964780568
2564,0.5271433679156364,0.20545208394230874,0.0,0.0,0.198281677604335
2565,0.5271433679156364,0.21783000614009304,0.0,0.0,0.198281677604335
2566,0.5271433679156364,0.22936439339558198,0.0,0.0,0.198281677604335
2567,0.5271433679156364,0.23926919627879015,0.0,0.0,0.198281677604335
2568,0.5271433679156364,0.26004416418644866,0.0,0.0,0.198281677604335
2569,0.5271433679156364,0.26482186382133555,0.0,0.0,0.198281677604335
2570,0.5271433679156364,0.2664514481936164,0.0,0.0,0.198281677604335
2571,0.5271433679156364,0.26482186382133555,0.0,0.0,0.198281677604335
2572,0.5271433679156364,0.26004416418644866,0.0,0.0,0.198281677604335
2573,0.5271433679156364,0.25244394162355127,0.0,0.0,0.198281677604335
2574,0.5271433679156364,0.24253913874034308,0.11020981844256027,0.0823171967535721,0.198281677604335
2575,0.5857935851943686,0.23100475148485416,0.23205042955076424,0.17332158909268802,0.22034258964780568
2576,0.6415028356767658,0.21862682928706986,0.33980057650663137,0.2538016241071289,0.2412972754430705
2577,0.6914776249220692,0.20624890708928553,0.4269175022636445,0.31887042849721975,0.260094979545207
2578,0.7332120083209724,0.19471451983379665,0.4881113311606492,0.36457692293305377,0.27579310657815753
2579,0.764613249622246,0.18480971695058845,0.5196662784258322,0.3881457377563034,0.28760448690282003
2580,0.7841067594668795,0.177209494387691,0.5196662784258322,0.3881457377563034,0.29493684858968683
2581,0.7907150518734545,0.17243179475280415,0.4881113311606492,0.36457692293305377,0.2974225164065024
2582,0.7841067594668795,0.17080221038052334,0.42691750226364455,0.3188704284972198,0.29493684858968683
2583,0.764613249622246,0.1724317947528041,0.33980057650663137,0.2538016241071289,0.28760448690282003
2584,0.7332120083209724,0.177209494387691,0.23205042955076413,0.17332158909268794,0.27579310657815753
2585,0.6914776249220693,0.18480971695058843,0.11020981844256007,0.08231719675357195,0.26009497954520705
2586,0.6415028356767658,0.1947145198337966,0.0,0.0,0.2412972754430705
2587,0.5857935851943686,0.2062489070892855,0.0,0.0,0.22034258964780568
2588,0.5271433679156364,0.21862682928706986,0.0,0.0,0.198281677604335
2589,0.5271433679156364,0.23100475148485416,0.0,0.0,0.198281677604335
2590,0.5271433679156364,0.24253913874034308,0.0,0.0,0.198281677604335
2591,0.5271433679156364,0.25244394162355127,0.0,0.0,0.198281677604335
2592,0.5271433679156364,0.27321890953120925,0.0,0.0,0.198281677604335
2593,0.5271433679156364,0.27799660916609614,0.0,0.0,0.198281677604335
2594,0.5271433679156364,0.279626193538377,0.0,0.0,0.198281677604335
2595,0.5271433679156364,0.27799660916609614,0.0,0.0,0.198281677604335
2596,0.5271433679156364,0.27321890953120925,0.0,0.0,0.198281677604335
2597,0.5271433679156364,0.26561868696831187,0.0,0.0,0.198281677604335
2598,0.5271433679156364,0.2557138840851037,0.1098690988473826,0.08206270870205012,0.198281677604335
2599,0.5857935851943686,0.24417949682961476,0.2317947826051364,0.17313064294814223,0.22034258964780568
2600,0.6415028356767658,0.23180157463183046,0.3396318045887745,0.25367556609011166,0.2412972754430705
2601,0.6914776249220692,0.21942365243404613,0.42682574923993016,0.3188018969288662,0.260094979545207
2602,0.7332120083209724,0.20788926517855721,0.4880769028155474,0.36455120793871215,0.27579310657815753
2603,0.764613249622246,0.19798446229534905,0.5196623739877773,0.38814282147896867,0.28760448690282003
2604,0.7841067594668795,0.1903842397324516,0.5196623739877773,0.38814282147896867,0.29493684858968683
2605,0.7907150518734545,0.18560654009756472,0.4880769028155474,0.36455120793871215,0.2974225164065024
2606,0.7841067594668795,0.18397695572528394,0.42682574923993005,0.3188018969288661,0.29493684858968683
2607,0.764613249622246,0.1856065400975647,0.33963180458877446,0.2536755660901116,0.28760448690282003
2608,0.7332120083209724,0.1903842397324516,0.2317947826051364,0.17313064294814223,0.27579310657815753
2609,0.6914776249220693,0.19798446229534902,0.10986909884738259,0.08206270870205011,0.26009497954520705
2610,0.6415028356767658,0.20788926517855716,0.0,0.0,0.2412972754430705
2611,0.5857935851943686,0.2194236524340461,0.0,0.0,0.22034258964780568
2612,0.5271433679156364,0.23180157463183046,0.0,0.0,0.198281677604335
2613,0.5271433679156364,0.24417949682961476,0.0,0.0,0.198281677604335
2614,0.5271433679156364,0.2557138840851037,0.0,0.0,0.198281677604335
2615,0.5271433679156364,0.26561868696831187,0.0,0.0,0.198281677604335
2616,0.5271433679156364,0.28022904510817187,0.0,0.0,0.198281677604335
2617,0.5271433679156364,0.28500674474305876,0.0,0.0,0.198281677604335
2618,0.5271433679156364,0.28663632911533954,0.0,0.0,0.198281677604335
2619,0.5271433679156364,0.28500674474305876,0.0,0.0,0.198281677604335
2620,0.5271433679156364,0.28022904510817187,0.0,0.0,0.198281677604335
2621,0.5271433679156364,0.27262882254527443,0.0,0.0,0.198281677604335
2622,0.5271433679156364,0.26272401966206627,0.10951645537411123,0.08179931454549162,0.198281677604335
2623,0.5857935851943686,0.2511896324065774,0.23153015508010916,0.17293298908796978,0.22034258964780568
2624,0.6415028356767658,0.23881171020879302,0.3394570875423799,0.25354506757657164,0.2412972754430705
2625,0.6914776249220692,0.22643378801100872,0.4267307578851287,0.31873094660743767,0.260094979545207
2626,0.7332120083209724,0.21489940075551983,0.48804125785818087,0.3645245842402951,0.27579310657815753
2627,0.764613249622246,0.20499459787231167,0.5196583314937204,0.3881398020857481,0.28760448690282003
2628,0.7841067594668795,0.19739437530941423,0.5196583314937205,0.38813980208574816,0.29493684858968683
2629,0.7907150518734545,0.19261667567452737,0.48804125785818087,0.3645245842402951,0.2974225164065024
2630,0.7841067594668795,0.19098709130224656,0.42673075788512876,0.3187309466074377,0.29493684858968683
2631,0.764613249622246,0.1926166756745273,0.3394570875423799,0.25354506757657164,0.28760448690282003
2632,0.7332120083209724,0.19739437530941423,0.23153015508010932,0.1729329890879699,0.27579310657815753
2633,0.6914776249220693,0.20499459787231164,0.10951645537411119,0.0817993145454916,0.26009497954520705
2634,0.6415028356767658,0.21489940075551978,0.0,0.0,0.2412972754430705
2635,0.5857935851943686,0.2264337880110087,0.0,0.0,0.22034258964780568
2636,0.5271433679156364,0.23881171020879302,0.0,0.0,0.198281677604335
2637,0.5271433679156364,0.2511896324065774,0.0,0.0,0.198281677604335
2638,0.5271433679156364,0.26272401966206627,0.0,0.0,0.198281677604335
2639,0.5271433679156364,0.27262882254527443,0.0,0.0,0.198281677604335
2640,0.5271433679156364,0.27779445057189667,0.0,0.0,0.198281677604335
2641,0.5271433679156364,0.2825721502067835,0.0,0.0,0.198281677604335
2642,0.5271433679156364,0.28420173457906434,0.0,0.0,0.198281677604335
2643,0.5271433679156364,0.2825721502067835,0.0,0.0,0.198281677604335
2644,0.5271433679156364,0.27779445057189667,0.0,0.0,0.198281677604335
2645,0.5271433679156364,0.2701942280089992,0.0,0.0,0.198281677604335
2646,0.5271433679156364,0.260289425125791,0.1091519520112092,0.08152706207774092,0.198281677604335
2647,0.5857935851943686,0.24875503787030218,0.23125659147566405,0.17272866074980578,0.22034258964780568
2648,0.6415028356767658,0.2363771156725178,0.33927645304870796,0.2534101492420148,0.2412972754430705
2649,0.6914776249220692,0.2239991934747335,0.42663254259915145,0.3186575882884217,0.260094979545207
2650,0.7332120083209724,0.21246480621924457,0.4880044015362621,0.3644970557573897,0.27579310657815753
2651,0.764613249622246,0.20256000333603644,0.5196541515301883,0.3881366800147262,0.28760448690282003
2652,0.7841067594668795,0.194959780773139,0.5196541515301883,0.3881366800147262,0.29493684858968683
2653,0.7907150518734545,0.1901820811382521,0.4880044015362621,0.3644970557573897,0.2974225164065024
2654,0.7841067594668795,0.18855249676597133,0.4266325425991516,0.31865758828842183,0.29493684858968683
2655,0.764613249622246,0.19018208113825208,0.339276453048708,0.2534101492420149,0.28760448690282003
2656,0.7332120083209724,0.194959780773139,0.23125659147566424,0.17272866074980592,0.27579310657815753
2657,0.6914776249220693,0.20256000333603638,0.10915195201120952,0.08152706207774116,0.26009497954520705
2658,0.6415028356767658,0.21246480621924455,0.0,0.0,0.2412972754430705
2659,0.5857935851943686,0.22399919347473343,0.0,0.0,0.22034258964780568
2660,0.5271433679156364,0.2363771156725178,0.0,0.0,0.198281677604335
2661,0.5271433679156364,0.24875503787030218,0.0,0.0,0.198281677604335
2662,0.5271433679156364,0.260289425125791,0.0,0.0,0.198281677604335
2663,0.5271433679156364,0.2701942280089992,0.0,0.0,0.198281677604335
2664,0.5271433679156364,0.2670542997634109,0.0,0.0,0.198281677604335
2665,0.5271433679156364,0.2718319993982978,0.0,0.0,0.198281677604335
2666,0.5271433679156364,0.27346158377057855,0.0,0.0,0.198281677604335
2667,0.5271433679156364,0.2718319993982978,0.0,0.0,0.198281677604335
2668,0.5271433679156364,0.2670542997634109,0.0,0.0,0.198281677604335
2669,0.5271433679156364,0.25945407720051344,0.0,0.0,0.198281677604335
2670,0.5271433679156364,0.2495492743173053,0.1087756552390881,0.08124600095391218,0.198281677604335
2671,0.5857935851943686,0.2380148870618164,0.23097413806521414,0.17251769249588528,0.22034258964780568
2672,0.6415028356767658,0.22563696486403204,0.3390899299129126,0.2532708326013985,0.2412972754430705
2673,0.6914776249220692,0.2132590426662477,0.4265311183748766,0.31858183317020095,0.260094979545207
2674,0.7332120083209724,0.20172465541075882,0.48796633931566064,0.3644686265725276,0.27579310657815753
2675,0.764613249622246,0.19181985252755065,0.5196498347082072,0.3881334557222866,0.28760448690282003
2676,0.7841067594668795,0.18421962996465321,0.5196498347082072,0.38813345572228664,0.29493684858968683
2677,0.7907150518734545,0.17944193032976635,0.48796633931566064,0.3644686265725276,0.2974225164065024
2678,0.7841067594668795,0.17781234595748557,0.4265311183748766,0.31858183317020095,0.29493684858968683
2679,0.764613249622246,0.1794419303297663,0.3390899299129126,0.2532708326013985,0.28760448690282003
2680,0.7332120083209724,0.18421962996465321,0.23097413806521425,0.17251769249588536,0.27579310657815753
2681,0.6914776249220693,0.19181985252755063,0.1087756552390881,0.08124600095391218,0.26009497954520705
2682,0.6415028356767658,0.2017246554107588,0.0,0.0,0.2412972754430705
2683,0.5857935851943686,0.21325904266624768,0.0,0.0,0.22034258964780568
2684,0.5271433679156364,0.22563696486403204,0.0,0.0,0.198281677604335
2685,0.5271433679156364,0.2380148870618164,0.0,0.0,0.198281677604335
2686,0.5271433679156364,0.2495492743173053,0.0,0.0,0.198281677604335
2687,0.5271433679156364,0.25945407720051344,0.0,0.0,0.198281677604335
2688,0.5271433679156364,0.2530340286094862,0.0,0.0,0.198281677604335
2689,0.5271433679156364,0.25781172824437304,0.0,0.0,0.198281677604335
2690,0.5271433679156364,0.2594413126166538,0.0,0.0,0.198281677604335
2691,0.5271433679156364,0.25781172824437304,0.0,0.0,0.198281677604335
2692,0.5271433679156364,0.2530340286094862,0.0,0.0,0.198281677604335
2693,0.5271433679156364,0.24543380604658874,0.0,0.0,0.198281677604335
2694,0.5271433679156364,0.23552900316338057,0.10838763405170546,0.08095618270652093,0.198281677604335
2695,0.5857935851943686,0.22399461590789166,0.2306828429148463,0.1723001202274155,0.22034258964780568
2696,0.6415028356767658,0.21161669371010736,0.3388975480781798,0.25312714001969105,0.2412972754430705
2697,0.6914776249220692,0.19923877151232303,0.4264265008063747,0.31850369290019637,0.260094979545207
2698,0.7332120083209724,0.18770438425683414,0.4879270768836176,0.3644393009335855,0.27579310657815753
2699,0.764613249622246,0.17779958137362598,0.5196453816636749,0.38813012968339006,0.28760448690282003
2700,0.7841067594668795,0.1701993588107285,0.5196453816636749,0.38813012968339006,0.29493684858968683
2701,0.7907150518734545,0.16542165917584162,0.4879270768836176,0.3644393009335855,0.2974225164065024
2702,0.7841067594668795,0.16379207480356087,0.4264265008063748,0.3185036929001964,0.29493684858968683
2703,0.764613249622246,0.16542165917584162,0.33889754807817984,0.2531271400196911,0.28760448690282003
2704,0.7332120083209724,0.1701993588107285,0.2306828429148463,0.1723001202274155,0.27579310657815753
2705,0.6914776249220693,0.17779958137362595,0.10838763405170568,0.0809561827065211,0.26009497954520705
2706,0.6415028356767658,0.18770438425683408,0.0,0.0,0.2412972754430705
2707,0.5857935851943686,0.199238771512323,0.0,0.0,0.22034258964780568
2708,0.5271433679156364,0.21161669371010736,0.0,0.0,0.198281677604335
2709,0.5271433679156364,0.22399461590789166,0.0,0.0,0.198281677604335
2710,0.5271433679156364,0.23552900316338057,0.0,0.0,0.198281677604335
2711,0.5271433679156364,0.24543380604658874,0.0,0.0,0.198281677604335
2712,0.5271433679156364,0.24229387780100037,0.0,0.0,0.198281677604335
2713,0.5271433679156364,0.24707157743588726,0.0,0.0,0.198281677604335
2714,0.5271433679156364,0.24870116180816806,0.0,0.0,0.198281677604335
2715,0.5271433679156364,0.24707157743588726,0.0,0.0,0.198281677604335
2716,0.5271433679156364,0.24229387780100037,0.0,0.0,0.198281677604335
2717,0.5271433679156364,0.23469365523810296,0.0,0.0,0.198281677604335
2718,0.5271433679156364,0.2247888523548948,0.1079879599785423,0.08065766076189927,0.198281677604335
2719,0.5857935851943686,0.21325446509940588,0.23038275590296958,0.17207598119925147,0.22034258964780568
2720,0.6415028356767658,0.20087654290162155,0.3386993386401922,0.2529790947226766,0.2412972754430705
2721,0.6914776249220692,0.18849862070383722,0.42631870609733524,0.31842317958116195,0.260094979545207
2722,0.7332120083209724,0.17696423344834833,0.48788662015204004,0.36440908325624666,0.27579310657815753
2723,0.764613249622246,0.16705943056514017,0.5196407930577416,0.3881267023918586,0.28760448690282003
2724,0.7841067594668795,0.15945920800224272,0.5196407930577416,0.3881267023918586,0.29493684858968683
2725,0.7907150518734545,0.15468150836735584,0.4878866201520401,0.3644090832562467,0.2974225164065024
2726,0.7841067594668795,0.15305192399507506,0.4263187060973353,0.318423179581162,0.29493684858968683
2727,0.764613249622246,0.1546815083673558,0.3386993386401922,0.2529790947226766,0.28760448690282003
2728,0.7332120083209724,0.15945920800224272,0.23038275590296964,0.17207598119925152,0.27579310657815753
2729,0.6914776249220693,0.16705943056514014,0.10798795997854223,0.08065766076189922,0.26009497954520705
2730,0.6415028356767658,0.17696423344834827,0.0,0.0,0.2412972754430705
2731,0.5857935851943686,0.1884986207038372,0.0,0.0,0.22034258964780568
2732,0.5271433679156364,0.20087654290162155,0.0,0.0,0.198281677604335
2733,0.5271433679156364,0.21325446509940588,0.0,0.0,0.198281677604335
2734,0.5271433679156364,0.2247888523548948,0.0,0.0,0.198281677604335
2735,0.5271433679156364,0.23469365523810296,0.0,0.0,0.198281677604335
2736,0.5271433679156364,0.23985928326472508,0.0,0.0,0.198281677604335
2737,0.5271433679156364,0.24463698289961192,0.0,0.0,0.198281677604335
2738,0.5271433679156364,0.24626656727189272,0.0,0.0,0.198281677604335
2739,0.5271433679156364,0.24463698289961192,0.0,0.0,0.198281677604335
2740,0.5271433679156364,0.23985928326472508,0.0,0.0,0.198281677604335
2741,0.5271433679156364,0.2322590607018276,0.0,0.0,0.198281677604335
2742,0.5271433679156364,0.22235425781861948,0.1075767071069243,0.08035049045686793,0.198281677604335
2743,0.5857935851943686,0.21081987056313056,0.23007392874034435,0.17184531403485617,0.22034258964780568
2744,0.6415028356767658,0.19844194836534623,0.3384953338619055,0.2528267208079909,0.2412972754430705
2745,0.6914776249220692,0.1860640261675619,0.42620775106968267,0.31834030577761935,0.260094979545207
2746,0.7332120083209724,0.17452963891207302,0.48784497526087317,0.36437797812651856,0.27579310657815753
2747,0.764613249622246,0.16462483602886485,0.5196360695772002,0.388123174360667,0.28760448690282003
2748,0.7841067594668795,0.1570246134659674,0.5196360695772002,0.388123174360667,0.29493684858968683
2749,0.7907150518734545,0.15224691383108055,0.48784497526087317,0.36437797812651856,0.2974225164065024
2750,0.7841067594668795,0.15061732945879974,0.42620775106968267,0.31834030577761935,0.29493684858968683
2751,0.764613249622246,0.1522469138310805,0.3384953338619057,0.25282672080799107,0.28760448690282003
2752,0.7332120083209724,0.1570246134659674,0.23007392874034427,0.17184531403485612,0.27579310657815753
2753,0.6914776249220693,0.16462483602886482,0.10757670710692438,0.08035049045686798,0.26009497954520705
2754,0.6415028356767658,0.17452963891207296,0.0,0.0,0.2412972754430705
2755,0.5857935851943686,0.18606402616756187,0.0,0.0,0.22034258964780568
2756,0.5271433679156364,0.19844194836534623,0.0,0.0,0.198281677604335
2757,0.5271433679156364,0.21081987056313056,0.0,0.0,0.198281677604335
2758,0.5271433679156364,0.22235425781861948,0.0,0.0,0.198281677604335
2759,0.5271433679156364,0.2322590607018276,0.0,0.0,0.198281677604335
2760,0.5271433679156364,0.24686941884168725,0.0,0.0,0.198281677604335
2761,0.5271433679156364,0.25164711847657406,0.0,0.0,0.198281677604335
2762,0.5271433679156364,0.2532767028488549,0.0,0.0,0.198281677604335
2763,0.5271433679156364,0.25164711847657406,0.0,0.0,0.198281677604335
2764,0.5271433679156364,0.24686941884168725,0.0,0.0,0.198281677604335
2765,0.5271433679156364,0.2392691962787898,0.0,0.0,0.198281677604335
2766,0.5271433679156364,0.22936439339558162,0.10715395210464805,0.08003472905563608,0.198281677604335
2767,0.5857935851943686,0.2178300061400927,0.22975641499046437,0.17160815874152394,0.22034258964780568
2768,0.6415028356767658,0.2054520839423084,0.33828556718861563,0.25267004325637565,0.2412972754430705
2769,0.6914776249220692,0.19307416174452408,0.42609365317237635,0.3182550845224312,0.260094979545207
2770,0.7332120083209724,0.1815397744890352,0.4878021485815456,0.3643459903033071,0.27579310657815753
2771,0.764613249622246,0.171634971605827,0.5196312119348847,0.38811954612224053,0.28760448690282003
2772,0.7841067594668795,0.16403474904292956,0.5196312119348847,0.38811954612224053,0.29493684858968683
2773,0.7907150518734545,0.15925704940804267,0.4878021485815456,0.3643459903033071,0.2974225164065024
2774,0.7841067594668795,0.1576274650357619,0.42609365317237646,0.31825508452243123,0.29493684858968683
2775,0.764613249622246,0.15925704940804264,0.33828556718861563,0.25267004325637565,0.28760448690282003
2776,0.7332120083209724,0.16403474904292956,0.2297564149904643,0.1716081587415239,0.27579310657815753
2777,0.6914776249220693,0.171634971605827,0.1071539521046481,0.08003472905563612,0.26009497954520705
2778,0.6415028356767658,0.18153977448903513,0.0,0.0,0.2412972754430705
2779,0.5857935851943686,0.19307416174452405,0.0,0.0,0.22034258964780568
2780,0.5271433679156364,0.2054520839423084,0.0,0.0,0.198281677604335
2781,0.5271433679156364,0.2178300061400927,0.0,0.0,0.198281677604335
2782,0.5271433679156364,0.22936439339558162,0.0,0.0,0.198281677604335
2783,0.5271433679156364,0.2392691962787898,0.0,0.0,0.198281677604335
2784,0.5271433679156364,0.26004416418644827,0.0,0.0,0.198281677604335
2785,0.5271433679156364,0.2648218638213351,0.0,0.0,0.198281677604335
2786,0.5271433679156364,0.2664514481936159,0.0,0.0,0.198281677604335
2787,0.5271433679156364,0.2648218638213351,0.0,0.0,0.198281677604335
2788,0.5271433679156364,0.26004416418644827,0.0,0.0,0.198281677604335
2789,0.5271433679156364,0.25244394162355077,0.0,0.0,0.198281677604335
2790,0.5271433679156364,0.2425391387403426,0.10671977424287421,0.07971043576690055,0.198281677604335
2791,0.5857935851943686,0.23100475148485372,0.2294302700902641,0.17136455672584736,0.22034258964780568
2792,0.6415028356767658,0.2186268292870694,0.33807007326330263,0.25250908794313887,0.2412972754430705
2793,0.6914776249220692,0.2062489070892851,0.42597643049038164,0.31816752932350156,0.260094979545207
2794,0.7332120083209724,0.19471451983379617,0.48775814672048473,0.36431312472104177,0.27579310657815753
2795,0.764613249622246,0.184809716950588,0.5196262208700769,0.3881158182287588,0.28760448690282003
2796,0.7841067594668795,0.17720949438769057,0.5196262208700769,0.3881158182287588,0.29493684858968683
2797,0.7907150518734545,0.17243179475280368,0.48775814672048473,0.36431312472104177,0.2974225164065024
2798,0.7841067594668795,0.1708022103805229,0.42597643049038175,0.3181675293235016,0.29493684858968683
2799,0.764613249622246,0.17243179475280365,0.3380700732633028,0.252509087943139,0.28760448690282003
2800,0.7332120083209724,0.17720949438769057,0.22943027009026404,0.17136455672584733,0.27579310657815753
2801,0.6914776249220693,0.18480971695058795,0.1067197742428744,0.07971043576690069,0.26009497954520705
2802,0.6415028356767658,0.19471451983379615,0.0,0.0,0.2412972754430705
2803,0.5857935851943686,0.20624890708928503,0.0,0.0,0.22034258964780568
2804,0.5271433679156364,0.2186268292870694,0.0,0.0,0.198281677604335
2805,0.5271433679156364,0.23100475148485372,0.0,0.0,0.198281677604335
2806,0.5271433679156364,0.2425391387403426,0.0,0.0,0.198281677604335
2807,0.5271433679156364,0.25244394162355077,0.0,0.0,0.198281677604335
2808,0.5271433679156364,0.27321890953120936,0.0,0.0,0.198281677604335
2809,0.5271433679156364,0.27799660916609625,0.0,0.0,0.198281677604335
2810,0.5271433679156364,0.2796261935383771,0.0,0.0,0.198281677604335
2811,0.5271433679156364,0.27799660916609625,0.0,0.0,0.198281677604335
2812,0.5271433679156364,0.27321890953120936,0.0,0.0,0.198281677604335
2813,0.5271433679156364,0.265618686968312,0.0,0.0,0.198281677604335
2814,0.5271433679156364,0.25571388408510376,0.10627425541924511,0.07937767176111271,0.198281677604335
2815,0.5857935851943686,0.24417949682961487,0.22909555137112061,0.17111455080940355,0.22034258964780568
2816,0.6415028356767658,0.23180157463183054,0.33784888794222945,0.252343881649806,0.2412972754430705
2817,0.6914776249220692,0.2194236524340462,0.42585610175380395,0.3180776541705982,0.260094979545207
2818,0.7332120083209724,0.20788926517855733,0.4877129765226999,0.3642793864923522,0.27579310657815753
2819,0.764613249622246,0.19798446229534916,0.5196210971489215,0.38811199125246554,0.28760448690282003
2820,0.7841067594668795,0.19038423973245172,0.5196210971489215,0.38811199125246554,0.29493684858968683
2821,0.7907150518734545,0.18560654009756486,0.4877129765227,0.36427938649235225,0.2974225164065024
2822,0.7841067594668795,0.18397695572528405,0.42585610175380395,0.3180776541705982,0.29493684858968683
2823,0.764613249622246,0.1856065400975648,0.33784888794222945,0.252343881649806,0.28760448690282003
2824,0.7332120083209724,0.19038423973245172,0.22909555137112061,0.17111455080940355,0.27579310657815753
2825,0.6914776249220693,0.19798446229534913,0.10627425541924494,0.07937767176111259,0.26009497954520705
2826,0.6415028356767658,0.20788926517855727,0.0,0.0,0.2412972754430705
2827,0.5857935851943686,0.21942365243404618,0.0,0.0,0.22034258964780568
2828,0.5271433679156364,0.23180157463183054,0.0,0.0,0.198281677604335
2829,0.5271433679156364,0.24417949682961487,0.0,0.0,0.198281677604335
2830,0.5271433679156364,0.25571388408510376,0.0,0.0,0.198281677604335
2831,0.5271433679156364,0.265618686968312,0.0,0.0,0.198281677604335
2832,0.5271433679156364,0.28022904510817187,0.0,0.0,0.198281677604335
2833,0.5271433679156364,0.28500674474305876,0.0,0.0,0.198281677604335
2834,0.5271433679156364,0.2866363291153396,0.0,0.0,0.198281677604335
2835,0.5271433679156364,0.28500674474305876,0.0,0.0,0.198281677604335
2836,0.5271433679156364,0.28022904510817187,0.0,0.0,0.198281677604335
2837,0.5271433679156364,0.2726288225452745,0.0,0.0,0.198281677604335
2838,0.5271433679156364,0.2627240196620663,0.10581748018118756,0.0790365001878836,0.198281677604335
2839,0.5857935851943686,0.2511896324065774,0.22875231808012148,0.17085818524463967,0.22034258964780568
2840,0.6415028356767658,0.23881171020879308,0.3376220483107774,0.2521744520759475,0.2412972754430705
2841,0.6914776249220692,0.22643378801100877,0.4257326863471748,0.3179854735422887,0.260094979545207
2842,0.7332120083209724,0.21489940075551986,0.48766664507542673,0.36424478091079004,0.27579310657815753
2843,0.764613249622246,0.20499459787231172,0.5196158415648482,0.38810806578598417,0.28760448690282003
2844,0.7841067594668795,0.19739437530941428,0.5196158415648482,0.38810806578598417,0.29493684858968683
2845,0.7907150518734545,0.1926166756745274,0.48766664507542673,0.36424478091079004,0.2974225164065024
2846,0.7841067594668795,0.19098709130224661,0.42573268634717487,0.31798547354228873,0.29493684858968683
2847,0.764613249622246,0.19261667567452737,0.3376220483107775,0.2521744520759476,0.28760448690282003
2848,0.7332120083209724,0.19739437530941428,0.22875231808012159,0.17085818524463975,0.27579310657815753
2849,0.6914776249220693,0.20499459787231167,0.10581748018118761,0.07903650018788363,0.26009497954520705
2850,0.6415028356767658,0.21489940075551983,0.0,0.0,0.2412972754430705
2851,0.5857935851943686,0.22643378801100872,0.0,0.0,0.22034258964780568
2852,0.5271433679156364,0.23881171020879308,0.0,0.0,0.198281677604335
2853,0.5271433679156364,0.2511896324065774,0.0,0.0,0.198281677604335
2854,0.5271433679156364,0.2627240196620663,0.0,0.0,0.198281677604335
2855,0.5271433679156364,0.2726288225452745,0.0,0.0,0.198281677604335
2856,0.5271433679156364,0.27779445057189656,0.0,0.0,0.198281677604335
2857,0.5271433679156364,0.28257215020678345,0.0,0.0,0.198281677604335
2858,0.5271433679156364,0.2842017345790643,0.0,0.0,0.198281677604335
2859,0.5271433679156364,0.28257215020678345,0.0,0.0,0.198281677604335
2860,0.5271433679156364,0.27779445057189656,0.0,0.0,0.198281677604335
2861,0.5271433679156364,0.27019422800899917,0.0,0.0,0.198281677604335
2862,0.5271433679156364,0.26028942512579095,0.1053495357493545,0.07868698619349283,0.198281677604335
2863,0.5857935851943686,0.24875503787030206,0.22840063140156514,0.1705955057309317,0.22034258964780568
2864,0.6415028356767658,0.23637711567251776,0.33738959269949825,0.25200082785116834,0.2412972754430705
2865,0.6914776249220692,0.22399919347473343,0.4256062043188797,0.3178910024129819,0.260094979545207
2866,0.7332120083209724,0.21246480621924452,0.487619159711831,0.36420931345359553,0.27579310657815753
2867,0.764613249622246,0.20256000333603635,0.5196104549390009,0.3881040424426381,0.28760448690282003
2868,0.7841067594668795,0.1949597807731389,0.5196104549390009,0.3881040424426381,0.29493684858968683
2869,0.7907150518734545,0.19018208113825202,0.48761915971183106,0.3642093134535956,0.2974225164065024
2870,0.7841067594668795,0.18855249676597124,0.4256062043188798,0.31789100241298196,0.29493684858968683
2871,0.764613249622246,0.190182081138252,0.33738959269949836,0.2520008278511684,0.28760448690282003
2872,0.7332120083209724,0.1949597807731389,0.22840063140156514,0.1705955057309317,0.27579310657815753
2873,0.6914776249220693,0.20256000333603633,0.10534953574935459,0.07868698619349289,0.26009497954520705
2874,0.6415028356767658,0.21246480621924446,0.0,0.0,0.2412972754430705
2875,0.5857935851943686,0.2239991934747334,0.0,0.0,0.22034258964780568
2876,0.5271433679156364,0.23637711567251776,0.0,0.0,0.198281677604335
2877,0.5271433679156364,0.24875503787030206,0.0,0.0,0.198281677604335
2878,0.5271433679156364,0.26028942512579095,0.0,0.0,0.198281677604335
2879,0.5271433679156364,0.27019422800899917,0.0,0.0,0.198281677604335
2880,0.5271433679156364,0.2670542997634108,0.0,0.0,0.198281677604335
2881,0.5271433679156364,0.2718319993982976,0.0,0.0,0.198281677604335
2882,0.5271433679156364,0.27346158377057844,0.0,0.0,0.198281677604335
2883,0.5271433679156364,0.2718319993982976,0.0,0.0,0.198281677604335
2884,0.5271433679156364,0.2670542997634108,0.0,0.0,0.198281677604335
2885,0.5271433679156364,0.25945407720051333,0.0,0.0,0.198281677604335
2886,0.5271433679156364,0.24954927431730514,0.10487051204116431,0.07832919693847043,0.198281677604335
2887,0.5857935851943686,0.23801488706181628,0.22804055447866323,0.17032655943079433,0.22034258964780568
2888,0.6415028356767658,0.22563696486403195,0.33715156070036095,0.2518230385472431,0.2412972754430705
2889,0.6914776249220692,0.21325904266624762,0.4254766763907154,0.3177942562600669,0.260094979545207
2890,0.7332120083209724,0.2017246554107587,0.4875705280147676,0.3641729897845051,0.27579310657815753
2891,0.764613249622246,0.19181985252755054,0.5196049381206737,0.3880999218567764,0.28760448690282003
2892,0.7841067594668795,0.1842196299646531,0.5196049381206737,0.3880999218567764,0.29493684858968683
2893,0.7907150518734545,0.17944193032976624,0.4875705280147676,0.3641729897845051,0.2974225164065024
2894,0.7841067594668795,0.17781234595748543,0.4254766763907154,0.3177942562600669,0.29493684858968683
2895,0.764613249622246,0.17944193032976619,0.3371515607003608,0.25182303854724297,0.28760448690282003
2896,0.7332120083209724,0.1842196299646531,0.22804055447866323,0.17032655943079433,0.27579310657815753
2897,0.6914776249220693,0.19181985252755052,0.10487051204116413,0.0783291969384703,0.26009497954520705
2898,0.6415028356767658,0.20172465541075865,0.0,0.0,0.2412972754430705
2899,0.5857935851943686,0.2132590426662476,0.0,0.0,0.22034258964780568
2900,0.5271433679156364,0.22563696486403195,0.0,0.0,0.198281677604335
2901,0.5271433679156364,0.23801488706181628,0.0,0.0,0.198281677604335
2902,0.5271433679156364,0.24954927431730514,0.0,0.0,0.198281677604335
2903,0.5271433679156364,0.25945407720051333,0.0,0.0,0.198281677604335
2904,0.5271433679156364,0.25303402860948604,0.0,0.0,0.198281677604335
2905,0.5271433679156364,0.25781172824437293,0.0,0.0,0.198281677604335
2906,0.5271433679156364,0.2594413126166537,0.0,0.0,0.198281677604335
2907,0.5271433679156364,0.25781172824437293,0.0,0.0,0.198281677604335
2908,0.5271433679156364,0.25303402860948604,0.0,0.0,0.198281677604335
2909,0.5271433679156364,0.24543380604658857,0.0,0.0,0.198281677604335
2910,0.5271433679156364,0.23552900316338043,0.10438050169438914,0.07796320161521528,0.198281677604335
2911,0.5857935851943686,0.22399461590789155,0.22767215243540925,0.17005139498621485,0.22034258964780568
2912,0.6415028356767658,0.2116166937101072,0.3369079931831721,0.25164111469038036,0.2412972754430705
2913,0.6914776249220692,0.19923877151232286,0.4253441239675666,0.31769525107114,0.260094979545207
2914,0.7332120083209724,0.18770438425683397,0.4875207578205886,0.3641358157565955,0.27579310657815753
2915,0.764613249622246,0.1777995813736258,0.5195992919877518,0.38809570468410337,0.28760448690282003
2916,0.7841067594668795,0.17019935881072837,0.5195992919877518,0.38809570468410337,0.29493684858968683
2917,0.7907150518734545,0.1654216591758415,0.4875207578205886,0.3641358157565955,0.2974225164065024
2918,0.7841067594668795,0.16379207480356073,0.4253441239675666,0.31769525107114,0.29493684858968683
2919,0.764613249622246,0.16542165917584145,0.33690799318317227,0.2516411146903805,0.28760448690282003
2920,0.7332120083209724,0.17019935881072837,0.22767215243540928,0.17005139498621488,0.27579310657815753
2921,0.6914776249220693,0.17779958137362578,0.10438050169438924,0.07796320161521535,0.26009497954520705
2922,0.6415028356767658,0.18770438425683394,0.0,0.0,0.2412972754430705
2923,0.5857935851943686,0.19923877151232283,0.0,0.0,0.22034258964780568
2924,0.5271433679156364,0.2116166937101072,0.0,0.0,0.198281677604335
2925,0.5271433679156364,0.22399461590789155,0.0,0.0,0.198281677604335
2926,0.5271433679156364,0.23552900316338043,0.0,0.0,0.198281677604335
2927,0.5271433679156364,0.24543380604658857,0.0,0.0,0.198281677604335
2928,0.5466671963569563,0.23393891649751783,0.0,0.0,0.20562544344153255
2929,0.5466671963569563,0.2385518678691327,0.0,0.0,0.20562544344153255
2930,0.5466671963569563,0.24012525967685208,0.0,0.0,0.20562544344153255
2931,0.5466671963569563,0.2385518678691327,0.0,0.0,0.20562544344153255
2932,0.5466671963569563,0.23393891649751783,0.0,0.0,0.20562544344153255
2933,0.5466671963569563,0.22660077057472028,0.0,0.0,0.20562544344153255
2934,0.5466671963569563,0.2170375126185193,0.10654317958025468,0.07957853483653056,0.20562544344153255
2935,0.607489643905271,0.205900862854599,0.23312358194726285,0.17412314106162793,0.2285034263014281
2936,0.6652621999610904,0.19394976556018653,0.34529121262784435,0.2579026541267702,0.25023421157059156
2937,0.7170879073265902,0.1819986682657741,0.4361113529714753,0.32573743933467897,0.2697281269357702
2938,0.7603680086291565,0.17086201850185379,0.4999690843312807,0.37343363837452687,0.28600766608105227
2939,0.7929322588675143,0.1612987605456528,0.532916428150933,0.39804245292514184,0.29825650493625777
2940,0.8131477505582454,0.15396061462285524,0.532916428150933,0.39804245292514184,0.30586043557449005
2941,0.8200007945354343,0.14934766325124033,0.4999690843312807,0.37343363837452687,0.30843816516229877
2942,0.8131477505582454,0.14777427144352095,0.4361113529714754,0.325737439334679,0.30586043557449005
2943,0.7929322588675143,0.14934766325124033,0.3452912126278445,0.2579026541267703,0.29825650493625777
2944,0.7603680086291565,0.15396061462285524,0.2331235819472629,0.17412314106162796,0.28600766608105227
2945,0.7170879073265902,0.16129876054565276,0.10654317958025508,0.07957853483653085,0.2697281269357702
2946,0.6652621999610904,0.17086201850185373,0.0,0.0,0.25023421157059156
2947,0.607489643905271,0.18199866826577407,0.0,0.0,0.2285034263014281
2948,0.5466671963569563,0.19394976556018653,0.0,0.0,0.20562544344153255
2949,0.5466671963569563,0.205900862854599,0.0,0.0,0.20562544344153255
2950,0.5466671963569563,0.2170375126185193,0.0,0.0,0.20562544344153255
2951,0.5466671963569563,0.22660077057472028,0.0,0.0,0.20562544344153255
2952,0.5466671963569563,0.23158827349697594,0.0,0.0,0.20562544344153255
2953,0.5466671963569563,0.23620122486859085,0.0,0.0,0.20562544344153255
2954,0.5466671963569563,0.23777461667631022,0.0,0.0,0.20562544344153255
2955,0.5466671963569563,0.23620122486859085,0.0,0.0,0.20562544344153255
2956,0.5466671963569563,0.23158827349697594,0.0,0.0,0.20562544344153255
2957,0.5466671963569563,0.22425012757417842,0.0,0.0,0.20562544344153255
2958,0.5466671963569563,0.21468686961797745,0.10601836449174913,0.07918654338322578,0.20562544344153255
2959,0.607489643905271,0.20355021985405714,0.23272886514855426,0.17382832177201835,0.2285034263014281
2960,0.6652621999610904,0.19159912255964467,0.34503017596165625,0.25770768232739555,0.25023421157059156
2961,0.7170879073265902,0.17964802526523221,0.43596926638982936,0.3256313129544465,0.2697281269357702
2962,0.7603680086291565,0.1685113755013119,0.4999157277712309,0.37339378564167797,0.28600766608105227
2963,0.7929322588675143,0.15894811754511093,0.5329103748054491,0.3980379315999254,0.29825650493625777
2964,0.8131477505582454,0.15160997162231338,0.5329103748054491,0.3980379315999254,0.30586043557449005
2965,0.8200007945354343,0.14699702025069847,0.49991572777123094,0.373393785641678,0.30843816516229877
2966,0.8131477505582454,0.1454236284429791,0.43596926638982936,0.3256313129544465,0.30586043557449005
2967,0.7929322588675143,0.14699702025069844,0.34503017596165625,0.25770768232739555,0.29825650493625777
2968,0.7603680086291565,0.15160997162231338,0.23272886514855418,0.1738283217720183,0.28600766608105227
2969,0.7170879073265902,0.1589481175451109,0.10601836449174909,0.07918654338322574,0.2697281269357702
2970,0.6652621999610904,0.16851137550131184,0.0,0.0,0.25023421157059156
2971,0.607489643905271,0.1796480252652322,0.0,0.0,0.2285034263014281
2972,0.5466671963569563,0.19159912255964467,0.0,0.0,0.20562544344153255
2973,0.5466671963569563,0.20355021985405714,0.0,0.0,0.20562544344153255
2974,0.5466671963569563,0.21468686961797745,0.0,0.0,0.20562544344153255
2975,0.5466671963569563,0.22425012757417842,0.0,0.0,0.20562544344153255
2976,0.5466671963569563,0.23835668026093948,0.0,0.0,0.20562544344153255
2977,0.5466671963569563,0.24296963163255442,0.0,0.0,0.20562544344153255
2978,0.5466671963569563,0.2445430234402738,0.0,0.0,0.20562544344153255
2979,0.5466671963569563,0.24296963163255442,0.0,0.0,0.20562544344153255
2980,0.5466671963569563,0.23835668026093948,0.0,0.0,0.20562544344153255
2981,0.5466671963569563,0.23101853433814196,0.0,0.0,0.20562544344153255
2982,0.5466671963569563,0.22145527638194099,0.10548258307761284,0.07878636103370716,0.20562544344153255
2983,0.607489643905271,0.21031862661802064,0.23232582256193945,0.17352728383936147,0.2285034263014281
2984,0.6652621999610904,0.1983675293236082,0.3447635956285229,0.25750856988856496,0.25023421157059156
2985,0.7170879073265902,0.18641643202919575,0.4358241479276517,0.3255229220218375,0.2697281269357702
2986,0.7603680086291565,0.17527978226527544,0.49986122923341086,0.3733530799502622,0.28600766608105227
2987,0.7929322588675143,0.16571652430907446,0.5329041917113587,0.39803331336372855,0.29825650493625777
2988,0.8131477505582454,0.1583783783862769,0.5329041917113587,0.39803331336372855,0.30586043557449005
2989,0.8200007945354343,0.15376542701466198,0.49986122923341086,0.3733530799502622,0.30843816516229877
2990,0.8131477505582454,0.1521920352069426,0.4358241479276518,0.3255229220218376,0.30586043557449005
2991,0.7929322588675143,0.15376542701466195,0.344763595628523,0.2575085698885651,0.29825650493625777
2992,0.7603680086291565,0.1583783783862769,0.23232582256193957,0.17352728383936156,0.28600766608105227
2993,0.7170879073265902,0.16571652430907444,0.10548258307761299,0.07878636103370727,0.2697281269357702
2994,0.6652621999610904,0.17527978226527538,0.0,0.0,0.25023421157059156
2995,0.607489643905271,0.18641643202919572,0.0,0.0,0.2285034263014281
2996,0.5466671963569563,0.1983675293236082,0.0,0.0,0.20562544344153255
2997,0.5466671963569563,0.21031862661802064,0.0,0.0,0.20562544344153255
2998,0.5466671963569563,0.22145527638194099,0.0,0.0,0.20562544344153255
2999,0.5466671963569563,0.23101853433814196,0.0,0.0,0.20562544344153255
3000,0.5466671963569563,0.2510771240420881,0.0,0.0,0.20562544344153255
3001,0.5466671963569563,0.255690075413703,0.0,0.0,0.20562544344153255
3002,0.5466671963569563,0.25726346722142235,0.0,0.0,0.20562544344153255
3003,0.5466671963569563,0.255690075413703,0.0,0.0,0.20562544344153255
3004,0.5466671963569563,0.2510771240420881,0.0,0.0,0.20562544344153255
3005,0.5466671963569563,0.24373897811929057,0.0,0.0,0.20562544344153255
3006,0.5466671963569563,0.23417572016308957,0.10493594175263535,0.07837806727061329,0.20562544344153255
3007,0.607489643905271,0.22303907039916923,0.2319145293340126,0.17322008339165987,0.2285034263014281
3008,0.6652621999610904,0.2110879731047568,0.3444915189597603,0.2573053521626755,0.25023421157059156
3009,0.7170879073265902,0.19913687581034434,0.4356760224423167,0.32541228510315956,0.2697281269357702
3010,0.7603680086291565,0.18800022604642402,0.4998055978350275,0.37331152811004403,0.28600766608105227
3011,0.7929322588675143,0.17843696809022305,0.5328978798909922,0.3980285989801434,0.29825650493625777
3012,0.8131477505582454,0.1710988221674255,0.5328978798909922,0.3980285989801434,0.30586043557449005
3013,0.8200007945354343,0.1664858707958106,0.4998055978350275,0.37331152811004403,0.30843816516229877
3014,0.8131477505582454,0.16491247898809122,0.4356760224423167,0.32541228510315956,0.30586043557449005
3015,0.7929322588675143,0.16648587079581056,0.34449151895976016,0.2573053521626754,0.29825650493625777
3016,0.7603680086291565,0.1710988221674255,0.2319145293340125,0.17322008339165978,0.28600766608105227
3017,0.7170879073265902,0.17843696809022302,0.1049359417526355,0.0783780672706134,0.2697281269357702
3018,0.6652621999610904,0.188000226046424,0.0,0.0,0.25023421157059156
3019,0.607489643905271,0.1991368758103443,0.0,0.0,0.2285034263014281
3020,0.5466671963569563,0.2110879731047568,0.0,0.0,0.20562544344153255
3021,0.5466671963569563,0.22303907039916923,0.0,0.0,0.20562544344153255
3022,0.5466671963569563,0.23417572016308957,0.0,0.0,0.20562544344153255
3023,0.5466671963569563,0.24373897811929057,0.0,0.0,0.20562544344153255
3024,0.5466671963569563,0.2637975678232363,0.0,0.0,0.20562544344153255
3025,0.5466671963569563,0.26841051919485126,0.0,0.0,0.20562544344153255
3026,0.5466671963569563,0.26998391100257063,0.0,0.0,0.20562544344153255
3027,0.5466671963569563,0.26841051919485126,0.0,0.0,0.20562544344153255
3028,0.5466671963569563,0.2637975678232363,0.0,0.0,0.20562544344153255
3029,0.5466671963569563,0.25645942190043874,0.0,0.0,0.20562544344153255
3030,0.5466671963569563,0.2468961639442378,0.1043785498417299,0.0779617437501933,0.20562544344153255
3031,0.607489643905271,0.23575951418031746,0.23149506275638454,0.17290677815905797,0.2285034263014281
3032,0.6652621999610904,0.22380841688590503,0.3442139946833319,0.2570980655452989,0.25023421157059156
3033,0.7170879073265902,0.21185731959149257,0.4355249155428,0.32529942132610123,0.2697281269357702
3034,0.7603680086291565,0.20072066982757225,0.4997488429734249,0.37326913714002624,0.28600766608105227
3035,0.7929322588675143,0.19115741187137128,0.5328914403983436,0.3980237892364124,0.29825650493625777
3036,0.8131477505582454,0.18381926594857373,0.5328914403983436,0.3980237892364124,0.30586043557449005
3037,0.8200007945354343,0.17920631457695882,0.4997488429734249,0.37326913714002624,0.30843816516229877
3038,0.8131477505582454,0.17763292276923945,0.43552491554279993,0.3252994213261012,0.30586043557449005
3039,0.7929322588675143,0.1792063145769588,0.3442139946833319,0.2570980655452989,0.29825650493625777
3040,0.7603680086291565,0.18381926594857373,0.23149506275638446,0.17290677815905792,0.28600766608105227
3041,0.7170879073265902,0.19115741187137125,0.10437854984173013,0.07796174375019348,0.2697281269357702
3042,0.6652621999610904,0.20072066982757222,0.0,0.0,0.25023421157059156
3043,0.607489643905271,0.21185731959149254,0.0,0.0,0.2285034263014281
3044,0.5466671963569563,0.22380841688590503,0.0,0.0,0.20562544344153255
3045,0.5466671963569563,0.23575951418031746,0.0,0.0,0.20562544344153255
3046,0.5466671963569563,0.2468961639442378,0.0,0.0,0.20562544344153255
3047,0.5466671963569563,0.25645942190043874,0.0,0.0,0.20562544344153255
3048,0.5466671963569563,0.2705659745872004,0.0,0.0,0.20562544344153255
3049,0.5466671963569563,0.2751789259588153,0.0,0.0,0.20562544344153255
3050,0.5466671963569563,0.2767523177665347,0.0,0.0,0.20562544344153255
3051,0.5466671963569563,0.2751789259588153,0.0,0.0,0.20562544344153255
3052,0.5466671963569563,0.2705659745872004,0.0,0.0,0.20562544344153255
3053,0.5466671963569563,0.26322782866440286,0.0,0.0,0.20562544344153255
3054,0.5466671963569563,0.25366457070820186,0.10381051960338253,0.07753747431982137,0.20562544344153255
3055,0.607489643905271,0.24252792094428155,0.23106750228835893,0.1725874274907792,0.2285034263014281
3056,0.6652621999610904,0.23057682364986912,0.34393107294124703,0.25688674748817675,0.25023421157059156
3057,0.7170879073265902,0.21862572635545666,0.43537085360005834,0.3251843503874851,0.2697281269357702
3058,0.7603680086291565,0.20748907659153634,0.49969097433019866,0.3732259142715229,0.28600766608105227
3059,0.7929322588675143,0.19792581863533534,0.5328848743195498,0.3980188849437858,0.29825650493625777
3060,0.8131477505582454,0.19058767271253782,0.5328848743195498,0.3980188849437858,0.30586043557449005
3061,0.8200007945354343,0.1859747213409229,0.49969097433019866,0.3732259142715229,0.30843816516229877
3062,0.8131477505582454,0.18440132953320354,0.43537085360005817,0.325184350387485,0.30586043557449005
3063,0.7929322588675143,0.18597472134092288,0.3439310729412468,0.2568867474881766,0.29825650493625777
3064,0.7603680086291565,0.19058767271253782,0.231067502288359,0.17258742749077927,0.28600766608105227
3065,0.7170879073265902,0.19792581863533534,0.10381051960338251,0.07753747431982136,0.2697281269357702
3066,0.6652621999610904,0.2074890765915363,0.0,0.0,0.25023421157059156
3067,0.607489643905271,0.21862572635545663,0.0,0.0,0.2285034263014281
3068,0.5466671963569563,0.23057682364986912,0.0,0.0,0.20562544344153255
3069,0.5466671963569563,0.24252792094428155,0.0,0.0,0.20562544344153255
3070,0.5466671963569563,0.25366457070820186,0.0,0.0,0.20562544344153255
3071,0.5466671963569563,0.26322782866440286,0.0,0.0,0.20562544344153255
3072,0.5466671963569563,0.26821533158665867,0.0,0.0,0.20562544344153255
3073,0.5466671963569563,0.2728282829582736,0.0,0.0,0.20562544344153255
3074,0.5466671963569563,0.274401674765993,0.0,0.0,0.20562544344153255
3075,0.5466671963569563,0.2728282829582736,0.0,0.0,0.20562544344153255
3076,0.5466671963569563,0.26821533158665867,0.0,0.0,0.20562544344153255
3077,0.5466671963569563,0.26087718566386114,0.0,0.0,0.20562544344153255
3078,0.5466671963569563,0.2513139277076602,0.10323196625279134,0.07710534503527967,0.20562544344153255
3079,0.607489643905271,0.24017727794373983,0.2306319295795104,0.1722620923719898,0.2285034263014281
3080,0.6652621999610904,0.2282261806493274,0.34364280530695945,0.2566714365122159,0.25023421157059156
3081,0.7170879073265902,0.21627508335491497,0.4352138637574341,0.32506709256103883,0.2697281269357702
3082,0.7603680086291565,0.20513843359099462,0.4996320018753249,0.37318186695124345,0.28600766608105227
3083,0.7929322588675143,0.19557517563479365,0.5328781827733712,0.39801388693788076,0.29825650493625777
3084,0.8131477505582454,0.1882370297119961,0.5328781827733712,0.39801388693788076,0.30586043557449005
3085,0.8200007945354343,0.18362407834038122,0.4996320018753249,0.37318186695124345,0.30843816516229877
3086,0.8131477505582454,0.1820506865326618,0.4352138637574341,0.32506709256103883,0.30586043557449005
3087,0.7929322588675143,0.18362407834038116,0.34364280530695945,0.2566714365122159,0.29825650493625777
3088,0.7603680086291565,0.1882370297119961,0.2306319295795103,0.17226209237198972,0.28600766608105227
3089,0.7170879073265902,0.1955751756347936,0.10323196625279119,0.07710534503527956,0.2697281269357702
3090,0.6652621999610904,0.2051384335909946,0.0,0.0,0.25023421157059156
3091,0.607489643905271,0.2162750833549149,0.0,0.0,0.2285034263014281
3092,0.5466671963569563,0.2282261806493274,0.0,0.0,0.20562544344153255
3093,0.5466671963569563,0.24017727794373983,0.0,0.0,0.20562544344153255
3094,0.5466671963569563,0.2513139277076602,0.0,0.0,0.20562544344153255
3095,0.5466671963569563,0.26087718566386114,0.0,0.0,0.20562544344153255
3096,0.5466671963569563,0.2578455308060522,0.0,0.0,0.20562544344153255
3097,0.5466671963569563,0.26245848217766704,0.0,0.0,0.20562544344153255
3098,0.5466671963569563,0.26403187398538647,0.0,0.0,0.20562544344153255
3099,0.5466671963569563,0.26245848217766704,0.0,0.0,0.20562544344153255
3100,0.5466671963569563,0.2578455308060522,0.0,0.0,0.20562544344153255
3101,0.5466671963569563,0.25050738488325464,0.0,0.0,0.20562544344153255
3102,0.5466671963569563,0.24094412692705364,0.10264300798463631,0.07666544417776554,0.20562544344153255
3103,0.607489643905271,0.22980747716313332,0.23018842849211835,0.17193083544055493,0.2285034263014281
3104,0.6652621999610904,0.2178563798687209,0.3433492448027385,0.2564521722204629,0.25023421157059156
3105,0.7170879073265902,0.20590528257430843,0.43505397394107076,0.3249476687051749,0.2697281269357702
3106,0.7603680086291565,0.19476863281038811,0.49957193587130055,0.37313700284438484,0.28600766608105227
3107,0.7929322588675143,0.18520537485418714,0.5328713669116738,0.39800879607904155,0.29825650493625777
3108,0.8131477505582454,0.1778672289313896,0.5328713669116738,0.39800879607904155,0.30586043557449005
3109,0.8200007945354343,0.17325427755977468,0.49957193587130055,0.37313700284438484,0.30843816516229877
3110,0.8131477505582454,0.1716808857520553,0.43505397394107076,0.3249476687051749,0.30586043557449005
3111,0.7929322588675143,0.17325427755977466,0.34334924480273854,0.25645217222046296,0.29825650493625777
3112,0.7603680086291565,0.1778672289313896,0.23018842849211835,0.17193083544055493,0.28600766608105227
3113,0.7170879073265902,0.18520537485418712,0.10264300798463626,0.0766654441777655,0.2697281269357702
3114,0.6652621999610904,0.19476863281038806,0.0,0.0,0.25023421157059156
3115,0.607489643905271,0.2059052825743084,0.0,0.0,0.2285034263014281
3116,0.5466671963569563,0.2178563798687209,0.0,0.0,0.20562544344153255
3117,0.5466671963569563,0.22980747716313332,0.0,0.0,0.20562544344153255
3118,0.5466671963569563,0.24094412692705364,0.0,0.0,0.20562544344153255
3119,0.5466671963569563,0.25050738488325464,0.0,0.0,0.20562544344153255
3120,0.5466671963569563,0.24430871727812434,0.0,0.0,0.20562544344153255
3121,0.5466671963569563,0.24892166864973927,0.0,0.0,0.20562544344153255
3122,0.5466671963569563,0.2504950604574586,0.0,0.0,0.20562544344153255
3123,0.5466671963569563,0.24892166864973927,0.0,0.0,0.20562544344153255
3124,0.5466671963569563,0.24430871727812434,0.0,0.0,0.20562544344153255
3125,0.5466671963569563,0.2369705713553268,0.0,0.0,0.20562544344153255
3126,0.5466671963569563,0.22740731339912582,0.10204376599542472,0.07621786227058146,0.20562544344153255
3127,0.607489643905271,0.2162706636352055,0.22973708512341529,0.17159372100365644,0.2285034263014281
3128,0.6652621999610904,0.20431956634079304,0.3430504459169809,0.2562289953110347,0.25023421157059156
3129,0.7170879073265902,0.1923684690463806,0.43489121287032234,0.32482610027076536,0.2697281269357702
3130,0.7603680086291565,0.18123181928246027,0.4995107868772866,0.37309132983772664,0.28600766608105227
3131,0.7929322588675143,0.1716685613262593,0.5328644279199123,0.3980036132527002,0.29825650493625777
3132,0.8131477505582454,0.16433041540346174,0.5328644279199123,0.3980036132527002,0.30586043557449005
3133,0.8200007945354343,0.15971746403184683,0.4995107868772866,0.37309132983772664,0.30843816516229877
3134,0.8131477505582454,0.15814407222412746,0.4348912128703224,0.3248261002707654,0.30586043557449005
3135,0.7929322588675143,0.1597174640318468,0.34305044591698103,0.2562289953110348,0.29825650493625777
3136,0.7603680086291565,0.16433041540346174,0.22973708512341545,0.17159372100365655,0.28600766608105227
3137,0.7170879073265902,0.17166856132625924,0.102043765995425,0.07621786227058167,0.2697281269357702
3138,0.6652621999610904,0.18123181928246024,0.0,0.0,0.25023421157059156
3139,0.607489643905271,0.19236846904638055,0.0,0.0,0.2285034263014281
3140,0.5466671963569563,0.20431956634079304,0.0,0.0,0.20562544344153255
3141,0.5466671963569563,0.2162706636352055,0.0,0.0,0.20562544344153255
3142,0.5466671963569563,0.22740731339912582,0.0,0.0,0.20562544344153255
3143,0.5466671963569563,0.2369705713553268,0.0,0.0,0.20562544344153255
3144,0.5466671963569563,0.23393891649751775,0.0,0.0,0.20562544344153255
3145,0.5466671963569563,0.23855186786913266,0.0,0.0,0.20562544344153255
3146,0.5466671963569563,0.24012525967685205,0.0,0.0,0.20562544344153255
3147,0.5466671963569563,0.23855186786913266,0.0,0.0,0.20562544344153255
3148,0.5466671963569563,0.23393891649751775,0.0,0.0,0.20562544344153255
3149,0.5466671963569563,0.22660077057472022,0.0,0.0,0.20562544344153255
3150,0.5466671963569563,0.21703751261851922,0.10143436450535104,0.07576269209546262,0.20562544344153255
3151,0.607489643905271,0.2059008628545989,0.22927798782760325,0.171250815054237,0.2285034263014281
3152,0.6652621999610904,0.19394976556018648,0.3427464646214368,0.2560019475899848,0.25023421157059156
3153,0.7170879073265902,0.18199866826577402,0.43472561006814053,0.32470240930890026,0.2697281269357702
3154,0.7603680086291565,0.1708620185018537,0.4994485657532498,0.3730448560427241,0.28600766608105227
3155,0.7929322588675143,0.1612987605456527,0.5328573670176132,0.3979983393697374,0.29825650493625777
3156,0.8131477505582454,0.15396061462285518,0.5328573670176132,0.3979983393697374,0.30586043557449005
3157,0.8200007945354343,0.14934766325124027,0.4994485657532498,0.3730448560427241,0.30843816516229877
3158,0.8131477505582454,0.1477742714435209,0.4347256100681407,0.3247024093089004,0.30586043557449005
3159,0.7929322588675143,0.14934766325124024,0.3427464646214369,0.25600194758998485,0.29825650493625777
3160,0.7603680086291565,0.15396061462285518,0.22927798782760345,0.17125081505423714,0.28600766608105227
3161,0.7170879073265902,0.16129876054565268,0.10143436450535094,0.07576269209546255,0.2697281269357702
3162,0.6652621999610904,0.17086201850185367,0.0,0.0,0.25023421157059156
3163,0.607489643905271,0.181998668265774,0.0,0.0,0.2285034263014281
3164,0.5466671963569563,0.19394976556018648,0.0,0.0,0.20562544344153255
3165,0.5466671963569563,0.2059008628545989,0.0,0.0,0.20562544344153255
3166,0.5466671963569563,0.21703751261851922,0.0,0.0,0.20562544344153255
3167,0.5466671963569563,0.22660077057472022,0.0,0.0,0.20562544344153255
3168,0.5466671963569563,0.231588273496976,0.0,0.0,0.20562544344153255
3169,0.5466671963569563,0.2362012248685909,0.0,0.0,0.20562544344153255
3170,0.5466671963569563,0.23777461667631028,0.0,0.0,0.20562544344153255
3171,0.5466671963569563,0.2362012248685909,0.0,0.0,0.20562544344153255
3172,0.5466671963569563,0.231588273496976,0.0,0.0,0.20562544344153255
3173,0.5466671963569563,0.22425012757417848,0.0,0.0,0.20562544344153255
3174,0.5466671963569563,0.21468686961797748,0.10081493077961366,0.07530002870849863,0.20562544344153255
3175,0.607489643905271,0.20355021985405716,0.22881122723759184,0.1709021852872366,0.2285034263014281
3176,0.6652621999610904,0.19159912255964473,0.34243735838831574,0.25577107198408,0.25023421157059156
3177,0.7170879073265902,0.17964802526523227,0.43455719587142244,0.32457661847861624,0.2697281269357702
3178,0.7603680086291565,0.16851137550131193,0.4993852836640959,0.3729975897985956,0.28600766608105227
3179,0.7929322588675143,0.15894811754511096,0.5328501854588573,0.3979929753668431,0.29825650493625777
3180,0.8131477505582454,0.1516099716223134,0.5328501854588572,0.397992975366843,0.30586043557449005
3181,0.8200007945354343,0.1469970202506985,0.4993852836640959,0.3729975897985956,0.30843816516229877
3182,0.8131477505582454,0.14542362844297912,0.43455719587142244,0.32457661847861624,0.30586043557449005
3183,0.7929322588675143,0.14699702025069844,0.3424373583883158,0.25577107198408006,0.29825650493625777
3184,0.7603680086291565,0.1516099716223134,0.228811227237592,0.17090218528723672,0.28600766608105227
3185,0.7170879073265902,0.15894811754511093,0.10081493077961375,0.0753000287084987,0.2697281269357702
3186,0.6652621999610904,0.1685113755013119,0.0,0.0,0.25023421157059156
3187,0.607489643905271,0.17964802526523221,0.0,0.0,0.2285034263014281
3188,0.5466671963569563,0.19159912255964473,0.0,0.0,0.20562544344153255
3189,0.5466671963569563,0.20355021985405716,0.0,0.0,0.20562544344153255
3190,0.5466671963569563,0.21468686961797748,0.0,0.0,0.20562544344153255
3191,0.5466671963569563,0.22425012757417848,0.0,0.0,0.20562544344153255
3192,0.5466671963569563,0.2383566802609396,0.0,0.0,0.20562544344153255
3193,0.5466671963569563,0.24296963163255447,0.0,0.0,0.20562544344153255
3194,0.5466671963569563,0.24454302344027384,0.0,0.0,0.20562544344153255
3195,0.5466671963569563,0.24296963163255447,0.0,0.0,0.20562544344153255
3196,0.5466671963569563,0.2383566802609396,0.0,0.0,0.20562544344153255
3197,0.5466671963569563,0.23101853433814204,0.0,0.0,0.20562544344153255
3198,0.5466671963569563,0.22145527638194107,0.1001855951491255,0.0748299694556025,0.20562544344153255
3199,0.607489643905271,0.21031862661802073,0.22833689628641166,0.1705479011155867,0.2285034263014281
3200,0.6652621999610904,0.19836752932360827,0.34212318620724236,0.255536412553465,0.25023421157059156
3201,0.7170879073265902,0.18641643202919583,0.4343860014413019,0.32444875105458365,0.2697281269357702
3202,0.7603680086291565,0.17527978226527552,0.49932095208378674,0.3729495396753978,0.28600766608105227
3203,0.7929322588675143,0.16571652430907452,0.5328428845327612,0.3979875222068757,0.29825650493625777
3204,0.8131477505582454,0.15837837838627702,0.5328428845327612,0.3979875222068757,0.30586043557449005
3205,0.8200007945354343,0.15376542701466211,0.4993209520837868,0.37294953967539785,0.30843816516229877
3206,0.8131477505582454,0.15219203520694272,0.4343860014413021,0.3244487510545838,0.30586043557449005
3207,0.7929322588675143,0.15376542701466206,0.3421231862072427,0.2555364125534652,0.29825650493625777
3208,0.7603680086291565,0.15837837838627702,0.22833689628641166,0.1705479011155867,0.28600766608105227
3209,0.7170879073265902,0.16571652430907452,0.10018559514912573,0.07482996945560268,0.2697281269357702
3210,0.6652621999610904,0.17527978226527546,0.0,0.0,0.25023421157059156
3211,0.607489643905271,0.1864164320291958,0.0,0.0,0.2285034263014281
3212,0.5466671963569563,0.19836752932360827,0.0,0.0,0.20562544344153255
3213,0.5466671963569563,0.21031862661802073,0.0,0.0,0.20562544344153255
3214,0.5466671963569563,0.22145527638194107,0.0,0.0,0.20562544344153255
3215,0.5466671963569563,0.23101853433814204,0.0,0.0,0.20562544344153255
3216,0.5466671963569563,0.2510771240420882,0.0,0.0,0.20562544344153255
3217,0.5466671963569563,0.25569007541370314,0.0,0.0,0.20562544344153255
3218,0.5466671963569563,0.2572634672214225,0.0,0.0,0.20562544344153255
3219,0.5466671963569563,0.25569007541370314,0.0,0.0,0.20562544344153255
3220,0.5466671963569563,0.2510771240420882,0.0,0.0,0.20562544344153255
3221,0.5466671963569563,0.2437389781192907,0.0,0.0,0.20562544344153255
3222,0.5466671963569563,0.2341757201630897,0.09954649103055727,0.07435261398748132,0.20562544344153255
3223,0.607489643905271,0.2230390703991694,0.22785509022825384,0.17018803368592472,0.2285034263014281
3224,0.6652621999610904,0.21108797310475694,0.3418040086020298,0.2552980145041904,0.25023421157059156
3225,0.7170879073265902,0.1991368758103445,0.4342120587733663,0.3243188309347374,0.2697281269357702
3226,0.7603680086291565,0.18800022604642416,0.49925558279943694,0.3729007144770851,0.28600766608105227
3227,0.7929322588675143,0.1784369680902232,0.5328354655639554,0.3979819808792198,0.29825650493625777
3228,0.8131477505582454,0.17109882216742567,0.5328354655639554,0.3979819808792198,0.30586043557449005
3229,0.8200007945354343,0.16648587079581076,0.49925558279943694,0.3729007144770851,0.30843816516229877
3230,0.8131477505582454,0.16491247898809136,0.43421205877336644,0.32431883093473746,0.30586043557449005
3231,0.7929322588675143,0.1664858707958107,0.3418040086020298,0.2552980145041904,0.29825650493625777
3232,0.7603680086291565,0.17109882216742567,0.22785509022825393,0.17018803368592478,0.28600766608105227
3233,0.7170879073265902,0.17843696809022316,0.0995464910305574,0.07435261398748141,0.2697281269357702
3234,0.6652621999610904,0.18800022604642413,0.0,0.0,0.25023421157059156
3235,0.607489643905271,0.19913687581034445,0.0,0.0,0.2285034263014281
3236,0.5466671963569563,0.21108797310475694,0.0,0.0,0.20562544344153255
3237,0.5466671963569563,0.2230390703991694,0.0,0.0,0.20562544344153255
3238,0.5466671963569563,0.2341757201630897,0.0,0.0,0.20562544344153255
3239,0.5466671963569563,0.2437389781192907,0.0,0.0,0.20562544344153255
3240,0.5466671963569563,0.26379756782323643,0.0,0.0,0.20562544344153255
3241,0.5466671963569563,0.2684105191948513,0.0,0.0,0.20562544344153255
3242,0.5466671963569563,0.26998391100257074,0.0,0.0,0.20562544344153255
3243,0.5466671963569563,0.2684105191948513,0.0,0.0,0.20562544344153255
3244,0.5466671963569563,0.26379756782323643,0.0,0.0,0.20562544344153255
3245,0.5466671963569563,0.25645942190043886,0.0,0.0,0.20562544344153255
3246,0.5466671963569563,0.2468961639442379,0.09889775494565214,0.07386806427406253,0.20562544344153255
3247,0.607489643905271,0.23575951418031757,0.2273659066590884,0.1698226558939942,0.2285034263014281
3248,0.6652621999610904,0.22380841688590514,0.3414798876472365,0.2550559242005793,0.25023421157059156
3249,0.7170879073265902,0.21185731959149268,0.43403540070778024,0.32418688264783835,0.2697281269357702
3250,0.7603680086291565,0.20072066982757236,0.4991891879153802,0.37285112324454733,0.28600766608105227
3251,0.7929322588675143,0.19115741187137136,0.5328279299130615,0.3979763524001418,0.29825650493625777
3252,0.8131477505582454,0.18381926594857387,0.5328279299130615,0.3979763524001418,0.30586043557449005
3253,0.8200007945354343,0.17920631457695893,0.4991891879153803,0.3728511232445474,0.30843816516229877
3254,0.8131477505582454,0.17763292276923956,0.43403540070778024,0.32418688264783835,0.30586043557449005
3255,0.7929322588675143,0.1792063145769589,0.34147988764723647,0.25505592420057926,0.29825650493625777
3256,0.7603680086291565,0.18381926594857387,0.2273659066590887,0.16982265589399442,0.28600766608105227
3257,0.7170879073265902,0.19115741187137136,0.09889775494565206,0.07386806427406248,0.2697281269357702
3258,0.6652621999610904,0.20072066982757233,0.0,0.0,0.25023421157059156
3259,0.607489643905271,0.21185731959149265,0.0,0.0,0.2285034263014281
3260,0.5466671963569563,0.22380841688590514,0.0,0.0,0.20562544344153255
3261,0.5466671963569563,0.23575951418031757,0.0,0.0,0.20562544344153255
3262,0.5466671963569563,0.2468961639442379,0.0,0.0,0.20562544344153255
3263,0.5466671963569563,0.25645942190043886,0.0,0.0,0.20562544344153255
3264,0.5466671963569563,0.27056597458720044,0.0,0.0,0.20562544344153255
3265,0.5466671963569563,0.2751789259588153,0.0,0.0,0.20562544344153255
3266,0.5466671963569563,0.27675231776653475,0.0,0.0,0.20562544344153255
3267,0.5466671963569563,0.2751789259588153,0.0,0.0,0.20562544344153255
3268,0.5466671963569563,0.27056597458720044,0.0,0.0,0.20562544344153255
3269,0.5466671963569563,0.2632278286644029,0.0,0.0,0.20562544344153255
3270,0.5466671963569563,0.2536645707082019,0.09823952653974481,0.0733764246183262,0.20562544344153255
3271,0.607489643905271,0.2425279209442816,0.22686944553680857,0.169451842399691,0.2285034263014281
3272,0.6652621999610904,0.23057682364986914,0.3411508869844728,0.2548101891774072,0.25023421157059156
3273,0.7170879073265902,0.21862572635545668,0.4338560609392972,0.3240529313609513,0.2697281269357702
3274,0.7603680086291565,0.20748907659153637,0.4991217798572008,0.37280077525862065,0.28600766608105227
3275,0.7929322588675143,0.1979258186353354,0.5328202789771637,0.3979706378131426,0.29825650493625777
3276,0.8131477505582454,0.19058767271253788,0.5328202789771637,0.3979706378131426,0.30586043557449005
3277,0.8200007945354343,0.18597472134092294,0.4991217798572008,0.37280077525862065,0.30843816516229877
3278,0.8131477505582454,0.18440132953320357,0.43385606093929713,0.32405293136095126,0.30586043557449005
3279,0.7929322588675143,0.1859747213409229,0.3411508869844727,0.25481018917740716,0.29825650493625777
3280,0.7603680086291565,0.19058767271253788,0.22686944553680877,0.16945184239969113,0.28600766608105227
3281,0.7170879073265902,0.19792581863533534,0.09823952653974488,0.07337642461832626,0.2697281269357702
3282,0.6652621999610904,0.20748907659153634,0.0,0.0,0.25023421157059156
3283,0.607489643905271,0.21862572635545666,0.0,0.0,0.2285034263014281
3284,0.5466671963569563,0.23057682364986914,0.0,0.0,0.20562544344153255
3285,0.5466671963569563,0.2425279209442816,0.0,0.0,0.20562544344153255
3286,0.5466671963569563,0.2536645707082019,0.0,0.0,0.20562544344153255
3287,0.5466671963569563,0.2632278286644029,0.0,0.0,0.20562544344153255
3288,0.5466671963569563,0.2682153315866589,0.0,0.0,0.20562544344153255
3289,0.5466671963569563,0.2728282829582738,0.0,0.0,0.20562544344153255
3290,0.5466671963569563,0.2744016747659932,0.0,0.0,0.20562544344153255
3291,0.5466671963569563,0.2728282829582738,0.0,0.0,0.20562544344153255
3292,0.5466671963569563,0.2682153315866589,0.0,0.0,0.20562544344153255
3293,0.5466671963569563,0.26087718566386137,0.0,0.0,0.20562544344153255
3294,0.5466671963569563,0.25131392770766037,0.09757194859942454,0.07287780166949767,0.20562544344153255
3295,0.607489643905271,0.24017727794374005,0.226365809200853,0.16907566964171925,0.2285034263014281
3296,0.6652621999610904,0.2282261806493276,0.34081707183842247,0.25456085815186824,0.25023421157059156
3297,0.7170879073265902,0.21627508335491516,0.43367407402714087,0.32391700288682584,0.2697281269357702
3298,0.7603680086291565,0.20513843359099485,0.4990533713757207,0.3727496800430656,0.28600766608105227
3299,0.7929322588675143,0.19557517563479385,0.5328125141902765,0.39796483818930717,0.29825650493625777
3300,0.8131477505582454,0.18823702971199632,0.5328125141902765,0.39796483818930717,0.30586043557449005
3301,0.8200007945354343,0.1836240783403814,0.4990533713757208,0.37274968004306563,0.30843816516229877
3302,0.8131477505582454,0.18205068653266204,0.4336740740271409,0.3239170028868259,0.30586043557449005
3303,0.7929322588675143,0.18362407834038139,0.34081707183842247,0.25456085815186824,0.29825650493625777
3304,0.7603680086291565,0.18823702971199632,0.22636580920085314,0.16907566964171936,0.28600766608105227
3305,0.7170879073265902,0.19557517563479385,0.09757194859942449,0.07287780166949763,0.2697281269357702
3306,0.6652621999610904,0.2051384335909948,0.0,0.0,0.25023421157059156
3307,0.607489643905271,0.21627508335491513,0.0,0.0,0.2285034263014281
3308,0.5466671963569563,0.2282261806493276,0.0,0.0,0.20562544344153255
3309,0.5466671963569563,0.24017727794374005,0.0,0.0,0.20562544344153255
3310,0.5466671963569563,0.25131392770766037,0.0,0.0,0.20562544344153255
3311,0.5466671963569563,0.26087718566386137,0.0,0.0,0.20562544344153255
3312,0.5466671963569563,0.25784553080605255,0.0,0.0,0.20562544344153255
3313,0.5466671963569563,0.2624584821776675,0.0,0.0,0.20562544344153255
3314,0.5466671963569563,0.26403187398538686,0.0,0.0,0.20562544344153255
3315,0.5466671963569563,0.2624584821776675,0.0,0.0,0.20562544344153255
3316,0.5466671963569563,0.25784553080605255,0.0,0.0,0.20562544344153255
3317,0.5466671963569563,0.250507384883255,0.0,0.0,0.20562544344153255
3318,0.5466671963569563,0.24094412692705405,0.09689516706927294,0.07237230443554923,0.20562544344153255
3319,0.607489643905271,0.22980747716313374,0.2258551023912523,0.1686942158518176,0.2285034263014281
3320,0.6652621999610904,0.2178563798687213,0.34047850903254434,0.2543079810353032,0.25023421157059156
3321,0.7170879073265902,0.20590528257430885,0.433489475404735,0.32377912369116285,0.2697281269357702
3322,0.7603680086291565,0.1947686328103885,0.49898397555093715,0.37269784736750805,0.28600766608105227
3323,0.7929322588675143,0.18520537485418756,0.5328046370238074,0.3979589546276494,0.29825650493625777
3324,0.8131477505582454,0.17786722893139,0.5328046370238075,0.39795895462764946,0.30586043557449005
3325,0.8200007945354343,0.17325427755977507,0.4989839755509372,0.3726978473675081,0.30843816516229877
3326,0.8131477505582454,0.1716808857520557,0.43348947540473504,0.3237791236911629,0.30586043557449005
3327,0.7929322588675143,0.17325427755977504,0.3404785090325444,0.2543079810353033,0.29825650493625777
3328,0.7603680086291565,0.17786722893139,0.22585510239125245,0.16869421585181768,0.28600766608105227
3329,0.7170879073265902,0.1852053748541875,0.0968951670692729,0.0723723044355492,0.2697281269357702
3330,0.6652621999610904,0.19476863281038848,0.0,0.0,0.25023421157059156
3331,0.607489643905271,0.2059052825743088,0.0,0.0,0.2285034263014281
3332,0.5466671963569563,0.2178563798687213,0.0,0.0,0.20562544344153255
3333,0.5466671963569563,0.22980747716313374,0.0,0.0,0.20562544344153255
3334,0.5466671963569563,0.24094412692705405,0.0,0.0,0.20562544344153255
3335,0.5466671963569563,0.250507384883255,0.0,0.0,0.20562544344153255
3336,0.5466671963569563,0.24430871727812417,0.0,0.0,0.20562544344153255
3337,0.5466671963569563,0.2489216686497391,0.0,0.0,0.20562544344153255
3338,0.5466671963569563,0.2504950604574585,0.0,0.0,0.20562544344153255
3339,0.5466671963569563,0.2489216686497391,0.0,0.0,0.20562544344153255
3340,0.5466671963569563,0.24430871727812417,0.0,0.0,0.20562544344153255
3341,0.5466671963569563,0.23697057135532665,0.0,0.0,0.20562544344153255
3342,0.5466671963569563,0.22740731339912568,0.09620933106761341,0.07186004429496372,0.20562544344153255
3343,0.607489643905271,0.21627066363520533,0.22533743226704694,0.1683075610685156,0.2285034263014281
3344,0.6652621999610904,0.2043195663407929,0.34013526700441626,0.2540516089446601,0.25023421157059156
3345,0.7170879073265902,0.19236846904638044,0.43330230138926284,0.32363932089975544,0.2697281269357702
3346,0.7603680086291565,0.18123181928246013,0.49891360579590016,0.37264528725033574,0.28600766608105227
3347,0.7929322588675143,0.17166856132625916,0.5327966489870126,0.39795298825545317,0.29825650493625777
3348,0.8131477505582454,0.1643304154034616,0.5327966489870126,0.39795298825545317,0.30586043557449005
3349,0.8200007945354343,0.1597174640318467,0.49891360579590016,0.37264528725033574,0.30843816516229877
3350,0.8131477505582454,0.15814407222412732,0.43330230138926284,0.32363932089975544,0.30586043557449005
3351,0.7929322588675143,0.15971746403184667,0.3401352670044164,0.25405160894466017,0.29825650493625777
3352,0.7603680086291565,0.1643304154034616,0.22533743226704717,0.16830756106851577,0.28600766608105227
3353,0.7170879073265902,0.17166856132625913,0.09620933106761372,0.07186004429496394,0.2697281269357702
3354,0.6652621999610904,0.18123181928246007,0.0,0.0,0.25023421157059156
3355,0.607489643905271,0.1923684690463804,0.0,0.0,0.2285034263014281
3356,0.5466671963569563,0.2043195663407929,0.0,0.0,0.20562544344153255
3357,0.5466671963569563,0.21627066363520533,0.0,0.0,0.20562544344153255
3358,0.5466671963569563,0.22740731339912568,0.0,0.0,0.20562544344153255
3359,0.5466671963569563,0.23697057135532665,0.0,0.0,0.20562544344153255
3360,0.5466671963569563,0.2339389164975177,0.0,0.0,0.20562544344153255
3361,0.5466671963569563,0.23855186786913263,0.0,0.0,0.20562544344153255
3362,0.5466671963569563,0.240125259676852,0.0,0.0,0.20562544344153255
3363,0.5466671963569563,0.23855186786913263,0.0,0.0,0.20562544344153255
3364,0.5466671963569563,0.2339389164975177,0.0,0.0,0.20562544344153255
3365,0.5466671963569563,0.22660077057472014,0.0,0.0,0.20562544344153255
3366,0.5466671963569563,0.21703751261851917,0.09551459290120382,0.0713411350077085,0.20562544344153255
3367,0.607489643905271,0.20590086285459885,0.22481290842402424,0.16791578715038194,0.2285034263014281
3368,0.6652621999610904,0.1939497655601864,0.33978741582068595,0.2537917942136612,0.25023421157059156
3369,0.7170879073265902,0.18199866826577396,0.43311258919103385,0.32349762230548446,0.2697281269357702
3370,0.7603680086291565,0.17086201850185362,0.49884227586052454,0.372592009961545,0.28600766608105227
3371,0.7929322588675143,0.16129876054565265,0.5327885516274458,0.39794694022860694,0.29825650493625777
3372,0.8131477505582454,0.15396061462285515,0.5327885516274458,0.39794694022860694,0.30586043557449005
3373,0.8200007945354343,0.14934766325124021,0.49884227586052454,0.372592009961545,0.30843816516229877
3374,0.8131477505582454,0.14777427144352084,0.4331125891910338,0.3234976223054844,0.30586043557449005
3375,0.7929322588675143,0.1493476632512402,0.33978741582068595,0.2537917942136612,0.29825650493625777
3376,0.7603680086291565,0.15396061462285515,0.22481290842402435,0.16791578715038202,0.28600766608105227
3377,0.7170879073265902,0.16129876054565262,0.09551459290120398,0.07134113500770863,0.2697281269357702
3378,0.6652621999610904,0.1708620185018536,0.0,0.0,0.25023421157059156
3379,0.607489643905271,0.1819986682657739,0.0,0.0,0.2285034263014281
3380,0.5466671963569563,0.1939497655601864,0.0,0.0,0.20562544344153255
3381,0.5466671963569563,0.20590086285459885,0.0,0.0,0.20562544344153255
3382,0.5466671963569563,0.21703751261851917,0.0,0.0,0.20562544344153255
3383,0.5466671963569563,0.22660077057472014,0.0,0.0,0.20562544344153255
3384,0.5466671963569563,0.231588273496976,0.0,0.0,0.20562544344153255
3385,0.5466671963569563,0.2362012248685909,0.0,0.0,0.20562544344153255
3386,0.5466671963569563,0.23777461667631028,0.0,0.0,0.20562544344153255
3387,0.5466671963569563,0.2362012248685909,0.0,0.0,0.20562544344153255
3388,0.5466671963569563,0.231588273496976,0.0,0.0,0.20562544344153255
3389,0.5466671963569563,0.22425012757417848,0.0,0.0,0.20562544344153255
3390,0.5466671963569563,0.21468686961797748,0.09481110807880647,0.07081569272537123,0.20562544344153255
3391,0.607489643905271,0.20355021985405716,0.22428164291171956,0.1675189777887227,0.2285034263014281
3392,0.6652621999610904,0.19159912255964473,0.33943502719159063,0.2535285904036479,0.25023421157059156
3393,0.7170879073265902,0.17964802526523227,0.4329203769226388,0.32335405637515696,0.2697281269357702
3394,0.7603680086291565,0.16851137550131193,0.4987699998353275,0.37253802602553293,0.28600766608105227
3395,0.7929322588675143,0.15894811754511098,0.5327803465313983,0.39794081173193335,0.29825650493625777
3396,0.8131477505582454,0.15160997162231343,0.5327803465313983,0.3979408117319334,0.30586043557449005
3397,0.8200007945354343,0.1469970202506985,0.4987699998353275,0.37253802602553293,0.30843816516229877
3398,0.8131477505582454,0.14542362844297912,0.4329203769226387,0.3233540563751569,0.30586043557449005
3399,0.7929322588675143,0.14699702025069847,0.3394350271915906,0.25352859040364784,0.29825650493625777
3400,0.7603680086291565,0.15160997162231343,0.2242816429117195,0.16751897778872268,0.28600766608105227
3401,0.7170879073265902,0.15894811754511093,0.09481110807880647,0.07081569272537123,0.2697281269357702
3402,0.6652621999610904,0.1685113755013119,0.0,0.0,0.25023421157059156
3403,0.607489643905271,0.17964802526523221,0.0,0.0,0.2285034263014281
3404,0.5466671963569563,0.19159912255964473,0.0,0.0,0.20562544344153255
3405,0.5466671963569563,0.20355021985405716,0.0,0.0,0.20562544344153255
3406,0.5466671963569563,0.21468686961797748,0.0,0.0,0.20562544344153255
3407,0.5466671963569563,0.22425012757417848,0.0,0.0,0.20562544344153255
3408,0.5466671963569563,0.2383566802609397,0.0,0.0,0.20562544344153255
3409,0.5466671963569563,0.24296963163255458,0.0,0.0,0.20562544344153255
3410,0.5466671963569563,0.24454302344027395,0.0,0.0,0.20562544344153255
3411,0.5466671963569563,0.24296963163255458,0.0,0.0,0.20562544344153255
3412,0.5466671963569563,0.2383566802609397,0.0,0.0,0.20562544344153255
3413,0.5466671963569563,0.23101853433814212,0.0,0.0,0.20562544344153255
3414,0.5466671963569563,0.22145527638194118,0.09409903532356576,0.07028383600040479,0.20562544344153255
3415,0.607489643905271,0.21031862661802084,0.22374375024962526,0.1671172185196881,0.2285034263014281
3416,0.6652621999610904,0.19836752932360838,0.33907817448500643,0.2532620523140742,0.25023421157059156
3417,0.7170879073265902,0.18641643202919594,0.4327257036078699,0.3232086522561687,0.2697281269357702
3418,0.7603680086291565,0.17527978226527563,0.4986967921550829,0.37248334622382623,0.28600766608105227
3419,0.7929322588675143,0.16571652430907463,0.532772035324331,0.3979346039795109,0.29825650493625777
3420,0.8131477505582454,0.1583783783862771,0.5327720353243312,0.39793460397951097,0.30586043557449005
3421,0.8200007945354343,0.1537654270146622,0.4986967921550829,0.37248334622382623,0.30843816516229877
3422,0.8131477505582454,0.15219203520694283,0.4327257036078698,0.3232086522561686,0.30586043557449005
3423,0.7929322588675143,0.15376542701466217,0.33907817448500643,0.2532620523140742,0.29825650493625777
3424,0.7603680086291565,0.1583783783862771,0.22374375024962526,0.1671172185196881,0.28600766608105227
3425,0.7170879073265902,0.1657165243090746,0.09409903532356603,0.070283836000405,0.2697281269357702
3426,0.6652621999610904,0.17527978226527557,0.0,0.0,0.25023421157059156
3427,0.607489643905271,0.18641643202919592,0.0,0.0,0.2285034263014281
3428,0.5466671963569563,0.19836752932360838,0.0,0.0,0.20562544344153255
3429,0.5466671963569563,0.21031862661802084,0.0,0.0,0.20562544344153255
3430,0.5466671963569563,0.22145527638194118,0.0,0.0,0.20562544344153255
3431,0.5466671963569563,0.23101853433814212,0.0,0.0,0.20562544344153255
3432,0.5466671963569563,0.2510771240420883,0.0,0.0,0.20562544344153255
3433,0.5466671963569563,0.25569007541370325,0.0,0.0,0.20562544344153255
3434,0.5466671963569563,0.2572634672214226,0.0,0.0,0.20562544344153255
3435,0.5466671963569563,0.25569007541370325,0.0,0.0,0.20562544344153255
3436,0.5466671963569563,0.2510771240420883,0.0,0.0,0.20562544344153255
3437,0.5466671963569563,0.24373897811929082,0.0,0.0,0.20562544344153255
3438,0.5466671963569563,0.23417572016308982,0.09337853658412772,0.06974568579443259,0.20562544344153255
3439,0.607489643905271,0.2230390703991695,0.22319934744255435,0.16671059673574778,0.2285034263014281
3440,0.6652621999610904,0.21108797310475705,0.33871693273999004,0.2529922359926218,0.25023421157059156
3441,0.7170879073265902,0.19913687581034462,0.432528609190385,0.3230614397829752,0.2697281269357702
3442,0.7603680086291565,0.1880002260464243,0.4986226676023849,0.37242798159774354,0.28600766608105227
3443,0.7929322588675143,0.1784369680902233,0.5327636196712962,0.3979283182149895,0.29825650493625777
3444,0.8131477505582454,0.17109882216742578,0.5327636196712962,0.3979283182149895,0.30586043557449005
3445,0.8200007945354343,0.16648587079581087,0.49862266760238483,0.3724279815977435,0.30843816516229877
3446,0.8131477505582454,0.1649124789880915,0.432528609190385,0.3230614397829752,0.30586043557449005
3447,0.7929322588675143,0.16648587079581081,0.33871693273999004,0.2529922359926218,0.29825650493625777
3448,0.7603680086291565,0.17109882216742578,0.2231993474425544,0.16671059673574784,0.28600766608105227
3449,0.7170879073265902,0.17843696809022327,0.09337853658412776,0.06974568579443262,0.2697281269357702
3450,0.6652621999610904,0.18800022604642425,0.0,0.0,0.25023421157059156
3451,0.607489643905271,0.1991368758103446,0.0,0.0,0.2285034263014281
3452,0.5466671963569563,0.21108797310475705,0.0,0.0,0.20562544344153255
3453,0.5466671963569563,0.2230390703991695,0.0,0.0,0.20562544344153255
3454,0.5466671963569563,0.23417572016308982,0.0,0.0,0.20562544344153255
3455,0.5466671963569563,0.24373897811929082,0.0,0.0,0.20562544344153255
3456,0.5466671963569563,0.2637975678232365,0.0,0.0,0.20562544344153255
3457,0.5466671963569563,0.26841051919485137,0.0,0.0,0.20562544344153255
3458,0.5466671963569563,0.26998391100257074,0.0,0.0,0.20562544344153255
3459,0.5466671963569563,0.26841051919485137,0.0,0.0,0.20562544344153255
3460,0.5466671963569563,0.2637975678232365,0.0,0.0,0.20562544344153255
3461,0.5466671963569563,0.25645942190043897,0.0,0.0,0.20562544344153255
3462,0.5466671963569563,0.24689616394423797,0.09264977704443043,0.0692013654855613,0.20562544344153255
3463,0.607489643905271,0.23575951418031768,0.2226485539950997,0.16629920169649062,0.2285034263014281
3464,0.6652621999610904,0.2238084168859052,0.33835137867977155,0.2527191987449036,0.25023421157059156
3465,0.7170879073265902,0.21185731959149276,0.43232913454209304,0.3229124494833554,0.2697281269357702
3466,0.7603680086291565,0.20072066982757245,0.4985476413111114,0.37237194345098196,0.28600766608105227
3467,0.7929322588675143,0.19115741187137145,0.5327551012773465,0.3979219557118959,0.29825650493625777
3468,0.8131477505582454,0.18381926594857392,0.5327551012773465,0.3979219557118959,0.30586043557449005
3469,0.8200007945354343,0.179206314576959,0.4985476413111114,0.37237194345098196,0.30843816516229877
3470,0.8131477505582454,0.17763292276923964,0.43232913454209304,0.3229124494833554,0.30586043557449005
3471,0.7929322588675143,0.17920631457695899,0.3383513786797717,0.25271919874490373,0.29825650493625777
3472,0.7603680086291565,0.18381926594857392,0.2226485539950999,0.16629920169649076,0.28600766608105227
3473,0.7170879073265902,0.19115741187137142,0.09264977704443049,0.06920136548556134,0.2697281269357702
3474,0.6652621999610904,0.2007206698275724,0.0,0.0,0.25023421157059156
3475,0.607489643905271,0.21185731959149273,0.0,0.0,0.2285034263014281
3476,0.5466671963569563,0.2238084168859052,0.0,0.0,0.20562544344153255
3477,0.5466671963569563,0.23575951418031768,0.0,0.0,0.20562544344153255
3478,0.5466671963569563,0.24689616394423797,0.0,0.0,0.20562544344153255
3479,0.5466671963569563,0.25645942190043897,0.0,0.0,0.20562544344153255
3480,0.5466671963569563,0.27056597458720033,0.0,0.0,0.20562544344153255
3481,0.5466671963569563,0.27517892595881527,0.0,0.0,0.20562544344153255
3482,0.5466671963569563,0.27675231776653464,0.0,0.0,0.20562544344153255
3483,0.5466671963569563,0.27517892595881527,0.0,0.0,0.20562544344153255
3484,0.5466671963569563,0.27056597458720033,0.0,0.0,0.20562544344153255
3485,0.5466671963569563,0.2632278286644028,0.0,0.0,0.20562544344153255
3486,0.5466671963569563,0.2536645707082018,0.0919129251320979,0.06865100087465019,0.20562544344153255
3487,0.607489643905271,0.24252792094428155,0.22209149192513322,0.16588312453870743,0.2285034263014281
3488,0.6652621999610904,0.2305768236498691,0.33798159072415956,0.25244299914373036,0.25023421157059156
3489,0.7170879073265902,0.21862572635545663,0.4321273214712379,0.3227617125844494,0.2697281269357702
3490,0.7603680086291565,0.2074890765915363,0.49847172876977996,0.37231524335212374,0.28600766608105227
3491,0.7929322588675143,0.19792581863533534,0.5327464818879347,0.3979155177739324,0.29825650493625777
3492,0.8131477505582454,0.1905876727125378,0.5327464818879347,0.3979155177739324,0.30586043557449005
3493,0.8200007945354343,0.18597472134092288,0.49847172876977996,0.37231524335212374,0.30843816516229877
3494,0.8131477505582454,0.18440132953320348,0.4321273214712379,0.3227617125844494,0.30586043557449005
3495,0.7929322588675143,0.18597472134092283,0.33798159072415973,0.2524429991437305,0.29825650493625777
3496,0.7603680086291565,0.1905876727125378,0.22209149192513317,0.16588312453870738,0.28600766608105227
3497,0.7170879073265902,0.1979258186353353,0.09191292513209788,0.06865100087465018,0.2697281269357702
3498,0.6652621999610904,0.20748907659153626,0.0,0.0,0.25023421157059156
3499,0.607489643905271,0.21862572635545657,0.0,0.0,0.2285034263014281
3500,0.5466671963569563,0.2305768236498691,0.0,0.0,0.20562544344153255
3501,0.5466671963569563,0.24252792094428155,0.0,0.0,0.20562544344153255
3502,0.5466671963569563,0.2536645707082018,0.0,0.0,0.20562544344153255
3503,0.5466671963569563,0.2632278286644028,0.0,0.0,0.20562544344153255
3504,0.5466671963569563,0.26821533158665883,0.0,0.0,0.20562544344153255
3505,0.5466671963569563,0.2728282829582737,0.0,0.0,0.20562544344153255
3506,0.5466671963569563,0.2744016747659931,0.0,0.0,0.20562544344153255
3507,0.5466671963569563,0.2728282829582737,0.0,0.0,0.20562544344153255
3508,0.5466671963569563,0.26821533158665883,0.0,0.0,0.20562544344153255
3509,0.5466671963569563,0.2608771856638613,0.0,0.0,0.20562544344153255
3510,0.5466671963569563,0.25131392770766026,0.09116815252536788,0.06809472019048575,0.20562544344153255
3511,0.607489643905271,0.24017727794374,0.22152828577628764,0.16546245828571376,0.2285034263014281
3512,0.6652621999610904,0.22822618064932754,0.3376076490013171,0.2521636970379054,0.25023421157059156
3513,0.7170879073265902,0.21627508335491508,0.4319232127301589,0.3226092610185548,0.2697281269357702
3514,0.7603680086291565,0.20513843359099476,0.49839494582478494,0.37225789313705404,0.28600766608105227
3515,0.7929322588675143,0.1955751756347938,0.5327377632892986,0.3979090057352639,0.29825650493625777
3516,0.8131477505582454,0.18823702971199627,0.5327377632892986,0.3979090057352639,0.30586043557449005
3517,0.8200007945354343,0.18362407834038133,0.49839494582478494,0.37225789313705404,0.30843816516229877
3518,0.8131477505582454,0.18205068653266196,0.43192321273015893,0.32260926101855486,0.30586043557449005
3519,0.7929322588675143,0.1836240783403813,0.3376076490013172,0.2521636970379055,0.29825650493625777
3520,0.7603680086291565,0.18823702971199627,0.22152828577628791,0.16546245828571396,0.28600766608105227
3521,0.7170879073265902,0.19557517563479376,0.09116815252536796,0.06809472019048582,0.2697281269357702
3522,0.6652621999610904,0.20513843359099473,0.0,0.0,0.25023421157059156
3523,0.607489643905271,0.21627508335491505,0.0,0.0,0.2285034263014281
3524,0.5466671963569563,0.22822618064932754,0.0,0.0,0.20562544344153255
3525,0.5466671963569563,0.24017727794374,0.0,0.0,0.20562544344153255
3526,0.5466671963569563,0.25131392770766026,0.0,0.0,0.20562544344153255
3527,0.5466671963569563,0.2608771856638613,0.0,0.0,0.20562544344153255
3528,0.5466671963569563,0.2578455308060524,0.0,0.0,0.20562544344153255
3529,0.5466671963569563,0.2624584821776673,0.0,0.0,0.20562544344153255
3530,0.5466671963569563,0.2640318739853867,0.0,0.0,0.20562544344153255
3531,0.5466671963569563,0.2624584821776673,0.0,0.0,0.20562544344153255
3532,0.5466671963569563,0.2578455308060524,0.0,0.0,0.20562544344153255
3533,0.5466671963569563,0.2505073848832549,0.0,0.0,0.20562544344153255
3534,0.5466671963569563,0.2409441269270539,0.09041563415848379,0.0675326540938089,0.20562544344153255
3535,0.607489643905271,0.22980747716313357,0.22095906262936088,0.16503729785586804,0.2285034263014281
3536,0.6652621999610904,0.21785637986872114,0.33722963535886696,0.2518813535605199,0.25023421157059156
3537,0.7170879073265902,0.2059052825743087,0.4317168520227019,0.3224551274286624,0.2697281269357702
3538,0.7603680086291565,0.1947686328103884,0.49831730868350954,0.3721999049112856,0.28600766608105227
3539,0.7929322588675143,0.1852053748541874,0.5327289473088314,0.3979024209607951,0.29825650493625777
3540,0.8131477505582454,0.17786722893138984,0.5327289473088314,0.3979024209607951,0.30586043557449005
3541,0.8200007945354343,0.17325427755977496,0.49831730868350954,0.3721999049112856,0.30843816516229877
3542,0.8131477505582454,0.17168088575205556,0.4317168520227019,0.3224551274286624,0.30586043557449005
3543,0.7929322588675143,0.1732542775597749,0.33722963535886685,0.25188135356051977,0.29825650493625777
3544,0.7603680086291565,0.17786722893138984,0.220959062629361,0.16503729785586813,0.28600766608105227
3545,0.7170879073265902,0.18520537485418737,0.09041563415848387,0.06753265409380897,0.2697281269357702
3546,0.6652621999610904,0.19476863281038834,0.0,0.0,0.25023421157059156
3547,0.607489643905271,0.20590528257430868,0.0,0.0,0.2285034263014281
3548,0.5466671963569563,0.21785637986872114,0.0,0.0,0.20562544344153255
3549,0.5466671963569563,0.22980747716313357,0.0,0.0,0.20562544344153255
3550,0.5466671963569563,0.2409441269270539,0.0,0.0,0.20562544344153255
3551,0.5466671963569563,0.2505073848832549,0.0,0.0,0.20562544344153255
3552,0.5466671963569563,0.2443087172781246,0.0,0.0,0.20562544344153255
3553,0.5466671963569563,0.24892166864973947,0.0,0.0,0.20562544344153255
3554,0.5466671963569563,0.2504950604574589,0.0,0.0,0.20562544344153255
3555,0.5466671963569563,0.24892166864973947,0.0,0.0,0.20562544344153255
3556,0.5466671963569563,0.2443087172781246,0.0,0.0,0.20562544344153255
3557,0.5466671963569563,0.23697057135532706,0.0,0.0,0.20562544344153255
3558,0.5466671963569563,0.22740731339912607,0.08965554822548304,0.06696493568014457,0.20562544344153255
3559,0.607489643905271,0.21627066363520575,0.22038395211258774,0.16460774007024356,0.2285034263014281
3560,0.6652621999610904,0.20431956634079332,0.3368476333742864,0.25159603113671636,0.25023421157059156
3561,0.7170879073265902,0.19236846904638086,0.43150828401126023,0.32229934517371484,0.2697281269357702
3562,0.7603680086291565,0.18123181928246052,0.49823883391730156,0.37214129105218097,0.28600766608105227
3563,0.7929322588675143,0.17166856132625957,0.532720035815439,0.39789576484643696,0.29825650493625777
3564,0.8131477505582454,0.16433041540346202,0.532720035815439,0.39789576484643696,0.30586043557449005
3565,0.8200007945354343,0.15971746403184708,0.49823883391730156,0.37214129105218097,0.30843816516229877
3566,0.8131477505582454,0.1581440722241277,0.43150828401126007,0.3222993451737147,0.30586043557449005
3567,0.7929322588675143,0.15971746403184706,0.3368476333742863,0.2515960311367163,0.29825650493625777
3568,0.7603680086291565,0.16433041540346202,0.22038395211258774,0.16460774007024356,0.28600766608105227
3569,0.7170879073265902,0.17166856132625952,0.08965554822548286,0.06696493568014443,0.2697281269357702
3570,0.6652621999610904,0.18123181928246052,0.0,0.0,0.25023421157059156
3571,0.607489643905271,0.1923684690463808,0.0,0.0,0.2285034263014281
3572,0.5466671963569563,0.20431956634079332,0.0,0.0,0.20562544344153255
3573,0.5466671963569563,0.21627066363520575,0.0,0.0,0.20562544344153255
3574,0.5466671963569563,0.22740731339912607,0.0,0.0,0.20562544344153255
3575,0.5466671963569563,0.23697057135532706,0.0,0.0,0.20562544344153255
3576,0.5466671963569563,0.23393891649751788,0.0,0.0,0.20562544344153255
3577,0.5466671963569563,0.23855186786913282,0.0,0.0,0.20562544344153255
3578,0.5466671963569563,0.2401252596768522,0.0,0.0,0.20562544344153255
3579,0.5466671963569563,0.23855186786913282,0.0,0.0,0.20562544344153255
3580,0.5466671963569563,0.23393891649751788,0.0,0.0,0.20562544344153255
3581,0.5466671963569563,0.22660077057472036,0.0,0.0,0.20562544344153255
3582,0.5466671963569563,0.2170375126185194,0.08888807618231004,0.0663917004813799,0.20562544344153255
3583,0.607489643905271,0.20590086285459905,0.21980308641071622,0.16417388365940772,0.2285034263014281
3584,0.6652621999610904,0.19394976556018662,0.3364617283645468,0.2513077934908892,0.25023421157059156
3585,0.7170879073265902,0.18199866826577416,0.4312975543234181,0.3221419483335689,0.2697281269357702
3586,0.7603680086291565,0.17086201850185384,0.49815953846430383,0.3720820642110672,0.28600766608105227
3587,0.7929322588675143,0.16129876054565287,0.5327110307198788,0.3978890388193597,0.29825650493625777
3588,0.8131477505582454,0.15396061462285532,0.5327110307198788,0.3978890388193597,0.30586043557449005
3589,0.8200007945354343,0.1493476632512404,0.4981595384643038,0.37208206421106715,0.30843816516229877
3590,0.8131477505582454,0.14777427144352104,0.4312975543234181,0.3221419483335689,0.30586043557449005
3591,0.7929322588675143,0.14934766325124035,0.3364617283645468,0.2513077934908892,0.29825650493625777
3592,0.7603680086291565,0.15396061462285532,0.21980308641071614,0.16417388365940766,0.28600766608105227
3593,0.7170879073265902,0.16129876054565284,0.0888880761823103,0.0663917004813801,0.2697281269357702
3594,0.6652621999610904,0.1708620185018538,0.0,0.0,0.25023421157059156
3595,0.607489643905271,0.18199866826577413,0.0,0.0,0.2285034263014281
3596,0.5466671963569563,0.19394976556018662,0.0,0.0,0.20562544344153255
3597,0.5466671963569563,0.20590086285459905,0.0,0.0,0.20562544344153255
3598,0.5466671963569563,0.2170375126185194,0.0,0.0,0.20562544344153255
3599,0.5466671963569563,0.22660077057472036,0.0,0.0,0.20562544344153255
3600,0.5466671963569563,0.23158827349697603,0.0,0.0,0.20562544344153255
3601,0.5466671963569563,0.23620122486859096,0.0,0.0,0.20562544344153255
3602,0.5466671963569563,0.23777461667631034,0.0,0.0,0.20562544344153255
3603,0.5466671963569563,0.23620122486859096,0.0,0.0,0.20562544344153255
3604,0.5466671963569563,0.23158827349697603,0.0,0.0,0.20562544344153255
3605,0.5466671963569563,0.2242501275741785,0.0,0.0,0.20562544344153255
3606,0.5466671963569563,0.21468686961797753,0.08811340274718737,0.06581308646604159,0.20562544344153255
3607,0.607489643905271,0.2035502198540572,0.2192166002728324,0.16373582926926655,0.2285034263014281
3608,0.6652621999610904,0.19159912255964476,0.33607200739495685,0.25101670565328926,0.25023421157059156
3609,0.7170879073265902,0.1796480252652323,0.43108470955817596,0.32198297171364515,0.2697281269357702
3610,0.7603680086291565,0.16851137550131198,0.49807943963213164,0.372022237315235,0.28600766608105227
3611,0.7929322588675143,0.15894811754511098,0.5327019339750824,0.3978822443382345,0.29825650493625777
3612,0.8131477505582454,0.15160997162231346,0.5327019339750824,0.3978822443382345,0.30586043557449005
3613,0.8200007945354343,0.14699702025069855,0.49807943963213164,0.372022237315235,0.30843816516229877
3614,0.8131477505582454,0.14542362844297918,0.4310847095581761,0.32198297171364526,0.30586043557449005
3615,0.7929322588675143,0.1469970202506985,0.33607200739495696,0.2510167056532893,0.29825650493625777
3616,0.7603680086291565,0.15160997162231346,0.21921660027283235,0.16373582926926653,0.28600766608105227
3617,0.7170879073265902,0.15894811754511098,0.08811340274718744,0.06581308646604164,0.2697281269357702
3618,0.6652621999610904,0.16851137550131193,0.0,0.0,0.25023421157059156
3619,0.607489643905271,0.17964802526523227,0.0,0.0,0.2285034263014281
3620,0.5466671963569563,0.19159912255964476,0.0,0.0,0.20562544344153255
3621,0.5466671963569563,0.2035502198540572,0.0,0.0,0.20562544344153255
3622,0.5466671963569563,0.21468686961797753,0.0,0.0,0.20562544344153255
3623,0.5466671963569563,0.2242501275741785,0.0,0.0,0.20562544344153255
3624,0.5466671963569563,0.2383566802609398,0.0,0.0,0.20562544344153255
3625,0.5466671963569563,0.24296963163255467,0.0,0.0,0.20562544344153255
3626,0.5466671963569563,0.2445430234402741,0.0,0.0,0.20562544344153255
3627,0.5466671963569563,0.24296963163255467,0.0,0.0,0.20562544344153255
3628,0.5466671963569563,0.2383566802609398,0.0,0.0,0.20562544344153255
3629,0.5466671963569563,0.23101853433814226,0.0,0.0,0.20562544344153255
3630,0.5466671963569563,0.22145527638194126,0.08733171589917456,0.06522923403821922,0.20562544344153255
3631,0.607489643905271,0.21031862661802095,0.21862463101887303,0.16329367946592904,0.2285034263014281
3632,0.6652621999610904,0.19836752932360852,0.3356785592871669,0.2507228339660026,0.25023421157059156
3633,0.7170879073265902,0.18641643202919606,0.4308697972917283,0.3218224508492437,0.2697281269357702
3634,0.7603680086291565,0.17527978226527574,0.4979985551003842,0.37196182356981494,0.28600766608105227
3635,0.7929322588675143,0.16571652430907474,0.5326927475764598,0.39787538289345986,0.29825650493625777
3636,0.8131477505582454,0.15837837838627722,0.5326927475764598,0.39787538289345986,0.30586043557449005
3637,0.8200007945354343,0.1537654270146623,0.4979985551003842,0.37196182356981494,0.30843816516229877
3638,0.8131477505582454,0.1521920352069429,0.4308697972917284,0.32182245084924377,0.30586043557449005
3639,0.7929322588675143,0.15376542701466228,0.335678559287167,0.2507228339660027,0.29825650493625777
3640,0.7603680086291565,0.15837837838627722,0.2186246310188734,0.16329367946592932,0.28600766608105227
3641,0.7170879073265902,0.16571652430907471,0.08733171589917472,0.06522923403821934,0.2697281269357702
3642,0.6652621999610904,0.1752797822652757,0.0,0.0,0.25023421157059156
3643,0.607489643905271,0.18641643202919603,0.0,0.0,0.2285034263014281
3644,0.5466671963569563,0.19836752932360852,0.0,0.0,0.20562544344153255
3645,0.5466671963569563,0.21031862661802095,0.0,0.0,0.20562544344153255
3646,0.5466671963569563,0.22145527638194126,0.0,0.0,0.20562544344153255
3647,0.5466671963569563,0.23101853433814226,0.0,0.0,0.20562544344153255
3648,0.5466671963569563,0.25107712404208793,0.0,0.0,0.20562544344153255
3649,0.5466671963569563,0.2556900754137028,0.0,0.0,0.20562544344153255
3650,0.5466671963569563,0.25726346722142224,0.0,0.0,0.20562544344153255
3651,0.5466671963569563,0.2556900754137028,0.0,0.0,0.20562544344153255
3652,0.5466671963569563,0.25107712404208793,0.0,0.0,0.20562544344153255
3653,0.5466671963569563,0.2437389781192904,0.0,0.0,0.20562544344153255
3654,0.5466671963569563,0.2341757201630894,0.08654320687484669,0.06464028603508469,0.20562544344153255
3655,0.607489643905271,0.2230390703991691,0.21802731854476595,0.16284753873954666,0.2285034263014281
3656,0.6652621999610904,0.21108797310475666,0.33528147462629,0.2504262460882695,0.25023421157059156
3657,0.7170879073265902,0.19913687581034423,0.4306528660827737,0.32166042200951006,0.2697281269357702
3658,0.7603680086291565,0.18800022604642389,0.49791690292298385,0.3719008364595247,0.28600766608105227
3659,0.7929322588675143,0.1784369680902229,0.5326834735621839,0.39786845600737447,0.29825650493625777
3660,0.8131477505582454,0.17109882216742536,0.5326834735621839,0.39786845600737447,0.30586043557449005
3661,0.8200007945354343,0.16648587079581045,0.49791690292298385,0.3719008364595247,0.30843816516229877
3662,0.8131477505582454,0.16491247898809108,0.4306528660827738,0.3216604220095101,0.30586043557449005
3663,0.7929322588675143,0.16648587079581043,0.33528147462629,0.2504262460882695,0.29825650493625777
3664,0.7603680086291565,0.17109882216742536,0.21802731854476606,0.16284753873954674,0.28600766608105227
3665,0.7170879073265902,0.17843696809022286,0.08654320687484687,0.06464028603508483,0.2697281269357702
3666,0.6652621999610904,0.18800022604642386,0.0,0.0,0.25023421157059156
3667,0.607489643905271,0.19913687581034417,0.0,0.0,0.2285034263014281
3668,0.5466671963569563,0.21108797310475666,0.0,0.0,0.20562544344153255
3669,0.5466671963569563,0.2230390703991691,0.0,0.0,0.20562544344153255
3670,0.5466671963569563,0.2341757201630894,0.0,0.0,0.20562544344153255
3671,0.5466671963569563,0.2437389781192904,0.0,0.0,0.20562544344153255
3672,0.5076195394743165,0.23553354269931842,0.0,0.0,0.19093791176713737
3673,0.5076195394743165,0.23965224928111742,0.0,0.0,0.19093791176713737
3674,0.5076195394743165,0.24105706339515262,0.0,0.0,0.19093791176713737
3675,0.5076195394743165,0.23965224928111742,0.0,0.0,0.19093791176713737
3676,0.5076195394743165,0.23553354269931842,0.0,0.0,0.19093791176713737
3677,0.5076195394743165,0.22898162669682062,0.0,0.0,0.19093791176713737
3678,0.5076195394743165,0.22044300352164117,0.09432287717932737,0.07045102649525183,0.19093791176713737
3679,0.564097526483466,0.2104995662324266,0.23916728585875366,0.17863726485779235,0.21218175299418324
3680,0.6177434713924411,0.19982894364812978,0.3683689303438064,0.27513971210122223,0.23236033931554934
3681,0.6658673425175482,0.18915832106383293,0.47347736202506113,0.35364661442113354,0.2504618321546438
3682,0.7060560080127882,0.17921488377461836,0.5476179516833639,0.40902321872530617,0.2655785470752628
3683,0.7362942403769777,0.1706762605994389,0.5859415254147993,0.4376476117578994,0.27695246886938224
3684,0.7550657683755136,0.1641243445969411,0.5859415254147993,0.4376476117578994,0.2840132616048836
3685,0.7614293092114748,0.1600056380151421,0.547617951683364,0.4090232187253062,0.28640686765070605
3686,0.7550657683755136,0.1586008239011069,0.47347736202506113,0.35364661442113354,0.2840132616048836
3687,0.7362942403769777,0.16000563801514206,0.3683689303438064,0.27513971210122223,0.27695246886938224
3688,0.7060560080127882,0.1641243445969411,0.2391672858587535,0.17863726485779222,0.2655785470752628
3689,0.6658673425175482,0.17067626059943886,0.09432287717932739,0.07045102649525184,0.2504618321546438
3690,0.6177434713924411,0.1792148837746183,0.0,0.0,0.23236033931554934
3691,0.564097526483466,0.1891583210638329,0.0,0.0,0.21218175299418324
3692,0.5076195394743165,0.19982894364812978,0.0,0.0,0.19093791176713737
3693,0.5076195394743165,0.2104995662324266,0.0,0.0,0.19093791176713737
3694,0.5076195394743165,0.22044300352164117,0.0,0.0,0.19093791176713737
3695,0.5076195394743165,0.22898162669682062,0.0,0.0,0.19093791176713737
3696,0.5076195394743165,0.24157676302428602,0.0,0.0,0.19093791176713737
3697,0.5076195394743165,0.24569546960608507,0.0,0.0,0.19093791176713737
3698,0.5076195394743165,0.24710028372012022,0.0,0.0,0.19093791176713737
3699,0.5076195394743165,0.24569546960608507,0.0,0.0,0.19093791176713737
3700,0.5076195394743165,0.24157676302428602,0.0,0.0,0.19093791176713737
3701,0.5076195394743165,0.23502484702178825,0.0,0.0,0.19093791176713737
3702,0.5076195394743165,0.2264862238466088,0.0934411538472403,0.06979245547104264,0.19093791176713737
3703,0.564097526483466,0.21654278655739423,0.23849896006259644,0.17813808332537348,0.21218175299418324
3704,0.6177434713924411,0.2058721639730974,0.3679244435231655,0.27480771891235645,0.23236033931554934
3705,0.6658673425175482,0.19520154138880058,0.4732344606143215,0.3534651880881431,0.2504618321546438
3706,0.7060560080127882,0.185258104099586,0.547526506704392,0.4089549172397167,0.2655785470752628
3707,0.7362942403769777,0.17671948092440654,0.5859311381602113,0.4376398533776413,0.27695246886938224
3708,0.7550657683755136,0.17016756492190874,0.5859311381602113,0.43763985337764133,0.2840132616048836
3709,0.7614293092114748,0.1660488583401097,0.5475265067043921,0.40895491723971683,0.28640686765070605
3710,0.7550657683755136,0.16464404422607457,0.4732344606143215,0.3534651880881431,0.2840132616048836
3711,0.7362942403769777,0.16604885834010968,0.3679244435231657,0.2748077189123566,0.27695246886938224
3712,0.7060560080127882,0.17016756492190874,0.23849896006259635,0.17813808332537343,0.2655785470752628
3713,0.6658673425175482,0.17671948092440654,0.09344115384724035,0.06979245547104267,0.2504618321546438
3714,0.6177434713924411,0.18525810409958599,0.0,0.0,0.23236033931554934
3715,0.564097526483466,0.19520154138880055,0.0,0.0,0.21218175299418324
3716,0.5076195394743165,0.2058721639730974,0.0,0.0,0.19093791176713737
3717,0.5076195394743165,0.21654278655739423,0.0,0.0,0.19093791176713737
3718,0.5076195394743165,0.2264862238466088,0.0,0.0,0.19093791176713737
3719,0.5076195394743165,0.23502484702178825,0.0,0.0,0.19093791176713737
3720,0.5076195394743165,0.2394779746309453,0.0,0.0,0.19093791176713737
3721,0.5076195394743165,0.24359668121274436,0.0,0.0,0.19093791176713737
3722,0.5076195394743165,0.24500149532677953,0.0,0.0,0.19093791176713737
3723,0.5076195394743165,0.24359668121274436,0.0,0.0,0.19093791176713737
3724,0.5076195394743165,0.2394779746309453,0.0,0.0,0.19093791176713737
3725,0.5076195394743165,0.23292605862844754,0.0,0.0,0.19093791176713737
3726,0.5076195394743165,0.22438743545326809,0.09255257863238309,0.06912876668337013,0.19093791176713737
3727,0.564097526483466,0.2144439981640535,0.2378252354149199,0.1776348693180895,0.21218175299418324
3728,0.6177434713924411,0.20377337557975667,0.36747626712661974,0.2744729699295878,0.23236033931554934
3729,0.6658673425175482,0.19310275299545984,0.4729895051451166,0.35328222755123856,0.2504618321546438
3730,0.7060560080127882,0.18315931570624527,0.5474342793863074,0.4088860314145144,0.2655785470752628
3731,0.7362942403769777,0.17462069253106582,0.5859206615393885,0.4376320282485397,0.27695246886938224
3732,0.7550657683755136,0.16806877652856805,0.5859206615393885,0.4376320282485397,0.2840132616048836
3733,0.7614293092114748,0.163950069946769,0.5474342793863075,0.40888603141451446,0.28640686765070605
3734,0.7550657683755136,0.16254525583273385,0.47298950514511684,0.3532822275512387,0.2840132616048836
3735,0.7362942403769777,0.16395006994676897,0.36747626712661996,0.274472969929588,0.27695246886938224
3736,0.7060560080127882,0.16806877652856805,0.23782523541492012,0.17763486931808967,0.2655785470752628
3737,0.6658673425175482,0.1746206925310658,0.09255257863238306,0.06912876668337012,0.2504618321546438
3738,0.6177434713924411,0.18315931570624525,0.0,0.0,0.23236033931554934
3739,0.564097526483466,0.19310275299545981,0.0,0.0,0.21218175299418324
3740,0.5076195394743165,0.20377337557975667,0.0,0.0,0.19093791176713737
3741,0.5076195394743165,0.2144439981640535,0.0,0.0,0.19093791176713737
3742,0.5076195394743165,0.22438743545326809,0.0,0.0,0.19093791176713737
3743,0.5076195394743165,0.23292605862844754,0.0,0.0,0.19093791176713737
3744,0.5076195394743165,0.2302192239339753,0.0,0.0,0.19093791176713737
3745,0.5076195394743165,0.2343379305157743,0.0,0.0,0.19093791176713737
3746,0.5076195394743165,0.23574274462980951,0.0,0.0,0.19093791176713737
3747,0.5076195394743165,0.2343379305157743,0.0,0.0,0.19093791176713737
3748,0.5076195394743165,0.2302192239339753,0.0,0.0,0.19093791176713737
3749,0.5076195394743165,0.22366730793147752,0.0,0.0,0.19093791176713737
3750,0.5076195394743165,0.21512868475629807,0.0916573761475537,0.0684601278985563,0.19093791176713737
3751,0.564097526483466,0.20518524746708347,0.2371462771596829,0.17712774625887737,0.21218175299418324
3752,0.6177434713924411,0.19451462488278665,0.3670245086142658,0.27413554541630886,0.23236033931554934
3753,0.6658673425175482,0.1838440022984898,0.4727425534021184,0.3530977759705691,0.2504618321546438
3754,0.7060560080127882,0.17390056500927523,0.547341291256968,0.4088165773291456,0.2655785470752628
3755,0.7362942403769777,0.1653619418340958,0.585910097985132,0.43762413818768636,0.27695246886938224
3756,0.7550657683755136,0.158810025831598,0.585910097985132,0.43762413818768636,0.2840132616048836
3757,0.7614293092114748,0.15469131924979895,0.547341291256968,0.4088165773291456,0.28640686765070605
3758,0.7550657683755136,0.1532865051357638,0.4727425534021183,0.35309777597056907,0.2840132616048836
3759,0.7362942403769777,0.15469131924979893,0.36702450861426555,0.2741355454163087,0.27695246886938224
3760,0.7060560080127882,0.158810025831598,0.237146277159683,0.17712774625887745,0.2655785470752628
3761,0.6658673425175482,0.16536194183409575,0.09165737614755368,0.06846012789855627,0.2504618321546438
3762,0.6177434713924411,0.1739005650092752,0.0,0.0,0.23236033931554934
3763,0.564097526483466,0.18384400229848977,0.0,0.0,0.21218175299418324
3764,0.5076195394743165,0.19451462488278665,0.0,0.0,0.19093791176713737
3765,0.5076195394743165,0.20518524746708347,0.0,0.0,0.19093791176713737
3766,0.5076195394743165,0.21512868475629807,0.0,0.0,0.19093791176713737
3767,0.5076195394743165,0.22366730793147752,0.0,0.0,0.19093791176713737
3768,0.5076195394743165,0.21813278328403973,0.0,0.0,0.19093791176713737
3769,0.5076195394743165,0.22225148986583876,0.0,0.0,0.19093791176713737
3770,0.5076195394743165,0.22365630397987393,0.0,0.0,0.19093791176713737
3771,0.5076195394743165,0.22225148986583876,0.0,0.0,0.19093791176713737
3772,0.5076195394743165,0.21813278328403973,0.0,0.0,0.19093791176713737
3773,0.5076195394743165,0.21158086728154193,0.0,0.0,0.19093791176713737
3774,0.5076195394743165,0.20304224410636248,0.09075577453693363,0.06778670952056096,0.19093791176713737
3775,0.564097526483466,0.19309880681714792,0.23646225337778282,0.17661683968962158,0.21218175299418324
3776,0.6177434713924411,0.1824281842328511,0.3665692774089309,0.2737955271019021,0.23236033931554934
3777,0.6658673425175482,0.17175756164855424,0.47249366427122136,0.35291187732880197,0.2504618321546438
3778,0.7060560080127882,0.16181412435933967,0.5472475642656002,0.4087465713777833,0.2655785470752628
3779,0.7362942403769777,0.15327550118416022,0.5858994499784796,0.43761618504820177,0.27695246886938224
3780,0.7550657683755136,0.1467235851816624,0.5858994499784796,0.43761618504820177,0.2840132616048836
3781,0.7614293092114748,0.14260487859986337,0.5472475642656002,0.4087465713777833,0.28640686765070605
3782,0.7550657683755136,0.1412000644858282,0.47249366427122136,0.35291187732880197,0.2840132616048836
3783,0.7362942403769777,0.14260487859986334,0.36656927740893097,0.27379552710190214,0.27695246886938224
3784,0.7060560080127882,0.1467235851816624,0.23646225337778265,0.17661683968962144,0.2655785470752628
3785,0.6658673425175482,0.15327550118416017,0.0907557745369335,0.06778670952056084,0.2504618321546438
3786,0.6177434713924411,0.16181412435933964,0.0,0.0,0.23236033931554934
3787,0.564097526483466,0.17175756164855424,0.0,0.0,0.21218175299418324
3788,0.5076195394743165,0.1824281842328511,0.0,0.0,0.19093791176713737
3789,0.5076195394743165,0.19309880681714792,0.0,0.0,0.19093791176713737
3790,0.5076195394743165,0.20304224410636248,0.0,0.0,0.19093791176713737
3791,0.5076195394743165,0.21158086728154193,0.0,0.0,0.19093791176713737
3792,0.5076195394743165,0.2088740325870695,0.0,0.0,0.19093791176713737
3793,0.5076195394743165,0.21299273916886854,0.0,0.0,0.19093791176713737
3794,0.5076195394743165,0.2143975532829037,0.0,0.0,0.19093791176713737
3795,0.5076195394743165,0.21299273916886854,0.0,0.0,0.19093791176713737
3796,0.5076195394743165,0.2088740325870695,0.0,0.0,0.19093791176713737
3797,0.5076195394743165,0.2023221165845717,0.0,0.0,0.19093791176713737
3798,0.5076195394743165,0.19378349340939227,0.08984800545848115,0.06710868457783112,0.19093791176713737
3799,0.564097526483466,0.1838400561201777,0.2357733349822833,0.17610227726758979,0.21218175299418324
3800,0.6177434713924411,0.17316943353588082,0.3661106848971703,0.2734529981824847,0.23236033931554934
3801,0.6658673425175482,0.16249881095158403,0.4722428977416933,0.35272457643272864,0.2504618321546438
3802,0.7060560080127882,0.15255537366236943,0.5471531207839953,0.4086760302702193,0.2655785470752628
3803,0.7362942403769777,0.14401675048718998,0.5858887200488625,0.43760817071935226,0.27695246886938224
3804,0.7550657683755136,0.1374648344846922,0.5858887200488625,0.43760817071935226,0.2840132616048836
3805,0.7614293092114748,0.13334612790289319,0.5471531207839953,0.4086760302702193,0.28640686765070605
3806,0.7550657683755136,0.131941313788858,0.47224289774169337,0.3527245764327287,0.2840132616048836
3807,0.7362942403769777,0.13334612790289313,0.3661106848971705,0.27345299818248486,0.27695246886938224
3808,0.7060560080127882,0.1374648344846922,0.23577333498228342,0.17610227726758987,0.2655785470752628
3809,0.6658673425175482,0.14401675048718995,0.08984800545848094,0.06710868457783097,0.2504618321546438
3810,0.6177434713924411,0.1525553736623694,0.0,0.0,0.23236033931554934
3811,0.564097526483466,0.16249881095158397,0.0,0.0,0.21218175299418324
3812,0.5076195394743165,0.17316943353588082,0.0,0.0,0.19093791176713737
3813,0.5076195394743165,0.1838400561201777,0.0,0.0,0.19093791176713737
3814,0.5076195394743165,0.19378349340939227,0.0,0.0,0.19093791176713737
3815,0.5076195394743165,0.2023221165845717,0.0,0.0,0.19093791176713737
3816,0.5076195394743165,0.20677524419372856,0.0,0.0,0.19093791176713737
3817,0.5076195394743165,0.21089395077552758,0.0,0.0,0.19093791176713737
3818,0.5076195394743165,0.21229876488956276,0.0,0.0,0.19093791176713737
3819,0.5076195394743165,0.21089395077552758,0.0,0.0,0.19093791176713737
3820,0.5076195394743165,0.20677524419372856,0.0,0.0,0.19093791176713737
3821,0.5076195394743165,0.20022332819123076,0.0,0.0,0.19093791176713737
3822,0.5076195394743165,0.19168470501605128,0.08893430406375091,0.06642622870822798,0.19093791176713737
3823,0.564097526483466,0.18174126772683674,0.23507969571167744,0.17558418876040088,0.21218175299418324
3824,0.6177434713924411,0.1710706451425399,0.3656488444289557,0.2731080433206763,0.23236033931554934
3825,0.6658673425175482,0.16040002255824307,0.4719903149076095,0.3525359189143362,0.2504618321546438
3826,0.7060560080127882,0.1504565852690285,0.5470579836074357,0.40860497103255705,0.2655785470752628
3827,0.7362942403769777,0.14191796209384905,0.5858779107742329,0.437600097126645,0.27695246886938224
3828,0.7550657683755136,0.13536604609135125,0.5858779107742329,0.437600097126645,0.2840132616048836
3829,0.7614293092114748,0.13124733950955222,0.5470579836074358,0.4086049710325571,0.28640686765070605
3830,0.7550657683755136,0.12984252539551705,0.47199031490760945,0.35253591891433617,0.2840132616048836
3831,0.7362942403769777,0.1312473395095522,0.36564884442895557,0.27310804332067623,0.27695246886938224
3832,0.7060560080127882,0.13536604609135125,0.23507969571167728,0.17558418876040074,0.2655785470752628
3833,0.6658673425175482,0.14191796209384902,0.08893430406375098,0.06642622870822804,0.2504618321546438
3834,0.6177434713924411,0.15045658526902844,0.0,0.0,0.23236033931554934
3835,0.564097526483466,0.16040002255824304,0.0,0.0,0.21218175299418324
3836,0.5076195394743165,0.1710706451425399,0.0,0.0,0.19093791176713737
3837,0.5076195394743165,0.18174126772683674,0.0,0.0,0.19093791176713737
3838,0.5076195394743165,0.19168470501605128,0.0,0.0,0.19093791176713737
3839,0.5076195394743165,0.20022332819123076,0.0,0.0,0.19093791176713737
3840,0.5076195394743165,0.21281846451869635,0.0,0.0,0.19093791176713737
3841,0.5076195394743165,0.21693717110049537,0.0,0.0,0.19093791176713737
3842,0.5076195394743165,0.21834198521453052,0.0,0.0,0.19093791176713737
3843,0.5076195394743165,0.21693717110049537,0.0,0.0,0.19093791176713737
3844,0.5076195394743165,0.21281846451869635,0.0,0.0,0.19093791176713737
3845,0.5076195394743165,0.20626654851619855,0.0,0.0,0.19093791176713737
3846,0.5076195394743165,0.1977279253410191,0.08801490897507308,0.06573952014198163,0.19093791176713737
3847,0.564097526483466,0.1877844880518045,0.23438151212112374,0.17506270603947904,0.21218175299418324
3848,0.6177434713924411,0.1771138654675077,0.3651838713160074,0.27276074864435274,0.23236033931554934
3849,0.6658673425175482,0.16644324288321086,0.47173597796854605,0.35234595123132534,0.2504618321546438
3850,0.7060560080127882,0.1564998055939963,0.5469621759553429,0.4085334110076947,0.2655785470752628
3851,0.7362942403769777,0.14796118241881687,0.5858670247811585,0.43759196623189867,0.27695246886938224
3852,0.7550657683755136,0.14140926641631907,0.5858670247811585,0.43759196623189867,0.2840132616048836
3853,0.7614293092114748,0.13729055983452002,0.5469621759553429,0.4085334110076947,0.28640686765070605
3854,0.7550657683755136,0.13588574572048487,0.471735977968546,0.3523459512313253,0.2840132616048836
3855,0.7362942403769777,0.13729055983452,0.3651838713160072,0.2727607486443526,0.27695246886938224
3856,0.7060560080127882,0.14140926641631907,0.23438151212112368,0.17506270603947902,0.2655785470752628
3857,0.6658673425175482,0.1479611824188168,0.088014908975073,0.06573952014198156,0.2504618321546438
3858,0.6177434713924411,0.15649980559399626,0.0,0.0,0.23236033931554934
3859,0.564097526483466,0.16644324288321083,0.0,0.0,0.21218175299418324
3860,0.5076195394743165,0.1771138654675077,0.0,0.0,0.19093791176713737
3861,0.5076195394743165,0.1877844880518045,0.0,0.0,0.19093791176713737
3862,0.5076195394743165,0.1977279253410191,0.0,0.0,0.19093791176713737
3863,0.5076195394743165,0.20626654851619855,0.0,0.0,0.19093791176713737
3864,0.5076195394743165,0.2241760036090072,0.0,0.0,0.19093791176713737
3865,0.5076195394743165,0.22829471019080624,0.0,0.0,0.19093791176713737
3866,0.5076195394743165,0.2296995243048414,0.0,0.0,0.19093791176713737
3867,0.5076195394743165,0.22829471019080624,0.0,0.0,0.19093791176713737
3868,0.5076195394743165,0.2241760036090072,0.0,0.0,0.19093791176713737
3869,0.5076195394743165,0.21762408760650942,0.0,0.0,0.19093791176713737
3870,0.5076195394743165,0.20908546443132994,0.08709006226002378,0.06504873968262277,0.19093791176713737
3871,0.564097526483466,0.19914202714211537,0.23367896357159032,0.17453796307194552,0.21218175299418324
3872,0.6177434713924411,0.18847140455781855,0.3647158828287223,0.2724112017443519,0.23236033931554934
3873,0.6658673425175482,0.17780078197352173,0.47147995022950034,0.3521547206670505,0.2504618321546438
3874,0.7060560080127882,0.16785734468430713,0.546865721471632,0.40846136785559084,0.2655785470752628
3875,0.7362942403769777,0.1593187215091277,0.5858560647448842,0.43758378003328985,0.27695246886938224
3876,0.7550657683755136,0.1527668055066299,0.5858560647448842,0.43758378003328985,0.2840132616048836
3877,0.7614293092114748,0.14864809892483088,0.546865721471632,0.40846136785559084,0.28640686765070605
3878,0.7550657683755136,0.14724328481079574,0.4714799502295003,0.35215472066705045,0.2840132616048836
3879,0.7362942403769777,0.14864809892483083,0.3647158828287222,0.27241120174435185,0.27695246886938224
3880,0.7060560080127882,0.1527668055066299,0.23367896357159035,0.17453796307194555,0.2655785470752628
3881,0.6658673425175482,0.15931872150912768,0.08709006226002394,0.0650487396826229,0.2504618321546438
3882,0.6177434713924411,0.1678573446843071,0.0,0.0,0.23236033931554934
3883,0.564097526483466,0.17780078197352167,0.0,0.0,0.21218175299418324
3884,0.5076195394743165,0.18847140455781855,0.0,0.0,0.19093791176713737
3885,0.5076195394743165,0.19914202714211537,0.0,0.0,0.19093791176713737
3886,0.5076195394743165,0.20908546443132994,0.0,0.0,0.19093791176713737
3887,0.5076195394743165,0.21762408760650942,0.0,0.0,0.19093791176713737
3888,0.5076195394743165,0.2355335426993185,0.0,0.0,0.19093791176713737
3889,0.5076195394743165,0.23965224928111753,0.0,0.0,0.19093791176713737
3890,0.5076195394743165,0.24105706339515273,0.0,0.0,0.19093791176713737
3891,0.5076195394743165,0.23965224928111753,0.0,0.0,0.19093791176713737
3892,0.5076195394743165,0.2355335426993185,0.0,0.0,0.19093791176713737
3893,0.5076195394743165,0.22898162669682073,0.0,0.0,0.19093791176713737
3894,0.5076195394743165,0.22044300352164126,0.08616000940312588,0.0643540706858456,0.19093791176713737
3895,0.564097526483466,0.2104995662324267,0.232972232216848,0.17401009591090344,0.21218175299418324
3896,0.6177434713924411,0.19982894364812986,0.3642449981916502,0.27205949167109467,0.23236033931554934
3897,0.6658673425175482,0.189158321063833,0.47122229610001276,0.35196227532986435,0.2504618321546438
3898,0.7060560080127882,0.17921488377461844,0.5467686442247669,0.4083888595533051,0.2655785470752628
3899,0.7362942403769777,0.17067626059943902,0.5858450333893602,0.4375755405653735,0.27695246886938224
3900,0.7550657683755136,0.16412434459694122,0.5858450333893602,0.4375755405653735,0.2840132616048836
3901,0.7614293092114748,0.16000563801514217,0.5467686442247669,0.4083888595533051,0.28640686765070605
3902,0.7550657683755136,0.15860082390110702,0.4712222961000128,0.3519622753298644,0.2840132616048836
3903,0.7362942403769777,0.16000563801514214,0.3642449981916503,0.2720594916710948,0.27695246886938224
3904,0.7060560080127882,0.16412434459694122,0.23297223221684826,0.17401009591090363,0.2655785470752628
3905,0.6658673425175482,0.17067626059943897,0.08616000940312617,0.06435407068584582,0.2504618321546438
3906,0.6177434713924411,0.17921488377461842,0.0,0.0,0.23236033931554934
3907,0.564097526483466,0.18915832106383298,0.0,0.0,0.21218175299418324
3908,0.5076195394743165,0.19982894364812986,0.0,0.0,0.19093791176713737
3909,0.5076195394743165,0.2104995662324267,0.0,0.0,0.19093791176713737
3910,0.5076195394743165,0.22044300352164126,0.0,0.0,0.19093791176713737
3911,0.5076195394743165,0.22898162669682073,0.0,0.0,0.19093791176713737
3912,0.5076195394743165,0.24157676302428607,0.0,0.0,0.19093791176713737
3913,0.5076195394743165,0.24569546960608513,0.0,0.0,0.19093791176713737
3914,0.5076195394743165,0.24710028372012027,0.0,0.0,0.19093791176713737
3915,0.5076195394743165,0.24569546960608513,0.0,0.0,0.19093791176713737
3916,0.5076195394743165,0.24157676302428607,0.0,0.0,0.19093791176713737
3917,0.5076195394743165,0.23502484702178827,0.0,0.0,0.19093791176713737
3918,0.5076195394743165,0.22648622384660883,0.08522499927471519,0.06365569903625361,0.19093791176713737
3919,0.564097526483466,0.21654278655739426,0.23226150298824907,0.17347924268406878,0.21218175299418324
3920,0.6177434713924411,0.20587216397309743,0.36377133857747046,0.27170570893008616,0.23236033931554934
3921,0.6658673425175482,0.1952015413888006,0.47096308109245977,0.35176866415184266,0.2504618321546438
3922,0.7060560080127882,0.18525810409958604,0.5466709687074993,0.40831590439480336,0.2655785470752628
3923,0.7362942403769777,0.17671948092440656,0.585833933487233,0.4375672498990766,0.27695246886938224
3924,0.7550657683755136,0.17016756492190876,0.585833933487233,0.4375672498990766,0.2840132616048836
3925,0.7614293092114748,0.16604885834010974,0.5466709687074994,0.4083159043948034,0.28640686765070605
3926,0.7550657683755136,0.1646440442260746,0.47096308109245977,0.35176866415184266,0.2840132616048836
3927,0.7362942403769777,0.1660488583401097,0.36377133857747046,0.27170570893008616,0.27695246886938224
3928,0.7060560080127882,0.17016756492190876,0.2322615029882491,0.1734792426840688,0.2655785470752628
3929,0.6658673425175482,0.17671948092440654,0.08522499927471508,0.06365569903625352,0.2504618321546438
3930,0.6177434713924411,0.185258104099586,0.0,0.0,0.23236033931554934
3931,0.564097526483466,0.19520154138880058,0.0,0.0,0.21218175299418324
3932,0.5076195394743165,0.20587216397309743,0.0,0.0,0.19093791176713737
3933,0.5076195394743165,0.21654278655739426,0.0,0.0,0.19093791176713737
3934,0.5076195394743165,0.22648622384660883,0.0,0.0,0.19093791176713737
3935,0.5076195394743165,0.23502484702178827,0.0,0.0,0.19093791176713737
3936,0.5076195394743165,0.23947797463094525,0.0,0.0,0.19093791176713737
3937,0.5076195394743165,0.2435966812127443,0.0,0.0,0.19093791176713737
3938,0.5076195394743165,0.24500149532677945,0.0,0.0,0.19093791176713737
3939,0.5076195394743165,0.2435966812127443,0.0,0.0,0.19093791176713737
3940,0.5076195394743165,0.23947797463094525,0.0,0.0,0.19093791176713737
3941,0.5076195394743165,0.23292605862844748,0.0,0.0,0.19093791176713737
3942,0.5076195394743165,0.22438743545326803,0.08428528409691315,0.06295381312194404,0.19093791176713737
3943,0.564097526483466,0.21444399816405346,0.23154696357723376,0.17294554358070455,0.21218175299418324
3944,0.6177434713924411,0.2037733755797566,0.3632950270994243,0.2713499454762634,0.23236033931554934
3945,0.6658673425175482,0.1931027529954598,0.4707023718194918,0.3515739368868706,0.2504618321546438
3946,0.7060560080127882,0.1831593157062452,0.5465727198362845,0.4082425209905215,0.2655785470752628
3947,0.7362942403769777,0.17462069253106577,0.5858227678598003,0.43755891014166437,0.27695246886938224
3948,0.7550657683755136,0.16806877652856797,0.5858227678598004,0.4375589101416644,0.2840132616048836
3949,0.7614293092114748,0.16395006994676894,0.5465727198362846,0.40824252099052155,0.28640686765070605
3950,0.7550657683755136,0.16254525583273377,0.4707023718194919,0.3515739368868707,0.2840132616048836
3951,0.7362942403769777,0.1639500699467689,0.3632950270994245,0.27134994547626357,0.27695246886938224
3952,0.7060560080127882,0.16806877652856797,0.23154696357723378,0.17294554358070457,0.2655785470752628
3953,0.6658673425175482,0.17462069253106574,0.08428528409691337,0.0629538131219442,0.2504618321546438
3954,0.6177434713924411,0.18315931570624516,0.0,0.0,0.23236033931554934
3955,0.564097526483466,0.19310275299545973,0.0,0.0,0.21218175299418324
3956,0.5076195394743165,0.2037733755797566,0.0,0.0,0.19093791176713737
3957,0.5076195394743165,0.21444399816405346,0.0,0.0,0.19093791176713737
3958,0.5076195394743165,0.22438743545326803,0.0,0.0,0.19093791176713737
3959,0.5076195394743165,0.23292605862844748,0.0,0.0,0.19093791176713737
3960,0.5076195394743165,0.23021922393397515,0.0,0.0,0.19093791176713737
3961,0.5076195394743165,0.2343379305157742,0.0,0.0,0.19093791176713737
3962,0.5076195394743165,0.23574274462980935,0.0,0.0,0.19093791176713737
3963,0.5076195394743165,0.2343379305157742,0.0,0.0,0.19093791176713737
3964,0.5076195394743165,0.23021922393397515,0.0,0.0,0.19093791176713737
3965,0.5076195394743165,0.22366730793147735,0.0,0.0,0.19093791176713737
3966,0.5076195394743165,0.21512868475629793,0.0833411194066476,0.06224860380688766,0.19093791176713737
3967,0.564097526483466,0.20518524746708336,0.23082880441550496,0.17240914083681272,0.21218175299418324
3968,0.6177434713924411,0.1945146248827865,0.3628161888021555,0.2709922947071537,0.23236033931554934
3969,0.6658673425175482,0.1838440022984897,0.47044023599058665,0.3513781441080685,0.2504618321546438
3970,0.7060560080127882,0.17390056500927512,0.5464739229503607,0.40816872826667744,0.2655785470752628
3971,0.7362942403769777,0.16536194183409567,0.5858115393769275,0.43755052343667794,0.27695246886938224
3972,0.7550657683755136,0.15881002583159787,0.5858115393769275,0.437550523436678,0.2840132616048836
3973,0.7614293092114748,0.15469131924979884,0.5464739229503608,0.40816872826667755,0.28640686765070605
3974,0.7550657683755136,0.1532865051357637,0.47044023599058665,0.3513781441080685,0.2840132616048836
3975,0.7362942403769777,0.1546913192497988,0.36281618880215555,0.27099229470715375,0.27695246886938224
3976,0.7060560080127882,0.15881002583159787,0.23082880441550485,0.17240914083681264,0.2655785470752628
3977,0.6658673425175482,0.16536194183409564,0.08334111940664735,0.06224860380688748,0.2504618321546438
3978,0.6177434713924411,0.1739005650092751,0.0,0.0,0.23236033931554934
3979,0.564097526483466,0.18384400229848966,0.0,0.0,0.21218175299418324
3980,0.5076195394743165,0.1945146248827865,0.0,0.0,0.19093791176713737
3981,0.5076195394743165,0.20518524746708336,0.0,0.0,0.19093791176713737
3982,0.5076195394743165,0.21512868475629793,0.0,0.0,0.19093791176713737
3983,0.5076195394743165,0.22366730793147735,0.0,0.0,0.19093791176713737
3984,0.5076195394743165,0.2181327832840396,0.0,0.0,0.19093791176713737
3985,0.5076195394743165,0.22225148986583862,0.0,0.0,0.19093791176713737
3986,0.5076195394743165,0.22365630397987377,0.0,0.0,0.19093791176713737
3987,0.5076195394743165,0.22225148986583862,0.0,0.0,0.19093791176713737
3988,0.5076195394743165,0.2181327832840396,0.0,0.0,0.19093791176713737
3989,0.5076195394743165,0.2115808672815418,0.0,0.0,0.19093791176713737
3990,0.5076195394743165,0.20304224410636235,0.08239276401566575,0.061540264401061945,0.19093791176713737
3991,0.564097526483466,0.19309880681714778,0.23010721865281447,0.17187017871854257,0.21218175299418324
3992,0.6177434713924411,0.18242818423285095,0.36233495065091403,0.2706328514548112,0.23236033931554934
3993,0.6658673425175482,0.17175756164855413,0.47017674240769186,0.351181337204537,0.2504618321546438
3994,0.7060560080127882,0.16181412435933953,0.5463746038104815,0.40809454546432494,0.2655785470752628
3995,0.7362942403769777,0.1532755011841601,0.5858002509569247,0.43754209196384236,0.27695246886938224
3996,0.7550657683755136,0.14672358518166229,0.5858002509569247,0.43754209196384236,0.2840132616048836
3997,0.7614293092114748,0.14260487859986326,0.5463746038104816,0.408094545464325,0.28640686765070605
3998,0.7550657683755136,0.14120006448582811,0.47017674240769186,0.351181337204537,0.2840132616048836
3999,0.7362942403769777,0.14260487859986323,0.36233495065091403,0.2706328514548112,0.27695246886938224
4000,0.7060560080127882,0.14672358518166229,0.23010721865281472,0.17187017871854277,0.2655785470752628
4001,0.6658673425175482,0.15327550118416008,0.0823927640156657,0.06154026440106191,0.2504618321546438
4002,0.6177434713924411,0.1618141243593395,0.0,0.0,0.23236033931554934
4003,0.564097526483466,0.17175756164855407,0.0,0.0,0.21218175299418324
4004,0.5076195394743165,0.18242818423285095,0.0,0.0,0.19093791176713737
4005,0.5076195394743165,0.19309880681714778,0.0,0.0,0.19093791176713737
4006,0.5076195394743165,0.20304224410636235,0.0,0.0,0.19093791176713737
4007,0.5076195394743165,0.2115808672815418,0.0,0.0,0.19093791176713737
4008,0.5076195394743165,0.20887403258706946,0.0,0.0,0.19093791176713737
4009,0.5076195394743165,0.21299273916886846,0.0,0.0,0.19093791176713737
4010,0.5076195394743165,0.21439755328290366,0.0,0.0,0.19093791176713737
4011,0.5076195394743165,0.21299273916886846,0.0,0.0,0.19093791176713737
4012,0.5076195394743165,0.20887403258706946,0.0,0.0,0.19093791176713737
4013,0.5076195394743165,0.20232211658457164,0.0,0.0,0.19093791176713737
4014,0.5076195394743165,0.19378349340939224,0.08144047996748674,0.060828990628298274,0.19093791176713737
4015,0.564097526483466,0.18384005612017762,0.229382402132305,0.17132880350377339,0.21218175299418324
4016,0.6177434713924411,0.1731694335358808,0.36185144151908005,0.27027171197649813,0.23236033931554934
4017,0.6658673425175482,0.16249881095158394,0.4699119609599293,0.3509835683774018,0.2504618321546438
4018,0.7060560080127882,0.1525553736623694,0.546274788597291,0.40801999213813933,0.2655785470752628
4019,0.7362942403769777,0.14401675048718995,0.5857889055663817,0.4375336179389437,0.27695246886938224
4020,0.7550657683755136,0.13746483448469216,0.5857889055663817,0.4375336179389437,0.2840132616048836
4021,0.7614293092114748,0.13334612790289313,0.5462747885972911,0.4080199921381394,0.28640686765070605
4022,0.7550657683755136,0.13194131378885796,0.4699119609599293,0.3509835683774018,0.2840132616048836
4023,0.7362942403769777,0.13334612790289307,0.3618514415190801,0.2702717119764982,0.27695246886938224
4024,0.7060560080127882,0.13746483448469216,0.22938240213230512,0.17132880350377347,0.2655785470752628
4025,0.6658673425175482,0.1440167504871899,0.08144047996748666,0.06082899062829821,0.2504618321546438
4026,0.6177434713924411,0.15255537366236932,0.0,0.0,0.23236033931554934
4027,0.564097526483466,0.16249881095158394,0.0,0.0,0.21218175299418324
4028,0.5076195394743165,0.1731694335358808,0.0,0.0,0.19093791176713737
4029,0.5076195394743165,0.18384005612017762,0.0,0.0,0.19093791176713737
4030,0.5076195394743165,0.19378349340939224,0.0,0.0,0.19093791176713737
4031,0.5076195394743165,0.20232211658457164,0.0,0.0,0.19093791176713737
4032,0.5076195394743165,0.20677524419372847,0.0,0.0,0.19093791176713737
4033,0.5076195394743165,0.2108939507755275,0.0,0.0,0.19093791176713737
4034,0.5076195394743165,0.21229876488956267,0.0,0.0,0.19093791176713737
4035,0.5076195394743165,0.2108939507755275,0.0,0.0,0.19093791176713737
4036,0.5076195394743165,0.20677524419372847,0.0,0.0,0.19093791176713737
4037,0.5076195394743165,0.2002233281912307,0.0,0.0,0.19093791176713737
4038,0.5076195394743165,0.19168470501605125,0.08048453249124211,0.06011498059180481,0.19093791176713737
4039,0.564097526483466,0.18174126772683666,0.22865455336335444,0.17078516346183123,0.21218175299418324
4040,0.6177434713924411,0.17107064514253983,0.3613657921739626,0.2699089739440776,0.23236033931554934
4041,0.6658673425175482,0.16040002255824298,0.46964596261733405,0.3507848906351374,0.2504618321546438
4042,0.7060560080127882,0.15045658526902841,0.5461745039093296,0.4079450881549285,0.2655785470752628
4043,0.7362942403769777,0.141917962093849,0.5857775062199632,0.43752510361367514,0.27695246886938224
4044,0.7550657683755136,0.1353660460913512,0.5857775062199632,0.43752510361367514,0.2840132616048836
4045,0.7614293092114748,0.13124733950955214,0.5461745039093296,0.4079450881549285,0.28640686765070605
4046,0.7550657683755136,0.129842525395517,0.469645962617334,0.35078489063513735,0.2840132616048836
4047,0.7362942403769777,0.1312473395095521,0.3613657921739627,0.2699089739440777,0.27695246886938224
4048,0.7060560080127882,0.1353660460913512,0.22865455336335458,0.17078516346183134,0.2655785470752628
4049,0.6658673425175482,0.14191796209384894,0.08048453249124222,0.060114980591804895,0.2504618321546438
4050,0.6177434713924411,0.1504565852690284,0.0,0.0,0.23236033931554934
4051,0.564097526483466,0.16040002255824296,0.0,0.0,0.21218175299418324
4052,0.5076195394743165,0.17107064514253983,0.0,0.0,0.19093791176713737
4053,0.5076195394743165,0.18174126772683666,0.0,0.0,0.19093791176713737
4054,0.5076195394743165,0.19168470501605125,0.0,0.0,0.19093791176713737
4055,0.5076195394743165,0.2002233281912307,0.0,0.0,0.19093791176713737
4056,0.5076195394743165,0.21281846451869604,0.0,0.0,0.19093791176713737
4057,0.5076195394743165,0.21693717110049507,0.0,0.0,0.19093791176713737
4058,0.5076195394743165,0.21834198521453024,0.0,0.0,0.19093791176713737
4059,0.5076195394743165,0.21693717110049507,0.0,0.0,0.19093791176713737
4060,0.5076195394743165,0.21281846451869604,0.0,0.0,0.19093791176713737
4061,0.5076195394743165,0.20626654851619824,0.0,0.0,0.19093791176713737
4062,0.5076195394743165,0.1977279253410188,0.07952518995235762,0.059398434737330114,0.19093791176713737
4063,0.564097526483466,0.18778448805180423,0.22792387349186885,0.1702394088313007,0.21218175299418324
4064,0.6177434713924411,0.1771138654675074,0.36087813526083157,0.26954473643208704,0.23236033931554934
4065,0.6658673425175482,0.16644324288321058,0.4693788194236021,0.35058535778815,0.2504618321546438
4066,0.7060560080127882,0.156499805593996,0.546073776760662,0.40786985369186096,0.2655785470752628
4067,0.7362942403769777,0.14796118241881656,0.5857660559801577,0.437516551275451,0.27695246886938224
4068,0.7550657683755136,0.14140926641631874,0.5857660559801579,0.4375165512754511,0.2840132616048836
4069,0.7614293092114748,0.1372905598345197,0.546073776760662,0.40786985369186096,0.28640686765070605
4070,0.7550657683755136,0.13588574572048456,0.46937881942360227,0.3505853577881501,0.2840132616048836
4071,0.7362942403769777,0.13729055983451968,0.36087813526083184,0.26954473643208726,0.27695246886938224
4072,0.7060560080127882,0.14140926641631874,0.22792387349186885,0.1702394088313007,0.2655785470752628
4073,0.6658673425175482,0.14796118241881653,0.07952518995235787,0.0593984347373303,0.2504618321546438
4074,0.6177434713924411,0.15649980559399598,0.0,0.0,0.23236033931554934
4075,0.564097526483466,0.16644324288321055,0.0,0.0,0.21218175299418324
4076,0.5076195394743165,0.1771138654675074,0.0,0.0,0.19093791176713737
4077,0.5076195394743165,0.18778448805180423,0.0,0.0,0.19093791176713737
4078,0.5076195394743165,0.1977279253410188,0.0,0.0,0.19093791176713737
4079,0.5076195394743165,0.20626654851619824,0.0,0.0,0.19093791176713737
4080,0.5076195394743165,0.22417600360900686,0.0,0.0,0.19093791176713737
4081,0.5076195394743165,0.22829471019080588,0.0,0.0,0.19093791176713737
4082,0.5076195394743165,0.22969952430484103,0.0,0.0,0.19093791176713737
4083,0.5076195394743165,0.22829471019080588,0.0,0.0,0.19093791176713737
4084,0.5076195394743165,0.22417600360900686,0.0,0.0,0.19093791176713737
4085,0.5076195394743165,0.21762408760650903,0.0,0.0,0.19093791176713737
4086,0.5076195394743165,0.20908546443132958,0.07856272380003052,0.05867955581393314,0.19093791176713737
4087,0.564097526483466,0.199142027142115,0.22719056626797618,0.16969169179589474,0.21218175299418324
4088,0.6177434713924411,0.1884714045578182,0.3603886052851418,0.26917909990446115,0.23236033931554934
4089,0.6658673425175482,0.17780078197352137,0.46911060448782194,0.3503850244426017,0.2504618321546438
4090,0.7060560080127882,0.1678573446843068,0.545972634578114,0.407794309234402,0.2655785470752628
4091,0.7362942403769777,0.15931872150912735,0.5857545579569844,0.43750796324718627,0.27695246886938224
4092,0.7550657683755136,0.15276680550662955,0.5857545579569844,0.43750796324718627,0.2840132616048836
4093,0.7614293092114748,0.14864809892483052,0.545972634578114,0.407794309234402,0.28640686765070605
4094,0.7550657683755136,0.14724328481079535,0.4691106044878221,0.35038502444260183,0.2840132616048836
4095,0.7362942403769777,0.1486480989248305,0.3603886052851418,0.26917909990446115,0.27695246886938224
4096,0.7060560080127882,0.15276680550662955,0.2271905662679763,0.16969169179589483,0.2655785470752628
4097,0.6658673425175482,0.15931872150912732,0.07856272380003053,0.05867955581393315,0.2504618321546438
4098,0.6177434713924411,0.16785734468430677,0.0,0.0,0.23236033931554934
4099,0.564097526483466,0.17780078197352134,0.0,0.0,0.21218175299418324
4100,0.5076195394743165,0.1884714045578182,0.0,0.0,0.19093791176713737
4101,0.5076195394743165,0.199142027142115,0.0,0.0,0.19093791176713737
4102,0.5076195394743165,0.20908546443132958,0.0,0.0,0.19093791176713737
4103,0.5076195394743165,0.21762408760650903,0.0,0.0,0.19093791176713737
4104,0.5076195394743165,0.23553354269931862,0.0,0.0,0.19093791176713737
4105,0.5076195394743165,0.23965224928111764,0.0,0.0,0.19093791176713737
4106,0.5076195394743165,0.24105706339515282,0.0,0.0,0.19093791176713737
4107,0.5076195394743165,0.23965224928111764,0.0,0.0,0.19093791176713737
4108,0.5076195394743165,0.23553354269931862,0.0,0.0,0.19093791176713737
4109,0.5076195394743165,0.2289816266968208,0.0,0.0,0.19093791176713737
4110,0.5076195394743165,0.22044300352164137,0.07759740851146173,0.057958548832329565,0.19093791176713737
4111,0.564097526483466,0.21049956623242677,0.2264548380110705,0.1691421664583457,0.21218175299418324
4112,0.6177434713924411,0.19982894364812995,0.35989733859290857,0.26881216619987364,0.23236033931554934
4113,0.6658673425175482,0.18915832106383312,0.46884139197516284,0.3501839459934558,0.2504618321546438
4114,0.7060560080127882,0.17921488377461856,0.5458711051981111,0.4077184755739526,0.2655785470752628
4115,0.7362942403769777,0.1706762605994391,0.5857430153076524,0.437499341887043,0.27695246886938224
4116,0.7550657683755136,0.16412434459694134,0.5857430153076524,0.437499341887043,0.2840132616048836
4117,0.7614293092114748,0.16000563801514228,0.5458711051981111,0.4077184755739526,0.28640686765070605
4118,0.7550657683755136,0.15860082390110714,0.46884139197516284,0.3501839459934558,0.2840132616048836
4119,0.7362942403769777,0.16000563801514225,0.35989733859290873,0.26881216619987375,0.27695246886938224
4120,0.7060560080127882,0.16412434459694134,0.22645483801107041,0.16914216645834565,0.2655785470752628
4121,0.6658673425175482,0.17067626059943908,0.07759740851146187,0.057958548832329676,0.2504618321546438
4122,0.6177434713924411,0.17921488377461853,0.0,0.0,0.23236033931554934
4123,0.564097526483466,0.1891583210638331,0.0,0.0,0.21218175299418324
4124,0.5076195394743165,0.19982894364812995,0.0,0.0,0.19093791176713737
4125,0.5076195394743165,0.21049956623242677,0.0,0.0,0.19093791176713737
4126,0.5076195394743165,0.22044300352164137,0.0,0.0,0.19093791176713737
4127,0.5076195394743165,0.2289816266968208,0.0,0.0,0.19093791176713737
4128,0.5076195394743165,0.24157676302428607,0.0,0.0,0.19093791176713737
4129,0.5076195394743165,0.24569546960608513,0.0,0.0,0.19093791176713737
4130,0.5076195394743165,0.24710028372012027,0.0,0.0,0.19093791176713737
4131,0.5076195394743165,0.24569546960608513,0.0,0.0,0.19093791176713737
4132,0.5076195394743165,0.24157676302428607,0.0,0.0,0.19093791176713737
4133,0.5076195394743165,0.23502484702178833,0.0,0.0,0.19093791176713737
4134,0.5076195394743165,0.22648622384660883,0.07662952153280268,0.05723562102078416,0.19093791176713737
4135,0.564097526483466,0.21654278655739428,0.22571689757216143,0.16859098881228365,0.21218175299418324
4136,0.6177434713924411,0.2058721639730975,0.3594044733491958,0.26844403851567056,0.23236033931554934
4137,0.6658673425175482,0.1952015413888006,0.468571257096497,0.349982178616725,0.2504618321546438
4138,0.7060560080127882,0.18525810409958604,0.5457692168631062,0.40764237380518087,0.2655785470752628
4139,0.7362942403769777,0.17671948092440662,0.5857314312361741,0.43749068958814114,0.27695246886938224
4140,0.7550657683755136,0.17016756492190876,0.5857314312361741,0.43749068958814114,0.2840132616048836
4141,0.7614293092114748,0.16604885834010977,0.5457692168631063,0.4076423738051809,0.28640686765070605
4142,0.7550657683755136,0.1646440442260746,0.4685712570964971,0.34998217861672504,0.2840132616048836
4143,0.7362942403769777,0.1660488583401097,0.3594044733491959,0.26844403851567067,0.27695246886938224
4144,0.7060560080127882,0.17016756492190876,0.22571689757216154,0.16859098881228374,0.2655785470752628
4145,0.6658673425175482,0.17671948092440654,0.07662952153280297,0.05723562102078438,0.2504618321546438
4146,0.6177434713924411,0.18525810409958604,0.0,0.0,0.23236033931554934
4147,0.564097526483466,0.19520154138880058,0.0,0.0,0.21218175299418324
4148,0.5076195394743165,0.2058721639730975,0.0,0.0,0.19093791176713737
4149,0.5076195394743165,0.21654278655739428,0.0,0.0,0.19093791176713737
4150,0.5076195394743165,0.22648622384660883,0.0,0.0,0.19093791176713737
4151,0.5076195394743165,0.23502484702178833,0.0,0.0,0.19093791176713737
4152,0.5076195394743165,0.2394779746309452,0.0,0.0,0.19093791176713737
4153,0.5076195394743165,0.24359668121274425,0.0,0.0,0.19093791176713737
4154,0.5076195394743165,0.2450014953267794,0.0,0.0,0.19093791176713737
4155,0.5076195394743165,0.24359668121274425,0.0,0.0,0.19093791176713737
4156,0.5076195394743165,0.2394779746309452,0.0,0.0,0.19093791176713737
4157,0.5076195394743165,0.23292605862844745,0.0,0.0,0.19093791176713737
4158,0.5076195394743165,0.22438743545326795,0.075659343216784,0.05651098177852479,0.19093791176713737
4159,0.564097526483466,0.2144439981640534,0.22497695629348552,0.16803831671206967,0.21218175299418324
4160,0.6177434713924411,0.20377337557975658,0.35891014951467926,0.2680748213903644,0.23236033931554934
4161,0.6658673425175482,0.19310275299545973,0.468300276096933,0.349779779260907,0.2504618321546438
4162,0.7060560080127882,0.18315931570624513,0.5456669982175891,0.4075660253230418,0.2655785470752628
4163,0.7362942403769777,0.17462069253106574,0.5857198089929299,0.4374820087782335,0.27695246886938224
4164,0.7550657683755136,0.1680687765285679,0.5857198089929299,0.4374820087782335,0.2840132616048836
4165,0.7614293092114748,0.1639500699467689,0.5456669982175891,0.4075660253230418,0.28640686765070605
4166,0.7550657683755136,0.1625452558327337,0.4683002760969331,0.3497797792609071,0.2840132616048836
4167,0.7362942403769777,0.16395006994676883,0.3589101495146794,0.26807482139036454,0.27695246886938224
4168,0.7060560080127882,0.1680687765285679,0.22497695629348569,0.16803831671206979,0.2655785470752628
4169,0.6658673425175482,0.17462069253106566,0.07565934321678384,0.05651098177852468,0.2504618321546438
4170,0.6177434713924411,0.18315931570624513,0.0,0.0,0.23236033931554934
4171,0.564097526483466,0.19310275299545968,0.0,0.0,0.21218175299418324
4172,0.5076195394743165,0.20377337557975658,0.0,0.0,0.19093791176713737
4173,0.5076195394743165,0.2144439981640534,0.0,0.0,0.19093791176713737
4174,0.5076195394743165,0.22438743545326795,0.0,0.0,0.19093791176713737
4175,0.5076195394743165,0.23292605862844745,0.0,0.0,0.19093791176713737
4176,0.5076195394743165,0.23021922393397506,0.0,0.0,0.19093791176713737
4177,0.5076195394743165,0.23433793051577412,0.0,0.0,0.19093791176713737
4178,0.5076195394743165,0.23574274462980924,0.0,0.0,0.19093791176713737
4179,0.5076195394743165,0.23433793051577412,0.0,0.0,0.19093791176713737
4180,0.5076195394743165,0.23021922393397506,0.0,0.0,0.19093791176713737
4181,0.5076195394743165,0.22366730793147727,0.0,0.0,0.19093791176713737
4182,0.5076195394743165,0.21512868475629782,0.07468715675699261,0.05578484262665317,0.19093791176713737
4183,0.564097526483466,0.20518524746708325,0.22423522796533824,0.16748430984055285,0.21218175299418324
4184,0.6177434713924411,0.19451462488278642,0.3584145088202505,0.2677046206846656,0.23236033931554934
4185,0.6658673425175482,0.1838440022984896,0.4680285262432336,0.34957680563758703,0.2504618321546438
4186,0.7060560080127882,0.173900565009275,0.5455644783036656,0.4074894518194751,0.2655785470752628
4187,0.7362942403769777,0.16536194183409558,0.5857081518741837,0.4374733019193441,0.27695246886938224
4188,0.7550657683755136,0.15881002583159776,0.5857081518741837,0.4374733019193441,0.2840132616048836
4189,0.7614293092114748,0.15469131924979876,0.5455644783036656,0.4074894518194751,0.28640686765070605
4190,0.7550657683755136,0.15328650513576358,0.4680285262432334,0.34957680563758686,0.2840132616048836
4191,0.7362942403769777,0.1546913192497987,0.35841450882025033,0.2677046206846655,0.27695246886938224
4192,0.7060560080127882,0.15881002583159776,0.22423522796533804,0.1674843098405527,0.2655785470752628
4193,0.6658673425175482,0.16536194183409555,0.07468715675699265,0.055784842626653196,0.2504618321546438
4194,0.6177434713924411,0.17390056500927498,0.0,0.0,0.23236033931554934
4195,0.564097526483466,0.18384400229848954,0.0,0.0,0.21218175299418324
4196,0.5076195394743165,0.19451462488278642,0.0,0.0,0.19093791176713737
4197,0.5076195394743165,0.20518524746708325,0.0,0.0,0.19093791176713737
4198,0.5076195394743165,0.21512868475629782,0.0,0.0,0.19093791176713737
4199,0.5076195394743165,0.22366730793147727,0.0,0.0,0.19093791176713737
4200,0.5076195394743165,0.21813278328403995,0.0,0.0,0.19093791176713737
4201,0.5076195394743165,0.222251489865839,0.0,0.0,0.19093791176713737
4202,0.5076195394743165,0.22365630397987413,0.0,0.0,0.19093791176713737
4203,0.5076195394743165,0.222251489865839,0.0,0.0,0.19093791176713737
4204,0.5076195394743165,0.21813278328403995,0.0,0.0,0.19093791176713737
4205,0.5076195394743165,0.21158086728154213,0.0,0.0,0.19093791176713737
4206,0.5076195394743165,0.2030422441063627,0.07371324811877031,0.055057417156531986,0.19093791176713737
4207,0.564097526483466,0.19309880681714814,0.2234919287800873,0.1669291296747225,0.21218175299418324
4208,0.6177434713924411,0.1824281842328513,0.3579176947396241,0.26733354356102274,0.23236033931554934
4209,0.6658673425175482,0.1717575616485545,0.4677560858101004,0.34937331621119305,0.2504618321546438
4210,0.7060560080127882,0.1618141243593399,0.5454616865562002,0.40741267527977715,0.2655785470752628
4211,0.7362942403769777,0.15327550118416045,0.5856964632215486,0.43746457150736856,0.27695246886938224
4212,0.7550657683755136,0.14672358518166267,0.5856964632215486,0.43746457150736856,0.2840132616048836
4213,0.7614293092114748,0.14260487859986365,0.5454616865562002,0.40741267527977715,0.28640686765070605
4214,0.7550657683755136,0.14120006448582847,0.4677560858101005,0.3493733162111931,0.2840132616048836
4215,0.7362942403769777,0.1426048785998636,0.3579176947396242,0.2673335435610228,0.27695246886938224
4216,0.7060560080127882,0.14672358518166267,0.22349192878008722,0.16692912967472245,0.2655785470752628
4217,0.6658673425175482,0.15327550118416042,0.0737132481187704,0.05505741715653206,0.2504618321546438
4218,0.6177434713924411,0.16181412435933987,0.0,0.0,0.23236033931554934
4219,0.564097526483466,0.17175756164855444,0.0,0.0,0.21218175299418324
4220,0.5076195394743165,0.1824281842328513,0.0,0.0,0.19093791176713737
4221,0.5076195394743165,0.19309880681714814,0.0,0.0,0.19093791176713737
4222,0.5076195394743165,0.2030422441063627,0.0,0.0,0.19093791176713737
4223,0.5076195394743165,0.21158086728154213,0.0,0.0,0.19093791176713737
4224,0.5076195394743165,0.20887403258706938,0.0,0.0,0.19093791176713737
4225,0.5076195394743165,0.21299273916886843,0.0,0.0,0.19093791176713737
4226,0.5076195394743165,0.21439755328290358,0.0,0.0,0.19093791176713737
4227,0.5076195394743165,0.21299273916886843,0.0,0.0,0.19093791176713737
4228,0.5076195394743165,0.20887403258706938,0.0,0.0,0.19093791176713737
4229,0.5076195394743165,0.2023221165845716,0.0,0.0,0.19093791176713737
4230,0.5076195394743165,0.19378349340939216,0.07273790596670937,0.054328920975630496,0.19093791176713737
4231,0.564097526483466,0.1838400561201776,0.22274727728333268,0.16637293944922876,0.21218175299418324
4232,0.6177434713924411,0.17316943353588077,0.35741985245991925,0.26696169846164924,0.23236033931554934
4233,0.6658673425175482,0.16249881095158392,0.46748303406530145,0.34916937018788813,0.2504618321546438
4234,0.7060560080127882,0.15255537366236932,0.5453586527975107,0.4073357179786387,0.2655785470752628
4235,0.7362942403769777,0.14401675048718987,0.5856847464213999,0.4374558200716363,0.27695246886938224
4236,0.7550657683755136,0.13746483448469207,0.5856847464213999,0.4374558200716363,0.2840132616048836
4237,0.7614293092114748,0.13334612790289305,0.5453586527975106,0.40733571797863866,0.28640686765070605
4238,0.7550657683755136,0.13194131378885787,0.46748303406530145,0.34916937018788813,0.2840132616048836
4239,0.7362942403769777,0.13334612790289302,0.35741985245991925,0.26696169846164924,0.27695246886938224
4240,0.7060560080127882,0.13746483448469207,0.2227472772833329,0.16637293944922893,0.2655785470752628
4241,0.6658673425175482,0.14401675048718984,0.07273790596670941,0.054328920975630524,0.2504618321546438
4242,0.6177434713924411,0.15255537366236932,0.0,0.0,0.23236033931554934
4243,0.564097526483466,0.1624988109515839,0.0,0.0,0.21218175299418324
4244,0.5076195394743165,0.17316943353588077,0.0,0.0,0.19093791176713737
4245,0.5076195394743165,0.1838400561201776,0.0,0.0,0.19093791176713737
4246,0.5076195394743165,0.19378349340939216,0.0,0.0,0.19093791176713737
4247,0.5076195394743165,0.2023221165845716,0.0,0.0,0.19093791176713737
4248,0.5076195394743165,0.20677524419372847,0.0,0.0,0.19093791176713737
4249,0.5076195394743165,0.2108939507755275,0.0,0.0,0.19093791176713737
4250,0.5076195394743165,0.21229876488956267,0.0,0.0,0.19093791176713737
4251,0.5076195394743165,0.2108939507755275,0.0,0.0,0.19093791176713737
4252,0.5076195394743165,0.20677524419372847,0.0,0.0,0.19093791176713737
4253,0.5076195394743165,0.2002233281912307,0.0,0.0,0.19093791176713737
4254,0.5076195394743165,0.19168470501605125,0.07176142158872618,0.053599571650813985,0.19093791176713737
4255,0.564097526483466,0.18174126772683666,0.22200149432217994,0.16581590411774724,0.21218175299418324
4256,0.6177434713924411,0.17107064514253983,0.35692112885018273,0.2665891950850129,0.23236033931554934
4257,0.6658673425175482,0.16040002255824298,0.46720945125362223,0.34896502750358244,0.2504618321546438
4258,0.7060560080127882,0.15045658526902841,0.5452554072316089,0.4072586024758425,0.2655785470752628
4259,0.7362942403769777,0.141917962093849,0.5856730049042375,0.4374470501744339,0.27695246886938224
4260,0.7550657683755136,0.1353660460913512,0.5856730049042375,0.4374470501744339,0.2840132616048836
4261,0.7614293092114748,0.13124733950955217,0.5452554072316089,0.4072586024758425,0.28640686765070605
4262,0.7550657683755136,0.129842525395517,0.46720945125362234,0.3489650275035825,0.2840132616048836
4263,0.7362942403769777,0.13124733950955214,0.3569211288501828,0.26658919508501294,0.27695246886938224
4264,0.7060560080127882,0.1353660460913512,0.22200149432218008,0.16581590411774735,0.2655785470752628
4265,0.6658673425175482,0.14191796209384896,0.07176142158872605,0.05359957165081388,0.2504618321546438
4266,0.6177434713924411,0.1504565852690284,0.0,0.0,0.23236033931554934
4267,0.564097526483466,0.16040002255824296,0.0,0.0,0.21218175299418324
4268,0.5076195394743165,0.17107064514253983,0.0,0.0,0.19093791176713737
4269,0.5076195394743165,0.18174126772683666,0.0,0.0,0.19093791176713737
4270,0.5076195394743165,0.19168470501605125,0.0,0.0,0.19093791176713737
4271,0.5076195394743165,0.2002233281912307,0.0,0.0,0.19093791176713737
4272,0.5076195394743165,0.21281846451869615,0.0,0.0,0.19093791176713737
4273,0.5076195394743165,0.21693717110049518,0.0,0.0,0.19093791176713737
4274,0.5076195394743165,0.21834198521453035,0.0,0.0,0.19093791176713737
4275,0.5076195394743165,0.21693717110049518,0.0,0.0,0.19093791176713737
4276,0.5076195394743165,0.21281846451869615,0.0,0.0,0.19093791176713737
4277,0.5076195394743165,0.20626654851619836,0.0,0.0,0.19093791176713737
4278,0.5076195394743165,0.1977279253410189,0.07078408881669554,0.05286958864906455,0.19093791176713737
4279,0.564097526483466,0.18778448805180434,0.22125480299059744,0.16525819031216557,0.21218175299418324
4280,0.6177434713924411,0.17711386546750751,0.35642167242782546,0.26621614436076685,0.23236033931554934
4281,0.6658673425175482,0.16644324288321066,0.466935418579622,0.34876034881105433,0.2504618321546438
4282,0.7060560080127882,0.1564998055939961,0.5451519804379773,0.4071813516116157,0.2655785470752628
4283,0.7362942403769777,0.14796118241881664,0.5856612421439938,0.4374382644104881,0.27695246886938224
4284,0.7550657683755136,0.14140926641631885,0.5856612421439938,0.4374382644104881,0.2840132616048836
4285,0.7614293092114748,0.13729055983451982,0.5451519804379774,0.4071813516116158,0.28640686765070605
4286,0.7550657683755136,0.13588574572048465,0.46693541857962195,0.3487603488110543,0.2840132616048836
4287,0.7362942403769777,0.1372905598345198,0.3564216724278255,0.2662161443607669,0.27695246886938224
4288,0.7060560080127882,0.14140926641631885,0.2212548029905976,0.1652581903121657,0.2655785470752628
4289,0.6658673425175482,0.14796118241881662,0.0707840888166956,0.05286958864906459,0.2504618321546438
4290,0.6177434713924411,0.15649980559399607,0.0,0.0,0.23236033931554934
4291,0.564097526483466,0.16644324288321066,0.0,0.0,0.21218175299418324
4292,0.5076195394743165,0.17711386546750751,0.0,0.0,0.19093791176713737
4293,0.5076195394743165,0.18778448805180434,0.0,0.0,0.19093791176713737
4294,0.5076195394743165,0.1977279253410189,0.0,0.0,0.19093791176713737
4295,0.5076195394743165,0.20626654851619836,0.0,0.0,0.19093791176713737
4296,0.5076195394743165,0.2241760036090069,0.0,0.0,0.19093791176713737
4297,0.5076195394743165,0.22829471019080597,0.0,0.0,0.19093791176713737
4298,0.5076195394743165,0.2296995243048411,0.0,0.0,0.19093791176713737
4299,0.5076195394743165,0.22829471019080597,0.0,0.0,0.19093791176713737
4300,0.5076195394743165,0.2241760036090069,0.0,0.0,0.19093791176713737
4301,0.5076195394743165,0.21762408760650914,0.0,0.0,0.19093791176713737
4302,0.5076195394743165,0.2090854644313297,0.0698062039436346,0.052139193275624635,0.19093791176713737
4303,0.564097526483466,0.19914202714211512,0.22050742857182956,0.16469996629957123,0.21218175299418324
4304,0.6177434713924411,0.1884714045578183,0.3559216333229469,0.2658426584231031,0.23236033931554934
4305,0.6658673425175482,0.17780078197352148,0.46666101818917566,0.3485553954661634,0.2504618321546438
4306,0.7060560080127882,0.16785734468430688,0.5450484033648753,0.4071039885016298,0.2655785470752628
4307,0.7362942403769777,0.15931872150912746,0.5856494616572875,0.4374294654064088,0.27695246886938224
4308,0.7550657683755136,0.15276680550662963,0.5856494616572874,0.43742946540640876,0.2840132616048836
4309,0.7614293092114748,0.1486480989248306,0.5450484033648751,0.40710398850162977,0.28640686765070605
4310,0.7550657683755136,0.1472432848107955,0.4666610181891758,0.3485553954661635,0.2840132616048836
4311,0.7362942403769777,0.14864809892483055,0.35592163332294696,0.2658426584231032,0.27695246886938224
4312,0.7060560080127882,0.15276680550662963,0.22050742857182976,0.16469996629957137,0.2655785470752628
4313,0.6658673425175482,0.15931872150912743,0.06980620394363488,0.05213919327562484,0.2504618321546438
4314,0.6177434713924411,0.16785734468430685,0.0,0.0,0.23236033931554934
4315,0.564097526483466,0.17780078197352142,0.0,0.0,0.21218175299418324
4316,0.5076195394743165,0.1884714045578183,0.0,0.0,0.19093791176713737
4317,0.5076195394743165,0.19914202714211512,0.0,0.0,0.19093791176713737
4318,0.5076195394743165,0.2090854644313297,0.0,0.0,0.19093791176713737
4319,0.5076195394743165,0.21762408760650914,0.0,0.0,0.19093791176713737
4320,0.5076195394743165,0.2355335426993183,0.0,0.0,0.19093791176713737
4321,0.5076195394743165,0.23965224928111736,0.0,0.0,0.19093791176713737
4322,0.5076195394743165,0.2410570633951525,0.0,0.0,0.19093791176713737
4323,0.5076195394743165,0.23965224928111736,0.0,0.0,0.19093791176713737
4324,0.5076195394743165,0.2355335426993183,0.0,0.0,0.19093791176713737
4325,0.5076195394743165,0.2289816266968205,0.0,0.0,0.19093791176713737
4326,0.5076195394743165,0.22044300352164106,0.06882806563743003,0.05140860860955868,0.19093791176713737
4327,0.564097526483466,0.2104995662324265,0.2197595984778456,0.16414140193702484,0.21218175299418324
4328,0.6177434713924411,0.19982894364812967,0.35542116324052153,0.26546885058250896,0.23236033931554934
4329,0.6658673425175482,0.18915832106383285,0.4663863331497866,0.34835022951314587,0.2504618321546438
4330,0.7060560080127882,0.17921488377461828,0.5449447073221672,0.40702653653164383,0.2655785470752628
4331,0.7362942403769777,0.1706762605994388,0.5856376670026223,0.4374206558200903,0.27695246886938224
4332,0.7550657683755136,0.164124344596941,0.5856376670026223,0.4374206558200903,0.2840132616048836
4333,0.7614293092114748,0.16000563801514198,0.544944707322167,0.4070265365316438,0.28640686765070605
4334,0.7550657683755136,0.15860082390110683,0.4663863331497865,0.3483502295131458,0.2840132616048836
4335,0.7362942403769777,0.16000563801514195,0.35542116324052153,0.26546885058250896,0.27695246886938224
4336,0.7060560080127882,0.164124344596941,0.2197595984778457,0.16414140193702492,0.2655785470752628
4337,0.6658673425175482,0.1706762605994388,0.06882806563743023,0.05140860860955883,0.2504618321546438
4338,0.6177434713924411,0.17921488377461822,0.0,0.0,0.23236033931554934
4339,0.564097526483466,0.18915832106383282,0.0,0.0,0.21218175299418324
4340,0.5076195394743165,0.19982894364812967,0.0,0.0,0.19093791176713737
4341,0.5076195394743165,0.2104995662324265,0.0,0.0,0.19093791176713737
4342,0.5076195394743165,0.22044300352164106,0.0,0.0,0.19093791176713737
4343,0.5076195394743165,0.2289816266968205,0.0,0.0,0.19093791176713737
4344,0.5076195394743165,0.24157676302428613,0.0,0.0,0.19093791176713737
4345,0.5076195394743165,0.24569546960608513,0.0,0.0,0.19093791176713737
4346,0.5076195394743165,0.24710028372012033,0.0,0.0,0.19093791176713737
4347,0.5076195394743165,0.24569546960608513,0.0,0.0,0.19093791176713737
4348,0.5076195394743165,0.24157676302428613,0.0,0.0,0.19093791176713737
4349,0.5076195394743165,0.23502484702178833,0.0,0.0,0.19093791176713737
4350,0.5076195394743165,0.22648622384660888,0.06784997485110365,0.05067805943672933,0.19093791176713737
4351,0.564097526483466,0.21654278655739428,0.21901154218580096,0.16358266862410245,0.21218175299418324
4352,0.6177434713924411,0.2058721639730975,0.3549204154204262,0.265094835295911,0.23236033931554934
4353,0.6658673425175482,0.1952015413888006,0.4661114474296531,0.3481449136689793,0.2504618321546438
4354,0.7060560080127882,0.18525810409958607,0.5448409239736665,0.40694901935178635,0.2655785470752628
4355,0.7362942403769777,0.17671948092440662,0.5856258617795306,0.4374118383400718,0.27695246886938224
4356,0.7550657683755136,0.17016756492190882,0.5856258617795307,0.43741183834007186,0.2840132616048836
4357,0.7614293092114748,0.16604885834010977,0.5448409239736666,0.40694901935178646,0.28640686765070605
4358,0.7550657683755136,0.16464404422607462,0.46611144742965305,0.34814491366897926,0.2840132616048836
4359,0.7362942403769777,0.16604885834010974,0.3549204154204261,0.26509483529591094,0.27695246886938224
4360,0.7060560080127882,0.17016756492190882,0.21901154218580085,0.16358266862410237,0.2655785470752628
4361,0.6658673425175482,0.17671948092440656,0.06784997485110349,0.050678059436729206,0.2504618321546438
4362,0.6177434713924411,0.18525810409958604,0.0,0.0,0.23236033931554934
4363,0.564097526483466,0.1952015413888006,0.0,0.0,0.21218175299418324
4364,0.5076195394743165,0.2058721639730975,0.0,0.0,0.19093791176713737
4365,0.5076195394743165,0.21654278655739428,0.0,0.0,0.19093791176713737
4366,0.5076195394743165,0.22648622384660888,0.0,0.0,0.19093791176713737
4367,0.5076195394743165,0.23502484702178833,0.0,0.0,0.19093791176713737
4368,0.5076195394743165,0.23947797463094542,0.0,0.0,0.19093791176713737
4369,0.5076195394743165,0.24359668121274441,0.0,0.0,0.19093791176713737
4370,0.5076195394743165,0.2450014953267796,0.0,0.0,0.19093791176713737
4371,0.5076195394743165,0.24359668121274441,0.0,0.0,0.19093791176713737
4372,0.5076195394743165,0.23947797463094542,0.0,0.0,0.19093791176713737
4373,0.5076195394743165,0.2329260586284476,0.0,0.0,0.19093791176713737
4374,0.5076195394743165,0.22438743545326814,0.06687223472962055,0.04994777218019117,0.19093791176713737
4375,0.564097526483466,0.21444399816405357,0.21826349117149813,0.16302393925319647,0.21218175299418324
4376,0.6177434713924411,0.20377337557975675,0.3544195445952907,0.2647207281351929,0.23236033931554934
4377,0.6658673425175482,0.19310275299545993,0.4658364458754763,0.3479395113068068,0.2504618321546438
4378,0.7060560080127882,0.18315931570624536,0.5447370853289892,0.4068714608704703,0.2655785470752628
4379,0.7362942403769777,0.1746206925310659,0.5856140496276588,0.43740301568485424,0.27695246886938224
4380,0.7550657683755136,0.1680687765285681,0.5856140496276588,0.43740301568485424,0.2840132616048836
4381,0.7614293092114748,0.16395006994676908,0.5447370853289892,0.4068714608704703,0.28640686765070605
4382,0.7550657683755136,0.1625452558327339,0.46583644587547635,0.34793951130680684,0.2840132616048836
4383,0.7362942403769777,0.16395006994676906,0.35441954459529085,0.264720728135193,0.27695246886938224
4384,0.7060560080127882,0.1680687765285681,0.21826349117149824,0.16302393925319655,0.2655785470752628
4385,0.6658673425175482,0.17462069253106585,0.06687223472962077,0.04994777218019134,0.2504618321546438
4386,0.6177434713924411,0.1831593157062453,0.0,0.0,0.23236033931554934
4387,0.564097526483466,0.1931027529954599,0.0,0.0,0.21218175299418324
4388,0.5076195394743165,0.20377337557975675,0.0,0.0,0.19093791176713737
4389,0.5076195394743165,0.21444399816405357,0.0,0.0,0.19093791176713737
4390,0.5076195394743165,0.22438743545326814,0.0,0.0,0.19093791176713737
4391,0.5076195394743165,0.2329260586284476,0.0,0.0,0.19093791176713737
4392,0.4100003972677172,0.18417537914717994,0.0,0.0,0.1542190825811494
4393,0.4100003972677172,0.18747034441261917,0.0,0.0,0.1542190825811494
4394,0.4100003972677172,0.1885941957038473,0.0,0.0,0.1542190825811494
4395,0.4100003972677172,0.18747034441261917,0.0,0.0,0.1542190825811494
4396,0.4100003972677172,0.18417537914717994,0.0,0.0,0.1542190825811494
4397,0.4100003972677172,0.1789338463451817,0.0,0.0,0.1542190825811494
4398,0.4100003972677172,0.17210294780503815,0.0703880016846011,0.05257374583900522,0.1542190825811494
4399,0.45561723292895334,0.1641481979736665,0.2323462933061838,0.17354257371376167,0.1713775697260711
4400,0.4989466499708179,0.15561169990622903,0.3780495278742966,0.28237028069184944,0.18767565867794372
4401,0.5378159304949427,0.14707520183879155,0.4973042378836984,0.37144322869557417,0.20229609520182767
4402,0.5702760064718674,0.1391204520074199,0.5817673071713811,0.43452983196938727,0.2145057495607892
4403,0.5946991941506358,0.13228955346727636,0.6255296592866469,0.4672165217795965,0.22369237870219336
4404,0.6098608129186841,0.12704802066527812,0.6255296592866469,0.4672165217795965,0.22939532668086757
4405,0.6150005959015757,0.12375305539983888,0.5817673071713811,0.43452983196938727,0.23132862387172412
4406,0.6098608129186841,0.12262920410861076,0.49730423788369843,0.3714432286955742,0.22939532668086757
4407,0.5946991941506358,0.12375305539983886,0.37804952787429674,0.28237028069184955,0.22369237870219336
4408,0.5702760064718674,0.12704802066527812,0.23234629330618403,0.17354257371376183,0.2145057495607892
4409,0.5378159304949428,0.13228955346727633,0.07038800168460134,0.0525737458390054,0.2022960952018277
4410,0.4989466499708179,0.13912045200741988,0.0,0.0,0.18767565867794372
4411,0.45561723292895334,0.14707520183879155,0.0,0.0,0.1713775697260711
4412,0.4100003972677172,0.15561169990622903,0.0,0.0,0.1542190825811494
4413,0.4100003972677172,0.1641481979736665,0.0,0.0,0.1542190825811494
4414,0.4100003972677172,0.17210294780503815,0.0,0.0,0.1542190825811494
4415,0.4100003972677172,0.1789338463451817,0.0,0.0,0.1542190825811494
4416,0.4100003972677172,0.1745062266272319,0.0,0.0,0.1542190825811494
4417,0.4100003972677172,0.1778011918926711,0.0,0.0,0.1542190825811494
4418,0.4100003972677172,0.17892504318389924,0.0,0.0,0.1542190825811494
4419,0.4100003972677172,0.1778011918926711,0.0,0.0,0.1542190825811494
4420,0.4100003972677172,0.1745062266272319,0.0,0.0,0.1542190825811494
4421,0.4100003972677172,0.16926469382523365,0.0,0.0,0.1542190825811494
4422,0.4100003972677172,0.16243379528509008,0.06934532689909255,0.05179495800792436,0.1542190825811494
4423,0.45561723292895334,0.15447904545371843,0.23154800002849907,0.17294631772010463,0.1713775697260711
4424,0.4989466499708179,0.14594254738628096,0.3775147459687917,0.28197084488878044,0.18767565867794372
4425,0.5378159304949427,0.1374060493188435,0.49701051428193266,0.37122384258406976,0.20229609520182767
4426,0.5702760064718674,0.12945129948747183,0.5816563744934603,0.4344469748591602,0.2145057495607892
4427,0.5946991941506358,0.12262040094732829,0.6255170387879538,0.46720709535925814,0.22369237870219336
4428,0.6098608129186841,0.11737886814533004,0.6255170387879538,0.46720709535925814,0.22939532668086757
4429,0.6150005959015757,0.11408390287989081,0.5816563744934603,0.4344469748591602,0.23132862387172412
4430,0.6098608129186841,0.11296005158866268,0.4970105142819327,0.3712238425840698,0.22939532668086757
4431,0.5946991941506358,0.11408390287989079,0.3775147459687918,0.2819708448887805,0.22369237870219336
4432,0.5702760064718674,0.11737886814533004,0.231548000028499,0.1729463177201046,0.2145057495607892
4433,0.5378159304949428,0.12262040094732826,0.0693453268990929,0.05179495800792462,0.2022960952018277
4434,0.4989466499708179,0.1294512994874718,0.0,0.0,0.18767565867794372
4435,0.45561723292895334,0.13740604931884348,0.0,0.0,0.1713775697260711
4436,0.4100003972677172,0.14594254738628096,0.0,0.0,0.1542190825811494
4437,0.4100003972677172,0.15447904545371843,0.0,0.0,0.1542190825811494
4438,0.4100003972677172,0.16243379528509008,0.0,0.0,0.1542190825811494
4439,0.4100003972677172,0.16926469382523365,0.0,0.0,0.1542190825811494
4440,0.4100003972677172,0.16709922606965547,0.0,0.0,0.1542190825811494
4441,0.4100003972677172,0.1703941913350947,0.0,0.0,0.1542190825811494
4442,0.4100003972677172,0.1715180426263228,0.0,0.0,0.1542190825811494
4443,0.4100003972677172,0.1703941913350947,0.0,0.0,0.1542190825811494
4444,0.4100003972677172,0.16709922606965547,0.0,0.0,0.1542190825811494
4445,0.4100003972677172,0.16185769326765723,0.0,0.0,0.1542190825811494
4446,0.4100003972677172,0.15502679472751368,0.06830401112687223,0.05101718524216001,0.1542190825811494
4447,0.45561723292895334,0.147072044896142,0.23075046621352574,0.17235062897936868,0.1713775697260711
4448,0.4989466499708179,0.13853554682870456,0.3769803376009569,0.2815716880860248,0.18767565867794372
4449,0.5378159304949427,0.12999904876126708,0.49671694421634655,0.37100457115080443,0.20229609520182767
4450,0.5702760064718674,0.12204429892989542,0.5815454874467089,0.43436415183146754,0.2145057495607892
4451,0.5946991941506358,0.11521340038975186,0.625504422797892,0.46719767230647724,0.22369237870219336
4452,0.6098608129186841,0.10997186758775362,0.625504422797892,0.46719767230647724,0.22939532668086757
4453,0.6150005959015757,0.1066769023223144,0.5815454874467089,0.43436415183146754,0.23132862387172412
4454,0.6098608129186841,0.10555305103108628,0.4967169442163466,0.3710045711508045,0.22939532668086757
4455,0.5946991941506358,0.10667690232231437,0.37698033760095706,0.2815716880860249,0.22369237870219336
4456,0.5702760064718674,0.10997186758775362,0.23075046621352607,0.17235062897936893,0.2145057495607892
4457,0.5378159304949428,0.11521340038975184,0.06830401112687227,0.051017185242160035,0.2022960952018277
4458,0.4989466499708179,0.12204429892989539,0.0,0.0,0.18767565867794372
4459,0.45561723292895334,0.12999904876126706,0.0,0.0,0.1713775697260711
4460,0.4100003972677172,0.13853554682870456,0.0,0.0,0.1542190825811494
4461,0.4100003972677172,0.147072044896142,0.0,0.0,0.1542190825811494
4462,0.4100003972677172,0.15502679472751368,0.0,0.0,0.1542190825811494
4463,0.4100003972677172,0.16185769326765723,0.0,0.0,0.1542190825811494
4464,0.4100003972677172,0.1654201953549828,0.0,0.0,0.1542190825811494
4465,0.4100003972677172,0.16871516062042205,0.0,0.0,0.1542190825811494
4466,0.4100003972677172,0.16983901191165016,0.0,0.0,0.1542190825811494
4467,0.4100003972677172,0.16871516062042205,0.0,0.0,0.1542190825811494
4468,0.4100003972677172,0.1654201953549828,0.0,0.0,0.1542190825811494
4469,0.4100003972677172,0.16017866255298457,0.0,0.0,0.1542190825811494
4470,0.4100003972677172,0.153347764012841,0.06726438647844947,0.05024067559952156,0.1542190825811494
4471,0.45561723292895334,0.14539301418146935,0.22995394688390614,0.17175569797139778,0.1713775697260711
4472,0.4989466499708179,0.1368565161140319,0.37644647393413955,0.28117293812779043,0.18767565867794372
4473,0.5378159304949427,0.12832001804659443,0.4964236218078383,0.3707854846959439,0.20229609520182767
4474,0.5702760064718674,0.12036526821522277,0.5814346816030329,0.4342813894554451,0.2145057495607892
4475,0.5946991941506358,0.11353436967507921,0.6254918153646706,0.4671882556449156,0.22369237870219336
4476,0.6098608129186841,0.10829283687308097,0.6254918153646706,0.46718825564491556,0.22939532668086757
4477,0.6150005959015757,0.10499787160764175,0.5814346816030329,0.43428138945544503,0.23132862387172412
4478,0.6098608129186841,0.10387402031641361,0.49642362180783833,0.37078548469594397,0.22939532668086757
4479,0.5946991941506358,0.10499787160764172,0.37644647393413966,0.2811729381277905,0.22369237870219336
4480,0.5702760064718674,0.10829283687308097,0.22995394688390636,0.17175569797139797,0.2145057495607892
4481,0.5378159304949428,0.11353436967507918,0.06726438647844996,0.05024067559952193,0.2022960952018277
4482,0.4989466499708179,0.12036526821522274,0.0,0.0,0.18767565867794372
4483,0.45561723292895334,0.1283200180465944,0.0,0.0,0.1713775697260711
4484,0.4100003972677172,0.1368565161140319,0.0,0.0,0.1542190825811494
4485,0.4100003972677172,0.14539301418146935,0.0,0.0,0.1542190825811494
4486,0.4100003972677172,0.153347764012841,0.0,0.0,0.1542190825811494
4487,0.4100003972677172,0.16017866255298457,0.0,0.0,0.1542190825811494
4488,0.4100003972677172,0.170254771614957,0.0,0.0,0.1542190825811494
4489,0.4100003972677172,0.17354973688039624,0.0,0.0,0.1542190825811494
4490,0.4100003972677172,0.17467358817162434,0.0,0.0,0.1542190825811494
4491,0.4100003972677172,0.17354973688039624,0.0,0.0,0.1542190825811494
4492,0.4100003972677172,0.170254771614957,0.0,0.0,0.1542190825811494
4493,0.4100003972677172,0.16501323881295876,0.0,0.0,0.1542190825811494
4494,0.4100003972677172,0.1581823402728152,0.06622678685300054,0.04946567847379789,0.1542190825811494
4495,0.45561723292895334,0.15022759044144354,0.2291586987934037,0.17116171646903364,0.1713775697260711
4496,0.4989466499708179,0.1416910923740061,0.37591332746566014,0.28077472385464775,0.18767565867794372
4497,0.5378159304949427,0.13315459430656862,0.49613064197658024,0.3705666541166424,0.20229609520182767
4498,0.5702760064718674,0.12519984447519697,0.5813239928521576,0.43419871453761133,0.2145057495607892
4499,0.5946991941506358,0.1183689459350534,0.6254792205735371,0.4671788484258996,0.22369237870219336
4500,0.6098608129186841,0.11312741313305516,0.6254792205735371,0.4671788484258996,0.22939532668086757
4501,0.6150005959015757,0.10983244786761594,0.5813239928521577,0.4341987145376114,0.23132862387172412
4502,0.6098608129186841,0.10870859657638782,0.49613064197658047,0.3705666541166426,0.22939532668086757
4503,0.5946991941506358,0.10983244786761591,0.3759133274656603,0.28077472385464786,0.22369237870219336
4504,0.5702760064718674,0.11312741313305516,0.22915869879340384,0.17116171646903375,0.2145057495607892
4505,0.5378159304949428,0.11836894593505337,0.06622678685300067,0.04946567847379798,0.2022960952018277
4506,0.4989466499708179,0.12519984447519694,0.0,0.0,0.18767565867794372
4507,0.45561723292895334,0.1331545943065686,0.0,0.0,0.1713775697260711
4508,0.4100003972677172,0.1416910923740061,0.0,0.0,0.1542190825811494
4509,0.4100003972677172,0.15022759044144354,0.0,0.0,0.1542190825811494
4510,0.4100003972677172,0.1581823402728152,0.0,0.0,0.1542190825811494
4511,0.4100003972677172,0.16501323881295876,0.0,0.0,0.1542190825811494
4512,0.4100003972677172,0.17934080288720566,0.0,0.0,0.1542190825811494
4513,0.4100003972677172,0.18263576815264487,0.0,0.0,0.1542190825811494
4514,0.4100003972677172,0.183759619443873,0.0,0.0,0.1542190825811494
4515,0.4100003972677172,0.18263576815264487,0.0,0.0,0.1542190825811494
4516,0.4100003972677172,0.17934080288720566,0.0,0.0,0.1542190825811494
4517,0.4100003972677172,0.17409927008520742,0.0,0.0,0.1542190825811494
4518,0.4100003972677172,0.16726837154506385,0.0651915478169842,0.04869244450409355,0.1542190825811494
4519,0.45561723292895334,0.1593136217136922,0.22836498033645913,0.17056887747056185,0.1713775697260711
4520,0.4989466499708179,0.15077712364625473,0.37538107196755166,0.28037717505926707,0.18767565867794372
4521,0.5378159304949427,0.14224062557881728,0.4958381004100148,0.3703481508831386,0.20229609520182767
4522,0.5702760064718674,0.1342858757474456,0.5812134573896773,0.43411615411294296,0.2145057495607892
4523,0.5946991941506358,0.12745497720730206,0.625466642545427,0.46716945372741137,0.22369237870219336
4524,0.6098608129186841,0.12221344440530382,0.625466642545427,0.46716945372741137,0.22939532668086757
4525,0.6150005959015757,0.1189184791398646,0.5812134573896773,0.43411615411294296,0.23132862387172412
4526,0.6098608129186841,0.11779462784863647,0.4958381004100147,0.37034815088313855,0.22939532668086757
4527,0.5946991941506358,0.11891847913986457,0.37538107196755166,0.28037717505926707,0.22369237870219336
4528,0.5702760064718674,0.12221344440530382,0.22836498033645927,0.17056887747056196,0.2145057495607892
4529,0.5378159304949428,0.12745497720730203,0.06519154781698422,0.04869244450409357,0.2022960952018277
4530,0.4989466499708179,0.13428587574744558,0.0,0.0,0.18767565867794372
4531,0.45561723292895334,0.14224062557881725,0.0,0.0,0.1713775697260711
4532,0.4100003972677172,0.15077712364625473,0.0,0.0,0.1542190825811494
4533,0.4100003972677172,0.1593136217136922,0.0,0.0,0.1542190825811494
4534,0.4100003972677172,0.16726837154506385,0.0,0.0,0.1542190825811494
4535,0.4100003972677172,0.17409927008520742,0.0,0.0,0.1542190825811494
4536,0.4100003972677172,0.18842683415945471,0.0,0.0,0.1542190825811494
4537,0.4100003972677172,0.19172179942489395,0.0,0.0,0.1542190825811494
4538,0.4100003972677172,0.19284565071612209,0.0,0.0,0.1542190825811494
4539,0.4100003972677172,0.19172179942489395,0.0,0.0,0.1542190825811494
4540,0.4100003972677172,0.18842683415945471,0.0,0.0,0.1542190825811494
4541,0.4100003972677172,0.18318530135745648,0.0,0.0,0.1542190825811494
4542,0.4100003972677172,0.17635440281731293,0.06415900647922164,0.047921225481524374,0.1542190825811494
4543,0.45561723292895334,0.16839965298594128,0.22757305145453932,0.16997737512976263,0.1713775697260711
4544,0.4989466499708179,0.1598631549185038,0.37484988242490885,0.2799804224403708,0.18767565867794372
4545,0.5378159304949427,0.15132665685106633,0.49554609352944684,0.3701300470138029,0.20229609520182767
4546,0.5702760064718674,0.14337190701969468,0.5811031117045523,0.43403373543553564,0.2145057495607892
4547,0.5946991941506358,0.13654100847955114,0.6254540854355469,0.46716007465303067,0.22369237870219336
4548,0.6098608129186841,0.1312994756775529,0.6254540854355469,0.46716007465303067,0.22939532668086757
4549,0.6150005959015757,0.12800451041211366,0.5811031117045523,0.43403373543553564,0.23132862387172412
4550,0.6098608129186841,0.12688065912088553,0.49554609352944695,0.370130047013803,0.22939532668086757
4551,0.5946991941506358,0.12800451041211364,0.3748498824249088,0.27998042244037075,0.22369237870219336
4552,0.5702760064718674,0.1312994756775529,0.2275730514545394,0.1699773751297627,0.2145057495607892
4553,0.5378159304949428,0.1365410084795511,0.06415900647922185,0.04792122548152453,0.2022960952018277
4554,0.4989466499708179,0.14337190701969466,0.0,0.0,0.18767565867794372
4555,0.45561723292895334,0.15132665685106633,0.0,0.0,0.1713775697260711
4556,0.4100003972677172,0.1598631549185038,0.0,0.0,0.1542190825811494
4557,0.4100003972677172,0.16839965298594128,0.0,0.0,0.1542190825811494
4558,0.4100003972677172,0.17635440281731293,0.0,0.0,0.1542190825811494
4559,0.4100003972677172,0.18318530135745648,0.0,0.0,0.1542190825811494
4560,0.4100003972677172,0.19326141041942885,0.0,0.0,0.1542190825811494
4561,0.4100003972677172,0.19655637568486806,0.0,0.0,0.1542190825811494
4562,0.4100003972677172,0.1976802269760962,0.0,0.0,0.1542190825811494
4563,0.4100003972677172,0.19655637568486806,0.0,0.0,0.1542190825811494
4564,0.4100003972677172,0.19326141041942885,0.0,0.0,0.1542190825811494
4565,0.4100003972677172,0.1880198776174306,0.0,0.0,0.1542190825811494
4566,0.4100003972677172,0.18118897907728704,0.0631295013624864,0.04715227425330625,0.1542190825811494
4567,0.45561723292895334,0.1732342292459154,0.2267831735392969,0.16938740468357957,0.1713775697260711
4568,0.4989466499708179,0.1646977311784779,0.37431993497185256,0.2795845975549045,0.18767565867794372
4569,0.5378159304949427,0.15616123311104047,0.495254718455232,0.3699124150491361,0.20229609520182767
4570,0.5702760064718674,0.1482064832796688,0.5809929925660547,0.4339514859688534,0.2145057495607892
4571,0.5946991941506358,0.14137558473952525,0.6254415534318952,0.46715071433082983,0.22369237870219336
4572,0.6098608129186841,0.136134051937527,0.6254415534318953,0.4671507143308299,0.22939532668086757
4573,0.6150005959015757,0.13283908667208777,0.5809929925660547,0.43395148596885347,0.23132862387172412
4574,0.6098608129186841,0.13171523538085964,0.495254718455232,0.3699124150491361,0.22939532668086757
4575,0.5946991941506358,0.13283908667208774,0.3743199349718527,0.27958459755490456,0.22369237870219336
4576,0.5702760064718674,0.136134051937527,0.226783173539297,0.16938740468357966,0.2145057495607892
4577,0.5378159304949428,0.14137558473952522,0.06312950136248682,0.04715227425330657,0.2022960952018277
4578,0.4989466499708179,0.14820648327966876,0.0,0.0,0.18767565867794372
4579,0.45561723292895334,0.15616123311104044,0.0,0.0,0.1713775697260711
4580,0.4100003972677172,0.1646977311784779,0.0,0.0,0.1542190825811494
4581,0.4100003972677172,0.1732342292459154,0.0,0.0,0.1542190825811494
4582,0.4100003972677172,0.18118897907728704,0.0,0.0,0.1542190825811494
4583,0.4100003972677172,0.1880198776174306,0.0,0.0,0.1542190825811494
4584,0.4100003972677172,0.19158237970475647,0.0,0.0,0.1542190825811494
4585,0.4100003972677172,0.1948773449701957,0.0,0.0,0.1542190825811494
4586,0.4100003972677172,0.19600119626142382,0.0,0.0,0.1542190825811494
4587,0.4100003972677172,0.1948773449701957,0.0,0.0,0.1542190825811494
4588,0.4100003972677172,0.19158237970475647,0.0,0.0,0.1542190825811494
4589,0.4100003972677172,0.18634084690275823,0.0,0.0,0.1542190825811494
4590,0.4100003972677172,0.17950994836261466,0.062103372271654834,0.04638584462427488,0.1542190825811494
4591,0.45561723292895334,0.17155519853124301,0.22599560933256446,0.16879916237742376,0.1713775697260711
4592,0.4989466499708179,0.16301870046380557,0.37379140682511797,0.27918983276843284,0.18767565867794372
4593,0.5378159304949427,0.1544822023963681,0.4949640729705603,0.36969532802471883,0.20229609520182767
4594,0.5702760064718674,0.14652745256499644,0.5808831370101586,0.43386943337556394,0.2145057495607892
4595,0.5946991941506358,0.13969655402485287,0.6254290507537178,0.4671413759122205,0.22369237870219336
4596,0.6098608129186841,0.13445502122285463,0.6254290507537178,0.4671413759122205,0.22939532668086757
4597,0.6150005959015757,0.13116005595741542,0.5808831370101586,0.43386943337556394,0.23132862387172412
4598,0.6098608129186841,0.1300362046661873,0.49496407297056044,0.36969532802471894,0.22939532668086757
4599,0.5946991941506358,0.1311600559574154,0.3737914068251183,0.27918983276843307,0.22369237870219336
4600,0.5702760064718674,0.13445502122285463,0.22599560933256452,0.1687991623774238,0.2145057495607892
4601,0.5378159304949428,0.13969655402485284,0.06210337227165496,0.046385844624274974,0.2022960952018277
4602,0.4989466499708179,0.1465274525649964,0.0,0.0,0.18767565867794372
4603,0.45561723292895334,0.15448220239636806,0.0,0.0,0.1713775697260711
4604,0.4100003972677172,0.16301870046380557,0.0,0.0,0.1542190825811494
4605,0.4100003972677172,0.17155519853124301,0.0,0.0,0.1542190825811494
4606,0.4100003972677172,0.17950994836261466,0.0,0.0,0.1542190825811494
4607,0.4100003972677172,0.18634084690275823,0.0,0.0,0.1542190825811494
4608,0.4100003972677172,0.18417537914717988,0.0,0.0,0.1542190825811494
4609,0.4100003972677172,0.1874703444126191,0.0,0.0,0.1542190825811494
4610,0.4100003972677172,0.18859419570384722,0.0,0.0,0.1542190825811494
4611,0.4100003972677172,0.1874703444126191,0.0,0.0,0.1542190825811494
4612,0.4100003972677172,0.18417537914717988,0.0,0.0,0.1542190825811494
4613,0.4100003972677172,0.17893384634518164,0.0,0.0,0.1542190825811494
4614,0.4100003972677172,0.17210294780503807,0.06108096015847191,0.045622191255877596,0.1542190825811494
4615,0.45561723292895334,0.16414819797366642,0.225210622823211,0.16821284538813458,0.1713775697260711
4616,0.4989466499708179,0.15561169990622895,0.37326447621527614,0.2787962612037683,0.18767565867794372
4617,0.5378159304949427,0.1470752018387915,0.4946742554838409,0.3694788594431166,0.20229609520182767
4618,0.5702760064718674,0.13912045200741982,0.5807735823253783,0.4337876055069605,0.2145057495607892
4619,0.5946991941506358,0.13228955346727628,0.625416581649899,0.46713206257075146,0.22369237870219336
4620,0.6098608129186841,0.12704802066527804,0.6254165816498989,0.4671320625707514,0.22939532668086757
4621,0.6150005959015757,0.1237530553998388,0.5807735823253785,0.43378760550696055,0.23132862387172412
4622,0.6098608129186841,0.12262920410861068,0.4946742554838409,0.3694788594431166,0.22939532668086757
4623,0.5946991941506358,0.12375305539983879,0.37326447621527614,0.2787962612037683,0.22369237870219336
4624,0.5702760064718674,0.12704802066527804,0.22521062282321094,0.16821284538813455,0.2145057495607892
4625,0.5378159304949428,0.13228955346727625,0.06108096015847158,0.045622191255877347,0.2022960952018277
4626,0.4989466499708179,0.1391204520074198,0.0,0.0,0.18767565867794372
4627,0.45561723292895334,0.14707520183879147,0.0,0.0,0.1713775697260711
4628,0.4100003972677172,0.15561169990622895,0.0,0.0,0.1542190825811494
4629,0.4100003972677172,0.16414819797366642,0.0,0.0,0.1542190825811494
4630,0.4100003972677172,0.17210294780503807,0.0,0.0,0.1542190825811494
4631,0.4100003972677172,0.17893384634518164,0.0,0.0,0.1542190825811494
4632,0.4100003972677172,0.17450622662723178,0.0,0.0,0.1542190825811494
4633,0.4100003972677172,0.17780119189267102,0.0,0.0,0.1542190825811494
4634,0.4100003972677172,0.17892504318389912,0.0,0.0,0.1542190825811494
4635,0.4100003972677172,0.17780119189267102,0.0,0.0,0.1542190825811494
4636,0.4100003972677172,0.17450622662723178,0.0,0.0,0.1542190825811494
4637,0.4100003972677172,0.16926469382523354,0.0,0.0,0.1542190825811494
4638,0.4100003972677172,0.16243379528508997,0.060062606982997056,0.04486156956268536,0.1542190825811494
4639,0.45561723292895334,0.15447904545371832,0.22442847914089625,0.16762865174462338,0.1713775697260711
4640,0.4989466499708179,0.14594254738628087,0.37273932231560747,0.27840401668784565,0.18767565867794372
4641,0.5378159304949427,0.1374060493188434,0.4943853649896926,0.3692630832447424,0.20229609520182767
4642,0.5702760064718674,0.12945129948747175,0.580664366038056,0.433706030391973,0.2145057495607892
4643,0.5946991941506358,0.12262040094732818,0.62540415039729,0.46712277750086056,0.22369237870219336
4644,0.6098608129186841,0.11737886814532994,0.62540415039729,0.46712277750086056,0.22939532668086757
4645,0.6150005959015757,0.11408390287989072,0.580664366038056,0.433706030391973,0.23132862387172412
4646,0.6098608129186841,0.11296005158866258,0.49438536498969243,0.3692630832447423,0.22939532668086757
4647,0.5946991941506358,0.11408390287989069,0.37273932231560725,0.2784040166878455,0.22369237870219336
4648,0.5702760064718674,0.11737886814532994,0.22442847914089606,0.16762865174462324,0.2145057495607892
4649,0.5378159304949428,0.12262040094732815,0.060062606982997126,0.044861569562685416,0.2022960952018277
4650,0.4989466499708179,0.12945129948747172,0.0,0.0,0.18767565867794372
4651,0.45561723292895334,0.13740604931884337,0.0,0.0,0.1713775697260711
4652,0.4100003972677172,0.14594254738628087,0.0,0.0,0.1542190825811494
4653,0.4100003972677172,0.15447904545371832,0.0,0.0,0.1542190825811494
4654,0.4100003972677172,0.16243379528508997,0.0,0.0,0.1542190825811494
4655,0.4100003972677172,0.16926469382523354,0.0,0.0,0.1542190825811494
4656,0.4100003972677172,0.1670992260696554,0.0,0.0,0.1542190825811494
4657,0.4100003972677172,0.17039419133509465,0.0,0.0,0.1542190825811494
4658,0.4100003972677172,0.17151804262632278,0.0,0.0,0.1542190825811494
4659,0.4100003972677172,0.17039419133509465,0.0,0.0,0.1542190825811494
4660,0.4100003972677172,0.1670992260696554,0.0,0.0,0.1542190825811494
4661,0.4100003972677172,0.16185769326765717,0.0,0.0,0.1542190825811494
4662,0.4100003972677172,0.15502679472751363,0.05904865557179385,0.04410423560647276,0.1542190825811494
4663,0.45561723292895334,0.14707204489614195,0.22364944444675888,0.16704678024622702,0.1713775697260711
4664,0.4989466499708179,0.1385355468287045,0.3722161251686436,0.2780132336968549,0.18767565867794372
4665,0.5378159304949427,0.12999904876126703,0.4940975010285471,0.36904807377768456,0.20229609520182767
4666,0.5702760064718674,0.12204429892989538,0.5805555258970985,0.43362473622576797,0.2145057495607892
4667,0.5946991941506358,0.11521340038975182,0.625391761298972,0.46711352391657684,0.22369237870219336
4668,0.6098608129186841,0.10997186758775358,0.625391761298972,0.46711352391657684,0.22939532668086757
4669,0.6150005959015757,0.10667690232231435,0.5805555258970986,0.433624736225768,0.23132862387172412
4670,0.6098608129186841,0.10555305103108623,0.4940975010285471,0.36904807377768456,0.22939532668086757
4671,0.5946991941506358,0.10667690232231433,0.37221612516864366,0.27801323369685493,0.22369237870219336
4672,0.5702760064718674,0.10997186758775358,0.2236494444467587,0.16704678024622688,0.2145057495607892
4673,0.5378159304949428,0.1152134003897518,0.05904865557179399,0.04410423560647287,0.2022960952018277
4674,0.4989466499708179,0.12204429892989535,0.0,0.0,0.18767565867794372
4675,0.45561723292895334,0.129999048761267,0.0,0.0,0.1713775697260711
4676,0.4100003972677172,0.1385355468287045,0.0,0.0,0.1542190825811494
4677,0.4100003972677172,0.14707204489614195,0.0,0.0,0.1542190825811494
4678,0.4100003972677172,0.15502679472751363,0.0,0.0,0.1542190825811494
4679,0.4100003972677172,0.16185769326765717,0.0,0.0,0.1542190825811494
4680,0.4100003972677172,0.16542019535498284,0.0,0.0,0.1542190825811494
4681,0.4100003972677172,0.16871516062042205,0.0,0.0,0.1542190825811494
4682,0.4100003972677172,0.16983901191165018,0.0,0.0,0.1542190825811494
4683,0.4100003972677172,0.16871516062042205,0.0,0.0,0.1542190825811494
4684,0.4100003972677172,0.16542019535498284,0.0,0.0,0.1542190825811494
4685,0.4100003972677172,0.1601786625529846,0.0,0.0,0.1542190825811494
4686,0.4100003972677172,0.15334776401284103,0.05803944947294028,0.0433504459879232,0.1542190825811494
4687,0.45561723292895334,0.14539301418146938,0.22287378582108516,0.16646743037880601,0.1713775697260711
4688,0.4989466499708179,0.1368565161140319,0.37169506561040294,0.2776240472996521,0.18767565867794372
4689,0.5378159304949427,0.12832001804659446,0.4938107636448775,0.36883390576650654,0.20229609520182767
4690,0.5702760064718674,0.1203652682152228,0.5804470998581694,0.43354375135794165,0.2145057495607892
4691,0.5946991941506358,0.11353436967507924,0.6253794186824554,0.46710430505017636,0.22369237870219336
4692,0.6098608129186841,0.108292836873081,0.6253794186824554,0.46710430505017636,0.22939532668086757
4693,0.6150005959015757,0.10499787160764178,0.5804470998581694,0.4335437513579417,0.23132862387172412
4694,0.6098608129186841,0.10387402031641364,0.4938107636448777,0.36883390576650665,0.22939532668086757
4695,0.5946991941506358,0.10499787160764175,0.3716950656104031,0.27762404729965223,0.22369237870219336
4696,0.5702760064718674,0.108292836873081,0.22287378582108533,0.16646743037880615,0.2145057495607892
4697,0.5378159304949428,0.11353436967507921,0.058039449472940374,0.04335044598792327,0.2022960952018277
4698,0.4989466499708179,0.12036526821522277,0.0,0.0,0.18767565867794372
4699,0.45561723292895334,0.12832001804659443,0.0,0.0,0.1713775697260711
4700,0.4100003972677172,0.1368565161140319,0.0,0.0,0.1542190825811494
4701,0.4100003972677172,0.14539301418146938,0.0,0.0,0.1542190825811494
4702,0.4100003972677172,0.15334776401284103,0.0,0.0,0.1542190825811494
4703,0.4100003972677172,0.1601786625529846,0.0,0.0,0.1542190825811494
4704,0.4100003972677172,0.17025477161495708,0.0,0.0,0.1542190825811494
4705,0.4100003972677172,0.1735497368803963,0.0,0.0,0.1542190825811494
4706,0.4100003972677172,0.17467358817162443,0.0,0.0,0.1542190825811494
4707,0.4100003972677172,0.1735497368803963,0.0,0.0,0.1542190825811494
4708,0.4100003972677172,0.17025477161495708,0.0,0.0,0.1542190825811494
4709,0.4100003972677172,0.16501323881295885,0.0,0.0,0.1542190825811494
4710,0.4100003972677172,0.15818234027281527,0.05703533280793674,0.042600457736016985,0.1542190825811494
4711,0.45561723292895334,0.15022759044144363,0.2221017711480064,0.16589080222862362,0.1713775697260711
4712,0.4989466499708179,0.14169109237400615,0.3711763251923456,0.2772365930994666,0.18767565867794372
4713,0.5378159304949427,0.1331545943065687,0.493525253344063,0.36862065428002877,0.20229609520182767
4714,0.5702760064718674,0.12519984447519703,0.5803391260673396,0.43346310428030765,0.2145057495607892
4715,0.5946991941506358,0.11836894593505348,0.6253671268978184,0.4670951241507908,0.22369237870219336
4716,0.6098608129186841,0.11312741313305523,0.6253671268978184,0.46709512415079085,0.22939532668086757
4717,0.6150005959015757,0.109832447867616,0.5803391260673398,0.43346310428030776,0.23132862387172412
4718,0.6098608129186841,0.10870859657638787,0.4935252533440631,0.3686206542800288,0.22939532668086757
4719,0.5946991941506358,0.10983244786761598,0.3711763251923457,0.2772365930994667,0.22369237870219336
4720,0.5702760064718674,0.11312741313305523,0.22210177114800644,0.16589080222862368,0.2145057495607892
4721,0.5378159304949428,0.11836894593505345,0.05703533280793682,0.04260045773601705,0.2022960952018277
4722,0.4989466499708179,0.12519984447519703,0.0,0.0,0.18767565867794372
4723,0.45561723292895334,0.13315459430656867,0.0,0.0,0.1713775697260711
4724,0.4100003972677172,0.14169109237400615,0.0,0.0,0.1542190825811494
4725,0.4100003972677172,0.15022759044144363,0.0,0.0,0.1542190825811494
4726,0.4100003972677172,0.15818234027281527,0.0,0.0,0.1542190825811494
4727,0.4100003972677172,0.16501323881295885,0.0,0.0,0.1542190825811494
4728,0.4100003972677172,0.17934080288720575,0.0,0.0,0.1542190825811494
4729,0.4100003972677172,0.18263576815264498,0.0,0.0,0.1542190825811494
4730,0.4100003972677172,0.18375961944387312,0.0,0.0,0.1542190825811494
4731,0.4100003972677172,0.18263576815264498,0.0,0.0,0.1542190825811494
4732,0.4100003972677172,0.17934080288720575,0.0,0.0,0.1542190825811494
4733,0.4100003972677172,0.1740992700852075,0.0,0.0,0.1542190825811494
4734,0.4100003972677172,0.16726837154506397,0.056036650120597026,0.041854528195166,0.1542190825811494
4735,0.45561723292895334,0.15931362171369232,0.22133366899727946,0.1653170963940461,0.1713775697260711
4736,0.4989466499708179,0.15077712364625484,0.3706600861010815,0.2768510071739293,0.18767565867794372
4737,0.5378159304949427,0.14224062557881736,0.49324107104790466,0.3684083946981029,0.20229609520182767
4738,0.5702760064718674,0.13428587574744572,0.5802316428442011,0.43338282361428504,0.2145057495607892
4739,0.5946991941506358,0.12745497720730217,0.6253548903157794,0.46708598448296873,0.22369237870219336
4740,0.6098608129186841,0.12221344440530392,0.6253548903157794,0.4670859844829688,0.22939532668086757
4741,0.6150005959015757,0.1189184791398647,0.5802316428442011,0.43338282361428504,0.23132862387172412
4742,0.6098608129186841,0.11779462784863656,0.4932410710479048,0.368408394698103,0.22939532668086757
4743,0.5946991941506358,0.11891847913986467,0.37066008610108153,0.27685100717392935,0.22369237870219336
4744,0.5702760064718674,0.12221344440530392,0.22133366899727966,0.16531709639404624,0.2145057495607892
4745,0.5378159304949428,0.12745497720730214,0.05603665012059708,0.041854528195166045,0.2022960952018277
4746,0.4989466499708179,0.1342858757474457,0.0,0.0,0.18767565867794372
4747,0.45561723292895334,0.14224062557881736,0.0,0.0,0.1713775697260711
4748,0.4100003972677172,0.15077712364625484,0.0,0.0,0.1542190825811494
4749,0.4100003972677172,0.15931362171369232,0.0,0.0,0.1542190825811494
4750,0.4100003972677172,0.16726837154506397,0.0,0.0,0.1542190825811494
4751,0.4100003972677172,0.1740992700852075,0.0,0.0,0.1542190825811494
4752,0.4100003972677172,0.1884268341594545,0.0,0.0,0.1542190825811494
4753,0.4100003972677172,0.19172179942489373,0.0,0.0,0.1542190825811494
4754,0.4100003972677172,0.19284565071612184,0.0,0.0,0.1542190825811494
4755,0.4100003972677172,0.19172179942489373,0.0,0.0,0.1542190825811494
4756,0.4100003972677172,0.1884268341594545,0.0,0.0,0.1542190825811494
4757,0.4100003972677172,0.18318530135745625,0.0,0.0,0.1542190825811494
4758,0.4100003972677172,0.17635440281731268,0.05504374622301393,0.04111291491016332,0.1542190825811494
4759,0.45561723292895334,0.16839965298594103,0.2205697485032134,0.16474651389511116,0.1713775697260711
4760,0.4989466499708179,0.15986315491850359,0.370146531075864,0.27646742601344815,0.18767565867794372
4761,0.5378159304949427,0.1513266568510661,0.49295831804881207,0.36819720267739287,0.20229609520182767
4762,0.5702760064718674,0.14337190701969446,0.58012468866445,0.4333029380978891,0.2145057495607892
4763,0.5946991941506358,0.1365410084795509,0.6253427133257112,0.46707688932519176,0.22369237870219336
4764,0.6098608129186841,0.13129947567755265,0.6253427133257112,0.46707688932519176,0.22939532668086757
4765,0.6150005959015757,0.12800451041211344,0.5801246886644501,0.43330293809788917,0.23132862387172412
4766,0.6098608129186841,0.1268806591208853,0.49295831804881224,0.368197202677393,0.22939532668086757
4767,0.5946991941506358,0.12800451041211341,0.3701465310758642,0.2764674260134483,0.22369237870219336
4768,0.5702760064718674,0.13129947567755265,0.22056974850321368,0.16474651389511136,0.2145057495607892
4769,0.5378159304949428,0.13654100847955086,0.05504374622301428,0.041112914910163584,0.2022960952018277
4770,0.4989466499708179,0.14337190701969443,0.0,0.0,0.18767565867794372
4771,0.45561723292895334,0.15132665685106608,0.0,0.0,0.1713775697260711
4772,0.4100003972677172,0.15986315491850359,0.0,0.0,0.1542190825811494
4773,0.4100003972677172,0.16839965298594103,0.0,0.0,0.1542190825811494
4774,0.4100003972677172,0.17635440281731268,0.0,0.0,0.1542190825811494
4775,0.4100003972677172,0.18318530135745625,0.0,0.0,0.1542190825811494
4776,0.4100003972677172,0.19326141041942888,0.0,0.0,0.1542190825811494
4777,0.4100003972677172,0.19655637568486808,0.0,0.0,0.1542190825811494
4778,0.4100003972677172,0.19768022697609622,0.0,0.0,0.1542190825811494
4779,0.4100003972677172,0.19655637568486808,0.0,0.0,0.1542190825811494
4780,0.4100003972677172,0.19326141041942888,0.0,0.0,0.1542190825811494
4781,0.4100003972677172,0.18801987761743064,0.0,0.0,0.1542190825811494
4782,0.4100003972677172,0.18118897907728707,0.05405696603869306,0.04037587550901775,0.1542190825811494
4783,0.45561723292895334,0.17323422924591542,0.21981027924080324,0.16417925608101092,0.1713775697260711
4784,0.4989466499708179,0.16469773117847794,0.3696358433239122,0.27608598645796095,0.18767565867794372
4785,0.5378159304949427,0.1561612331110405,0.49267709596267817,0.3679871541161769,0.20229609520182767
4786,0.5702760064718674,0.14820648327966882,0.5800183021419475,0.43322347657233246,0.2145057495607892
4787,0.5946991941506358,0.14137558473952527,0.6253306003335916,0.4670678419683439,0.22369237870219336
4788,0.6098608129186841,0.13613405193752703,0.6253306003335916,0.4670678419683439,0.22939532668086757
4789,0.6150005959015757,0.1328390866720878,0.5800183021419475,0.43322347657233246,0.23132862387172412
4790,0.6098608129186841,0.13171523538085966,0.4926770959626781,0.36798715411617683,0.22939532668086757
4791,0.5946991941506358,0.13283908667208777,0.36963584332391225,0.276085986457961,0.22369237870219336
4792,0.5702760064718674,0.13613405193752703,0.21981027924080315,0.16417925608101086,0.2145057495607892
4793,0.5378159304949428,0.14137558473952525,0.05405696603869286,0.0403758755090176,0.2022960952018277
4794,0.4989466499708179,0.1482064832796688,0.0,0.0,0.18767565867794372
4795,0.45561723292895334,0.15616123311104047,0.0,0.0,0.1713775697260711
4796,0.4100003972677172,0.16469773117847794,0.0,0.0,0.1542190825811494
4797,0.4100003972677172,0.17323422924591542,0.0,0.0,0.1542190825811494
4798,0.4100003972677172,0.18118897907728707,0.0,0.0,0.1542190825811494
4799,0.4100003972677172,0.18801987761743064,0.0,0.0,0.1542190825811494
4800,0.4100003972677172,0.19158237970475642,0.0,0.0,0.1542190825811494
4801,0.4100003972677172,0.19487734497019565,0.0,0.0,0.1542190825811494
4802,0.4100003972677172,0.19600119626142376,0.0,0.0,0.1542190825811494
4803,0.4100003972677172,0.19487734497019565,0.0,0.0,0.1542190825811494
4804,0.4100003972677172,0.19158237970475642,0.0,0.0,0.1542190825811494
4805,0.4100003972677172,0.18634084690275818,0.0,0.0,0.1542190825811494
4806,0.4100003972677172,0.17950994836261464,0.053076654442960405,0.039643667583752075,0.1542190825811494
4807,0.45561723292895334,0.17155519853124296,0.21905553109914752,0.1636155245355457,0.1713775697260711
4808,0.4989466499708179,0.1630187004638055,0.36912820643360367,0.27570682563209786,0.18767565867794372
4809,0.5378159304949427,0.15448220239636803,0.4923975066804666,0.3677783251181871,0.20229609520182767
4810,0.5702760064718674,0.14652745256499639,0.5799125220102647,0.4331444679682407,0.2145057495607892
4811,0.5946991941506358,0.13969655402485281,0.6253185557598945,0.46705884571413675,0.22369237870219336
4812,0.6098608129186841,0.13445502122285458,0.6253185557598945,0.46705884571413675,0.22939532668086757
4813,0.6150005959015757,0.13116005595741537,0.5799125220102649,0.4331444679682408,0.23132862387172412
4814,0.6098608129186841,0.13003620466618723,0.49239750668046667,0.36777832511818714,0.22939532668086757
4815,0.5946991941506358,0.13116005595741534,0.3691282064336038,0.275706825632098,0.22369237870219336
4816,0.5702760064718674,0.13445502122285458,0.21905553109914766,0.16361552453554581,0.2145057495607892
4817,0.5378159304949428,0.1396965540248528,0.05307665444296041,0.03964366758375208,0.2022960952018277
4818,0.4989466499708179,0.14652745256499636,0.0,0.0,0.18767565867794372
4819,0.45561723292895334,0.154482202396368,0.0,0.0,0.1713775697260711
4820,0.4100003972677172,0.1630187004638055,0.0,0.0,0.1542190825811494
4821,0.4100003972677172,0.17155519853124296,0.0,0.0,0.1542190825811494
4822,0.4100003972677172,0.17950994836261464,0.0,0.0,0.1542190825811494
4823,0.4100003972677172,0.18634084690275818,0.0,0.0,0.1542190825811494
4824,0.4100003972677172,0.18417537914718016,0.0,0.0,0.1542190825811494
4825,0.4100003972677172,0.1874703444126194,0.0,0.0,0.1542190825811494
4826,0.4100003972677172,0.1885941957038475,0.0,0.0,0.1542190825811494
4827,0.4100003972677172,0.1874703444126194,0.0,0.0,0.1542190825811494
4828,0.4100003972677172,0.18417537914718016,0.0,0.0,0.1542190825811494
4829,0.4100003972677172,0.17893384634518192,0.0,0.0,0.1542190825811494
4830,0.4100003972677172,0.17210294780503838,0.05210315610074758,0.038916548569242725,0.1542190825811494
4831,0.45561723292895334,0.1641481979736667,0.21830577415222224,0.16305552098060316,0.1713775697260711
4832,0.4989466499708179,0.15561169990622925,0.36862380428558644,0.2753300808787899,0.18767565867794372
4833,0.5378159304949427,0.14707520183879177,0.4921196523185368,0.36757079195550674,0.20229609520182767
4834,0.5702760064718674,0.13912045200742013,0.5798073871037224,0.43306594129149073,0.2145057495607892
4835,0.5946991941506358,0.13228955346727655,0.6253065840374222,0.4670499038734899,0.22369237870219336
4836,0.6098608129186841,0.12704802066527832,0.6253065840374222,0.4670499038734899,0.22939532668086757
4837,0.6150005959015757,0.1237530553998391,0.5798073871037226,0.43306594129149084,0.23132862387172412
4838,0.6098608129186841,0.12262920410861097,0.49211965231853694,0.3675707919555068,0.22939532668086757
4839,0.5946991941506358,0.12375305539983907,0.3686238042855866,0.27533008087879,0.22369237870219336
4840,0.5702760064718674,0.12704802066527832,0.21830577415222224,0.16305552098060316,0.2145057495607892
4841,0.5378159304949428,0.13228955346727653,0.05210315610074766,0.03891654856924278,0.2022960952018277
4842,0.4989466499708179,0.1391204520074201,0.0,0.0,0.18767565867794372
4843,0.45561723292895334,0.14707520183879175,0.0,0.0,0.1713775697260711
4844,0.4100003972677172,0.15561169990622925,0.0,0.0,0.1542190825811494
4845,0.4100003972677172,0.1641481979736667,0.0,0.0,0.1542190825811494
4846,0.4100003972677172,0.17210294780503838,0.0,0.0,0.1542190825811494
4847,0.4100003972677172,0.17893384634518192,0.0,0.0,0.1542190825811494
4848,0.4100003972677172,0.17450622662723206,0.0,0.0,0.1542190825811494
4849,0.4100003972677172,0.1778011918926713,0.0,0.0,0.1542190825811494
4850,0.4100003972677172,0.17892504318389943,0.0,0.0,0.1542190825811494
4851,0.4100003972677172,0.1778011918926713,0.0,0.0,0.1542190825811494
4852,0.4100003972677172,0.17450622662723206,0.0,0.0,0.1542190825811494
4853,0.4100003972677172,0.16926469382523382,0.0,0.0,0.1542190825811494
4854,0.4100003972677172,0.16243379528509028,0.05113681530186968,0.03819477562018651,0.1542190825811494
4855,0.45561723292895334,0.1544790454537186,0.2175612785270953,0.16249944717772608,0.1713775697260711
4856,0.4989466499708179,0.14594254738628115,0.36812282096186405,0.2749558896913631,0.18767565867794372
4857,0.5378159304949427,0.13740604931884368,0.4918436351677338,0.3673646310305447,0.20229609520182767
4858,0.5702760064718674,0.12945129948747203,0.5797029363379349,0.43298792560867866,0.2145057495607892
4859,0.5946991941506358,0.12262040094732847,0.6252946896090799,0.467041019764869,0.22369237870219336
4860,0.6098608129186841,0.11737886814533023,0.6252946896090799,0.467041019764869,0.22939532668086757
4861,0.6150005959015757,0.11408390287989101,0.5797029363379349,0.43298792560867866,0.23132862387172412
4862,0.6098608129186841,0.11296005158866287,0.491843635167734,0.36736463103054484,0.22939532668086757
4863,0.5946991941506358,0.11408390287989098,0.36812282096186444,0.27495588969136336,0.22369237870219336
4864,0.5702760064718674,0.11737886814533023,0.21756127852709556,0.16249944717772627,0.2145057495607892
4865,0.5378159304949428,0.12262040094732844,0.05113681530187,0.03819477562018675,0.2022960952018277
4866,0.4989466499708179,0.129451299487472,0.0,0.0,0.18767565867794372
4867,0.45561723292895334,0.13740604931884365,0.0,0.0,0.1713775697260711
4868,0.4100003972677172,0.14594254738628115,0.0,0.0,0.1542190825811494
4869,0.4100003972677172,0.1544790454537186,0.0,0.0,0.1542190825811494
4870,0.4100003972677172,0.16243379528509028,0.0,0.0,0.1542190825811494
4871,0.4100003972677172,0.16926469382523382,0.0,0.0,0.1542190825811494
4872,0.4100003972677172,0.16709922606965535,0.0,0.0,0.1542190825811494
4873,0.4100003972677172,0.1703941913350946,0.0,0.0,0.1542190825811494
4874,0.4100003972677172,0.17151804262632273,0.0,0.0,0.1542190825811494
4875,0.4100003972677172,0.1703941913350946,0.0,0.0,0.1542190825811494
4876,0.4100003972677172,0.16709922606965535,0.0,0.0,0.1542190825811494
4877,0.4100003972677172,0.16185769326765712,0.0,0.0,0.1542190825811494
4878,0.4100003972677172,0.15502679472751357,0.05017797579391328,0.037478605486282505,0.1542190825811494
4879,0.45561723292895334,0.1470720448961419,0.2168223142696691,0.1619475048278336,0.1713775697260711
4880,0.4989466499708179,0.13853554682870445,0.36762544065290853,0.27458438964416015,0.18767565867794372
4881,0.5378159304949427,0.12999904876126697,0.4915695576412733,0.36715991883711036,0.20229609520182767
4882,0.5702760064718674,0.12204429892989532,0.5795992086898694,0.4329104500322259,0.2145057495607892
4883,0.5946991941506358,0.11521340038975177,0.6252828769255918,0.4670321967125801,0.22369237870219336
4884,0.6098608129186841,0.10997186758775353,0.6252828769255919,0.46703219671258017,0.22939532668086757
4885,0.6150005959015757,0.1066769023223143,0.5795992086898695,0.43291045003222595,0.23132862387172412
4886,0.6098608129186841,0.10555305103108617,0.49156955764127347,0.36715991883711047,0.22939532668086757
4887,0.5946991941506358,0.10667690232231428,0.36762544065290886,0.2745843896441604,0.22369237870219336
4888,0.5702760064718674,0.10997186758775353,0.21682231426966914,0.16194750482783363,0.2145057495607892
4889,0.5378159304949428,0.11521340038975174,0.050177975793913365,0.03747860548628257,0.2022960952018277
4890,0.4989466499708179,0.1220442989298953,0.0,0.0,0.18767565867794372
4891,0.45561723292895334,0.12999904876126694,0.0,0.0,0.1713775697260711
4892,0.4100003972677172,0.13853554682870445,0.0,0.0,0.1542190825811494
4893,0.4100003972677172,0.1470720448961419,0.0,0.0,0.1542190825811494
4894,0.4100003972677172,0.15502679472751357,0.0,0.0,0.1542190825811494
4895,0.4100003972677172,0.16185769326765712,0.0,0.0,0.1542190825811494
4896,0.4100003972677172,0.16542019535498284,0.0,0.0,0.1542190825811494
4897,0.4100003972677172,0.16871516062042205,0.0,0.0,0.1542190825811494
4898,0.4100003972677172,0.16983901191165018,0.0,0.0,0.1542190825811494
4899,0.4100003972677172,0.16871516062042205,0.0,0.0,0.1542190825811494
4900,0.4100003972677172,0.16542019535498284,0.0,0.0,0.1542190825811494
4901,0.4100003972677172,0.1601786625529846,0.0,0.0,0.1542190825811494
4902,0.4100003972677172,0.15334776401284103,0.049226980612857595,0.03676829438572062,0.1542190825811494
4903,0.45561723292895334,0.14539301418146938,0.21608915120804315,0.16139989546916497,0.1713775697260711
4904,0.4989466499708179,0.1368565161140319,0.3671318475628642,0.27421571832173564,0.18767565867794372
4905,0.5378159304949427,0.12832001804659446,0.491297522221457,0.36695673192061407,0.20229609520182767
4906,0.5702760064718674,0.1203652682152228,0.579496243177434,0.4328335437051331,0.2145057495607892
4907,0.5946991941506358,0.11353436967507925,0.625271150443165,0.467023438045024,0.22369237870219336
4908,0.6098608129186841,0.10829283687308101,0.625271150443165,0.467023438045024,0.22939532668086757
4909,0.6150005959015757,0.10499787160764179,0.579496243177434,0.4328335437051331,0.23132862387172412
4910,0.6098608129186841,0.10387402031641366,0.49129752222145684,0.36695673192061395,0.22939532668086757
4911,0.5946991941506358,0.10499787160764176,0.3671318475628642,0.27421571832173564,0.22369237870219336
4912,0.5702760064718674,0.10829283687308101,0.21608915120804295,0.16139989546916483,0.2145057495607892
4913,0.5378159304949428,0.11353436967507922,0.04922698061285748,0.03676829438572053,0.2022960952018277
4914,0.4989466499708179,0.12036526821522277,0.0,0.0,0.18767565867794372
4915,0.45561723292895334,0.12832001804659443,0.0,0.0,0.1713775697260711
4916,0.4100003972677172,0.1368565161140319,0.0,0.0,0.1542190825811494
4917,0.4100003972677172,0.14539301418146938,0.0,0.0,0.1542190825811494
4918,0.4100003972677172,0.15334776401284103,0.0,0.0,0.1542190825811494
4919,0.4100003972677172,0.1601786625529846,0.0,0.0,0.1542190825811494
4920,0.4100003972677172,0.17025477161495683,0.0,0.0,0.1542190825811494
4921,0.4100003972677172,0.17354973688039607,0.0,0.0,0.1542190825811494
4922,0.4100003972677172,0.1746735881716242,0.0,0.0,0.1542190825811494
4923,0.4100003972677172,0.17354973688039607,0.0,0.0,0.1542190825811494
4924,0.4100003972677172,0.17025477161495683,0.0,0.0,0.1542190825811494
4925,0.4100003972677172,0.1650132388129586,0.0,0.0,0.1542190825811494
4926,0.4100003972677172,0.15818234027281505,0.04828417191155902,0.03606409787707449,0.1542190825811494
4927,0.45561723292895334,0.15022759044144338,0.2153620588135973,0.16085682037352078,0.1713775697260711
4928,0.4989466499708179,0.14169109237400593,0.3666422258129076,0.2738500132466745,0.18767565867794372
4929,0.5378159304949427,0.13315459430656845,0.4910276314052502,0.3667551468374188,0.20229609520182767
4930,0.5702760064718674,0.1251998444751968,0.5793940788386065,0.4327572357853914,0.2145057495607892
4931,0.5946991941506358,0.11836894593505325,0.6252595146210957,0.46701474709290924,0.22369237870219336
4932,0.6098608129186841,0.113127413133055,0.6252595146210957,0.46701474709290924,0.22939532668086757
4933,0.6150005959015757,0.10983244786761577,0.5793940788386065,0.4327572357853914,0.23132862387172412
4934,0.6098608129186841,0.10870859657638764,0.4910276314052501,0.3667551468374187,0.22939532668086757
4935,0.5946991941506358,0.10983244786761574,0.3666422258129077,0.2738500132466746,0.22369237870219336
4936,0.5702760064718674,0.113127413133055,0.21536205881359757,0.16085682037352098,0.2145057495607892
4937,0.5378159304949428,0.11836894593505322,0.04828417191155917,0.03606409787707461,0.2022960952018277
4938,0.4989466499708179,0.12519984447519678,0.0,0.0,0.18767565867794372
4939,0.45561723292895334,0.13315459430656842,0.0,0.0,0.1713775697260711
4940,0.4100003972677172,0.14169109237400593,0.0,0.0,0.1542190825811494
4941,0.4100003972677172,0.15022759044144338,0.0,0.0,0.1542190825811494
4942,0.4100003972677172,0.15818234027281505,0.0,0.0,0.1542190825811494
4943,0.4100003972677172,0.1650132388129586,0.0,0.0,0.1542190825811494
4944,0.4100003972677172,0.17934080288720583,0.0,0.0,0.1542190825811494
4945,0.4100003972677172,0.18263576815264507,0.0,0.0,0.1542190825811494
4946,0.4100003972677172,0.1837596194438732,0.0,0.0,0.1542190825811494
4947,0.4100003972677172,0.18263576815264507,0.0,0.0,0.1542190825811494
4948,0.4100003972677172,0.17934080288720583,0.0,0.0,0.1542190825811494
4949,0.4100003972677172,0.1740992700852076,0.0,0.0,0.1542190825811494
4950,0.4100003972677172,0.16726837154506405,0.04734989078623026,0.035366270729696336,0.1542190825811494
4951,0.45561723292895334,0.15931362171369237,0.21464130605989704,0.16031848044087724,0.1713775697260711
4952,0.4989466499708179,0.15077712364625492,0.3661567593428324,0.2734874118060845,0.18767565867794372
4953,0.5378159304949427,0.14224062557881745,0.4907599876487639,0.36655524011337287,0.20229609520182767
4954,0.5702760064718674,0.1342858757474458,0.5792927547101194,0.4326815554300617,0.2145057495607892
4955,0.5946991941506358,0.12745497720730223,0.6252479739193266,0.46700612718742684,0.22369237870219336
4956,0.6098608129186841,0.122213444405304,0.6252479739193265,0.4670061271874268,0.22939532668086757
4957,0.6150005959015757,0.11891847913986478,0.5792927547101194,0.4326815554300617,0.23132862387172412
4958,0.6098608129186841,0.11779462784863666,0.490759987648764,0.3665552401133729,0.22939532668086757
4959,0.5946991941506358,0.11891847913986475,0.3661567593428325,0.27348741180608455,0.22369237870219336
4960,0.5702760064718674,0.122213444405304,0.21464130605989706,0.16031848044087726,0.2145057495607892
4961,0.5378159304949428,0.1274549772073022,0.04734989078623035,0.035366270729696406,0.2022960952018277
4962,0.4989466499708179,0.13428587574744577,0.0,0.0,0.18767565867794372
4963,0.45561723292895334,0.14224062557881742,0.0,0.0,0.1713775697260711
4964,0.4100003972677172,0.15077712364625492,0.0,0.0,0.1542190825811494
4965,0.4100003972677172,0.15931362171369237,0.0,0.0,0.1542190825811494
4966,0.4100003972677172,0.16726837154506405,0.0,0.0,0.1542190825811494
4967,0.4100003972677172,0.1740992700852076,0.0,0.0,0.1542190825811494
4968,0.4100003972677172,0.18842683415945458,0.0,0.0,0.1542190825811494
4969,0.4100003972677172,0.19172179942489379,0.0,0.0,0.1542190825811494
4970,0.4100003972677172,0.19284565071612192,0.0,0.0,0.1542190825811494
4971,0.4100003972677172,0.19172179942489379,0.0,0.0,0.1542190825811494
4972,0.4100003972677172,0.18842683415945458,0.0,0.0,0.1542190825811494
4973,0.4100003972677172,0.18318530135745634,0.0,0.0,0.1542190825811494
4974,0.4100003972677172,0.17635440281731277,0.04642447710105531,0.03467506679271955,0.1542190825811494
4975,0.45561723292895334,0.16839965298594112,0.21392716127953168,0.15978507609245696,0.1713775697260711
4976,0.4989466499708179,0.15986315491850364,0.3656756318109349,0.2731280511768188,0.18767565867794372
4977,0.5378159304949427,0.1513266568510662,0.4904946933106803,0.3663570882015537,0.20229609520182767
4978,0.5702760064718674,0.14337190701969452,0.5791923098057169,0.4326065317790346,0.2145057495607892
4979,0.5946991941506358,0.13654100847955097,0.6252365327959517,0.4669975816583874,0.22369237870219336
4980,0.6098608129186841,0.13129947567755273,0.6252365327959517,0.4669975816583874,0.22939532668086757
4981,0.6150005959015757,0.1280045104121135,0.5791923098057169,0.4326065317790346,0.23132862387172412
4982,0.6098608129186841,0.1268806591208854,0.4904946933106803,0.3663570882015537,0.22939532668086757
4983,0.5946991941506358,0.12800451041211347,0.36567563181093493,0.2731280511768189,0.22369237870219336
4984,0.5702760064718674,0.13129947567755273,0.21392716127953174,0.159785076092457,0.2145057495607892
4985,0.5378159304949428,0.13654100847955095,0.046424477101055114,0.0346750667927194,0.2022960952018277
4986,0.4989466499708179,0.14337190701969452,0.0,0.0,0.18767565867794372
4987,0.45561723292895334,0.15132665685106617,0.0,0.0,0.1713775697260711
4988,0.4100003972677172,0.15986315491850364,0.0,0.0,0.1542190825811494
4989,0.4100003972677172,0.16839965298594112,0.0,0.0,0.1542190825811494
4990,0.4100003972677172,0.17635440281731277,0.0,0.0,0.1542190825811494
4991,0.4100003972677172,0.18318530135745634,0.0,0.0,0.1542190825811494
4992,0.4100003972677172,0.19326141041942888,0.0,0.0,0.1542190825811494
4993,0.4100003972677172,0.19655637568486808,0.0,0.0,0.1542190825811494
4994,0.4100003972677172,0.19768022697609622,0.0,0.0,0.1542190825811494
4995,0.4100003972677172,0.19655637568486808,0.0,0.0,0.1542190825811494
4996,0.4100003972677172,0.19326141041942888,0.0,0.0,0.1542190825811494
4997,0.4100003972677172,0.18801987761743064,0.0,0.0,0.1542190825811494
4998,0.4100003972677172,0.18118897907728707,0.04550826931108133,0.03399073886277426,0.1542190825811494
4999,0.45561723292895334,0.17323422924591542,0.21321989201899932,0.1592568071623404,0.1713775697260711
5000,0.4989466499708179,0.16469773117847794,0.36519902649227753,0.2727720682494886,0.18767565867794372
5001,0.5378159304949427,0.1561612331110405,0.49023185059466534,0.36616076743925496,0.20229609520182767
5002,0.5702760064718674,0.14820648327966882,0.5790927830939983,0.4325321939384814,0.2145057495607892
5003,0.5946991941506358,0.14137558473952527,0.6252251957046738,0.46698911383232145,0.22369237870219336
5004,0.6098608129186841,0.13613405193752703,0.6252251957046738,0.46698911383232145,0.22939532668086757
5005,0.6150005959015757,0.1328390866720878,0.5790927830939983,0.4325321939384814,0.23132862387172412
5006,0.6098608129186841,0.13171523538085966,0.49023185059466534,0.36616076743925496,0.22939532668086757
5007,0.5946991941506358,0.13283908667208777,0.3651990264922776,0.27277206824948863,0.22369237870219336
5008,0.5702760064718674,0.13613405193752703,0.21321989201899952,0.15925680716234053,0.2145057495607892
5009,0.5378159304949428,0.14137558473952525,0.04550826931108128,0.03399073886277423,0.2022960952018277
5010,0.4989466499708179,0.1482064832796688,0.0,0.0,0.18767565867794372
5011,0.45561723292895334,0.15616123311104047,0.0,0.0,0.1713775697260711
5012,0.4100003972677172,0.16469773117847794,0.0,0.0,0.1542190825811494
5013,0.4100003972677172,0.17323422924591542,0.0,0.0,0.1542190825811494
5014,0.4100003972677172,0.18118897907728707,0.0,0.0,0.1542190825811494
5015,0.4100003972677172,0.18801987761743064,0.0,0.0,0.1542190825811494
5016,0.4100003972677172,0.19158237970475636,0.0,0.0,0.1542190825811494
5017,0.4100003972677172,0.19487734497019563,0.0,0.0,0.1542190825811494
5018,0.4100003972677172,0.19600119626142373,0.0,0.0,0.1542190825811494
5019,0.4100003972677172,0.19487734497019563,0.0,0.0,0.1542190825811494
5020,0.4100003972677172,0.19158237970475636,0.0,0.0,0.1542190825811494
5021,0.4100003972677172,0.18634084690275815,0.0,0.0,0.1542190825811494
5022,0.4100003972677172,0.17950994836261458,0.044601604283537016,0.03331353855052761,0.1542190825811494
5023,0.45561723292895334,0.17155519853124293,0.21251976489175753,0.15873387278770737,0.1713775697260711
5024,0.4989466499708179,0.16301870046380548,0.3647271261754133,0.2724195995513242,0.18767565867794372
5025,0.5378159304949427,0.154482202396368,0.48997156149081555,0.36596635400425254,0.20229609520182767
5026,0.5702760064718674,0.14652745256499633,0.5789942134758693,0.43245857096401225,0.2145057495607892
5027,0.5946991941506358,0.1396965540248528,0.6252139670922152,0.46698072703054566,0.22369237870219336
5028,0.6098608129186841,0.13445502122285452,0.6252139670922153,0.4669807270305457,0.22939532668086757
5029,0.6150005959015757,0.13116005595741534,0.5789942134758694,0.43245857096401236,0.23132862387172412
5030,0.6098608129186841,0.13003620466618718,0.48997156149081555,0.36596635400425254,0.22939532668086757
5031,0.5946991941506358,0.13116005595741528,0.36472712617541325,0.27241959955132417,0.22369237870219336
5032,0.5702760064718674,0.13445502122285452,0.21251976489175745,0.15873387278770731,0.2145057495607892
5033,0.5378159304949428,0.13969655402485273,0.044601604283536884,0.033313538550527516,0.2022960952018277
5034,0.4989466499708179,0.14652745256499633,0.0,0.0,0.18767565867794372
5035,0.45561723292895334,0.15448220239636795,0.0,0.0,0.1713775697260711
5036,0.4100003972677172,0.16301870046380548,0.0,0.0,0.1542190825811494
5037,0.4100003972677172,0.17155519853124293,0.0,0.0,0.1542190825811494
5038,0.4100003972677172,0.17950994836261458,0.0,0.0,0.1542190825811494
5039,0.4100003972677172,0.18634084690275815,0.0,0.0,0.1542190825811494
5040,0.4100003972677172,0.18417537914718005,0.0,0.0,0.1542190825811494
5041,0.4100003972677172,0.18747034441261928,0.0,0.0,0.1542190825811494
5042,0.4100003972677172,0.18859419570384742,0.0,0.0,0.1542190825811494
5043,0.4100003972677172,0.18747034441261928,0.0,0.0,0.1542190825811494
5044,0.4100003972677172,0.18417537914718005,0.0,0.0,0.1542190825811494
5045,0.4100003972677172,0.1789338463451818,0.0,0.0,0.1542190825811494
5046,0.4100003972677172,0.17210294780503826,0.04370481711772809,0.03264371614616129,0.1542190825811494
5047,0.45561723292895334,0.1641481979736666,0.21182704542956404,0.15821647129780175,0.1713775697260711
5048,0.4989466499708179,0.15561169990622914,0.36426011305765804,0.2720707811679531,0.18767565867794372
5049,0.5378159304949427,0.14707520183879166,0.4897139277161877,0.36577392387038515,0.20229609520182767
5050,0.5702760064718674,0.13912045200742001,0.5788966397616166,0.43238569184355263,0.2145057495607892
5051,0.5946991941506358,0.13228955346727644,0.6252028513956837,0.4669724245671955,0.22369237870219336
5052,0.6098608129186841,0.1270480206652782,0.6252028513956837,0.4669724245671955,0.22939532668086757
5053,0.6150005959015757,0.123753055399839,0.5788966397616166,0.43238569184355263,0.23132862387172412
5054,0.6098608129186841,0.12262920410861086,0.4897139277161876,0.36577392387038504,0.22939532668086757
5055,0.5946991941506358,0.12375305539983897,0.36426011305765804,0.2720707811679531,0.22369237870219336
5056,0.5702760064718674,0.1270480206652782,0.21182704542956388,0.15821647129780164,0.2145057495607892
5057,0.5378159304949428,0.13228955346727642,0.04370481711772804,0.03264371614616125,0.2022960952018277
5058,0.4989466499708179,0.13912045200742,0.0,0.0,0.18767565867794372
5059,0.45561723292895334,0.14707520183879164,0.0,0.0,0.1713775697260711
5060,0.4100003972677172,0.15561169990622914,0.0,0.0,0.1542190825811494
5061,0.4100003972677172,0.1641481979736666,0.0,0.0,0.1542190825811494
5062,0.4100003972677172,0.17210294780503826,0.0,0.0,0.1542190825811494
5063,0.4100003972677172,0.1789338463451818,0.0,0.0,0.1542190825811494
5064,0.4100003972677172,0.174506226627232,0.0,0.0,0.1542190825811494
5065,0.4100003972677172,0.1778011918926712,0.0,0.0,0.1542190825811494
5066,0.4100003972677172,0.17892504318389935,0.0,0.0,0.1542190825811494
5067,0.4100003972677172,0.1778011918926712,0.0,0.0,0.1542190825811494
5068,0.4100003972677172,0.174506226627232,0.0,0.0,0.1542190825811494
5069,0.4100003972677172,0.16926469382523376,0.0,0.0,0.1542190825811494
5070,0.4100003972677172,0.1624337952850902,0.04281824096366817,0.031981520483904465,0.1542190825811494
5071,0.45561723292895334,0.15447904545371854,0.21114199793223784,0.1577048001017156,0.1713775697260711
5072,0.4989466499708179,0.14594254738628107,0.3637981686390005,0.2717257486641597,0.18767565867794372
5073,0.5378159304949427,0.13740604931884362,0.48945905065446177,0.3655835527624879,0.20229609520182767
5074,0.5702760064718674,0.12945129948747194,0.5788001006476267,0.43231358547995424,0.2145057495607892
5075,0.5946991941506358,0.12262040094732839,0.6251918530398963,0.46696420974722663,0.22369237870219336
5076,0.6098608129186841,0.11737886814533013,0.6251918530398964,0.4669642097472267,0.22939532668086757
5077,0.6150005959015757,0.11408390287989091,0.5788001006476268,0.4323135854799543,0.23132862387172412
5078,0.6098608129186841,0.11296005158866279,0.48945905065446177,0.3655835527624879,0.22939532668086757
5079,0.5946991941506358,0.11408390287989088,0.3637981686390007,0.2717257486641599,0.22369237870219336
5080,0.5702760064718674,0.11737886814533013,0.2111419979322379,0.15770480010171564,0.2145057495607892
5081,0.5378159304949428,0.12262040094732836,0.042818240963668146,0.03198152048390445,0.2022960952018277
5082,0.4989466499708179,0.12945129948747192,0.0,0.0,0.18767565867794372
5083,0.45561723292895334,0.1374060493188436,0.0,0.0,0.1713775697260711
5084,0.4100003972677172,0.14594254738628107,0.0,0.0,0.1542190825811494
5085,0.4100003972677172,0.15447904545371854,0.0,0.0,0.1542190825811494
5086,0.4100003972677172,0.1624337952850902,0.0,0.0,0.1542190825811494
5087,0.4100003972677172,0.16926469382523376,0.0,0.0,0.1542190825811494
5088,0.4100003972677172,0.16709922606965552,0.0,0.0,0.1542190825811494
5089,0.4100003972677172,0.17039419133509476,0.0,0.0,0.1542190825811494
5090,0.4100003972677172,0.17151804262632286,0.0,0.0,0.1542190825811494
5091,0.4100003972677172,0.17039419133509476,0.0,0.0,0.1542190825811494
5092,0.4100003972677172,0.16709922606965552,0.0,0.0,0.1542190825811494
5093,0.4100003972677172,0.16185769326765728,0.0,0.0,0.1542190825811494
5094,0.4100003972677172,0.1550267947275137,0.041942206839603695,0.03132719880574071,0.1542190825811494
5095,0.45561723292895334,0.14707204489614206,0.21046488531597307,0.157199055575093,0.1713775697260711
5096,0.4989466499708179,0.13853554682870461,0.3633414736147468,0.2713846370037003,0.18767565867794372
5097,0.5378159304949427,0.12999904876126714,0.48920703129479265,0.3653953161107198,0.20229609520182767
5098,0.5702760064718674,0.12204429892989548,0.5787046346927696,0.4322422806733563,0.2145057495607892
5099,0.5946991941506358,0.11521340038975192,0.6251809764346653,0.4669560858643869,0.22369237870219336
5100,0.6098608129186841,0.10997186758775368,0.6251809764346653,0.4669560858643869,0.22939532668086757
5101,0.6150005959015757,0.10667690232231446,0.5787046346927697,0.43224228067335635,0.23132862387172412
5102,0.6098608129186841,0.10555305103108632,0.4892070312947927,0.36539531611071985,0.22939532668086757
5103,0.5946991941506358,0.10667690232231443,0.3633414736147468,0.2713846370037003,0.22369237870219336
5104,0.5702760064718674,0.10997186758775368,0.21046488531597324,0.15719905557509312,0.2145057495607892
5105,0.5378159304949428,0.11521340038975189,0.04194220683960378,0.03132719880574077,0.2022960952018277
5106,0.4989466499708179,0.12204429892989545,0.0,0.0,0.18767565867794372
5107,0.45561723292895334,0.1299990487612671,0.0,0.0,0.1713775697260711
5108,0.4100003972677172,0.13853554682870461,0.0,0.0,0.1542190825811494
5109,0.4100003972677172,0.14707204489614206,0.0,0.0,0.1542190825811494
5110,0.4100003972677172,0.1550267947275137,0.0,0.0,0.1542190825811494
5111,0.4100003972677172,0.16185769326765728,0.0,0.0,0.1542190825811494
5112,0.4100003972677172,0.16542019535498279,0.0,0.0,0.1542190825811494
5113,0.4100003972677172,0.16871516062042202,0.0,0.0,0.1542190825811494
5114,0.4100003972677172,0.16983901191165013,0.0,0.0,0.1542190825811494
5115,0.4100003972677172,0.16871516062042202,0.0,0.0,0.1542190825811494
5116,0.4100003972677172,0.16542019535498279,0.0,0.0,0.1542190825811494
5117,0.4100003972677172,0.16017866255298455,0.0,0.0,0.1542190825811494
5118,0.4100003972677172,0.153347764012841,0.04107704344859986,0.03068099662441357,0.1542190825811494
5119,0.45561723292895334,0.14539301418146933,0.20979596896034627,0.15669943294585775,0.1713775697260711
5120,0.4989466499708179,0.13685651611403188,0.36289020776699643,0.2710475804682448,0.18767565867794372
5121,0.5378159304949427,0.1283200180465944,0.4889579701699063,0.3652092890043271,0.20229609520182767
5122,0.5702760064718674,0.12036526821522274,0.5786102802944711,0.4321718061033129,0.2145057495607892
5123,0.5946991941506358,0.1135343696750792,0.6251702259720439,0.4669480561991601,0.22369237870219336
5124,0.6098608129186841,0.10829283687308096,0.6251702259720439,0.4669480561991601,0.22939532668086757
5125,0.6150005959015757,0.10499787160764174,0.5786102802944711,0.43217180610331296,0.23132862387172412
5126,0.6098608129186841,0.10387402031641361,0.4889579701699061,0.365209289004327,0.22939532668086757
5127,0.5946991941506358,0.10499787160764171,0.3628902077669963,0.27104758046824473,0.22369237870219336
5128,0.5702760064718674,0.10829283687308096,0.2097959689603459,0.15669943294585748,0.2145057495607892
5129,0.5378159304949428,0.11353436967507917,0.04107704344859974,0.03068099662441348,0.2022960952018277
5130,0.4989466499708179,0.12036526821522271,0.0,0.0,0.18767565867794372
5131,0.45561723292895334,0.12832001804659438,0.0,0.0,0.1713775697260711
5132,0.4100003972677172,0.13685651611403188,0.0,0.0,0.1542190825811494
5133,0.4100003972677172,0.14539301418146933,0.0,0.0,0.1542190825811494
5134,0.4100003972677172,0.153347764012841,0.0,0.0,0.1542190825811494
5135,0.4100003972677172,0.16017866255298455,0.0,0.0,0.1542190825811494
5136,0.3514289119437576,0.15322929445346123,0.0,0.0,0.13218778506955664
5137,0.3514289119437576,0.15619476319235653,0.0,0.0,0.13218778506955664
5138,0.3514289119437576,0.15720622935446182,0.0,0.0,0.13218778506955664
5139,0.3514289119437576,0.15619476319235653,0.0,0.0,0.13218778506955664
5140,0.3514289119437576,0.15322929445346123,0.0,0.0,0.13218778506955664
5141,0.3514289119437576,0.14851191493166283,0.0,0.0,0.13218778506955664
5142,0.3514289119437576,0.14236410624553358,0.0410788871431677,0.03068237370470133,0.13218778506955664
5143,0.3905290567962457,0.1352048313972991,0.2135852002255226,0.15952966077862452,0.14689505976520378
5144,0.4276685571178439,0.1275219831366054,0.3701561360221814,0.2764746000771295,0.16086485029538033
5145,0.46098508328137944,0.11983913487591169,0.4991100942571899,0.37279204712669123,0.17339665303013801
5146,0.4888080055473149,0.11267986002767717,0.5908259496148004,0.44129585393433446,0.18386207105210503
5147,0.5097421664148307,0.10653205134154799,0.6384608742368065,0.4768750202723583,0.19173632460188003
5148,0.5227378396445863,0.10181467181974957,0.6384608742368065,0.4768750202723583,0.1966245657264579
5149,0.5271433679156363,0.09884920308085426,0.5908259496148005,0.4412958539343345,0.19828167760433496
5150,0.5227378396445863,0.09783773691874895,0.49911009425719,0.37279204712669134,0.1966245657264579
5151,0.5097421664148307,0.09884920308085424,0.37015613602218156,0.2764746000771296,0.19173632460188003
5152,0.4888080055473149,0.10181467181974957,0.2135852002255227,0.15952966077862457,0.18386207105210503
5153,0.46098508328137955,0.10653205134154795,0.04107888714316777,0.03068237370470138,0.17339665303013804
5154,0.4276685571178439,0.11267986002767717,0.0,0.0,0.16086485029538033
5155,0.3905290567962457,0.11983913487591165,0.0,0.0,0.14689505976520378
5156,0.3514289119437576,0.1275219831366054,0.0,0.0,0.13218778506955664
5157,0.3514289119437576,0.1352048313972991,0.0,0.0,0.13218778506955664
5158,0.3514289119437576,0.14236410624553358,0.0,0.0,0.13218778506955664
5159,0.3514289119437576,0.14851191493166283,0.0,0.0,0.13218778506955664
5160,0.3514289119437576,0.16140672259848535,0.0,0.0,0.13218778506955664
5161,0.3514289119437576,0.16437219133738065,0.0,0.0,0.13218778506955664
5162,0.3514289119437576,0.16538365749948597,0.0,0.0,0.13218778506955664
5163,0.3514289119437576,0.16437219133738065,0.0,0.0,0.13218778506955664
5164,0.3514289119437576,0.16140672259848535,0.0,0.0,0.13218778506955664
5165,0.3514289119437576,0.15668934307668694,0.0,0.0,0.13218778506955664
5166,0.3514289119437576,0.15054153439055773,0.040218516762275856,0.03003975148713791,0.13218778506955664
5167,0.3905290567962457,0.14338225954232325,0.2129195866623878,0.15903250504955513,0.14689505976520378
5168,0.4276685571178439,0.13569941128162952,0.36970690468582945,0.27613906314562076,0.16086485029538033
5169,0.46098508328137944,0.1280165630209358,0.4988620821416163,0.3726068035394733,0.17339665303013801
5170,0.4888080055473149,0.1208572881727013,0.5907319749492191,0.4412256629917685,0.18386207105210503
5171,0.5097421664148307,0.1147094794865721,0.6384501660636217,0.4768670221936809,0.19173632460188003
5172,0.5227378396445863,0.1099920999647737,0.6384501660636217,0.4768670221936809,0.1966245657264579
5173,0.5271433679156363,0.1070266312258784,0.5907319749492193,0.4412256629917686,0.19828167760433496
5174,0.5227378396445863,0.10601516506377308,0.49886208214161637,0.37260680353947334,0.1966245657264579
5175,0.5097421664148307,0.10702663122587837,0.3697069046858296,0.27613906314562087,0.19173632460188003
5176,0.4888080055473149,0.1099920999647737,0.21291958666238803,0.1590325050495553,0.18386207105210503
5177,0.46098508328137955,0.11470947948657208,0.04021851676227612,0.03003975148713811,0.17339665303013804
5178,0.4276685571178439,0.12085728817270128,0.0,0.0,0.16086485029538033
5179,0.3905290567962457,0.12801656302093578,0.0,0.0,0.14689505976520378
5180,0.3514289119437576,0.13569941128162952,0.0,0.0,0.13218778506955664
5181,0.3514289119437576,0.14338225954232325,0.0,0.0,0.13218778506955664
5182,0.3514289119437576,0.15054153439055773,0.0,0.0,0.13218778506955664
5183,0.3514289119437576,0.15668934307668694,0.0,0.0,0.13218778506955664
5184,0.3514289119437576,0.1695841507435092,0.0,0.0,0.13218778506955664
5185,0.3514289119437576,0.1725496194824045,0.0,0.0,0.13218778506955664
5186,0.3514289119437576,0.1735610856445098,0.0,0.0,0.13218778506955664
5187,0.3514289119437576,0.1725496194824045,0.0,0.0,0.13218778506955664
5188,0.3514289119437576,0.1695841507435092,0.0,0.0,0.13218778506955664
5189,0.3514289119437576,0.16486677122171076,0.0,0.0,0.13218778506955664
5190,0.3514289119437576,0.15871896253558157,0.0393702394262715,0.02940616172756617,0.13218778506955664
5191,0.3905290567962457,0.15155968768734707,0.2122631335756514,0.15854219140360232,0.14689505976520378
5192,0.4276685571178439,0.14387683942665336,0.3692637621423111,0.27580807401543095,0.16086485029538033
5193,0.46098508328137944,0.13619399116595965,0.49861739577780195,0.3724240440010069,0.17339665303013801
5194,0.4888080055473149,0.12903471631772515,0.5906392518955501,0.4411564068949858,0.18386207105210503
5195,0.5097421664148307,0.12288690763159596,0.638439600035994,0.47685913028543325,0.19173632460188003
5196,0.5227378396445863,0.11816952810979753,0.6384396000359941,0.4768591302854333,0.1966245657264579
5197,0.5271433679156363,0.11520405937090224,0.5906392518955501,0.44115640689498586,0.19828167760433496
5198,0.5227378396445863,0.11419259320879692,0.4986173957778022,0.3724240440010071,0.1966245657264579
5199,0.5097421664148307,0.11520405937090221,0.36926376214231144,0.27580807401543117,0.19173632460188003
5200,0.4888080055473149,0.11816952810979753,0.21226313357565163,0.15854219140360248,0.18386207105210503
5201,0.46098508328137955,0.12288690763159593,0.03937023942627158,0.029406161727566233,0.17339665303013804
5202,0.4276685571178439,0.12903471631772512,0.0,0.0,0.16086485029538033
5203,0.3905290567962457,0.13619399116595962,0.0,0.0,0.14689505976520378
5204,0.3514289119437576,0.14387683942665336,0.0,0.0,0.13218778506955664
5205,0.3514289119437576,0.15155968768734707,0.0,0.0,0.13218778506955664
5206,0.3514289119437576,0.15871896253558157,0.0,0.0,0.13218778506955664
5207,0.3514289119437576,0.16486677122171076,0.0,0.0,0.13218778506955664
5208,0.3514289119437576,0.17393526937748602,0.0,0.0,0.13218778506955664
5209,0.3514289119437576,0.17690073811638132,0.0,0.0,0.13218778506955664
5210,0.3514289119437576,0.1779122042784866,0.0,0.0,0.13218778506955664
5211,0.3514289119437576,0.17690073811638132,0.0,0.0,0.13218778506955664
5212,0.3514289119437576,0.17393526937748602,0.0,0.0,0.13218778506955664
5213,0.3514289119437576,0.16921788985568761,0.0,0.0,0.13218778506955664
5214,0.3514289119437576,0.16307008116955837,0.038534379487821485,0.028781846689358584,0.13218778506955664
5215,0.3905290567962457,0.1559108063213239,0.2116161000449127,0.15805891335080585,0.14689505976520378
5216,0.4276685571178439,0.14822795806063016,0.3688268871398904,0.2754817661960444,0.16086485029538033
5217,0.46098508328137944,0.14054510979993645,0.49837613532741604,0.37224384332339105,0.17339665303013801
5218,0.4888080055473149,0.13338583495170195,0.5905478187587252,0.44108811425445543,0.18386207105210503
5219,0.5097421664148307,0.12723802626557276,0.638429180538105,0.4768513478222197,0.19173632460188003
5220,0.5227378396445863,0.12252064674377436,0.6384291805381052,0.4768513478222198,0.1966245657264579
5221,0.5271433679156363,0.11955517800487905,0.5905478187587252,0.44108811425445543,0.19828167760433496
5222,0.5227378396445863,0.11854371184277372,0.49837613532741604,0.37224384332339105,0.1966245657264579
5223,0.5097421664148307,0.11955517800487903,0.3688268871398904,0.2754817661960444,0.19173632460188003
5224,0.4888080055473149,0.12252064674377436,0.21161610004491238,0.1580589133508056,0.18386207105210503
5225,0.46098508328137955,0.12723802626557273,0.038534379487821346,0.02878184668935848,0.17339665303013804
5226,0.4276685571178439,0.13338583495170195,0.0,0.0,0.16086485029538033
5227,0.3905290567962457,0.14054510979993642,0.0,0.0,0.14689505976520378
5228,0.3514289119437576,0.14822795806063016,0.0,0.0,0.13218778506955664
5229,0.3514289119437576,0.1559108063213239,0.0,0.0,0.13218778506955664
5230,0.3514289119437576,0.16307008116955837,0.0,0.0,0.13218778506955664
5231,0.3514289119437576,0.16921788985568761,0.0,0.0,0.13218778506955664
5232,0.3514289119437576,0.17242414173428072,0.0,0.0,0.13218778506955664
5233,0.3514289119437576,0.17538961047317603,0.0,0.0,0.13218778506955664
5234,0.3514289119437576,0.17640107663528135,0.0,0.0,0.13218778506955664
5235,0.3514289119437576,0.17538961047317603,0.0,0.0,0.13218778506955664
5236,0.3514289119437576,0.17242414173428072,0.0,0.0,0.13218778506955664
5237,0.3514289119437576,0.1677067622124823,0.0,0.0,0.13218778506955664
5238,0.3514289119437576,0.1615589535263531,0.03771125799027151,0.028167046164111094,0.13218778506955664
5239,0.3905290567962457,0.1543996786781186,0.21097874278444242,0.15758286263450969,0.14689505976520378
5240,0.4276685571178439,0.1467168304174249,0.3683964569259353,0.2751602720759058,0.16086485029538033
5241,0.46098508328137944,0.13903398215673116,0.49813840016049377,0.3720662757274424,0.17339665303013801
5242,0.4888080055473149,0.13187470730849665,0.5904577135526586,0.4410208134632817,0.18386207105210503
5243,0.5097421664148307,0.12572689862236747,0.6384189119214725,0.4768436780542474,0.19173632460188003
5244,0.5227378396445863,0.12100951910056905,0.6384189119214725,0.47684367805424743,0.1966245657264579
5245,0.5271433679156363,0.11804405036167374,0.5904577135526586,0.4410208134632817,0.19828167760433496
5246,0.5227378396445863,0.11703258419956844,0.498138400160494,0.37206627572744255,0.1966245657264579
5247,0.5097421664148307,0.11804405036167373,0.3683964569259356,0.27516027207590604,0.19173632460188003
5248,0.4888080055473149,0.12100951910056905,0.2109787427844424,0.15758286263450966,0.18386207105210503
5249,0.46098508328137955,0.12572689862236744,0.03771125799027196,0.028167046164111434,0.17339665303013804
5250,0.4276685571178439,0.13187470730849665,0.0,0.0,0.16086485029538033
5251,0.3905290567962457,0.13903398215673113,0.0,0.0,0.14689505976520378
5252,0.3514289119437576,0.1467168304174249,0.0,0.0,0.13218778506955664
5253,0.3514289119437576,0.1543996786781186,0.0,0.0,0.13218778506955664
5254,0.3514289119437576,0.1615589535263531,0.0,0.0,0.13218778506955664
5255,0.3514289119437576,0.1677067622124823,0.0,0.0,0.13218778506955664
5256,0.3514289119437576,0.16575784123246198,0.0,0.0,0.13218778506955664
5257,0.3514289119437576,0.1687233099713573,0.0,0.0,0.13218778506955664
5258,0.3514289119437576,0.1697347761334626,0.0,0.0,0.13218778506955664
5259,0.3514289119437576,0.1687233099713573,0.0,0.0,0.13218778506955664
5260,0.3514289119437576,0.16575784123246198,0.0,0.0,0.13218778506955664
5261,0.3514289119437576,0.16104046171066358,0.0,0.0,0.13218778506955664
5262,0.3514289119437576,0.15489265302453437,0.03690119247827881,0.02756199733020217,0.13218778506955664
5263,0.3905290567962457,0.1477333781762999,0.21035131598213336,0.15711422911107223,0.14689505976520378
5264,0.4276685571178439,0.14005052991560615,0.3679726471312549,0.2748437228360304,0.16086485029538033
5265,0.46098508328137944,0.13236768165491242,0.49790428878893134,0.3718914147930221,0.17339665303013801
5266,0.4888080055473149,0.12520840680667794,0.5903689739744151,0.44095453267790946,0.18386207105210503
5267,0.5097421664148307,0.11906059812054873,0.638408798501972,0.4768361242051018,0.19173632460188003
5268,0.5227378396445863,0.11434321859875032,0.638408798501972,0.4768361242051018,0.1966245657264579
5269,0.5271433679156363,0.11137774985985502,0.5903689739744151,0.44095453267790946,0.19828167760433496
5270,0.5227378396445863,0.11036628369774971,0.4979042887889314,0.3718914147930222,0.1966245657264579
5271,0.5097421664148307,0.11137774985985499,0.3679726471312548,0.27484372283603037,0.19173632460188003
5272,0.4888080055473149,0.11434321859875032,0.21035131598213336,0.15711422911107223,0.18386207105210503
5273,0.46098508328137955,0.11906059812054871,0.03690119247827905,0.027561997330202346,0.17339665303013804
5274,0.4276685571178439,0.12520840680667794,0.0,0.0,0.16086485029538033
5275,0.3905290567962457,0.1323676816549124,0.0,0.0,0.14689505976520378
5276,0.3514289119437576,0.14005052991560615,0.0,0.0,0.13218778506955664
5277,0.3514289119437576,0.1477333781762999,0.0,0.0,0.13218778506955664
5278,0.3514289119437576,0.15489265302453437,0.0,0.0,0.13218778506955664
5279,0.3514289119437576,0.16104046171066358,0.0,0.0,0.13218778506955664
5280,0.3514289119437576,0.1570556039645087,0.0,0.0,0.13218778506955664
5281,0.3514289119437576,0.16002107270340402,0.0,0.0,0.13218778506955664
5282,0.3514289119437576,0.1610325388655093,0.0,0.0,0.13218778506955664
5283,0.3514289119437576,0.16002107270340402,0.0,0.0,0.13218778506955664
5284,0.3514289119437576,0.1570556039645087,0.0,0.0,0.13218778506955664
5285,0.3514289119437576,0.15233822444271028,0.0,0.0,0.13218778506955664
5286,0.3514289119437576,0.14619041575658107,0.03610449680874731,0.02696693461157766,0.13218778506955664
5287,0.3905290567962457,0.1390311409083466,0.20973407113822323,0.15665320062940605,0.14689505976520378
5288,0.4276685571178439,0.13134829264765285,0.3675556316540538,0.2745322483633278,0.16086485029538033
5289,0.46098508328137944,0.12366544438695916,0.4976738987996756,0.3717193334091344,0.17339665303013801
5290,0.4888080055473149,0.11650616953872465,0.590281637378238,0.440889299798726,0.18386207105210503
5291,0.5097421664148307,0.11035836085259546,0.6383988445568411,0.47682868946950935,0.19173632460188003
5292,0.5227378396445863,0.10564098133079704,0.6383988445568411,0.47682868946950935,0.1966245657264579
5293,0.5271433679156363,0.10267551259190175,0.590281637378238,0.440889299798726,0.19828167760433496
5294,0.5227378396445863,0.10166404642979643,0.4976738987996757,0.37171933340913443,0.1966245657264579
5295,0.5097421664148307,0.10267551259190172,0.3675556316540539,0.27453224836332785,0.19173632460188003
5296,0.4888080055473149,0.10564098133079704,0.20973407113822337,0.15665320062940616,0.18386207105210503
5297,0.46098508328137955,0.11035836085259543,0.03610449680874775,0.026966934611577984,0.17339665303013804
5298,0.4276685571178439,0.11650616953872463,0.0,0.0,0.16086485029538033
5299,0.3905290567962457,0.12366544438695913,0.0,0.0,0.14689505976520378
5300,0.3514289119437576,0.13134829264765285,0.0,0.0,0.13218778506955664
5301,0.3514289119437576,0.1390311409083466,0.0,0.0,0.13218778506955664
5302,0.3514289119437576,0.14619041575658107,0.0,0.0,0.13218778506955664
5303,0.3514289119437576,0.15233822444271028,0.0,0.0,0.13218778506955664
5304,0.3514289119437576,0.1503893034626901,0.0,0.0,0.13218778506955664
5305,0.3514289119437576,0.15335477220158542,0.0,0.0,0.13218778506955664
5306,0.3514289119437576,0.15436623836369073,0.0,0.0,0.13218778506955664
5307,0.3514289119437576,0.15335477220158542,0.0,0.0,0.13218778506955664
5308,0.3514289119437576,0.1503893034626901,0.0,0.0,0.13218778506955664
5309,0.3514289119437576,0.1456719239408917,0.0,0.0,0.13218778506955664
5310,0.3514289119437576,0.1395241152547625,0.03532148096225697,0.0263820895369049,0.13218778506955664
5311,0.3905290567962457,0.13236484040652802,0.20912725690396017,0.1561999629104751,0.14689505976520378
5312,0.4276685571178439,0.1246819921458343,0.3671455825436288,0.27422597716373337,0.16086485029538033
5313,0.46098508328137944,0.11699914388514057,0.49744732678768844,0.37155010372385616,0.17339665303013801
5314,0.4888080055473149,0.10983986903690607,0.5901957407494731,0.4408251424505838,0.18386207105210503
5315,0.5097421664148307,0.10369206035077687,0.6383890543216714,0.47682137701109034,0.19173632460188003
5316,0.5227378396445863,0.09897468082897844,0.6383890543216714,0.47682137701109034,0.1966245657264579
5317,0.5271433679156363,0.09600921209008313,0.5901957407494731,0.4408251424505838,0.19828167760433496
5318,0.5227378396445863,0.09499774592797783,0.4974473267876884,0.3715501037238561,0.1966245657264579
5319,0.5097421664148307,0.09600921209008312,0.3671455825436288,0.27422597716373337,0.19173632460188003
5320,0.4888080055473149,0.09897468082897844,0.20912725690396003,0.156199962910475,0.18386207105210503
5321,0.46098508328137955,0.10369206035077684,0.03532148096225704,0.026382089536904952,0.17339665303013804
5322,0.4276685571178439,0.10983986903690605,0.0,0.0,0.16086485029538033
5323,0.3905290567962457,0.11699914388514054,0.0,0.0,0.14689505976520378
5324,0.3514289119437576,0.1246819921458343,0.0,0.0,0.13218778506955664
5325,0.3514289119437576,0.13236484040652802,0.0,0.0,0.13218778506955664
5326,0.3514289119437576,0.1395241152547625,0.0,0.0,0.13218778506955664
5327,0.3514289119437576,0.1456719239408917,0.0,0.0,0.13218778506955664
5328,0.3514289119437576,0.14887817581948454,0.0,0.0,0.13218778506955664
5329,0.3514289119437576,0.15184364455837981,0.0,0.0,0.13218778506955664
5330,0.3514289119437576,0.15285511072048516,0.0,0.0,0.13218778506955664
5331,0.3514289119437576,0.15184364455837981,0.0,0.0,0.13218778506955664
5332,0.3514289119437576,0.14887817581948454,0.0,0.0,0.13218778506955664
5333,0.3514289119437576,0.1441607962976861,0.0,0.0,0.13218778506955664
5334,0.3514289119437576,0.13801298761155692,0.034552450855179245,0.02580769059923919,0.13218778506955664
5335,0.3905290567962457,0.13085371276332242,0.20853111892038803,0.1557546994268812,0.14689505976520378
5336,0.4276685571178439,0.12317086450262871,0.36674266988394016,0.27392503627524645,0.16086485029538033
5337,0.46098508328137944,0.115488016241935,0.49722466828875944,0.3713837970941547,0.17339665303013801
5338,0.4888080055473149,0.1083287413937005,0.590111320678415,0.4407620879632664,0.18386207105210503
5339,0.5097421664148307,0.1021809327075713,0.6383794319873891,0.476814189960104,0.19173632460188003
5340,0.5227378396445863,0.09746355318577288,0.6383794319873891,0.476814189960104,0.1966245657264579
5341,0.5271433679156363,0.09449808444687757,0.5901113206784151,0.44076208796326644,0.19828167760433496
5342,0.5227378396445863,0.09348661828477227,0.4972246682887594,0.37138379709415464,0.1966245657264579
5343,0.5097421664148307,0.09449808444687754,0.36674266988394005,0.27392503627524634,0.19173632460188003
5344,0.4888080055473149,0.09746355318577288,0.208531118920388,0.15575469942688117,0.18386207105210503
5345,0.46098508328137955,0.10218093270757127,0.034552450855179315,0.02580769059923924,0.17339665303013804
5346,0.4276685571178439,0.10832874139370047,0.0,0.0,0.16086485029538033
5347,0.3905290567962457,0.11548801624193497,0.0,0.0,0.14689505976520378
5348,0.3514289119437576,0.12317086450262871,0.0,0.0,0.13218778506955664
5349,0.3514289119437576,0.13085371276332242,0.0,0.0,0.13218778506955664
5350,0.3514289119437576,0.13801298761155692,0.0,0.0,0.13218778506955664
5351,0.3514289119437576,0.1441607962976861,0.0,0.0,0.13218778506955664
5352,0.3514289119437576,0.153229294453461,0.0,0.0,0.13218778506955664
5353,0.3514289119437576,0.1561947631923563,0.0,0.0,0.13218778506955664
5354,0.3514289119437576,0.15720622935446163,0.0,0.0,0.13218778506955664
5355,0.3514289119437576,0.1561947631923563,0.0,0.0,0.13218778506955664
5356,0.3514289119437576,0.153229294453461,0.0,0.0,0.13218778506955664
5357,0.3514289119437576,0.1485119149316626,0.0,0.0,0.13218778506955664
5358,0.3514289119437576,0.14236410624553342,0.033797708152670684,0.02524396311634618,0.13218778506955664
5359,0.3905290567962457,0.1352048313972989,0.20794589965742702,0.15531759128267125,0.14689505976520378
5360,0.4276685571178439,0.1275219831366052,0.3663470616771904,0.27362955118097304,0.16086485029538033
5361,0.46098508328137944,0.11983913487591148,0.49700601771224806,0.3712204840356512,0.17339665303013801
5362,0.4888080055473149,0.11267986002767698,0.590028413334107,0.440700163351919,0.18386207105210503
5363,0.5097421664148307,0.10653205134154778,0.6383699816972306,0.4768071314111893,0.19173632460188003
5364,0.5227378396445863,0.10181467181974936,0.6383699816972306,0.4768071314111893,0.1966245657264579
5365,0.5271433679156363,0.09884920308085406,0.590028413334107,0.4407001633519191,0.19828167760433496
5366,0.5227378396445863,0.09783773691874872,0.4970060177122482,0.37122048403565133,0.1966245657264579
5367,0.5097421664148307,0.09884920308085403,0.3663470616771906,0.2736295511809732,0.19173632460188003
5368,0.4888080055473149,0.10181467181974936,0.20794589965742738,0.15531759128267153,0.18386207105210503
5369,0.46098508328137955,0.10653205134154775,0.033797708152670865,0.025243963116346312,0.17339665303013804
5370,0.4276685571178439,0.11267986002767696,0.0,0.0,0.16086485029538033
5371,0.3905290567962457,0.11983913487591145,0.0,0.0,0.14689505976520378
5372,0.3514289119437576,0.1275219831366052,0.0,0.0,0.13218778506955664
5373,0.3514289119437576,0.1352048313972989,0.0,0.0,0.13218778506955664
5374,0.3514289119437576,0.14236410624553342,0.0,0.0,0.13218778506955664
5375,0.3514289119437576,0.1485119149316626,0.0,0.0,0.13218778506955664
5376,0.3514289119437576,0.16140672259848543,0.0,0.0,0.13218778506955664
5377,0.3514289119437576,0.16437219133738074,0.0,0.0,0.13218778506955664
5378,0.3514289119437576,0.16538365749948605,0.0,0.0,0.13218778506955664
5379,0.3514289119437576,0.16437219133738074,0.0,0.0,0.13218778506955664
5380,0.3514289119437576,0.16140672259848543,0.0,0.0,0.13218778506955664
5381,0.3514289119437576,0.15668934307668703,0.0,0.0,0.13218778506955664
5382,0.3514289119437576,0.15054153439055784,0.03305755008274108,0.024691129091826903,0.13218778506955664
5383,0.3905290567962457,0.14338225954232334,0.20737183825343197,0.15488881709350116,0.14689505976520378
5384,0.4276685571178439,0.13569941128162963,0.36595892372754724,0.27333964572227787,0.16086485029538033
5385,0.46098508328137944,0.12801656302093592,0.49679146827383464,0.3710602341723919,0.17339665303013801
5386,0.4888080055473149,0.12085728817270142,0.5899470544381286,0.4406393952974702,0.18386207105210503
5387,0.5097421664148307,0.1147094794865722,0.6383607075437151,0.47680020442110393,0.19173632460188003
5388,0.5227378396445863,0.1099920999647738,0.6383607075437151,0.47680020442110393,0.1966245657264579
5389,0.5271433679156363,0.1070266312258785,0.5899470544381287,0.44063939529747026,0.19828167760433496
5390,0.5227378396445863,0.10601516506377318,0.49679146827383464,0.3710602341723919,0.1966245657264579
5391,0.5097421664148307,0.10702663122587847,0.36595892372754724,0.27333964572227787,0.19173632460188003
5392,0.4888080055473149,0.1099920999647738,0.20737183825343192,0.1548888170935011,0.18386207105210503
5393,0.46098508328137955,0.11470947948657219,0.033057550082741305,0.02469112909182707,0.17339665303013804
5394,0.4276685571178439,0.12085728817270139,0.0,0.0,0.16086485029538033
5395,0.3905290567962457,0.1280165630209359,0.0,0.0,0.14689505976520378
5396,0.3514289119437576,0.13569941128162963,0.0,0.0,0.13218778506955664
5397,0.3514289119437576,0.14338225954232334,0.0,0.0,0.13218778506955664
5398,0.3514289119437576,0.15054153439055784,0.0,0.0,0.13218778506955664
5399,0.3514289119437576,0.15668934307668703,0.0,0.0,0.13218778506955664
5400,0.3514289119437576,0.16958415074350924,0.0,0.0,0.13218778506955664
5401,0.3514289119437576,0.17254961948240452,0.0,0.0,0.13218778506955664
5402,0.3514289119437576,0.1735610856445099,0.0,0.0,0.13218778506955664
5403,0.3514289119437576,0.17254961948240452,0.0,0.0,0.13218778506955664
5404,0.3514289119437576,0.16958415074350924,0.0,0.0,0.13218778506955664
5405,0.3514289119437576,0.1648667712217108,0.0,0.0,0.13218778506955664
5406,0.3514289119437576,0.15871896253558165,0.0323322692515879,0.024149407077188555,0.13218778506955664
5407,0.3905290567962457,0.15155968768734712,0.20680917035540666,0.1544685528672897,0.14689505976520378
5408,0.4276685571178439,0.1438768394266534,0.36557841952514675,0.27305544201214393,0.16086485029538033
5409,0.46098508328137944,0.1361939911659597,0.49658111192836096,0.370903116186686,0.17339665303013801
5410,0.4888080055473149,0.12903471631772523,0.5898672792384001,0.44057981012706615,0.18386207105210503
5411,0.5097421664148307,0.12288690763159602,0.6383516135656183,0.4767934120064639,0.19173632460188003
5412,0.5227378396445863,0.1181695281097976,0.6383516135656182,0.47679341200646386,0.1966245657264579
5413,0.5271433679156363,0.11520405937090228,0.5898672792384001,0.44057981012706615,0.19828167760433496
5414,0.5227378396445863,0.11419259320879699,0.49658111192836085,0.3709031161866859,0.1966245657264579
5415,0.5097421664148307,0.11520405937090228,0.3655784195251469,0.27305544201214405,0.19173632460188003
5416,0.4888080055473149,0.1181695281097976,0.20680917035540658,0.15446855286728964,0.18386207105210503
5417,0.46098508328137955,0.12288690763159602,0.03233226925158798,0.024149407077188618,0.17339665303013804
5418,0.4276685571178439,0.12903471631772517,0.0,0.0,0.16086485029538033
5419,0.3905290567962457,0.1361939911659597,0.0,0.0,0.14689505976520378
5420,0.3514289119437576,0.1438768394266534,0.0,0.0,0.13218778506955664
5421,0.3514289119437576,0.15155968768734712,0.0,0.0,0.13218778506955664
5422,0.3514289119437576,0.15871896253558165,0.0,0.0,0.13218778506955664
5423,0.3514289119437576,0.1648667712217108,0.0,0.0,0.13218778506955664
5424,0.3514289119437576,0.17393526937748605,0.0,0.0,0.13218778506955664
5425,0.3514289119437576,0.17690073811638135,0.0,0.0,0.13218778506955664
5426,0.3514289119437576,0.17791220427848664,0.0,0.0,0.13218778506955664
5427,0.3514289119437576,0.17690073811638135,0.0,0.0,0.13218778506955664
5428,0.3514289119437576,0.17393526937748605,0.0,0.0,0.13218778506955664
5429,0.3514289119437576,0.16921788985568761,0.0,0.0,0.13218778506955664
5430,0.3514289119437576,0.1630700811695584,0.0316221534603959,0.02361901203500966,0.13218778506955664
5431,0.3905290567962457,0.1559108063213239,0.206258127960061,0.15405697188550205,0.14689505976520378
5432,0.4276685571178439,0.1482279580606302,0.3652057101305175,0.27277706034884786,0.16086485029538033
5433,0.46098508328137944,0.14054510979993648,0.4963750393028462,0.3707491977690736,0.17339665303013801
5434,0.4888080055473149,0.13338583495170198,0.5897891224830398,0.44052143379454395,0.18386207105210503
5435,0.5097421664148307,0.1272380262655728,0.6383427037449514,0.47678675714148694,0.19173632460188003
5436,0.5227378396445863,0.12252064674377439,0.6383427037449514,0.47678675714148694,0.1966245657264579
5437,0.5271433679156363,0.11955517800487908,0.5897891224830399,0.440521433794544,0.19828167760433496
5438,0.5227378396445863,0.11854371184277375,0.49637503930284627,0.37074919776907367,0.1966245657264579
5439,0.5097421664148307,0.11955517800487905,0.36520571013051756,0.2727770603488479,0.19173632460188003
5440,0.4888080055473149,0.12252064674377439,0.20625812796006104,0.15405697188550208,0.18386207105210503
5441,0.46098508328137955,0.12723802626557276,0.03162215346039597,0.023619012035009712,0.17339665303013804
5442,0.4276685571178439,0.13338583495170195,0.0,0.0,0.16086485029538033
5443,0.3905290567962457,0.14054510979993645,0.0,0.0,0.14689505976520378
5444,0.3514289119437576,0.1482279580606302,0.0,0.0,0.13218778506955664
5445,0.3514289119437576,0.1559108063213239,0.0,0.0,0.13218778506955664
5446,0.3514289119437576,0.1630700811695584,0.0,0.0,0.13218778506955664
5447,0.3514289119437576,0.16921788985568761,0.0,0.0,0.13218778506955664
5448,0.3514289119437576,0.17242414173428067,0.0,0.0,0.13218778506955664
5449,0.3514289119437576,0.17538961047317597,0.0,0.0,0.13218778506955664
5450,0.3514289119437576,0.1764010766352813,0.0,0.0,0.13218778506955664
5451,0.3514289119437576,0.17538961047317597,0.0,0.0,0.13218778506955664
5452,0.3514289119437576,0.17242414173428067,0.0,0.0,0.13218778506955664
5453,0.3514289119437576,0.16770676221248226,0.0,0.0,0.13218778506955664
5454,0.3514289119437576,0.16155895352635305,0.030927485523794575,0.0231001552033435,0.13218778506955664
5455,0.3905290567962457,0.15439967867811855,0.2057189392558941,0.15365424458519947,0.14689505976520378
5456,0.4276685571178439,0.14671683041742484,0.36484095405956585,0.2725046191300536,0.16086485029538033
5457,0.46098508328137944,0.13903398215673113,0.4961733396297596,0.3705985455684872,0.17339665303013801
5458,0.4888080055473149,0.13187470730849662,0.5897126183943057,0.44046429186096875,0.18386207105210503
5459,0.5097421664148307,0.12572689862236744,0.6383339820039491,0.47678024275574277,0.19173632460188003
5460,0.5227378396445863,0.12100951910056901,0.6383339820039491,0.4767802427557428,0.1966245657264579
5461,0.5271433679156363,0.1180440503616737,0.5897126183943057,0.44046429186096875,0.19828167760433496
5462,0.5227378396445863,0.11703258419956838,0.4961733396297598,0.3705985455684873,0.1966245657264579
5463,0.5097421664148307,0.11804405036167367,0.364840954059566,0.2725046191300537,0.19173632460188003
5464,0.4888080055473149,0.12100951910056901,0.2057189392558942,0.15365424458519955,0.18386207105210503
5465,0.46098508328137955,0.1257268986223674,0.03092748552379464,0.023100155203343548,0.17339665303013804
5466,0.4276685571178439,0.1318747073084966,0.0,0.0,0.16086485029538033
5467,0.3905290567962457,0.1390339821567311,0.0,0.0,0.14689505976520378
5468,0.3514289119437576,0.14671683041742484,0.0,0.0,0.13218778506955664
5469,0.3514289119437576,0.15439967867811855,0.0,0.0,0.13218778506955664
5470,0.3514289119437576,0.16155895352635305,0.0,0.0,0.13218778506955664
5471,0.3514289119437576,0.16770676221248226,0.0,0.0,0.13218778506955664
5472,0.3514289119437576,0.16575784123246223,0.0,0.0,0.13218778506955664
5473,0.3514289119437576,0.16872330997135754,0.0,0.0,0.13218778506955664
5474,0.3514289119437576,0.16973477613346288,0.0,0.0,0.13218778506955664
5475,0.3514289119437576,0.16872330997135754,0.0,0.0,0.13218778506955664
5476,0.3514289119437576,0.16575784123246223,0.0,0.0,0.13218778506955664
5477,0.3514289119437576,0.16104046171066383,0.0,0.0,0.13218778506955664
5478,0.3514289119437576,0.15489265302453464,0.03024854309017098,0.022593043961507357,0.13218778506955664
5479,0.3905290567962457,0.14773337817630014,0.20519182846648948,0.1532605384419944,0.14689505976520378
5480,0.4276685571178439,0.1400505299156064,0.36448430716926616,0.27223823476743303,0.16086485029538033
5481,0.46098508328137944,0.1323676816549127,0.49597610068063613,0.37045122514266754,0.17339665303013801
5482,0.4888080055473149,0.1252084068066782,0.5896378006426547,0.440408409475258,0.18386207105210503
5483,0.5097421664148307,0.11906059812054899,0.6383254522020699,0.4767738717319132,0.19173632460188003
5484,0.5227378396445863,0.11434321859875059,0.6383254522020699,0.4767738717319132,0.1966245657264579
5485,0.5271433679156363,0.11137774985985528,0.5896378006426547,0.44040840947525806,0.19828167760433496
5486,0.5227378396445863,0.11036628369774998,0.4959761006806362,0.3704512251426676,0.1966245657264579
5487,0.5097421664148307,0.11137774985985525,0.36448430716926616,0.27223823476743303,0.19173632460188003
5488,0.4888080055473149,0.11434321859875059,0.20519182846648962,0.1532605384419945,0.18386207105210503
5489,0.46098508328137955,0.11906059812054896,0.03024854309017098,0.022593043961507357,0.17339665303013804
5490,0.4276685571178439,0.12520840680667816,0.0,0.0,0.16086485029538033
5491,0.3905290567962457,0.13236768165491267,0.0,0.0,0.14689505976520378
5492,0.3514289119437576,0.1400505299156064,0.0,0.0,0.13218778506955664
5493,0.3514289119437576,0.14773337817630014,0.0,0.0,0.13218778506955664
5494,0.3514289119437576,0.15489265302453464,0.0,0.0,0.13218778506955664
5495,0.3514289119437576,0.16104046171066383,0.0,0.0,0.13218778506955664
5496,0.3514289119437576,0.15705560396450863,0.0,0.0,0.13218778506955664
5497,0.3514289119437576,0.16002107270340393,0.0,0.0,0.13218778506955664
5498,0.3514289119437576,0.16103253886550925,0.0,0.0,0.13218778506955664
5499,0.3514289119437576,0.16002107270340393,0.0,0.0,0.13218778506955664
5500,0.3514289119437576,0.15705560396450863,0.0,0.0,0.13218778506955664
5501,0.3514289119437576,0.15233822444271022,0.0,0.0,0.13218778506955664
5502,0.3514289119437576,0.146190415756581,0.029585598464030027,0.022097881697401005,0.13218778506955664
5503,0.3905290567962457,0.13903114090834653,0.2046770156952084,0.15287601785404983,0.14689505976520378
5504,0.4276685571178439,0.13134829264765283,0.3641359225441971,0.27197802160191836,0.16086485029538033
5505,0.46098508328137944,0.12366544438695908,0.4957834087001213,0.3703073009089011,0.17339665303013801
5506,0.4888080055473149,0.1165061695387246,0.589564702320957,0.44035381135492196,0.18386207105210503
5507,0.5097421664148307,0.1103583608525954,0.6383171181330144,0.47676764690356394,0.19173632460188003
5508,0.5227378396445863,0.10564098133079697,0.6383171181330144,0.47676764690356394,0.1966245657264579
5509,0.5271433679156363,0.10267551259190166,0.589564702320957,0.44035381135492196,0.19828167760433496
5510,0.5227378396445863,0.10166404642979635,0.49578340870012133,0.3703073009089012,0.1966245657264579
5511,0.5097421664148307,0.10267551259190164,0.36413592254419697,0.2719780216019183,0.19173632460188003
5512,0.4888080055473149,0.10564098133079697,0.20467701569520835,0.15287601785404978,0.18386207105210503
5513,0.46098508328137955,0.11035836085259537,0.029585598464030274,0.02209788169740119,0.17339665303013804
5514,0.4276685571178439,0.11650616953872457,0.0,0.0,0.16086485029538033
5515,0.3905290567962457,0.12366544438695905,0.0,0.0,0.14689505976520378
5516,0.3514289119437576,0.13134829264765283,0.0,0.0,0.13218778506955664
5517,0.3514289119437576,0.13903114090834653,0.0,0.0,0.13218778506955664
5518,0.3514289119437576,0.146190415756581,0.0,0.0,0.13218778506955664
5519,0.3514289119437576,0.15233822444271022,0.0,0.0,0.13218778506955664
5520,0.3514289119437576,0.15038930346269005,0.0,0.0,0.13218778506955664
5521,0.3514289119437576,0.15335477220158536,0.0,0.0,0.13218778506955664
5522,0.3514289119437576,0.15436623836369068,0.0,0.0,0.13218778506955664
5523,0.3514289119437576,0.15335477220158536,0.0,0.0,0.13218778506955664
5524,0.3514289119437576,0.15038930346269005,0.0,0.0,0.13218778506955664
5525,0.3514289119437576,0.14567192394089165,0.0,0.0,0.13218778506955664
5526,0.3514289119437576,0.13952411525476244,0.028938918430600147,0.02161486767650233,0.13218778506955664
5527,0.3905290567962457,0.13236484040652796,0.20417471677147075,0.15250084402726444,0.14689505976520378
5528,0.4276685571178439,0.12468199214583424,0.36379595038407103,0.2717240918196965,0.16086485029538033
5529,0.46098508328137944,0.11699914388514052,0.4955953483405319,0.37016683609514295,0.17339665303013801
5530,0.4888080055473149,0.10983986903690603,0.5894933559188957,0.44030052176694207,0.18386207105210503
5531,0.5097421664148307,0.10369206035077683,0.6383089835217628,0.47676157105293315,0.19173632460188003
5532,0.5227378396445863,0.09897468082897841,0.6383089835217628,0.4767615710529331,0.1966245657264579
5533,0.5271433679156363,0.0960092120900831,0.5894933559188957,0.4403005217669421,0.19828167760433496
5534,0.5227378396445863,0.09499774592797779,0.4955953483405319,0.37016683609514295,0.1966245657264579
5535,0.5097421664148307,0.09600921209008309,0.3637959503840712,0.2717240918196966,0.19173632460188003
5536,0.4888080055473149,0.09897468082897841,0.20417471677147067,0.15250084402726438,0.18386207105210503
5537,0.46098508328137955,0.1036920603507768,0.028938918430600185,0.021614867676502357,0.17339665303013804
5538,0.4276685571178439,0.10983986903690601,0.0,0.0,0.16086485029538033
5539,0.3905290567962457,0.11699914388514049,0.0,0.0,0.14689505976520378
5540,0.3514289119437576,0.12468199214583424,0.0,0.0,0.13218778506955664
5541,0.3514289119437576,0.13236484040652796,0.0,0.0,0.13218778506955664
5542,0.3514289119437576,0.13952411525476244,0.0,0.0,0.13218778506955664
5543,0.3514289119437576,0.14567192394089165,0.0,0.0,0.13218778506955664
5544,0.3514289119437576,0.14887817581948454,0.0,0.0,0.13218778506955664
5545,0.3514289119437576,0.15184364455837984,0.0,0.0,0.13218778506955664
5546,0.3514289119437576,0.1528551107204852,0.0,0.0,0.13218778506955664
5547,0.3514289119437576,0.15184364455837984,0.0,0.0,0.13218778506955664
5548,0.3514289119437576,0.14887817581948454,0.0,0.0,0.13218778506955664
5549,0.3514289119437576,0.14416079629768613,0.0,0.0,0.13218778506955664
5550,0.3514289119437576,0.13801298761155695,0.028308764082872685,0.02114419691268072,0.13218778506955664
5551,0.3905290567962457,0.13085371276332244,0.2036851430988067,0.15213517486178024,0.14689505976520378
5552,0.4276685571178439,0.12317086450262874,0.363464537892399,0.27147655536905096,0.16086485029538033
5553,0.46098508328137944,0.11548801624193501,0.4954120025970185,0.3700298926915877,0.17339665303013801
5554,0.4888080055473149,0.10832874139370052,0.5894237932975891,0.4402485645088165,0.18386207105210503
5555,0.5097421664148307,0.1021809327075713,0.6383010520216393,0.4767556469087376,0.19173632460188003
5556,0.5227378396445863,0.09746355318577289,0.6383010520216394,0.4767556469087377,0.1966245657264579
5557,0.5271433679156363,0.09449808444687759,0.5894237932975892,0.4402485645088166,0.19828167760433496
5558,0.5227378396445863,0.09348661828477228,0.4954120025970187,0.3700298926915878,0.1966245657264579
5559,0.5097421664148307,0.09449808444687756,0.3634645378923993,0.2714765553690512,0.19173632460188003
5560,0.4888080055473149,0.09746355318577289,0.20368514309880695,0.15213517486178044,0.18386207105210503
5561,0.46098508328137955,0.10218093270757128,0.028308764082873045,0.021144196912680994,0.17339665303013804
5562,0.4276685571178439,0.1083287413937005,0.0,0.0,0.16086485029538033
5563,0.3905290567962457,0.115488016241935,0.0,0.0,0.14689505976520378
5564,0.3514289119437576,0.12317086450262874,0.0,0.0,0.13218778506955664
5565,0.3514289119437576,0.13085371276332244,0.0,0.0,0.13218778506955664
5566,0.3514289119437576,0.13801298761155695,0.0,0.0,0.13218778506955664
5567,0.3514289119437576,0.14416079629768613,0.0,0.0,0.13218778506955664
5568,0.3514289119437576,0.15322929445346106,0.0,0.0,0.13218778506955664
5569,0.3514289119437576,0.15619476319235637,0.0,0.0,0.13218778506955664
5570,0.3514289119437576,0.15720622935446169,0.0,0.0,0.13218778506955664
5571,0.3514289119437576,0.15619476319235637,0.0,0.0,0.13218778506955664
5572,0.3514289119437576,0.15322929445346106,0.0,0.0,0.13218778506955664
5573,0.3514289119437576,0.14851191493166266,0.0,0.0,0.13218778506955664
5574,0.3514289119437576,0.14236410624553347,0.027695390651269903,0.020686060040973824,0.13218778506955664
5575,0.3905290567962457,0.13520483139729897,0.2032085015048696,0.15177916483995532,0.14689505976520378
5576,0.4276685571178439,0.12752198313660526,0.36314182916643756,0.27123551987816225,0.16086485029538033
5577,0.46098508328137944,0.11983913487591151,0.49523345274341857,0.36989653140275874,0.17339665303013801
5578,0.4888080055473149,0.11267986002767703,0.5893560456644708,0.4401979628897974,0.18386207105210503
5579,0.5097421664148307,0.10653205134154783,0.6382933272114042,0.4767498771440016,0.19173632460188003
5580,0.5227378396445863,0.10181467181974943,0.6382933272114042,0.4767498771440016,0.1966245657264579
5581,0.5271433679156363,0.09884920308085413,0.5893560456644708,0.44019796288979746,0.19828167760433496
5582,0.5227378396445863,0.09783773691874881,0.49523345274341857,0.36989653140275874,0.1966245657264579
5583,0.5097421664148307,0.0988492030808541,0.36314182916643767,0.27123551987816236,0.19173632460188003
5584,0.4888080055473149,0.10181467181974943,0.2032085015048697,0.15177916483995538,0.18386207105210503
5585,0.46098508328137955,0.1065320513415478,0.02769539065126988,0.020686060040973807,0.17339665303013804
5586,0.4276685571178439,0.112679860027677,0.0,0.0,0.16086485029538033
5587,0.3905290567962457,0.11983913487591151,0.0,0.0,0.14689505976520378
5588,0.3514289119437576,0.12752198313660526,0.0,0.0,0.13218778506955664
5589,0.3514289119437576,0.13520483139729897,0.0,0.0,0.13218778506955664
5590,0.3514289119437576,0.14236410624553347,0.0,0.0,0.13218778506955664
5591,0.3514289119437576,0.14851191493166266,0.0,0.0,0.13218778506955664
5592,0.3514289119437576,0.16140672259848518,0.0,0.0,0.13218778506955664
5593,0.3514289119437576,0.16437219133738049,0.0,0.0,0.13218778506955664
5594,0.3514289119437576,0.16538365749948578,0.0,0.0,0.13218778506955664
5595,0.3514289119437576,0.16437219133738049,0.0,0.0,0.13218778506955664
5596,0.3514289119437576,0.16140672259848518,0.0,0.0,0.13218778506955664
5597,0.3514289119437576,0.15668934307668675,0.0,0.0,0.13218778506955664
5598,0.3514289119437576,0.15054153439055754,0.027099047336130843,0.02024064319246895,0.13218778506955664
5599,0.3905290567962457,0.14338225954232303,0.20274499409359542,0.15143296491593963,0.14689505976520378
5600,0.4276685571178439,0.13569941128162932,0.36282796508856263,0.27100109057397304,0.16086485029538033
5601,0.46098508328137944,0.12801656302093561,0.4950597782688873,0.3697668116001759,0.17339665303013801
5602,0.4888080055473149,0.12085728817270112,0.5892901435484601,0.4401487397123457,0.18386207105210503
5603,0.5097421664148307,0.11470947948657192,0.638285812592379,0.4767442643739094,0.19173632460188003
5604,0.5227378396445863,0.10999209996477351,0.638285812592379,0.47674426437390943,0.1966245657264579
5605,0.5271433679156363,0.1070266312258782,0.5892901435484602,0.44014873971234575,0.19828167760433496
5606,0.5227378396445863,0.1060151650637729,0.49505977826888725,0.3697668116001758,0.1966245657264579
5607,0.5097421664148307,0.10702663122587819,0.3628279650885625,0.2710010905739729,0.19173632460188003
5608,0.4888080055473149,0.10999209996477351,0.20274499409359537,0.1514329649159396,0.18386207105210503
5609,0.46098508328137955,0.1147094794865719,0.027099047336130656,0.02024064319246881,0.17339665303013804
5610,0.4276685571178439,0.1208572881727011,0.0,0.0,0.16086485029538033
5611,0.3905290567962457,0.1280165630209356,0.0,0.0,0.14689505976520378
5612,0.3514289119437576,0.13569941128162932,0.0,0.0,0.13218778506955664
5613,0.3514289119437576,0.14338225954232303,0.0,0.0,0.13218778506955664
5614,0.3514289119437576,0.15054153439055754,0.0,0.0,0.13218778506955664
5615,0.3514289119437576,0.15668934307668675,0.0,0.0,0.13218778506955664
5616,0.3514289119437576,0.16958415074350905,0.0,0.0,0.13218778506955664
5617,0.3514289119437576,0.17254961948240435,0.0,0.0,0.13218778506955664
5618,0.3514289119437576,0.17356108564450967,0.0,0.0,0.13218778506955664
5619,0.3514289119437576,0.17254961948240435,0.0,0.0,0.13218778506955664
5620,0.3514289119437576,0.16958415074350905,0.0,0.0,0.13218778506955664
5621,0.3514289119437576,0.16486677122171065,0.0,0.0,0.13218778506955664
5622,0.3514289119437576,0.15871896253558143,0.0265199771432004,0.01980812787142768,0.13218778506955664
5623,0.3905290567962457,0.15155968768734696,0.2022948180996918,0.151096722406991,0.14689505976520378
5624,0.4276685571178439,0.14387683942665322,0.36252308321921445,0.27077337020222764,0.16086485029538033
5625,0.46098508328137944,0.13619399116595948,0.4948910568153929,0.3696407912756702,0.17339665303013801
5626,0.4888080055473149,0.129034716317725,0.5892261167754617,0.44010091725383077,0.18386207105210503
5627,0.5097421664148307,0.1228869076315958,0.6382785115856101,0.4767388111536865,0.19173632460188003
5628,0.5227378396445863,0.11816952810979739,0.6382785115856101,0.4767388111536865,0.1966245657264579
5629,0.5271433679156363,0.11520405937090208,0.5892261167754617,0.44010091725383077,0.19828167760433496
5630,0.5227378396445863,0.11419259320879678,0.494891056815393,0.36964079127567023,0.1966245657264579
5631,0.5097421664148307,0.11520405937090206,0.36252308321921456,0.2707733702022277,0.19173632460188003
5632,0.4888080055473149,0.11816952810979739,0.202294818099692,0.15109672240699115,0.18386207105210503
5633,0.46098508328137955,0.12288690763159578,0.026519977143200344,0.019808127871427637,0.17339665303013804
5634,0.4276685571178439,0.129034716317725,0.0,0.0,0.16086485029538033
5635,0.3905290567962457,0.13619399116595945,0.0,0.0,0.14689505976520378
5636,0.3514289119437576,0.14387683942665322,0.0,0.0,0.13218778506955664
5637,0.3514289119437576,0.15155968768734696,0.0,0.0,0.13218778506955664
5638,0.3514289119437576,0.15871896253558143,0.0,0.0,0.13218778506955664
5639,0.3514289119437576,0.16486677122171065,0.0,0.0,0.13218778506955664
5640,0.3514289119437576,0.173935269377486,0.0,0.0,0.13218778506955664
5641,0.3514289119437576,0.1769007381163813,0.0,0.0,0.13218778506955664
5642,0.3514289119437576,0.1779122042784866,0.0,0.0,0.13218778506955664
5643,0.3514289119437576,0.1769007381163813,0.0,0.0,0.13218778506955664
5644,0.3514289119437576,0.173935269377486,0.0,0.0,0.13218778506955664
5645,0.3514289119437576,0.1692178898556876,0.0,0.0,0.13218778506955664
5646,0.3514289119437576,0.16307008116955837,0.025958416722309956,0.019388690834794234,0.13218778506955664
5647,0.3905290567962457,0.15591080632132387,0.20185816574564444,0.1507705808866712,0.14689505976520378
5648,0.4276685571178439,0.14822795806063013,0.36222731769155797,0.2705524589487924,0.16086485029538033
5649,0.46098508328137944,0.14054510979993642,0.494727364116166,0.36951852699541093,0.17339665303013801
5650,0.4888080055473149,0.13338583495170195,0.5891639944442247,0.44005451724850014,0.18386207105210503
5651,0.5097421664148307,0.12723802626557273,0.6382714275290723,0.4767335199765112,0.19173632460188003
5652,0.5227378396445863,0.12252064674377433,0.6382714275290723,0.4767335199765112,0.1966245657264579
5653,0.5271433679156363,0.11955517800487903,0.5891639944442247,0.44005451724850014,0.19828167760433496
5654,0.5227378396445863,0.11854371184277371,0.494727364116166,0.36951852699541093,0.1966245657264579
5655,0.5097421664148307,0.119555178004879,0.36222731769155814,0.2705524589487925,0.19173632460188003
5656,0.4888080055473149,0.12252064674377433,0.20185816574564444,0.1507705808866712,0.18386207105210503
5657,0.46098508328137955,0.1272380262655727,0.0259584167223101,0.01938869083479434,0.17339665303013804
5658,0.4276685571178439,0.13338583495170192,0.0,0.0,0.16086485029538033
5659,0.3905290567962457,0.1405451097999364,0.0,0.0,0.14689505976520378
5660,0.3514289119437576,0.14822795806063013,0.0,0.0,0.13218778506955664
5661,0.3514289119437576,0.15591080632132387,0.0,0.0,0.13218778506955664
5662,0.3514289119437576,0.16307008116955837,0.0,0.0,0.13218778506955664
5663,0.3514289119437576,0.1692178898556876,0.0,0.0,0.13218778506955664
5664,0.3514289119437576,0.1724241417342806,0.0,0.0,0.13218778506955664
5665,0.3514289119437576,0.17538961047317592,0.0,0.0,0.13218778506955664
5666,0.3514289119437576,0.17640107663528123,0.0,0.0,0.13218778506955664
5667,0.3514289119437576,0.17538961047317592,0.0,0.0,0.13218778506955664
5668,0.3514289119437576,0.1724241417342806,0.0,0.0,0.13218778506955664
5669,0.3514289119437576,0.1677067622124822,0.0,0.0,0.13218778506955664
5670,0.3514289119437576,0.161558953526353,0.025414596209431012,0.018982503974223224,0.13218778506955664
5671,0.3905290567962457,0.1543996786781185,0.20143522410142062,0.1504546800800566,0.14689505976520378
5672,0.4276685571178439,0.14671683041742478,0.36194079910800336,0.2703384543623651,0.16086485029538033
5673,0.46098508328137944,0.13903398215673107,0.4945687739351864,0.3694000738547074,0.17339665303013801
5674,0.4888080055473149,0.13187470730849657,0.5891038049026011,0.4400095608697459,0.18386207105210503
5675,0.5097421664148307,0.12572689862236738,0.6382645636749181,0.47672839327146005,0.19173632460188003
5676,0.5227378396445863,0.12100951910056895,0.6382645636749181,0.47672839327146005,0.1966245657264579
5677,0.5271433679156363,0.11804405036167367,0.5891038049026012,0.44000956086974596,0.19828167760433496
5678,0.5227378396445863,0.11703258419956834,0.4945687739351866,0.3694000738547076,0.1966245657264579
5679,0.5097421664148307,0.11804405036167365,0.36194079910800336,0.2703384543623651,0.19173632460188003
5680,0.4888080055473149,0.12100951910056895,0.20143522410142073,0.1504546800800567,0.18386207105210503
5681,0.46098508328137955,0.12572689862236736,0.025414596209430918,0.01898250397422315,0.17339665303013804
5682,0.4276685571178439,0.13187470730849657,0.0,0.0,0.16086485029538033
5683,0.3905290567962457,0.13903398215673105,0.0,0.0,0.14689505976520378
5684,0.3514289119437576,0.14671683041742478,0.0,0.0,0.13218778506955664
5685,0.3514289119437576,0.1543996786781185,0.0,0.0,0.13218778506955664
5686,0.3514289119437576,0.161558953526353,0.0,0.0,0.13218778506955664
5687,0.3514289119437576,0.1677067622124822,0.0,0.0,0.13218778506955664
5688,0.3514289119437576,0.1657578412324625,0.0,0.0,0.13218778506955664
5689,0.3514289119437576,0.16872330997135782,0.0,0.0,0.13218778506955664
5690,0.3514289119437576,0.1697347761334631,0.0,0.0,0.13218778506955664
5691,0.3514289119437576,0.16872330997135782,0.0,0.0,0.13218778506955664
5692,0.3514289119437576,0.1657578412324625,0.0,0.0,0.13218778506955664
5693,0.3514289119437576,0.1610404617106641,0.0,0.0,0.13218778506955664
5694,0.3514289119437576,0.15489265302453487,0.024888739072281525,0.018589734200760932,0.13218778506955664
5695,0.3905290567962457,0.1477333781763004,0.20102617494705172,0.15014915576109936,0.14689505976520378
5696,0.4276685571178439,0.14005052991560665,0.36166365443872595,0.2701314512786788,0.16086485029538033
5697,0.46098508328137944,0.13236768165491294,0.49441535800779773,0.36928548543365336,0.17339665303013801
5698,0.4888080055473149,0.12520840680667847,0.5890455757242331,0.4399660687126926,0.18386207105210503
5699,0.5097421664148307,0.11906059812054925,0.6382579231867772,0.47672343340149054,0.19173632460188003
5700,0.5227378396445863,0.11434321859875085,0.6382579231867772,0.47672343340149054,0.1966245657264579
5701,0.5271433679156363,0.11137774985985555,0.5890455757242332,0.43996606871269267,0.19828167760433496
5702,0.5227378396445863,0.11036628369775021,0.49441535800779784,0.3692854854336534,0.1966245657264579
5703,0.5097421664148307,0.11137774985985552,0.36166365443872595,0.2701314512786788,0.19173632460188003
5704,0.4888080055473149,0.11434321859875085,0.20102617494705158,0.15014915576109925,0.18386207105210503
5705,0.46098508328137955,0.11906059812054923,0.02488873907228157,0.018589734200760967,0.17339665303013804
5706,0.4276685571178439,0.12520840680667844,0.0,0.0,0.16086485029538033
5707,0.3905290567962457,0.13236768165491292,0.0,0.0,0.14689505976520378
5708,0.3514289119437576,0.14005052991560665,0.0,0.0,0.13218778506955664
5709,0.3514289119437576,0.1477333781763004,0.0,0.0,0.13218778506955664
5710,0.3514289119437576,0.15489265302453487,0.0,0.0,0.13218778506955664
5711,0.3514289119437576,0.1610404617106641,0.0,0.0,0.13218778506955664
5712,0.3514289119437576,0.15705560396450852,0.0,0.0,0.13218778506955664
5713,0.3514289119437576,0.16002107270340382,0.0,0.0,0.13218778506955664
5714,0.3514289119437576,0.16103253886550914,0.0,0.0,0.13218778506955664
5715,0.3514289119437576,0.16002107270340382,0.0,0.0,0.13218778506955664
5716,0.3514289119437576,0.15705560396450852,0.0,0.0,0.13218778506955664
5717,0.3514289119437576,0.1523382244427101,0.0,0.0,0.13218778506955664
5718,0.3514289119437576,0.14619041575658093,0.024381061959661804,0.01821054333231228,0.13218778506955664
5719,0.3905290567962457,0.13903114090834642,0.2006311946382718,0.14985413965227082,0.14689505976520378
5720,0.4276685571178439,0.13134829264765271,0.36139600692233,0.2699315417463058,0.16086485029538033
5721,0.46098508328137944,0.12366544438695899,0.49426718598253255,0.36917481375367517,0.17339665303013801
5722,0.4888080055473149,0.1165061695387245,0.5889893336857089,0.4399240607771344,0.18386207105210503
5723,0.5097421664148307,0.11035836085259529,0.638251509137108,0.4767186426614633,0.19173632460188003
5724,0.5227378396445863,0.10564098133079688,0.638251509137108,0.4767186426614633,0.1966245657264579
5725,0.5271433679156363,0.10267551259190158,0.588989333685709,0.4399240607771345,0.19828167760433496
5726,0.5227378396445863,0.10166404642979626,0.49426718598253255,0.36917481375367517,0.1966245657264579
5727,0.5097421664148307,0.10267551259190155,0.36139600692233015,0.2699315417463059,0.19173632460188003
5728,0.4888080055473149,0.10564098133079688,0.20063119463827184,0.14985413965227085,0.18386207105210503
5729,0.46098508328137955,0.11035836085259527,0.02438106195966203,0.018210543332312448,0.17339665303013804
5730,0.4276685571178439,0.11650616953872447,0.0,0.0,0.16086485029538033
5731,0.3905290567962457,0.12366544438695898,0.0,0.0,0.14689505976520378
5732,0.3514289119437576,0.13134829264765271,0.0,0.0,0.13218778506955664
5733,0.3514289119437576,0.13903114090834642,0.0,0.0,0.13218778506955664
5734,0.3514289119437576,0.14619041575658093,0.0,0.0,0.13218778506955664
5735,0.3514289119437576,0.1523382244427101,0.0,0.0,0.13218778506955664
5736,0.3514289119437576,0.15038930346269022,0.0,0.0,0.13218778506955664
5737,0.3514289119437576,0.15335477220158553,0.0,0.0,0.13218778506955664
5738,0.3514289119437576,0.15436623836369082,0.0,0.0,0.13218778506955664
5739,0.3514289119437576,0.15335477220158553,0.0,0.0,0.13218778506955664
5740,0.3514289119437576,0.15038930346269022,0.0,0.0,0.13218778506955664
5741,0.3514289119437576,0.1456719239408918,0.0,0.0,0.13218778506955664
5742,0.3514289119437576,0.13952411525476258,0.023891774554693605,0.01784508798402311,0.13218778506955664
5743,0.3905290567962457,0.13236484040652807,0.20025045397538943,0.14956975932662037,0.14689505976520378
5744,0.4276685571178439,0.12468199214583438,0.36113797596879194,0.2697388149541646,0.16086485029538033
5745,0.46098508328137944,0.11699914388514066,0.4941243253642342,0.3690681092350489,0.17339665303013801
5746,0.4888080055473149,0.10983986903690617,0.5889351047442163,0.4398835564508441,0.18386207105210503
5747,0.5097421664148307,0.10369206035077695,0.6382453245046081,0.47671402327620765,0.19173632460188003
5748,0.5227378396445863,0.09897468082897853,0.6382453245046081,0.47671402327620765,0.1966245657264579
5749,0.5271433679156363,0.09600921209008324,0.5889351047442163,0.43988355645084415,0.19828167760433496
5750,0.5227378396445863,0.09499774592797791,0.49412432536423423,0.36906810923504896,0.1966245657264579
5751,0.5097421664148307,0.09600921209008322,0.36113797596879205,0.2697388149541647,0.19173632460188003
5752,0.4888080055473149,0.09897468082897853,0.2002504539753895,0.1495697593266204,0.18386207105210503
5753,0.46098508328137955,0.10369206035077692,0.02389177455469405,0.01784508798402344,0.17339665303013804
5754,0.4276685571178439,0.10983986903690614,0.0,0.0,0.16086485029538033
5755,0.3905290567962457,0.11699914388514064,0.0,0.0,0.14689505976520378
5756,0.3514289119437576,0.12468199214583438,0.0,0.0,0.13218778506955664
5757,0.3514289119437576,0.13236484040652807,0.0,0.0,0.13218778506955664
5758,0.3514289119437576,0.13952411525476258,0.0,0.0,0.13218778506955664
5759,0.3514289119437576,0.1456719239408918,0.0,0.0,0.13218778506955664
5760,0.3514289119437576,0.14887817581948454,0.0,0.0,0.13218778506955664
5761,0.3514289119437576,0.15184364455837984,0.0,0.0,0.13218778506955664
5762,0.3514289119437576,0.1528551107204852,0.0,0.0,0.13218778506955664
5763,0.3514289119437576,0.15184364455837984,0.0,0.0,0.13218778506955664
5764,0.3514289119437576,0.14887817581948454,0.0,0.0,0.13218778506955664
5765,0.3514289119437576,0.14416079629768613,0.0,0.0,0.13218778506955664
5766,0.3514289119437576,0.13801298761155695,0.023421079432130572,0.01749351946170346,0.13218778506955664
5767,0.3905290567962457,0.13085371276332244,0.19988411807556297,0.14929613811237594,0.14689505976520378
5768,0.4276685571178439,0.12317086450262874,0.36088967706482167,0.2695533571608331,0.16086485029538033
5769,0.46098508328137944,0.11548801624193501,0.4939868414585581,0.3689654206554476,0.17339665303013801
5770,0.4888080055473149,0.10832874139370052,0.5888829140157306,0.4398445744932819,0.18386207105210503
5771,0.5097421664148307,0.10218093270757132,0.6382393721716851,0.4767095773986326,0.19173632460188003
5772,0.5227378396445863,0.09746355318577292,0.6382393721716851,0.4767095773986326,0.1966245657264579
5773,0.5271433679156363,0.09449808444687761,0.5888829140157307,0.43984457449328196,0.19828167760433496
5774,0.5227378396445863,0.0934866182847723,0.49398684145855815,0.36896542065544763,0.1966245657264579
5775,0.5097421664148307,0.09449808444687759,0.36088967706482183,0.26955335716083323,0.19173632460188003
5776,0.4888080055473149,0.09746355318577292,0.19988411807556317,0.14929613811237608,0.18386207105210503
5777,0.46098508328137955,0.1021809327075713,0.023421079432130544,0.01749351946170344,0.17339665303013804
5778,0.4276685571178439,0.1083287413937005,0.0,0.0,0.16086485029538033
5779,0.3905290567962457,0.115488016241935,0.0,0.0,0.14689505976520378
5780,0.3514289119437576,0.12317086450262874,0.0,0.0,0.13218778506955664
5781,0.3514289119437576,0.13085371276332244,0.0,0.0,0.13218778506955664
5782,0.3514289119437576,0.13801298761155695,0.0,0.0,0.13218778506955664
5783,0.3514289119437576,0.14416079629768613,0.0,0.0,0.13218778506955664
5784,0.3514289119437576,0.15322929445346142,0.0,0.0,0.13218778506955664
5785,0.3514289119437576,0.15619476319235673,0.0,0.0,0.13218778506955664
5786,0.3514289119437576,0.15720622935446205,0.0,0.0,0.13218778506955664
5787,0.3514289119437576,0.15619476319235673,0.0,0.0,0.13218778506955664
5788,0.3514289119437576,0.15322929445346142,0.0,0.0,0.13218778506955664
5789,0.3514289119437576,0.148511914931663,0.0,0.0,0.13218778506955664
5790,0.3514289119437576,0.1423641062455338,0.022969171919907414,0.017155983658416758,0.13218778506955664
5791,0.3905290567962457,0.1352048313972993,0.19953234624865157,0.14903339500021553,0.14689505976520378
5792,0.4276685571178439,0.1275219831366056,0.3606512216817772,0.26937525162576914,0.16086485029538033
5793,0.46098508328137944,0.11983913487591188,0.493854797317936,0.36886679510958104,0.17339665303013801
5794,0.4888080055473149,0.11267986002767738,0.5888327857537696,0.43980713301972657,0.18386207105210503
5795,0.5097421664148307,0.10653205134154818,0.638233654921993,0.4767053071078867,0.19173632460188003
5796,0.5227378396445863,0.10181467181974976,0.638233654921993,0.4767053071078867,0.1966245657264579
5797,0.5271433679156363,0.09884920308085446,0.5888327857537696,0.43980713301972657,0.19828167760433496
5798,0.5227378396445863,0.09783773691874915,0.49385479731793586,0.3688667951095809,0.1966245657264579
5799,0.5097421664148307,0.09884920308085444,0.3606512216817771,0.26937525162576903,0.19173632460188003
5800,0.4888080055473149,0.10181467181974976,0.19953234624865135,0.14903339500021537,0.18386207105210503
5801,0.46098508328137955,0.10653205134154815,0.022969171919907157,0.017155983658416567,0.17339665303013804
5802,0.4276685571178439,0.11267986002767735,0.0,0.0,0.16086485029538033
5803,0.3905290567962457,0.11983913487591186,0.0,0.0,0.14689505976520378
5804,0.3514289119437576,0.1275219831366056,0.0,0.0,0.13218778506955664
5805,0.3514289119437576,0.1352048313972993,0.0,0.0,0.13218778506955664
5806,0.3514289119437576,0.1423641062455338,0.0,0.0,0.13218778506955664
5807,0.3514289119437576,0.148511914931663,0.0,0.0,0.13218778506955664
5808,0.3514289119437576,0.16140672259848526,0.0,0.0,0.13218778506955664
5809,0.3514289119437576,0.16437219133738057,0.0,0.0,0.13218778506955664
5810,0.3514289119437576,0.1653836574994859,0.0,0.0,0.13218778506955664
5811,0.3514289119437576,0.16437219133738057,0.0,0.0,0.13218778506955664
5812,0.3514289119437576,0.16140672259848526,0.0,0.0,0.13218778506955664
5813,0.3514289119437576,0.15668934307668683,0.0,0.0,0.13218778506955664
5814,0.3514289119437576,0.15054153439055765,0.022536239965086805,0.016832620954353776,0.13218778506955664
5815,0.3905290567962457,0.14338225954232314,0.1991952918768045,0.14878164455333093,0.14689505976520378
5816,0.4276685571178439,0.13569941128162943,0.3604227171862627,0.26920457854253427,0.16086485029538033
5817,0.46098508328137944,0.12801656302093573,0.49372825368908174,0.36877227796998757,0.17339665303013801
5818,0.4888080055473149,0.12085728817270124,0.5887847433287468,0.43977124948585444,0.18386207105210503
5819,0.5097421664148307,0.11470947948657202,0.6382281754380376,0.47670121440756985,0.19173632460188003
5820,0.5227378396445863,0.1099920999647736,0.6382281754380376,0.47670121440756985,0.1966245657264579
5821,0.5271433679156363,0.1070266312258783,0.588784743328747,0.43977124948585455,0.19828167760433496
5822,0.5227378396445863,0.10601516506377298,0.49372825368908185,0.3687722779699877,0.1966245657264579
5823,0.5097421664148307,0.10702663122587829,0.36042271718626295,0.2692045785425345,0.19173632460188003
5824,0.4888080055473149,0.1099920999647736,0.19919529187680474,0.14878164455333112,0.18386207105210503
5825,0.46098508328137955,0.114709479486572,0.022536239965086958,0.01683262095435389,0.17339665303013804
5826,0.4276685571178439,0.12085728817270121,0.0,0.0,0.16086485029538033
5827,0.3905290567962457,0.1280165630209357,0.0,0.0,0.14689505976520378
5828,0.3514289119437576,0.13569941128162943,0.0,0.0,0.13218778506955664
5829,0.3514289119437576,0.14338225954232314,0.0,0.0,0.13218778506955664
5830,0.3514289119437576,0.15054153439055765,0.0,0.0,0.13218778506955664
5831,0.3514289119437576,0.15668934307668683,0.0,0.0,0.13218778506955664
5832,0.3514289119437576,0.16958415074350938,0.0,0.0,0.13218778506955664
5833,0.3514289119437576,0.1725496194824047,0.0,0.0,0.13218778506955664
5834,0.3514289119437576,0.17356108564450998,0.0,0.0,0.13218778506955664
5835,0.3514289119437576,0.1725496194824047,0.0,0.0,0.13218778506955664
5836,0.3514289119437576,0.16958415074350938,0.0,0.0,0.13218778506955664
5837,0.3514289119437576,0.16486677122171095,0.0,0.0,0.13218778506955664
5838,0.3514289119437576,0.15871896253558176,0.022122464004361058,0.01652356612010857,0.13218778506955664
5839,0.3905290567962457,0.15155968768734726,0.1988731022979516,0.14854099682040497,0.14689505976520378
5840,0.4276685571178439,0.14387683942665355,0.36020426675354,0.2690414149741204,0.16086485029538033
5841,0.46098508328137944,0.13619399116595984,0.49360726896212054,0.36868191284903756,0.17339665303013801
5842,0.4888080055473149,0.12903471631772534,0.5887388092079562,0.43973694067278996,0.18386207105210503
5843,0.5097421664148307,0.12288690763159614,0.6382229362988548,0.47669730122399856,0.19173632460188003
5844,0.5227378396445863,0.11816952810979774,0.6382229362988548,0.4766973012239986,0.1966245657264579
5845,0.5271433679156363,0.11520405937090242,0.5887388092079562,0.43973694067278996,0.19828167760433496
5846,0.5227378396445863,0.1141925932087971,0.4936072689621205,0.3686819128490375,0.1966245657264579
5847,0.5097421664148307,0.1152040593709024,0.3602042667535401,0.26904141497412043,0.19173632460188003
5848,0.4888080055473149,0.11816952810979774,0.19887310229795171,0.14854099682040506,0.18386207105210503
5849,0.46098508328137955,0.12288690763159611,0.02212246400436113,0.016523566120108624,0.17339665303013804
5850,0.4276685571178439,0.1290347163177253,0.0,0.0,0.16086485029538033
5851,0.3905290567962457,0.13619399116595982,0.0,0.0,0.14689505976520378
5852,0.3514289119437576,0.14387683942665355,0.0,0.0,0.13218778506955664
5853,0.3514289119437576,0.15155968768734726,0.0,0.0,0.13218778506955664
5854,0.3514289119437576,0.15871896253558176,0.0,0.0,0.13218778506955664
5855,0.3514289119437576,0.16486677122171095,0.0,0.0,0.13218778506955664
5856,0.31238125506111786,0.16427219885651448,0.0,0.0,0.11750025339516146
5857,0.31238125506111786,0.16707291933213783,0.0,0.0,0.11750025339516146
5858,0.31238125506111786,0.16802819292968174,0.0,0.0,0.11750025339516146
5859,0.31238125506111786,0.16707291933213783,0.0,0.0,0.11750025339516146
5860,0.31238125506111786,0.16427219885651448,0.0,0.0,0.11750025339516146
5861,0.31238125506111786,0.15981689597481596,0.0,0.0,0.11750025339516146
5862,0.31238125506111786,0.15401063221569394,0.02150168333051966,0.016059896679476562,0.11750025339516146
5863,0.3471369393744406,0.14724909485902804,0.19649752370696455,0.14676664519691715,0.1305733864579589
5864,0.38014982854919455,0.13999307150170623,0.3562460112705068,0.26608494067807054,0.14299097804033806
5865,0.4097645184723373,0.13273704814438436,0.48835135850556793,0.3647562025875994,0.15413035824901158
5866,0.4344960049309466,0.12597551078771846,0.5825627653014664,0.4351239703531429,0.16343295204631558
5867,0.45310414792429393,0.12016924702859644,0.6315698364363307,0.47172801138989906,0.17043228853500444
5868,0.46465585746185456,0.11571394414689792,0.6315698364363307,0.47172801138989906,0.17477739175685147
5869,0.46857188259167676,0.11291322367127458,0.5825627653014664,0.4351239703531429,0.1762503800927422
5870,0.46465585746185456,0.11195795007373067,0.48835135850556805,0.3647562025875995,0.17477739175685147
5871,0.45310414792429393,0.11291322367127456,0.3562460112705068,0.26608494067807054,0.17043228853500444
5872,0.4344960049309466,0.11571394414689792,0.1964975237069646,0.14676664519691718,0.16343295204631558
5873,0.4097645184723374,0.12016924702859641,0.021501683330519803,0.016059896679476666,0.1541303582490116
5874,0.38014982854919455,0.12597551078771843,0.0,0.0,0.14299097804033806
5875,0.3471369393744406,0.13273704814438433,0.0,0.0,0.1305733864579589
5876,0.31238125506111786,0.13999307150170623,0.0,0.0,0.11750025339516146
5877,0.31238125506111786,0.14724909485902804,0.0,0.0,0.11750025339516146
5878,0.31238125506111786,0.15401063221569394,0.0,0.0,0.11750025339516146
5879,0.31238125506111786,0.15981689597481596,0.0,0.0,0.11750025339516146
5880,0.31238125506111786,0.16284502274904275,0.0,0.0,0.11750025339516146
5881,0.31238125506111786,0.1656457432246661,0.0,0.0,0.11750025339516146
5882,0.31238125506111786,0.16660101682220999,0.0,0.0,0.11750025339516146
5883,0.31238125506111786,0.1656457432246661,0.0,0.0,0.11750025339516146
5884,0.31238125506111786,0.16284502274904275,0.0,0.0,0.11750025339516146
5885,0.31238125506111786,0.15838971986734424,0.0,0.0,0.11750025339516146
5886,0.31238125506111786,0.15258345610822222,0.021130635771261903,0.015782756263386752,0.11750025339516146
5887,0.3471369393744406,0.1458219187515563,0.19620852310457693,0.14655078675721703,0.1305733864579589
5888,0.38014982854919455,0.13856589539423447,0.35605002432904126,0.2659385553936218,0.14299097804033806
5889,0.4097645184723373,0.13130987203691263,0.4882427998054834,0.3646751186333705,0.15413035824901158
5890,0.4344960049309466,0.12454833468024673,0.5825215453764169,0.4350931826363276,0.16343295204631558
5891,0.45310414792429393,0.11874207092112471,0.6315651347897918,0.4717244996668178,0.17043228853500444
5892,0.46465585746185456,0.11428676803942618,0.6315651347897919,0.47172449966681784,0.17477739175685147
5893,0.46857188259167676,0.11148604756380286,0.5825215453764169,0.4350931826363277,0.1762503800927422
5894,0.46465585746185456,0.11053077396625893,0.4882427998054835,0.36467511863337054,0.17477739175685147
5895,0.45310414792429393,0.11148604756380283,0.3560500243290413,0.2659385553936219,0.17043228853500444
5896,0.4344960049309466,0.11428676803942618,0.19620852310457693,0.14655078675721703,0.16343295204631558
5897,0.4097645184723374,0.11874207092112468,0.021130635771262066,0.015782756263386873,0.1541303582490116
5898,0.38014982854919455,0.1245483346802467,0.0,0.0,0.14299097804033806
5899,0.3471369393744406,0.1313098720369126,0.0,0.0,0.1305733864579589
5900,0.31238125506111786,0.13856589539423447,0.0,0.0,0.11750025339516146
5901,0.31238125506111786,0.1458219187515563,0.0,0.0,0.11750025339516146
5902,0.31238125506111786,0.15258345610822222,0.0,0.0,0.11750025339516146
5903,0.31238125506111786,0.15838971986734424,0.0,0.0,0.11750025339516146
5904,0.31238125506111786,0.15654907227510337,0.0,0.0,0.11750025339516146
5905,0.31238125506111786,0.1593497927507267,0.0,0.0,0.11750025339516146
5906,0.31238125506111786,0.16030506634827063,0.0,0.0,0.11750025339516146
5907,0.31238125506111786,0.1593497927507267,0.0,0.0,0.11750025339516146
5908,0.31238125506111786,0.15654907227510337,0.0,0.0,0.11750025339516146
5909,0.31238125506111786,0.15209376939340488,0.0,0.0,0.11750025339516146
5910,0.31238125506111786,0.14628750563428283,0.020779034532346675,0.01552014056569672,0.11750025339516146
5911,0.3471369393744406,0.13952596827761696,0.19593463288370955,0.1463462144648512,0.1305733864579589
5912,0.38014982854919455,0.1322699449202951,0.3558642673235073,0.26579981098600935,0.14299097804033806
5913,0.4097645184723373,0.12501392156297325,0.48813990097775084,0.36459826211397983,0.15413035824901158
5914,0.4344960049309466,0.11825238420630733,0.582482472943541,0.4350639989103209,0.16343295204631558
5915,0.45310414792429393,0.11244612044718531,0.6315606780047756,0.4717211708341035,0.17043228853500444
5916,0.46465585746185456,0.10799081756548681,0.6315606780047754,0.4717211708341034,0.17477739175685147
5917,0.46857188259167676,0.10519009708986347,0.582482472943541,0.4350639989103209,0.1762503800927422
5918,0.46465585746185456,0.10423482349231956,0.4881399009777509,0.3645982621139799,0.17477739175685147
5919,0.45310414792429393,0.10519009708986346,0.3558642673235073,0.26579981098600935,0.17043228853500444
5920,0.4344960049309466,0.10799081756548681,0.1959346328837096,0.14634621446485122,0.16343295204631558
5921,0.4097645184723374,0.11244612044718529,0.020779034532346745,0.015520140565696772,0.1541303582490116
5922,0.38014982854919455,0.1182523842063073,0.0,0.0,0.14299097804033806
5923,0.3471369393744406,0.12501392156297322,0.0,0.0,0.1305733864579589
5924,0.31238125506111786,0.1322699449202951,0.0,0.0,0.11750025339516146
5925,0.31238125506111786,0.13952596827761696,0.0,0.0,0.11750025339516146
5926,0.31238125506111786,0.14628750563428283,0.0,0.0,0.11750025339516146
5927,0.31238125506111786,0.15209376939340488,0.0,0.0,0.11750025339516146
5928,0.31238125506111786,0.14833029263314687,0.0,0.0,0.11750025339516146
5929,0.31238125506111786,0.15113101310877022,0.0,0.0,0.11750025339516146
5930,0.31238125506111786,0.15208628670631413,0.0,0.0,0.11750025339516146
5931,0.31238125506111786,0.15113101310877022,0.0,0.0,0.11750025339516146
5932,0.31238125506111786,0.14833029263314687,0.0,0.0,0.11750025339516146
5933,0.31238125506111786,0.14387498975144836,0.0,0.0,0.11750025339516146
5934,0.31238125506111786,0.13806872599232634,0.020447027256180757,0.015272159862507274,0.11750025339516146
5935,0.3471369393744406,0.13130718863566043,0.1956759738520938,0.14615301855274013,0.1305733864579589
5936,0.38014982854919455,0.12405116527833861,0.3556888249668048,0.26566877072843814,0.14299097804033806
5937,0.4097645184723373,0.11679514192101674,0.4880427100074162,0.364525668870104,0.15413035824901158
5938,0.4344960049309466,0.11003360456435085,0.5824455664767293,0.43503643297352007,0.16343295204631558
5939,0.45310414792429393,0.10422734080522882,0.6315564682024741,0.4717180264761031,0.17043228853500444
5940,0.46465585746185456,0.0997720379235303,0.6315564682024741,0.4717180264761031,0.17477739175685147
5941,0.46857188259167676,0.09697131744790696,0.5824455664767294,0.4350364329735201,0.1762503800927422
5942,0.46465585746185456,0.09601604385036305,0.48804271000741634,0.3645256688701041,0.17477739175685147
5943,0.45310414792429393,0.09697131744790694,0.35568882496680504,0.2656687707284383,0.17043228853500444
5944,0.4344960049309466,0.0997720379235303,0.1956759738520941,0.14615301855274035,0.16343295204631558
5945,0.4097645184723374,0.1042273408052288,0.020447027256181253,0.015272159862507644,0.1541303582490116
5946,0.38014982854919455,0.11003360456435082,0.0,0.0,0.14299097804033806
5947,0.3471369393744406,0.11679514192101673,0.0,0.0,0.1305733864579589
5948,0.31238125506111786,0.12405116527833861,0.0,0.0,0.11750025339516146
5949,0.31238125506111786,0.13130718863566043,0.0,0.0,0.11750025339516146
5950,0.31238125506111786,0.13806872599232634,0.0,0.0,0.11750025339516146
5951,0.31238125506111786,0.14387498975144836,0.0,0.0,0.11750025339516146
5952,0.31238125506111786,0.14203434215920738,0.0,0.0,0.11750025339516146
5953,0.31238125506111786,0.1448350626348307,0.0,0.0,0.11750025339516146
5954,0.31238125506111786,0.1457903362323746,0.0,0.0,0.11750025339516146
5955,0.31238125506111786,0.1448350626348307,0.0,0.0,0.11750025339516146
5956,0.31238125506111786,0.14203434215920738,0.0,0.0,0.11750025339516146
5957,0.31238125506111786,0.13757903927750886,0.0,0.0,0.11750025339516146
5958,0.31238125506111786,0.13177277551838681,0.020134753584978522,0.015038918454467825,0.11750025339516146
5959,0.3471369393744406,0.12501123816172094,0.19543266032291404,0.1459712844029399,0.1305733864579589
5960,0.38014982854919455,0.11775521480439909,0.35552377744171937,0.26554549451051,0.14299097804033806
5961,0.4097645184723373,0.11049919144707725,0.48795127232245206,0.36445737283250723,0.15413035824901158
5962,0.4344960049309466,0.10373765409041133,0.5824108434675407,0.4350104978906059,0.16343295204631558
5963,0.45310414792429393,0.09793139033128931,0.6315525073914043,0.4717150680930049,0.17043228853500444
5964,0.46465585746185456,0.09347608744959081,0.6315525073914043,0.4717150680930049,0.17477739175685147
5965,0.46857188259167676,0.09067536697396747,0.5824108434675408,0.435010497890606,0.1762503800927422
5966,0.46465585746185456,0.08972009337642355,0.48795127232245217,0.36445737283250734,0.17477739175685147
5967,0.45310414792429393,0.09067536697396744,0.35552377744171954,0.2655454945105101,0.17043228853500444
5968,0.4344960049309466,0.09347608744959081,0.19543266032291412,0.14597128440293997,0.16343295204631558
5969,0.4097645184723374,0.09793139033128928,0.020134753584978314,0.01503891845446767,0.1541303582490116
5970,0.38014982854919455,0.10373765409041132,0.0,0.0,0.14299097804033806
5971,0.3471369393744406,0.11049919144707722,0.0,0.0,0.1305733864579589
5972,0.31238125506111786,0.11775521480439909,0.0,0.0,0.11750025339516146
5973,0.31238125506111786,0.12501123816172094,0.0,0.0,0.11750025339516146
5974,0.31238125506111786,0.13177277551838681,0.0,0.0,0.11750025339516146
5975,0.31238125506111786,0.13757903927750886,0.0,0.0,0.11750025339516146
5976,0.31238125506111786,0.14060716605173543,0.0,0.0,0.11750025339516146
5977,0.31238125506111786,0.14340788652735878,0.0,0.0,0.11750025339516146
5978,0.31238125506111786,0.1443631601249027,0.0,0.0,0.11750025339516146
5979,0.31238125506111786,0.14340788652735878,0.0,0.0,0.11750025339516146
5980,0.31238125506111786,0.14060716605173543,0.0,0.0,0.11750025339516146
5981,0.31238125506111786,0.13615186317003694,0.0,0.0,0.11750025339516146
5982,0.31238125506111786,0.13034559941091492,0.01984234506262693,0.014820514593478048,0.11750025339516146
5983,0.3471369393744406,0.123584062054249,0.1952048000257721,0.1458010924801401,0.1305733864579589
5984,0.38014982854919455,0.11632803869692715,0.35536920033442676,0.2654300387885569,0.14299097804033806
5985,0.4097645184723373,0.1090720153396053,0.48786563075457406,0.3643934059927745,0.15413035824901158
5986,0.4344960049309466,0.10231047798293941,0.5823783204097577,0.43498620598100673,0.16343295204631558
5987,0.45310414792429393,0.09650421422381737,0.6315487974656134,0.47171229709949825,0.17043228853500444
5988,0.46465585746185456,0.09204891134211886,0.6315487974656134,0.47171229709949825,0.17477739175685147
5989,0.46857188259167676,0.08924819086649553,0.5823783204097577,0.43498620598100673,0.1762503800927422
5990,0.46465585746185456,0.08829291726895162,0.48786563075457406,0.3643934059927745,0.17477739175685147
5991,0.45310414792429393,0.0892481908664955,0.35536920033442687,0.265430038788557,0.17043228853500444
5992,0.4344960049309466,0.09204891134211886,0.19520480002577228,0.14580109248014023,0.16343295204631558
5993,0.4097645184723374,0.09650421422381736,0.019842345062627227,0.014820514593478272,0.1541303582490116
5994,0.38014982854919455,0.10231047798293938,0.0,0.0,0.14299097804033806
5995,0.3471369393744406,0.1090720153396053,0.0,0.0,0.1305733864579589
5996,0.31238125506111786,0.11632803869692715,0.0,0.0,0.11750025339516146
5997,0.31238125506111786,0.123584062054249,0.0,0.0,0.11750025339516146
5998,0.31238125506111786,0.13034559941091492,0.0,0.0,0.11750025339516146
5999,0.31238125506111786,0.13615186317003694,0.0,0.0,0.11750025339516146
6000,0.31238125506111786,0.1447165558727131,0.0,0.0,0.11750025339516146
6001,0.31238125506111786,0.14751727634833645,0.0,0.0,0.11750025339516146
6002,0.31238125506111786,0.14847254994588033,0.0,0.0,0.11750025339516146
6003,0.31238125506111786,0.14751727634833645,0.0,0.0,0.11750025339516146
6004,0.31238125506111786,0.1447165558727131,0.0,0.0,0.11750025339516146
6005,0.31238125506111786,0.1402612529910146,0.0,0.0,0.11750025339516146
6006,0.31238125506111786,0.13445498923189259,0.019569925041997695,0.014617040413458088,0.11750025339516146
6007,0.3471369393744406,0.12769345187522665,0.1949924940224959,0.14564251826878014,0.1305733864579589
6008,0.38014982854919455,0.12043742851790482,0.3552251645715744,0.2653224565386465,0.14299097804033806
6009,0.4097645184723373,0.11318140516058296,0.48778582550214905,0.3643337983756068,0.15413035824901158
6010,0.4344960049309466,0.10641986780391706,0.5823480127847636,0.43496356880797593,0.16343295204631558
6011,0.45310414792429393,0.10061360404479502,0.6315453402029817,0.47170971482350593,0.17043228853500444
6012,0.46465585746185456,0.09615830116309654,0.6315453402029817,0.47170971482350593,0.17477739175685147
6013,0.46857188259167676,0.0933575806874732,0.5823480127847636,0.43496356880797593,0.1762503800927422
6014,0.46465585746185456,0.09240230708992929,0.487785825502149,0.36433379837560675,0.17477739175685147
6015,0.45310414792429393,0.09335758068747317,0.3552251645715742,0.2653224565386464,0.17043228853500444
6016,0.4344960049309466,0.09615830116309654,0.1949924940224957,0.14564251826877997,0.16343295204631558
6017,0.4097645184723374,0.10061360404479501,0.01956992504199778,0.01461704041345815,0.1541303582490116
6018,0.38014982854919455,0.10641986780391703,0.0,0.0,0.14299097804033806
6019,0.3471369393744406,0.11318140516058295,0.0,0.0,0.1305733864579589
6020,0.31238125506111786,0.12043742851790482,0.0,0.0,0.11750025339516146
6021,0.31238125506111786,0.12769345187522665,0.0,0.0,0.11750025339516146
6022,0.31238125506111786,0.13445498923189259,0.0,0.0,0.11750025339516146
6023,0.31238125506111786,0.1402612529910146,0.0,0.0,0.11750025339516146
6024,0.31238125506111786,0.15243968245412468,0.0,0.0,0.11750025339516146
6025,0.31238125506111786,0.15524040292974803,0.0,0.0,0.11750025339516146
6026,0.31238125506111786,0.15619567652729194,0.0,0.0,0.11750025339516146
6027,0.31238125506111786,0.15524040292974803,0.0,0.0,0.11750025339516146
6028,0.31238125506111786,0.15243968245412468,0.0,0.0,0.11750025339516146
6029,0.31238125506111786,0.1479843795724262,0.0,0.0,0.11750025339516146
6030,0.31238125506111786,0.14217811581330417,0.019317608597814992,0.014428581865268261,0.11750025339516146
6031,0.3471369393744406,0.13541657845663824,0.19479583662790848,0.14549563221387082,0.1305733864579589
6032,0.38014982854919455,0.12816055509931643,0.355091736361032,0.2652227972123277,0.14299097804033806
6033,0.4097645184723373,0.12090453174199457,0.4877118940952534,0.36427857801272356,0.15413035824901158
6034,0.4344960049309466,0.11414299438532866,0.5823199350477639,0.43494259716830125,0.16343295204631558
6035,0.45310414792429393,0.10833673062620663,0.631542137263623,0.47170732250498926,0.17043228853500444
6036,0.46465585746185456,0.10388142774450813,0.6315421372636231,0.4717073225049893,0.17477739175685147
6037,0.46857188259167676,0.1010807072688848,0.5823199350477639,0.43494259716830125,0.1762503800927422
6038,0.46465585746185456,0.1001254336713409,0.48771189409525345,0.3642785780127236,0.17477739175685147
6039,0.45310414792429393,0.10108070726888477,0.35509173636103203,0.2652227972123278,0.17043228853500444
6040,0.4344960049309466,0.10388142774450813,0.19479583662790867,0.14549563221387096,0.16343295204631558
6041,0.4097645184723374,0.1083367306262066,0.019317608597814992,0.014428581865268263,0.1541303582490116
6042,0.38014982854919455,0.11414299438532863,0.0,0.0,0.14299097804033806
6043,0.3471369393744406,0.12090453174199454,0.0,0.0,0.1305733864579589
6044,0.31238125506111786,0.12816055509931643,0.0,0.0,0.11750025339516146
6045,0.31238125506111786,0.13541657845663824,0.0,0.0,0.11750025339516146
6046,0.31238125506111786,0.14217811581330417,0.0,0.0,0.11750025339516146
6047,0.31238125506111786,0.1479843795724262,0.0,0.0,0.11750025339516146
6048,0.31238125506111786,0.1601628090355367,0.0,0.0,0.11750025339516146
6049,0.31238125506111786,0.16296352951116003,0.0,0.0,0.11750025339516146
6050,0.31238125506111786,0.16391880310870396,0.0,0.0,0.11750025339516146
6051,0.31238125506111786,0.16296352951116003,0.0,0.0,0.11750025339516146
6052,0.31238125506111786,0.1601628090355367,0.0,0.0,0.11750025339516146
6053,0.31238125506111786,0.1557075061538382,0.0,0.0,0.11750025339516146
6054,0.31238125506111786,0.14990124239471617,0.019085502445182256,0.01425521865585565,0.11750025339516146
6055,0.3471369393744406,0.14313970503805026,0.19461491533566797,0.14536049966560305,0.1305733864579589
6056,0.38014982854919455,0.1358836816807284,0.3549689771364024,0.2651311066951855,0.14299097804033806
6057,0.4097645184723373,0.12862765832340659,0.4876438713629365,0.36422777091841047,0.15413035824901158
6058,0.4344960049309466,0.12186612096674067,0.5822941006148751,0.43492330108266036,0.16343295204631558
6059,0.45310414792429393,0.11605985720761863,0.6315391901883844,0.47170512129482767,0.17043228853500444
6060,0.46465585746185456,0.11160455432592013,0.6315391901883844,0.47170512129482767,0.17477739175685147
6061,0.46857188259167676,0.1088038338502968,0.5822941006148751,0.4349233010826604,0.1762503800927422
6062,0.46465585746185456,0.10784856025275288,0.4876438713629367,0.3642277709184106,0.17477739175685147
6063,0.45310414792429393,0.10880383385029677,0.3549689771364024,0.2651311066951855,0.17043228853500444
6064,0.4344960049309466,0.11160455432592013,0.194614915335668,0.14536049966560308,0.16343295204631558
6065,0.4097645184723374,0.11605985720761862,0.019085502445182295,0.014255218655855679,0.1541303582490116
6066,0.38014982854919455,0.12186612096674064,0.0,0.0,0.14299097804033806
6067,0.3471369393744406,0.12862765832340656,0.0,0.0,0.1305733864579589
6068,0.31238125506111786,0.1358836816807284,0.0,0.0,0.11750025339516146
6069,0.31238125506111786,0.14313970503805026,0.0,0.0,0.11750025339516146
6070,0.31238125506111786,0.14990124239471617,0.0,0.0,0.11750025339516146
6071,0.31238125506111786,0.1557075061538382,0.0,0.0,0.11750025339516146
6072,0.31238125506111786,0.16427219885651448,0.0,0.0,0.11750025339516146
6073,0.31238125506111786,0.16707291933213783,0.0,0.0,0.11750025339516146
6074,0.31238125506111786,0.16802819292968174,0.0,0.0,0.11750025339516146
6075,0.31238125506111786,0.16707291933213783,0.0,0.0,0.11750025339516146
6076,0.31238125506111786,0.16427219885651448,0.0,0.0,0.11750025339516146
6077,0.31238125506111786,0.15981689597481596,0.0,0.0,0.11750025339516146
6078,0.31238125506111786,0.15401063221569394,0.01887370486386929,0.014097024191703103,0.11750025339516146
6079,0.3471369393744406,0.14724909485902804,0.19444981074928572,0.1452371808278243,0.1305733864579589
6080,0.38014982854919455,0.13999307150170623,0.35485694350537833,0.26504742726826735,0.14299097804033806
6081,0.4097645184723373,0.13273704814438436,0.4875817894027431,0.3641814010667556,0.15413035824901158
6082,0.4344960049309466,0.12597551078771846,0.5822705218511005,0.434905689786641,0.16343295204631558
6083,0.45310414792429393,0.12016924702859644,0.6315365003974506,0.4717031122537762,0.17043228853500444
6084,0.46465585746185456,0.11571394414689792,0.6315365003974505,0.47170311225377615,0.17477739175685147
6085,0.46857188259167676,0.11291322367127458,0.5822705218511005,0.434905689786641,0.1762503800927422
6086,0.46465585746185456,0.11195795007373067,0.48758178940274316,0.3641814010667557,0.17477739175685147
6087,0.45310414792429393,0.11291322367127456,0.35485694350537833,0.26504742726826735,0.17043228853500444
6088,0.4344960049309466,0.11571394414689792,0.19444981074928588,0.14523718082782444,0.16343295204631558
6089,0.4097645184723374,0.12016924702859641,0.018873704863869332,0.014097024191703134,0.1541303582490116
6090,0.38014982854919455,0.12597551078771843,0.0,0.0,0.14299097804033806
6091,0.3471369393744406,0.13273704814438433,0.0,0.0,0.1305733864579589
6092,0.31238125506111786,0.13999307150170623,0.0,0.0,0.11750025339516146
6093,0.31238125506111786,0.14724909485902804,0.0,0.0,0.11750025339516146
6094,0.31238125506111786,0.15401063221569394,0.0,0.0,0.11750025339516146
6095,0.31238125506111786,0.15981689597481596,0.0,0.0,0.11750025339516146
6096,0.31238125506111786,0.1628450227490427,0.0,0.0,0.11750025339516146
6097,0.31238125506111786,0.16564574322466605,0.0,0.0,0.11750025339516146
6098,0.31238125506111786,0.16660101682220996,0.0,0.0,0.11750025339516146
6099,0.31238125506111786,0.16564574322466605,0.0,0.0,0.11750025339516146
6100,0.31238125506111786,0.1628450227490427,0.0,0.0,0.11750025339516146
6101,0.31238125506111786,0.15838971986734418,0.0,0.0,0.11750025339516146
6102,0.31238125506111786,0.15258345610822216,0.01868230562844442,0.013954065526644023,0.11750025339516146
6103,0.3471369393744406,0.14582191875155626,0.19430059651841414,0.14512573071045123,0.1305733864579589
6104,0.38014982854919455,0.13856589539423445,0.3547556872020201,0.26497179757243927,0.14299097804033806
6105,0.4097645184723373,0.13130987203691258,0.48752567755254206,0.36413949037060817,0.15413035824901158
6106,0.4344960049309466,0.12454833468024668,0.5822492100592161,0.4348897717224385,0.16343295204631558
6107,0.45310414792429393,0.11874207092112465,0.6315340691890523,0.4717012963515009,0.17043228853500444
6108,0.46465585746185456,0.11428676803942615,0.6315340691890523,0.47170129635150093,0.17477739175685147
6109,0.46857188259167676,0.1114860475638028,0.5822492100592163,0.43488977172243853,0.1762503800927422
6110,0.46465585746185456,0.11053077396625889,0.48752567755254206,0.36413949037060817,0.17477739175685147
6111,0.45310414792429393,0.11148604756380277,0.3547556872020199,0.2649717975724391,0.17043228853500444
6112,0.4344960049309466,0.11428676803942615,0.194300596518414,0.14512573071045112,0.16343295204631558
6113,0.4097645184723374,0.11874207092112463,0.018682305628444414,0.013954065526644016,0.1541303582490116
6114,0.38014982854919455,0.12454833468024665,0.0,0.0,0.14299097804033806
6115,0.3471369393744406,0.13130987203691255,0.0,0.0,0.1305733864579589
6116,0.31238125506111786,0.13856589539423445,0.0,0.0,0.11750025339516146
6117,0.31238125506111786,0.14582191875155626,0.0,0.0,0.11750025339516146
6118,0.31238125506111786,0.15258345610822216,0.0,0.0,0.11750025339516146
6119,0.31238125506111786,0.15838971986734418,0.0,0.0,0.11750025339516146
6120,0.31238125506111786,0.1565490722751033,0.0,0.0,0.11750025339516146
6121,0.31238125506111786,0.15934979275072667,0.0,0.0,0.11750025339516146
6122,0.31238125506111786,0.16030506634827055,0.0,0.0,0.11750025339516146
6123,0.31238125506111786,0.15934979275072667,0.0,0.0,0.11750025339516146
6124,0.31238125506111786,0.1565490722751033,0.0,0.0,0.11750025339516146
6125,0.31238125506111786,0.1520937693934048,0.0,0.0,0.11750025339516146
6126,0.31238125506111786,0.14628750563428278,0.018511385944341558,0.013826403314109966,0.11750025339516146
6127,0.3471369393744406,0.13952596827761687,0.19416733928050023,0.1450261990858899,0.1305733864579589
6128,0.38014982854919455,0.13226994492029504,0.35466525504303326,0.2649042525757288,0.14299097804033806
6129,0.4097645184723373,0.12501392156297317,0.48747556236470785,0.3641020586622941,0.15413035824901158
6130,0.4344960049309466,0.11825238420630728,0.5822301754695817,0.43487555453124616,0.16343295204631558
6131,0.45310414792429393,0.11244612044718526,0.6315318977382833,0.4716996744656951,0.17043228853500444
6132,0.46465585746185456,0.10799081756548674,0.6315318977382833,0.47169967446569516,0.17477739175685147
6133,0.46857188259167676,0.1051900970898634,0.5822301754695817,0.4348755545312462,0.1762503800927422
6134,0.46465585746185456,0.1042348234923195,0.48747556236470796,0.3641020586622942,0.17477739175685147
6135,0.45310414792429393,0.10519009708986339,0.3546652550430334,0.2649042525757289,0.17043228853500444
6136,0.4344960049309466,0.10799081756548674,0.19416733928050028,0.14502619908588996,0.16343295204631558
6137,0.4097645184723374,0.11244612044718523,0.018511385944341555,0.013826403314109965,0.1541303582490116
6138,0.38014982854919455,0.11825238420630726,0.0,0.0,0.14299097804033806
6139,0.3471369393744406,0.12501392156297317,0.0,0.0,0.1305733864579589
6140,0.31238125506111786,0.13226994492029504,0.0,0.0,0.11750025339516146
6141,0.31238125506111786,0.13952596827761687,0.0,0.0,0.11750025339516146
6142,0.31238125506111786,0.14628750563428278,0.0,0.0,0.11750025339516146
6143,0.31238125506111786,0.1520937693934048,0.0,0.0,0.11750025339516146
6144,0.31238125506111786,0.1483302926331468,0.0,0.0,0.11750025339516146
6145,0.31238125506111786,0.15113101310877014,0.0,0.0,0.11750025339516146
6146,0.31238125506111786,0.15208628670631402,0.0,0.0,0.11750025339516146
6147,0.31238125506111786,0.15113101310877014,0.0,0.0,0.11750025339516146
6148,0.31238125506111786,0.1483302926331468,0.0,0.0,0.11750025339516146
6149,0.31238125506111786,0.14387498975144827,0.0,0.0,0.11750025339516146
6150,0.31238125506111786,0.13806872599232628,0.01836101838993523,0.013714091763865736,0.11750025339516146
6151,0.3471369393744406,0.13130718863566035,0.1940500986078839,0.1449386304495228,0.1305733864579589
6152,0.38014982854919455,0.12405116527833851,0.3545856888881089,0.2648448235437025,0.14299097804033806
6153,0.4097645184723373,0.11679514192101667,0.4874314675826958,0.36406912367611965,0.15413035824901158
6154,0.4344960049309466,0.11003360456435075,0.5822134272308944,0.4348630450463493,0.16343295204631558
6155,0.45310414792429393,0.10422734080522873,0.6315299870960261,0.47169824738127714,0.17043228853500444
6156,0.46465585746185456,0.09977203792353023,0.6315299870960261,0.47169824738127714,0.17477739175685147
6157,0.46857188259167676,0.09697131744790688,0.5822134272308944,0.4348630450463493,0.1762503800927422
6158,0.46465585746185456,0.09601604385036297,0.48743146758269584,0.3640691236761197,0.17477739175685147
6159,0.45310414792429393,0.09697131744790685,0.35458568888810904,0.2648448235437026,0.17043228853500444
6160,0.4344960049309466,0.09977203792353023,0.1940500986078841,0.14493863044952296,0.16343295204631558
6161,0.4097645184723374,0.1042273408052287,0.018361018389935452,0.013714091763865902,0.1541303582490116
6162,0.38014982854919455,0.11003360456435073,0.0,0.0,0.14299097804033806
6163,0.3471369393744406,0.11679514192101664,0.0,0.0,0.1305733864579589
6164,0.31238125506111786,0.12405116527833851,0.0,0.0,0.11750025339516146
6165,0.31238125506111786,0.13130718863566035,0.0,0.0,0.11750025339516146
6166,0.31238125506111786,0.13806872599232628,0.0,0.0,0.11750025339516146
6167,0.31238125506111786,0.14387498975144827,0.0,0.0,0.11750025339516146
6168,0.31238125506111786,0.14203434215920732,0.0,0.0,0.11750025339516146
6169,0.31238125506111786,0.14483506263483067,0.0,0.0,0.11750025339516146
6170,0.31238125506111786,0.14579033623237456,0.0,0.0,0.11750025339516146
6171,0.31238125506111786,0.14483506263483067,0.0,0.0,0.11750025339516146
6172,0.31238125506111786,0.14203434215920732,0.0,0.0,0.11750025339516146
6173,0.31238125506111786,0.1375790392775088,0.0,0.0,0.11750025339516146
6174,0.31238125506111786,0.13177277551838681,0.018231266864694944,0.013617178603285152,0.11750025339516146
6175,0.3471369393744406,0.12501123816172088,0.193948926960417,0.14486306398431936,0.1305733864579589
6176,0.38014982854919455,0.11775521480439903,0.35451702560438947,0.2647935380129253,0.14299097804033806
6177,0.4097645184723373,0.1104991914470772,0.487393414120049,0.3640407010326917,0.15413035824901158
6178,0.4344960049309466,0.10373765409041129,0.5821989734019037,0.4348522492869362,0.16343295204631558
6179,0.45310414792429393,0.09793139033128927,0.6315283381879893,0.47169701578967105,0.17043228853500444
6180,0.46465585746185456,0.09347608744959077,0.6315283381879893,0.47169701578967105,0.17477739175685147
6181,0.46857188259167676,0.09067536697396741,0.5821989734019037,0.4348522492869362,0.1762503800927422
6182,0.46465585746185456,0.0897200933764235,0.487393414120049,0.3640407010326917,0.17477739175685147
6183,0.45310414792429393,0.09067536697396739,0.3545170256043895,0.2647935380129254,0.17043228853500444
6184,0.4344960049309466,0.09347608744959077,0.1939489269604171,0.14486306398431945,0.16343295204631558
6185,0.4097645184723374,0.09793139033128924,0.018231266864695273,0.0136171786032854,0.1541303582490116
6186,0.38014982854919455,0.10373765409041126,0.0,0.0,0.14299097804033806
6187,0.3471369393744406,0.11049919144707718,0.0,0.0,0.1305733864579589
6188,0.31238125506111786,0.11775521480439903,0.0,0.0,0.11750025339516146
6189,0.31238125506111786,0.12501123816172088,0.0,0.0,0.11750025339516146
6190,0.31238125506111786,0.13177277551838681,0.0,0.0,0.11750025339516146
6191,0.31238125506111786,0.1375790392775088,0.0,0.0,0.11750025339516146
6192,0.31238125506111786,0.1406071660517354,0.0,0.0,0.11750025339516146
6193,0.31238125506111786,0.14340788652735872,0.0,0.0,0.11750025339516146
6194,0.31238125506111786,0.14436316012490263,0.0,0.0,0.11750025339516146
6195,0.31238125506111786,0.14340788652735872,0.0,0.0,0.11750025339516146
6196,0.31238125506111786,0.1406071660517354,0.0,0.0,0.11750025339516146
6197,0.31238125506111786,0.13615186317003689,0.0,0.0,0.11750025339516146
6198,0.31238125506111786,0.13034559941091486,0.01812218654348031,0.013535705043213483,0.11750025339516146
6199,0.3471369393744406,0.12358406205424895,0.19386386964367075,0.14479953352962055,0.1305733864579589
6200,0.38014982854919455,0.1163280386969271,0.3544592970351162,0.2647504197675428,0.14299097804033806
6201,0.4097645184723373,0.10907201533960527,0.4873614200418724,0.36401680422508026,0.15413035824901158
6202,0.4344960049309466,0.10231047798293935,0.5821868209440967,0.4348431724526352,0.16343295204631558
6203,0.45310414792429393,0.09650421422381733,0.6315269518138575,0.4716959802881723,0.17043228853500444
6204,0.46465585746185456,0.09204891134211883,0.6315269518138575,0.4716959802881723,0.17477739175685147
6205,0.46857188259167676,0.08924819086649548,0.5821868209440967,0.4348431724526352,0.1762503800927422
6206,0.46465585746185456,0.08829291726895157,0.48736142004187244,0.3640168042250803,0.17477739175685147
6207,0.45310414792429393,0.08924819086649546,0.3544592970351161,0.26475041976754277,0.17043228853500444
6208,0.4344960049309466,0.09204891134211883,0.1938638696436708,0.14479953352962058,0.16343295204631558
6209,0.4097645184723374,0.0965042142238173,0.018122186543480193,0.013535705043213395,0.1541303582490116
6210,0.38014982854919455,0.10231047798293932,0.0,0.0,0.14299097804033806
6211,0.3471369393744406,0.10907201533960524,0.0,0.0,0.1305733864579589
6212,0.31238125506111786,0.1163280386969271,0.0,0.0,0.11750025339516146
6213,0.31238125506111786,0.12358406205424895,0.0,0.0,0.11750025339516146
6214,0.31238125506111786,0.13034559941091486,0.0,0.0,0.11750025339516146
6215,0.31238125506111786,0.13615186317003689,0.0,0.0,0.11750025339516146
6216,0.31238125506111786,0.14471655587271315,0.0,0.0,0.11750025339516146
6217,0.31238125506111786,0.1475172763483365,0.0,0.0,0.11750025339516146
6218,0.31238125506111786,0.1484725499458804,0.0,0.0,0.11750025339516146
6219,0.31238125506111786,0.1475172763483365,0.0,0.0,0.11750025339516146
6220,0.31238125506111786,0.14471655587271315,0.0,0.0,0.11750025339516146
6221,0.31238125506111786,0.14026125299101463,0.0,0.0,0.11750025339516146
6222,0.31238125506111786,0.1344549892318926,0.018033823837033704,0.013469705748458866,0.11750025339516146
6223,0.3471369393744406,0.1276934518752267,0.19379496477279154,0.14474806755414216,0.1305733864579589
6224,0.38014982854919455,0.12043742851790488,0.35441252997250494,0.2647154888190215,0.14299097804033806
6225,0.4097645184723373,0.11318140516058305,0.4873355005488017,0.3639974446068448,0.15413035824901158
6226,0.4344960049309466,0.10641986780391713,0.5821769757153683,0.43483581891878703,0.16343295204631558
6227,0.45310414792429393,0.10061360404479511,0.6315258286465568,0.4716951413793982,0.17043228853500444
6228,0.46465585746185456,0.09615830116309661,0.6315258286465568,0.4716951413793982,0.17477739175685147
6229,0.46857188259167676,0.09335758068747325,0.5821769757153683,0.43483581891878703,0.1762503800927422
6230,0.46465585746185456,0.09240230708992934,0.48733550054880176,0.36399744460684486,0.17477739175685147
6231,0.45310414792429393,0.09335758068747323,0.354412529972505,0.26471548881902157,0.17043228853500444
6232,0.4344960049309466,0.09615830116309661,0.19379496477279154,0.14474806755414216,0.16343295204631558
6233,0.4097645184723374,0.10061360404479508,0.01803382383703352,0.013469705748458728,0.1541303582490116
6234,0.38014982854919455,0.1064198678039171,0.0,0.0,0.14299097804033806
6235,0.3471369393744406,0.11318140516058302,0.0,0.0,0.1305733864579589
6236,0.31238125506111786,0.12043742851790488,0.0,0.0,0.11750025339516146
6237,0.31238125506111786,0.1276934518752267,0.0,0.0,0.11750025339516146
6238,0.31238125506111786,0.1344549892318926,0.0,0.0,0.11750025339516146
6239,0.31238125506111786,0.14026125299101463,0.0,0.0,0.11750025339516146
6240,0.31238125506111786,0.1524396824541248,0.0,0.0,0.11750025339516146
6241,0.31238125506111786,0.15524040292974814,0.0,0.0,0.11750025339516146
6242,0.31238125506111786,0.15619567652729202,0.0,0.0,0.11750025339516146
6243,0.31238125506111786,0.15524040292974814,0.0,0.0,0.11750025339516146
6244,0.31238125506111786,0.1524396824541248,0.0,0.0,0.11750025339516146
6245,0.31238125506111786,0.14798437957242627,0.0,0.0,0.11750025339516146
6246,0.31238125506111786,0.14217811581330425,0.017966216358715426,0.013419208812946363,0.11750025339516146
6247,0.3471369393744406,0.13541657845663835,0.1937422432420549,0.14470868913323442,0.1305733864579589
6248,0.38014982854919455,0.1281605550993165,0.35437674613489323,0.2646887613890801,0.14299097804033806
6249,0.4097645184723373,0.12090453174199466,0.48731566796349546,0.3639826313819447,0.15413035824901158
6250,0.4344960049309466,0.11414299438532875,0.5821694424646885,0.4348301922324612,0.16343295204631558
6251,0.45310414792429393,0.10833673062620672,0.6315249692316344,0.4716944994708254,0.17043228853500444
6252,0.46465585746185456,0.10388142774450822,0.6315249692316344,0.4716944994708254,0.17477739175685147
6253,0.46857188259167676,0.10108070726888488,0.5821694424646886,0.4348301922324613,0.1762503800927422
6254,0.46465585746185456,0.10012543367134097,0.4873156679634956,0.3639826313819448,0.17477739175685147
6255,0.45310414792429393,0.10108070726888485,0.35437674613489323,0.2646887613890801,0.17043228853500444
6256,0.4344960049309466,0.10388142774450822,0.19374224324205508,0.14470868913323454,0.16343295204631558
6257,0.4097645184723374,0.1083367306262067,0.017966216358715422,0.01341920881294636,0.1541303582490116
6258,0.38014982854919455,0.11414299438532872,0.0,0.0,0.14299097804033806
6259,0.3471369393744406,0.12090453174199463,0.0,0.0,0.1305733864579589
6260,0.31238125506111786,0.1281605550993165,0.0,0.0,0.11750025339516146
6261,0.31238125506111786,0.13541657845663835,0.0,0.0,0.11750025339516146
6262,0.31238125506111786,0.14217811581330425,0.0,0.0,0.11750025339516146
6263,0.31238125506111786,0.14798437957242627,0.0,0.0,0.11750025339516146
6264,0.31238125506111786,0.16016280903553623,0.0,0.0,0.11750025339516146
6265,0.31238125506111786,0.16296352951115955,0.0,0.0,0.11750025339516146
6266,0.31238125506111786,0.1639188031087035,0.0,0.0,0.11750025339516146
6267,0.31238125506111786,0.16296352951115955,0.0,0.0,0.11750025339516146
6268,0.31238125506111786,0.16016280903553623,0.0,0.0,0.11750025339516146
6269,0.31238125506111786,0.15570750615383772,0.0,0.0,0.11750025339516146
6270,0.31238125506111786,0.1499012423947157,0.01791939289752475,0.013384235739567018,0.11750025339516146
6271,0.3471369393744406,0.1431397050380498,0.19370572870016423,0.14468141593043218,0.1305733864579589
6272,0.38014982854919455,0.13588368168072795,0.3543519621481952,0.2646702498958376,0.14299097804033806
6273,0.4097645184723373,0.1286276583234061,0.48730193171967184,0.36397237159655116,0.15413035824901158
6274,0.4344960049309466,0.1218661209667402,0.5821642248277729,0.43482629510922266,0.16343295204631558
6275,0.45310414792429393,0.11605985720761818,0.6315243739867554,0.4716940548744137,0.17043228853500444
6276,0.46465585746185456,0.11160455432591967,0.6315243739867554,0.4716940548744137,0.17477739175685147
6277,0.46857188259167676,0.10880383385029632,0.582164224827773,0.4348262951092227,0.1762503800927422
6278,0.46465585746185456,0.10784856025275241,0.48730193171967184,0.36397237159655116,0.17477739175685147
6279,0.45310414792429393,0.1088038338502963,0.3543519621481953,0.2646702498958377,0.17043228853500444
6280,0.4344960049309466,0.11160455432591967,0.1937057287001643,0.14468141593043224,0.16343295204631558
6281,0.4097645184723374,0.11605985720761815,0.017919392897524856,0.013384235739567095,0.1541303582490116
6282,0.38014982854919455,0.12186612096674017,0.0,0.0,0.14299097804033806
6283,0.3471369393744406,0.12862765832340609,0.0,0.0,0.1305733864579589
6284,0.31238125506111786,0.13588368168072795,0.0,0.0,0.11750025339516146
6285,0.31238125506111786,0.1431397050380498,0.0,0.0,0.11750025339516146
6286,0.31238125506111786,0.1499012423947157,0.0,0.0,0.11750025339516146
6287,0.31238125506111786,0.15570750615383772,0.0,0.0,0.11750025339516146
6288,0.31238125506111786,0.1642721988565145,0.0,0.0,0.11750025339516146
6289,0.31238125506111786,0.16707291933213786,0.0,0.0,0.11750025339516146
6290,0.31238125506111786,0.16802819292968177,0.0,0.0,0.11750025339516146
6291,0.31238125506111786,0.16707291933213786,0.0,0.0,0.11750025339516146
6292,0.31238125506111786,0.1642721988565145,0.0,0.0,0.11750025339516146
6293,0.31238125506111786,0.159816895974816,0.0,0.0,0.11750025339516146
6294,0.31238125506111786,0.15401063221569397,0.01789337339743737,0.013364801424744704,0.11750025339516146
6295,0.3471369393744406,0.14724909485902807,0.19368543753132644,0.1446662601833201,0.1305733864579589
6296,0.38014982854919455,0.13999307150170623,0.35433818953169205,0.2646599629432001,0.14299097804033806
6297,0.4097645184723373,0.1327370481443844,0.48729429835370713,0.3639666701327715,0.15413035824901158
6298,0.4344960049309466,0.1259755107877185,0.582161325323764,0.43482412943065274,0.16343295204631558
6299,0.45310414792429393,0.12016924702859647,0.6315240432013178,0.4716938078063182,0.17043228853500444
6300,0.46465585746185456,0.11571394414689794,0.6315240432013178,0.4716938078063182,0.17477739175685147
6301,0.46857188259167676,0.11291322367127461,0.582161325323764,0.43482412943065274,0.1762503800927422
6302,0.46465585746185456,0.1119579500737307,0.48729429835370713,0.3639666701327715,0.17477739175685147
6303,0.45310414792429393,0.11291322367127458,0.35433818953169205,0.2646599629432001,0.17043228853500444
6304,0.4344960049309466,0.11571394414689794,0.1936854375313266,0.14466626018332024,0.16343295204631558
6305,0.4097645184723374,0.12016924702859644,0.017893373397437535,0.013364801424744827,0.1541303582490116
6306,0.38014982854919455,0.12597551078771846,0.0,0.0,0.14299097804033806
6307,0.3471369393744406,0.13273704814438436,0.0,0.0,0.1305733864579589
6308,0.31238125506111786,0.13999307150170623,0.0,0.0,0.11750025339516146
6309,0.31238125506111786,0.14724909485902807,0.0,0.0,0.11750025339516146
6310,0.31238125506111786,0.15401063221569397,0.0,0.0,0.11750025339516146
6311,0.31238125506111786,0.159816895974816,0.0,0.0,0.11750025339516146
6312,0.31238125506111786,0.16284502274904267,0.0,0.0,0.11750025339516146
6313,0.31238125506111786,0.16564574322466602,0.0,0.0,0.11750025339516146
6314,0.31238125506111786,0.1666010168222099,0.0,0.0,0.11750025339516146
6315,0.31238125506111786,0.16564574322466602,0.0,0.0,0.11750025339516146
6316,0.31238125506111786,0.16284502274904267,0.0,0.0,0.11750025339516146
6317,0.31238125506111786,0.15838971986734415,0.0,0.0,0.11750025339516146
6318,0.31238125506111786,0.15258345610822216,0.017888168943083874,0.013360914147739208,0.11750025339516146
6319,0.3471369393744406,0.14582191875155623,0.19368137884213352,0.14466322869373438,0.1305733864579589
6320,0.38014982854919455,0.1385658953942344,0.3543354346881797,0.2646579053135022,0.14299097804033806
6321,0.4097645184723373,0.13130987203691252,0.4872927714988112,0.3639655297042992,0.15413035824901158
6322,0.4344960049309466,0.12454833468024662,0.5821607453529317,0.4348236962426322,0.16343295204631558
6323,0.45310414792429393,0.1187420709211246,0.6315239770361852,0.4716937583866901,0.17043228853500444
6324,0.46465585746185456,0.1142867680394261,0.6315239770361852,0.4716937583866901,0.17477739175685147
6325,0.46857188259167676,0.11148604756380276,0.5821607453529318,0.43482369624263223,0.1762503800927422
6326,0.46465585746185456,0.11053077396625885,0.4872927714988112,0.3639655297042992,0.17477739175685147
6327,0.45310414792429393,0.11148604756380273,0.35433543468817974,0.26465790531350225,0.17043228853500444
6328,0.4344960049309466,0.1142867680394261,0.19368137884213335,0.14466322869373427,0.16343295204631558
6329,0.4097645184723374,0.11874207092112457,0.017888168943083527,0.013360914147738951,0.1541303582490116
6330,0.38014982854919455,0.12454833468024659,0.0,0.0,0.14299097804033806
6331,0.3471369393744406,0.1313098720369125,0.0,0.0,0.1305733864579589
6332,0.31238125506111786,0.1385658953942344,0.0,0.0,0.11750025339516146
6333,0.31238125506111786,0.14582191875155623,0.0,0.0,0.11750025339516146
6334,0.31238125506111786,0.15258345610822216,0.0,0.0,0.11750025339516146
6335,0.31238125506111786,0.15838971986734415,0.0,0.0,0.11750025339516146
6336,0.31238125506111786,0.15654907227510323,0.0,0.0,0.11750025339516146
6337,0.31238125506111786,0.15934979275072655,0.0,0.0,0.11750025339516146
6338,0.31238125506111786,0.16030506634827046,0.0,0.0,0.11750025339516146
6339,0.31238125506111786,0.15934979275072655,0.0,0.0,0.11750025339516146
6340,0.31238125506111786,0.15654907227510323,0.0,0.0,0.11750025339516146
6341,0.31238125506111786,0.15209376939340472,0.0,0.0,0.11750025339516146
6342,0.31238125506111786,0.1462875056342827,0.017903781751788427,0.013372575564699788,0.11750025339516146
6343,0.3471369393744406,0.1395259682776168,0.1936935544542686,0.1446723228223146,0.1305733864579589
6344,0.38014982854919455,0.13226994492029495,0.3543436988984914,0.26466407796341535,0.14299097804033806
6345,0.4097645184723373,0.12501392156297308,0.48729735188178785,0.3639689508539937,0.15413035824901158
6346,0.4344960049309466,0.11825238420630718,0.5821624851953946,0.4348249957543849,0.16343295204631558
6347,0.45310414792429393,0.11244612044718516,0.6315241755235376,0.4716939066395651,0.17043228853500444
6348,0.46465585746185456,0.10799081756548666,0.6315241755235376,0.4716939066395651,0.17477739175685147
6349,0.46857188259167676,0.10519009708986331,0.5821624851953946,0.4348249957543849,0.1762503800927422
6350,0.46465585746185456,0.1042348234923194,0.48729735188178797,0.3639689508539938,0.17477739175685147
6351,0.45310414792429393,0.1051900970898633,0.35434369889849143,0.2646640779634154,0.17043228853500444
6352,0.4344960049309466,0.10799081756548666,0.19369355445426864,0.14467232282231463,0.16343295204631558
6353,0.4097645184723374,0.11244612044718513,0.017903781751788656,0.01337257556469996,0.1541303582490116
6354,0.38014982854919455,0.11825238420630715,0.0,0.0,0.14299097804033806
6355,0.3471369393744406,0.12501392156297306,0.0,0.0,0.1305733864579589
6356,0.31238125506111786,0.13226994492029495,0.0,0.0,0.11750025339516146
6357,0.31238125506111786,0.1395259682776168,0.0,0.0,0.11750025339516146
6358,0.31238125506111786,0.1462875056342827,0.0,0.0,0.11750025339516146
6359,0.31238125506111786,0.15209376939340472,0.0,0.0,0.11750025339516146
6360,0.31238125506111786,0.14833029263314704,0.0,0.0,0.11750025339516146
6361,0.31238125506111786,0.15113101310877036,0.0,0.0,0.11750025339516146
6362,0.31238125506111786,0.1520862867063143,0.0,0.0,0.11750025339516146
6363,0.31238125506111786,0.15113101310877036,0.0,0.0,0.11750025339516146
6364,0.31238125506111786,0.14833029263314704,0.0,0.0,0.11750025339516146
6365,0.31238125506111786,0.14387498975144852,0.0,0.0,0.11750025339516146
6366,0.31238125506111786,0.1380687259923265,0.017940205171976597,0.013399780707475975,0.11750025339516146
6367,0.3471369393744406,0.1313071886356606,0.19372195890304716,0.14469353848741434,0.1305733864579589
6368,0.38014982854919455,0.12405116527833873,0.3543629783204015,0.2646784780231296,0.14299097804033806
6369,0.4097645184723373,0.1167951419210169,0.4873080373223875,0.36397693195339725,0.15413035824901158
6370,0.4344960049309466,0.110033604564351,0.5821665440108622,0.4348280273382869,0.16343295204631558
6371,0.45310414792429393,0.10422734080522897,0.631524638566842,0.47169425249284147,0.17043228853500444
6372,0.46465585746185456,0.09977203792353048,0.631524638566842,0.47169425249284147,0.17477739175685147
6373,0.46857188259167676,0.09697131744790713,0.5821665440108622,0.4348280273382869,0.1762503800927422
6374,0.46465585746185456,0.09601604385036322,0.48730803732238753,0.3639769319533973,0.17477739175685147
6375,0.45310414792429393,0.0969713174479071,0.35436297832040153,0.26467847802312966,0.17043228853500444
6376,0.4344960049309466,0.09977203792353048,0.19372195890304728,0.14469353848741442,0.16343295204631558
6377,0.4097645184723374,0.10422734080522895,0.01794020517197674,0.013399780707476083,0.1541303582490116
6378,0.38014982854919455,0.11003360456435098,0.0,0.0,0.14299097804033806
6379,0.3471369393744406,0.11679514192101689,0.0,0.0,0.1305733864579589
6380,0.31238125506111786,0.12405116527833873,0.0,0.0,0.11750025339516146
6381,0.31238125506111786,0.1313071886356606,0.0,0.0,0.11750025339516146
6382,0.31238125506111786,0.1380687259923265,0.0,0.0,0.11750025339516146
6383,0.31238125506111786,0.14387498975144852,0.0,0.0,0.11750025339516146
6384,0.31238125506111786,0.14203434215920727,0.0,0.0,0.11750025339516146
6385,0.31238125506111786,0.14483506263483062,0.0,0.0,0.11750025339516146
6386,0.31238125506111786,0.14579033623237453,0.0,0.0,0.11750025339516146
6387,0.31238125506111786,0.14483506263483062,0.0,0.0,0.11750025339516146
6388,0.31238125506111786,0.14203434215920727,0.0,0.0,0.11750025339516146
6389,0.31238125506111786,0.13757903927750878,0.0,0.0,0.11750025339516146
6390,0.31238125506111786,0.13177277551838676,0.01799742368795203,0.013442517987185335,0.11750025339516146
6391,0.3471369393744406,0.12501123816172083,0.19376657944179326,0.1447268661683698,0.1305733864579589
6392,0.38014982854919455,0.117755214804399,0.35439326399191307,0.26470109879880876,0.14299097804033806
6393,0.4097645184723373,0.11049919144707715,0.48732482273525013,0.36398946920418607,0.15413035824901158
6394,0.4344960049309466,0.10373765409041125,0.5821729198394043,0.4348327895304399,0.16343295204631558
6395,0.45310414792429393,0.09793139033128921,0.6315253659409419,0.47169479577834666,0.17043228853500444
6396,0.46465585746185456,0.09347608744959071,0.631525365940942,0.4716947957783467,0.17477739175685147
6397,0.46857188259167676,0.09067536697396737,0.5821729198394044,0.43483278953043997,0.1762503800927422
6398,0.46465585746185456,0.08972009337642348,0.4873248227352502,0.3639894692041861,0.17477739175685147
6399,0.45310414792429393,0.09067536697396736,0.3543932639919132,0.2647010987988089,0.17043228853500444
6400,0.4344960049309466,0.09347608744959071,0.1937665794417933,0.14472686616836983,0.16343295204631558
6401,0.4097645184723374,0.0979313903312892,0.017997423687951875,0.013442517987185218,0.1541303582490116
6402,0.38014982854919455,0.10373765409041122,0.0,0.0,0.14299097804033806
6403,0.3471369393744406,0.11049919144707714,0.0,0.0,0.1305733864579589
6404,0.31238125506111786,0.117755214804399,0.0,0.0,0.11750025339516146
6405,0.31238125506111786,0.12501123816172083,0.0,0.0,0.11750025339516146
6406,0.31238125506111786,0.13177277551838676,0.0,0.0,0.11750025339516146
6407,0.31238125506111786,0.13757903927750878,0.0,0.0,0.11750025339516146
6408,0.31238125506111786,0.14060716605173543,0.0,0.0,0.11750025339516146
6409,0.31238125506111786,0.14340788652735875,0.0,0.0,0.11750025339516146
6410,0.31238125506111786,0.14436316012490266,0.0,0.0,0.11750025339516146
6411,0.31238125506111786,0.14340788652735875,0.0,0.0,0.11750025339516146
6412,0.31238125506111786,0.14060716605173543,0.0,0.0,0.11750025339516146
6413,0.31238125506111786,0.1361518631700369,0.0,0.0,0.11750025339516146
6414,0.31238125506111786,0.1303455994109149,0.018075412931040393,0.013500769202537012,0.11750025339516146
6415,0.3471369393744406,0.12358406205424897,0.19382739605204874,0.14477229091312516,0.1305733864579589
6416,0.38014982854919455,0.11632803869692712,0.3544345418389242,0.2647319297783168,0.14299097804033806
6417,0.4097645184723373,0.1090720153396053,0.4873477001344392,0.36400655664155657,0.15413035824901158
6418,0.4344960049309466,0.10231047798293938,0.5821816096032408,0.43483928003200845,0.16343295204631558
6419,0.45310414792429393,0.09650421422381734,0.6315263572922647,0.4716955362319927,0.17043228853500444
6420,0.46465585746185456,0.09204891134211884,0.6315263572922647,0.4716955362319927,0.17477739175685147
6421,0.46857188259167676,0.08924819086649549,0.582181609603241,0.43483928003200856,0.1762503800927422
6422,0.46465585746185456,0.08829291726895158,0.48734770013443923,0.3640065566415566,0.17477739175685147
6423,0.45310414792429393,0.08924819086649546,0.3544345418389244,0.26473192977831694,0.17043228853500444
6424,0.4344960049309466,0.09204891134211884,0.19382739605204885,0.14477229091312524,0.16343295204631558
6425,0.4097645184723374,0.09650421422381732,0.018075412931040417,0.01350076920253703,0.1541303582490116
6426,0.38014982854919455,0.10231047798293935,0.0,0.0,0.14299097804033806
6427,0.3471369393744406,0.10907201533960527,0.0,0.0,0.1305733864579589
6428,0.31238125506111786,0.11632803869692712,0.0,0.0,0.11750025339516146
6429,0.31238125506111786,0.12358406205424897,0.0,0.0,0.11750025339516146
6430,0.31238125506111786,0.1303455994109149,0.0,0.0,0.11750025339516146
6431,0.31238125506111786,0.1361518631700369,0.0,0.0,0.11750025339516146
6432,0.31238125506111786,0.14471655587271323,0.0,0.0,0.11750025339516146
6433,0.31238125506111786,0.14751727634833658,0.0,0.0,0.11750025339516146
6434,0.31238125506111786,0.14847254994588047,0.0,0.0,0.11750025339516146
6435,0.31238125506111786,0.14751727634833658,0.0,0.0,0.11750025339516146
6436,0.31238125506111786,0.14471655587271323,0.0,0.0,0.11750025339516146
6437,0.31238125506111786,0.14026125299101472,0.0,0.0,0.11750025339516146
6438,0.31238125506111786,0.1344549892318927,0.018174139697083504,0.01357450955289836,0.11750025339516146
6439,0.3471369393744406,0.1276934518752268,0.19390438145959676,0.1448297923502007,0.1305733864579589
6440,0.38014982854919455,0.12043742851790494,0.35448679268726135,0.2647709566402052,0.14299097804033806
6441,0.4097645184723373,0.1131814051605831,0.48737665864055557,0.3640281861395393,0.15413035824901158
6442,0.4344960049309466,0.10641986780391718,0.582192609109551,0.4348474957113183,0.16343295204631558
6443,0.45310414792429393,0.10061360404479518,0.6315276121391487,0.4716964734940198,0.17043228853500444
6444,0.46465585746185456,0.09615830116309666,0.6315276121391487,0.4716964734940198,0.17477739175685147
6445,0.46857188259167676,0.09335758068747332,0.5821926091095511,0.43484749571131837,0.1762503800927422
6446,0.46465585746185456,0.09240230708992941,0.4873766586405555,0.36402818613953924,0.17477739175685147
6447,0.45310414792429393,0.0933575806874733,0.3544867926872615,0.26477095664020533,0.17043228853500444
6448,0.4344960049309466,0.09615830116309666,0.1939043814595968,0.14482979235020071,0.16343295204631558
6449,0.4097645184723374,0.10061360404479515,0.018174139697083463,0.013574509552898328,0.1541303582490116
6450,0.38014982854919455,0.10641986780391717,0.0,0.0,0.14299097804033806
6451,0.3471369393744406,0.11318140516058307,0.0,0.0,0.1305733864579589
6452,0.31238125506111786,0.12043742851790494,0.0,0.0,0.11750025339516146
6453,0.31238125506111786,0.1276934518752268,0.0,0.0,0.11750025339516146
6454,0.31238125506111786,0.1344549892318927,0.0,0.0,0.11750025339516146
6455,0.31238125506111786,0.14026125299101472,0.0,0.0,0.11750025339516146
6456,0.31238125506111786,0.15243968245412487,0.0,0.0,0.11750025339516146
6457,0.31238125506111786,0.15524040292974822,0.0,0.0,0.11750025339516146
6458,0.31238125506111786,0.1561956765272921,0.0,0.0,0.11750025339516146
6459,0.31238125506111786,0.15524040292974822,0.0,0.0,0.11750025339516146
6460,0.31238125506111786,0.15243968245412487,0.0,0.0,0.11750025339516146
6461,0.31238125506111786,0.14798437957242636,0.0,0.0,0.11750025339516146
6462,0.31238125506111786,0.14217811581330433,0.01829356197026412,0.01366370765608996,0.11750025339516146
6463,0.3471369393744406,0.13541657845663843,0.19399750115627876,0.1448993447049884,0.1305733864579589
6464,0.38014982854919455,0.1281605550993166,0.3545499922790596,0.26481816126594837,0.14299097804033806
6465,0.4097645184723373,0.12090453174199475,0.4874116844904222,0.36405434741823184,0.15413035824901158
6466,0.4344960049309466,0.11414299438532884,0.582205913054298,0.43485743260671306,0.16343295204631558
6467,0.45310414792429393,0.10833673062620681,0.6315291298722869,0.4716976071093286,0.17043228853500444
6468,0.46465585746185456,0.1038814277445083,0.6315291298722869,0.4716976071093286,0.17477739175685147
6469,0.46857188259167676,0.10108070726888498,0.582205913054298,0.43485743260671306,0.1762503800927422
6470,0.46465585746185456,0.10012543367134105,0.4874116844904222,0.36405434741823184,0.17477739175685147
6471,0.45310414792429393,0.10108070726888495,0.35454999227905953,0.2648181612659483,0.17043228853500444
6472,0.4344960049309466,0.1038814277445083,0.1939975011562787,0.14489934470498836,0.16343295204631558
6473,0.4097645184723374,0.10833673062620679,0.01829356197026405,0.01366370765608991,0.1541303582490116
6474,0.38014982854919455,0.11414299438532882,0.0,0.0,0.14299097804033806
6475,0.3471369393744406,0.12090453174199473,0.0,0.0,0.1305733864579589
6476,0.31238125506111786,0.1281605550993166,0.0,0.0,0.11750025339516146
6477,0.31238125506111786,0.13541657845663843,0.0,0.0,0.11750025339516146
6478,0.31238125506111786,0.14217811581330433,0.0,0.0,0.11750025339516146
6479,0.31238125506111786,0.14798437957242636,0.0,0.0,0.11750025339516146
6480,0.31238125506111786,0.16016280903553629,0.0,0.0,0.11750025339516146
6481,0.31238125506111786,0.16296352951115964,0.0,0.0,0.11750025339516146
6482,0.31238125506111786,0.16391880310870355,0.0,0.0,0.11750025339516146
6483,0.31238125506111786,0.16296352951115964,0.0,0.0,0.11750025339516146
6484,0.31238125506111786,0.16016280903553629,0.0,0.0,0.11750025339516146
6485,0.31238125506111786,0.1557075061538378,0.0,0.0,0.11750025339516146
6486,0.31238125506111786,0.14990124239471578,0.018433628953231914,0.013768325570887167,0.11750025339516146
6487,0.3471369393744406,0.14313970503804985,0.19410671342757302,0.14498091682035052,0.1305733864579589
6488,0.38014982854919455,0.135883681680728,0.35462411129346605,0.2648735217554065,0.14299097804033806
6489,0.4097645184723373,0.12862765832340617,0.4874527610493222,0.3640850280529404,0.15413035824901158
6490,0.4344960049309466,0.12186612096674025,0.5822215150270615,0.4348690859301635,0.16343295204631558
6491,0.45310414792429393,0.11605985720761824,0.6315309097552897,0.4716989365278995,0.17043228853500444
6492,0.46465585746185456,0.11160455432591973,0.6315309097552897,0.4716989365278995,0.17477739175685147
6493,0.46857188259167676,0.10880383385029639,0.5822215150270617,0.43486908593016355,0.1762503800927422
6494,0.46465585746185456,0.10784856025275248,0.4874527610493221,0.3640850280529403,0.17477739175685147
6495,0.45310414792429393,0.10880383385029636,0.3546241112934661,0.26487352175540657,0.17043228853500444
6496,0.4344960049309466,0.11160455432591973,0.19410671342757307,0.14498091682035055,0.16343295204631558
6497,0.4097645184723374,0.11605985720761822,0.01843362895323169,0.013768325570886999,0.1541303582490116
6498,0.38014982854919455,0.12186612096674025,0.0,0.0,0.14299097804033806
6499,0.3471369393744406,0.12862765832340614,0.0,0.0,0.1305733864579589
6500,0.31238125506111786,0.135883681680728,0.0,0.0,0.11750025339516146
6501,0.31238125506111786,0.14313970503804985,0.0,0.0,0.11750025339516146
6502,0.31238125506111786,0.14990124239471578,0.0,0.0,0.11750025339516146
6503,0.31238125506111786,0.1557075061538378,0.0,0.0,0.11750025339516146
6504,0.31238125506111786,0.16427219885651453,0.0,0.0,0.11750025339516146
6505,0.31238125506111786,0.1670729193321379,0.0,0.0,0.11750025339516146
6506,0.31238125506111786,0.16802819292968177,0.0,0.0,0.11750025339516146
6507,0.31238125506111786,0.1670729193321379,0.0,0.0,0.11750025339516146
6508,0.31238125506111786,0.16427219885651453,0.0,0.0,0.11750025339516146
6509,0.31238125506111786,0.15981689597481602,0.0,0.0,0.11750025339516146
6510,0.31238125506111786,0.154010632215694,0.0185942811034952,0.013888318824201525,0.11750025339516146
6511,0.3471369393744406,0.1472490948590281,0.1942319693858954,0.14507447218149247,0.1305733864579589
6512,0.38014982854919455,0.13999307150170623,0.35470911537163285,0.26493701244549384,0.14299097804033806
6513,0.4097645184723373,0.13273704814438442,0.4874998688257711,0.3641202134852128,0.15413035824901158
6514,0.4344960049309466,0.12597551078771851,0.5822394075168708,0.4348824500716243,0.16343295204631558
6515,0.45310414792429393,0.12016924702859648,0.631532950925361,0.4717004611052987,0.17043228853500444
6516,0.46465585746185456,0.11571394414689797,0.631532950925361,0.4717004611052987,0.17477739175685147
6517,0.46857188259167676,0.11291322367127463,0.5822394075168709,0.43488245007162435,0.1762503800927422
6518,0.46465585746185456,0.11195795007373072,0.4874998688257712,0.36412021348521284,0.17477739175685147
6519,0.45310414792429393,0.11291322367127461,0.354709115371633,0.26493701244549395,0.17043228853500444
6520,0.4344960049309466,0.11571394414689797,0.19423196938589568,0.14507447218149266,0.16343295204631558
6521,0.4097645184723374,0.12016924702859647,0.01859428110349554,0.013888318824201776,0.1541303582490116
6522,0.38014982854919455,0.1259755107877185,0.0,0.0,0.14299097804033806
6523,0.3471369393744406,0.1327370481443844,0.0,0.0,0.1305733864579589
6524,0.31238125506111786,0.13999307150170623,0.0,0.0,0.11750025339516146
6525,0.31238125506111786,0.1472490948590281,0.0,0.0,0.11750025339516146
6526,0.31238125506111786,0.154010632215694,0.0,0.0,0.11750025339516146
6527,0.31238125506111786,0.15981689597481602,0.0,0.0,0.11750025339516146
6528,0.31238125506111786,0.1628450227490428,0.0,0.0,0.11750025339516146
6529,0.31238125506111786,0.16564574322466616,0.0,0.0,0.11750025339516146
6530,0.31238125506111786,0.16660101682221004,0.0,0.0,0.11750025339516146
6531,0.31238125506111786,0.16564574322466616,0.0,0.0,0.11750025339516146
6532,0.31238125506111786,0.1628450227490428,0.0,0.0,0.11750025339516146
6533,0.31238125506111786,0.1583897198673443,0.0,0.0,0.11750025339516146
6534,0.31238125506111786,0.15258345610822227,0.018775450176033912,0.014023636442909007,0.11750025339516146
6535,0.3471369393744406,0.14582191875155637,0.19437321300957544,0.1451799689450745,0.1305733864579589
6536,0.38014982854919455,0.1385658953942345,0.35480496514596166,0.2650086039320212,0.14299097804033806
6537,0.4097645184723373,0.13130987203691266,0.48755298548879883,0.36415988703574703,0.15413035824901158
6538,0.4344960049309466,0.12454833468024674,0.5822595819190269,0.43489751860413023,0.16343295204631558
6539,0.45310414792429393,0.11874207092112474,0.6315352523940919,0.47170218010327025,0.17043228853500444
6540,0.46465585746185456,0.11428676803942624,0.6315352523940919,0.47170218010327025,0.17477739175685147
6541,0.46857188259167676,0.1114860475638029,0.5822595819190269,0.43489751860413023,0.1762503800927422
6542,0.46465585746185456,0.11053077396625899,0.4875529854887989,0.3641598870357471,0.17477739175685147
6543,0.45310414792429393,0.11148604756380287,0.3548049651459618,0.2650086039320213,0.17043228853500444
6544,0.4344960049309466,0.11428676803942624,0.19437321300957563,0.14517996894507465,0.16343295204631558
6545,0.4097645184723374,0.11874207092112471,0.01877545017603417,0.014023636442909198,0.1541303582490116
6546,0.38014982854919455,0.12454833468024674,0.0,0.0,0.14299097804033806
6547,0.3471369393744406,0.13130987203691263,0.0,0.0,0.1305733864579589
6548,0.31238125506111786,0.1385658953942345,0.0,0.0,0.11750025339516146
6549,0.31238125506111786,0.14582191875155637,0.0,0.0,0.11750025339516146
6550,0.31238125506111786,0.15258345610822227,0.0,0.0,0.11750025339516146
6551,0.31238125506111786,0.1583897198673443,0.0,0.0,0.11750025339516146
6552,0.31238125506111786,0.15654907227510315,0.0,0.0,0.11750025339516146
6553,0.31238125506111786,0.1593497927507265,0.0,0.0,0.11750025339516146
6554,0.31238125506111786,0.16030506634827038,0.0,0.0,0.11750025339516146
6555,0.31238125506111786,0.1593497927507265,0.0,0.0,0.11750025339516146
6556,0.31238125506111786,0.15654907227510315,0.0,0.0,0.11750025339516146
6557,0.31238125506111786,0.15209376939340466,0.0,0.0,0.11750025339516146
6558,0.31238125506111786,0.14628750563428264,0.018977059272081372,0.014174220990285775,0.11750025339516146
6559,0.3471369393744406,0.1395259682776167,0.19453038118745017,0.14529735997251966,0.1305733864579589
6560,0.38014982854919455,0.13226994492029487,0.35491161627355317,0.2650882630946802,0.14299097804033806
6561,0.4097645184723373,0.12501392156297303,0.4876120858877135,0.3642040299191527,0.15413035824901158
6562,0.4344960049309466,0.11825238420630713,0.582282028542905,0.434914284289623,0.16343295204631558
6563,0.45310414792429393,0.11244612044718509,0.6315378130483673,0.4717040926904134,0.17043228853500444
6564,0.46465585746185456,0.10799081756548659,0.6315378130483673,0.4717040926904134,0.17477739175685147
6565,0.46857188259167676,0.10519009708986325,0.5822820285429051,0.43491428428962303,0.1762503800927422
6566,0.46465585746185456,0.10423482349231934,0.48761208588771343,0.3642040299191526,0.17477739175685147
6567,0.45310414792429393,0.10519009708986324,0.354911616273553,0.2650882630946801,0.17043228853500444
6568,0.4344960049309466,0.10799081756548659,0.19453038118744992,0.14529735997251947,0.16343295204631558
6569,0.4097645184723374,0.11244612044718506,0.01897705927208126,0.014174220990285692,0.1541303582490116
6570,0.38014982854919455,0.1182523842063071,0.0,0.0,0.14299097804033806
6571,0.3471369393744406,0.12501392156297303,0.0,0.0,0.1305733864579589
6572,0.31238125506111786,0.13226994492029487,0.0,0.0,0.11750025339516146
6573,0.31238125506111786,0.1395259682776167,0.0,0.0,0.11750025339516146
6574,0.31238125506111786,0.14628750563428264,0.0,0.0,0.11750025339516146
6575,0.31238125506111786,0.15209376939340466,0.0,0.0,0.11750025339516146
6576,0.31238125506111786,0.14833029263314698,0.0,0.0,0.11750025339516146
6577,0.31238125506111786,0.15113101310877028,0.0,0.0,0.11750025339516146
6578,0.31238125506111786,0.15208628670631422,0.0,0.0,0.11750025339516146
6579,0.31238125506111786,0.15113101310877028,0.0,0.0,0.11750025339516146
6580,0.31238125506111786,0.14833029263314698,0.0,0.0,0.11750025339516146
6581,0.31238125506111786,0.14387498975144847,0.0,0.0,0.11750025339516146
6582,0.31238125506111786,0.13806872599232645,0.01919902289401854,0.014340008607009416,0.11750025339516146
6583,0.3471369393744406,0.13130718863566054,0.19470340376901493,0.14542659286747175,0.1305733864579589
6584,0.38014982854919455,0.12405116527833869,0.35502901947381144,0.2651759531251306,0.14299097804033806
6585,0.4097645184723373,0.11679514192101684,0.4876771420743149,0.364252621260543,0.15413035824901158
6586,0.4344960049309466,0.11003360456435093,0.5823067366207227,0.4349327390855011,0.16343295204631558
6587,0.45310414792429393,0.1042273408052289,0.6315406316513835,0.47170619794294294,0.17043228853500444
6588,0.46465585746185456,0.0997720379235304,0.6315406316513834,0.4717061979429429,0.17477739175685147
6589,0.46857188259167676,0.09697131744790706,0.5823067366207227,0.4349327390855011,0.1762503800927422
6590,0.46465585746185456,0.09601604385036315,0.4876771420743149,0.364252621260543,0.17477739175685147
6591,0.45310414792429393,0.09697131744790703,0.35502901947381144,0.2651759531251306,0.17043228853500444
6592,0.4344960049309466,0.0997720379235304,0.19470340376901493,0.14542659286747175,0.16343295204631558
6593,0.4097645184723374,0.10422734080522889,0.019199022894018827,0.01434000860700963,0.1541303582490116
6594,0.38014982854919455,0.1100336045643509,0.0,0.0,0.14299097804033806
6595,0.3471369393744406,0.11679514192101682,0.0,0.0,0.1305733864579589
6596,0.31238125506111786,0.12405116527833869,0.0,0.0,0.11750025339516146
6597,0.31238125506111786,0.13130718863566054,0.0,0.0,0.11750025339516146
6598,0.31238125506111786,0.13806872599232645,0.0,0.0,0.11750025339516146
6599,0.31238125506111786,0.14387498975144847,0.0,0.0,0.11750025339516146
6600,0.29285742661979797,0.1601628090355365,0.0,0.0,0.11015648755796387
6601,0.29285742661979797,0.16296352951115986,0.0,0.0,0.11015648755796387
6602,0.29285742661979797,0.16391880310870377,0.0,0.0,0.11015648755796387
6603,0.29285742661979797,0.16296352951115986,0.0,0.0,0.11015648755796387
6604,0.29285742661979797,0.1601628090355365,0.0,0.0,0.11015648755796387
6605,0.29285742661979797,0.155707506153838,0.0,0.0,0.11015648755796387
6606,0.29285742661979797,0.14990124239471597,0.019441247006312383,0.014520929056674648,0.11015648755796387
6607,0.32544088066353805,0.14313970503805007,0.1948922036200575,0.14556761001734952,0.12241254980433647
6608,0.35639046426486987,0.13588368168072826,0.35515712057014326,0.26527163355814565,0.13405404191281692
6609,0.38415423606781623,0.1286276583234064,0.487748123327521,0.3643056381139282,0.14449721085844835
6610,0.40734000462276243,0.12186612096674049,0.5823336943172582,0.4349528741518781,0.15321839254342084
6611,0.4247851386790255,0.11605985720761847,0.6315437068437781,0.4717084948455328,0.15978027050156665
6612,0.43561486637048863,0.11160455432591995,0.6315437068437781,0.4717084948455328,0.16385380477204825
6613,0.43928613992969695,0.10880383385029661,0.5823336943172582,0.43495287415187817,0.1652347313369458
6614,0.43561486637048863,0.1078485602527527,0.4877481233275209,0.36430563811392813,0.16385380477204825
6615,0.4247851386790255,0.10880383385029659,0.3551571205701431,0.26527163355814554,0.15978027050156665
6616,0.40734000462276243,0.11160455432591995,0.19489220362005744,0.14556761001734947,0.15321839254342084
6617,0.38415423606781623,0.11605985720761844,0.019441247006312147,0.014520929056674473,0.14449721085844835
6618,0.35639046426486987,0.12186612096674046,0.0,0.0,0.13405404191281692
6619,0.32544088066353805,0.12862765832340636,0.0,0.0,0.12241254980433647
6620,0.29285742661979797,0.13588368168072826,0.0,0.0,0.11015648755796387
6621,0.29285742661979797,0.14313970503805007,0.0,0.0,0.11015648755796387
6622,0.29285742661979797,0.14990124239471597,0.0,0.0,0.11015648755796387
6623,0.29285742661979797,0.155707506153838,0.0,0.0,0.11015648755796387
6624,0.29285742661979797,0.16427219885651456,0.0,0.0,0.11015648755796387
6625,0.29285742661979797,0.16707291933213791,0.0,0.0,0.11015648755796387
6626,0.29285742661979797,0.1680281929296818,0.0,0.0,0.11015648755796387
6627,0.29285742661979797,0.16707291933213791,0.0,0.0,0.11015648755796387
6628,0.29285742661979797,0.16427219885651456,0.0,0.0,0.11015648755796387
6629,0.29285742661979797,0.15981689597481605,0.0,0.0,0.11015648755796387
6630,0.29285742661979797,0.15401063221569403,0.01970362910242513,0.014716905775768733,0.11015648755796387
6631,0.32544088066353805,0.14724909485902812,0.19509669668369745,0.14572034863893762,0.12241254980433647
6632,0.35639046426486987,0.13999307150170626,0.35529586053568857,0.26537526030576913,0.13405404191281692
6633,0.38415423606781623,0.13273704814438442,0.48782499618036756,0.36436305548238235,0.14449721085844835
6634,0.40734000462276243,0.12597551078771854,0.582362888740505,0.43497467985954075,0.15321839254342084
6635,0.4247851386790255,0.12016924702859648,0.6315470371448674,0.4717109822922402,0.15978027050156665
6636,0.43561486637048863,0.11571394414689799,0.6315470371448673,0.4717109822922401,0.16385380477204825
6637,0.43928613992969695,0.11291322367127465,0.582362888740505,0.4349746798595408,0.1652347313369458
6638,0.43561486637048863,0.11195795007373074,0.4878249961803675,0.3643630554823823,0.16385380477204825
6639,0.4247851386790255,0.11291322367127463,0.35529586053568857,0.26537526030576913,0.15978027050156665
6640,0.40734000462276243,0.11571394414689799,0.19509669668369756,0.1457203486389377,0.15321839254342084
6641,0.38415423606781623,0.12016924702859648,0.019703629102425114,0.014716905775768719,0.14449721085844835
6642,0.35639046426486987,0.12597551078771851,0.0,0.0,0.13405404191281692
6643,0.32544088066353805,0.13273704814438442,0.0,0.0,0.12241254980433647
6644,0.29285742661979797,0.13999307150170626,0.0,0.0,0.11015648755796387
6645,0.29285742661979797,0.14724909485902812,0.0,0.0,0.11015648755796387
6646,0.29285742661979797,0.15401063221569403,0.0,0.0,0.11015648755796387
6647,0.29285742661979797,0.15981689597481605,0.0,0.0,0.11015648755796387
6648,0.29285742661979797,0.16284502274904283,0.0,0.0,0.11015648755796387
6649,0.29285742661979797,0.16564574322466616,0.0,0.0,0.11015648755796387
6650,0.29285742661979797,0.16660101682221007,0.0,0.0,0.11015648755796387
6651,0.29285742661979797,0.16564574322466616,0.0,0.0,0.11015648755796387
6652,0.29285742661979797,0.16284502274904283,0.0,0.0,0.11015648755796387
6653,0.29285742661979797,0.15838971986734432,0.0,0.0,0.11015648755796387
6654,0.29285742661979797,0.1525834561082223,0.019986058277616507,0.014927855928048446,0.11015648755796387
6655,0.32544088066353805,0.1458219187515564,0.19531679204674512,0.14588474082795105,0.12241254980433647
6656,0.35639046426486987,0.13856589539423453,0.35544517554301336,0.2654867856944315,0.13405404191281692
6657,0.38415423606781623,0.1313098720369127,0.4879077244493401,0.36442484633995137,0.14449721085844835
6658,0.40734000462276243,0.12454833468024677,0.5823943059532434,0.4349981457985921,0.15321839254342084
6659,0.4247851386790255,0.11874207092112475,0.6315506209539896,0.4717136590875095,0.15978027050156665
6660,0.43561486637048863,0.11428676803942625,0.6315506209539896,0.4717136590875095,0.16385380477204825
6661,0.43928613992969695,0.11148604756380293,0.5823943059532433,0.43499814579859203,0.1652347313369458
6662,0.43561486637048863,0.11053077396625902,0.48790772444934016,0.3644248463399514,0.16385380477204825
6663,0.4247851386790255,0.1114860475638029,0.35544517554301336,0.2654867856944315,0.15978027050156665
6664,0.40734000462276243,0.11428676803942625,0.19531679204674526,0.14588474082795116,0.15321839254342084
6665,0.38415423606781623,0.11874207092112474,0.019986058277616448,0.014927855928048402,0.14449721085844835
6666,0.35639046426486987,0.12454833468024674,0.0,0.0,0.13405404191281692
6667,0.32544088066353805,0.13130987203691266,0.0,0.0,0.12241254980433647
6668,0.29285742661979797,0.13856589539423453,0.0,0.0,0.11015648755796387
6669,0.29285742661979797,0.1458219187515564,0.0,0.0,0.11015648755796387
6670,0.29285742661979797,0.1525834561082223,0.0,0.0,0.11015648755796387
6671,0.29285742661979797,0.15838971986734432,0.0,0.0,0.11015648755796387
6672,0.29285742661979797,0.156549072275103,0.0,0.0,0.11015648755796387
6673,0.29285742661979797,0.15934979275072633,0.0,0.0,0.11015648755796387
6674,0.29285742661979797,0.16030506634827024,0.0,0.0,0.11015648755796387
6675,0.29285742661979797,0.15934979275072633,0.0,0.0,0.11015648755796387
6676,0.29285742661979797,0.156549072275103,0.0,0.0,0.11015648755796387
6677,0.29285742661979797,0.1520937693934045,0.0,0.0,0.11015648755796387
6678,0.29285742661979797,0.14628750563428247,0.020288415307548685,0.015153690463251174,0.11015648755796387
6679,0.32544088066353805,0.13952596827761657,0.19555239201128605,0.1460607136125025,0.12241254980433647
6680,0.35639046426486987,0.1322699449202947,0.3556049970176859,0.2656061585049667,0.13405404191281692
6681,0.38415423606781623,0.1250139215629729,0.48799626926598577,0.3644909816552648,0.14449721085844835
6682,0.40734000462276243,0.11825238420630697,0.5824279309855099,0.435023260787765,0.15321839254342084
6683,0.4247851386790255,0.11244612044718494,0.6315544565519541,0.47171652394725405,0.15978027050156665
6684,0.43561486637048863,0.10799081756548644,0.6315544565519541,0.47171652394725405,0.16385380477204825
6685,0.43928613992969695,0.10519009708986309,0.58242793098551,0.4350232607877651,0.1652347313369458
6686,0.43561486637048863,0.10423482349231918,0.48799626926598577,0.3644909816552648,0.16385380477204825
6687,0.4247851386790255,0.10519009708986307,0.3556049970176859,0.2656061585049667,0.15978027050156665
6688,0.40734000462276243,0.10799081756548644,0.19555239201128594,0.14606071361250242,0.15321839254342084
6689,0.38415423606781623,0.11244612044718491,0.0202884153075485,0.015153690463251037,0.14449721085844835
6690,0.35639046426486987,0.11825238420630695,0.0,0.0,0.13405404191281692
6691,0.32544088066353805,0.12501392156297286,0.0,0.0,0.12241254980433647
6692,0.29285742661979797,0.1322699449202947,0.0,0.0,0.11015648755796387
6693,0.29285742661979797,0.13952596827761657,0.0,0.0,0.11015648755796387
6694,0.29285742661979797,0.14628750563428247,0.0,0.0,0.11015648755796387
6695,0.29285742661979797,0.1520937693934045,0.0,0.0,0.11015648755796387
6696,0.29285742661979797,0.14833029263314698,0.0,0.0,0.11015648755796387
6697,0.29285742661979797,0.15113101310877028,0.0,0.0,0.11015648755796387
6698,0.29285742661979797,0.15208628670631422,0.0,0.0,0.11015648755796387
6699,0.29285742661979797,0.15113101310877028,0.0,0.0,0.11015648755796387
6700,0.29285742661979797,0.14833029263314698,0.0,0.0,0.11015648755796387
6701,0.29285742661979797,0.14387498975144847,0.0,0.0,0.11015648755796387
6702,0.29285742661979797,0.13806872599232645,0.02061057273260078,0.015394314180070551,0.11015648755796387
6703,0.32544088066353805,0.13130718863566054,0.19580339217138848,0.1462481890103964,0.12241254980433647
6704,0.35639046426486987,0.12405116527833869,0.35577525169565694,0.26573332401547034,0.13405404191281692
6705,0.38415423606781623,0.11679514192101684,0.4880905891107599,0.36456143041681577,0.14449721085844835
6706,0.40734000462276243,0.11003360456435093,0.5824637478479464,0.43505001288439255,0.15321839254342084
6707,0.4247851386790255,0.1042273408052289,0.6315585421025909,0.47171957550001375,0.15978027050156665
6708,0.43561486637048863,0.0997720379235304,0.6315585421025909,0.47171957550001375,0.16385380477204825
6709,0.43928613992969695,0.09697131744790706,0.5824637478479464,0.4350500128843926,0.1652347313369458
6710,0.43561486637048863,0.09601604385036316,0.48809058911076,0.3645614304168158,0.16385380477204825
6711,0.4247851386790255,0.09697131744790705,0.35577525169565694,0.26573332401547034,0.15978027050156665
6712,0.40734000462276243,0.0997720379235304,0.19580339217138867,0.14624818901039655,0.15321839254342084
6713,0.38415423606781623,0.10422734080522889,0.020610572732600845,0.0153943141800706,0.14449721085844835
6714,0.35639046426486987,0.1100336045643509,0.0,0.0,0.13405404191281692
6715,0.32544088066353805,0.11679514192101682,0.0,0.0,0.12241254980433647
6716,0.29285742661979797,0.12405116527833869,0.0,0.0,0.11015648755796387
6717,0.29285742661979797,0.13130718863566054,0.0,0.0,0.11015648755796387
6718,0.29285742661979797,0.13806872599232645,0.0,0.0,0.11015648755796387
6719,0.29285742661979797,0.14387498975144847,0.0,0.0,0.11015648755796387
6720,0.29285742661979797,0.14203434215920716,0.0,0.0,0.11015648755796387
6721,0.29285742661979797,0.14483506263483048,0.0,0.0,0.11015648755796387
6722,0.29285742661979797,0.1457903362323744,0.0,0.0,0.11015648755796387
6723,0.29285742661979797,0.14483506263483048,0.0,0.0,0.11015648755796387
6724,0.29285742661979797,0.14203434215920716,0.0,0.0,0.11015648755796387
6725,0.29285742661979797,0.13757903927750864,0.0,0.0,0.11015648755796387
6726,0.29285742661979797,0.13177277551838662,0.020952394947793194,0.015649625793322148,0.11015648755796387
6727,0.32544088066353805,0.12501123816172072,0.19606968149482995,0.14644708409017124,0.12241254980433647
6728,0.35639046426486987,0.11775521480439886,0.3559558616843552,0.26586822404693244,0.13405404191281692
6729,0.38415423606781623,0.11049919144707702,0.4881906398490496,0.364636159659868,0.14449721085844835
6730,0.40734000462276243,0.10373765409041111,0.5825017395460022,0.43507838939501614,0.15321839254342084
6731,0.4247851386790255,0.0979313903312891,0.6315628756543997,0.4717228122881868,0.15978027050156665
6732,0.43561486637048863,0.09347608744959059,0.6315628756543997,0.4717228122881868,0.16385380477204825
6733,0.43928613992969695,0.09067536697396725,0.5825017395460023,0.4350783893950162,0.1652347313369458
6734,0.43561486637048863,0.08972009337642334,0.48819063984904953,0.36463615965986795,0.16385380477204825
6735,0.4247851386790255,0.09067536697396723,0.3559558616843551,0.2658682240469324,0.15978027050156665
6736,0.40734000462276243,0.09347608744959059,0.1960696814948299,0.1464470840901712,0.15321839254342084
6737,0.38415423606781623,0.09793139033128907,0.020952394947793395,0.0156496257933223,0.14449721085844835
6738,0.35639046426486987,0.1037376540904111,0.0,0.0,0.13405404191281692
6739,0.32544088066353805,0.110499191447077,0.0,0.0,0.12241254980433647
6740,0.29285742661979797,0.11775521480439886,0.0,0.0,0.11015648755796387
6741,0.29285742661979797,0.12501123816172072,0.0,0.0,0.11015648755796387
6742,0.29285742661979797,0.13177277551838662,0.0,0.0,0.11015648755796387
6743,0.29285742661979797,0.13757903927750864,0.0,0.0,0.11015648755796387
6744,0.29285742661979797,0.14060716605173543,0.0,0.0,0.11015648755796387
6745,0.29285742661979797,0.14340788652735875,0.0,0.0,0.11015648755796387
6746,0.29285742661979797,0.14436316012490266,0.0,0.0,0.11015648755796387
6747,0.29285742661979797,0.14340788652735875,0.0,0.0,0.11015648755796387
6748,0.29285742661979797,0.14060716605173543,0.0,0.0,0.11015648755796387
6749,0.29285742661979797,0.1361518631700369,0.0,0.0,0.11015648755796387
6750,0.29285742661979797,0.1303455994109149,0.021313738298212752,0.01591951800521781,0.11015648755796387
6751,0.32544088066353805,0.12358406205424897,0.19635114240972523,0.14665731103580362,0.12241254980433647
6752,0.35639046426486987,0.11632803869692712,0.3561467445274066,0.2660107970115774,0.13405404191281692
6753,0.38415423606781623,0.1090720153396053,0.4882963747693194,0.36471513449494686,0.14449721085844835
6754,0.40734000462276243,0.10231047798293938,0.5825418880949716,0.4351083768866171,0.15321839254342084
6755,0.4247851386790255,0.09650421422381736,0.631567455142296,0.47172623276933373,0.15978027050156665
6756,0.43561486637048863,0.09204891134211886,0.631567455142296,0.47172623276933373,0.16385380477204825
6757,0.43928613992969695,0.08924819086649552,0.5825418880949716,0.43510837688661713,0.1652347313369458
6758,0.43561486637048863,0.08829291726895161,0.4882963747693194,0.36471513449494686,0.16385380477204825
6759,0.4247851386790255,0.08924819086649549,0.35614674452740674,0.26601079701157754,0.15978027050156665
6760,0.40734000462276243,0.09204891134211886,0.19635114240972534,0.1466573110358037,0.15321839254342084
6761,0.38415423606781623,0.09650421422381734,0.021313738298213012,0.015919518005218004,0.14449721085844835
6762,0.35639046426486987,0.10231047798293935,0.0,0.0,0.13405404191281692
6763,0.32544088066353805,0.10907201533960527,0.0,0.0,0.12241254980433647
6764,0.29285742661979797,0.11632803869692712,0.0,0.0,0.11015648755796387
6765,0.29285742661979797,0.12358406205424897,0.0,0.0,0.11015648755796387
6766,0.29285742661979797,0.1303455994109149,0.0,0.0,0.11015648755796387
6767,0.29285742661979797,0.1361518631700369,0.0,0.0,0.11015648755796387
6768,0.29285742661979797,0.14471655587271343,0.0,0.0,0.11015648755796387
6769,0.29285742661979797,0.14751727634833675,0.0,0.0,0.11015648755796387
6770,0.29285742661979797,0.1484725499458807,0.0,0.0,0.11015648755796387
6771,0.29285742661979797,0.14751727634833675,0.0,0.0,0.11015648755796387
6772,0.29285742661979797,0.14471655587271343,0.0,0.0,0.11015648755796387
6773,0.29285742661979797,0.14026125299101494,0.0,0.0,0.11015648755796387
6774,0.29285742661979797,0.1344549892318929,0.021694451179826046,0.016203877580664477,0.11015648755796387
6775,0.32544088066353805,0.127693451875227,0.19664765089593714,0.14687877721498374,0.12241254980433647
6776,0.35639046426486987,0.12043742851790515,0.35634781327287846,0.2661609779638365,0.13405404191281692
6777,0.38415423606781623,0.1131814051605833,0.4884077446233173,0.3647983181378701,0.14449721085844835
6778,0.40734000462276243,0.10641986780391739,0.5825841745358395,0.43513996119845183,0.15321839254342084
6779,0.4247851386790255,0.10061360404479537,0.6315722783894506,0.4717298353175516,0.15978027050156665
6780,0.43561486637048863,0.09615830116309687,0.6315722783894506,0.4717298353175516,0.16385380477204825
6781,0.43928613992969695,0.09335758068747353,0.5825841745358395,0.43513996119845183,0.1652347313369458
6782,0.43561486637048863,0.09240230708992962,0.48840774462331726,0.36479831813787006,0.16385380477204825
6783,0.4247851386790255,0.09335758068747352,0.35634781327287846,0.2661609779638365,0.15978027050156665
6784,0.40734000462276243,0.09615830116309687,0.19664765089593714,0.14687877721498374,0.15321839254342084
6785,0.38415423606781623,0.10061360404479534,0.02169445117982605,0.01620387758066448,0.14449721085844835
6786,0.35639046426486987,0.10641986780391738,0.0,0.0,0.13405404191281692
6787,0.32544088066353805,0.11318140516058328,0.0,0.0,0.12241254980433647
6788,0.29285742661979797,0.12043742851790515,0.0,0.0,0.11015648755796387
6789,0.29285742661979797,0.127693451875227,0.0,0.0,0.11015648755796387
6790,0.29285742661979797,0.1344549892318929,0.0,0.0,0.11015648755796387
6791,0.29285742661979797,0.14026125299101494,0.0,0.0,0.11015648755796387
6792,0.29285742661979797,0.15243968245412498,0.0,0.0,0.11015648755796387
6793,0.29285742661979797,0.1552404029297483,0.0,0.0,0.11015648755796387
6794,0.29285742661979797,0.15619567652729224,0.0,0.0,0.11015648755796387
6795,0.29285742661979797,0.1552404029297483,0.0,0.0,0.11015648755796387
6796,0.29285742661979797,0.15243968245412498,0.0,0.0,0.11015648755796387
6797,0.29285742661979797,0.14798437957242647,0.0,0.0,0.11015648755796387
6798,0.29285742661979797,0.14217811581330445,0.022094374145560744,0.01650258542649777,0.11015648755796387
6799,0.32544088066353805,0.13541657845663854,0.19695907658114242,0.14711138525086867,0.12241254980433647
6800,0.35639046426486987,0.1281605550993167,0.356558976544947,0.266318698653877,0.13405404191281692
6801,0.38415423606781623,0.12090453174199486,0.48852469766827905,0.3648856719412707,0.14449721085844835
6802,0.40734000462276243,0.11414299438532895,0.5826285789519084,0.4351731274544708,0.15321839254342084
6803,0.4247851386790255,0.10833673062620693,0.6315773431092192,0.47173361822491483,0.15978027050156665
6804,0.43561486637048863,0.10388142774450843,0.6315773431092192,0.47173361822491483,0.16385380477204825
6805,0.43928613992969695,0.10108070726888507,0.5826285789519084,0.4351731274544708,0.1652347313369458
6806,0.43561486637048863,0.10012543367134118,0.48852469766827905,0.3648856719412707,0.16385380477204825
6807,0.4247851386790255,0.10108070726888504,0.35655897654494706,0.26631869865387703,0.15978027050156665
6808,0.40734000462276243,0.10388142774450843,0.19695907658114228,0.14711138525086856,0.15321839254342084
6809,0.38415423606781623,0.1083367306262069,0.022094374145560643,0.016502585426497695,0.14449721085844835
6810,0.35639046426486987,0.11414299438532892,0.0,0.0,0.13405404191281692
6811,0.32544088066353805,0.12090453174199484,0.0,0.0,0.12241254980433647
6812,0.29285742661979797,0.1281605550993167,0.0,0.0,0.11015648755796387
6813,0.29285742661979797,0.13541657845663854,0.0,0.0,0.11015648755796387
6814,0.29285742661979797,0.14217811581330445,0.0,0.0,0.11015648755796387
6815,0.29285742661979797,0.14798437957242647,0.0,0.0,0.11015648755796387
6816,0.29285742661979797,0.1601628090355365,0.0,0.0,0.11015648755796387
6817,0.29285742661979797,0.16296352951115986,0.0,0.0,0.11015648755796387
6818,0.29285742661979797,0.16391880310870377,0.0,0.0,0.11015648755796387
6819,0.29285742661979797,0.16296352951115986,0.0,0.0,0.11015648755796387
6820,0.29285742661979797,0.1601628090355365,0.0,0.0,0.11015648755796387
6821,0.29285742661979797,0.155707506153838,0.0,0.0,0.11015648755796387
6822,0.29285742661979797,0.14990124239471597,0.022513340016528743,0.016815516674556028,0.11015648755796387
6823,0.32544088066353805,0.14313970503805007,0.19728528284142058,0.14735503309721332,0.12241254980433647
6824,0.35639046426486987,0.13588368168072826,0.3567801386188809,0.2664838875836086,0.13405404191281692
6825,0.38415423606781623,0.1286276583234064,0.48864717971106353,0.3649771554275621,0.14449721085844835
6826,0.40734000462276243,0.12186612096674049,0.5826750804861835,0.43520786007630397,0.15321839254342084
6827,0.4247851386790255,0.11605985720761847,0.6315826469071603,0.47173757970298297,0.15978027050156665
6828,0.43561486637048863,0.11160455432591995,0.6315826469071603,0.47173757970298297,0.16385380477204825
6829,0.43928613992969695,0.10880383385029661,0.5826750804861835,0.43520786007630397,0.1652347313369458
6830,0.43561486637048863,0.1078485602527527,0.48864717971106336,0.364977155427562,0.16385380477204825
6831,0.4247851386790255,0.10880383385029659,0.35678013861888097,0.26648388758360864,0.15978027050156665
6832,0.40734000462276243,0.11160455432591995,0.19728528284142055,0.1473550330972133,0.15321839254342084
6833,0.38415423606781623,0.11605985720761844,0.02251334001652886,0.016815516674556115,0.14449721085844835
6834,0.35639046426486987,0.12186612096674046,0.0,0.0,0.13405404191281692
6835,0.32544088066353805,0.12862765832340636,0.0,0.0,0.12241254980433647
6836,0.29285742661979797,0.13588368168072826,0.0,0.0,0.11015648755796387
6837,0.29285742661979797,0.14313970503805007,0.0,0.0,0.11015648755796387
6838,0.29285742661979797,0.14990124239471597,0.0,0.0,0.11015648755796387
6839,0.29285742661979797,0.155707506153838,0.0,0.0,0.11015648755796387
6840,0.29285742661979797,0.16427219885651456,0.0,0.0,0.11015648755796387
6841,0.29285742661979797,0.16707291933213791,0.0,0.0,0.11015648755796387
6842,0.29285742661979797,0.1680281929296818,0.0,0.0,0.11015648755796387
6843,0.29285742661979797,0.16707291933213791,0.0,0.0,0.11015648755796387
6844,0.29285742661979797,0.16427219885651456,0.0,0.0,0.11015648755796387
6845,0.29285742661979797,0.15981689597481605,0.0,0.0,0.11015648755796387
6846,0.29285742661979797,0.15401063221569403,0.022951173998260938,0.017142540768497652,0.11015648755796387
6847,0.32544088066353805,0.14724909485902812,0.19762612690622755,0.1476096141167767,0.12241254980433647
6848,0.35639046426486987,0.13999307150170626,0.35701119949922944,0.2666564700650834,0.13405404191281692
6849,0.38415423606781623,0.13273704814438442,0.48877513415415214,0.36507272632329596,0.14449721085844835
6850,0.40734000462276243,0.12597551078771854,0.5827236573594852,0.4352441427967888,0.15321839254342084
6851,0.4247851386790255,0.12016924702859648,0.6315881872831368,0.4717417178843701,0.15978027050156665
6852,0.43561486637048863,0.11571394414689799,0.6315881872831368,0.4717417178843701,0.16385380477204825
6853,0.43928613992969695,0.11291322367127465,0.5827236573594853,0.43524414279678886,0.1652347313369458
6854,0.43561486637048863,0.11195795007373074,0.4887751341541523,0.36507272632329607,0.16385380477204825
6855,0.4247851386790255,0.11291322367127463,0.35701119949922966,0.2666564700650836,0.15978027050156665
6856,0.40734000462276243,0.11571394414689799,0.1976261269062279,0.14760961411677698,0.15321839254342084
6857,0.38415423606781623,0.12016924702859648,0.0229511739982611,0.017142540768497774,0.14449721085844835
6858,0.35639046426486987,0.12597551078771851,0.0,0.0,0.13405404191281692
6859,0.32544088066353805,0.13273704814438442,0.0,0.0,0.12241254980433647
6860,0.29285742661979797,0.13999307150170626,0.0,0.0,0.11015648755796387
6861,0.29285742661979797,0.14724909485902812,0.0,0.0,0.11015648755796387
6862,0.29285742661979797,0.15401063221569403,0.0,0.0,0.11015648755796387
6863,0.29285742661979797,0.15981689597481605,0.0,0.0,0.11015648755796387
6864,0.29285742661979797,0.16284502274904283,0.0,0.0,0.11015648755796387
6865,0.29285742661979797,0.16564574322466616,0.0,0.0,0.11015648755796387
6866,0.29285742661979797,0.16660101682221007,0.0,0.0,0.11015648755796387
6867,0.29285742661979797,0.16564574322466616,0.0,0.0,0.11015648755796387
6868,0.29285742661979797,0.16284502274904283,0.0,0.0,0.11015648755796387
6869,0.29285742661979797,0.15838971986734432,0.0,0.0,0.11015648755796387
6870,0.29285742661979797,0.1525834561082223,0.02340769380181417,0.01748352155425749,0.11015648755796387
6871,0.32544088066353805,0.1458219187515564,0.19798145996760957,0.1478750171628953,0.12241254980433647
6872,0.35639046426486987,0.13856589539423453,0.3572520550011,0.26683636828120283,0.13405404191281692
6873,0.38415423606781623,0.1313098720369127,0.4889085020434407,0.3651723405948583,0.14449721085844835
6874,0.40734000462276243,0.12454833468024677,0.5827742868892622,0.43528195867402275,0.15321839254342084
6875,0.4247851386790255,0.11874207092112475,0.6315939616334992,0.47174603082437516,0.15978027050156665
6876,0.43561486637048863,0.11428676803942625,0.6315939616334992,0.47174603082437516,0.16385380477204825
6877,0.43928613992969695,0.11148604756380293,0.5827742868892622,0.43528195867402275,0.1652347313369458
6878,0.43561486637048863,0.11053077396625902,0.4889085020434409,0.3651723405948584,0.16385380477204825
6879,0.4247851386790255,0.1114860475638029,0.3572520550011001,0.2668363682812029,0.15978027050156665
6880,0.40734000462276243,0.11428676803942625,0.19798145996760963,0.14787501716289533,0.15321839254342084
6881,0.38415423606781623,0.11874207092112474,0.023407693801814167,0.017483521554257486,0.14449721085844835
6882,0.35639046426486987,0.12454833468024674,0.0,0.0,0.13405404191281692
6883,0.32544088066353805,0.13130987203691266,0.0,0.0,0.12241254980433647
6884,0.29285742661979797,0.13856589539423453,0.0,0.0,0.11015648755796387
6885,0.29285742661979797,0.1458219187515564,0.0,0.0,0.11015648755796387
6886,0.29285742661979797,0.1525834561082223,0.0,0.0,0.11015648755796387
6887,0.29285742661979797,0.15838971986734432,0.0,0.0,0.11015648755796387
6888,0.29285742661979797,0.156549072275103,0.0,0.0,0.11015648755796387
6889,0.29285742661979797,0.15934979275072633,0.0,0.0,0.11015648755796387
6890,0.29285742661979797,0.16030506634827024,0.0,0.0,0.11015648755796387
6891,0.29285742661979797,0.15934979275072633,0.0,0.0,0.11015648755796387
6892,0.29285742661979797,0.156549072275103,0.0,0.0,0.11015648755796387
6893,0.29285742661979797,0.1520937693934045,0.0,0.0,0.11015648755796387
6894,0.29285742661979797,0.14628750563428247,0.023882709769609933,0.01783831737403748,0.11015648755796387
6895,0.32544088066353805,0.13952596827761657,0.19835112729350987,0.1481511266641133,0.12241254980433647
6896,0.35639046426486987,0.1322699449202947,0.35750259683440494,0.26702350134864283,0.13405404191281692
6897,0.38415423606781623,0.1250139215629729,0.4890472221177487,0.36527595248544886,0.14449721085844835
6898,0.40734000462276243,0.11825238420630697,0.5828269455090745,0.4353212901059144,0.15321839254342084
6899,0.4247851386790255,0.11244612044718494,0.6315999672533454,0.47175051650267036,0.15978027050156665
6900,0.43561486637048863,0.10799081756548644,0.6315999672533454,0.47175051650267036,0.16385380477204825
6901,0.43928613992969695,0.10519009708986309,0.5828269455090745,0.4353212901059144,0.1652347313369458
6902,0.43561486637048863,0.10423482349231918,0.4890472221177487,0.36527595248544886,0.16385380477204825
6903,0.4247851386790255,0.10519009708986307,0.3575025968344049,0.2670235013486428,0.15978027050156665
6904,0.40734000462276243,0.10799081756548644,0.1983511272935096,0.1481511266641131,0.15321839254342084
6905,0.38415423606781623,0.11244612044718491,0.02388270976960985,0.01783831737403742,0.14449721085844835
6906,0.35639046426486987,0.11825238420630695,0.0,0.0,0.13405404191281692
6907,0.32544088066353805,0.12501392156297286,0.0,0.0,0.12241254980433647
6908,0.29285742661979797,0.1322699449202947,0.0,0.0,0.11015648755796387
6909,0.29285742661979797,0.13952596827761657,0.0,0.0,0.11015648755796387
6910,0.29285742661979797,0.14628750563428247,0.0,0.0,0.11015648755796387
6911,0.29285742661979797,0.1520937693934045,0.0,0.0,0.11015648755796387
6912,0.29285742661979797,0.14833029263314698,0.0,0.0,0.11015648755796387
6913,0.29285742661979797,0.15113101310877028,0.0,0.0,0.11015648755796387
6914,0.29285742661979797,0.15208628670631422,0.0,0.0,0.11015648755796387
6915,0.29285742661979797,0.15113101310877028,0.0,0.0,0.11015648755796387
6916,0.29285742661979797,0.14833029263314698,0.0,0.0,0.11015648755796387
6917,0.29285742661979797,0.14387498975144847,0.0,0.0,0.11015648755796387
6918,0.29285742661979797,0.13806872599232645,0.024376025005856092,0.01820678116372038,0.11015648755796387
6919,0.32544088066353805,0.13130718863566054,0.1987349683450141,0.14843782271175482,0.12241254980433647
6920,0.35639046426486987,0.12405116527833869,0.3577627126909559,0.26721778538290597,0.13405404191281692
6921,0.38415423606781623,0.11679514192101684,0.48919123085997357,0.36538351455328894,0.14449721085844835
6922,0.40734000462276243,0.11003360456435093,0.5828816087887169,0.4353621188452146,0.15321839254342084
6923,0.4247851386790255,0.1042273408052289,0.6316062013388548,0.4717551728250444,0.15978027050156665
6924,0.43561486637048863,0.0997720379235304,0.6316062013388548,0.4717551728250444,0.16385380477204825
6925,0.43928613992969695,0.09697131744790706,0.582881608788717,0.43536211884521464,0.1652347313369458
6926,0.43561486637048863,0.09601604385036316,0.4891912308599736,0.365383514553289,0.16385380477204825
6927,0.4247851386790255,0.09697131744790705,0.3577627126909558,0.2672177853829059,0.15978027050156665
6928,0.40734000462276243,0.0997720379235304,0.1987349683450141,0.14843782271175482,0.15321839254342084
6929,0.38415423606781623,0.10422734080522889,0.02437602500585618,0.018206781163720445,0.14449721085844835
6930,0.35639046426486987,0.1100336045643509,0.0,0.0,0.13405404191281692
6931,0.32544088066353805,0.11679514192101682,0.0,0.0,0.12241254980433647
6932,0.29285742661979797,0.12405116527833869,0.0,0.0,0.11015648755796387
6933,0.29285742661979797,0.13130718863566054,0.0,0.0,0.11015648755796387
6934,0.29285742661979797,0.13806872599232645,0.0,0.0,0.11015648755796387
6935,0.29285742661979797,0.14387498975144847,0.0,0.0,0.11015648755796387
6936,0.29285742661979797,0.14203434215920716,0.0,0.0,0.11015648755796387
6937,0.29285742661979797,0.1448350626348305,0.0,0.0,0.11015648755796387
6938,0.29285742661979797,0.14579033623237442,0.0,0.0,0.11015648755796387
6939,0.29285742661979797,0.1448350626348305,0.0,0.0,0.11015648755796387
6940,0.29285742661979797,0.14203434215920716,0.0,0.0,0.11015648755796387
6941,0.29285742661979797,0.13757903927750867,0.0,0.0,0.11015648755796387
6942,0.29285742661979797,0.13177277551838665,0.024887435511399103,0.0185887605535927,0.11015648755796387
6943,0.32544088066353805,0.12501123816172072,0.19913281689737677,0.14873498115032016,0.12241254980433647
6944,0.35639046426486987,0.11775521480439888,0.3580322863342777,0.2674191335654045,0.13405404191281692
6945,0.38415423606781623,0.11049919144707704,0.4893404625498108,0.3654949777109984,0.14449721085844835
6946,0.40734000462276243,0.10373765409041114,0.5829382514549496,0.4354044260150005,0.15321839254342084
6947,0.4247851386790255,0.0979313903312891,0.6316126609896926,0.4717599976251982,0.15978027050156665
6948,0.43561486637048863,0.09347608744959059,0.6316126609896926,0.4717599976251982,0.16385380477204825
6949,0.43928613992969695,0.09067536697396725,0.5829382514549496,0.4354044260150005,0.1652347313369458
6950,0.43561486637048863,0.08972009337642334,0.48934046254981084,0.3654949777109985,0.16385380477204825
6951,0.4247851386790255,0.09067536697396723,0.35803228633427764,0.2674191335654044,0.15978027050156665
6952,0.40734000462276243,0.09347608744959059,0.19913281689737689,0.14873498115032024,0.15321839254342084
6953,0.38415423606781623,0.09793139033128907,0.024887435511399384,0.018588760553592907,0.14449721085844835
6954,0.35639046426486987,0.10373765409041111,0.0,0.0,0.13405404191281692
6955,0.32544088066353805,0.11049919144707702,0.0,0.0,0.12241254980433647
6956,0.29285742661979797,0.11775521480439888,0.0,0.0,0.11015648755796387
6957,0.29285742661979797,0.12501123816172072,0.0,0.0,0.11015648755796387
6958,0.29285742661979797,0.13177277551838665,0.0,0.0,0.11015648755796387
6959,0.29285742661979797,0.13757903927750867,0.0,0.0,0.11015648755796387
6960,0.29285742661979797,0.14060716605173543,0.0,0.0,0.11015648755796387
6961,0.29285742661979797,0.14340788652735875,0.0,0.0,0.11015648755796387
6962,0.29285742661979797,0.14436316012490266,0.0,0.0,0.11015648755796387
6963,0.29285742661979797,0.14340788652735875,0.0,0.0,0.11015648755796387
6964,0.29285742661979797,0.14060716605173543,0.0,0.0,0.11015648755796387
6965,0.29285742661979797,0.1361518631700369,0.0,0.0,0.11015648755796387
6966,0.29285742661979797,0.1303455994109149,0.025416730322850883,0.018984097972260427,0.11015648755796387
6967,0.32544088066353805,0.12358406205424897,0.19954450116466746,0.14904247367058576,0.12241254980433647
6968,0.35639046426486987,0.11632803869692712,0.3583111976920158,0.2676274562124806,0.13405404191281692
6969,0.38415423606781623,0.1090720153396053,0.4894948493179606,0.3656102912660839,0.14449721085844835
6970,0.40734000462276243,0.10231047798293938,0.5829968474128081,0.4354481921245919,0.15321839254342084
6971,0.4247851386790255,0.09650421422381736,0.6316193432114804,0.4717649886665902,0.15978027050156665
6972,0.43561486637048863,0.09204891134211886,0.6316193432114804,0.4717649886665902,0.16385380477204825
6973,0.43928613992969695,0.08924819086649552,0.5829968474128082,0.43544819212459196,0.1652347313369458
6974,0.43561486637048863,0.08829291726895161,0.48949484931796067,0.36561029126608396,0.16385380477204825
6975,0.4247851386790255,0.08924819086649549,0.35831119769201586,0.26762745621248063,0.15978027050156665
6976,0.40734000462276243,0.09204891134211886,0.19954450116466768,0.14904247367058593,0.15321839254342084
6977,0.38415423606781623,0.09650421422381734,0.025416730322850942,0.018984097972260472,0.14449721085844835
6978,0.35639046426486987,0.10231047798293935,0.0,0.0,0.13405404191281692
6979,0.32544088066353805,0.10907201533960527,0.0,0.0,0.12241254980433647
6980,0.29285742661979797,0.11632803869692712,0.0,0.0,0.11015648755796387
6981,0.29285742661979797,0.12358406205424897,0.0,0.0,0.11015648755796387
6982,0.29285742661979797,0.1303455994109149,0.0,0.0,0.11015648755796387
6983,0.29285742661979797,0.1361518631700369,0.0,0.0,0.11015648755796387
6984,0.29285742661979797,0.14471655587271343,0.0,0.0,0.11015648755796387
6985,0.29285742661979797,0.14751727634833678,0.0,0.0,0.11015648755796387
6986,0.29285742661979797,0.14847254994588072,0.0,0.0,0.11015648755796387
6987,0.29285742661979797,0.14751727634833678,0.0,0.0,0.11015648755796387
6988,0.29285742661979797,0.14471655587271343,0.0,0.0,0.11015648755796387
6989,0.29285742661979797,0.14026125299101494,0.0,0.0,0.11015648755796387
6990,0.29285742661979797,0.13445498923189292,0.025963691655826366,0.019392630753635117,0.11015648755796387
6991,0.32544088066353805,0.127693451875227,0.19996984392786946,0.1493601679052828,0.12241254980433647
6992,0.35639046426486987,0.12043742851790518,0.358599322950801,0.26784266084626246,0.13405404191281692
6993,0.38415423606781623,0.11318140516058332,0.4896543212017414,0.36572940296247686,0.14449721085844835
6994,0.40734000462276243,0.1064198678039174,0.5830573697674556,0.4354933970858731,0.15321839254342084
6995,0.4247851386790255,0.1006136040447954,0.6316262449183296,0.47177014364432884,0.15978027050156665
6996,0.43561486637048863,0.09615830116309688,0.6316262449183296,0.47177014364432884,0.16385380477204825
6997,0.43928613992969695,0.09335758068747355,0.5830573697674556,0.43549339708587315,0.1652347313369458
6998,0.43561486637048863,0.09240230708992964,0.4896543212017415,0.3657294029624769,0.16385380477204825
6999,0.4247851386790255,0.09335758068747352,0.3585993229508011,0.2678426608462625,0.15978027050156665
7000,0.40734000462276243,0.09615830116309688,0.1999698439278696,0.14936016790528292,0.15321839254342084
7001,0.38415423606781623,0.10061360404479537,0.025963691655826557,0.019392630753635263,0.14449721085844835
7002,0.35639046426486987,0.10641986780391739,0.0,0.0,0.13405404191281692
7003,0.32544088066353805,0.1131814051605833,0.0,0.0,0.12241254980433647
7004,0.29285742661979797,0.12043742851790518,0.0,0.0,0.11015648755796387
7005,0.29285742661979797,0.127693451875227,0.0,0.0,0.11015648755796387
7006,0.29285742661979797,0.13445498923189292,0.0,0.0,0.11015648755796387
7007,0.29285742661979797,0.14026125299101494,0.0,0.0,0.11015648755796387
7008,0.29285742661979797,0.15243968245412498,0.0,0.0,0.11015648755796387
7009,0.29285742661979797,0.1552404029297483,0.0,0.0,0.11015648755796387
7010,0.29285742661979797,0.15619567652729224,0.0,0.0,0.11015648755796387
7011,0.29285742661979797,0.1552404029297483,0.0,0.0,0.11015648755796387
7012,0.29285742661979797,0.15243968245412498,0.0,0.0,0.11015648755796387
7013,0.29285742661979797,0.14798437957242647,0.0,0.0,0.11015648755796387
7014,0.29285742661979797,0.14217811581330445,0.026528095052128626,0.019814191246868413,0.11015648755796387
7015,0.32544088066353805,0.13541657845663854,0.20040866266626403,0.1496879275272298,0.12241254980433647
7016,0.35639046426486987,0.1281605550993167,0.35889653465344107,0.2680646522672576,0.13405404191281692
7017,0.38415423606781623,0.12090453174199486,0.4898188062020275,0.3658522590230611,0.14449721085844835
7018,0.40734000462276243,0.11414299438532895,0.583119790846547,0.43554002022999716,0.15321839254342084
7019,0.4247851386790255,0.10833673062620693,0.631633362935434,0.47177546018710836,0.15978027050156665
7020,0.43561486637048863,0.10388142774450843,0.6316333629354342,0.4717754601871084,0.16385380477204825
7021,0.43928613992969695,0.10108070726888507,0.583119790846547,0.4355400202299972,0.1652347313369458
7022,0.43561486637048863,0.10012543367134116,0.48981880620202767,0.36585225902306123,0.16385380477204825
7023,0.4247851386790255,0.10108070726888504,0.35889653465344107,0.2680646522672576,0.15978027050156665
7024,0.40734000462276243,0.10388142774450843,0.2004086626662642,0.14968792752722992,0.15321839254342084
7025,0.38415423606781623,0.1083367306262069,0.026528095052128622,0.01981419124686841,0.14449721085844835
7026,0.35639046426486987,0.11414299438532892,0.0,0.0,0.13405404191281692
7027,0.32544088066353805,0.12090453174199484,0.0,0.0,0.12241254980433647
7028,0.29285742661979797,0.1281605550993167,0.0,0.0,0.11015648755796387
7029,0.29285742661979797,0.13541657845663854,0.0,0.0,0.11015648755796387
7030,0.29285742661979797,0.14217811581330445,0.0,0.0,0.11015648755796387
7031,0.29285742661979797,0.14798437957242647,0.0,0.0,0.11015648755796387
7032,0.29285742661979797,0.1601628090355365,0.0,0.0,0.11015648755796387
7033,0.29285742661979797,0.16296352951115986,0.0,0.0,0.11015648755796387
7034,0.29285742661979797,0.16391880310870377,0.0,0.0,0.11015648755796387
7035,0.29285742661979797,0.16296352951115986,0.0,0.0,0.11015648755796387
7036,0.29285742661979797,0.1601628090355365,0.0,0.0,0.11015648755796387
7037,0.29285742661979797,0.155707506153838,0.0,0.0,0.11015648755796387
7038,0.29285742661979797,0.14990124239471597,0.027109709530709968,0.02024860692910692,0.11015648755796387
7039,0.32544088066353805,0.14313970503805007,0.2008607696919255,0.15002561234978892,0.12241254980433647
7040,0.35639046426486987,0.13588368168072826,0.3592027017982998,0.26829333262858085,0.13405404191281692
7041,0.38415423606781623,0.1286276583234064,0.48998823034142747,0.36597880419312745,0.14449721085844835
7042,0.40734000462276243,0.12186612096674049,0.5831840822230718,0.4355880403244474,0.15321839254342084
7043,0.4247851386790255,0.11605985720761847,0.6316406940017162,0.4717809358591863,0.15978027050156665
7044,0.43561486637048863,0.11160455432591995,0.6316406940017162,0.4717809358591863,0.16385380477204825
7045,0.43928613992969695,0.10880383385029661,0.5831840822230719,0.4355880403244475,0.1652347313369458
7046,0.43561486637048863,0.1078485602527527,0.4899882303414275,0.3659788041931275,0.16385380477204825
7047,0.4247851386790255,0.10880383385029659,0.35920270179829983,0.2682933326285809,0.15978027050156665
7048,0.40734000462276243,0.11160455432591995,0.20086076969192573,0.1500256123497891,0.15321839254342084
7049,0.38415423606781623,0.11605985720761844,0.027109709530709993,0.020248606929106936,0.14449721085844835
7050,0.35639046426486987,0.12186612096674046,0.0,0.0,0.13405404191281692
7051,0.32544088066353805,0.12862765832340636,0.0,0.0,0.12241254980433647
7052,0.29285742661979797,0.13588368168072826,0.0,0.0,0.11015648755796387
7053,0.29285742661979797,0.14313970503805007,0.0,0.0,0.11015648755796387
7054,0.29285742661979797,0.14990124239471597,0.0,0.0,0.11015648755796387
7055,0.29285742661979797,0.155707506153838,0.0,0.0,0.11015648755796387
7056,0.29285742661979797,0.16427219885651456,0.0,0.0,0.11015648755796387
7057,0.29285742661979797,0.16707291933213791,0.0,0.0,0.11015648755796387
7058,0.29285742661979797,0.1680281929296818,0.0,0.0,0.11015648755796387
7059,0.29285742661979797,0.16707291933213791,0.0,0.0,0.11015648755796387
7060,0.29285742661979797,0.16427219885651456,0.0,0.0,0.11015648755796387
7061,0.29285742661979797,0.15981689597481605,0.0,0.0,0.11015648755796387
7062,0.29285742661979797,0.15401063221569403,0.02770829774223785,0.020695700520939574,0.11015648755796387
7063,0.32544088066353805,0.14724909485902812,0.20132597228715463,0.1503730784295167,0.12241254980433647
7064,0.35639046426486987,0.13999307150170626,0.3595176899407264,0.268528601511713,0.13405404191281692
7065,0.38415423606781623,0.13273704814438442,0.4901625177236194,0.3661089817846914,0.14449721085844835
7066,0.40734000462276243,0.12597551078771854,0.5832502147386402,0.4356374355904299,0.15321839254342084
7067,0.4247851386790255,0.12016924702859648,0.6316482347725254,0.47178656816239806,0.15978027050156665
7068,0.43561486637048863,0.11571394414689799,0.6316482347725255,0.4717865681623981,0.16385380477204825
7069,0.43928613992969695,0.11291322367127465,0.5832502147386402,0.4356374355904299,0.1652347313369458
7070,0.43561486637048863,0.11195795007373074,0.4901625177236195,0.36610898178469153,0.16385380477204825
7071,0.4247851386790255,0.11291322367127463,0.35951768994072664,0.26852860151171315,0.15978027050156665
7072,0.40734000462276243,0.11571394414689799,0.20132597228715485,0.15037307842951686,0.15321839254342084
7073,0.38415423606781623,0.12016924702859648,0.027708297742237837,0.020695700520939563,0.14449721085844835
7074,0.35639046426486987,0.12597551078771851,0.0,0.0,0.13405404191281692
7075,0.32544088066353805,0.13273704814438442,0.0,0.0,0.12241254980433647
7076,0.29285742661979797,0.13999307150170626,0.0,0.0,0.11015648755796387
7077,0.29285742661979797,0.14724909485902812,0.0,0.0,0.11015648755796387
7078,0.29285742661979797,0.15401063221569403,0.0,0.0,0.11015648755796387
7079,0.29285742661979797,0.15981689597481605,0.0,0.0,0.11015648755796387
7080,0.29285742661979797,0.16284502274904283,0.0,0.0,0.11015648755796387
7081,0.29285742661979797,0.16564574322466616,0.0,0.0,0.11015648755796387
7082,0.29285742661979797,0.16660101682221007,0.0,0.0,0.11015648755796387
7083,0.29285742661979797,0.16564574322466616,0.0,0.0,0.11015648755796387
7084,0.29285742661979797,0.16284502274904283,0.0,0.0,0.11015648755796387
7085,0.29285742661979797,0.15838971986734432,0.0,0.0,0.11015648755796387
7086,0.29285742661979797,0.1525834561082223,0.028323616127087458,0.021155290104404447,0.11015648755796387
7087,0.32544088066353805,0.1458219187515564,0.20180407284467064,0.1507301781708755,0.12241254980433647
7088,0.35639046426486987,0.13856589539423453,0.3598413612963967,0.2687703560036877,0.13405404191281692
7089,0.38415423606781623,0.1313098720369127,0.49034159059375826,0.3662427337216128,0.14449721085844835
7090,0.40734000462276243,0.12454833468024677,0.5833181585271789,0.4356881837205726,0.15321839254342084
7091,0.4247851386790255,0.11874207092112475,0.6316559818223837,0.47179235453820784,0.15978027050156665
7092,0.43561486637048863,0.11428676803942625,0.6316559818223837,0.4717923545382079,0.16385380477204825
7093,0.43928613992969695,0.11148604756380293,0.5833181585271789,0.4356881837205726,0.1652347313369458
7094,0.43561486637048863,0.11053077396625902,0.49034159059375826,0.3662427337216128,0.16385380477204825
7095,0.4247851386790255,0.1114860475638029,0.3598413612963967,0.2687703560036877,0.15978027050156665
7096,0.40734000462276243,0.11428676803942625,0.20180407284467072,0.15073017817087556,0.15321839254342084
7097,0.38415423606781623,0.11874207092112474,0.02832361612708728,0.021155290104404315,0.14449721085844835
7098,0.35639046426486987,0.12454833468024674,0.0,0.0,0.13405404191281692
7099,0.32544088066353805,0.13130987203691266,0.0,0.0,0.12241254980433647
7100,0.29285742661979797,0.13856589539423453,0.0,0.0,0.11015648755796387
7101,0.29285742661979797,0.1458219187515564,0.0,0.0,0.11015648755796387
7102,0.29285742661979797,0.1525834561082223,0.0,0.0,0.11015648755796387
7103,0.29285742661979797,0.15838971986734432,0.0,0.0,0.11015648755796387
7104,0.29285742661979797,0.15654907227510304,0.0,0.0,0.11015648755796387
7105,0.29285742661979797,0.15934979275072636,0.0,0.0,0.11015648755796387
7106,0.29285742661979797,0.16030506634827027,0.0,0.0,0.11015648755796387
7107,0.29285742661979797,0.15934979275072636,0.0,0.0,0.11015648755796387
7108,0.29285742661979797,0.15654907227510304,0.0,0.0,0.11015648755796387
7109,0.29285742661979797,0.15209376939340452,0.0,0.0,0.11015648755796387
7110,0.29285742661979797,0.1462875056342825,0.028955415076581677,0.02162718924342101,0.11015648755796387
7111,0.32544088066353805,0.1395259682776166,0.202294869010383,0.15109676043287149,0.12241254980433647
7112,0.35639046426486987,0.13226994492029473,0.36017357484641993,0.26901849077559753,0.13405404191281692
7113,0.38415423606781623,0.1250139215629729,0.49052536939986763,0.3663800005854497,0.14449721085844835
7114,0.40734000462276243,0.118252384206307,0.5833878830390031,0.4357402618969047,0.15321839254342084
7115,0.4247851386790255,0.11244612044718497,0.6316639316477717,0.47179829236979015,0.15978027050156665
7116,0.43561486637048863,0.10799081756548647,0.6316639316477717,0.47179829236979015,0.16385380477204825
7117,0.43928613992969695,0.10519009708986311,0.5833878830390032,0.43574026189690473,0.1652347313369458
7118,0.43561486637048863,0.1042348234923192,0.4905253693998678,0.36638000058544984,0.16385380477204825
7119,0.4247851386790255,0.10519009708986309,0.36017357484641993,0.26901849077559753,0.15978027050156665
7120,0.40734000462276243,0.10799081756548647,0.20229486901038318,0.15109676043287162,0.15321839254342084
7121,0.38415423606781623,0.11244612044718494,0.028955415076581687,0.021627189243421018,0.14449721085844835
7122,0.35639046426486987,0.11825238420630697,0.0,0.0,0.13405404191281692
7123,0.32544088066353805,0.1250139215629729,0.0,0.0,0.12241254980433647
7124,0.29285742661979797,0.13226994492029473,0.0,0.0,0.11015648755796387
7125,0.29285742661979797,0.1395259682776166,0.0,0.0,0.11015648755796387
7126,0.29285742661979797,0.1462875056342825,0.0,0.0,0.11015648755796387
7127,0.29285742661979797,0.15209376939340452,0.0,0.0,0.11015648755796387
7128,0.29285742661979797,0.14833029263314698,0.0,0.0,0.11015648755796387
7129,0.29285742661979797,0.15113101310877028,0.0,0.0,0.11015648755796387
7130,0.29285742661979797,0.15208628670631422,0.0,0.0,0.11015648755796387
7131,0.29285742661979797,0.15113101310877028,0.0,0.0,0.11015648755796387
7132,0.29285742661979797,0.14833029263314698,0.0,0.0,0.11015648755796387
7133,0.29285742661979797,0.14387498975144847,0.0,0.0,0.11015648755796387
7134,0.29285742661979797,0.13806872599232645,0.029603439097298553,0.02211120710651361,0.11015648755796387
7135,0.32544088066353805,0.13130718863566054,0.20279815382856287,0.15147267063748535,0.12241254980433647
7136,0.35639046426486987,0.12405116527833869,0.3605141864440756,0.2692728981623167,0.13405404191281692
7137,0.38415423606781623,0.11679514192101684,0.49071377285513246,0.3665207216619858,0.14449721085844835
7138,0.40734000462276243,0.11003360456435093,0.5834593570652289,0.4357936468090908,0.15321839254342084
7139,0.4247851386790255,0.1042273408052289,0.631672080669957,0.4718043789841413,0.15978027050156665
7140,0.43561486637048863,0.09977203792353041,0.631672080669957,0.4718043789841413,0.16385380477204825
7141,0.43928613992969695,0.09697131744790707,0.5834593570652289,0.4357936468090907,0.1652347313369458
7142,0.43561486637048863,0.09601604385036316,0.4907137728551325,0.36652072166198585,0.16385380477204825
7143,0.4247851386790255,0.09697131744790706,0.3605141864440757,0.26927289816231675,0.15978027050156665
7144,0.40734000462276243,0.09977203792353041,0.20279815382856298,0.15147267063748543,0.15321839254342084
7145,0.38415423606781623,0.10422734080522889,0.02960343909729871,0.02211120710651373,0.14449721085844835
7146,0.35639046426486987,0.1100336045643509,0.0,0.0,0.13405404191281692
7147,0.32544088066353805,0.11679514192101682,0.0,0.0,0.12241254980433647
7148,0.29285742661979797,0.12405116527833869,0.0,0.0,0.11015648755796387
7149,0.29285742661979797,0.13130718863566054,0.0,0.0,0.11015648755796387
7150,0.29285742661979797,0.13806872599232645,0.0,0.0,0.11015648755796387
7151,0.29285742661979797,0.14387498975144847,0.0,0.0,0.11015648755796387
7152,0.29285742661979797,0.14203434215920716,0.0,0.0,0.11015648755796387
7153,0.29285742661979797,0.1448350626348305,0.0,0.0,0.11015648755796387
7154,0.29285742661979797,0.14579033623237442,0.0,0.0,0.11015648755796387
7155,0.29285742661979797,0.1448350626348305,0.0,0.0,0.11015648755796387
7156,0.29285742661979797,0.14203434215920716,0.0,0.0,0.11015648755796387
7157,0.29285742661979797,0.13757903927750867,0.0,0.0,0.11015648755796387
7158,0.29285742661979797,0.13177277551838665,0.03026742697825699,0.022607148591684736,0.11015648755796387
7159,0.32544088066353805,0.12501123816172072,0.20331371588922778,0.1518577508797557,0.12241254980433647
7160,0.35639046426486987,0.11775521480439888,0.36086304892303106,0.2695334682433307,0.13405404191281692
7161,0.38415423606781623,0.11049919144707704,0.49090671800100344,0.3666648349883641,0.14449721085844835
7162,0.40734000462276243,0.10373765409041114,0.5835325487624917,0.43584831467289314,0.15321839254342084
7163,0.4247851386790255,0.09793139033128911,0.6316804252378542,0.4718106116542167,0.15978027050156665
7164,0.43561486637048863,0.0934760874495906,0.6316804252378542,0.4718106116542167,0.16385380477204825
7165,0.43928613992969695,0.09067536697396726,0.5835325487624917,0.43584831467289314,0.1652347313369458
7166,0.43561486637048863,0.08972009337642335,0.4909067180010035,0.36666483498836416,0.16385380477204825
7167,0.4247851386790255,0.09067536697396725,0.3608630489230313,0.26953346824333085,0.15978027050156665
7168,0.40734000462276243,0.0934760874495906,0.20331371588922795,0.1518577508797558,0.15321839254342084
7169,0.38415423606781623,0.09793139033128909,0.03026742697825731,0.022607148591684972,0.14449721085844835
7170,0.35639046426486987,0.10373765409041111,0.0,0.0,0.13405404191281692
7171,0.32544088066353805,0.11049919144707702,0.0,0.0,0.12241254980433647
7172,0.29285742661979797,0.11775521480439888,0.0,0.0,0.11015648755796387
7173,0.29285742661979797,0.12501123816172072,0.0,0.0,0.11015648755796387
7174,0.29285742661979797,0.13177277551838665,0.0,0.0,0.11015648755796387
7175,0.29285742661979797,0.13757903927750867,0.0,0.0,0.11015648755796387
7176,0.29285742661979797,0.14060716605173543,0.0,0.0,0.11015648755796387
7177,0.29285742661979797,0.14340788652735875,0.0,0.0,0.11015648755796387
7178,0.29285742661979797,0.14436316012490266,0.0,0.0,0.11015648755796387
7179,0.29285742661979797,0.14340788652735875,0.0,0.0,0.11015648755796387
7180,0.29285742661979797,0.14060716605173543,0.0,0.0,0.11015648755796387
7181,0.29285742661979797,0.1361518631700369,0.0,0.0,0.11015648755796387
7182,0.29285742661979797,0.1303455994109149,0.030947111960799693,0.02311481445330283,0.11015648755796387
7183,0.32544088066353805,0.12358406205424897,0.2038413394775612,0.15225184003938264,0.12241254980433647
7184,0.35639046426486987,0.11632803869692712,0.36122001220690086,0.26980008892456725,0.13405404191281692
7185,0.38415423606781623,0.1090720153396053,0.4911041202710281,0.3668122774007631,0.14449721085844835
7186,0.40734000462276243,0.10231047798293938,0.5836074256779373,0.43590424124883836,0.15321839254342084
7187,0.4247851386790255,0.09650421422381736,0.6316889616309179,0.47181698760109075,0.15978027050156665
7188,0.43561486637048863,0.09204891134211886,0.6316889616309179,0.47181698760109075,0.16385380477204825
7189,0.43928613992969695,0.08924819086649552,0.5836074256779373,0.43590424124883836,0.1652347313369458
7190,0.43561486637048863,0.08829291726895161,0.4911041202710281,0.3668122774007631,0.16385380477204825
7191,0.4247851386790255,0.08924819086649549,0.3612200122069011,0.2698000889245674,0.15978027050156665
7192,0.40734000462276243,0.09204891134211886,0.20384133947756128,0.1522518400393827,0.15321839254342084
7193,0.38415423606781623,0.09650421422381734,0.030947111960800015,0.02311481445330307,0.14449721085844835
7194,0.35639046426486987,0.10231047798293935,0.0,0.0,0.13405404191281692
7195,0.32544088066353805,0.10907201533960527,0.0,0.0,0.12241254980433647
7196,0.29285742661979797,0.11632803869692712,0.0,0.0,0.11015648755796387
7197,0.29285742661979797,0.12358406205424897,0.0,0.0,0.11015648755796387
7198,0.29285742661979797,0.1303455994109149,0.0,0.0,0.11015648755796387
7199,0.29285742661979797,0.1361518631700369,0.0,0.0,0.11015648755796387
7200,0.29285742661979797,0.14471655587271343,0.0,0.0,0.11015648755796387
7201,0.29285742661979797,0.14751727634833678,0.0,0.0,0.11015648755796387
7202,0.29285742661979797,0.14847254994588072,0.0,0.0,0.11015648755796387
7203,0.29285742661979797,0.14751727634833678,0.0,0.0,0.11015648755796387
7204,0.29285742661979797,0.14471655587271343,0.0,0.0,0.11015648755796387
7205,0.29285742661979797,0.14026125299101494,0.0,0.0,0.11015648755796387
7206,0.29285742661979797,0.13445498923189292,0.03164222191097914,0.023634001430859725,0.11015648755796387
7207,0.32544088066353805,0.127693451875227,0.20438080472517592,0.15265477389370852,0.12241254980433647
7208,0.35639046426486987,0.12043742851790518,0.36158492342000204,0.27007264602112113,0.13405404191281692
7209,0.38415423606781623,0.11318140516058332,0.4913058935553219,0.36696298458255094,0.14449721085844835
7210,0.40734000462276243,0.1064198678039174,0.5836839547744487,0.435961401861059,0.15321839254342084
7211,0.4247851386790255,0.1006136040447954,0.6316976860620611,0.4718235039961373,0.15978027050156665
7212,0.43561486637048863,0.09615830116309687,0.6316976860620611,0.4718235039961373,0.16385380477204825
7213,0.43928613992969695,0.09335758068747353,0.5836839547744486,0.4359614018610589,0.1652347313369458
7214,0.43561486637048863,0.09240230708992962,0.4913058935553217,0.36696298458255083,0.16385380477204825
7215,0.4247851386790255,0.09335758068747352,0.36158492342000187,0.270072646021121,0.15978027050156665
7216,0.40734000462276243,0.09615830116309687,0.2043808047251758,0.15265477389370843,0.15321839254342084
7217,0.38415423606781623,0.10061360404479537,0.03164222191097907,0.023634001430859673,0.14449721085844835
7218,0.35639046426486987,0.10641986780391739,0.0,0.0,0.13405404191281692
7219,0.32544088066353805,0.1131814051605833,0.0,0.0,0.12241254980433647
7220,0.29285742661979797,0.12043742851790518,0.0,0.0,0.11015648755796387
7221,0.29285742661979797,0.127693451875227,0.0,0.0,0.11015648755796387
7222,0.29285742661979797,0.13445498923189292,0.0,0.0,0.11015648755796387
7223,0.29285742661979797,0.14026125299101494,0.0,0.0,0.11015648755796387
7224,0.29285742661979797,0.15243968245412498,0.0,0.0,0.11015648755796387
7225,0.29285742661979797,0.1552404029297483,0.0,0.0,0.11015648755796387
7226,0.29285742661979797,0.15619567652729224,0.0,0.0,0.11015648755796387
7227,0.29285742661979797,0.1552404029297483,0.0,0.0,0.11015648755796387
7228,0.29285742661979797,0.15243968245412498,0.0,0.0,0.11015648755796387
7229,0.29285742661979797,0.14798437957242647,0.0,0.0,0.11015648755796387
7230,0.29285742661979797,0.14217811581330445,0.03235247949426084,0.024164502379458854,0.11015648755796387
7231,0.32544088066353805,0.13541657845663854,0.20493188776304214,0.1530663852319418,0.12241254980433647
7232,0.35639046426486987,0.1281605550993167,0.3619576269991621,0.270351023340765,0.13405404191281692
7233,0.38415423606781623,0.12090453174199486,0.4915119502655916,0.3671168911128525,0.14449721085844835
7234,0.40734000462276243,0.11414299438532895,0.583762102456076,0.4360197714162879,0.15321839254342084
7235,0.4247851386790255,0.10833673062620693,0.6317065946805969,0.47183015796322636,0.15978027050156665
7236,0.43561486637048863,0.10388142774450843,0.6317065946805969,0.47183015796322636,0.16385380477204825
7237,0.43928613992969695,0.10108070726888507,0.583762102456076,0.4360197714162879,0.1652347313369458
7238,0.43561486637048863,0.10012543367134116,0.4915119502655914,0.3671168911128524,0.16385380477204825
7239,0.4247851386790255,0.10108070726888504,0.361957626999162,0.27035102334076494,0.15978027050156665
7240,0.40734000462276243,0.10388142774450843,0.20493188776304214,0.1530663852319418,0.15321839254342084
7241,0.38415423606781623,0.1083367306262069,0.03235247949426062,0.024164502379458695,0.14449721085844835
7242,0.35639046426486987,0.11414299438532892,0.0,0.0,0.13405404191281692
7243,0.32544088066353805,0.12090453174199484,0.0,0.0,0.12241254980433647
7244,0.29285742661979797,0.1281605550993167,0.0,0.0,0.11015648755796387
7245,0.29285742661979797,0.13541657845663854,0.0,0.0,0.11015648755796387
7246,0.29285742661979797,0.14217811581330445,0.0,0.0,0.11015648755796387
7247,0.29285742661979797,0.14798437957242647,0.0,0.0,0.11015648755796387
7248,0.29285742661979797,0.1601628090355365,0.0,0.0,0.11015648755796387
7249,0.29285742661979797,0.16296352951115986,0.0,0.0,0.11015648755796387
7250,0.29285742661979797,0.16391880310870377,0.0,0.0,0.11015648755796387
7251,0.29285742661979797,0.16296352951115986,0.0,0.0,0.11015648755796387
7252,0.29285742661979797,0.1601628090355365,0.0,0.0,0.11015648755796387
7253,0.29285742661979797,0.155707506153838,0.0,0.0,0.11015648755796387
7254,0.29285742661979797,0.14990124239471597,0.03307760235234846,0.02470610640188832,0.11015648755796387
7255,0.32544088066353805,0.14313970503805007,0.20549436087588963,0.15348650397048225,0.12241254980433647
7256,0.35639046426486987,0.13588368168072826,0.36233796480643726,0.2706351027681403,0.13405404191281692
7257,0.38415423606781623,0.1286276583234064,0.49172220140062645,0.3672739305154657,0.14449721085844835
7258,0.40734000462276243,0.12186612096674049,0.5838418345936353,0.43607932442297825,0.15321839254342084
7259,0.4247851386790255,0.11605985720761847,0.6317156835751981,0.4718369465809352,0.15978027050156665
7260,0.43561486637048863,0.11160455432591995,0.6317156835751981,0.4718369465809352,0.16385380477204825
7261,0.43928613992969695,0.10880383385029661,0.5838418345936354,0.4360793244229783,0.1652347313369458
7262,0.43561486637048863,0.1078485602527527,0.49172220140062634,0.36727393051546564,0.16385380477204825
7263,0.4247851386790255,0.10880383385029659,0.3623379648064374,0.27063510276814035,0.15978027050156665
7264,0.40734000462276243,0.11160455432591995,0.2054943608758896,0.15348650397048222,0.15321839254342084
7265,0.38415423606781623,0.11605985720761844,0.033077602352348294,0.024706106401888195,0.14449721085844835
7266,0.35639046426486987,0.12186612096674046,0.0,0.0,0.13405404191281692
7267,0.32544088066353805,0.12862765832340636,0.0,0.0,0.12241254980433647
7268,0.29285742661979797,0.13588368168072826,0.0,0.0,0.11015648755796387
7269,0.29285742661979797,0.14313970503805007,0.0,0.0,0.11015648755796387
7270,0.29285742661979797,0.14990124239471597,0.0,0.0,0.11015648755796387
7271,0.29285742661979797,0.155707506153838,0.0,0.0,0.11015648755796387
7272,0.29285742661979797,0.16427219885651456,0.0,0.0,0.11015648755796387
7273,0.29285742661979797,0.16707291933213791,0.0,0.0,0.11015648755796387
7274,0.29285742661979797,0.1680281929296818,0.0,0.0,0.11015648755796387
7275,0.29285742661979797,0.16707291933213791,0.0,0.0,0.11015648755796387
7276,0.29285742661979797,0.16427219885651456,0.0,0.0,0.11015648755796387
7277,0.29285742661979797,0.15981689597481605,0.0,0.0,0.11015648755796387
7278,0.29285742661979797,0.15401063221569403,0.03381730328194267,0.025258598982138253,0.11015648755796387
7279,0.32544088066353805,0.14724909485902812,0.20606799265790415,0.15391495726921262,0.12241254980433647
7280,0.35639046426486987,0.13999307150170626,0.36272577624259833,0.270924764349521,0.13405404191281692
7281,0.38415423606781623,0.13273704814438442,0.49193655661217106,0.36743403530806246,0.14449721085844835
7282,0.40734000462276243,0.12597551078771854,0.5839231165504404,0.43614003501052295,0.15321839254342084
7283,0.4247851386790255,0.12016924702859648,0.6317249487768734,0.47184386688477054,0.15978027050156665
7284,0.43561486637048863,0.11571394414689799,0.6317249487768734,0.47184386688477054,0.16385380477204825
7285,0.43928613992969695,0.11291322367127465,0.5839231165504405,0.436140035010523,0.1652347313369458
7286,0.43561486637048863,0.11195795007373074,0.4919365566121711,0.3674340353080625,0.16385380477204825
7287,0.4247851386790255,0.11291322367127463,0.36272577624259855,0.2709247643495212,0.15978027050156665
7288,0.40734000462276243,0.11571394414689799,0.2060679926579042,0.15391495726921267,0.15321839254342084
7289,0.38415423606781623,0.12016924702859648,0.033817303281942546,0.02525859898213816,0.14449721085844835
7290,0.35639046426486987,0.12597551078771851,0.0,0.0,0.13405404191281692
7291,0.32544088066353805,0.13273704814438442,0.0,0.0,0.12241254980433647
7292,0.29285742661979797,0.13999307150170626,0.0,0.0,0.11015648755796387
7293,0.29285742661979797,0.14724909485902812,0.0,0.0,0.11015648755796387
7294,0.29285742661979797,0.15401063221569403,0.0,0.0,0.11015648755796387
7295,0.29285742661979797,0.15981689597481605,0.0,0.0,0.11015648755796387
7296,0.29285742661979797,0.16284502274904283,0.0,0.0,0.11015648755796387
7297,0.29285742661979797,0.1656457432246662,0.0,0.0,0.11015648755796387
7298,0.29285742661979797,0.1666010168222101,0.0,0.0,0.11015648755796387
7299,0.29285742661979797,0.1656457432246662,0.0,0.0,0.11015648755796387
7300,0.29285742661979797,0.16284502274904283,0.0,0.0,0.11015648755796387
7301,0.29285742661979797,0.15838971986734435,0.0,0.0,0.11015648755796387
7302,0.29285742661979797,0.1525834561082223,0.034571290415236364,0.025821762120215162,0.11015648755796387
7303,0.32544088066353805,0.14582191875155642,0.20665254816952963,0.15435156964861638,0.12241254980433647
7304,0.35639046426486987,0.13856589539423456,0.3631208983612422,0.27121988637804556,0.13405404191281692
7305,0.38415423606781623,0.13130987203691272,0.4921549242710956,0.3675971370516124,0.14449721085844835
7306,0.40734000462276243,0.1245483346802468,0.5840059132081363,0.43620187694855,0.15321839254342084
7307,0.4247851386790255,0.11874207092112478,0.6317343862619512,0.47185091586939815,0.15978027050156665
7308,0.43561486637048863,0.11428676803942628,0.6317343862619511,0.4718509158693981,0.16385380477204825
7309,0.43928613992969695,0.11148604756380294,0.5840059132081364,0.43620187694855006,0.1652347313369458
7310,0.43561486637048863,0.11053077396625903,0.49215492427109553,0.36759713705161234,0.16385380477204825
7311,0.4247851386790255,0.11148604756380293,0.363120898361242,0.27121988637804545,0.15978027050156665
7312,0.40734000462276243,0.11428676803942628,0.20665254816952974,0.15435156964861646,0.15321839254342084
7313,0.38415423606781623,0.11874207092112475,0.03457129041523647,0.02582176212021524,0.14449721085844835
7314,0.35639046426486987,0.12454833468024677,0.0,0.0,0.13405404191281692
7315,0.32544088066353805,0.1313098720369127,0.0,0.0,0.12241254980433647
7316,0.29285742661979797,0.13856589539423456,0.0,0.0,0.11015648755796387
7317,0.29285742661979797,0.14582191875155642,0.0,0.0,0.11015648755796387
7318,0.29285742661979797,0.1525834561082223,0.0,0.0,0.11015648755796387
7319,0.29285742661979797,0.15838971986734435,0.0,0.0,0.11015648755796387
7320,0.29285742661979797,0.156549072275103,0.0,0.0,0.11015648755796387
7321,0.29285742661979797,0.15934979275072633,0.0,0.0,0.11015648755796387
7322,0.29285742661979797,0.16030506634827024,0.0,0.0,0.11015648755796387
7323,0.29285742661979797,0.15934979275072633,0.0,0.0,0.11015648755796387
7324,0.29285742661979797,0.156549072275103,0.0,0.0,0.11015648755796387
7325,0.29285742661979797,0.1520937693934045,0.0,0.0,0.11015648755796387
7326,0.29285742661979797,0.14628750563428247,0.035339267401956045,0.026395374468111073,0.11015648755796387
7327,0.32544088066353805,0.13952596827761657,0.207247789095195,0.15479616310758584,0.12241254980433647
7328,0.35639046426486987,0.1322699449202947,0.3635231659833891,0.2715203454793108,0.13405404191281692
7329,0.38415423606781623,0.1250139215629729,0.4923772115337792,0.36776316639996565,0.14449721085844835
7330,0.40734000462276243,0.11825238420630697,0.5840901889926002,0.4362648236662681,0.15321839254342084
7331,0.4247851386790255,0.11244612044718494,0.6317439919550741,0.47185809049087857,0.15978027050156665
7332,0.43561486637048863,0.10799081756548644,0.6317439919550741,0.47185809049087857,0.16385380477204825
7333,0.43928613992969695,0.10519009708986309,0.5840901889926002,0.4362648236662681,0.1652347313369458
7334,0.43561486637048863,0.10423482349231918,0.49237721153377917,0.3677631663999656,0.16385380477204825
7335,0.4247851386790255,0.10519009708986307,0.36352316598338896,0.2715203454793107,0.15978027050156665
7336,0.40734000462276243,0.10799081756548644,0.20724778909519512,0.15479616310758593,0.15321839254342084
7337,0.38415423606781623,0.11244612044718491,0.03533926740195595,0.026395374468111004,0.14449721085844835
7338,0.35639046426486987,0.11825238420630695,0.0,0.0,0.13405404191281692
7339,0.32544088066353805,0.12501392156297286,0.0,0.0,0.12241254980433647
7340,0.29285742661979797,0.1322699449202947,0.0,0.0,0.11015648755796387
7341,0.29285742661979797,0.13952596827761657,0.0,0.0,0.11015648755796387
7342,0.29285742661979797,0.14628750563428247,0.0,0.0,0.11015648755796387
7343,0.29285742661979797,0.1520937693934045,0.0,0.0,0.11015648755796387
7344,0.27333359817847813,0.1396049813017854,0.0,0.0,0.10281272172076628
7345,0.27333359817847813,0.1422409535141368,0.0,0.0,0.10281272172076628
7346,0.27333359817847813,0.14314003454711927,0.0,0.0,0.10281272172076628
7347,0.27333359817847813,0.1422409535141368,0.0,0.0,0.10281272172076628
7348,0.27333359817847813,0.1396049813017854,0.0,0.0,0.10281272172076628
7349,0.27333359817847813,0.1354117550601868,0.0,0.0,0.10281272172076628
7350,0.27333359817847813,0.12994703622807197,0.03726159465357827,0.02783118656573296,0.10281272172076628
7351,0.3037448219526355,0.12358323636297462,0.2144172678144707,0.16015114325994634,0.11425171315071404
7352,0.3326310999805452,0.11675403790902465,0.3754250142907154,0.2804099961718756,0.12511710578529578
7353,0.3585439536632951,0.10992483945507468,0.508159218863633,0.3795509600910965,0.1348640634678851
7354,0.38018400431457827,0.10356103958997735,0.602623568149345,0.45010765400673775,0.14300383304052613
7355,0.39646612943375714,0.09809632075786251,0.6517038805237364,0.48676639991108034,0.14912825246812889
7356,0.4065738752791227,0.09390309451626393,0.6517038805237364,0.48676639991108034,0.15293021778724503
7357,0.41000039726771714,0.09126712230391254,0.6026235681493451,0.4501076540067378,0.15421908258114939
7358,0.4065738752791227,0.09036804127093005,0.5081592188636332,0.3795509600910967,0.15293021778724503
7359,0.39646612943375714,0.09126712230391253,0.3754250142907154,0.2804099961718756,0.14912825246812889
7360,0.38018400431457827,0.09390309451626393,0.21441726781447076,0.1601511432599464,0.14300383304052613
7361,0.3585439536632951,0.0980963207578625,0.037261594653578124,0.027831186565732857,0.1348640634678851
7362,0.3326310999805452,0.10356103958997732,0.0,0.0,0.12511710578529578
7363,0.3037448219526355,0.10992483945507467,0.0,0.0,0.11425171315071404
7364,0.27333359817847813,0.11675403790902465,0.0,0.0,0.10281272172076628
7365,0.27333359817847813,0.12358323636297462,0.0,0.0,0.10281272172076628
7366,0.27333359817847813,0.12994703622807197,0.0,0.0,0.10281272172076628
7367,0.27333359817847813,0.1354117550601868,0.0,0.0,0.10281272172076628
7368,0.27333359817847813,0.1336793808557244,0.0,0.0,0.10281272172076628
7369,0.27333359817847813,0.13631535306807577,0.0,0.0,0.10281272172076628
7370,0.27333359817847813,0.13721443410105827,0.0,0.0,0.10281272172076628
7371,0.27333359817847813,0.13631535306807577,0.0,0.0,0.10281272172076628
7372,0.27333359817847813,0.1336793808557244,0.0,0.0,0.10281272172076628
7373,0.27333359817847813,0.12948615461412577,0.0,0.0,0.10281272172076628
7374,0.27333359817847813,0.12402143578201094,0.03808175214661675,0.028443773236117076,0.10281272172076628
7375,0.3037448219526355,0.11765763591691361,0.2150526008817946,0.16062568207913702,0.11425171315071404
7376,0.3326310999805452,0.11082843746296366,0.37585420759819427,0.2807305664299191,0.12511710578529578
7377,0.3585439536632951,0.10399923900901367,0.5083963204907004,0.3797280544876005,0.1348640634678851
7378,0.38018400431457827,0.09763543914391634,0.6027134451070181,0.45017478431611424,0.14300383304052613
7379,0.39646612943375714,0.0921707203118015,0.6517141237843088,0.4867740507402701,0.14912825246812889
7380,0.4065738752791227,0.08797749407020292,0.6517141237843088,0.4867740507402701,0.15293021778724503
7381,0.41000039726771714,0.08534152185785153,0.6027134451070181,0.45017478431611424,0.15421908258114939
7382,0.4065738752791227,0.08444244082486903,0.5083963204907005,0.37972805448760055,0.15293021778724503
7383,0.39646612943375714,0.0853415218578515,0.37585420759819455,0.28073056642991934,0.14912825246812889
7384,0.38018400431457827,0.08797749407020292,0.21505260088179481,0.1606256820791372,0.14300383304052613
7385,0.3585439536632951,0.09217072031180147,0.03808175214661716,0.028443773236117378,0.1348640634678851
7386,0.3326310999805452,0.09763543914391633,0.0,0.0,0.12511710578529578
7387,0.3037448219526355,0.10399923900901364,0.0,0.0,0.11425171315071404
7388,0.27333359817847813,0.11082843746296366,0.0,0.0,0.10281272172076628
7389,0.27333359817847813,0.11765763591691361,0.0,0.0,0.10281272172076628
7390,0.27333359817847813,0.12402143578201094,0.0,0.0,0.10281272172076628
7391,0.27333359817847813,0.12948615461412577,0.0,0.0,0.10281272172076628
7392,0.27333359817847813,0.1323361562839863,0.0,0.0,0.10281272172076628
7393,0.27333359817847813,0.13497212849633766,0.0,0.0,0.10281272172076628
7394,0.27333359817847813,0.13587120952932016,0.0,0.0,0.10281272172076628
7395,0.27333359817847813,0.13497212849633766,0.0,0.0,0.10281272172076628
7396,0.27333359817847813,0.1323361562839863,0.0,0.0,0.10281272172076628
7397,0.27333359817847813,0.1281429300423877,0.0,0.0,0.10281272172076628
7398,0.27333359817847813,0.12267821121027284,0.03891539830532422,0.029066434772438792,0.10281272172076628
7399,0.3037448219526355,0.1163144113451755,0.21569820001498793,0.16110788876110074,0.11425171315071404
7400,0.3326310999805452,0.10948521289122555,0.3762902482393948,0.2810562510536803,0.12511710578529578
7401,0.3585439536632951,0.10265601443727557,0.5086371713411681,0.3799079492295245,0.1348640634678851
7402,0.38018400431457827,0.09629221457217824,0.6028047352547288,0.45024297015615067,0.14300383304052613
7403,0.39646612943375714,0.09082749574006341,0.651724527663582,0.4867818215377293,0.14912825246812889
7404,0.4065738752791227,0.08663426949846481,0.651724527663582,0.4867818215377293,0.15293021778724503
7405,0.41000039726771714,0.08399829728611344,0.6028047352547288,0.4502429701561507,0.15421908258114939
7406,0.4065738752791227,0.08309921625313094,0.5086371713411683,0.3799079492295246,0.15293021778724503
7407,0.39646612943375714,0.08399829728611341,0.37629024823939494,0.28105625105368043,0.14912825246812889
7408,0.38018400431457827,0.08663426949846481,0.21569820001498813,0.16110788876110088,0.14300383304052613
7409,0.3585439536632951,0.09082749574006338,0.03891539830532469,0.029066434772439146,0.1348640634678851
7410,0.3326310999805452,0.09629221457217822,0.0,0.0,0.12511710578529578
7411,0.3037448219526355,0.10265601443727555,0.0,0.0,0.11425171315071404
7412,0.27333359817847813,0.10948521289122555,0.0,0.0,0.10281272172076628
7413,0.27333359817847813,0.1163144113451755,0.0,0.0,0.10281272172076628
7414,0.27333359817847813,0.12267821121027284,0.0,0.0,0.10281272172076628
7415,0.27333359817847813,0.1281429300423877,0.0,0.0,0.10281272172076628
7416,0.27333359817847813,0.1362038172919656,0.0,0.0,0.10281272172076628
7417,0.27333359817847813,0.13883978950431697,0.0,0.0,0.10281272172076628
7418,0.27333359817847813,0.13973887053729947,0.0,0.0,0.10281272172076628
7419,0.27333359817847813,0.13883978950431697,0.0,0.0,0.10281272172076628
7420,0.27333359817847813,0.1362038172919656,0.0,0.0,0.10281272172076628
7421,0.27333359817847813,0.132010591050367,0.0,0.0,0.10281272172076628
7422,0.27333359817847813,0.12654587221825217,0.03976221082772231,0.029698930443012483,0.10281272172076628
7423,0.3037448219526355,0.12018207235315483,0.2163538070818134,0.16159757050339515,0.11425171315071404
7424,0.3326310999805452,0.11335287389920486,0.37673295779405536,0.28138691677866445,0.12511710578529578
7425,0.3585439536632951,0.10652367544525487,0.5088816713143772,0.3800905695503391,0.1348640634678851
7426,0.38018400431457827,0.10015987558015757,0.6028974002817176,0.45031218291202496,0.14300383304052613
7427,0.39646612943375714,0.0946951567480427,0.6517350877751049,0.4867897090271586,0.14912825246812889
7428,0.4065738752791227,0.09050193050644413,0.6517350877751049,0.4867897090271586,0.15293021778724503
7429,0.41000039726771714,0.08786595829409274,0.6028974002817177,0.450312182912025,0.15421908258114939
7430,0.4065738752791227,0.08696687726111024,0.5088816713143774,0.3800905695503392,0.15293021778724503
7431,0.39646612943375714,0.08786595829409272,0.3767329577940556,0.2813869167786646,0.14912825246812889
7432,0.38018400431457827,0.09050193050644413,0.21635380708181357,0.1615975705033953,0.14300383304052613
7433,0.3585439536632951,0.0946951567480427,0.039762210827722626,0.029698930443012722,0.1348640634678851
7434,0.3326310999805452,0.10015987558015753,0.0,0.0,0.12511710578529578
7435,0.3037448219526355,0.10652367544525487,0.0,0.0,0.11425171315071404
7436,0.27333359817847813,0.11335287389920486,0.0,0.0,0.10281272172076628
7437,0.27333359817847813,0.12018207235315483,0.0,0.0,0.10281272172076628
7438,0.27333359817847813,0.12654587221825217,0.0,0.0,0.10281272172076628
7439,0.27333359817847813,0.132010591050367,0.0,0.0,0.10281272172076628
7440,0.27333359817847813,0.1434726423097647,0.0,0.0,0.10281272172076628
7441,0.27333359817847813,0.14610861452211604,0.0,0.0,0.10281272172076628
7442,0.27333359817847813,0.14700769555509857,0.0,0.0,0.10281272172076628
7443,0.27333359817847813,0.14610861452211604,0.0,0.0,0.10281272172076628
7444,0.27333359817847813,0.1434726423097647,0.0,0.0,0.10281272172076628
7445,0.27333359817847813,0.1392794160681661,0.0,0.0,0.10281272172076628
7446,0.27333359817847813,0.13381469723605124,0.04062186374370178,0.0303410167763762,0.10281272172076628
7447,0.3037448219526355,0.12745089737095391,0.2170191612887225,0.1620945325158088,0.11425171315071404
7448,0.3326310999805452,0.12062169891700393,0.3771821561324865,0.2817224290635821,0.12511710578529578
7449,0.3585439536632951,0.11379250046305397,0.5091297193995842,0.38027584000376036,0.1348640634678851
7450,0.38018400431457827,0.10742870059795663,0.6029914015405333,0.45038239371743566,0.14300383304052613
7451,0.39646612943375714,0.1019639817658418,0.6517457996945142,0.4867977099039415,0.14912825246812889
7452,0.4065738752791227,0.0977707555242432,0.6517457996945143,0.48679770990394156,0.15293021778724503
7453,0.41000039726771714,0.09513478331189182,0.6029914015405334,0.4503823937174357,0.15421908258114939
7454,0.4065738752791227,0.09423570227890933,0.5091297193995841,0.3802758400037603,0.15293021778724503
7455,0.39646612943375714,0.0951347833118918,0.3771821561324865,0.2817224290635821,0.14912825246812889
7456,0.38018400431457827,0.0977707555242432,0.21701916128872234,0.16209453251580866,0.14300383304052613
7457,0.3585439536632951,0.10196398176584177,0.04062186374370168,0.030341016776376125,0.1348640634678851
7458,0.3326310999805452,0.10742870059795663,0.0,0.0,0.12511710578529578
7459,0.3037448219526355,0.11379250046305395,0.0,0.0,0.11425171315071404
7460,0.27333359817847813,0.12062169891700393,0.0,0.0,0.10281272172076628
7461,0.27333359817847813,0.12745089737095391,0.0,0.0,0.10281272172076628
7462,0.27333359817847813,0.13381469723605124,0.0,0.0,0.10281272172076628
7463,0.27333359817847813,0.1392794160681661,0.0,0.0,0.10281272172076628
7464,0.27333359817847813,0.15074146732756377,0.0,0.0,0.10281272172076628
7465,0.27333359817847813,0.15337743953991517,0.0,0.0,0.10281272172076628
7466,0.27333359817847813,0.15427652057289767,0.0,0.0,0.10281272172076628
7467,0.27333359817847813,0.15337743953991517,0.0,0.0,0.10281272172076628
7468,0.27333359817847813,0.15074146732756377,0.0,0.0,0.10281272172076628
7469,0.27333359817847813,0.1465482410859652,0.0,0.0,0.10281272172076628
7470,0.27333359817847813,0.14108352225385035,0.04149402760820501,0.03099244770558226,0.10281272172076628
7471,0.3037448219526355,0.13471972238875304,0.21769399934539807,0.16259857814325995,0.11425171315071404
7472,0.3326310999805452,0.12789052393480305,0.37763766153385525,0.282062652178697,0.12511710578529578
7473,0.3585439536632951,0.12106132548085309,0.5093812137440171,0.3804636845145821,0.1348640634678851
7474,0.38018400431457827,0.11469752561575576,0.603086700073478,0.4504535734743538,0.14300383304052613
7475,0.39646612943375714,0.10923280678364092,0.6517566589625845,0.4868058208374225,0.14912825246812889
7476,0.4065738752791227,0.10503958054204231,0.6517566589625845,0.48680582083742246,0.15293021778724503
7477,0.41000039726771714,0.10240360832969093,0.603086700073478,0.4504535734743538,0.15421908258114939
7478,0.4065738752791227,0.10150452729670843,0.5093812137440171,0.3804636845145821,0.15293021778724503
7479,0.39646612943375714,0.10240360832969092,0.3776376615338553,0.2820626521786971,0.14912825246812889
7480,0.38018400431457827,0.10503958054204231,0.21769399934539818,0.16259857814326004,0.14300383304052613
7481,0.3585439536632951,0.10923280678364089,0.041494027608204864,0.030992447705582148,0.1348640634678851
7482,0.3326310999805452,0.11469752561575573,0.0,0.0,0.12511710578529578
7483,0.3037448219526355,0.12106132548085306,0.0,0.0,0.11425171315071404
7484,0.27333359817847813,0.12789052393480305,0.0,0.0,0.10281272172076628
7485,0.27333359817847813,0.13471972238875304,0.0,0.0,0.10281272172076628
7486,0.27333359817847813,0.14108352225385035,0.0,0.0,0.10281272172076628
7487,0.27333359817847813,0.1465482410859652,0.0,0.0,0.10281272172076628
7488,0.27333359817847813,0.1546091283355431,0.0,0.0,0.10281272172076628
7489,0.27333359817847813,0.15724510054789448,0.0,0.0,0.10281272172076628
7490,0.27333359817847813,0.15814418158087698,0.0,0.0,0.10281272172076628
7491,0.27333359817847813,0.15724510054789448,0.0,0.0,0.10281272172076628
7492,0.27333359817847813,0.1546091283355431,0.0,0.0,0.10281272172076628
7493,0.27333359817847813,0.1504159020939445,0.0,0.0,0.10281272172076628
7494,0.27333359817847813,0.14495118326182965,0.04237836969462229,0.03165297471264757,0.10281272172076628
7495,0.3037448219526355,0.13858738339673232,0.21837805562897752,0.16310950898845752,0.11425171315071404
7496,0.3326310999805452,0.13175818494278238,0.37809929080401145,0.282407449293833,0.12511710578529578
7497,0.3585439536632951,0.12492898648883238,0.5096360517205856,0.38065402642924917,0.1348640634678851
7498,0.38018400431457827,0.11856518662373508,0.6031832566388983,0.4505256928726603,0.14300383304052613
7499,0.39646612943375714,0.11310046779162022,0.6517676610882591,0.48681403847317095,0.14912825246812889
7500,0.4065738752791227,0.10890724155002163,0.6517676610882591,0.48681403847317095,0.15293021778724503
7501,0.41000039726771714,0.10627126933767024,0.6031832566388984,0.45052569287266037,0.15421908258114939
7502,0.4065738752791227,0.10537218830468774,0.5096360517205857,0.3806540264292492,0.15293021778724503
7503,0.39646612943375714,0.10627126933767023,0.37809929080401156,0.2824074492938331,0.14912825246812889
7504,0.38018400431457827,0.10890724155002163,0.21837805562897739,0.1631095089884574,0.14300383304052613
7505,0.3585439536632951,0.1131004677916202,0.04237836969462239,0.03165297471264765,0.1348640634678851
7506,0.3326310999805452,0.11856518662373505,0.0,0.0,0.12511710578529578
7507,0.3037448219526355,0.12492898648883238,0.0,0.0,0.11425171315071404
7508,0.27333359817847813,0.13175818494278238,0.0,0.0,0.10281272172076628
7509,0.27333359817847813,0.13858738339673232,0.0,0.0,0.10281272172076628
7510,0.27333359817847813,0.14495118326182965,0.0,0.0,0.10281272172076628
7511,0.27333359817847813,0.1504159020939445,0.0,0.0,0.10281272172076628
7512,0.27333359817847813,0.15326590376380506,0.0,0.0,0.10281272172076628
7513,0.27333359817847813,0.1559018759761564,0.0,0.0,0.10281272172076628
7514,0.27333359817847813,0.15680095700913893,0.0,0.0,0.10281272172076628
7515,0.27333359817847813,0.1559018759761564,0.0,0.0,0.10281272172076628
7516,0.27333359817847813,0.15326590376380506,0.0,0.0,0.10281272172076628
7517,0.27333359817847813,0.14907267752220646,0.0,0.0,0.10281272172076628
7518,0.27333359817847813,0.1436079586900916,0.04327455418820896,0.03232234697301948,0.10281272172076628
7519,0.3037448219526355,0.13724415882499427,0.2190710623477838,0.16362712503419355,0.11425171315071404
7520,0.3326310999805452,0.1304149603710443,0.3785668593927316,0.2827566825659441,0.12511710578529578
7521,0.3585439536632951,0.12358576191709433,0.509894129995168,0.3808467885661153,0.1348640634678851
7522,0.38018400431457827,0.117221962051997,0.6032810317372922,0.4505987224096456,0.14300383304052613
7523,0.39646612943375714,0.11175724321988216,0.6517788015516583,0.48682235943522784,0.14912825246812889
7524,0.4065738752791227,0.10756401697828356,0.6517788015516583,0.48682235943522784,0.15293021778724503
7525,0.41000039726771714,0.10492804476593218,0.6032810317372922,0.4505987224096456,0.15421908258114939
7526,0.4065738752791227,0.10402896373294968,0.5098941299951681,0.3808467885661154,0.15293021778724503
7527,0.39646612943375714,0.10492804476593218,0.37856685939273166,0.28275668256594416,0.14912825246812889
7528,0.38018400431457827,0.10756401697828356,0.21907106234778406,0.16362712503419374,0.14300383304052613
7529,0.3585439536632951,0.11175724321988213,0.04327455418820948,0.03232234697301987,0.1348640634678851
7530,0.3326310999805452,0.11722196205199699,0.0,0.0,0.12511710578529578
7531,0.3037448219526355,0.1235857619170943,0.0,0.0,0.11425171315071404
7532,0.27333359817847813,0.1304149603710443,0.0,0.0,0.10281272172076628
7533,0.27333359817847813,0.13724415882499427,0.0,0.0,0.10281272172076628
7534,0.27333359817847813,0.1436079586900916,0.0,0.0,0.10281272172076628
7535,0.27333359817847813,0.14907267752220646,0.0,0.0,0.10281272172076628
7536,0.27333359817847813,0.14734030331774403,0.0,0.0,0.10281272172076628
7537,0.27333359817847813,0.14997627553009543,0.0,0.0,0.10281272172076628
7538,0.27333359817847813,0.1508753565630779,0.0,0.0,0.10281272172076628
7539,0.27333359817847813,0.14997627553009543,0.0,0.0,0.10281272172076628
7540,0.27333359817847813,0.14734030331774403,0.0,0.0,0.10281272172076628
7541,0.27333359817847813,0.14314707707614543,0.0,0.0,0.10281272172076628
7542,0.27333359817847813,0.1376823582440306,0.04418224237933742,0.0330003114999183,0.10281272172076628
7543,0.3037448219526355,0.13131855837893328,0.2197727497043988,0.16415122476514515,0.11425171315071404
7544,0.3326310999805452,0.1244893599249833,0.3790401815102544,0.28311021322615704,0.12511710578529578
7545,0.3585439536632951,0.11766016147103332,0.5101553445934084,0.3810418932653347,0.1348640634678851
7546,0.38018400431457827,0.11129636160593599,0.6033799856372054,0.45067263240935157,0.14300383304052613
7547,0.39646612943375714,0.10583164277382114,0.6517900758070629,0.4868307803283343,0.14912825246812889
7548,0.4065738752791227,0.10163841653222255,0.6517900758070629,0.4868307803283343,0.15293021778724503
7549,0.41000039726771714,0.09900244431987118,0.6033799856372054,0.45067263240935157,0.15421908258114939
7550,0.4065738752791227,0.09810336328688868,0.5101553445934084,0.3810418932653348,0.15293021778724503
7551,0.39646612943375714,0.09900244431987115,0.3790401815102545,0.2831102132261571,0.14912825246812889
7552,0.38018400431457827,0.10163841653222255,0.2197727497043988,0.16415122476514515,0.14300383304052613
7553,0.3585439536632951,0.10583164277382114,0.044182242379337426,0.033000311499918306,0.1348640634678851
7554,0.3326310999805452,0.11129636160593596,0.0,0.0,0.12511710578529578
7555,0.3037448219526355,0.11766016147103331,0.0,0.0,0.11425171315071404
7556,0.27333359817847813,0.1244893599249833,0.0,0.0,0.10281272172076628
7557,0.27333359817847813,0.13131855837893328,0.0,0.0,0.10281272172076628
7558,0.27333359817847813,0.1376823582440306,0.0,0.0,0.10281272172076628
7559,0.27333359817847813,0.14314707707614543,0.0,0.0,0.10281272172076628
7560,0.27333359817847813,0.13960498130178542,0.0,0.0,0.10281272172076628
7561,0.27333359817847813,0.14224095351413682,0.0,0.0,0.10281272172076628
7562,0.27333359817847813,0.14314003454711932,0.0,0.0,0.10281272172076628
7563,0.27333359817847813,0.14224095351413682,0.0,0.0,0.10281272172076628
7564,0.27333359817847813,0.13960498130178542,0.0,0.0,0.10281272172076628
7565,0.27333359817847813,0.13541175506018685,0.0,0.0,0.10281272172076628
7566,0.27333359817847813,0.129947036228072,0.04510109285639465,0.033686613288415074,0.10281272172076628
7567,0.3037448219526355,0.12358323636297468,0.22048284605791335,0.16468160528906114,0.11425171315071404
7568,0.3326310999805452,0.1167540379090247,0.37951907024299164,0.28346790166619695,0.12511710578529578
7569,0.3585439536632951,0.10992483945507472,0.5104195909669498,0.3812392624383324,0.1348640634678851
7570,0.38018400431457827,0.1035610395899774,0.6034800784008876,0.45074739304173506,0.14300383304052613
7571,0.39646612943375714,0.09809632075786255,0.6518014792858681,0.48683929774013796,0.14912825246812889
7572,0.4065738752791227,0.09390309451626397,0.6518014792858681,0.48683929774013796,0.15293021778724503
7573,0.41000039726771714,0.0912671223039126,0.6034800784008876,0.45074739304173506,0.15421908258114939
7574,0.4065738752791227,0.0903680412709301,0.5104195909669498,0.3812392624383324,0.15293021778724503
7575,0.39646612943375714,0.09126712230391257,0.3795190702429918,0.28346790166619706,0.14912825246812889
7576,0.38018400431457827,0.09390309451626397,0.22048284605791316,0.164681605289061,0.14300383304052613
7577,0.3585439536632951,0.09809632075786252,0.04510109285639468,0.033686613288415095,0.1348640634678851
7578,0.3326310999805452,0.10356103958997737,0.0,0.0,0.12511710578529578
7579,0.3037448219526355,0.1099248394550747,0.0,0.0,0.11425171315071404
7580,0.27333359817847813,0.1167540379090247,0.0,0.0,0.10281272172076628
7581,0.27333359817847813,0.12358323636297468,0.0,0.0,0.10281272172076628
7582,0.27333359817847813,0.129947036228072,0.0,0.0,0.10281272172076628
7583,0.27333359817847813,0.13541175506018685,0.0,0.0,0.10281272172076628
7584,0.27333359817847813,0.1336793808557244,0.0,0.0,0.10281272172076628
7585,0.27333359817847813,0.13631535306807577,0.0,0.0,0.10281272172076628
7586,0.27333359817847813,0.13721443410105827,0.0,0.0,0.10281272172076628
7587,0.27333359817847813,0.13631535306807577,0.0,0.0,0.10281272172076628
7588,0.27333359817847813,0.1336793808557244,0.0,0.0,0.10281272172076628
7589,0.27333359817847813,0.12948615461412577,0.0,0.0,0.10281272172076628
7590,0.27333359817847813,0.12402143578201094,0.04603076169814416,0.03438099545910928,0.10281272172076628
7591,0.3037448219526355,0.11765763591691361,0.22120107808519548,0.1652180624572155,0.11425171315071404
7592,0.3326310999805452,0.11082843746296366,0.3800033376682937,0.28382960752410746,0.12511710578529578
7593,0.3585439536632951,0.10399923900901367,0.5106867640590381,0.38143881761680454,0.1348640634678851
7594,0.38018400431457827,0.09763543914391634,0.603581269909685,0.4508229743416336,0.14300383304052613
7595,0.39646612943375714,0.0921707203118015,0.6518130073995065,0.4868479082433761,0.14912825246812889
7596,0.4065738752791227,0.08797749407020292,0.6518130073995065,0.4868479082433761,0.15293021778724503
7597,0.41000039726771714,0.08534152185785153,0.603581269909685,0.4508229743416336,0.15421908258114939
7598,0.4065738752791227,0.08444244082486903,0.510686764059038,0.3814388176168045,0.15293021778724503
7599,0.39646612943375714,0.0853415218578515,0.3800033376682936,0.2838296075241074,0.14912825246812889
7600,0.38018400431457827,0.08797749407020292,0.22120107808519524,0.1652180624572153,0.14300383304052613
7601,0.3585439536632951,0.09217072031180147,0.0460307616981442,0.03438099545910932,0.1348640634678851
7602,0.3326310999805452,0.09763543914391633,0.0,0.0,0.12511710578529578
7603,0.3037448219526355,0.10399923900901364,0.0,0.0,0.11425171315071404
7604,0.27333359817847813,0.11082843746296366,0.0,0.0,0.10281272172076628
7605,0.27333359817847813,0.11765763591691361,0.0,0.0,0.10281272172076628
7606,0.27333359817847813,0.12402143578201094,0.0,0.0,0.10281272172076628
7607,0.27333359817847813,0.12948615461412577,0.0,0.0,0.10281272172076628
7608,0.27333359817847813,0.1323361562839863,0.0,0.0,0.10281272172076628
7609,0.27333359817847813,0.13497212849633766,0.0,0.0,0.10281272172076628
7610,0.27333359817847813,0.13587120952932016,0.0,0.0,0.10281272172076628
7611,0.27333359817847813,0.13497212849633766,0.0,0.0,0.10281272172076628
7612,0.27333359817847813,0.1323361562839863,0.0,0.0,0.10281272172076628
7613,0.27333359817847813,0.1281429300423877,0.0,0.0,0.10281272172076628
7614,0.27333359817847813,0.12267821121027284,0.04697090266537105,0.03508319940127116,0.10281272172076628
7615,0.3037448219526355,0.1163144113451755,0.2219271709410205,0.16576039098401057,0.11425171315071404
7616,0.3326310999805452,0.10948521289122555,0.3804927949681609,0.28419518976918345,0.12511710578529578
7617,0.3585439536632951,0.10265601443727557,0.5109567583694312,0.38164048000120054,0.1348640634678851
7618,0.38018400431457827,0.09629221457217824,0.6036835198891418,0.450899346227514,0.14300383304052613
7619,0.39646612943375714,0.0908274957400634,0.6518246555423364,0.4868566083980328,0.14912825246812889
7620,0.4065738752791227,0.08663426949846481,0.6518246555423364,0.4868566083980328,0.15293021778724503
7621,0.41000039726771714,0.08399829728611342,0.6036835198891418,0.450899346227514,0.15421908258114939
7622,0.4065738752791227,0.08309921625313092,0.5109567583694314,0.38164048000120065,0.15293021778724503
7623,0.39646612943375714,0.0839982972861134,0.3804927949681609,0.28419518976918345,0.14912825246812889
7624,0.38018400431457827,0.08663426949846481,0.2219271709410206,0.16576039098401066,0.14300383304052613
7625,0.3585439536632951,0.09082749574006338,0.04697090266537097,0.035083199401271095,0.1348640634678851
7626,0.3326310999805452,0.09629221457217822,0.0,0.0,0.12511710578529578
7627,0.3037448219526355,0.10265601443727555,0.0,0.0,0.11425171315071404
7628,0.27333359817847813,0.10948521289122555,0.0,0.0,0.10281272172076628
7629,0.27333359817847813,0.1163144113451755,0.0,0.0,0.10281272172076628
7630,0.27333359817847813,0.12267821121027284,0.0,0.0,0.10281272172076628
7631,0.27333359817847813,0.1281429300423877,0.0,0.0,0.10281272172076628
7632,0.27333359817847813,0.13620381729196557,0.0,0.0,0.10281272172076628
7633,0.27333359817847813,0.13883978950431694,0.0,0.0,0.10281272172076628
7634,0.27333359817847813,0.13973887053729944,0.0,0.0,0.10281272172076628
7635,0.27333359817847813,0.13883978950431694,0.0,0.0,0.10281272172076628
7636,0.27333359817847813,0.13620381729196557,0.0,0.0,0.10281272172076628
7637,0.27333359817847813,0.13201059105036697,0.0,0.0,0.10281272172076628
7638,0.27333359817847813,0.12654587221825214,0.04792116739163293,0.03579296491531605,0.10281272172076628
7639,0.3037448219526355,0.1201820723531548,0.2226608484169109,0.16630838456561703,0.11425171315071404
7640,0.3326310999805452,0.11335287389920483,0.3809872525417902,0.28456450678603296,0.12511710578529578
7641,0.3585439536632951,0.10652367544525486,0.5112294680185515,0.38184417050863867,0.1348640634678851
7642,0.38018400431457827,0.10015987558015753,0.603786787933787,0.4509764785199862,0.14300383304052613
7643,0.39646612943375714,0.09469515674804269,0.6518364190944922,0.4868653947534684,0.14912825246812889
7644,0.4065738752791227,0.09050193050644409,0.6518364190944922,0.4868653947534684,0.15293021778724503
7645,0.41000039726771714,0.08786595829409272,0.603786787933787,0.4509764785199862,0.15421908258114939
7646,0.4065738752791227,0.08696687726111021,0.5112294680185515,0.38184417050863867,0.15293021778724503
7647,0.39646612943375714,0.08786595829409269,0.3809872525417903,0.284564506786033,0.14912825246812889
7648,0.38018400431457827,0.09050193050644409,0.222660848416911,0.1663083845656171,0.14300383304052613
7649,0.3585439536632951,0.09469515674804267,0.04792116739163311,0.03579296491531618,0.1348640634678851
7650,0.3326310999805452,0.1001598755801575,0.0,0.0,0.12511710578529578
7651,0.3037448219526355,0.10652367544525485,0.0,0.0,0.11425171315071404
7652,0.27333359817847813,0.11335287389920483,0.0,0.0,0.10281272172076628
7653,0.27333359817847813,0.1201820723531548,0.0,0.0,0.10281272172076628
7654,0.27333359817847813,0.12654587221825214,0.0,0.0,0.10281272172076628
7655,0.27333359817847813,0.13201059105036697,0.0,0.0,0.10281272172076628
7656,0.27333359817847813,0.1434726423097647,0.0,0.0,0.10281272172076628
7657,0.27333359817847813,0.14610861452211604,0.0,0.0,0.10281272172076628
7658,0.27333359817847813,0.14700769555509857,0.0,0.0,0.10281272172076628
7659,0.27333359817847813,0.14610861452211604,0.0,0.0,0.10281272172076628
7660,0.27333359817847813,0.1434726423097647,0.0,0.0,0.10281272172076628
7661,0.27333359817847813,0.1392794160681661,0.0,0.0,0.10281272172076628
7662,0.27333359817847813,0.13381469723605124,0.04888120557294519,0.036510030354482984,0.10281272172076628
7663,0.3037448219526355,0.12745089737095391,0.22340183309854134,0.16686183599754137,0.11425171315071404
7664,0.3326310999805452,0.12062169891700393,0.3814865201168514,0.28493741645769183,0.12511710578529578
7665,0.3585439536632951,0.11379250046305397,0.5115047868108196,0.3820498098202114,0.1348640634678851
7666,0.38018400431457827,0.10742870059795663,0.6038910335315837,0.45105434096006447,0.14300383304052613
7667,0.39646612943375714,0.1019639817658418,0.6518482934246951,0.48687426385051846,0.14912825246812889
7668,0.4065738752791227,0.0977707555242432,0.6518482934246951,0.48687426385051846,0.15293021778724503
7669,0.41000039726771714,0.09513478331189182,0.6038910335315838,0.4510543409600645,0.15421908258114939
7670,0.4065738752791227,0.09423570227890933,0.5115047868108197,0.38204980982021153,0.15293021778724503
7671,0.39646612943375714,0.0951347833118918,0.3814865201168515,0.2849374164576919,0.14912825246812889
7672,0.38018400431457827,0.0977707555242432,0.22340183309854134,0.16686183599754137,0.14300383304052613
7673,0.3585439536632951,0.10196398176584177,0.04888120557294533,0.03651003035448309,0.1348640634678851
7674,0.3326310999805452,0.10742870059795663,0.0,0.0,0.12511710578529578
7675,0.3037448219526355,0.11379250046305395,0.0,0.0,0.11425171315071404
7676,0.27333359817847813,0.12062169891700393,0.0,0.0,0.10281272172076628
7677,0.27333359817847813,0.12745089737095391,0.0,0.0,0.10281272172076628
7678,0.27333359817847813,0.13381469723605124,0.0,0.0,0.10281272172076628
7679,0.27333359817847813,0.1392794160681661,0.0,0.0,0.10281272172076628
7680,0.27333359817847813,0.15074146732756377,0.0,0.0,0.10281272172076628
7681,0.27333359817847813,0.15337743953991517,0.0,0.0,0.10281272172076628
7682,0.27333359817847813,0.15427652057289767,0.0,0.0,0.10281272172076628
7683,0.27333359817847813,0.15337743953991517,0.0,0.0,0.10281272172076628
7684,0.27333359817847813,0.15074146732756377,0.0,0.0,0.10281272172076628
7685,0.27333359817847813,0.1465482410859652,0.0,0.0,0.10281272172076628
7686,0.27333359817847813,0.14108352225385035,0.04985066515622855,0.03723413276558862,0.10281272172076628
7687,0.3037448219526355,0.13471972238875304,0.22414984652156367,0.167420537291014,0.11425171315071404
7688,0.3326310999805452,0.12789052393480305,0.38199040685939367,0.2853137762477135,0.12511710578529578
7689,0.3585439536632951,0.12106132548085309,0.5117826082971142,0.38225731842763744,0.1348640634678851
7690,0.38018400431457827,0.11469752561575576,0.6039962160880177,0.4511329032271598,0.14300383304052613
7691,0.39646612943375714,0.10923280678364092,0.6518602738930218,0.4868832122235617,0.14912825246812889
7692,0.4065738752791227,0.10503958054204231,0.6518602738930218,0.4868832122235617,0.15293021778724503
7693,0.41000039726771714,0.10240360832969093,0.6039962160880177,0.4511329032271599,0.15421908258114939
7694,0.4065738752791227,0.10150452729670843,0.5117826082971142,0.38225731842763744,0.15293021778724503
7695,0.39646612943375714,0.10240360832969092,0.3819904068593936,0.2853137762477134,0.14912825246812889
7696,0.38018400431457827,0.10503958054204231,0.22414984652156356,0.16742053729101392,0.14300383304052613
7697,0.3585439536632951,0.10923280678364089,0.04985066515622875,0.03723413276558877,0.1348640634678851
7698,0.3326310999805452,0.11469752561575573,0.0,0.0,0.12511710578529578
7699,0.3037448219526355,0.12106132548085306,0.0,0.0,0.11425171315071404
7700,0.27333359817847813,0.12789052393480305,0.0,0.0,0.10281272172076628
7701,0.27333359817847813,0.13471972238875304,0.0,0.0,0.10281272172076628
7702,0.27333359817847813,0.14108352225385035,0.0,0.0,0.10281272172076628
7703,0.27333359817847813,0.1465482410859652,0.0,0.0,0.10281272172076628
7704,0.27333359817847813,0.15460912833554313,0.0,0.0,0.10281272172076628
7705,0.27333359817847813,0.1572451005478945,0.0,0.0,0.10281272172076628
7706,0.27333359817847813,0.158144181580877,0.0,0.0,0.10281272172076628
7707,0.27333359817847813,0.1572451005478945,0.0,0.0,0.10281272172076628
7708,0.27333359817847813,0.15460912833554313,0.0,0.0,0.10281272172076628
7709,0.27333359817847813,0.15041590209394454,0.0,0.0,0.10281272172076628
7710,0.27333359817847813,0.14495118326182968,0.05082919252635684,0.03796500802873577,0.10281272172076628
7711,0.3037448219526355,0.13858738339673235,0.2249046093257178,0.16798427978809666,0.11425171315071404
7712,0.3326310999805452,0.13175818494278238,0.3824987214822843,0.285693443281164,0.12511710578529578
7713,0.3585439536632951,0.12492898648883241,0.5120628258363026,0.3824666166792192,0.1348640634678851
7714,0.38018400431457827,0.11856518662373508,0.604102294949805,0.4512121349567874,0.14300383304052613
7715,0.39646612943375714,0.11310046779162024,0.6518723558536265,0.4868922364025533,0.14912825246812889
7716,0.4065738752791227,0.10890724155002164,0.6518723558536266,0.48689223640255336,0.15293021778724503
7717,0.41000039726771714,0.10627126933767027,0.604102294949805,0.4512121349567874,0.15421908258114939
7718,0.4065738752791227,0.10537218830468777,0.5120628258363025,0.38246661667921916,0.15293021778724503
7719,0.39646612943375714,0.10627126933767024,0.3824987214822841,0.2856934432811638,0.14912825246812889
7720,0.38018400431457827,0.10890724155002164,0.22490460932571746,0.1679842797880964,0.14300383304052613
7721,0.3585439536632951,0.11310046779162022,0.050829192526356655,0.03796500802873563,0.1348640634678851
7722,0.3326310999805452,0.11856518662373508,0.0,0.0,0.12511710578529578
7723,0.3037448219526355,0.12492898648883238,0.0,0.0,0.11425171315071404
7724,0.27333359817847813,0.13175818494278238,0.0,0.0,0.10281272172076628
7725,0.27333359817847813,0.13858738339673235,0.0,0.0,0.10281272172076628
7726,0.27333359817847813,0.14495118326182968,0.0,0.0,0.10281272172076628
7727,0.27333359817847813,0.15041590209394454,0.0,0.0,0.10281272172076628
7728,0.27333359817847813,0.15326590376380506,0.0,0.0,0.10281272172076628
7729,0.27333359817847813,0.1559018759761564,0.0,0.0,0.10281272172076628
7730,0.27333359817847813,0.15680095700913893,0.0,0.0,0.10281272172076628
7731,0.27333359817847813,0.1559018759761564,0.0,0.0,0.10281272172076628
7732,0.27333359817847813,0.15326590376380506,0.0,0.0,0.10281272172076628
7733,0.27333359817847813,0.14907267752220646,0.0,0.0,0.10281272172076628
7734,0.27333359817847813,0.1436079586900916,0.0518164326916407,0.038702390995853674,0.10281272172076628
7735,0.3037448219526355,0.13724415882499427,0.2256658414070935,0.16855285427540873,0.11425171315071404
7736,0.3326310999805452,0.1304149603710443,0.3830112723520877,0.286076274424451,0.12511710578529578
7737,0.3585439536632951,0.12358576191709433,0.5123453326557865,0.38267762482506607,0.1348640634678851
7738,0.38018400431457827,0.117221962051997,0.604209229428198,0.4512920057579738,0.14300383304052613
7739,0.39646612943375714,0.11175724321988216,0.6518845346574171,0.4869013329150241,0.14912825246812889
7740,0.4065738752791227,0.10756401697828356,0.6518845346574171,0.4869013329150241,0.15293021778724503
7741,0.41000039726771714,0.10492804476593218,0.6042092294281981,0.45129200575797385,0.15421908258114939
7742,0.4065738752791227,0.10402896373294968,0.5123453326557865,0.3826776248250661,0.15293021778724503
7743,0.39646612943375714,0.10492804476593218,0.38301127235208804,0.28607627442445127,0.14912825246812889
7744,0.38018400431457827,0.10756401697828356,0.22566584140709373,0.1685528542754089,0.14300383304052613
7745,0.3585439536632951,0.11175724321988213,0.0518164326916411,0.03870239099585397,0.1348640634678851
7746,0.3326310999805452,0.11722196205199699,0.0,0.0,0.12511710578529578
7747,0.3037448219526355,0.1235857619170943,0.0,0.0,0.11425171315071404
7748,0.27333359817847813,0.1304149603710443,0.0,0.0,0.10281272172076628
7749,0.27333359817847813,0.13724415882499427,0.0,0.0,0.10281272172076628
7750,0.27333359817847813,0.1436079586900916,0.0,0.0,0.10281272172076628
7751,0.27333359817847813,0.14907267752220646,0.0,0.0,0.10281272172076628
7752,0.27333359817847813,0.14734030331774406,0.0,0.0,0.10281272172076628
7753,0.27333359817847813,0.14997627553009546,0.0,0.0,0.10281272172076628
7754,0.27333359817847813,0.15087535656307793,0.0,0.0,0.10281272172076628
7755,0.27333359817847813,0.14997627553009546,0.0,0.0,0.10281272172076628
7756,0.27333359817847813,0.14734030331774406,0.0,0.0,0.10281272172076628
7757,0.27333359817847813,0.1431470770761455,0.0,0.0,0.10281272172076628
7758,0.27333359817847813,0.13768235824403063,0.05281202946759302,0.03944601562795488,0.10281272172076628
7759,0.3037448219526355,0.1313185583789333,0.22643326206841782,0.16912605109637904,0.11425171315071404
7760,0.3326310999805452,0.12448935992498333,0.38352786759429647,0.28646212636392243,0.12511710578529578
7761,0.3585439536632951,0.11766016147103336,0.5126300219110189,0.3828902630615477,0.1348640634678851
7762,0.38018400431457827,0.111296361605936,0.6043169788218714,0.45137248523035145,0.14300383304052613
7763,0.39646612943375714,0.10583164277382119,0.6518968056546813,0.48691049828804106,0.14912825246812889
7764,0.4065738752791227,0.10163841653222258,0.6518968056546813,0.48691049828804106,0.15293021778724503
7765,0.41000039726771714,0.09900244431987122,0.6043169788218714,0.45137248523035145,0.15421908258114939
7766,0.4065738752791227,0.09810336328688869,0.5126300219110189,0.3828902630615478,0.15293021778724503
7767,0.39646612943375714,0.09900244431987118,0.38352786759429647,0.28646212636392243,0.14912825246812889
7768,0.38018400431457827,0.10163841653222258,0.22643326206841793,0.16912605109637913,0.14300383304052613
7769,0.3585439536632951,0.10583164277382114,0.05281202946759296,0.039446015627954835,0.1348640634678851
7770,0.3326310999805452,0.111296361605936,0.0,0.0,0.12511710578529578
7771,0.3037448219526355,0.11766016147103332,0.0,0.0,0.11425171315071404
7772,0.27333359817847813,0.12448935992498333,0.0,0.0,0.10281272172076628
7773,0.27333359817847813,0.1313185583789333,0.0,0.0,0.10281272172076628
7774,0.27333359817847813,0.13768235824403063,0.0,0.0,0.10281272172076628
7775,0.27333359817847813,0.1431470770761455,0.0,0.0,0.10281272172076628
7776,0.27333359817847813,0.13960498130178536,0.0,0.0,0.10281272172076628
7777,0.27333359817847813,0.14224095351413676,0.0,0.0,0.10281272172076628
7778,0.27333359817847813,0.14314003454711924,0.0,0.0,0.10281272172076628
7779,0.27333359817847813,0.14224095351413676,0.0,0.0,0.10281272172076628
7780,0.27333359817847813,0.13960498130178536,0.0,0.0,0.10281272172076628
7781,0.27333359817847813,0.13541175506018677,0.0,0.0,0.10281272172076628
7782,0.27333359817847813,0.12994703622807194,0.05381562565882472,0.040195615130995635,0.10281272172076628
7783,0.3037448219526355,0.1235832363629746,0.22720659016724626,0.16970366026193176,0.11425171315071404
7784,0.3326310999805452,0.11675403790902464,0.3840483151968297,0.2868508556831707,0.12511710578529578
7785,0.3585439536632951,0.10992483945507467,0.5129167867439408,0.3831044515749418,0.1348640634678851
7786,0.38018400431457827,0.10356103958997732,0.6044255024393697,0.45145354298092444,0.14300383304052613
7787,0.39646612943375714,0.0980963207578625,0.6519091641976609,0.4869197290501311,0.14912825246812889
7788,0.4065738752791227,0.0939030945162639,0.6519091641976609,0.4869197290501311,0.15293021778724503
7789,0.41000039726771714,0.09126712230391251,0.6044255024393697,0.4514535429809245,0.15421908258114939
7790,0.4065738752791227,0.09036804127093001,0.5129167867439408,0.3831044515749418,0.15293021778724503
7791,0.39646612943375714,0.09126712230391248,0.38404831519682986,0.2868508556831708,0.14912825246812889
7792,0.38018400431457827,0.0939030945162639,0.2272065901672466,0.169703660261932,0.14300383304052613
7793,0.3585439536632951,0.09809632075786247,0.053815625658824764,0.04019561513099567,0.1348640634678851
7794,0.3326310999805452,0.10356103958997731,0.0,0.0,0.12511710578529578
7795,0.3037448219526355,0.10992483945507464,0.0,0.0,0.11425171315071404
7796,0.27333359817847813,0.11675403790902464,0.0,0.0,0.10281272172076628
7797,0.27333359817847813,0.1235832363629746,0.0,0.0,0.10281272172076628
7798,0.27333359817847813,0.12994703622807194,0.0,0.0,0.10281272172076628
7799,0.27333359817847813,0.13541175506018677,0.0,0.0,0.10281272172076628
7800,0.27333359817847813,0.1336793808557244,0.0,0.0,0.10281272172076628
7801,0.27333359817847813,0.13631535306807577,0.0,0.0,0.10281272172076628
7802,0.27333359817847813,0.13721443410105827,0.0,0.0,0.10281272172076628
7803,0.27333359817847813,0.13631535306807577,0.0,0.0,0.10281272172076628
7804,0.27333359817847813,0.1336793808557244,0.0,0.0,0.10281272172076628
7805,0.27333359817847813,0.12948615461412577,0.0,0.0,0.10281272172076628
7806,0.27333359817847813,0.12402143578201094,0.05482686323892085,0.040950922090227805,0.10281272172076628
7807,0.3037448219526355,0.11765763591691361,0.2279855442619394,0.17028547155951843,0.11425171315071404
7808,0.3326310999805452,0.11082843746296366,0.38457242311172046,0.28724231893898444,0.12511710578529578
7809,0.3585439536632951,0.10399923900901367,0.5132055203402955,0.38332011058424215,0.1348640634678851
7810,0.38018400431457827,0.09763543914391634,0.6045347596210991,0.4515351486404951,0.14300383304052613
7811,0.39646612943375714,0.0921707203118015,0.6519216056430727,0.4869290217331636,0.14912825246812889
7812,0.4065738752791227,0.08797749407020292,0.6519216056430727,0.4869290217331636,0.15293021778724503
7813,0.41000039726771714,0.08534152185785153,0.6045347596210991,0.4515351486404951,0.15421908258114939
7814,0.4065738752791227,0.08444244082486903,0.5132055203402959,0.38332011058424237,0.15293021778724503
7815,0.39646612943375714,0.0853415218578515,0.38457242311172074,0.28724231893898466,0.14912825246812889
7816,0.38018400431457827,0.08797749407020292,0.22798554426193973,0.17028547155951868,0.14300383304052613
7817,0.3585439536632951,0.09217072031180147,0.05482686323892124,0.0409509220902281,0.1348640634678851
7818,0.3326310999805452,0.09763543914391633,0.0,0.0,0.12511710578529578
7819,0.3037448219526355,0.10399923900901364,0.0,0.0,0.11425171315071404
7820,0.27333359817847813,0.11082843746296366,0.0,0.0,0.10281272172076628
7821,0.27333359817847813,0.11765763591691361,0.0,0.0,0.10281272172076628
7822,0.27333359817847813,0.12402143578201094,0.0,0.0,0.10281272172076628
7823,0.27333359817847813,0.12948615461412577,0.0,0.0,0.10281272172076628
7824,0.27333359817847813,0.1323361562839863,0.0,0.0,0.10281272172076628
7825,0.27333359817847813,0.13497212849633766,0.0,0.0,0.10281272172076628
7826,0.27333359817847813,0.13587120952932016,0.0,0.0,0.10281272172076628
7827,0.27333359817847813,0.13497212849633766,0.0,0.0,0.10281272172076628
7828,0.27333359817847813,0.1323361562839863,0.0,0.0,0.10281272172076628
7829,0.27333359817847813,0.1281429300423877,0.0,0.0,0.10281272172076628
7830,0.27333359817847813,0.12267821121027284,0.055845383528158106,0.04171166860293842,0.10281272172076628
7831,0.3037448219526355,0.1163144113451755,0.2287698427553164,0.1708712746604145,0.11425171315071404
7832,0.3326310999805452,0.10948521289122555,0.38509999935491535,0.2876363727358902,0.12511710578529578
7833,0.3585439536632951,0.10265601443727557,0.5134961159857784,0.38353716038309843,0.1348640634678851
7834,0.38018400431457827,0.09629221457217824,0.6046447097608505,0.4516172718797391,0.14300383304052613
7835,0.39646612943375714,0.09082749574006341,0.6519341253545746,0.4869383728741924,0.14912825246812889
7836,0.4065738752791227,0.08663426949846481,0.6519341253545746,0.4869383728741924,0.15293021778724503
7837,0.41000039726771714,0.08399829728611344,0.6046447097608506,0.45161727187973916,0.15421908258114939
7838,0.4065738752791227,0.08309921625313094,0.5134961159857783,0.3835371603830983,0.15293021778724503
7839,0.39646612943375714,0.08399829728611341,0.3850999993549152,0.2876363727358901,0.14912825246812889
7840,0.38018400431457827,0.08663426949846481,0.22876984275531634,0.17087127466041444,0.14300383304052613
7841,0.3585439536632951,0.09082749574006338,0.05584538352815783,0.041711668602938214,0.1348640634678851
7842,0.3326310999805452,0.09629221457217822,0.0,0.0,0.12511710578529578
7843,0.3037448219526355,0.10265601443727555,0.0,0.0,0.11425171315071404
7844,0.27333359817847813,0.10948521289122555,0.0,0.0,0.10281272172076628
7845,0.27333359817847813,0.1163144113451755,0.0,0.0,0.10281272172076628
7846,0.27333359817847813,0.12267821121027284,0.0,0.0,0.10281272172076628
7847,0.27333359817847813,0.1281429300423877,0.0,0.0,0.10281272172076628
7848,0.27333359817847813,0.13620381729196557,0.0,0.0,0.10281272172076628
7849,0.27333359817847813,0.13883978950431697,0.0,0.0,0.10281272172076628
7850,0.27333359817847813,0.13973887053729947,0.0,0.0,0.10281272172076628
7851,0.27333359817847813,0.13883978950431697,0.0,0.0,0.10281272172076628
7852,0.27333359817847813,0.13620381729196557,0.0,0.0,0.10281272172076628
7853,0.27333359817847813,0.132010591050367,0.0,0.0,0.10281272172076628
7854,0.27333359817847813,0.12654587221825217,0.056870827368926305,0.042477586409474404,0.10281272172076628
7855,0.3037448219526355,0.12018207235315483,0.22955920403587857,0.1714608592252013,0.11425171315071404
7856,0.3326310999805452,0.11335287389920486,0.38563085210411796,0.288032873799233,0.12511710578529578
7857,0.3585439536632951,0.10652367544525487,0.5137884671209838,0.3837555213808564,0.1348640634678851
7858,0.38018400431457827,0.10015987558015754,0.6047553123268349,0.4516998824249178,0.14300383304052613
7859,0.39646612943375714,0.0946951567480427,0.6519467187051745,0.48694777901725445,0.14912825246812889
7860,0.4065738752791227,0.09050193050644413,0.6519467187051745,0.48694777901725445,0.15293021778724503
7861,0.41000039726771714,0.08786595829409274,0.6047553123268349,0.4516998824249178,0.15421908258114939
7862,0.4065738752791227,0.08696687726111024,0.5137884671209839,0.38375552138085645,0.15293021778724503
7863,0.39646612943375714,0.08786595829409272,0.3856308521041181,0.2880328737992331,0.14912825246812889
7864,0.38018400431457827,0.09050193050644413,0.2295592040358785,0.17146085922520124,0.14300383304052613
7865,0.3585439536632951,0.09469515674804269,0.05687082736892652,0.04247758640947456,0.1348640634678851
7866,0.3326310999805452,0.10015987558015753,0.0,0.0,0.12511710578529578
7867,0.3037448219526355,0.10652367544525486,0.0,0.0,0.11425171315071404
7868,0.27333359817847813,0.11335287389920486,0.0,0.0,0.10281272172076628
7869,0.27333359817847813,0.12018207235315483,0.0,0.0,0.10281272172076628
7870,0.27333359817847813,0.12654587221825217,0.0,0.0,0.10281272172076628
7871,0.27333359817847813,0.132010591050367,0.0,0.0,0.10281272172076628
7872,0.27333359817847813,0.1434726423097647,0.0,0.0,0.10281272172076628
7873,0.27333359817847813,0.14610861452211604,0.0,0.0,0.10281272172076628
7874,0.27333359817847813,0.14700769555509857,0.0,0.0,0.10281272172076628
7875,0.27333359817847813,0.14610861452211604,0.0,0.0,0.10281272172076628
7876,0.27333359817847813,0.1434726423097647,0.0,0.0,0.10281272172076628
7877,0.27333359817847813,0.1392794160681661,0.0,0.0,0.10281272172076628
7878,0.27333359817847813,0.13381469723605124,0.057902835298721755,0.04324840702245358,0.10281272172076628
7879,0.3037448219526355,0.12745089737095391,0.23035334661650342,0.17205401500735834,0.11425171315071404
7880,0.3326310999805452,0.12062169891700393,0.3861647897946086,0.2884316790467452,0.12511710578529578
7881,0.3585439536632951,0.11379250046305397,0.5140824673951142,0.3839751141426737,0.1348640634678851
7882,0.38018400431457827,0.10742870059795663,0.6048665268822224,0.4517829500732188,0.14300383304052613
7883,0.39646612943375714,0.1019639817658418,0.6519593810795801,0.48695723671512603,0.14912825246812889
7884,0.4065738752791227,0.0977707555242432,0.6519593810795802,0.4869572367151261,0.15293021778724503
7885,0.41000039726771714,0.09513478331189182,0.6048665268822225,0.45178295007321884,0.15421908258114939
7886,0.4065738752791227,0.09423570227890932,0.5140824673951142,0.38397511414267377,0.15293021778724503
7887,0.39646612943375714,0.0951347833118918,0.3861647897946086,0.2884316790467452,0.14912825246812889
7888,0.38018400431457827,0.0977707555242432,0.23035334661650309,0.1720540150073581,0.14300383304052613
7889,0.3585439536632951,0.10196398176584177,0.05790283529872164,0.0432484070224535,0.1348640634678851
7890,0.3326310999805452,0.10742870059795663,0.0,0.0,0.12511710578529578
7891,0.3037448219526355,0.11379250046305395,0.0,0.0,0.11425171315071404
7892,0.27333359817847813,0.12062169891700393,0.0,0.0,0.10281272172076628
7893,0.27333359817847813,0.12745089737095391,0.0,0.0,0.10281272172076628
7894,0.27333359817847813,0.13381469723605124,0.0,0.0,0.10281272172076628
7895,0.27333359817847813,0.1392794160681661,0.0,0.0,0.10281272172076628
7896,0.27333359817847813,0.15074146732756377,0.0,0.0,0.10281272172076628
7897,0.27333359817847813,0.15337743953991514,0.0,0.0,0.10281272172076628
7898,0.27333359817847813,0.15427652057289767,0.0,0.0,0.10281272172076628
7899,0.27333359817847813,0.15337743953991514,0.0,0.0,0.10281272172076628
7900,0.27333359817847813,0.15074146732756377,0.0,0.0,0.10281272172076628
7901,0.27333359817847813,0.14654824108596518,0.0,0.0,0.10281272172076628
7902,0.27333359817847813,0.14108352225385035,0.05894104772058609,0.0440238618540678,0.10281272172076628
7903,0.3037448219526355,0.13471972238875302,0.23115198927051414,0.17265053195489566,0.11425171315071404
7904,0.3326310999805452,0.12789052393480302,0.3867016212129779,0.28883264565855793,0.12511710578529578
7905,0.3585439536632951,0.12106132548085306,0.5143780107184162,0.38419585942868584,0.1348640634678851
7906,0.38018400431457827,0.11469752561575576,0.6049783131051686,0.45186644470771353,0.14300383304052613
7907,0.39646612943375714,0.10923280678364089,0.6519721078764902,0.48696674253103334,0.14912825246812889
7908,0.4065738752791227,0.10503958054204231,0.6519721078764902,0.48696674253103334,0.15293021778724503
7909,0.41000039726771714,0.10240360832969092,0.6049783131051685,0.4518664447077135,0.15421908258114939
7910,0.4065738752791227,0.10150452729670843,0.5143780107184162,0.3841958594286859,0.15293021778724503
7911,0.39646612943375714,0.10240360832969092,0.3867016212129781,0.28883264565855804,0.14912825246812889
7912,0.38018400431457827,0.10503958054204231,0.2311519892705143,0.17265053195489577,0.14300383304052613
7913,0.3585439536632951,0.10923280678364089,0.05894104772058627,0.04402386185406793,0.1348640634678851
7914,0.3326310999805452,0.11469752561575572,0.0,0.0,0.12511710578529578
7915,0.3037448219526355,0.12106132548085306,0.0,0.0,0.11425171315071404
7916,0.27333359817847813,0.12789052393480302,0.0,0.0,0.10281272172076628
7917,0.27333359817847813,0.13471972238875302,0.0,0.0,0.10281272172076628
7918,0.27333359817847813,0.14108352225385035,0.0,0.0,0.10281272172076628
7919,0.27333359817847813,0.14654824108596518,0.0,0.0,0.10281272172076628
7920,0.27333359817847813,0.1546091283355431,0.0,0.0,0.10281272172076628
7921,0.27333359817847813,0.15724510054789448,0.0,0.0,0.10281272172076628
7922,0.27333359817847813,0.15814418158087698,0.0,0.0,0.10281272172076628
7923,0.27333359817847813,0.15724510054789448,0.0,0.0,0.10281272172076628
7924,0.27333359817847813,0.1546091283355431,0.0,0.0,0.10281272172076628
7925,0.27333359817847813,0.1504159020939445,0.0,0.0,0.10281272172076628
7926,0.27333359817847813,0.14495118326182965,0.05998510507087154,0.044803682341389026,0.10281272172076628
7927,0.3037448219526355,0.13858738339673232,0.23195485116503758,0.17325020030996036,0.11425171315071404
7928,0.3326310999805452,0.13175818494278238,0.3872411555887192,0.2892356311456119,0.12511710578529578
7929,0.3585439536632951,0.12492898648883238,0.5146749913133146,0.3844176782321983,0.1348640634678851
7930,0.38018400431457827,0.11856518662373508,0.6050906308083195,0.45195033631192666,0.14300383304052613
7931,0.39646612943375714,0.11310046779162022,0.6519848945108234,0.48697629304031737,0.14912825246812889
7932,0.4065738752791227,0.10890724155002163,0.6519848945108234,0.48697629304031737,0.15293021778724503
7933,0.41000039726771714,0.10627126933767024,0.6050906308083196,0.4519503363119267,0.15421908258114939
7934,0.4065738752791227,0.10537218830468774,0.5146749913133146,0.3844176782321983,0.15293021778724503
7935,0.39646612943375714,0.10627126933767023,0.3872411555887192,0.2892356311456119,0.14912825246812889
7936,0.38018400431457827,0.10890724155002163,0.2319548511650379,0.17325020030996058,0.14300383304052613
7937,0.3585439536632951,0.1131004677916202,0.05998510507087184,0.04480368234138925,0.1348640634678851
7938,0.3326310999805452,0.11856518662373505,0.0,0.0,0.12511710578529578
7939,0.3037448219526355,0.12492898648883238,0.0,0.0,0.11425171315071404
7940,0.27333359817847813,0.13175818494278238,0.0,0.0,0.10281272172076628
7941,0.27333359817847813,0.13858738339673232,0.0,0.0,0.10281272172076628
7942,0.27333359817847813,0.14495118326182965,0.0,0.0,0.10281272172076628
7943,0.27333359817847813,0.1504159020939445,0.0,0.0,0.10281272172076628
7944,0.27333359817847813,0.15326590376380506,0.0,0.0,0.10281272172076628
7945,0.27333359817847813,0.1559018759761564,0.0,0.0,0.10281272172076628
7946,0.27333359817847813,0.15680095700913893,0.0,0.0,0.10281272172076628
7947,0.27333359817847813,0.1559018759761564,0.0,0.0,0.10281272172076628
7948,0.27333359817847813,0.15326590376380506,0.0,0.0,0.10281272172076628
7949,0.27333359817847813,0.14907267752220646,0.0,0.0,0.10281272172076628
7950,0.27333359817847813,0.1436079586900916,0.061034647984217705,0.04558760006959272,0.10281272172076628
7951,0.3037448219526355,0.13724415882499427,0.2327616519915673,0.17385281070635625,0.11425171315071404
7952,0.3326310999805452,0.1304149603710443,0.38778320268362626,0.2896404934164306,0.12511710578529578
7953,0.3585439536632951,0.12358576191709433,0.5149733037642178,0.3846404918168867,0.1348640634678851
7954,0.38018400431457827,0.117221962051997,0.6052034399577851,0.45203459498400683,0.14300383304052613
7955,0.39646612943375714,0.11175724321988216,0.6519977364158862,0.4869858848320532,0.14912825246812889
7956,0.4065738752791227,0.10756401697828356,0.6519977364158862,0.4869858848320532,0.15293021778724503
7957,0.41000039726771714,0.10492804476593218,0.6052034399577851,0.45203459498400683,0.15421908258114939
7958,0.4065738752791227,0.10402896373294968,0.514973303764218,0.3846404918168868,0.15293021778724503
7959,0.39646612943375714,0.10492804476593218,0.38778320268362615,0.28964049341643056,0.14912825246812889
7960,0.38018400431457827,0.10756401697828356,0.2327616519915673,0.17385281070635625,0.14300383304052613
7961,0.3585439536632951,0.11175724321988213,0.061034647984217774,0.04558760006959277,0.1348640634678851
7962,0.3326310999805452,0.11722196205199699,0.0,0.0,0.12511710578529578
7963,0.3037448219526355,0.1235857619170943,0.0,0.0,0.11425171315071404
7964,0.27333359817847813,0.1304149603710443,0.0,0.0,0.10281272172076628
7965,0.27333359817847813,0.13724415882499427,0.0,0.0,0.10281272172076628
7966,0.27333359817847813,0.1436079586900916,0.0,0.0,0.10281272172076628
7967,0.27333359817847813,0.14907267752220646,0.0,0.0,0.10281272172076628
7968,0.27333359817847813,0.14734030331774398,0.0,0.0,0.10281272172076628
7969,0.27333359817847813,0.14997627553009538,0.0,0.0,0.10281272172076628
7970,0.27333359817847813,0.15087535656307785,0.0,0.0,0.10281272172076628
7971,0.27333359817847813,0.14997627553009538,0.0,0.0,0.10281272172076628
7972,0.27333359817847813,0.14734030331774398,0.0,0.0,0.10281272172076628
7973,0.27333359817847813,0.1431470770761454,0.0,0.0,0.10281272172076628
7974,0.27333359817847813,0.13768235824403055,0.06208931745562836,0.046375346893015215,0.10281272172076628
7975,0.3037448219526355,0.13131855837893322,0.23357211209365247,0.1744581542649162,0.11425171315071404
7976,0.3326310999805452,0.12448935992498325,0.3883275728789473,0.290047090842216,0.12511710578529578
7977,0.3585439536632951,0.11766016147103328,0.515272843065967,0.3848642217529845,0.1348640634678851
7978,0.38018400431457827,0.11129636160593595,0.6053167006915696,0.45211919095049274,0.14300383304052613
7979,0.39646612943375714,0.10583164277382111,0.6520106290454765,0.48699551451062123,0.14912825246812889
7980,0.4065738752791227,0.10163841653222251,0.6520106290454765,0.48699551451062123,0.15293021778724503
7981,0.41000039726771714,0.09900244431987112,0.6053167006915697,0.4521191909504928,0.15421908258114939
7982,0.4065738752791227,0.09810336328688864,0.5152728430659671,0.38486422175298457,0.15293021778724503
7983,0.39646612943375714,0.09900244431987111,0.3883275728789473,0.290047090842216,0.14912825246812889
7984,0.38018400431457827,0.10163841653222251,0.23357211209365275,0.1744581542649164,0.14300383304052613
7985,0.3585439536632951,0.1058316427738211,0.06208931745562849,0.04637534689301531,0.1348640634678851
7986,0.3326310999805452,0.11129636160593594,0.0,0.0,0.12511710578529578
7987,0.3037448219526355,0.11766016147103327,0.0,0.0,0.11425171315071404
7988,0.27333359817847813,0.12448935992498325,0.0,0.0,0.10281272172076628
7989,0.27333359817847813,0.13131855837893322,0.0,0.0,0.10281272172076628
7990,0.27333359817847813,0.13768235824403055,0.0,0.0,0.10281272172076628
7991,0.27333359817847813,0.1431470770761454,0.0,0.0,0.10281272172076628
7992,0.27333359817847813,0.13960498130178545,0.0,0.0,0.10281272172076628
7993,0.27333359817847813,0.14224095351413685,0.0,0.0,0.10281272172076628
7994,0.27333359817847813,0.14314003454711932,0.0,0.0,0.10281272172076628
7995,0.27333359817847813,0.14224095351413685,0.0,0.0,0.10281272172076628
7996,0.27333359817847813,0.13960498130178545,0.0,0.0,0.10281272172076628
7997,0.27333359817847813,0.13541175506018685,0.0,0.0,0.10281272172076628
7998,0.27333359817847813,0.12994703622807202,0.06314875499954889,0.04716665505397076,0.10281272172076628
7999,0.3037448219526355,0.12358323636297468,0.23438595259164532,0.17506602268667773,0.11425171315071404
8000,0.3326310999805452,0.11675403790902472,0.3888740772602534,0.2904552823202386,0.12511710578529578
8001,0.3585439536632951,0.10992483945507474,0.515573504670908,0.385088789952442,0.1348640634678851
8002,0.38018400431457827,0.10356103958997742,0.6054303733374541,0.4522040945796703,0.14300383304052613
8003,0.39646612943375714,0.09809632075786257,0.6520235678759232,0.4870051786972309,0.14912825246812889
8004,0.4065738752791227,0.09390309451626397,0.6520235678759232,0.4870051786972309,0.15293021778724503
8005,0.41000039726771714,0.0912671223039126,0.6054303733374541,0.45220409457967037,0.15421908258114939
8006,0.4065738752791227,0.0903680412709301,0.5155735046709082,0.38508878995244217,0.15293021778724503
8007,0.39646612943375714,0.09126712230391257,0.3888740772602535,0.29045528232023865,0.14912825246812889
8008,0.38018400431457827,0.09390309451626397,0.2343859525916453,0.1750660226866777,0.14300383304052613
8009,0.3585439536632951,0.09809632075786255,0.06314875499954926,0.04716665505397104,0.1348640634678851
8010,0.3326310999805452,0.1035610395899774,0.0,0.0,0.12511710578529578
8011,0.3037448219526355,0.10992483945507472,0.0,0.0,0.11425171315071404
8012,0.27333359817847813,0.11675403790902472,0.0,0.0,0.10281272172076628
8013,0.27333359817847813,0.12358323636297468,0.0,0.0,0.10281272172076628
8014,0.27333359817847813,0.12994703622807202,0.0,0.0,0.10281272172076628
8015,0.27333359817847813,0.13541175506018685,0.0,0.0,0.10281272172076628
8016,0.27333359817847813,0.14203434215920718,0.0,0.0,0.10281272172076628
8017,0.27333359817847813,0.14483506263483054,0.0,0.0,0.10281272172076628
8018,0.27333359817847813,0.14579033623237445,0.0,0.0,0.10281272172076628
8019,0.27333359817847813,0.14483506263483054,0.0,0.0,0.10281272172076628
8020,0.27333359817847813,0.14203434215920718,0.0,0.0,0.10281272172076628
8021,0.27333359817847813,0.1375790392775087,0.0,0.0,0.10281272172076628
8022,0.27333359817847813,0.13177277551838668,0.06552306408759549,0.04894005846862561,0.10281272172076628
8023,0.3037448219526355,0.12501123816172074,0.2400029545963646,0.17926143708551975,0.11425171315071404
8024,0.3326310999805452,0.1177552148043989,0.3973699262244689,0.2968009462607018,0.12511710578529578
8025,0.3585439536632951,0.11049919144707705,0.5264032495250698,0.3931776721459612,0.1348640634678851
8026,0.38018400431457827,0.10373765409041115,0.6179024677860431,0.4615196697903193,0.14300383304052613
8027,0.39646612943375714,0.09793139033128914,0.665343416742921,0.49695395309326135,0.14912825246812889
8028,0.4065738752791227,0.09347608744959063,0.665343416742921,0.49695395309326135,0.15293021778724503
8029,0.41000039726771714,0.09067536697396729,0.6179024677860431,0.4615196697903193,0.15421908258114939
8030,0.4065738752791227,0.08972009337642338,0.5264032495250699,0.39317767214596133,0.15293021778724503
8031,0.39646612943375714,0.09067536697396726,0.39736992622446893,0.29680094626070186,0.14912825246812889
8032,0.38018400431457827,0.09347608744959063,0.2400029545963647,0.17926143708551984,0.14300383304052613
8033,0.3585439536632951,0.09793139033128911,0.06552306408759548,0.0489400584686256,0.1348640634678851
8034,0.3326310999805452,0.10373765409041114,0.0,0.0,0.12511710578529578
8035,0.3037448219526355,0.11049919144707704,0.0,0.0,0.11425171315071404
8036,0.27333359817847813,0.1177552148043989,0.0,0.0,0.10281272172076628
8037,0.27333359817847813,0.12501123816172074,0.0,0.0,0.10281272172076628
8038,0.27333359817847813,0.13177277551838668,0.0,0.0,0.10281272172076628
8039,0.27333359817847813,0.1375790392775087,0.0,0.0,0.10281272172076628
8040,0.27333359817847813,0.14060716605173543,0.0,0.0,0.10281272172076628
8041,0.27333359817847813,0.14340788652735875,0.0,0.0,0.10281272172076628
8042,0.27333359817847813,0.14436316012490266,0.0,0.0,0.10281272172076628
8043,0.27333359817847813,0.14340788652735875,0.0,0.0,0.10281272172076628
8044,0.27333359817847813,0.14060716605173543,0.0,0.0,0.10281272172076628
8045,0.27333359817847813,0.1361518631700369,0.0,0.0,0.10281272172076628
8046,0.27333359817847813,0.1303455994109149,0.06661275907406457,0.0497539663206679,0.10281272172076628
8047,0.3037448219526355,0.12358406205424897,0.2408394529266596,0.17988622894718875,0.11425171315071404
8048,0.3326310999805452,0.11632803869692712,0.39793136422204695,0.2972202918577155,0.12511710578529578
8049,0.3585439536632951,0.1090720153396053,0.5267120195509372,0.39340829663414306,0.1348640634678851
8050,0.38018400431457827,0.10231047798293938,0.6180191803356367,0.4616068439644925,0.14300383304052613
8051,0.39646612943375714,0.09650421422381736,0.6653567001725983,0.4969638746656743,0.14912825246812889
8052,0.4065738752791227,0.09204891134211886,0.6653567001725983,0.4969638746656743,0.15293021778724503
8053,0.41000039726771714,0.08924819086649552,0.6180191803356366,0.4616068439644924,0.15421908258114939
8054,0.4065738752791227,0.08829291726895161,0.5267120195509372,0.39340829663414306,0.15293021778724503
8055,0.39646612943375714,0.08924819086649549,0.39793136422204706,0.2972202918577156,0.14912825246812889
8056,0.38018400431457827,0.09204891134211886,0.2408394529266599,0.17988622894718898,0.14300383304052613
8057,0.3585439536632951,0.09650421422381734,0.06661275907406473,0.04975396632066803,0.1348640634678851
8058,0.3326310999805452,0.10231047798293935,0.0,0.0,0.12511710578529578
8059,0.3037448219526355,0.10907201533960527,0.0,0.0,0.11425171315071404
8060,0.27333359817847813,0.11632803869692712,0.0,0.0,0.10281272172076628
8061,0.27333359817847813,0.12358406205424897,0.0,0.0,0.10281272172076628
8062,0.27333359817847813,0.1303455994109149,0.0,0.0,0.10281272172076628
8063,0.27333359817847813,0.1361518631700369,0.0,0.0,0.10281272172076628
8064,0.27333359817847813,0.14471655587271343,0.0,0.0,0.10281272172076628
8065,0.27333359817847813,0.14751727634833675,0.0,0.0,0.10281272172076628
8066,0.27333359817847813,0.1484725499458807,0.0,0.0,0.10281272172076628
8067,0.27333359817847813,0.14751727634833675,0.0,0.0,0.10281272172076628
8068,0.27333359817847813,0.14471655587271343,0.0,0.0,0.10281272172076628
8069,0.27333359817847813,0.14026125299101494,0.0,0.0,0.10281272172076628
8070,0.27333359817847813,0.1344549892318929,0.06770622679138483,0.05057069207616167,0.10281272172076628
8071,0.3037448219526355,0.127693451875227,0.24167855290975562,0.18051296401835154,0.11425171315071404
8072,0.3326310999805452,0.12043742851790515,0.3984944067933147,0.2976408359324146,0.12511710578529578
8073,0.3585439536632951,0.1131814051605833,0.5270216180002097,0.39363953988291644,0.1348640634678851
8074,0.38018400431457827,0.10641986780391739,0.6181361930939514,0.46169424236860007,0.14300383304052613
8075,0.39646612943375714,0.10061360404479537,0.6653700170558017,0.49697382122497635,0.14912825246812889
8076,0.4065738752791227,0.09615830116309686,0.6653700170558017,0.49697382122497635,0.15293021778724503
8077,0.41000039726771714,0.09335758068747352,0.6181361930939514,0.4616942423686001,0.15421908258114939
8078,0.4065738752791227,0.09240230708992961,0.5270216180002099,0.3936395398829165,0.15293021778724503
8079,0.39646612943375714,0.0933575806874735,0.3984944067933146,0.2976408359324145,0.14912825246812889
8080,0.38018400431457827,0.09615830116309686,0.24167855290975562,0.18051296401835154,0.14300383304052613
8081,0.3585439536632951,0.10061360404479534,0.06770622679138459,0.050570692076161494,0.1348640634678851
8082,0.3326310999805452,0.10641986780391738,0.0,0.0,0.12511710578529578
8083,0.3037448219526355,0.11318140516058328,0.0,0.0,0.11425171315071404
8084,0.27333359817847813,0.12043742851790515,0.0,0.0,0.10281272172076628
8085,0.27333359817847813,0.127693451875227,0.0,0.0,0.10281272172076628
8086,0.27333359817847813,0.1344549892318929,0.0,0.0,0.10281272172076628
8087,0.27333359817847813,0.14026125299101494,0.0,0.0,0.10281272172076628
8088,0.27333359817847813,0.15243968245412495,0.0,0.0,0.10281272172076628
8089,0.27333359817847813,0.15524040292974828,0.0,0.0,0.10281272172076628
8090,0.27333359817847813,0.15619567652729222,0.0,0.0,0.10281272172076628
8091,0.27333359817847813,0.15524040292974828,0.0,0.0,0.10281272172076628
8092,0.27333359817847813,0.15243968245412495,0.0,0.0,0.10281272172076628
8093,0.27333359817847813,0.14798437957242647,0.0,0.0,0.10281272172076628
8094,0.27333359817847813,0.14217811581330442,0.06880310511676484,0.05138996526072003,0.10281272172076628
8095,0.3037448219526355,0.13541657845663854,0.24251997435582456,0.1811414330214543,0.11425171315071404
8096,0.3326310999805452,0.12816055509931668,0.39905886486125336,0.298062437260629,0.12511710578529578
8097,0.3585439536632951,0.12090453174199484,0.5273319405105589,0.3938713239426532,0.1348640634678851
8098,0.38018400431457827,0.11414299438532892,0.6182534665247648,0.46178183547250545,0.14300383304052613
8099,0.39646612943375714,0.1083367306262069,0.6653833628879885,0.49698378940666366,0.14912825246812889
8100,0.4065738752791227,0.1038814277445084,0.6653833628879885,0.49698378940666366,0.15293021778724503
8101,0.41000039726771714,0.10108070726888504,0.6182534665247649,0.4617818354725055,0.15421908258114939
8102,0.4065738752791227,0.10012543367134115,0.527331940510559,0.3938713239426533,0.15293021778724503
8103,0.39646612943375714,0.10108070726888504,0.39905886486125347,0.2980624372606291,0.14912825246812889
8104,0.38018400431457827,0.1038814277445084,0.24251997435582434,0.18114143302145413,0.14300383304052613
8105,0.3585439536632951,0.10833673062620687,0.06880310511676493,0.05138996526072011,0.1348640634678851
8106,0.3326310999805452,0.1141429943853289,0.0,0.0,0.12511710578529578
8107,0.3037448219526355,0.12090453174199481,0.0,0.0,0.11425171315071404
8108,0.27333359817847813,0.12816055509931668,0.0,0.0,0.10281272172076628
8109,0.27333359817847813,0.13541657845663854,0.0,0.0,0.10281272172076628
8110,0.27333359817847813,0.14217811581330442,0.0,0.0,0.10281272172076628
8111,0.27333359817847813,0.14798437957242647,0.0,0.0,0.10281272172076628
8112,0.27333359817847813,0.16016280903553648,0.0,0.0,0.10281272172076628
8113,0.27333359817847813,0.16296352951115983,0.0,0.0,0.10281272172076628
8114,0.27333359817847813,0.16391880310870374,0.0,0.0,0.10281272172076628
8115,0.27333359817847813,0.16296352951115983,0.0,0.0,0.10281272172076628
8116,0.27333359817847813,0.16016280903553648,0.0,0.0,0.10281272172076628
8117,0.27333359817847813,0.155707506153838,0.0,0.0,0.10281272172076628
8118,0.27333359817847813,0.14990124239471594,0.06990303321986516,0.052211516365305896,0.10281272172076628
8119,0.3037448219526355,0.14313970503805007,0.2433634384569512,0.18177142771111257,0.11425171315071404
8120,0.3326310999805452,0.13588368168072823,0.39962455046429096,0.29848495545133064,0.12511710578529578
8121,0.3585439536632951,0.12862765832340636,0.5276428834049768,0.394103571375601,0.1348640634678851
8122,0.38018400431457827,0.12186612096674046,0.6183709613681209,0.461869593952419,0.14300383304052613
8123,0.39646612943375714,0.11605985720761844,0.6653967331970106,0.49699377587042876,0.14912825246812889
8124,0.4065738752791227,0.11160455432591992,0.6653967331970108,0.4969937758704288,0.15293021778724503
8125,0.41000039726771714,0.10880383385029659,0.618370961368121,0.46186959395241906,0.15421908258114939
8126,0.4065738752791227,0.10784856025275268,0.527642883404977,0.39410357137560115,0.15293021778724503
8127,0.39646612943375714,0.10880383385029657,0.39962455046429096,0.29848495545133064,0.14912825246812889
8128,0.38018400431457827,0.11160455432591992,0.2433634384569513,0.18177142771111265,0.14300383304052613
8129,0.3585439536632951,0.11605985720761841,0.06990303321986527,0.05221151636530598,0.1348640634678851
8130,0.3326310999805452,0.12186612096674043,0.0,0.0,0.12511710578529578
8131,0.3037448219526355,0.12862765832340634,0.0,0.0,0.11425171315071404
8132,0.27333359817847813,0.13588368168072823,0.0,0.0,0.10281272172076628
8133,0.27333359817847813,0.14313970503805007,0.0,0.0,0.10281272172076628
8134,0.27333359817847813,0.14990124239471594,0.0,0.0,0.10281272172076628
8135,0.27333359817847813,0.155707506153838,0.0,0.0,0.10281272172076628
8136,0.27333359817847813,0.16427219885651453,0.0,0.0,0.10281272172076628
8137,0.27333359817847813,0.1670729193321379,0.0,0.0,0.10281272172076628
8138,0.27333359817847813,0.16802819292968177,0.0,0.0,0.10281272172076628
8139,0.27333359817847813,0.1670729193321379,0.0,0.0,0.10281272172076628
8140,0.27333359817847813,0.16427219885651453,0.0,0.0,0.10281272172076628
8141,0.27333359817847813,0.15981689597481602,0.0,0.0,0.10281272172076628
8142,0.27333359817847813,0.154010632215694,0.07100565170487208,0.053035076952348735,0.10281272172076628
8143,0.3037448219526355,0.1472490948590281,0.244208667895196,0.1824027409548248,0.11425171315071404
8144,0.3326310999805452,0.13999307150170623,0.40019127682821354,0.29890825100034535,0.12511710578529578
8145,0.3585439536632951,0.13273704814438442,0.5279543437310491,0.39433620528521574,0.1348640634678851
8146,0.38018400431457827,0.12597551078771851,0.6184886386551017,0.46195748870193154,0.14300383304052613
8147,0.39646612943375714,0.12016924702859648,0.665410123544792,0.4970037773014128,0.14912825246812889
8148,0.4065738752791227,0.11571394414689797,0.665410123544792,0.4970037773014128,0.15293021778724503
8149,0.41000039726771714,0.11291322367127463,0.6184886386551017,0.46195748870193154,0.15421908258114939
8150,0.4065738752791227,0.11195795007373072,0.527954343731049,0.3943362052852157,0.15293021778724503
8151,0.39646612943375714,0.11291322367127461,0.4001912768282135,0.2989082510003453,0.14912825246812889
8152,0.38018400431457827,0.11571394414689797,0.24420866789519596,0.18240274095482478,0.14300383304052613
8153,0.3585439536632951,0.12016924702859647,0.07100565170487186,0.05303507695234857,0.1348640634678851
8154,0.3326310999805452,0.1259755107877185,0.0,0.0,0.12511710578529578
8155,0.3037448219526355,0.1327370481443844,0.0,0.0,0.11425171315071404
8156,0.27333359817847813,0.13999307150170623,0.0,0.0,0.10281272172076628
8157,0.27333359817847813,0.1472490948590281,0.0,0.0,0.10281272172076628
8158,0.27333359817847813,0.154010632215694,0.0,0.0,0.10281272172076628
8159,0.27333359817847813,0.15981689597481602,0.0,0.0,0.10281272172076628
8160,0.27333359817847813,0.1628450227490428,0.0,0.0,0.10281272172076628
8161,0.27333359817847813,0.16564574322466616,0.0,0.0,0.10281272172076628
8162,0.27333359817847813,0.16660101682221004,0.0,0.0,0.10281272172076628
8163,0.27333359817847813,0.16564574322466616,0.0,0.0,0.10281272172076628
8164,0.27333359817847813,0.1628450227490428,0.0,0.0,0.10281272172076628
8165,0.27333359817847813,0.1583897198673443,0.0,0.0,0.10281272172076628
8166,0.27333359817847813,0.15258345610822227,0.07211060274894093,0.0538603797591498,0.10281272172076628
8167,0.3037448219526355,0.14582191875155637,0.24505538694730378,0.18303516681118062,0.11425171315071404
8168,0.3326310999805452,0.1385658953942345,0.40075885843555403,0.29933218534217987,0.12511710578529578
8169,0.3585439536632951,0.13130987203691266,0.5282662192987359,0.39456914934438125,0.1348640634678851
8170,0.38018400431457827,0.12454833468024674,0.6186064597220108,0.4620454908426077,0.14300383304052613
8171,0.39646612943375714,0.11874207092112474,0.6654235295289371,0.49701379041140736,0.14912825246812889
8172,0.4065738752791227,0.11428676803942624,0.6654235295289371,0.49701379041140736,0.15293021778724503
8173,0.41000039726771714,0.1114860475638029,0.6186064597220108,0.4620454908426077,0.15421908258114939
8174,0.4065738752791227,0.11053077396625899,0.5282662192987359,0.39456914934438125,0.15293021778724503
8175,0.39646612943375714,0.11148604756380287,0.4007588584355541,0.2993321853421799,0.14912825246812889
8176,0.38018400431457827,0.11428676803942624,0.24505538694730394,0.18303516681118073,0.14300383304052613
8177,0.3585439536632951,0.11874207092112471,0.07211060274894088,0.05386037975914976,0.1348640634678851
8178,0.3326310999805452,0.12454833468024674,0.0,0.0,0.12511710578529578
8179,0.3037448219526355,0.13130987203691263,0.0,0.0,0.11425171315071404
8180,0.27333359817847813,0.1385658953942345,0.0,0.0,0.10281272172076628
8181,0.27333359817847813,0.14582191875155637,0.0,0.0,0.10281272172076628
8182,0.27333359817847813,0.15258345610822227,0.0,0.0,0.10281272172076628
8183,0.27333359817847813,0.1583897198673443,0.0,0.0,0.10281272172076628
8184,0.27333359817847813,0.15654907227510306,0.0,0.0,0.10281272172076628
8185,0.27333359817847813,0.1593497927507264,0.0,0.0,0.10281272172076628
8186,0.27333359817847813,0.16030506634827033,0.0,0.0,0.10281272172076628
8187,0.27333359817847813,0.1593497927507264,0.0,0.0,0.10281272172076628
8188,0.27333359817847813,0.15654907227510306,0.0,0.0,0.10281272172076628
8189,0.27333359817847813,0.15209376939340458,0.0,0.0,0.10281272172076628
8190,0.27333359817847813,0.14628750563428256,0.07321753023695161,0.05468715879853278,0.10281272172076628
8191,0.3037448219526355,0.13952596827761662,0.24590332158603126,0.18366850060554374,0.11425171315071404
8192,0.3326310999805452,0.13226994492029479,0.40132711109244623,0.2997566208999566,0.12511710578529578
8193,0.3585439536632951,0.12501392156297295,0.528578408716659,0.3948023278225125,0.1348640634678851
8194,0.38018400431457827,0.11825238420630703,0.6187243862239674,0.46213357173413994,0.14300383304052613
8195,0.39646612943375714,0.11244612044718501,0.6654369467842707,0.4970238119400043,0.14912825246812889
8196,0.4065738752791227,0.1079908175654865,0.6654369467842707,0.4970238119400043,0.15293021778724503
8197,0.41000039726771714,0.10519009708986317,0.6187243862239676,0.46213357173414005,0.15421908258114939
8198,0.4065738752791227,0.10423482349231925,0.5285784087166591,0.39480232782251257,0.15293021778724503
8199,0.39646612943375714,0.10519009708986314,0.40132711109244634,0.29975662089995664,0.14912825246812889
8200,0.38018400431457827,0.1079908175654865,0.2459033215860314,0.18366850060554385,0.14300383304052613
8201,0.3585439536632951,0.11244612044718498,0.07321753023695154,0.05468715879853273,0.1348640634678851
8202,0.3326310999805452,0.118252384206307,0.0,0.0,0.12511710578529578
8203,0.3037448219526355,0.12501392156297292,0.0,0.0,0.11425171315071404
8204,0.27333359817847813,0.13226994492029479,0.0,0.0,0.10281272172076628
8205,0.27333359817847813,0.13952596827761662,0.0,0.0,0.10281272172076628
8206,0.27333359817847813,0.14628750563428256,0.0,0.0,0.10281272172076628
8207,0.27333359817847813,0.15209376939340458,0.0,0.0,0.10281272172076628
8208,0.27333359817847813,0.14833029263314695,0.0,0.0,0.10281272172076628
8209,0.27333359817847813,0.15113101310877028,0.0,0.0,0.10281272172076628
8210,0.27333359817847813,0.1520862867063142,0.0,0.0,0.10281272172076628
8211,0.27333359817847813,0.15113101310877028,0.0,0.0,0.10281272172076628
8212,0.27333359817847813,0.14833029263314695,0.0,0.0,0.10281272172076628
8213,0.27333359817847813,0.14387498975144844,0.0,0.0,0.10281272172076628
8214,0.27333359817847813,0.13806872599232642,0.07432607989252844,0.05551514945670433,0.10281272172076628
8215,0.3037448219526355,0.13130718863566052,0.24675219957807298,0.18430253900319427,0.11425171315071404
8216,0.3326310999805452,0.12405116527833866,0.4018958519929413,0.30018142113345175,0.12511710578529578
8217,0.3585439536632951,0.11679514192101682,0.5288908114268949,0.39503566561154296,0.1348640634678851
8218,0.38018400431457827,0.1100336045643509,0.6188423801479132,0.46222170298406323,0.14300383304052613
8219,0.39646612943375714,0.10422734080522889,0.6654503709843106,0.49703383865569595,0.14912825246812889
8220,0.4065738752791227,0.09977203792353039,0.6654503709843107,0.497033838655696,0.15293021778724503
8221,0.41000039726771714,0.09697131744790705,0.6188423801479133,0.4622217029840633,0.15421908258114939
8222,0.4065738752791227,0.09601604385036314,0.5288908114268948,0.3950356656115429,0.15293021778724503
8223,0.39646612943375714,0.09697131744790702,0.4018958519929413,0.30018142113345175,0.14912825246812889
8224,0.38018400431457827,0.09977203792353039,0.24675219957807262,0.184302539003194,0.14300383304052613
8225,0.3585439536632951,0.10422734080522886,0.07432607989252848,0.05551514945670436,0.1348640634678851
8226,0.3326310999805452,0.11003360456435088,0.0,0.0,0.12511710578529578
8227,0.3037448219526355,0.1167951419210168,0.0,0.0,0.11425171315071404
8228,0.27333359817847813,0.12405116527833866,0.0,0.0,0.10281272172076628
8229,0.27333359817847813,0.13130718863566052,0.0,0.0,0.10281272172076628
8230,0.27333359817847813,0.13806872599232642,0.0,0.0,0.10281272172076628
8231,0.27333359817847813,0.14387498975144844,0.0,0.0,0.10281272172076628
8232,0.27333359817847813,0.14203434215920716,0.0,0.0,0.10281272172076628
8233,0.27333359817847813,0.14483506263483048,0.0,0.0,0.10281272172076628
8234,0.27333359817847813,0.1457903362323744,0.0,0.0,0.10281272172076628
8235,0.27333359817847813,0.14483506263483048,0.0,0.0,0.10281272172076628
8236,0.27333359817847813,0.14203434215920716,0.0,0.0,0.10281272172076628
8237,0.27333359817847813,0.13757903927750864,0.0,0.0,0.10281272172076628
8238,0.27333359817847813,0.13177277551838662,0.07543589940527619,0.05634408858828836,0.10281272172076628
8239,0.3037448219526355,0.12501123816172072,0.24760175057856598,0.18493708007991533,0.11425171315071404
8240,0.3326310999805452,0.11775521480439886,0.4024648997807792,0.3006064505852337,0.12511710578529578
8241,0.3585439536632951,0.11049919144707702,0.5292033277382758,0.39526908825079776,0.1348640634678851
8242,0.38018400431457827,0.10373765409041111,0.6189604038250315,0.46230985645703165,0.14300383304052613
8243,0.39646612943375714,0.09793139033128909,0.6654637978426716,0.49704386735692335,0.14912825246812889
8244,0.4065738752791227,0.09347608744959059,0.6654637978426717,0.4970438673569234,0.15293021778724503
8245,0.41000039726771714,0.09067536697396725,0.6189604038250316,0.4623098564570317,0.15421908258114939
8246,0.4065738752791227,0.08972009337642332,0.5292033277382757,0.39526908825079765,0.15293021778724503
8247,0.39646612943375714,0.09067536697396722,0.40246489978077926,0.3006064505852338,0.14912825246812889
8248,0.38018400431457827,0.09347608744959059,0.24760175057856568,0.1849370800799151,0.14300383304052613
8249,0.3585439536632951,0.09793139033128906,0.07543589940527602,0.05634408858828824,0.1348640634678851
8250,0.3326310999805452,0.1037376540904111,0.0,0.0,0.12511710578529578
8251,0.3037448219526355,0.110499191447077,0.0,0.0,0.11425171315071404
8252,0.27333359817847813,0.11775521480439886,0.0,0.0,0.10281272172076628
8253,0.27333359817847813,0.12501123816172072,0.0,0.0,0.10281272172076628
8254,0.27333359817847813,0.13177277551838662,0.0,0.0,0.10281272172076628
8255,0.27333359817847813,0.13757903927750864,0.0,0.0,0.10281272172076628
8256,0.27333359817847813,0.14060716605173543,0.0,0.0,0.10281272172076628
8257,0.27333359817847813,0.14340788652735875,0.0,0.0,0.10281272172076628
8258,0.27333359817847813,0.14436316012490266,0.0,0.0,0.10281272172076628
8259,0.27333359817847813,0.14340788652735875,0.0,0.0,0.10281272172076628
8260,0.27333359817847813,0.14060716605173543,0.0,0.0,0.10281272172076628
8261,0.27333359817847813,0.1361518631700369,0.0,0.0,0.10281272172076628
8262,0.27333359817847813,0.1303455994109149,0.07654663855419633,0.05717371460850731,0.10281272172076628
8263,0.3037448219526355,0.12358406205424897,0.2484517062221629,0.185571923390017,0.11425171315071404
8264,0.3326310999805452,0.11632803869692712,0.4030340746086205,0.3010315749249042,0.12511710578529578
8265,0.3585439536632951,0.1090720153396053,0.529515858858202,0.39550252195075414,0.1348640634678851
8266,0.38018400431457827,0.10231047798293938,0.6190784199425842,0.4623980042836587,0.14300383304052613
8267,0.39646612943375714,0.09650421422381736,0.6654772231144017,0.49705389487307466,0.14912825246812889
8268,0.4065738752791227,0.09204891134211886,0.6654772231144017,0.49705389487307466,0.15293021778724503
8269,0.41000039726771714,0.08924819086649552,0.6190784199425842,0.4623980042836587,0.15421908258114939
8270,0.4065738752791227,0.08829291726895161,0.529515858858202,0.39550252195075414,0.15293021778724503
8271,0.39646612943375714,0.08924819086649549,0.4030340746086205,0.3010315749249042,0.14912825246812889
8272,0.38018400431457827,0.09204891134211886,0.2484517062221631,0.18557192339001713,0.14300383304052613
8273,0.3585439536632951,0.09650421422381734,0.07654663855419645,0.057173714608507405,0.1348640634678851
8274,0.3326310999805452,0.10231047798293935,0.0,0.0,0.12511710578529578
8275,0.3037448219526355,0.10907201533960527,0.0,0.0,0.11425171315071404
8276,0.27333359817847813,0.11632803869692712,0.0,0.0,0.10281272172076628
8277,0.27333359817847813,0.12358406205424897,0.0,0.0,0.10281272172076628
8278,0.27333359817847813,0.1303455994109149,0.0,0.0,0.10281272172076628
8279,0.27333359817847813,0.1361518631700369,0.0,0.0,0.10281272172076628
8280,0.27333359817847813,0.14471655587271343,0.0,0.0,0.10281272172076628
8281,0.27333359817847813,0.14751727634833675,0.0,0.0,0.10281272172076628
8282,0.27333359817847813,0.1484725499458807,0.0,0.0,0.10281272172076628
8283,0.27333359817847813,0.14751727634833675,0.0,0.0,0.10281272172076628
8284,0.27333359817847813,0.14471655587271343,0.0,0.0,0.10281272172076628
8285,0.27333359817847813,0.14026125299101494,0.0,0.0,0.10281272172076628
8286,0.27333359817847813,0.1344549892318929,0.07765794932724958,0.05800376758248501,0.10281272172076628
8287,0.3037448219526355,0.127693451875227,0.249301800210666,0.18620687003179112,0.11425171315071404
8288,0.3326310999805452,0.12043742851790515,0.40360319819473933,0.30145666099144247,0.12511710578529578
8289,0.3585439536632951,0.1131814051605833,0.5298283069229719,0.3957358936156965,0.1348640634678851
8290,0.38018400431457827,0.10641986780391739,0.6191963915551657,0.4624861188689238,0.14300383304052613
8291,0.39646612943375714,0.10061360404479537,0.6654906425972511,0.4970639180654332,0.14912825246812889
8292,0.4065738752791227,0.09615830116309686,0.6654906425972511,0.4970639180654332,0.15293021778724503
8293,0.41000039726771714,0.09335758068747352,0.6191963915551657,0.4624861188689238,0.15421908258114939
8294,0.4065738752791227,0.09240230708992961,0.529828306922972,0.3957358936156966,0.15293021778724503
8295,0.39646612943375714,0.0933575806874735,0.4036031981947395,0.3014566609914426,0.14912825246812889
8296,0.38018400431457827,0.09615830116309686,0.24930180021066578,0.18620687003179096,0.14300383304052613
8297,0.3585439536632951,0.10061360404479534,0.07765794932724956,0.058003767582485,0.1348640634678851
8298,0.3326310999805452,0.10641986780391738,0.0,0.0,0.12511710578529578
8299,0.3037448219526355,0.11318140516058328,0.0,0.0,0.11425171315071404
8300,0.27333359817847813,0.12043742851790515,0.0,0.0,0.10281272172076628
8301,0.27333359817847813,0.127693451875227,0.0,0.0,0.10281272172076628
8302,0.27333359817847813,0.1344549892318929,0.0,0.0,0.10281272172076628
8303,0.27333359817847813,0.14026125299101494,0.0,0.0,0.10281272172076628
8304,0.27333359817847813,0.15243968245412495,0.0,0.0,0.10281272172076628
8305,0.27333359817847813,0.15524040292974828,0.0,0.0,0.10281272172076628
8306,0.27333359817847813,0.15619567652729222,0.0,0.0,0.10281272172076628
8307,0.27333359817847813,0.15524040292974828,0.0,0.0,0.10281272172076628
8308,0.27333359817847813,0.15243968245412495,0.0,0.0,0.10281272172076628
8309,0.27333359817847813,0.14798437957242647,0.0,0.0,0.10281272172076628
8310,0.27333359817847813,0.14217811581330442,0.0787694860370386,0.05883398931165161,0.10281272172076628
8311,0.3037448219526355,0.13541657845663854,0.25015176839722164,0.18684172271039745,0.11425171315071404
8312,0.3326310999805452,0.12816055509931668,0.4041720938771889,0.3018815768336626,0.12511710578529578
8313,0.3585439536632951,0.12090453174199484,0.5301405750266394,0.39596913086526936,0.1348640634678851
8314,0.38018400431457827,0.11414299438532892,0.619314282095382,0.46257417290014813,0.14300383304052613
8315,0.39646612943375714,0.1083367306262069,0.6655040521328751,0.4970739338280752,0.14912825246812889
8316,0.4065738752791227,0.1038814277445084,0.6655040521328751,0.4970739338280752,0.15293021778724503
8317,0.41000039726771714,0.10108070726888504,0.6193142820953821,0.4625741729001482,0.15421908258114939
8318,0.4065738752791227,0.10012543367134115,0.5301405750266395,0.3959691308652694,0.15293021778724503
8319,0.39646612943375714,0.10108070726888504,0.4041720938771891,0.3018815768336628,0.14912825246812889
8320,0.38018400431457827,0.1038814277445084,0.2501517683972215,0.18684172271039734,0.14300383304052613
8321,0.3585439536632951,0.10833673062620687,0.07876948603703858,0.0588339893116516,0.1348640634678851
8322,0.3326310999805452,0.1141429943853289,0.0,0.0,0.12511710578529578
8323,0.3037448219526355,0.12090453174199481,0.0,0.0,0.11425171315071404
8324,0.27333359817847813,0.12816055509931668,0.0,0.0,0.10281272172076628
8325,0.27333359817847813,0.13541657845663854,0.0,0.0,0.10281272172076628
8326,0.27333359817847813,0.14217811581330442,0.0,0.0,0.10281272172076628
8327,0.27333359817847813,0.14798437957242647,0.0,0.0,0.10281272172076628
8328,0.27333359817847813,0.16016280903553648,0.0,0.0,0.10281272172076628
8329,0.27333359817847813,0.16296352951115983,0.0,0.0,0.10281272172076628
8330,0.27333359817847813,0.16391880310870374,0.0,0.0,0.10281272172076628
8331,0.27333359817847813,0.16296352951115983,0.0,0.0,0.10281272172076628
8332,0.27333359817847813,0.16016280903553648,0.0,0.0,0.10281272172076628
8333,0.27333359817847813,0.155707506153838,0.0,0.0,0.10281272172076628
8334,0.27333359817847813,0.14990124239471594,0.07988090543258776,0.0596641234172335,0.10281272172076628
8335,0.3037448219526355,0.14313970503805007,0.25100134886707454,0.18747628579818007,0.11425171315071404
8336,0.3326310999805452,0.13588368168072823,0.4047405866654475,0.3023061917487889,0.12511710578529578
8337,0.3585439536632951,0.12862765832340636,0.5304525672484058,0.396202162054937,0.1348640634678851
8338,0.38018400431457827,0.12186612096674046,0.6194320553839561,0.46266213935454276,0.14300383304052613
8339,0.39646612943375714,0.11605985720761844,0.6655174476079703,0.49708393908871895,0.14912825246812889
8340,0.4065738752791227,0.11160455432591992,0.6655174476079703,0.49708393908871895,0.15293021778724503
8341,0.41000039726771714,0.10880383385029659,0.6194320553839562,0.4626621393545428,0.15421908258114939
8342,0.4065738752791227,0.10784856025275268,0.5304525672484058,0.396202162054937,0.15293021778724503
8343,0.39646612943375714,0.10880383385029657,0.4047405866654476,0.30230619174878903,0.14912825246812889
8344,0.38018400431457827,0.11160455432591992,0.2510013488670744,0.18747628579818,0.14300383304052613
8345,0.3585439536632951,0.11605985720761841,0.07988090543258787,0.05966412341723358,0.1348640634678851
8346,0.3326310999805452,0.12186612096674043,0.0,0.0,0.12511710578529578
8347,0.3037448219526355,0.12862765832340634,0.0,0.0,0.11425171315071404
8348,0.27333359817847813,0.13588368168072823,0.0,0.0,0.10281272172076628
8349,0.27333359817847813,0.14313970503805007,0.0,0.0,0.10281272172076628
8350,0.27333359817847813,0.14990124239471594,0.0,0.0,0.10281272172076628
8351,0.27333359817847813,0.155707506153838,0.0,0.0,0.10281272172076628
8352,0.27333359817847813,0.16427219885651453,0.0,0.0,0.10281272172076628
8353,0.27333359817847813,0.1670729193321379,0.0,0.0,0.10281272172076628
8354,0.27333359817847813,0.16802819292968177,0.0,0.0,0.10281272172076628
8355,0.27333359817847813,0.1670729193321379,0.0,0.0,0.10281272172076628
8356,0.27333359817847813,0.16427219885651453,0.0,0.0,0.10281272172076628
8357,0.27333359817847813,0.15981689597481602,0.0,0.0,0.10281272172076628
8358,0.27333359817847813,0.154010632215694,0.08099186680720702,0.060493915420818146,0.10281272172076628
8359,0.3037448219526355,0.1472490948590281,0.25185028201489296,0.18811036539242257,0.11425171315071404
8360,0.3326310999805452,0.13999307150170623,0.40530850328956275,0.3027303763191617,0.12511710578529578
8361,0.3585439536632951,0.13273704814438442,0.5307641886785597,0.3964349162953587,0.1348640634678851
8362,0.38018400431457827,0.12597551078771851,0.6195496756392667,0.4627499915063332,0.14300383304052613
8363,0.39646612943375714,0.12016924702859648,0.6655308249553449,0.49709393080952413,0.14912825246812889
8364,0.4065738752791227,0.11571394414689797,0.6655308249553449,0.49709393080952413,0.15293021778724503
8365,0.41000039726771714,0.11291322367127463,0.6195496756392667,0.46274999150633317,0.15421908258114939
8366,0.4065738752791227,0.11195795007373072,0.5307641886785597,0.39643491629535865,0.15293021778724503
8367,0.39646612943375714,0.11291322367127461,0.40530850328956264,0.3027303763191616,0.14912825246812889
8368,0.38018400431457827,0.11571394414689797,0.25185028201489273,0.1881103653924224,0.14300383304052613
8369,0.3585439536632951,0.12016924702859647,0.08099186680720702,0.06049391542081815,0.1348640634678851
8370,0.3326310999805452,0.1259755107877185,0.0,0.0,0.12511710578529578
8371,0.3037448219526355,0.1327370481443844,0.0,0.0,0.11425171315071404
8372,0.27333359817847813,0.13999307150170623,0.0,0.0,0.10281272172076628
8373,0.27333359817847813,0.1472490948590281,0.0,0.0,0.10281272172076628
8374,0.27333359817847813,0.154010632215694,0.0,0.0,0.10281272172076628
8375,0.27333359817847813,0.15981689597481602,0.0,0.0,0.10281272172076628
8376,0.27333359817847813,0.16284502274904283,0.0,0.0,0.10281272172076628
8377,0.27333359817847813,0.1656457432246662,0.0,0.0,0.10281272172076628
8378,0.27333359817847813,0.1666010168222101,0.0,0.0,0.10281272172076628
8379,0.27333359817847813,0.1656457432246662,0.0,0.0,0.10281272172076628
8380,0.27333359817847813,0.16284502274904283,0.0,0.0,0.10281272172076628
8381,0.27333359817847813,0.15838971986734435,0.0,0.0,0.10281272172076628
8382,0.27333359817847813,0.1525834561082223,0.0821020321024277,0.061323112821985236,0.10281272172076628
8383,0.3037448219526355,0.14582191875155642,0.2526983106186745,0.1887437693705493,0.11425171315071404
8384,0.3326310999805452,0.13856589539423456,0.4058756722468098,0.3031540024470875,0.12511710578529578
8385,0.3585439536632951,0.13130987203691272,0.5310753454429787,0.3966673234706889,0.1348640634678851
8386,0.38018400431457827,0.1245483346802468,0.6196671074863269,0.46283770293346554,0.14300383304052613
8387,0.39646612943375714,0.11874207092112478,0.665544180154925,0.49710390598784365,0.14912825246812889
8388,0.4065738752791227,0.11428676803942628,0.665544180154925,0.49710390598784365,0.15293021778724503
8389,0.41000039726771714,0.11148604756380294,0.6196671074863269,0.46283770293346554,0.15421908258114939
8390,0.4065738752791227,0.11053077396625903,0.5310753454429787,0.39666732347068895,0.15293021778724503
8391,0.39646612943375714,0.11148604756380293,0.40587567224680987,0.30315400244708757,0.14912825246812889
8392,0.38018400431457827,0.11428676803942628,0.2526983106186745,0.1887437693705493,0.14300383304052613
8393,0.3585439536632951,0.11874207092112475,0.08210203210242796,0.06132311282198544,0.1348640634678851
8394,0.3326310999805452,0.12454833468024677,0.0,0.0,0.12511710578529578
8395,0.3037448219526355,0.1313098720369127,0.0,0.0,0.11425171315071404
8396,0.27333359817847813,0.13856589539423456,0.0,0.0,0.10281272172076628
8397,0.27333359817847813,0.14582191875155642,0.0,0.0,0.10281272172076628
8398,0.27333359817847813,0.1525834561082223,0.0,0.0,0.10281272172076628
8399,0.27333359817847813,0.15838971986734435,0.0,0.0,0.10281272172076628
8400,0.27333359817847813,0.15654907227510306,0.0,0.0,0.10281272172076628
8401,0.27333359817847813,0.1593497927507264,0.0,0.0,0.10281272172076628
8402,0.27333359817847813,0.16030506634827033,0.0,0.0,0.10281272172076628
8403,0.27333359817847813,0.1593497927507264,0.0,0.0,0.10281272172076628
8404,0.27333359817847813,0.15654907227510306,0.0,0.0,0.10281272172076628
8405,0.27333359817847813,0.15209376939340458,0.0,0.0,0.10281272172076628
8406,0.27333359817847813,0.14628750563428256,0.08321106600800664,0.06215146517300109,0.10281272172076628
8407,0.3037448219526355,0.13952596827761662,0.2535451799102492,0.1893763074427851,0.11425171315071404
8408,0.3326310999805452,0.13226994492029479,0.40644192384588435,0.30357694338784713,0.12511710578529578
8409,0.3585439536632951,0.12501392156297295,0.5313859447262076,0.3968993142558147,0.1348640634678851
8410,0.38018400431457827,0.11825238420630703,0.619784315965208,0.4629252475238984,0.14300383304052613
8411,0.39646612943375714,0.11244612044718501,0.665557509234697,0.4971138616569269,0.14912825246812889
8412,0.4065738752791227,0.1079908175654865,0.665557509234697,0.4971138616569269,0.15293021778724503
8413,0.41000039726771714,0.10519009708986317,0.619784315965208,0.4629252475238984,0.15421908258114939
8414,0.4065738752791227,0.10423482349231925,0.5313859447262078,0.3968993142558149,0.15293021778724503
8415,0.39646612943375714,0.10519009708986314,0.40644192384588457,0.3035769433878473,0.14912825246812889
8416,0.38018400431457827,0.1079908175654865,0.25354517991024944,0.18937630744278527,0.14300383304052613
8417,0.3585439536632951,0.11244612044718498,0.08321106600800711,0.062151465173001436,0.1348640634678851
8418,0.3326310999805452,0.118252384206307,0.0,0.0,0.12511710578529578
8419,0.3037448219526355,0.12501392156297292,0.0,0.0,0.11425171315071404
8420,0.27333359817847813,0.13226994492029479,0.0,0.0,0.10281272172076628
8421,0.27333359817847813,0.13952596827761662,0.0,0.0,0.10281272172076628
8422,0.27333359817847813,0.14628750563428256,0.0,0.0,0.10281272172076628
8423,0.27333359817847813,0.15209376939340458,0.0,0.0,0.10281272172076628
8424,0.27333359817847813,0.14833029263314695,0.0,0.0,0.10281272172076628
8425,0.27333359817847813,0.15113101310877028,0.0,0.0,0.10281272172076628
8426,0.27333359817847813,0.1520862867063142,0.0,0.0,0.10281272172076628
8427,0.27333359817847813,0.15113101310877028,0.0,0.0,0.10281272172076628
8428,0.27333359817847813,0.14833029263314695,0.0,0.0,0.10281272172076628
8429,0.27333359817847813,0.14387498975144844,0.0,0.0,0.10281272172076628
8430,0.27333359817847813,0.13806872599232642,0.0843186360579989,0.06297872415057662,0.10281272172076628
8431,0.3037448219526355,0.13130718863566052,0.2543906376424007,0.19000779120228894,0.11425171315071404
8432,0.3326310999805452,0.12405116527833866,0.4070070902486549,0.3039990737808812,0.12511710578529578
8433,0.3585439536632951,0.11679514192101682,0.5316958947931288,0.3971308201325424,0.1348640634678851
8434,0.38018400431457827,0.1100336045643509,0.6199012665389164,0.4630125994814867,0.14300383304052613
8435,0.39646612943375714,0.10422734080522889,0.665570808271586,0.49712379488657643,0.14912825246812889
8436,0.4065738752791227,0.09977203792353039,0.665570808271586,0.49712379488657643,0.15293021778724503
8437,0.41000039726771714,0.09697131744790705,0.6199012665389164,0.4630125994814867,0.15421908258114939
8438,0.4065738752791227,0.09601604385036314,0.5316958947931291,0.3971308201325426,0.15293021778724503
8439,0.39646612943375714,0.09697131744790702,0.40700709024865495,0.30399907378088126,0.14912825246812889
8440,0.38018400431457827,0.09977203792353039,0.25439063764240105,0.19000779120228917,0.14300383304052613
8441,0.3585439536632951,0.10422734080522886,0.08431863605799911,0.06297872415057677,0.1348640634678851
8442,0.3326310999805452,0.11003360456435088,0.0,0.0,0.12511710578529578
8443,0.3037448219526355,0.1167951419210168,0.0,0.0,0.11425171315071404
8444,0.27333359817847813,0.12405116527833866,0.0,0.0,0.10281272172076628
8445,0.27333359817847813,0.13130718863566052,0.0,0.0,0.10281272172076628
8446,0.27333359817847813,0.13806872599232642,0.0,0.0,0.10281272172076628
8447,0.27333359817847813,0.14387498975144844,0.0,0.0,0.10281272172076628
8448,0.27333359817847813,0.14203434215920718,0.0,0.0,0.10281272172076628
8449,0.27333359817847813,0.14483506263483054,0.0,0.0,0.10281272172076628
8450,0.27333359817847813,0.14579033623237445,0.0,0.0,0.10281272172076628
8451,0.27333359817847813,0.14483506263483054,0.0,0.0,0.10281272172076628
8452,0.27333359817847813,0.14203434215920718,0.0,0.0,0.10281272172076628
8453,0.27333359817847813,0.1375790392775087,0.0,0.0,0.10281272172076628
8454,0.27333359817847813,0.13177277551838668,0.08542441272290457,0.06380464362469307,0.10281272172076628
8455,0.3037448219526355,0.12501123816172074,0.2552344341526285,0.19063803417277886,0.11425171315071404
8456,0.3326310999805452,0.1177552148043989,0.4075710055094993,0.304420269679171,0.12511710578529578
8457,0.3585439536632951,0.11049919144707705,0.5320051050092458,0.3973617734047464,0.1348640634678851
8458,0.38018400431457827,0.10373765409041115,0.6200179251007324,0.4630997333314621,0.14300383304052613
8459,0.39646612943375714,0.09793139033128914,0.6655840733922727,0.4971337027837579,0.14912825246812889
8460,0.4065738752791227,0.09347608744959063,0.6655840733922728,0.49713370278375796,0.15293021778724503
8461,0.41000039726771714,0.09067536697396729,0.6200179251007324,0.46309973333146215,0.15421908258114939
8462,0.4065738752791227,0.08972009337642338,0.5320051050092458,0.3973617734047464,0.15293021778724503
8463,0.39646612943375714,0.09067536697396726,0.4075710055094991,0.30442026967917085,0.14912825246812889
8464,0.38018400431457827,0.09347608744959063,0.25523443415262836,0.19063803417277878,0.14300383304052613
8465,0.3585439536632951,0.09793139033128911,0.08542441272290456,0.06380464362469306,0.1348640634678851
8466,0.3326310999805452,0.10373765409041114,0.0,0.0,0.12511710578529578
8467,0.3037448219526355,0.11049919144707704,0.0,0.0,0.11425171315071404
8468,0.27333359817847813,0.1177552148043989,0.0,0.0,0.10281272172076628
8469,0.27333359817847813,0.12501123816172074,0.0,0.0,0.10281272172076628
8470,0.27333359817847813,0.13177277551838668,0.0,0.0,0.10281272172076628
8471,0.27333359817847813,0.1375790392775087,0.0,0.0,0.10281272172076628
8472,0.27333359817847813,0.14060716605173543,0.0,0.0,0.10281272172076628
8473,0.27333359817847813,0.14340788652735875,0.0,0.0,0.10281272172076628
8474,0.27333359817847813,0.14436316012490266,0.0,0.0,0.10281272172076628
8475,0.27333359817847813,0.14340788652735875,0.0,0.0,0.10281272172076628
8476,0.27333359817847813,0.14060716605173543,0.0,0.0,0.10281272172076628
8477,0.27333359817847813,0.1361518631700369,0.0,0.0,0.10281272172076628
8478,0.27333359817847813,0.1303455994109149,0.08652806949790164,0.0646289797245043,0.10281272172076628
8479,0.3037448219526355,0.12358406205424897,0.25607632242358197,0.19126685185367112,0.11425171315071404
8480,0.3326310999805452,0.11632803869692712,0.40813350561225625,0.3048404085768381,0.12511710578529578
8481,0.3585439536632951,0.1090720153396053,0.532313485859596,0.3975921072124964,0.1348640634678851
8482,0.38018400431457827,0.10231047798293938,0.6201342579810165,0.4631866239255179,0.14300383304052613
8483,0.39646612943375714,0.09650421422381736,0.6655973007739495,0.4971435824931651,0.14912825246812889
8484,0.4065738752791227,0.09204891134211886,0.6655973007739495,0.49714358249316504,0.15293021778724503
8485,0.41000039726771714,0.08924819086649552,0.6201342579810165,0.4631866239255179,0.15421908258114939
8486,0.4065738752791227,0.08829291726895161,0.5323134858595959,0.3975921072124963,0.15293021778724503
8487,0.39646612943375714,0.08924819086649549,0.40813350561225625,0.3048404085768381,0.14912825246812889
8488,0.38018400431457827,0.09204891134211886,0.2560763224235821,0.1912668518536712,0.14300383304052613
8489,0.3585439536632951,0.09650421422381734,0.08652806949790152,0.06462897972450422,0.1348640634678851
8490,0.3326310999805452,0.10231047798293935,0.0,0.0,0.12511710578529578
8491,0.3037448219526355,0.10907201533960527,0.0,0.0,0.11425171315071404
8492,0.27333359817847813,0.11632803869692712,0.0,0.0,0.10281272172076628
8493,0.27333359817847813,0.12358406205424897,0.0,0.0,0.10281272172076628
8494,0.27333359817847813,0.1303455994109149,0.0,0.0,0.10281272172076628
8495,0.27333359817847813,0.1361518631700369,0.0,0.0,0.10281272172076628
8496,0.27333359817847813,0.14471655587271343,0.0,0.0,0.10281272172076628
8497,0.27333359817847813,0.14751727634833675,0.0,0.0,0.10281272172076628
8498,0.27333359817847813,0.1484725499458807,0.0,0.0,0.10281272172076628
8499,0.27333359817847813,0.14751727634833675,0.0,0.0,0.10281272172076628
8500,0.27333359817847813,0.14471655587271343,0.0,0.0,0.10281272172076628
8501,0.27333359817847813,0.14026125299101494,0.0,0.0,0.10281272172076628
8502,0.27333359817847813,0.1344549892318929,0.08762928298717833,0.06545149090132585,0.10281272172076628
8503,0.3037448219526355,0.127693451875227,0.256916058140196,0.19189406176275509,0.11425171315071404
8504,0.3326310999805452,0.12043742851790515,0.40869442850481996,0.30525936943498355,0.12511710578529578
8505,0.3585439536632951,0.1131814051605833,0.5326209489663175,0.3978217555451778,0.1348640634678851
8506,0.38018400431457827,0.10641986780391739,0.6202502319534958,0.46327324644650364,0.14300383304052613
8507,0.39646612943375714,0.10061360404479537,0.665610486645016,0.4971534311977386,0.14912825246812889
8508,0.4065738752791227,0.09615830116309686,0.665610486645016,0.4971534311977386,0.15293021778724503
8509,0.41000039726771714,0.09335758068747352,0.6202502319534959,0.4632732464465037,0.15421908258114939
8510,0.4065738752791227,0.09240230708992961,0.5326209489663175,0.3978217555451778,0.15293021778724503
8511,0.39646612943375714,0.0933575806874735,0.40869442850482013,0.30525936943498366,0.14912825246812889
8512,0.38018400431457827,0.09615830116309686,0.2569160581401961,0.19189406176275514,0.14300383304052613
8513,0.3585439536632951,0.10061360404479534,0.0876292829871786,0.06545149090132606,0.1348640634678851
8514,0.3326310999805452,0.10641986780391738,0.0,0.0,0.12511710578529578
8515,0.3037448219526355,0.11318140516058328,0.0,0.0,0.11425171315071404
8516,0.27333359817847813,0.12043742851790515,0.0,0.0,0.10281272172076628
8517,0.27333359817847813,0.127693451875227,0.0,0.0,0.10281272172076628
8518,0.27333359817847813,0.1344549892318929,0.0,0.0,0.10281272172076628
8519,0.27333359817847813,0.14026125299101494,0.0,0.0,0.10281272172076628
8520,0.27333359817847813,0.15243968245412495,0.0,0.0,0.10281272172076628
8521,0.27333359817847813,0.15524040292974828,0.0,0.0,0.10281272172076628
8522,0.27333359817847813,0.15619567652729222,0.0,0.0,0.10281272172076628
8523,0.27333359817847813,0.15524040292974828,0.0,0.0,0.10281272172076628
8524,0.27333359817847813,0.15243968245412495,0.0,0.0,0.10281272172076628
8525,0.27333359817847813,0.14798437957242647,0.0,0.0,0.10281272172076628
8526,0.27333359817847813,0.14217811581330442,0.08872773298438862,0.066271937988728,0.10281272172076628
8527,0.3037448219526355,0.13541657845663854,0.25775339974356454,0.19251948347643263,0.11425171315071404
8528,0.3326310999805452,0.12816055509931668,0.40925361413141526,0.30567703270579466,0.12511710578529578
8529,0.3585439536632951,0.12090453174199484,0.5329274071048891,0.39805065325362177,0.1348640634678851
8530,0.38018400431457827,0.11414299438532892,0.6203658142410371,0.4633595764127373,0.14300383304052613
8531,0.39646612943375714,0.1083367306262069,0.6656236272857154,0.49716324611914225,0.14912825246812889
8532,0.4065738752791227,0.1038814277445084,0.6656236272857154,0.49716324611914225,0.15293021778724503
8533,0.41000039726771714,0.10108070726888504,0.6203658142410371,0.4633595764127373,0.15421908258114939
8534,0.4065738752791227,0.10012543367134115,0.5329274071048893,0.39805065325362193,0.15293021778724503
8535,0.39646612943375714,0.10108070726888504,0.4092536141314155,0.3056770327057948,0.14912825246812889
8536,0.38018400431457827,0.1038814277445084,0.2577533997435647,0.19251948347643275,0.14300383304052613
8537,0.3585439536632951,0.10833673062620687,0.08872773298438874,0.0662719379887281,0.1348640634678851
8538,0.3326310999805452,0.1141429943853289,0.0,0.0,0.12511710578529578
8539,0.3037448219526355,0.12090453174199481,0.0,0.0,0.11425171315071404
8540,0.27333359817847813,0.12816055509931668,0.0,0.0,0.10281272172076628
8541,0.27333359817847813,0.13541657845663854,0.0,0.0,0.10281272172076628
8542,0.27333359817847813,0.14217811581330442,0.0,0.0,0.10281272172076628
8543,0.27333359817847813,0.14798437957242647,0.0,0.0,0.10281272172076628
8544,0.27333359817847813,0.16016280903553642,0.0,0.0,0.10281272172076628
8545,0.27333359817847813,0.16296352951115978,0.0,0.0,0.10281272172076628
8546,0.27333359817847813,0.16391880310870366,0.0,0.0,0.10281272172076628
8547,0.27333359817847813,0.16296352951115978,0.0,0.0,0.10281272172076628
8548,0.27333359817847813,0.16016280903553642,0.0,0.0,0.10281272172076628
8549,0.27333359817847813,0.1557075061538379,0.0,0.0,0.10281272172076628
8550,0.27333359817847813,0.14990124239471592,0.0898231025492526,0.06709008425974992,0.10281272172076628
8551,0.3037448219526355,0.14313970503804999,0.25858810848159147,0.19314293866754975,0.11425171315071404
8552,0.3326310999805452,0.13588368168072815,0.4098109044625863,0.30609328035494376,0.12511710578529578
8553,0.3585439536632951,0.12862765832340628,0.5332327742190688,0.39827873606126296,0.1348640634678851
8554,0.38018400431457827,0.1218661209667404,0.6204809725209166,0.46344558968194144,0.14300383304052613
8555,0.39646612943375714,0.11605985720761837,0.6656367190287138,0.4971730245181949,0.14912825246812889
8556,0.4065738752791227,0.11160455432591987,0.6656367190287138,0.4971730245181949,0.15293021778724503
8557,0.41000039726771714,0.10880383385029652,0.6204809725209166,0.46344558968194144,0.15421908258114939
8558,0.4065738752791227,0.1078485602527526,0.533232774219069,0.39827873606126313,0.15293021778724503
8559,0.39646612943375714,0.1088038338502965,0.4098109044625866,0.306093280354944,0.14912825246812889
8560,0.38018400431457827,0.11160455432591987,0.2585881084815916,0.19314293866754983,0.14300383304052613
8561,0.3585439536632951,0.11605985720761834,0.08982310254925302,0.06709008425975023,0.1348640634678851
8562,0.3326310999805452,0.12186612096674038,0.0,0.0,0.12511710578529578
8563,0.3037448219526355,0.12862765832340628,0.0,0.0,0.11425171315071404
8564,0.27333359817847813,0.13588368168072815,0.0,0.0,0.10281272172076628
8565,0.27333359817847813,0.14313970503804999,0.0,0.0,0.10281272172076628
8566,0.27333359817847813,0.14990124239471592,0.0,0.0,0.10281272172076628
8567,0.27333359817847813,0.1557075061538379,0.0,0.0,0.10281272172076628
8568,0.27333359817847813,0.16427219885651456,0.0,0.0,0.10281272172076628
8569,0.27333359817847813,0.16707291933213791,0.0,0.0,0.10281272172076628
8570,0.27333359817847813,0.1680281929296818,0.0,0.0,0.10281272172076628
8571,0.27333359817847813,0.16707291933213791,0.0,0.0,0.10281272172076628
8572,0.27333359817847813,0.16427219885651456,0.0,0.0,0.10281272172076628
8573,0.27333359817847813,0.15981689597481605,0.0,0.0,0.10281272172076628
8574,0.27333359817847813,0.15401063221569403,0.09091507808033326,0.0679056954812574,0.10281272172076628
8575,0.3037448219526355,0.14724909485902812,0.2594199484564606,0.19376425114085247,0.11425171315071404
8576,0.3326310999805452,0.13999307150170626,0.4103661435229376,0.30650799588230876,0.12511710578529578
8577,0.3585439536632951,0.13273704814438442,0.5335369654345549,0.3985059405743429,0.1348640634678851
8578,0.38018400431457827,0.12597551078771854,0.6205956749295982,0.46353126245481224,0.14300383304052613
8579,0.39646612943375714,0.12016924702859648,0.6656497582596226,0.49718276369526093,0.14912825246812889
8580,0.4065738752791227,0.11571394414689799,0.6656497582596226,0.497182763695261,0.15293021778724503
8581,0.41000039726771714,0.11291322367127465,0.6205956749295983,0.4635312624548123,0.15421908258114939
8582,0.4065738752791227,0.11195795007373074,0.5335369654345549,0.39850594057434297,0.15293021778724503
8583,0.39646612943375714,0.11291322367127463,0.4103661435229376,0.30650799588230876,0.14912825246812889
8584,0.38018400431457827,0.11571394414689799,0.25941994845646066,0.1937642511408525,0.14300383304052613
8585,0.3585439536632951,0.12016924702859648,0.09091507808033306,0.06790569548125724,0.1348640634678851
8586,0.3326310999805452,0.12597551078771851,0.0,0.0,0.12511710578529578
8587,0.3037448219526355,0.13273704814438442,0.0,0.0,0.11425171315071404
8588,0.27333359817847813,0.13999307150170626,0.0,0.0,0.10281272172076628
8589,0.27333359817847813,0.14724909485902812,0.0,0.0,0.10281272172076628
8590,0.27333359817847813,0.15401063221569403,0.0,0.0,0.10281272172076628
8591,0.27333359817847813,0.15981689597481605,0.0,0.0,0.10281272172076628
8592,0.27333359817847813,0.1628450227490428,0.0,0.0,0.10281272172076628
8593,0.27333359817847813,0.16564574322466616,0.0,0.0,0.10281272172076628
8594,0.27333359817847813,0.16660101682221004,0.0,0.0,0.10281272172076628
8595,0.27333359817847813,0.16564574322466616,0.0,0.0,0.10281272172076628
8596,0.27333359817847813,0.1628450227490428,0.0,0.0,0.10281272172076628
8597,0.27333359817847813,0.1583897198673443,0.0,0.0,0.10281272172076628
8598,0.27333359817847813,0.15258345610822227,0.09200334938402342,0.0687185399654702,0.10281272172076628
8599,0.3037448219526355,0.14582191875155637,0.26024868666896994,0.19438324686610076,0.11425171315071404
8600,0.3326310999805452,0.1385658953942345,0.41091917741666784,0.30692106434104427,0.12511710578529578
8601,0.3585439536632951,0.13130987203691266,0.5338398970713941,0.3987322042911784,0.1348640634678851
8602,0.38018400431457827,0.12454833468024674,0.6207098900670295,0.4636165712782277,0.14300383304052613
8603,0.39646612943375714,0.11874207092112474,0.6656627414174648,0.49719246099059894,0.14912825246812889
8604,0.4065738752791227,0.11428676803942624,0.6656627414174648,0.49719246099059894,0.15293021778724503
8605,0.41000039726771714,0.1114860475638029,0.6207098900670297,0.4636165712782278,0.15421908258114939
8606,0.4065738752791227,0.11053077396625899,0.533839897071394,0.39873220429117834,0.15293021778724503
8607,0.39646612943375714,0.11148604756380287,0.41091917741666767,0.30692106434104416,0.14912825246812889
8608,0.38018400431457827,0.11428676803942624,0.2602486866689697,0.19438324686610056,0.14300383304052613
8609,0.3585439536632951,0.11874207092112471,0.09200334938402335,0.06871853996547014,0.1348640634678851
8610,0.3326310999805452,0.12454833468024674,0.0,0.0,0.12511710578529578
8611,0.3037448219526355,0.13130987203691263,0.0,0.0,0.11425171315071404
8612,0.27333359817847813,0.1385658953942345,0.0,0.0,0.10281272172076628
8613,0.27333359817847813,0.14582191875155637,0.0,0.0,0.10281272172076628
8614,0.27333359817847813,0.15258345610822227,0.0,0.0,0.10281272172076628
8615,0.27333359817847813,0.1583897198673443,0.0,0.0,0.10281272172076628
8616,0.27333359817847813,0.15654907227510298,0.0,0.0,0.10281272172076628
8617,0.27333359817847813,0.1593497927507263,0.0,0.0,0.10281272172076628
8618,0.27333359817847813,0.16030506634827024,0.0,0.0,0.10281272172076628
8619,0.27333359817847813,0.1593497927507263,0.0,0.0,0.10281272172076628
8620,0.27333359817847813,0.15654907227510298,0.0,0.0,0.10281272172076628
8621,0.27333359817847813,0.15209376939340447,0.0,0.0,0.10281272172076628
8622,0.27333359817847813,0.14628750563428244,0.09308760973977896,0.06952838861868565,0.10281272172076628
8623,0.3037448219526355,0.13952596827761654,0.26107409305977874,0.19499975400887654,0.11425171315071404
8624,0.3326310999805452,0.13226994492029467,0.4114698543509372,0.30733237235503513,0.12511710578529578
8625,0.3585439536632951,0.12501392156297286,0.5341414866551655,0.39895746561051426,0.1348640634678851
8626,0.38018400431457827,0.11825238420630695,0.6208235870004658,0.4637014930481046,0.14300383304052613
8627,0.39646612943375714,0.11244612044718491,0.6656756649950889,0.49720211378467,0.14912825246812889
8628,0.4065738752791227,0.10799081756548641,0.6656756649950889,0.49720211378467,0.15293021778724503
8629,0.41000039726771714,0.10519009708986307,0.6208235870004658,0.4637014930481046,0.15421908258114939
8630,0.4065738752791227,0.10423482349231916,0.5341414866551656,0.3989574656105144,0.15293021778724503
8631,0.39646612943375714,0.10519009708986304,0.4114698543509373,0.3073323723550352,0.14912825246812889
8632,0.38018400431457827,0.10799081756548641,0.2610740930597787,0.1949997540088765,0.14300383304052613
8633,0.3585439536632951,0.1124461204471849,0.09308760973977913,0.06952838861868578,0.1348640634678851
8634,0.3326310999805452,0.11825238420630692,0.0,0.0,0.12511710578529578
8635,0.3037448219526355,0.12501392156297284,0.0,0.0,0.11425171315071404
8636,0.27333359817847813,0.13226994492029467,0.0,0.0,0.10281272172076628
8637,0.27333359817847813,0.13952596827761654,0.0,0.0,0.10281272172076628
8638,0.27333359817847813,0.14628750563428244,0.0,0.0,0.10281272172076628
8639,0.27333359817847813,0.15209376939340447,0.0,0.0,0.10281272172076628
8640,0.27333359817847813,0.14833029263314704,0.0,0.0,0.10281272172076628
8641,0.27333359817847813,0.15113101310877036,0.0,0.0,0.10281272172076628
8642,0.27333359817847813,0.1520862867063143,0.0,0.0,0.10281272172076628
8643,0.27333359817847813,0.15113101310877036,0.0,0.0,0.10281272172076628
8644,0.27333359817847813,0.14833029263314704,0.0,0.0,0.10281272172076628
8645,0.27333359817847813,0.14387498975144852,0.0,0.0,0.10281272172076628
8646,0.27333359817847813,0.1380687259923265,0.09416755596164225,0.0703350149872313,0.10281272172076628
8647,0.3037448219526355,0.1313071886356606,0.261895940547618,0.1956136029591237,0.11425171315071404
8648,0.3326310999805452,0.12405116527833873,0.4120180246571124,0.30774180813476476,0.12511710578529578
8649,0.3585439536632951,0.1167951419210169,0.5344416529269657,0.3991816638389819,0.1348640634678851
8650,0.38018400431457827,0.110033604564351,0.6209367352678352,0.46378600501191136,0.14300383304052613
8651,0.39646612943375714,0.10422734080522897,0.6656885255395283,0.4972117194984071,0.14912825246812889
8652,0.4065738752791227,0.09977203792353048,0.6656885255395283,0.4972117194984071,0.15293021778724503
8653,0.41000039726771714,0.09697131744790713,0.6209367352678352,0.4637860050119114,0.15421908258114939
8654,0.4065738752791227,0.09601604385036322,0.5344416529269659,0.3991816638389821,0.15293021778724503
8655,0.39646612943375714,0.0969713174479071,0.41201802465711246,0.3077418081347648,0.14912825246812889
8656,0.38018400431457827,0.09977203792353048,0.261895940547618,0.1956136029591237,0.14300383304052613
8657,0.3585439536632951,0.10422734080522895,0.09416755596164245,0.07033501498723144,0.1348640634678851
8658,0.3326310999805452,0.11003360456435098,0.0,0.0,0.12511710578529578
8659,0.3037448219526355,0.11679514192101689,0.0,0.0,0.11425171315071404
8660,0.27333359817847813,0.12405116527833873,0.0,0.0,0.10281272172076628
8661,0.27333359817847813,0.1313071886356606,0.0,0.0,0.10281272172076628
8662,0.27333359817847813,0.1380687259923265,0.0,0.0,0.10281272172076628
8663,0.27333359817847813,0.14387498975144852,0.0,0.0,0.10281272172076628
8664,0.27333359817847813,0.14203434215920718,0.0,0.0,0.10281272172076628
8665,0.27333359817847813,0.14483506263483054,0.0,0.0,0.10281272172076628
8666,0.27333359817847813,0.14579033623237445,0.0,0.0,0.10281272172076628
8667,0.27333359817847813,0.14483506263483054,0.0,0.0,0.10281272172076628
8668,0.27333359817847813,0.14203434215920718,0.0,0.0,0.10281272172076628
8669,0.27333359817847813,0.1375790392775087,0.0,0.0,0.10281272172076628
8670,0.27333359817847813,0.13177277551838668,0.09524288845610024,0.07113819530067989,0.10281272172076628
8671,0.3037448219526355,0.12501123816172074,0.2627140050645186,0.19622462635746016,0.11425171315071404
8672,0.3326310999805452,0.1177552148043989,0.41256354080993285,0.3081492614916304,0.12511710578529578
8673,0.3585439536632951,0.11049919144707705,0.5347403158522238,0.39940473919768316,0.1348640634678851
8674,0.38018400431457827,0.10373765409041115,0.6210493048806548,0.46387008477084657,0.14300383304052613
8675,0.39646612943375714,0.09793139033128914,0.6657013196523105,0.49722127559344537,0.14912825246812889
8676,0.4065738752791227,0.09347608744959063,0.6657013196523105,0.49722127559344537,0.15293021778724503
8677,0.41000039726771714,0.09067536697396729,0.6210493048806548,0.46387008477084657,0.15421908258114939
8678,0.4065738752791227,0.08972009337642338,0.5347403158522239,0.39940473919768327,0.15293021778724503
8679,0.39646612943375714,0.09067536697396726,0.41256354080993285,0.3081492614916304,0.14912825246812889
8680,0.38018400431457827,0.09347608744959063,0.26271400506451875,0.19622462635746027,0.14300383304052613
8681,0.3585439536632951,0.09793139033128911,0.0952428884561005,0.07113819530068008,0.1348640634678851
8682,0.3326310999805452,0.10373765409041114,0.0,0.0,0.12511710578529578
8683,0.3037448219526355,0.11049919144707704,0.0,0.0,0.11425171315071404
8684,0.27333359817847813,0.1177552148043989,0.0,0.0,0.10281272172076628
8685,0.27333359817847813,0.12501123816172074,0.0,0.0,0.10281272172076628
8686,0.27333359817847813,0.13177277551838668,0.0,0.0,0.10281272172076628
8687,0.27333359817847813,0.1375790392775087,0.0,0.0,0.10281272172076628
8688,0.27333359817847813,0.14060716605173543,0.0,0.0,0.10281272172076628
8689,0.27333359817847813,0.14340788652735875,0.0,0.0,0.10281272172076628
8690,0.27333359817847813,0.14436316012490266,0.0,0.0,0.10281272172076628
8691,0.27333359817847813,0.14340788652735875,0.0,0.0,0.10281272172076628
8692,0.27333359817847813,0.14060716605173543,0.0,0.0,0.10281272172076628
8693,0.27333359817847813,0.1361518631700369,0.0,0.0,0.10281272172076628
8694,0.27333359817847813,0.1303455994109149,0.09631331127632617,0.07193770851236324,0.10281272172076628
8695,0.3037448219526355,0.12358406205424897,0.2635280655881118,0.196832659119304,0.11425171315071404
8696,0.3326310999805452,0.11632803869692712,0.4131062574446469,0.3085546238507425,0.12511710578529578
8697,0.3585439536632951,0.1090720153396053,0.5350373966283757,0.39962663282792216,0.1348640634678851
8698,0.38018400431457827,0.10231047798293938,0.6211612663265099,0.4639537102816905,0.14300383304052613
8699,0.39646612943375714,0.09650421422381734,0.6657140439897162,0.4972307795723157,0.14912825246812889
8700,0.4065738752791227,0.09204891134211884,0.6657140439897162,0.4972307795723157,0.15293021778724503
8701,0.41000039726771714,0.08924819086649549,0.62116126632651,0.4639537102816906,0.15421908258114939
8702,0.4065738752791227,0.08829291726895158,0.5350373966283757,0.39962663282792216,0.15293021778724503
8703,0.39646612943375714,0.08924819086649546,0.4131062574446469,0.3085546238507425,0.14912825246812889
8704,0.38018400431457827,0.09204891134211884,0.2635280655881117,0.19683265911930395,0.14300383304052613
8705,0.3585439536632951,0.09650421422381732,0.09631331127632642,0.07193770851236342,0.1348640634678851
8706,0.3326310999805452,0.10231047798293935,0.0,0.0,0.12511710578529578
8707,0.3037448219526355,0.10907201533960527,0.0,0.0,0.11425171315071404
8708,0.27333359817847813,0.11632803869692712,0.0,0.0,0.10281272172076628
8709,0.27333359817847813,0.12358406205424897,0.0,0.0,0.10281272172076628
8710,0.27333359817847813,0.1303455994109149,0.0,0.0,0.10281272172076628
8711,0.27333359817847813,0.1361518631700369,0.0,0.0,0.10281272172076628
8712,0.27333359817847813,0.14471655587271343,0.0,0.0,0.10281272172076628
8713,0.27333359817847813,0.14751727634833675,0.0,0.0,0.10281272172076628
8714,0.27333359817847813,0.1484725499458807,0.0,0.0,0.10281272172076628
8715,0.27333359817847813,0.14751727634833675,0.0,0.0,0.10281272172076628
8716,0.27333359817847813,0.14471655587271343,0.0,0.0,0.10281272172076628
8717,0.27333359817847813,0.14026125299101494,0.0,0.0,0.10281272172076628
8718,0.27333359817847813,0.1344549892318929,0.09737853217285876,0.07273333633722524,0.10281272172076628
8719,0.3037448219526355,0.127693451875227,0.2643379041710618,0.1974375384568566,0.11425171315071404
8720,0.3326310999805452,0.12043742851790515,0.41364603137216327,0.3089577882622416,0.12511710578529578
8721,0.3585439536632951,0.1131814051605833,0.5353328176914266,0.39984728679610726,0.1348640634678851
8722,0.38018400431457827,0.10641986780391739,0.6212725905711096,0.4640368598583403,0.14300383304052613
8723,0.39646612943375714,0.10061360404479537,0.6657266952629891,0.4972402289786019,0.14912825246812889
8724,0.4065738752791227,0.09615830116309686,0.665726695262989,0.4972402289786018,0.15293021778724503
8725,0.41000039726771714,0.09335758068747352,0.6212725905711096,0.4640368598583403,0.15421908258114939
8726,0.4065738752791227,0.09240230708992961,0.5353328176914267,0.3998472867961073,0.15293021778724503
8727,0.39646612943375714,0.0933575806874735,0.4136460313721632,0.3089577882622415,0.14912825246812889
8728,0.38018400431457827,0.09615830116309686,0.26433790417106184,0.19743753845685666,0.14300383304052613
8729,0.3585439536632951,0.10061360404479534,0.09737853217285898,0.07273333633722541,0.1348640634678851
8730,0.3326310999805452,0.10641986780391738,0.0,0.0,0.12511710578529578
8731,0.3037448219526355,0.11318140516058328,0.0,0.0,0.11425171315071404
8732,0.27333359817847813,0.12043742851790515,0.0,0.0,0.10281272172076628
8733,0.27333359817847813,0.127693451875227,0.0,0.0,0.10281272172076628
8734,0.27333359817847813,0.1344549892318929,0.0,0.0,0.10281272172076628
8735,0.27333359817847813,0.14026125299101494,0.0,0.0,0.10281272172076628
8736,0.27333359817847813,0.15243968245412495,0.0,0.0,0.10281272172076628
8737,0.27333359817847813,0.15524040292974828,0.0,0.0,0.10281272172076628
8738,0.27333359817847813,0.15619567652729222,0.0,0.0,0.10281272172076628
8739,0.27333359817847813,0.15524040292974828,0.0,0.0,0.10281272172076628
8740,0.27333359817847813,0.15243968245412495,0.0,0.0,0.10281272172076628
8741,0.27333359817847813,0.14798437957242647,0.0,0.0,0.10281272172076628
8742,0.27333359817847813,0.14217811581330442,0.09843826264077314,0.07352486328705438,0.10281272172076628
8743,0.3037448219526355,0.13541657845663854,0.2651433059676892,0.19803910389898838,0.11425171315071404
8744,0.3326310999805452,0.12816055509931668,0.4141827215922675,0.3093586494111696,0.12511710578529578
8745,0.3585439536632951,0.12090453174199484,0.535626502721432,0.40006664409784465,0.1348640634678851
8746,0.38018400431457827,0.11414299438532892,0.621383249059927,0.4641195121730357,0.14300383304052613
8747,0.39646612943375714,0.1083367306262069,0.6657392702384989,0.4972496213970618,0.14912825246812889
8748,0.4065738752791227,0.1038814277445084,0.6657392702384989,0.4972496213970618,0.15293021778724503
8749,0.41000039726771714,0.10108070726888504,0.621383249059927,0.46411951217303576,0.15421908258114939
8750,0.4065738752791227,0.10012543367134114,0.5356265027214321,0.40006664409784476,0.15293021778724503
8751,0.39646612943375714,0.10108070726888504,0.41418272159226766,0.3093586494111697,0.14912825246812889
8752,0.38018400431457827,0.1038814277445084,0.2651433059676892,0.19803910389898838,0.14300383304052613
8753,0.3585439536632951,0.10833673062620687,0.09843826264077304,0.0735248632870543,0.1348640634678851
8754,0.3326310999805452,0.1141429943853289,0.0,0.0,0.12511710578529578
8755,0.3037448219526355,0.12090453174199481,0.0,0.0,0.11425171315071404
8756,0.27333359817847813,0.12816055509931668,0.0,0.0,0.10281272172076628
8757,0.27333359817847813,0.13541657845663854,0.0,0.0,0.10281272172076628
8758,0.27333359817847813,0.14217811581330442,0.0,0.0,0.10281272172076628
8759,0.27333359817847813,0.14798437957242647,0.0,0.0,0.10281272172076628
