,Tamil_Nadu_demand
0,16322.58
1,15790.42
2,15352.19
3,15113.08
4,14941.89
5,15064.75
6,15289.11
7,16576.47
8,17029.69
9,17919.48
10,18111.48
11,17969.91
12,17819.64
13,17963.7
14,17404.86
15,18132.95
16,18439.46
17,18909.75
18,17935.28
19,17869.06
20,17226.79
21,17072.65
22,17387.97
23,16997.89
24,16315.27
25,15874.31
26,15583.64
27,15260.73
28,15157.08
29,15210.72
30,15524.98
31,16561.74
32,17463.59
33,17776.19
34,18490.75
35,18504.41
36,18541.82
37,18228.55
38,17640.24
39,18721.71
40,18993.79
41,19000.97
42,18116.14
43,18137.72
44,17551.43
45,17494.89
46,17692.55
47,17408.67
48,16669.9
49,16075.42
50,15757.83
51,15475.66
52,15208.52
53,15423.46
54,15526.02
55,16465.0
56,16913.04
57,16594.89
58,16902.96
59,16352.17
60,15936.57
61,15830.89
62,15580.17
63,16109.84
64,16668.84
65,16599.86
66,16573.36
67,16964.5
68,16277.2
69,16357.74
70,16415.7
71,15858.27
72,15096.96
73,14438.02
74,13991.92
75,13799.6
76,13806.56
77,13982.04
78,14437.43
79,15724.18
80,15881.58
81,15875.31
82,16724.26
83,16770.91
84,16634.2
85,16087.86
86,15713.6
87,16321.13
88,17035.14
89,17413.04
90,16800.89
91,17001.97
92,16394.83
93,16220.2
94,15922.96
95,15538.87
96,14478.0
97,13936.31
98,13382.83
99,13089.32
100,13024.58
101,13229.91
102,13468.15
103,14733.97
104,15344.86
105,15385.75
106,15839.86
107,15574.23
108,15658.91
109,15450.39
110,15076.47
111,15895.36
112,16279.54
113,16556.49
114,16059.49
115,16462.55
116,16058.45
117,15934.0
118,16016.99
119,15693.97
120,14784.42
121,14344.78
122,13862.53
123,13576.52
124,13493.79
125,13564.86
126,13675.34
127,14011.89
128,13970.76
129,14023.31
130,14054.7
131,14227.71
132,14310.79
133,14262.51
134,13682.17
135,14258.87
136,14649.47
137,14986.36
138,14532.86
139,13808.8
140,13949.06
141,14125.6
142,14175.23
143,13935.08
144,13062.54
145,12625.85
146,12396.15
147,12510.26
148,12282.12
149,12858.91
150,13564.3
151,14790.32
152,15082.93
153,14884.91
154,15518.04
155,15651.35
156,15936.03
157,15733.87
158,15454.26
159,16048.97
160,16909.87
161,17423.18
162,17228.62
163,17665.71
164,17146.25
165,17041.72
166,17435.02
167,17054.11
168,16073.38
169,15468.05
170,15054.15
171,14741.87
172,14486.82
173,14763.33
174,15221.2
175,16170.02
176,16749.06
177,16746.15
178,17033.31
179,17666.27
180,17393.91
181,16455.63
182,16291.32
183,17060.38
184,17689.7
185,18245.94
186,17722.42
187,17934.74
188,17496.94
189,17277.37
190,17580.66
191,17481.55
192,16535.65
193,15790.54
194,15268.24
195,14963.34
196,14867.19
197,15108.0
198,15312.09
199,16627.14
200,16880.93
201,17007.8
202,17700.28
203,17402.74
204,17453.96
205,16985.18
206,16785.7
207,17365.95
208,18340.17
209,18696.3
210,17887.89
211,18109.54
212,17529.74
213,17276.11
214,17578.51
215,17302.9
216,16421.86
217,15830.63
218,15442.55
219,15005.06
220,14857.66
221,14963.25
222,15073.96
223,16064.05
224,16609.66
225,16791.75
226,17611.45
227,18218.64
228,18031.8
229,17611.26
230,17672.96
231,18621.82
232,18869.52
233,18684.78
234,18381.16
235,18303.59
236,17380.02
237,17371.73
238,17805.0
239,17684.19
240,16632.24
241,15772.0
242,15352.22
243,15064.29
244,14726.94
245,14800.91
246,15573.56
247,16598.46
248,17212.06
249,16900.99
250,17197.11
251,17185.85
252,17073.44
253,16914.84
254,16701.2
255,17636.21
256,17744.65
257,17097.95
258,17449.92
259,16604.35
260,15860.69
261,15784.48
262,16006.14
263,16154.16
264,15198.39
265,14742.95
266,14424.77
267,14174.27
268,14072.54
269,14057.86
270,14446.48
271,15151.67
272,15709.56
273,15633.0
274,16087.9
275,15829.7
276,15607.18
277,15860.73
278,15378.89
279,16367.4
280,16933.42
281,17218.82
282,16797.54
283,16835.12
284,16404.28
285,16739.79
286,16942.19
287,16769.05
288,15896.61
289,15361.17
290,15018.31
291,14648.44
292,14492.01
293,14694.68
294,14950.77
295,15357.28
296,15023.6
297,14704.94
298,14736.07
299,15122.35
300,15007.35
301,14835.84
302,14591.39
303,15227.25
304,14440.33
305,14823.93
306,15310.75
307,16490.82
308,15767.46
309,16154.38
310,16126.22
311,15857.98
312,14959.1
313,14587.46
314,14121.56
315,13536.44
316,13796.38
317,13886.69
318,14446.26
319,15233.17
320,15517.18
321,14208.56
322,14275.64
323,14602.41
324,15792.53
325,15575.87
326,15322.66
327,16101.95
328,16650.36
329,16724.39
330,16449.52
331,16259.48
332,16201.97
333,15775.64
334,15754.21
335,14889.47
336,14193.01
337,13640.72
338,13333.39
339,13179.32
340,12931.62
341,12979.89
342,13622.55
343,14770.44
344,15364.83
345,15845.26
346,16418.58
347,16639.19
348,16717.69
349,16570.06
350,16581.95
351,17420.01
352,17975.78
353,18418.81
354,17666.96
355,17984.72
356,17429.19
357,17426.88
358,17788.28
359,17503.87
360,16621.54
361,15848.25
362,15461.51
363,15166.22
364,14954.02
365,15082.0
366,15053.89
367,15991.74
368,16340.44
369,16630.58
370,16939.11
371,16360.63
372,15847.69
373,15746.17
374,15583.98
375,16322.37
376,16994.74
377,18740.31
378,16837.35
379,17389.3
380,16949.1
381,16897.37
382,17459.75
383,17288.58
384,16687.99
385,16111.49
386,15029.43
387,14665.02
388,14691.19
389,14759.9
390,15103.14
391,16185.4
392,16597.65
393,17073.86
394,17319.54
395,17319.54
396,17336.92
397,16944.98
398,16757.08
399,17532.28
400,18136.41
401,18462.47
402,17698.01
403,18023.51
404,17395.12
405,17460.56
406,17791.36
407,17606.21
408,16551.36
409,16080.58
410,15573.19
411,15318.82
412,15072.34
413,15125.37
414,15324.64
415,16039.26
416,16266.39
417,17317.5
418,17897.88
419,18107.3
420,18027.99
421,17632.89
422,17591.66
423,18074.1
424,18537.1
425,17953.61
426,17576.42
427,17882.64
428,17291.47
429,17425.01
430,17744.58
431,17421.78
432,16651.07
433,16039.0
434,15680.01
435,15323.0
436,15060.23
437,15265.37
438,15472.27
439,16287.93
440,16301.07
441,17061.92
442,17458.63
443,17646.7
444,17521.56
445,17347.9
446,17381.13
447,17939.8
448,18385.89
449,17799.82
450,17845.36
451,18047.35
452,17799.91
453,17726.91
454,18056.99
455,17802.54
456,16926.04
457,16382.53
458,16028.86
459,15822.06
460,15663.28
461,15586.84
462,15386.98
463,15483.71
464,15284.87
465,15330.22
466,15741.79
467,15938.74
468,15917.24
469,15879.32
470,16027.85
471,16639.6
472,16896.37
473,16835.29
474,16246.53
475,16315.25
476,16158.07
477,16241.7
478,16671.7
479,16499.35
480,15704.94
481,15401.99
482,15045.81
483,14832.83
484,14623.77
485,14742.61
486,15003.09
487,16126.47
488,16357.0
489,17451.4
490,17965.04
491,18322.06
492,18506.33
493,17895.88
494,18153.33
495,18680.68
496,18988.71
497,18837.94
498,18583.81
499,18218.96
500,18066.0
501,18092.35
502,18533.31
503,18165.39
504,17097.32
505,16866.03
506,16542.23
507,16179.98
508,16018.34
509,16158.82
510,16191.44
511,17062.88
512,17176.45
513,17964.79
514,18815.58
515,18653.33
516,18663.83
517,18480.77
518,18370.3
519,19024.44
520,19975.76
521,19698.04
522,18959.7
523,18768.24
524,18151.18
525,18177.82
526,18478.65
527,18093.56
528,17242.35
529,16802.5
530,16503.39
531,16134.75
532,16009.03
533,16113.74
534,16215.8
535,17086.46
536,17172.32
537,18149.59
538,18648.7
539,18772.58
540,18505.81
541,18368.5
542,18050.06
543,18670.96
544,19513.59
545,18853.64
546,18986.72
547,19089.54
548,18623.13
549,18642.55
550,19093.73
551,18710.45
552,17862.67
553,17242.56
554,16947.96
555,16563.25
556,16343.87
557,16425.11
558,16534.11
559,17303.9
560,17263.99
561,18361.63
562,18956.52
563,18954.78
564,18932.65
565,18582.38
566,18641.68
567,19399.36
568,19757.5
569,19514.83
570,19171.05
571,19429.01
572,18912.97
573,18966.5
574,19348.54
575,18728.24
576,17909.46
577,17619.84
578,17222.15
579,16932.07
580,16652.88
581,16778.64
582,16767.3
583,17501.07
584,17356.27
585,18395.29
586,19083.12
587,19016.53
588,19088.22
589,18868.08
590,18638.23
591,19399.81
592,19892.81
593,19223.94
594,18994.37
595,19300.7
596,18716.6
597,18890.46
598,19312.32
599,18664.24
600,18233.26
601,17703.32
602,17250.59
603,16955.21
604,16922.37
605,17025.19
606,16747.38
607,17245.23
608,17547.26
609,18657.65
610,19088.34
611,19287.93
612,18969.12
613,18777.2
614,18506.69
615,19301.91
616,19839.15
617,19378.68
618,19083.48
619,19324.86
620,18770.95
621,18704.13
622,19122.18
623,18925.4
624,17909.54
625,17036.7
626,16974.35
627,16641.29
628,16485.26
629,16525.77
630,16056.18
631,16173.17
632,16063.87
633,16739.59
634,16661.87
635,17046.36
636,17064.98
637,16580.55
638,16570.44
639,17151.55
640,17359.44
641,17171.39
642,16401.86
643,16529.53
644,16125.25
645,16471.0
646,17126.3
647,17047.84
648,16177.87
649,15800.93
650,15454.44
651,15198.25
652,15018.3
653,15193.11
654,15314.2
655,16375.88
656,16647.42
657,18024.89
658,18832.45
659,18779.47
660,18881.1
661,18621.18
662,18114.21
663,18998.97
664,18107.86
665,18740.89
666,18603.15
667,18606.77
668,18378.77
669,18263.87
670,18711.39
671,18405.56
672,17584.3
673,17015.89
674,16576.5
675,16376.85
676,16137.43
677,16288.24
678,16232.04
679,17094.56
680,17119.8
681,17965.43
682,18348.25
683,18213.39
684,18804.93
685,18623.92
686,18725.59
687,19431.74
688,19670.91
689,18985.37
690,19012.16
691,19431.02
692,18613.71
693,18407.69
694,18828.69
695,18574.37
696,17586.88
697,17117.65
698,16724.45
699,16361.42
700,16216.73
701,16348.08
702,16206.56
703,16963.0
704,17112.01
705,17943.97
706,18607.5
707,18649.29
708,18527.74
709,18337.79
710,15166.29
711,17516.36
712,19611.96
713,18961.05
714,18630.12
715,18695.77
716,17951.18
717,17861.61
718,18430.16
719,18358.82
720,17614.1
721,17359.79
722,16818.04
723,16386.54
724,16056.74
725,16094.14
726,15868.98
727,15782.27
728,15173.75
729,15108.32
730,15014.18
731,14970.19
732,16187.46
733,16047.26
734,16035.36
735,16481.92
736,16524.79
737,15932.02
738,15676.98
739,15690.48
740,15380.31
741,15643.45
742,16226.87
743,16179.77
744,15598.2
745,15415.33
746,14958.26
747,14711.25
748,14510.58
749,14555.51
750,14656.85
751,15746.64
752,16347.85
753,17370.4
754,18289.92
755,18128.78
756,18078.11
757,17812.57
758,17247.59
759,18243.31
760,17630.77
761,17707.57
762,17227.64
763,17401.5
764,16815.87
765,17070.99
766,17551.1
767,17325.71
768,16592.34
769,16113.77
770,15758.36
771,15427.99
772,15275.09
773,15239.74
774,15044.44
775,15631.09
776,15649.95
777,16663.59
778,17119.84
779,17158.99
780,17208.46
781,17207.86
782,17335.82
783,18201.08
784,18533.05
785,18709.36
786,18080.79
787,18321.75
788,17782.16
789,17746.3
790,18014.52
791,18000.49
792,17208.62
793,16654.4
794,16117.79
795,15745.12
796,15454.05
797,15543.02
798,15576.79
799,15502.66
800,15079.03
801,15479.53
802,15772.59
803,15861.85
804,15872.6
805,15856.79
806,15911.7
807,16402.16
808,15447.43
809,14854.74
810,14287.78
811,13713.38
812,12947.62
813,13636.25
814,13765.07
815,13676.08
816,13061.58
817,12714.68
818,12462.76
819,11849.53
820,11644.0
821,11898.0
822,12173.58
823,13169.73
824,14219.53
825,15220.78
826,15879.88
827,15982.42
828,16094.58
829,16213.3
830,16105.87
831,16957.22
832,17298.24
833,17236.78
834,17644.0
835,17910.54
836,17360.32
837,17508.61
838,17936.67
839,17684.41
840,16903.11
841,16308.32
842,15623.62
843,15326.15
844,15081.95
845,14984.61
846,15342.21
847,16280.51
848,16370.67
849,17248.55
850,17888.47
851,17989.98
852,17651.66
853,17664.38
854,17696.57
855,18232.67
856,17790.94
857,17651.1
858,17255.8
859,17193.64
860,15921.45
861,15305.4
862,15861.66
863,15548.22
864,14723.35
865,14240.78
866,13885.53
867,13696.32
868,13679.94
869,13828.61
870,13994.7
871,14794.39
872,15135.26
873,15713.58
874,16671.22
875,16728.9
876,17065.74
877,16952.34
878,16843.68
879,17665.12
880,17671.2
881,17562.19
882,16728.99
883,16727.52
884,16047.67
885,16196.38
886,16377.63
887,16436.07
888,15729.63
889,15303.28
890,14831.37
891,14520.51
892,14355.65
893,14329.68
894,14485.63
895,15160.13
896,15359.2
897,16094.56
898,16586.39
899,16573.36
900,16732.65
901,16518.83
902,16631.27
903,17500.83
904,17476.1
905,17398.44
906,16996.84
907,17693.87
908,17127.7
909,17213.3
910,17269.82
911,17043.49
912,16117.95
913,15568.51
914,15236.14
915,14979.79
916,14679.54
917,14756.39
918,15144.6
919,15849.46
920,15721.11
921,16612.72
922,16848.91
923,16870.29
924,17247.05
925,16976.09
926,17060.85
927,17998.27
928,18626.03
929,18558.99
930,18003.55
931,18080.81
932,17444.79
933,17448.88
934,17882.93
935,17790.79
936,17034.26
937,16552.14
938,15981.55
939,15560.61
940,15274.04
941,15119.8
942,15224.46
943,15750.53
944,15867.98
945,16773.41
946,17383.81
947,17534.04
948,17803.26
949,17252.73
950,17372.78
951,18152.5
952,18628.78
953,18099.0
954,17801.28
955,18220.4
956,17697.87
957,17744.15
958,18055.23
959,17738.7
960,17141.75
961,16589.07
962,16038.12
963,15736.72
964,15521.96
965,15461.09
966,15274.28
967,15708.35
968,15209.31
969,15439.69
970,15493.6
971,15399.81
972,15377.77
973,15124.46
974,15287.74
975,15232.51
976,16039.45
977,16377.79
978,16175.25
979,16447.37
980,15760.77
981,16024.52
982,16532.43
983,16378.84
984,15780.19
985,15004.33
986,14785.74
987,14501.17
988,14627.37
989,14679.94
990,15030.53
991,15869.05
992,16261.29
993,17165.34
994,17806.21
995,18119.71
996,17915.25
997,17939.25
998,18109.1
999,18971.78
1000,19249.52
1001,19001.83
1002,18131.06
1003,18030.26
1004,17132.9
1005,17270.41
1006,17718.03
1007,17648.71
1008,17045.77
1009,16556.22
1010,16127.09
1011,15916.39
1012,15605.36
1013,15581.69
1014,15611.2
1015,16189.38
1016,16484.78
1017,17419.27
1018,17991.58
1019,18007.47
1020,17979.12
1021,17840.11
1022,18096.72
1023,18905.75
1024,19079.71
1025,18881.87
1026,18056.09
1027,18535.76
1028,17896.47
1029,17911.61
1030,18548.46
1031,18191.8
1032,17547.44
1033,16841.44
1034,16588.12
1035,16327.76
1036,16152.41
1037,16036.47
1038,16006.62
1039,16861.46
1040,16697.66
1041,17852.75
1042,18510.08
1043,18380.05
1044,18282.25
1045,18124.61
1046,18302.1
1047,19264.69
1048,19476.99
1049,18456.08
1050,17969.05
1051,17983.29
1052,17636.49
1053,17873.78
1054,18176.1
1055,17625.7
1056,17006.28
1057,16398.98
1058,16203.23
1059,15900.6
1060,15633.44
1061,15752.21
1062,15734.28
1063,16308.29
1064,16659.39
1065,17267.42
1066,17588.71
1067,17954.67
1068,17979.23
1069,17862.81
1070,18085.04
1071,19069.93
1072,18927.65
1073,18622.29
1074,17949.75
1075,18479.56
1076,17953.6
1077,18162.21
1078,18591.02
1079,18058.75
1080,17375.44
1081,16713.55
1082,16448.6
1083,16091.7
1084,15825.15
1085,15863.09
1086,15903.34
1087,16402.66
1088,16520.95
1089,17479.21
1090,17822.45
1091,18233.98
1092,18035.15
1093,18074.25
1094,18114.24
1095,18462.23
1096,18941.69
1097,18283.76
1098,17763.24
1099,17811.09
1100,17359.08
1101,17017.4
1102,17534.61
1103,17048.81
1104,16327.78
1105,15564.38
1106,14859.39
1107,14546.56
1108,14320.45
1109,14296.72
1110,14476.22
1111,14965.69
1112,15309.61
1113,16194.64
1114,15777.62
1115,15642.6
1116,15820.58
1117,15590.5
1118,15464.61
1119,15973.87
1120,16011.94
1121,15867.47
1122,16050.22
1123,16389.72
1124,15829.07
1125,15571.28
1126,15768.27
1127,15364.67
1128,14663.86
1129,14141.66
1130,13691.63
1131,13483.64
1132,13324.0
1133,13330.38
1134,13419.26
1135,13558.45
1136,13365.09
1137,13170.73
1138,13043.09
1139,13285.3
1140,13822.22
1141,13665.39
1142,13653.77
1143,14009.28
1144,13972.12
1145,13866.45
1146,13998.38
1147,14467.35
1148,14298.33
1149,14278.38
1150,14197.91
1151,14010.72
1152,13248.24
1153,12821.58
1154,12532.36
1155,12296.33
1156,12156.36
1157,12380.07
1158,12704.72
1159,13355.62
1160,13840.41
1161,14548.08
1162,14897.33
1163,14885.81
1164,14705.49
1165,14423.26
1166,14571.48
1167,15207.38
1168,15565.7
1169,15642.03
1170,15566.0
1171,16432.55
1172,15806.16
1173,15776.08
1174,15769.95
1175,14929.69
1176,14161.22
1177,13581.46
1178,13003.58
1179,12823.03
1180,12486.01
1181,12621.6
1182,12973.42
1183,13751.72
1184,14034.34
1185,14691.86
1186,14773.77
1187,14539.34
1188,14636.62
1189,14395.19
1190,14239.16
1191,15337.0
1192,15523.07
1193,15577.25
1194,15513.4
1195,15909.05
1196,15428.4
1197,15195.78
1198,15197.82
1199,14774.31
1200,14175.85
1201,13510.92
1202,13128.25
1203,12909.05
1204,12789.17
1205,12965.53
1206,13127.4
1207,13980.29
1208,14207.04
1209,14955.19
1210,15015.88
1211,14866.21
1212,14851.52
1213,14597.26
1214,14754.27
1215,15618.07
1216,16081.48
1217,16618.23
1218,16460.72
1219,17117.11
1220,16732.6
1221,16461.65
1222,16781.82
1223,16359.94
1224,15598.91
1225,14725.9
1226,14358.93
1227,14052.91
1228,13836.42
1229,13711.88
1230,14169.97
1231,15108.17
1232,15294.99
1233,15362.65
1234,15514.1
1235,15687.38
1236,16423.56
1237,15362.88
1238,15289.31
1239,15769.55
1240,16501.81
1241,16952.54
1242,16666.8
1243,17467.79
1244,17157.17
1245,16952.58
1246,17252.0
1247,16919.93
1248,16100.09
1249,15379.04
1250,14684.06
1251,14246.0
1252,13982.84
1253,13963.64
1254,14362.26
1255,15647.04
1256,15373.93
1257,16890.88
1258,16977.8
1259,16868.32
1260,17008.18
1261,16662.47
1262,16530.71
1263,17292.95
1264,17645.65
1265,17235.71
1266,16801.96
1267,16806.6
1268,15996.64
1269,15216.34
1270,15751.65
1271,15752.0
1272,15463.24
1273,14931.29
1274,14386.56
1275,14121.07
1276,13715.38
1277,13769.57
1278,14018.42
1279,14356.51
1280,14781.11
1281,15294.26
1282,15396.44
1283,15617.35
1284,15703.42
1285,14891.86
1286,14890.14
1287,15614.02
1288,15560.07
1289,16731.52
1290,15586.05
1291,15905.8
1292,15820.71
1293,15812.27
1294,16133.32
1295,15793.56
1296,14744.89
1297,14421.41
1298,13813.39
1299,13475.0
1300,13335.98
1301,13381.29
1302,13335.1
1303,13784.02
1304,13744.27
1305,13903.09
1306,13807.47
1307,13852.33
1308,12596.26
1309,12516.9
1310,12350.89
1311,12377.54
1312,12393.44
1313,12849.35
1314,12990.33
1315,13593.4
1316,13050.46
1317,13440.73
1318,13615.96
1319,13159.33
1320,12455.59
1321,11847.46
1322,11805.49
1323,11362.55
1324,11065.74
1325,11023.41
1326,12043.74
1327,12928.15
1328,13708.59
1329,14094.66
1330,14010.0
1331,14200.06
1332,14271.59
1333,14795.88
1334,13535.68
1335,13564.47
1336,14734.24
1337,14330.87
1338,14884.21
1339,15360.09
1340,14918.54
1341,14914.86
1342,14823.33
1343,14391.46
1344,13478.26
1345,12889.19
1346,12497.79
1347,12059.38
1348,11973.87
1349,12167.58
1350,12529.48
1351,13635.59
1352,14060.64
1353,15048.35
1354,14930.23
1355,14707.05
1356,14951.34
1357,14466.03
1358,14493.09
1359,15199.05
1360,15360.65
1361,15680.13
1362,15802.33
1363,16421.79
1364,15777.99
1365,15651.88
1366,15607.93
1367,15176.86
1368,14146.7
1369,13724.94
1370,13181.8
1371,13006.2
1372,12714.26
1373,12871.21
1374,13559.66
1375,14376.64
1376,14003.59
1377,14801.31
1378,14542.79
1379,15203.36
1380,14648.41
1381,14767.58
1382,14732.04
1383,15216.79
1384,15695.4
1385,15560.39
1386,16567.49
1387,16144.61
1388,15724.46
1389,15497.12
1390,15555.94
1391,15281.57
1392,14583.98
1393,13812.51
1394,13281.31
1395,13072.36
1396,13059.66
1397,13128.29
1398,13441.54
1399,14314.44
1400,14477.6
1401,15375.24
1402,15766.86
1403,15542.52
1404,15477.57
1405,15169.91
1406,15445.77
1407,16378.7
1408,16376.62
1409,15778.08
1410,15889.87
1411,16229.43
1412,16158.97
1413,15881.9
1414,16003.45
1415,15476.56
1416,14598.45
1417,13964.96
1418,13508.79
1419,13327.81
1420,13056.1
1421,13029.67
1422,13574.92
1423,14659.92
1424,15136.17
1425,16310.0
1426,16546.58
1427,16437.94
1428,16123.42
1429,16084.45
1430,15623.27
1431,15884.09
1432,16013.8
1433,16029.78
1434,15296.73
1435,15737.25
1436,15277.99
1437,15089.14
1438,15172.91
1439,14383.05
1440,13490.81
1441,13167.32
1442,12898.1
1443,12419.61
1444,12299.99
1445,12354.56
1446,12834.6
1447,14057.25
1448,14534.22
1449,15487.75
1450,15669.08
1451,15703.73
1452,15817.68
1453,15621.13
1454,15738.4
1455,16257.93
1456,16985.1
1457,17132.88
1458,16641.05
1459,17079.7
1460,16659.75
1461,16308.59
1462,16353.57
1463,16070.75
1464,15302.9
1465,15113.27
1466,15113.27
1467,14052.36
1468,13859.3
1469,13533.87
1470,13705.7
1471,13869.12
1472,13497.94
1473,13329.92
1474,13151.38
1475,13099.5
1476,13046.49
1477,13069.91
1478,13300.03
1479,13798.78
1480,14332.27
1481,14996.96
1482,14850.33
1483,15052.88
1484,14839.15
1485,15169.46
1486,15586.23
1487,15311.87
1488,14526.66
1489,14013.34
1490,13694.39
1491,13440.3
1492,13461.07
1493,13612.59
1494,14237.05
1495,15382.94
1496,15182.42
1497,15436.88
1498,15919.22
1499,16949.14
1500,16808.33
1501,16812.52
1502,16988.38
1503,18486.61
1504,17916.18
1505,16578.24
1506,15852.07
1507,17825.73
1508,17381.07
1509,17469.71
1510,17826.84
1511,17502.2
1512,16671.15
1513,16049.93
1514,15699.3
1515,15215.95
1516,15192.84
1517,15191.73
1518,15472.97
1519,16526.4
1520,16311.2
1521,16940.69
1522,17635.85
1523,17489.9
1524,17568.85
1525,17604.55
1526,17851.14
1527,17108.34
1528,18061.54
1529,18496.62
1530,17988.3
1531,18147.88
1532,17540.51
1533,17542.56
1534,18003.0
1535,17830.21
1536,17089.58
1537,16447.81
1538,15796.77
1539,15446.07
1540,15107.9
1541,15300.6
1542,15608.27
1543,16510.61
1544,16327.18
1545,16545.0
1546,17069.14
1547,17280.47
1548,17334.74
1549,16699.17
1550,17185.01
1551,17084.28
1552,18109.37
1553,18634.08
1554,18473.95
1555,18554.33
1556,17907.19
1557,17983.74
1558,18473.48
1559,18217.44
1560,17105.31
1561,16548.88
1562,16110.71
1563,15661.78
1564,15663.28
1565,15777.45
1566,16027.95
1567,17045.05
1568,16652.16
1569,17077.21
1570,17419.82
1571,17532.16
1572,17491.07
1573,17297.57
1574,17158.25
1575,17761.06
1576,18517.4
1577,18895.06
1578,18448.48
1579,18728.27
1580,18178.71
1581,18246.45
1582,18719.37
1583,18176.31
1584,17594.96
1585,16844.16
1586,16486.63
1587,16137.52
1588,16135.82
1589,16314.32
1590,16432.69
1591,17158.32
1592,16770.23
1593,17312.26
1594,17802.71
1595,18164.36
1596,18275.48
1597,18137.66
1598,17830.84
1599,19029.19
1600,19780.19
1601,19746.47
1602,18953.59
1603,19123.49
1604,18599.48
1605,18570.33
1606,18829.87
1607,18371.62
1608,17588.99
1609,16835.29
1610,16342.79
1611,15972.0
1612,15874.1
1613,16086.05
1614,15853.67
1615,16265.08
1616,15895.87
1617,16385.47
1618,16647.81
1619,16546.98
1620,16824.75
1621,16729.48
1622,16864.97
1623,17919.63
1624,18546.01
1625,18726.08
1626,17701.38
1627,17582.38
1628,17023.15
1629,17016.43
1630,17398.2
1631,17413.55
1632,16649.69
1633,16385.43
1634,15816.16
1635,15508.49
1636,15186.21
1637,15254.47
1638,15059.9
1639,14961.23
1640,14183.44
1641,14183.17
1642,14270.13
1643,14096.35
1644,14146.87
1645,14317.37
1646,14522.73
1647,14652.84
1648,14312.43
1649,14566.34
1650,13953.42
1651,13947.24
1652,14984.53
1653,15184.54
1654,15838.97
1655,15538.34
1656,14721.15
1657,14395.12
1658,13893.51
1659,13654.33
1660,13503.05
1661,13500.61
1662,13991.82
1663,15211.78
1664,15166.96
1665,15314.45
1666,15837.72
1667,15600.1
1668,15922.28
1669,15754.86
1670,15590.43
1671,17417.99
1672,17390.48
1673,17470.04
1674,16893.13
1675,17286.54
1676,16811.02
1677,16500.59
1678,16850.04
1679,16684.2
1680,15557.69
1681,14769.98
1682,14534.32
1683,13993.54
1684,13758.69
1685,13793.52
1686,14411.64
1687,15436.37
1688,15104.81
1689,15196.98
1690,15712.93
1691,15929.93
1692,15966.7
1693,15656.46
1694,16265.57
1695,17040.46
1696,17188.35
1697,16822.04
1698,16585.39
1699,16881.61
1700,15981.55
1701,16051.98
1702,16253.58
1703,16010.89
1704,15302.37
1705,14692.92
1706,14237.49
1707,13898.48
1708,13727.13
1709,13820.44
1710,14446.0
1711,15569.56
1712,15342.7
1713,15226.73
1714,15080.87
1715,15642.83
1716,15940.02
1717,15571.21
1718,15461.53
1719,16079.61
1720,16437.15
1721,17125.1
1722,16640.03
1723,16913.54
1724,16439.43
1725,16205.44
1726,16154.04
1727,15474.57
1728,14708.2
1729,14108.11
1730,13779.17
1731,13405.64
1732,13310.36
1733,13573.91
1734,13977.1
1735,15196.83
1736,15049.4
1737,15127.87
1738,15119.09
1739,15521.87
1740,15283.56
1741,15295.16
1742,15011.34
1743,15905.0
1744,16261.01
1745,16697.52
1746,16616.76
1747,16759.47
1748,16087.82
1749,16054.82
1750,16293.81
1751,15595.23
1752,14339.09
1753,14042.49
1754,13893.58
1755,13669.06
1756,13558.63
1757,13904.25
1758,14509.04
1759,15718.64
1760,15340.53
1761,15410.96
1762,16035.32
1763,16251.58
1764,16154.46
1765,16167.37
1766,15935.72
1767,16434.85
1768,16712.91
1769,16685.8
1770,16338.25
1771,16895.58
1772,16192.67
1773,15930.78
1774,16213.49
1775,15645.16
1776,15011.41
1777,14191.11
1778,13967.27
1779,13449.46
1780,13609.3
1781,13700.32
1782,14372.94
1783,14745.85
1784,14717.74
1785,15412.5
1786,16018.7
1787,16471.92
1788,16104.73
1789,15961.92
1790,15761.74
1791,16516.74
1792,16698.64
1793,16449.62
1794,15842.07
1795,16179.8
1796,15803.03
1797,15591.61
1798,15796.72
1799,15844.77
1800,15192.76
1801,14601.7
1802,14157.02
1803,13739.02
1804,13729.53
1805,13703.63
1806,13580.13
1807,13886.87
1808,13612.26
1809,13871.2
1810,13815.31
1811,13706.31
1812,13960.33
1813,13819.46
1814,13597.98
1815,13965.49
1816,14202.49
1817,14441.1
1818,14561.17
1819,15073.04
1820,14750.53
1821,15071.19
1822,15064.77
1823,14597.69
1824,13984.79
1825,13356.03
1826,12900.88
1827,12833.6
1828,12622.46
1829,13042.49
1830,13702.77
1831,15149.36
1832,15455.34
1833,15606.93
1834,16046.77
1835,16426.52
1836,16167.45
1837,15875.3
1838,15654.5
1839,16369.21
1840,16947.09
1841,17013.12
1842,16788.07
1843,17313.13
1844,16665.72
1845,16654.52
1846,16910.58
1847,16677.16
1848,15797.12
1849,14986.87
1850,14743.69
1851,14356.27
1852,14086.18
1853,14339.38
1854,14874.96
1855,16434.72
1856,16446.68
1857,16557.27
1858,16222.67
1859,16474.0
1860,15333.92
1861,15178.78
1862,15883.24
1863,16300.91
1864,17324.55
1865,17264.41
1866,17635.33
1867,18283.78
1868,17749.46
1869,17640.29
1870,18032.94
1871,17420.54
1872,16685.34
1873,15885.42
1874,15546.71
1875,15169.97
1876,15152.41
1877,15343.64
1878,15698.6
1879,16999.88
1880,16908.82
1881,17226.9
1882,17462.37
1883,17495.42
1884,17162.63
1885,17018.69
1886,17262.6
1887,17813.95
1888,18230.7
1889,18940.23
1890,18255.92
1891,18491.48
1892,18165.41
1893,18159.04
1894,18504.3
1895,17905.9
1896,17104.22
1897,16473.09
1898,16110.22
1899,15573.36
1900,15578.13
1901,15733.85
1902,16019.32
1903,17641.55
1904,17270.25
1905,17422.32
1906,17065.07
1907,17352.61
1908,17143.94
1909,16584.22
1910,16858.96
1911,17672.54
1912,18072.14
1913,18538.39
1914,18455.88
1915,19095.24
1916,18633.18
1917,18477.42
1918,18855.75
1919,18271.45
1920,17591.72
1921,16859.2
1922,16439.85
1923,16068.16
1924,15968.82
1925,16126.6
1926,16448.44
1927,17675.06
1928,17371.15
1929,17456.61
1930,17817.7
1931,18198.76
1932,18085.04
1933,17430.88
1934,17625.43
1935,18769.61
1936,19174.92
1937,19561.54
1938,19052.91
1939,19321.22
1940,18702.21
1941,18789.63
1942,18389.4
1943,17983.22
1944,17358.45
1945,16746.61
1946,16253.3
1947,16062.24
1948,15765.3
1949,15846.18
1950,16079.08
1951,17136.71
1952,16972.41
1953,17464.71
1954,15885.89
1955,16077.08
1956,15492.38
1957,15449.51
1958,15039.57
1959,16261.19
1960,16934.03
1961,17116.04
1962,18092.86
1963,18663.42
1964,18431.1
1965,18109.17
1966,18380.67
1967,18123.03
1968,17238.82
1969,16911.74
1970,16483.24
1971,16145.81
1972,15828.41
1973,15729.91
1974,15607.08
1975,15753.12
1976,15393.36
1977,15863.3
1978,15794.38
1979,16070.36
1980,15934.38
1981,15808.19
1982,16115.96
1983,16291.39
1984,16352.93
1985,15701.58
1986,15537.18
1987,15719.02
1988,15145.12
1989,15395.7
1990,15227.07
1991,15030.82
1992,14340.6
1993,13773.83
1994,13449.15
1995,13235.56
1996,13272.04
1997,13242.54
1998,13886.41
1999,15663.59
2000,15878.81
2001,16000.08
2002,16268.48
2003,16384.22
2004,16601.43
2005,16259.33
2006,16401.88
2007,17012.54
2008,17127.41
2009,17694.74
2010,17221.89
2011,17971.77
2012,17495.08
2013,17273.22
2014,17431.75
2015,16973.43
2016,16055.93
2017,15529.66
2018,14670.91
2019,14432.6
2020,14403.31
2021,14448.93
2022,15326.97
2023,16819.03
2024,16558.44
2025,16595.61
2026,16677.42
2027,16700.62
2028,16114.28
2029,16056.96
2030,15861.44
2031,16419.85
2032,17049.65
2033,17178.95
2034,17733.29
2035,18261.09
2036,17713.88
2037,17554.85
2038,17821.81
2039,17352.99
2040,16431.38
2041,15912.25
2042,15534.88
2043,15340.11
2044,15193.58
2045,15484.78
2046,16285.69
2047,17343.66
2048,17582.17
2049,17397.66
2050,17605.37
2051,17034.71
2052,17527.43
2053,17149.19
2054,16813.75
2055,17972.37
2056,17517.26
2057,18034.96
2058,17630.61
2059,18127.64
2060,17580.03
2061,17247.88
2062,17675.79
2063,17214.13
2064,16466.21
2065,16089.34
2066,15695.99
2067,15166.15
2068,15196.6
2069,15297.1
2070,16022.37
2071,17415.1
2072,17343.95
2073,17532.96
2074,17292.94
2075,17453.12
2076,16972.43
2077,16831.2
2078,16735.28
2079,17713.69
2080,18281.96
2081,18036.95
2082,18072.55
2083,18494.35
2084,18073.76
2085,17919.17
2086,18188.44
2087,17790.14
2088,16903.24
2089,16280.77
2090,15902.11
2091,15469.0
2092,15398.21
2093,15768.65
2094,16129.06
2095,17587.13
2096,17235.02
2097,17314.54
2098,17613.28
2099,17675.49
2100,17595.84
2101,17193.84
2102,17176.26
2103,18067.29
2104,18824.39
2105,18476.7
2106,18259.55
2107,18713.84
2108,18100.13
2109,18170.46
2110,18394.43
2111,17996.67
2112,17022.13
2113,16650.54
2114,16219.21
2115,16103.05
2116,16089.41
2117,16108.96
2118,16232.48
2119,17169.11
2120,17062.49
2121,17427.17
2122,17898.65
2123,17945.48
2124,18011.56
2125,17897.99
2126,18026.9
2127,18560.35
2128,19034.47
2129,18527.61
2130,18307.39
2131,18410.38
2132,17815.19
2133,17725.22
2134,17924.88
2135,17734.58
2136,16973.54
2137,16556.55
2138,16136.18
2139,15658.12
2140,15368.09
2141,15369.05
2142,15308.86
2143,15724.42
2144,15591.37
2145,15666.31
2146,15427.35
2147,15338.88
2148,15195.92
2149,15121.26
2150,15515.55
2151,15988.01
2152,16723.13
2153,16163.81
2154,16277.8
2155,16635.74
2156,16610.65
2157,16250.5
2158,17183.11
2159,16874.17
2160,16331.23
2161,15741.07
2162,15367.42
2163,15054.98
2164,14870.59
2165,15031.46
2166,15352.8
2167,16945.83
2168,16844.23
2169,16959.19
2170,17635.97
2171,17773.29
2172,17790.73
2173,17618.26
2174,17433.49
2175,18498.4
2176,18751.06
2177,19070.46
2178,18132.01
2179,18580.85
2180,17944.42
2181,18046.86
2182,18503.42
2183,17922.81
2184,17365.06
2185,16681.31
2186,16261.57
2187,15906.26
2188,15776.84
2189,15802.49
2190,15942.04
2191,17461.47
2192,17317.89
2193,17485.05
2194,18132.41
2195,18123.6
2196,18055.5
2197,17814.73
2198,17545.36
2199,18418.8
2200,18771.76
2201,19018.46
2202,18404.93
2203,18488.35
2204,18067.83
2205,17939.63
2206,18457.44
2207,18131.93
2208,17258.38
2209,16810.23
2210,16112.01
2211,15776.14
2212,15808.59
2213,15819.78
2214,16021.26
2215,17454.22
2216,17017.17
2217,17393.7
2218,17788.71
2219,17762.14
2220,17909.74
2221,17833.38
2222,17733.16
2223,18488.85
2224,18773.71
2225,18367.46
2226,17827.89
2227,17873.3
2228,17251.34
2229,17073.09
2230,17520.81
2231,17128.38
2232,16207.78
2233,16009.28
2234,15450.86
2235,15246.23
2236,15216.87
2237,15034.07
2238,15177.64
2239,17038.57
2240,17244.85
2241,17662.31
2242,17832.22
2243,17597.58
2244,17610.17
2245,17206.41
2246,17056.97
2247,17944.98
2248,18414.58
2249,17911.39
2250,17901.92
2251,18159.04
2252,17652.39
2253,17497.16
2254,17728.56
2255,17393.9
2256,16618.24
2257,16048.66
2258,15728.32
2259,15476.21
2260,15100.86
2261,15424.32
2262,15762.37
2263,17381.84
2264,17239.96
2265,17670.66
2266,17566.72
2267,17875.99
2268,17920.88
2269,17640.41
2270,17466.48
2271,18068.04
2272,18653.98
2273,18417.06
2274,18222.47
2275,18340.24
2276,17845.33
2277,17740.77
2278,17952.08
2279,17693.84
2280,17056.06
2281,16500.66
2282,15904.34
2283,15470.54
2284,15583.15
2285,15503.04
2286,15838.76
2287,16972.78
2288,17228.1
2289,17777.95
2290,18044.11
2291,17926.18
2292,17674.03
2293,17463.97
2294,17282.56
2295,18035.13
2296,18613.16
2297,18134.51
2298,18140.51
2299,18087.02
2300,17632.4
2301,17558.95
2302,17702.05
2303,17449.68
2304,16909.34
2305,16460.78
2306,15909.35
2307,15510.35
2308,15386.76
2309,15571.59
2310,15199.05
2311,15757.61
2312,15316.87
2313,16242.77
2314,16115.94
2315,16425.32
2316,16348.8
2317,16150.45
2318,15893.0
2319,16409.97
2320,16768.5
2321,16257.34
2322,16103.47
2323,16238.05
2324,15983.96
2325,16183.22
2326,16930.62
2327,16701.87
2328,16050.14
2329,15429.2
2330,14965.65
2331,14800.04
2332,14599.23
2333,14943.5
2334,15272.56
2335,16860.09
2336,16828.35
2337,17549.09
2338,18520.91
2339,18709.42
2340,18533.29
2341,18400.13
2342,18147.17
2343,18955.52
2344,19305.79
2345,19106.02
2346,18754.55
2347,18793.39
2348,17884.13
2349,17983.05
2350,19011.71
2351,18593.3
2352,17780.05
2353,17413.97
2354,16920.13
2355,16517.52
2356,16328.99
2357,16335.25
2358,16432.3
2359,17984.3
2360,17659.06
2361,18464.93
2362,18128.39
2363,18202.71
2364,16580.08
2365,18055.38
2366,17919.28
2367,15745.81
2368,18612.62
2369,18343.07
2370,18736.11
2371,19000.23
2372,17644.82
2373,18130.27
2374,18454.69
2375,18123.12
2376,17422.53
2377,17076.19
2378,16522.88
2379,16329.79
2380,16136.74
2381,16199.13
2382,16449.67
2383,17958.21
2384,17457.36
2385,18151.73
2386,18905.88
2387,18803.94
2388,19081.34
2389,18602.73
2390,18687.31
2391,19503.75
2392,19744.04
2393,19565.43
2394,19396.96
2395,19527.69
2396,18943.99
2397,18854.13
2398,19217.91
2399,18850.89
2400,17946.46
2401,17344.29
2402,17011.61
2403,16771.49
2404,16508.85
2405,16662.66
2406,16789.53
2407,18218.26
2408,17567.01
2409,18258.54
2410,18341.35
2411,18195.12
2412,18063.5
2413,17522.14
2414,17704.35
2415,18442.04
2416,19041.93
2417,18825.0
2418,18737.97
2419,18865.48
2420,18059.11
2421,18268.48
2422,18917.76
2423,18638.19
2424,17999.03
2425,17353.32
2426,16886.94
2427,16550.39
2428,16339.22
2429,16395.89
2430,16623.53
2431,18097.68
2432,17754.02
2433,18043.87
2434,18158.51
2435,18536.03
2436,18379.76
2437,18562.47
2438,18350.92
2439,19185.06
2440,19987.33
2441,19789.59
2442,19305.63
2443,19137.43
2444,18414.63
2445,18501.26
2446,18704.48
2447,18035.62
2448,17375.0
2449,16920.5
2450,16453.87
2451,16055.78
2452,15929.09
2453,15812.6
2454,16079.09
2455,16877.29
2456,16662.76
2457,17875.74
2458,18268.21
2459,18334.5
2460,18664.78
2461,18450.95
2462,18271.03
2463,18861.64
2464,19532.52
2465,18830.39
2466,18182.36
2467,17981.7
2468,17505.59
2469,17581.04
2470,17912.74
2471,17751.31
2472,17547.94
2473,16865.52
2474,16540.31
2475,16215.97
2476,16025.94
2477,15439.65
2478,15474.04
2479,15876.28
2480,15468.15
2481,15782.04
2482,15841.07
2483,15928.26
2484,15858.67
2485,15953.21
2486,15881.72
2487,16518.46
2488,16500.72
2489,16290.79
2490,15810.15
2491,15443.32
2492,15166.38
2493,15382.82
2494,15975.15
2495,15906.4
2496,15305.63
2497,14891.45
2498,14444.69
2499,14368.65
2500,14149.15
2501,14417.16
2502,14451.18
2503,16191.08
2504,16021.96
2505,16527.9
2506,17060.51
2507,17978.11
2508,17957.68
2509,17800.29
2510,17675.38
2511,18357.73
2512,18852.96
2513,19058.44
2514,18569.37
2515,18617.79
2516,17751.02
2517,18065.51
2518,18072.5
2519,17757.21
2520,16842.77
2521,16385.08
2522,16078.42
2523,15836.28
2524,15816.33
2525,15779.15
2526,16142.13
2527,17686.76
2528,17378.16
2529,17683.22
2530,17433.89
2531,17903.89
2532,17842.67
2533,17904.92
2534,13359.06
2535,17151.78
2536,18505.05
2537,18444.73
2538,18191.86
2539,18798.8
2540,18250.55
2541,18370.71
2542,18097.55
2543,18278.31
2544,17441.43
2545,17094.59
2546,16562.75
2547,16092.65
2548,15863.6
2549,15853.42
2550,16253.51
2551,17869.75
2552,17749.55
2553,18302.9
2554,18618.38
2555,18534.45
2556,18452.48
2557,18103.82
2558,17838.28
2559,18627.62
2560,18915.53
2561,18501.06
2562,18116.86
2563,18230.05
2564,17892.2
2565,18077.05
2566,18377.39
2567,17922.58
2568,16836.54
2569,16123.98
2570,15683.94
2571,15309.58
2572,15182.82
2573,15397.91
2574,15727.73
2575,17212.51
2576,16984.49
2577,17240.28
2578,17589.87
2579,17577.6
2580,17289.22
2581,17282.68
2582,16872.85
2583,17793.76
2584,18453.84
2585,18260.03
2586,18202.36
2587,18317.66
2588,17890.78
2589,17689.45
2590,17965.59
2591,17404.51
2592,16465.77
2593,16007.44
2594,15668.77
2595,15167.98
2596,14848.2
2597,15044.1
2598,15392.27
2599,16900.26
2600,17267.74
2601,17482.67
2602,17563.96
2603,17423.62
2604,17212.25
2605,17008.16
2606,16856.66
2607,17640.91
2608,17908.53
2609,17922.97
2610,17722.37
2611,17913.53
2612,17435.6
2613,17405.73
2614,17436.86
2615,17061.1
2616,15735.91
2617,15214.54
2618,14899.17
2619,14690.21
2620,14330.71
2621,14407.85
2622,14940.18
2623,16181.1
2624,16490.42
2625,17035.04
2626,15765.91
2627,15193.07
2628,14839.4
2629,14887.55
2630,15049.8
2631,15724.88
2632,16159.59
2633,16558.04
2634,16785.1
2635,17000.0
2636,16461.68
2637,16225.0
2638,16237.72
2639,15631.07
2640,15111.71
2641,14613.61
2642,14108.12
2643,14041.03
2644,13798.28
2645,13537.83
2646,13762.75
2647,14368.41
2648,13927.62
2649,14772.4
2650,14887.58
2651,14796.01
2652,14673.43
2653,14692.73
2654,14489.5
2655,14541.59
2656,14744.68
2657,14383.74
2658,14245.79
2659,14667.05
2660,14222.96
2661,14304.85
2662,14424.75
2663,14175.47
2664,13355.89
2665,12991.21
2666,12633.52
2667,12552.19
2668,12631.49
2669,12969.21
2670,13669.75
2671,15545.87
2672,15707.78
2673,16226.3
2674,16502.69
2675,16636.04
2676,16184.37
2677,16086.14
2678,16511.54
2679,16594.08
2680,16641.13
2681,16815.2
2682,16447.97
2683,16688.64
2684,15712.07
2685,15840.97
2686,15897.29
2687,15170.81
2688,14462.89
2689,14127.05
2690,13730.63
2691,13565.06
2692,13420.36
2693,13817.78
2694,14345.71
2695,16188.75
2696,16421.54
2697,16496.5
2698,15986.13
2699,15776.6
2700,15643.05
2701,15281.17
2702,15419.5
2703,16282.36
2704,16295.81
2705,16359.84
2706,16697.73
2707,17049.07
2708,16590.98
2709,16198.15
2710,15981.0
2711,15461.43
2712,14780.87
2713,14401.48
2714,14011.34
2715,13839.03
2716,13712.37
2717,13943.69
2718,14650.98
2719,16231.5
2720,16350.35
2721,16610.66
2722,16732.43
2723,16109.77
2724,16137.09
2725,15786.92
2726,15561.77
2727,16097.06
2728,16841.67
2729,17144.27
2730,17110.78
2731,17510.06
2732,16697.63
2733,16289.0
2734,16249.38
2735,15558.89
2736,14721.51
2737,14350.79
2738,14071.98
2739,13867.78
2740,13837.66
2741,14291.15
2742,15126.45
2743,16543.68
2744,16488.64
2745,16672.78
2746,16907.74
2747,16827.02
2748,16475.07
2749,16358.43
2750,16492.86
2751,16901.01
2752,16893.77
2753,17191.47
2754,16530.35
2755,16984.6
2756,16630.04
2757,16352.24
2758,16288.48
2759,15643.22
2760,14902.03
2761,14469.74
2762,14087.87
2763,13906.35
2764,13775.36
2765,13785.87
2766,14578.47
2767,16296.72
2768,16724.4
2769,16531.35
2770,17095.1
2771,16477.18
2772,16654.82
2773,15949.45
2774,16065.97
2775,16609.78
2776,17011.1
2777,16716.13
2778,16590.39
2779,17189.89
2780,16681.97
2781,16484.23
2782,16246.53
2783,15804.65
2784,15097.21
2785,14613.09
2786,14213.42
2787,13915.73
2788,14002.43
2789,14083.09
2790,14377.76
2791,16009.97
2792,16042.28
2793,16954.99
2794,17447.26
2795,17457.12
2796,17159.3
2797,16971.1
2798,16830.32
2799,17328.55
2800,17395.76
2801,17042.96
2802,16331.35
2803,16957.29
2804,16220.02
2805,15961.74
2806,15154.5
2807,15309.14
2808,15132.78
2809,14518.4
2810,14313.95
2811,14376.59
2812,14041.39
2813,13962.64
2814,14129.21
2815,14765.19
2816,14612.68
2817,14731.53
2818,15184.34
2819,15078.25
2820,14125.92
2821,14134.09
2822,13853.58
2823,14017.53
2824,14214.97
2825,14125.31
2826,14583.93
2827,15424.97
2828,15438.82
2829,15776.54
2830,15851.06
2831,15787.74
2832,15139.24
2833,14779.49
2834,14381.17
2835,13936.02
2836,13630.75
2837,14034.27
2838,14736.81
2839,16413.52
2840,16702.7
2841,16711.53
2842,17150.55
2843,17163.68
2844,17373.22
2845,17137.08
2846,17014.13
2847,17456.63
2848,17832.49
2849,17976.11
2850,17874.87
2851,18544.29
2852,17896.24
2853,17747.53
2854,17862.06
2855,17472.06
2856,16755.72
2857,16138.63
2858,15645.42
2859,15300.67
2860,15250.64
2861,15338.5
2862,15649.94
2863,17352.41
2864,17326.81
2865,17574.91
2866,17735.69
2867,17552.24
2868,17082.99
2869,15116.52
2870,15605.21
2871,17046.72
2872,17754.78
2873,18488.81
2874,18588.74
2875,18481.3
2876,18070.03
2877,18025.65
2878,18408.65
2879,18026.88
2880,17149.63
2881,16529.89
2882,16078.31
2883,15935.07
2884,15783.68
2885,15952.28
2886,16186.79
2887,17640.86
2888,17396.29
2889,17738.31
2890,18407.34
2891,18819.08
2892,17412.9
2893,17745.55
2894,17664.86
2895,18305.29
2896,18689.73
2897,19600.5
2898,18937.69
2899,19126.56
2900,18730.85
2901,18639.05
2902,18806.64
2903,17710.65
2904,17505.8
2905,17114.6
2906,16661.22
2907,16264.15
2908,16172.88
2909,16237.41
2910,16614.4
2911,17816.85
2912,17573.29
2913,17960.42
2914,18433.89
2915,18673.87
2916,18635.44
2917,18562.56
2918,18398.36
2919,18903.03
2920,19172.13
2921,18829.04
2922,18533.24
2923,18794.92
2924,18429.84
2925,18232.83
2926,18461.84
2927,18003.3
2928,17238.84
2929,16761.31
2930,16389.72
2931,16096.72
2932,15859.42
2933,16121.54
2934,16258.68
2935,17732.26
2936,17655.94
2937,17755.4
2938,18527.96
2939,18233.55
2940,18269.96
2941,17701.45
2942,17841.05
2943,18754.71
2944,18805.55
2945,18519.02
2946,18262.3
2947,18465.87
2948,17977.8
2949,17896.62
2950,18263.09
2951,17896.22
2952,17054.89
2953,16479.79
2954,16154.32
2955,15651.56
2956,15448.04
2957,15356.83
2958,15483.32
2959,16438.55
2960,16613.53
2961,16909.62
2962,16687.21
2963,16499.93
2964,16629.78
2965,16717.72
2966,15228.6
2967,17460.3
2968,17819.88
2969,17987.24
2970,17704.75
2971,17633.96
2972,16873.19
2973,16623.88
2974,17081.47
2975,16709.98
2976,16027.18
2977,15577.8
2978,15165.06
2979,14886.82
2980,14738.03
2981,14711.02
2982,14587.99
2983,14594.4
2984,14405.75
2985,14419.21
2986,14317.78
2987,14193.03
2988,14265.43
2989,14289.55
2990,13910.46
2991,14329.16
2992,14440.82
2993,14419.79
2994,14261.69
2995,14669.67
2996,14403.71
2997,14611.19
2998,14855.63
2999,14424.02
3000,13827.47
3001,13211.15
3002,12808.99
3003,12951.97
3004,12123.44
3005,12354.26
3006,12855.8
3007,14640.07
3008,14809.75
3009,14963.14
3010,15625.38
3011,16579.03
3012,16526.94
3013,16124.03
3014,16055.21
3015,16469.74
3016,16786.07
3017,16001.86
3018,16566.09
3019,16874.09
3020,16122.79
3021,16317.64
3022,16358.25
3023,15678.38
3024,14857.14
3025,14397.15
3026,14003.34
3027,12491.42
3028,12007.26
3029,12589.65
3030,12966.48
3031,14235.59
3032,14858.65
3033,14051.92
3034,13615.38
3035,13425.75
3036,15662.69
3037,15533.38
3038,15282.65
3039,15915.04
3040,16513.37
3041,16772.58
3042,16469.82
3043,17142.26
3044,16336.99
3045,16268.43
3046,16319.01
3047,15685.42
3048,14877.09
3049,14257.22
3050,13884.89
3051,13666.9
3052,13621.43
3053,13635.27
3054,14244.1
3055,15518.67
3056,15308.96
3057,15247.43
3058,15523.66
3059,15632.58
3060,15616.08
3061,15348.66
3062,15331.29
3063,15915.29
3064,16563.24
3065,16990.05
3066,16727.81
3067,17171.96
3068,16662.92
3069,16659.05
3070,16852.23
3071,16285.59
3072,15284.32
3073,14802.12
3074,14367.44
3075,13954.86
3076,13840.71
3077,14066.94
3078,14591.57
3079,16064.83
3080,15686.68
3081,16079.17
3082,16318.01
3083,16476.34
3084,16464.14
3085,15843.3
3086,15921.09
3087,16843.0
3088,17028.17
3089,17576.63
3090,17349.64
3091,17894.71
3092,17407.65
3093,17309.04
3094,17484.67
3095,17101.49
3096,15890.93
3097,15360.61
3098,14848.34
3099,14478.95
3100,14357.0
3101,14674.99
3102,15156.76
3103,16637.29
3104,16464.75
3105,16669.27
3106,16911.33
3107,17064.46
3108,16880.74
3109,15979.84
3110,16069.24
3111,16967.49
3112,17285.03
3113,17374.55
3114,16974.44
3115,17313.87
3116,16969.55
3117,16753.56
3118,16763.49
3119,16249.13
3120,15598.18
3121,15132.63
3122,14782.81
3123,14614.4
3124,14443.77
3125,14422.01
3126,14541.97
3127,15195.51
3128,15446.61
3129,15601.89
3130,16266.42
3131,16398.35
3132,15909.44
3133,15090.41
3134,15525.71
3135,16349.28
3136,16240.36
3137,16107.35
3138,15783.33
3139,16285.0
3140,15737.56
3141,15599.34
3142,15560.48
3143,15012.08
3144,14562.73
3145,14323.92
3146,14020.44
3147,13663.87
3148,13569.29
3149,13595.3
3150,13554.29
3151,13895.22
3152,13978.43
3153,13991.13
3154,13986.08
3155,14001.77
3156,13966.63
3157,14039.26
3158,14050.36
3159,13342.14
3160,13508.5
3161,13325.89
3162,13519.98
3163,13616.02
3164,13505.62
3165,13574.33
3166,13564.54
3167,13089.56
3168,12495.72
3169,12120.44
3170,11790.07
3171,11667.01
3172,11590.12
3173,11653.67
3174,12247.45
3175,13955.43
3176,14366.59
3177,14060.87
3178,14480.19
3179,14755.68
3180,14606.48
3181,14593.89
3182,14479.64
3183,14908.65
3184,15263.16
3185,15453.72
3186,15183.83
3187,15796.76
3188,15532.91
3189,15146.09
3190,15155.33
3191,14423.8
3192,13604.65
3193,13343.47
3194,13024.12
3195,12597.74
3196,12536.61
3197,12914.62
3198,13494.58
3199,15266.07
3200,15135.97
3201,15127.53
3202,15082.27
3203,15186.88
3204,14990.76
3205,14921.94
3206,14572.8
3207,14689.69
3208,15256.97
3209,15314.73
3210,15686.55
3211,16188.95
3212,15710.76
3213,15327.55
3214,14923.23
3215,14371.62
3216,13708.74
3217,13379.05
3218,13007.96
3219,12791.47
3220,12797.56
3221,12863.24
3222,13528.66
3223,15174.56
3224,15410.42
3225,15163.81
3226,14939.64
3227,15086.82
3228,14628.94
3229,14891.4
3230,14183.18
3231,14482.23
3232,14919.15
3233,15221.56
3234,15555.92
3235,15898.44
3236,15431.1
3237,15139.38
3238,14798.03
3239,14194.98
3240,13521.15
3241,13300.62
3242,12959.83
3243,12848.3
3244,12833.8
3245,12997.42
3246,13587.46
3247,15290.9
3248,15318.44
3249,15273.37
3250,14999.79
3251,14637.33
3252,14762.5
3253,14612.26
3254,14441.23
3255,14876.64
3256,15325.38
3257,15562.7
3258,15757.36
3259,16247.53
3260,15898.68
3261,15417.5
3262,15170.15
3263,14643.34
3264,14250.1
3265,13827.29
3266,13461.88
3267,13111.32
3268,12733.77
3269,12943.21
3270,13294.35
3271,14004.32
3272,13747.77
3273,13208.34
3274,13560.75
3275,12985.32
3276,13200.69
3277,13186.03
3278,11623.45
3279,12810.03
3280,12932.12
3281,13500.0
3282,13248.99
3283,13868.78
3284,13474.11
3285,13239.96
3286,13311.48
3287,12947.27
3288,12380.51
3289,11994.2
3290,11598.73
3291,11493.1
3292,11388.21
3293,11634.01
3294,12023.63
3295,13259.36
3296,13873.04
3297,14739.43
3298,15533.77
3299,15588.68
3300,15481.07
3301,15060.95
3302,15015.91
3303,15373.36
3304,15513.95
3305,15769.41
3306,15124.14
3307,15268.41
3308,14789.65
3309,13711.66
3310,13635.46
3311,12958.08
3312,13257.12
3313,12824.87
3314,12629.54
3315,12237.37
3316,12230.6
3317,12255.43
3318,12730.94
3319,13322.4
3320,13503.75
3321,13523.62
3322,13804.09
3323,13786.07
3324,13490.52
3325,13578.75
3326,13160.96
3327,13135.44
3328,13409.9
3329,13380.52
3330,13028.25
3331,13196.53
3332,13092.51
3333,13094.07
3334,13060.45
3335,12578.49
3336,11992.56
3337,11685.53
3338,11467.05
3339,11297.07
3340,11097.78
3341,11590.8
3342,12303.25
3343,14491.64
3344,14513.57
3345,14614.23
3346,15073.74
3347,15128.74
3348,14673.29
3349,15102.03
3350,15100.71
3351,15543.69
3352,16112.55
3353,16865.37
3354,15698.24
3355,15946.83
3356,15472.88
3357,15195.42
3358,15056.98
3359,14419.5
3360,13715.87
3361,12564.28
3362,12137.46
3363,11950.63
3364,11782.99
3365,12153.24
3366,12916.31
3367,14553.03
3368,15281.99
3369,15080.08
3370,15071.36
3371,14979.91
3372,14746.95
3373,14547.59
3374,14427.39
3375,14778.4
3376,15489.05
3377,15942.63
3378,16544.46
3379,17041.32
3380,16464.54
3381,16186.67
3382,16061.71
3383,15469.33
3384,14867.17
3385,14419.72
3386,14006.53
3387,13708.24
3388,13697.33
3389,13960.5
3390,14433.49
3391,16322.48
3392,16215.24
3393,16256.38
3394,16604.73
3395,16619.02
3396,16409.44
3397,16066.49
3398,15867.98
3399,16671.29
3400,17083.85
3401,17554.92
3402,17330.74
3403,17740.42
3404,17072.65
3405,16914.51
3406,17112.77
3407,16604.66
3408,15856.06
3409,15595.77
3410,15240.2
3411,14998.12
3412,14915.58
3413,14960.79
3414,15311.07
3415,16912.71
3416,16823.63
3417,17144.44
3418,16986.32
3419,17092.11
3420,16853.9
3421,16394.41
3422,16394.92
3423,17099.32
3424,17436.2
3425,17708.23
3426,18076.81
3427,18117.85
3428,17328.93
3429,17252.18
3430,17710.8
3431,17492.61
3432,16644.03
3433,16385.59
3434,16077.29
3435,15760.77
3436,15428.31
3437,15442.95
3438,15927.89
3439,17368.52
3440,17659.88
3441,17862.39
3442,18013.82
3443,17798.27
3444,17286.83
3445,17591.49
3446,17591.49
3447,17442.48
3448,17633.76
3449,17891.73
3450,17631.83
3451,17560.79
3452,16630.0
3453,16612.35
3454,16642.15
3455,16157.04
3456,15351.25
3457,15109.1
3458,14582.33
3459,14137.09
3460,13850.19
3461,13766.23
3462,14309.57
3463,15446.8
3464,15733.05
3465,16415.66
3466,16870.91
3467,17106.71
3468,17042.1
3469,16867.34
3470,16511.1
3471,16871.53
3472,17154.12
3473,17327.55
3474,17156.77
3475,17245.36
3476,16431.84
3477,16057.84
3478,15947.11
3479,15474.99
3480,14872.4
3481,14651.35
3482,14213.27
3483,14005.47
3484,13836.14
3485,13983.42
3486,13872.67
3487,14408.79
3488,14270.51
3489,14412.65
3490,14525.59
3491,14671.84
3492,14657.41
3493,14666.41
3494,14666.41
3495,14666.41
3496,15293.84
3497,15512.84
3498,15006.14
3499,15555.71
3500,15014.7
3501,15034.96
3502,15323.88
3503,15041.11
3504,14435.79
3505,14031.9
3506,13693.96
3507,13427.93
3508,13309.82
3509,13528.03
3510,14080.55
3511,15813.96
3512,15777.08
3513,16267.93
3514,16123.49
3515,16521.94
3516,16265.42
3517,15738.47
3518,15793.95
3519,16637.67
3520,17182.72
3521,17082.73
3522,17447.92
3523,18106.1
3524,17503.64
3525,17279.96
3526,17516.34
3527,17038.77
3528,16186.18
3529,15581.1
3530,14973.85
3531,14661.57
3532,14445.86
3533,14589.48
3534,15343.9
3535,16938.89
3536,16589.26
3537,16697.41
3538,17202.14
3539,17570.5
3540,17475.1
3541,16924.38
3542,16629.04
3543,17346.84
3544,18017.04
3545,17802.74
3546,17531.53
3547,18149.04
3548,17358.2
3549,17154.26
3550,17229.44
3551,16952.07
3552,16413.83
3553,15623.11
3554,15149.31
3555,14790.09
3556,14728.54
3557,15206.24
3558,15129.07
3559,15892.87
3560,15430.19
3561,16008.81
3562,15988.6
3563,16940.56
3564,16940.59
3565,16510.61
3566,16141.22
3567,16549.21
3568,16798.12
3569,15986.8
3570,15803.25
3571,15793.91
3572,15409.5
3573,15479.5
3574,15825.06
3575,15315.62
3576,14705.45
3577,14454.12
3578,14192.77
3579,13840.92
3580,13945.04
3581,13866.35
3582,14162.56
3583,16029.68
3584,16004.37
3585,16507.99
3586,17101.29
3587,17312.91
3588,17093.79
3589,16599.68
3590,16846.31
3591,17188.95
3592,17962.44
3593,17287.85
3594,17269.66
3595,17303.27
3596,16644.9
3597,16376.83
3598,16604.04
3599,16284.98
3600,15418.45
3601,14914.9
3602,14530.91
3603,14227.82
3604,14269.45
3605,14534.8
3606,14900.86
3607,16365.65
3608,16137.0
3609,15856.21
3610,15278.77
3611,17057.65
3612,16890.56
3613,17028.0
3614,16603.28
3615,17319.64
3616,18058.18
3617,17753.38
3618,17719.28
3619,17611.69
3620,17073.93
3621,17033.14
3622,17155.3
3623,16849.55
3624,16145.03
3625,15652.52
3626,15057.36
3627,14703.99
3628,14784.21
3629,14841.85
3630,15062.52
3631,16417.7
3632,16245.85
3633,16858.75
3634,16826.25
3635,16348.33
3636,15167.27
3637,16524.61
3638,15668.13
3639,16266.06
3640,17457.13
3641,17671.4
3642,17608.92
3643,17780.92
3644,15679.81
3645,15786.87
3646,16921.17
3647,16271.46
3648,14944.67
3649,14996.54
3650,14731.17
3651,14447.37
3652,14285.0
3653,14178.68
3654,14071.21
3655,14691.81
3656,14711.19
3657,15098.04
3658,15354.78
3659,15438.64
3660,15272.53
3661,15374.59
3662,15099.08
3663,15383.43
3664,15528.99
3665,15350.12
3666,15047.53
3667,15175.73
3668,14702.75
3669,14888.03
3670,15317.58
3671,14751.33
3672,14061.95
3673,13413.75
3674,13146.86
3675,12858.1
3676,12956.93
3677,13321.11
3678,13643.58
3679,15483.26
3680,15665.96
3681,15624.22
3682,16263.75
3683,16486.09
3684,16531.93
3685,16428.74
3686,16162.64
3687,16806.49
3688,17154.77
3689,16742.74
3690,16611.37
3691,16896.89
3692,16324.41
3693,16208.58
3694,16395.04
3695,15806.85
3696,14777.28
3697,14451.99
3698,14082.6
3699,13732.95
3700,13700.07
3701,13886.72
3702,14389.26
3703,16048.96
3704,16175.12
3705,16106.36
3706,16554.22
3707,16446.24
3708,16692.6
3709,16188.87
3710,16461.66
3711,16741.27
3712,17309.72
3713,17533.35
3714,17358.13
3715,17704.71
3716,16947.63
3717,16690.09
3718,16589.65
3719,15986.43
3720,15163.58
3721,14654.55
3722,14332.23
3723,13981.01
3724,13976.93
3725,14290.7
3726,14665.81
3727,16349.78
3728,16010.85
3729,16657.19
3730,17104.45
3731,16977.39
3732,16977.52
3733,16703.31
3734,16521.54
3735,17200.59
3736,17496.86
3737,17598.66
3738,17240.79
3739,17452.55
3740,16590.56
3741,16515.98
3742,16535.13
3743,16038.88
3744,15452.5
3745,14843.32
3746,14502.51
3747,14300.71
3748,14309.52
3749,14462.58
3750,14947.54
3751,16395.35
3752,15719.81
3753,15952.9
3754,16723.9
3755,16817.17
3756,17018.47
3757,16518.1
3758,16458.07
3759,17164.01
3760,17935.57
3761,17134.4
3762,17513.76
3763,17911.56
3764,17218.87
3765,16883.46
3766,17199.62
3767,16890.17
3768,15905.05
3769,15513.82
3770,14950.2
3771,14693.85
3772,14729.07
3773,14694.63
3774,14814.03
3775,15905.23
3776,16092.3
3777,16653.61
3778,17408.21
3779,18361.52
3780,18208.51
3781,18169.38
3782,18250.23
3783,19476.76
3784,19688.36
3785,18613.94
3786,18412.69
3787,18354.06
3788,17580.98
3789,17414.38
3790,16440.98
3791,16726.53
3792,15422.49
3793,15163.0
3794,14677.66
3795,14456.74
3796,14604.73
3797,14689.75
3798,14927.12
3799,15858.21
3800,16478.33
3801,16756.43
3802,16864.51
3803,17120.92
3804,17075.64
3805,16676.62
3806,16339.91
3807,16736.6
3808,17047.43
3809,16663.75
3810,16621.77
3811,16848.26
3812,17023.75
3813,16715.85
3814,16738.37
3815,16419.58
3816,15785.54
3817,15373.66
3818,14791.34
3819,14543.02
3820,14417.45
3821,14301.33
3822,14175.39
3823,14274.99
3824,14167.9
3825,14438.0
3826,14767.87
3827,14591.71
3828,14583.8
3829,14558.85
3830,14368.31
3831,14887.89
3832,15117.7
3833,14657.09
3834,14438.59
3835,15041.17
3836,14825.8
3837,15214.01
3838,15360.83
3839,14819.42
3840,14262.97
3841,13626.12
3842,13245.91
3843,13070.68
3844,13121.89
3845,13554.9
3846,14118.97
3847,15919.22
3848,15910.66
3849,15886.56
3850,16649.43
3851,16623.54
3852,16815.14
3853,16599.87
3854,16425.95
3855,17131.07
3856,17581.22
3857,17603.18
3858,17642.24
3859,17124.16
3860,17127.96
3861,17314.96
3862,17734.18
3863,17061.25
3864,16021.22
3865,15464.72
3866,14981.02
3867,14686.52
3868,14673.72
3869,14764.35
3870,15025.67
3871,16592.5
3872,16609.98
3873,16562.21
3874,16541.62
3875,16707.46
3876,16467.33
3877,16201.9
3878,16082.35
3879,16645.73
3880,17181.69
3881,17641.4
3882,17463.13
3883,17661.84
3884,17406.6
3885,17341.38
3886,17380.23
3887,16920.11
3888,16108.51
3889,15466.1
3890,15068.68
3891,14737.9
3892,14444.97
3893,14546.22
3894,14829.36
3895,16067.82
3896,16091.49
3897,16178.93
3898,16668.4
3899,16618.39
3900,16658.86
3901,16557.51
3902,14967.14
3903,16774.08
3904,17038.78
3905,16918.23
3906,17010.54
3907,17345.39
3908,16601.05
3909,16362.14
3910,16293.12
3911,15893.92
3912,14947.54
3913,14686.1
3914,14134.98
3915,13934.51
3916,13897.1
3917,14169.73
3918,14526.42
3919,15790.4
3920,15708.2
3921,15445.99
3922,15447.59
3923,15595.46
3924,15442.35
3925,15215.79
3926,15476.47
3927,15815.07
3928,15652.8
3929,16454.4
3930,16429.51
3931,16720.9
3932,16173.96
3933,16117.29
3934,16307.36
3935,15774.17
3936,14718.57
3937,14243.2
3938,13826.91
3939,13570.0
3940,13607.57
3941,13816.38
3942,14303.54
3943,15602.61
3944,15783.38
3945,15688.92
3946,15926.38
3947,16105.34
3948,16394.68
3949,16093.79
3950,15845.38
3951,16433.11
3952,16872.24
3953,16953.96
3954,16919.03
3955,17522.98
3956,16816.71
3957,16748.55
3958,16772.86
3959,16209.22
3960,15342.22
3961,14867.65
3962,14457.68
3963,14038.39
3964,14070.8
3965,14174.54
3966,14286.31
3967,15276.81
3968,15526.74
3969,15955.55
3970,16078.53
3971,16078.53
3972,16078.53
3973,16023.61
3974,15858.24
3975,16545.11
3976,16910.11
3977,16765.81
3978,17004.2
3979,16861.07
3980,16243.88
3981,15970.15
3982,15947.74
3983,15735.29
3984,14919.01
3985,14632.29
3986,14116.35
3987,13873.0
3988,13722.97
3989,13527.23
3990,13461.39
3991,13861.01
3992,13383.15
3993,14130.78
3994,14004.75
3995,14031.57
3996,13979.11
3997,13958.3
3998,13678.57
3999,14325.43
4000,14885.64
4001,14838.47
4002,14679.28
4003,14991.24
4004,14487.05
4005,14766.17
4006,14983.19
4007,14673.8
4008,13348.86
4009,13439.69
4010,13046.08
4011,12799.77
4012,12899.11
4013,13205.83
4014,13727.31
4015,15527.99
4016,15594.99
4017,15928.81
4018,16468.2
4019,16596.69
4020,16555.36
4021,16404.99
4022,16410.23
4023,16994.6
4024,17678.81
4025,17629.9
4026,17345.08
4027,17625.82
4028,16987.62
4029,16968.28
4030,17341.43
4031,16728.92
4032,15929.47
4033,15324.61
4034,14723.03
4035,14069.22
4036,14059.42
4037,14205.81
4038,14670.97
4039,16286.38
4040,16429.05
4041,16615.29
4042,16511.97
4043,16397.38
4044,16345.36
4045,16085.25
4046,15748.0
4047,16639.97
4048,17119.58
4049,17078.03
4050,17478.67
4051,17707.81
4052,16984.08
4053,16695.31
4054,16599.86
4055,16005.54
4056,15292.69
4057,14901.55
4058,14337.62
4059,13984.27
4060,13557.47
4061,13814.99
4062,14220.57
4063,15903.52
4064,15805.27
4065,15918.33
4066,15977.81
4067,16143.4
4068,15692.15
4069,15476.7
4070,15177.28
4071,15956.42
4072,16161.88
4073,16279.81
4074,16525.92
4075,16711.8
4076,16173.18
4077,15999.51
4078,15772.49
4079,14961.08
4080,14085.88
4081,13594.8
4082,13311.49
4083,12922.17
4084,12859.5
4085,13118.8
4086,13678.01
4087,15204.9
4088,14979.67
4089,14970.38
4090,15314.41
4091,15410.25
4092,15431.53
4093,14919.02
4094,14927.2
4095,15670.57
4096,15881.78
4097,16162.13
4098,16380.38
4099,16227.15
4100,15294.39
4101,15271.97
4102,15162.53
4103,14425.94
4104,13694.18
4105,13133.99
4106,12728.18
4107,12524.9
4108,12616.07
4109,12868.48
4110,13400.88
4111,14929.78
4112,15169.03
4113,14795.54
4114,15090.1
4115,15019.91
4116,15058.84
4117,14718.64
4118,14725.22
4119,15292.33
4120,15603.42
4121,15778.12
4122,15961.18
4123,16148.3
4124,15417.51
4125,14885.39
4126,14779.42
4127,13747.85
4128,13185.09
4129,12821.05
4130,12482.71
4131,12256.66
4132,12411.53
4133,12569.21
4134,13189.27
4135,14541.18
4136,14958.8
4137,14942.67
4138,14424.0
4139,14163.82
4140,13895.67
4141,13698.19
4142,13573.07
4143,14018.34
4144,14596.75
4145,14773.83
4146,15596.25
4147,15655.67
4148,15156.85
4149,14740.29
4150,14660.83
4151,14071.16
4152,13358.65
4153,13082.22
4154,12920.05
4155,12713.46
4156,12529.3
4157,12812.3
4158,12909.2
4159,13468.28
4160,13495.79
4161,13378.2
4162,13452.52
4163,13156.15
4164,13175.67
4165,13024.33
4166,12963.95
4167,13077.76
4168,13238.93
4169,13459.71
4170,13585.46
4171,13915.18
4172,13670.49
4173,13819.09
4174,13648.31
4175,13046.83
4176,12568.41
4177,12053.84
4178,11765.76
4179,11569.24
4180,11604.05
4181,11787.96
4182,12562.49
4183,14461.5
4184,14418.25
4185,14683.31
4186,15215.8
4187,15249.3
4188,15068.93
4189,14748.13
4190,14585.83
4191,15332.12
4192,15815.57
4193,15927.55
4194,16382.06
4195,16795.0
4196,16137.53
4197,15744.22
4198,15347.01
4199,15049.0
4200,14167.55
4201,13762.54
4202,13240.07
4203,12801.44
4204,12980.9
4205,13176.77
4206,13803.81
4207,15385.94
4208,15351.15
4209,15772.71
4210,15590.38
4211,15361.33
4212,15036.04
4213,14601.26
4214,14627.25
4215,15296.09
4216,15746.86
4217,16175.02
4218,16720.87
4219,16787.96
4220,16048.14
4221,15318.73
4222,15245.81
4223,14626.72
4224,14001.0
4225,13811.12
4226,13284.91
4227,13104.95
4228,13145.35
4229,13426.69
4230,13927.11
4231,15750.8
4232,15565.57
4233,15599.64
4234,15556.27
4235,15778.0
4236,15806.78
4237,15417.66
4238,15234.58
4239,16145.77
4240,16458.95
4241,16842.86
4242,16923.53
4243,17004.16
4244,16361.14
4245,16105.72
4246,15873.02
4247,15257.83
4248,14706.43
4249,14163.56
4250,13801.18
4251,13629.69
4252,13731.11
4253,13942.78
4254,14409.18
4255,16041.24
4256,15915.04
4257,15989.67
4258,16500.57
4259,17104.85
4260,16266.55
4261,16121.45
4262,15655.78
4263,16160.54
4264,16399.13
4265,16697.54
4266,16465.48
4267,16353.06
4268,15642.94
4269,15511.03
4270,15460.11
4271,14998.84
4272,14454.78
4273,13807.25
4274,13277.81
4275,13047.27
4276,12920.7
4277,13250.65
4278,13851.77
4279,15053.28
4280,14266.69
4281,14761.33
4282,15417.81
4283,15757.82
4284,15702.32
4285,15431.35
4286,15060.71
4287,15922.31
4288,16545.69
4289,16462.48
4290,16827.59
4291,16650.6
4292,15983.83
4293,15791.97
4294,15757.81
4295,15172.2
4296,14486.22
4297,14104.3
4298,13667.03
4299,13320.47
4300,13494.73
4301,13675.72
4302,13916.5
4303,15044.96
4304,14804.54
4305,15707.7
4306,16074.32
4307,16397.06
4308,15906.63
4309,15528.2
4310,15363.26
4311,15909.98
4312,16298.56
4313,16430.32
4314,16310.86
4315,16187.07
4316,15657.94
4317,15284.39
4318,15458.88
4319,15181.12
4320,14586.45
4321,14151.95
4322,13985.85
4323,13533.46
4324,13351.63
4325,13342.07
4326,13317.49
4327,14026.5
4328,13936.33
4329,14268.46
4330,14071.99
4331,14137.07
4332,14331.26
4333,14349.11
4334,14096.01
4335,13920.84
4336,14715.43
4337,14501.04
4338,14762.05
4339,14877.34
4340,14718.85
4341,14799.0
4342,14934.44
4343,14319.84
4344,13683.94
4345,13410.25
4346,12848.61
4347,12559.78
4348,12602.82
4349,12749.07
4350,13180.97
4351,14454.04
4352,14560.48
4353,15970.13
4354,16502.55
4355,16622.48
4356,16630.69
4357,15851.48
4358,15882.69
4359,16714.49
4360,17350.51
4361,17050.79
4362,17199.84
4363,17365.77
4364,16620.64
4365,16410.16
4366,16350.78
4367,16018.51
4368,15210.18
4369,14673.26
4370,14442.19
4371,13958.35
4372,13594.57
4373,13732.77
4374,14064.13
4375,15331.14
4376,15496.38
4377,16381.32
4378,16919.15
4379,16677.86
4380,16569.39
4381,16202.23
4382,16147.11
4383,16528.55
4384,17087.82
4385,16939.1
4386,16714.26
4387,16701.25
4388,16113.27
4389,15894.58
4390,15987.01
4391,15370.1
4392,14926.08
4393,14403.0
4394,13922.78
4395,13561.61
4396,13407.67
4397,13587.72
4398,13551.27
4399,13950.74
4400,13643.11
4401,13753.08
4402,14002.79
4403,14077.32
4404,13945.59
4405,13722.17
4406,13654.48
4407,14086.26
4408,13613.94
4409,13890.62
4410,14446.62
4411,14069.88
4412,14096.59
4413,13781.54
4414,14132.5
4415,13734.1
4416,13166.54
4417,12754.43
4418,12336.9
4419,12138.2
4420,12121.08
4421,12107.24
4422,12217.43
4423,13085.38
4424,13662.45
4425,14039.81
4426,13646.28
4427,14439.73
4428,14451.03
4429,13967.63
4430,14027.52
4431,14404.49
4432,15088.43
4433,14674.51
4434,15048.48
4435,15354.58
4436,14757.87
4437,14852.79
4438,15091.1
4439,14586.4
4440,14031.94
4441,13725.77
4442,13095.01
4443,12965.23
4444,12966.07
4445,13314.18
4446,13368.83
4447,14817.2
4448,15573.24
4449,16230.5
4450,16421.49
4451,17153.54
4452,17264.29
4453,16694.98
4454,16256.24
4455,17013.8
4456,17835.7
4457,17412.8
4458,17340.97
4459,17157.22
4460,16633.79
4461,16299.99
4462,16116.88
4463,15878.76
4464,15000.78
4465,14477.81
4466,13750.69
4467,13258.11
4468,12953.04
4469,13242.66
4470,13456.23
4471,14258.39
4472,15109.53
4473,15317.32
4474,15364.27
4475,15173.7
4476,14787.26
4477,14614.36
4478,14477.21
4479,15453.43
4480,15500.95
4481,16155.76
4482,16533.16
4483,16176.2
4484,15862.78
4485,15335.81
4486,14713.03
4487,14601.99
4488,14396.06
4489,14021.68
4490,13462.13
4491,13249.86
4492,13197.87
4493,13219.83
4494,13146.65
4495,13675.93
4496,13727.26
4497,13637.99
4498,13645.13
4499,13721.39
4500,13639.64
4501,13487.27
4502,13388.86
4503,13891.17
4504,13833.73
4505,14140.89
4506,14125.05
4507,14145.28
4508,13945.23
4509,13939.86
4510,13919.27
4511,13547.21
4512,13050.63
4513,12457.91
4514,12098.51
4515,11879.8
4516,11796.37
4517,11872.26
4518,12716.11
4519,14468.91
4520,14114.15
4521,13966.92
4522,14678.99
4523,14815.09
4524,14532.11
4525,14470.05
4526,14434.36
4527,15617.49
4528,16017.66
4529,16304.53
4530,16733.82
4531,16915.51
4532,16489.35
4533,16107.56
4534,16361.49
4535,15092.69
4536,14602.07
4537,14016.44
4538,13674.5
4539,13377.03
4540,13205.46
4541,13562.35
4542,14165.26
4543,15786.29
4544,15878.56
4545,15588.83
4546,15665.11
4547,15096.39
4548,15122.68
4549,14321.04
4550,14053.92
4551,15599.62
4552,16112.74
4553,15984.35
4554,16914.11
4555,17302.29
4556,16724.21
4557,16760.09
4558,16486.91
4559,15972.8
4560,14999.11
4561,14565.8
4562,14191.98
4563,13974.29
4564,13789.4
4565,13950.88
4566,14317.63
4567,15801.26
4568,16360.61
4569,15719.66
4570,15784.31
4571,15653.03
4572,15978.49
4573,15843.29
4574,15580.51
4575,16361.44
4576,16713.78
4577,16721.22
4578,17283.23
4579,17372.57
4580,16748.51
4581,16558.75
4582,16481.22
4583,15827.01
4584,15021.7
4585,14561.49
4586,14150.72
4587,13593.85
4588,13443.79
4589,13752.86
4590,14330.87
4591,15339.45
4592,15900.62
4593,15772.36
4594,15878.64
4595,15896.17
4596,15676.55
4597,15176.21
4598,14966.2
4599,15726.47
4600,16420.27
4601,16106.38
4602,16716.13
4603,17008.93
4604,16421.92
4605,16216.74
4606,16033.75
4607,15610.95
4608,14821.17
4609,14251.27
4610,13672.73
4611,13410.51
4612,13206.83
4613,13452.16
4614,14078.9
4615,15302.41
4616,15451.9
4617,15432.16
4618,15771.97
4619,15661.88
4620,15560.53
4621,15090.4
4622,15059.65
4623,15820.04
4624,16151.94
4625,16317.7
4626,16824.25
4627,16914.97
4628,16365.44
4629,16234.32
4630,16148.7
4631,15674.89
4632,14856.76
4633,14409.77
4634,13988.71
4635,13694.06
4636,13579.74
4637,13612.78
4638,14031.36
4639,15172.21
4640,15374.15
4641,15803.45
4642,16088.99
4643,16273.79
4644,16063.29
4645,16295.52
4646,16295.52
4647,16295.52
4648,16295.52
4649,15748.72
4650,16030.23
4651,16019.36
4652,15868.16
4653,15481.29
4654,15498.44
4655,14964.06
4656,14167.73
4657,13569.59
4658,13141.41
4659,12952.94
4660,12654.35
4661,12871.74
4662,13033.44
4663,13155.16
4664,12309.91
4665,12223.81
4666,13148.75
4667,13344.46
4668,13473.56
4669,13150.26
4670,12980.05
4671,13241.53
4672,13508.69
4673,13594.74
4674,14263.7
4675,14554.22
4676,14337.02
4677,14238.61
4678,14409.99
4679,13790.63
4680,13184.87
4681,12606.42
4682,12242.98
4683,12038.09
4684,11928.17
4685,12265.24
4686,12774.63
4687,14653.53
4688,14364.52
4689,14669.41
4690,15612.81
4691,15824.74
4692,15601.73
4693,14986.46
4694,15086.54
4695,15573.74
4696,15720.25
4697,16565.93
4698,16371.25
4699,16642.88
4700,16123.76
4701,15977.75
4702,15834.75
4703,15145.64
4704,14136.17
4705,13571.71
4706,13268.54
4707,12738.49
4708,12959.02
4709,13094.31
4710,13724.11
4711,14970.68
4712,15714.46
4713,15212.85
4714,15354.56
4715,15482.33
4716,15968.17
4717,14681.67
4718,14715.81
4719,15554.13
4720,15649.06
4721,15904.38
4722,16494.72
4723,16415.65
4724,15914.75
4725,15673.67
4726,15692.58
4727,14907.34
4728,13915.09
4729,13366.23
4730,13113.43
4731,12779.55
4732,12551.58
4733,12632.97
4734,13391.66
4735,14597.74
4736,14809.93
4737,14327.25
4738,14452.98
4739,14127.78
4740,14485.83
4741,14759.67
4742,15626.97
4743,14480.9
4744,14823.51
4745,15320.88
4746,15867.91
4747,16413.76
4748,15803.61
4749,15360.16
4750,15071.8
4751,14369.24
4752,13536.48
4753,13046.46
4754,12613.88
4755,12319.14
4756,12128.77
4757,12208.39
4758,13011.45
4759,14753.29
4760,15251.07
4761,14838.33
4762,15074.33
4763,15035.38
4764,14724.94
4765,14604.35
4766,14346.64
4767,14836.03
4768,15004.28
4769,15261.18
4770,16163.48
4771,16291.88
4772,15673.31
4773,15248.25
4774,14955.17
4775,14111.73
4776,13344.59
4777,12906.7
4778,12533.24
4779,12250.8
4780,12217.11
4781,12468.92
4782,13072.62
4783,14917.32
4784,15228.76
4785,14486.05
4786,13021.85
4787,12619.96
4788,14904.06
4789,14401.07
4790,14283.28
4791,14350.27
4792,14771.44
4793,15033.21
4794,15646.29
4795,15581.6
4796,15017.18
4797,14645.75
4798,14408.52
4799,13577.83
4800,12801.81
4801,12416.59
4802,12040.97
4803,11875.23
4804,11726.79
4805,11783.52
4806,12028.94
4807,13270.14
4808,13827.0
4809,14106.96
4810,14305.92
4811,14393.22
4812,14087.35
4813,13954.12
4814,13394.92
4815,13656.62
4816,13802.6
4817,13996.33
4818,14911.29
4819,14801.72
4820,14377.14
4821,13975.87
4822,13461.38
4823,12978.46
4824,12029.55
4825,11910.75
4826,11499.9
4827,11292.34
4828,11100.39
4829,11310.73
4830,11239.95
4831,11663.66
4832,11564.99
4833,11870.94
4834,11837.72
4835,11508.43
4836,11222.82
4837,11006.88
4838,10825.64
4839,10970.24
4840,11159.64
4841,11192.59
4842,11861.74
4843,12048.55
4844,11756.22
4845,11654.08
4846,11387.83
4847,10947.67
4848,10031.17
4849,9551.34
4850,9148.57
4851,9021.22
4852,9010.05
4853,9404.5
4854,9813.18
4855,10373.17
4856,10356.83
4857,10572.47
4858,9840.68
4859,9045.63
4860,8561.05
4861,8544.23
4862,8589.22
4863,8169.5
4864,8303.99
4865,8330.6
4866,9118.2
4867,9181.08
4868,9301.63
4869,9339.6
4870,9223.09
4871,8654.26
4872,8290.91
4873,7951.27
4874,7762.82
4875,7511.83
4876,7483.57
4877,7714.65
4878,8384.49
4879,9187.67
4880,10207.27
4881,10697.98
4882,10910.82
4883,10518.46
4884,10157.24
4885,9752.61
4886,9673.62
4887,9641.82
4888,9633.69
4889,10090.62
4890,10897.6
4891,11069.69
4892,10720.69
4893,10721.89
4894,10183.94
4895,9628.39
4896,9203.98
4897,8889.25
4898,8662.56
4899,8462.12
4900,8537.07
4901,8636.34
4902,9455.75
4903,10888.07
4904,11470.48
4905,11657.73
4906,11868.76
4907,11845.54
4908,11673.89
4909,11405.3
4910,11461.13
4911,12048.05
4912,12345.51
4913,12820.22
4914,13560.45
4915,13769.01
4916,13196.22
4917,12629.12
4918,12119.65
4919,11450.82
4920,10806.36
4921,10450.25
4922,10171.69
4923,9901.41
4924,9882.86
4925,10268.7
4926,11020.07
4927,12789.78
4928,12844.16
4929,12090.5
4930,11991.71
4931,12386.51
4932,12373.89
4933,12211.5
4934,12191.89
4935,12635.97
4936,12980.16
4937,13950.81
4938,15117.69
4939,15067.72
4940,14238.4
4941,13968.63
4942,13291.75
4943,12647.34
4944,11894.98
4945,11275.66
4946,11240.0
4947,10741.61
4948,10801.84
4949,11071.38
4950,12149.88
4951,13829.36
4952,14230.79
4953,13459.96
4954,13463.82
4955,13376.16
4956,13708.96
4957,13213.21
4958,12878.84
4959,13503.2
4960,13444.3
4961,13961.59
4962,14970.15
4963,14919.6
4964,14379.98
4965,14089.06
4966,13448.98
4967,12475.75
4968,11853.23
4969,11624.47
4970,11193.86
4971,11066.29
4972,11101.32
4973,11325.08
4974,12106.24
4975,13551.1
4976,13484.18
4977,13234.73
4978,13104.24
4979,13656.95
4980,13424.09
4981,13419.94
4982,13412.77
4983,13778.28
4984,14210.01
4985,14803.65
4986,15105.21
4987,15099.24
4988,14728.06
4989,14144.28
4990,13567.54
4991,12821.45
4992,12274.31
4993,11941.06
4994,11314.25
4995,11119.64
4996,11102.82
4997,11310.5
4998,11512.62
4999,11688.97
5000,11986.58
5001,12323.23
5002,12086.55
5003,12055.84
5004,12312.19
5005,12482.31
5006,12237.14
5007,12179.32
5008,12310.33
5009,12591.6
5010,13352.3
5011,13401.24
5012,13082.23
5013,12842.19
5014,12595.4
5015,11929.2
5016,11547.25
5017,11151.62
5018,10767.91
5019,10629.33
5020,10739.34
5021,11068.52
5022,12088.82
5023,13965.65
5024,14435.04
5025,14243.72
5026,14571.75
5027,14519.64
5028,14462.56
5029,13731.34
5030,13389.0
5031,13718.74
5032,13821.41
5033,14361.3
5034,15243.36
5035,14712.53
5036,13941.37
5037,13530.17
5038,12666.99
5039,11920.22
5040,11257.4
5041,11076.57
5042,10724.72
5043,10698.76
5044,10835.65
5045,10379.93
5046,11310.88
5047,13271.36
5048,14460.39
5049,14059.97
5050,14218.07
5051,14311.92
5052,13729.39
5053,13497.2
5054,13104.59
5055,13633.18
5056,14367.64
5057,15899.5
5058,15167.57
5059,14908.6
5060,14167.0
5061,13737.22
5062,12970.46
5063,12166.33
5064,11538.92
5065,11261.6
5066,10937.29
5067,10833.17
5068,10963.26
5069,11275.16
5070,12244.33
5071,14380.01
5072,14484.26
5073,13982.07
5074,14194.16
5075,14575.7
5076,14329.88
5077,14207.25
5078,13159.21
5079,14226.15
5080,14594.91
5081,15123.6
5082,15875.92
5083,15920.48
5084,15082.82
5085,14516.68
5086,14260.92
5087,13445.94
5088,12908.1
5089,12582.76
5090,12296.66
5091,11820.37
5092,11812.76
5093,12176.76
5094,13096.79
5095,15156.57
5096,15246.66
5097,14950.45
5098,14996.59
5099,15061.85
5100,15162.73
5101,14517.0
5102,14686.72
5103,14976.69
5104,15480.47
5105,15579.49
5106,16370.54
5107,16473.79
5108,15886.56
5109,15499.19
5110,15379.07
5111,14656.17
5112,14094.87
5113,13561.21
5114,13199.46
5115,12707.09
5116,12693.53
5117,13083.61
5118,13953.43
5119,15754.96
5120,15434.27
5121,15620.31
5122,16095.91
5123,16207.45
5124,15510.13
5125,15335.81
5126,15211.28
5127,15528.36
5128,16902.63
5129,17027.38
5130,17213.15
5131,17222.88
5132,16825.29
5133,16409.01
5134,16324.4
5135,15601.96
5136,15054.23
5137,14331.11
5138,13844.17
5139,13676.95
5140,13454.26
5141,13763.5
5142,14019.65
5143,15422.04
5144,15586.64
5145,15791.68
5146,15913.43
5147,15701.85
5148,15578.56
5149,15265.76
5150,15159.19
5151,15677.2
5152,16492.66
5153,16874.46
5154,17210.23
5155,16912.44
5156,16259.65
5157,15712.53
5158,15898.79
5159,15391.41
5160,14771.31
5161,14109.64
5162,13732.94
5163,13212.99
5164,12975.61
5165,13033.35
5166,13144.48
5167,13700.13
5168,13839.36
5169,13963.31
5170,13884.6
5171,13975.4
5172,13852.54
5173,13607.98
5174,13711.53
5175,14175.78
5176,14570.27
5177,14630.65
5178,15126.72
5179,15169.15
5180,14585.88
5181,14724.1
5182,14715.84
5183,14191.63
5184,13435.75
5185,12886.63
5186,12628.02
5187,12427.18
5188,12673.15
5189,12948.94
5190,13459.15
5191,15188.65
5192,15205.67
5193,14997.13
5194,14546.87
5195,15925.32
5196,16597.68
5197,15573.53
5198,15579.08
5199,16323.12
5200,16794.11
5201,16722.55
5202,17323.59
5203,17198.01
5204,16670.68
5205,16573.83
5206,16452.71
5207,15743.65
5208,14963.96
5209,14340.54
5210,13954.84
5211,13728.24
5212,13620.5
5213,13606.64
5214,14221.15
5215,16228.53
5216,16270.46
5217,16359.12
5218,16406.47
5219,16218.13
5220,15875.69
5221,15687.46
5222,15607.18
5223,16387.53
5224,17249.66
5225,16981.54
5226,17623.18
5227,17232.02
5228,16649.79
5229,16399.95
5230,16114.25
5231,15456.26
5232,14744.14
5233,14266.74
5234,14088.81
5235,13850.84
5236,13739.78
5237,13810.06
5238,14807.16
5239,16553.05
5240,16395.36
5241,16117.26
5242,16490.15
5243,16471.24
5244,16250.9
5245,14336.07
5246,15847.61
5247,16286.48
5248,16736.19
5249,17065.34
5250,17552.8
5251,17007.91
5252,16336.51
5253,15798.88
5254,15579.66
5255,14957.83
5256,14076.27
5257,13577.65
5258,13039.58
5259,12503.49
5260,12486.12
5261,12792.59
5262,13406.26
5263,15140.46
5264,15434.71
5265,15485.48
5266,15452.26
5267,15832.71
5268,15547.97
5269,15147.91
5270,14927.7
5271,15280.68
5272,15727.67
5273,16230.2
5274,16852.82
5275,16606.07
5276,15975.84
5277,15474.81
5278,15093.71
5279,14305.48
5280,13810.62
5281,13364.07
5282,13056.22
5283,12773.23
5284,12719.07
5285,13028.75
5286,13707.42
5287,15734.4
5288,15877.15
5289,15601.74
5290,15448.26
5291,15483.33
5292,15085.94
5293,15153.18
5294,15106.84
5295,15979.69
5296,16262.81
5297,16135.87
5298,17138.13
5299,16814.8
5300,16229.91
5301,15851.57
5302,15485.23
5303,14784.75
5304,14058.02
5305,13516.94
5306,13177.3
5307,13023.77
5308,12938.47
5309,13176.24
5310,13451.87
5311,14921.52
5312,14999.32
5313,15117.16
5314,15798.46
5315,15803.72
5316,15701.6
5317,15145.91
5318,15251.06
5319,15691.42
5320,16355.64
5321,16355.11
5322,16799.47
5323,16483.23
5324,15823.9
5325,15499.55
5326,15139.79
5327,14612.66
5328,14000.88
5329,13542.08
5330,13207.17
5331,12909.17
5332,12673.1
5333,12807.78
5334,12843.27
5335,13495.32
5336,13784.24
5337,14055.97
5338,13321.46
5339,13407.42
5340,13218.42
5341,13298.65
5342,13320.88
5343,13327.86
5344,14115.17
5345,14185.14
5346,14646.61
5347,14223.47
5348,13964.84
5349,13762.61
5350,13539.03
5351,12924.59
5352,12444.9
5353,12172.32
5354,11978.35
5355,11695.2
5356,11761.5
5357,12204.88
5358,13034.45
5359,15353.59
5360,15514.48
5361,15526.76
5362,15736.91
5363,16126.95
5364,15875.07
5365,15174.79
5366,15382.93
5367,15915.46
5368,16337.29
5369,16608.79
5370,17179.67
5371,16916.72
5372,16203.8
5373,15744.03
5374,15353.99
5375,14704.45
5376,14164.67
5377,13793.52
5378,13460.72
5379,13306.19
5380,13200.55
5381,13449.31
5382,14025.79
5383,15851.7
5384,16609.4
5385,16300.25
5386,15794.75
5387,16201.21
5388,16090.99
5389,15684.12
5390,15462.29
5391,16053.22
5392,16397.98
5393,16362.19
5394,17348.26
5395,17112.73
5396,16566.84
5397,16293.77
5398,16008.91
5399,14778.42
5400,14207.45
5401,13622.61
5402,13380.24
5403,13110.6
5404,13126.41
5405,13433.23
5406,14062.35
5407,16099.81
5408,16601.12
5409,16385.75
5410,16371.58
5411,16239.23
5412,15804.74
5413,15324.84
5414,15164.1
5415,15543.72
5416,16383.85
5417,16230.04
5418,17281.35
5419,17101.77
5420,16488.78
5421,15922.06
5422,15498.12
5423,14801.22
5424,14150.5
5425,13594.53
5426,13486.6
5427,13367.52
5428,13253.52
5429,13550.79
5430,14077.5
5431,16248.62
5432,16336.63
5433,16158.37
5434,15841.54
5435,15774.33
5436,15519.48
5437,15583.46
5438,15229.36
5439,15682.32
5440,15682.32
5441,16776.19
5442,18092.55
5443,17234.48
5444,16361.89
5445,15867.28
5446,15382.47
5447,14654.56
5448,14055.63
5449,13684.55
5450,13331.52
5451,13077.74
5452,12932.91
5453,13405.11
5454,14031.3
5455,16045.24
5456,16389.03
5457,16073.11
5458,15882.47
5459,15719.82
5460,15432.82
5461,15392.67
5462,15309.93
5463,15385.16
5464,16019.88
5465,16366.13
5466,17043.28
5467,16612.47
5468,15909.13
5469,15381.23
5470,14728.85
5471,13933.83
5472,13515.31
5473,12996.87
5474,12686.97
5475,12418.52
5476,12343.67
5477,12646.56
5478,12990.22
5479,14848.19
5480,15535.21
5481,15650.01
5482,15213.04
5483,15142.37
5484,15153.89
5485,14555.99
5486,14372.39
5487,14929.74
5488,15556.0
5489,15760.14
5490,16544.49
5491,16161.84
5492,15392.07
5493,15016.12
5494,14518.1
5495,13848.57
5496,13414.08
5497,12956.12
5498,12675.33
5499,12505.51
5500,12330.41
5501,12608.47
5502,12670.52
5503,13590.0
5504,13986.5
5505,14147.59
5506,14036.63
5507,13941.99
5508,13973.87
5509,13612.73
5510,13136.81
5511,13412.7
5512,13507.06
5513,13467.98
5514,14040.49
5515,14142.55
5516,13574.65
5517,13259.16
5518,12860.9
5519,12307.11
5520,11972.7
5521,11663.99
5522,11516.6
5523,11413.01
5524,11290.81
5525,11637.72
5526,12326.24
5527,14637.26
5528,15349.15
5529,15049.68
5530,15219.19
5531,15209.21
5532,15194.04
5533,14976.8
5534,14725.54
5535,15231.41
5536,15408.78
5537,15520.32
5538,16176.95
5539,15612.93
5540,15087.08
5541,14464.35
5542,13716.74
5543,12869.54
5544,12317.58
5545,11988.27
5546,11752.57
5547,11562.74
5548,11455.43
5549,11855.44
5550,12517.87
5551,14628.79
5552,14981.7
5553,14569.29
5554,14478.37
5555,14116.38
5556,14341.19
5557,14040.03
5558,13603.49
5559,13939.22
5560,14107.37
5561,15002.9
5562,15892.28
5563,15566.23
5564,14644.55
5565,14144.27
5566,13228.09
5567,12338.98
5568,11745.09
5569,11556.4
5570,11480.45
5571,11315.87
5572,11257.58
5573,11574.73
5574,12739.3
5575,14826.01
5576,14639.45
5577,13983.59
5578,14585.95
5579,14421.46
5580,14254.12
5581,14607.41
5582,14050.03
5583,14223.56
5584,14360.63
5585,15108.2
5586,15920.35
5587,15780.03
5588,15127.88
5589,14376.2
5590,13606.22
5591,12646.43
5592,12185.84
5593,11850.57
5594,11655.4
5595,11557.57
5596,11426.19
5597,11938.41
5598,12954.8
5599,15079.23
5600,15250.48
5601,14607.24
5602,14538.49
5603,14906.34
5604,14943.81
5605,14660.43
5606,14411.51
5607,14811.71
5608,15117.81
5609,15525.18
5610,16806.64
5611,16374.42
5612,15622.65
5613,14873.12
5614,14155.19
5615,13225.53
5616,12704.83
5617,12366.29
5618,12209.58
5619,12073.3
5620,12160.2
5621,12538.81
5622,13488.73
5623,15709.82
5624,16136.9
5625,16004.8
5626,16125.89
5627,15470.67
5628,15395.17
5629,14873.83
5630,14434.98
5631,15178.21
5632,15636.14
5633,16120.66
5634,16554.09
5635,16387.27
5636,15595.91
5637,14836.75
5638,14263.43
5639,13310.55
5640,12635.84
5641,12302.22
5642,12052.24
5643,11807.21
5644,11607.41
5645,11955.93
5646,12495.03
5647,13811.46
5648,14188.42
5649,14258.08
5650,14944.48
5651,14886.38
5652,14308.22
5653,13661.69
5654,13838.48
5655,14326.36
5656,14458.4
5657,14978.06
5658,15977.14
5659,15396.83
5660,14619.68
5661,14260.3
5662,13628.79
5663,12892.46
5664,12283.27
5665,11885.25
5666,11671.21
5667,11544.97
5668,11341.05
5669,11667.82
5670,11839.06
5671,12528.67
5672,12531.37
5673,12578.53
5674,12441.6
5675,12370.92
5676,12019.2
5677,11949.18
5678,11571.69
5679,11765.64
5680,11985.74
5681,12012.19
5682,13066.26
5683,12836.96
5684,12469.69
5685,12002.46
5686,11481.38
5687,10869.25
5688,10442.36
5689,10116.66
5690,9791.63
5691,9599.89
5692,9537.91
5693,9537.91
5694,9537.91
5695,13158.39
5696,13742.33
5697,13823.38
5698,13839.95
5699,13548.5
5700,13507.04
5701,13209.1
5702,13191.71
5703,13638.57
5704,14017.61
5705,14487.08
5706,15539.95
5707,15252.09
5708,14409.1
5709,13827.1
5710,13045.94
5711,12095.86
5712,11467.35
5713,11475.35
5714,10801.61
5715,10518.84
5716,10474.05
5717,10934.7
5718,12120.55
5719,14286.26
5720,14521.27
5721,13586.14
5722,13359.57
5723,13225.54
5724,13501.52
5725,13149.48
5726,12926.88
5727,13517.93
5728,14051.02
5729,14864.92
5730,15765.04
5731,15498.36
5732,14745.9
5733,13977.98
5734,13413.14
5735,12460.55
5736,11977.92
5737,11648.95
5738,11361.05
5739,11246.46
5740,11122.47
5741,11624.66
5742,12439.62
5743,14782.27
5744,14900.27
5745,14184.4
5746,13844.25
5747,13501.94
5748,13548.72
5749,13273.8
5750,13157.31
5751,13648.74
5752,14380.36
5753,14967.33
5754,15904.29
5755,15709.87
5756,14765.05
5757,14247.35
5758,13442.75
5759,12581.76
5760,11860.79
5761,11568.1
5762,11351.03
5763,11283.23
5764,11139.61
5765,11668.71
5766,12600.63
5767,14772.75
5768,14959.29
5769,14493.83
5770,14111.15
5771,13853.46
5772,13526.67
5773,13548.54
5774,13313.46
5775,13832.89
5776,14532.88
5777,15182.66
5778,16072.11
5779,15652.58
5780,14873.86
5781,14135.26
5782,13310.9
5783,12374.25
5784,11839.7
5785,11489.34
5786,11240.84
5787,11110.06
5788,11160.09
5789,11585.25
5790,12677.34
5791,15168.19
5792,15750.99
5793,15210.92
5794,15040.47
5795,14743.11
5796,14396.49
5797,14049.95
5798,13745.57
5799,14372.57
5800,14683.63
5801,15052.5
5802,15781.87
5803,15293.2
5804,14652.92
5805,13920.22
5806,12862.34
5807,11848.55
5808,11541.63
5809,11096.0
5810,10955.42
5811,10743.14
5812,10824.58
5813,11190.44
5814,11508.29
5815,13021.75
5816,13817.76
5817,14358.99
5818,14421.19
5819,14019.98
5820,13615.07
5821,13606.29
5822,13606.29
5823,13271.81
5824,13473.36
5825,13803.71
5826,14493.96
5827,14031.28
5828,13328.37
5829,12626.0
5830,11837.84
5831,10883.79
5832,10307.31
5833,10079.8
5834,9878.03
5835,9652.34
5836,9680.13
5837,9905.3
5838,10424.24
5839,11284.43
5840,11685.85
5841,11945.85
5842,11820.61
5843,11570.55
5844,11471.2
5845,11323.59
5846,11023.92
5847,11269.6
5848,11224.62
5849,11494.78
5850,12570.16
5851,12397.73
5852,11838.02
5853,11465.92
5854,10818.55
5855,9985.13
5856,9519.6
5857,9311.05
5858,9079.76
5859,8957.47
5860,9129.14
5861,9712.98
5862,10937.17
5863,13311.52
5864,13805.06
5865,13560.25
5866,12582.92
5867,12594.93
5868,11531.54
5869,11611.9
5870,12987.82
5871,13201.34
5872,14000.65
5873,14259.01
5874,14779.6
5875,14522.59
5876,13662.48
5877,13380.77
5878,12397.21
5879,11569.22
5880,11138.54
5881,10856.5
5882,10815.01
5883,10856.47
5884,10774.8
5885,10987.84
5886,11742.48
5887,14169.64
5888,14633.05
5889,14257.24
5890,14454.86
5891,14416.58
5892,14381.83
5893,13791.84
5894,13865.59
5895,14188.41
5896,14682.42
5897,15131.63
5898,15518.07
5899,15220.17
5900,14490.15
5901,13789.79
5902,12849.25
5903,12015.65
5904,11383.14
5905,10839.85
5906,10765.18
5907,10456.56
5908,10430.87
5909,10894.4
5910,11797.64
5911,13629.98
5912,14638.05
5913,14582.13
5914,14328.82
5915,14050.7
5916,14050.7
5917,14119.57
5918,13771.63
5919,13883.98
5920,14281.87
5921,15219.51
5922,15130.67
5923,15052.77
5924,14398.89
5925,13675.12
5926,12890.28
5927,11857.07
5928,11272.95
5929,10955.1
5930,10817.96
5931,10693.88
5932,10738.54
5933,10913.93
5934,11958.17
5935,14096.04
5936,14626.43
5937,14029.51
5938,14082.5
5939,13729.73
5940,13661.44
5941,13294.66
5942,13001.77
5943,13369.69
5944,14022.74
5945,15655.14
5946,15747.44
5947,15288.01
5948,14686.24
5949,13995.88
5950,13029.77
5951,12202.85
5952,11715.95
5953,11217.91
5954,11004.43
5955,11018.91
5956,10921.25
5957,11339.31
5958,12263.84
5959,14421.83
5960,15089.54
5961,14325.81
5962,14314.0
5963,13995.03
5964,13747.07
5965,13667.66
5966,13578.45
5967,13686.19
5968,14270.04
5969,14778.19
5970,15495.67
5971,15101.33
5972,14478.1
5973,13668.95
5974,12876.37
5975,11975.6
5976,11325.67
5977,10975.2
5978,10837.01
5979,10792.96
5980,10788.38
5981,11088.36
5982,11858.99
5983,13827.89
5984,14286.31
5985,14031.1
5986,13477.32
5987,13418.54
5988,12961.55
5989,12710.26
5990,12840.1
5991,13306.13
5992,13864.87
5993,14990.06
5994,15683.63
5995,15380.96
5996,14382.25
5997,13762.07
5998,13003.46
5999,12160.51
6000,11574.41
6001,11103.15
6002,10826.25
6003,10694.09
6004,10606.96
6005,10953.41
6006,11405.0
6007,12540.53
6008,12636.49
6009,12724.19
6010,12263.98
6011,12057.76
6012,12560.0
6013,12337.54
6014,12410.95
6015,11935.58
6016,11993.83
6017,12371.0
6018,13183.95
6019,12930.92
6020,12300.84
6021,11839.12
6022,11267.28
6023,10635.59
6024,10388.53
6025,9927.31
6026,9762.0
6027,9585.7
6028,9604.32
6029,10129.09
6030,11173.94
6031,13882.42
6032,14316.32
6033,13830.58
6034,14059.52
6035,14099.01
6036,14110.64
6037,13783.83
6038,13049.58
6039,13972.0
6040,14779.71
6041,15532.91
6042,15896.12
6043,15493.31
6044,14579.25
6045,13899.72
6046,12923.03
6047,12085.36
6048,11540.02
6049,11201.56
6050,10943.45
6051,10700.99
6052,10773.78
6053,11233.71
6054,12288.46
6055,15153.04
6056,15574.88
6057,15087.84
6058,14529.22
6059,14043.74
6060,14056.55
6061,14142.19
6062,14113.9
6063,13944.53
6064,14710.99
6065,15363.11
6066,16308.28
6067,15766.86
6068,14734.89
6069,13892.44
6070,13193.44
6071,12173.7
6072,11720.19
6073,11248.13
6074,10893.33
6075,10811.16
6076,10953.33
6077,11333.81
6078,12390.05
6079,15293.77
6080,16002.18
6081,15468.67
6082,15134.89
6083,14955.0
6084,14592.87
6085,13740.76
6086,13643.79
6087,14580.43
6088,15274.87
6089,16005.6
6090,16361.14
6091,16046.04
6092,15015.48
6093,14341.8
6094,13529.54
6095,12523.25
6096,11999.52
6097,11744.08
6098,11464.32
6099,11317.74
6100,11372.37
6101,11684.04
6102,12836.42
6103,15317.97
6104,16002.59
6105,15302.83
6106,14981.82
6107,14753.41
6108,14455.76
6109,14151.17
6110,13952.7
6111,14558.87
6112,15457.65
6113,16442.71
6114,16680.1
6115,16179.7
6116,15340.74
6117,14489.6
6118,13649.83
6119,12582.97
6120,11968.31
6121,11697.2
6122,11410.3
6123,11316.56
6124,11377.35
6125,11940.52
6126,12982.93
6127,15693.24
6128,16249.65
6129,15715.75
6130,15620.97
6131,15158.34
6132,14804.2
6133,14734.97
6134,14571.94
6135,15041.97
6136,15675.36
6137,16015.74
6138,16564.13
6139,16122.17
6140,15137.7
6141,14279.43
6142,13365.96
6143,12464.92
6144,12039.25
6145,11792.93
6146,11697.64
6147,11549.13
6148,11553.26
6149,11983.44
6150,12763.17
6151,14816.27
6152,15305.01
6153,15085.99
6154,14309.79
6155,14984.96
6156,15078.55
6157,14440.67
6158,14398.45
6159,15144.4
6160,15922.09
6161,15941.84
6162,16570.26
6163,15866.26
6164,14827.19
6165,14029.32
6166,13201.55
6167,12266.5
6168,11752.13
6169,11481.84
6170,11344.31
6171,11208.86
6172,11300.79
6173,11486.65
6174,12039.65
6175,13264.94
6176,13365.97
6177,13725.9
6178,13632.73
6179,13204.04
6180,12967.18
6181,12736.43
6182,12475.66
6183,12674.72
6184,13324.31
6185,13278.24
6186,14009.54
6187,13486.14
6188,12751.76
6189,12203.19
6190,11437.97
6191,10692.27
6192,10380.35
6193,10299.75
6194,10003.53
6195,9872.1
6196,9975.43
6197,10544.31
6198,11500.62
6199,14516.56
6200,15133.79
6201,14850.74
6202,14899.78
6203,14796.57
6204,14753.19
6205,14227.52
6206,13948.17
6207,14666.06
6208,15434.33
6209,15783.67
6210,16465.7
6211,16063.22
6212,15036.15
6213,14331.76
6214,13348.45
6215,12327.3
6216,11838.02
6217,11644.23
6218,11490.06
6219,11403.97
6220,11601.7
6221,12385.98
6222,13472.93
6223,15863.68
6224,16471.7
6225,16195.22
6226,15614.41
6227,15415.08
6228,15126.71
6229,14728.29
6230,14671.14
6231,15032.82
6232,15346.84
6233,15724.24
6234,16220.4
6235,15737.44
6236,14611.16
6237,13790.68
6238,12739.39
6239,12219.28
6240,11708.64
6241,11469.28
6242,11191.48
6243,11153.02
6244,11291.56
6245,11833.94
6246,12677.18
6247,14997.72
6248,15324.34
6249,14950.13
6250,14254.35
6251,14272.97
6252,13932.13
6253,13525.85
6254,13230.08
6255,13966.76
6256,14696.18
6257,15248.15
6258,16274.37
6259,15937.61
6260,15032.88
6261,14085.38
6262,13261.6
6263,12403.94
6264,11750.8
6265,11460.67
6266,11121.21
6267,10944.85
6268,10777.14
6269,11467.85
6270,12615.38
6271,14889.13
6272,15740.88
6273,15108.36
6274,14757.78
6275,14386.54
6276,14115.14
6277,13771.86
6278,12935.28
6279,14338.04
6280,15566.37
6281,16012.36
6282,16511.87
6283,16106.98
6284,15183.26
6285,14309.12
6286,13234.52
6287,12272.49
6288,11910.08
6289,11637.91
6290,11426.75
6291,11284.64
6292,11531.34
6293,12363.55
6294,13409.1
6295,15752.83
6296,16195.88
6297,15730.94
6298,15478.78
6299,15052.57
6300,14871.13
6301,14448.08
6302,14402.37
6303,14984.59
6304,15774.65
6305,16387.16
6306,16422.19
6307,15980.51
6308,14986.07
6309,14284.78
6310,13269.39
6311,12367.67
6312,11902.83
6313,11547.49
6314,11290.68
6315,11142.55
6316,11243.17
6317,11951.11
6318,12715.11
6319,14777.25
6320,15318.98
6321,15621.27
6322,13991.18
6323,13640.93
6324,14520.02
6325,14115.25
6326,14152.78
6327,14767.87
6328,15463.46
6329,15822.13
6330,16272.21
6331,15973.9
6332,14893.09
6333,14175.21
6334,13412.49
6335,12586.56
6336,12022.88
6337,11786.37
6338,11367.46
6339,11381.33
6340,11384.17
6341,11853.38
6342,12318.28
6343,13363.17
6344,14067.02
6345,14491.42
6346,14380.1
6347,14487.33
6348,14433.7
6349,14258.72
6350,13873.79
6351,13935.01
6352,13904.98
6353,13635.43
6354,14118.98
6355,13677.1
6356,12811.63
6357,12249.67
6358,11466.35
6359,10779.19
6360,10573.1
6361,10351.87
6362,10345.98
6363,10315.94
6364,10450.48
6365,11154.98
6366,12182.55
6367,14833.73
6368,15900.66
6369,15459.91
6370,15510.96
6371,15449.81
6372,15845.03
6373,15415.4
6374,15062.78
6375,15565.88
6376,15824.15
6377,15924.03
6378,16349.98
6379,15942.46
6380,14998.6
6381,14133.85
6382,13102.26
6383,12301.55
6384,11943.06
6385,11709.01
6386,11515.18
6387,11584.13
6388,11711.16
6389,12433.88
6390,13272.57
6391,15766.83
6392,16266.83
6393,16248.98
6394,15816.01
6395,15874.02
6396,15935.93
6397,15514.67
6398,15327.64
6399,15872.81
6400,16286.42
6401,16523.08
6402,16849.57
6403,16531.69
6404,15411.92
6405,14518.69
6406,13348.51
6407,12464.34
6408,11998.27
6409,11733.61
6410,11567.38
6411,11673.99
6412,11199.37
6413,12385.33
6414,13062.04
6415,14917.0
6416,15889.82
6417,16548.81
6418,16451.31
6419,16292.18
6420,16279.46
6421,16115.71
6422,15744.96
6423,16305.44
6424,16584.98
6425,16901.2
6426,16788.91
6427,16475.05
6428,15459.73
6429,14516.29
6430,13393.38
6431,12787.56
6432,12336.32
6433,12132.48
6434,12004.9
6435,11888.73
6436,11948.81
6437,12408.55
6438,12704.94
6439,14271.0
6440,15183.92
6441,16076.45
6442,16079.97
6443,15964.5
6444,16008.7
6445,15873.03
6446,15873.03
6447,15622.05
6448,16100.7
6449,15837.28
6450,16135.08
6451,15617.56
6452,14599.82
6453,13740.9
6454,12926.56
6455,12073.46
6456,11595.1
6457,11548.25
6458,11365.46
6459,11367.51
6460,11394.39
6461,11891.19
6462,12898.44
6463,14685.69
6464,15790.91
6465,16631.78
6466,16436.3
6467,16465.05
6468,16230.79
6469,16132.6
6470,15741.31
6471,15923.55
6472,16354.76
6473,16548.8
6474,16356.92
6475,15935.68
6476,14994.6
6477,14261.54
6478,13321.33
6479,12525.64
6480,12091.97
6481,11959.63
6482,11723.86
6483,11476.34
6484,11493.06
6485,12052.01
6486,12534.34
6487,14399.08
6488,15297.58
6489,15921.14
6490,15994.86
6491,16164.76
6492,15970.73
6493,15904.21
6494,15511.2
6495,16027.12
6496,16527.07
6497,15909.1
6498,16626.73
6499,16148.86
6500,14963.82
6501,14068.1
6502,13134.09
6503,12364.46
6504,12103.63
6505,11869.89
6506,11816.16
6507,11659.26
6508,11813.33
6509,12333.47
6510,12587.74
6511,13661.25
6512,14320.9
6513,14706.64
6514,14327.65
6515,14519.12
6516,14817.88
6517,14512.76
6518,14457.33
6519,14101.06
6520,13786.71
6521,13872.08
6522,14053.72
6523,13840.44
6524,13175.48
6525,12549.16
6526,11659.84
6527,11127.09
6528,10996.83
6529,10967.99
6530,10857.46
6531,10690.24
6532,10767.7
6533,11264.27
6534,11798.44
6535,13700.94
6536,14749.38
6537,15868.72
6538,16127.84
6539,15937.07
6540,15792.17
6541,15602.59
6542,15509.38
6543,15908.47
6544,16509.52
6545,16359.66
6546,16751.0
6547,16379.23
6548,15299.53
6549,14334.26
6550,13493.37
6551,12814.49
6552,12326.57
6553,12219.71
6554,12026.12
6555,12108.78
6556,12272.48
6557,12822.63
6558,13403.85
6559,15112.97
6560,16088.76
6561,16751.12
6562,16715.93
6563,16546.55
6564,16246.2
6565,15997.91
6566,15651.4
6567,15978.51
6568,16515.34
6569,17385.39
6570,17198.1
6571,16637.04
6572,15754.27
6573,15073.62
6574,14137.66
6575,13375.61
6576,12999.51
6577,12806.92
6578,12657.7
6579,12552.67
6580,12757.87
6581,13343.53
6582,13776.11
6583,15474.31
6584,16463.54
6585,17155.42
6586,17546.69
6587,17314.2
6588,17299.8
6589,16864.79
6590,16635.59
6591,16970.69
6592,17162.2
6593,17648.78
6594,17239.5
6595,16644.09
6596,15717.51
6597,14999.24
6598,14352.39
6599,13633.96
6600,13154.69
6601,12929.77
6602,12690.62
6603,12502.58
6604,12645.26
6605,13057.15
6606,13471.92
6607,14579.12
6608,15191.99
6609,16184.75
6610,16433.24
6611,16016.93
6612,15825.03
6613,15707.02
6614,14707.18
6615,15051.86
6616,15104.78
6617,14614.81
6618,15044.32
6619,14865.21
6620,14176.05
6621,13604.41
6622,12979.92
6623,12349.96
6624,12153.9
6625,11905.29
6626,11758.82
6627,11716.73
6628,11782.67
6629,12297.11
6630,12961.12
6631,14869.37
6632,15950.73
6633,16637.8
6634,17002.03
6635,16755.04
6636,16583.14
6637,16461.01
6638,16176.25
6639,16381.9
6640,16806.24
6641,17189.95
6642,16913.96
6643,16658.64
6644,15596.98
6645,14845.31
6646,14032.6
6647,13371.05
6648,12986.85
6649,12658.58
6650,12398.51
6651,12372.55
6652,12450.44
6653,12909.33
6654,13357.8
6655,14861.51
6656,15811.33
6657,16361.36
6658,15563.99
6659,15159.91
6660,15349.43
6661,14762.81
6662,14630.31
6663,15000.37
6664,15421.48
6665,16628.56
6666,16579.81
6667,16255.84
6668,15115.01
6669,14544.2
6670,13698.14
6671,12854.36
6672,12518.8
6673,12166.87
6674,11956.12
6675,11949.52
6676,11969.09
6677,12368.12
6678,12644.13
6679,13834.59
6680,14310.08
6681,14614.28
6682,14239.45
6683,13831.62
6684,13546.31
6685,13177.31
6686,13094.34
6687,13292.04
6688,13923.6
6689,14415.3
6690,14736.92
6691,14411.57
6692,13610.35
6693,13048.13
6694,12422.15
6695,11541.47
6696,11185.06
6697,11124.06
6698,11084.11
6699,10855.21
6700,11021.0
6701,11637.07
6702,12726.12
6703,15421.11
6704,15997.51
6705,15780.82
6706,15685.8
6707,15593.83
6708,15335.27
6709,14788.99
6710,14467.12
6711,15519.63
6712,16093.24
6713,17237.17
6714,17358.87
6715,16635.38
6716,15550.32
6717,14432.59
6718,13564.85
6719,12867.34
6720,12498.71
6721,12373.37
6722,12321.92
6723,12175.04
6724,12261.67
6725,12715.36
6726,13930.0
6727,16404.94
6728,15887.96
6729,16632.38
6730,15901.17
6731,15519.58
6732,15340.56
6733,14975.76
6734,14921.81
6735,15486.65
6736,16041.62
6737,16741.13
6738,16956.99
6739,16911.7
6740,15909.44
6741,14920.85
6742,14027.13
6743,13418.49
6744,12942.15
6745,12747.58
6746,12430.52
6747,12290.64
6748,12372.85
6749,12843.14
6750,13734.95
6751,16427.7
6752,17073.96
6753,16008.8
6754,15912.03
6755,15711.13
6756,15365.97
6757,14652.95
6758,14622.93
6759,15122.18
6760,15844.92
6761,16794.46
6762,16585.96
6763,16340.5
6764,15112.95
6765,14359.72
6766,13342.54
6767,12503.17
6768,12142.65
6769,12048.79
6770,11957.08
6771,11815.24
6772,11918.15
6773,12193.3
6774,13461.67
6775,16048.94
6776,16578.21
6777,15279.54
6778,16328.48
6779,16010.16
6780,15455.3
6781,15296.29
6782,14922.6
6783,15391.77
6784,15816.18
6785,16515.04
6786,16357.82
6787,16416.5
6788,15303.67
6789,14394.75
6790,13574.26
6791,12534.26
6792,12135.17
6793,11944.39
6794,11743.39
6795,11647.68
6796,11787.53
6797,12386.67
6798,13596.57
6799,16242.64
6800,17208.01
6801,16823.29
6802,16819.57
6803,16121.99
6804,15778.55
6805,15345.32
6806,15095.42
6807,15591.34
6808,16308.25
6809,16788.12
6810,16483.93
6811,16141.28
6812,15184.19
6813,14313.9
6814,13523.25
6815,12615.73
6816,12099.19
6817,11913.52
6818,11772.58
6819,11733.43
6820,11796.07
6821,12290.13
6822,12929.35
6823,14890.7
6824,15809.18
6825,16132.67
6826,15830.93
6827,15483.51
6828,15683.09
6829,14671.1
6830,15015.89
6831,15188.13
6832,15945.68
6833,16246.41
6834,15769.76
6835,15414.24
6836,14690.15
6837,13935.65
6838,13105.82
6839,12366.43
6840,11988.81
6841,11630.96
6842,11668.22
6843,11353.14
6844,11314.56
6845,11519.56
6846,11853.25
6847,12910.98
6848,13961.06
6849,14306.35
6850,14309.61
6851,13887.77
6852,13914.76
6853,13390.44
6854,13178.81
6855,13159.09
6856,13576.66
6857,13739.1
6858,13857.86
6859,13738.08
6860,12936.81
6861,12265.6
6862,11601.1
6863,10860.96
6864,10290.42
6865,9940.34
6866,9845.72
6867,9704.69
6868,9913.63
6869,10451.84
6870,11775.38
6871,14492.63
6872,15856.71
6873,15476.9
6874,15633.22
6875,15500.94
6876,14875.01
6877,14556.71
6878,14374.65
6879,14633.21
6880,15035.93
6881,15435.33
6882,15772.82
6883,15877.84
6884,14885.96
6885,14090.56
6886,13053.66
6887,11957.54
6888,11327.19
6889,11164.18
6890,11062.3
6891,10766.17
6892,10974.37
6893,11279.63
6894,12409.15
6895,14716.63
6896,15386.97
6897,14562.92
6898,15185.35
6899,14907.62
6900,14450.41
6901,14346.56
6902,14068.44
6903,14725.96
6904,14776.46
6905,15568.7
6906,15783.25
6907,16032.13
6908,15029.43
6909,14182.32
6910,13247.82
6911,12179.92
6912,11590.95
6913,11037.34
6914,10956.49
6915,10735.77
6916,10737.59
6917,11348.15
6918,12229.88
6919,14082.0
6920,14571.22
6921,15275.87
6922,15455.76
6923,15120.09
6924,14782.28
6925,14494.4
6926,14044.09
6927,14148.23
6928,14807.62
6929,15023.05
6930,15578.9
6931,15429.51
6932,14408.57
6933,13568.94
6934,12754.37
6935,11805.1
6936,11239.46
6937,10798.11
6938,10589.33
6939,10632.09
6940,10749.35
6941,11347.36
6942,11899.35
6943,12876.11
6944,13079.08
6945,12697.48
6946,11577.51
6947,10677.74
6948,9959.61
6949,9562.75
6950,9351.3
6951,9719.75
6952,10269.98
6953,10607.48
6954,11628.21
6955,11788.52
6956,11182.89
6957,10782.13
6958,10224.64
6959,9537.92
6960,9177.44
6961,9038.54
6962,8836.71
6963,8839.37
6964,8952.5
6965,9320.85
6966,9947.5
6967,11216.82
6968,11927.38
6969,12336.22
6970,12272.8
6971,11451.73
6972,11079.45
6973,10973.47
6974,10790.15
6975,11077.15
6976,11470.99
6977,11252.38
6978,11723.27
6979,12113.3
6980,11467.9
6981,11014.56
6982,10391.54
6983,9679.18
6984,9429.16
6985,9222.02
6986,9119.62
6987,8917.82
6988,8975.82
6989,9361.31
6990,9879.69
6991,11209.88
6992,12200.99
6993,12503.88
6994,11603.16
6995,11685.59
6996,11612.83
6997,11209.36
6998,10928.0
6999,11360.52
7000,12258.61
7001,12579.83
7002,13336.72
7003,13284.76
7004,12570.77
7005,11903.63
7006,11358.0
7007,10574.64
7008,10351.61
7009,10192.81
7010,10155.52
7011,10039.4
7012,9981.3
7013,10368.33
7014,10882.33
7015,12412.03
7016,13032.95
7017,13229.29
7018,12769.43
7019,11329.88
7020,12156.02
7021,12012.29
7022,11557.25
7023,12021.21
7024,12728.76
7025,12631.71
7026,13356.31
7027,13682.21
7028,12770.65
7029,12409.45
7030,11750.07
7031,11183.37
7032,10741.63
7033,10714.4
7034,10618.04
7035,10439.51
7036,10548.38
7037,10928.15
7038,11950.66
7039,14609.51
7040,15263.36
7041,14756.48
7042,14827.69
7043,14430.64
7044,14276.63
7045,13889.9
7046,13915.32
7047,14501.76
7048,15057.56
7049,16055.33
7050,16465.55
7051,16358.81
7052,15258.28
7053,14514.68
7054,13614.12
7055,12773.26
7056,12383.03
7057,12321.8
7058,12132.63
7059,12001.71
7060,11918.32
7061,12410.42
7062,13373.35
7063,16021.92
7064,16433.51
7065,15602.01
7066,14551.85
7067,14301.29
7068,14055.78
7069,13476.74
7070,13243.83
7071,13955.13
7072,15104.25
7073,16530.34
7074,17063.65
7075,16580.59
7076,15428.62
7077,14496.16
7078,13516.75
7079,12689.4
7080,12155.54
7081,12066.83
7082,11938.59
7083,11913.94
7084,11987.48
7085,12241.13
7086,13395.24
7087,16058.29
7088,16601.52
7089,15776.11
7090,15023.38
7091,14727.3
7092,14356.52
7093,13750.39
7094,13544.47
7095,14507.91
7096,15237.7
7097,16644.17
7098,16865.55
7099,16676.75
7100,15459.92
7101,14544.85
7102,13698.55
7103,12807.97
7104,12377.25
7105,12157.21
7106,11994.43
7107,11865.07
7108,11928.26
7109,12030.97
7110,13346.43
7111,16096.1
7112,16337.03
7113,14720.02
7114,14729.15
7115,14451.73
7116,14246.74
7117,13793.27
7118,13796.05
7119,14197.55
7120,15321.92
7121,16730.63
7122,17008.63
7123,17173.29
7124,15929.4
7125,14887.25
7126,13928.05
7127,12899.47
7128,12448.18
7129,12242.43
7130,12054.2
7131,12157.88
7132,12179.68
7133,12497.1
7134,13714.81
7135,16492.69
7136,16801.9
7137,15850.55
7138,14535.08
7139,14886.27
7140,14828.85
7141,14475.01
7142,14073.4
7143,14744.0
7144,15803.94
7145,17151.44
7146,16986.12
7147,16807.46
7148,15658.22
7149,14657.07
7150,13699.53
7151,12840.15
7152,12363.72
7153,12323.95
7154,12217.79
7155,12214.83
7156,12245.13
7157,12671.4
7158,13367.84
7159,15531.09
7160,16324.71
7161,16104.1
7162,15822.52
7163,15142.76
7164,15380.58
7165,15007.69
7166,14856.02
7167,15342.12
7168,16031.58
7169,16039.5
7170,16208.11
7171,15900.32
7172,14761.66
7173,14299.41
7174,13343.0
7175,12449.26
7176,12053.56
7177,11717.96
7178,11622.97
7179,11409.44
7180,11526.78
7181,11684.85
7182,12167.1
7183,13497.61
7184,14275.68
7185,14443.47
7186,14423.72
7187,14330.0
7188,14070.92
7189,13664.72
7190,13340.39
7191,13490.85
7192,13851.27
7193,14302.14
7194,14180.39
7195,14285.11
7196,13426.19
7197,12892.03
7198,11872.89
7199,11223.23
7200,11013.98
7201,10734.23
7202,10531.54
7203,10316.08
7204,10283.4
7205,10457.37
7206,10959.31
7207,12439.04
7208,13350.8
7209,13419.85
7210,13035.85
7211,12875.06
7212,12195.08
7213,12303.1
7214,12097.03
7215,12353.41
7216,12898.67
7217,13316.32
7218,13745.55
7219,13893.84
7220,13272.13
7221,12845.47
7222,12141.78
7223,11182.97
7224,10722.38
7225,10371.63
7226,10153.84
7227,10134.96
7228,10149.51
7229,10454.23
7230,11848.33
7231,14986.94
7232,15662.1
7233,15163.16
7234,14595.36
7235,14084.18
7236,13865.03
7237,13534.42
7238,13144.74
7239,14158.08
7240,14662.86
7241,15917.84
7242,16499.6
7243,16535.33
7244,15332.36
7245,14583.1
7246,13719.96
7247,12504.83
7248,12066.9
7249,11889.44
7250,11907.84
7251,11935.4
7252,12129.99
7253,12598.42
7254,13406.64
7255,15797.29
7256,16018.35
7257,14818.41
7258,14009.41
7259,13483.2
7260,13274.37
7261,12667.0
7262,12928.87
7263,13869.92
7264,15027.59
7265,16370.32
7266,16908.63
7267,16814.52
7268,15665.39
7269,14843.34
7270,13873.21
7271,12783.05
7272,12424.73
7273,12300.58
7274,12079.94
7275,11891.62
7276,11887.21
7277,12153.89
7278,13261.19
7279,16019.13
7280,16626.14
7281,15771.31
7282,14746.79
7283,14724.23
7284,14469.6
7285,13725.46
7286,13535.28
7287,14154.99
7288,15164.65
7289,16291.63
7290,16525.71
7291,16989.86
7292,15848.55
7293,14920.65
7294,13921.79
7295,12937.37
7296,12549.84
7297,12256.43
7298,12119.24
7299,12048.7
7300,11915.52
7301,12320.5
7302,13656.6
7303,16293.95
7304,16602.06
7305,16038.5
7306,15589.99
7307,15076.5
7308,14827.92
7309,14424.52
7310,14356.87
7311,14766.54
7312,15713.72
7313,16787.57
7314,16533.22
7315,16659.71
7316,15611.86
7317,14694.3
7318,13787.09
7319,12974.17
7320,12579.2
7321,12369.65
7322,12213.67
7323,11999.41
7324,12077.93
7325,12567.41
7326,13133.43
7327,15440.62
7328,15908.77
7329,15852.94
7330,14905.38
7331,14665.09
7332,14477.9
7333,13950.45
7334,13491.71
7335,14195.97
7336,14879.02
7337,16232.61
7338,16415.63
7339,16760.26
7340,15729.88
7341,14862.51
7342,13895.42
7343,12891.48
7344,12550.64
7345,12085.78
7346,12038.61
7347,11934.87
7348,12419.95
7349,12796.86
7350,13380.68
7351,14680.72
7352,15011.14
7353,15247.86
7354,14608.86
7355,13748.94
7356,13538.66
7357,12942.36
7358,12801.23
7359,13046.42
7360,13740.98
7361,14258.62
7362,13909.79
7363,13915.64
7364,13115.87
7365,12640.25
7366,11985.17
7367,11307.28
7368,11009.87
7369,10883.24
7370,11004.51
7371,11016.13
7372,11125.56
7373,11514.66
7374,12485.48
7375,15282.79
7376,16221.42
7377,15735.51
7378,15044.18
7379,13313.41
7380,14386.36
7381,14364.54
7382,14023.64
7383,14702.84
7384,15929.72
7385,16873.95
7386,16726.45
7387,16727.61
7388,15789.76
7389,14943.78
7390,14154.17
7391,13287.04
7392,12968.92
7393,12730.6
7394,12589.48
7395,12414.16
7396,12575.38
7397,12743.33
7398,13956.05
7399,16330.44
7400,16993.66
7401,16231.09
7402,15422.13
7403,15178.01
7404,14674.59
7405,14129.8
7406,14221.43
7407,14979.83
7408,16067.3
7409,17360.49
7410,17203.71
7411,17239.27
7412,16174.93
7413,15172.66
7414,14264.57
7415,13249.15
7416,13058.0
7417,12846.73
7418,12588.01
7419,12395.48
7420,12295.08
7421,12835.27
7422,13825.1
7423,16477.84
7424,16678.56
7425,15876.68
7426,15264.36
7427,15236.53
7428,14941.15
7429,14354.05
7430,13901.68
7431,14605.1
7432,15551.89
7433,16881.67
7434,17443.22
7435,16959.57
7436,16290.25
7437,15104.93
7438,14236.02
7439,13251.63
7440,13094.49
7441,13060.45
7442,12927.75
7443,12779.11
7444,12472.18
7445,12911.7
7446,14007.31
7447,16487.59
7448,17129.13
7449,16444.79
7450,15691.72
7451,15645.31
7452,15595.12
7453,15318.32
7454,14951.76
7455,15562.92
7456,16426.64
7457,17417.35
7458,17255.99
7459,17533.59
7460,16073.68
7461,15642.3
7462,14497.59
7463,13561.28
7464,12842.18
7465,12407.69
7466,12081.62
7467,12040.48
7468,12126.74
7469,12771.18
7470,13756.41
7471,16778.48
7472,17100.88
7473,16107.36
7474,16062.98
7475,15253.2
7476,14642.08
7477,14530.51
7478,14399.49
7479,15193.21
7480,16006.32
7481,17532.39
7482,17395.22
7483,16967.19
7484,15816.98
7485,14928.21
7486,14170.46
7487,13486.0
7488,13251.83
7489,13096.94
7490,12435.18
7491,12327.81
7492,12359.8
7493,12618.79
7494,13312.22
7495,15932.14
7496,16029.98
7497,15337.92
7498,14538.62
7499,14431.44
7500,14198.1
7501,14013.97
7502,14013.97
7503,14349.56
7504,15129.86
7505,16654.3
7506,17066.96
7507,17212.18
7508,16111.43
7509,15305.98
7510,14555.45
7511,13805.64
7512,13391.55
7513,13119.01
7514,12985.8
7515,12944.46
7516,13040.84
7517,13250.71
7518,13429.08
7519,14611.2
7520,14702.49
7521,14602.88
7522,14343.97
7523,13326.47
7524,13017.57
7525,12764.8
7526,12501.3
7527,12832.63
7528,13673.48
7529,14662.17
7530,14897.8
7531,14903.48
7532,14256.47
7533,13656.58
7534,13106.57
7535,12386.72
7536,12204.24
7537,12111.25
7538,12201.49
7539,12070.11
7540,12055.88
7541,12485.72
7542,13366.79
7543,15970.32
7544,16678.47
7545,16391.36
7546,15549.76
7547,15491.74
7548,15026.07
7549,15240.65
7550,14876.94
7551,15434.23
7552,16400.43
7553,17572.73
7554,17550.93
7555,17298.97
7556,16323.23
7557,15452.64
7558,14731.67
7559,14040.38
7560,13539.82
7561,13378.81
7562,13261.14
7563,13095.14
7564,13103.66
7565,13258.63
7566,14215.05
7567,16821.97
7568,17793.95
7569,16703.89
7570,16150.77
7571,15762.59
7572,15617.72
7573,15290.63
7574,14896.27
7575,15629.43
7576,16335.95
7577,17389.97
7578,17103.31
7579,17120.99
7580,16049.47
7581,15226.52
7582,14350.48
7583,13567.51
7584,13065.0
7585,13161.28
7586,12945.18
7587,12753.08
7588,12780.02
7589,12885.64
7590,14107.74
7591,16890.8
7592,17539.03
7593,16344.09
7594,15993.4
7595,15685.86
7596,15302.49
7597,14416.59
7598,14503.5
7599,15470.71
7600,16218.08
7601,17329.79
7602,17032.52
7603,17070.68
7604,16051.07
7605,15247.15
7606,14330.48
7607,13351.98
7608,12830.37
7609,12849.37
7610,12638.24
7611,12682.38
7612,12780.77
7613,12891.18
7614,14039.97
7615,16871.58
7616,17445.72
7617,15411.82
7618,15847.59
7619,15596.95
7620,15350.5
7621,14925.97
7622,14705.72
7623,15774.01
7624,16617.14
7625,17920.59
7626,17729.37
7627,17643.43
7628,16455.57
7629,15630.37
7630,14764.32
7631,13867.55
7632,13386.7
7633,13256.13
7634,13211.68
7635,13198.02
7636,13055.82
7637,13436.01
7638,14651.26
7639,17540.81
7640,18041.41
7641,16967.1
7642,16157.84
7643,16046.96
7644,15723.99
7645,15279.37
7646,14920.54
7647,15736.29
7648,16569.13
7649,17711.79
7650,17651.13
7651,17680.96
7652,16830.78
7653,15744.22
7654,14838.81
7655,13976.42
7656,13545.68
7657,13349.23
7658,13237.88
7659,13100.13
7660,13088.7
7661,13199.68
7662,14048.6
7663,16040.66
7664,16946.39
7665,16717.55
7666,16223.02
7667,16105.35
7668,15662.58
7669,15172.08
7670,15176.21
7671,15870.07
7672,16694.97
7673,17518.03
7674,18066.22
7675,17285.56
7676,16288.68
7677,15599.1
7678,15021.96
7679,14341.16
7680,13887.13
7681,13679.48
7682,13523.54
7683,13370.78
7684,13272.5
7685,13370.65
7686,13852.03
7687,15105.38
7688,15797.84
7689,15345.86
7690,14549.02
7691,13965.57
7692,13733.92
7693,13744.26
7694,13744.26
7695,13433.43
7696,14266.0
7697,15411.34
7698,15538.49
7699,15027.74
7700,14415.05
7701,13716.55
7702,13201.3
7703,12743.54
7704,12385.82
7705,12310.06
7706,12187.54
7707,12129.24
7708,12186.01
7709,12329.99
7710,13464.26
7711,16153.66
7712,17176.74
7713,16566.75
7714,16556.97
7715,15791.19
7716,15603.6
7717,15392.14
7718,14853.0
7719,15838.78
7720,16569.25
7721,17644.94
7722,17582.64
7723,17223.7
7724,16292.77
7725,15574.8
7726,14994.96
7727,14249.6
7728,13777.08
7729,13680.17
7730,13566.75
7731,13403.53
7732,13426.83
7733,13392.77
7734,14502.5
7735,16962.57
7736,17834.85
7737,17057.46
7738,16478.07
7739,16028.05
7740,14781.58
7741,14975.12
7742,14414.31
7743,15328.3
7744,16243.28
7745,17424.28
7746,16962.69
7747,16956.7
7748,15970.3
7749,15192.66
7750,14496.71
7751,13719.69
7752,13187.78
7753,13059.29
7754,13002.33
7755,12798.48
7756,12931.35
7757,12919.68
7758,14139.99
7759,17283.14
7760,18181.51
7761,17017.43
7762,16783.69
7763,16294.71
7764,15761.9
7765,15692.13
7766,15151.19
7767,14987.06
7768,16890.53
7769,17922.96
7770,17710.96
7771,17938.99
7772,17049.01
7773,16281.65
7774,15419.06
7775,14697.9
7776,14095.28
7777,14092.55
7778,13896.62
7779,13733.91
7780,13753.18
7781,13836.18
7782,14862.17
7783,17400.69
7784,17890.72
7785,16673.33
7786,16285.18
7787,15826.0
7788,15553.72
7789,15042.82
7790,14732.97
7791,15998.52
7792,16876.63
7793,18203.7
7794,17868.59
7795,17739.55
7796,16957.45
7797,16258.7
7798,15705.96
7799,15028.25
7800,14491.04
7801,14185.57
7802,13839.87
7803,13651.09
7804,13831.46
7805,13973.25
7806,15104.38
7807,17498.19
7808,18084.31
7809,16625.06
7810,16455.34
7811,16112.12
7812,15695.97
7813,15458.08
7814,15156.94
7815,16111.29
7816,17395.22
7817,18061.49
7818,18087.3
7819,17516.29
7820,16685.78
7821,16115.33
7822,15551.79
7823,15034.9
7824,14630.0
7825,14409.72
7826,14032.11
7827,13906.84
7828,13856.44
7829,13839.29
7830,14600.48
7831,16635.08
7832,17583.99
7833,17213.52
7834,16566.35
7835,15803.71
7836,15986.05
7837,15982.07
7838,15759.54
7839,16824.22
7840,17321.96
7841,18241.83
7842,18025.82
7843,18341.5
7844,17308.11
7845,16709.96
7846,16223.96
7847,15650.01
7848,15034.05
7849,14886.28
7850,14548.28
7851,14366.72
7852,14303.62
7853,14267.76
7854,14438.15
7855,15597.97
7856,16225.55
7857,15364.28
7858,15072.25
7859,14638.8
7860,14654.27
7861,14276.02
7862,13930.14
7863,14548.12
7864,15092.75
7865,16088.95
7866,15711.82
7867,15669.09
7868,15272.71
7869,14901.49
7870,14697.0
7871,14051.23
7872,13583.58
7873,13321.08
7874,13160.09
7875,13039.62
7876,13084.97
7877,13220.19
7878,14277.52
7879,16666.92
7880,17660.38
7881,16934.48
7882,17042.96
7883,16599.03
7884,16063.51
7885,15883.61
7886,15497.88
7887,16306.06
7888,17260.6
7889,18742.97
7890,18275.51
7891,18352.0
7892,17593.48
7893,17096.52
7894,16943.4
7895,16253.34
7896,15467.61
7897,15128.32
7898,14965.78
7899,14757.55
7900,14704.98
7901,14770.57
7902,15873.5
7903,18130.63
7904,18483.84
7905,17669.07
7906,17665.44
7907,17187.56
7908,16773.91
7909,16260.39
7910,15802.04
7911,16551.13
7912,17522.26
7913,18537.2
7914,18253.43
7915,18323.67
7916,17702.85
7917,17242.25
7918,16805.47
7919,16129.24
7920,15342.87
7921,15148.0
7922,14860.44
7923,14784.29
7924,14806.02
7925,14886.54
7926,15674.19
7927,17917.82
7928,18445.87
7929,17561.32
7930,17217.5
7931,17046.01
7932,17046.01
7933,16309.62
7934,16045.38
7935,16896.13
7936,17375.04
7937,18713.57
7938,18344.95
7939,18320.05
7940,17156.49
7941,16552.26
7942,16212.08
7943,15717.08
7944,14987.64
7945,14869.62
7946,14527.16
7947,14283.95
7948,14303.31
7949,14255.08
7950,15174.77
7951,17384.15
7952,17258.21
7953,16700.79
7954,16491.42
7955,16155.13
7956,15737.7
7957,15870.33
7958,15734.37
7959,16592.07
7960,17459.83
7961,18582.47
7962,18177.09
7963,18183.91
7964,17566.52
7965,17019.86
7966,16759.4
7967,16149.63
7968,15315.1
7969,15044.93
7970,14742.44
7971,14446.5
7972,14454.94
7973,14731.09
7974,15489.57
7975,17749.61
7976,18299.53
7977,17086.23
7978,15902.94
7979,16783.62
7980,16175.5
7981,15856.67
7982,15768.37
7983,16272.91
7984,17389.4
7985,18410.48
7986,18292.8
7987,18192.99
7988,17536.76
7989,17039.21
7990,16722.46
7991,16115.28
7992,14897.33
7993,15061.66
7994,13673.77
7995,13917.57
7996,13872.41
7997,14372.12
7998,15092.75
7999,16659.31
8000,17396.28
8001,17070.21
8002,16576.93
8003,16381.38
8004,16208.22
8005,15870.59
8006,15523.38
8007,16398.46
8008,17430.25
8009,18457.59
8010,17813.18
8011,17995.82
8012,17117.91
8013,16697.29
8014,16459.31
8015,16098.57
8016,13154.69
8017,12929.77
8018,12690.62
8019,12502.58
8020,12645.26
8021,13057.15
8022,13471.92
8023,14579.12
8024,15191.99
8025,16184.75
8026,16433.24
8027,16016.93
8028,15825.03
8029,15707.02
8030,14707.18
8031,15051.86
8032,15104.78
8033,14614.81
8034,15044.32
8035,14865.21
8036,14176.05
8037,13604.41
8038,12979.92
8039,12349.96
8040,12153.9
8041,11905.29
8042,11758.82
8043,11716.73
8044,11782.67
8045,12297.11
8046,12961.12
8047,14869.37
8048,15950.73
8049,16637.8
8050,17002.03
8051,16755.04
8052,16583.14
8053,16461.01
8054,16176.25
8055,16381.9
8056,16806.24
8057,17189.95
8058,16913.96
8059,16658.64
8060,15596.98
8061,14845.31
8062,14032.6
8063,13371.05
8064,12986.85
8065,12658.58
8066,12398.51
8067,12372.55
8068,12450.44
8069,12909.33
8070,13357.8
8071,14861.51
8072,15811.33
8073,16361.36
8074,15563.99
8075,15159.91
8076,15349.43
8077,14762.81
8078,14630.31
8079,15000.37
8080,15421.48
8081,16628.56
8082,16579.81
8083,16255.84
8084,15115.01
8085,14544.2
8086,13698.14
8087,12854.36
8088,12518.8
8089,12166.87
8090,11956.12
8091,11949.52
8092,11969.09
8093,12368.12
8094,12644.13
8095,13834.59
8096,14310.08
8097,14614.28
8098,14239.45
8099,13831.62
8100,13546.31
8101,13177.31
8102,13094.34
8103,13292.04
8104,13923.6
8105,14415.3
8106,14736.92
8107,14411.57
8108,13610.35
8109,13048.13
8110,12422.15
8111,11541.47
8112,11185.06
8113,11124.06
8114,11084.11
8115,10855.21
8116,11021.0
8117,11637.07
8118,12726.12
8119,15421.11
8120,15997.51
8121,15780.82
8122,15685.8
8123,15593.83
8124,15335.27
8125,14788.99
8126,14467.12
8127,15519.63
8128,16093.24
8129,17237.17
8130,17358.87
8131,16635.38
8132,15550.32
8133,14432.59
8134,13564.85
8135,12867.34
8136,12498.71
8137,12373.37
8138,12321.92
8139,12175.04
8140,12261.67
8141,12715.36
8142,13930.0
8143,16404.94
8144,15887.96
8145,16632.38
8146,15901.17
8147,15519.58
8148,15340.56
8149,14975.76
8150,14921.81
8151,15486.65
8152,16041.62
8153,16741.13
8154,16956.99
8155,16911.7
8156,15909.44
8157,14920.85
8158,14027.13
8159,13418.49
8160,12942.15
8161,12747.58
8162,12430.52
8163,12290.64
8164,12372.85
8165,12843.14
8166,13734.95
8167,16427.7
8168,17073.96
8169,16008.8
8170,15912.03
8171,15711.13
8172,15365.97
8173,14652.95
8174,14622.93
8175,15122.18
8176,15844.92
8177,16794.46
8178,16585.96
8179,16340.5
8180,15112.95
8181,14359.72
8182,13342.54
8183,12503.17
8184,12142.65
8185,12048.79
8186,11957.08
8187,11815.24
8188,11918.15
8189,12193.3
8190,13461.67
8191,16048.94
8192,16578.21
8193,15279.54
8194,16328.48
8195,16010.16
8196,15455.3
8197,15296.29
8198,14922.6
8199,15391.77
8200,15816.18
8201,16515.04
8202,16357.82
8203,16416.5
8204,15303.67
8205,14394.75
8206,13574.26
8207,12534.26
8208,12135.17
8209,11944.39
8210,11743.39
8211,11647.68
8212,11787.53
8213,12386.67
8214,13596.57
8215,16242.64
8216,17208.01
8217,16823.29
8218,16819.57
8219,16121.99
8220,15778.55
8221,15345.32
8222,15095.42
8223,15591.34
8224,16308.25
8225,16788.12
8226,16483.93
8227,16141.28
8228,15184.19
8229,14313.9
8230,13523.25
8231,12615.73
8232,12099.19
8233,11913.52
8234,11772.58
8235,11733.43
8236,11796.07
8237,12290.13
8238,12929.35
8239,14890.7
8240,15809.18
8241,16132.67
8242,15830.93
8243,15483.51
8244,15683.09
8245,14671.1
8246,15015.89
8247,15188.13
8248,15945.68
8249,16246.41
8250,15769.76
8251,15414.24
8252,14690.15
8253,13935.65
8254,13105.82
8255,12366.43
8256,11988.81
8257,11630.96
8258,11668.22
8259,11353.14
8260,11314.56
8261,11519.56
8262,11853.25
8263,12910.98
8264,13961.06
8265,14306.35
8266,14309.61
8267,13887.77
8268,13914.76
8269,13390.44
8270,13178.81
8271,13159.09
8272,13576.66
8273,13739.1
8274,13857.86
8275,13738.08
8276,12936.81
8277,12265.6
8278,11601.1
8279,10860.96
8280,10290.42
8281,9940.34
8282,9845.72
8283,9704.69
8284,9913.63
8285,10451.84
8286,11775.38
8287,14492.63
8288,15856.71
8289,15476.9
8290,15633.22
8291,15500.94
8292,14875.01
8293,14556.71
8294,14374.65
8295,14633.21
8296,15035.93
8297,15435.33
8298,15772.82
8299,15877.84
8300,14885.96
8301,14090.56
8302,13053.66
8303,11957.54
8304,11327.19
8305,11164.18
8306,11062.3
8307,10766.17
8308,10974.37
8309,11279.63
8310,12409.15
8311,14716.63
8312,15386.97
8313,14562.92
8314,15185.35
8315,14907.62
8316,14450.41
8317,14346.56
8318,14068.44
8319,14725.96
8320,14776.46
8321,15568.7
8322,15783.25
8323,16032.13
8324,15029.43
8325,14182.32
8326,13247.82
8327,12179.92
8328,11590.95
8329,11037.34
8330,10956.49
8331,10735.77
8332,10737.59
8333,11348.15
8334,12229.88
8335,14082.0
8336,14571.22
8337,15275.87
8338,15455.76
8339,15120.09
8340,14782.28
8341,14494.4
8342,14044.09
8343,14148.23
8344,14807.62
8345,15023.05
8346,15578.9
8347,15429.51
8348,14408.57
8349,13568.94
8350,12754.37
8351,11805.1
8352,11239.46
8353,10798.11
8354,10589.33
8355,10632.09
8356,10749.35
8357,11347.36
8358,11899.35
8359,12876.11
8360,13079.08
8361,12697.48
8362,11577.51
8363,10677.74
8364,9959.61
8365,9562.75
8366,9351.3
8367,9719.75
8368,10269.98
8369,10607.48
8370,11628.21
8371,11788.52
8372,11182.89
8373,10782.13
8374,10224.64
8375,9537.92
8376,9177.44
8377,9038.54
8378,8836.71
8379,8839.37
8380,8952.5
8381,9320.85
8382,9947.5
8383,11216.82
8384,11927.38
8385,12336.22
8386,12272.8
8387,11451.73
8388,11079.45
8389,10973.47
8390,10790.15
8391,11077.15
8392,11470.99
8393,11252.38
8394,11723.27
8395,12113.3
8396,11467.9
8397,11014.56
8398,10391.54
8399,9679.18
8400,9429.16
8401,9222.02
8402,9119.62
8403,8917.82
8404,8975.82
8405,9361.31
8406,9879.69
8407,11209.88
8408,12200.99
8409,12503.88
8410,11603.16
8411,11685.59
8412,11612.83
8413,11209.36
8414,10928.0
8415,11360.52
8416,12258.61
8417,12579.83
8418,13336.72
8419,13284.76
8420,12570.77
8421,11903.63
8422,11358.0
8423,10574.64
8424,10351.61
8425,10192.81
8426,10155.52
8427,10039.4
8428,9981.3
8429,10368.33
8430,10882.33
8431,12412.03
8432,13032.95
8433,13229.29
8434,12769.43
8435,11329.88
8436,12156.02
8437,12012.29
8438,11557.25
8439,12021.21
8440,12728.76
8441,12631.71
8442,13356.31
8443,13682.21
8444,12770.65
8445,12409.45
8446,11750.07
8447,11183.37
8448,10741.63
8449,10714.4
8450,10618.04
8451,10439.51
8452,10548.38
8453,10928.15
8454,11950.66
8455,14609.51
8456,15263.36
8457,14756.48
8458,14827.69
8459,14430.64
8460,14276.63
8461,13889.9
8462,13915.32
8463,14501.76
8464,15057.56
8465,16055.33
8466,16465.55
8467,16358.81
8468,15258.28
8469,14514.68
8470,13614.12
8471,12773.26
8472,12383.03
8473,12321.8
8474,12132.63
8475,12001.71
8476,11918.32
8477,12410.42
8478,13373.35
8479,16021.92
8480,16433.51
8481,15602.01
8482,14551.85
8483,14301.29
8484,14055.78
8485,13476.74
8486,13243.83
8487,13955.13
8488,15104.25
8489,16530.34
8490,17063.65
8491,16580.59
8492,15428.62
8493,14496.16
8494,13516.75
8495,12689.4
8496,12155.54
8497,12066.83
8498,11938.59
8499,11913.94
8500,11987.48
8501,12241.13
8502,13395.24
8503,16058.29
8504,16601.52
8505,15776.11
8506,15023.38
8507,14727.3
8508,14356.52
8509,13750.39
8510,13544.47
8511,14507.91
8512,15237.7
8513,16644.17
8514,16865.55
8515,16676.75
8516,15459.92
8517,14544.85
8518,13698.55
8519,12807.97
8520,12377.25
8521,12157.21
8522,11994.43
8523,11865.07
8524,11928.26
8525,12030.97
8526,13346.43
8527,16096.1
8528,16337.03
8529,14720.02
8530,14729.15
8531,14451.73
8532,14246.74
8533,13793.27
8534,13796.05
8535,14197.55
8536,15321.92
8537,16730.63
8538,17008.63
8539,17173.29
8540,15929.4
8541,14887.25
8542,13928.05
8543,12899.47
8544,12448.18
8545,12242.43
8546,12054.2
8547,12157.88
8548,12179.68
8549,12497.1
8550,13714.81
8551,16492.69
8552,16801.9
8553,15850.55
8554,14535.08
8555,14886.27
8556,14828.85
8557,14475.01
8558,14073.4
8559,14744.0
8560,15803.94
8561,17151.44
8562,16986.12
8563,16807.46
8564,15658.22
8565,14657.07
8566,13699.53
8567,12840.15
8568,12363.72
8569,12323.95
8570,12217.79
8571,12214.83
8572,12245.13
8573,12671.4
8574,13367.84
8575,15531.09
8576,16324.71
8577,16104.1
8578,15822.52
8579,15142.76
8580,15380.58
8581,15007.69
8582,14856.02
8583,15342.12
8584,16031.58
8585,16039.5
8586,16208.11
8587,15900.32
8588,14761.66
8589,14299.41
8590,13343.0
8591,12449.26
8592,12053.56
8593,11717.96
8594,11622.97
8595,11409.44
8596,11526.78
8597,11684.85
8598,12167.1
8599,13497.61
8600,14275.68
8601,14443.47
8602,14423.72
8603,14330.0
8604,14070.92
8605,13664.72
8606,13340.39
8607,13490.85
8608,13851.27
8609,14302.14
8610,14180.39
8611,14285.11
8612,13426.19
8613,12892.03
8614,11872.89
8615,11223.23
8616,11013.98
8617,10734.23
8618,10531.54
8619,10316.08
8620,10283.4
8621,10457.37
8622,10959.31
8623,12439.04
8624,13350.8
8625,13419.85
8626,13035.85
8627,12875.06
8628,12195.08
8629,12303.1
8630,12097.03
8631,12353.41
8632,12898.67
8633,13316.32
8634,13745.55
8635,13893.84
8636,13272.13
8637,12845.47
8638,12141.78
8639,11182.97
8640,10722.38
8641,10371.63
8642,10153.84
8643,10134.96
8644,10149.51
8645,10454.23
8646,11848.33
8647,14986.94
8648,15662.1
8649,15163.16
8650,14595.36
8651,14084.18
8652,13865.03
8653,13534.42
8654,13144.74
8655,14158.08
8656,14662.86
8657,15917.84
8658,16499.6
8659,16535.33
8660,15332.36
8661,14583.1
8662,13719.96
8663,12504.83
8664,12066.9
8665,11889.44
8666,11907.84
8667,11935.4
8668,12129.99
8669,12598.42
8670,13406.64
8671,15797.29
8672,16018.35
8673,14818.41
8674,14009.41
8675,13483.2
8676,13274.37
8677,12667.0
8678,12928.87
8679,13869.92
8680,15027.59
8681,16370.32
8682,16908.63
8683,16814.52
8684,15665.39
8685,14843.34
8686,13873.21
8687,12783.05
8688,12424.73
8689,12300.58
8690,12079.94
8691,11891.62
8692,11887.21
8693,12153.89
8694,13261.19
8695,16019.13
8696,16626.14
8697,15771.31
8698,14746.79
8699,14724.23
8700,14469.6
8701,13725.46
8702,13535.28
8703,14154.99
8704,15164.65
8705,16291.63
8706,16525.71
8707,16989.86
8708,15848.55
8709,14920.65
8710,13921.79
8711,12937.37
8712,12549.84
8713,12256.43
8714,12119.24
8715,12048.7
8716,11915.52
8717,12320.5
8718,13656.6
8719,16293.95
8720,16602.06
8721,16038.5
8722,15589.99
8723,15076.5
8724,14827.92
8725,14424.52
8726,14356.87
8727,14766.54
8728,15713.72
8729,16787.57
8730,16533.22
8731,16659.71
8732,15611.86
8733,14694.3
8734,13787.09
8735,12974.17
8736,12579.2
8737,12369.65
8738,12213.67
8739,11999.41
8740,12077.93
8741,12567.41
8742,13133.43
8743,15440.62
8744,15908.77
8745,15852.94
8746,14905.38
8747,14665.09
8748,14477.9
8749,13950.45
8750,13491.71
8751,14195.97
8752,14879.02
8753,16232.61
8754,16415.63
8755,16760.26
8756,15729.88
8757,14862.51
8758,13895.42
8759,12891.48
