source_row,quarter,State,Date,Hourly Demand Met (in MW)
0,1,Tamil Nadu - 2026,01-Jan 12am,3296.6265036334685
0,2,Tamil Nadu - 2026,01-Jan 12am,3294.20878943604
0,3,Tamil Nadu - 2026,01-Jan 12am,3288.1645039424666
0,4,Tamil Nadu - 2026,01-Jan 12am,3275.6902029880257
1,1,Tamil Nadu - 2026,01-Jan 1am,3256.785886572721
1,2,Tamil Nadu - 2026,01-Jan 1am,3239.617355010231
1,3,Tamil Nadu - 2026,01-Jan 1am,3224.1846083005566
1,4,Tamil Nadu - 2026,01-Jan 1am,3209.182150116492
2,1,Tamil Nadu - 2026,01-Jan 2am,3194.6099804580303
2,2,Tamil Nadu - 2026,01-Jan 2am,3180.1352769747496
2,3,Tamil Nadu - 2026,01-Jan 2am,3165.758039666649
2,4,Tamil Nadu - 2026,01-Jan 2am,3150.116702900572
3,1,Tamil Nadu - 2026,01-Jan 3am,3133.2112666765183
3,2,Tamil Nadu - 2026,01-Jan 3am,3123.543947143853
3,3,Tamil Nadu - 2026,01-Jan 3am,3121.11474430258
3,4,Tamil Nadu - 2026,01-Jan 3am,3124.710041877048
4,1,Tamil Nadu - 2026,01-Jan 4am,3134.329839867256
4,2,Tamil Nadu - 2026,01-Jan 4am,3148.753619777727
4,3,Tamil Nadu - 2026,01-Jan 4am,3167.9813816084616
4,4,Tamil Nadu - 2026,01-Jan 4am,3194.1951587465555
5,1,Tamil Nadu - 2026,01-Jan 5am,3227.394951192008
5,2,Tamil Nadu - 2026,01-Jan 5am,3255.7090771177186
5,3,Tamil Nadu - 2026,01-Jan 5am,3279.137536523689
5,4,Tamil Nadu - 2026,01-Jan 5am,3294.908435166584
6,1,Tamil Nadu - 2026,01-Jan 6am,3303.0217730464
6,2,Tamil Nadu - 2026,01-Jan 6am,3331.980597450264
6,3,Tamil Nadu - 2026,01-Jan 6am,3381.78490837818
6,4,Tamil Nadu - 2026,01-Jan 6am,3455.1327211251564
7,1,Tamil Nadu - 2026,01-Jan 7am,3552.024035691195
7,2,Tamil Nadu - 2026,01-Jan 7am,3627.7677130190937
7,3,Tamil Nadu - 2026,01-Jan 7am,3682.3637531088552
7,4,Tamil Nadu - 2026,01-Jan 7am,3716.964498180857
8,1,Tamil Nadu - 2026,01-Jan 8am,3731.569948235096
8,2,Tamil Nadu - 2026,01-Jan 8am,3763.9571890065126
8,3,Tamil Nadu - 2026,01-Jan 8am,3814.126220495106
8,4,Tamil Nadu - 2026,01-Jan 8am,3882.3366422632857
9,1,Tamil Nadu - 2026,01-Jan 9am,3968.588454311053
9,2,Tamil Nadu - 2026,01-Jan 9am,4033.5469735290103
9,3,Tamil Nadu - 2026,01-Jan 9am,4077.212199917164
9,4,Tamil Nadu - 2026,01-Jan 9am,4105.402372242773
10,1,Tamil Nadu - 2026,01-Jan 10am,4118.117490505838
10,2,Tamil Nadu - 2026,01-Jan 10am,4119.782805212182
10,3,Tamil Nadu - 2026,01-Jan 10am,4110.398316361808
10,4,Tamil Nadu - 2026,01-Jan 10am,4084.941387920174
11,1,Tamil Nadu - 2026,01-Jan 11am,4043.412019887282
11,2,Tamil Nadu - 2026,01-Jan 11am,4011.520777964542
11,3,Tamil Nadu - 2026,01-Jan 11am,3989.2676621519536
11,4,Tamil Nadu - 2026,01-Jan 11am,3972.729539996223
12,1,Tamil Nadu - 2026,01-Jan 12pm,3961.90641149735
12,2,Tamil Nadu - 2026,01-Jan 12pm,3954.626505673689
12,3,Tamil Nadu - 2026,01-Jan 12pm,3950.889822525241
12,4,Tamil Nadu - 2026,01-Jan 12pm,3957.607260303721
13,1,Tamil Nadu - 2026,01-Jan 1pm,3974.7788190091287
13,2,Tamil Nadu - 2026,01-Jan 1pm,3963.1108801128166
13,3,Tamil Nadu - 2026,01-Jan 1pm,3922.603443614786
13,4,Tamil Nadu - 2026,01-Jan 1pm,3846.526857263269
14,1,Tamil Nadu - 2026,01-Jan 2pm,3734.881121058261
14,2,Tamil Nadu - 2026,01-Jan 2pm,3667.337767039032
14,3,Tamil Nadu - 2026,01-Jan 2pm,3643.896795205584
14,4,Tamil Nadu - 2026,01-Jan 2pm,3661.064316697122
15,1,Tamil Nadu - 2026,01-Jan 3pm,3718.840331513652
15,2,Tamil Nadu - 2026,01-Jan 3pm,3758.5166407806378
15,3,Tamil Nadu - 2026,01-Jan 3pm,3780.09324449808
15,4,Tamil Nadu - 2026,01-Jan 3pm,3794.409783207631
16,1,Tamil Nadu - 2026,01-Jan 4pm,3801.4662569092943
16,2,Tamil Nadu - 2026,01-Jan 4pm,3794.9330212276736
16,3,Tamil Nadu - 2026,01-Jan 4pm,3774.810076162768
16,4,Tamil Nadu - 2026,01-Jan 4pm,3733.570645700264
17,1,Tamil Nadu - 2026,01-Jan 5pm,3671.21472984016
17,2,Tamil Nadu - 2026,01-Jan 5pm,3639.2326290437377
17,3,Tamil Nadu - 2026,01-Jan 5pm,3637.624343311003
17,4,Tamil Nadu - 2026,01-Jan 5pm,3666.738297805099
18,1,Tamil Nadu - 2026,01-Jan 6pm,3726.5744925260265
18,2,Tamil Nadu - 2026,01-Jan 6pm,3763.552076033619
18,3,Tamil Nadu - 2026,01-Jan 6pm,3777.671048327872
18,4,Tamil Nadu - 2026,01-Jan 6pm,3776.522383112482
19,1,Tamil Nadu - 2026,01-Jan 7pm,3760.106080387455
19,2,Tamil Nadu - 2026,01-Jan 7pm,3736.45714937077
19,3,Tamil Nadu - 2026,01-Jan 7pm,3705.575590062426
19,4,Tamil Nadu - 2026,01-Jan 7pm,3663.0711801793486
20,1,Tamil Nadu - 2026,01-Jan 8pm,3608.943919721539
20,2,Tamil Nadu - 2026,01-Jan 8pm,3561.500133169462
20,3,Tamil Nadu - 2026,01-Jan 8pm,3520.739820523119
20,4,Tamil Nadu - 2026,01-Jan 8pm,3484.86612658588
21,1,Tamil Nadu - 2026,01-Jan 9pm,3453.879051357742
21,2,Tamil Nadu - 2026,01-Jan 9pm,3420.2534015380256
21,3,Tamil Nadu - 2026,01-Jan 9pm,3383.9891771267294
21,4,Tamil Nadu - 2026,01-Jan 9pm,3346.288369977503
22,1,Tamil Nadu - 2026,01-Jan 10pm,3307.150980090344
22,2,Tamil Nadu - 2026,01-Jan 10pm,3266.890249644043
22,3,Tamil Nadu - 2026,01-Jan 10pm,3225.5061786386
22,4,Tamil Nadu - 2026,01-Jan 10pm,3180.3725916270137
23,1,Tamil Nadu - 2026,01-Jan 11pm,3131.489488609285
23,2,Tamil Nadu - 2026,01-Jan 11pm,3094.300680088636
23,3,Tamil Nadu - 2026,01-Jan 11pm,3068.806166065063
23,4,Tamil Nadu - 2026,01-Jan 11pm,3055.363665237015
24,1,Tamil Nadu - 2026,02-Jan 12am,3053.973177604493
24,2,Tamil Nadu - 2026,02-Jan 12am,3047.0445804735846
24,3,Tamil Nadu - 2026,02-Jan 12am,3034.5778738442887
24,4,Tamil Nadu - 2026,02-Jan 12am,3018.3043680776336
25,1,Tamil Nadu - 2026,02-Jan 1am,2998.2240631736195
25,2,Tamil Nadu - 2026,02-Jan 1am,2981.5392196599933
25,3,Tamil Nadu - 2026,02-Jan 1am,2968.2498375367554
25,4,Tamil Nadu - 2026,02-Jan 1am,2957.2768796296327
26,1,Tamil Nadu - 2026,02-Jan 2am,2948.620345938624
26,2,Tamil Nadu - 2026,02-Jan 2am,2941.55219898162
26,3,Tamil Nadu - 2026,02-Jan 2am,2936.072438758622
26,4,Tamil Nadu - 2026,02-Jan 2am,2932.5750163211337
27,1,Tamil Nadu - 2026,02-Jan 3am,2931.059931669155
27,2,Tamil Nadu - 2026,02-Jan 3am,2929.891515975769
27,3,Tamil Nadu - 2026,02-Jan 3am,2929.069769240976
27,4,Tamil Nadu - 2026,02-Jan 3am,2926.7087831141
28,1,Tamil Nadu - 2026,02-Jan 4am,2922.8085575951404
28,2,Tamil Nadu - 2026,02-Jan 4am,2930.320211615072
28,3,Tamil Nadu - 2026,02-Jan 4am,2949.243745173895
28,4,Tamil Nadu - 2026,02-Jan 4am,2980.2974856158926
29,1,Tamil Nadu - 2026,02-Jan 5am,3023.481432941064
29,2,Tamil Nadu - 2026,02-Jan 5am,3061.534504152735
29,3,Tamil Nadu - 2026,02-Jan 5am,3094.456699250905
29,4,Tamil Nadu - 2026,02-Jan 5am,3117.6373636552967
30,1,Tamil Nadu - 2026,02-Jan 6am,3131.0764973659084
30,2,Tamil Nadu - 2026,02-Jan 6am,3179.699110861093
30,3,Tamil Nadu - 2026,02-Jan 6am,3263.505204140853
30,4,Tamil Nadu - 2026,02-Jan 6am,3386.8391876321457
31,1,Tamil Nadu - 2026,02-Jan 7am,3549.7010613349707
31,2,Tamil Nadu - 2026,02-Jan 7am,3681.099352209226
31,3,Tamil Nadu - 2026,02-Jan 7am,3781.034060254915
31,4,Tamil Nadu - 2026,02-Jan 7am,3857.535526200889
32,1,Tamil Nadu - 2026,02-Jan 8am,3910.6037500471502
32,2,Tamil Nadu - 2026,02-Jan 8am,3963.048160460671
32,3,Tamil Nadu - 2026,02-Jan 8am,4014.868757441455
32,4,Tamil Nadu - 2026,02-Jan 8am,4062.2093320507233
33,1,Tamil Nadu - 2026,02-Jan 9am,4105.069884288481
33,2,Tamil Nadu - 2026,02-Jan 9am,4143.778239120398
33,3,Tamil Nadu - 2026,02-Jan 9am,4178.334396546476
33,4,Tamil Nadu - 2026,02-Jan 9am,4210.617480044644
34,1,Tamil Nadu - 2026,02-Jan 10am,4240.627489614901
34,2,Tamil Nadu - 2026,02-Jan 10am,4256.7618594239975
34,3,Tamil Nadu - 2026,02-Jan 10am,4259.020589471932
34,4,Tamil Nadu - 2026,02-Jan 10am,4245.620061489169
35,1,Tamil Nadu - 2026,02-Jan 11am,4216.560275475707
35,2,Tamil Nadu - 2026,02-Jan 11am,4194.145506882029
35,3,Tamil Nadu - 2026,02-Jan 11am,4178.375755708134
35,4,Tamil Nadu - 2026,02-Jan 11am,4165.95846193413
36,1,Tamil Nadu - 2026,02-Jan 12pm,4156.89362556002
36,2,Tamil Nadu - 2026,02-Jan 12pm,4148.632331254672
36,3,Tamil Nadu - 2026,02-Jan 12pm,4141.174579018089
36,4,Tamil Nadu - 2026,02-Jan 12pm,4136.439464167218
37,1,Tamil Nadu - 2026,02-Jan 1pm,4134.426986702055
37,2,Tamil Nadu - 2026,02-Jan 1pm,4126.171490052048
37,3,Tamil Nadu - 2026,02-Jan 1pm,4111.6729742172
37,4,Tamil Nadu - 2026,02-Jan 1pm,4088.738549028695
38,1,Tamil Nadu - 2026,02-Jan 2pm,4057.368214486537
38,2,Tamil Nadu - 2026,02-Jan 2pm,4039.684968174139
38,3,Tamil Nadu - 2026,02-Jan 2pm,4035.6888100915057
38,4,Tamil Nadu - 2026,02-Jan 2pm,4043.5080072478186
39,1,Tamil Nadu - 2026,02-Jan 3pm,4063.14255964308
39,2,Tamil Nadu - 2026,02-Jan 3pm,4083.699867638773
39,3,Tamil Nadu - 2026,02-Jan 3pm,4105.179931234898
39,4,Tamil Nadu - 2026,02-Jan 3pm,4129.87764148325
40,1,Tamil Nadu - 2026,02-Jan 4pm,4157.792998383832
40,2,Tamil Nadu - 2026,02-Jan 4pm,4186.049255264382
40,3,Tamil Nadu - 2026,02-Jan 4pm,4214.646412124898
40,4,Tamil Nadu - 2026,02-Jan 4pm,4247.751334226889
41,1,Tamil Nadu - 2026,02-Jan 5pm,4285.364021570355
41,2,Tamil Nadu - 2026,02-Jan 5pm,4305.360029258515
41,3,Tamil Nadu - 2026,02-Jan 5pm,4307.7393572913725
41,4,Tamil Nadu - 2026,02-Jan 5pm,4291.486591879758
42,1,Tamil Nadu - 2026,02-Jan 6pm,4256.60173302367
42,2,Tamil Nadu - 2026,02-Jan 6pm,4231.301708354908
42,3,Tamil Nadu - 2026,02-Jan 6pm,4215.586517873468
42,4,Tamil Nadu - 2026,02-Jan 6pm,4210.470040747954
43,1,Tamil Nadu - 2026,02-Jan 7pm,4215.95227697837
43,2,Tamil Nadu - 2026,02-Jan 7pm,4197.733023921296
43,3,Tamil Nadu - 2026,02-Jan 7pm,4155.812281576729
43,4,Tamil Nadu - 2026,02-Jan 7pm,4089.142417523604
44,1,Tamil Nadu - 2026,02-Jan 8pm,3997.7234317619177
44,2,Tamil Nadu - 2026,02-Jan 8pm,3922.1413214615095
44,3,Tamil Nadu - 2026,02-Jan 8pm,3862.3960866223792
44,4,Tamil Nadu - 2026,02-Jan 8pm,3814.719160154193
45,1,Tamil Nadu - 2026,02-Jan 9pm,3779.110542056949
45,2,Tamil Nadu - 2026,02-Jan 9pm,3737.5956377028256
45,3,Tamil Nadu - 2026,02-Jan 9pm,3690.174447091823
45,4,Tamil Nadu - 2026,02-Jan 9pm,3638.429373148402
46,1,Tamil Nadu - 2026,02-Jan 10pm,3582.3604158725643
46,2,Tamil Nadu - 2026,02-Jan 10pm,3530.447752345364
46,3,Tamil Nadu - 2026,02-Jan 10pm,3482.6913825667984
46,4,Tamil Nadu - 2026,02-Jan 10pm,3437.100449215274
47,1,Tamil Nadu - 2026,02-Jan 11pm,3393.6749522907885
47,2,Tamil Nadu - 2026,02-Jan 11pm,3355.879858641872
47,3,Tamil Nadu - 2026,02-Jan 11pm,3323.715168268521
47,4,Tamil Nadu - 2026,02-Jan 11pm,3297.780020798818
48,1,Tamil Nadu - 2026,03-Jan 12am,3278.074416232761
48,2,Tamil Nadu - 2026,03-Jan 12am,3257.538549953348
48,3,Tamil Nadu - 2026,03-Jan 12am,3236.172421960577
48,4,Tamil Nadu - 2026,03-Jan 12am,3215.0646118533136
49,1,Tamil Nadu - 2026,03-Jan 1am,3194.2151196315567
49,2,Tamil Nadu - 2026,03-Jan 1am,3174.1522723191324
49,3,Tamil Nadu - 2026,03-Jan 1am,3154.876069916043
49,4,Tamil Nadu - 2026,03-Jan 1am,3135.336538133268
50,1,Tamil Nadu - 2026,03-Jan 2am,3115.5336769708083
50,2,Tamil Nadu - 2026,03-Jan 2am,3101.239005138951
50,3,Tamil Nadu - 2026,03-Jan 2am,3092.452522637699
50,4,Tamil Nadu - 2026,03-Jan 2am,3089.2847952525417
51,1,Tamil Nadu - 2026,03-Jan 3am,3091.7358229834767
51,2,Tamil Nadu - 2026,03-Jan 3am,3093.37069240728
51,3,Tamil Nadu - 2026,03-Jan 3am,3094.1894035239493
51,4,Tamil Nadu - 2026,03-Jan 3am,3093.2540810852934
52,1,Tamil Nadu - 2026,03-Jan 4am,3090.564725091312
52,2,Tamil Nadu - 2026,03-Jan 4am,3098.183500454387
52,3,Tamil Nadu - 2026,03-Jan 4am,3116.110407174515
52,4,Tamil Nadu - 2026,03-Jan 4am,3145.5813672797867
53,1,Tamil Nadu - 2026,03-Jan 5am,3186.596380770201
53,2,Tamil Nadu - 2026,03-Jan 5am,3219.6777505648424
53,3,Tamil Nadu - 2026,03-Jan 5am,3244.8254766637137
53,4,Tamil Nadu - 2026,03-Jan 5am,3258.2303920012428
54,1,Tamil Nadu - 2026,03-Jan 6am,3259.892496577431
54,2,Tamil Nadu - 2026,03-Jan 6am,3292.144489866605
54,3,Tamil Nadu - 2026,03-Jan 6am,3354.9863718687648
54,4,Tamil Nadu - 2026,03-Jan 6am,3450.776641687198
55,1,Tamil Nadu - 2026,03-Jan 7am,3579.5152993219044
55,2,Tamil Nadu - 2026,03-Jan 7am,3684.7186506788394
55,3,Tamil Nadu - 2026,03-Jan 7am,3766.386695758
55,4,Tamil Nadu - 2026,03-Jan 7am,3830.8893542412575
56,1,Tamil Nadu - 2026,03-Jan 8am,3878.2266261286154
56,2,Tamil Nadu - 2026,03-Jan 8am,3926.662687422897
56,3,Tamil Nadu - 2026,03-Jan 8am,3976.197538124101
56,4,Tamil Nadu - 2026,03-Jan 8am,4030.2431483243863
57,1,Tamil Nadu - 2026,03-Jan 9am,4088.799518023755
57,2,Tamil Nadu - 2026,03-Jan 9am,4113.130650666441
57,3,Tamil Nadu - 2026,03-Jan 9am,4103.236546252449
57,4,Tamil Nadu - 2026,03-Jan 9am,4056.193285057355
58,1,Tamil Nadu - 2026,03-Jan 10am,3972.0008670811594
58,2,Tamil Nadu - 2026,03-Jan 10am,3906.938807226148
58,3,Tamil Nadu - 2026,03-Jan 10am,3861.007105492323
58,4,Tamil Nadu - 2026,03-Jan 10am,3824.0432202003694
59,1,Tamil Nadu - 2026,03-Jan 11am,3796.047151350297
59,2,Tamil Nadu - 2026,03-Jan 11am,3781.7146341156586
59,3,Tamil Nadu - 2026,03-Jan 11am,3781.045668496455
59,4,Tamil Nadu - 2026,03-Jan 11am,3801.102546037589
60,1,Tamil Nadu - 2026,03-Jan 12pm,3841.8852667390593
60,2,Tamil Nadu - 2026,03-Jan 12pm,3856.3243461579
60,3,Tamil Nadu - 2026,03-Jan 12pm,3844.419784294112
60,4,Tamil Nadu - 2026,03-Jan 12pm,3806.8006028089294
61,1,Tamil Nadu - 2026,03-Jan 1pm,3743.4668017023537
61,2,Tamil Nadu - 2026,03-Jan 1pm,3697.713735449938
61,3,Tamil Nadu - 2026,03-Jan 1pm,3669.54140405168
61,4,Tamil Nadu - 2026,03-Jan 1pm,3652.088058796027
62,1,Tamil Nadu - 2026,03-Jan 2pm,3645.35369968298
62,2,Tamil Nadu - 2026,03-Jan 2pm,3647.213464506306
62,3,Tamil Nadu - 2026,03-Jan 2pm,3657.667353266009
62,4,Tamil Nadu - 2026,03-Jan 2pm,3680.075482544704
63,1,Tamil Nadu - 2026,03-Jan 3pm,3714.437852342392
63,2,Tamil Nadu - 2026,03-Jan 3pm,3742.7186253695977
63,3,Tamil Nadu - 2026,03-Jan 3pm,3764.917801626324
63,4,Tamil Nadu - 2026,03-Jan 3pm,3778.295720661688
64,1,Tamil Nadu - 2026,03-Jan 4pm,3782.852382475691
64,2,Tamil Nadu - 2026,03-Jan 4pm,3813.061587063082
64,3,Tamil Nadu - 2026,03-Jan 4pm,3868.9233344238655
64,4,Tamil Nadu - 2026,03-Jan 4pm,3956.642696037361
65,1,Tamil Nadu - 2026,03-Jan 5pm,4076.21967190357
65,2,Tamil Nadu - 2026,03-Jan 5pm,4155.950033151804
65,3,Tamil Nadu - 2026,03-Jan 5pm,4195.833779782065
65,4,Tamil Nadu - 2026,03-Jan 5pm,4200.556515162562
66,1,Tamil Nadu - 2026,03-Jan 6pm,4170.118239293294
66,2,Tamil Nadu - 2026,03-Jan 6pm,4148.109560835693
66,3,Tamil Nadu - 2026,03-Jan 6pm,4134.530479789755
66,4,Tamil Nadu - 2026,03-Jan 6pm,4127.051720081259
67,1,Tamil Nadu - 2026,03-Jan 7pm,4125.673281710207
67,2,Tamil Nadu - 2026,03-Jan 7pm,4100.780212460496
67,3,Tamil Nadu - 2026,03-Jan 7pm,4052.3725123321215
67,4,Tamil Nadu - 2026,03-Jan 7pm,3977.0139934971753
68,1,Tamil Nadu - 2026,03-Jan 8pm,3874.704655955653
68,2,Tamil Nadu - 2026,03-Jan 8pm,3795.676578891152
68,3,Tamil Nadu - 2026,03-Jan 8pm,3739.929762303675
68,4,Tamil Nadu - 2026,03-Jan 8pm,3704.6990028495206
69,1,Tamil Nadu - 2026,03-Jan 9pm,3689.9843005286903
69,2,Tamil Nadu - 2026,03-Jan 9pm,3662.144796219773
69,3,Tamil Nadu - 2026,03-Jan 9pm,3621.180489922766
69,4,Tamil Nadu - 2026,03-Jan 9pm,3570.890413328771
70,1,Tamil Nadu - 2026,03-Jan 10pm,3511.2745664377885
70,2,Tamil Nadu - 2026,03-Jan 10pm,3453.179618224622
70,3,Tamil Nadu - 2026,03-Jan 10pm,3396.605568689273
70,4,Tamil Nadu - 2026,03-Jan 10pm,3337.080246648316
71,1,Tamil Nadu - 2026,03-Jan 11pm,3274.6036521017486
71,2,Tamil Nadu - 2026,03-Jan 11pm,3225.162143175319
71,3,Tamil Nadu - 2026,03-Jan 11pm,3188.7557198690265
71,4,Tamil Nadu - 2026,03-Jan 11pm,3165.8384848539063
72,1,Tamil Nadu - 2026,04-Jan 12am,3156.410438129957
72,2,Tamil Nadu - 2026,04-Jan 12am,3141.7606055452247
72,3,Tamil Nadu - 2026,04-Jan 12am,3121.8889870997086
72,4,Tamil Nadu - 2026,04-Jan 12am,3098.739969225109
73,1,Tamil Nadu - 2026,04-Jan 1am,3072.3135519214256
73,2,Tamil Nadu - 2026,04-Jan 1am,3049.6543907504138
73,3,Tamil Nadu - 2026,04-Jan 1am,3030.762485712072
73,4,Tamil Nadu - 2026,04-Jan 1am,3014.1395716160896
74,1,Tamil Nadu - 2026,04-Jan 2am,2999.7856484624685
74,2,Tamil Nadu - 2026,04-Jan 2am,2989.645651831315
74,3,Tamil Nadu - 2026,04-Jan 2am,2983.7195817226307
74,4,Tamil Nadu - 2026,04-Jan 2am,2982.969117983587
75,1,Tamil Nadu - 2026,04-Jan 3am,2987.394260614185
75,2,Tamil Nadu - 2026,04-Jan 3am,2989.2799949512773
75,3,Tamil Nadu - 2026,04-Jan 3am,2988.626320994861
75,4,Tamil Nadu - 2026,04-Jan 3am,2984.219423439676
76,1,Tamil Nadu - 2026,04-Jan 4am,2976.05930228572
76,2,Tamil Nadu - 2026,04-Jan 4am,2979.143864027724
76,3,Tamil Nadu - 2026,04-Jan 4am,2993.473108665688
76,4,Tamil Nadu - 2026,04-Jan 4am,3020.413725020869
77,1,Tamil Nadu - 2026,04-Jan 5am,3059.965713093264
77,2,Tamil Nadu - 2026,04-Jan 5am,3088.931033460622
77,3,Tamil Nadu - 2026,04-Jan 5am,3107.3096861229446
77,4,Tamil Nadu - 2026,04-Jan 5am,3111.91356732317
78,1,Tamil Nadu - 2026,04-Jan 6am,3102.7426770612983
78,2,Tamil Nadu - 2026,04-Jan 6am,3122.1236773019427
78,3,Tamil Nadu - 2026,04-Jan 6am,3170.056568045098
78,4,Tamil Nadu - 2026,04-Jan 6am,3249.2070775916595
79,1,Tamil Nadu - 2026,04-Jan 7am,3359.5752059416263
79,2,Tamil Nadu - 2026,04-Jan 7am,3442.839921325038
79,3,Tamil Nadu - 2026,04-Jan 7am,3499.001223741895
79,4,Tamil Nadu - 2026,04-Jan 7am,3533.17364899144
80,1,Tamil Nadu - 2026,04-Jan 8am,3545.357197073676
80,2,Tamil Nadu - 2026,04-Jan 8am,3563.1856849630944
80,3,Tamil Nadu - 2026,04-Jan 8am,3586.659112659692
80,4,Tamil Nadu - 2026,04-Jan 8am,3614.878005303538
81,1,Tamil Nadu - 2026,04-Jan 9am,3647.842362894636
81,2,Tamil Nadu - 2026,04-Jan 9am,3663.3152176180793
81,3,Tamil Nadu - 2026,04-Jan 9am,3661.296569473871
81,4,Tamil Nadu - 2026,04-Jan 9am,3641.825850013415
82,1,Tamil Nadu - 2026,04-Jan 10am,3604.9030592367126
82,2,Tamil Nadu - 2026,04-Jan 10am,3572.5285756502235
82,3,Tamil Nadu - 2026,04-Jan 10am,3544.7023992539484
82,4,Tamil Nadu - 2026,04-Jan 10am,3517.315965859116
83,1,Tamil Nadu - 2026,04-Jan 11am,3490.3692754657254
83,2,Tamil Nadu - 2026,04-Jan 11am,3466.513334699947
83,3,Tamil Nadu - 2026,04-Jan 11am,3445.748143561781
83,4,Tamil Nadu - 2026,04-Jan 11am,3428.9892462725475
84,1,Tamil Nadu - 2026,04-Jan 12pm,3416.2366428322443
84,2,Tamil Nadu - 2026,04-Jan 12pm,3399.3460612867807
84,3,Tamil Nadu - 2026,04-Jan 12pm,3378.3175016361592
84,4,Tamil Nadu - 2026,04-Jan 12pm,3352.409794244815
85,1,Tamil Nadu - 2026,04-Jan 1pm,3321.6229391127504
85,2,Tamil Nadu - 2026,04-Jan 1pm,3298.5482260074264
85,3,Tamil Nadu - 2026,04-Jan 1pm,3283.185654928845
85,4,Tamil Nadu - 2026,04-Jan 1pm,3273.9531799509778
86,1,Tamil Nadu - 2026,04-Jan 2pm,3270.8508010738224
86,2,Tamil Nadu - 2026,04-Jan 2pm,3270.7795040860947
86,3,Tamil Nadu - 2026,04-Jan 2pm,3273.7392889877947
86,4,Tamil Nadu - 2026,04-Jan 2pm,3278.9704058522884
87,1,Tamil Nadu - 2026,04-Jan 3pm,3286.472854679577
87,2,Tamil Nadu - 2026,04-Jan 3pm,3303.904149240737
87,3,Tamil Nadu - 2026,04-Jan 3pm,3331.264289535768
87,4,Tamil Nadu - 2026,04-Jan 3pm,3370.39870654392
88,1,Tamil Nadu - 2026,04-Jan 4pm,3421.307400265191
88,2,Tamil Nadu - 2026,04-Jan 4pm,3465.2602710530127
88,3,Tamil Nadu - 2026,04-Jan 4pm,3502.257318907388
88,4,Tamil Nadu - 2026,04-Jan 4pm,3534.775009774409
89,1,Tamil Nadu - 2026,04-Jan 5pm,3562.813343654075
89,2,Tamil Nadu - 2026,04-Jan 5pm,3590.243624516386
89,3,Tamil Nadu - 2026,04-Jan 5pm,3617.065852361341
89,4,Tamil Nadu - 2026,04-Jan 5pm,3645.177179468197
90,1,Tamil Nadu - 2026,04-Jan 6pm,3674.577605836952
90,2,Tamil Nadu - 2026,04-Jan 6pm,3690.012913822079
90,3,Tamil Nadu - 2026,04-Jan 6pm,3691.483103423581
90,4,Tamil Nadu - 2026,04-Jan 6pm,3680.8463769173895
91,1,Tamil Nadu - 2026,04-Jan 7pm,3658.102734303509
91,2,Tamil Nadu - 2026,04-Jan 7pm,3627.3571795718567
91,3,Tamil Nadu - 2026,04-Jan 7pm,3588.609712722434
91,4,Tamil Nadu - 2026,04-Jan 7pm,3537.5003734022
92,1,Tamil Nadu - 2026,04-Jan 8pm,3474.029161611154
92,2,Tamil Nadu - 2026,04-Jan 8pm,3420.2508354776223
92,3,Tamil Nadu - 2026,04-Jan 8pm,3376.1653950016025
92,4,Tamil Nadu - 2026,04-Jan 8pm,3339.904607909621
93,1,Tamil Nadu - 2026,04-Jan 9pm,3311.4684742016816
93,2,Tamil Nadu - 2026,04-Jan 9pm,3280.011629390291
93,3,Tamil Nadu - 2026,04-Jan 9pm,3245.5340734754504
93,4,Tamil Nadu - 2026,04-Jan 9pm,3211.115822932576
94,1,Tamil Nadu - 2026,04-Jan 10pm,3176.7568777616666
94,2,Tamil Nadu - 2026,04-Jan 10pm,3134.8225035977234
94,3,Tamil Nadu - 2026,04-Jan 10pm,3085.312700440749
94,4,Tamil Nadu - 2026,04-Jan 10pm,3025.257918199861
95,1,Tamil Nadu - 2026,04-Jan 11pm,2954.65815687506
95,2,Tamil Nadu - 2026,04-Jan 11pm,2898.965451376622
95,3,Tamil Nadu - 2026,04-Jan 11pm,2858.1798017045458
95,4,Tamil Nadu - 2026,04-Jan 11pm,2829.666590043772
96,1,Tamil Nadu - 2026,05-Jan 12am,2813.425816394301
96,2,Tamil Nadu - 2026,05-Jan 12am,2799.8131527362125
96,3,Tamil Nadu - 2026,05-Jan 12am,2788.828599069504
96,4,Tamil Nadu - 2026,05-Jan 12am,2782.992431799982
97,1,Tamil Nadu - 2026,05-Jan 1am,2782.304650927648
97,2,Tamil Nadu - 2026,05-Jan 1am,2781.2879260375853
97,3,Tamil Nadu - 2026,05-Jan 1am,2779.942257129793
97,4,Tamil Nadu - 2026,05-Jan 1am,2780.5251659049736
98,1,Tamil Nadu - 2026,05-Jan 2am,2783.0366523631283
98,2,Tamil Nadu - 2026,05-Jan 2am,2779.408916714954
98,3,Tamil Nadu - 2026,05-Jan 2am,2769.64195896045
98,4,Tamil Nadu - 2026,05-Jan 2am,2752.022471961468
99,1,Tamil Nadu - 2026,05-Jan 3am,2726.5504557180084
99,2,Tamil Nadu - 2026,05-Jan 3am,2711.573552848268
99,3,Tamil Nadu - 2026,05-Jan 3am,2707.091763352244
99,4,Tamil Nadu - 2026,05-Jan 3am,2709.9942280814794
100,1,Tamil Nadu - 2026,05-Jan 4am,2720.2809470359757
100,2,Tamil Nadu - 2026,05-Jan 4am,2738.2694324882814
100,3,Tamil Nadu - 2026,05-Jan 4am,2763.959684438398
100,4,Tamil Nadu - 2026,05-Jan 4am,2798.489936037345
101,1,Tamil Nadu - 2026,05-Jan 5am,2841.8601872851223
101,2,Tamil Nadu - 2026,05-Jan 5am,2886.923527003062
101,3,Tamil Nadu - 2026,05-Jan 5am,2933.679955191163
101,4,Tamil Nadu - 2026,05-Jan 5am,2974.606330520652
102,1,Tamil Nadu - 2026,05-Jan 6am,3009.702652991529
102,2,Tamil Nadu - 2026,05-Jan 6am,3091.254681755109
102,3,Tamil Nadu - 2026,05-Jan 6am,3219.262416811393
102,4,Tamil Nadu - 2026,05-Jan 6am,3405.9002484419702
103,1,Tamil Nadu - 2026,05-Jan 7am,3651.1681766468414
103,2,Tamil Nadu - 2026,05-Jan 7am,3829.734100585146
103,3,Tamil Nadu - 2026,05-Jan 7am,3941.598020256883
103,4,Tamil Nadu - 2026,05-Jan 7am,3998.609702511129
104,1,Tamil Nadu - 2026,05-Jan 8am,4000.769147347889
104,2,Tamil Nadu - 2026,05-Jan 8am,4002.309854513546
104,3,Tamil Nadu - 2026,05-Jan 8am,4003.2318240081
104,4,Tamil Nadu - 2026,05-Jan 8am,3991.1991741304655
105,1,Tamil Nadu - 2026,05-Jan 9am,3966.211904880647
105,2,Tamil Nadu - 2026,05-Jan 9am,3948.0518067187527
105,3,Tamil Nadu - 2026,05-Jan 9am,3936.718879644783
105,4,Tamil Nadu - 2026,05-Jan 9am,3929.837408755817
106,1,Tamil Nadu - 2026,05-Jan 10am,3927.407394051858
106,2,Tamil Nadu - 2026,05-Jan 10am,3923.9013344903046
106,3,Tamil Nadu - 2026,05-Jan 10am,3919.319230071157
106,4,Tamil Nadu - 2026,05-Jan 10am,3915.17204138668
107,1,Tamil Nadu - 2026,05-Jan 11am,3911.459768436876
107,2,Tamil Nadu - 2026,05-Jan 11am,3904.644148710754
107,3,Tamil Nadu - 2026,05-Jan 11am,3894.725182208315
107,4,Tamil Nadu - 2026,05-Jan 11am,3883.000900644056
108,1,Tamil Nadu - 2026,05-Jan 12pm,3869.471304017977
108,2,Tamil Nadu - 2026,05-Jan 12pm,3849.8864645540793
108,3,Tamil Nadu - 2026,05-Jan 12pm,3824.246382252364
108,4,Tamil Nadu - 2026,05-Jan 12pm,3791.66584917558
109,1,Tamil Nadu - 2026,05-Jan 1pm,3752.144865323735
109,2,Tamil Nadu - 2026,05-Jan 1pm,3715.2446060963
109,3,Tamil Nadu - 2026,05-Jan 1pm,3680.965071493271
109,4,Tamil Nadu - 2026,05-Jan 1pm,3640.635457086694
110,1,Tamil Nadu - 2026,05-Jan 2pm,3594.2557628765685
110,2,Tamil Nadu - 2026,05-Jan 2pm,3584.289640031161
110,3,Tamil Nadu - 2026,05-Jan 2pm,3610.737088550475
110,4,Tamil Nadu - 2026,05-Jan 2pm,3677.837508541796
111,1,Tamil Nadu - 2026,05-Jan 3pm,3785.590900005124
111,2,Tamil Nadu - 2026,05-Jan 3pm,3866.097211128465
111,3,Tamil Nadu - 2026,05-Jan 3pm,3919.356441911815
111,4,Tamil Nadu - 2026,05-Jan 3pm,3948.585446954595
112,1,Tamil Nadu - 2026,05-Jan 4pm,3953.7842262568033
112,2,Tamil Nadu - 2026,05-Jan 4pm,3983.551704033938
112,3,Tamil Nadu - 2026,05-Jan 4pm,4037.887880285998
112,4,Tamil Nadu - 2026,05-Jan 4pm,4118.01618942326
113,1,Tamil Nadu - 2026,05-Jan 5pm,4223.936631445726
113,2,Tamil Nadu - 2026,05-Jan 5pm,4299.709675676233
113,3,Tamil Nadu - 2026,05-Jan 5pm,4345.335322114786
113,4,Tamil Nadu - 2026,05-Jan 5pm,4368.188370763253
114,1,Tamil Nadu - 2026,05-Jan 6pm,4368.2688216216375
114,2,Tamil Nadu - 2026,05-Jan 6pm,4357.267405355855
114,3,Tamil Nadu - 2026,05-Jan 6pm,4335.184121965906
114,4,Tamil Nadu - 2026,05-Jan 6pm,4298.1496510566
115,1,Tamil Nadu - 2026,05-Jan 7pm,4246.163992627938
115,2,Tamil Nadu - 2026,05-Jan 7pm,4190.752338385141
115,3,Tamil Nadu - 2026,05-Jan 7pm,4131.914688328207
115,4,Tamil Nadu - 2026,05-Jan 7pm,4066.548980658716
116,1,Tamil Nadu - 2026,05-Jan 8pm,3994.655215376666
116,2,Tamil Nadu - 2026,05-Jan 8pm,3923.320571567373
116,3,Tamil Nadu - 2026,05-Jan 8pm,3852.545049230839
116,4,Tamil Nadu - 2026,05-Jan 8pm,3779.7991638251215
117,1,Tamil Nadu - 2026,05-Jan 9pm,3705.0829153502177
117,2,Tamil Nadu - 2026,05-Jan 9pm,3636.48603197247
117,3,Tamil Nadu - 2026,05-Jan 9pm,3574.008513691876
117,4,Tamil Nadu - 2026,05-Jan 9pm,3517.0125389854365
118,1,Tamil Nadu - 2026,05-Jan 10pm,3465.4981078531546
118,2,Tamil Nadu - 2026,05-Jan 10pm,3415.202421266676
118,3,Tamil Nadu - 2026,05-Jan 10pm,3366.1254792259983
118,4,Tamil Nadu - 2026,05-Jan 10pm,3318.023991654172
119,1,Tamil Nadu - 2026,05-Jan 11pm,3270.897958551195
119,2,Tamil Nadu - 2026,05-Jan 11pm,3230.4699194071363
119,3,Tamil Nadu - 2026,05-Jan 11pm,3196.739874221997
119,4,Tamil Nadu - 2026,05-Jan 11pm,3169.232247819671
120,1,Tamil Nadu - 2026,06-Jan 12am,3147.947040200157
120,2,Tamil Nadu - 2026,06-Jan 12am,3130.0151629300203
120,3,Tamil Nadu - 2026,06-Jan 12am,3115.436616009263
120,4,Tamil Nadu - 2026,06-Jan 12am,3105.311180860558
121,1,Tamil Nadu - 2026,06-Jan 1am,3099.638857483909
121,2,Tamil Nadu - 2026,06-Jan 1am,3094.6900457766947
121,3,Tamil Nadu - 2026,06-Jan 1am,3090.464745738916
121,4,Tamil Nadu - 2026,06-Jan 1am,3088.5763510004817
122,1,Tamil Nadu - 2026,06-Jan 2am,3089.0248615613973
122,2,Tamil Nadu - 2026,06-Jan 2am,3085.8595157448017
122,3,Tamil Nadu - 2026,06-Jan 2am,3079.0803135506926
122,4,Tamil Nadu - 2026,06-Jan 2am,3067.9553091431085
123,1,Tamil Nadu - 2026,06-Jan 3am,3052.484502522048
123,2,Tamil Nadu - 2026,06-Jan 3am,3043.0103303801584
123,3,Tamil Nadu - 2026,06-Jan 3am,3039.53279271744
123,4,Tamil Nadu - 2026,06-Jan 3am,3040.0123743803547
124,1,Tamil Nadu - 2026,06-Jan 4am,3044.449075368901
124,2,Tamil Nadu - 2026,06-Jan 4am,3054.737549911666
124,3,Tamil Nadu - 2026,06-Jan 4am,3070.87779800865
124,4,Tamil Nadu - 2026,06-Jan 4am,3091.605576710782
125,1,Tamil Nadu - 2026,06-Jan 5am,3116.92088601806
125,2,Tamil Nadu - 2026,06-Jan 5am,3152.5145293963324
125,3,Tamil Nadu - 2026,06-Jan 5am,3198.3865068456016
125,4,Tamil Nadu - 2026,06-Jan 5am,3247.538077740007
126,1,Tamil Nadu - 2026,06-Jan 6am,3299.96924207955
126,2,Tamil Nadu - 2026,06-Jan 6am,3391.9816401535363
126,3,Tamil Nadu - 2026,06-Jan 6am,3523.575271961968
126,4,Tamil Nadu - 2026,06-Jan 6am,3714.4738458049455
127,1,Tamil Nadu - 2026,06-Jan 7am,3964.677361682471
127,2,Tamil Nadu - 2026,06-Jan 7am,4119.541929504622
127,3,Tamil Nadu - 2026,06-Jan 7am,4179.0675492714
127,4,Tamil Nadu - 2026,06-Jan 7am,4141.653159541505
128,1,Tamil Nadu - 2026,06-Jan 8am,4007.298760314939
128,2,Tamil Nadu - 2026,06-Jan 8am,3940.254610329402
128,3,Tamil Nadu - 2026,06-Jan 8am,3940.520709584894
128,4,Tamil Nadu - 2026,06-Jan 8am,3999.885919770764
129,1,Tamil Nadu - 2026,06-Jan 9am,4118.350240887014
129,2,Tamil Nadu - 2026,06-Jan 9am,4180.930244059842
129,3,Tamil Nadu - 2026,06-Jan 9am,4187.625929289252
129,4,Tamil Nadu - 2026,06-Jan 9am,4145.473585763893
130,1,Tamil Nadu - 2026,06-Jan 10am,4054.473213483767
130,2,Tamil Nadu - 2026,06-Jan 10am,3987.39050619076
130,3,Tamil Nadu - 2026,06-Jan 10am,3944.2254638848735
130,4,Tamil Nadu - 2026,06-Jan 10am,3915.080816440599
131,1,Tamil Nadu - 2026,06-Jan 11am,3899.956563857934
131,2,Tamil Nadu - 2026,06-Jan 11am,3885.470633148053
131,3,Tamil Nadu - 2026,06-Jan 11am,3871.623024310961
131,4,Tamil Nadu - 2026,06-Jan 11am,3862.529778683053
132,1,Tamil Nadu - 2026,06-Jan 12pm,3858.190896264322
132,2,Tamil Nadu - 2026,06-Jan 12pm,3847.292202025242
132,3,Tamil Nadu - 2026,06-Jan 12pm,3829.833695965817
132,4,Tamil Nadu - 2026,06-Jan 12pm,3805.243205744618
133,1,Tamil Nadu - 2026,06-Jan 1pm,3773.520731361647
133,2,Tamil Nadu - 2026,06-Jan 1pm,3749.41348189498
133,3,Tamil Nadu - 2026,06-Jan 1pm,3732.9214573446193
133,4,Tamil Nadu - 2026,06-Jan 1pm,3719.904329398754
134,1,Tamil Nadu - 2026,06-Jan 2pm,3710.362098057381
134,2,Tamil Nadu - 2026,06-Jan 2pm,3714.389524113287
134,3,Tamil Nadu - 2026,06-Jan 2pm,3731.986607566473
134,4,Tamil Nadu - 2026,06-Jan 2pm,3765.071770262859
135,1,Tamil Nadu - 2026,06-Jan 3pm,3813.645012202444
135,2,Tamil Nadu - 2026,06-Jan 3pm,3856.10104151692
135,3,Tamil Nadu - 2026,06-Jan 3pm,3892.439858206291
135,4,Tamil Nadu - 2026,06-Jan 3pm,3924.464088074345
136,1,Tamil Nadu - 2026,06-Jan 4pm,3952.173731121079
136,2,Tamil Nadu - 2026,06-Jan 4pm,3986.3583243920734
136,3,Tamil Nadu - 2026,06-Jan 4pm,4027.0178678873294
136,4,Tamil Nadu - 2026,06-Jan 4pm,4076.0700765995175
137,1,Tamil Nadu - 2026,06-Jan 5pm,4133.514950528635
137,2,Tamil Nadu - 2026,06-Jan 5pm,4177.056662673083
137,3,Tamil Nadu - 2026,06-Jan 5pm,4206.69521303286
137,4,Tamil Nadu - 2026,06-Jan 5pm,4223.863173765422
138,1,Tamil Nadu - 2026,06-Jan 6pm,4228.560544870769
138,2,Tamil Nadu - 2026,06-Jan 6pm,4234.487720405775
138,3,Tamil Nadu - 2026,06-Jan 6pm,4241.644700370438
138,4,Tamil Nadu - 2026,06-Jan 6pm,4252.29703435302
139,1,Tamil Nadu - 2026,06-Jan 7pm,4266.444722353521
139,2,Tamil Nadu - 2026,06-Jan 7pm,4256.794072785502
139,3,Tamil Nadu - 2026,06-Jan 7pm,4223.345085648963
139,4,Tamil Nadu - 2026,06-Jan 7pm,4165.116119212015
140,1,Tamil Nadu - 2026,06-Jan 8pm,4082.1071734746633
140,2,Tamil Nadu - 2026,06-Jan 8pm,4007.501790414673
140,3,Tamil Nadu - 2026,06-Jan 8pm,3941.299970032045
140,4,Tamil Nadu - 2026,06-Jan 8pm,3878.531066078619
141,1,Tamil Nadu - 2026,06-Jan 9pm,3819.195078554392
141,2,Tamil Nadu - 2026,06-Jan 9pm,3759.932342970571
141,3,Tamil Nadu - 2026,06-Jan 9pm,3700.742859327155
141,4,Tamil Nadu - 2026,06-Jan 9pm,3640.979719147882
142,1,Tamil Nadu - 2026,06-Jan 10pm,3580.642922432752
142,2,Tamil Nadu - 2026,06-Jan 10pm,3526.9735845281334
142,3,Tamil Nadu - 2026,06-Jan 10pm,3479.9717054340285
142,4,Tamil Nadu - 2026,06-Jan 10pm,3439.5417876050856
143,1,Tamil Nadu - 2026,06-Jan 11pm,3405.683831041306
143,2,Tamil Nadu - 2026,06-Jan 11pm,3371.729705668422
143,3,Tamil Nadu - 2026,06-Jan 11pm,3337.679411486436
143,4,Tamil Nadu - 2026,06-Jan 11pm,3303.3970518038363
144,1,Tamil Nadu - 2026,07-Jan 12am,3268.882626620623
144,2,Tamil Nadu - 2026,07-Jan 12am,3241.6196461601226
144,3,Tamil Nadu - 2026,07-Jan 12am,3221.608110422332
144,4,Tamil Nadu - 2026,07-Jan 12am,3210.0396167969225
145,1,Tamil Nadu - 2026,07-Jan 1am,3206.9141652838925
145,2,Tamil Nadu - 2026,07-Jan 1am,3197.5986613219084
145,3,Tamil Nadu - 2026,07-Jan 1am,3182.093104910969
145,4,Tamil Nadu - 2026,07-Jan 1am,3160.97406848323
146,1,Tamil Nadu - 2026,07-Jan 2am,3134.241552038691
146,2,Tamil Nadu - 2026,07-Jan 2am,3113.0692155457555
146,3,Tamil Nadu - 2026,07-Jan 2am,3097.4570590044245
146,4,Tamil Nadu - 2026,07-Jan 2am,3085.752173411129
147,1,Tamil Nadu - 2026,07-Jan 3am,3077.954558765868
147,2,Tamil Nadu - 2026,07-Jan 3am,3072.8080091216493
147,3,Tamil Nadu - 2026,07-Jan 3am,3070.312524478473
147,4,Tamil Nadu - 2026,07-Jan 3am,3069.564907634009
148,1,Tamil Nadu - 2026,07-Jan 4am,3070.565158588259
148,2,Tamil Nadu - 2026,07-Jan 4am,3079.988666502197
148,3,Tamil Nadu - 2026,07-Jan 4am,3097.835431375825
148,4,Tamil Nadu - 2026,07-Jan 4am,3124.46074353372
149,1,Tamil Nadu - 2026,07-Jan 5am,3159.8646029758825
149,2,Tamil Nadu - 2026,07-Jan 5am,3195.23987859387
149,3,Tamil Nadu - 2026,07-Jan 5am,3230.5865703876875
149,4,Tamil Nadu - 2026,07-Jan 5am,3257.44894804256
150,1,Tamil Nadu - 2026,07-Jan 6am,3275.8270115584864
150,2,Tamil Nadu - 2026,07-Jan 6am,3345.26227393254
150,3,Tamil Nadu - 2026,07-Jan 6am,3465.7547351647204
150,4,Tamil Nadu - 2026,07-Jan 6am,3648.105979344254
151,1,Tamil Nadu - 2026,07-Jan 7am,3892.316006471141
151,2,Tamil Nadu - 2026,07-Jan 7am,4074.0337990129497
151,3,Tamil Nadu - 2026,07-Jan 7am,4193.259356969682
151,4,Tamil Nadu - 2026,07-Jan 7am,4268.0908375462295
152,1,Tamil Nadu - 2026,07-Jan 8am,4298.528240742592
152,2,Tamil Nadu - 2026,07-Jan 8am,4300.333640861852
152,3,Tamil Nadu - 2026,07-Jan 8am,4273.50703790401
152,4,Tamil Nadu - 2026,07-Jan 8am,4201.591080491546
153,1,Tamil Nadu - 2026,07-Jan 9am,4084.585768624461
153,2,Tamil Nadu - 2026,07-Jan 9am,4005.4731362647863
153,3,Tamil Nadu - 2026,07-Jan 9am,3964.253183412526
153,4,Tamil Nadu - 2026,07-Jan 9am,3954.487911698225
154,1,Tamil Nadu - 2026,07-Jan 10am,3976.177321121884
154,2,Tamil Nadu - 2026,07-Jan 10am,3984.9673679381767
154,3,Tamil Nadu - 2026,07-Jan 10am,3980.858052147104
154,4,Tamil Nadu - 2026,07-Jan 10am,3970.027258792836
155,1,Tamil Nadu - 2026,07-Jan 11am,3952.474987875371
155,2,Tamil Nadu - 2026,07-Jan 11am,3935.4879728750257
155,3,Tamil Nadu - 2026,07-Jan 11am,3919.0662137918034
155,4,Tamil Nadu - 2026,07-Jan 11am,3904.100825457799
156,1,Tamil Nadu - 2026,07-Jan 12pm,3890.591807873016
156,2,Tamil Nadu - 2026,07-Jan 12pm,3865.905738564543
156,3,Tamil Nadu - 2026,07-Jan 12pm,3830.04261753238
156,4,Tamil Nadu - 2026,07-Jan 12pm,3779.429836030061
157,1,Tamil Nadu - 2026,07-Jan 1pm,3714.067394057585
157,2,Tamil Nadu - 2026,07-Jan 1pm,3668.0243665666662
157,3,Tamil Nadu - 2026,07-Jan 1pm,3641.300753557307
157,4,Tamil Nadu - 2026,07-Jan 1pm,3629.557485818442
158,1,Tamil Nadu - 2026,07-Jan 2pm,3632.794563350072
158,2,Tamil Nadu - 2026,07-Jan 2pm,3642.977326466864
158,3,Tamil Nadu - 2026,07-Jan 2pm,3660.105775168818
158,4,Tamil Nadu - 2026,07-Jan 2pm,3687.052335014247
159,1,Tamil Nadu - 2026,07-Jan 3pm,3723.817006003151
159,2,Tamil Nadu - 2026,07-Jan 3pm,3761.1998944709912
159,3,Tamil Nadu - 2026,07-Jan 3pm,3799.201000417769
159,4,Tamil Nadu - 2026,07-Jan 3pm,3837.962099108089
160,1,Tamil Nadu - 2026,07-Jan 4pm,3877.483190541956
160,2,Tamil Nadu - 2026,07-Jan 4pm,3926.113516796261
160,3,Tamil Nadu - 2026,07-Jan 4pm,3983.8530778710015
160,4,Tamil Nadu - 2026,07-Jan 4pm,4057.4702147907806
161,1,Tamil Nadu - 2026,07-Jan 5pm,4146.964927555593
161,2,Tamil Nadu - 2026,07-Jan 5pm,4203.377927940968
161,3,Tamil Nadu - 2026,07-Jan 5pm,4226.70921594691
161,4,Tamil Nadu - 2026,07-Jan 5pm,4217.407928556528
162,1,Tamil Nadu - 2026,07-Jan 6pm,4175.474065769826
162,2,Tamil Nadu - 2026,07-Jan 6pm,4147.172093912584
162,3,Tamil Nadu - 2026,07-Jan 6pm,4132.502012984804
162,4,Tamil Nadu - 2026,07-Jan 6pm,4130.811827332785
163,1,Tamil Nadu - 2026,07-Jan 7pm,4142.10153695653
163,2,Tamil Nadu - 2026,07-Jan 7pm,4124.018649452442
163,3,Tamil Nadu - 2026,07-Jan 7pm,4076.563164820524
163,4,Tamil Nadu - 2026,07-Jan 7pm,3997.816648770504
164,1,Tamil Nadu - 2026,07-Jan 8pm,3887.779101302381
164,2,Tamil Nadu - 2026,07-Jan 8pm,3800.313620561367
164,3,Tamil Nadu - 2026,07-Jan 8pm,3735.4202065474624
164,4,Tamil Nadu - 2026,07-Jan 8pm,3689.4370715887903
165,1,Tamil Nadu - 2026,07-Jan 9pm,3662.364215685353
165,2,Tamil Nadu - 2026,07-Jan 9pm,3622.3092667231863
165,3,Tamil Nadu - 2026,07-Jan 9pm,3569.272224702293
165,4,Tamil Nadu - 2026,07-Jan 9pm,3505.774292889166
166,1,Tamil Nadu - 2026,07-Jan 10pm,3431.815471283804
166,2,Tamil Nadu - 2026,07-Jan 10pm,3364.1609124012125
166,3,Tamil Nadu - 2026,07-Jan 10pm,3302.8106162413933
166,4,Tamil Nadu - 2026,07-Jan 10pm,3243.7530000735915
167,1,Tamil Nadu - 2026,07-Jan 11pm,3186.988063897807
167,2,Tamil Nadu - 2026,07-Jan 11pm,3139.820151583562
167,3,Tamil Nadu - 2026,07-Jan 11pm,3102.249263130854
167,4,Tamil Nadu - 2026,07-Jan 11pm,3074.1125213877767
168,1,Tamil Nadu - 2026,08-Jan 12am,3055.4099263543326
168,2,Tamil Nadu - 2026,08-Jan 12am,3039.814397072438
168,3,Tamil Nadu - 2026,08-Jan 12am,3027.325933542092
168,4,Tamil Nadu - 2026,08-Jan 12am,3020.099743031137
169,1,Tamil Nadu - 2026,08-Jan 1am,3018.135825539575
169,2,Tamil Nadu - 2026,08-Jan 1am,3014.8300184184286
169,3,Tamil Nadu - 2026,08-Jan 1am,3010.1823216676976
169,4,Tamil Nadu - 2026,08-Jan 1am,3005.6418343743
170,1,Tamil Nadu - 2026,08-Jan 2am,3001.208556538236
170,2,Tamil Nadu - 2026,08-Jan 2am,2994.792056286976
170,3,Tamil Nadu - 2026,08-Jan 2am,2986.392333620522
170,4,Tamil Nadu - 2026,08-Jan 2am,2974.687053554267
171,1,Tamil Nadu - 2026,08-Jan 3am,2959.676216088212
171,2,Tamil Nadu - 2026,08-Jan 3am,2951.384263002523
171,3,Tamil Nadu - 2026,08-Jan 3am,2949.811194297201
171,4,Tamil Nadu - 2026,08-Jan 3am,2954.3683266120643
172,1,Tamil Nadu - 2026,08-Jan 4am,2965.0556599471124
172,2,Tamil Nadu - 2026,08-Jan 4am,2975.380852683264
172,3,Tamil Nadu - 2026,08-Jan 4am,2985.3439048205164
172,4,Tamil Nadu - 2026,08-Jan 4am,2992.369582549107
173,1,Tamil Nadu - 2026,08-Jan 5am,2996.457885869035
173,2,Tamil Nadu - 2026,08-Jan 5am,3019.552559257971
173,3,Tamil Nadu - 2026,08-Jan 5am,3061.6536027159145
173,4,Tamil Nadu - 2026,08-Jan 5am,3115.6359521570785
174,1,Tamil Nadu - 2026,08-Jan 6am,3181.4996075814656
174,2,Tamil Nadu - 2026,08-Jan 6am,3280.051209026117
174,3,Tamil Nadu - 2026,08-Jan 6am,3411.2907564910324
174,4,Tamil Nadu - 2026,08-Jan 6am,3588.828426901385
175,1,Tamil Nadu - 2026,08-Jan 7am,3812.664220257173
175,2,Tamil Nadu - 2026,08-Jan 7am,3980.3304349703303
175,3,Tamil Nadu - 2026,08-Jan 7am,4091.8270710408633
175,4,Tamil Nadu - 2026,08-Jan 7am,4164.118273731634
176,1,Tamil Nadu - 2026,08-Jan 8am,4197.204043042644
176,2,Tamil Nadu - 2026,08-Jan 8am,4191.7672089847565
176,3,Tamil Nadu - 2026,08-Jan 8am,4147.807771557968
176,4,Tamil Nadu - 2026,08-Jan 8am,4041.43097641463
177,1,Tamil Nadu - 2026,08-Jan 9am,3872.6368235547416
177,2,Tamil Nadu - 2026,08-Jan 9am,3784.1110090533466
177,3,Tamil Nadu - 2026,08-Jan 9am,3775.853532910448
177,4,Tamil Nadu - 2026,08-Jan 9am,3846.938634481465
178,1,Tamil Nadu - 2026,08-Jan 10am,3997.3663137663934
178,2,Tamil Nadu - 2026,08-Jan 10am,4090.005438557674
178,3,Tamil Nadu - 2026,08-Jan 10am,4124.856008855306
178,4,Tamil Nadu - 2026,08-Jan 10am,4116.252238820625
179,1,Tamil Nadu - 2026,08-Jan 11am,4064.194128453633
179,2,Tamil Nadu - 2026,08-Jan 11am,4019.807524993863
179,3,Tamil Nadu - 2026,08-Jan 11am,3983.092428441312
179,4,Tamil Nadu - 2026,08-Jan 11am,3943.065918111192
180,1,Tamil Nadu - 2026,08-Jan 12pm,3899.727994003501
180,2,Tamil Nadu - 2026,08-Jan 12pm,3867.850332987456
180,3,Tamil Nadu - 2026,08-Jan 12pm,3847.432935063058
180,4,Tamil Nadu - 2026,08-Jan 12pm,3840.288737945984
181,1,Tamil Nadu - 2026,08-Jan 1pm,3846.417741636232
181,2,Tamil Nadu - 2026,08-Jan 1pm,3840.170642970528
181,3,Tamil Nadu - 2026,08-Jan 1pm,3821.547441948875
181,4,Tamil Nadu - 2026,08-Jan 1pm,3788.154173444366
182,1,Tamil Nadu - 2026,08-Jan 2pm,3739.990837457
182,2,Tamil Nadu - 2026,08-Jan 2pm,3717.070527911479
182,3,Tamil Nadu - 2026,08-Jan 2pm,3719.3932448078017
182,4,Tamil Nadu - 2026,08-Jan 2pm,3746.14538982372
183,1,Tamil Nadu - 2026,08-Jan 3pm,3797.3269629592346
183,2,Tamil Nadu - 2026,08-Jan 3pm,3837.806460223135
183,3,Tamil Nadu - 2026,08-Jan 3pm,3867.58388161542
183,4,Tamil Nadu - 2026,08-Jan 3pm,3889.052695202211
184,1,Tamil Nadu - 2026,08-Jan 4pm,3902.212900983503
184,2,Tamil Nadu - 2026,08-Jan 4pm,3927.8351945538056
184,3,Tamil Nadu - 2026,08-Jan 4pm,3965.9195759131176
184,4,Tamil Nadu - 2026,08-Jan 4pm,4020.212328549574
185,1,Tamil Nadu - 2026,08-Jan 5pm,4090.71345246318
185,2,Tamil Nadu - 2026,08-Jan 5pm,4134.174551130605
185,3,Tamil Nadu - 2026,08-Jan 5pm,4150.59562455185
185,4,Tamil Nadu - 2026,08-Jan 5pm,4139.556371854365
186,1,Tamil Nadu - 2026,08-Jan 6pm,4101.056793038152
186,2,Tamil Nadu - 2026,08-Jan 6pm,4080.867089861829
186,3,Tamil Nadu - 2026,08-Jan 6pm,4078.9872623254
186,4,Tamil Nadu - 2026,08-Jan 6pm,4096.908854774618
187,1,Tamil Nadu - 2026,08-Jan 7pm,4134.631867209486
187,2,Tamil Nadu - 2026,08-Jan 7pm,4137.436831796827
187,3,Tamil Nadu - 2026,08-Jan 7pm,4105.323748536644
187,4,Tamil Nadu - 2026,08-Jan 7pm,4039.1075524570415
188,1,Tamil Nadu - 2026,08-Jan 8pm,3938.788243558018
188,2,Tamil Nadu - 2026,08-Jan 8pm,3854.19567950412
188,3,Tamil Nadu - 2026,08-Jan 8pm,3785.3298602953496
188,4,Tamil Nadu - 2026,08-Jan 8pm,3725.356216642512
189,1,Tamil Nadu - 2026,08-Jan 9pm,3674.274748545608
189,2,Tamil Nadu - 2026,08-Jan 9pm,3623.2630140752426
189,3,Tamil Nadu - 2026,08-Jan 9pm,3572.321013231417
189,4,Tamil Nadu - 2026,08-Jan 9pm,3524.8912241477315
190,1,Tamil Nadu - 2026,08-Jan 10pm,3480.9736468241867
190,2,Tamil Nadu - 2026,08-Jan 10pm,3428.7358543885744
190,3,Tamil Nadu - 2026,08-Jan 10pm,3368.1778468408934
190,4,Tamil Nadu - 2026,08-Jan 10pm,3296.3726519463457
191,1,Tamil Nadu - 2026,08-Jan 11pm,3213.3202697049287
191,2,Tamil Nadu - 2026,08-Jan 11pm,3148.4149603976625
191,3,Tamil Nadu - 2026,08-Jan 11pm,3101.6567240245467
191,4,Tamil Nadu - 2026,08-Jan 11pm,3070.8680458728622
192,1,Tamil Nadu - 2026,09-Jan 12am,3056.048925942609
192,2,Tamil Nadu - 2026,09-Jan 12am,3040.870192229082
192,3,Tamil Nadu - 2026,09-Jan 12am,3025.33184473228
192,4,Tamil Nadu - 2026,09-Jan 12am,3012.9190370960287
193,1,Tamil Nadu - 2026,09-Jan 1am,3003.6317693203296
193,2,Tamil Nadu - 2026,09-Jan 1am,2992.8882915469344
193,3,Tamil Nadu - 2026,09-Jan 1am,2980.688603775843
193,4,Tamil Nadu - 2026,09-Jan 1am,2967.1813353568923
194,1,Tamil Nadu - 2026,09-Jan 2am,2952.36648629008
194,2,Tamil Nadu - 2026,09-Jan 2am,2939.934030334644
194,3,Tamil Nadu - 2026,09-Jan 2am,2929.8839674905835
194,4,Tamil Nadu - 2026,09-Jan 2am,2921.205515884692
195,1,Tamil Nadu - 2026,09-Jan 3am,2913.898675516969
195,2,Tamil Nadu - 2026,09-Jan 3am,2910.3381638674205
195,3,Tamil Nadu - 2026,09-Jan 3am,2910.523980936045
195,4,Tamil Nadu - 2026,09-Jan 3am,2912.919179679565
196,1,Tamil Nadu - 2026,09-Jan 4am,2917.523760097978
196,2,Tamil Nadu - 2026,09-Jan 4am,2931.184686970956
196,3,Tamil Nadu - 2026,09-Jan 4am,2953.901960298501
196,4,Tamil Nadu - 2026,09-Jan 4am,2984.9195926325656
197,1,Tamil Nadu - 2026,09-Jan 5am,3024.237583973152
197,2,Tamil Nadu - 2026,09-Jan 5am,3069.5448942288504
197,3,Tamil Nadu - 2026,09-Jan 5am,3120.8415233996607
197,4,Tamil Nadu - 2026,09-Jan 5am,3172.045998398337
198,1,Tamil Nadu - 2026,09-Jan 6am,3223.158319224878
198,2,Tamil Nadu - 2026,09-Jan 6am,3312.978364494172
198,3,Tamil Nadu - 2026,09-Jan 6am,3441.5061342062154
198,4,Tamil Nadu - 2026,09-Jan 6am,3618.9271820747344
199,1,Tamil Nadu - 2026,09-Jan 7am,3845.241508099729
199,2,Tamil Nadu - 2026,09-Jan 7am,4020.5359113839622
199,3,Tamil Nadu - 2026,09-Jan 7am,4144.810391927433
199,4,Tamil Nadu - 2026,09-Jan 7am,4232.052188588874
200,1,Tamil Nadu - 2026,09-Jan 8am,4282.26130136829
200,2,Tamil Nadu - 2026,09-Jan 8am,4311.427498010501
200,3,Tamil Nadu - 2026,09-Jan 8am,4319.550778515508
200,4,Tamil Nadu - 2026,09-Jan 8am,4294.770422105699
201,1,Tamil Nadu - 2026,09-Jan 9am,4237.086428781079
201,2,Tamil Nadu - 2026,09-Jan 9am,4201.673355462478
201,3,Tamil Nadu - 2026,09-Jan 9am,4188.5312021499
201,4,Tamil Nadu - 2026,09-Jan 9am,4195.999013606544
202,1,Tamil Nadu - 2026,09-Jan 10am,4224.076789832411
202,2,Tamil Nadu - 2026,09-Jan 10am,4227.555705327458
202,3,Tamil Nadu - 2026,09-Jan 10am,4206.435760091686
202,4,Tamil Nadu - 2026,09-Jan 10am,4161.501744748445
203,1,Tamil Nadu - 2026,09-Jan 11am,4092.753659297735
203,2,Tamil Nadu - 2026,09-Jan 11am,4040.691585499495
203,3,Tamil Nadu - 2026,09-Jan 11am,4005.315523353728
203,4,Tamil Nadu - 2026,09-Jan 11am,3983.229231849042
204,1,Tamil Nadu - 2026,09-Jan 12pm,3974.43271098544
204,2,Tamil Nadu - 2026,09-Jan 12pm,3958.803325071317
204,3,Tamil Nadu - 2026,09-Jan 12pm,3936.341074106676
204,4,Tamil Nadu - 2026,09-Jan 12pm,3908.972889836567
205,1,Tamil Nadu - 2026,09-Jan 1pm,3876.698772260989
205,2,Tamil Nadu - 2026,09-Jan 1pm,3848.079766601242
205,3,Tamil Nadu - 2026,09-Jan 1pm,3823.1158728573264
205,4,Tamil Nadu - 2026,09-Jan 1pm,3797.425588280442
206,1,Tamil Nadu - 2026,09-Jan 2pm,3771.0089128705913
206,2,Tamil Nadu - 2026,09-Jan 2pm,3761.593817899262
206,3,Tamil Nadu - 2026,09-Jan 2pm,3769.180303366457
206,4,Tamil Nadu - 2026,09-Jan 2pm,3793.6369658636895
207,1,Tamil Nadu - 2026,09-Jan 3pm,3834.963805390958
207,2,Tamil Nadu - 2026,09-Jan 3pm,3876.221271127688
207,3,Tamil Nadu - 2026,09-Jan 3pm,3917.409363073873
207,4,Tamil Nadu - 2026,09-Jan 3pm,3962.7455604074817
208,1,Tamil Nadu - 2026,09-Jan 4pm,4012.229863128512
208,2,Tamil Nadu - 2026,09-Jan 4pm,4057.496946989759
208,3,Tamil Nadu - 2026,09-Jan 4pm,4098.546811991227
208,4,Tamil Nadu - 2026,09-Jan 4pm,4139.976377890503
209,1,Tamil Nadu - 2026,09-Jan 5pm,4181.785644687583
209,2,Tamil Nadu - 2026,09-Jan 5pm,4204.758418084157
209,3,Tamil Nadu - 2026,09-Jan 5pm,4208.894698080222
209,4,Tamil Nadu - 2026,09-Jan 5pm,4192.681239148037
210,1,Tamil Nadu - 2026,09-Jan 6pm,4156.118041287601
210,2,Tamil Nadu - 2026,09-Jan 6pm,4127.500771963692
210,3,Tamil Nadu - 2026,09-Jan 6pm,4106.829431176308
210,4,Tamil Nadu - 2026,09-Jan 6pm,4093.4817555724
211,1,Tamil Nadu - 2026,09-Jan 7pm,4087.4577451519617
211,2,Tamil Nadu - 2026,09-Jan 7pm,4064.195312568545
211,3,Tamil Nadu - 2026,09-Jan 7pm,4023.694457822151
211,4,Tamil Nadu - 2026,09-Jan 7pm,3965.932484457344
212,1,Tamil Nadu - 2026,09-Jan 8pm,3890.909392474126
212,2,Tamil Nadu - 2026,09-Jan 8pm,3823.3234479515336
212,3,Tamil Nadu - 2026,09-Jan 8pm,3763.1746508895626
212,4,Tamil Nadu - 2026,09-Jan 8pm,3706.7825086847774
213,1,Tamil Nadu - 2026,09-Jan 9pm,3654.14702133718
213,2,Tamil Nadu - 2026,09-Jan 9pm,3602.652878388358
213,3,Tamil Nadu - 2026,09-Jan 9pm,3552.3000798383173
213,4,Tamil Nadu - 2026,09-Jan 9pm,3504.800020436144
214,1,Tamil Nadu - 2026,09-Jan 10pm,3460.1527001818413
214,2,Tamil Nadu - 2026,09-Jan 10pm,3410.705061039266
214,3,Tamil Nadu - 2026,09-Jan 10pm,3356.4571030084207
214,4,Tamil Nadu - 2026,09-Jan 10pm,3295.935135770472
215,1,Tamil Nadu - 2026,09-Jan 11pm,3229.139159325421
215,2,Tamil Nadu - 2026,09-Jan 11pm,3172.564373622392
215,3,Tamil Nadu - 2026,09-Jan 11pm,3126.210778661384
215,4,Tamil Nadu - 2026,09-Jan 11pm,3087.8156883908023
216,1,Tamil Nadu - 2026,10-Jan 12am,3057.379102810645
216,2,Tamil Nadu - 2026,10-Jan 12am,3031.9819382813657
216,3,Tamil Nadu - 2026,10-Jan 12am,3011.624194802963
216,4,Tamil Nadu - 2026,10-Jan 12am,2998.2047641050267
217,1,Tamil Nadu - 2026,10-Jan 1am,2991.723646187557
217,2,Tamil Nadu - 2026,10-Jan 1am,2983.7065743125663
217,3,Tamil Nadu - 2026,10-Jan 1am,2974.1535484800543
217,4,Tamil Nadu - 2026,10-Jan 1am,2963.936231019823
218,1,Tamil Nadu - 2026,10-Jan 2am,2953.0546219318708
218,2,Tamil Nadu - 2026,10-Jan 2am,2944.753013975383
218,3,Tamil Nadu - 2026,10-Jan 2am,2939.0314071503585
218,4,Tamil Nadu - 2026,10-Jan 2am,2935.740956942388
219,1,Tamil Nadu - 2026,10-Jan 3am,2934.881663351473
219,2,Tamil Nadu - 2026,10-Jan 3am,2934.102300704885
219,3,Tamil Nadu - 2026,10-Jan 3am,2933.4028690026225
219,4,Tamil Nadu - 2026,10-Jan 3am,2931.043166941019
220,1,Tamil Nadu - 2026,10-Jan 4am,2927.0231945200776
220,2,Tamil Nadu - 2026,10-Jan 4am,2934.1353852345137
220,3,Tamil Nadu - 2026,10-Jan 4am,2952.379739084327
220,4,Tamil Nadu - 2026,10-Jan 4am,2982.531681161081
221,1,Tamil Nadu - 2026,10-Jan 5am,3024.59121146478
221,2,Tamil Nadu - 2026,10-Jan 5am,3061.113345951316
221,3,Tamil Nadu - 2026,10-Jan 5am,3092.098084620691
221,4,Tamil Nadu - 2026,10-Jan 5am,3112.3273579632123
222,1,Tamil Nadu - 2026,10-Jan 6am,3121.8011659788817
222,2,Tamil Nadu - 2026,10-Jan 6am,3169.272909769954
222,3,Tamil Nadu - 2026,10-Jan 6am,3254.74258933643
222,4,Tamil Nadu - 2026,10-Jan 6am,3383.533334914735
223,1,Tamil Nadu - 2026,10-Jan 7am,3555.64514650487
223,2,Tamil Nadu - 2026,10-Jan 7am,3690.3858415860273
223,3,Tamil Nadu - 2026,10-Jan 7am,3787.755420158203
223,4,Tamil Nadu - 2026,10-Jan 7am,3856.9135917509007
224,1,Tamil Nadu - 2026,10-Jan 8am,3897.86035636412
224,2,Tamil Nadu - 2026,10-Jan 8am,3936.329639341664
224,3,Tamil Nadu - 2026,10-Jan 8am,3972.32144068353
224,4,Tamil Nadu - 2026,10-Jan 8am,4002.668563610687
225,1,Tamil Nadu - 2026,10-Jan 9am,4027.371008123132
225,2,Tamil Nadu - 2026,10-Jan 9am,4039.698029551268
225,3,Tamil Nadu - 2026,10-Jan 9am,4039.649627895097
225,4,Tamil Nadu - 2026,10-Jan 9am,4025.9513344305033
226,1,Tamil Nadu - 2026,10-Jan 10am,3998.603149157484
226,2,Tamil Nadu - 2026,10-Jan 10am,3971.982629090339
226,3,Tamil Nadu - 2026,10-Jan 10am,3946.0897742290695
226,4,Tamil Nadu - 2026,10-Jan 10am,3914.254447523109
227,1,Tamil Nadu - 2026,10-Jan 11am,3876.476648972456
227,2,Tamil Nadu - 2026,10-Jan 11am,3858.399643866213
227,3,Tamil Nadu - 2026,10-Jan 11am,3860.0234322043752
227,4,Tamil Nadu - 2026,10-Jan 11am,3888.610274956955
228,1,Tamil Nadu - 2026,10-Jan 12pm,3944.160172123956
228,2,Tamil Nadu - 2026,10-Jan 12pm,3957.45629259621
228,3,Tamil Nadu - 2026,10-Jan 12pm,3928.498636373716
228,4,Tamil Nadu - 2026,10-Jan 12pm,3852.974898906119
229,1,Tamil Nadu - 2026,10-Jan 1pm,3730.8850801934177
229,2,Tamil Nadu - 2026,10-Jan 1pm,3657.3198386469257
229,3,Tamil Nadu - 2026,10-Jan 1pm,3632.279174266642
229,4,Tamil Nadu - 2026,10-Jan 1pm,3650.615906893015
230,1,Tamil Nadu - 2026,10-Jan 2pm,3712.330036526039
230,2,Tamil Nadu - 2026,10-Jan 2pm,3753.213985711744
230,3,Tamil Nadu - 2026,10-Jan 2pm,3773.267754450126
230,4,Tamil Nadu - 2026,10-Jan 2pm,3777.0782233120894
231,1,Tamil Nadu - 2026,10-Jan 3pm,3764.64539229764
231,2,Tamil Nadu - 2026,10-Jan 3pm,3772.655555435321
231,3,Tamil Nadu - 2026,10-Jan 3pm,3801.1087127251367
231,4,Tamil Nadu - 2026,10-Jan 3pm,3849.720339541901
232,1,Tamil Nadu - 2026,10-Jan 4pm,3918.490435885615
232,2,Tamil Nadu - 2026,10-Jan 4pm,3972.4398554788368
232,3,Tamil Nadu - 2026,10-Jan 4pm,4011.568598321567
232,4,Tamil Nadu - 2026,10-Jan 4pm,4043.181110313982
233,1,Tamil Nadu - 2026,10-Jan 5pm,4067.2773914560807
233,2,Tamil Nadu - 2026,10-Jan 5pm,4075.009912624244
233,3,Tamil Nadu - 2026,10-Jan 5pm,4066.378673818472
233,4,Tamil Nadu - 2026,10-Jan 5pm,4037.7440221012034
234,1,Tamil Nadu - 2026,10-Jan 6pm,3989.1059574724377
234,2,Tamil Nadu - 2026,10-Jan 6pm,3951.149926681157
234,3,Tamil Nadu - 2026,10-Jan 6pm,3923.875929727363
234,4,Tamil Nadu - 2026,10-Jan 6pm,3905.6281861190414
235,1,Tamil Nadu - 2026,10-Jan 7pm,3896.406695856192
235,2,Tamil Nadu - 2026,10-Jan 7pm,3875.460695141909
235,3,Tamil Nadu - 2026,10-Jan 7pm,3842.790183976196
235,4,Tamil Nadu - 2026,10-Jan 7pm,3799.582425025703
236,1,Tamil Nadu - 2026,10-Jan 8pm,3745.837418290428
236,2,Tamil Nadu - 2026,10-Jan 8pm,3695.1823515673714
236,3,Tamil Nadu - 2026,10-Jan 8pm,3647.6172248565313
236,4,Tamil Nadu - 2026,10-Jan 8pm,3601.513005285669
237,1,Tamil Nadu - 2026,10-Jan 9pm,3556.869692854782
237,2,Tamil Nadu - 2026,10-Jan 9pm,3509.834297000322
237,3,Tamil Nadu - 2026,10-Jan 9pm,3460.4068177222925
237,4,Tamil Nadu - 2026,10-Jan 9pm,3408.5391924226037
238,1,Tamil Nadu - 2026,10-Jan 10pm,3354.231421101253
238,2,Tamil Nadu - 2026,10-Jan 10pm,3301.624869910317
238,3,Tamil Nadu - 2026,10-Jan 10pm,3250.719538849792
238,4,Tamil Nadu - 2026,10-Jan 10pm,3199.2441701386374
239,1,Tamil Nadu - 2026,10-Jan 11pm,3147.198763776852
239,2,Tamil Nadu - 2026,10-Jan 11pm,3104.0695002986176
239,3,Tamil Nadu - 2026,10-Jan 11pm,3069.8563797039387
239,4,Tamil Nadu - 2026,10-Jan 11pm,3045.3053562205923
240,1,Tamil Nadu - 2026,11-Jan 12am,3030.41642984858
240,2,Tamil Nadu - 2026,11-Jan 12am,3011.227694687038
240,3,Tamil Nadu - 2026,11-Jan 12am,2987.739150735967
240,4,Tamil Nadu - 2026,11-Jan 12am,2959.426724728415
241,1,Tamil Nadu - 2026,11-Jan 1am,2926.2904166643825
241,2,Tamil Nadu - 2026,11-Jan 1am,2905.4365720464416
241,3,Tamil Nadu - 2026,11-Jan 1am,2896.865190874589
241,4,Tamil Nadu - 2026,11-Jan 1am,2902.367820414586
242,1,Tamil Nadu - 2026,11-Jan 2am,2921.9444606664324
242,2,Tamil Nadu - 2026,11-Jan 2am,2927.7394825330007
242,3,Tamil Nadu - 2026,11-Jan 2am,2919.752886014293
242,4,Tamil Nadu - 2026,11-Jan 2am,2898.7831707862733
243,1,Tamil Nadu - 2026,11-Jan 3am,2864.8303368489437
243,2,Tamil Nadu - 2026,11-Jan 3am,2840.959015243629
243,3,Tamil Nadu - 2026,11-Jan 3am,2827.1692059703305
243,4,Tamil Nadu - 2026,11-Jan 3am,2820.181441937096
244,1,Tamil Nadu - 2026,11-Jan 4am,2819.9957231439266
244,2,Tamil Nadu - 2026,11-Jan 4am,2823.2242211012062
244,3,Tamil Nadu - 2026,11-Jan 4am,2829.8669358089337
244,4,Tamil Nadu - 2026,11-Jan 4am,2841.473119945933
245,1,Tamil Nadu - 2026,11-Jan 5am,2858.042773512207
245,2,Tamil Nadu - 2026,11-Jan 5am,2873.6682089244227
245,3,Tamil Nadu - 2026,11-Jan 5am,2888.349426182583
245,4,Tamil Nadu - 2026,11-Jan 5am,2899.4995913807866
246,1,Tamil Nadu - 2026,11-Jan 6am,2907.118704519031
246,2,Tamil Nadu - 2026,11-Jan 6am,2932.635456616059
246,3,Tamil Nadu - 2026,11-Jan 6am,2976.04984767187
246,4,Tamil Nadu - 2026,11-Jan 6am,3037.4459911930403
247,1,Tamil Nadu - 2026,11-Jan 7am,3116.823887179573
247,2,Tamil Nadu - 2026,11-Jan 7am,3192.2501635732624
247,3,Tamil Nadu - 2026,11-Jan 7am,3263.724820374112
247,4,Tamil Nadu - 2026,11-Jan 7am,3338.1811288730523
248,1,Tamil Nadu - 2026,11-Jan 8am,3415.6190890700877
248,2,Tamil Nadu - 2026,11-Jan 8am,3476.372445277806
248,3,Tamil Nadu - 2026,11-Jan 8am,3520.441197496204
248,4,Tamil Nadu - 2026,11-Jan 8am,3548.6272681559026
249,1,Tamil Nadu - 2026,11-Jan 9am,3560.930657256904
249,2,Tamil Nadu - 2026,11-Jan 9am,3572.2060859029016
249,3,Tamil Nadu - 2026,11-Jan 9am,3582.453554093896
249,4,Tamil Nadu - 2026,11-Jan 9am,3590.759702746299
250,1,Tamil Nadu - 2026,11-Jan 10am,3597.124531860109
250,2,Tamil Nadu - 2026,11-Jan 10am,3592.173474833162
250,3,Tamil Nadu - 2026,11-Jan 10am,3575.906531665454
250,4,Tamil Nadu - 2026,11-Jan 10am,3544.405461641275
251,1,Tamil Nadu - 2026,11-Jan 11am,3497.6702647606226
251,2,Tamil Nadu - 2026,11-Jan 11am,3468.58495191994
251,3,Tamil Nadu - 2026,11-Jan 11am,3457.1495231192307
251,4,Tamil Nadu - 2026,11-Jan 11am,3464.365260200207
252,1,Tamil Nadu - 2026,11-Jan 12pm,3490.2321631628697
252,2,Tamil Nadu - 2026,11-Jan 12pm,3495.8585300604805
252,3,Tamil Nadu - 2026,11-Jan 12pm,3481.244360893044
252,4,Tamil Nadu - 2026,11-Jan 12pm,3447.424945883606
253,1,Tamil Nadu - 2026,11-Jan 1pm,3394.400285032166
253,2,Tamil Nadu - 2026,11-Jan 1pm,3354.850338947168
253,3,Tamil Nadu - 2026,11-Jan 1pm,3328.7751076286136
253,4,Tamil Nadu - 2026,11-Jan 1pm,3312.414268392053
254,1,Tamil Nadu - 2026,11-Jan 2pm,3305.7678212374885
254,2,Tamil Nadu - 2026,11-Jan 2pm,3298.7177416631566
254,3,Tamil Nadu - 2026,11-Jan 2pm,3291.2640296690543
254,4,Tamil Nadu - 2026,11-Jan 2pm,3283.0604074303
255,1,Tamil Nadu - 2026,11-Jan 3pm,3274.106874946895
255,2,Tamil Nadu - 2026,11-Jan 3pm,3276.599123669902
255,3,Tamil Nadu - 2026,11-Jan 3pm,3290.537153599319
255,4,Tamil Nadu - 2026,11-Jan 3pm,3317.846847783884
256,1,Tamil Nadu - 2026,11-Jan 4pm,3358.5282062235983
256,2,Tamil Nadu - 2026,11-Jan 4pm,3388.830239174975
256,3,Tamil Nadu - 2026,11-Jan 4pm,3408.752946638017
256,4,Tamil Nadu - 2026,11-Jan 4pm,3420.5486079634097
257,1,Tamil Nadu - 2026,11-Jan 5pm,3424.2172231511518
257,2,Tamil Nadu - 2026,11-Jan 5pm,3429.996105840612
257,3,Tamil Nadu - 2026,11-Jan 5pm,3437.88525603179
257,4,Tamil Nadu - 2026,11-Jan 5pm,3447.0014149764474
258,1,Tamil Nadu - 2026,11-Jan 6pm,3457.344582674584
258,2,Tamil Nadu - 2026,11-Jan 6pm,3463.976997976267
258,3,Tamil Nadu - 2026,11-Jan 6pm,3466.898660881497
258,4,Tamil Nadu - 2026,11-Jan 6pm,3469.639758467653
259,1,Tamil Nadu - 2026,11-Jan 7pm,3472.2002907347355
259,2,Tamil Nadu - 2026,11-Jan 7pm,3458.3368963684
259,3,Tamil Nadu - 2026,11-Jan 7pm,3428.049575368647
259,4,Tamil Nadu - 2026,11-Jan 7pm,3379.4932375282174
260,1,Tamil Nadu - 2026,11-Jan 8pm,3312.6678828471136
260,2,Tamil Nadu - 2026,11-Jan 8pm,3254.8874138832266
260,3,Tamil Nadu - 2026,11-Jan 8pm,3206.151830636556
260,4,Tamil Nadu - 2026,11-Jan 8pm,3163.102872633104
261,1,Tamil Nadu - 2026,11-Jan 9pm,3125.7405398728743
261,2,Tamil Nadu - 2026,11-Jan 9pm,3086.9004926419448
261,3,Tamil Nadu - 2026,11-Jan 9pm,3046.582730940316
261,4,Tamil Nadu - 2026,11-Jan 9pm,3006.3762365448656
262,1,Tamil Nadu - 2026,11-Jan 10pm,2966.2810094555925
262,2,Tamil Nadu - 2026,11-Jan 10pm,2923.927498725149
262,3,Tamil Nadu - 2026,11-Jan 10pm,2879.3157043535366
262,4,Tamil Nadu - 2026,11-Jan 10pm,2831.575787465722
263,1,Tamil Nadu - 2026,11-Jan 11pm,2780.707748061705
263,2,Tamil Nadu - 2026,11-Jan 11pm,2734.300170339024
263,3,Tamil Nadu - 2026,11-Jan 11pm,2692.3530542976787
263,4,Tamil Nadu - 2026,11-Jan 11pm,2653.5990273015914
264,1,Tamil Nadu - 2026,12-Jan 12am,2618.03808935076
264,2,Tamil Nadu - 2026,12-Jan 12am,2585.685892064116
264,3,Tamil Nadu - 2026,12-Jan 12am,2556.542435441661
264,4,Tamil Nadu - 2026,12-Jan 12am,2530.153583143463
265,1,Tamil Nadu - 2026,12-Jan 1am,2506.5193351695207
265,2,Tamil Nadu - 2026,12-Jan 1am,2488.348857940492
265,3,Tamil Nadu - 2026,12-Jan 1am,2475.642151456376
265,4,Tamil Nadu - 2026,12-Jan 1am,2469.829655433612
266,1,Tamil Nadu - 2026,12-Jan 2am,2470.911369872202
266,2,Tamil Nadu - 2026,12-Jan 2am,2467.595490052843
266,3,Tamil Nadu - 2026,12-Jan 2am,2459.8820159755337
266,4,Tamil Nadu - 2026,12-Jan 2am,2447.3311240994203
267,1,Tamil Nadu - 2026,12-Jan 3am,2429.942814424501
267,2,Tamil Nadu - 2026,12-Jan 3am,2421.6478329152133
267,3,Tamil Nadu - 2026,12-Jan 3am,2422.4461795715542
267,4,Tamil Nadu - 2026,12-Jan 3am,2430.653173088732
268,1,Tamil Nadu - 2026,12-Jan 4am,2446.2688134667437
268,2,Tamil Nadu - 2026,12-Jan 4am,2465.470442569924
268,3,Tamil Nadu - 2026,12-Jan 4am,2488.2580603982715
268,4,Tamil Nadu - 2026,12-Jan 4am,2513.6326835650607
269,1,Tamil Nadu - 2026,12-Jan 5am,2541.5943120702905
269,2,Tamil Nadu - 2026,12-Jan 5am,2581.959504369996
269,3,Tamil Nadu - 2026,12-Jan 5am,2634.728260464173
269,4,Tamil Nadu - 2026,12-Jan 5am,2693.557923095541
270,1,Tamil Nadu - 2026,12-Jan 6am,2758.4484922640977
270,2,Tamil Nadu - 2026,12-Jan 6am,2857.639353057515
270,3,Tamil Nadu - 2026,12-Jan 6am,2991.130505475791
270,4,Tamil Nadu - 2026,12-Jan 6am,3168.1616492025955
271,1,Tamil Nadu - 2026,12-Jan 7am,3388.7327842379327
271,2,Tamil Nadu - 2026,12-Jan 7am,3569.1663273920976
271,3,Tamil Nadu - 2026,12-Jan 7am,3709.462278665096
271,4,Tamil Nadu - 2026,12-Jan 7am,3825.2686097048727
272,1,Tamil Nadu - 2026,12-Jan 8am,3916.5853205114304
272,2,Tamil Nadu - 2026,12-Jan 8am,3973.2021643867743
272,3,Tamil Nadu - 2026,12-Jan 8am,3995.119141330905
272,4,Tamil Nadu - 2026,12-Jan 8am,3971.803373770889
273,1,Tamil Nadu - 2026,12-Jan 9am,3903.2548617067296
273,2,Tamil Nadu - 2026,12-Jan 9am,3862.881117274008
273,3,Tamil Nadu - 2026,12-Jan 9am,3850.682140472724
273,4,Tamil Nadu - 2026,12-Jan 9am,3860.081880546538
274,1,Tamil Nadu - 2026,12-Jan 10am,3891.080337495449
274,2,Tamil Nadu - 2026,12-Jan 10am,3909.726303721928
274,3,Tamil Nadu - 2026,12-Jan 10am,3916.019779225972
274,4,Tamil Nadu - 2026,12-Jan 10am,3916.3935795566495
275,1,Tamil Nadu - 2026,12-Jan 11am,3910.847704713957
275,2,Tamil Nadu - 2026,12-Jan 11am,3894.736469001041
275,3,Tamil Nadu - 2026,12-Jan 11am,3868.059872417901
275,4,Tamil Nadu - 2026,12-Jan 11am,3827.2959538671016
276,1,Tamil Nadu - 2026,12-Jan 12pm,3772.4447133486474
276,2,Tamil Nadu - 2026,12-Jan 12pm,3729.2836031439774
276,3,Tamil Nadu - 2026,12-Jan 12pm,3697.812623253103
276,4,Tamil Nadu - 2026,12-Jan 12pm,3675.469060254272
277,1,Tamil Nadu - 2026,12-Jan 1pm,3662.252914147488
277,2,Tamil Nadu - 2026,12-Jan 1pm,3647.763013181765
277,3,Tamil Nadu - 2026,12-Jan 1pm,3631.999357357103
277,4,Tamil Nadu - 2026,12-Jan 1pm,3614.694715313643
278,1,Tamil Nadu - 2026,12-Jan 2pm,3595.8490870513915
278,2,Tamil Nadu - 2026,12-Jan 2pm,3587.467032480469
278,3,Tamil Nadu - 2026,12-Jan 2pm,3589.5485516008785
278,4,Tamil Nadu - 2026,12-Jan 2pm,3601.7853288672604
279,1,Tamil Nadu - 2026,12-Jan 3pm,3624.177364279617
279,2,Tamil Nadu - 2026,12-Jan 3pm,3646.569991199966
279,3,Tamil Nadu - 2026,12-Jan 3pm,3668.9632096283103
279,4,Tamil Nadu - 2026,12-Jan 3pm,3693.4994348921055
280,1,Tamil Nadu - 2026,12-Jan 4pm,3720.178666991358
280,2,Tamil Nadu - 2026,12-Jan 4pm,3746.3010805992735
280,3,Tamil Nadu - 2026,12-Jan 4pm,3771.866675715858
280,4,Tamil Nadu - 2026,12-Jan 4pm,3797.5835766935097
281,1,Tamil Nadu - 2026,12-Jan 5pm,3823.451783532231
281,2,Tamil Nadu - 2026,12-Jan 5pm,3847.922375444396
281,3,Tamil Nadu - 2026,12-Jan 5pm,3870.995352430004
281,4,Tamil Nadu - 2026,12-Jan 5pm,3892.9604885933695
282,1,Tamil Nadu - 2026,12-Jan 6pm,3913.817783934499
282,2,Tamil Nadu - 2026,12-Jan 6pm,3933.377514615112
282,3,Tamil Nadu - 2026,12-Jan 6pm,3951.639680635211
282,4,Tamil Nadu - 2026,12-Jan 6pm,3973.985020815178
283,1,Tamil Nadu - 2026,12-Jan 7pm,4000.4135351550094
283,2,Tamil Nadu - 2026,12-Jan 7pm,3998.830514570698
283,3,Tamil Nadu - 2026,12-Jan 7pm,3969.235959062247
283,4,Tamil Nadu - 2026,12-Jan 7pm,3909.3599912120458
284,1,Tamil Nadu - 2026,12-Jan 8pm,3819.202611020097
284,2,Tamil Nadu - 2026,12-Jan 8pm,3744.477792076045
284,3,Tamil Nadu - 2026,12-Jan 8pm,3685.18553437989
284,4,Tamil Nadu - 2026,12-Jan 8pm,3637.0940625239664
285,1,Tamil Nadu - 2026,12-Jan 9pm,3600.203376508272
285,2,Tamil Nadu - 2026,12-Jan 9pm,3554.1901551891738
285,3,Tamil Nadu - 2026,12-Jan 9pm,3499.054398566673
285,4,Tamil Nadu - 2026,12-Jan 9pm,3437.1120697358806
286,1,Tamil Nadu - 2026,12-Jan 10pm,3368.3631686967965
286,2,Tamil Nadu - 2026,12-Jan 10pm,3299.235238022384
286,3,Tamil Nadu - 2026,12-Jan 10pm,3229.7282777126406
286,4,Tamil Nadu - 2026,12-Jan 10pm,3156.333315568179
287,1,Tamil Nadu - 2026,12-Jan 11pm,3079.050351588998
287,2,Tamil Nadu - 2026,12-Jan 11pm,3012.50567639847
287,3,Tamil Nadu - 2026,12-Jan 11pm,2956.699289996594
287,4,Tamil Nadu - 2026,12-Jan 11pm,2909.284682015939
288,1,Tamil Nadu - 2026,13-Jan 12am,2870.261852456501
288,2,Tamil Nadu - 2026,13-Jan 12am,2839.083572899517
288,3,Tamil Nadu - 2026,13-Jan 12am,2815.749843344986
288,4,Tamil Nadu - 2026,13-Jan 12am,2802.094731298996
289,1,Tamil Nadu - 2026,13-Jan 1am,2798.118236761549
289,2,Tamil Nadu - 2026,13-Jan 1am,2793.363183114871
289,3,Tamil Nadu - 2026,13-Jan 1am,2787.829570358961
289,4,Tamil Nadu - 2026,13-Jan 1am,2784.8690097646195
290,1,Tamil Nadu - 2026,13-Jan 2am,2784.4815013318457
290,2,Tamil Nadu - 2026,13-Jan 2am,2777.0145540536178
290,3,Tamil Nadu - 2026,13-Jan 2am,2762.4681679299347
290,4,Tamil Nadu - 2026,13-Jan 2am,2738.335776684601
291,1,Tamil Nadu - 2026,13-Jan 3am,2704.617380317618
291,2,Tamil Nadu - 2026,13-Jan 3am,2686.0048674931804
291,3,Tamil Nadu - 2026,13-Jan 3am,2682.498238211292
291,4,Tamil Nadu - 2026,13-Jan 3am,2693.04951397791
292,1,Tamil Nadu - 2026,13-Jan 4am,2717.658694793036
292,2,Tamil Nadu - 2026,13-Jan 4am,2737.921762956701
292,3,Tamil Nadu - 2026,13-Jan 4am,2753.8387184689054
292,4,Tamil Nadu - 2026,13-Jan 4am,2764.950823781358
293,1,Tamil Nadu - 2026,13-Jan 5am,2771.258078894061
293,2,Tamil Nadu - 2026,13-Jan 5am,2793.9169267967186
293,3,Tamil Nadu - 2026,13-Jan 5am,2832.92736748933
293,4,Tamil Nadu - 2026,13-Jan 5am,2881.527626819889
294,1,Tamil Nadu - 2026,13-Jan 6am,2939.7177047883965
294,2,Tamil Nadu - 2026,13-Jan 6am,3026.911803317182
294,3,Tamil Nadu - 2026,13-Jan 6am,3143.109922406248
294,4,Tamil Nadu - 2026,13-Jan 6am,3299.4105694881728
295,1,Tamil Nadu - 2026,13-Jan 7am,3495.813744562955
295,2,Tamil Nadu - 2026,13-Jan 7am,3646.314201112792
295,3,Tamil Nadu - 2026,13-Jan 7am,3750.911939137685
295,4,Tamil Nadu - 2026,13-Jan 7am,3823.590115186568
296,1,Tamil Nadu - 2026,13-Jan 8am,3864.348729259441
296,2,Tamil Nadu - 2026,13-Jan 8am,3875.2940885805033
296,3,Tamil Nadu - 2026,13-Jan 8am,3856.426193149755
296,4,Tamil Nadu - 2026,13-Jan 8am,3790.9009890103007
297,1,Tamil Nadu - 2026,13-Jan 9am,3678.718476162141
297,2,Tamil Nadu - 2026,13-Jan 9am,3618.836671122449
297,3,Tamil Nadu - 2026,13-Jan 9am,3611.255573891224
297,4,Tamil Nadu - 2026,13-Jan 9am,3654.109278824186
298,1,Tamil Nadu - 2026,13-Jan 10am,3747.397785921337
298,2,Tamil Nadu - 2026,13-Jan 10am,3803.358512531184
298,3,Tamil Nadu - 2026,13-Jan 10am,3821.991458653729
298,4,Tamil Nadu - 2026,13-Jan 10am,3812.6022428937504
299,1,Tamil Nadu - 2026,13-Jan 11am,3775.190865251249
299,2,Tamil Nadu - 2026,13-Jan 11am,3741.686196749029
299,3,Tamil Nadu - 2026,13-Jan 11am,3712.088237387087
299,4,Tamil Nadu - 2026,13-Jan 11am,3678.654700612636
300,1,Tamil Nadu - 2026,13-Jan 12pm,3641.3855864256793
300,2,Tamil Nadu - 2026,13-Jan 12pm,3614.805743120141
300,3,Tamil Nadu - 2026,13-Jan 12pm,3598.9151706960206
300,4,Tamil Nadu - 2026,13-Jan 12pm,3595.3034997581594
301,1,Tamil Nadu - 2026,13-Jan 1pm,3603.9707303065584
301,2,Tamil Nadu - 2026,13-Jan 1pm,3600.8542304182506
301,3,Tamil Nadu - 2026,13-Jan 1pm,3585.954000093243
301,4,Tamil Nadu - 2026,13-Jan 1pm,3555.781039181948
302,1,Tamil Nadu - 2026,13-Jan 2pm,3510.335347684368
302,2,Tamil Nadu - 2026,13-Jan 2pm,3494.613558420965
302,3,Tamil Nadu - 2026,13-Jan 2pm,3508.615671391738
302,4,Tamil Nadu - 2026,13-Jan 2pm,3554.8754225029297
303,1,Tamil Nadu - 2026,13-Jan 3pm,3633.392811754544
303,2,Tamil Nadu - 2026,13-Jan 3pm,3683.968790888649
303,3,Tamil Nadu - 2026,13-Jan 3pm,3706.603359905249
303,4,Tamil Nadu - 2026,13-Jan 3pm,3701.995037451558
304,1,Tamil Nadu - 2026,13-Jan 4pm,3670.143823527578
304,2,Tamil Nadu - 2026,13-Jan 4pm,3667.0576545079216
304,3,Tamil Nadu - 2026,13-Jan 4pm,3692.736530392584
304,4,Tamil Nadu - 2026,13-Jan 4pm,3746.5219915719135
305,1,Tamil Nadu - 2026,13-Jan 5pm,3828.4140380459153
305,2,Tamil Nadu - 2026,13-Jan 5pm,3886.355491097881
305,3,Tamil Nadu - 2026,13-Jan 5pm,3920.346350727816
305,4,Tamil Nadu - 2026,13-Jan 5pm,3933.584120128389
306,1,Tamil Nadu - 2026,13-Jan 6pm,3926.0687992996
306,2,Tamil Nadu - 2026,13-Jan 6pm,3930.672547802133
306,3,Tamil Nadu - 2026,13-Jan 6pm,3947.3953656359895
306,4,Tamil Nadu - 2026,13-Jan 6pm,3979.113287262278
307,1,Tamil Nadu - 2026,13-Jan 7pm,4025.826312680995
307,2,Tamil Nadu - 2026,13-Jan 7pm,4037.4060755648143
307,3,Tamil Nadu - 2026,13-Jan 7pm,4013.852575913735
307,4,Tamil Nadu - 2026,13-Jan 7pm,3955.045035840455
308,1,Tamil Nadu - 2026,13-Jan 8pm,3860.983455344971
308,2,Tamil Nadu - 2026,13-Jan 8pm,3782.520868078438
308,3,Tamil Nadu - 2026,13-Jan 8pm,3719.657274040852
308,4,Tamil Nadu - 2026,13-Jan 8pm,3666.2684025357394
309,1,Tamil Nadu - 2026,13-Jan 9pm,3622.3542535631022
309,2,Tamil Nadu - 2026,13-Jan 9pm,3573.8074176506416
309,3,Tamil Nadu - 2026,13-Jan 9pm,3520.627894798357
309,4,Tamil Nadu - 2026,13-Jan 9pm,3465.530433987899
310,1,Tamil Nadu - 2026,13-Jan 10pm,3408.515035219272
310,2,Tamil Nadu - 2026,13-Jan 10pm,3347.40061407486
310,3,Tamil Nadu - 2026,13-Jan 10pm,3282.187170554669
310,4,Tamil Nadu - 2026,13-Jan 10pm,3209.7171801511986
311,1,Tamil Nadu - 2026,13-Jan 11pm,3129.990642864449
311,2,Tamil Nadu - 2026,13-Jan 11pm,3064.13379015701
311,3,Tamil Nadu - 2026,13-Jan 11pm,3012.1466220288794
311,4,Tamil Nadu - 2026,13-Jan 11pm,2973.648944949661
312,1,Tamil Nadu - 2026,14-Jan 12am,2948.640758919356
312,2,Tamil Nadu - 2026,14-Jan 12am,2918.276993657756
312,3,Tamil Nadu - 2026,14-Jan 12am,2882.557649164861
312,4,Tamil Nadu - 2026,14-Jan 12am,2841.474598258028
313,1,Tamil Nadu - 2026,14-Jan 1am,2795.027840937256
313,2,Tamil Nadu - 2026,14-Jan 1am,2762.1112105786087
313,3,Tamil Nadu - 2026,14-Jan 1am,2742.724707182084
313,4,Tamil Nadu - 2026,14-Jan 1am,2737.476241302052
314,1,Tamil Nadu - 2026,14-Jan 2am,2746.3658129385094
314,2,Tamil Nadu - 2026,14-Jan 2am,2746.852125389195
314,3,Tamil Nadu - 2026,14-Jan 2am,2738.935178654108
314,4,Tamil Nadu - 2026,14-Jan 2am,2724.336883018188
315,1,Tamil Nadu - 2026,14-Jan 3am,2703.0572384814327
315,2,Tamil Nadu - 2026,14-Jan 3am,2687.306080036476
315,3,Tamil Nadu - 2026,14-Jan 3am,2677.083407683318
315,4,Tamil Nadu - 2026,14-Jan 3am,2668.3232737987737
316,1,Tamil Nadu - 2026,14-Jan 4am,2661.0256783828445
316,2,Tamil Nadu - 2026,14-Jan 4am,2667.3764721820016
316,3,Tamil Nadu - 2026,14-Jan 4am,2687.3756551962438
316,4,Tamil Nadu - 2026,14-Jan 4am,2721.8121942389107
317,1,Tamil Nadu - 2026,14-Jan 5am,2770.6860893100047
317,2,Tamil Nadu - 2026,14-Jan 5am,2817.0776887830098
317,3,Tamil Nadu - 2026,14-Jan 5am,2860.9869926579254
317,4,Tamil Nadu - 2026,14-Jan 5am,2899.39922924906
318,1,Tamil Nadu - 2026,14-Jan 6am,2932.3143985564134
318,2,Tamil Nadu - 2026,14-Jan 6am,2994.740782320652
318,3,Tamil Nadu - 2026,14-Jan 6am,3086.678380541772
318,4,Tamil Nadu - 2026,14-Jan 6am,3216.146438581162
319,1,Tamil Nadu - 2026,14-Jan 7am,3383.1449564388213
319,2,Tamil Nadu - 2026,14-Jan 7am,3504.5501802057715
319,3,Tamil Nadu - 2026,14-Jan 7am,3580.36210988201
319,4,Tamil Nadu - 2026,14-Jan 7am,3613.942753473397
320,1,Tamil Nadu - 2026,14-Jan 8am,3605.292110979931
320,2,Tamil Nadu - 2026,14-Jan 8am,3617.361888275451
320,3,Tamil Nadu - 2026,14-Jan 8am,3650.152085359961
320,4,Tamil Nadu - 2026,14-Jan 8am,3698.413915384656
321,1,Tamil Nadu - 2026,14-Jan 9am,3762.1473783495344
321,2,Tamil Nadu - 2026,14-Jan 9am,3809.893489473586
321,3,Tamil Nadu - 2026,14-Jan 9am,3841.652248756816
321,4,Tamil Nadu - 2026,14-Jan 9am,3862.176883420064
322,1,Tamil Nadu - 2026,14-Jan 10am,3871.467393463337
322,2,Tamil Nadu - 2026,14-Jan 10am,3872.463400342561
322,3,Tamil Nadu - 2026,14-Jan 10am,3865.164904057741
322,4,Tamil Nadu - 2026,14-Jan 10am,3846.6643021363625
323,1,Tamil Nadu - 2026,14-Jan 11am,3816.961594578426
323,2,Tamil Nadu - 2026,14-Jan 11am,3790.562774763076
323,3,Tamil Nadu - 2026,14-Jan 11am,3767.467842690315
323,4,Tamil Nadu - 2026,14-Jan 11am,3745.097787968184
324,1,Tamil Nadu - 2026,14-Jan 12pm,3723.452610596679
324,2,Tamil Nadu - 2026,14-Jan 12pm,3703.500379548424
324,3,Tamil Nadu - 2026,14-Jan 12pm,3685.241094823418
324,4,Tamil Nadu - 2026,14-Jan 12pm,3670.085915031481
325,1,Tamil Nadu - 2026,14-Jan 1pm,3658.034840172612
325,2,Tamil Nadu - 2026,14-Jan 1pm,3639.652849615281
325,3,Tamil Nadu - 2026,14-Jan 1pm,3614.939943359487
325,4,Tamil Nadu - 2026,14-Jan 1pm,3581.77236685262
326,1,Tamil Nadu - 2026,14-Jan 2pm,3540.1501200946823
326,2,Tamil Nadu - 2026,14-Jan 2pm,3512.2507510328637
326,3,Tamil Nadu - 2026,14-Jan 2pm,3498.07425966716
326,4,Tamil Nadu - 2026,14-Jan 2pm,3493.6148692052952
327,1,Tamil Nadu - 2026,14-Jan 3pm,3498.8725796472704
327,2,Tamil Nadu - 2026,14-Jan 3pm,3515.7045037995654
327,3,Tamil Nadu - 2026,14-Jan 3pm,3544.110641662181
327,4,Tamil Nadu - 2026,14-Jan 3pm,3589.542274890983
328,1,Tamil Nadu - 2026,14-Jan 4pm,3651.999403485972
328,2,Tamil Nadu - 2026,14-Jan 4pm,3696.917224705476
328,3,Tamil Nadu - 2026,14-Jan 4pm,3724.2957385494938
328,4,Tamil Nadu - 2026,14-Jan 4pm,3734.4076332590594
329,1,Tamil Nadu - 2026,14-Jan 5pm,3727.252908834177
329,2,Tamil Nadu - 2026,14-Jan 5pm,3735.760238570296
329,3,Tamil Nadu - 2026,14-Jan 5pm,3759.929622467416
329,4,Tamil Nadu - 2026,14-Jan 5pm,3800.107230128111
330,1,Tamil Nadu - 2026,14-Jan 6pm,3856.293061552381
330,2,Tamil Nadu - 2026,14-Jan 6pm,3893.481425829329
330,3,Tamil Nadu - 2026,14-Jan 6pm,3911.6723229589534
330,4,Tamil Nadu - 2026,14-Jan 6pm,3917.453189659336
331,1,Tamil Nadu - 2026,14-Jan 7pm,3910.824025930476
331,2,Tamil Nadu - 2026,14-Jan 7pm,3887.265902374783
331,3,Tamil Nadu - 2026,14-Jan 7pm,3846.778818992263
331,4,Tamil Nadu - 2026,14-Jan 7pm,3784.641252702479
332,1,Tamil Nadu - 2026,14-Jan 8pm,3700.8532035054313
332,2,Tamil Nadu - 2026,14-Jan 8pm,3628.2627392813065
332,3,Tamil Nadu - 2026,14-Jan 8pm,3566.869860030107
332,4,Tamil Nadu - 2026,14-Jan 8pm,3512.584197183155
333,1,Tamil Nadu - 2026,14-Jan 9pm,3465.40575074045
333,2,Tamil Nadu - 2026,14-Jan 9pm,3417.0286642338583
333,3,Tamil Nadu - 2026,14-Jan 9pm,3367.452937663385
333,4,Tamil Nadu - 2026,14-Jan 9pm,3319.052647362307
334,1,Tamil Nadu - 2026,14-Jan 10pm,3271.827793330628
334,2,Tamil Nadu - 2026,14-Jan 10pm,3219.8397740367905
334,3,Tamil Nadu - 2026,14-Jan 10pm,3163.088589480794
334,4,Tamil Nadu - 2026,14-Jan 10pm,3099.613843151789
335,1,Tamil Nadu - 2026,14-Jan 11pm,3029.415535049776
335,2,Tamil Nadu - 2026,14-Jan 11pm,2970.194645771413
335,3,Tamil Nadu - 2026,14-Jan 11pm,2921.951175316702
335,4,Tamil Nadu - 2026,14-Jan 11pm,2883.538643862109
336,1,Tamil Nadu - 2026,15-Jan 12am,2854.957051407637
336,2,Tamil Nadu - 2026,15-Jan 12am,2825.3842962978083
336,3,Tamil Nadu - 2026,15-Jan 12am,2794.8203785326214
336,4,Tamil Nadu - 2026,15-Jan 12am,2764.2982737619323
337,1,Tamil Nadu - 2026,15-Jan 1am,2733.8179819857414
337,2,Tamil Nadu - 2026,15-Jan 1am,2708.003750960393
337,3,Tamil Nadu - 2026,15-Jan 1am,2686.855580685888
337,4,Tamil Nadu - 2026,15-Jan 1am,2669.432686367978
338,1,Tamil Nadu - 2026,15-Jan 2am,2655.735068006665
338,2,Tamil Nadu - 2026,15-Jan 2am,2646.783186611077
338,3,Tamil Nadu - 2026,15-Jan 2am,2642.577042181213
338,4,Tamil Nadu - 2026,15-Jan 2am,2644.234703201045
339,1,Tamil Nadu - 2026,15-Jan 3am,2651.756169670572
339,2,Tamil Nadu - 2026,15-Jan 3am,2657.412569676841
339,3,Tamil Nadu - 2026,15-Jan 3am,2661.203903219857
339,4,Tamil Nadu - 2026,15-Jan 3am,2661.7173574327303
340,1,Tamil Nadu - 2026,15-Jan 4am,2658.952932315464
340,2,Tamil Nadu - 2026,15-Jan 4am,2669.1163769823143
340,3,Tamil Nadu - 2026,15-Jan 4am,2692.207691433281
340,4,Tamil Nadu - 2026,15-Jan 4am,2729.0729992689407
341,1,Tamil Nadu - 2026,15-Jan 5am,2779.7123004892906
341,2,Tamil Nadu - 2026,15-Jan 5am,2822.843104376628
341,3,Tamil Nadu - 2026,15-Jan 5am,2858.465410930955
341,4,Tamil Nadu - 2026,15-Jan 5am,2886.339184203127
342,1,Tamil Nadu - 2026,15-Jan 6am,2906.4644241931437
342,2,Tamil Nadu - 2026,15-Jan 6am,2941.563837313571
342,3,Tamil Nadu - 2026,15-Jan 6am,2991.637423564408
342,4,Tamil Nadu - 2026,15-Jan 6am,3059.684314928878
343,1,Tamil Nadu - 2026,15-Jan 7am,3145.704511406981
343,2,Tamil Nadu - 2026,15-Jan 7am,3208.980514686813
343,3,Tamil Nadu - 2026,15-Jan 7am,3249.5123247683714
343,4,Tamil Nadu - 2026,15-Jan 7am,3271.9126491378347
344,1,Tamil Nadu - 2026,15-Jan 8am,3276.1814877952
344,2,Tamil Nadu - 2026,15-Jan 8am,3275.3600941353307
344,3,Tamil Nadu - 2026,15-Jan 8am,3269.4484681582267
344,4,Tamil Nadu - 2026,15-Jan 8am,3258.0899499112425
345,1,Tamil Nadu - 2026,15-Jan 9am,3241.284539394379
345,2,Tamil Nadu - 2026,15-Jan 9am,3208.1309429286466
345,3,Tamil Nadu - 2026,15-Jan 9am,3158.629160514045
345,4,Tamil Nadu - 2026,15-Jan 9am,3089.4353571629285
346,1,Tamil Nadu - 2026,15-Jan 10am,3000.5495328752936
346,2,Tamil Nadu - 2026,15-Jan 10am,2922.9359912560208
346,3,Tamil Nadu - 2026,15-Jan 10am,2856.5947323051146
346,4,Tamil Nadu - 2026,15-Jan 10am,2797.4297435635717
347,1,Tamil Nadu - 2026,15-Jan 11am,2745.4410250313904
347,2,Tamil Nadu - 2026,15-Jan 11am,2694.2403478577
347,3,Tamil Nadu - 2026,15-Jan 11am,2643.8277120424978
347,4,Tamil Nadu - 2026,15-Jan 11am,2594.230915068412
348,1,Tamil Nadu - 2026,15-Jan 12pm,2545.4499569354407
348,2,Tamil Nadu - 2026,15-Jan 12pm,2503.706281598705
348,3,Tamil Nadu - 2026,15-Jan 12pm,2468.999889058205
348,4,Tamil Nadu - 2026,15-Jan 12pm,2441.4538724076497
349,1,Tamil Nadu - 2026,15-Jan 1pm,2421.0682316470416
349,2,Tamil Nadu - 2026,15-Jan 1pm,2400.882964258996
349,3,Tamil Nadu - 2026,15-Jan 1pm,2380.8980702435124
349,4,Tamil Nadu - 2026,15-Jan 1pm,2359.9007338504503
350,1,Tamil Nadu - 2026,15-Jan 2pm,2337.890955079808
350,2,Tamil Nadu - 2026,15-Jan 2pm,2329.1056309498217
350,3,Tamil Nadu - 2026,15-Jan 2pm,2333.5447614604927
350,4,Tamil Nadu - 2026,15-Jan 2pm,2350.758652509877
351,1,Tamil Nadu - 2026,15-Jan 3pm,2380.7473040979744
351,2,Tamil Nadu - 2026,15-Jan 3pm,2411.9719838182104
351,3,Tamil Nadu - 2026,15-Jan 3pm,2444.432691670585
351,4,Tamil Nadu - 2026,15-Jan 3pm,2482.59802041323
352,1,Tamil Nadu - 2026,15-Jan 4pm,2526.467970046145
352,2,Tamil Nadu - 2026,15-Jan 4pm,2560.769716427118
352,3,Tamil Nadu - 2026,15-Jan 4pm,2585.5032595561484
352,4,Tamil Nadu - 2026,15-Jan 4pm,2597.239053970588
353,1,Tamil Nadu - 2026,15-Jan 5pm,2595.9770996704387
353,2,Tamil Nadu - 2026,15-Jan 5pm,2617.5674935737893
353,3,Tamil Nadu - 2026,15-Jan 5pm,2662.0102356806383
353,4,Tamil Nadu - 2026,15-Jan 5pm,2731.925171075133
354,1,Tamil Nadu - 2026,15-Jan 6pm,2827.312299757275
354,2,Tamil Nadu - 2026,15-Jan 6pm,2896.6024543040844
354,3,Tamil Nadu - 2026,15-Jan 6pm,2939.795634715562
354,4,Tamil Nadu - 2026,15-Jan 6pm,2964.499611223078
355,1,Tamil Nadu - 2026,15-Jan 7pm,2970.7143838266297
355,2,Tamil Nadu - 2026,15-Jan 7pm,2964.362498560977
355,3,Tamil Nadu - 2026,15-Jan 7pm,2945.4439554261194
355,4,Tamil Nadu - 2026,15-Jan 7pm,2907.999162186274
356,1,Tamil Nadu - 2026,15-Jan 8pm,2852.028118841441
356,2,Tamil Nadu - 2026,15-Jan 8pm,2807.365832771564
356,3,Tamil Nadu - 2026,15-Jan 8pm,2774.0123039766413
356,4,Tamil Nadu - 2026,15-Jan 8pm,2749.483744410353
357,1,Tamil Nadu - 2026,15-Jan 9pm,2733.780154072702
357,2,Tamil Nadu - 2026,15-Jan 9pm,2711.969253861656
357,3,Tamil Nadu - 2026,15-Jan 9pm,2684.051043777215
357,4,Tamil Nadu - 2026,15-Jan 9pm,2652.3295482884264
358,1,Tamil Nadu - 2026,15-Jan 10pm,2616.8047673952897
358,2,Tamil Nadu - 2026,15-Jan 10pm,2578.5848333855547
358,3,Tamil Nadu - 2026,15-Jan 10pm,2537.669746259221
358,4,Tamil Nadu - 2026,15-Jan 10pm,2491.5806529599336
359,1,Tamil Nadu - 2026,15-Jan 11pm,2440.317553487689
359,2,Tamil Nadu - 2026,15-Jan 11pm,2397.6454338928825
359,3,Tamil Nadu - 2026,15-Jan 11pm,2363.564294175512
359,4,Tamil Nadu - 2026,15-Jan 11pm,2336.3927184439167
360,1,Tamil Nadu - 2026,16-Jan 12am,2316.130706698098
360,2,Tamil Nadu - 2026,16-Jan 12am,2299.101768237625
360,3,Tamil Nadu - 2026,16-Jan 12am,2285.305903062498
360,4,Tamil Nadu - 2026,16-Jan 12am,2276.9016220017797
361,1,Tamil Nadu - 2026,16-Jan 1am,2273.888925055469
361,2,Tamil Nadu - 2026,16-Jan 1am,2266.9932379496245
361,3,Tamil Nadu - 2026,16-Jan 1am,2256.2145606842464
361,4,Tamil Nadu - 2026,16-Jan 1am,2241.443276310661
362,1,Tamil Nadu - 2026,16-Jan 2am,2222.679384828868
362,2,Tamil Nadu - 2026,16-Jan 2am,2209.8551622048503
362,3,Tamil Nadu - 2026,16-Jan 2am,2202.970608438608
362,4,Tamil Nadu - 2026,16-Jan 2am,2201.204844527673
363,1,Tamil Nadu - 2026,16-Jan 3am,2204.557870472047
363,2,Tamil Nadu - 2026,16-Jan 3am,2208.0226843205505
363,3,Tamil Nadu - 2026,16-Jan 3am,2211.599286073187
363,4,Tamil Nadu - 2026,16-Jan 3am,2215.190159134216
364,1,Tamil Nadu - 2026,16-Jan 4am,2218.79530350364
364,2,Tamil Nadu - 2026,16-Jan 4am,2228.006820707059
364,3,Tamil Nadu - 2026,16-Jan 4am,2242.824710744473
364,4,Tamil Nadu - 2026,16-Jan 4am,2262.873165044828
365,1,Tamil Nadu - 2026,16-Jan 5am,2288.1521836081256
365,2,Tamil Nadu - 2026,16-Jan 5am,2315.324516335086
365,3,Tamil Nadu - 2026,16-Jan 5am,2344.390163225715
365,4,Tamil Nadu - 2026,16-Jan 5am,2372.9831368310734
366,1,Tamil Nadu - 2026,16-Jan 6am,2401.1034371511623
366,2,Tamil Nadu - 2026,16-Jan 6am,2446.284238978863
366,3,Tamil Nadu - 2026,16-Jan 6am,2508.5255423141766
366,4,Tamil Nadu - 2026,16-Jan 6am,2591.586781555798
367,1,Tamil Nadu - 2026,16-Jan 7am,2695.467956703727
367,2,Tamil Nadu - 2026,16-Jan 7am,2780.079286572913
367,3,Tamil Nadu - 2026,16-Jan 7am,2845.420771163356
367,4,Tamil Nadu - 2026,16-Jan 7am,2895.8519855600034
368,1,Tamil Nadu - 2026,16-Jan 8am,2931.372929762856
368,2,Tamil Nadu - 2026,16-Jan 8am,2965.9159344472782
368,3,Tamil Nadu - 2026,16-Jan 8am,2999.48099961327
368,4,Tamil Nadu - 2026,16-Jan 8am,3030.610136176595
369,1,Tamil Nadu - 2026,16-Jan 9am,3059.303344137252
369,2,Tamil Nadu - 2026,16-Jan 9am,3080.376227325295
369,3,Tamil Nadu - 2026,16-Jan 9am,3093.8287857407245
369,4,Tamil Nadu - 2026,16-Jan 9am,3102.711642796728
370,1,Tamil Nadu - 2026,16-Jan 10am,3107.024798493305
370,2,Tamil Nadu - 2026,16-Jan 10am,3093.6489085212725
370,3,Tamil Nadu - 2026,16-Jan 10am,3062.5839728806304
370,4,Tamil Nadu - 2026,16-Jan 10am,3009.5423201047915
371,1,Tamil Nadu - 2026,16-Jan 11am,2934.523950193758
371,2,Tamil Nadu - 2026,16-Jan 11am,2876.3742362562266
371,3,Tamil Nadu - 2026,16-Jan 11am,2835.093178292197
371,4,Tamil Nadu - 2026,16-Jan 11am,2805.738635257818
372,1,Tamil Nadu - 2026,16-Jan 12pm,2788.310607153091
372,2,Tamil Nadu - 2026,16-Jan 12pm,2773.616567132418
372,3,Tamil Nadu - 2026,16-Jan 12pm,2761.6565151958
372,4,Tamil Nadu - 2026,16-Jan 12pm,2755.8663105186915
373,1,Tamil Nadu - 2026,16-Jan 1pm,2756.245953101092
373,2,Tamil Nadu - 2026,16-Jan 1pm,2751.37281473587
373,3,Tamil Nadu - 2026,16-Jan 1pm,2741.2468954230267
373,4,Tamil Nadu - 2026,16-Jan 1pm,2724.6043367400102
374,1,Tamil Nadu - 2026,16-Jan 2pm,2701.4451386868186
374,2,Tamil Nadu - 2026,16-Jan 2pm,2690.775080005895
374,3,Tamil Nadu - 2026,16-Jan 2pm,2692.594160697238
374,4,Tamil Nadu - 2026,16-Jan 2pm,2705.3356206100484
375,1,Tamil Nadu - 2026,16-Jan 3pm,2728.9994597443283
375,2,Tamil Nadu - 2026,16-Jan 3pm,2753.9804602624263
375,3,Tamil Nadu - 2026,16-Jan 3pm,2780.2786221643423
375,4,Tamil Nadu - 2026,16-Jan 3pm,2813.8914578289027
376,1,Tamil Nadu - 2026,16-Jan 4pm,2854.8189672561075
376,2,Tamil Nadu - 2026,16-Jan 4pm,2876.681294010651
376,3,Tamil Nadu - 2026,16-Jan 4pm,2879.478438092531
376,4,Tamil Nadu - 2026,16-Jan 4pm,2860.01130064071
377,1,Tamil Nadu - 2026,16-Jan 5pm,2818.2798816551917
377,2,Tamil Nadu - 2026,16-Jan 5pm,2799.8586307375026
377,3,Tamil Nadu - 2026,16-Jan 5pm,2804.747547887645
377,4,Tamil Nadu - 2026,16-Jan 5pm,2829.4939397196604
378,1,Tamil Nadu - 2026,16-Jan 6pm,2874.097806233552
378,2,Tamil Nadu - 2026,16-Jan 6pm,2913.700858143525
378,3,Tamil Nadu - 2026,16-Jan 6pm,2948.30309544958
378,4,Tamil Nadu - 2026,16-Jan 6pm,2987.1682401733437
379,1,Tamil Nadu - 2026,16-Jan 7pm,3030.296292314815
379,2,Tamil Nadu - 2026,16-Jan 7pm,3046.963209030032
379,3,Tamil Nadu - 2026,16-Jan 7pm,3037.168990318992
379,4,Tamil Nadu - 2026,16-Jan 7pm,2998.8715083361603
380,1,Tamil Nadu - 2026,16-Jan 8pm,2932.070763081537
380,2,Tamil Nadu - 2026,16-Jan 8pm,2879.743564472298
380,3,Tamil Nadu - 2026,16-Jan 8pm,2841.8899125084463
380,4,Tamil Nadu - 2026,16-Jan 8pm,2814.1957599377183
381,1,Tamil Nadu - 2026,16-Jan 9pm,2796.661106760117
381,2,Tamil Nadu - 2026,16-Jan 9pm,2772.193426572021
381,3,Tamil Nadu - 2026,16-Jan 9pm,2740.7927193734345
381,4,Tamil Nadu - 2026,16-Jan 9pm,2704.912747294427
382,1,Tamil Nadu - 2026,16-Jan 10pm,2664.5535103350003
382,2,Tamil Nadu - 2026,16-Jan 10pm,2622.0849621183406
382,3,Tamil Nadu - 2026,16-Jan 10pm,2577.507102644446
382,4,Tamil Nadu - 2026,16-Jan 10pm,2527.394424902214
383,1,Tamil Nadu - 2026,16-Jan 11pm,2471.7469288916427
383,2,Tamil Nadu - 2026,16-Jan 11pm,2428.747703056183
383,3,Tamil Nadu - 2026,16-Jan 11pm,2398.3967473958364
383,4,Tamil Nadu - 2026,16-Jan 11pm,2380.288620656338
384,1,Tamil Nadu - 2026,17-Jan 12am,2374.4233228376875
384,2,Tamil Nadu - 2026,17-Jan 12am,2365.0504130220165
384,3,Tamil Nadu - 2026,17-Jan 12am,2352.169891209326
384,4,Tamil Nadu - 2026,17-Jan 12am,2337.5163729309697
385,1,Tamil Nadu - 2026,17-Jan 1am,2321.089858186945
385,2,Tamil Nadu - 2026,17-Jan 1am,2308.233094707004
385,3,Tamil Nadu - 2026,17-Jan 1am,2298.9460824911475
385,4,Tamil Nadu - 2026,17-Jan 1am,2293.750964614904
386,1,Tamil Nadu - 2026,17-Jan 2am,2292.647741078276
386,2,Tamil Nadu - 2026,17-Jan 2am,2287.160805698325
386,3,Tamil Nadu - 2026,17-Jan 2am,2277.2901584750525
386,4,Tamil Nadu - 2026,17-Jan 2am,2262.521294748347
387,1,Tamil Nadu - 2026,17-Jan 3am,2242.85421451821
387,2,Tamil Nadu - 2026,17-Jan 3am,2229.85155192824
387,3,Tamil Nadu - 2026,17-Jan 3am,2223.513306978439
387,4,Tamil Nadu - 2026,17-Jan 3am,2221.600926575111
388,1,Tamil Nadu - 2026,17-Jan 4am,2224.114410718259
388,2,Tamil Nadu - 2026,17-Jan 4am,2232.9224438264364
388,3,Tamil Nadu - 2026,17-Jan 4am,2248.0250258996434
388,4,Tamil Nadu - 2026,17-Jan 4am,2270.758119555661
389,1,Tamil Nadu - 2026,17-Jan 5am,2301.121724794489
389,2,Tamil Nadu - 2026,17-Jan 5am,2329.23138149089
389,3,Tamil Nadu - 2026,17-Jan 5am,2355.087089644861
389,4,Tamil Nadu - 2026,17-Jan 5am,2375.8698040697595
390,1,Tamil Nadu - 2026,17-Jan 6am,2391.579524765587
390,2,Tamil Nadu - 2026,17-Jan 6am,2429.014982977441
390,3,Tamil Nadu - 2026,17-Jan 6am,2488.176178705323
390,4,Tamil Nadu - 2026,17-Jan 6am,2570.91931355165
391,1,Tamil Nadu - 2026,17-Jan 7am,2677.244387516422
391,2,Tamil Nadu - 2026,17-Jan 7am,2769.215459740033
391,3,Tamil Nadu - 2026,17-Jan 7am,2846.8325302224835
391,4,Tamil Nadu - 2026,17-Jan 7am,2916.58762252106
392,1,Tamil Nadu - 2026,17-Jan 8am,2978.480736635764
392,2,Tamil Nadu - 2026,17-Jan 8am,3031.4956720824684
392,3,Tamil Nadu - 2026,17-Jan 8am,3075.6324288611736
392,4,Tamil Nadu - 2026,17-Jan 8am,3115.381162420594
393,1,Tamil Nadu - 2026,17-Jan 9am,3150.741872760732
393,2,Tamil Nadu - 2026,17-Jan 9am,3155.7898276734186
393,3,Tamil Nadu - 2026,17-Jan 9am,3130.525027158658
393,4,Tamil Nadu - 2026,17-Jan 9am,3066.823272407191
394,1,Tamil Nadu - 2026,17-Jan 10am,2964.6845634190204
394,2,Tamil Nadu - 2026,17-Jan 10am,2898.778825257842
394,3,Tamil Nadu - 2026,17-Jan 10am,2869.106057923658
394,4,Tamil Nadu - 2026,17-Jan 10am,2870.590553399479
395,1,Tamil Nadu - 2026,17-Jan 11am,2903.2323116853017
395,2,Tamil Nadu - 2026,17-Jan 11am,2922.8156558193677
395,3,Tamil Nadu - 2026,17-Jan 11am,2929.340585801677
395,4,Tamil Nadu - 2026,17-Jan 11am,2930.201446693654
396,1,Tamil Nadu - 2026,17-Jan 12pm,2925.398238495301
396,2,Tamil Nadu - 2026,17-Jan 12pm,2914.780567799819
396,3,Tamil Nadu - 2026,17-Jan 12pm,2898.3484346072087
396,4,Tamil Nadu - 2026,17-Jan 12pm,2874.3027590976712
397,1,Tamil Nadu - 2026,17-Jan 1pm,2842.6435412712044
397,2,Tamil Nadu - 2026,17-Jan 1pm,2814.315653453408
397,3,Tamil Nadu - 2026,17-Jan 1pm,2789.3190956442813
397,4,Tamil Nadu - 2026,17-Jan 1pm,2763.0817096311075
398,1,Tamil Nadu - 2026,17-Jan 2pm,2735.603495413887
398,2,Tamil Nadu - 2026,17-Jan 2pm,2723.372529943324
398,3,Tamil Nadu - 2026,17-Jan 2pm,2726.388813219418
398,4,Tamil Nadu - 2026,17-Jan 2pm,2742.635161423372
399,1,Tamil Nadu - 2026,17-Jan 3pm,2772.111574555185
399,2,Tamil Nadu - 2026,17-Jan 3pm,2810.4330785769416
399,3,Tamil Nadu - 2026,17-Jan 3pm,2857.5996734886403
399,4,Tamil Nadu - 2026,17-Jan 3pm,2920.3756733792334
400,1,Tamil Nadu - 2026,17-Jan 4pm,2998.7610782487204
400,2,Tamil Nadu - 2026,17-Jan 4pm,3056.554977601307
400,3,Tamil Nadu - 2026,17-Jan 4pm,3093.7573714369923
400,4,Tamil Nadu - 2026,17-Jan 4pm,3109.5365727129806
401,1,Tamil Nadu - 2026,17-Jan 5pm,3103.892581429273
401,2,Tamil Nadu - 2026,17-Jan 5pm,3118.016430338434
401,3,Tamil Nadu - 2026,17-Jan 5pm,3151.9081194404635
401,4,Tamil Nadu - 2026,17-Jan 5pm,3206.012868791829
402,1,Tamil Nadu - 2026,17-Jan 6pm,3280.330678392536
402,2,Tamil Nadu - 2026,17-Jan 6pm,3330.999195151199
402,3,Tamil Nadu - 2026,17-Jan 6pm,3358.018419067816
402,4,Tamil Nadu - 2026,17-Jan 6pm,3367.3717073884486
403,1,Tamil Nadu - 2026,17-Jan 7pm,3359.059060113094
403,2,Tamil Nadu - 2026,17-Jan 7pm,3341.0426868567897
403,3,Tamil Nadu - 2026,17-Jan 7pm,3313.3225876195343
403,4,Tamil Nadu - 2026,17-Jan 7pm,3271.3356654105824
404,1,Tamil Nadu - 2026,17-Jan 8pm,3215.081920229938
404,2,Tamil Nadu - 2026,17-Jan 8pm,3163.9777244070247
404,3,Tamil Nadu - 2026,17-Jan 8pm,3118.023077941845
404,4,Tamil Nadu - 2026,17-Jan 8pm,3073.687277421193
405,1,Tamil Nadu - 2026,17-Jan 9pm,3030.970322845073
405,2,Tamil Nadu - 2026,17-Jan 9pm,2991.640062363272
405,3,Tamil Nadu - 2026,17-Jan 9pm,2955.6964959757897
405,4,Tamil Nadu - 2026,17-Jan 9pm,2925.3231188158643
406,1,Tamil Nadu - 2026,17-Jan 10pm,2900.519930883494
406,2,Tamil Nadu - 2026,17-Jan 10pm,2866.4181132294675
406,3,Tamil Nadu - 2026,17-Jan 10pm,2823.017665853785
406,4,Tamil Nadu - 2026,17-Jan 10pm,2768.0442900332537
407,1,Tamil Nadu - 2026,17-Jan 11pm,2701.4979857678745
407,2,Tamil Nadu - 2026,17-Jan 11pm,2651.8933643460105
407,3,Tamil Nadu - 2026,17-Jan 11pm,2619.2304257676624
407,4,Tamil Nadu - 2026,17-Jan 11pm,2602.018224118452
408,1,Tamil Nadu - 2026,18-Jan 12am,2600.256759398382
408,2,Tamil Nadu - 2026,18-Jan 12am,2594.3770958053483
408,3,Tamil Nadu - 2026,18-Jan 12am,2584.379233339353
408,4,Tamil Nadu - 2026,18-Jan 12am,2572.596911456917
409,1,Tamil Nadu - 2026,18-Jan 1am,2559.030130158044
409,2,Tamil Nadu - 2026,18-Jan 1am,2549.2453885056902
409,3,Tamil Nadu - 2026,18-Jan 1am,2543.242686499856
409,4,Tamil Nadu - 2026,18-Jan 1am,2541.2917948364093
410,1,Tamil Nadu - 2026,18-Jan 2am,2543.39271351535
410,2,Tamil Nadu - 2026,18-Jan 2am,2542.360319298514
410,3,Tamil Nadu - 2026,18-Jan 2am,2538.194612185901
410,4,Tamil Nadu - 2026,18-Jan 2am,2531.572355000236
411,1,Tamil Nadu - 2026,18-Jan 3am,2522.493547741517
411,2,Tamil Nadu - 2026,18-Jan 3am,2514.0827367115703
411,3,Tamil Nadu - 2026,18-Jan 3am,2506.339921910395
411,4,Tamil Nadu - 2026,18-Jan 3am,2496.483793636517
412,1,Tamil Nadu - 2026,18-Jan 4am,2484.514351889939
412,2,Tamil Nadu - 2026,18-Jan 4am,2483.994908577673
412,3,Tamil Nadu - 2026,18-Jan 4am,2494.9254636997243
412,4,Tamil Nadu - 2026,18-Jan 4am,2517.865275832663
413,1,Tamil Nadu - 2026,18-Jan 5am,2552.8143449764893
413,2,Tamil Nadu - 2026,18-Jan 5am,2582.8538077647445
413,3,Tamil Nadu - 2026,18-Jan 5am,2607.983664197427
413,4,Tamil Nadu - 2026,18-Jan 5am,2624.678183061339
414,1,Tamil Nadu - 2026,18-Jan 6am,2632.9373643564822
414,2,Tamil Nadu - 2026,18-Jan 6am,2670.8344587285
414,3,Tamil Nadu - 2026,18-Jan 6am,2738.3694661773925
414,4,Tamil Nadu - 2026,18-Jan 6am,2840.188710737625
415,1,Tamil Nadu - 2026,18-Jan 7am,2976.292192409197
415,2,Tamil Nadu - 2026,18-Jan 7am,3080.728716339678
415,3,Tamil Nadu - 2026,18-Jan 7am,3153.498282529071
415,4,Tamil Nadu - 2026,18-Jan 7am,3201.510808722055
416,1,Tamil Nadu - 2026,18-Jan 8am,3224.766294918632
416,2,Tamil Nadu - 2026,18-Jan 8am,3247.756429503145
416,3,Tamil Nadu - 2026,18-Jan 8am,3270.4812124755963
416,4,Tamil Nadu - 2026,18-Jan 8am,3289.946063102628
417,1,Tamil Nadu - 2026,18-Jan 9am,3306.1509813842413
417,2,Tamil Nadu - 2026,18-Jan 9am,3312.5717633362283
417,3,Tamil Nadu - 2026,18-Jan 9am,3309.20840895859
417,4,Tamil Nadu - 2026,18-Jan 9am,3301.358846320941
418,1,Tamil Nadu - 2026,18-Jan 10am,3289.0230754232816
418,2,Tamil Nadu - 2026,18-Jan 10am,3246.9377318321303
418,3,Tamil Nadu - 2026,18-Jan 10am,3175.102815547488
418,4,Tamil Nadu - 2026,18-Jan 10am,3058.3663771971005
419,1,Tamil Nadu - 2026,18-Jan 11am,2896.7284167809703
419,2,Tamil Nadu - 2026,18-Jan 11am,2806.3639949660883
419,3,Tamil Nadu - 2026,18-Jan 11am,2787.273111752452
419,4,Tamil Nadu - 2026,18-Jan 11am,2839.5144765004884
420,1,Tamil Nadu - 2026,18-Jan 12pm,2963.088089210196
420,2,Tamil Nadu - 2026,18-Jan 12pm,3041.466633052035
420,3,Tamil Nadu - 2026,18-Jan 12pm,3074.6501080260027
420,4,Tamil Nadu - 2026,18-Jan 12pm,3076.815169711767
421,1,Tamil Nadu - 2026,18-Jan 1pm,3047.9618181093256
421,2,Tamil Nadu - 2026,18-Jan 1pm,3019.557436570235
421,3,Tamil Nadu - 2026,18-Jan 1pm,2991.6020250944944
421,4,Tamil Nadu - 2026,18-Jan 1pm,2953.168720225946
422,1,Tamil Nadu - 2026,18-Jan 2pm,2904.257521964591
422,2,Tamil Nadu - 2026,18-Jan 2pm,2878.9622276958185
422,3,Tamil Nadu - 2026,18-Jan 2pm,2877.2828374196283
422,4,Tamil Nadu - 2026,18-Jan 2pm,2896.7474129199622
423,1,Tamil Nadu - 2026,18-Jan 3pm,2937.3559541968184
423,2,Tamil Nadu - 2026,18-Jan 3pm,2979.8462931611625
423,3,Tamil Nadu - 2026,18-Jan 3pm,3024.2184298129964
423,4,Tamil Nadu - 2026,18-Jan 3pm,3079.789322829022
424,1,Tamil Nadu - 2026,18-Jan 4pm,3146.5589722092377
424,2,Tamil Nadu - 2026,18-Jan 4pm,3187.8877939824647
424,3,Tamil Nadu - 2026,18-Jan 4pm,3203.775788148699
424,4,Tamil Nadu - 2026,18-Jan 4pm,3190.5374456595987
425,1,Tamil Nadu - 2026,18-Jan 5pm,3148.1727665151616
425,2,Tamil Nadu - 2026,18-Jan 5pm,3135.434388976651
425,3,Tamil Nadu - 2026,18-Jan 5pm,3152.3223130440674
425,4,Tamil Nadu - 2026,18-Jan 5pm,3195.780531464119
426,1,Tamil Nadu - 2026,18-Jan 6pm,3265.8090442368066
426,2,Tamil Nadu - 2026,18-Jan 6pm,3321.9912566206085
426,3,Tamil Nadu - 2026,18-Jan 6pm,3364.3271686155263
426,4,Tamil Nadu - 2026,18-Jan 6pm,3404.182530527058
427,1,Tamil Nadu - 2026,18-Jan 7pm,3441.557342355204
427,2,Tamil Nadu - 2026,18-Jan 7pm,3448.673697008485
427,3,Tamil Nadu - 2026,18-Jan 7pm,3425.5315944869026
427,4,Tamil Nadu - 2026,18-Jan 7pm,3366.447366149408
428,1,Tamil Nadu - 2026,18-Jan 8pm,3271.421011995999
428,2,Tamil Nadu - 2026,18-Jan 8pm,3202.332450964447
428,3,Tamil Nadu - 2026,18-Jan 8pm,3159.181683054755
428,4,Tamil Nadu - 2026,18-Jan 8pm,3137.7148539847985
429,1,Tamil Nadu - 2026,18-Jan 9pm,3137.931963754581
429,2,Tamil Nadu - 2026,18-Jan 9pm,3123.476219119052
429,3,Tamil Nadu - 2026,18-Jan 9pm,3094.3476200782143
429,4,Tamil Nadu - 2026,18-Jan 9pm,3053.694197048154
430,1,Tamil Nadu - 2026,18-Jan 10pm,3001.5159500288687
430,2,Tamil Nadu - 2026,18-Jan 10pm,2955.281489768897
430,3,Tamil Nadu - 2026,18-Jan 10pm,2914.9908162682354
430,4,Tamil Nadu - 2026,18-Jan 10pm,2878.2817439339983
431,1,Tamil Nadu - 2026,18-Jan 11pm,2845.154272766188
431,2,Tamil Nadu - 2026,18-Jan 11pm,2812.312905573584
431,3,Tamil Nadu - 2026,18-Jan 11pm,2779.7576423561877
431,4,Tamil Nadu - 2026,18-Jan 11pm,2746.145179304042
432,1,Tamil Nadu - 2026,19-Jan 12am,2711.4755164171456
432,2,Tamil Nadu - 2026,19-Jan 12am,2687.103973746469
432,3,Tamil Nadu - 2026,19-Jan 12am,2673.030551292012
432,4,Tamil Nadu - 2026,19-Jan 12am,2670.0199585443725
433,1,Tamil Nadu - 2026,19-Jan 1am,2678.0721955035506
433,2,Tamil Nadu - 2026,19-Jan 1am,2681.243685174993
433,3,Tamil Nadu - 2026,19-Jan 1am,2679.534427558702
433,4,Tamil Nadu - 2026,19-Jan 1am,2675.549691762753
434,1,Tamil Nadu - 2026,19-Jan 2am,2669.2894777871466
434,2,Tamil Nadu - 2026,19-Jan 2am,2661.0657479779734
434,3,Tamil Nadu - 2026,19-Jan 2am,2650.878502335235
434,4,Tamil Nadu - 2026,19-Jan 2am,2636.8062718996457
435,1,Tamil Nadu - 2026,19-Jan 3am,2618.8490566712053
435,2,Tamil Nadu - 2026,19-Jan 3am,2608.223708059536
435,3,Tamil Nadu - 2026,19-Jan 3am,2604.93022606464
435,4,Tamil Nadu - 2026,19-Jan 3am,2607.507009204619
436,1,Tamil Nadu - 2026,19-Jan 4am,2615.954057479474
436,2,Tamil Nadu - 2026,19-Jan 4am,2627.82412837096
436,3,Tamil Nadu - 2026,19-Jan 4am,2643.117221879075
436,4,Tamil Nadu - 2026,19-Jan 4am,2661.4845922704903
437,1,Tamil Nadu - 2026,19-Jan 5am,2682.9262395452074
437,2,Tamil Nadu - 2026,19-Jan 5am,2711.981880621443
437,3,Tamil Nadu - 2026,19-Jan 5am,2748.6515154991957
437,4,Tamil Nadu - 2026,19-Jan 5am,2784.590364334154
438,1,Tamil Nadu - 2026,19-Jan 6am,2819.7984271263167
438,2,Tamil Nadu - 2026,19-Jan 6am,2899.804666023343
438,3,Tamil Nadu - 2026,19-Jan 6am,3024.609081025232
438,4,Tamil Nadu - 2026,19-Jan 6am,3206.4478258251083
439,1,Tamil Nadu - 2026,19-Jan 7am,3445.3209004229752
439,2,Tamil Nadu - 2026,19-Jan 7am,3622.2824205124166
439,3,Tamil Nadu - 2026,19-Jan 7am,3737.332386093432
439,4,Tamil Nadu - 2026,19-Jan 7am,3804.574292971176
440,1,Tamil Nadu - 2026,19-Jan 8am,3824.008141145644
440,2,Tamil Nadu - 2026,19-Jan 8am,3829.958840092341
440,3,Tamil Nadu - 2026,19-Jan 8am,3822.426389811272
440,4,Tamil Nadu - 2026,19-Jan 8am,3786.966628950743
441,1,Tamil Nadu - 2026,19-Jan 9am,3723.57955751075
441,2,Tamil Nadu - 2026,19-Jan 9am,3684.605234125952
441,3,Tamil Nadu - 2026,19-Jan 9am,3670.043658796352
441,4,Tamil Nadu - 2026,19-Jan 9am,3678.251549566945
442,1,Tamil Nadu - 2026,19-Jan 10am,3709.2289064377337
442,2,Tamil Nadu - 2026,19-Jan 10am,3720.495362504063
442,3,Tamil Nadu - 2026,19-Jan 10am,3712.050917765937
442,4,Tamil Nadu - 2026,19-Jan 10am,3685.9148132922674
443,1,Tamil Nadu - 2026,19-Jan 11am,3642.087049083052
443,2,Tamil Nadu - 2026,19-Jan 11am,3610.9325456294655
443,3,Tamil Nadu - 2026,19-Jan 11am,3592.451302931508
443,4,Tamil Nadu - 2026,19-Jan 11am,3585.1691023559742
444,1,Tamil Nadu - 2026,19-Jan 12pm,3589.085943902868
444,2,Tamil Nadu - 2026,19-Jan 12pm,3582.682218880229
444,3,Tamil Nadu - 2026,19-Jan 12pm,3565.957927288057
444,4,Tamil Nadu - 2026,19-Jan 12pm,3538.903909928845
445,1,Tamil Nadu - 2026,19-Jan 1pm,3501.520166802595
445,2,Tamil Nadu - 2026,19-Jan 1pm,3475.3812617862936
445,3,Tamil Nadu - 2026,19-Jan 1pm,3460.48719487994
445,4,Tamil Nadu - 2026,19-Jan 1pm,3452.511376531171
446,1,Tamil Nadu - 2026,19-Jan 2pm,3451.453806739989
446,2,Tamil Nadu - 2026,19-Jan 2pm,3461.699458943573
446,3,Tamil Nadu - 2026,19-Jan 2pm,3483.248333141923
446,4,Tamil Nadu - 2026,19-Jan 2pm,3518.918401174514
447,1,Tamil Nadu - 2026,19-Jan 3pm,3568.70966304135
447,2,Tamil Nadu - 2026,19-Jan 3pm,3611.329314268384
447,3,Tamil Nadu - 2026,19-Jan 3pm,3646.77735485562
447,4,Tamil Nadu - 2026,19-Jan 3pm,3674.943667834646
448,1,Tamil Nadu - 2026,19-Jan 4pm,3695.828253205465
448,2,Tamil Nadu - 2026,19-Jan 4pm,3731.384617252572
448,3,Tamil Nadu - 2026,19-Jan 4pm,3781.612759975973
448,4,Tamil Nadu - 2026,19-Jan 4pm,3848.734369565991
449,1,Tamil Nadu - 2026,19-Jan 5pm,3932.7494460226258
449,2,Tamil Nadu - 2026,19-Jan 5pm,3998.3743539194206
449,3,Tamil Nadu - 2026,19-Jan 5pm,4045.609093256373
449,4,Tamil Nadu - 2026,19-Jan 5pm,4078.597106801581
450,1,Tamil Nadu - 2026,19-Jan 6pm,4097.338394555044
450,2,Tamil Nadu - 2026,19-Jan 6pm,4112.255935334638
450,3,Tamil Nadu - 2026,19-Jan 6pm,4123.349729140363
450,4,Tamil Nadu - 2026,19-Jan 6pm,4132.605940969955
451,1,Tamil Nadu - 2026,19-Jan 7pm,4140.02457082341
451,2,Tamil Nadu - 2026,19-Jan 7pm,4123.265649896451
451,3,Tamil Nadu - 2026,19-Jan 7pm,4082.3291781890784
451,4,Tamil Nadu - 2026,19-Jan 7pm,4013.1906010910607
452,1,Tamil Nadu - 2026,19-Jan 8pm,3915.849918602396
452,2,Tamil Nadu - 2026,19-Jan 8pm,3836.794427188762
452,3,Tamil Nadu - 2026,19-Jan 8pm,3776.024126850156
452,4,Tamil Nadu - 2026,19-Jan 8pm,3729.611527358686
453,1,Tamil Nadu - 2026,19-Jan 9pm,3697.556628714352
453,2,Tamil Nadu - 2026,19-Jan 9pm,3656.937075818842
453,3,Tamil Nadu - 2026,19-Jan 9pm,3607.752868672158
453,4,Tamil Nadu - 2026,19-Jan 9pm,3552.4334267946488
454,1,Tamil Nadu - 2026,19-Jan 10pm,3490.978750186311
454,2,Tamil Nadu - 2026,19-Jan 10pm,3431.734676823369
454,3,Tamil Nadu - 2026,19-Jan 10pm,3374.7012067058254
454,4,Tamil Nadu - 2026,19-Jan 10pm,3316.705366284495
455,1,Tamil Nadu - 2026,19-Jan 11pm,3257.74715555938
455,2,Tamil Nadu - 2026,19-Jan 11pm,3208.5185778493515
455,3,Tamil Nadu - 2026,19-Jan 11pm,3169.019633154409
455,4,Tamil Nadu - 2026,19-Jan 11pm,3137.97463343686
456,1,Tamil Nadu - 2026,20-Jan 12am,3115.3835786967084
456,2,Tamil Nadu - 2026,20-Jan 12am,3098.208593841224
456,3,Tamil Nadu - 2026,20-Jan 12am,3086.4496788704064
456,4,Tamil Nadu - 2026,20-Jan 12am,3082.988148591662
457,1,Tamil Nadu - 2026,20-Jan 1am,3087.8240030049865
457,2,Tamil Nadu - 2026,20-Jan 1am,3086.707228358692
457,3,Tamil Nadu - 2026,20-Jan 1am,3079.637824652776
457,4,Tamil Nadu - 2026,20-Jan 1am,3067.6309439835445
458,1,Tamil Nadu - 2026,20-Jan 2am,3050.686586350998
458,2,Tamil Nadu - 2026,20-Jan 2am,3036.9638529289946
458,3,Tamil Nadu - 2026,20-Jan 2am,3026.462743717535
458,4,Tamil Nadu - 2026,20-Jan 2am,3018.516817002472
459,1,Tamil Nadu - 2026,20-Jan 3am,3013.126072783804
459,2,Tamil Nadu - 2026,20-Jan 3am,3006.1300601725598
459,3,Tamil Nadu - 2026,20-Jan 3am,2997.528779168736
459,4,Tamil Nadu - 2026,20-Jan 3am,2984.9250878749003
460,1,Tamil Nadu - 2026,20-Jan 4am,2968.318986291056
460,2,Tamil Nadu - 2026,20-Jan 4am,2966.253776690765
460,3,Tamil Nadu - 2026,20-Jan 4am,2978.72945907403
460,4,Tamil Nadu - 2026,20-Jan 4am,3005.0177779441497
461,1,Tamil Nadu - 2026,20-Jan 5am,3045.1187333011253
461,2,Tamil Nadu - 2026,20-Jan 5am,3084.8585558515856
461,3,Tamil Nadu - 2026,20-Jan 5am,3124.2372455955315
461,4,Tamil Nadu - 2026,20-Jan 5am,3156.2054652517577
462,1,Tamil Nadu - 2026,20-Jan 6am,3180.763214820266
462,2,Tamil Nadu - 2026,20-Jan 6am,3254.380287281648
462,3,Tamil Nadu - 2026,20-Jan 6am,3377.056682635907
462,4,Tamil Nadu - 2026,20-Jan 6am,3561.14981526218
463,1,Tamil Nadu - 2026,20-Jan 7am,3806.659685160465
463,2,Tamil Nadu - 2026,20-Jan 7am,3982.972013075336
463,3,Tamil Nadu - 2026,20-Jan 7am,4090.08679900679
463,4,Tamil Nadu - 2026,20-Jan 7am,4142.201502757408
464,1,Tamil Nadu - 2026,20-Jan 8am,4139.3161243271925
464,2,Tamil Nadu - 2026,20-Jan 8am,4126.860184156095
464,3,Tamil Nadu - 2026,20-Jan 8am,4104.833682244118
464,4,Tamil Nadu - 2026,20-Jan 8am,4062.500009272593
465,1,Tamil Nadu - 2026,20-Jan 9am,3999.859165241523
465,2,Tamil Nadu - 2026,20-Jan 9am,3935.901285622946
465,3,Tamil Nadu - 2026,20-Jan 9am,3870.626370416864
465,4,Tamil Nadu - 2026,20-Jan 9am,3795.623178718668
466,1,Tamil Nadu - 2026,20-Jan 10am,3710.891710528354
466,2,Tamil Nadu - 2026,20-Jan 10am,3647.909275801539
466,3,Tamil Nadu - 2026,20-Jan 10am,3606.675874538225
466,4,Tamil Nadu - 2026,20-Jan 10am,3586.3731391318825
467,1,Tamil Nadu - 2026,20-Jan 11am,3587.001069582511
467,2,Tamil Nadu - 2026,20-Jan 11am,3581.992561573669
467,3,Tamil Nadu - 2026,20-Jan 11am,3571.347615105357
467,4,Tamil Nadu - 2026,20-Jan 11am,3560.9487537384643
468,1,Tamil Nadu - 2026,20-Jan 12pm,3550.79597747299
468,2,Tamil Nadu - 2026,20-Jan 12pm,3532.161249260052
468,3,Tamil Nadu - 2026,20-Jan 12pm,3505.044569099653
468,4,Tamil Nadu - 2026,20-Jan 12pm,3467.778204167306
469,1,Tamil Nadu - 2026,20-Jan 1pm,3420.362154463014
469,2,Tamil Nadu - 2026,20-Jan 1pm,3381.53085398255
469,3,Tamil Nadu - 2026,20-Jan 1pm,3351.284302725916
469,4,Tamil Nadu - 2026,20-Jan 1pm,3323.56268882852
470,1,Tamil Nadu - 2026,20-Jan 2pm,3298.366012290365
470,2,Tamil Nadu - 2026,20-Jan 2pm,3293.3187103032
470,3,Tamil Nadu - 2026,20-Jan 2pm,3308.4207828670283
470,4,Tamil Nadu - 2026,20-Jan 2pm,3343.7244945394064
471,1,Tamil Nadu - 2026,20-Jan 3pm,3399.229845320338
471,2,Tamil Nadu - 2026,20-Jan 3pm,3456.9988106727083
471,3,Tamil Nadu - 2026,20-Jan 3pm,3517.031390596522
471,4,Tamil Nadu - 2026,20-Jan 3pm,3581.8699534104308
472,1,Tamil Nadu - 2026,20-Jan 4pm,3651.514499114438
472,2,Tamil Nadu - 2026,20-Jan 4pm,3728.648842333712
472,3,Tamil Nadu - 2026,20-Jan 4pm,3813.272983068253
472,4,Tamil Nadu - 2026,20-Jan 4pm,3910.8136754835978
473,1,Tamil Nadu - 2026,20-Jan 5pm,4021.2709195797465
473,2,Tamil Nadu - 2026,20-Jan 5pm,4109.400375738309
473,3,Tamil Nadu - 2026,20-Jan 5pm,4175.202043959284
473,4,Tamil Nadu - 2026,20-Jan 5pm,4224.46666072266
474,1,Tamil Nadu - 2026,20-Jan 6pm,4257.194226028431
474,2,Tamil Nadu - 2026,20-Jan 6pm,4273.884660615081
474,3,Tamil Nadu - 2026,20-Jan 6pm,4274.537964482611
474,4,Tamil Nadu - 2026,20-Jan 6pm,4258.033148873878
475,1,Tamil Nadu - 2026,20-Jan 7pm,4224.370213788886
475,2,Tamil Nadu - 2026,20-Jan 7pm,4179.775171031998
475,3,Tamil Nadu - 2026,20-Jan 7pm,4124.248020603216
475,4,Tamil Nadu - 2026,20-Jan 7pm,4052.1965945759
476,1,Tamil Nadu - 2026,20-Jan 8pm,3963.620892950049
476,2,Tamil Nadu - 2026,20-Jan 8pm,3885.84791148114
476,3,Tamil Nadu - 2026,20-Jan 8pm,3818.8776501691727
476,4,Tamil Nadu - 2026,20-Jan 8pm,3760.2735453996393
477,1,Tamil Nadu - 2026,20-Jan 9pm,3710.035597172536
477,2,Tamil Nadu - 2026,20-Jan 9pm,3655.4561914194455
477,3,Tamil Nadu - 2026,20-Jan 9pm,3596.535328140368
477,4,Tamil Nadu - 2026,20-Jan 9pm,3534.132883267651
478,1,Tamil Nadu - 2026,20-Jan 10pm,3468.2488568012955
478,2,Tamil Nadu - 2026,20-Jan 10pm,3406.4316072156303
478,3,Tamil Nadu - 2026,20-Jan 10pm,3348.681134510656
478,4,Tamil Nadu - 2026,20-Jan 10pm,3293.388401472418
479,1,Tamil Nadu - 2026,20-Jan 11pm,3240.553408100919
479,2,Tamil Nadu - 2026,20-Jan 11pm,3192.2820192055424
479,3,Tamil Nadu - 2026,20-Jan 11pm,3148.574234786285
479,4,Tamil Nadu - 2026,20-Jan 11pm,3107.990337907253
480,1,Tamil Nadu - 2026,21-Jan 12am,3070.530328568444
480,2,Tamil Nadu - 2026,21-Jan 12am,3042.7266435758606
480,3,Tamil Nadu - 2026,21-Jan 12am,3024.579282929508
480,4,Tamil Nadu - 2026,21-Jan 12am,3017.7037449261893
481,1,Tamil Nadu - 2026,21-Jan 1am,3022.100029565909
481,2,Tamil Nadu - 2026,21-Jan 1am,3021.5427102618064
481,3,Tamil Nadu - 2026,21-Jan 1am,3016.031787013885
481,4,Tamil Nadu - 2026,21-Jan 1am,3007.155473158399
482,1,Tamil Nadu - 2026,21-Jan 2am,2994.913768695352
482,2,Tamil Nadu - 2026,21-Jan 2am,2986.0028201940527
482,3,Tamil Nadu - 2026,21-Jan 2am,2980.422627654504
482,4,Tamil Nadu - 2026,21-Jan 2am,2977.250783456092
483,1,Tamil Nadu - 2026,21-Jan 3am,2976.487287598818
483,2,Tamil Nadu - 2026,21-Jan 3am,2976.9704392370463
483,3,Tamil Nadu - 2026,21-Jan 3am,2978.7002383707736
483,4,Tamil Nadu - 2026,21-Jan 3am,2981.7820347933625
484,1,Tamil Nadu - 2026,21-Jan 4am,2986.215828504816
484,2,Tamil Nadu - 2026,21-Jan 4am,2992.531221590597
484,3,Tamil Nadu - 2026,21-Jan 4am,3000.728214050708
484,4,Tamil Nadu - 2026,21-Jan 4am,3008.0047358538795
485,1,Tamil Nadu - 2026,21-Jan 5am,3014.3607870001124
485,2,Tamil Nadu - 2026,21-Jan 5am,3036.079185591552
485,3,Tamil Nadu - 2026,21-Jan 5am,3073.159931628194
485,4,Tamil Nadu - 2026,21-Jan 5am,3117.530095780141
486,1,Tamil Nadu - 2026,21-Jan 6am,3169.189678047396
486,2,Tamil Nadu - 2026,21-Jan 6am,3260.2934363072054
486,3,Tamil Nadu - 2026,21-Jan 6am,3390.841370559571
486,4,Tamil Nadu - 2026,21-Jan 6am,3574.915515085828
487,1,Tamil Nadu - 2026,21-Jan 7am,3812.51586988598
487,2,Tamil Nadu - 2026,21-Jan 7am,3986.995471394745
487,3,Tamil Nadu - 2026,21-Jan 7am,4098.354319612122
487,4,Tamil Nadu - 2026,21-Jan 7am,4160.424339107153
488,1,Tamil Nadu - 2026,21-Jan 8am,4173.205529879833
488,2,Tamil Nadu - 2026,21-Jan 8am,4170.353308081225
488,3,Tamil Nadu - 2026,21-Jan 8am,4151.867673711333
488,4,Tamil Nadu - 2026,21-Jan 8am,4106.0934883276095
489,1,Tamil Nadu - 2026,21-Jan 9am,4033.030751930056
489,2,Tamil Nadu - 2026,21-Jan 9am,3968.954879022873
489,3,Tamil Nadu - 2026,21-Jan 9am,3913.865869606056
489,4,Tamil Nadu - 2026,21-Jan 9am,3860.258499441015
490,1,Tamil Nadu - 2026,21-Jan 10am,3808.132768527745
490,2,Tamil Nadu - 2026,21-Jan 10am,3766.244607793613
490,3,Tamil Nadu - 2026,21-Jan 10am,3734.594017238622
490,4,Tamil Nadu - 2026,21-Jan 10am,3714.4086064400185
491,1,Tamil Nadu - 2026,21-Jan 11am,3705.6883753978
491,2,Tamil Nadu - 2026,21-Jan 11am,3692.3117357211154
491,3,Tamil Nadu - 2026,21-Jan 11am,3674.278687409965
491,4,Tamil Nadu - 2026,21-Jan 11am,3655.0212014711183
492,1,Tamil Nadu - 2026,21-Jan 12pm,3634.539277904581
492,2,Tamil Nadu - 2026,21-Jan 12pm,3608.3626790605567
492,3,Tamil Nadu - 2026,21-Jan 12pm,3576.491404939048
492,4,Tamil Nadu - 2026,21-Jan 12pm,3537.126638095815
493,1,Tamil Nadu - 2026,21-Jan 1pm,3490.2683785308564
493,2,Tamil Nadu - 2026,21-Jan 1pm,3451.179768559401
493,3,Tamil Nadu - 2026,21-Jan 1pm,3419.8608081814496
493,4,Tamil Nadu - 2026,21-Jan 1pm,3389.0810447282925
494,1,Tamil Nadu - 2026,21-Jan 2pm,3358.840478199929
494,2,Tamil Nadu - 2026,21-Jan 2pm,3357.2586822933954
494,3,Tamil Nadu - 2026,21-Jan 2pm,3384.3356570086944
494,4,Tamil Nadu - 2026,21-Jan 2pm,3444.0351824979807
495,1,Tamil Nadu - 2026,21-Jan 3pm,3536.357258761253
495,2,Tamil Nadu - 2026,21-Jan 3pm,3609.399631188551
495,3,Tamil Nadu - 2026,21-Jan 3pm,3663.162299779875
495,4,Tamil Nadu - 2026,21-Jan 3pm,3698.99081027032
496,1,Tamil Nadu - 2026,21-Jan 4pm,3716.8851626598857
496,2,Tamil Nadu - 2026,21-Jan 4pm,3760.6743371479656
496,3,Tamil Nadu - 2026,21-Jan 4pm,3830.3583337345626
496,4,Tamil Nadu - 2026,21-Jan 4pm,3929.7821664575863
497,1,Tamil Nadu - 2026,21-Jan 5pm,4058.94583531704
497,2,Tamil Nadu - 2026,21-Jan 5pm,4150.950275886052
497,3,Tamil Nadu - 2026,21-Jan 5pm,4205.795488164624
497,4,Tamil Nadu - 2026,21-Jan 5pm,4228.4784006322825
498,1,Tamil Nadu - 2026,21-Jan 6pm,4218.999013289023
498,2,Tamil Nadu - 2026,21-Jan 6pm,4214.274819684574
498,3,Tamil Nadu - 2026,21-Jan 6pm,4214.305819818937
498,4,Tamil Nadu - 2026,21-Jan 6pm,4217.970347207465
499,1,Tamil Nadu - 2026,21-Jan 7pm,4225.268401850158
499,2,Tamil Nadu - 2026,21-Jan 7pm,4206.012489105179
499,3,Tamil Nadu - 2026,21-Jan 7pm,4160.202608972531
499,4,Tamil Nadu - 2026,21-Jan 7pm,4085.266500072132
500,1,Tamil Nadu - 2026,21-Jan 8pm,3981.2041624039775
500,2,Tamil Nadu - 2026,21-Jan 8pm,3893.636658890394
500,3,Tamil Nadu - 2026,21-Jan 8pm,3822.56398953138
500,4,Tamil Nadu - 2026,21-Jan 8pm,3762.515189174249
501,1,Tamil Nadu - 2026,21-Jan 9pm,3713.490257819004
501,2,Tamil Nadu - 2026,21-Jan 9pm,3662.693923459433
501,3,Tamil Nadu - 2026,21-Jan 9pm,3610.126186095538
501,4,Tamil Nadu - 2026,21-Jan 9pm,3558.5396326260257
502,1,Tamil Nadu - 2026,21-Jan 10pm,3507.9342630508936
502,2,Tamil Nadu - 2026,21-Jan 10pm,3454.5898279841067
502,3,Tamil Nadu - 2026,21-Jan 10pm,3398.506327425665
502,4,Tamil Nadu - 2026,21-Jan 10pm,3337.519581539334
503,1,Tamil Nadu - 2026,21-Jan 11pm,3271.6295903251143
503,2,Tamil Nadu - 2026,21-Jan 11pm,3217.541682186445
503,3,Tamil Nadu - 2026,21-Jan 11pm,3175.255857123325
503,4,Tamil Nadu - 2026,21-Jan 11pm,3143.542870365115
504,1,Tamil Nadu - 2026,22-Jan 12am,3122.402721911818
504,2,Tamil Nadu - 2026,22-Jan 12am,3102.505551983818
504,3,Tamil Nadu - 2026,22-Jan 12am,3083.851360581115
504,4,Tamil Nadu - 2026,22-Jan 12am,3068.490365523249
505,1,Tamil Nadu - 2026,22-Jan 1am,3056.4225668102213
505,2,Tamil Nadu - 2026,22-Jan 1am,3044.676517304399
505,3,Tamil Nadu - 2026,22-Jan 1am,3033.25221700578
505,4,Tamil Nadu - 2026,22-Jan 1am,3022.8586988795987
506,1,Tamil Nadu - 2026,22-Jan 2am,3013.495962925856
506,2,Tamil Nadu - 2026,22-Jan 2am,3003.8812584907823
506,3,Tamil Nadu - 2026,22-Jan 2am,2994.0145855743785
506,4,Tamil Nadu - 2026,22-Jan 2am,2983.0381930089834
507,1,Tamil Nadu - 2026,22-Jan 3am,2970.9520807945974
507,2,Tamil Nadu - 2026,22-Jan 3am,2964.1855065909517
507,3,Tamil Nadu - 2026,22-Jan 3am,2962.738470398044
507,4,Tamil Nadu - 2026,22-Jan 3am,2967.193942216408
508,1,Tamil Nadu - 2026,22-Jan 4am,2977.551922046044
508,2,Tamil Nadu - 2026,22-Jan 4am,2983.8853322240197
508,3,Tamil Nadu - 2026,22-Jan 4am,2986.194172750335
508,4,Tamil Nadu - 2026,22-Jan 4am,2980.6285729796023
509,1,Tamil Nadu - 2026,22-Jan 5am,2967.1885329118218
509,2,Tamil Nadu - 2026,22-Jan 5am,2978.900354082248
509,3,Tamil Nadu - 2026,22-Jan 5am,3015.7640364908825
509,4,Tamil Nadu - 2026,22-Jan 5am,3069.117076515047
510,1,Tamil Nadu - 2026,22-Jan 6am,3138.9594741547426
510,2,Tamil Nadu - 2026,22-Jan 6am,3244.239949610768
510,3,Tamil Nadu - 2026,22-Jan 6am,3384.958502883128
510,4,Tamil Nadu - 2026,22-Jan 6am,3578.272073351361
511,1,Tamil Nadu - 2026,22-Jan 7am,3824.1806610154704
511,2,Tamil Nadu - 2026,22-Jan 7am,4000.793909397397
511,3,Tamil Nadu - 2026,22-Jan 7am,4108.111818497144
511,4,Tamil Nadu - 2026,22-Jan 7am,4163.013611089989
512,1,Tamil Nadu - 2026,22-Jan 8am,4165.499287175938
512,2,Tamil Nadu - 2026,22-Jan 8am,4136.183866581346
512,3,Tamil Nadu - 2026,22-Jan 8am,4075.0673493062186
512,4,Tamil Nadu - 2026,22-Jan 8am,3960.2794969364986
513,1,Tamil Nadu - 2026,22-Jan 9am,3791.820309472188
513,2,Tamil Nadu - 2026,22-Jan 9am,3680.2961975712506
513,3,Tamil Nadu - 2026,22-Jan 9am,3625.7071612336895
513,4,Tamil Nadu - 2026,22-Jan 9am,3622.196331722872
514,1,Tamil Nadu - 2026,22-Jan 10am,3669.7637090387993
514,2,Tamil Nadu - 2026,22-Jan 10am,3692.944094943294
514,3,Tamil Nadu - 2026,22-Jan 10am,3691.737489436358
514,4,Tamil Nadu - 2026,22-Jan 10am,3674.704706581548
515,1,Tamil Nadu - 2026,22-Jan 11am,3641.845746378863
515,2,Tamil Nadu - 2026,22-Jan 11am,3617.260922685141
515,3,Tamil Nadu - 2026,22-Jan 11am,3600.950235500384
515,4,Tamil Nadu - 2026,22-Jan 11am,3591.673095435611
516,1,Tamil Nadu - 2026,22-Jan 12pm,3589.429502490816
516,2,Tamil Nadu - 2026,22-Jan 12pm,3577.562679143069
516,3,Tamil Nadu - 2026,22-Jan 12pm,3556.072625392373
516,4,Tamil Nadu - 2026,22-Jan 12pm,3523.675192973742
517,1,Tamil Nadu - 2026,22-Jan 1pm,3480.370381887182
517,2,Tamil Nadu - 2026,22-Jan 1pm,3450.5198592455054
517,3,Tamil Nadu - 2026,22-Jan 1pm,3434.123625048712
517,4,Tamil Nadu - 2026,22-Jan 1pm,3428.256133818602
518,1,Tamil Nadu - 2026,22-Jan 2pm,3432.917385555177
518,2,Tamil Nadu - 2026,22-Jan 2pm,3441.2989860148145
518,3,Tamil Nadu - 2026,22-Jan 2pm,3453.4009351975124
518,4,Tamil Nadu - 2026,22-Jan 2pm,3468.4326932324952
519,1,Tamil Nadu - 2026,22-Jan 3pm,3486.3942601197664
519,2,Tamil Nadu - 2026,22-Jan 3pm,3518.8372693276
519,3,Tamil Nadu - 2026,22-Jan 3pm,3565.761720855998
519,4,Tamil Nadu - 2026,22-Jan 3pm,3626.5567496966346
520,1,Tamil Nadu - 2026,22-Jan 4pm,3701.222355849509
520,2,Tamil Nadu - 2026,22-Jan 4pm,3781.8720958963054
520,3,Tamil Nadu - 2026,22-Jan 4pm,3868.505969837032
520,4,Tamil Nadu - 2026,22-Jan 4pm,3970.319578417154
521,1,Tamil Nadu - 2026,22-Jan 5pm,4087.312921636675
521,2,Tamil Nadu - 2026,22-Jan 5pm,4172.198838441079
521,3,Tamil Nadu - 2026,22-Jan 5pm,4224.977328830371
521,4,Tamil Nadu - 2026,22-Jan 5pm,4246.140911091876
522,1,Tamil Nadu - 2026,22-Jan 6pm,4235.689585225588
522,2,Tamil Nadu - 2026,22-Jan 6pm,4237.955402562089
522,3,Tamil Nadu - 2026,22-Jan 6pm,4252.938363101377
522,4,Tamil Nadu - 2026,22-Jan 6pm,4282.046649110947
523,1,Tamil Nadu - 2026,22-Jan 7pm,4325.280260590798
523,2,Tamil Nadu - 2026,22-Jan 7pm,4329.858052605394
523,3,Tamil Nadu - 2026,22-Jan 7pm,4295.780025154742
523,4,Tamil Nadu - 2026,22-Jan 7pm,4222.3716616490665
524,1,Tamil Nadu - 2026,22-Jan 8pm,4109.632962088372
524,2,Tamil Nadu - 2026,22-Jan 8pm,4014.392170946808
524,3,Tamil Nadu - 2026,22-Jan 8pm,3936.6492882243697
524,4,Tamil Nadu - 2026,22-Jan 8pm,3868.7255787404506
525,1,Tamil Nadu - 2026,22-Jan 9pm,3810.621042495049
525,2,Tamil Nadu - 2026,22-Jan 9pm,3751.57984609769
525,3,Tamil Nadu - 2026,22-Jan 9pm,3691.601989548375
525,4,Tamil Nadu - 2026,22-Jan 9pm,3633.447121858886
526,1,Tamil Nadu - 2026,22-Jan 10pm,3577.115243029219
526,2,Tamil Nadu - 2026,22-Jan 10pm,3516.804292379172
526,3,Tamil Nadu - 2026,22-Jan 10pm,3452.514269908747
526,4,Tamil Nadu - 2026,22-Jan 10pm,3381.616194682861
527,1,Tamil Nadu - 2026,22-Jan 11pm,3304.110066701518
527,2,Tamil Nadu - 2026,22-Jan 11pm,3241.571832255402
527,3,Tamil Nadu - 2026,22-Jan 11pm,3194.001491344516
527,4,Tamil Nadu - 2026,22-Jan 11pm,3159.786609698563
528,1,Tamil Nadu - 2026,23-Jan 12am,3138.927187317545
528,2,Tamil Nadu - 2026,23-Jan 12am,3119.521883532545
528,3,Tamil Nadu - 2026,23-Jan 12am,3101.570698343563
528,4,Tamil Nadu - 2026,23-Jan 12am,3088.1602308063475
529,1,Tamil Nadu - 2026,23-Jan 1am,3079.290480920898
529,2,Tamil Nadu - 2026,23-Jan 1am,3068.343195021646
529,3,Tamil Nadu - 2026,23-Jan 1am,3055.3183731085937
529,4,Tamil Nadu - 2026,23-Jan 1am,3039.4779509488626
530,1,Tamil Nadu - 2026,23-Jan 2am,3020.821928542453
530,2,Tamil Nadu - 2026,23-Jan 2am,3010.396944952199
530,3,Tamil Nadu - 2026,23-Jan 2am,3008.203000178103
530,4,Tamil Nadu - 2026,23-Jan 2am,3014.778126327245
531,1,Tamil Nadu - 2026,23-Jan 3am,3030.1223233996293
531,2,Tamil Nadu - 2026,23-Jan 3am,3039.96075968992
531,3,Tamil Nadu - 2026,23-Jan 3am,3044.2934351981207
531,4,Tamil Nadu - 2026,23-Jan 3am,3043.503481712329
532,1,Tamil Nadu - 2026,23-Jan 4am,3037.5908992325462
532,2,Tamil Nadu - 2026,23-Jan 4am,3038.531728735507
532,3,Tamil Nadu - 2026,23-Jan 4am,3046.325970221214
532,4,Tamil Nadu - 2026,23-Jan 4am,3057.231401810733
533,1,Tamil Nadu - 2026,23-Jan 5am,3071.2480235040684
533,2,Tamil Nadu - 2026,23-Jan 5am,3098.85312559806
533,3,Tamil Nadu - 2026,23-Jan 5am,3140.0467080927115
533,4,Tamil Nadu - 2026,23-Jan 5am,3186.9521428051607
534,1,Tamil Nadu - 2026,23-Jan 6am,3239.5694297354044
534,2,Tamil Nadu - 2026,23-Jan 6am,3334.681047683769
534,3,Tamil Nadu - 2026,23-Jan 6am,3472.286996650257
534,4,Tamil Nadu - 2026,23-Jan 6am,3668.272525930569
535,1,Tamil Nadu - 2026,23-Jan 7am,3922.637635524708
535,2,Tamil Nadu - 2026,23-Jan 7am,4103.288350858113
535,3,Tamil Nadu - 2026,23-Jan 7am,4210.224671930785
535,4,Tamil Nadu - 2026,23-Jan 7am,4256.539341686394
536,1,Tamil Nadu - 2026,23-Jan 8am,4242.232360124942
536,2,Tamil Nadu - 2026,23-Jan 8am,4220.84124415896
536,3,Tamil Nadu - 2026,23-Jan 8am,4192.365993788446
536,4,Tamil Nadu - 2026,23-Jan 8am,4146.460401927654
537,1,Tamil Nadu - 2026,23-Jan 9am,4083.1244685765855
537,2,Tamil Nadu - 2026,23-Jan 9am,4010.897919337189
537,3,Tamil Nadu - 2026,23-Jan 9am,3929.780754209465
537,4,Tamil Nadu - 2026,23-Jan 9am,3826.7468578767593
538,1,Tamil Nadu - 2026,23-Jan 10am,3701.7962303390736
538,2,Tamil Nadu - 2026,23-Jan 10am,3624.545837894384
538,3,Tamil Nadu - 2026,23-Jan 10am,3594.99568054269
538,4,Tamil Nadu - 2026,23-Jan 10am,3613.7422512238527
539,1,Tamil Nadu - 2026,23-Jan 11am,3680.785549937873
539,2,Tamil Nadu - 2026,23-Jan 11am,3722.9296527476113
539,3,Tamil Nadu - 2026,23-Jan 11am,3740.174559653071
539,4,Tamil Nadu - 2026,23-Jan 11am,3742.380237661446
540,1,Tamil Nadu - 2026,23-Jan 12pm,3729.546686772737
540,2,Tamil Nadu - 2026,23-Jan 12pm,3715.710028880916
540,3,Tamil Nadu - 2026,23-Jan 12pm,3700.8702639859807
540,4,Tamil Nadu - 2026,23-Jan 12pm,3682.723020360367
541,1,Tamil Nadu - 2026,23-Jan 1pm,3661.268298004075
541,2,Tamil Nadu - 2026,23-Jan 1pm,3636.296205388529
541,3,Tamil Nadu - 2026,23-Jan 1pm,3607.8067425137306
541,4,Tamil Nadu - 2026,23-Jan 1pm,3569.6387540936657
542,1,Tamil Nadu - 2026,23-Jan 2pm,3521.792240128331
542,2,Tamil Nadu - 2026,23-Jan 2pm,3501.444023862395
542,3,Tamil Nadu - 2026,23-Jan 2pm,3508.59410529586
542,4,Tamil Nadu - 2026,23-Jan 2pm,3541.569630713414
543,1,Tamil Nadu - 2026,23-Jan 3pm,3600.370600115056
543,2,Tamil Nadu - 2026,23-Jan 3pm,3657.857312547979
543,3,Tamil Nadu - 2026,23-Jan 3pm,3714.029768012183
543,4,Tamil Nadu - 2026,23-Jan 3pm,3771.7423193247823
544,1,Tamil Nadu - 2026,23-Jan 4pm,3830.994966485776
544,2,Tamil Nadu - 2026,23-Jan 4pm,3901.80129354528
544,3,Tamil Nadu - 2026,23-Jan 4pm,3984.161300503295
544,4,Tamil Nadu - 2026,23-Jan 4pm,4086.98243946565
545,1,Tamil Nadu - 2026,23-Jan 5pm,4210.264710432344
545,2,Tamil Nadu - 2026,23-Jan 5pm,4290.549816718281
545,3,Tamil Nadu - 2026,23-Jan 5pm,4327.8377583234615
545,4,Tamil Nadu - 2026,23-Jan 5pm,4322.787714525912
546,1,Tamil Nadu - 2026,23-Jan 6pm,4275.39968532563
546,2,Tamil Nadu - 2026,23-Jan 6pm,4245.176891739558
546,3,Tamil Nadu - 2026,23-Jan 6pm,4232.119333767698
546,4,Tamil Nadu - 2026,23-Jan 6pm,4233.4240891671125
547,1,Tamil Nadu - 2026,23-Jan 7pm,4249.091157937806
547,2,Tamil Nadu - 2026,23-Jan 7pm,4236.434852520437
547,3,Tamil Nadu - 2026,23-Jan 7pm,4195.455172915004
547,4,Tamil Nadu - 2026,23-Jan 7pm,4126.478816626752
548,1,Tamil Nadu - 2026,23-Jan 8pm,4029.5057836556766
548,2,Tamil Nadu - 2026,23-Jan 8pm,3945.26157652968
548,3,Tamil Nadu - 2026,23-Jan 8pm,3873.746195248764
548,4,Tamil Nadu - 2026,23-Jan 8pm,3809.706444565879
549,1,Tamil Nadu - 2026,23-Jan 9pm,3753.1423244810303
549,2,Tamil Nadu - 2026,23-Jan 9pm,3694.84750394858
549,3,Tamil Nadu - 2026,23-Jan 9pm,3634.821982968527
549,4,Tamil Nadu - 2026,23-Jan 9pm,3574.258188601862
550,1,Tamil Nadu - 2026,23-Jan 10pm,3513.156120848585
550,2,Tamil Nadu - 2026,23-Jan 10pm,3453.567548388389
550,3,Tamil Nadu - 2026,23-Jan 10pm,3395.4924712212764
550,4,Tamil Nadu - 2026,23-Jan 10pm,3337.31385954175
551,1,Tamil Nadu - 2026,23-Jan 11pm,3279.031713349812
551,2,Tamil Nadu - 2026,23-Jan 11pm,3228.296442798741
551,3,Tamil Nadu - 2026,23-Jan 11pm,3185.108047888541
551,4,Tamil Nadu - 2026,23-Jan 11pm,3147.7137959629054
552,1,Tamil Nadu - 2026,24-Jan 12am,3116.113687021833
552,2,Tamil Nadu - 2026,24-Jan 12am,3093.17370684987
552,3,Tamil Nadu - 2026,24-Jan 12am,3078.893855447015
552,4,Tamil Nadu - 2026,24-Jan 12am,3075.5387506812813
553,1,Tamil Nadu - 2026,24-Jan 1am,3083.108392552669
553,2,Tamil Nadu - 2026,24-Jan 1am,3085.1490880685587
553,3,Tamil Nadu - 2026,24-Jan 1am,3081.660837228949
553,4,Tamil Nadu - 2026,24-Jan 1am,3074.031682149824
554,1,Tamil Nadu - 2026,24-Jan 2am,3062.2616228311813
554,2,Tamil Nadu - 2026,24-Jan 2am,3054.476099569753
554,3,Tamil Nadu - 2026,24-Jan 2am,3050.67511236554
554,4,Tamil Nadu - 2026,24-Jan 2am,3050.3771652335267
555,1,Tamil Nadu - 2026,24-Jan 3am,3053.582258173713
555,2,Tamil Nadu - 2026,24-Jan 3am,3055.0539267994563
555,3,Tamil Nadu - 2026,24-Jan 3am,3054.7921711107547
555,4,Tamil Nadu - 2026,24-Jan 3am,3051.401643916076
556,1,Tamil Nadu - 2026,24-Jan 4am,3044.88234521542
556,2,Tamil Nadu - 2026,24-Jan 4am,3048.842822544629
556,3,Tamil Nadu - 2026,24-Jan 4am,3063.283075903702
556,4,Tamil Nadu - 2026,24-Jan 4am,3088.1217563362484
557,1,Tamil Nadu - 2026,24-Jan 5am,3123.358863842269
557,2,Tamil Nadu - 2026,24-Jan 5am,3155.873944624269
557,3,Tamil Nadu - 2026,24-Jan 5am,3185.6669986822494
557,4,Tamil Nadu - 2026,24-Jan 5am,3206.5001928512124
558,1,Tamil Nadu - 2026,24-Jan 6am,3218.37352713116
558,2,Tamil Nadu - 2026,24-Jan 6am,3271.8344543095704
558,3,Tamil Nadu - 2026,24-Jan 6am,3366.8829743864453
558,4,Tamil Nadu - 2026,24-Jan 6am,3510.749044172825
559,1,Tamil Nadu - 2026,24-Jan 7am,3703.432663668712
559,2,Tamil Nadu - 2026,24-Jan 7am,3851.006639220364
559,3,Tamil Nadu - 2026,24-Jan 7am,3953.470970827781
559,4,Tamil Nadu - 2026,24-Jan 7am,4023.179726283143
560,1,Tamil Nadu - 2026,24-Jan 8am,4060.132905586445
560,2,Tamil Nadu - 2026,24-Jan 8am,4084.133295638373
560,3,Tamil Nadu - 2026,24-Jan 8am,4095.1808964389247
560,4,Tamil Nadu - 2026,24-Jan 8am,4085.262902336256
561,1,Tamil Nadu - 2026,24-Jan 9am,4054.379313330367
561,2,Tamil Nadu - 2026,24-Jan 9am,4030.804176431642
561,3,Tamil Nadu - 2026,24-Jan 9am,4014.537491640084
561,4,Tamil Nadu - 2026,24-Jan 9am,4004.379018597907
562,1,Tamil Nadu - 2026,24-Jan 10am,4000.328757305111
562,2,Tamil Nadu - 2026,24-Jan 10am,3981.314102898016
562,3,Tamil Nadu - 2026,24-Jan 10am,3947.335055376619
562,4,Tamil Nadu - 2026,24-Jan 10am,3893.542084420254
563,1,Tamil Nadu - 2026,24-Jan 11am,3819.935190028918
563,2,Tamil Nadu - 2026,24-Jan 11am,3776.684158990303
563,3,Tamil Nadu - 2026,24-Jan 11am,3763.788991304407
563,4,Tamil Nadu - 2026,24-Jan 11am,3782.351659676373
564,1,Tamil Nadu - 2026,24-Jan 12pm,3832.372164106201
564,2,Tamil Nadu - 2026,24-Jan 12pm,3857.068881575348
564,3,Tamil Nadu - 2026,24-Jan 12pm,3856.4418120838177
564,4,Tamil Nadu - 2026,24-Jan 12pm,3834.697142234633
565,1,Tamil Nadu - 2026,24-Jan 1pm,3791.834872027792
565,2,Tamil Nadu - 2026,24-Jan 1pm,3759.3995048636953
565,3,Tamil Nadu - 2026,24-Jan 1pm,3737.391040742346
565,4,Tamil Nadu - 2026,24-Jan 1pm,3719.064582366168
566,1,Tamil Nadu - 2026,24-Jan 2pm,3704.420129735164
566,2,Tamil Nadu - 2026,24-Jan 2pm,3702.3825632343614
566,3,Tamil Nadu - 2026,24-Jan 2pm,3712.95188286376
566,4,Tamil Nadu - 2026,24-Jan 2pm,3736.265424166716
567,1,Tamil Nadu - 2026,24-Jan 3pm,3772.323187143229
567,2,Tamil Nadu - 2026,24-Jan 3pm,3811.3762781481378
567,3,Tamil Nadu - 2026,24-Jan 3pm,3853.424697181443
567,4,Tamil Nadu - 2026,24-Jan 3pm,3904.9958375271913
568,1,Tamil Nadu - 2026,24-Jan 4pm,3966.0896991853815
568,2,Tamil Nadu - 2026,24-Jan 4pm,4007.2908160969
568,3,Tamil Nadu - 2026,24-Jan 4pm,4028.599188261745
568,4,Tamil Nadu - 2026,24-Jan 4pm,4029.600296455973
569,1,Tamil Nadu - 2026,24-Jan 5pm,4010.294140679583
569,2,Tamil Nadu - 2026,24-Jan 5pm,4002.583302335367
569,3,Tamil Nadu - 2026,24-Jan 5pm,4006.4677814233264
569,4,Tamil Nadu - 2026,24-Jan 5pm,4020.154775561724
570,1,Tamil Nadu - 2026,24-Jan 6pm,4043.644284750561
570,2,Tamil Nadu - 2026,24-Jan 6pm,4055.7905418774662
570,3,Tamil Nadu - 2026,24-Jan 6pm,4056.593546942439
570,4,Tamil Nadu - 2026,24-Jan 6pm,4052.081626429534
571,1,Tamil Nadu - 2026,24-Jan 7pm,4042.25478033875
571,2,Tamil Nadu - 2026,24-Jan 7pm,4012.088816878133
571,3,Tamil Nadu - 2026,24-Jan 7pm,3961.5837360476817
571,4,Tamil Nadu - 2026,24-Jan 7pm,3884.3926667354353
572,1,Tamil Nadu - 2026,24-Jan 8pm,3780.515608941395
572,2,Tamil Nadu - 2026,24-Jan 8pm,3703.0579811292855
572,3,Tamil Nadu - 2026,24-Jan 8pm,3652.019783299109
572,4,Tamil Nadu - 2026,24-Jan 8pm,3626.066626630211
573,1,Tamil Nadu - 2026,24-Jan 9pm,3625.198511122592
573,2,Tamil Nadu - 2026,24-Jan 9pm,3604.316351236439
573,3,Tamil Nadu - 2026,24-Jan 9pm,3563.4201469717545
573,4,Tamil Nadu - 2026,24-Jan 9pm,3506.474990669215
574,1,Tamil Nadu - 2026,24-Jan 10pm,3433.480882328822
574,2,Tamil Nadu - 2026,24-Jan 10pm,3365.7463534463145
574,3,Tamil Nadu - 2026,24-Jan 10pm,3303.271404021696
574,4,Tamil Nadu - 2026,24-Jan 10pm,3240.5013602031668
575,1,Tamil Nadu - 2026,24-Jan 11pm,3177.436221990728
575,2,Tamil Nadu - 2026,24-Jan 11pm,3126.0955009994223
575,3,Tamil Nadu - 2026,24-Jan 11pm,3086.479197229248
575,4,Tamil Nadu - 2026,24-Jan 11pm,3059.249079780602
576,1,Tamil Nadu - 2026,25-Jan 12am,3044.405148653488
576,2,Tamil Nadu - 2026,25-Jan 12am,3025.9572776304644
576,3,Tamil Nadu - 2026,25-Jan 12am,3003.905466711532
576,4,Tamil Nadu - 2026,25-Jan 12am,2979.2921070045154
577,1,Tamil Nadu - 2026,25-Jan 1am,2952.1171985094184
577,2,Tamil Nadu - 2026,25-Jan 1am,2932.1165207967083
577,3,Tamil Nadu - 2026,25-Jan 1am,2919.2900738663857
577,4,Tamil Nadu - 2026,25-Jan 1am,2914.436206827487
578,1,Tamil Nadu - 2026,25-Jan 2am,2917.554919680012
578,2,Tamil Nadu - 2026,25-Jan 2am,2914.1203381992705
578,3,Tamil Nadu - 2026,25-Jan 2am,2904.132462385262
578,4,Tamil Nadu - 2026,25-Jan 2am,2887.1622797354557
579,1,Tamil Nadu - 2026,25-Jan 3am,2863.209790249852
579,2,Tamil Nadu - 2026,25-Jan 3am,2849.374943168324
579,3,Tamil Nadu - 2026,25-Jan 3am,2845.657738490871
579,4,Tamil Nadu - 2026,25-Jan 3am,2851.197528090954
580,1,Tamil Nadu - 2026,25-Jan 4am,2865.994311968573
580,2,Tamil Nadu - 2026,25-Jan 4am,2878.112029643099
580,3,Tamil Nadu - 2026,25-Jan 4am,2887.550681114532
580,4,Tamil Nadu - 2026,25-Jan 4am,2895.122977273797
581,1,Tamil Nadu - 2026,25-Jan 5am,2900.8289181208947
581,2,Tamil Nadu - 2026,25-Jan 5am,2911.728298790904
581,3,Tamil Nadu - 2026,25-Jan 5am,2927.821119283823
581,4,Tamil Nadu - 2026,25-Jan 5am,2944.4716638043787
582,1,Tamil Nadu - 2026,25-Jan 6am,2961.6799323525697
582,2,Tamil Nadu - 2026,25-Jan 6am,3000.2004245649678
582,3,Tamil Nadu - 2026,25-Jan 6am,3060.0331404415715
582,4,Tamil Nadu - 2026,25-Jan 6am,3145.186502640892
583,1,Tamil Nadu - 2026,25-Jan 7am,3255.660511162928
583,2,Tamil Nadu - 2026,25-Jan 7am,3346.650130420052
583,3,Tamil Nadu - 2026,25-Jan 7am,3418.1553604122664
583,4,Tamil Nadu - 2026,25-Jan 7am,3477.1439980047544
584,1,Tamil Nadu - 2026,25-Jan 8am,3523.6160431975195
584,2,Tamil Nadu - 2026,25-Jan 8am,3560.5697503870742
584,3,Tamil Nadu - 2026,25-Jan 8am,3588.0051195734222
584,4,Tamil Nadu - 2026,25-Jan 8am,3603.489086841984
585,1,Tamil Nadu - 2026,25-Jan 9am,3607.021652192764
585,2,Tamil Nadu - 2026,25-Jan 9am,3610.2029447167015
585,3,Tamil Nadu - 2026,25-Jan 9am,3613.032964413796
585,4,Tamil Nadu - 2026,25-Jan 9am,3613.212438676738
586,1,Tamil Nadu - 2026,25-Jan 10am,3610.7413675055295
586,2,Tamil Nadu - 2026,25-Jan 10am,3607.815257453077
586,3,Tamil Nadu - 2026,25-Jan 10am,3604.43410851938
586,4,Tamil Nadu - 2026,25-Jan 10am,3600.7292665220134
587,1,Tamil Nadu - 2026,25-Jan 11am,3596.7007314609764
587,2,Tamil Nadu - 2026,25-Jan 11am,3589.364921877912
587,3,Tamil Nadu - 2026,25-Jan 11am,3578.721837772818
587,4,Tamil Nadu - 2026,25-Jan 11am,3565.212508888293
588,1,Tamil Nadu - 2026,25-Jan 12pm,3548.83693522434
588,2,Tamil Nadu - 2026,25-Jan 12pm,3529.9325197837134
588,3,Tamil Nadu - 2026,25-Jan 12pm,3508.4992625664136
588,4,Tamil Nadu - 2026,25-Jan 12pm,3483.6512824255333
589,1,Tamil Nadu - 2026,25-Jan 1pm,3455.388579361072
589,2,Tamil Nadu - 2026,25-Jan 1pm,3428.6890372517155
589,3,Tamil Nadu - 2026,25-Jan 1pm,3403.552656097466
589,4,Tamil Nadu - 2026,25-Jan 1pm,3377.0897272897464
590,1,Tamil Nadu - 2026,25-Jan 2pm,3349.3002508285617
590,2,Tamil Nadu - 2026,25-Jan 2pm,3332.54459448666
590,3,Tamil Nadu - 2026,25-Jan 2pm,3326.822758264043
590,4,Tamil Nadu - 2026,25-Jan 2pm,3331.722396420735
591,1,Tamil Nadu - 2026,25-Jan 3pm,3347.243508956736
591,2,Tamil Nadu - 2026,25-Jan 3pm,3363.499802539151
591,3,Tamil Nadu - 2026,25-Jan 3pm,3380.491277167981
591,4,Tamil Nadu - 2026,25-Jan 3pm,3399.6154113361326
592,1,Tamil Nadu - 2026,25-Jan 4pm,3420.8722050436054
592,2,Tamil Nadu - 2026,25-Jan 4pm,3445.7630806658526
592,3,Tamil Nadu - 2026,25-Jan 4pm,3474.288038202878
592,4,Tamil Nadu - 2026,25-Jan 4pm,3510.3466760876645
593,1,Tamil Nadu - 2026,25-Jan 5pm,3553.938994320213
593,2,Tamil Nadu - 2026,25-Jan 5pm,3580.165979927156
593,3,Tamil Nadu - 2026,25-Jan 5pm,3589.0276329084886
593,4,Tamil Nadu - 2026,25-Jan 5pm,3579.007392844142
594,1,Tamil Nadu - 2026,25-Jan 6pm,3550.105259734114
594,2,Tamil Nadu - 2026,25-Jan 6pm,3536.319609072214
594,3,Tamil Nadu - 2026,25-Jan 6pm,3537.6504408584387
594,4,Tamil Nadu - 2026,25-Jan 6pm,3556.3146903352326
595,1,Tamil Nadu - 2026,25-Jan 7pm,3592.312357502596
595,2,Tamil Nadu - 2026,25-Jan 7pm,3598.3434554120704
595,3,Tamil Nadu - 2026,25-Jan 7pm,3574.40798406366
595,4,Tamil Nadu - 2026,25-Jan 7pm,3520.046203021675
596,1,Tamil Nadu - 2026,25-Jan 8pm,3435.258112286115
596,2,Tamil Nadu - 2026,25-Jan 8pm,3370.1021414195607
596,3,Tamil Nadu - 2026,25-Jan 8pm,3324.57829042201
596,4,Tamil Nadu - 2026,25-Jan 8pm,3296.251455872314
597,1,Tamil Nadu - 2026,25-Jan 9pm,3285.1216377704754
597,2,Tamil Nadu - 2026,25-Jan 9pm,3255.741027080802
597,3,Tamil Nadu - 2026,25-Jan 9pm,3208.109623803293
597,4,Tamil Nadu - 2026,25-Jan 9pm,3143.0577113454306
598,1,Tamil Nadu - 2026,25-Jan 10pm,3060.5852897072145
598,2,Tamil Nadu - 2026,25-Jan 10pm,2991.158467479443
598,3,Tamil Nadu - 2026,25-Jan 10pm,2934.777244662118
598,4,Tamil Nadu - 2026,25-Jan 10pm,2886.368998151224
599,1,Tamil Nadu - 2026,25-Jan 11pm,2845.933727946757
599,2,Tamil Nadu - 2026,25-Jan 11pm,2813.4410640820206
599,3,Tamil Nadu - 2026,25-Jan 11pm,2788.891006557015
599,4,Tamil Nadu - 2026,25-Jan 11pm,2774.964201414207
600,1,Tamil Nadu - 2026,26-Jan 12am,2771.660648653596
600,2,Tamil Nadu - 2026,26-Jan 12am,2762.926841987081
600,3,Tamil Nadu - 2026,26-Jan 12am,2748.762781414661
600,4,Tamil Nadu - 2026,26-Jan 12am,2730.6297279446617
601,1,Tamil Nadu - 2026,26-Jan 1am,2708.5276815770826
601,2,Tamil Nadu - 2026,26-Jan 1am,2689.7425825500727
601,3,Tamil Nadu - 2026,26-Jan 1am,2674.274430863632
601,4,Tamil Nadu - 2026,26-Jan 1am,2661.685305009212
602,1,Tamil Nadu - 2026,26-Jan 2am,2651.9752049868125
602,2,Tamil Nadu - 2026,26-Jan 2am,2640.4857196095786
602,3,Tamil Nadu - 2026,26-Jan 2am,2627.2168488775096
602,4,Tamil Nadu - 2026,26-Jan 2am,2611.8622265261
603,1,Tamil Nadu - 2026,26-Jan 3am,2594.4218525553524
603,2,Tamil Nadu - 2026,26-Jan 3am,2581.3923357391486
603,3,Tamil Nadu - 2026,26-Jan 3am,2572.7736760774883
603,4,Tamil Nadu - 2026,26-Jan 3am,2567.4921356280106
604,1,Tamil Nadu - 2026,26-Jan 4am,2565.5477143907183
604,2,Tamil Nadu - 2026,26-Jan 4am,2566.886231245884
604,3,Tamil Nadu - 2026,26-Jan 4am,2571.507686193509
604,4,Tamil Nadu - 2026,26-Jan 4am,2579.458368169888
605,1,Tamil Nadu - 2026,26-Jan 5am,2590.738277175019
605,2,Tamil Nadu - 2026,26-Jan 5am,2605.12386071086
605,3,Tamil Nadu - 2026,26-Jan 5am,2622.6151187774085
605,4,Tamil Nadu - 2026,26-Jan 5am,2638.892743336713
606,1,Tamil Nadu - 2026,26-Jan 6am,2653.956734388773
606,2,Tamil Nadu - 2026,26-Jan 6am,2693.9464926593537
606,3,Tamil Nadu - 2026,26-Jan 6am,2758.862018148456
606,4,Tamil Nadu - 2026,26-Jan 6am,2852.544754803417
607,1,Tamil Nadu - 2026,26-Jan 7am,2974.9947026242357
607,2,Tamil Nadu - 2026,26-Jan 7am,3077.0237972011328
607,3,Tamil Nadu - 2026,26-Jan 7am,3158.632038534109
607,4,Tamil Nadu - 2026,26-Jan 7am,3228.389461640524
608,1,Tamil Nadu - 2026,26-Jan 8am,3286.296066520373
608,2,Tamil Nadu - 2026,26-Jan 8am,3330.1197074792904
608,3,Tamil Nadu - 2026,26-Jan 8am,3359.8603845172725
608,4,Tamil Nadu - 2026,26-Jan 8am,3374.5238414830637
609,1,Tamil Nadu - 2026,26-Jan 9am,3374.1100783766638
609,2,Tamil Nadu - 2026,26-Jan 9am,3366.81677779999
609,3,Tamil Nadu - 2026,26-Jan 9am,3352.643939753047
609,4,Tamil Nadu - 2026,26-Jan 9am,3326.2792040703
610,1,Tamil Nadu - 2026,26-Jan 10am,3287.722570751745
610,2,Tamil Nadu - 2026,26-Jan 10am,3260.6505181886746
610,3,Tamil Nadu - 2026,26-Jan 10am,3245.063046381089
610,4,Tamil Nadu - 2026,26-Jan 10am,3242.413864678492
611,1,Tamil Nadu - 2026,26-Jan 11am,3252.702973080884
611,2,Tamil Nadu - 2026,26-Jan 11am,3243.5316370999462
611,3,Tamil Nadu - 2026,26-Jan 11am,3214.89985673568
611,4,Tamil Nadu - 2026,26-Jan 11am,3163.9255330834903
612,1,Tamil Nadu - 2026,26-Jan 12pm,3090.608666143383
612,2,Tamil Nadu - 2026,26-Jan 12pm,3044.640583831228
612,3,Tamil Nadu - 2026,26-Jan 12pm,3026.021286147024
612,4,Tamil Nadu - 2026,26-Jan 12pm,3033.809463878365
613,1,Tamil Nadu - 2026,26-Jan 1pm,3068.005117025252
613,2,Tamil Nadu - 2026,26-Jan 1pm,3084.5647729462557
613,3,Tamil Nadu - 2026,26-Jan 1pm,3083.488431641373
613,4,Tamil Nadu - 2026,26-Jan 1pm,3067.04167838712
614,1,Tamil Nadu - 2026,26-Jan 2pm,3035.224513183496
614,2,Tamil Nadu - 2026,26-Jan 2pm,3018.4868970128514
614,3,Tamil Nadu - 2026,26-Jan 2pm,3016.828829875188
614,4,Tamil Nadu - 2026,26-Jan 2pm,3026.489759928465
615,1,Tamil Nadu - 2026,26-Jan 3pm,3047.4696871726883
615,2,Tamil Nadu - 2026,26-Jan 3pm,3071.881961677731
615,3,Tamil Nadu - 2026,26-Jan 3pm,3099.726583443595
615,4,Tamil Nadu - 2026,26-Jan 3pm,3134.331767705986
616,1,Tamil Nadu - 2026,26-Jan 4pm,3175.6975144649064
616,2,Tamil Nadu - 2026,26-Jan 4pm,3211.741182236234
616,3,Tamil Nadu - 2026,26-Jan 4pm,3242.462771019967
616,4,Tamil Nadu - 2026,26-Jan 4pm,3268.7685322788925
617,1,Tamil Nadu - 2026,26-Jan 5pm,3290.6584660130115
617,2,Tamil Nadu - 2026,26-Jan 5pm,3314.777704929735
617,3,Tamil Nadu - 2026,26-Jan 5pm,3341.126249029065
617,4,Tamil Nadu - 2026,26-Jan 5pm,3369.7575800281875
618,1,Tamil Nadu - 2026,26-Jan 6pm,3400.6716979271027
618,2,Tamil Nadu - 2026,26-Jan 6pm,3426.9025797152813
618,3,Tamil Nadu - 2026,26-Jan 6pm,3448.4502253927235
618,4,Tamil Nadu - 2026,26-Jan 6pm,3469.525496964892
619,1,Tamil Nadu - 2026,26-Jan 7pm,3490.1283944317865
619,2,Tamil Nadu - 2026,26-Jan 7pm,3491.9597687711603
619,3,Tamil Nadu - 2026,26-Jan 7pm,3475.0196199830148
619,4,Tamil Nadu - 2026,26-Jan 7pm,3436.7322168140386
620,1,Tamil Nadu - 2026,26-Jan 8pm,3377.097559264234
620,2,Tamil Nadu - 2026,26-Jan 8pm,3329.869183875704
620,3,Tamil Nadu - 2026,26-Jan 8pm,3295.0470906484456
620,4,Tamil Nadu - 2026,26-Jan 8pm,3270.116166211616
621,1,Tamil Nadu - 2026,26-Jan 9pm,3255.0764105652115
621,2,Tamil Nadu - 2026,26-Jan 9pm,3231.2649673922133
621,3,Tamil Nadu - 2026,26-Jan 9pm,3198.6818366926204
621,4,Tamil Nadu - 2026,26-Jan 9pm,3160.446785349954
622,1,Tamil Nadu - 2026,26-Jan 10pm,3116.559813364211
622,2,Tamil Nadu - 2026,26-Jan 10pm,3066.9651757513025
622,3,Tamil Nadu - 2026,26-Jan 10pm,3011.662872511228
622,4,Tamil Nadu - 2026,26-Jan 10pm,2946.59213837326
623,1,Tamil Nadu - 2026,26-Jan 11pm,2871.752973337399
623,2,Tamil Nadu - 2026,26-Jan 11pm,2811.565714012095
623,3,Tamil Nadu - 2026,26-Jan 11pm,2766.03036039735
623,4,Tamil Nadu - 2026,26-Jan 11pm,2733.620952253156
624,1,Tamil Nadu - 2026,27-Jan 12am,2714.3374895795105
624,2,Tamil Nadu - 2026,27-Jan 12am,2692.9153972080085
624,3,Tamil Nadu - 2026,27-Jan 12am,2669.3546751386507
624,4,Tamil Nadu - 2026,27-Jan 12am,2645.7724380738296
625,1,Tamil Nadu - 2026,27-Jan 1am,2622.168686013542
625,2,Tamil Nadu - 2026,27-Jan 1am,2601.1053059118435
625,3,Tamil Nadu - 2026,27-Jan 1am,2582.582297768734
625,4,Tamil Nadu - 2026,27-Jan 1am,2565.77371030588
626,1,Tamil Nadu - 2026,27-Jan 2am,2550.679543523282
626,2,Tamil Nadu - 2026,27-Jan 2am,2539.693618136884
626,3,Tamil Nadu - 2026,27-Jan 2am,2532.8159341466885
626,4,Tamil Nadu - 2026,27-Jan 2am,2530.6509041931454
627,1,Tamil Nadu - 2026,27-Jan 3am,2533.198528276253
627,2,Tamil Nadu - 2026,27-Jan 3am,2534.4385098373623
627,3,Tamil Nadu - 2026,27-Jan 3am,2534.3708488764696
627,4,Tamil Nadu - 2026,27-Jan 3am,2532.952113009914
628,1,Tamil Nadu - 2026,27-Jan 4am,2530.182302237694
628,2,Tamil Nadu - 2026,27-Jan 4am,2532.34230742044
628,3,Tamil Nadu - 2026,27-Jan 4am,2539.432128558156
628,4,Tamil Nadu - 2026,27-Jan 4am,2547.5532617837102
629,1,Tamil Nadu - 2026,27-Jan 5am,2556.7057070971027
629,2,Tamil Nadu - 2026,27-Jan 5am,2583.9995968404787
629,3,Tamil Nadu - 2026,27-Jan 5am,2629.434931013841
629,4,Tamil Nadu - 2026,27-Jan 5am,2684.089765048577
630,1,Tamil Nadu - 2026,27-Jan 6am,2747.9640989446875
630,2,Tamil Nadu - 2026,27-Jan 6am,2857.4794677716886
630,3,Tamil Nadu - 2026,27-Jan 6am,3012.63587152958
630,4,Tamil Nadu - 2026,27-Jan 6am,3230.250561754044
631,1,Tamil Nadu - 2026,27-Jan 7am,3510.3235384450804
631,2,Tamil Nadu - 2026,27-Jan 7am,3715.529757319085
631,3,Tamil Nadu - 2026,27-Jan 7am,3845.869218376061
631,4,Tamil Nadu - 2026,27-Jan 7am,3915.217485859774
632,1,Tamil Nadu - 2026,27-Jan 8am,3923.574559770225
632,2,Tamil Nadu - 2026,27-Jan 8am,3925.01209892841
632,3,Tamil Nadu - 2026,27-Jan 8am,3919.530103334329
632,4,Tamil Nadu - 2026,27-Jan 8am,3893.983237967037
633,1,Tamil Nadu - 2026,27-Jan 9am,3848.3715028265383
633,2,Tamil Nadu - 2026,27-Jan 9am,3807.4952492174825
633,3,Tamil Nadu - 2026,27-Jan 9am,3771.354477139868
633,4,Tamil Nadu - 2026,27-Jan 9am,3735.9387708161103
634,1,Tamil Nadu - 2026,27-Jan 10am,3701.248130246208
634,2,Tamil Nadu - 2026,27-Jan 10am,3666.544698791035
634,3,Tamil Nadu - 2026,27-Jan 10am,3631.828476450589
634,4,Tamil Nadu - 2026,27-Jan 10am,3595.7386945121675
635,1,Tamil Nadu - 2026,27-Jan 11am,3558.27535297577
635,2,Tamil Nadu - 2026,27-Jan 11am,3528.3409207567456
635,3,Tamil Nadu - 2026,27-Jan 11am,3505.9353978550944
635,4,Tamil Nadu - 2026,27-Jan 11am,3491.62832841239
636,1,Tamil Nadu - 2026,27-Jan 12pm,3485.4197124286343
636,2,Tamil Nadu - 2026,27-Jan 12pm,3474.989816139026
636,3,Tamil Nadu - 2026,27-Jan 12pm,3460.3386395435623
636,4,Tamil Nadu - 2026,27-Jan 12pm,3444.281831888778
637,1,Tamil Nadu - 2026,27-Jan 1pm,3426.8193931746687
637,2,Tamil Nadu - 2026,27-Jan 1pm,3403.377161686862
637,3,Tamil Nadu - 2026,27-Jan 1pm,3373.9551374253583
637,4,Tamil Nadu - 2026,27-Jan 1pm,3330.268307713111
638,1,Tamil Nadu - 2026,27-Jan 2pm,3272.316672550118
638,2,Tamil Nadu - 2026,27-Jan 2pm,3254.38446971304
638,3,Tamil Nadu - 2026,27-Jan 2pm,3276.471699201876
638,4,Tamil Nadu - 2026,27-Jan 2pm,3341.567158534966
639,1,Tamil Nadu - 2026,27-Jan 3pm,3449.6708477123066
639,2,Tamil Nadu - 2026,27-Jan 3pm,3528.5657438472144
639,3,Tamil Nadu - 2026,27-Jan 3pm,3578.2518469396896
639,4,Tamil Nadu - 2026,27-Jan 3pm,3601.5915615007893
640,1,Tamil Nadu - 2026,27-Jan 4pm,3598.5848875305123
640,2,Tamil Nadu - 2026,27-Jan 4pm,3624.274420849205
640,3,Tamil Nadu - 2026,27-Jan 4pm,3678.660161456865
640,4,Tamil Nadu - 2026,27-Jan 4pm,3761.340530163418
641,1,Tamil Nadu - 2026,27-Jan 5pm,3872.315526968866
641,2,Tamil Nadu - 2026,27-Jan 5pm,3958.9520311933184
641,3,Tamil Nadu - 2026,27-Jan 5pm,4021.2500428367766
641,4,Tamil Nadu - 2026,27-Jan 5pm,4065.3223990010392
642,1,Tamil Nadu - 2026,27-Jan 6pm,4091.169099686108
642,2,Tamil Nadu - 2026,27-Jan 6pm,4114.746242961065
642,3,Tamil Nadu - 2026,27-Jan 6pm,4136.053828825907
642,4,Tamil Nadu - 2026,27-Jan 6pm,4157.630828526919
643,1,Tamil Nadu - 2026,27-Jan 7pm,4179.477242064103
643,2,Tamil Nadu - 2026,27-Jan 7pm,4170.403143890667
643,3,Tamil Nadu - 2026,27-Jan 7pm,4130.40853400661
643,4,Tamil Nadu - 2026,27-Jan 7pm,4055.0410800386217
644,1,Tamil Nadu - 2026,27-Jan 8pm,3944.3007819867066
644,2,Tamil Nadu - 2026,27-Jan 8pm,3856.091559637504
644,3,Tamil Nadu - 2026,27-Jan 8pm,3790.4134129910185
644,4,Tamil Nadu - 2026,27-Jan 8pm,3741.554245384772
645,1,Tamil Nadu - 2026,27-Jan 9pm,3709.514056818762
645,2,Tamil Nadu - 2026,27-Jan 9pm,3670.6615074812175
645,3,Tamil Nadu - 2026,27-Jan 9pm,3624.996597372138
645,4,Tamil Nadu - 2026,27-Jan 9pm,3577.9278383278825
646,1,Tamil Nadu - 2026,27-Jan 10pm,3529.4552303484484
646,2,Tamil Nadu - 2026,27-Jan 10pm,3470.759042227461
646,3,Tamil Nadu - 2026,27-Jan 10pm,3401.83927396492
646,4,Tamil Nadu - 2026,27-Jan 10pm,3317.9064534591703
647,1,Tamil Nadu - 2026,27-Jan 11pm,3218.9605807102103
647,2,Tamil Nadu - 2026,27-Jan 11pm,3142.558219534348
647,3,Tamil Nadu - 2026,27-Jan 11pm,3088.6993699315813
647,4,Tamil Nadu - 2026,27-Jan 11pm,3054.6118298238603
648,1,Tamil Nadu - 2026,28-Jan 12am,3040.295599211184
648,2,Tamil Nadu - 2026,28-Jan 12am,3024.827326745561
648,3,Tamil Nadu - 2026,28-Jan 12am,3008.2070124269926
648,4,Tamil Nadu - 2026,28-Jan 12am,2993.5700616162617
649,1,Tamil Nadu - 2026,28-Jan 1am,2980.9164743133715
649,2,Tamil Nadu - 2026,28-Jan 1am,2972.3571697015977
649,3,Tamil Nadu - 2026,28-Jan 1am,2967.8921477809404
649,4,Tamil Nadu - 2026,28-Jan 1am,2968.274208204091
650,1,Tamil Nadu - 2026,28-Jan 2am,2973.5033509710483
650,2,Tamil Nadu - 2026,28-Jan 2am,2976.95185898239
650,3,Tamil Nadu - 2026,28-Jan 2am,2978.6197322381195
650,4,Tamil Nadu - 2026,28-Jan 2am,2978.765057808442
651,1,Tamil Nadu - 2026,28-Jan 3am,2977.3878356933583
651,2,Tamil Nadu - 2026,28-Jan 3am,2979.567260571045
651,3,Tamil Nadu - 2026,28-Jan 3am,2985.3033324415046
651,4,Tamil Nadu - 2026,28-Jan 3am,2993.141571294092
652,1,Tamil Nadu - 2026,28-Jan 4am,3003.081977128807
652,2,Tamil Nadu - 2026,28-Jan 4am,3018.7722353313275
652,3,Tamil Nadu - 2026,28-Jan 4am,3040.2123459016525
652,4,Tamil Nadu - 2026,28-Jan 4am,3067.923441638213
653,1,Tamil Nadu - 2026,28-Jan 5am,3101.9055225410084
653,2,Tamil Nadu - 2026,28-Jan 5am,3135.3841064337794
653,3,Tamil Nadu - 2026,28-Jan 5am,3168.3591933165285
653,4,Tamil Nadu - 2026,28-Jan 5am,3192.771177708684
654,1,Tamil Nadu - 2026,28-Jan 6am,3208.620059610244
654,2,Tamil Nadu - 2026,28-Jan 6am,3271.037954080889
654,3,Tamil Nadu - 2026,28-Jan 6am,3380.0248611206207
654,4,Tamil Nadu - 2026,28-Jan 6am,3546.9571251882453
655,1,Tamil Nadu - 2026,28-Jan 7am,3771.834746283764
655,2,Tamil Nadu - 2026,28-Jan 7am,3931.2675425946527
655,3,Tamil Nadu - 2026,28-Jan 7am,4025.255514120912
655,4,Tamil Nadu - 2026,28-Jan 7am,4068.932197000673
656,1,Tamil Nadu - 2026,28-Jan 8am,4062.2975912339375
656,2,Tamil Nadu - 2026,28-Jan 8am,4037.9406618044422
656,3,Tamil Nadu - 2026,28-Jan 8am,3995.86140871219
656,4,Tamil Nadu - 2026,28-Jan 8am,3922.25033824943
657,1,Tamil Nadu - 2026,28-Jan 9am,3817.1074504161634
657,2,Tamil Nadu - 2026,28-Jan 9am,3730.700742475143
657,3,Tamil Nadu - 2026,28-Jan 9am,3663.03021442637
657,4,Tamil Nadu - 2026,28-Jan 9am,3607.571592682324
658,1,Tamil Nadu - 2026,28-Jan 10am,3564.324877242999
658,2,Tamil Nadu - 2026,28-Jan 10am,3522.167712370785
658,3,Tamil Nadu - 2026,28-Jan 10am,3481.1000980656845
658,4,Tamil Nadu - 2026,28-Jan 10am,3441.8173123205315
659,1,Tamil Nadu - 2026,28-Jan 11am,3404.3193551353293
659,2,Tamil Nadu - 2026,28-Jan 11am,3375.5569142906684
659,3,Tamil Nadu - 2026,28-Jan 11am,3355.5299897865475
659,4,Tamil Nadu - 2026,28-Jan 11am,3347.793740787456
660,1,Tamil Nadu - 2026,28-Jan 12pm,3352.348167293389
660,2,Tamil Nadu - 2026,28-Jan 12pm,3340.9116265368434
660,3,Tamil Nadu - 2026,28-Jan 12pm,3313.48411851782
660,4,Tamil Nadu - 2026,28-Jan 12pm,3267.626087651948
661,1,Tamil Nadu - 2026,28-Jan 1pm,3203.337533939228
661,2,Tamil Nadu - 2026,28-Jan 1pm,3163.537433653379
661,3,Tamil Nadu - 2026,28-Jan 1pm,3148.225786794408
661,4,Tamil Nadu - 2026,28-Jan 1pm,3151.899245612986
662,1,Tamil Nadu - 2026,28-Jan 2pm,3174.5578101091155
662,2,Tamil Nadu - 2026,28-Jan 2pm,3206.3025905050167
662,3,Tamil Nadu - 2026,28-Jan 2pm,3247.133586800687
662,4,Tamil Nadu - 2026,28-Jan 2pm,3300.8760125851813
663,1,Tamil Nadu - 2026,28-Jan 3pm,3367.529867858498
663,2,Tamil Nadu - 2026,28-Jan 3pm,3434.0427608641053
663,3,Tamil Nadu - 2026,28-Jan 3pm,3500.414691602009
663,4,Tamil Nadu - 2026,28-Jan 3pm,3567.932679675388
664,1,Tamil Nadu - 2026,28-Jan 4pm,3636.596725084242
664,2,Tamil Nadu - 2026,28-Jan 4pm,3711.7371019660136
664,3,Tamil Nadu - 2026,28-Jan 4pm,3793.353810320701
664,4,Tamil Nadu - 2026,28-Jan 4pm,3885.902362629044
665,1,Tamil Nadu - 2026,28-Jan 5pm,3989.38275889104
665,2,Tamil Nadu - 2026,28-Jan 5pm,4071.731650084821
665,3,Tamil Nadu - 2026,28-Jan 5pm,4132.949036210386
665,4,Tamil Nadu - 2026,28-Jan 5pm,4176.256554813754
666,1,Tamil Nadu - 2026,28-Jan 6pm,4201.654205894923
666,2,Tamil Nadu - 2026,28-Jan 6pm,4221.875513199667
666,3,Tamil Nadu - 2026,28-Jan 6pm,4236.920476727988
666,4,Tamil Nadu - 2026,28-Jan 6pm,4248.179804177424
667,1,Tamil Nadu - 2026,28-Jan 7pm,4255.653495547978
667,2,Tamil Nadu - 2026,28-Jan 7pm,4238.263780908639
667,3,Tamil Nadu - 2026,28-Jan 7pm,4196.010660259407
667,4,Tamil Nadu - 2026,28-Jan 7pm,4124.592063283976
668,1,Tamil Nadu - 2026,28-Jan 8pm,4024.0079899823504
668,2,Tamil Nadu - 2026,28-Jan 8pm,3941.148632183362
668,3,Tamil Nadu - 2026,28-Jan 8pm,3876.0139898870175
668,4,Tamil Nadu - 2026,28-Jan 8pm,3824.219387947269
669,1,Tamil Nadu - 2026,28-Jan 9pm,3785.764826364112
669,2,Tamil Nadu - 2026,28-Jan 9pm,3740.0681641849887
669,3,Tamil Nadu - 2026,28-Jan 9pm,3687.129401409899
669,4,Tamil Nadu - 2026,28-Jan 9pm,3630.377608041
670,1,Tamil Nadu - 2026,28-Jan 10pm,3569.8127840782936
670,2,Tamil Nadu - 2026,28-Jan 10pm,3505.442650461377
670,3,Tamil Nadu - 2026,28-Jan 10pm,3437.267207190255
670,4,Tamil Nadu - 2026,28-Jan 10pm,3360.687358270073
671,1,Tamil Nadu - 2026,28-Jan 11pm,3275.703103700832
671,2,Tamil Nadu - 2026,28-Jan 11pm,3209.901298512036
671,3,Tamil Nadu - 2026,28-Jan 11pm,3163.2819427036884
671,4,Tamil Nadu - 2026,28-Jan 11pm,3134.163655083443
672,1,Tamil Nadu - 2026,29-Jan 12am,3122.5464356512985
672,2,Tamil Nadu - 2026,29-Jan 12am,3110.931716531816
672,3,Tamil Nadu - 2026,29-Jan 12am,3099.3194977249946
672,4,Tamil Nadu - 2026,29-Jan 12am,3091.9323500918904
673,1,Tamil Nadu - 2026,29-Jan 1am,3088.770273632504
673,2,Tamil Nadu - 2026,29-Jan 1am,3081.9964110559404
673,3,Tamil Nadu - 2026,29-Jan 1am,3071.6107623621992
673,4,Tamil Nadu - 2026,29-Jan 1am,3058.2025529493567
674,1,Tamil Nadu - 2026,29-Jan 2am,3041.7717828174123
674,2,Tamil Nadu - 2026,29-Jan 2am,3026.619956868806
674,3,Tamil Nadu - 2026,29-Jan 2am,3012.747075103542
674,4,Tamil Nadu - 2026,29-Jan 2am,2998.8011852102395
675,1,Tamil Nadu - 2026,29-Jan 3am,2984.7822871888984
675,2,Tamil Nadu - 2026,29-Jan 3am,2974.5005900053466
675,3,Tamil Nadu - 2026,29-Jan 3am,2967.9560936595844
675,4,Tamil Nadu - 2026,29-Jan 3am,2964.3810291461714
676,1,Tamil Nadu - 2026,29-Jan 4am,2963.7753964651088
676,2,Tamil Nadu - 2026,29-Jan 4am,2966.935600683212
676,3,Tamil Nadu - 2026,29-Jan 4am,2973.8616418004804
676,4,Tamil Nadu - 2026,29-Jan 4am,2982.6373610511982
677,1,Tamil Nadu - 2026,29-Jan 5am,2993.262758435365
677,2,Tamil Nadu - 2026,29-Jan 5am,3016.4383814804587
677,3,Tamil Nadu - 2026,29-Jan 5am,3052.16423018648
677,4,Tamil Nadu - 2026,29-Jan 5am,3092.024629897696
678,1,Tamil Nadu - 2026,29-Jan 6am,3136.019580614109
678,2,Tamil Nadu - 2026,29-Jan 6am,3223.942582742628
678,3,Tamil Nadu - 2026,29-Jan 6am,3355.7936362832525
678,4,Tamil Nadu - 2026,29-Jan 6am,3545.434200360012
679,1,Tamil Nadu - 2026,29-Jan 7am,3792.864274972904
679,2,Tamil Nadu - 2026,29-Jan 7am,3975.1216049708514
679,3,Tamil Nadu - 2026,29-Jan 7am,4092.206190353853
679,4,Tamil Nadu - 2026,29-Jan 7am,4158.937929702392
680,1,Tamil Nadu - 2026,29-Jan 8am,4175.31682301647
680,2,Tamil Nadu - 2026,29-Jan 8am,4175.38573396426
680,3,Tamil Nadu - 2026,29-Jan 8am,4159.144662545762
680,4,Tamil Nadu - 2026,29-Jan 8am,4116.292780473507
681,1,Tamil Nadu - 2026,29-Jan 9am,4046.8300877475017
681,2,Tamil Nadu - 2026,29-Jan 9am,3978.5186904243615
681,3,Tamil Nadu - 2026,29-Jan 9am,3911.358588504093
681,4,Tamil Nadu - 2026,29-Jan 9am,3834.6026333240425
682,1,Tamil Nadu - 2026,29-Jan 10am,3748.250824884216
682,2,Tamil Nadu - 2026,29-Jan 10am,3689.023949103881
682,3,Tamil Nadu - 2026,29-Jan 10am,3656.9220059830377
682,4,Tamil Nadu - 2026,29-Jan 10am,3652.593220028867
683,1,Tamil Nadu - 2026,29-Jan 11am,3676.0375912413674
683,2,Tamil Nadu - 2026,29-Jan 11am,3686.644986658196
683,3,Tamil Nadu - 2026,29-Jan 11am,3684.415406279357
683,4,Tamil Nadu - 2026,29-Jan 11am,3677.13201582108
684,1,Tamil Nadu - 2026,29-Jan 12pm,3664.794815283359
684,2,Tamil Nadu - 2026,29-Jan 12pm,3641.3149433311705
684,3,Tamil Nadu - 2026,29-Jan 12pm,3606.6923999645114
684,4,Tamil Nadu - 2026,29-Jan 12pm,3556.79784142096
685,1,Tamil Nadu - 2026,29-Jan 1pm,3491.6312677005185
685,2,Tamil Nadu - 2026,29-Jan 1pm,3442.0576027127377
685,3,Tamil Nadu - 2026,29-Jan 1pm,3408.0768464576145
685,4,Tamil Nadu - 2026,29-Jan 1pm,3383.6942831291285
686,1,Tamil Nadu - 2026,29-Jan 2pm,3368.90991272728
686,2,Tamil Nadu - 2026,29-Jan 2pm,3368.827106178652
686,3,Tamil Nadu - 2026,29-Jan 2pm,3383.4458634832467
686,4,Tamil Nadu - 2026,29-Jan 2pm,3414.097117610822
687,1,Tamil Nadu - 2026,29-Jan 3pm,3460.7808685613786
687,2,Tamil Nadu - 2026,29-Jan 3pm,3510.40814758978
687,3,Tamil Nadu - 2026,29-Jan 3pm,3562.978954696021
687,4,Tamil Nadu - 2026,29-Jan 3pm,3620.822029152821
688,1,Tamil Nadu - 2026,29-Jan 4pm,3683.937370960177
688,2,Tamil Nadu - 2026,29-Jan 4pm,3751.441513226941
688,3,Tamil Nadu - 2026,29-Jan 4pm,3823.3344559531142
688,4,Tamil Nadu - 2026,29-Jan 4pm,3905.936659859768
689,1,Tamil Nadu - 2026,29-Jan 5pm,3999.248124946897
689,2,Tamil Nadu - 2026,29-Jan 5pm,4066.2295537792343
689,3,Tamil Nadu - 2026,29-Jan 5pm,4106.880946356777
689,4,Tamil Nadu - 2026,29-Jan 5pm,4119.271374917092
690,1,Tamil Nadu - 2026,29-Jan 6pm,4103.4008394601815
690,2,Tamil Nadu - 2026,29-Jan 6pm,4107.894203995914
690,3,Tamil Nadu - 2026,29-Jan 6pm,4132.751468524285
690,4,Tamil Nadu - 2026,29-Jan 6pm,4181.663488019619
691,1,Tamil Nadu - 2026,29-Jan 7pm,4254.630262481921
691,2,Tamil Nadu - 2026,29-Jan 7pm,4280.881798055377
691,3,Tamil Nadu - 2026,29-Jan 7pm,4260.418094739991
691,4,Tamil Nadu - 2026,29-Jan 7pm,4193.929844722712
692,1,Tamil Nadu - 2026,29-Jan 8pm,4081.417048003538
692,2,Tamil Nadu - 2026,29-Jan 8pm,3989.505545316578
692,3,Tamil Nadu - 2026,29-Jan 8pm,3918.1953366618286
692,4,Tamil Nadu - 2026,29-Jan 8pm,3859.4320700180538
693,1,Tamil Nadu - 2026,29-Jan 9pm,3813.215745385253
693,2,Tamil Nadu - 2026,29-Jan 9pm,3761.246634156744
693,3,Tamil Nadu - 2026,29-Jan 9pm,3703.524736332527
693,4,Tamil Nadu - 2026,29-Jan 9pm,3642.662884125476
694,1,Tamil Nadu - 2026,29-Jan 10pm,3578.661077535592
694,2,Tamil Nadu - 2026,29-Jan 10pm,3514.142051892306
694,3,Tamil Nadu - 2026,29-Jan 10pm,3449.105807195614
694,4,Tamil Nadu - 2026,29-Jan 10pm,3379.881063376489
695,1,Tamil Nadu - 2026,29-Jan 11pm,3306.4678204349334
695,2,Tamil Nadu - 2026,29-Jan 11pm,3248.271023455683
695,3,Tamil Nadu - 2026,29-Jan 11pm,3205.290672438736
695,4,Tamil Nadu - 2026,29-Jan 11pm,3177.3404836706486
696,1,Tamil Nadu - 2026,30-Jan 12am,3164.4204571514256
696,2,Tamil Nadu - 2026,30-Jan 12am,3148.243350076982
696,3,Tamil Nadu - 2026,30-Jan 12am,3128.8091624473177
696,4,Tamil Nadu - 2026,30-Jan 12am,3108.3670303242748
697,1,Tamil Nadu - 2026,30-Jan 1am,3086.9169537078496
697,2,Tamil Nadu - 2026,30-Jan 1am,3069.2513590310937
697,3,Tamil Nadu - 2026,30-Jan 1am,3055.370246294007
697,4,Tamil Nadu - 2026,30-Jan 1am,3044.89144096705
698,1,Tamil Nadu - 2026,30-Jan 2am,3037.814943050226
698,2,Tamil Nadu - 2026,30-Jan 2am,3031.641373287704
698,3,Tamil Nadu - 2026,30-Jan 2am,3026.370731679485
698,4,Tamil Nadu - 2026,30-Jan 2am,3023.412951982585
699,1,Tamil Nadu - 2026,30-Jan 3am,3022.7680341970063
699,2,Tamil Nadu - 2026,30-Jan 3am,3018.4757550364684
699,3,Tamil Nadu - 2026,30-Jan 3am,3010.5361145009706
699,4,Tamil Nadu - 2026,30-Jan 3am,2996.9200962655555
700,1,Tamil Nadu - 2026,30-Jan 4am,2977.6277003302207
700,2,Tamil Nadu - 2026,30-Jan 4am,2970.793247931
700,3,Tamil Nadu - 2026,30-Jan 4am,2976.416739067891
700,4,Tamil Nadu - 2026,30-Jan 4am,2990.682312670889
701,1,Tamil Nadu - 2026,30-Jan 5am,3013.5899687399933
701,2,Tamil Nadu - 2026,30-Jan 5am,3049.9005524592103
701,3,Tamil Nadu - 2026,30-Jan 5am,3099.614063828541
701,4,Tamil Nadu - 2026,30-Jan 5am,3157.395414972256
702,1,Tamil Nadu - 2026,30-Jan 6am,3223.244605890355
702,2,Tamil Nadu - 2026,30-Jan 6am,3324.411318653204
702,3,Tamil Nadu - 2026,30-Jan 6am,3460.8955532608
702,4,Tamil Nadu - 2026,30-Jan 6am,3648.0485221956415
703,1,Tamil Nadu - 2026,30-Jan 7am,3885.870225457733
703,2,Tamil Nadu - 2026,30-Jan 7am,4055.003706081712
703,3,Tamil Nadu - 2026,30-Jan 7am,4155.448964067573
703,4,Tamil Nadu - 2026,30-Jan 7am,4197.627104392983
704,1,Tamil Nadu - 2026,30-Jan 8am,4181.538127057937
704,2,Tamil Nadu - 2026,30-Jan 8am,4164.012359161831
704,3,Tamil Nadu - 2026,30-Jan 8am,4145.049800704663
704,4,Tamil Nadu - 2026,30-Jan 8am,4111.45971307557
705,1,Tamil Nadu - 2026,30-Jan 9am,4063.242096274557
705,2,Tamil Nadu - 2026,30-Jan 9am,4022.711054867385
705,3,Tamil Nadu - 2026,30-Jan 9am,3989.866588854056
705,4,Tamil Nadu - 2026,30-Jan 9am,3962.680260004004
706,1,Tamil Nadu - 2026,30-Jan 10am,3941.1520683172303
706,2,Tamil Nadu - 2026,30-Jan 10am,3915.138538611356
706,3,Tamil Nadu - 2026,30-Jan 10am,3884.639670886383
706,4,Tamil Nadu - 2026,30-Jan 10am,3849.059722185031
707,1,Tamil Nadu - 2026,30-Jan 11am,3808.398692507302
707,2,Tamil Nadu - 2026,30-Jan 11am,3776.374514779236
707,3,Tamil Nadu - 2026,30-Jan 11am,3752.9871890008353
707,4,Tamil Nadu - 2026,30-Jan 11am,3738.7396037126273
708,1,Tamil Nadu - 2026,30-Jan 12pm,3733.63175891461
708,2,Tamil Nadu - 2026,30-Jan 12pm,3720.928390437575
708,3,Tamil Nadu - 2026,30-Jan 12pm,3700.6294982815234
708,4,Tamil Nadu - 2026,30-Jan 12pm,3672.7303523662913
709,1,Tamil Nadu - 2026,30-Jan 1pm,3637.230952691879
709,2,Tamil Nadu - 2026,30-Jan 1pm,3610.894943908463
709,3,Tamil Nadu - 2026,30-Jan 1pm,3593.722326016042
709,4,Tamil Nadu - 2026,30-Jan 1pm,3582.671777383616
710,1,Tamil Nadu - 2026,30-Jan 2pm,3577.7432980111835
710,2,Tamil Nadu - 2026,30-Jan 2pm,3580.42117303458
710,3,Tamil Nadu - 2026,30-Jan 2pm,3590.705402453806
710,4,Tamil Nadu - 2026,30-Jan 2pm,3608.000126500432
711,1,Tamil Nadu - 2026,30-Jan 3pm,3632.305345174453
711,2,Tamil Nadu - 2026,30-Jan 3pm,3665.711931950634
711,3,Tamil Nadu - 2026,30-Jan 3pm,3708.2198868289806
711,4,Tamil Nadu - 2026,30-Jan 3pm,3760.302836045933
712,1,Tamil Nadu - 2026,30-Jan 4pm,3821.960779601493
712,2,Tamil Nadu - 2026,30-Jan 4pm,3888.261086602225
712,3,Tamil Nadu - 2026,30-Jan 4pm,3959.203757048128
712,4,Tamil Nadu - 2026,30-Jan 4pm,4044.294376748154
713,1,Tamil Nadu - 2026,30-Jan 5pm,4143.532945702298
713,2,Tamil Nadu - 2026,30-Jan 5pm,4204.8185799503135
713,3,Tamil Nadu - 2026,30-Jan 5pm,4228.151279492202
713,4,Tamil Nadu - 2026,30-Jan 5pm,4211.067194855186
714,1,Tamil Nadu - 2026,30-Jan 6pm,4153.566326039266
714,2,Tamil Nadu - 2026,30-Jan 6pm,4122.5326538413565
714,3,Tamil Nadu - 2026,30-Jan 6pm,4117.966178261459
714,4,Tamil Nadu - 2026,30-Jan 6pm,4139.15484185792
715,1,Tamil Nadu - 2026,30-Jan 7pm,4186.098644630744
715,2,Tamil Nadu - 2026,30-Jan 7pm,4196.185950432925
715,3,Tamil Nadu - 2026,30-Jan 7pm,4169.416759264462
715,4,Tamil Nadu - 2026,30-Jan 7pm,4108.008645671868
716,1,Tamil Nadu - 2026,30-Jan 8pm,4011.961609655143
716,2,Tamil Nadu - 2026,30-Jan 8pm,3930.5818400822272
716,3,Tamil Nadu - 2026,30-Jan 8pm,3863.8693369531215
716,4,Tamil Nadu - 2026,30-Jan 8pm,3805.447213309509
717,1,Tamil Nadu - 2026,30-Jan 9pm,3755.315469151392
717,2,Tamil Nadu - 2026,30-Jan 9pm,3702.429237360732
717,3,Tamil Nadu - 2026,30-Jan 9pm,3646.788517937529
717,4,Tamil Nadu - 2026,30-Jan 9pm,3589.766775550348
718,1,Tamil Nadu - 2026,30-Jan 10pm,3531.3640101991896
718,2,Tamil Nadu - 2026,30-Jan 10pm,3474.384300990708
718,3,Tamil Nadu - 2026,30-Jan 10pm,3418.827647924903
718,4,Tamil Nadu - 2026,30-Jan 10pm,3362.5140408852
719,1,Tamil Nadu - 2026,30-Jan 11pm,3305.4434798715984
719,2,Tamil Nadu - 2026,30-Jan 11pm,3257.8919464768896
719,3,Tamil Nadu - 2026,30-Jan 11pm,3219.859440701074
719,4,Tamil Nadu - 2026,30-Jan 11pm,3190.975132950438
720,1,Tamil Nadu - 2026,31-Jan 12am,3171.2390232249827
720,2,Tamil Nadu - 2026,31-Jan 12am,3152.600107494195
720,3,Tamil Nadu - 2026,31-Jan 12am,3135.05838575808
720,4,Tamil Nadu - 2026,31-Jan 12am,3120.3024835227434
721,1,Tamil Nadu - 2026,31-Jan 1am,3108.332400788189
721,2,Tamil Nadu - 2026,31-Jan 1am,3097.067388548258
721,3,Tamil Nadu - 2026,31-Jan 1am,3086.50744680295
721,4,Tamil Nadu - 2026,31-Jan 1am,3077.7427638606027
722,1,Tamil Nadu - 2026,31-Jan 2am,3070.7733397212123
722,2,Tamil Nadu - 2026,31-Jan 2am,3061.1387935409366
722,3,Tamil Nadu - 2026,31-Jan 2am,3048.8391253197747
722,4,Tamil Nadu - 2026,31-Jan 2am,3032.9187414180765
723,1,Tamil Nadu - 2026,31-Jan 3am,3013.377641835842
723,2,Tamil Nadu - 2026,31-Jan 3am,3000.4097692548166
723,3,Tamil Nadu - 2026,31-Jan 3am,2994.015123674999
723,4,Tamil Nadu - 2026,31-Jan 3am,2991.6074652343423
724,1,Tamil Nadu - 2026,31-Jan 4am,2993.186793932846
724,2,Tamil Nadu - 2026,31-Jan 4am,3004.076606261051
724,3,Tamil Nadu - 2026,31-Jan 4am,3024.276902218957
724,4,Tamil Nadu - 2026,31-Jan 4am,3056.3896975871467
725,1,Tamil Nadu - 2026,31-Jan 5am,3100.414992365621
725,2,Tamil Nadu - 2026,31-Jan 5am,3135.4171953803398
725,3,Tamil Nadu - 2026,31-Jan 5am,3161.3963066313004
725,4,Tamil Nadu - 2026,31-Jan 5am,3170.181505622739
726,1,Tamil Nadu - 2026,31-Jan 6am,3161.772792354657
726,2,Tamil Nadu - 2026,31-Jan 6am,3206.130680975679
726,3,Tamil Nadu - 2026,31-Jan 6am,3303.2551714858014
726,4,Tamil Nadu - 2026,31-Jan 6am,3462.271355183863
727,1,Tamil Nadu - 2026,31-Jan 7am,3683.179232069864
727,2,Tamil Nadu - 2026,31-Jan 7am,3841.267740202157
727,3,Tamil Nadu - 2026,31-Jan 7am,3936.536879580745
727,4,Tamil Nadu - 2026,31-Jan 7am,3979.636148147234
728,1,Tamil Nadu - 2026,31-Jan 8am,3970.5655459016266
728,2,Tamil Nadu - 2026,31-Jan 8am,3970.139147135906
728,3,Tamil Nadu - 2026,31-Jan 8am,3978.356951850077
728,4,Tamil Nadu - 2026,31-Jan 8am,3989.708355112391
729,1,Tamil Nadu - 2026,31-Jan 9am,4004.193356922846
729,2,Tamil Nadu - 2026,31-Jan 9am,3994.0615125799386
729,3,Tamil Nadu - 2026,31-Jan 9am,3959.312822083669
729,4,Tamil Nadu - 2026,31-Jan 9am,3895.372308413547
730,1,Tamil Nadu - 2026,31-Jan 10am,3802.239971569572
730,2,Tamil Nadu - 2026,31-Jan 10am,3735.116118376191
730,3,Tamil Nadu - 2026,31-Jan 10am,3694.000748833407
730,4,Tamil Nadu - 2026,31-Jan 10am,3674.02316122083
731,1,Tamil Nadu - 2026,31-Jan 11am,3675.1833555384655
731,2,Tamil Nadu - 2026,31-Jan 11am,3671.505235284179
731,3,Tamil Nadu - 2026,31-Jan 11am,3662.988800457976
731,4,Tamil Nadu - 2026,31-Jan 11am,3655.412608719379
732,1,Tamil Nadu - 2026,31-Jan 12pm,3648.776660068383
732,2,Tamil Nadu - 2026,31-Jan 12pm,3634.385705049985
732,3,Tamil Nadu - 2026,31-Jan 12pm,3612.239743664186
732,4,Tamil Nadu - 2026,31-Jan 12pm,3582.4978912174456
733,1,Tamil Nadu - 2026,31-Jan 1pm,3545.1601477097656
733,2,Tamil Nadu - 2026,31-Jan 1pm,3507.967070757377
733,3,Tamil Nadu - 2026,31-Jan 1pm,3470.918660360281
733,4,Tamil Nadu - 2026,31-Jan 1pm,3426.404121172577
734,1,Tamil Nadu - 2026,31-Jan 2pm,3374.423453194266
734,2,Tamil Nadu - 2026,31-Jan 2pm,3352.900870884522
734,3,Tamil Nadu - 2026,31-Jan 2pm,3361.836374243348
734,4,Tamil Nadu - 2026,31-Jan 2pm,3402.549301677863
735,1,Tamil Nadu - 2026,31-Jan 3pm,3475.039653188071
735,2,Tamil Nadu - 2026,31-Jan 3pm,3533.46718387206
735,3,Tamil Nadu - 2026,31-Jan 3pm,3577.8318937298327
735,4,Tamil Nadu - 2026,31-Jan 3pm,3609.631269210036
736,1,Tamil Nadu - 2026,31-Jan 4pm,3628.865310312668
736,2,Tamil Nadu - 2026,31-Jan 4pm,3672.389343247748
736,3,Tamil Nadu - 2026,31-Jan 4pm,3740.203368015281
736,4,Tamil Nadu - 2026,31-Jan 4pm,3837.561978424303
737,1,Tamil Nadu - 2026,31-Jan 5pm,3964.465174474813
737,2,Tamil Nadu - 2026,31-Jan 5pm,4052.530067102564
737,3,Tamil Nadu - 2026,31-Jan 5pm,4101.75665630756
737,4,Tamil Nadu - 2026,31-Jan 5pm,4113.858102115064
738,1,Tamil Nadu - 2026,31-Jan 6pm,4088.834404525072
738,2,Tamil Nadu - 2026,31-Jan 6pm,4084.789492450248
738,3,Tamil Nadu - 2026,31-Jan 6pm,4101.7233658905925
738,4,Tamil Nadu - 2026,31-Jan 6pm,4140.282737134087
739,1,Tamil Nadu - 2026,31-Jan 7pm,4200.467606180732
739,2,Tamil Nadu - 2026,31-Jan 7pm,4220.293770389974
739,3,Tamil Nadu - 2026,31-Jan 7pm,4199.761229761819
739,4,Tamil Nadu - 2026,31-Jan 7pm,4139.737393667473
740,1,Tamil Nadu - 2026,31-Jan 8pm,4040.2222621069423
740,2,Tamil Nadu - 2026,31-Jan 8pm,3957.995581493502
740,3,Tamil Nadu - 2026,31-Jan 8pm,3893.05735182715
740,4,Tamil Nadu - 2026,31-Jan 8pm,3838.604804572405
741,1,Tamil Nadu - 2026,31-Jan 9pm,3794.63793972927
741,2,Tamil Nadu - 2026,31-Jan 9pm,3745.193622097345
741,3,Tamil Nadu - 2026,31-Jan 9pm,3690.2718516766304
741,4,Tamil Nadu - 2026,31-Jan 9pm,3632.4065864967542
742,1,Tamil Nadu - 2026,31-Jan 10pm,3571.597826557717
742,2,Tamil Nadu - 2026,31-Jan 10pm,3508.604958882146
742,3,Tamil Nadu - 2026,31-Jan 10pm,3443.4279834700387
742,4,Tamil Nadu - 2026,31-Jan 10pm,3371.7892310900984
743,1,Tamil Nadu - 2026,31-Jan 11pm,3293.688701742325
743,2,Tamil Nadu - 2026,31-Jan 11pm,3234.033023791884
743,3,Tamil Nadu - 2026,31-Jan 11pm,3192.8221972387723
743,4,Tamil Nadu - 2026,31-Jan 11pm,3170.936077227018
744,1,Tamil Nadu - 2026,01-Feb 12am,3168.374663756617
744,2,Tamil Nadu - 2026,01-Feb 12am,3154.952197598261
744,3,Tamil Nadu - 2026,01-Feb 12am,3130.668678751951
744,4,Tamil Nadu - 2026,01-Feb 12am,3096.6444598931703
745,1,Tamil Nadu - 2026,01-Feb 1am,3052.87954102192
745,2,Tamil Nadu - 2026,01-Feb 1am,3022.8375653145977
745,3,Tamil Nadu - 2026,01-Feb 1am,3006.518532771204
745,4,Tamil Nadu - 2026,01-Feb 1am,3003.544360892279
746,1,Tamil Nadu - 2026,01-Feb 2am,3013.9150496778243
746,2,Tamil Nadu - 2026,01-Feb 2am,3016.4354509481914
746,3,Tamil Nadu - 2026,01-Feb 2am,3011.10556470338
746,4,Tamil Nadu - 2026,01-Feb 2am,2997.153934670605
747,1,Tamil Nadu - 2026,01-Feb 3am,2974.580560849868
747,2,Tamil Nadu - 2026,01-Feb 3am,2969.209329057524
747,3,Tamil Nadu - 2026,01-Feb 3am,2981.0402392935757
747,4,Tamil Nadu - 2026,01-Feb 3am,3010.039870799034
748,1,Tamil Nadu - 2026,01-Feb 4am,3056.208223573896
748,2,Tamil Nadu - 2026,01-Feb 4am,3093.921936355743
748,3,Tamil Nadu - 2026,01-Feb 4am,3123.1810091445736
748,4,Tamil Nadu - 2026,01-Feb 4am,3146.638830925788
749,1,Tamil Nadu - 2026,01-Feb 5am,3164.295401699388
749,2,Tamil Nadu - 2026,01-Feb 5am,3185.8537488153934
749,3,Tamil Nadu - 2026,01-Feb 5am,3211.313872273804
749,4,Tamil Nadu - 2026,01-Feb 5am,3235.396977211416
750,1,Tamil Nadu - 2026,01-Feb 6am,3258.1030636282326
750,2,Tamil Nadu - 2026,01-Feb 6am,3301.40187335344
750,3,Tamil Nadu - 2026,01-Feb 6am,3365.2934063870366
750,4,Tamil Nadu - 2026,01-Feb 6am,3455.881656631291
751,1,Tamil Nadu - 2026,01-Feb 7am,3573.166624086207
751,2,Tamil Nadu - 2026,01-Feb 7am,3658.554603508969
751,3,Tamil Nadu - 2026,01-Feb 7am,3712.0455948995823
751,4,Tamil Nadu - 2026,01-Feb 7am,3736.953177505241
752,1,Tamil Nadu - 2026,01-Feb 8am,3733.277351325944
752,2,Tamil Nadu - 2026,01-Feb 8am,3739.7303461213264
752,3,Tamil Nadu - 2026,01-Feb 8am,3756.31216189139
752,4,Tamil Nadu - 2026,01-Feb 8am,3781.820140661339
753,1,Tamil Nadu - 2026,01-Feb 9am,3816.254282431175
753,2,Tamil Nadu - 2026,01-Feb 9am,3828.118305290032
753,3,Tamil Nadu - 2026,01-Feb 9am,3817.412209237908
753,4,Tamil Nadu - 2026,01-Feb 9am,3786.075203040885
754,1,Tamil Nadu - 2026,01-Feb 10am,3734.107286698964
754,2,Tamil Nadu - 2026,01-Feb 10am,3681.369489526524
754,3,Tamil Nadu - 2026,01-Feb 10am,3627.861811523568
754,4,Tamil Nadu - 2026,01-Feb 10am,3565.5214122509446
755,1,Tamil Nadu - 2026,01-Feb 11am,3494.3482917086576
755,2,Tamil Nadu - 2026,01-Feb 11am,3442.8584632172037
755,3,Tamil Nadu - 2026,01-Feb 11am,3411.0519267765794
755,4,Tamil Nadu - 2026,01-Feb 11am,3400.68131829756
756,1,Tamil Nadu - 2026,01-Feb 12pm,3411.7466377801456
756,2,Tamil Nadu - 2026,01-Feb 12pm,3405.216056439205
756,3,Tamil Nadu - 2026,01-Feb 12pm,3381.0895742747407
756,4,Tamil Nadu - 2026,01-Feb 12pm,3340.6077315059083
757,1,Tamil Nadu - 2026,01-Feb 1pm,3283.770528132706
757,2,Tamil Nadu - 2026,01-Feb 1pm,3242.166551625326
757,3,Tamil Nadu - 2026,01-Feb 1pm,3215.7958019837683
757,4,Tamil Nadu - 2026,01-Feb 1pm,3200.6271182582
758,1,Tamil Nadu - 2026,01-Feb 2pm,3196.6605004486205
758,2,Tamil Nadu - 2026,01-Feb 2pm,3196.4943267838294
758,3,Tamil Nadu - 2026,01-Feb 2pm,3200.128597263827
758,4,Tamil Nadu - 2026,01-Feb 2pm,3207.9465755037227
759,1,Tamil Nadu - 2026,01-Feb 3pm,3219.948261503512
759,2,Tamil Nadu - 2026,01-Feb 3pm,3241.235695343758
759,3,Tamil Nadu - 2026,01-Feb 3pm,3271.8088770244576
759,4,Tamil Nadu - 2026,01-Feb 3pm,3313.427166128273
760,1,Tamil Nadu - 2026,01-Feb 4pm,3366.0905626552058
760,2,Tamil Nadu - 2026,01-Feb 4pm,3414.140869028727
760,3,Tamil Nadu - 2026,01-Feb 4pm,3457.57808524884
760,4,Tamil Nadu - 2026,01-Feb 4pm,3503.170483067227
761,1,Tamil Nadu - 2026,01-Feb 5pm,3550.918062483887
761,2,Tamil Nadu - 2026,01-Feb 5pm,3575.869390565253
761,3,Tamil Nadu - 2026,01-Feb 5pm,3578.024467311327
761,4,Tamil Nadu - 2026,01-Feb 5pm,3553.808079639534
762,1,Tamil Nadu - 2026,01-Feb 6pm,3503.220227549876
762,2,Tamil Nadu - 2026,01-Feb 6pm,3472.663622471347
762,3,Tamil Nadu - 2026,01-Feb 6pm,3462.138264403946
762,4,Tamil Nadu - 2026,01-Feb 6pm,3471.767885574832
763,1,Tamil Nadu - 2026,01-Feb 7pm,3501.552485984006
763,2,Tamil Nadu - 2026,01-Feb 7pm,3504.3469608395144
763,3,Tamil Nadu - 2026,01-Feb 7pm,3480.1513101413548
763,4,Tamil Nadu - 2026,01-Feb 7pm,3429.589243035124
764,1,Tamil Nadu - 2026,01-Feb 8pm,3352.660759520825
764,2,Tamil Nadu - 2026,01-Feb 8pm,3292.7687095168285
764,3,Tamil Nadu - 2026,01-Feb 8pm,3249.913093023135
764,4,Tamil Nadu - 2026,01-Feb 8pm,3220.527437939212
765,1,Tamil Nadu - 2026,01-Feb 9pm,3204.611744265063
765,2,Tamil Nadu - 2026,01-Feb 9pm,3180.1619946854944
765,3,Tamil Nadu - 2026,01-Feb 9pm,3147.1781892005056
765,4,Tamil Nadu - 2026,01-Feb 9pm,3108.298071848937
766,1,Tamil Nadu - 2026,01-Feb 10pm,3063.521642630789
766,2,Tamil Nadu - 2026,01-Feb 10pm,3019.0264546282124
766,3,Tamil Nadu - 2026,01-Feb 10pm,2974.812507841208
766,4,Tamil Nadu - 2026,01-Feb 10pm,2927.8093948997907
767,1,Tamil Nadu - 2026,01-Feb 11pm,2878.0171158039584
767,2,Tamil Nadu - 2026,01-Feb 11pm,2837.680561691473
767,3,Tamil Nadu - 2026,01-Feb 11pm,2806.7997325623355
767,4,Tamil Nadu - 2026,01-Feb 11pm,2784.782589942233
768,1,Tamil Nadu - 2026,02-Feb 12am,2771.6291338311667
768,2,Tamil Nadu - 2026,02-Feb 12am,2758.646703937245
768,3,Tamil Nadu - 2026,02-Feb 12am,2745.8353002604717
768,4,Tamil Nadu - 2026,02-Feb 12am,2733.7588619711173
769,1,Tamil Nadu - 2026,02-Feb 1am,2722.417389069182
769,2,Tamil Nadu - 2026,02-Feb 1am,2717.1199068249152
769,3,Tamil Nadu - 2026,02-Feb 1am,2717.8664152383176
769,4,Tamil Nadu - 2026,02-Feb 1am,2725.836288867585
770,1,Tamil Nadu - 2026,02-Feb 2am,2741.0295277127184
770,2,Tamil Nadu - 2026,02-Feb 2am,2751.060859154288
770,3,Tamil Nadu - 2026,02-Feb 2am,2755.9302831922923
770,4,Tamil Nadu - 2026,02-Feb 2am,2756.4893299407013
771,1,Tamil Nadu - 2026,02-Feb 3am,2752.737999399514
771,2,Tamil Nadu - 2026,02-Feb 3am,2751.952383504348
771,3,Tamil Nadu - 2026,02-Feb 3am,2754.1324822552056
771,4,Tamil Nadu - 2026,02-Feb 3am,2757.307134840932
772,1,Tamil Nadu - 2026,02-Feb 4am,2761.476341261528
772,2,Tamil Nadu - 2026,02-Feb 4am,2771.1909744482905
772,3,Tamil Nadu - 2026,02-Feb 4am,2786.4510344012187
772,4,Tamil Nadu - 2026,02-Feb 4am,2806.4416498889623
773,1,Tamil Nadu - 2026,02-Feb 5am,2831.162820911519
773,2,Tamil Nadu - 2026,02-Feb 5am,2860.952901925708
773,3,Tamil Nadu - 2026,02-Feb 5am,2895.8118929315306
773,4,Tamil Nadu - 2026,02-Feb 5am,2926.7323842312426
774,1,Tamil Nadu - 2026,02-Feb 6am,2953.714375824845
774,2,Tamil Nadu - 2026,02-Feb 6am,3030.46397144198
774,3,Tamil Nadu - 2026,02-Feb 6am,3156.9811710826493
774,4,Tamil Nadu - 2026,02-Feb 6am,3344.3204816505254
775,1,Tamil Nadu - 2026,02-Feb 7am,3592.4819031456045
775,2,Tamil Nadu - 2026,02-Feb 7am,3781.432290416215
775,3,Tamil Nadu - 2026,02-Feb 7am,3911.1716434623554
775,4,Tamil Nadu - 2026,02-Feb 7am,3997.7041629758255
776,1,Tamil Nadu - 2026,02-Feb 8am,4041.029848956625
776,2,Tamil Nadu - 2026,02-Feb 8am,4065.1566424056377
776,3,Tamil Nadu - 2026,02-Feb 8am,4070.084543322865
776,4,Tamil Nadu - 2026,02-Feb 8am,4045.148965314872
777,1,Tamil Nadu - 2026,02-Feb 9am,3990.349908381656
777,2,Tamil Nadu - 2026,02-Feb 9am,3945.666949882954
777,3,Tamil Nadu - 2026,02-Feb 9am,3911.100089818765
777,4,Tamil Nadu - 2026,02-Feb 9am,3888.393051916624
778,1,Tamil Nadu - 2026,02-Feb 10am,3877.545836176531
778,2,Tamil Nadu - 2026,02-Feb 10am,3828.116522873546
778,3,Tamil Nadu - 2026,02-Feb 10am,3740.105112007669
778,4,Tamil Nadu - 2026,02-Feb 10am,3598.4125289422545
779,1,Tamil Nadu - 2026,02-Feb 11am,3403.0387736773005
779,2,Tamil Nadu - 2026,02-Feb 11am,3295.0202137576266
779,3,Tamil Nadu - 2026,02-Feb 11am,3274.3568491832343
779,4,Tamil Nadu - 2026,02-Feb 11am,3340.9941633818385
780,1,Tamil Nadu - 2026,02-Feb 12pm,3494.932156353444
780,2,Tamil Nadu - 2026,02-Feb 12pm,3595.4615599869157
780,3,Tamil Nadu - 2026,02-Feb 12pm,3642.582374282256
780,4,Tamil Nadu - 2026,02-Feb 12pm,3653.3839093773854
781,1,Tamil Nadu - 2026,02-Feb 1pm,3627.8661652723063
781,2,Tamil Nadu - 2026,02-Feb 1pm,3604.202549250615
781,3,Tamil Nadu - 2026,02-Feb 1pm,3582.393061312312
781,4,Tamil Nadu - 2026,02-Feb 1pm,3550.078224164768
782,1,Tamil Nadu - 2026,02-Feb 2pm,3507.2580378079847
782,2,Tamil Nadu - 2026,02-Feb 2pm,3489.915958714136
782,3,Tamil Nadu - 2026,02-Feb 2pm,3498.0519868832225
782,4,Tamil Nadu - 2026,02-Feb 2pm,3528.4140165946565
783,1,Tamil Nadu - 2026,02-Feb 3pm,3581.0020478484385
783,2,Tamil Nadu - 2026,02-Feb 3pm,3639.345258495916
783,3,Tamil Nadu - 2026,02-Feb 3pm,3703.443648537093
783,4,Tamil Nadu - 2026,02-Feb 3pm,3779.049045118553
784,1,Tamil Nadu - 2026,02-Feb 4pm,3866.1614482403
784,2,Tamil Nadu - 2026,02-Feb 4pm,3946.740717171449
784,3,Tamil Nadu - 2026,02-Feb 4pm,4020.7868519119993
784,4,Tamil Nadu - 2026,02-Feb 4pm,4096.030982676251
785,1,Tamil Nadu - 2026,02-Feb 5pm,4172.473109464202
785,2,Tamil Nadu - 2026,02-Feb 5pm,4221.766591720942
785,3,Tamil Nadu - 2026,02-Feb 5pm,4243.911429446475
785,4,Tamil Nadu - 2026,02-Feb 5pm,4235.798869368381
786,1,Tamil Nadu - 2026,02-Feb 6pm,4197.428911486659
786,2,Tamil Nadu - 2026,02-Feb 6pm,4175.800715990728
786,3,Tamil Nadu - 2026,02-Feb 6pm,4170.914282880594
786,4,Tamil Nadu - 2026,02-Feb 6pm,4182.306089642019
787,1,Tamil Nadu - 2026,02-Feb 7pm,4209.9761362750105
787,2,Tamil Nadu - 2026,02-Feb 7pm,4209.70639767554
787,3,Tamil Nadu - 2026,02-Feb 7pm,4181.496873843606
787,4,Tamil Nadu - 2026,02-Feb 7pm,4126.430592205844
788,1,Tamil Nadu - 2026,02-Feb 8pm,4044.507552762246
788,2,Tamil Nadu - 2026,02-Feb 8pm,3973.447616057066
788,3,Tamil Nadu - 2026,02-Feb 8pm,3913.250782090305
788,4,Tamil Nadu - 2026,02-Feb 8pm,3858.554049090383
789,1,Tamil Nadu - 2026,02-Feb 9pm,3809.3574170573
789,2,Tamil Nadu - 2026,02-Feb 9pm,3760.119036076277
789,3,Tamil Nadu - 2026,02-Feb 9pm,3710.8389061473135
789,4,Tamil Nadu - 2026,02-Feb 9pm,3663.464640719109
790,1,Tamil Nadu - 2026,02-Feb 10pm,3617.9962397916624
790,2,Tamil Nadu - 2026,02-Feb 10pm,3568.2898725875566
790,3,Tamil Nadu - 2026,02-Feb 10pm,3514.345539106794
790,4,Tamil Nadu - 2026,02-Feb 10pm,3453.538348513987
791,1,Tamil Nadu - 2026,02-Feb 11pm,3385.868300809137
791,2,Tamil Nadu - 2026,02-Feb 11pm,3333.228571781977
791,3,Tamil Nadu - 2026,02-Feb 11pm,3295.619161432508
791,4,Tamil Nadu - 2026,02-Feb 11pm,3272.323965976379
792,1,Tamil Nadu - 2026,03-Feb 12am,3263.342985413589
792,2,Tamil Nadu - 2026,03-Feb 12am,3251.079666660517
792,3,Tamil Nadu - 2026,03-Feb 12am,3235.5340097171666
792,4,Tamil Nadu - 2026,03-Feb 12am,3218.963338208728
793,1,Tamil Nadu - 2026,03-Feb 1am,3201.3676521351995
793,2,Tamil Nadu - 2026,03-Feb 1am,3186.79956282906
793,3,Tamil Nadu - 2026,03-Feb 1am,3175.259070290309
793,4,Tamil Nadu - 2026,03-Feb 1am,3167.1737147454323
794,1,Tamil Nadu - 2026,03-Feb 2am,3162.543496194432
794,2,Tamil Nadu - 2026,03-Feb 2am,3154.7505619459125
794,3,Tamil Nadu - 2026,03-Feb 2am,3143.7949119998752
794,4,Tamil Nadu - 2026,03-Feb 2am,3128.39102985978
795,1,Tamil Nadu - 2026,03-Feb 3am,3108.5389155256285
795,2,Tamil Nadu - 2026,03-Feb 3am,3098.5695206680416
795,3,Tamil Nadu - 2026,03-Feb 3am,3098.482845287024
795,4,Tamil Nadu - 2026,03-Feb 3am,3108.568718519305
796,1,Tamil Nadu - 2026,03-Feb 4am,3128.827140364885
796,2,Tamil Nadu - 2026,03-Feb 4am,3143.188184332744
796,3,Tamil Nadu - 2026,03-Feb 4am,3151.6518504228843
796,4,Tamil Nadu - 2026,03-Feb 4am,3151.712824879485
797,1,Tamil Nadu - 2026,03-Feb 5am,3143.371107702547
797,2,Tamil Nadu - 2026,03-Feb 5am,3157.7285079180087
797,3,Tamil Nadu - 2026,03-Feb 5am,3194.785025525872
797,4,Tamil Nadu - 2026,03-Feb 5am,3247.445358853572
798,1,Tamil Nadu - 2026,03-Feb 6am,3315.7095079011106
798,2,Tamil Nadu - 2026,03-Feb 6am,3411.047473677921
798,3,Tamil Nadu - 2026,03-Feb 6am,3533.4592561840045
798,4,Tamil Nadu - 2026,03-Feb 6am,3695.8337622369622
799,1,Tamil Nadu - 2026,03-Feb 7am,3898.1709918368
799,2,Tamil Nadu - 2026,03-Feb 7am,4051.667503068453
799,3,Tamil Nadu - 2026,03-Feb 7am,4156.323295931923
799,4,Tamil Nadu - 2026,03-Feb 7am,4224.278209162825
800,1,Tamil Nadu - 2026,03-Feb 8am,4255.532242761163
800,2,Tamil Nadu - 2026,03-Feb 8am,4266.049806228282
800,3,Tamil Nadu - 2026,03-Feb 8am,4255.8308995641855
800,4,Tamil Nadu - 2026,03-Feb 8am,4216.247051446369
801,1,Tamil Nadu - 2026,03-Feb 9am,4147.2982618748365
801,2,Tamil Nadu - 2026,03-Feb 9am,4084.7909492832414
801,3,Tamil Nadu - 2026,03-Feb 9am,4028.7251136715818
801,4,Tamil Nadu - 2026,03-Feb 9am,3970.275675170341
802,1,Tamil Nadu - 2026,03-Feb 10am,3909.4426337795226
802,2,Tamil Nadu - 2026,03-Feb 10am,3863.370050282578
802,3,Tamil Nadu - 2026,03-Feb 10am,3832.057924679507
802,4,Tamil Nadu - 2026,03-Feb 10am,3817.259391258392
803,1,Tamil Nadu - 2026,03-Feb 11am,3818.974450019236
803,2,Tamil Nadu - 2026,03-Feb 11am,3809.540234450081
803,3,Tamil Nadu - 2026,03-Feb 11am,3788.956744550928
803,4,Tamil Nadu - 2026,03-Feb 11am,3760.538570979756
804,1,Tamil Nadu - 2026,03-Feb 12pm,3724.2857137365672
804,2,Tamil Nadu - 2026,03-Feb 12pm,3687.973495385424
804,3,Tamil Nadu - 2026,03-Feb 12pm,3651.601915926326
804,4,Tamil Nadu - 2026,03-Feb 12pm,3610.728874951683
805,1,Tamil Nadu - 2026,03-Feb 1pm,3565.354372461494
805,2,Tamil Nadu - 2026,03-Feb 1pm,3534.355688337233
805,3,Tamil Nadu - 2026,03-Feb 1pm,3517.732822578899
805,4,Tamil Nadu - 2026,03-Feb 1pm,3512.357116622373
806,1,Tamil Nadu - 2026,03-Feb 2pm,3518.228570467656
806,2,Tamil Nadu - 2026,03-Feb 2pm,3535.2418556179773
806,3,Tamil Nadu - 2026,03-Feb 2pm,3563.396972073334
806,4,Tamil Nadu - 2026,03-Feb 2pm,3604.562601841033
807,1,Tamil Nadu - 2026,03-Feb 3pm,3658.7387449210737
807,2,Tamil Nadu - 2026,03-Feb 3pm,3714.8186377664015
807,3,Tamil Nadu - 2026,03-Feb 3pm,3772.8022803770136
807,4,Tamil Nadu - 2026,03-Feb 3pm,3833.470336935511
808,1,Tamil Nadu - 2026,03-Feb 4pm,3896.8228074418944
808,2,Tamil Nadu - 2026,03-Feb 4pm,3969.282470347625
808,3,Tamil Nadu - 2026,03-Feb 4pm,4050.849325652699
808,4,Tamil Nadu - 2026,03-Feb 4pm,4150.34539655778
809,1,Tamil Nadu - 2026,03-Feb 5pm,4267.77068306287
809,2,Tamil Nadu - 2026,03-Feb 5pm,4343.770267512551
809,3,Tamil Nadu - 2026,03-Feb 5pm,4378.344149906818
809,4,Tamil Nadu - 2026,03-Feb 5pm,4370.6048995177625
810,1,Tamil Nadu - 2026,03-Feb 6pm,4320.552516345393
810,2,Tamil Nadu - 2026,03-Feb 6pm,4292.866502412557
810,3,Tamil Nadu - 2026,03-Feb 6pm,4287.546857719257
810,4,Tamil Nadu - 2026,03-Feb 6pm,4302.7441235227925
811,1,Tamil Nadu - 2026,03-Feb 7pm,4338.458299823167
811,2,Tamil Nadu - 2026,03-Feb 7pm,4341.106637053712
811,3,Tamil Nadu - 2026,03-Feb 7pm,4310.689135214425
811,4,Tamil Nadu - 2026,03-Feb 7pm,4249.0159279086965
812,1,Tamil Nadu - 2026,03-Feb 8pm,4156.087015136528
812,2,Tamil Nadu - 2026,03-Feb 8pm,4074.624344844241
812,3,Tamil Nadu - 2026,03-Feb 8pm,4004.6279170318367
812,4,Tamil Nadu - 2026,03-Feb 8pm,3939.590722987394
813,1,Tamil Nadu - 2026,03-Feb 9pm,3879.5127627109177
813,2,Tamil Nadu - 2026,03-Feb 9pm,3820.714140527584
813,3,Tamil Nadu - 2026,03-Feb 9pm,3763.194856437394
813,4,Tamil Nadu - 2026,03-Feb 9pm,3709.238240324104
814,1,Tamil Nadu - 2026,03-Feb 10pm,3658.844292187713
814,2,Tamil Nadu - 2026,03-Feb 10pm,3601.992928400512
814,3,Tamil Nadu - 2026,03-Feb 10pm,3538.684148962499
814,4,Tamil Nadu - 2026,03-Feb 10pm,3465.048630449276
815,1,Tamil Nadu - 2026,03-Feb 11pm,3381.086372860841
815,2,Tamil Nadu - 2026,03-Feb 11pm,3320.033400371301
815,3,Tamil Nadu - 2026,03-Feb 11pm,3281.8897129806583
815,4,Tamil Nadu - 2026,03-Feb 11pm,3266.140513787199
816,1,Tamil Nadu - 2026,04-Feb 12am,3272.785802790922
816,2,Tamil Nadu - 2026,04-Feb 12am,3271.678337228001
816,3,Tamil Nadu - 2026,04-Feb 12am,3262.818117098436
816,4,Tamil Nadu - 2026,04-Feb 12am,3250.7177428826417
817,1,Tamil Nadu - 2026,04-Feb 1am,3235.3772145806206
817,2,Tamil Nadu - 2026,04-Feb 1am,3219.8681720736918
817,3,Tamil Nadu - 2026,04-Feb 1am,3204.1906153618597
817,4,Tamil Nadu - 2026,04-Feb 1am,3187.2939979838284
818,1,Tamil Nadu - 2026,04-Feb 2am,3169.1783199395986
818,2,Tamil Nadu - 2026,04-Feb 2am,3153.075220115614
818,3,Tamil Nadu - 2026,04-Feb 2am,3138.984698511876
818,4,Tamil Nadu - 2026,04-Feb 2am,3126.771761432912
819,1,Tamil Nadu - 2026,04-Feb 3am,3116.436408878721
819,2,Tamil Nadu - 2026,04-Feb 3am,3105.5569641356906
819,3,Tamil Nadu - 2026,04-Feb 3am,3094.1334272038225
819,4,Tamil Nadu - 2026,04-Feb 3am,3079.353199781765
820,1,Tamil Nadu - 2026,04-Feb 4am,3061.216281869519
820,2,Tamil Nadu - 2026,04-Feb 4am,3059.019939988797
820,3,Tamil Nadu - 2026,04-Feb 4am,3072.7641741396005
820,4,Tamil Nadu - 2026,04-Feb 4am,3102.0796040020828
821,1,Tamil Nadu - 2026,04-Feb 5am,3146.966229576249
821,2,Tamil Nadu - 2026,04-Feb 5am,3190.3430662594374
821,3,Tamil Nadu - 2026,04-Feb 5am,3232.210114051645
821,4,Tamil Nadu - 2026,04-Feb 5am,3265.7505901126688
822,1,Tamil Nadu - 2026,04-Feb 6am,3290.964494442507
822,2,Tamil Nadu - 2026,04-Feb 6am,3365.8335086850598
822,3,Tamil Nadu - 2026,04-Feb 6am,3490.3576328403265
822,4,Tamil Nadu - 2026,04-Feb 6am,3677.9443640321074
823,1,Tamil Nadu - 2026,04-Feb 7am,3928.593702260404
823,2,Tamil Nadu - 2026,04-Feb 7am,4103.878983138515
823,3,Tamil Nadu - 2026,04-Feb 7am,4203.80020666644
823,4,Tamil Nadu - 2026,04-Feb 7am,4241.56710793464
824,1,Tamil Nadu - 2026,04-Feb 8am,4217.179686943116
824,2,Tamil Nadu - 2026,04-Feb 8am,4189.806197535802
824,3,Tamil Nadu - 2026,04-Feb 8am,4159.446639712697
824,4,Tamil Nadu - 2026,04-Feb 8am,4112.127475808386
825,1,Tamil Nadu - 2026,04-Feb 9am,4047.848705822869
825,2,Tamil Nadu - 2026,04-Feb 9am,3991.283301904709
825,3,Tamil Nadu - 2026,04-Feb 9am,3942.431264053907
825,4,Tamil Nadu - 2026,04-Feb 9am,3895.1167282185143
826,1,Tamil Nadu - 2026,04-Feb 10am,3849.3396943985326
826,2,Tamil Nadu - 2026,04-Feb 10am,3817.482374757079
826,3,Tamil Nadu - 2026,04-Feb 10am,3799.544769294153
826,4,Tamil Nadu - 2026,04-Feb 10am,3797.993161550237
827,1,Tamil Nadu - 2026,04-Feb 11am,3812.8275515253313
827,2,Tamil Nadu - 2026,04-Feb 11am,3816.8680258134186
827,3,Tamil Nadu - 2026,04-Feb 11am,3810.114584414499
827,4,Tamil Nadu - 2026,04-Feb 11am,3796.719838246752
828,1,Tamil Nadu - 2026,04-Feb 12pm,3776.6837873101736
828,2,Tamil Nadu - 2026,04-Feb 12pm,3752.270679501719
828,3,Tamil Nadu - 2026,04-Feb 12pm,3723.4805148213854
828,4,Tamil Nadu - 2026,04-Feb 12pm,3688.715018366721
829,1,Tamil Nadu - 2026,04-Feb 1pm,3647.974190137724
829,2,Tamil Nadu - 2026,04-Feb 1pm,3608.583431652174
829,3,Tamil Nadu - 2026,04-Feb 1pm,3570.5427429100714
829,4,Tamil Nadu - 2026,04-Feb 1pm,3526.94963530003
830,1,Tamil Nadu - 2026,04-Feb 2pm,3477.804108822049
830,2,Tamil Nadu - 2026,04-Feb 2pm,3457.1956936266824
830,3,Tamil Nadu - 2026,04-Feb 2pm,3465.1243897139284
830,4,Tamil Nadu - 2026,04-Feb 2pm,3501.5558078373406
831,1,Tamil Nadu - 2026,04-Feb 3pm,3566.489947996918
831,2,Tamil Nadu - 2026,04-Feb 3pm,3626.043615520797
831,3,Tamil Nadu - 2026,04-Feb 3pm,3680.216810408977
831,4,Tamil Nadu - 2026,04-Feb 3pm,3732.3496260733086
832,1,Tamil Nadu - 2026,04-Feb 4pm,3782.442062513795
832,2,Tamil Nadu - 2026,04-Feb 4pm,3844.336753931176
832,3,Tamil Nadu - 2026,04-Feb 4pm,3918.0337003254494
832,4,Tamil Nadu - 2026,04-Feb 4pm,4007.077483229578
833,1,Tamil Nadu - 2026,04-Feb 5pm,4111.468102643561
833,2,Tamil Nadu - 2026,04-Feb 5pm,4196.0954351689015
833,3,Tamil Nadu - 2026,04-Feb 5pm,4260.959480805601
833,4,Tamil Nadu - 2026,04-Feb 5pm,4313.146981381935
834,1,Tamil Nadu - 2026,04-Feb 6pm,4352.6579368979
834,2,Tamil Nadu - 2026,04-Feb 6pm,4372.082019782345
834,3,Tamil Nadu - 2026,04-Feb 6pm,4371.419230035274
834,4,Tamil Nadu - 2026,04-Feb 6pm,4347.060813284482
835,1,Tamil Nadu - 2026,04-Feb 7pm,4299.006769529967
835,2,Tamil Nadu - 2026,04-Feb 7pm,4256.319952576095
835,3,Tamil Nadu - 2026,04-Feb 7pm,4219.000362422867
835,4,Tamil Nadu - 2026,04-Feb 7pm,4185.242915471072
836,1,Tamil Nadu - 2026,04-Feb 8pm,4155.047611720706
836,2,Tamil Nadu - 2026,04-Feb 8pm,4110.182098962675
836,3,Tamil Nadu - 2026,04-Feb 8pm,4050.646377196975
836,4,Tamil Nadu - 2026,04-Feb 8pm,3974.373912119644
837,1,Tamil Nadu - 2026,04-Feb 9pm,3881.364703730679
837,2,Tamil Nadu - 2026,04-Feb 9pm,3802.250310062964
837,3,Tamil Nadu - 2026,04-Feb 9pm,3737.030731116495
837,4,Tamil Nadu - 2026,04-Feb 9pm,3684.284255089862
838,1,Tamil Nadu - 2026,04-Feb 10pm,3644.010881983068
838,2,Tamil Nadu - 2026,04-Feb 10pm,3594.1093245716856
838,3,Tamil Nadu - 2026,04-Feb 10pm,3534.579582855717
838,4,Tamil Nadu - 2026,04-Feb 10pm,3463.3202105895302
839,1,Tamil Nadu - 2026,04-Feb 11pm,3380.3312077731257
839,2,Tamil Nadu - 2026,04-Feb 11pm,3320.322539104709
839,3,Tamil Nadu - 2026,04-Feb 11pm,3283.29420458428
839,4,Tamil Nadu - 2026,04-Feb 11pm,3267.6820485378844
840,1,Tamil Nadu - 2026,05-Feb 12am,3273.486070965524
840,2,Tamil Nadu - 2026,05-Feb 12am,3275.381241212714
840,3,Tamil Nadu - 2026,05-Feb 12am,3273.3675592794543
840,4,Tamil Nadu - 2026,05-Feb 12am,3272.255128542308
841,1,Tamil Nadu - 2026,05-Feb 1am,3272.043949001276
841,2,Tamil Nadu - 2026,05-Feb 1am,3269.1984310514654
841,3,Tamil Nadu - 2026,05-Feb 1am,3263.718574692877
841,4,Tamil Nadu - 2026,05-Feb 1am,3255.4890452543823
842,1,Tamil Nadu - 2026,05-Feb 2am,3244.5098427359817
842,2,Tamil Nadu - 2026,05-Feb 2am,3235.0085647693304
842,3,Tamil Nadu - 2026,05-Feb 2am,3226.985211354431
842,4,Tamil Nadu - 2026,05-Feb 2am,3221.2463811402567
843,1,Tamil Nadu - 2026,05-Feb 3am,3217.7920741268103
843,2,Tamil Nadu - 2026,05-Feb 3am,3207.5551007885783
843,3,Tamil Nadu - 2026,05-Feb 3am,3190.535461125561
843,4,Tamil Nadu - 2026,05-Feb 3am,3163.2273639590508
844,1,Tamil Nadu - 2026,05-Feb 4am,3125.6308092890467
844,2,Tamil Nadu - 2026,05-Feb 4am,3107.847733713311
844,3,Tamil Nadu - 2026,05-Feb 4am,3109.87813723184
844,4,Tamil Nadu - 2026,05-Feb 4am,3128.823319765803
845,1,Tamil Nadu - 2026,05-Feb 5am,3164.6832813151964
845,2,Tamil Nadu - 2026,05-Feb 5am,3204.7482857552736
845,3,Tamil Nadu - 2026,05-Feb 5am,3249.0183330860364
845,4,Tamil Nadu - 2026,05-Feb 5am,3293.2500998434944
846,1,Tamil Nadu - 2026,05-Feb 6am,3337.4435860276453
846,2,Tamil Nadu - 2026,05-Feb 6am,3419.768468547187
846,3,Tamil Nadu - 2026,05-Feb 6am,3540.224747402115
846,4,Tamil Nadu - 2026,05-Feb 6am,3709.873198023052
847,1,Tamil Nadu - 2026,05-Feb 7am,3928.7138204099992
847,2,Tamil Nadu - 2026,05-Feb 7am,4092.212285070536
847,3,Tamil Nadu - 2026,05-Feb 7am,4200.3685920046655
847,4,Tamil Nadu - 2026,05-Feb 7am,4266.295302514799
848,1,Tamil Nadu - 2026,05-Feb 8am,4289.992416600942
848,2,Tamil Nadu - 2026,05-Feb 8am,4297.318895941011
848,3,Tamil Nadu - 2026,05-Feb 8am,4288.274740535003
848,4,Tamil Nadu - 2026,05-Feb 8am,4253.543946923045
849,1,Tamil Nadu - 2026,05-Feb 9am,4193.126515105141
849,2,Tamil Nadu - 2026,05-Feb 9am,4137.059504162606
849,3,Tamil Nadu - 2026,05-Feb 9am,4085.3429140954368
849,4,Tamil Nadu - 2026,05-Feb 9am,4029.261066636817
850,1,Tamil Nadu - 2026,05-Feb 10am,3968.8139617867473
850,2,Tamil Nadu - 2026,05-Feb 10am,3926.258610064817
850,3,Tamil Nadu - 2026,05-Feb 10am,3901.595011471026
850,4,Tamil Nadu - 2026,05-Feb 10am,3895.0524166774094
851,1,Tamil Nadu - 2026,05-Feb 11am,3906.630825683967
851,2,Tamil Nadu - 2026,05-Feb 11am,3912.697723938902
851,3,Tamil Nadu - 2026,05-Feb 11am,3913.253111442215
851,4,Tamil Nadu - 2026,05-Feb 11am,3912.728338934915
852,1,Tamil Nadu - 2026,05-Feb 12pm,3911.1234064170058
852,2,Tamil Nadu - 2026,05-Feb 12pm,3905.4827239942088
852,3,Tamil Nadu - 2026,05-Feb 12pm,3895.806291666531
852,4,Tamil Nadu - 2026,05-Feb 12pm,3882.707577922256
853,1,Tamil Nadu - 2026,05-Feb 1pm,3866.1865827613806
853,2,Tamil Nadu - 2026,05-Feb 1pm,3845.518085148472
853,3,Tamil Nadu - 2026,05-Feb 1pm,3820.702085083532
853,4,Tamil Nadu - 2026,05-Feb 1pm,3785.913247006615
854,1,Tamil Nadu - 2026,05-Feb 2pm,3741.151570917717
854,2,Tamil Nadu - 2026,05-Feb 2pm,3722.0942912119513
854,3,Tamil Nadu - 2026,05-Feb 2pm,3728.74140788932
854,4,Tamil Nadu - 2026,05-Feb 2pm,3759.7727299810126
855,1,Tamil Nadu - 2026,05-Feb 3pm,3815.188257487031
855,2,Tamil Nadu - 2026,05-Feb 3pm,3867.231901825113
855,3,Tamil Nadu - 2026,05-Feb 3pm,3915.903662995263
855,4,Tamil Nadu - 2026,05-Feb 3pm,3964.596177692593
856,1,Tamil Nadu - 2026,05-Feb 4pm,4013.3094459171034
856,2,Tamil Nadu - 2026,05-Feb 4pm,4069.443736080367
856,3,Tamil Nadu - 2026,05-Feb 4pm,4132.999048182386
856,4,Tamil Nadu - 2026,05-Feb 4pm,4210.887769820145
857,1,Tamil Nadu - 2026,05-Feb 5pm,4303.109900993646
857,2,Tamil Nadu - 2026,05-Feb 5pm,4360.790847709397
857,3,Tamil Nadu - 2026,05-Feb 5pm,4383.930609967399
857,4,Tamil Nadu - 2026,05-Feb 5pm,4369.518641329557
858,1,Tamil Nadu - 2026,05-Feb 6pm,4317.55494179587
858,2,Tamil Nadu - 2026,05-Feb 6pm,4294.977383988398
858,3,Tamil Nadu - 2026,05-Feb 6pm,4301.785967907142
858,4,Tamil Nadu - 2026,05-Feb 6pm,4341.671706308592
859,1,Tamil Nadu - 2026,05-Feb 7pm,4414.634599192747
859,2,Tamil Nadu - 2026,05-Feb 7pm,4431.590697398616
859,3,Tamil Nadu - 2026,05-Feb 7pm,4392.540000926194
859,4,Tamil Nadu - 2026,05-Feb 7pm,4294.824702482443
860,1,Tamil Nadu - 2026,05-Feb 8pm,4138.444802067365
860,2,Tamil Nadu - 2026,05-Feb 8pm,4028.4310926002
860,3,Tamil Nadu - 2026,05-Feb 8pm,3964.783574080946
860,4,Tamil Nadu - 2026,05-Feb 8pm,3942.020531251489
861,1,Tamil Nadu - 2026,05-Feb 9pm,3960.1419641118314
861,2,Tamil Nadu - 2026,05-Feb 9pm,3947.0073712914095
861,3,Tamil Nadu - 2026,05-Feb 9pm,3902.616752790229
861,4,Tamil Nadu - 2026,05-Feb 9pm,3832.5339118065294
862,1,Tamil Nadu - 2026,05-Feb 10pm,3736.7588483403138
862,2,Tamil Nadu - 2026,05-Feb 10pm,3654.0492445726823
862,3,Tamil Nadu - 2026,05-Feb 10pm,3584.40510050364
862,4,Tamil Nadu - 2026,05-Feb 10pm,3522.376806583364
863,1,Tamil Nadu - 2026,05-Feb 11pm,3467.9643628118542
863,2,Tamil Nadu - 2026,05-Feb 11pm,3415.107744306926
863,3,Tamil Nadu - 2026,05-Feb 11pm,3363.80695106858
863,4,Tamil Nadu - 2026,05-Feb 11pm,3314.40094181264
864,1,Tamil Nadu - 2026,06-Feb 12am,3266.889716539113
864,2,Tamil Nadu - 2026,06-Feb 12am,3225.299547835211
864,3,Tamil Nadu - 2026,06-Feb 12am,3189.630435700933
864,4,Tamil Nadu - 2026,06-Feb 12am,3160.360299924743
865,1,Tamil Nadu - 2026,06-Feb 1am,3137.48914050664
865,2,Tamil Nadu - 2026,06-Feb 1am,3114.12316612863
865,3,Tamil Nadu - 2026,06-Feb 1am,3090.262376790713
865,4,Tamil Nadu - 2026,06-Feb 1am,3065.815316574017
866,1,Tamil Nadu - 2026,06-Feb 2am,3040.781985478541
866,2,Tamil Nadu - 2026,06-Feb 2am,3022.604910335519
866,3,Tamil Nadu - 2026,06-Feb 2am,3011.284091144951
866,4,Tamil Nadu - 2026,06-Feb 2am,3006.949013040989
867,1,Tamil Nadu - 2026,06-Feb 3am,3009.599676023633
867,2,Tamil Nadu - 2026,06-Feb 3am,3011.016642456734
867,3,Tamil Nadu - 2026,06-Feb 3am,3011.1999123402943
867,4,Tamil Nadu - 2026,06-Feb 3am,3008.663769179337
868,1,Tamil Nadu - 2026,06-Feb 4am,3003.4082129738613
868,2,Tamil Nadu - 2026,06-Feb 4am,3012.56698032987
868,3,Tamil Nadu - 2026,06-Feb 4am,3036.140071247363
868,4,Tamil Nadu - 2026,06-Feb 4am,3074.624735448905
869,1,Tamil Nadu - 2026,06-Feb 5am,3128.0209729344974
869,2,Tamil Nadu - 2026,06-Feb 5am,3176.2115487627448
869,3,Tamil Nadu - 2026,06-Feb 5am,3219.1964629336453
869,4,Tamil Nadu - 2026,06-Feb 5am,3247.751015369113
870,1,Tamil Nadu - 2026,06-Feb 6am,3261.875206069149
870,2,Tamil Nadu - 2026,06-Feb 6am,3337.0344704436648
870,3,Tamil Nadu - 2026,06-Feb 6am,3473.228808492663
870,4,Tamil Nadu - 2026,06-Feb 6am,3684.2715149945225
871,1,Tamil Nadu - 2026,06-Feb 7am,3970.1625899492415
871,2,Tamil Nadu - 2026,06-Feb 7am,4172.556829276638
871,3,Tamil Nadu - 2026,06-Feb 7am,4291.454232976707
871,4,Tamil Nadu - 2026,06-Feb 7am,4344.306347797411
872,1,Tamil Nadu - 2026,06-Feb 8am,4331.1131737387495
872,2,Tamil Nadu - 2026,06-Feb 8am,4305.51063439316
872,3,Tamil Nadu - 2026,06-Feb 8am,4267.498729760642
872,4,Tamil Nadu - 2026,06-Feb 8am,4196.757462107449
873,1,Tamil Nadu - 2026,06-Feb 9am,4093.286831433583
873,2,Tamil Nadu - 2026,06-Feb 9am,4025.370900549088
873,3,Tamil Nadu - 2026,06-Feb 9am,3993.0096694539634
873,4,Tamil Nadu - 2026,06-Feb 9am,3995.692598563366
874,1,Tamil Nadu - 2026,06-Feb 10am,4033.4196878773
874,2,Tamil Nadu - 2026,06-Feb 10am,4040.9701120947743
874,3,Tamil Nadu - 2026,06-Feb 10am,4018.343871215792
874,4,Tamil Nadu - 2026,06-Feb 10am,3970.246328812134
875,1,Tamil Nadu - 2026,06-Feb 11am,3896.677484883801
875,2,Tamil Nadu - 2026,06-Feb 11am,3834.625983301081
875,3,Tamil Nadu - 2026,06-Feb 11am,3784.091824063976
875,4,Tamil Nadu - 2026,06-Feb 11am,3737.804707751143
876,1,Tamil Nadu - 2026,06-Feb 12pm,3695.7646343625856
876,2,Tamil Nadu - 2026,06-Feb 12pm,3664.6047565560593
876,3,Tamil Nadu - 2026,06-Feb 12pm,3644.325074331565
876,4,Tamil Nadu - 2026,06-Feb 12pm,3637.38553474979
877,1,Tamil Nadu - 2026,06-Feb 1pm,3643.786137810738
877,2,Tamil Nadu - 2026,06-Feb 1pm,3642.134048492508
877,3,Tamil Nadu - 2026,06-Feb 1pm,3632.429266795105
877,4,Tamil Nadu - 2026,06-Feb 1pm,3612.16054690165
878,1,Tamil Nadu - 2026,06-Feb 2pm,3581.3278888121467
878,2,Tamil Nadu - 2026,06-Feb 2pm,3576.3916024497403
878,3,Tamil Nadu - 2026,06-Feb 2pm,3597.351687814431
878,4,Tamil Nadu - 2026,06-Feb 2pm,3644.418820923682
879,1,Tamil Nadu - 2026,06-Feb 3pm,3717.593001777492
879,2,Tamil Nadu - 2026,06-Feb 3pm,3779.149864347934
879,3,Tamil Nadu - 2026,06-Feb 3pm,3829.089408635007
879,4,Tamil Nadu - 2026,06-Feb 3pm,3867.3777252395657
880,1,Tamil Nadu - 2026,06-Feb 4pm,3894.014814161608
880,2,Tamil Nadu - 2026,06-Feb 4pm,3946.928497823956
880,3,Tamil Nadu - 2026,06-Feb 4pm,4026.11877622661
880,4,Tamil Nadu - 2026,06-Feb 4pm,4139.257911787826
881,1,Tamil Nadu - 2026,06-Feb 5pm,4286.345904507603
881,2,Tamil Nadu - 2026,06-Feb 5pm,4383.421357453586
881,3,Tamil Nadu - 2026,06-Feb 5pm,4430.484270625773
881,4,Tamil Nadu - 2026,06-Feb 5pm,4432.138467413037
882,1,Tamil Nadu - 2026,06-Feb 6pm,4388.383947815371
882,2,Tamil Nadu - 2026,06-Feb 6pm,4355.559168431928
882,3,Tamil Nadu - 2026,06-Feb 6pm,4333.6641292627055
882,4,Tamil Nadu - 2026,06-Feb 6pm,4317.612754489996
883,1,Tamil Nadu - 2026,06-Feb 7pm,4307.405044113797
883,2,Tamil Nadu - 2026,06-Feb 7pm,4277.218996441228
883,3,Tamil Nadu - 2026,06-Feb 7pm,4227.054611472287
883,4,Tamil Nadu - 2026,06-Feb 7pm,4155.511347972686
884,1,Tamil Nadu - 2026,06-Feb 8pm,4062.589205942421
884,2,Tamil Nadu - 2026,06-Feb 8pm,3982.513434480125
884,3,Tamil Nadu - 2026,06-Feb 8pm,3915.2840335858
884,4,Tamil Nadu - 2026,06-Feb 8pm,3856.593325991654
885,1,Tamil Nadu - 2026,06-Feb 9pm,3806.441311697684
885,2,Tamil Nadu - 2026,06-Feb 9pm,3756.448805212024
885,3,Tamil Nadu - 2026,06-Feb 9pm,3706.6158065346735
885,4,Tamil Nadu - 2026,06-Feb 9pm,3658.7040765556176
886,1,Tamil Nadu - 2026,06-Feb 10pm,3612.713615274858
886,2,Tamil Nadu - 2026,06-Feb 10pm,3566.453042844356
886,3,Tamil Nadu - 2026,06-Feb 10pm,3519.922359264111
886,4,Tamil Nadu - 2026,06-Feb 10pm,3471.370982616674
887,1,Tamil Nadu - 2026,06-Feb 11pm,3420.7989129020475
887,2,Tamil Nadu - 2026,06-Feb 11pm,3380.9010214729547
887,3,Tamil Nadu - 2026,06-Feb 11pm,3351.6773083293983
887,4,Tamil Nadu - 2026,06-Feb 11pm,3332.6227572955995
888,1,Tamil Nadu - 2026,07-Feb 12am,3323.737368371558
888,2,Tamil Nadu - 2026,07-Feb 12am,3315.3563672592186
888,3,Tamil Nadu - 2026,07-Feb 12am,3307.47975395858
888,4,Tamil Nadu - 2026,07-Feb 12am,3305.256510410643
889,1,Tamil Nadu - 2026,07-Feb 1am,3308.6866366154054
889,2,Tamil Nadu - 2026,07-Feb 1am,3296.5410152249306
889,3,Tamil Nadu - 2026,07-Feb 1am,3268.8196462392207
889,4,Tamil Nadu - 2026,07-Feb 1am,3222.892701920444
890,1,Tamil Nadu - 2026,07-Feb 2am,3158.760182268604
890,2,Tamil Nadu - 2026,07-Feb 2am,3113.430171058606
890,3,Tamil Nadu - 2026,07-Feb 2am,3086.902668290448
890,4,Tamil Nadu - 2026,07-Feb 2am,3076.0869783823427
891,1,Tamil Nadu - 2026,07-Feb 3am,3080.983101334292
891,2,Tamil Nadu - 2026,07-Feb 3am,3083.1271268621167
891,3,Tamil Nadu - 2026,07-Feb 3am,3082.5190549658155
891,4,Tamil Nadu - 2026,07-Feb 3am,3081.1807168377754
892,1,Tamil Nadu - 2026,07-Feb 4am,3079.112112477995
892,2,Tamil Nadu - 2026,07-Feb 4am,3082.646165016341
892,3,Tamil Nadu - 2026,07-Feb 4am,3091.7828744528133
892,4,Tamil Nadu - 2026,07-Feb 4am,3106.2588480528493
893,1,Tamil Nadu - 2026,07-Feb 5am,3126.0740858164518
893,2,Tamil Nadu - 2026,07-Feb 5am,3146.476021021125
893,3,Tamil Nadu - 2026,07-Feb 5am,3167.4646536668697
893,4,Tamil Nadu - 2026,07-Feb 5am,3178.775239495555
894,1,Tamil Nadu - 2026,07-Feb 6am,3180.4077785071822
894,2,Tamil Nadu - 2026,07-Feb 6am,3238.7033029730283
894,3,Tamil Nadu - 2026,07-Feb 6am,3353.6618128930954
894,4,Tamil Nadu - 2026,07-Feb 6am,3539.447105626693
895,1,Tamil Nadu - 2026,07-Feb 7am,3796.0591811738254
895,2,Tamil Nadu - 2026,07-Feb 7am,3972.1742231073335
895,3,Tamil Nadu - 2026,07-Feb 7am,4067.792231427217
895,4,Tamil Nadu - 2026,07-Feb 7am,4096.114364291623
896,1,Tamil Nadu - 2026,07-Feb 8am,4057.140621700553
896,2,Tamil Nadu - 2026,07-Feb 8am,4022.987871132269
896,3,Tamil Nadu - 2026,07-Feb 8am,3993.656112586768
896,4,Tamil Nadu - 2026,07-Feb 8am,3956.1953945804103
897,1,Tamil Nadu - 2026,07-Feb 9am,3910.605717113195
897,2,Tamil Nadu - 2026,07-Feb 9am,3862.4699216087192
897,3,Tamil Nadu - 2026,07-Feb 9am,3811.788008066984
897,4,Tamil Nadu - 2026,07-Feb 9am,3753.0563532111023
898,1,Tamil Nadu - 2026,07-Feb 10am,3686.274957041074
898,2,Tamil Nadu - 2026,07-Feb 10am,3638.88271779462
898,3,Tamil Nadu - 2026,07-Feb 10am,3610.879635471739
898,4,Tamil Nadu - 2026,07-Feb 10am,3602.582689692568
899,1,Tamil Nadu - 2026,07-Feb 11am,3613.991880457109
899,2,Tamil Nadu - 2026,07-Feb 11am,3615.766431806827
899,3,Tamil Nadu - 2026,07-Feb 11am,3607.906343741726
899,4,Tamil Nadu - 2026,07-Feb 11am,3593.7753439943394
900,1,Tamil Nadu - 2026,07-Feb 12pm,3573.3734325646665
900,2,Tamil Nadu - 2026,07-Feb 12pm,3555.8590190160385
900,3,Tamil Nadu - 2026,07-Feb 12pm,3541.2321033484586
900,4,Tamil Nadu - 2026,07-Feb 12pm,3527.635445070837
901,1,Tamil Nadu - 2026,07-Feb 1pm,3515.069044183173
901,2,Tamil Nadu - 2026,07-Feb 1pm,3505.5179340686727
901,3,Tamil Nadu - 2026,07-Feb 1pm,3498.982114727334
901,4,Tamil Nadu - 2026,07-Feb 1pm,3494.4009070208194
902,1,Tamil Nadu - 2026,07-Feb 2pm,3491.774310949133
902,2,Tamil Nadu - 2026,07-Feb 2pm,3495.481367959088
902,3,Tamil Nadu - 2026,07-Feb 2pm,3505.522078050686
902,4,Tamil Nadu - 2026,07-Feb 2pm,3521.1922430410923
903,1,Tamil Nadu - 2026,07-Feb 3pm,3542.491862930311
903,2,Tamil Nadu - 2026,07-Feb 3pm,3569.2670853685117
903,3,Tamil Nadu - 2026,07-Feb 3pm,3601.517910355694
903,4,Tamil Nadu - 2026,07-Feb 3pm,3636.2831413454833
904,1,Tamil Nadu - 2026,07-Feb 4pm,3673.562778337877
904,2,Tamil Nadu - 2026,07-Feb 4pm,3731.277852960967
904,3,Tamil Nadu - 2026,07-Feb 4pm,3809.428365214748
904,4,Tamil Nadu - 2026,07-Feb 4pm,3915.5910034864087
905,1,Tamil Nadu - 2026,07-Feb 5pm,4049.765767775949
905,2,Tamil Nadu - 2026,07-Feb 5pm,4148.571496132174
905,3,Tamil Nadu - 2026,07-Feb 5pm,4212.008188555082
905,4,Tamil Nadu - 2026,07-Feb 5pm,4243.954547536795
906,1,Tamil Nadu - 2026,07-Feb 6pm,4244.410573077318
906,2,Tamil Nadu - 2026,07-Feb 6pm,4253.485212175096
906,3,Tamil Nadu - 2026,07-Feb 6pm,4271.178464830138
906,4,Tamil Nadu - 2026,07-Feb 6pm,4297.885749917446
907,1,Tamil Nadu - 2026,07-Feb 7pm,4333.607067437021
907,2,Tamil Nadu - 2026,07-Feb 7pm,4335.860957140371
907,3,Tamil Nadu - 2026,07-Feb 7pm,4304.647419027494
907,4,Tamil Nadu - 2026,07-Feb 7pm,4238.064556395114
908,1,Tamil Nadu - 2026,07-Feb 8pm,4136.112369243234
908,2,Tamil Nadu - 2026,07-Feb 8pm,4052.68369804
908,3,Tamil Nadu - 2026,07-Feb 8pm,3987.778542785411
908,4,Tamil Nadu - 2026,07-Feb 8pm,3934.855389931356
909,1,Tamil Nadu - 2026,07-Feb 9pm,3893.9142394778314
909,2,Tamil Nadu - 2026,07-Feb 9pm,3850.311332245377
909,3,Tamil Nadu - 2026,07-Feb 9pm,3804.046668233995
909,4,Tamil Nadu - 2026,07-Feb 9pm,3757.707760042797
910,1,Tamil Nadu - 2026,07-Feb 10pm,3711.294607671785
910,2,Tamil Nadu - 2026,07-Feb 10pm,3663.92589470573
910,3,Tamil Nadu - 2026,07-Feb 10pm,3615.6016211446354
910,4,Tamil Nadu - 2026,07-Feb 10pm,3564.6278764778504
911,1,Tamil Nadu - 2026,07-Feb 11pm,3511.0046607053764
911,2,Tamil Nadu - 2026,07-Feb 11pm,3465.7767533063243
911,3,Tamil Nadu - 2026,07-Feb 11pm,3428.944154280696
911,4,Tamil Nadu - 2026,07-Feb 11pm,3399.9144317076025
912,1,Tamil Nadu - 2026,08-Feb 12am,3378.687585587045
912,2,Tamil Nadu - 2026,08-Feb 12am,3357.773427965232
912,3,Tamil Nadu - 2026,08-Feb 12am,3337.17195884216
912,4,Tamil Nadu - 2026,08-Feb 12am,3317.917027605564
913,1,Tamil Nadu - 2026,08-Feb 1am,3300.008634255441
913,2,Tamil Nadu - 2026,08-Feb 1am,3284.733870419204
913,3,Tamil Nadu - 2026,08-Feb 1am,3272.092736096849
913,4,Tamil Nadu - 2026,08-Feb 1am,3262.1747592285064
914,1,Tamil Nadu - 2026,08-Feb 2am,3254.9799398141727
914,2,Tamil Nadu - 2026,08-Feb 2am,3248.684018585685
914,3,Tamil Nadu - 2026,08-Feb 2am,3243.28699554304
914,4,Tamil Nadu - 2026,08-Feb 2am,3238.849046057101
915,1,Tamil Nadu - 2026,08-Feb 3am,3235.3701701278683
915,2,Tamil Nadu - 2026,08-Feb 3am,3234.313574798342
915,3,Tamil Nadu - 2026,08-Feb 3am,3235.67926006852
915,4,Tamil Nadu - 2026,08-Feb 3am,3239.096995005269
916,1,Tamil Nadu - 2026,08-Feb 4am,3244.566779608588
916,2,Tamil Nadu - 2026,08-Feb 4am,3252.846792434285
916,3,Tamil Nadu - 2026,08-Feb 4am,3263.9370334823584
916,4,Tamil Nadu - 2026,08-Feb 4am,3279.4893944747687
917,1,Tamil Nadu - 2026,08-Feb 5am,3299.503875411518
917,2,Tamil Nadu - 2026,08-Feb 5am,3313.310947405032
917,3,Tamil Nadu - 2026,08-Feb 5am,3320.9106104553107
917,4,Tamil Nadu - 2026,08-Feb 5am,3316.9845667281384
918,1,Tamil Nadu - 2026,08-Feb 6am,3301.532816223514
918,2,Tamil Nadu - 2026,08-Feb 6am,3317.13467483431
918,3,Tamil Nadu - 2026,08-Feb 6am,3363.790142560528
918,4,Tamil Nadu - 2026,08-Feb 6am,3446.622366381648
919,1,Tamil Nadu - 2026,08-Feb 7am,3565.631346297668
919,2,Tamil Nadu - 2026,08-Feb 7am,3647.4988845388407
919,3,Tamil Nadu - 2026,08-Feb 7am,3692.2249811051697
919,4,Tamil Nadu - 2026,08-Feb 7am,3705.8447880583226
920,1,Tamil Nadu - 2026,08-Feb 8am,3688.3583053982993
920,2,Tamil Nadu - 2026,08-Feb 8am,3676.8728185248247
920,3,Tamil Nadu - 2026,08-Feb 8am,3671.388327437897
920,4,Tamil Nadu - 2026,08-Feb 8am,3665.870548638979
921,1,Tamil Nadu - 2026,08-Feb 9am,3660.319482128072
921,2,Tamil Nadu - 2026,08-Feb 9am,3653.83354349667
921,3,Tamil Nadu - 2026,08-Feb 9am,3646.4127327447727
921,4,Tamil Nadu - 2026,08-Feb 9am,3642.314241630485
922,1,Tamil Nadu - 2026,08-Feb 10am,3641.538070153807
922,2,Tamil Nadu - 2026,08-Feb 10am,3619.442652174624
922,3,Tamil Nadu - 2026,08-Feb 10am,3576.027987692934
922,4,Tamil Nadu - 2026,08-Feb 10am,3506.961289978635
923,1,Tamil Nadu - 2026,08-Feb 11am,3412.2425590317275
923,2,Tamil Nadu - 2026,08-Feb 11am,3342.5100813729464
923,3,Tamil Nadu - 2026,08-Feb 11am,3297.76385700229
923,4,Tamil Nadu - 2026,08-Feb 11am,3273.9535025930354
924,1,Tamil Nadu - 2026,08-Feb 12pm,3271.0790181451857
924,2,Tamil Nadu - 2026,08-Feb 12pm,3262.804417098332
924,3,Tamil Nadu - 2026,08-Feb 12pm,3249.1296994524764
924,4,Tamil Nadu - 2026,08-Feb 12pm,3234.556865304005
925,1,Tamil Nadu - 2026,08-Feb 1pm,3219.085914652921
925,2,Tamil Nadu - 2026,08-Feb 1pm,3202.040833481297
925,3,Tamil Nadu - 2026,08-Feb 1pm,3183.421621789137
925,4,Tamil Nadu - 2026,08-Feb 1pm,3160.2516300766447
926,1,Tamil Nadu - 2026,08-Feb 2pm,3132.530858343821
926,2,Tamil Nadu - 2026,08-Feb 2pm,3118.795217607354
926,3,Tamil Nadu - 2026,08-Feb 2pm,3119.044707867243
926,4,Tamil Nadu - 2026,08-Feb 2pm,3130.929216181581
927,1,Tamil Nadu - 2026,08-Feb 3pm,3154.4487425503708
927,2,Tamil Nadu - 2026,08-Feb 3pm,3185.168053608368
927,3,Tamil Nadu - 2026,08-Feb 3pm,3223.087149355576
927,4,Tamil Nadu - 2026,08-Feb 3pm,3269.9260544856843
928,1,Tamil Nadu - 2026,08-Feb 4pm,3325.6847689986903
928,2,Tamil Nadu - 2026,08-Feb 4pm,3384.478378097704
928,3,Tamil Nadu - 2026,08-Feb 4pm,3446.3068817827234
928,4,Tamil Nadu - 2026,08-Feb 4pm,3517.0099711208823
929,1,Tamil Nadu - 2026,08-Feb 5pm,3596.5876461121825
929,2,Tamil Nadu - 2026,08-Feb 5pm,3655.886675150714
929,3,Tamil Nadu - 2026,08-Feb 5pm,3694.9070582364793
929,4,Tamil Nadu - 2026,08-Feb 5pm,3714.788620500624
930,1,Tamil Nadu - 2026,08-Feb 6pm,3715.531361943146
930,2,Tamil Nadu - 2026,08-Feb 6pm,3719.449563383086
930,3,Tamil Nadu - 2026,08-Feb 6pm,3726.543224820444
930,4,Tamil Nadu - 2026,08-Feb 6pm,3736.275849853324
931,1,Tamil Nadu - 2026,08-Feb 7pm,3748.6474384817257
931,2,Tamil Nadu - 2026,08-Feb 7pm,3744.56268829798
931,3,Tamil Nadu - 2026,08-Feb 7pm,3724.021599302087
931,4,Tamil Nadu - 2026,08-Feb 7pm,3686.248273918208
932,1,Tamil Nadu - 2026,08-Feb 8pm,3631.2427121463447
932,2,Tamil Nadu - 2026,08-Feb 8pm,3582.755601849199
932,3,Tamil Nadu - 2026,08-Feb 8pm,3540.786943026769
932,4,Tamil Nadu - 2026,08-Feb 8pm,3501.6847429776863
933,1,Tamil Nadu - 2026,08-Feb 9pm,3465.44900170195
933,2,Tamil Nadu - 2026,08-Feb 9pm,3430.2409875450776
933,3,Tamil Nadu - 2026,08-Feb 9pm,3396.060700507067
933,4,Tamil Nadu - 2026,08-Feb 9pm,3364.8293102459056
934,1,Tamil Nadu - 2026,08-Feb 10pm,3336.546816761595
934,2,Tamil Nadu - 2026,08-Feb 10pm,3301.524933760695
934,3,Tamil Nadu - 2026,08-Feb 10pm,3259.7636612432084
934,4,Tamil Nadu - 2026,08-Feb 10pm,3208.734588234501
935,1,Tamil Nadu - 2026,08-Feb 11pm,3148.437714734572
935,2,Tamil Nadu - 2026,08-Feb 11pm,3103.73179288466
935,3,Tamil Nadu - 2026,08-Feb 11pm,3074.616822684767
935,4,Tamil Nadu - 2026,08-Feb 11pm,3059.9336696960004
936,1,Tamil Nadu - 2026,09-Feb 12am,3059.682333918364
936,2,Tamil Nadu - 2026,09-Feb 12am,3055.9588698439647
936,3,Tamil Nadu - 2026,09-Feb 12am,3048.763277472801
936,4,Tamil Nadu - 2026,09-Feb 12am,3039.8355187648704
937,1,Tamil Nadu - 2026,09-Feb 1am,3029.1755937201738
937,2,Tamil Nadu - 2026,09-Feb 1am,3024.2476760866225
937,3,Tamil Nadu - 2026,09-Feb 1am,3025.051765864215
937,4,Tamil Nadu - 2026,09-Feb 1am,3032.7749643289885
938,1,Tamil Nadu - 2026,09-Feb 2am,3047.4172714809456
938,2,Tamil Nadu - 2026,09-Feb 2am,3054.3919059159434
938,3,Tamil Nadu - 2026,09-Feb 2am,3053.698867633982
938,4,Tamil Nadu - 2026,09-Feb 2am,3045.9819549691288
939,1,Tamil Nadu - 2026,09-Feb 3am,3031.2411679213865
939,2,Tamil Nadu - 2026,09-Feb 3am,3020.200497890484
939,3,Tamil Nadu - 2026,09-Feb 3am,3012.859944876419
939,4,Tamil Nadu - 2026,09-Feb 3am,3005.808389311712
940,1,Tamil Nadu - 2026,09-Feb 4am,2999.045831196362
940,2,Tamil Nadu - 2026,09-Feb 4am,3002.314996535535
940,3,Tamil Nadu - 2026,09-Feb 4am,3015.615885329229
940,4,Tamil Nadu - 2026,09-Feb 4am,3038.9032869388725
941,1,Tamil Nadu - 2026,09-Feb 5am,3072.1772013644645
941,2,Tamil Nadu - 2026,09-Feb 5am,3105.9661664322844
941,3,Tamil Nadu - 2026,09-Feb 5am,3140.270182142332
941,4,Tamil Nadu - 2026,09-Feb 5am,3167.3064500609185
942,1,Tamil Nadu - 2026,09-Feb 6am,3187.0749701880404
942,2,Tamil Nadu - 2026,09-Feb 6am,3255.7439952995646
942,3,Tamil Nadu - 2026,09-Feb 6am,3373.3135253954856
942,4,Tamil Nadu - 2026,09-Feb 6am,3550.65750911691
943,1,Tamil Nadu - 2026,09-Feb 7am,3787.775946463837
943,2,Tamil Nadu - 2026,09-Feb 7am,3963.256892813785
943,3,Tamil Nadu - 2026,09-Feb 7am,4077.1003481667535
943,4,Tamil Nadu - 2026,09-Feb 7am,4142.186812555625
944,1,Tamil Nadu - 2026,09-Feb 8am,4158.516285980398
944,2,Tamil Nadu - 2026,09-Feb 8am,4170.217712866267
944,3,Tamil Nadu - 2026,09-Feb 8am,4177.291093213235
944,4,Tamil Nadu - 2026,09-Feb 8am,4172.444907940101
945,1,Tamil Nadu - 2026,09-Feb 9am,4155.679157046869
945,2,Tamil Nadu - 2026,09-Feb 9am,4126.614010595527
945,3,Tamil Nadu - 2026,09-Feb 9am,4085.24946858608
945,4,Tamil Nadu - 2026,09-Feb 9am,4023.817363771525
946,1,Tamil Nadu - 2026,09-Feb 10am,3942.31769615186
946,2,Tamil Nadu - 2026,09-Feb 10am,3887.739299147112
946,3,Tamil Nadu - 2026,09-Feb 10am,3860.082172757279
946,4,Tamil Nadu - 2026,09-Feb 10am,3859.6208319437496
947,1,Tamil Nadu - 2026,09-Feb 11am,3886.355276706522
947,2,Tamil Nadu - 2026,09-Feb 11am,3891.649583857257
947,3,Tamil Nadu - 2026,09-Feb 11am,3875.503753395956
947,4,Tamil Nadu - 2026,09-Feb 11am,3838.231386040264
948,1,Tamil Nadu - 2026,09-Feb 12pm,3779.83248179018
948,2,Tamil Nadu - 2026,09-Feb 12pm,3747.061359528172
948,3,Tamil Nadu - 2026,09-Feb 12pm,3739.918019254245
948,4,Tamil Nadu - 2026,09-Feb 12pm,3759.258139427403
949,1,Tamil Nadu - 2026,09-Feb 1pm,3805.081720047644
949,2,Tamil Nadu - 2026,09-Feb 1pm,3825.500371478464
949,3,Tamil Nadu - 2026,09-Feb 1pm,3820.514093719865
949,4,Tamil Nadu - 2026,09-Feb 1pm,3789.5538147540274
950,1,Tamil Nadu - 2026,09-Feb 2pm,3732.619534580951
950,2,Tamil Nadu - 2026,09-Feb 2pm,3705.014074944052
950,3,Tamil Nadu - 2026,09-Feb 2pm,3706.737435843329
950,4,Tamil Nadu - 2026,09-Feb 2pm,3732.568954631669
951,1,Tamil Nadu - 2026,09-Feb 3pm,3782.508631309074
951,2,Tamil Nadu - 2026,09-Feb 3pm,3832.577620014795
951,3,Tamil Nadu - 2026,09-Feb 3pm,3882.775920748827
951,4,Tamil Nadu - 2026,09-Feb 3pm,3936.367827927304
952,1,Tamil Nadu - 2026,09-Feb 4pm,3993.353341550221
952,2,Tamil Nadu - 2026,09-Feb 4pm,4058.125540981559
952,3,Tamil Nadu - 2026,09-Feb 4pm,4130.684426221319
952,4,Tamil Nadu - 2026,09-Feb 4pm,4218.2666912469
953,1,Tamil Nadu - 2026,09-Feb 5pm,4320.872336058303
953,2,Tamil Nadu - 2026,09-Feb 5pm,4390.688117427149
953,3,Tamil Nadu - 2026,09-Feb 5pm,4427.714035353448
953,4,Tamil Nadu - 2026,09-Feb 5pm,4433.4555111611
954,1,Tamil Nadu - 2026,09-Feb 6pm,4407.912544850102
954,2,Tamil Nadu - 2026,09-Feb 6pm,4389.865851705417
954,3,Tamil Nadu - 2026,09-Feb 6pm,4379.315431727044
954,4,Tamil Nadu - 2026,09-Feb 6pm,4373.8361717174375
955,1,Tamil Nadu - 2026,09-Feb 7pm,4373.428071676598
955,2,Tamil Nadu - 2026,09-Feb 7pm,4353.861095504845
955,3,Tamil Nadu - 2026,09-Feb 7pm,4315.135243202179
955,4,Tamil Nadu - 2026,09-Feb 7pm,4256.545589616379
956,1,Tamil Nadu - 2026,09-Feb 8pm,4178.092134747449
956,2,Tamil Nadu - 2026,09-Feb 8pm,4108.234465608379
956,3,Tamil Nadu - 2026,09-Feb 8pm,4046.9725821991688
956,4,Tamil Nadu - 2026,09-Feb 8pm,3989.9308174450034
957,1,Tamil Nadu - 2026,09-Feb 9pm,3937.109171345888
957,2,Tamil Nadu - 2026,09-Feb 9pm,3886.302059337698
957,3,Tamil Nadu - 2026,09-Feb 9pm,3837.50948142044
957,4,Tamil Nadu - 2026,09-Feb 9pm,3791.719287895972
958,1,Tamil Nadu - 2026,09-Feb 10pm,3748.931478764297
958,2,Tamil Nadu - 2026,09-Feb 10pm,3705.424536778356
958,3,Tamil Nadu - 2026,09-Feb 10pm,3661.198461938148
958,4,Tamil Nadu - 2026,09-Feb 10pm,3616.1155225192
959,1,Tamil Nadu - 2026,09-Feb 11pm,3570.175718521511
959,2,Tamil Nadu - 2026,09-Feb 11pm,3527.9269575389862
959,3,Tamil Nadu - 2026,09-Feb 11pm,3489.3692395716266
959,4,Tamil Nadu - 2026,09-Feb 11pm,3452.9080843678757
960,1,Tamil Nadu - 2026,10-Feb 12am,3418.5434919277336
960,2,Tamil Nadu - 2026,10-Feb 12am,3391.294436166625
960,3,Tamil Nadu - 2026,10-Feb 12am,3371.160917084552
960,4,Tamil Nadu - 2026,10-Feb 12am,3358.8211548210893
961,1,Tamil Nadu - 2026,10-Feb 1am,3354.27514937624
961,2,Tamil Nadu - 2026,10-Feb 1am,3348.4346059971112
961,3,Tamil Nadu - 2026,10-Feb 1am,3341.299524683703
961,4,Tamil Nadu - 2026,10-Feb 1am,3334.8007199429453
962,1,Tamil Nadu - 2026,10-Feb 2am,3328.938191774839
962,2,Tamil Nadu - 2026,10-Feb 2am,3321.215347890692
962,3,Tamil Nadu - 2026,10-Feb 2am,3311.632188290502
962,4,Tamil Nadu - 2026,10-Feb 2am,3299.3542720439664
963,1,Tamil Nadu - 2026,10-Feb 3am,3284.381599151085
963,2,Tamil Nadu - 2026,10-Feb 3am,3274.2174074823747
963,3,Tamil Nadu - 2026,10-Feb 3am,3268.8616970378303
963,4,Tamil Nadu - 2026,10-Feb 3am,3267.6792963287094
964,1,Tamil Nadu - 2026,10-Feb 4am,3270.6702053550084
964,2,Tamil Nadu - 2026,10-Feb 4am,3274.142215178701
964,3,Tamil Nadu - 2026,10-Feb 4am,3278.095325799792
964,4,Tamil Nadu - 2026,10-Feb 4am,3280.7522536664983
965,1,Tamil Nadu - 2026,10-Feb 5am,3282.1129987788254
965,2,Tamil Nadu - 2026,10-Feb 5am,3296.5334713854527
965,3,Tamil Nadu - 2026,10-Feb 5am,3324.013671486381
965,4,Tamil Nadu - 2026,10-Feb 5am,3355.96985834934
966,1,Tamil Nadu - 2026,10-Feb 6am,3392.402031974329
966,2,Tamil Nadu - 2026,10-Feb 6am,3470.456726506287
966,3,Tamil Nadu - 2026,10-Feb 6am,3590.1339419452133
966,4,Tamil Nadu - 2026,10-Feb 6am,3762.0572995741695
967,1,Tamil Nadu - 2026,10-Feb 7am,3986.2267993931546
967,2,Tamil Nadu - 2026,10-Feb 7am,4161.754179558863
967,3,Tamil Nadu - 2026,10-Feb 7am,4288.6394400713
967,4,Tamil Nadu - 2026,10-Feb 7am,4385.349580976683
968,1,Tamil Nadu - 2026,10-Feb 8am,4451.884602275008
968,2,Tamil Nadu - 2026,10-Feb 8am,4478.330765532268
968,3,Tamil Nadu - 2026,10-Feb 8am,4464.688070748465
968,4,Tamil Nadu - 2026,10-Feb 8am,4399.04656144426
969,1,Tamil Nadu - 2026,10-Feb 9am,4281.40623761965
969,2,Tamil Nadu - 2026,10-Feb 9am,4193.140576584686
969,3,Tamil Nadu - 2026,10-Feb 9am,4134.249578339363
969,4,Tamil Nadu - 2026,10-Feb 9am,4095.093607456301
970,1,Tamil Nadu - 2026,10-Feb 10am,4075.672663935496
970,2,Tamil Nadu - 2026,10-Feb 10am,4052.451083031204
970,3,Tamil Nadu - 2026,10-Feb 10am,4025.428864743424
970,4,Tamil Nadu - 2026,10-Feb 10am,3997.217388289877
971,1,Tamil Nadu - 2026,10-Feb 11am,3967.8166536705658
971,2,Tamil Nadu - 2026,10-Feb 11am,3945.094050324896
971,3,Tamil Nadu - 2026,10-Feb 11am,3929.049578252868
971,4,Tamil Nadu - 2026,10-Feb 11am,3920.629717751671
972,1,Tamil Nadu - 2026,10-Feb 12pm,3919.834468821303
972,2,Tamil Nadu - 2026,10-Feb 12pm,3913.1175602392304
972,3,Tamil Nadu - 2026,10-Feb 12pm,3900.4789920054495
972,4,Tamil Nadu - 2026,10-Feb 12pm,3884.288978934016
973,1,Tamil Nadu - 2026,10-Feb 1pm,3864.547521024928
973,2,Tamil Nadu - 2026,10-Feb 1pm,3840.579600616404
973,3,Tamil Nadu - 2026,10-Feb 1pm,3812.385217708441
973,4,Tamil Nadu - 2026,10-Feb 1pm,3773.1176606502263
974,1,Tamil Nadu - 2026,10-Feb 2pm,3722.7769294417617
974,2,Tamil Nadu - 2026,10-Feb 2pm,3703.118311649717
974,3,Tamil Nadu - 2026,10-Feb 2pm,3714.141807274092
974,4,Tamil Nadu - 2026,10-Feb 2pm,3756.2329516344303
975,1,Tamil Nadu - 2026,10-Feb 3pm,3829.391744730732
975,2,Tamil Nadu - 2026,10-Feb 3pm,3889.549687079075
975,3,Tamil Nadu - 2026,10-Feb 3pm,3936.706778679463
975,4,Tamil Nadu - 2026,10-Feb 3pm,3973.7817895107305
976,1,Tamil Nadu - 2026,10-Feb 4pm,4000.774719572883
976,2,Tamil Nadu - 2026,10-Feb 4pm,4044.241448476794
976,3,Tamil Nadu - 2026,10-Feb 4pm,4104.1819762224695
976,4,Tamil Nadu - 2026,10-Feb 4pm,4186.751855727853
977,1,Tamil Nadu - 2026,10-Feb 5pm,4291.951086992944
977,2,Tamil Nadu - 2026,10-Feb 5pm,4356.290472899196
977,3,Tamil Nadu - 2026,10-Feb 5pm,4379.7700134466095
977,4,Tamil Nadu - 2026,10-Feb 5pm,4361.958426661252
978,1,Tamil Nadu - 2026,10-Feb 6pm,4302.85571254312
978,2,Tamil Nadu - 2026,10-Feb 6pm,4268.538760054364
978,3,Tamil Nadu - 2026,10-Feb 6pm,4259.007569194985
978,4,Tamil Nadu - 2026,10-Feb 6pm,4272.907958207533
979,1,Tamil Nadu - 2026,10-Feb 7pm,4310.239927092009
979,2,Tamil Nadu - 2026,10-Feb 7pm,4313.051677430956
979,3,Tamil Nadu - 2026,10-Feb 7pm,4281.34320922438
979,4,Tamil Nadu - 2026,10-Feb 7pm,4216.3551862526565
980,1,Tamil Nadu - 2026,10-Feb 8pm,4118.087608515788
980,2,Tamil Nadu - 2026,10-Feb 8pm,4037.048291748944
980,3,Tamil Nadu - 2026,10-Feb 8pm,3973.237235952124
980,4,Tamil Nadu - 2026,10-Feb 8pm,3921.096863783144
981,1,Tamil Nadu - 2026,10-Feb 9pm,3880.6271752420025
981,2,Tamil Nadu - 2026,10-Feb 9pm,3834.665818646651
981,3,Tamil Nadu - 2026,10-Feb 9pm,3783.21279399709
981,4,Tamil Nadu - 2026,10-Feb 9pm,3728.0142121142567
982,1,Tamil Nadu - 2026,10-Feb 10pm,3669.070072998149
982,2,Tamil Nadu - 2026,10-Feb 10pm,3613.066063405201
982,3,Tamil Nadu - 2026,10-Feb 10pm,3560.002183335413
982,4,Tamil Nadu - 2026,10-Feb 10pm,3508.341680261236
983,1,Tamil Nadu - 2026,10-Feb 11pm,3458.0845541826684
983,2,Tamil Nadu - 2026,10-Feb 11pm,3411.7656335085767
983,3,Tamil Nadu - 2026,10-Feb 11pm,3369.384918238962
983,4,Tamil Nadu - 2026,10-Feb 11pm,3328.274894069793
984,1,Tamil Nadu - 2026,11-Feb 12am,3288.4355610010703
984,2,Tamil Nadu - 2026,11-Feb 12am,3263.337176448116
984,3,Tamil Nadu - 2026,11-Feb 12am,3252.979740410932
984,4,Tamil Nadu - 2026,11-Feb 12am,3260.2475221398818
985,1,Tamil Nadu - 2026,11-Feb 1am,3285.1405216349654
985,2,Tamil Nadu - 2026,11-Feb 1am,3296.8828659786773
985,3,Tamil Nadu - 2026,11-Feb 1am,3295.47455517102
985,4,Tamil Nadu - 2026,11-Feb 1am,3283.782057215338
986,1,Tamil Nadu - 2026,11-Feb 2am,3261.805372111631
986,2,Tamil Nadu - 2026,11-Feb 2am,3243.121564757322
986,3,Tamil Nadu - 2026,11-Feb 2am,3227.730635152415
986,4,Tamil Nadu - 2026,11-Feb 2am,3212.522427978632
987,1,Tamil Nadu - 2026,11-Feb 3am,3197.496943235973
987,2,Tamil Nadu - 2026,11-Feb 3am,3187.7380479366684
987,3,Tamil Nadu - 2026,11-Feb 3am,3183.245742080716
987,4,Tamil Nadu - 2026,11-Feb 3am,3184.5992667466426
988,1,Tamil Nadu - 2026,11-Feb 4am,3191.798621934447
988,2,Tamil Nadu - 2026,11-Feb 4am,3196.284494160745
988,3,Tamil Nadu - 2026,11-Feb 4am,3198.0568834255355
988,4,Tamil Nadu - 2026,11-Feb 4am,3193.880000479273
989,1,Tamil Nadu - 2026,11-Feb 5am,3183.7538453219604
989,2,Tamil Nadu - 2026,11-Feb 5am,3195.65246693425
989,3,Tamil Nadu - 2026,11-Feb 5am,3229.575865316142
989,4,Tamil Nadu - 2026,11-Feb 5am,3276.6578224276477
990,1,Tamil Nadu - 2026,11-Feb 6am,3336.898338268769
990,2,Tamil Nadu - 2026,11-Feb 6am,3435.520672098775
990,3,Tamil Nadu - 2026,11-Feb 6am,3572.5248239176644
990,4,Tamil Nadu - 2026,11-Feb 6am,3762.796165714792
991,1,Tamil Nadu - 2026,11-Feb 7am,4006.334697490159
991,2,Tamil Nadu - 2026,11-Feb 7am,4188.604928048365
991,3,Tamil Nadu - 2026,11-Feb 7am,4309.606857389411
991,4,Tamil Nadu - 2026,11-Feb 7am,4386.253517072065
992,1,Tamil Nadu - 2026,11-Feb 8am,4418.544907096321
992,2,Tamil Nadu - 2026,11-Feb 8am,4419.53832930499
992,3,Tamil Nadu - 2026,11-Feb 8am,4389.233783698074
992,4,Tamil Nadu - 2026,11-Feb 8am,4311.712979900613
993,1,Tamil Nadu - 2026,11-Feb 9am,4186.975917912613
993,2,Tamil Nadu - 2026,11-Feb 9am,4097.475038140993
993,3,Tamil Nadu - 2026,11-Feb 9am,4043.210340585756
993,4,Tamil Nadu - 2026,11-Feb 9am,4016.428703360638
994,1,Tamil Nadu - 2026,11-Feb 10am,4017.130126465642
994,2,Tamil Nadu - 2026,11-Feb 10am,4009.380900811419
994,3,Tamil Nadu - 2026,11-Feb 10am,3993.1810263979673
994,4,Tamil Nadu - 2026,11-Feb 10am,3973.70794632497
995,1,Tamil Nadu - 2026,11-Feb 11am,3950.96166059243
995,2,Tamil Nadu - 2026,11-Feb 11am,3929.8112196915895
995,3,Tamil Nadu - 2026,11-Feb 11am,3910.256623622453
995,4,Tamil Nadu - 2026,11-Feb 11am,3894.830496093528
996,1,Tamil Nadu - 2026,11-Feb 12pm,3883.532837104816
996,2,Tamil Nadu - 2026,11-Feb 12pm,3856.2988539140088
996,3,Tamil Nadu - 2026,11-Feb 12pm,3813.1285465211063
996,4,Tamil Nadu - 2026,11-Feb 12pm,3749.529762460068
997,1,Tamil Nadu - 2026,11-Feb 1pm,3665.502501730894
997,2,Tamil Nadu - 2026,11-Feb 1pm,3608.06447187214
997,3,Tamil Nadu - 2026,11-Feb 1pm,3577.2156728838067
997,4,Tamil Nadu - 2026,11-Feb 1pm,3565.80735351316
998,1,Tamil Nadu - 2026,11-Feb 2pm,3573.839513760197
998,2,Tamil Nadu - 2026,11-Feb 2pm,3597.1869536027684
998,3,Tamil Nadu - 2026,11-Feb 2pm,3635.849673040877
998,4,Tamil Nadu - 2026,11-Feb 2pm,3696.6238595961577
999,1,Tamil Nadu - 2026,11-Feb 3pm,3779.509513268609
999,2,Tamil Nadu - 2026,11-Feb 3pm,3847.854708950571
999,3,Tamil Nadu - 2026,11-Feb 3pm,3901.6594466420433
999,4,Tamil Nadu - 2026,11-Feb 3pm,3941.686331138776
1000,1,Tamil Nadu - 2026,11-Feb 4pm,3967.9353624407686
1000,2,Tamil Nadu - 2026,11-Feb 4pm,4012.482836881184
1000,3,Tamil Nadu - 2026,11-Feb 4pm,4075.328754460024
1000,4,Tamil Nadu - 2026,11-Feb 4pm,4162.333046218024
1001,1,Tamil Nadu - 2026,11-Feb 5pm,4273.495712155184
1001,2,Tamil Nadu - 2026,11-Feb 5pm,4341.580869693921
1001,3,Tamil Nadu - 2026,11-Feb 5pm,4366.588518834237
1001,4,Tamil Nadu - 2026,11-Feb 5pm,4348.124899316658
1002,1,Tamil Nadu - 2026,11-Feb 6pm,4286.190011141187
1002,2,Tamil Nadu - 2026,11-Feb 6pm,4250.382298442233
1002,3,Tamil Nadu - 2026,11-Feb 6pm,4240.701761219796
1002,4,Tamil Nadu - 2026,11-Feb 6pm,4255.245929196784
1003,1,Tamil Nadu - 2026,11-Feb 7pm,4294.014802373198
1003,2,Tamil Nadu - 2026,11-Feb 7pm,4298.824758277178
1003,3,Tamil Nadu - 2026,11-Feb 7pm,4269.675796908725
1003,4,Tamil Nadu - 2026,11-Feb 7pm,4208.164642440899
1004,1,Tamil Nadu - 2026,11-Feb 8pm,4114.291294873702
1004,2,Tamil Nadu - 2026,11-Feb 8pm,4036.659031640624
1004,3,Tamil Nadu - 2026,11-Feb 8pm,3975.2678527416615
1004,4,Tamil Nadu - 2026,11-Feb 8pm,3924.851820744013
1005,1,Tamil Nadu - 2026,11-Feb 9pm,3885.410935647674
1005,2,Tamil Nadu - 2026,11-Feb 9pm,3839.937544615997
1005,3,Tamil Nadu - 2026,11-Feb 9pm,3788.43164764898
1005,4,Tamil Nadu - 2026,11-Feb 9pm,3733.369872087349
1006,1,Tamil Nadu - 2026,11-Feb 10pm,3674.752217931102
1006,2,Tamil Nadu - 2026,11-Feb 10pm,3614.726573972548
1006,3,Tamil Nadu - 2026,11-Feb 10pm,3553.2929402116847
1006,4,Tamil Nadu - 2026,11-Feb 10pm,3487.708267884665
1007,1,Tamil Nadu - 2026,11-Feb 11pm,3417.9725569914867
1007,2,Tamil Nadu - 2026,11-Feb 11pm,3358.396211322945
1007,3,Tamil Nadu - 2026,11-Feb 11pm,3308.9792308790416
1007,4,Tamil Nadu - 2026,11-Feb 11pm,3266.6320008065263
1008,1,Tamil Nadu - 2026,12-Feb 12am,3231.3545211054025
1008,2,Tamil Nadu - 2026,12-Feb 12am,3207.3740771043567
1008,3,Tamil Nadu - 2026,12-Feb 12am,3194.6906688033887
1008,4,Tamil Nadu - 2026,12-Feb 12am,3196.950732986853
1009,1,Tamil Nadu - 2026,12-Feb 1am,3214.154269654749
1009,2,Tamil Nadu - 2026,12-Feb 1am,3220.19537277226
1009,3,Tamil Nadu - 2026,12-Feb 1am,3215.074042339384
1009,4,Tamil Nadu - 2026,12-Feb 1am,3199.9463152336084
1010,1,Tamil Nadu - 2026,12-Feb 2am,3174.812191454935
1010,2,Tamil Nadu - 2026,12-Feb 2am,3158.841355773257
1010,3,Tamil Nadu - 2026,12-Feb 2am,3152.033808188577
1010,4,Tamil Nadu - 2026,12-Feb 2am,3152.55264458323
1011,1,Tamil Nadu - 2026,12-Feb 3am,3160.397864957215
1011,2,Tamil Nadu - 2026,12-Feb 3am,3167.4212092466264
1011,3,Tamil Nadu - 2026,12-Feb 3am,3173.622677451468
1011,4,Tamil Nadu - 2026,12-Feb 3am,3180.93824834469
1012,1,Tamil Nadu - 2026,12-Feb 4am,3189.367921926293
1012,2,Tamil Nadu - 2026,12-Feb 4am,3195.4440856224683
1012,3,Tamil Nadu - 2026,12-Feb 4am,3199.166739433219
1012,4,Tamil Nadu - 2026,12-Feb 4am,3196.79125301802
1013,1,Tamil Nadu - 2026,12-Feb 5am,3188.3176263768687
1013,2,Tamil Nadu - 2026,12-Feb 5am,3199.6812541267204
1013,3,Tamil Nadu - 2026,12-Feb 5am,3230.882136267576
1013,4,Tamil Nadu - 2026,12-Feb 5am,3272.298983228836
1014,1,Tamil Nadu - 2026,12-Feb 6am,3323.9317950104983
1014,2,Tamil Nadu - 2026,12-Feb 6am,3417.572914419207
1014,3,Tamil Nadu - 2026,12-Feb 6am,3553.2223414549594
1014,4,Tamil Nadu - 2026,12-Feb 6am,3745.242949115335
1015,1,Tamil Nadu - 2026,12-Feb 7am,3993.634737400331
1015,2,Tamil Nadu - 2026,12-Feb 7am,4180.428125517843
1015,3,Tamil Nadu - 2026,12-Feb 7am,4305.623113467874
1015,4,Tamil Nadu - 2026,12-Feb 7am,4391.894023613954
1016,1,Tamil Nadu - 2026,12-Feb 8am,4439.240855956085
1016,2,Tamil Nadu - 2026,12-Feb 8am,4429.587257105165
1016,3,Tamil Nadu - 2026,12-Feb 8am,4362.933227061197
1016,4,Tamil Nadu - 2026,12-Feb 8am,4213.958659877554
1017,1,Tamil Nadu - 2026,12-Feb 9am,3982.6635555542334
1017,2,Tamil Nadu - 2026,12-Feb 9am,3839.044903160092
1017,3,Tamil Nadu - 2026,12-Feb 9am,3783.1027026951256
1017,4,Tamil Nadu - 2026,12-Feb 9am,3807.0088385905487
1018,1,Tamil Nadu - 2026,12-Feb 10am,3910.763310846362
1018,2,Tamil Nadu - 2026,12-Feb 10am,3971.337823806441
1018,3,Tamil Nadu - 2026,12-Feb 10am,3988.732377470789
1018,4,Tamil Nadu - 2026,12-Feb 10am,3976.756487876408
1019,1,Tamil Nadu - 2026,12-Feb 11am,3935.410155023296
1019,2,Tamil Nadu - 2026,12-Feb 11am,3904.864578345566
1019,3,Tamil Nadu - 2026,12-Feb 11am,3885.119757843219
1019,4,Tamil Nadu - 2026,12-Feb 11am,3871.55550878792
1020,1,Tamil Nadu - 2026,12-Feb 12pm,3864.1718311796703
1020,2,Tamil Nadu - 2026,12-Feb 12pm,3850.5186339543534
1020,3,Tamil Nadu - 2026,12-Feb 12pm,3830.59591711197
1020,4,Tamil Nadu - 2026,12-Feb 12pm,3805.213617754006
1021,1,Tamil Nadu - 2026,12-Feb 1pm,3774.371735880462
1021,2,Tamil Nadu - 2026,12-Feb 1pm,3745.660739946527
1021,3,Tamil Nadu - 2026,12-Feb 1pm,3719.080629952202
1021,4,Tamil Nadu - 2026,12-Feb 1pm,3686.856894220809
1022,1,Tamil Nadu - 2026,12-Feb 2pm,3648.9895327523473
1022,2,Tamil Nadu - 2026,12-Feb 2pm,3644.5351471516897
1022,3,Tamil Nadu - 2026,12-Feb 2pm,3673.4937374188335
1022,4,Tamil Nadu - 2026,12-Feb 2pm,3738.701582677128
1023,1,Tamil Nadu - 2026,12-Feb 3pm,3840.158682926568
1023,2,Tamil Nadu - 2026,12-Feb 3pm,3921.7907618222175
1023,3,Tamil Nadu - 2026,12-Feb 3pm,3983.597819364079
1023,4,Tamil Nadu - 2026,12-Feb 3pm,4028.462735887136
1024,1,Tamil Nadu - 2026,12-Feb 4pm,4056.385511391392
1024,2,Tamil Nadu - 2026,12-Feb 4pm,4106.143140211858
1024,3,Tamil Nadu - 2026,12-Feb 4pm,4177.735622348535
1024,4,Tamil Nadu - 2026,12-Feb 4pm,4276.875726048214
1025,1,Tamil Nadu - 2026,12-Feb 5pm,4403.563451310899
1025,2,Tamil Nadu - 2026,12-Feb 5pm,4484.745194320813
1025,3,Tamil Nadu - 2026,12-Feb 5pm,4520.4209550779615
1025,4,Tamil Nadu - 2026,12-Feb 5pm,4511.860399290326
1026,1,Tamil Nadu - 2026,12-Feb 6pm,4459.063526957909
1026,2,Tamil Nadu - 2026,12-Feb 6pm,4427.465947648563
1026,3,Tamil Nadu - 2026,12-Feb 6pm,4417.067661362292
1026,4,Tamil Nadu - 2026,12-Feb 6pm,4425.772864031235
1027,1,Tamil Nadu - 2026,12-Feb 7pm,4453.5815556553935
1027,2,Tamil Nadu - 2026,12-Feb 7pm,4447.632951074058
1027,3,Tamil Nadu - 2026,12-Feb 7pm,4407.927050287226
1027,4,Tamil Nadu - 2026,12-Feb 7pm,4334.288442983323
1028,1,Tamil Nadu - 2026,12-Feb 8pm,4226.717129162347
1028,2,Tamil Nadu - 2026,12-Feb 8pm,4139.126355854471
1028,3,Tamil Nadu - 2026,12-Feb 8pm,4071.516123059693
1028,4,Tamil Nadu - 2026,12-Feb 8pm,4018.2103919234887
1029,1,Tamil Nadu - 2026,12-Feb 9pm,3979.209162445859
1029,2,Tamil Nadu - 2026,12-Feb 9pm,3934.655420723786
1029,3,Tamil Nadu - 2026,12-Feb 9pm,3884.54916675727
1029,4,Tamil Nadu - 2026,12-Feb 9pm,3831.956250073086
1030,1,Tamil Nadu - 2026,12-Feb 10pm,3776.876670671234
1030,2,Tamil Nadu - 2026,12-Feb 10pm,3720.772345294079
1030,3,Tamil Nadu - 2026,12-Feb 10pm,3663.643273941624
1030,4,Tamil Nadu - 2026,12-Feb 10pm,3603.027710093063
1031,1,Tamil Nadu - 2026,12-Feb 11pm,3538.925653748392
1031,2,Tamil Nadu - 2026,12-Feb 11pm,3484.6456672900827
1031,3,Tamil Nadu - 2026,12-Feb 11pm,3440.187750718134
1031,4,Tamil Nadu - 2026,12-Feb 11pm,3403.7909282433907
1032,1,Tamil Nadu - 2026,13-Feb 12am,3375.4551998658503
1032,2,Tamil Nadu - 2026,13-Feb 12am,3352.4378579379822
1032,3,Tamil Nadu - 2026,13-Feb 12am,3334.73890245979
1032,4,Tamil Nadu - 2026,13-Feb 12am,3324.068039736378
1033,1,Tamil Nadu - 2026,13-Feb 1am,3320.425269767751
1033,2,Tamil Nadu - 2026,13-Feb 1am,3316.2950623707798
1033,3,Tamil Nadu - 2026,13-Feb 1am,3311.677417545465
1033,4,Tamil Nadu - 2026,13-Feb 1am,3307.732250316004
1034,1,Tamil Nadu - 2026,13-Feb 2am,3304.4595606823978
1034,2,Tamil Nadu - 2026,13-Feb 2am,3302.415388682589
1034,3,Tamil Nadu - 2026,13-Feb 2am,3301.599734316578
1034,4,Tamil Nadu - 2026,13-Feb 2am,3303.205316318435
1035,1,Tamil Nadu - 2026,13-Feb 3am,3307.2321346881595
1035,2,Tamil Nadu - 2026,13-Feb 3am,3305.967836983386
1035,3,Tamil Nadu - 2026,13-Feb 3am,3299.4124232041145
1035,4,Tamil Nadu - 2026,13-Feb 3am,3285.4076051243405
1036,1,Tamil Nadu - 2026,13-Feb 4am,3263.953382744066
1036,2,Tamil Nadu - 2026,13-Feb 4am,3255.7118378616765
1036,3,Tamil Nadu - 2026,13-Feb 4am,3260.682970477172
1036,4,Tamil Nadu - 2026,13-Feb 4am,3275.471808917085
1037,1,Tamil Nadu - 2026,13-Feb 5am,3300.078353181415
1037,2,Tamil Nadu - 2026,13-Feb 5am,3334.210351512589
1037,3,Tamil Nadu - 2026,13-Feb 5am,3377.8678039106057
1037,4,Tamil Nadu - 2026,13-Feb 5am,3423.8534913953904
1038,1,Tamil Nadu - 2026,13-Feb 6am,3472.167413966941
1038,2,Tamil Nadu - 2026,13-Feb 6am,3566.2851372632967
1038,3,Tamil Nadu - 2026,13-Feb 6am,3706.2066612844583
1038,4,Tamil Nadu - 2026,13-Feb 6am,3906.600787485304
1039,1,Tamil Nadu - 2026,13-Feb 7am,4167.467515865834
1039,2,Tamil Nadu - 2026,13-Feb 7am,4357.318472058743
1039,3,Tamil Nadu - 2026,13-Feb 7am,4476.153656064036
1039,4,Tamil Nadu - 2026,13-Feb 7am,4539.870356011388
1040,1,Tamil Nadu - 2026,13-Feb 8am,4548.468571900803
1040,2,Tamil Nadu - 2026,13-Feb 8am,4538.052949321507
1040,3,Tamil Nadu - 2026,13-Feb 8am,4508.623488273502
1040,4,Tamil Nadu - 2026,13-Feb 8am,4446.264990504188
1041,1,Tamil Nadu - 2026,13-Feb 9am,4350.977456013565
1041,2,Tamil Nadu - 2026,13-Feb 9am,4270.147428728007
1041,3,Tamil Nadu - 2026,13-Feb 9am,4203.77490864752
1041,4,Tamil Nadu - 2026,13-Feb 9am,4142.200206610907
1042,1,Tamil Nadu - 2026,13-Feb 10am,4085.423322618168
1042,2,Tamil Nadu - 2026,13-Feb 10am,4044.015847710087
1042,3,Tamil Nadu - 2026,13-Feb 10am,4017.97778188666
1042,4,Tamil Nadu - 2026,13-Feb 10am,4010.4230477850847
1043,1,Tamil Nadu - 2026,13-Feb 11am,4021.3516454053606
1043,2,Tamil Nadu - 2026,13-Feb 11am,4021.508447883537
1043,3,Tamil Nadu - 2026,13-Feb 11am,4010.8934552196183
1043,4,Tamil Nadu - 2026,13-Feb 11am,3993.2064514914823
1044,1,Tamil Nadu - 2026,13-Feb 12pm,3968.4474366991312
1044,2,Tamil Nadu - 2026,13-Feb 12pm,3943.67283323923
1044,3,Tamil Nadu - 2026,13-Feb 12pm,3918.8826411117793
1044,4,Tamil Nadu - 2026,13-Feb 12pm,3892.9870889498593
1045,1,Tamil Nadu - 2026,13-Feb 1pm,3865.986176753469
1045,2,Tamil Nadu - 2026,13-Feb 1pm,3837.362110327465
1045,3,Tamil Nadu - 2026,13-Feb 1pm,3807.1148896718414
1045,4,Tamil Nadu - 2026,13-Feb 1pm,3768.9068232472255
1046,1,Tamil Nadu - 2026,13-Feb 2pm,3722.737911053616
1046,2,Tamil Nadu - 2026,13-Feb 2pm,3707.152096522421
1046,3,Tamil Nadu - 2026,13-Feb 2pm,3722.149379653646
1046,4,Tamil Nadu - 2026,13-Feb 2pm,3768.500612770317
1047,1,Tamil Nadu - 2026,13-Feb 3pm,3846.205795872435
1047,2,Tamil Nadu - 2026,13-Feb 3pm,3912.095871590413
1047,3,Tamil Nadu - 2026,13-Feb 3pm,3966.170839924251
1047,4,Tamil Nadu - 2026,13-Feb 3pm,4011.817492612902
1048,1,Tamil Nadu - 2026,13-Feb 4pm,4049.035829656364
1048,2,Tamil Nadu - 2026,13-Feb 4pm,4100.674157990512
1048,3,Tamil Nadu - 2026,13-Feb 4pm,4166.732477615341
1048,4,Tamil Nadu - 2026,13-Feb 4pm,4252.687534737785
1049,1,Tamil Nadu - 2026,13-Feb 5pm,4358.539329357841
1049,2,Tamil Nadu - 2026,13-Feb 5pm,4428.579077298061
1049,3,Tamil Nadu - 2026,13-Feb 5pm,4462.80677855845
1049,4,Tamil Nadu - 2026,13-Feb 5pm,4461.864814785649
1050,1,Tamil Nadu - 2026,13-Feb 6pm,4425.753185979662
1050,2,Tamil Nadu - 2026,13-Feb 6pm,4406.326386438061
1050,3,Tamil Nadu - 2026,13-Feb 6pm,4403.584416160845
1050,4,Tamil Nadu - 2026,13-Feb 6pm,4415.466011421434
1051,1,Tamil Nadu - 2026,13-Feb 7pm,4441.971172219824
1051,2,Tamil Nadu - 2026,13-Feb 7pm,4443.612986617943
1051,3,Tamil Nadu - 2026,13-Feb 7pm,4420.391454615794
1051,4,Tamil Nadu - 2026,13-Feb 7pm,4374.984386546439
1052,1,Tamil Nadu - 2026,13-Feb 8pm,4307.391782409875
1052,2,Tamil Nadu - 2026,13-Feb 8pm,4241.0336921458
1052,3,Tamil Nadu - 2026,13-Feb 8pm,4175.910115754219
1052,4,Tamil Nadu - 2026,13-Feb 8pm,4106.444409690104
1053,1,Tamil Nadu - 2026,13-Feb 9pm,4032.636573953457
1053,2,Tamil Nadu - 2026,13-Feb 9pm,3964.526419874715
1053,3,Tamil Nadu - 2026,13-Feb 9pm,3902.113947453877
1053,4,Tamil Nadu - 2026,13-Feb 9pm,3844.9430587179504
1054,1,Tamil Nadu - 2026,13-Feb 10pm,3793.013753666934
1054,2,Tamil Nadu - 2026,13-Feb 10pm,3739.022808808358
1054,3,Tamil Nadu - 2026,13-Feb 10pm,3682.970224142226
1054,4,Tamil Nadu - 2026,13-Feb 10pm,3623.803213382481
1055,1,Tamil Nadu - 2026,13-Feb 11pm,3561.521776529119
1055,2,Tamil Nadu - 2026,13-Feb 11pm,3509.7458547909528
1055,3,Tamil Nadu - 2026,13-Feb 11pm,3468.4754481679824
1055,4,Tamil Nadu - 2026,13-Feb 11pm,3436.676920511946
1056,1,Tamil Nadu - 2026,14-Feb 12am,3414.3502718228456
1056,2,Tamil Nadu - 2026,14-Feb 12am,3394.077377781433
1056,3,Tamil Nadu - 2026,14-Feb 12am,3375.8582383877074
1056,4,Tamil Nadu - 2026,14-Feb 12am,3361.3941120080144
1057,1,Tamil Nadu - 2026,14-Feb 1am,3350.6849986423563
1057,2,Tamil Nadu - 2026,14-Feb 1am,3340.941472411909
1057,3,Tamil Nadu - 2026,14-Feb 1am,3332.163533316673
1057,4,Tamil Nadu - 2026,14-Feb 1am,3325.4399956290613
1058,1,Tamil Nadu - 2026,14-Feb 2am,3320.7708593490715
1058,2,Tamil Nadu - 2026,14-Feb 2am,3314.4126647210514
1058,3,Tamil Nadu - 2026,14-Feb 2am,3306.3654117450037
1058,4,Tamil Nadu - 2026,14-Feb 2am,3296.331064184873
1059,1,Tamil Nadu - 2026,14-Feb 3am,3284.3096220406624
1059,2,Tamil Nadu - 2026,14-Feb 3am,3275.832762484336
1059,3,Tamil Nadu - 2026,14-Feb 3am,3270.9004855158933
1059,4,Tamil Nadu - 2026,14-Feb 3am,3269.087129959108
1060,1,Tamil Nadu - 2026,14-Feb 4am,3270.3926958139805
1060,2,Tamil Nadu - 2026,14-Feb 4am,3271.8394729659026
1060,3,Tamil Nadu - 2026,14-Feb 4am,3273.427461414873
1060,4,Tamil Nadu - 2026,14-Feb 4am,3273.040369805244
1061,1,Tamil Nadu - 2026,14-Feb 5am,3270.6781981370104
1061,2,Tamil Nadu - 2026,14-Feb 5am,3282.016404658687
1061,3,Tamil Nadu - 2026,14-Feb 5am,3307.0549893702755
1061,4,Tamil Nadu - 2026,14-Feb 5am,3339.9304078340274
1062,1,Tamil Nadu - 2026,14-Feb 6am,3380.6426600499403
1062,2,Tamil Nadu - 2026,14-Feb 6am,3448.697554395991
1062,3,Tamil Nadu - 2026,14-Feb 6am,3544.0950908721825
1062,4,Tamil Nadu - 2026,14-Feb 6am,3675.1646946818864
1063,1,Tamil Nadu - 2026,14-Feb 7am,3841.906365825105
1063,2,Tamil Nadu - 2026,14-Feb 7am,3974.8377447036014
1063,3,Tamil Nadu - 2026,14-Feb 7am,4073.9588313173754
1063,4,Tamil Nadu - 2026,14-Feb 7am,4149.957058153918
1064,1,Tamil Nadu - 2026,14-Feb 8am,4202.832425213237
1064,2,Tamil Nadu - 2026,14-Feb 8am,4237.942697168586
1064,3,Tamil Nadu - 2026,14-Feb 8am,4255.287874019969
1064,4,Tamil Nadu - 2026,14-Feb 8am,4250.327003598207
1065,1,Tamil Nadu - 2026,14-Feb 9am,4223.060085903297
1065,2,Tamil Nadu - 2026,14-Feb 9am,4195.375069277055
1065,3,Tamil Nadu - 2026,14-Feb 9am,4167.271953719484
1065,4,Tamil Nadu - 2026,14-Feb 9am,4131.842891100163
1066,1,Tamil Nadu - 2026,14-Feb 10am,4089.0878814190905
1066,2,Tamil Nadu - 2026,14-Feb 10am,4058.566065116966
1066,3,Tamil Nadu - 2026,14-Feb 10am,4040.277442193792
1066,4,Tamil Nadu - 2026,14-Feb 10am,4035.088611270152
1067,1,Tamil Nadu - 2026,14-Feb 11am,4042.999572346048
1067,2,Tamil Nadu - 2026,14-Feb 11am,4039.251593257258
1067,3,Tamil Nadu - 2026,14-Feb 11am,4023.844674003782
1067,4,Tamil Nadu - 2026,14-Feb 11am,3999.2541603929126
1068,1,Tamil Nadu - 2026,14-Feb 12pm,3965.480052424651
1068,2,Tamil Nadu - 2026,14-Feb 12pm,3932.4290074194582
1068,3,Tamil Nadu - 2026,14-Feb 12pm,3900.101025377335
1068,4,Tamil Nadu - 2026,14-Feb 12pm,3864.569914778555
1069,1,Tamil Nadu - 2026,14-Feb 1pm,3825.835675623119
1069,2,Tamil Nadu - 2026,14-Feb 1pm,3797.548799708919
1069,3,Tamil Nadu - 2026,14-Feb 1pm,3779.709287035956
1069,4,Tamil Nadu - 2026,14-Feb 1pm,3768.986237632007
1070,1,Tamil Nadu - 2026,14-Feb 2pm,3765.379651497074
1070,2,Tamil Nadu - 2026,14-Feb 2pm,3775.224436666586
1070,3,Tamil Nadu - 2026,14-Feb 2pm,3798.520593140547
1070,4,Tamil Nadu - 2026,14-Feb 2pm,3837.085318695792
1071,1,Tamil Nadu - 2026,14-Feb 3pm,3890.918613332324
1071,2,Tamil Nadu - 2026,14-Feb 3pm,3942.7823823536833
1071,3,Tamil Nadu - 2026,14-Feb 3pm,3992.676625759872
1071,4,Tamil Nadu - 2026,14-Feb 3pm,4043.69237855412
1072,1,Tamil Nadu - 2026,14-Feb 4pm,4095.8296407364255
1072,2,Tamil Nadu - 2026,14-Feb 4pm,4147.780296983865
1072,3,Tamil Nadu - 2026,14-Feb 4pm,4199.544347296436
1072,4,Tamil Nadu - 2026,14-Feb 4pm,4251.815714983275
1073,1,Tamil Nadu - 2026,14-Feb 5pm,4304.594400044384
1073,2,Tamil Nadu - 2026,14-Feb 5pm,4355.024977947881
1073,3,Tamil Nadu - 2026,14-Feb 5pm,4403.107448693763
1073,4,Tamil Nadu - 2026,14-Feb 5pm,4455.303173313971
1074,1,Tamil Nadu - 2026,14-Feb 6pm,4511.612151808505
1074,2,Tamil Nadu - 2026,14-Feb 6pm,4536.12164251762
1074,3,Tamil Nadu - 2026,14-Feb 6pm,4528.831645441321
1074,4,Tamil Nadu - 2026,14-Feb 6pm,4489.654560232556
1075,1,Tamil Nadu - 2026,14-Feb 7pm,4418.590386891326
1075,2,Tamil Nadu - 2026,14-Feb 7pm,4352.077469159668
1075,3,Tamil Nadu - 2026,14-Feb 7pm,4290.115807037576
1075,4,Tamil Nadu - 2026,14-Feb 7pm,4224.776336911432
1076,1,Tamil Nadu - 2026,14-Feb 8pm,4156.05905878123
1076,2,Tamil Nadu - 2026,14-Feb 8pm,4095.1000105866906
1076,3,Tamil Nadu - 2026,14-Feb 8pm,4041.899192327811
1076,4,Tamil Nadu - 2026,14-Feb 8pm,3995.621738304269
1077,1,Tamil Nadu - 2026,14-Feb 9pm,3956.267648516067
1077,2,Tamil Nadu - 2026,14-Feb 9pm,3917.710079225416
1077,3,Tamil Nadu - 2026,14-Feb 9pm,3879.9490304323167
1077,4,Tamil Nadu - 2026,14-Feb 9pm,3845.1732418262
1078,1,Tamil Nadu - 2026,14-Feb 10pm,3813.3827134070657
1078,2,Tamil Nadu - 2026,14-Feb 10pm,3777.571850776125
1078,3,Tamil Nadu - 2026,14-Feb 10pm,3737.740653933373
1078,4,Tamil Nadu - 2026,14-Feb 10pm,3693.2647818834366
1079,1,Tamil Nadu - 2026,14-Feb 11pm,3644.1442346263175
1079,2,Tamil Nadu - 2026,14-Feb 11pm,3601.1306525330583
1079,3,Tamil Nadu - 2026,14-Feb 11pm,3564.2240356036627
1079,4,Tamil Nadu - 2026,14-Feb 11pm,3531.6610772369613
1080,1,Tamil Nadu - 2026,15-Feb 12am,3503.4417774329554
1080,2,Tamil Nadu - 2026,15-Feb 12am,3479.3943354276
1080,3,Tamil Nadu - 2026,15-Feb 12am,3459.518751220891
1080,4,Tamil Nadu - 2026,15-Feb 12am,3444.7751359185536
1081,1,Tamil Nadu - 2026,15-Feb 1am,3435.163489520588
1081,2,Tamil Nadu - 2026,15-Feb 1am,3425.0949461567097
1081,3,Tamil Nadu - 2026,15-Feb 1am,3414.56950582692
1081,4,Tamil Nadu - 2026,15-Feb 1am,3404.6520584957816
1082,1,Tamil Nadu - 2026,15-Feb 2am,3395.342604163296
1082,2,Tamil Nadu - 2026,15-Feb 2am,3385.8406689123585
1082,3,Tamil Nadu - 2026,15-Feb 2am,3376.146252742968
1082,4,Tamil Nadu - 2026,15-Feb 2am,3366.210474181379
1083,1,Tamil Nadu - 2026,15-Feb 3am,3356.0333332275927
1083,2,Tamil Nadu - 2026,15-Feb 3am,3346.708592641187
1083,3,Tamil Nadu - 2026,15-Feb 3am,3338.23625242216
1083,4,Tamil Nadu - 2026,15-Feb 3am,3329.801821709061
1084,1,Tamil Nadu - 2026,15-Feb 4am,3321.405300501892
1084,2,Tamil Nadu - 2026,15-Feb 4am,3316.8398712097755
1084,3,Tamil Nadu - 2026,15-Feb 4am,3316.1055338327146
1084,4,Tamil Nadu - 2026,15-Feb 4am,3318.149294455618
1085,1,Tamil Nadu - 2026,15-Feb 5am,3322.971153078487
1085,2,Tamil Nadu - 2026,15-Feb 5am,3333.095890782732
1085,3,Tamil Nadu - 2026,15-Feb 5am,3348.52350756835
1085,4,Tamil Nadu - 2026,15-Feb 5am,3366.059448570431
1086,1,Tamil Nadu - 2026,15-Feb 6am,3385.703713788976
1086,2,Tamil Nadu - 2026,15-Feb 6am,3424.0988513320453
1086,3,Tamil Nadu - 2026,15-Feb 6am,3481.244861199641
1086,4,Tamil Nadu - 2026,15-Feb 6am,3560.982573679338
1087,1,Tamil Nadu - 2026,15-Feb 7am,3663.3119887711377
1087,2,Tamil Nadu - 2026,15-Feb 7am,3748.545576641523
1087,3,Tamil Nadu - 2026,15-Feb 7am,3816.683337290497
1087,4,Tamil Nadu - 2026,15-Feb 7am,3876.8390972968414
1088,1,Tamil Nadu - 2026,15-Feb 8am,3929.0128566605567
1088,2,Tamil Nadu - 2026,15-Feb 8am,3958.2091857424543
1088,3,Tamil Nadu - 2026,15-Feb 8am,3964.428084542533
1088,4,Tamil Nadu - 2026,15-Feb 8am,3946.189873054456
1089,1,Tamil Nadu - 2026,15-Feb 9am,3903.494551278226
1089,2,Tamil Nadu - 2026,15-Feb 9am,3860.215628891048
1089,3,Tamil Nadu - 2026,15-Feb 9am,3816.3531058929207
1089,4,Tamil Nadu - 2026,15-Feb 9am,3765.7967139378056
1090,1,Tamil Nadu - 2026,15-Feb 10am,3708.546453025703
1090,2,Tamil Nadu - 2026,15-Feb 10am,3657.3904235556415
1090,3,Tamil Nadu - 2026,15-Feb 10am,3612.3286255276257
1090,4,Tamil Nadu - 2026,15-Feb 10am,3570.7544978910296
1091,1,Tamil Nadu - 2026,15-Feb 11am,3532.668040645852
1091,2,Tamil Nadu - 2026,15-Feb 11am,3500.920519696806
1091,3,Tamil Nadu - 2026,15-Feb 11am,3475.511935043892
1091,4,Tamil Nadu - 2026,15-Feb 11am,3456.46950461345
1092,1,Tamil Nadu - 2026,15-Feb 12pm,3443.793228405486
1092,2,Tamil Nadu - 2026,15-Feb 12pm,3434.4685329572167
1092,3,Tamil Nadu - 2026,15-Feb 12pm,3428.495418268644
1092,4,Tamil Nadu - 2026,15-Feb 12pm,3427.1628203686537
1093,1,Tamil Nadu - 2026,15-Feb 1pm,3430.470739257245
1093,2,Tamil Nadu - 2026,15-Feb 1pm,3433.700132223884
1093,3,Tamil Nadu - 2026,15-Feb 1pm,3436.8509992685717
1093,4,Tamil Nadu - 2026,15-Feb 1pm,3443.2381292503
1094,1,Tamil Nadu - 2026,15-Feb 2pm,3452.8615221690707
1094,2,Tamil Nadu - 2026,15-Feb 2pm,3450.551487581456
1094,3,Tamil Nadu - 2026,15-Feb 2pm,3436.308025487456
1094,4,Tamil Nadu - 2026,15-Feb 2pm,3404.5389647620173
1095,1,Tamil Nadu - 2026,15-Feb 3pm,3355.2443054051378
1095,2,Tamil Nadu - 2026,15-Feb 3pm,3337.146764610576
1095,3,Tamil Nadu - 2026,15-Feb 3pm,3350.246342378336
1095,4,Tamil Nadu - 2026,15-Feb 3pm,3390.7925876059508
1096,1,Tamil Nadu - 2026,15-Feb 4pm,3458.7855002934216
1096,2,Tamil Nadu - 2026,15-Feb 4pm,3528.00506986177
1096,3,Tamil Nadu - 2026,15-Feb 4pm,3598.451296310997
1096,4,Tamil Nadu - 2026,15-Feb 4pm,3680.7581335338114
1097,1,Tamil Nadu - 2026,15-Feb 5pm,3774.925581530212
1097,2,Tamil Nadu - 2026,15-Feb 5pm,3843.369927522928
1097,3,Tamil Nadu - 2026,15-Feb 5pm,3886.091171511962
1097,4,Tamil Nadu - 2026,15-Feb 5pm,3906.9533194348983
1098,1,Tamil Nadu - 2026,15-Feb 6pm,3905.9563712917407
1098,2,Tamil Nadu - 2026,15-Feb 6pm,3897.500004234225
1098,3,Tamil Nadu - 2026,15-Feb 6pm,3881.5842182623487
1098,4,Tamil Nadu - 2026,15-Feb 6pm,3853.449406211685
1099,1,Tamil Nadu - 2026,15-Feb 7pm,3813.0955680822335
1099,2,Tamil Nadu - 2026,15-Feb 7pm,3774.680669708835
1099,3,Tamil Nadu - 2026,15-Feb 7pm,3738.204711091485
1099,4,Tamil Nadu - 2026,15-Feb 7pm,3701.759051117445
1100,1,Tamil Nadu - 2026,15-Feb 8pm,3665.343689786717
1100,2,Tamil Nadu - 2026,15-Feb 8pm,3626.2525079409047
1100,3,Tamil Nadu - 2026,15-Feb 8pm,3584.4855055800126
1100,4,Tamil Nadu - 2026,15-Feb 8pm,3538.9682966923656
1101,1,Tamil Nadu - 2026,15-Feb 9pm,3489.700881277965
1101,2,Tamil Nadu - 2026,15-Feb 9pm,3445.8356945652304
1101,3,Tamil Nadu - 2026,15-Feb 9pm,3407.3727365541627
1101,4,Tamil Nadu - 2026,15-Feb 9pm,3373.6406876026413
1102,1,Tamil Nadu - 2026,15-Feb 10pm,3344.6395477106644
1102,2,Tamil Nadu - 2026,15-Feb 10pm,3315.2447995025395
1102,3,Tamil Nadu - 2026,15-Feb 10pm,3285.4564429782654
1102,4,Tamil Nadu - 2026,15-Feb 10pm,3255.95920980853
1103,1,Tamil Nadu - 2026,15-Feb 11pm,3226.7530999933338
1103,2,Tamil Nadu - 2026,15-Feb 11pm,3198.8542408842472
1103,3,Tamil Nadu - 2026,15-Feb 11pm,3172.262632481268
1103,4,Tamil Nadu - 2026,15-Feb 11pm,3145.670026641152
1104,1,Tamil Nadu - 2026,16-Feb 12am,3119.076423363896
1104,2,Tamil Nadu - 2026,16-Feb 12am,3099.315184157418
1104,3,Tamil Nadu - 2026,16-Feb 12am,3086.386309021721
1104,4,Tamil Nadu - 2026,16-Feb 12am,3081.0420834569645
1105,1,Tamil Nadu - 2026,16-Feb 1am,3083.282507463144
1105,2,Tamil Nadu - 2026,16-Feb 1am,3081.760506531399
1105,3,Tamil Nadu - 2026,16-Feb 1am,3076.476080661731
1105,4,Tamil Nadu - 2026,16-Feb 1am,3068.5409053437256
1106,1,Tamil Nadu - 2026,16-Feb 2am,3057.954980577385
1106,2,Tamil Nadu - 2026,16-Feb 2am,3049.395327934036
1106,3,Tamil Nadu - 2026,16-Feb 2am,3042.861947413681
1106,4,Tamil Nadu - 2026,16-Feb 2am,3037.3277440749
1107,1,Tamil Nadu - 2026,16-Feb 3am,3032.792717917692
1107,2,Tamil Nadu - 2026,16-Feb 3am,3030.742417019238
1107,3,Tamil Nadu - 2026,16-Feb 3am,3031.1768413795357
1107,4,Tamil Nadu - 2026,16-Feb 3am,3034.5280236835342
1108,1,Tamil Nadu - 2026,16-Feb 4am,3040.7959639312357
1108,2,Tamil Nadu - 2026,16-Feb 4am,3045.9029179357644
1108,3,Tamil Nadu - 2026,16-Feb 4am,3049.848885697122
1108,4,Tamil Nadu - 2026,16-Feb 4am,3049.4622324358784
1109,1,Tamil Nadu - 2026,16-Feb 5am,3044.7429581520355
1109,2,Tamil Nadu - 2026,16-Feb 5am,3058.7986157090336
1109,3,Tamil Nadu - 2026,16-Feb 5am,3091.6292051068726
1109,4,Tamil Nadu - 2026,16-Feb 5am,3134.819221032058
1110,1,Tamil Nadu - 2026,16-Feb 6am,3188.3686634845917
1110,2,Tamil Nadu - 2026,16-Feb 6am,3279.6630114819923
1110,3,Tamil Nadu - 2026,16-Feb 6am,3408.7022650242616
1110,4,Tamil Nadu - 2026,16-Feb 6am,3587.526060009155
1111,1,Tamil Nadu - 2026,16-Feb 7am,3816.134396436671
1111,2,Tamil Nadu - 2026,16-Feb 7am,3994.903979902766
1111,3,Tamil Nadu - 2026,16-Feb 7am,4123.83481040744
1111,4,Tamil Nadu - 2026,16-Feb 7am,4218.786813253123
1112,1,Tamil Nadu - 2026,16-Feb 8am,4279.759988439818
1112,2,Tamil Nadu - 2026,16-Feb 8am,4311.218078556979
1112,3,Tamil Nadu - 2026,16-Feb 8am,4313.161083604603
1112,4,Tamil Nadu - 2026,16-Feb 8am,4272.600849398602
1113,1,Tamil Nadu - 2026,16-Feb 9am,4189.537375938979
1113,2,Tamil Nadu - 2026,16-Feb 9am,4137.435845740803
1113,3,Tamil Nadu - 2026,16-Feb 9am,4116.296258804077
1113,4,Tamil Nadu - 2026,16-Feb 9am,4123.480519516141
1114,1,Tamil Nadu - 2026,16-Feb 10am,4158.9886278769945
1114,2,Tamil Nadu - 2026,16-Feb 10am,4165.183975047527
1114,3,Tamil Nadu - 2026,16-Feb 10am,4142.066561027742
1114,4,Tamil Nadu - 2026,16-Feb 10am,4090.730836047737
1115,1,Tamil Nadu - 2026,16-Feb 11am,4011.176800107513
1115,2,Tamil Nadu - 2026,16-Feb 11am,3954.47436066558
1115,3,Tamil Nadu - 2026,16-Feb 11am,3920.623517721938
1115,4,Tamil Nadu - 2026,16-Feb 11am,3904.91532150497
1116,1,Tamil Nadu - 2026,16-Feb 12pm,3907.3497720146775
1116,2,Tamil Nadu - 2026,16-Feb 12pm,3905.1106604222455
1116,3,Tamil Nadu - 2026,16-Feb 12pm,3898.197986727675
1116,4,Tamil Nadu - 2026,16-Feb 12pm,3892.9415808354015
1117,1,Tamil Nadu - 2026,16-Feb 1pm,3889.341442745429
1117,2,Tamil Nadu - 2026,16-Feb 1pm,3872.234801859947
1117,3,Tamil Nadu - 2026,16-Feb 1pm,3841.621658178958
1117,4,Tamil Nadu - 2026,16-Feb 1pm,3788.9420972156654
1118,1,Tamil Nadu - 2026,16-Feb 2pm,3714.196118970074
1118,2,Tamil Nadu - 2026,16-Feb 2pm,3683.905980960746
1118,3,Tamil Nadu - 2026,16-Feb 2pm,3698.071683187682
1118,4,Tamil Nadu - 2026,16-Feb 2pm,3756.8262168814977
1119,1,Tamil Nadu - 2026,16-Feb 3pm,3860.169582042197
1119,2,Tamil Nadu - 2026,16-Feb 3pm,3940.7815737675055
1119,3,Tamil Nadu - 2026,16-Feb 3pm,3998.662192057423
1119,4,Tamil Nadu - 2026,16-Feb 3pm,4039.166652132875
1120,1,Tamil Nadu - 2026,16-Feb 4pm,4062.294953993865
1120,2,Tamil Nadu - 2026,16-Feb 4pm,4103.236011217103
1120,3,Tamil Nadu - 2026,16-Feb 4pm,4161.989823802596
1120,4,Tamil Nadu - 2026,16-Feb 4pm,4241.729210986436
1121,1,Tamil Nadu - 2026,16-Feb 5pm,4342.454172768626
1121,2,Tamil Nadu - 2026,16-Feb 5pm,4409.938880155867
1121,3,Tamil Nadu - 2026,16-Feb 5pm,4444.183333148162
1121,4,Tamil Nadu - 2026,16-Feb 5pm,4448.363613927343
1122,1,Tamil Nadu - 2026,16-Feb 6pm,4422.479722493411
1122,2,Tamil Nadu - 2026,16-Feb 6pm,4401.700994748654
1122,3,Tamil Nadu - 2026,16-Feb 6pm,4386.027430693065
1122,4,Tamil Nadu - 2026,16-Feb 6pm,4372.431852064869
1123,1,Tamil Nadu - 2026,16-Feb 7pm,4360.914258864064
1123,2,Tamil Nadu - 2026,16-Feb 7pm,4334.468384759051
1123,3,Tamil Nadu - 2026,16-Feb 7pm,4293.094229749829
1123,4,Tamil Nadu - 2026,16-Feb 7pm,4235.223126627056
1124,1,Tamil Nadu - 2026,16-Feb 8pm,4160.8550753907375
1124,2,Tamil Nadu - 2026,16-Feb 8pm,4096.408345628507
1124,3,Tamil Nadu - 2026,16-Feb 8pm,4041.882937340369
1124,4,Tamil Nadu - 2026,16-Feb 8pm,3993.6236416403863
1125,1,Tamil Nadu - 2026,16-Feb 9pm,3951.6304585285584
1125,2,Tamil Nadu - 2026,16-Feb 9pm,3911.4163717328615
1125,3,Tamil Nadu - 2026,16-Feb 9pm,3872.981381253296
1125,4,Tamil Nadu - 2026,16-Feb 9pm,3838.771788485283
1126,1,Tamil Nadu - 2026,16-Feb 10pm,3808.787593428823
1126,2,Tamil Nadu - 2026,16-Feb 10pm,3772.8380039834046
1126,3,Tamil Nadu - 2026,16-Feb 10pm,3730.923020149028
1126,4,Tamil Nadu - 2026,16-Feb 10pm,3682.411382438744
1127,1,Tamil Nadu - 2026,16-Feb 11pm,3627.303090852552
1127,2,Tamil Nadu - 2026,16-Feb 11pm,3579.5764944126554
1127,3,Tamil Nadu - 2026,16-Feb 11pm,3539.231593119056
1127,4,Tamil Nadu - 2026,16-Feb 11pm,3503.488821615737
1128,1,Tamil Nadu - 2026,17-Feb 12am,3472.3481799027013
1128,2,Tamil Nadu - 2026,17-Feb 12am,3448.508711093822
1128,3,Tamil Nadu - 2026,17-Feb 12am,3431.970415189098
1128,4,Tamil Nadu - 2026,17-Feb 12am,3424.2526938143787
1129,1,Tamil Nadu - 2026,17-Feb 1am,3425.3555469696635
1129,2,Tamil Nadu - 2026,17-Feb 1am,3423.46352178599
1129,3,Tamil Nadu - 2026,17-Feb 1am,3418.5766182633583
1129,4,Tamil Nadu - 2026,17-Feb 1am,3412.7743129809883
1130,1,Tamil Nadu - 2026,17-Feb 2am,3406.0566059388807
1130,2,Tamil Nadu - 2026,17-Feb 2am,3397.762090530671
1130,3,Tamil Nadu - 2026,17-Feb 2am,3387.890766756361
1130,4,Tamil Nadu - 2026,17-Feb 2am,3375.0405367740877
1131,1,Tamil Nadu - 2026,17-Feb 3am,3359.2114005838466
1131,2,Tamil Nadu - 2026,17-Feb 3am,3349.477351843192
1131,3,Tamil Nadu - 2026,17-Feb 3am,3345.8383905521223
1131,4,Tamil Nadu - 2026,17-Feb 3am,3349.00285702084
1132,1,Tamil Nadu - 2026,17-Feb 4am,3358.970751249342
1132,2,Tamil Nadu - 2026,17-Feb 4am,3362.4180377188736
1132,3,Tamil Nadu - 2026,17-Feb 4am,3359.344716429435
1132,4,Tamil Nadu - 2026,17-Feb 4am,3346.0964946023496
1133,1,Tamil Nadu - 2026,17-Feb 5am,3322.6733722376225
1133,2,Tamil Nadu - 2026,17-Feb 5am,3324.325141526045
1133,3,Tamil Nadu - 2026,17-Feb 5am,3351.0518024676185
1133,4,Tamil Nadu - 2026,17-Feb 5am,3394.7196837687143
1134,1,Tamil Nadu - 2026,17-Feb 6am,3455.3287854293344
1134,2,Tamil Nadu - 2026,17-Feb 6am,3546.4313430204425
1134,3,Tamil Nadu - 2026,17-Feb 6am,3668.0273565420407
1134,4,Tamil Nadu - 2026,17-Feb 6am,3832.7125150081824
1135,1,Tamil Nadu - 2026,17-Feb 7am,4040.486818418869
1135,2,Tamil Nadu - 2026,17-Feb 7am,4202.223897118802
1135,3,Tamil Nadu - 2026,17-Feb 7am,4317.923751107981
1135,4,Tamil Nadu - 2026,17-Feb 7am,4401.935533354348
1136,1,Tamil Nadu - 2026,17-Feb 8am,4454.259243857901
1136,2,Tamil Nadu - 2026,17-Feb 8am,4477.9263344663
1136,3,Tamil Nadu - 2026,17-Feb 8am,4472.936805179544
1136,4,Tamil Nadu - 2026,17-Feb 8am,4429.727616496254
1137,1,Tamil Nadu - 2026,17-Feb 9am,4348.298768416425
1137,2,Tamil Nadu - 2026,17-Feb 9am,4282.997046100689
1137,3,Tamil Nadu - 2026,17-Feb 9am,4233.822449549046
1137,4,Tamil Nadu - 2026,17-Feb 9am,4192.341735933839
1138,1,Tamil Nadu - 2026,17-Feb 10am,4158.554905255068
1138,2,Tamil Nadu - 2026,17-Feb 10am,4128.714629318033
1138,3,Tamil Nadu - 2026,17-Feb 10am,4102.820908122735
1138,4,Tamil Nadu - 2026,17-Feb 10am,4087.979557304164
1139,1,Tamil Nadu - 2026,17-Feb 11am,4084.19057686232
1139,2,Tamil Nadu - 2026,17-Feb 11am,4052.566401181959
1139,3,Tamil Nadu - 2026,17-Feb 11am,3993.10703026308
1139,4,Tamil Nadu - 2026,17-Feb 11am,3898.18599169264
1140,1,Tamil Nadu - 2026,17-Feb 12pm,3767.80328547064
1140,2,Tamil Nadu - 2026,17-Feb 12pm,3686.60531169058
1140,3,Tamil Nadu - 2026,17-Feb 12pm,3654.592070352456
1140,4,Tamil Nadu - 2026,17-Feb 12pm,3672.579332486324
1141,1,Tamil Nadu - 2026,17-Feb 1pm,3740.567098092186
1141,2,Tamil Nadu - 2026,17-Feb 1pm,3769.014340896215
1141,3,Tamil Nadu - 2026,17-Feb 1pm,3757.921060898413
1141,4,Tamil Nadu - 2026,17-Feb 1pm,3707.617500113187
1142,1,Tamil Nadu - 2026,17-Feb 2pm,3618.1036585405327
1142,2,Tamil Nadu - 2026,17-Feb 2pm,3576.9391103678527
1142,3,Tamil Nadu - 2026,17-Feb 2pm,3584.1238555951445
1142,4,Tamil Nadu - 2026,17-Feb 2pm,3635.1433754964696
1143,1,Tamil Nadu - 2026,17-Feb 3pm,3729.997670071829
1143,2,Tamil Nadu - 2026,17-Feb 3pm,3808.214277489461
1143,3,Tamil Nadu - 2026,17-Feb 3pm,3869.793197749365
1143,4,Tamil Nadu - 2026,17-Feb 3pm,3920.294854689346
1144,1,Tamil Nadu - 2026,17-Feb 4pm,3959.719248309403
1144,2,Tamil Nadu - 2026,17-Feb 4pm,4015.176297414481
1144,3,Tamil Nadu - 2026,17-Feb 4pm,4086.6660020045774
1144,4,Tamil Nadu - 2026,17-Feb 4pm,4181.718452271539
1145,1,Tamil Nadu - 2026,17-Feb 5pm,4300.333648215364
1145,2,Tamil Nadu - 2026,17-Feb 5pm,4370.221129880042
1145,3,Tamil Nadu - 2026,17-Feb 5pm,4391.380897265572
1145,4,Tamil Nadu - 2026,17-Feb 5pm,4362.344324639022
1146,1,Tamil Nadu - 2026,17-Feb 6pm,4283.111412000392
1146,2,Tamil Nadu - 2026,17-Feb 6pm,4234.784373703283
1146,3,Tamil Nadu - 2026,17-Feb 6pm,4217.363209747691
1146,4,Tamil Nadu - 2026,17-Feb 6pm,4227.431004548633
1147,1,Tamil Nadu - 2026,17-Feb 7pm,4264.987758106112
1147,2,Tamil Nadu - 2026,17-Feb 7pm,4269.432749576425
1147,3,Tamil Nadu - 2026,17-Feb 7pm,4240.765978959566
1147,4,Tamil Nadu - 2026,17-Feb 7pm,4181.513513357898
1148,1,Tamil Nadu - 2026,17-Feb 8pm,4091.675352771417
1148,2,Tamil Nadu - 2026,17-Feb 8pm,4016.695815429691
1148,3,Tamil Nadu - 2026,17-Feb 8pm,3956.574901332716
1148,4,Tamil Nadu - 2026,17-Feb 8pm,3905.353930466175
1149,1,Tamil Nadu - 2026,17-Feb 9pm,3863.032902830066
1149,2,Tamil Nadu - 2026,17-Feb 9pm,3819.919580280742
1149,3,Tamil Nadu - 2026,17-Feb 9pm,3776.0139628182
1149,4,Tamil Nadu - 2026,17-Feb 9pm,3733.693554070992
1150,1,Tamil Nadu - 2026,17-Feb 10pm,3692.958354039116
1150,2,Tamil Nadu - 2026,17-Feb 10pm,3649.23557909493
1150,3,Tamil Nadu - 2026,17-Feb 10pm,3602.525229238435
1150,4,Tamil Nadu - 2026,17-Feb 10pm,3551.990837627518
1151,1,Tamil Nadu - 2026,17-Feb 11pm,3497.63240426218
1151,2,Tamil Nadu - 2026,17-Feb 11pm,3449.0415138227363
1151,3,Tamil Nadu - 2026,17-Feb 11pm,3406.218166309187
1151,4,Tamil Nadu - 2026,17-Feb 11pm,3366.7979156058973
1152,1,Tamil Nadu - 2026,18-Feb 12am,3330.7807617128697
1152,2,Tamil Nadu - 2026,18-Feb 12am,3302.761796643587
1152,3,Tamil Nadu - 2026,18-Feb 12am,3282.7410203980494
1152,4,Tamil Nadu - 2026,18-Feb 12am,3271.4964212454947
1153,1,Tamil Nadu - 2026,18-Feb 1am,3269.027999185921
1153,2,Tamil Nadu - 2026,18-Feb 1am,3266.0727325904263
1153,3,Tamil Nadu - 2026,18-Feb 1am,3262.6306214590063
1153,4,Tamil Nadu - 2026,18-Feb 1am,3261.5586467646467
1154,1,Tamil Nadu - 2026,18-Feb 2am,3262.856808507346
1154,2,Tamil Nadu - 2026,18-Feb 2am,3258.646242478112
1154,3,Tamil Nadu - 2026,18-Feb 2am,3248.9269486769444
1154,4,Tamil Nadu - 2026,18-Feb 2am,3231.9000003375977
1155,1,Tamil Nadu - 2026,18-Feb 3am,3207.5653974600723
1155,2,Tamil Nadu - 2026,18-Feb 3am,3194.595564850833
1155,3,Tamil Nadu - 2026,18-Feb 3am,3192.99050250988
1155,4,Tamil Nadu - 2026,18-Feb 3am,3203.3285351792147
1156,1,Tamil Nadu - 2026,18-Feb 4am,3225.60966285884
1156,2,Tamil Nadu - 2026,18-Feb 4am,3237.691512290273
1156,3,Tamil Nadu - 2026,18-Feb 4am,3239.574083473514
1156,4,Tamil Nadu - 2026,18-Feb 4am,3228.474741377373
1157,1,Tamil Nadu - 2026,18-Feb 5am,3204.393486001848
1157,2,Tamil Nadu - 2026,18-Feb 5am,3206.168500792575
1157,3,Tamil Nadu - 2026,18-Feb 5am,3233.799785749557
1157,4,Tamil Nadu - 2026,18-Feb 5am,3275.3182274560204
1158,1,Tamil Nadu - 2026,18-Feb 6am,3330.723825911962
1158,2,Tamil Nadu - 2026,18-Feb 6am,3432.993078172391
1158,3,Tamil Nadu - 2026,18-Feb 6am,3582.1259842373065
1158,4,Tamil Nadu - 2026,18-Feb 6am,3794.14711167834
1159,1,Tamil Nadu - 2026,18-Feb 7am,4069.056460495486
1159,2,Tamil Nadu - 2026,18-Feb 7am,4277.730128203965
1159,3,Tamil Nadu - 2026,18-Feb 7am,4420.168114803779
1159,4,Tamil Nadu - 2026,18-Feb 7am,4516.185296496769
1160,1,Tamil Nadu - 2026,18-Feb 8am,4565.781673282936
1160,2,Tamil Nadu - 2026,18-Feb 8am,4579.191890436001
1160,3,Tamil Nadu - 2026,18-Feb 8am,4556.415947955966
1160,4,Tamil Nadu - 2026,18-Feb 8am,4480.120488325096
1161,1,Tamil Nadu - 2026,18-Feb 9am,4350.305511543388
1161,2,Tamil Nadu - 2026,18-Feb 9am,4260.736517443534
1161,3,Tamil Nadu - 2026,18-Feb 9am,4211.413506025533
1161,4,Tamil Nadu - 2026,18-Feb 9am,4194.974464987546
1162,1,Tamil Nadu - 2026,18-Feb 10am,4211.419394329572
1162,2,Tamil Nadu - 2026,18-Feb 10am,4211.154868029966
1162,3,Tamil Nadu - 2026,18-Feb 10am,4194.18088608873
1162,4,Tamil Nadu - 2026,18-Feb 10am,4166.93485155173
1163,1,Tamil Nadu - 2026,18-Feb 11am,4129.416764418969
1163,2,Tamil Nadu - 2026,18-Feb 11am,4092.595632436878
1163,3,Tamil Nadu - 2026,18-Feb 11am,4056.471455605458
1163,4,Tamil Nadu - 2026,18-Feb 11am,4016.2261475386936
1164,1,Tamil Nadu - 2026,18-Feb 12pm,3971.859708236586
1164,2,Tamil Nadu - 2026,18-Feb 12pm,3941.311648268789
1164,3,Tamil Nadu - 2026,18-Feb 12pm,3924.581967635304
1164,4,Tamil Nadu - 2026,18-Feb 12pm,3924.146675859321
1165,1,Tamil Nadu - 2026,18-Feb 1pm,3940.005772940839
1165,2,Tamil Nadu - 2026,18-Feb 1pm,3939.3636911710673
1165,3,Tamil Nadu - 2026,18-Feb 1pm,3922.220430550003
1165,4,Tamil Nadu - 2026,18-Feb 1pm,3890.5401053380897
1166,1,Tamil Nadu - 2026,18-Feb 2pm,3844.322715535329
1166,2,Tamil Nadu - 2026,18-Feb 2pm,3804.579143287859
1166,3,Tamil Nadu - 2026,18-Feb 2pm,3771.309388595681
1166,4,Tamil Nadu - 2026,18-Feb 2pm,3730.978752581132
1167,1,Tamil Nadu - 2026,18-Feb 3pm,3683.5872352442143
1167,2,Tamil Nadu - 2026,18-Feb 3pm,3689.332147704756
1167,3,Tamil Nadu - 2026,18-Feb 3pm,3748.2134899627567
1167,4,Tamil Nadu - 2026,18-Feb 3pm,3865.927127088272
1168,1,Tamil Nadu - 2026,18-Feb 4pm,4042.473059081301
1168,2,Tamil Nadu - 2026,18-Feb 4pm,4183.478784401676
1168,3,Tamil Nadu - 2026,18-Feb 4pm,4288.944303049398
1168,4,Tamil Nadu - 2026,18-Feb 4pm,4375.633853467624
1169,1,Tamil Nadu - 2026,18-Feb 5pm,4443.547435656355
1169,2,Tamil Nadu - 2026,18-Feb 5pm,4486.472120496806
1169,3,Tamil Nadu - 2026,18-Feb 5pm,4504.407907988973
1169,4,Tamil Nadu - 2026,18-Feb 5pm,4488.532535857864
1170,1,Tamil Nadu - 2026,18-Feb 6pm,4438.846004103478
1170,2,Tamil Nadu - 2026,18-Feb 6pm,4414.494815494574
1170,3,Tamil Nadu - 2026,18-Feb 6pm,4415.478970031159
1170,4,Tamil Nadu - 2026,18-Feb 6pm,4442.140210370789
1171,1,Tamil Nadu - 2026,18-Feb 7pm,4494.4785365134685
1171,2,Tamil Nadu - 2026,18-Feb 7pm,4511.29698974506
1171,3,Tamil Nadu - 2026,18-Feb 7pm,4492.595570065565
1171,4,Tamil Nadu - 2026,18-Feb 7pm,4440.618903675908
1172,1,Tamil Nadu - 2026,18-Feb 8pm,4355.366990576089
1172,2,Tamil Nadu - 2026,18-Feb 8pm,4284.569032274692
1172,3,Tamil Nadu - 2026,18-Feb 8pm,4228.225028771717
1172,4,Tamil Nadu - 2026,18-Feb 8pm,4180.8489483775
1173,1,Tamil Nadu - 2026,18-Feb 9pm,4142.440791092039
1173,2,Tamil Nadu - 2026,18-Feb 9pm,4098.18754554474
1173,3,Tamil Nadu - 2026,18-Feb 9pm,4048.089211735603
1173,4,Tamil Nadu - 2026,18-Feb 9pm,3992.932451627618
1174,1,Tamil Nadu - 2026,18-Feb 10pm,3932.717265220785
1174,2,Tamil Nadu - 2026,18-Feb 10pm,3877.5366921077607
1174,3,Tamil Nadu - 2026,18-Feb 10pm,3827.390732288544
1174,4,Tamil Nadu - 2026,18-Feb 10pm,3781.415310382909
1175,1,Tamil Nadu - 2026,18-Feb 11pm,3739.610426390856
1175,2,Tamil Nadu - 2026,18-Feb 11pm,3697.0674930010846
1175,3,Tamil Nadu - 2026,18-Feb 11pm,3653.786510213598
1175,4,Tamil Nadu - 2026,18-Feb 11pm,3607.4355703944616
1176,1,Tamil Nadu - 2026,19-Feb 12am,3558.0146735436706
1176,2,Tamil Nadu - 2026,19-Feb 12am,3524.4238527761404
1176,3,Tamil Nadu - 2026,19-Feb 12am,3506.663108091865
1176,4,Tamil Nadu - 2026,19-Feb 12am,3506.178365588324
1177,1,Tamil Nadu - 2026,19-Feb 1am,3522.969625265514
1177,2,Tamil Nadu - 2026,19-Feb 1am,3529.4612974236843
1177,3,Tamil Nadu - 2026,19-Feb 1am,3525.653382062834
1177,4,Tamil Nadu - 2026,19-Feb 1am,3514.465695247967
1178,1,Tamil Nadu - 2026,19-Feb 2am,3495.8982369790856
1178,2,Tamil Nadu - 2026,19-Feb 2am,3480.0077005659123
1178,3,Tamil Nadu - 2026,19-Feb 2am,3466.794086008448
1178,4,Tamil Nadu - 2026,19-Feb 2am,3453.919976446555
1179,1,Tamil Nadu - 2026,19-Feb 3am,3441.3853718802325
1179,2,Tamil Nadu - 2026,19-Feb 3am,3433.158080160579
1179,3,Tamil Nadu - 2026,19-Feb 3am,3429.2381012875912
1179,4,Tamil Nadu - 2026,19-Feb 3am,3430.128446671597
1180,1,Tamil Nadu - 2026,19-Feb 4am,3435.8291163126
1180,2,Tamil Nadu - 2026,19-Feb 4am,3439.3542338975385
1180,3,Tamil Nadu - 2026,19-Feb 4am,3440.703799426415
1180,4,Tamil Nadu - 2026,19-Feb 4am,3437.292850363447
1181,1,Tamil Nadu - 2026,19-Feb 5am,3429.121386708633
1181,2,Tamil Nadu - 2026,19-Feb 5am,3438.6850599897307
1181,3,Tamil Nadu - 2026,19-Feb 5am,3465.98387020674
1181,4,Tamil Nadu - 2026,19-Feb 5am,3502.389683094896
1182,1,Tamil Nadu - 2026,19-Feb 6am,3547.902498654196
1182,2,Tamil Nadu - 2026,19-Feb 6am,3631.795470945482
1182,3,Tamil Nadu - 2026,19-Feb 6am,3754.068599968753
1182,4,Tamil Nadu - 2026,19-Feb 6am,3928.4034304315696
1183,1,Tamil Nadu - 2026,19-Feb 7am,4154.799962333933
1183,2,Tamil Nadu - 2026,19-Feb 7am,4321.895773369635
1183,3,Tamil Nadu - 2026,19-Feb 7am,4429.690863538676
1183,4,Tamil Nadu - 2026,19-Feb 7am,4494.303400757754
1184,1,Tamil Nadu - 2026,19-Feb 8am,4515.733385026866
1184,2,Tamil Nadu - 2026,19-Feb 8am,4508.634231152042
1184,3,Tamil Nadu - 2026,19-Feb 8am,4473.005939133288
1184,4,Tamil Nadu - 2026,19-Feb 8am,4393.346444687805
1185,1,Tamil Nadu - 2026,19-Feb 9am,4269.655747815593
1185,2,Tamil Nadu - 2026,19-Feb 9am,4180.292819407395
1185,3,Tamil Nadu - 2026,19-Feb 9am,4125.257659463214
1185,4,Tamil Nadu - 2026,19-Feb 9am,4098.1237733138005
1186,1,Tamil Nadu - 2026,19-Feb 10am,4098.891160959156
1186,2,Tamil Nadu - 2026,19-Feb 10am,4087.7598195240153
1186,3,Tamil Nadu - 2026,19-Feb 10am,4064.729749008373
1186,4,Tamil Nadu - 2026,19-Feb 10am,4033.799270508456
1187,1,Tamil Nadu - 2026,19-Feb 11am,3994.968384024261
1187,2,Tamil Nadu - 2026,19-Feb 11am,3964.047165853728
1187,3,Tamil Nadu - 2026,19-Feb 11am,3941.0356159968537
1187,4,Tamil Nadu - 2026,19-Feb 11am,3925.9488341251576
1188,1,Tamil Nadu - 2026,19-Feb 12pm,3918.78682023864
1188,2,Tamil Nadu - 2026,19-Feb 12pm,3903.648900010257
1188,3,Tamil Nadu - 2026,19-Feb 12pm,3880.535073440012
1188,4,Tamil Nadu - 2026,19-Feb 12pm,3850.7492063110913
1189,1,Tamil Nadu - 2026,19-Feb 1pm,3814.291298623496
1189,2,Tamil Nadu - 2026,19-Feb 1pm,3779.23883000514
1189,3,Tamil Nadu - 2026,19-Feb 1pm,3745.591800456025
1189,4,Tamil Nadu - 2026,19-Feb 1pm,3703.698070915339
1190,1,Tamil Nadu - 2026,19-Feb 2pm,3653.55764138308
1190,2,Tamil Nadu - 2026,19-Feb 2pm,3645.005866596213
1190,3,Tamil Nadu - 2026,19-Feb 2pm,3678.042746554739
1190,4,Tamil Nadu - 2026,19-Feb 2pm,3756.363745465968
1191,1,Tamil Nadu - 2026,19-Feb 3pm,3879.9688633299
1191,2,Tamil Nadu - 2026,19-Feb 3pm,3976.849960165697
1191,3,Tamil Nadu - 2026,19-Feb 3pm,4047.007035973359
1191,4,Tamil Nadu - 2026,19-Feb 3pm,4094.694140531045
1192,1,Tamil Nadu - 2026,19-Feb 4pm,4119.911273838755
1192,2,Tamil Nadu - 2026,19-Feb 4pm,4169.142277208372
1192,3,Tamil Nadu - 2026,19-Feb 4pm,4242.387150639897
1192,4,Tamil Nadu - 2026,19-Feb 4pm,4345.1892983129765
1193,1,Tamil Nadu - 2026,19-Feb 5pm,4477.548720227614
1193,2,Tamil Nadu - 2026,19-Feb 5pm,4559.721149994021
1193,3,Tamil Nadu - 2026,19-Feb 5pm,4591.706587612202
1193,4,Tamil Nadu - 2026,19-Feb 5pm,4574.723542166164
1194,1,Tamil Nadu - 2026,19-Feb 6pm,4508.772013655905
1194,2,Tamil Nadu - 2026,19-Feb 6pm,4466.285213967164
1194,3,Tamil Nadu - 2026,19-Feb 6pm,4447.263143099942
1194,4,Tamil Nadu - 2026,19-Feb 6pm,4446.26962927699
1195,1,Tamil Nadu - 2026,19-Feb 7pm,4463.304672498313
1195,2,Tamil Nadu - 2026,19-Feb 7pm,4458.552091541646
1195,3,Tamil Nadu - 2026,19-Feb 7pm,4432.011886406992
1195,4,Tamil Nadu - 2026,19-Feb 7pm,4385.681349553048
1196,1,Tamil Nadu - 2026,19-Feb 8pm,4319.560480979818
1196,2,Tamil Nadu - 2026,19-Feb 8pm,4261.481707157346
1196,3,Tamil Nadu - 2026,19-Feb 8pm,4211.445028085636
1196,4,Tamil Nadu - 2026,19-Feb 8pm,4164.9627837772005
1197,1,Tamil Nadu - 2026,19-Feb 9pm,4122.034974232037
1197,2,Tamil Nadu - 2026,19-Feb 9pm,4081.755132905021
1197,3,Tamil Nadu - 2026,19-Feb 9pm,4044.123259796153
1197,4,Tamil Nadu - 2026,19-Feb 9pm,4010.7866330667903
1198,1,Tamil Nadu - 2026,19-Feb 10pm,3981.745252716936
1198,2,Tamil Nadu - 2026,19-Feb 10pm,3948.021916323557
1198,3,Tamil Nadu - 2026,19-Feb 10pm,3909.616623886652
1198,4,Tamil Nadu - 2026,19-Feb 10pm,3866.5762070728542
1199,1,Tamil Nadu - 2026,19-Feb 11pm,3818.900665882163
1199,2,Tamil Nadu - 2026,19-Feb 11pm,3775.286212737819
1199,3,Tamil Nadu - 2026,19-Feb 11pm,3735.732847639824
1199,4,Tamil Nadu - 2026,19-Feb 11pm,3698.3302737401946
1200,1,Tamil Nadu - 2026,20-Feb 12am,3663.078491038933
1200,2,Tamil Nadu - 2026,20-Feb 12am,3632.743068200689
1200,3,Tamil Nadu - 2026,20-Feb 12am,3607.324005225457
1200,4,Tamil Nadu - 2026,20-Feb 12am,3587.894435534921
1201,1,Tamil Nadu - 2026,20-Feb 1am,3574.4543591290785
1201,2,Tamil Nadu - 2026,20-Feb 1am,3557.7994068132048
1201,3,Tamil Nadu - 2026,20-Feb 1am,3537.9295785873014
1201,4,Tamil Nadu - 2026,20-Feb 1am,3515.386655470415
1202,1,Tamil Nadu - 2026,20-Feb 2am,3490.1706374625446
1202,2,Tamil Nadu - 2026,20-Feb 2am,3468.23520764414
1202,3,Tamil Nadu - 2026,20-Feb 2am,3449.580366015201
1202,4,Tamil Nadu - 2026,20-Feb 2am,3431.8837888781145
1203,1,Tamil Nadu - 2026,20-Feb 3am,3415.1454762328767
1203,2,Tamil Nadu - 2026,20-Feb 3am,3407.345687184732
1203,3,Tamil Nadu - 2026,20-Feb 3am,3408.4844217336818
1203,4,Tamil Nadu - 2026,20-Feb 3am,3420.1144148487097
1204,1,Tamil Nadu - 2026,20-Feb 4am,3442.2356665298166
1204,2,Tamil Nadu - 2026,20-Feb 4am,3457.551507857851
1204,3,Tamil Nadu - 2026,20-Feb 4am,3466.0619388328105
1204,4,Tamil Nadu - 2026,20-Feb 4am,3465.610886779521
1205,1,Tamil Nadu - 2026,20-Feb 5am,3456.198351697983
1205,2,Tamil Nadu - 2026,20-Feb 5am,3468.0574385583973
1205,3,Tamil Nadu - 2026,20-Feb 5am,3501.188147360761
1205,4,Tamil Nadu - 2026,20-Feb 5am,3547.8060623828587
1206,1,Tamil Nadu - 2026,20-Feb 6am,3607.911183624693
1206,2,Tamil Nadu - 2026,20-Feb 6am,3697.976900449358
1206,3,Tamil Nadu - 2026,20-Feb 6am,3818.003212856855
1206,4,Tamil Nadu - 2026,20-Feb 6am,3980.4887030690943
1207,1,Tamil Nadu - 2026,20-Feb 7am,4185.433371086077
1207,2,Tamil Nadu - 2026,20-Feb 7am,4341.372334213238
1207,3,Tamil Nadu - 2026,20-Feb 7am,4448.305592450574
1207,4,Tamil Nadu - 2026,20-Feb 7am,4523.078702250109
1208,1,Tamil Nadu - 2026,20-Feb 8am,4565.691663611844
1208,2,Tamil Nadu - 2026,20-Feb 8am,4566.5360205182005
1208,3,Tamil Nadu - 2026,20-Feb 8am,4525.611772969179
1208,4,Tamil Nadu - 2026,20-Feb 8am,4426.470542900778
1209,1,Tamil Nadu - 2026,20-Feb 9am,4269.112330313001
1209,2,Tamil Nadu - 2026,20-Feb 9am,4161.835859607423
1209,3,Tamil Nadu - 2026,20-Feb 9am,4104.641130784045
1209,4,Tamil Nadu - 2026,20-Feb 9am,4089.470679295532
1210,1,Tamil Nadu - 2026,20-Feb 10am,4116.324505141879
1210,2,Tamil Nadu - 2026,20-Feb 10am,4125.248671205535
1210,3,Tamil Nadu - 2026,20-Feb 10am,4116.243177486502
1210,4,Tamil Nadu - 2026,20-Feb 10am,4097.523646166084
1211,1,Tamil Nadu - 2026,20-Feb 11am,4069.0900772442815
1211,2,Tamil Nadu - 2026,20-Feb 11am,4041.6026747508154
1211,3,Tamil Nadu - 2026,20-Feb 11am,4015.061438685679
1211,4,Tamil Nadu - 2026,20-Feb 11am,3986.365809319225
1212,1,Tamil Nadu - 2026,20-Feb 12pm,3955.515786651457
1212,2,Tamil Nadu - 2026,20-Feb 12pm,3930.454525030548
1212,3,Tamil Nadu - 2026,20-Feb 12pm,3911.182024456495
1212,4,Tamil Nadu - 2026,20-Feb 12pm,3898.817663861498
1213,1,Tamil Nadu - 2026,20-Feb 1pm,3893.36144324556
1213,2,Tamil Nadu - 2026,20-Feb 1pm,3880.153934667311
1213,3,Tamil Nadu - 2026,20-Feb 1pm,3859.195138126753
1213,4,Tamil Nadu - 2026,20-Feb 1pm,3825.369483960376
1214,1,Tamil Nadu - 2026,20-Feb 2pm,3778.676972168177
1214,2,Tamil Nadu - 2026,20-Feb 2pm,3764.4704486725946
1214,3,Tamil Nadu - 2026,20-Feb 2pm,3782.7499134736295
1214,4,Tamil Nadu - 2026,20-Feb 2pm,3831.0426656855993
1215,1,Tamil Nadu - 2026,20-Feb 3pm,3909.3487053085055
1215,2,Tamil Nadu - 2026,20-Feb 3pm,3987.1513917339935
1215,3,Tamil Nadu - 2026,20-Feb 3pm,4064.450724962064
1215,4,Tamil Nadu - 2026,20-Feb 3pm,4150.339177995436
1216,1,Tamil Nadu - 2026,20-Feb 4pm,4244.816750834113
1216,2,Tamil Nadu - 2026,20-Feb 4pm,4323.845246070107
1216,3,Tamil Nadu - 2026,20-Feb 4pm,4387.424663703417
1216,4,Tamil Nadu - 2026,20-Feb 4pm,4439.133339392364
1217,1,Tamil Nadu - 2026,20-Feb 5pm,4478.971273136949
1217,2,Tamil Nadu - 2026,20-Feb 5pm,4509.506648395229
1217,3,Tamil Nadu - 2026,20-Feb 5pm,4530.739465167203
1217,4,Tamil Nadu - 2026,20-Feb 5pm,4542.272613300621
1218,1,Tamil Nadu - 2026,20-Feb 6pm,4544.106092795484
1218,2,Tamil Nadu - 2026,20-Feb 6pm,4536.054381107226
1218,3,Tamil Nadu - 2026,20-Feb 6pm,4518.117478235845
1218,4,Tamil Nadu - 2026,20-Feb 6pm,4489.022047861445
1219,1,Tamil Nadu - 2026,20-Feb 7pm,4448.768089984027
1219,2,Tamil Nadu - 2026,20-Feb 7pm,4405.181145067527
1219,3,Tamil Nadu - 2026,20-Feb 7pm,4358.261213111944
1219,4,Tamil Nadu - 2026,20-Feb 7pm,4304.079551836503
1220,1,Tamil Nadu - 2026,20-Feb 8pm,4242.636161241203
1220,2,Tamil Nadu - 2026,20-Feb 8pm,4189.677954546753
1220,3,Tamil Nadu - 2026,20-Feb 8pm,4145.204931753148
1220,4,Tamil Nadu - 2026,20-Feb 8pm,4108.260952458894
1221,1,Tamil Nadu - 2026,20-Feb 9pm,4078.846016663991
1221,2,Tamil Nadu - 2026,20-Feb 9pm,4046.950053556711
1221,3,Tamil Nadu - 2026,20-Feb 9pm,4012.573063137053
1221,4,Tamil Nadu - 2026,20-Feb 9pm,3976.960866642245
1222,1,Tamil Nadu - 2026,20-Feb 10pm,3940.113464072289
1222,2,Tamil Nadu - 2026,20-Feb 10pm,3904.565998815549
1222,3,Tamil Nadu - 2026,20-Feb 10pm,3870.318470872022
1222,4,Tamil Nadu - 2026,20-Feb 10pm,3836.792066240141
1223,1,Tamil Nadu - 2026,20-Feb 11pm,3803.98678491991
1223,2,Tamil Nadu - 2026,20-Feb 11pm,3772.840367532364
1223,3,Tamil Nadu - 2026,20-Feb 11pm,3743.352814077509
1223,4,Tamil Nadu - 2026,20-Feb 11pm,3714.720033470217
1224,1,Tamil Nadu - 2026,21-Feb 12am,3686.942025710491
1224,2,Tamil Nadu - 2026,21-Feb 12am,3663.905596688032
1224,3,Tamil Nadu - 2026,21-Feb 12am,3645.610746402841
1224,4,Tamil Nadu - 2026,21-Feb 12am,3633.541631198637
1225,1,Tamil Nadu - 2026,21-Feb 1am,3627.6982510754174
1225,2,Tamil Nadu - 2026,21-Feb 1am,3615.288862081168
1225,3,Tamil Nadu - 2026,21-Feb 1am,3596.313464215887
1225,4,Tamil Nadu - 2026,21-Feb 1am,3570.4194226275263
1226,1,Tamil Nadu - 2026,21-Feb 2am,3537.6067373160868
1226,2,Tamil Nadu - 2026,21-Feb 2am,3512.7829613458725
1226,3,Tamil Nadu - 2026,21-Feb 2am,3495.948094716888
1226,4,Tamil Nadu - 2026,21-Feb 2am,3485.7722066211536
1227,1,Tamil Nadu - 2026,21-Feb 3am,3482.2552970586707
1227,2,Tamil Nadu - 2026,21-Feb 3am,3478.469397812985
1227,3,Tamil Nadu - 2026,21-Feb 3am,3474.4145088841
1227,4,Tamil Nadu - 2026,21-Feb 3am,3471.700796244245
1228,1,Tamil Nadu - 2026,21-Feb 4am,3470.328259893421
1228,2,Tamil Nadu - 2026,21-Feb 4am,3467.5638722146878
1228,3,Tamil Nadu - 2026,21-Feb 4am,3463.4076332080426
1228,4,Tamil Nadu - 2026,21-Feb 4am,3455.140234683849
1229,1,Tamil Nadu - 2026,21-Feb 5am,3442.7616766421074
1229,2,Tamil Nadu - 2026,21-Feb 5am,3445.320835837588
1229,3,Tamil Nadu - 2026,21-Feb 5am,3462.8177122702928
1229,4,Tamil Nadu - 2026,21-Feb 5am,3488.3897752500125
1230,1,Tamil Nadu - 2026,21-Feb 6am,3522.037024776744
1230,2,Tamil Nadu - 2026,21-Feb 6am,3585.885768236975
1230,3,Tamil Nadu - 2026,21-Feb 6am,3679.936005630705
1230,4,Tamil Nadu - 2026,21-Feb 6am,3812.621201355576
1231,1,Tamil Nadu - 2026,21-Feb 7am,3983.941355411588
1231,2,Tamil Nadu - 2026,21-Feb 7am,4121.16937402641
1231,3,Tamil Nadu - 2026,21-Feb 7am,4224.305257200044
1231,4,Tamil Nadu - 2026,21-Feb 7am,4305.664013361959
1232,1,Tamil Nadu - 2026,21-Feb 8am,4365.245642512153
1232,2,Tamil Nadu - 2026,21-Feb 8am,4401.887187846158
1232,3,Tamil Nadu - 2026,21-Feb 8am,4415.588649363975
1232,4,Tamil Nadu - 2026,21-Feb 8am,4401.268520277717
1233,1,Tamil Nadu - 2026,21-Feb 9am,4358.926800587383
1233,2,Tamil Nadu - 2026,21-Feb 9am,4320.215487824768
1233,3,Tamil Nadu - 2026,21-Feb 9am,4285.134581989876
1233,4,Tamil Nadu - 2026,21-Feb 9am,4249.243129597973
1234,1,Tamil Nadu - 2026,21-Feb 10am,4212.541130649059
1234,2,Tamil Nadu - 2026,21-Feb 10am,4170.022308519727
1234,3,Tamil Nadu - 2026,21-Feb 10am,4121.686663209977
1234,4,Tamil Nadu - 2026,21-Feb 10am,4062.099897621236
1235,1,Tamil Nadu - 2026,21-Feb 11am,3991.2620117535016
1235,2,Tamil Nadu - 2026,21-Feb 11am,3946.785064821632
1235,3,Tamil Nadu - 2026,21-Feb 11am,3928.669056825625
1235,4,Tamil Nadu - 2026,21-Feb 11am,3936.993866599241
1236,1,Tamil Nadu - 2026,21-Feb 12pm,3971.759494142481
1236,2,Tamil Nadu - 2026,21-Feb 12pm,3994.874607237919
1236,3,Tamil Nadu - 2026,21-Feb 12pm,4006.33920588555
1236,4,Tamil Nadu - 2026,21-Feb 12pm,4013.0766927340487
1237,1,Tamil Nadu - 2026,21-Feb 1pm,4015.087067783413
1237,2,Tamil Nadu - 2026,21-Feb 1pm,4008.921247359044
1237,3,Tamil Nadu - 2026,21-Feb 1pm,3994.5792314609394
1237,4,Tamil Nadu - 2026,21-Feb 1pm,3963.482453396603
1238,1,Tamil Nadu - 2026,21-Feb 2pm,3915.630913166037
1238,2,Tamil Nadu - 2026,21-Feb 2pm,3905.9450945988287
1238,3,Tamil Nadu - 2026,21-Feb 2pm,3934.424997694978
1238,4,Tamil Nadu - 2026,21-Feb 2pm,4003.538994540157
1239,1,Tamil Nadu - 2026,21-Feb 3pm,4113.28708513437
1239,2,Tamil Nadu - 2026,21-Feb 3pm,4193.938553133988
1239,3,Tamil Nadu - 2026,21-Feb 3pm,4245.493398539013
1239,4,Tamil Nadu - 2026,21-Feb 3pm,4271.500963192631
1240,1,Tamil Nadu - 2026,21-Feb 4pm,4271.961247094843
1240,2,Tamil Nadu - 2026,21-Feb 4pm,4295.308915530157
1240,3,Tamil Nadu - 2026,21-Feb 4pm,4341.5439684985695
1240,4,Tamil Nadu - 2026,21-Feb 4pm,4413.14586887643
1241,1,Tamil Nadu - 2026,21-Feb 5pm,4510.114616663744
1241,2,Tamil Nadu - 2026,21-Feb 5pm,4569.138769317901
1241,3,Tamil Nadu - 2026,21-Feb 5pm,4590.218326838904
1241,4,Tamil Nadu - 2026,21-Feb 5pm,4572.358287179453
1242,1,Tamil Nadu - 2026,21-Feb 6pm,4515.558650339551
1242,2,Tamil Nadu - 2026,21-Feb 6pm,4489.100871145586
1242,3,Tamil Nadu - 2026,21-Feb 6pm,4492.984949597561
1242,4,Tamil Nadu - 2026,21-Feb 6pm,4528.175528917302
1243,1,Tamil Nadu - 2026,21-Feb 7pm,4594.672609104806
1243,2,Tamil Nadu - 2026,21-Feb 7pm,4617.40687600274
1243,3,Tamil Nadu - 2026,21-Feb 7pm,4596.3783296111
1243,4,Tamil Nadu - 2026,21-Feb 7pm,4533.042185281354
1244,1,Tamil Nadu - 2026,21-Feb 8pm,4427.398443013502
1244,2,Tamil Nadu - 2026,21-Feb 8pm,4345.785124856084
1244,3,Tamil Nadu - 2026,21-Feb 8pm,4288.202230809095
1244,4,Tamil Nadu - 2026,21-Feb 8pm,4246.72420132132
1245,1,Tamil Nadu - 2026,21-Feb 9pm,4221.351036392761
1245,2,Tamil Nadu - 2026,21-Feb 9pm,4193.298071282165
1245,3,Tamil Nadu - 2026,21-Feb 9pm,4162.565305989542
1245,4,Tamil Nadu - 2026,21-Feb 9pm,4132.745586335531
1246,1,Tamil Nadu - 2026,21-Feb 10pm,4103.838912320132
1246,2,Tamil Nadu - 2026,21-Feb 10pm,4073.072873760726
1246,3,Tamil Nadu - 2026,21-Feb 10pm,4040.447470657306
1246,4,Tamil Nadu - 2026,21-Feb 10pm,4006.600743261835
1247,1,Tamil Nadu - 2026,21-Feb 11pm,3971.532691574313
1247,2,Tamil Nadu - 2026,21-Feb 11pm,3934.187484265608
1247,3,Tamil Nadu - 2026,21-Feb 11pm,3894.56512133572
1247,4,Tamil Nadu - 2026,21-Feb 11pm,3849.724702824359
1248,1,Tamil Nadu - 2026,22-Feb 12am,3799.666228731527
1248,2,Tamil Nadu - 2026,22-Feb 12am,3763.090930148081
1248,3,Tamil Nadu - 2026,22-Feb 12am,3739.9988070740233
1248,4,Tamil Nadu - 2026,22-Feb 12am,3731.294034046368
1249,1,Tamil Nadu - 2026,22-Feb 1am,3736.976611065119
1249,2,Tamil Nadu - 2026,22-Feb 1am,3732.920259817311
1249,3,Tamil Nadu - 2026,22-Feb 1am,3719.124980302943
1249,4,Tamil Nadu - 2026,22-Feb 1am,3697.258148814628
1250,1,Tamil Nadu - 2026,22-Feb 2am,3667.3197653523625
1250,2,Tamil Nadu - 2026,22-Feb 2am,3643.4318504734542
1250,3,Tamil Nadu - 2026,22-Feb 2am,3625.594404177907
1250,4,Tamil Nadu - 2026,22-Feb 2am,3611.933979996277
1251,1,Tamil Nadu - 2026,22-Feb 3am,3602.450577928568
1251,2,Tamil Nadu - 2026,22-Feb 3am,3594.2628562340974
1251,3,Tamil Nadu - 2026,22-Feb 3am,3587.370814912865
1251,4,Tamil Nadu - 2026,22-Feb 3am,3582.635750924469
1252,1,Tamil Nadu - 2026,22-Feb 4am,3580.0576642689084
1252,2,Tamil Nadu - 2026,22-Feb 4am,3577.350114929284
1252,3,Tamil Nadu - 2026,22-Feb 4am,3574.5131029055965
1252,4,Tamil Nadu - 2026,22-Feb 4am,3571.699117896212
1253,1,Tamil Nadu - 2026,22-Feb 5am,3568.908159901129
1253,2,Tamil Nadu - 2026,22-Feb 5am,3567.511730747052
1253,3,Tamil Nadu - 2026,22-Feb 5am,3567.5098304339813
1253,4,Tamil Nadu - 2026,22-Feb 5am,3563.8302789178383
1254,1,Tamil Nadu - 2026,22-Feb 6am,3556.4730761986216
1254,2,Tamil Nadu - 2026,22-Feb 6am,3574.499800714107
1254,3,Tamil Nadu - 2026,22-Feb 6am,3617.910452464297
1254,4,Tamil Nadu - 2026,22-Feb 6am,3689.266670622974
1255,1,Tamil Nadu - 2026,22-Feb 7am,3788.568455190141
1255,2,Tamil Nadu - 2026,22-Feb 7am,3871.3843926853033
1255,3,Tamil Nadu - 2026,22-Feb 7am,3937.71448310846
1255,4,Tamil Nadu - 2026,22-Feb 7am,4000.302669016095
1256,1,Tamil Nadu - 2026,22-Feb 8am,4059.148950408206
1256,2,Tamil Nadu - 2026,22-Feb 8am,4082.221085426392
1256,3,Tamil Nadu - 2026,22-Feb 8am,4069.519074070655
1256,4,Tamil Nadu - 2026,22-Feb 8am,4014.6608900947463
1257,1,Tamil Nadu - 2026,22-Feb 9am,3917.6465334986688
1257,2,Tamil Nadu - 2026,22-Feb 9am,3848.800403618293
1257,3,Tamil Nadu - 2026,22-Feb 9am,3808.122500453621
1257,4,Tamil Nadu - 2026,22-Feb 9am,3789.710562429418
1258,1,Tamil Nadu - 2026,22-Feb 10am,3793.564589545688
1258,2,Tamil Nadu - 2026,22-Feb 10am,3784.7737519179473
1258,3,Tamil Nadu - 2026,22-Feb 10am,3763.338049546196
1258,4,Tamil Nadu - 2026,22-Feb 10am,3730.573608990169
1259,1,Tamil Nadu - 2026,22-Feb 11am,3686.4804302498687
1259,2,Tamil Nadu - 2026,22-Feb 11am,3658.072583851359
1259,3,Tamil Nadu - 2026,22-Feb 11am,3645.350069794638
1259,4,Tamil Nadu - 2026,22-Feb 11am,3648.8969161041337
1260,1,Tamil Nadu - 2026,22-Feb 12pm,3668.7131227798527
1260,2,Tamil Nadu - 2026,22-Feb 12pm,3674.280451149148
1260,3,Tamil Nadu - 2026,22-Feb 12pm,3665.598901212026
1260,4,Tamil Nadu - 2026,22-Feb 12pm,3645.677524858974
1261,1,Tamil Nadu - 2026,22-Feb 1pm,3614.5163220899935
1261,2,Tamil Nadu - 2026,22-Feb 1pm,3584.5792202347707
1261,3,Tamil Nadu - 2026,22-Feb 1pm,3555.8662192933093
1261,4,Tamil Nadu - 2026,22-Feb 1pm,3521.058238381927
1262,1,Tamil Nadu - 2026,22-Feb 2pm,3480.1552775006203
1262,2,Tamil Nadu - 2026,22-Feb 2pm,3464.607894621796
1262,3,Tamil Nadu - 2026,22-Feb 2pm,3474.416089745451
1262,4,Tamil Nadu - 2026,22-Feb 2pm,3510.9607381321325
1263,1,Tamil Nadu - 2026,22-Feb 3pm,3574.2418397818424
1263,2,Tamil Nadu - 2026,22-Feb 3pm,3624.523585158888
1263,3,Tamil Nadu - 2026,22-Feb 3pm,3661.805974263269
1263,4,Tamil Nadu - 2026,22-Feb 3pm,3687.548600796001
1264,1,Tamil Nadu - 2026,22-Feb 4pm,3701.7514647570856
1264,2,Tamil Nadu - 2026,22-Feb 4pm,3735.392813476113
1264,3,Tamil Nadu - 2026,22-Feb 4pm,3788.4726469530815
1264,4,Tamil Nadu - 2026,22-Feb 4pm,3867.13307481372
1265,1,Tamil Nadu - 2026,22-Feb 5pm,3971.3740970580297
1265,2,Tamil Nadu - 2026,22-Feb 5pm,4033.364808602046
1265,3,Tamil Nadu - 2026,22-Feb 5pm,4053.1052094457687
1265,4,Tamil Nadu - 2026,22-Feb 5pm,4031.105884894156
1266,1,Tamil Nadu - 2026,22-Feb 6pm,3967.3668349472105
1266,2,Tamil Nadu - 2026,22-Feb 6pm,3926.655452859141
1266,3,Tamil Nadu - 2026,22-Feb 6pm,3908.971738629945
1266,4,Tamil Nadu - 2026,22-Feb 6pm,3908.825973563704
1267,1,Tamil Nadu - 2026,22-Feb 7pm,3926.2181576604135
1267,2,Tamil Nadu - 2026,22-Feb 7pm,3929.319209841404
1267,3,Tamil Nadu - 2026,22-Feb 7pm,3918.1291301066713
1267,4,Tamil Nadu - 2026,22-Feb 7pm,3895.423502391512
1268,1,Tamil Nadu - 2026,22-Feb 8pm,3861.202326695925
1268,2,Tamil Nadu - 2026,22-Feb 8pm,3830.641180486829
1268,3,Tamil Nadu - 2026,22-Feb 8pm,3803.740063764223
1268,4,Tamil Nadu - 2026,22-Feb 8pm,3777.126429053023
1269,1,Tamil Nadu - 2026,22-Feb 9pm,3750.800276353223
1269,2,Tamil Nadu - 2026,22-Feb 9pm,3729.8213130484337
1269,3,Tamil Nadu - 2026,22-Feb 9pm,3714.1895391386506
1269,4,Tamil Nadu - 2026,22-Feb 9pm,3706.678871459692
1270,1,Tamil Nadu - 2026,22-Feb 10pm,3707.2893100115584
1270,2,Tamil Nadu - 2026,22-Feb 10pm,3694.317646395748
1270,3,Tamil Nadu - 2026,22-Feb 10pm,3667.763880612261
1270,4,Tamil Nadu - 2026,22-Feb 10pm,3627.6291629804327
1271,1,Tamil Nadu - 2026,22-Feb 11pm,3573.9134935002594
1271,2,Tamil Nadu - 2026,22-Feb 11pm,3528.313178654247
1271,3,Tamil Nadu - 2026,22-Feb 11pm,3490.828218442397
1271,4,Tamil Nadu - 2026,22-Feb 11pm,3458.175109403096
1272,1,Tamil Nadu - 2026,23-Feb 12am,3430.353851536342
1272,2,Tamil Nadu - 2026,23-Feb 12am,3405.369159129313
1272,3,Tamil Nadu - 2026,23-Feb 12am,3383.221032182011
1272,4,Tamil Nadu - 2026,23-Feb 12am,3364.635957152333
1273,1,Tamil Nadu - 2026,23-Feb 1am,3349.6139340402847
1273,2,Tamil Nadu - 2026,23-Feb 1am,3335.7913298112767
1273,3,Tamil Nadu - 2026,23-Feb 1am,3323.1681444653086
1273,4,Tamil Nadu - 2026,23-Feb 1am,3312.50659168313
1274,1,Tamil Nadu - 2026,23-Feb 2am,3303.8066714647407
1274,2,Tamil Nadu - 2026,23-Feb 2am,3294.8587347602365
1274,3,Tamil Nadu - 2026,23-Feb 2am,3285.662781569617
1274,4,Tamil Nadu - 2026,23-Feb 2am,3275.761812205405
1275,1,Tamil Nadu - 2026,23-Feb 3am,3265.1558266676034
1275,2,Tamil Nadu - 2026,23-Feb 3am,3258.796472130972
1275,3,Tamil Nadu - 2026,23-Feb 3am,3256.683748595511
1275,4,Tamil Nadu - 2026,23-Feb 3am,3258.983952605914
1276,1,Tamil Nadu - 2026,23-Feb 4am,3265.697084162185
1276,2,Tamil Nadu - 2026,23-Feb 4am,3270.873716821381
1276,3,Tamil Nadu - 2026,23-Feb 4am,3274.513850583503
1276,4,Tamil Nadu - 2026,23-Feb 4am,3273.88534843293
1277,1,Tamil Nadu - 2026,23-Feb 5am,3268.988210369663
1277,2,Tamil Nadu - 2026,23-Feb 5am,3282.164684930356
1277,3,Tamil Nadu - 2026,23-Feb 5am,3313.4147721150066
1277,4,Tamil Nadu - 2026,23-Feb 5am,3355.622332584975
1278,1,Tamil Nadu - 2026,23-Feb 6am,3408.787366340265
1278,2,Tamil Nadu - 2026,23-Feb 6am,3493.2644608760597
1278,3,Tamil Nadu - 2026,23-Feb 6am,3609.053616192357
1278,4,Tamil Nadu - 2026,23-Feb 6am,3766.41455659132
1279,1,Tamil Nadu - 2026,23-Feb 7am,3965.347282072949
1279,2,Tamil Nadu - 2026,23-Feb 7am,4123.938859329082
1279,3,Tamil Nadu - 2026,23-Feb 7am,4242.18928835972
1279,4,Tamil Nadu - 2026,23-Feb 7am,4335.444570238246
1280,1,Tamil Nadu - 2026,23-Feb 8am,4403.704704964657
1280,2,Tamil Nadu - 2026,23-Feb 8am,4436.806619406816
1280,3,Tamil Nadu - 2026,23-Feb 8am,4434.750313564726
1280,4,Tamil Nadu - 2026,23-Feb 8am,4385.118362063802
1281,1,Tamil Nadu - 2026,23-Feb 9am,4287.910764904041
1281,2,Tamil Nadu - 2026,23-Feb 9am,4227.795147465095
1281,3,Tamil Nadu - 2026,23-Feb 9am,4204.771509746963
1281,4,Tamil Nadu - 2026,23-Feb 9am,4214.002577883901
1282,1,Tamil Nadu - 2026,23-Feb 10am,4255.488351875912
1282,2,Tamil Nadu - 2026,23-Feb 10am,4273.584849537813
1282,3,Tamil Nadu - 2026,23-Feb 10am,4268.292070869605
1282,4,Tamil Nadu - 2026,23-Feb 10am,4245.59472771667
1283,1,Tamil Nadu - 2026,23-Feb 11am,4205.492820079009
1283,2,Tamil Nadu - 2026,23-Feb 11am,4167.722059069507
1283,3,Tamil Nadu - 2026,23-Feb 11am,4132.282444688164
1283,4,Tamil Nadu - 2026,23-Feb 11am,4093.532676163319
1284,1,Tamil Nadu - 2026,23-Feb 12pm,4051.47275349497
1284,2,Tamil Nadu - 2026,23-Feb 12pm,4020.214770200205
1284,3,Tamil Nadu - 2026,23-Feb 12pm,3999.758726279024
1284,4,Tamil Nadu - 2026,23-Feb 12pm,3992.063750025801
1285,1,Tamil Nadu - 2026,23-Feb 1pm,3997.129841440533
1285,2,Tamil Nadu - 2026,23-Feb 1pm,3989.090137239901
1285,3,Tamil Nadu - 2026,23-Feb 1pm,3967.9446374239096
1285,4,Tamil Nadu - 2026,23-Feb 1pm,3929.445383895657
1286,1,Tamil Nadu - 2026,23-Feb 2pm,3873.592376655146
1286,2,Tamil Nadu - 2026,23-Feb 2pm,3851.740227567077
1286,3,Tamil Nadu - 2026,23-Feb 2pm,3863.888936631448
1286,4,Tamil Nadu - 2026,23-Feb 2pm,3908.658459146328
1287,1,Tamil Nadu - 2026,23-Feb 3pm,3986.048795111716
1287,2,Tamil Nadu - 2026,23-Feb 3pm,4052.985600874512
1287,3,Tamil Nadu - 2026,23-Feb 3pm,4109.468876434718
1287,4,Tamil Nadu - 2026,23-Feb 3pm,4157.556727579054
1288,1,Tamil Nadu - 2026,23-Feb 4pm,4197.2491543075175
1288,2,Tamil Nadu - 2026,23-Feb 4pm,4259.271865552895
1288,3,Tamil Nadu - 2026,23-Feb 4pm,4343.624861315191
1288,4,Tamil Nadu - 2026,23-Feb 4pm,4460.454118824395
1289,1,Tamil Nadu - 2026,23-Feb 5pm,4609.759638080507
1289,2,Tamil Nadu - 2026,23-Feb 5pm,4699.939846770781
1289,3,Tamil Nadu - 2026,23-Feb 5pm,4730.994744895213
1289,4,Tamil Nadu - 2026,23-Feb 5pm,4702.2757702535
1290,1,Tamil Nadu - 2026,23-Feb 6pm,4613.782922845638
1290,2,Tamil Nadu - 2026,23-Feb 6pm,4561.009148186218
1290,3,Tamil Nadu - 2026,23-Feb 6pm,4543.954446275242
1290,4,Tamil Nadu - 2026,23-Feb 6pm,4556.763482692901
1291,1,Tamil Nadu - 2026,23-Feb 7pm,4599.436257439192
1291,2,Tamil Nadu - 2026,23-Feb 7pm,4611.61183151838
1291,3,Tamil Nadu - 2026,23-Feb 7pm,4593.290204930468
1291,4,Tamil Nadu - 2026,23-Feb 7pm,4547.6617061119605
1292,1,Tamil Nadu - 2026,23-Feb 8pm,4474.726335062856
1292,2,Tamil Nadu - 2026,23-Feb 8pm,4415.703060159856
1292,3,Tamil Nadu - 2026,23-Feb 8pm,4370.591881402955
1292,4,Tamil Nadu - 2026,23-Feb 8pm,4332.458723374332
1293,1,Tamil Nadu - 2026,23-Feb 9pm,4301.303586073991
1293,2,Tamil Nadu - 2026,23-Feb 9pm,4277.5119536321545
1293,3,Tamil Nadu - 2026,23-Feb 9pm,4261.083826048819
1293,4,Tamil Nadu - 2026,23-Feb 9pm,4256.620634245036
1294,1,Tamil Nadu - 2026,23-Feb 10pm,4264.122378220801
1294,2,Tamil Nadu - 2026,23-Feb 10pm,4255.59498831962
1294,3,Tamil Nadu - 2026,23-Feb 10pm,4231.038464541498
1294,4,Tamil Nadu - 2026,23-Feb 10pm,4192.644168918083
1295,1,Tamil Nadu - 2026,23-Feb 11pm,4140.412101449375
1295,2,Tamil Nadu - 2026,23-Feb 11pm,4089.188159601955
1295,3,Tamil Nadu - 2026,23-Feb 11pm,4038.9723433758254
1295,4,Tamil Nadu - 2026,23-Feb 11pm,3984.767395572844
1296,1,Tamil Nadu - 2026,24-Feb 12am,3926.573316193012
1296,2,Tamil Nadu - 2026,24-Feb 12am,3879.527750958586
1296,3,Tamil Nadu - 2026,24-Feb 12am,3843.6306998695686
1296,4,Tamil Nadu - 2026,24-Feb 12am,3817.878232978834
1297,1,Tamil Nadu - 2026,24-Feb 1am,3802.270350286385
1297,2,Tamil Nadu - 2026,24-Feb 1am,3787.692985752692
1297,3,Tamil Nadu - 2026,24-Feb 1am,3774.146139377752
1297,4,Tamil Nadu - 2026,24-Feb 1am,3764.210524583171
1298,1,Tamil Nadu - 2026,24-Feb 2am,3757.8861413689465
1298,2,Tamil Nadu - 2026,24-Feb 2am,3748.802775244992
1298,3,Tamil Nadu - 2026,24-Feb 2am,3736.960426211301
1298,4,Tamil Nadu - 2026,24-Feb 2am,3722.1306571747614
1299,1,Tamil Nadu - 2026,24-Feb 3am,3704.3134681353754
1299,2,Tamil Nadu - 2026,24-Feb 3am,3691.249696141916
1299,3,Tamil Nadu - 2026,24-Feb 3am,3682.939341194385
1299,4,Tamil Nadu - 2026,24-Feb 3am,3679.047494528324
1300,1,Tamil Nadu - 2026,24-Feb 4am,3679.5741561437294
1300,2,Tamil Nadu - 2026,24-Feb 4am,3678.787941578591
1300,3,Tamil Nadu - 2026,24-Feb 4am,3676.688850832905
1300,4,Tamil Nadu - 2026,24-Feb 4am,3669.9290514447744
1301,1,Tamil Nadu - 2026,24-Feb 5am,3658.508543414194
1301,2,Tamil Nadu - 2026,24-Feb 5am,3668.2457059745934
1301,3,Tamil Nadu - 2026,24-Feb 5am,3699.140539125977
1301,4,Tamil Nadu - 2026,24-Feb 5am,3744.675211485236
1302,1,Tamil Nadu - 2026,24-Feb 6am,3804.849723052367
1302,2,Tamil Nadu - 2026,24-Feb 6am,3892.952682892592
1302,3,Tamil Nadu - 2026,24-Feb 6am,4008.984091005914
1302,4,Tamil Nadu - 2026,24-Feb 6am,4166.713503049127
1303,1,Tamil Nadu - 2026,24-Feb 7am,4366.140919022228
1303,2,Tamil Nadu - 2026,24-Feb 7am,4511.360395919236
1303,3,Tamil Nadu - 2026,24-Feb 7am,4602.37193374015
1303,4,Tamil Nadu - 2026,24-Feb 7am,4650.756751318387
1304,1,Tamil Nadu - 2026,24-Feb 8am,4656.514848653952
1304,2,Tamil Nadu - 2026,24-Feb 8am,4646.064855752308
1304,3,Tamil Nadu - 2026,24-Feb 8am,4619.406772613448
1304,4,Tamil Nadu - 2026,24-Feb 8am,4561.853522980292
1305,1,Tamil Nadu - 2026,24-Feb 9am,4473.405106852842
1305,2,Tamil Nadu - 2026,24-Feb 9am,4415.765351768136
1305,3,Tamil Nadu - 2026,24-Feb 9am,4388.934257726177
1305,4,Tamil Nadu - 2026,24-Feb 9am,4390.965283652845
1306,1,Tamil Nadu - 2026,24-Feb 10am,4421.858429548145
1306,2,Tamil Nadu - 2026,24-Feb 10am,4431.589114319722
1306,3,Tamil Nadu - 2026,24-Feb 10am,4420.157337967577
1306,4,Tamil Nadu - 2026,24-Feb 10am,4391.835118164554
1307,1,Tamil Nadu - 2026,24-Feb 11am,4346.622454910649
1307,2,Tamil Nadu - 2026,24-Feb 11am,4308.911823261159
1307,3,Tamil Nadu - 2026,24-Feb 11am,4278.703223216083
1307,4,Tamil Nadu - 2026,24-Feb 11am,4253.32249861211
1308,1,Tamil Nadu - 2026,24-Feb 12pm,4232.769649449237
1308,2,Tamil Nadu - 2026,24-Feb 12pm,4208.697137652037
1308,3,Tamil Nadu - 2026,24-Feb 12pm,4181.104963220508
1308,4,Tamil Nadu - 2026,24-Feb 12pm,4151.338249678219
1309,1,Tamil Nadu - 2026,24-Feb 1pm,4119.396997025174
1309,2,Tamil Nadu - 2026,24-Feb 1pm,4085.5580021953774
1309,3,Tamil Nadu - 2026,24-Feb 1pm,4049.821265188829
1309,4,Tamil Nadu - 2026,24-Feb 1pm,4005.613735590619
1310,1,Tamil Nadu - 2026,24-Feb 2pm,3952.935413400746
1310,2,Tamil Nadu - 2026,24-Feb 2pm,3930.947804174671
1310,3,Tamil Nadu - 2026,24-Feb 2pm,3939.650907912392
1310,4,Tamil Nadu - 2026,24-Feb 2pm,3978.505874512192
1311,1,Tamil Nadu - 2026,24-Feb 3pm,4047.5127039740737
1311,2,Tamil Nadu - 2026,24-Feb 3pm,4110.742991352889
1311,3,Tamil Nadu - 2026,24-Feb 3pm,4168.1967366486415
1311,4,Tamil Nadu - 2026,24-Feb 3pm,4224.677568024396
1312,1,Tamil Nadu - 2026,24-Feb 4pm,4280.185485480155
1312,2,Tamil Nadu - 2026,24-Feb 4pm,4341.827124982665
1312,3,Tamil Nadu - 2026,24-Feb 4pm,4409.602486531928
1312,4,Tamil Nadu - 2026,24-Feb 4pm,4490.644903005251
1313,1,Tamil Nadu - 2026,24-Feb 5pm,4584.954374402631
1313,2,Tamil Nadu - 2026,24-Feb 5pm,4642.624267493478
1313,3,Tamil Nadu - 2026,24-Feb 5pm,4663.654582277795
1313,4,Tamil Nadu - 2026,24-Feb 5pm,4645.966775826097
1314,1,Tamil Nadu - 2026,24-Feb 6pm,4589.560848138387
1314,2,Tamil Nadu - 2026,24-Feb 6pm,4556.814690022146
1314,3,Tamil Nadu - 2026,24-Feb 6pm,4547.728301477381
1314,4,Tamil Nadu - 2026,24-Feb 6pm,4559.326160362086
1315,1,Tamil Nadu - 2026,24-Feb 7pm,4591.608266676257
1315,2,Tamil Nadu - 2026,24-Feb 7pm,4600.049862464434
1315,3,Tamil Nadu - 2026,24-Feb 7pm,4584.650947726623
1315,4,Tamil Nadu - 2026,24-Feb 7pm,4547.360923132685
1316,1,Tamil Nadu - 2026,24-Feb 8pm,4488.179788682623
1316,2,Tamil Nadu - 2026,24-Feb 8pm,4439.935898312689
1316,3,Tamil Nadu - 2026,24-Feb 8pm,4402.629252022875
1316,4,Tamil Nadu - 2026,24-Feb 8pm,4372.105060981811
1317,1,Tamil Nadu - 2026,24-Feb 9pm,4348.363325189494
1317,2,Tamil Nadu - 2026,24-Feb 9pm,4323.50442369794
1317,3,Tamil Nadu - 2026,24-Feb 9pm,4297.528356507146
1317,4,Tamil Nadu - 2026,24-Feb 9pm,4272.85389460542
1318,1,Tamil Nadu - 2026,24-Feb 10pm,4249.481037992761
1318,2,Tamil Nadu - 2026,24-Feb 10pm,4220.79678168732
1318,3,Tamil Nadu - 2026,24-Feb 10pm,4186.801125689094
1318,4,Tamil Nadu - 2026,24-Feb 10pm,4148.391054630826
1319,1,Tamil Nadu - 2026,24-Feb 11pm,4105.566568512524
1319,2,Tamil Nadu - 2026,24-Feb 11pm,4059.5587645195656
1319,3,Tamil Nadu - 2026,24-Feb 11pm,4010.367642651956
1319,4,Tamil Nadu - 2026,24-Feb 11pm,3953.747024315954
1320,1,Tamil Nadu - 2026,25-Feb 12am,3889.696909511564
1320,2,Tamil Nadu - 2026,25-Feb 12am,3842.46327261581
1320,3,Tamil Nadu - 2026,25-Feb 12am,3812.046113628689
1320,4,Tamil Nadu - 2026,25-Feb 12am,3798.6637042439374
1321,1,Tamil Nadu - 2026,25-Feb 1am,3802.316044461556
1321,2,Tamil Nadu - 2026,25-Feb 1am,3797.4475297421095
1321,3,Tamil Nadu - 2026,25-Feb 1am,3784.058160085601
1321,4,Tamil Nadu - 2026,25-Feb 1am,3764.1782657107337
1322,1,Tamil Nadu - 2026,25-Feb 2am,3737.807846617509
1322,2,Tamil Nadu - 2026,25-Feb 2am,3718.320526033133
1322,3,Tamil Nadu - 2026,25-Feb 2am,3705.716303957601
1322,4,Tamil Nadu - 2026,25-Feb 2am,3698.5953233917576
1323,1,Tamil Nadu - 2026,25-Feb 3am,3696.957584335607
1323,2,Tamil Nadu - 2026,25-Feb 3am,3695.828605556884
1323,3,Tamil Nadu - 2026,25-Feb 3am,3695.208387055587
1323,4,Tamil Nadu - 2026,25-Feb 3am,3696.2954230519226
1324,1,Tamil Nadu - 2026,25-Feb 4am,3699.0897135458954
1324,2,Tamil Nadu - 2026,25-Feb 4am,3701.3747744485217
1324,3,Tamil Nadu - 2026,25-Feb 4am,3703.1506057598026
1324,4,Tamil Nadu - 2026,25-Feb 4am,3702.4049062457816
1325,1,Tamil Nadu - 2026,25-Feb 5am,3699.13767590646
1325,2,Tamil Nadu - 2026,25-Feb 5am,3707.6392062345567
1325,3,Tamil Nadu - 2026,25-Feb 5am,3727.9094972300713
1325,4,Tamil Nadu - 2026,25-Feb 5am,3751.853620628913
1326,1,Tamil Nadu - 2026,25-Feb 6am,3779.471576431082
1326,2,Tamil Nadu - 2026,25-Feb 6am,3845.042642728404
1326,3,Tamil Nadu - 2026,25-Feb 6am,3948.5668195208777
1326,4,Tamil Nadu - 2026,25-Feb 6am,4101.108961319636
1327,1,Tamil Nadu - 2026,25-Feb 7am,4302.669068124679
1327,2,Tamil Nadu - 2026,25-Feb 7am,4452.57873477739
1327,3,Tamil Nadu - 2026,25-Feb 7am,4550.837961277768
1327,4,Tamil Nadu - 2026,25-Feb 7am,4611.734235820162
1328,1,Tamil Nadu - 2026,25-Feb 8am,4635.26755840458
1328,2,Tamil Nadu - 2026,25-Feb 8am,4636.381405023519
1328,3,Tamil Nadu - 2026,25-Feb 8am,4615.075775676978
1328,4,Tamil Nadu - 2026,25-Feb 8am,4559.145260894922
1329,1,Tamil Nadu - 2026,25-Feb 9am,4468.5898606773535
1329,2,Tamil Nadu - 2026,25-Feb 9am,4401.698555851983
1329,3,Tamil Nadu - 2026,25-Feb 9am,4358.471346418805
1329,4,Tamil Nadu - 2026,25-Feb 9am,4332.560237051858
1330,1,Tamil Nadu - 2026,25-Feb 10am,4323.965227751147
1330,2,Tamil Nadu - 2026,25-Feb 10am,4312.485309644737
1330,3,Tamil Nadu - 2026,25-Feb 10am,4298.120482732629
1330,4,Tamil Nadu - 2026,25-Feb 10am,4282.928979871487
1331,1,Tamil Nadu - 2026,25-Feb 11am,4266.910801061312
1331,2,Tamil Nadu - 2026,25-Feb 11am,4257.9175580340425
1331,3,Tamil Nadu - 2026,25-Feb 11am,4255.949250789677
1331,4,Tamil Nadu - 2026,25-Feb 11am,4265.232390114968
1332,1,Tamil Nadu - 2026,25-Feb 12pm,4285.766976009913
1332,2,Tamil Nadu - 2026,25-Feb 12pm,4284.342332022073
1332,3,Tamil Nadu - 2026,25-Feb 12pm,4260.958458151443
1332,4,Tamil Nadu - 2026,25-Feb 12pm,4214.94223381657
1333,1,Tamil Nadu - 2026,25-Feb 1pm,4146.2936590174495
1333,2,Tamil Nadu - 2026,25-Feb 1pm,4092.262133695286
1333,3,Tamil Nadu - 2026,25-Feb 1pm,4052.847657850079
1333,4,Tamil Nadu - 2026,25-Feb 1pm,4018.216549437186
1334,1,Tamil Nadu - 2026,25-Feb 2pm,3988.368808456609
1334,2,Tamil Nadu - 2026,25-Feb 2pm,3985.057127235
1334,3,Tamil Nadu - 2026,25-Feb 2pm,4008.2815057723615
1334,4,Tamil Nadu - 2026,25-Feb 2pm,4063.6725585360286
1335,1,Tamil Nadu - 2026,25-Feb 3pm,4151.230285526003
1335,2,Tamil Nadu - 2026,25-Feb 3pm,4215.418307611605
1335,3,Tamil Nadu - 2026,25-Feb 3pm,4256.236624792832
1335,4,Tamil Nadu - 2026,25-Feb 3pm,4273.244782069561
1336,1,Tamil Nadu - 2026,25-Feb 4pm,4266.442779441787
1336,2,Tamil Nadu - 2026,25-Feb 4pm,4294.009726040961
1336,3,Tamil Nadu - 2026,25-Feb 4pm,4355.945621867084
1336,4,Tamil Nadu - 2026,25-Feb 4pm,4458.641872650169
1337,1,Tamil Nadu - 2026,25-Feb 5pm,4602.098478390218
1337,2,Tamil Nadu - 2026,25-Feb 5pm,4689.787895575694
1337,3,Tamil Nadu - 2026,25-Feb 5pm,4721.7101242066
1337,4,Tamil Nadu - 2026,25-Feb 5pm,4699.973501827488
1338,1,Tamil Nadu - 2026,25-Feb 6pm,4624.578028438358
1338,2,Tamil Nadu - 2026,25-Feb 6pm,4579.401222283423
1338,3,Tamil Nadu - 2026,25-Feb 6pm,4564.443083362688
1338,4,Tamil Nadu - 2026,25-Feb 6pm,4576.527665915532
1339,1,Tamil Nadu - 2026,25-Feb 7pm,4615.654969941962
1339,2,Tamil Nadu - 2026,25-Feb 7pm,4617.003151761434
1339,3,Tamil Nadu - 2026,25-Feb 7pm,4580.572211373948
1339,4,Tamil Nadu - 2026,25-Feb 7pm,4506.819666922655
1340,1,Tamil Nadu - 2026,25-Feb 8pm,4395.745518407552
1340,2,Tamil Nadu - 2026,25-Feb 8pm,4309.42650065029
1340,3,Tamil Nadu - 2026,25-Feb 8pm,4247.862613650866
1340,4,Tamil Nadu - 2026,25-Feb 8pm,4203.455367291294
1341,1,Tamil Nadu - 2026,25-Feb 9pm,4176.204761571578
1341,2,Tamil Nadu - 2026,25-Feb 9pm,4149.625002377976
1341,3,Tamil Nadu - 2026,25-Feb 9pm,4123.716089710489
1341,4,Tamil Nadu - 2026,25-Feb 9pm,4102.714146339956
1342,1,Tamil Nadu - 2026,25-Feb 10pm,4086.6191722663766
1342,2,Tamil Nadu - 2026,25-Feb 10pm,4066.5002249784543
1342,3,Tamil Nadu - 2026,25-Feb 10pm,4042.357304476188
1342,4,Tamil Nadu - 2026,25-Feb 10pm,4016.603298278981
1343,1,Tamil Nadu - 2026,25-Feb 11pm,3989.238206386834
1343,2,Tamil Nadu - 2026,25-Feb 11pm,3954.715646194624
1343,3,Tamil Nadu - 2026,25-Feb 11pm,3913.0356177023514
1343,4,Tamil Nadu - 2026,25-Feb 11pm,3860.090529716192
1344,1,Tamil Nadu - 2026,26-Feb 12am,3795.88038223615
1344,2,Tamil Nadu - 2026,26-Feb 12am,3750.597105030277
1344,3,Tamil Nadu - 2026,26-Feb 12am,3724.240698098573
1344,4,Tamil Nadu - 2026,26-Feb 12am,3716.921814635
1345,1,Tamil Nadu - 2026,26-Feb 1am,3728.6404546395584
1345,2,Tamil Nadu - 2026,26-Feb 1am,3728.540769180419
1345,3,Tamil Nadu - 2026,26-Feb 1am,3716.6227582575807
1345,4,Tamil Nadu - 2026,26-Feb 1am,3695.816017922443
1346,1,Tamil Nadu - 2026,26-Feb 2am,3666.120548175009
1346,2,Tamil Nadu - 2026,26-Feb 2am,3640.814621638708
1346,3,Tamil Nadu - 2026,26-Feb 2am,3619.8982383135394
1346,4,Tamil Nadu - 2026,26-Feb 2am,3600.3265918727434
1347,1,Tamil Nadu - 2026,26-Feb 3am,3582.09968231632
1347,2,Tamil Nadu - 2026,26-Feb 3am,3570.2080749813977
1347,3,Tamil Nadu - 2026,26-Feb 3am,3564.6517698679804
1347,4,Tamil Nadu - 2026,26-Feb 3am,3566.990472834303
1348,1,Tamil Nadu - 2026,26-Feb 4am,3577.224183880364
1348,2,Tamil Nadu - 2026,26-Feb 4am,3581.0041025196115
1348,3,Tamil Nadu - 2026,26-Feb 4am,3578.330228752048
1348,4,Tamil Nadu - 2026,26-Feb 4am,3566.751484847976
1349,1,Tamil Nadu - 2026,26-Feb 5am,3546.267870807398
1349,2,Tamil Nadu - 2026,26-Feb 5am,3545.9346534950346
1349,3,Tamil Nadu - 2026,26-Feb 5am,3565.751832910889
1349,4,Tamil Nadu - 2026,26-Feb 5am,3597.1256427866783
1350,1,Tamil Nadu - 2026,26-Feb 6am,3640.056083122403
1350,2,Tamil Nadu - 2026,26-Feb 6am,3717.05048466302
1350,3,Tamil Nadu - 2026,26-Feb 6am,3828.108847408528
1350,4,Tamil Nadu - 2026,26-Feb 6am,3989.554584806049
1351,1,Tamil Nadu - 2026,26-Feb 7am,4201.387696855585
1351,2,Tamil Nadu - 2026,26-Feb 7am,4343.160372129443
1351,3,Tamil Nadu - 2026,26-Feb 7am,4414.872610627624
1351,4,Tamil Nadu - 2026,26-Feb 7am,4424.729320387349
1352,1,Tamil Nadu - 2026,26-Feb 8am,4372.730501408617
1352,2,Tamil Nadu - 2026,26-Feb 8am,4330.094516895811
1352,3,Tamil Nadu - 2026,26-Feb 8am,4296.821366848927
1352,4,Tamil Nadu - 2026,26-Feb 8am,4258.563614846645
1353,1,Tamil Nadu - 2026,26-Feb 9am,4215.321260888961
1353,2,Tamil Nadu - 2026,26-Feb 9am,4181.960560299454
1353,3,Tamil Nadu - 2026,26-Feb 9am,4158.481513078124
1353,4,Tamil Nadu - 2026,26-Feb 9am,4145.026665733462
1354,1,Tamil Nadu - 2026,26-Feb 10am,4141.596018265469
1354,2,Tamil Nadu - 2026,26-Feb 10am,4132.468036299622
1354,3,Tamil Nadu - 2026,26-Feb 10am,4117.642719835927
1354,4,Tamil Nadu - 2026,26-Feb 10am,4099.71322559898
1355,1,Tamil Nadu - 2026,26-Feb 11am,4078.679553588779
1355,2,Tamil Nadu - 2026,26-Feb 11am,4054.704297832253
1355,3,Tamil Nadu - 2026,26-Feb 11am,4027.7874583294006
1355,4,Tamil Nadu - 2026,26-Feb 11am,3993.958690249567
1356,1,Tamil Nadu - 2026,26-Feb 12pm,3953.217993592746
1356,2,Tamil Nadu - 2026,26-Feb 12pm,3929.224843315965
1356,3,Tamil Nadu - 2026,26-Feb 12pm,3921.97923941922
1356,4,Tamil Nadu - 2026,26-Feb 12pm,3933.27792367207
1357,1,Tamil Nadu - 2026,26-Feb 1pm,3963.120896074517
1357,2,Tamil Nadu - 2026,26-Feb 1pm,3977.068231052188
1357,3,Tamil Nadu - 2026,26-Feb 1pm,3975.1199286050814
1357,4,Tamil Nadu - 2026,26-Feb 1pm,3955.0209442682126
1358,1,Tamil Nadu - 2026,26-Feb 2pm,3916.77127804158
1358,2,Tamil Nadu - 2026,26-Feb 2pm,3908.341122289482
1358,3,Tamil Nadu - 2026,26-Feb 2pm,3929.730477011922
1358,4,Tamil Nadu - 2026,26-Feb 2pm,3979.5271226570167
1359,1,Tamil Nadu - 2026,26-Feb 3pm,4057.731059224761
1359,2,Tamil Nadu - 2026,26-Feb 3pm,4124.84541166216
1359,3,Tamil Nadu - 2026,26-Feb 3pm,4180.8701799692135
1359,4,Tamil Nadu - 2026,26-Feb 3pm,4228.623349143865
1360,1,Tamil Nadu - 2026,26-Feb 4pm,4268.104919186115
1360,2,Tamil Nadu - 2026,26-Feb 4pm,4321.903855161305
1360,3,Tamil Nadu - 2026,26-Feb 4pm,4390.020157069436
1360,4,Tamil Nadu - 2026,26-Feb 4pm,4479.801068583146
1361,1,Tamil Nadu - 2026,26-Feb 5pm,4591.246589702439
1361,2,Tamil Nadu - 2026,26-Feb 5pm,4657.684293326125
1361,3,Tamil Nadu - 2026,26-Feb 5pm,4679.1141794542
1361,4,Tamil Nadu - 2026,26-Feb 5pm,4654.424937517237
1362,1,Tamil Nadu - 2026,26-Feb 6pm,4583.616567515237
1362,2,Tamil Nadu - 2026,26-Feb 6pm,4540.029359965953
1362,3,Tamil Nadu - 2026,26-Feb 6pm,4523.66331486938
1362,4,Tamil Nadu - 2026,26-Feb 6pm,4529.780757649431
1363,1,Tamil Nadu - 2026,26-Feb 7pm,4558.381688306106
1363,2,Tamil Nadu - 2026,26-Feb 7pm,4564.551863778177
1363,3,Tamil Nadu - 2026,26-Feb 7pm,4548.291284065644
1363,4,Tamil Nadu - 2026,26-Feb 7pm,4512.685163850073
1364,1,Tamil Nadu - 2026,26-Feb 8pm,4457.733503131463
1364,2,Tamil Nadu - 2026,26-Feb 8pm,4409.839256881636
1364,3,Tamil Nadu - 2026,26-Feb 8pm,4369.002425100592
1364,4,Tamil Nadu - 2026,26-Feb 8pm,4329.944814886309
1365,1,Tamil Nadu - 2026,26-Feb 9pm,4292.666426238784
1365,2,Tamil Nadu - 2026,26-Feb 9pm,4262.433461598346
1365,3,Tamil Nadu - 2026,26-Feb 9pm,4239.245920964995
1365,4,Tamil Nadu - 2026,26-Feb 9pm,4225.514191197875
1366,1,Tamil Nadu - 2026,26-Feb 10pm,4221.238272296986
1366,2,Tamil Nadu - 2026,26-Feb 10pm,4206.689640667138
1366,3,Tamil Nadu - 2026,26-Feb 10pm,4181.868296308333
1366,4,Tamil Nadu - 2026,26-Feb 10pm,4149.603790727545
1367,1,Tamil Nadu - 2026,26-Feb 11pm,4109.896123924773
1367,2,Tamil Nadu - 2026,26-Feb 11pm,4065.496510453361
1367,3,Tamil Nadu - 2026,26-Feb 11pm,4016.404950313307
1367,4,Tamil Nadu - 2026,26-Feb 11pm,3957.832415308558
1368,1,Tamil Nadu - 2026,27-Feb 12am,3889.7789054391146
1368,2,Tamil Nadu - 2026,27-Feb 12am,3838.2273753279455
1368,3,Tamil Nadu - 2026,27-Feb 12am,3803.1778249750537
1368,4,Tamil Nadu - 2026,27-Feb 12am,3783.9158942578856
1369,1,Tamil Nadu - 2026,27-Feb 1am,3780.441583176444
1369,2,Tamil Nadu - 2026,27-Feb 1am,3771.0580978430594
1369,3,Tamil Nadu - 2026,27-Feb 1am,3755.765438257732
1369,4,Tamil Nadu - 2026,27-Feb 1am,3737.664880722765
1370,1,Tamil Nadu - 2026,27-Feb 2am,3716.756425238159
1370,2,Tamil Nadu - 2026,27-Feb 2am,3696.129207877752
1370,3,Tamil Nadu - 2026,27-Feb 2am,3675.783228641545
1370,4,Tamil Nadu - 2026,27-Feb 2am,3653.771138242545
1371,1,Tamil Nadu - 2026,27-Feb 3am,3630.092936680748
1371,2,Tamil Nadu - 2026,27-Feb 3am,3613.343583604296
1371,3,Tamil Nadu - 2026,27-Feb 3am,3603.523079013188
1371,4,Tamil Nadu - 2026,27-Feb 3am,3599.540400701769
1372,1,Tamil Nadu - 2026,27-Feb 4am,3601.395548670039
1372,2,Tamil Nadu - 2026,27-Feb 4am,3607.039696503796
1372,3,Tamil Nadu - 2026,27-Feb 4am,3616.47284420304
1372,4,Tamil Nadu - 2026,27-Feb 4am,3630.031910623126
1373,1,Tamil Nadu - 2026,27-Feb 5am,3647.716895764056
1373,2,Tamil Nadu - 2026,27-Feb 5am,3669.555112907904
1373,3,Tamil Nadu - 2026,27-Feb 5am,3695.546562054671
1373,4,Tamil Nadu - 2026,27-Feb 5am,3718.27142927337
1374,1,Tamil Nadu - 2026,27-Feb 6am,3737.729714564
1374,2,Tamil Nadu - 2026,27-Feb 6am,3798.4129882304183
1374,3,Tamil Nadu - 2026,27-Feb 6am,3900.32125027263
1374,4,Tamil Nadu - 2026,27-Feb 6am,4053.106046932952
1375,1,Tamil Nadu - 2026,27-Feb 7am,4256.767378211381
1375,2,Tamil Nadu - 2026,27-Feb 7am,4408.904396350153
1375,3,Tamil Nadu - 2026,27-Feb 7am,4509.517101349266
1375,4,Tamil Nadu - 2026,27-Feb 7am,4574.421124089201
1376,1,Tamil Nadu - 2026,27-Feb 8am,4603.616464569955
1376,2,Tamil Nadu - 2026,27-Feb 8am,4604.61018526643
1376,3,Tamil Nadu - 2026,27-Feb 8am,4577.402286178626
1376,4,Tamil Nadu - 2026,27-Feb 8am,4513.9010639849885
1377,1,Tamil Nadu - 2026,27-Feb 9am,4414.106518685518
1377,2,Tamil Nadu - 2026,27-Feb 9am,4319.061807734635
1377,3,Tamil Nadu - 2026,27-Feb 9am,4228.76693113234
1377,4,Tamil Nadu - 2026,27-Feb 9am,4124.294742447507
1378,1,Tamil Nadu - 2026,27-Feb 10am,4005.6452416801353
1378,2,Tamil Nadu - 2026,27-Feb 10am,3945.33814996256
1378,3,Tamil Nadu - 2026,27-Feb 10am,3943.373467294778
1378,4,Tamil Nadu - 2026,27-Feb 10am,4008.583141062528
1379,1,Tamil Nadu - 2026,27-Feb 11am,4140.967171265811
1379,2,Tamil Nadu - 2026,27-Feb 11am,4215.014152457858
1379,3,Tamil Nadu - 2026,27-Feb 11am,4230.724084638668
1379,4,Tamil Nadu - 2026,27-Feb 11am,4196.914591637663
1380,1,Tamil Nadu - 2026,27-Feb 12pm,4113.585673454847
1380,2,Tamil Nadu - 2026,27-Feb 12pm,4053.342992560439
1380,3,Tamil Nadu - 2026,27-Feb 12pm,4016.18654895444
1380,4,Tamil Nadu - 2026,27-Feb 12pm,3992.384785030274
1381,1,Tamil Nadu - 2026,27-Feb 1pm,3981.9377007879416
1381,2,Tamil Nadu - 2026,27-Feb 1pm,3970.628979396675
1381,3,Tamil Nadu - 2026,27-Feb 1pm,3958.458620856476
1381,4,Tamil Nadu - 2026,27-Feb 1pm,3945.644698958908
1382,1,Tamil Nadu - 2026,27-Feb 2pm,3932.187213703972
1382,2,Tamil Nadu - 2026,27-Feb 2pm,3930.994039173054
1382,3,Tamil Nadu - 2026,27-Feb 2pm,3942.065175366152
1382,4,Tamil Nadu - 2026,27-Feb 2pm,3963.123571756824
1383,1,Tamil Nadu - 2026,27-Feb 3pm,3994.169228345069
1383,2,Tamil Nadu - 2026,27-Feb 3pm,4035.95657420816
1383,3,Tamil Nadu - 2026,27-Feb 3pm,4088.4856093460935
1383,4,Tamil Nadu - 2026,27-Feb 3pm,4154.298588100677
1384,1,Tamil Nadu - 2026,27-Feb 4pm,4233.395510471905
1384,2,Tamil Nadu - 2026,27-Feb 4pm,4309.768421331694
1384,3,Tamil Nadu - 2026,27-Feb 4pm,4383.417320680052
1384,4,Tamil Nadu - 2026,27-Feb 4pm,4462.81874751635
1385,1,Tamil Nadu - 2026,27-Feb 5pm,4547.972701840594
1385,2,Tamil Nadu - 2026,27-Feb 5pm,4604.02790478458
1385,3,Tamil Nadu - 2026,27-Feb 5pm,4630.984356348306
1385,4,Tamil Nadu - 2026,27-Feb 5pm,4627.49503702652
1386,1,Tamil Nadu - 2026,27-Feb 6pm,4593.55994681922
1386,2,Tamil Nadu - 2026,27-Feb 6pm,4572.112481626138
1386,3,Tamil Nadu - 2026,27-Feb 6pm,4563.152641447272
1386,4,Tamil Nadu - 2026,27-Feb 6pm,4563.97493010737
1387,1,Tamil Nadu - 2026,27-Feb 7pm,4574.579347606429
1387,2,Tamil Nadu - 2026,27-Feb 7pm,4568.265475096251
1387,3,Tamil Nadu - 2026,27-Feb 7pm,4545.03331257684
1387,4,Tamil Nadu - 2026,27-Feb 7pm,4505.111864720481
1388,1,Tamil Nadu - 2026,27-Feb 8pm,4448.501131527177
1388,2,Tamil Nadu - 2026,27-Feb 8pm,4400.527503811385
1388,3,Tamil Nadu - 2026,27-Feb 8pm,4361.190981573103
1388,4,Tamil Nadu - 2026,27-Feb 8pm,4326.540383088333
1389,1,Tamil Nadu - 2026,27-Feb 9pm,4296.575708357073
1389,2,Tamil Nadu - 2026,27-Feb 9pm,4269.677656908874
1389,3,Tamil Nadu - 2026,27-Feb 9pm,4245.8462287437405
1389,4,Tamil Nadu - 2026,27-Feb 9pm,4227.110405990311
1390,1,Tamil Nadu - 2026,27-Feb 10pm,4213.470188648584
1390,2,Tamil Nadu - 2026,27-Feb 10pm,4194.37098441717
1390,3,Tamil Nadu - 2026,27-Feb 10pm,4169.812793296069
1390,4,Tamil Nadu - 2026,27-Feb 10pm,4144.806033638177
1391,1,Tamil Nadu - 2026,27-Feb 11pm,4119.350705443495
1391,2,Tamil Nadu - 2026,27-Feb 11pm,4073.938890896037
1391,3,Tamil Nadu - 2026,27-Feb 11pm,4008.570589995803
1391,4,Tamil Nadu - 2026,27-Feb 11pm,3913.4198136646655
1392,1,Tamil Nadu - 2026,28-Feb 12am,3788.486561902628
1392,2,Tamil Nadu - 2026,28-Feb 12am,3712.234686994431
1392,3,Tamil Nadu - 2026,28-Feb 12am,3684.66418894008
1392,4,Tamil Nadu - 2026,28-Feb 12am,3711.9445621628606
1393,1,Tamil Nadu - 2026,28-Feb 1am,3794.0758066627736
1393,2,Tamil Nadu - 2026,28-Feb 1am,3815.5771036153433
1393,3,Tamil Nadu - 2026,28-Feb 1am,3776.448453020573
1393,4,Tamil Nadu - 2026,28-Feb 1am,3675.5586367013098
1394,1,Tamil Nadu - 2026,28-Feb 2am,3512.907654657552
1394,2,Tamil Nadu - 2026,28-Feb 2am,3410.763634776694
1394,3,Tamil Nadu - 2026,28-Feb 2am,3369.1265770587397
1394,4,Tamil Nadu - 2026,28-Feb 2am,3380.972133507016
1395,1,Tamil Nadu - 2026,28-Feb 3am,3446.300304121529
1395,2,Tamil Nadu - 2026,28-Feb 3am,3484.989048994884
1395,3,Tamil Nadu - 2026,28-Feb 3am,3497.03836812708
1395,4,Tamil Nadu - 2026,28-Feb 3am,3489.242278756507
1396,1,Tamil Nadu - 2026,28-Feb 4am,3461.6007808831623
1396,2,Tamil Nadu - 2026,28-Feb 4am,3453.471810984112
1396,3,Tamil Nadu - 2026,28-Feb 4am,3464.855369059356
1396,4,Tamil Nadu - 2026,28-Feb 4am,3492.48203907337
1397,1,Tamil Nadu - 2026,28-Feb 5am,3536.351821026154
1397,2,Tamil Nadu - 2026,28-Feb 5am,3576.7232746537834
1397,3,Tamil Nadu - 2026,28-Feb 5am,3613.596399956261
1397,4,Tamil Nadu - 2026,28-Feb 5am,3645.4485043638015
1398,1,Tamil Nadu - 2026,28-Feb 6am,3672.279587876413
1398,2,Tamil Nadu - 2026,28-Feb 6am,3722.967246176688
1398,3,Tamil Nadu - 2026,28-Feb 6am,3797.51147926463
1398,4,Tamil Nadu - 2026,28-Feb 6am,3899.9916866822687
1399,1,Tamil Nadu - 2026,28-Feb 7am,4030.407868429601
1399,2,Tamil Nadu - 2026,28-Feb 7am,4135.406031571858
1399,3,Tamil Nadu - 2026,28-Feb 7am,4214.986176109042
1399,4,Tamil Nadu - 2026,28-Feb 7am,4278.509923889499
1400,1,Tamil Nadu - 2026,28-Feb 8am,4325.977274913231
1400,2,Tamil Nadu - 2026,28-Feb 8am,4354.572491024924
1400,3,Tamil Nadu - 2026,28-Feb 8am,4364.295572224574
1400,4,Tamil Nadu - 2026,28-Feb 8am,4351.43466183727
1401,1,Tamil Nadu - 2026,28-Feb 9am,4315.989759863004
1401,2,Tamil Nadu - 2026,28-Feb 9am,4283.047744506605
1401,3,Tamil Nadu - 2026,28-Feb 9am,4252.6086157680775
1401,4,Tamil Nadu - 2026,28-Feb 9am,4218.563879862312
1402,1,Tamil Nadu - 2026,28-Feb 10am,4180.913536789312
1402,2,Tamil Nadu - 2026,28-Feb 10am,4151.2216710548655
1402,3,Tamil Nadu - 2026,28-Feb 10am,4129.488282658969
1402,4,Tamil Nadu - 2026,28-Feb 10am,4115.306509496853
1403,1,Tamil Nadu - 2026,28-Feb 11am,4108.676351568522
1403,2,Tamil Nadu - 2026,28-Feb 11am,4100.4748969968
1403,3,Tamil Nadu - 2026,28-Feb 11am,4090.702145781695
1403,4,Tamil Nadu - 2026,28-Feb 11am,4081.526605652982
1404,1,Tamil Nadu - 2026,28-Feb 12pm,4072.94827661066
1404,2,Tamil Nadu - 2026,28-Feb 12pm,4061.07902415322
1404,3,Tamil Nadu - 2026,28-Feb 12pm,4045.9188482806608
1404,4,Tamil Nadu - 2026,28-Feb 12pm,4028.273850955459
1405,1,Tamil Nadu - 2026,28-Feb 1pm,4008.144032177614
1405,2,Tamil Nadu - 2026,28-Feb 1pm,3984.580914673791
1405,3,Tamil Nadu - 2026,28-Feb 1pm,3957.584498443988
1405,4,Tamil Nadu - 2026,28-Feb 1pm,3920.280554704608
1406,1,Tamil Nadu - 2026,28-Feb 2pm,3872.669083455651
1406,2,Tamil Nadu - 2026,28-Feb 2pm,3856.9439346720474
1406,3,Tamil Nadu - 2026,28-Feb 2pm,3873.105108353796
1406,4,Tamil Nadu - 2026,28-Feb 2pm,3920.6618735185057
1407,1,Tamil Nadu - 2026,28-Feb 3pm,3999.6142301661775
1407,2,Tamil Nadu - 2026,28-Feb 3pm,4070.7127142162353
1407,3,Tamil Nadu - 2026,28-Feb 3pm,4133.957325668679
1407,4,Tamil Nadu - 2026,28-Feb 3pm,4194.175729948906
1408,1,Tamil Nadu - 2026,28-Feb 4pm,4251.367927056916
1408,2,Tamil Nadu - 2026,28-Feb 4pm,4315.817388520908
1408,3,Tamil Nadu - 2026,28-Feb 4pm,4387.524114340878
1408,4,Tamil Nadu - 2026,28-Feb 4pm,4475.540570081297
1409,1,Tamil Nadu - 2026,28-Feb 5pm,4579.86675574216
1409,2,Tamil Nadu - 2026,28-Feb 5pm,4635.904406408487
1409,3,Tamil Nadu - 2026,28-Feb 5pm,4643.653522080276
1409,4,Tamil Nadu - 2026,28-Feb 5pm,4598.165315769076
1410,1,Tamil Nadu - 2026,28-Feb 6pm,4499.439787474887
1410,2,Tamil Nadu - 2026,28-Feb 6pm,4441.767924043406
1410,3,Tamil Nadu - 2026,28-Feb 6pm,4425.149725474637
1410,4,Tamil Nadu - 2026,28-Feb 6pm,4446.82256300707
1411,1,Tamil Nadu - 2026,28-Feb 7pm,4506.786436640705
1411,2,Tamil Nadu - 2026,28-Feb 7pm,4527.326132098879
1411,3,Tamil Nadu - 2026,28-Feb 7pm,4508.441649381591
1411,4,Tamil Nadu - 2026,28-Feb 7pm,4453.265781878826
1412,1,Tamil Nadu - 2026,28-Feb 8pm,4361.79852959058
1412,2,Tamil Nadu - 2026,28-Feb 8pm,4292.958346453632
1412,3,Tamil Nadu - 2026,28-Feb 8pm,4246.745232467984
1412,4,Tamil Nadu - 2026,28-Feb 8pm,4216.407891487804
1413,1,Tamil Nadu - 2026,28-Feb 9pm,4201.946323513095
1413,2,Tamil Nadu - 2026,28-Feb 9pm,4184.949851482044
1413,3,Tamil Nadu - 2026,28-Feb 9pm,4165.418475394655
1413,4,Tamil Nadu - 2026,28-Feb 9pm,4144.975349610207
1414,1,Tamil Nadu - 2026,28-Feb 10pm,4123.620474128701
1414,2,Tamil Nadu - 2026,28-Feb 10pm,4110.025599856249
1414,3,Tamil Nadu - 2026,28-Feb 10pm,4104.190726792847
1414,4,Tamil Nadu - 2026,28-Feb 10pm,4121.473199222204
1415,1,Tamil Nadu - 2026,28-Feb 11pm,4161.873017144325
1415,2,Tamil Nadu - 2026,28-Feb 11pm,4124.574363950839
1415,3,Tamil Nadu - 2026,28-Feb 11pm,4009.57723964175
1415,4,Tamil Nadu - 2026,28-Feb 11pm,3802.5453792630856
1416,1,Tamil Nadu - 2026,01-Mar 12am,3503.478782814848
1416,2,Tamil Nadu - 2026,01-Mar 12am,3299.2108566292163
1416,3,Tamil Nadu - 2026,01-Mar 12am,3189.7416007061897
1416,4,Tamil Nadu - 2026,01-Mar 12am,3162.258759849747
1417,1,Tamil Nadu - 2026,01-Mar 1am,3216.762334059886
1417,2,Tamil Nadu - 2026,01-Mar 1am,3243.292448180567
1417,3,Tamil Nadu - 2026,01-Mar 1am,3241.8491022117933
1417,4,Tamil Nadu - 2026,01-Mar 1am,3227.866115547754
1418,1,Tamil Nadu - 2026,01-Mar 2am,3201.343488188452
1418,2,Tamil Nadu - 2026,01-Mar 2am,3179.6381789247675
1418,3,Tamil Nadu - 2026,01-Mar 2am,3162.750187756701
1418,4,Tamil Nadu - 2026,01-Mar 2am,3146.8881451300804
1419,1,Tamil Nadu - 2026,01-Mar 3am,3132.052051044905
1419,2,Tamil Nadu - 2026,01-Mar 3am,3123.633164035334
1419,3,Tamil Nadu - 2026,01-Mar 3am,3121.631484101371
1419,4,Tamil Nadu - 2026,01-Mar 3am,3125.2633008183893
1420,1,Tamil Nadu - 2026,01-Mar 4am,3134.528614186391
1420,2,Tamil Nadu - 2026,01-Mar 4am,3148.7384282189555
1420,3,Tamil Nadu - 2026,01-Mar 4am,3167.8927429160817
1420,4,Tamil Nadu - 2026,01-Mar 4am,3194.100214678572
1421,1,Tamil Nadu - 2026,01-Mar 5am,3227.3608435064284
1421,2,Tamil Nadu - 2026,01-Mar 5am,3255.711686981256
1421,3,Tamil Nadu - 2026,01-Mar 5am,3279.1527451030547
1421,4,Tamil Nadu - 2026,01-Mar 5am,3294.9247244092608
1422,1,Tamil Nadu - 2026,01-Mar 6am,3303.0276248998757
1422,2,Tamil Nadu - 2026,01-Mar 6am,3331.9801497686813
1422,3,Tamil Nadu - 2026,01-Mar 6am,3381.782299015682
1422,4,Tamil Nadu - 2026,01-Mar 6am,3455.1299263157616
1423,1,Tamil Nadu - 2026,01-Mar 7am,3552.0230316689185
1423,2,Tamil Nadu - 2026,01-Mar 7am,3627.76778983206
1423,3,Tamil Nadu - 2026,01-Mar 7am,3682.364200805188
1423,4,Tamil Nadu - 2026,01-Mar 7am,3716.9649776938345
1424,1,Tamil Nadu - 2026,01-Mar 8am,3731.570120497999
1424,2,Tamil Nadu - 2026,01-Mar 8am,3763.957175827578
1424,3,Tamil Nadu - 2026,01-Mar 8am,3814.1261436825735
1424,4,Tamil Nadu - 2026,01-Mar 8am,3882.3365599918498
1425,1,Tamil Nadu - 2026,01-Mar 9am,3968.5884247554072
1425,2,Tamil Nadu - 2026,01-Mar 9am,4033.5469757901615
1425,3,Tamil Nadu - 2026,01-Mar 9am,4077.212213096112
1425,4,Tamil Nadu - 2026,01-Mar 9am,4105.40238635832
1426,1,Tamil Nadu - 2026,01-Mar 10am,4118.117495576785
1426,2,Tamil Nadu - 2026,01-Mar 10am,4119.782804824231
1426,3,Tamil Nadu - 2026,01-Mar 10am,4110.398314100657
1426,4,Tamil Nadu - 2026,01-Mar 10am,4084.9413854983286
1427,1,Tamil Nadu - 2026,01-Mar 11am,4043.412019017245
1427,2,Tamil Nadu - 2026,01-Mar 11am,4011.520778031104
1427,3,Tamil Nadu - 2026,01-Mar 11am,3989.267662539906
1427,4,Tamil Nadu - 2026,01-Mar 11am,3972.729540411745
1428,1,Tamil Nadu - 2026,01-Mar 12pm,3961.906411646625
1428,2,Tamil Nadu - 2026,01-Mar 12pm,3954.6265056622688
1428,3,Tamil Nadu - 2026,01-Mar 12pm,3950.8898224586783
1428,4,Tamil Nadu - 2026,01-Mar 12pm,3957.607260232429
1429,1,Tamil Nadu - 2026,01-Mar 1pm,3974.778818983517
1429,2,Tamil Nadu - 2026,01-Mar 1pm,3963.1108801147743
1429,3,Tamil Nadu - 2026,01-Mar 1pm,3922.603443626207
1429,4,Tamil Nadu - 2026,01-Mar 1pm,3846.526857275502
1430,1,Tamil Nadu - 2026,01-Mar 2pm,3734.881121062656
1430,2,Tamil Nadu - 2026,01-Mar 2pm,3667.3377670386976
1430,3,Tamil Nadu - 2026,01-Mar 2pm,3643.896795203624
1430,4,Tamil Nadu - 2026,01-Mar 2pm,3661.064316695023
1431,1,Tamil Nadu - 2026,01-Mar 3pm,3718.8403315128976
1431,2,Tamil Nadu - 2026,01-Mar 3pm,3758.516640780695
1431,3,Tamil Nadu - 2026,01-Mar 3pm,3780.093244498416
1431,4,Tamil Nadu - 2026,01-Mar 3pm,3794.409783207992
1432,1,Tamil Nadu - 2026,01-Mar 4pm,3801.466256909425
1432,2,Tamil Nadu - 2026,01-Mar 4pm,3794.933021227663
1432,3,Tamil Nadu - 2026,01-Mar 4pm,3774.810076162711
1432,4,Tamil Nadu - 2026,01-Mar 4pm,3733.570645700202
1433,1,Tamil Nadu - 2026,01-Mar 5pm,3671.214729840137
1433,2,Tamil Nadu - 2026,01-Mar 5pm,3639.232629043741
1433,3,Tamil Nadu - 2026,01-Mar 5pm,3637.624343311013
1433,4,Tamil Nadu - 2026,01-Mar 5pm,3666.738297805109
1434,1,Tamil Nadu - 2026,01-Mar 6pm,3726.574492526032
1434,2,Tamil Nadu - 2026,01-Mar 6pm,3763.5520760336176
1434,3,Tamil Nadu - 2026,01-Mar 6pm,3777.671048327869
1434,4,Tamil Nadu - 2026,01-Mar 6pm,3776.522383112481
1435,1,Tamil Nadu - 2026,01-Mar 7pm,3760.106080387455
1435,2,Tamil Nadu - 2026,01-Mar 7pm,3736.45714937077
1435,3,Tamil Nadu - 2026,01-Mar 7pm,3705.575590062426
1435,4,Tamil Nadu - 2026,01-Mar 7pm,3663.0711801793486
1436,1,Tamil Nadu - 2026,01-Mar 8pm,3608.943919721539
1436,2,Tamil Nadu - 2026,01-Mar 8pm,3561.500133169462
1436,3,Tamil Nadu - 2026,01-Mar 8pm,3520.739820523119
1436,4,Tamil Nadu - 2026,01-Mar 8pm,3484.86612658588
1437,1,Tamil Nadu - 2026,01-Mar 9pm,3453.879051357742
1437,2,Tamil Nadu - 2026,01-Mar 9pm,3420.2534015380256
1437,3,Tamil Nadu - 2026,01-Mar 9pm,3383.9891771267294
1437,4,Tamil Nadu - 2026,01-Mar 9pm,3346.288369977503
1438,1,Tamil Nadu - 2026,01-Mar 10pm,3307.150980090344
1438,2,Tamil Nadu - 2026,01-Mar 10pm,3266.890249644043
1438,3,Tamil Nadu - 2026,01-Mar 10pm,3225.5061786386
1438,4,Tamil Nadu - 2026,01-Mar 10pm,3180.3725916270137
1439,1,Tamil Nadu - 2026,01-Mar 11pm,3131.489488609285
1439,2,Tamil Nadu - 2026,01-Mar 11pm,3094.300680088636
1439,3,Tamil Nadu - 2026,01-Mar 11pm,3068.806166065063
1439,4,Tamil Nadu - 2026,01-Mar 11pm,3055.363665237015
1440,1,Tamil Nadu - 2026,02-Mar 12am,3053.973177604493
1440,2,Tamil Nadu - 2026,02-Mar 12am,3047.0445804735846
1440,3,Tamil Nadu - 2026,02-Mar 12am,3034.5778738442887
1440,4,Tamil Nadu - 2026,02-Mar 12am,3018.3043680776336
1441,1,Tamil Nadu - 2026,02-Mar 1am,2998.2240631736195
1441,2,Tamil Nadu - 2026,02-Mar 1am,2981.5392196599933
1441,3,Tamil Nadu - 2026,02-Mar 1am,2968.2498375367554
1441,4,Tamil Nadu - 2026,02-Mar 1am,2957.2768796296327
1442,1,Tamil Nadu - 2026,02-Mar 2am,2948.620345938624
1442,2,Tamil Nadu - 2026,02-Mar 2am,2941.55219898162
1442,3,Tamil Nadu - 2026,02-Mar 2am,2936.072438758622
1442,4,Tamil Nadu - 2026,02-Mar 2am,2932.5750163211337
1443,1,Tamil Nadu - 2026,02-Mar 3am,2931.059931669155
1443,2,Tamil Nadu - 2026,02-Mar 3am,2929.891515975769
1443,3,Tamil Nadu - 2026,02-Mar 3am,2929.069769240976
1443,4,Tamil Nadu - 2026,02-Mar 3am,2926.7087831141
1444,1,Tamil Nadu - 2026,02-Mar 4am,2922.8085575951404
1444,2,Tamil Nadu - 2026,02-Mar 4am,2930.320211615072
1444,3,Tamil Nadu - 2026,02-Mar 4am,2949.243745173895
1444,4,Tamil Nadu - 2026,02-Mar 4am,2980.2974856158926
1445,1,Tamil Nadu - 2026,02-Mar 5am,3023.481432941064
1445,2,Tamil Nadu - 2026,02-Mar 5am,3061.534504152735
1445,3,Tamil Nadu - 2026,02-Mar 5am,3094.456699250905
1445,4,Tamil Nadu - 2026,02-Mar 5am,3117.6373636552967
1446,1,Tamil Nadu - 2026,02-Mar 6am,3131.0764973659084
1446,2,Tamil Nadu - 2026,02-Mar 6am,3179.699110861093
1446,3,Tamil Nadu - 2026,02-Mar 6am,3263.505204140853
1446,4,Tamil Nadu - 2026,02-Mar 6am,3386.8391876321457
1447,1,Tamil Nadu - 2026,02-Mar 7am,3549.7010613349707
1447,2,Tamil Nadu - 2026,02-Mar 7am,3681.099352209226
1447,3,Tamil Nadu - 2026,02-Mar 7am,3781.034060254915
1447,4,Tamil Nadu - 2026,02-Mar 7am,3857.535526200889
1448,1,Tamil Nadu - 2026,02-Mar 8am,3910.6037500471502
1448,2,Tamil Nadu - 2026,02-Mar 8am,3963.048160460671
1448,3,Tamil Nadu - 2026,02-Mar 8am,4014.868757441455
1448,4,Tamil Nadu - 2026,02-Mar 8am,4062.2093320507233
1449,1,Tamil Nadu - 2026,02-Mar 9am,4105.069884288481
1449,2,Tamil Nadu - 2026,02-Mar 9am,4143.778239120398
1449,3,Tamil Nadu - 2026,02-Mar 9am,4178.334396546476
1449,4,Tamil Nadu - 2026,02-Mar 9am,4210.617480044644
1450,1,Tamil Nadu - 2026,02-Mar 10am,4240.627489614901
1450,2,Tamil Nadu - 2026,02-Mar 10am,4256.7618594239975
1450,3,Tamil Nadu - 2026,02-Mar 10am,4259.020589471932
1450,4,Tamil Nadu - 2026,02-Mar 10am,4245.620061489169
1451,1,Tamil Nadu - 2026,02-Mar 11am,4216.560275475707
1451,2,Tamil Nadu - 2026,02-Mar 11am,4194.145506882029
1451,3,Tamil Nadu - 2026,02-Mar 11am,4178.375755708134
1451,4,Tamil Nadu - 2026,02-Mar 11am,4165.95846193413
1452,1,Tamil Nadu - 2026,02-Mar 12pm,4156.89362556002
1452,2,Tamil Nadu - 2026,02-Mar 12pm,4148.632331254672
1452,3,Tamil Nadu - 2026,02-Mar 12pm,4141.174579018089
1452,4,Tamil Nadu - 2026,02-Mar 12pm,4136.439464167218
1453,1,Tamil Nadu - 2026,02-Mar 1pm,4134.426986702055
1453,2,Tamil Nadu - 2026,02-Mar 1pm,4126.171490052048
1453,3,Tamil Nadu - 2026,02-Mar 1pm,4111.6729742172
1453,4,Tamil Nadu - 2026,02-Mar 1pm,4088.738549028695
1454,1,Tamil Nadu - 2026,02-Mar 2pm,4057.368214486537
1454,2,Tamil Nadu - 2026,02-Mar 2pm,4039.684968174139
1454,3,Tamil Nadu - 2026,02-Mar 2pm,4035.6888100915057
1454,4,Tamil Nadu - 2026,02-Mar 2pm,4043.5080072478186
1455,1,Tamil Nadu - 2026,02-Mar 3pm,4063.14255964308
1455,2,Tamil Nadu - 2026,02-Mar 3pm,4083.699867638773
1455,3,Tamil Nadu - 2026,02-Mar 3pm,4105.179931234898
1455,4,Tamil Nadu - 2026,02-Mar 3pm,4129.87764148325
1456,1,Tamil Nadu - 2026,02-Mar 4pm,4157.792998383832
1456,2,Tamil Nadu - 2026,02-Mar 4pm,4186.049255264382
1456,3,Tamil Nadu - 2026,02-Mar 4pm,4214.646412124898
1456,4,Tamil Nadu - 2026,02-Mar 4pm,4247.751334226889
1457,1,Tamil Nadu - 2026,02-Mar 5pm,4285.364021570355
1457,2,Tamil Nadu - 2026,02-Mar 5pm,4305.360029258515
1457,3,Tamil Nadu - 2026,02-Mar 5pm,4307.7393572913725
1457,4,Tamil Nadu - 2026,02-Mar 5pm,4291.486591879758
1458,1,Tamil Nadu - 2026,02-Mar 6pm,4256.60173302367
1458,2,Tamil Nadu - 2026,02-Mar 6pm,4231.301708354908
1458,3,Tamil Nadu - 2026,02-Mar 6pm,4215.586517873468
1458,4,Tamil Nadu - 2026,02-Mar 6pm,4210.470040747954
1459,1,Tamil Nadu - 2026,02-Mar 7pm,4215.95227697837
1459,2,Tamil Nadu - 2026,02-Mar 7pm,4197.733023921296
1459,3,Tamil Nadu - 2026,02-Mar 7pm,4155.812281576729
1459,4,Tamil Nadu - 2026,02-Mar 7pm,4089.142417523604
1460,1,Tamil Nadu - 2026,02-Mar 8pm,3997.7234317619177
1460,2,Tamil Nadu - 2026,02-Mar 8pm,3922.1413214615095
1460,3,Tamil Nadu - 2026,02-Mar 8pm,3862.3960866223792
1460,4,Tamil Nadu - 2026,02-Mar 8pm,3814.719160154193
1461,1,Tamil Nadu - 2026,02-Mar 9pm,3779.110542056949
1461,2,Tamil Nadu - 2026,02-Mar 9pm,3737.5956377028256
1461,3,Tamil Nadu - 2026,02-Mar 9pm,3690.174447091823
1461,4,Tamil Nadu - 2026,02-Mar 9pm,3638.429373148402
1462,1,Tamil Nadu - 2026,02-Mar 10pm,3582.3604158725643
1462,2,Tamil Nadu - 2026,02-Mar 10pm,3530.447752345364
1462,3,Tamil Nadu - 2026,02-Mar 10pm,3482.6913825667984
1462,4,Tamil Nadu - 2026,02-Mar 10pm,3437.100449215274
1463,1,Tamil Nadu - 2026,02-Mar 11pm,3393.6749522907885
1463,2,Tamil Nadu - 2026,02-Mar 11pm,3355.879858641872
1463,3,Tamil Nadu - 2026,02-Mar 11pm,3323.715168268521
1463,4,Tamil Nadu - 2026,02-Mar 11pm,3297.780020798818
1464,1,Tamil Nadu - 2026,03-Mar 12am,3278.074416232761
1464,2,Tamil Nadu - 2026,03-Mar 12am,3257.538549953348
1464,3,Tamil Nadu - 2026,03-Mar 12am,3236.172421960577
1464,4,Tamil Nadu - 2026,03-Mar 12am,3215.0646118533136
1465,1,Tamil Nadu - 2026,03-Mar 1am,3194.2151196315567
1465,2,Tamil Nadu - 2026,03-Mar 1am,3174.1522723191324
1465,3,Tamil Nadu - 2026,03-Mar 1am,3154.876069916043
1465,4,Tamil Nadu - 2026,03-Mar 1am,3135.336538133268
1466,1,Tamil Nadu - 2026,03-Mar 2am,3115.5336769708083
1466,2,Tamil Nadu - 2026,03-Mar 2am,3101.239005138951
1466,3,Tamil Nadu - 2026,03-Mar 2am,3092.452522637699
1466,4,Tamil Nadu - 2026,03-Mar 2am,3089.2847952525417
1467,1,Tamil Nadu - 2026,03-Mar 3am,3091.7358229834767
1467,2,Tamil Nadu - 2026,03-Mar 3am,3093.37069240728
1467,3,Tamil Nadu - 2026,03-Mar 3am,3094.1894035239493
1467,4,Tamil Nadu - 2026,03-Mar 3am,3093.2540810852934
1468,1,Tamil Nadu - 2026,03-Mar 4am,3090.564725091312
1468,2,Tamil Nadu - 2026,03-Mar 4am,3098.183500454387
1468,3,Tamil Nadu - 2026,03-Mar 4am,3116.110407174515
1468,4,Tamil Nadu - 2026,03-Mar 4am,3145.5813672797867
1469,1,Tamil Nadu - 2026,03-Mar 5am,3186.596380770201
1469,2,Tamil Nadu - 2026,03-Mar 5am,3219.6777505648424
1469,3,Tamil Nadu - 2026,03-Mar 5am,3244.8254766637137
1469,4,Tamil Nadu - 2026,03-Mar 5am,3258.2303920012428
1470,1,Tamil Nadu - 2026,03-Mar 6am,3259.892496577431
1470,2,Tamil Nadu - 2026,03-Mar 6am,3292.144489866605
1470,3,Tamil Nadu - 2026,03-Mar 6am,3354.9863718687648
1470,4,Tamil Nadu - 2026,03-Mar 6am,3450.776641687198
1471,1,Tamil Nadu - 2026,03-Mar 7am,3579.5152993219044
1471,2,Tamil Nadu - 2026,03-Mar 7am,3684.7186506788394
1471,3,Tamil Nadu - 2026,03-Mar 7am,3766.386695758
1471,4,Tamil Nadu - 2026,03-Mar 7am,3830.8893542412575
1472,1,Tamil Nadu - 2026,03-Mar 8am,3878.2266261286154
1472,2,Tamil Nadu - 2026,03-Mar 8am,3926.662687422897
1472,3,Tamil Nadu - 2026,03-Mar 8am,3976.197538124101
1472,4,Tamil Nadu - 2026,03-Mar 8am,4030.2431483243863
1473,1,Tamil Nadu - 2026,03-Mar 9am,4088.799518023755
1473,2,Tamil Nadu - 2026,03-Mar 9am,4113.130650666441
1473,3,Tamil Nadu - 2026,03-Mar 9am,4103.236546252449
1473,4,Tamil Nadu - 2026,03-Mar 9am,4056.193285057355
1474,1,Tamil Nadu - 2026,03-Mar 10am,3972.0008670811594
1474,2,Tamil Nadu - 2026,03-Mar 10am,3906.938807226148
1474,3,Tamil Nadu - 2026,03-Mar 10am,3861.007105492323
1474,4,Tamil Nadu - 2026,03-Mar 10am,3824.0432202003694
1475,1,Tamil Nadu - 2026,03-Mar 11am,3796.047151350297
1475,2,Tamil Nadu - 2026,03-Mar 11am,3781.7146341156586
1475,3,Tamil Nadu - 2026,03-Mar 11am,3781.045668496455
1475,4,Tamil Nadu - 2026,03-Mar 11am,3801.102546037589
1476,1,Tamil Nadu - 2026,03-Mar 12pm,3841.8852667390593
1476,2,Tamil Nadu - 2026,03-Mar 12pm,3856.3243461579
1476,3,Tamil Nadu - 2026,03-Mar 12pm,3844.419784294112
1476,4,Tamil Nadu - 2026,03-Mar 12pm,3806.8006028089294
1477,1,Tamil Nadu - 2026,03-Mar 1pm,3743.4668017023537
1477,2,Tamil Nadu - 2026,03-Mar 1pm,3697.713735449938
1477,3,Tamil Nadu - 2026,03-Mar 1pm,3669.54140405168
1477,4,Tamil Nadu - 2026,03-Mar 1pm,3652.088058796027
1478,1,Tamil Nadu - 2026,03-Mar 2pm,3645.35369968298
1478,2,Tamil Nadu - 2026,03-Mar 2pm,3647.213464506306
1478,3,Tamil Nadu - 2026,03-Mar 2pm,3657.667353266009
1478,4,Tamil Nadu - 2026,03-Mar 2pm,3680.075482544704
1479,1,Tamil Nadu - 2026,03-Mar 3pm,3714.437852342392
1479,2,Tamil Nadu - 2026,03-Mar 3pm,3742.7186253695977
1479,3,Tamil Nadu - 2026,03-Mar 3pm,3764.917801626324
1479,4,Tamil Nadu - 2026,03-Mar 3pm,3778.295720661688
1480,1,Tamil Nadu - 2026,03-Mar 4pm,3782.852382475691
1480,2,Tamil Nadu - 2026,03-Mar 4pm,3813.061587063082
1480,3,Tamil Nadu - 2026,03-Mar 4pm,3868.9233344238655
1480,4,Tamil Nadu - 2026,03-Mar 4pm,3956.642696037361
1481,1,Tamil Nadu - 2026,03-Mar 5pm,4076.21967190357
1481,2,Tamil Nadu - 2026,03-Mar 5pm,4155.950033151804
1481,3,Tamil Nadu - 2026,03-Mar 5pm,4195.833779782065
1481,4,Tamil Nadu - 2026,03-Mar 5pm,4200.556515162562
1482,1,Tamil Nadu - 2026,03-Mar 6pm,4170.118239293294
1482,2,Tamil Nadu - 2026,03-Mar 6pm,4148.109560835693
1482,3,Tamil Nadu - 2026,03-Mar 6pm,4134.530479789755
1482,4,Tamil Nadu - 2026,03-Mar 6pm,4127.051720081259
1483,1,Tamil Nadu - 2026,03-Mar 7pm,4125.673281710207
1483,2,Tamil Nadu - 2026,03-Mar 7pm,4100.780212460496
1483,3,Tamil Nadu - 2026,03-Mar 7pm,4052.3725123321215
1483,4,Tamil Nadu - 2026,03-Mar 7pm,3977.0139934971753
1484,1,Tamil Nadu - 2026,03-Mar 8pm,3874.704655955653
1484,2,Tamil Nadu - 2026,03-Mar 8pm,3795.676578891152
1484,3,Tamil Nadu - 2026,03-Mar 8pm,3739.929762303675
1484,4,Tamil Nadu - 2026,03-Mar 8pm,3704.6990028495206
1485,1,Tamil Nadu - 2026,03-Mar 9pm,3689.9843005286903
1485,2,Tamil Nadu - 2026,03-Mar 9pm,3662.144796219773
1485,3,Tamil Nadu - 2026,03-Mar 9pm,3621.180489922766
1485,4,Tamil Nadu - 2026,03-Mar 9pm,3570.890413328771
1486,1,Tamil Nadu - 2026,03-Mar 10pm,3511.2745664377885
1486,2,Tamil Nadu - 2026,03-Mar 10pm,3453.179618224622
1486,3,Tamil Nadu - 2026,03-Mar 10pm,3396.605568689273
1486,4,Tamil Nadu - 2026,03-Mar 10pm,3337.080246648316
1487,1,Tamil Nadu - 2026,03-Mar 11pm,3274.6036521017486
1487,2,Tamil Nadu - 2026,03-Mar 11pm,3225.162143175319
1487,3,Tamil Nadu - 2026,03-Mar 11pm,3188.7557198690265
1487,4,Tamil Nadu - 2026,03-Mar 11pm,3165.8384848539063
1488,1,Tamil Nadu - 2026,04-Mar 12am,3156.410438129957
1488,2,Tamil Nadu - 2026,04-Mar 12am,3141.7606055452247
1488,3,Tamil Nadu - 2026,04-Mar 12am,3121.8889870997086
1488,4,Tamil Nadu - 2026,04-Mar 12am,3098.739969225109
1489,1,Tamil Nadu - 2026,04-Mar 1am,3072.3135519214256
1489,2,Tamil Nadu - 2026,04-Mar 1am,3049.6543907504138
1489,3,Tamil Nadu - 2026,04-Mar 1am,3030.762485712072
1489,4,Tamil Nadu - 2026,04-Mar 1am,3014.1395716160896
1490,1,Tamil Nadu - 2026,04-Mar 2am,2999.7856484624685
1490,2,Tamil Nadu - 2026,04-Mar 2am,2989.645651831315
1490,3,Tamil Nadu - 2026,04-Mar 2am,2983.7195817226307
1490,4,Tamil Nadu - 2026,04-Mar 2am,2982.969117983587
1491,1,Tamil Nadu - 2026,04-Mar 3am,2987.394260614185
1491,2,Tamil Nadu - 2026,04-Mar 3am,2989.2799949512773
1491,3,Tamil Nadu - 2026,04-Mar 3am,2988.626320994861
1491,4,Tamil Nadu - 2026,04-Mar 3am,2984.219423439676
1492,1,Tamil Nadu - 2026,04-Mar 4am,2976.05930228572
1492,2,Tamil Nadu - 2026,04-Mar 4am,2979.143864027724
1492,3,Tamil Nadu - 2026,04-Mar 4am,2993.473108665688
1492,4,Tamil Nadu - 2026,04-Mar 4am,3020.413725020869
1493,1,Tamil Nadu - 2026,04-Mar 5am,3059.965713093264
1493,2,Tamil Nadu - 2026,04-Mar 5am,3088.931033460622
1493,3,Tamil Nadu - 2026,04-Mar 5am,3107.3096861229446
1493,4,Tamil Nadu - 2026,04-Mar 5am,3111.91356732317
1494,1,Tamil Nadu - 2026,04-Mar 6am,3102.7426770612983
1494,2,Tamil Nadu - 2026,04-Mar 6am,3122.1236773019427
1494,3,Tamil Nadu - 2026,04-Mar 6am,3170.056568045098
1494,4,Tamil Nadu - 2026,04-Mar 6am,3249.2070775916595
1495,1,Tamil Nadu - 2026,04-Mar 7am,3359.5752059416263
1495,2,Tamil Nadu - 2026,04-Mar 7am,3442.839921325038
1495,3,Tamil Nadu - 2026,04-Mar 7am,3499.001223741895
1495,4,Tamil Nadu - 2026,04-Mar 7am,3533.17364899144
1496,1,Tamil Nadu - 2026,04-Mar 8am,3545.357197073676
1496,2,Tamil Nadu - 2026,04-Mar 8am,3563.1856849630944
1496,3,Tamil Nadu - 2026,04-Mar 8am,3586.659112659692
1496,4,Tamil Nadu - 2026,04-Mar 8am,3614.878005303538
1497,1,Tamil Nadu - 2026,04-Mar 9am,3647.842362894636
1497,2,Tamil Nadu - 2026,04-Mar 9am,3663.3152176180793
1497,3,Tamil Nadu - 2026,04-Mar 9am,3661.296569473871
1497,4,Tamil Nadu - 2026,04-Mar 9am,3641.825850013415
1498,1,Tamil Nadu - 2026,04-Mar 10am,3604.9030592367126
1498,2,Tamil Nadu - 2026,04-Mar 10am,3572.5285756502235
1498,3,Tamil Nadu - 2026,04-Mar 10am,3544.7023992539484
1498,4,Tamil Nadu - 2026,04-Mar 10am,3517.315965859116
1499,1,Tamil Nadu - 2026,04-Mar 11am,3490.3692754657254
1499,2,Tamil Nadu - 2026,04-Mar 11am,3466.513334699947
1499,3,Tamil Nadu - 2026,04-Mar 11am,3445.748143561781
1499,4,Tamil Nadu - 2026,04-Mar 11am,3428.9892462725475
1500,1,Tamil Nadu - 2026,04-Mar 12pm,3416.2366428322443
1500,2,Tamil Nadu - 2026,04-Mar 12pm,3399.3460612867807
1500,3,Tamil Nadu - 2026,04-Mar 12pm,3378.3175016361592
1500,4,Tamil Nadu - 2026,04-Mar 12pm,3352.409794244815
1501,1,Tamil Nadu - 2026,04-Mar 1pm,3321.6229391127504
1501,2,Tamil Nadu - 2026,04-Mar 1pm,3298.5482260074264
1501,3,Tamil Nadu - 2026,04-Mar 1pm,3283.185654928845
1501,4,Tamil Nadu - 2026,04-Mar 1pm,3273.9531799509778
1502,1,Tamil Nadu - 2026,04-Mar 2pm,3270.8508010738224
1502,2,Tamil Nadu - 2026,04-Mar 2pm,3270.7795040860947
1502,3,Tamil Nadu - 2026,04-Mar 2pm,3273.7392889877947
1502,4,Tamil Nadu - 2026,04-Mar 2pm,3278.9704058522884
1503,1,Tamil Nadu - 2026,04-Mar 3pm,3286.472854679577
1503,2,Tamil Nadu - 2026,04-Mar 3pm,3303.904149240737
1503,3,Tamil Nadu - 2026,04-Mar 3pm,3331.264289535768
1503,4,Tamil Nadu - 2026,04-Mar 3pm,3370.39870654392
1504,1,Tamil Nadu - 2026,04-Mar 4pm,3421.307400265191
1504,2,Tamil Nadu - 2026,04-Mar 4pm,3465.2602710530127
1504,3,Tamil Nadu - 2026,04-Mar 4pm,3502.257318907388
1504,4,Tamil Nadu - 2026,04-Mar 4pm,3534.775009774409
1505,1,Tamil Nadu - 2026,04-Mar 5pm,3562.813343654075
1505,2,Tamil Nadu - 2026,04-Mar 5pm,3590.243624516386
1505,3,Tamil Nadu - 2026,04-Mar 5pm,3617.065852361341
1505,4,Tamil Nadu - 2026,04-Mar 5pm,3645.177179468197
1506,1,Tamil Nadu - 2026,04-Mar 6pm,3674.577605836952
1506,2,Tamil Nadu - 2026,04-Mar 6pm,3690.012913822079
1506,3,Tamil Nadu - 2026,04-Mar 6pm,3691.483103423581
1506,4,Tamil Nadu - 2026,04-Mar 6pm,3680.8463769173895
1507,1,Tamil Nadu - 2026,04-Mar 7pm,3658.102734303509
1507,2,Tamil Nadu - 2026,04-Mar 7pm,3627.3571795718567
1507,3,Tamil Nadu - 2026,04-Mar 7pm,3588.609712722434
1507,4,Tamil Nadu - 2026,04-Mar 7pm,3537.5003734022
1508,1,Tamil Nadu - 2026,04-Mar 8pm,3474.029161611154
1508,2,Tamil Nadu - 2026,04-Mar 8pm,3420.2508354776223
1508,3,Tamil Nadu - 2026,04-Mar 8pm,3376.1653950016025
1508,4,Tamil Nadu - 2026,04-Mar 8pm,3339.904607909621
1509,1,Tamil Nadu - 2026,04-Mar 9pm,3311.4684742016816
1509,2,Tamil Nadu - 2026,04-Mar 9pm,3280.011629390291
1509,3,Tamil Nadu - 2026,04-Mar 9pm,3245.5340734754504
1509,4,Tamil Nadu - 2026,04-Mar 9pm,3211.115822932576
1510,1,Tamil Nadu - 2026,04-Mar 10pm,3176.7568777616666
1510,2,Tamil Nadu - 2026,04-Mar 10pm,3134.8225035977234
1510,3,Tamil Nadu - 2026,04-Mar 10pm,3085.312700440749
1510,4,Tamil Nadu - 2026,04-Mar 10pm,3025.257918199861
1511,1,Tamil Nadu - 2026,04-Mar 11pm,2954.65815687506
1511,2,Tamil Nadu - 2026,04-Mar 11pm,2898.965451376622
1511,3,Tamil Nadu - 2026,04-Mar 11pm,2858.1798017045458
1511,4,Tamil Nadu - 2026,04-Mar 11pm,2829.666590043772
1512,1,Tamil Nadu - 2026,05-Mar 12am,2813.425816394301
1512,2,Tamil Nadu - 2026,05-Mar 12am,2799.8131527362125
1512,3,Tamil Nadu - 2026,05-Mar 12am,2788.828599069504
1512,4,Tamil Nadu - 2026,05-Mar 12am,2782.992431799982
1513,1,Tamil Nadu - 2026,05-Mar 1am,2782.304650927648
1513,2,Tamil Nadu - 2026,05-Mar 1am,2781.2879260375853
1513,3,Tamil Nadu - 2026,05-Mar 1am,2779.942257129793
1513,4,Tamil Nadu - 2026,05-Mar 1am,2780.5251659049736
1514,1,Tamil Nadu - 2026,05-Mar 2am,2783.0366523631283
1514,2,Tamil Nadu - 2026,05-Mar 2am,2779.408916714954
1514,3,Tamil Nadu - 2026,05-Mar 2am,2769.64195896045
1514,4,Tamil Nadu - 2026,05-Mar 2am,2752.022471961468
1515,1,Tamil Nadu - 2026,05-Mar 3am,2726.5504557180084
1515,2,Tamil Nadu - 2026,05-Mar 3am,2711.573552848268
1515,3,Tamil Nadu - 2026,05-Mar 3am,2707.091763352244
1515,4,Tamil Nadu - 2026,05-Mar 3am,2709.9942280814794
1516,1,Tamil Nadu - 2026,05-Mar 4am,2720.2809470359757
1516,2,Tamil Nadu - 2026,05-Mar 4am,2738.2694324882814
1516,3,Tamil Nadu - 2026,05-Mar 4am,2763.959684438398
1516,4,Tamil Nadu - 2026,05-Mar 4am,2798.489936037345
1517,1,Tamil Nadu - 2026,05-Mar 5am,2841.8601872851223
1517,2,Tamil Nadu - 2026,05-Mar 5am,2886.923527003062
1517,3,Tamil Nadu - 2026,05-Mar 5am,2933.679955191163
1517,4,Tamil Nadu - 2026,05-Mar 5am,2974.606330520652
1518,1,Tamil Nadu - 2026,05-Mar 6am,3009.702652991529
1518,2,Tamil Nadu - 2026,05-Mar 6am,3091.254681755109
1518,3,Tamil Nadu - 2026,05-Mar 6am,3219.262416811393
1518,4,Tamil Nadu - 2026,05-Mar 6am,3405.9002484419702
1519,1,Tamil Nadu - 2026,05-Mar 7am,3651.1681766468414
1519,2,Tamil Nadu - 2026,05-Mar 7am,3829.734100585146
1519,3,Tamil Nadu - 2026,05-Mar 7am,3941.598020256883
1519,4,Tamil Nadu - 2026,05-Mar 7am,3998.609702511129
1520,1,Tamil Nadu - 2026,05-Mar 8am,4000.769147347889
1520,2,Tamil Nadu - 2026,05-Mar 8am,4002.309854513546
1520,3,Tamil Nadu - 2026,05-Mar 8am,4003.2318240081
1520,4,Tamil Nadu - 2026,05-Mar 8am,3991.1991741304655
1521,1,Tamil Nadu - 2026,05-Mar 9am,3966.211904880647
1521,2,Tamil Nadu - 2026,05-Mar 9am,3948.0518067187527
1521,3,Tamil Nadu - 2026,05-Mar 9am,3936.718879644783
1521,4,Tamil Nadu - 2026,05-Mar 9am,3929.837408755817
1522,1,Tamil Nadu - 2026,05-Mar 10am,3927.407394051858
1522,2,Tamil Nadu - 2026,05-Mar 10am,3923.9013344903046
1522,3,Tamil Nadu - 2026,05-Mar 10am,3919.319230071157
1522,4,Tamil Nadu - 2026,05-Mar 10am,3915.17204138668
1523,1,Tamil Nadu - 2026,05-Mar 11am,3911.459768436876
1523,2,Tamil Nadu - 2026,05-Mar 11am,3904.644148710754
1523,3,Tamil Nadu - 2026,05-Mar 11am,3894.725182208315
1523,4,Tamil Nadu - 2026,05-Mar 11am,3883.000900644056
1524,1,Tamil Nadu - 2026,05-Mar 12pm,3869.471304017977
1524,2,Tamil Nadu - 2026,05-Mar 12pm,3849.8864645540793
1524,3,Tamil Nadu - 2026,05-Mar 12pm,3824.246382252364
1524,4,Tamil Nadu - 2026,05-Mar 12pm,3791.66584917558
1525,1,Tamil Nadu - 2026,05-Mar 1pm,3752.144865323735
1525,2,Tamil Nadu - 2026,05-Mar 1pm,3715.2446060963
1525,3,Tamil Nadu - 2026,05-Mar 1pm,3680.965071493271
1525,4,Tamil Nadu - 2026,05-Mar 1pm,3640.635457086694
1526,1,Tamil Nadu - 2026,05-Mar 2pm,3594.2557628765685
1526,2,Tamil Nadu - 2026,05-Mar 2pm,3584.289640031161
1526,3,Tamil Nadu - 2026,05-Mar 2pm,3610.737088550475
1526,4,Tamil Nadu - 2026,05-Mar 2pm,3677.837508541796
1527,1,Tamil Nadu - 2026,05-Mar 3pm,3785.590900005124
1527,2,Tamil Nadu - 2026,05-Mar 3pm,3866.097211128465
1527,3,Tamil Nadu - 2026,05-Mar 3pm,3919.356441911815
1527,4,Tamil Nadu - 2026,05-Mar 3pm,3948.585446954595
1528,1,Tamil Nadu - 2026,05-Mar 4pm,3953.7842262568033
1528,2,Tamil Nadu - 2026,05-Mar 4pm,3983.551704033938
1528,3,Tamil Nadu - 2026,05-Mar 4pm,4037.887880285998
1528,4,Tamil Nadu - 2026,05-Mar 4pm,4118.01618942326
1529,1,Tamil Nadu - 2026,05-Mar 5pm,4223.936631445726
1529,2,Tamil Nadu - 2026,05-Mar 5pm,4299.709675676233
1529,3,Tamil Nadu - 2026,05-Mar 5pm,4345.335322114786
1529,4,Tamil Nadu - 2026,05-Mar 5pm,4368.188370763253
1530,1,Tamil Nadu - 2026,05-Mar 6pm,4368.2688216216375
1530,2,Tamil Nadu - 2026,05-Mar 6pm,4357.267405355855
1530,3,Tamil Nadu - 2026,05-Mar 6pm,4335.184121965906
1530,4,Tamil Nadu - 2026,05-Mar 6pm,4298.1496510566
1531,1,Tamil Nadu - 2026,05-Mar 7pm,4246.163992627938
1531,2,Tamil Nadu - 2026,05-Mar 7pm,4190.752338385141
1531,3,Tamil Nadu - 2026,05-Mar 7pm,4131.914688328207
1531,4,Tamil Nadu - 2026,05-Mar 7pm,4066.548980658716
1532,1,Tamil Nadu - 2026,05-Mar 8pm,3994.655215376666
1532,2,Tamil Nadu - 2026,05-Mar 8pm,3923.320571567373
1532,3,Tamil Nadu - 2026,05-Mar 8pm,3852.545049230839
1532,4,Tamil Nadu - 2026,05-Mar 8pm,3779.7991638251215
1533,1,Tamil Nadu - 2026,05-Mar 9pm,3705.0829153502177
1533,2,Tamil Nadu - 2026,05-Mar 9pm,3636.48603197247
1533,3,Tamil Nadu - 2026,05-Mar 9pm,3574.008513691876
1533,4,Tamil Nadu - 2026,05-Mar 9pm,3517.0125389854365
1534,1,Tamil Nadu - 2026,05-Mar 10pm,3465.4981078531546
1534,2,Tamil Nadu - 2026,05-Mar 10pm,3415.202421266676
1534,3,Tamil Nadu - 2026,05-Mar 10pm,3366.1254792259983
1534,4,Tamil Nadu - 2026,05-Mar 10pm,3318.023991654172
1535,1,Tamil Nadu - 2026,05-Mar 11pm,3270.897958551195
1535,2,Tamil Nadu - 2026,05-Mar 11pm,3230.4699194071363
1535,3,Tamil Nadu - 2026,05-Mar 11pm,3196.739874221997
1535,4,Tamil Nadu - 2026,05-Mar 11pm,3169.232247819671
1536,1,Tamil Nadu - 2026,06-Mar 12am,3147.947040200157
1536,2,Tamil Nadu - 2026,06-Mar 12am,3130.0151629300203
1536,3,Tamil Nadu - 2026,06-Mar 12am,3115.436616009263
1536,4,Tamil Nadu - 2026,06-Mar 12am,3105.311180860558
1537,1,Tamil Nadu - 2026,06-Mar 1am,3099.638857483909
1537,2,Tamil Nadu - 2026,06-Mar 1am,3094.6900457766947
1537,3,Tamil Nadu - 2026,06-Mar 1am,3090.464745738916
1537,4,Tamil Nadu - 2026,06-Mar 1am,3088.5763510004817
1538,1,Tamil Nadu - 2026,06-Mar 2am,3089.0248615613973
1538,2,Tamil Nadu - 2026,06-Mar 2am,3085.8595157448017
1538,3,Tamil Nadu - 2026,06-Mar 2am,3079.0803135506926
1538,4,Tamil Nadu - 2026,06-Mar 2am,3067.9553091431085
1539,1,Tamil Nadu - 2026,06-Mar 3am,3052.484502522048
1539,2,Tamil Nadu - 2026,06-Mar 3am,3043.0103303801584
1539,3,Tamil Nadu - 2026,06-Mar 3am,3039.53279271744
1539,4,Tamil Nadu - 2026,06-Mar 3am,3040.0123743803547
1540,1,Tamil Nadu - 2026,06-Mar 4am,3044.449075368901
1540,2,Tamil Nadu - 2026,06-Mar 4am,3054.737549911666
1540,3,Tamil Nadu - 2026,06-Mar 4am,3070.87779800865
1540,4,Tamil Nadu - 2026,06-Mar 4am,3091.605576710782
1541,1,Tamil Nadu - 2026,06-Mar 5am,3116.92088601806
1541,2,Tamil Nadu - 2026,06-Mar 5am,3152.5145293963324
1541,3,Tamil Nadu - 2026,06-Mar 5am,3198.3865068456016
1541,4,Tamil Nadu - 2026,06-Mar 5am,3247.538077740007
1542,1,Tamil Nadu - 2026,06-Mar 6am,3299.96924207955
1542,2,Tamil Nadu - 2026,06-Mar 6am,3391.9816401535363
1542,3,Tamil Nadu - 2026,06-Mar 6am,3523.575271961968
1542,4,Tamil Nadu - 2026,06-Mar 6am,3714.4738458049455
1543,1,Tamil Nadu - 2026,06-Mar 7am,3964.677361682471
1543,2,Tamil Nadu - 2026,06-Mar 7am,4119.541929504622
1543,3,Tamil Nadu - 2026,06-Mar 7am,4179.0675492714
1543,4,Tamil Nadu - 2026,06-Mar 7am,4141.653159541505
1544,1,Tamil Nadu - 2026,06-Mar 8am,4007.298760314939
1544,2,Tamil Nadu - 2026,06-Mar 8am,3940.254610329402
1544,3,Tamil Nadu - 2026,06-Mar 8am,3940.520709584894
1544,4,Tamil Nadu - 2026,06-Mar 8am,3999.885919770764
1545,1,Tamil Nadu - 2026,06-Mar 9am,4118.350240887014
1545,2,Tamil Nadu - 2026,06-Mar 9am,4180.930244059842
1545,3,Tamil Nadu - 2026,06-Mar 9am,4187.625929289252
1545,4,Tamil Nadu - 2026,06-Mar 9am,4145.473585763893
1546,1,Tamil Nadu - 2026,06-Mar 10am,4054.473213483767
1546,2,Tamil Nadu - 2026,06-Mar 10am,3987.39050619076
1546,3,Tamil Nadu - 2026,06-Mar 10am,3944.2254638848735
1546,4,Tamil Nadu - 2026,06-Mar 10am,3915.080816440599
1547,1,Tamil Nadu - 2026,06-Mar 11am,3899.956563857934
1547,2,Tamil Nadu - 2026,06-Mar 11am,3885.470633148053
1547,3,Tamil Nadu - 2026,06-Mar 11am,3871.623024310961
1547,4,Tamil Nadu - 2026,06-Mar 11am,3862.529778683053
1548,1,Tamil Nadu - 2026,06-Mar 12pm,3858.190896264322
1548,2,Tamil Nadu - 2026,06-Mar 12pm,3847.292202025242
1548,3,Tamil Nadu - 2026,06-Mar 12pm,3829.833695965817
1548,4,Tamil Nadu - 2026,06-Mar 12pm,3805.243205744618
1549,1,Tamil Nadu - 2026,06-Mar 1pm,3773.520731361647
1549,2,Tamil Nadu - 2026,06-Mar 1pm,3749.41348189498
1549,3,Tamil Nadu - 2026,06-Mar 1pm,3732.9214573446193
1549,4,Tamil Nadu - 2026,06-Mar 1pm,3719.904329398754
1550,1,Tamil Nadu - 2026,06-Mar 2pm,3710.362098057381
1550,2,Tamil Nadu - 2026,06-Mar 2pm,3714.389524113287
1550,3,Tamil Nadu - 2026,06-Mar 2pm,3731.986607566473
1550,4,Tamil Nadu - 2026,06-Mar 2pm,3765.071770262859
1551,1,Tamil Nadu - 2026,06-Mar 3pm,3813.645012202444
1551,2,Tamil Nadu - 2026,06-Mar 3pm,3856.10104151692
1551,3,Tamil Nadu - 2026,06-Mar 3pm,3892.439858206291
1551,4,Tamil Nadu - 2026,06-Mar 3pm,3924.464088074345
1552,1,Tamil Nadu - 2026,06-Mar 4pm,3952.173731121079
1552,2,Tamil Nadu - 2026,06-Mar 4pm,3986.3583243920734
1552,3,Tamil Nadu - 2026,06-Mar 4pm,4027.0178678873294
1552,4,Tamil Nadu - 2026,06-Mar 4pm,4076.0700765995175
1553,1,Tamil Nadu - 2026,06-Mar 5pm,4133.514950528635
1553,2,Tamil Nadu - 2026,06-Mar 5pm,4177.056662673083
1553,3,Tamil Nadu - 2026,06-Mar 5pm,4206.69521303286
1553,4,Tamil Nadu - 2026,06-Mar 5pm,4223.863173765422
1554,1,Tamil Nadu - 2026,06-Mar 6pm,4228.560544870769
1554,2,Tamil Nadu - 2026,06-Mar 6pm,4234.487720405775
1554,3,Tamil Nadu - 2026,06-Mar 6pm,4241.644700370438
1554,4,Tamil Nadu - 2026,06-Mar 6pm,4252.29703435302
1555,1,Tamil Nadu - 2026,06-Mar 7pm,4266.444722353521
1555,2,Tamil Nadu - 2026,06-Mar 7pm,4256.794072785502
1555,3,Tamil Nadu - 2026,06-Mar 7pm,4223.345085648963
1555,4,Tamil Nadu - 2026,06-Mar 7pm,4165.116119212015
1556,1,Tamil Nadu - 2026,06-Mar 8pm,4082.1071734746633
1556,2,Tamil Nadu - 2026,06-Mar 8pm,4007.501790414673
1556,3,Tamil Nadu - 2026,06-Mar 8pm,3941.299970032045
1556,4,Tamil Nadu - 2026,06-Mar 8pm,3878.531066078619
1557,1,Tamil Nadu - 2026,06-Mar 9pm,3819.195078554392
1557,2,Tamil Nadu - 2026,06-Mar 9pm,3759.932342970571
1557,3,Tamil Nadu - 2026,06-Mar 9pm,3700.742859327155
1557,4,Tamil Nadu - 2026,06-Mar 9pm,3640.979719147882
1558,1,Tamil Nadu - 2026,06-Mar 10pm,3580.642922432752
1558,2,Tamil Nadu - 2026,06-Mar 10pm,3526.9735845281334
1558,3,Tamil Nadu - 2026,06-Mar 10pm,3479.9717054340285
1558,4,Tamil Nadu - 2026,06-Mar 10pm,3439.5417876050856
1559,1,Tamil Nadu - 2026,06-Mar 11pm,3405.683831041306
1559,2,Tamil Nadu - 2026,06-Mar 11pm,3371.729705668422
1559,3,Tamil Nadu - 2026,06-Mar 11pm,3337.679411486436
1559,4,Tamil Nadu - 2026,06-Mar 11pm,3303.3970518038363
1560,1,Tamil Nadu - 2026,07-Mar 12am,3268.882626620623
1560,2,Tamil Nadu - 2026,07-Mar 12am,3241.6196461601226
1560,3,Tamil Nadu - 2026,07-Mar 12am,3221.608110422332
1560,4,Tamil Nadu - 2026,07-Mar 12am,3210.0396167969225
1561,1,Tamil Nadu - 2026,07-Mar 1am,3206.9141652838925
1561,2,Tamil Nadu - 2026,07-Mar 1am,3197.5986613219084
1561,3,Tamil Nadu - 2026,07-Mar 1am,3182.093104910969
1561,4,Tamil Nadu - 2026,07-Mar 1am,3160.97406848323
1562,1,Tamil Nadu - 2026,07-Mar 2am,3134.241552038691
1562,2,Tamil Nadu - 2026,07-Mar 2am,3113.0692155457555
1562,3,Tamil Nadu - 2026,07-Mar 2am,3097.4570590044245
1562,4,Tamil Nadu - 2026,07-Mar 2am,3085.752173411129
1563,1,Tamil Nadu - 2026,07-Mar 3am,3077.954558765868
1563,2,Tamil Nadu - 2026,07-Mar 3am,3072.8080091216493
1563,3,Tamil Nadu - 2026,07-Mar 3am,3070.312524478473
1563,4,Tamil Nadu - 2026,07-Mar 3am,3069.564907634009
1564,1,Tamil Nadu - 2026,07-Mar 4am,3070.565158588259
1564,2,Tamil Nadu - 2026,07-Mar 4am,3079.988666502197
1564,3,Tamil Nadu - 2026,07-Mar 4am,3097.835431375825
1564,4,Tamil Nadu - 2026,07-Mar 4am,3124.46074353372
1565,1,Tamil Nadu - 2026,07-Mar 5am,3159.8646029758825
1565,2,Tamil Nadu - 2026,07-Mar 5am,3195.23987859387
1565,3,Tamil Nadu - 2026,07-Mar 5am,3230.5865703876875
1565,4,Tamil Nadu - 2026,07-Mar 5am,3257.44894804256
1566,1,Tamil Nadu - 2026,07-Mar 6am,3275.8270115584864
1566,2,Tamil Nadu - 2026,07-Mar 6am,3345.26227393254
1566,3,Tamil Nadu - 2026,07-Mar 6am,3465.7547351647204
1566,4,Tamil Nadu - 2026,07-Mar 6am,3648.105979344254
1567,1,Tamil Nadu - 2026,07-Mar 7am,3892.316006471141
1567,2,Tamil Nadu - 2026,07-Mar 7am,4074.0337990129497
1567,3,Tamil Nadu - 2026,07-Mar 7am,4193.259356969682
1567,4,Tamil Nadu - 2026,07-Mar 7am,4268.0908375462295
1568,1,Tamil Nadu - 2026,07-Mar 8am,4298.528240742592
1568,2,Tamil Nadu - 2026,07-Mar 8am,4300.333640861852
1568,3,Tamil Nadu - 2026,07-Mar 8am,4273.50703790401
1568,4,Tamil Nadu - 2026,07-Mar 8am,4201.591080491546
1569,1,Tamil Nadu - 2026,07-Mar 9am,4084.585768624461
1569,2,Tamil Nadu - 2026,07-Mar 9am,4005.4731362647863
1569,3,Tamil Nadu - 2026,07-Mar 9am,3964.253183412526
1569,4,Tamil Nadu - 2026,07-Mar 9am,3954.487911698225
1570,1,Tamil Nadu - 2026,07-Mar 10am,3976.177321121884
1570,2,Tamil Nadu - 2026,07-Mar 10am,3984.9673679381767
1570,3,Tamil Nadu - 2026,07-Mar 10am,3980.858052147104
1570,4,Tamil Nadu - 2026,07-Mar 10am,3970.027258792836
1571,1,Tamil Nadu - 2026,07-Mar 11am,3952.474987875371
1571,2,Tamil Nadu - 2026,07-Mar 11am,3935.4879728750257
1571,3,Tamil Nadu - 2026,07-Mar 11am,3919.0662137918034
1571,4,Tamil Nadu - 2026,07-Mar 11am,3904.100825457799
1572,1,Tamil Nadu - 2026,07-Mar 12pm,3890.591807873016
1572,2,Tamil Nadu - 2026,07-Mar 12pm,3865.905738564543
1572,3,Tamil Nadu - 2026,07-Mar 12pm,3830.04261753238
1572,4,Tamil Nadu - 2026,07-Mar 12pm,3779.429836030061
1573,1,Tamil Nadu - 2026,07-Mar 1pm,3714.067394057585
1573,2,Tamil Nadu - 2026,07-Mar 1pm,3668.0243665666662
1573,3,Tamil Nadu - 2026,07-Mar 1pm,3641.300753557307
1573,4,Tamil Nadu - 2026,07-Mar 1pm,3629.557485818442
1574,1,Tamil Nadu - 2026,07-Mar 2pm,3632.794563350072
1574,2,Tamil Nadu - 2026,07-Mar 2pm,3642.977326466864
1574,3,Tamil Nadu - 2026,07-Mar 2pm,3660.105775168818
1574,4,Tamil Nadu - 2026,07-Mar 2pm,3687.052335014247
1575,1,Tamil Nadu - 2026,07-Mar 3pm,3723.817006003151
1575,2,Tamil Nadu - 2026,07-Mar 3pm,3761.1998944709912
1575,3,Tamil Nadu - 2026,07-Mar 3pm,3799.201000417769
1575,4,Tamil Nadu - 2026,07-Mar 3pm,3837.962099108089
1576,1,Tamil Nadu - 2026,07-Mar 4pm,3877.483190541956
1576,2,Tamil Nadu - 2026,07-Mar 4pm,3926.113516796261
1576,3,Tamil Nadu - 2026,07-Mar 4pm,3983.8530778710015
1576,4,Tamil Nadu - 2026,07-Mar 4pm,4057.4702147907806
1577,1,Tamil Nadu - 2026,07-Mar 5pm,4146.964927555593
1577,2,Tamil Nadu - 2026,07-Mar 5pm,4203.377927940968
1577,3,Tamil Nadu - 2026,07-Mar 5pm,4226.70921594691
1577,4,Tamil Nadu - 2026,07-Mar 5pm,4217.407928556528
1578,1,Tamil Nadu - 2026,07-Mar 6pm,4175.474065769826
1578,2,Tamil Nadu - 2026,07-Mar 6pm,4147.172093912584
1578,3,Tamil Nadu - 2026,07-Mar 6pm,4132.502012984804
1578,4,Tamil Nadu - 2026,07-Mar 6pm,4130.811827332785
1579,1,Tamil Nadu - 2026,07-Mar 7pm,4142.10153695653
1579,2,Tamil Nadu - 2026,07-Mar 7pm,4124.018649452442
1579,3,Tamil Nadu - 2026,07-Mar 7pm,4076.563164820524
1579,4,Tamil Nadu - 2026,07-Mar 7pm,3997.816648770504
1580,1,Tamil Nadu - 2026,07-Mar 8pm,3887.779101302381
1580,2,Tamil Nadu - 2026,07-Mar 8pm,3800.313620561367
1580,3,Tamil Nadu - 2026,07-Mar 8pm,3735.4202065474624
1580,4,Tamil Nadu - 2026,07-Mar 8pm,3689.4370715887903
1581,1,Tamil Nadu - 2026,07-Mar 9pm,3662.364215685353
1581,2,Tamil Nadu - 2026,07-Mar 9pm,3622.3092667231863
1581,3,Tamil Nadu - 2026,07-Mar 9pm,3569.272224702293
1581,4,Tamil Nadu - 2026,07-Mar 9pm,3505.774292889166
1582,1,Tamil Nadu - 2026,07-Mar 10pm,3431.815471283804
1582,2,Tamil Nadu - 2026,07-Mar 10pm,3364.1609124012125
1582,3,Tamil Nadu - 2026,07-Mar 10pm,3302.8106162413933
1582,4,Tamil Nadu - 2026,07-Mar 10pm,3243.7530000735915
1583,1,Tamil Nadu - 2026,07-Mar 11pm,3186.988063897807
1583,2,Tamil Nadu - 2026,07-Mar 11pm,3139.820151583562
1583,3,Tamil Nadu - 2026,07-Mar 11pm,3102.249263130854
1583,4,Tamil Nadu - 2026,07-Mar 11pm,3074.1125213877767
1584,1,Tamil Nadu - 2026,08-Mar 12am,3055.4099263543326
1584,2,Tamil Nadu - 2026,08-Mar 12am,3039.814397072438
1584,3,Tamil Nadu - 2026,08-Mar 12am,3027.325933542092
1584,4,Tamil Nadu - 2026,08-Mar 12am,3020.099743031137
1585,1,Tamil Nadu - 2026,08-Mar 1am,3018.135825539575
1585,2,Tamil Nadu - 2026,08-Mar 1am,3014.8300184184286
1585,3,Tamil Nadu - 2026,08-Mar 1am,3010.1823216676976
1585,4,Tamil Nadu - 2026,08-Mar 1am,3005.6418343743
1586,1,Tamil Nadu - 2026,08-Mar 2am,3001.208556538236
1586,2,Tamil Nadu - 2026,08-Mar 2am,2994.792056286976
1586,3,Tamil Nadu - 2026,08-Mar 2am,2986.392333620522
1586,4,Tamil Nadu - 2026,08-Mar 2am,2974.687053554267
1587,1,Tamil Nadu - 2026,08-Mar 3am,2959.676216088212
1587,2,Tamil Nadu - 2026,08-Mar 3am,2951.384263002523
1587,3,Tamil Nadu - 2026,08-Mar 3am,2949.811194297201
1587,4,Tamil Nadu - 2026,08-Mar 3am,2954.3683266120643
1588,1,Tamil Nadu - 2026,08-Mar 4am,2965.0556599471124
1588,2,Tamil Nadu - 2026,08-Mar 4am,2975.380852683264
1588,3,Tamil Nadu - 2026,08-Mar 4am,2985.3439048205164
1588,4,Tamil Nadu - 2026,08-Mar 4am,2992.369582549107
1589,1,Tamil Nadu - 2026,08-Mar 5am,2996.457885869035
1589,2,Tamil Nadu - 2026,08-Mar 5am,3019.552559257971
1589,3,Tamil Nadu - 2026,08-Mar 5am,3061.6536027159145
1589,4,Tamil Nadu - 2026,08-Mar 5am,3115.6359521570785
1590,1,Tamil Nadu - 2026,08-Mar 6am,3181.4996075814656
1590,2,Tamil Nadu - 2026,08-Mar 6am,3280.051209026117
1590,3,Tamil Nadu - 2026,08-Mar 6am,3411.2907564910324
1590,4,Tamil Nadu - 2026,08-Mar 6am,3588.828426901385
1591,1,Tamil Nadu - 2026,08-Mar 7am,3812.664220257173
1591,2,Tamil Nadu - 2026,08-Mar 7am,3980.3304349703303
1591,3,Tamil Nadu - 2026,08-Mar 7am,4091.8270710408633
1591,4,Tamil Nadu - 2026,08-Mar 7am,4164.118273731634
1592,1,Tamil Nadu - 2026,08-Mar 8am,4197.204043042644
1592,2,Tamil Nadu - 2026,08-Mar 8am,4191.7672089847565
1592,3,Tamil Nadu - 2026,08-Mar 8am,4147.807771557968
1592,4,Tamil Nadu - 2026,08-Mar 8am,4041.43097641463
1593,1,Tamil Nadu - 2026,08-Mar 9am,3872.6368235547416
1593,2,Tamil Nadu - 2026,08-Mar 9am,3784.1110090533466
1593,3,Tamil Nadu - 2026,08-Mar 9am,3775.853532910448
1593,4,Tamil Nadu - 2026,08-Mar 9am,3846.938634481465
1594,1,Tamil Nadu - 2026,08-Mar 10am,3997.3663137663934
1594,2,Tamil Nadu - 2026,08-Mar 10am,4090.005438557674
1594,3,Tamil Nadu - 2026,08-Mar 10am,4124.856008855306
1594,4,Tamil Nadu - 2026,08-Mar 10am,4116.252238820625
1595,1,Tamil Nadu - 2026,08-Mar 11am,4064.194128453633
1595,2,Tamil Nadu - 2026,08-Mar 11am,4019.807524993863
1595,3,Tamil Nadu - 2026,08-Mar 11am,3983.092428441312
1595,4,Tamil Nadu - 2026,08-Mar 11am,3943.065918111192
1596,1,Tamil Nadu - 2026,08-Mar 12pm,3899.727994003501
1596,2,Tamil Nadu - 2026,08-Mar 12pm,3867.850332987456
1596,3,Tamil Nadu - 2026,08-Mar 12pm,3847.432935063058
1596,4,Tamil Nadu - 2026,08-Mar 12pm,3840.288737945984
1597,1,Tamil Nadu - 2026,08-Mar 1pm,3846.417741636232
1597,2,Tamil Nadu - 2026,08-Mar 1pm,3840.170642970528
1597,3,Tamil Nadu - 2026,08-Mar 1pm,3821.547441948875
1597,4,Tamil Nadu - 2026,08-Mar 1pm,3788.154173444366
1598,1,Tamil Nadu - 2026,08-Mar 2pm,3739.990837457
1598,2,Tamil Nadu - 2026,08-Mar 2pm,3717.070527911479
1598,3,Tamil Nadu - 2026,08-Mar 2pm,3719.3932448078017
1598,4,Tamil Nadu - 2026,08-Mar 2pm,3746.14538982372
1599,1,Tamil Nadu - 2026,08-Mar 3pm,3797.3269629592346
1599,2,Tamil Nadu - 2026,08-Mar 3pm,3837.806460223135
1599,3,Tamil Nadu - 2026,08-Mar 3pm,3867.58388161542
1599,4,Tamil Nadu - 2026,08-Mar 3pm,3889.052695202211
1600,1,Tamil Nadu - 2026,08-Mar 4pm,3902.212900983503
1600,2,Tamil Nadu - 2026,08-Mar 4pm,3927.8351945538056
1600,3,Tamil Nadu - 2026,08-Mar 4pm,3965.9195759131176
1600,4,Tamil Nadu - 2026,08-Mar 4pm,4020.212328549574
1601,1,Tamil Nadu - 2026,08-Mar 5pm,4090.71345246318
1601,2,Tamil Nadu - 2026,08-Mar 5pm,4134.174551130605
1601,3,Tamil Nadu - 2026,08-Mar 5pm,4150.59562455185
1601,4,Tamil Nadu - 2026,08-Mar 5pm,4139.556371854365
1602,1,Tamil Nadu - 2026,08-Mar 6pm,4101.056793038152
1602,2,Tamil Nadu - 2026,08-Mar 6pm,4080.867089861829
1602,3,Tamil Nadu - 2026,08-Mar 6pm,4078.9872623254
1602,4,Tamil Nadu - 2026,08-Mar 6pm,4096.908854774618
1603,1,Tamil Nadu - 2026,08-Mar 7pm,4134.631867209486
1603,2,Tamil Nadu - 2026,08-Mar 7pm,4137.436831796827
1603,3,Tamil Nadu - 2026,08-Mar 7pm,4105.323748536644
1603,4,Tamil Nadu - 2026,08-Mar 7pm,4039.1075524570415
1604,1,Tamil Nadu - 2026,08-Mar 8pm,3938.788243558018
1604,2,Tamil Nadu - 2026,08-Mar 8pm,3854.19567950412
1604,3,Tamil Nadu - 2026,08-Mar 8pm,3785.3298602953496
1604,4,Tamil Nadu - 2026,08-Mar 8pm,3725.356216642512
1605,1,Tamil Nadu - 2026,08-Mar 9pm,3674.274748545608
1605,2,Tamil Nadu - 2026,08-Mar 9pm,3623.2630140752426
1605,3,Tamil Nadu - 2026,08-Mar 9pm,3572.321013231417
1605,4,Tamil Nadu - 2026,08-Mar 9pm,3524.8912241477315
1606,1,Tamil Nadu - 2026,08-Mar 10pm,3480.9736468241867
1606,2,Tamil Nadu - 2026,08-Mar 10pm,3428.7358543885744
1606,3,Tamil Nadu - 2026,08-Mar 10pm,3368.1778468408934
1606,4,Tamil Nadu - 2026,08-Mar 10pm,3296.3726519463457
1607,1,Tamil Nadu - 2026,08-Mar 11pm,3213.3202697049287
1607,2,Tamil Nadu - 2026,08-Mar 11pm,3148.4149603976625
1607,3,Tamil Nadu - 2026,08-Mar 11pm,3101.6567240245467
1607,4,Tamil Nadu - 2026,08-Mar 11pm,3070.8680458728622
1608,1,Tamil Nadu - 2026,09-Mar 12am,3056.048925942609
1608,2,Tamil Nadu - 2026,09-Mar 12am,3040.870192229082
1608,3,Tamil Nadu - 2026,09-Mar 12am,3025.33184473228
1608,4,Tamil Nadu - 2026,09-Mar 12am,3012.9190370960287
1609,1,Tamil Nadu - 2026,09-Mar 1am,3003.6317693203296
1609,2,Tamil Nadu - 2026,09-Mar 1am,2992.8882915469344
1609,3,Tamil Nadu - 2026,09-Mar 1am,2980.688603775843
1609,4,Tamil Nadu - 2026,09-Mar 1am,2967.1813353568923
1610,1,Tamil Nadu - 2026,09-Mar 2am,2952.36648629008
1610,2,Tamil Nadu - 2026,09-Mar 2am,2939.934030334644
1610,3,Tamil Nadu - 2026,09-Mar 2am,2929.8839674905835
1610,4,Tamil Nadu - 2026,09-Mar 2am,2921.205515884692
1611,1,Tamil Nadu - 2026,09-Mar 3am,2913.898675516969
1611,2,Tamil Nadu - 2026,09-Mar 3am,2910.3381638674205
1611,3,Tamil Nadu - 2026,09-Mar 3am,2910.523980936045
1611,4,Tamil Nadu - 2026,09-Mar 3am,2912.919179679565
1612,1,Tamil Nadu - 2026,09-Mar 4am,2917.523760097978
1612,2,Tamil Nadu - 2026,09-Mar 4am,2931.184686970956
1612,3,Tamil Nadu - 2026,09-Mar 4am,2953.901960298501
1612,4,Tamil Nadu - 2026,09-Mar 4am,2984.9195926325656
1613,1,Tamil Nadu - 2026,09-Mar 5am,3024.237583973152
1613,2,Tamil Nadu - 2026,09-Mar 5am,3069.5448942288504
1613,3,Tamil Nadu - 2026,09-Mar 5am,3120.8415233996607
1613,4,Tamil Nadu - 2026,09-Mar 5am,3172.045998398337
1614,1,Tamil Nadu - 2026,09-Mar 6am,3223.158319224878
1614,2,Tamil Nadu - 2026,09-Mar 6am,3312.978364494172
1614,3,Tamil Nadu - 2026,09-Mar 6am,3441.5061342062154
1614,4,Tamil Nadu - 2026,09-Mar 6am,3618.9271820747344
1615,1,Tamil Nadu - 2026,09-Mar 7am,3845.241508099729
1615,2,Tamil Nadu - 2026,09-Mar 7am,4020.5359113839622
1615,3,Tamil Nadu - 2026,09-Mar 7am,4144.810391927433
1615,4,Tamil Nadu - 2026,09-Mar 7am,4232.052188588874
1616,1,Tamil Nadu - 2026,09-Mar 8am,4282.26130136829
1616,2,Tamil Nadu - 2026,09-Mar 8am,4311.427498010501
1616,3,Tamil Nadu - 2026,09-Mar 8am,4319.550778515508
1616,4,Tamil Nadu - 2026,09-Mar 8am,4294.770422105699
1617,1,Tamil Nadu - 2026,09-Mar 9am,4237.086428781079
1617,2,Tamil Nadu - 2026,09-Mar 9am,4201.673355462478
1617,3,Tamil Nadu - 2026,09-Mar 9am,4188.5312021499
1617,4,Tamil Nadu - 2026,09-Mar 9am,4195.999013606544
1618,1,Tamil Nadu - 2026,09-Mar 10am,4224.076789832411
1618,2,Tamil Nadu - 2026,09-Mar 10am,4227.555705327458
1618,3,Tamil Nadu - 2026,09-Mar 10am,4206.435760091686
1618,4,Tamil Nadu - 2026,09-Mar 10am,4161.501744748445
1619,1,Tamil Nadu - 2026,09-Mar 11am,4092.753659297735
1619,2,Tamil Nadu - 2026,09-Mar 11am,4040.691585499495
1619,3,Tamil Nadu - 2026,09-Mar 11am,4005.315523353728
1619,4,Tamil Nadu - 2026,09-Mar 11am,3983.229231849042
1620,1,Tamil Nadu - 2026,09-Mar 12pm,3974.43271098544
1620,2,Tamil Nadu - 2026,09-Mar 12pm,3958.803325071317
1620,3,Tamil Nadu - 2026,09-Mar 12pm,3936.341074106676
1620,4,Tamil Nadu - 2026,09-Mar 12pm,3908.972889836567
1621,1,Tamil Nadu - 2026,09-Mar 1pm,3876.698772260989
1621,2,Tamil Nadu - 2026,09-Mar 1pm,3848.079766601242
1621,3,Tamil Nadu - 2026,09-Mar 1pm,3823.1158728573264
1621,4,Tamil Nadu - 2026,09-Mar 1pm,3797.425588280442
1622,1,Tamil Nadu - 2026,09-Mar 2pm,3771.0089128705913
1622,2,Tamil Nadu - 2026,09-Mar 2pm,3761.593817899262
1622,3,Tamil Nadu - 2026,09-Mar 2pm,3769.180303366457
1622,4,Tamil Nadu - 2026,09-Mar 2pm,3793.6369658636895
1623,1,Tamil Nadu - 2026,09-Mar 3pm,3834.963805390958
1623,2,Tamil Nadu - 2026,09-Mar 3pm,3876.221271127688
1623,3,Tamil Nadu - 2026,09-Mar 3pm,3917.409363073873
1623,4,Tamil Nadu - 2026,09-Mar 3pm,3962.7455604074817
1624,1,Tamil Nadu - 2026,09-Mar 4pm,4012.229863128512
1624,2,Tamil Nadu - 2026,09-Mar 4pm,4057.496946989759
1624,3,Tamil Nadu - 2026,09-Mar 4pm,4098.546811991227
1624,4,Tamil Nadu - 2026,09-Mar 4pm,4139.976377890503
1625,1,Tamil Nadu - 2026,09-Mar 5pm,4181.785644687583
1625,2,Tamil Nadu - 2026,09-Mar 5pm,4204.758418084157
1625,3,Tamil Nadu - 2026,09-Mar 5pm,4208.894698080222
1625,4,Tamil Nadu - 2026,09-Mar 5pm,4192.681239148037
1626,1,Tamil Nadu - 2026,09-Mar 6pm,4156.118041287601
1626,2,Tamil Nadu - 2026,09-Mar 6pm,4127.500771963692
1626,3,Tamil Nadu - 2026,09-Mar 6pm,4106.829431176308
1626,4,Tamil Nadu - 2026,09-Mar 6pm,4093.4817555724
1627,1,Tamil Nadu - 2026,09-Mar 7pm,4087.4577451519617
1627,2,Tamil Nadu - 2026,09-Mar 7pm,4064.195312568545
1627,3,Tamil Nadu - 2026,09-Mar 7pm,4023.694457822151
1627,4,Tamil Nadu - 2026,09-Mar 7pm,3965.932484457344
1628,1,Tamil Nadu - 2026,09-Mar 8pm,3890.909392474126
1628,2,Tamil Nadu - 2026,09-Mar 8pm,3823.3234479515336
1628,3,Tamil Nadu - 2026,09-Mar 8pm,3763.1746508895626
1628,4,Tamil Nadu - 2026,09-Mar 8pm,3706.7825086847774
1629,1,Tamil Nadu - 2026,09-Mar 9pm,3654.14702133718
1629,2,Tamil Nadu - 2026,09-Mar 9pm,3602.652878388358
1629,3,Tamil Nadu - 2026,09-Mar 9pm,3552.3000798383173
1629,4,Tamil Nadu - 2026,09-Mar 9pm,3504.800020436144
1630,1,Tamil Nadu - 2026,09-Mar 10pm,3460.1527001818413
1630,2,Tamil Nadu - 2026,09-Mar 10pm,3410.705061039266
1630,3,Tamil Nadu - 2026,09-Mar 10pm,3356.4571030084207
1630,4,Tamil Nadu - 2026,09-Mar 10pm,3295.935135770472
1631,1,Tamil Nadu - 2026,09-Mar 11pm,3229.139159325421
1631,2,Tamil Nadu - 2026,09-Mar 11pm,3172.564373622392
1631,3,Tamil Nadu - 2026,09-Mar 11pm,3126.210778661384
1631,4,Tamil Nadu - 2026,09-Mar 11pm,3087.8156883908023
1632,1,Tamil Nadu - 2026,10-Mar 12am,3057.379102810645
1632,2,Tamil Nadu - 2026,10-Mar 12am,3031.9819382813657
1632,3,Tamil Nadu - 2026,10-Mar 12am,3011.624194802963
1632,4,Tamil Nadu - 2026,10-Mar 12am,2998.2047641050267
1633,1,Tamil Nadu - 2026,10-Mar 1am,2991.723646187557
1633,2,Tamil Nadu - 2026,10-Mar 1am,2983.7065743125663
1633,3,Tamil Nadu - 2026,10-Mar 1am,2974.1535484800543
1633,4,Tamil Nadu - 2026,10-Mar 1am,2963.936231019823
1634,1,Tamil Nadu - 2026,10-Mar 2am,2953.0546219318708
1634,2,Tamil Nadu - 2026,10-Mar 2am,2944.753013975383
1634,3,Tamil Nadu - 2026,10-Mar 2am,2939.0314071503585
1634,4,Tamil Nadu - 2026,10-Mar 2am,2935.740956942388
1635,1,Tamil Nadu - 2026,10-Mar 3am,2934.881663351473
1635,2,Tamil Nadu - 2026,10-Mar 3am,2934.102300704885
1635,3,Tamil Nadu - 2026,10-Mar 3am,2933.4028690026225
1635,4,Tamil Nadu - 2026,10-Mar 3am,2931.043166941019
1636,1,Tamil Nadu - 2026,10-Mar 4am,2927.0231945200776
1636,2,Tamil Nadu - 2026,10-Mar 4am,2934.1353852345137
1636,3,Tamil Nadu - 2026,10-Mar 4am,2952.379739084327
1636,4,Tamil Nadu - 2026,10-Mar 4am,2982.531681161081
1637,1,Tamil Nadu - 2026,10-Mar 5am,3024.59121146478
1637,2,Tamil Nadu - 2026,10-Mar 5am,3061.113345951316
1637,3,Tamil Nadu - 2026,10-Mar 5am,3092.098084620691
1637,4,Tamil Nadu - 2026,10-Mar 5am,3112.3273579632123
1638,1,Tamil Nadu - 2026,10-Mar 6am,3121.8011659788817
1638,2,Tamil Nadu - 2026,10-Mar 6am,3169.272909769954
1638,3,Tamil Nadu - 2026,10-Mar 6am,3254.74258933643
1638,4,Tamil Nadu - 2026,10-Mar 6am,3383.533334914735
1639,1,Tamil Nadu - 2026,10-Mar 7am,3555.64514650487
1639,2,Tamil Nadu - 2026,10-Mar 7am,3690.3858415860273
1639,3,Tamil Nadu - 2026,10-Mar 7am,3787.755420158203
1639,4,Tamil Nadu - 2026,10-Mar 7am,3856.9135917509007
1640,1,Tamil Nadu - 2026,10-Mar 8am,3897.86035636412
1640,2,Tamil Nadu - 2026,10-Mar 8am,3936.329639341664
1640,3,Tamil Nadu - 2026,10-Mar 8am,3972.32144068353
1640,4,Tamil Nadu - 2026,10-Mar 8am,4002.668563610687
1641,1,Tamil Nadu - 2026,10-Mar 9am,4027.371008123132
1641,2,Tamil Nadu - 2026,10-Mar 9am,4039.698029551268
1641,3,Tamil Nadu - 2026,10-Mar 9am,4039.649627895097
1641,4,Tamil Nadu - 2026,10-Mar 9am,4025.9513344305033
1642,1,Tamil Nadu - 2026,10-Mar 10am,3998.603149157484
1642,2,Tamil Nadu - 2026,10-Mar 10am,3971.982629090339
1642,3,Tamil Nadu - 2026,10-Mar 10am,3946.0897742290695
1642,4,Tamil Nadu - 2026,10-Mar 10am,3914.254447523109
1643,1,Tamil Nadu - 2026,10-Mar 11am,3876.476648972456
1643,2,Tamil Nadu - 2026,10-Mar 11am,3858.399643866213
1643,3,Tamil Nadu - 2026,10-Mar 11am,3860.0234322043752
1643,4,Tamil Nadu - 2026,10-Mar 11am,3888.610274956955
1644,1,Tamil Nadu - 2026,10-Mar 12pm,3944.160172123956
1644,2,Tamil Nadu - 2026,10-Mar 12pm,3957.45629259621
1644,3,Tamil Nadu - 2026,10-Mar 12pm,3928.498636373716
1644,4,Tamil Nadu - 2026,10-Mar 12pm,3852.974898906119
1645,1,Tamil Nadu - 2026,10-Mar 1pm,3730.8850801934177
1645,2,Tamil Nadu - 2026,10-Mar 1pm,3657.3198386469257
1645,3,Tamil Nadu - 2026,10-Mar 1pm,3632.279174266642
1645,4,Tamil Nadu - 2026,10-Mar 1pm,3650.615906893015
1646,1,Tamil Nadu - 2026,10-Mar 2pm,3712.330036526039
1646,2,Tamil Nadu - 2026,10-Mar 2pm,3753.213985711744
1646,3,Tamil Nadu - 2026,10-Mar 2pm,3773.267754450126
1646,4,Tamil Nadu - 2026,10-Mar 2pm,3777.0782233120894
1647,1,Tamil Nadu - 2026,10-Mar 3pm,3764.64539229764
1647,2,Tamil Nadu - 2026,10-Mar 3pm,3772.655555435321
1647,3,Tamil Nadu - 2026,10-Mar 3pm,3801.1087127251367
1647,4,Tamil Nadu - 2026,10-Mar 3pm,3849.720339541901
1648,1,Tamil Nadu - 2026,10-Mar 4pm,3918.490435885615
1648,2,Tamil Nadu - 2026,10-Mar 4pm,3972.4398554788368
1648,3,Tamil Nadu - 2026,10-Mar 4pm,4011.568598321567
1648,4,Tamil Nadu - 2026,10-Mar 4pm,4043.181110313982
1649,1,Tamil Nadu - 2026,10-Mar 5pm,4067.2773914560807
1649,2,Tamil Nadu - 2026,10-Mar 5pm,4075.009912624244
1649,3,Tamil Nadu - 2026,10-Mar 5pm,4066.378673818472
1649,4,Tamil Nadu - 2026,10-Mar 5pm,4037.7440221012034
1650,1,Tamil Nadu - 2026,10-Mar 6pm,3989.1059574724377
1650,2,Tamil Nadu - 2026,10-Mar 6pm,3951.149926681157
1650,3,Tamil Nadu - 2026,10-Mar 6pm,3923.875929727363
1650,4,Tamil Nadu - 2026,10-Mar 6pm,3905.6281861190414
1651,1,Tamil Nadu - 2026,10-Mar 7pm,3896.406695856192
1651,2,Tamil Nadu - 2026,10-Mar 7pm,3875.460695141909
1651,3,Tamil Nadu - 2026,10-Mar 7pm,3842.790183976196
1651,4,Tamil Nadu - 2026,10-Mar 7pm,3799.582425025703
1652,1,Tamil Nadu - 2026,10-Mar 8pm,3745.837418290428
1652,2,Tamil Nadu - 2026,10-Mar 8pm,3695.1823515673714
1652,3,Tamil Nadu - 2026,10-Mar 8pm,3647.6172248565313
1652,4,Tamil Nadu - 2026,10-Mar 8pm,3601.513005285669
1653,1,Tamil Nadu - 2026,10-Mar 9pm,3556.869692854782
1653,2,Tamil Nadu - 2026,10-Mar 9pm,3509.834297000322
1653,3,Tamil Nadu - 2026,10-Mar 9pm,3460.4068177222925
1653,4,Tamil Nadu - 2026,10-Mar 9pm,3408.5391924226037
1654,1,Tamil Nadu - 2026,10-Mar 10pm,3354.231421101253
1654,2,Tamil Nadu - 2026,10-Mar 10pm,3301.624869910317
1654,3,Tamil Nadu - 2026,10-Mar 10pm,3250.719538849792
1654,4,Tamil Nadu - 2026,10-Mar 10pm,3199.2441701386374
1655,1,Tamil Nadu - 2026,10-Mar 11pm,3147.198763776852
1655,2,Tamil Nadu - 2026,10-Mar 11pm,3104.0695002986176
1655,3,Tamil Nadu - 2026,10-Mar 11pm,3069.8563797039387
1655,4,Tamil Nadu - 2026,10-Mar 11pm,3045.3053562205923
1656,1,Tamil Nadu - 2026,11-Mar 12am,3030.41642984858
1656,2,Tamil Nadu - 2026,11-Mar 12am,3011.227694687038
1656,3,Tamil Nadu - 2026,11-Mar 12am,2987.739150735967
1656,4,Tamil Nadu - 2026,11-Mar 12am,2959.426724728415
1657,1,Tamil Nadu - 2026,11-Mar 1am,2926.2904166643825
1657,2,Tamil Nadu - 2026,11-Mar 1am,2905.4365720464416
1657,3,Tamil Nadu - 2026,11-Mar 1am,2896.865190874589
1657,4,Tamil Nadu - 2026,11-Mar 1am,2902.367820414586
1658,1,Tamil Nadu - 2026,11-Mar 2am,2921.9444606664324
1658,2,Tamil Nadu - 2026,11-Mar 2am,2927.7394825330007
1658,3,Tamil Nadu - 2026,11-Mar 2am,2919.752886014293
1658,4,Tamil Nadu - 2026,11-Mar 2am,2898.7831707862733
1659,1,Tamil Nadu - 2026,11-Mar 3am,2864.8303368489437
1659,2,Tamil Nadu - 2026,11-Mar 3am,2840.959015243629
1659,3,Tamil Nadu - 2026,11-Mar 3am,2827.1692059703305
1659,4,Tamil Nadu - 2026,11-Mar 3am,2820.181441937096
1660,1,Tamil Nadu - 2026,11-Mar 4am,2819.9957231439266
1660,2,Tamil Nadu - 2026,11-Mar 4am,2823.2242211012062
1660,3,Tamil Nadu - 2026,11-Mar 4am,2829.8669358089337
1660,4,Tamil Nadu - 2026,11-Mar 4am,2841.473119945933
1661,1,Tamil Nadu - 2026,11-Mar 5am,2858.042773512207
1661,2,Tamil Nadu - 2026,11-Mar 5am,2873.6682089244227
1661,3,Tamil Nadu - 2026,11-Mar 5am,2888.349426182583
1661,4,Tamil Nadu - 2026,11-Mar 5am,2899.4995913807866
1662,1,Tamil Nadu - 2026,11-Mar 6am,2907.118704519031
1662,2,Tamil Nadu - 2026,11-Mar 6am,2932.635456616059
1662,3,Tamil Nadu - 2026,11-Mar 6am,2976.04984767187
1662,4,Tamil Nadu - 2026,11-Mar 6am,3037.4459911930403
1663,1,Tamil Nadu - 2026,11-Mar 7am,3116.823887179573
1663,2,Tamil Nadu - 2026,11-Mar 7am,3192.2501635732624
1663,3,Tamil Nadu - 2026,11-Mar 7am,3263.724820374112
1663,4,Tamil Nadu - 2026,11-Mar 7am,3338.1811288730523
1664,1,Tamil Nadu - 2026,11-Mar 8am,3415.6190890700877
1664,2,Tamil Nadu - 2026,11-Mar 8am,3476.372445277806
1664,3,Tamil Nadu - 2026,11-Mar 8am,3520.441197496204
1664,4,Tamil Nadu - 2026,11-Mar 8am,3548.6272681559026
1665,1,Tamil Nadu - 2026,11-Mar 9am,3560.930657256904
1665,2,Tamil Nadu - 2026,11-Mar 9am,3572.2060859029016
1665,3,Tamil Nadu - 2026,11-Mar 9am,3582.453554093896
1665,4,Tamil Nadu - 2026,11-Mar 9am,3590.759702746299
1666,1,Tamil Nadu - 2026,11-Mar 10am,3597.124531860109
1666,2,Tamil Nadu - 2026,11-Mar 10am,3592.173474833162
1666,3,Tamil Nadu - 2026,11-Mar 10am,3575.906531665454
1666,4,Tamil Nadu - 2026,11-Mar 10am,3544.405461641275
1667,1,Tamil Nadu - 2026,11-Mar 11am,3497.6702647606226
1667,2,Tamil Nadu - 2026,11-Mar 11am,3468.58495191994
1667,3,Tamil Nadu - 2026,11-Mar 11am,3457.1495231192307
1667,4,Tamil Nadu - 2026,11-Mar 11am,3464.365260200207
1668,1,Tamil Nadu - 2026,11-Mar 12pm,3490.2321631628697
1668,2,Tamil Nadu - 2026,11-Mar 12pm,3495.8585300604805
1668,3,Tamil Nadu - 2026,11-Mar 12pm,3481.244360893044
1668,4,Tamil Nadu - 2026,11-Mar 12pm,3447.424945883606
1669,1,Tamil Nadu - 2026,11-Mar 1pm,3394.400285032166
1669,2,Tamil Nadu - 2026,11-Mar 1pm,3354.850338947168
1669,3,Tamil Nadu - 2026,11-Mar 1pm,3328.7751076286136
1669,4,Tamil Nadu - 2026,11-Mar 1pm,3312.414268392053
1670,1,Tamil Nadu - 2026,11-Mar 2pm,3305.7678212374885
1670,2,Tamil Nadu - 2026,11-Mar 2pm,3298.7177416631566
1670,3,Tamil Nadu - 2026,11-Mar 2pm,3291.2640296690543
1670,4,Tamil Nadu - 2026,11-Mar 2pm,3283.0604074303
1671,1,Tamil Nadu - 2026,11-Mar 3pm,3274.106874946895
1671,2,Tamil Nadu - 2026,11-Mar 3pm,3276.599123669902
1671,3,Tamil Nadu - 2026,11-Mar 3pm,3290.537153599319
1671,4,Tamil Nadu - 2026,11-Mar 3pm,3317.846847783884
1672,1,Tamil Nadu - 2026,11-Mar 4pm,3358.5282062235983
1672,2,Tamil Nadu - 2026,11-Mar 4pm,3388.830239174975
1672,3,Tamil Nadu - 2026,11-Mar 4pm,3408.752946638017
1672,4,Tamil Nadu - 2026,11-Mar 4pm,3420.5486079634097
1673,1,Tamil Nadu - 2026,11-Mar 5pm,3424.2172231511518
1673,2,Tamil Nadu - 2026,11-Mar 5pm,3429.996105840612
1673,3,Tamil Nadu - 2026,11-Mar 5pm,3437.88525603179
1673,4,Tamil Nadu - 2026,11-Mar 5pm,3447.0014149764474
1674,1,Tamil Nadu - 2026,11-Mar 6pm,3457.344582674584
1674,2,Tamil Nadu - 2026,11-Mar 6pm,3463.976997976267
1674,3,Tamil Nadu - 2026,11-Mar 6pm,3466.898660881497
1674,4,Tamil Nadu - 2026,11-Mar 6pm,3469.639758467653
1675,1,Tamil Nadu - 2026,11-Mar 7pm,3472.2002907347355
1675,2,Tamil Nadu - 2026,11-Mar 7pm,3458.3368963684
1675,3,Tamil Nadu - 2026,11-Mar 7pm,3428.049575368647
1675,4,Tamil Nadu - 2026,11-Mar 7pm,3379.4932375282174
1676,1,Tamil Nadu - 2026,11-Mar 8pm,3312.6678828471136
1676,2,Tamil Nadu - 2026,11-Mar 8pm,3254.8874138832266
1676,3,Tamil Nadu - 2026,11-Mar 8pm,3206.151830636556
1676,4,Tamil Nadu - 2026,11-Mar 8pm,3163.102872633104
1677,1,Tamil Nadu - 2026,11-Mar 9pm,3125.7405398728743
1677,2,Tamil Nadu - 2026,11-Mar 9pm,3086.9004926419448
1677,3,Tamil Nadu - 2026,11-Mar 9pm,3046.582730940316
1677,4,Tamil Nadu - 2026,11-Mar 9pm,3006.3762365448656
1678,1,Tamil Nadu - 2026,11-Mar 10pm,2966.2810094555925
1678,2,Tamil Nadu - 2026,11-Mar 10pm,2923.927498725149
1678,3,Tamil Nadu - 2026,11-Mar 10pm,2879.3157043535366
1678,4,Tamil Nadu - 2026,11-Mar 10pm,2831.575787465722
1679,1,Tamil Nadu - 2026,11-Mar 11pm,2780.707748061705
1679,2,Tamil Nadu - 2026,11-Mar 11pm,2734.300170339024
1679,3,Tamil Nadu - 2026,11-Mar 11pm,2692.3530542976787
1679,4,Tamil Nadu - 2026,11-Mar 11pm,2653.5990273015914
1680,1,Tamil Nadu - 2026,12-Mar 12am,2618.03808935076
1680,2,Tamil Nadu - 2026,12-Mar 12am,2585.685892064116
1680,3,Tamil Nadu - 2026,12-Mar 12am,2556.542435441661
1680,4,Tamil Nadu - 2026,12-Mar 12am,2530.153583143463
1681,1,Tamil Nadu - 2026,12-Mar 1am,2506.5193351695207
1681,2,Tamil Nadu - 2026,12-Mar 1am,2488.348857940492
1681,3,Tamil Nadu - 2026,12-Mar 1am,2475.642151456376
1681,4,Tamil Nadu - 2026,12-Mar 1am,2469.829655433612
1682,1,Tamil Nadu - 2026,12-Mar 2am,2470.911369872202
1682,2,Tamil Nadu - 2026,12-Mar 2am,2467.595490052843
1682,3,Tamil Nadu - 2026,12-Mar 2am,2459.8820159755337
1682,4,Tamil Nadu - 2026,12-Mar 2am,2447.3311240994203
1683,1,Tamil Nadu - 2026,12-Mar 3am,2429.942814424501
1683,2,Tamil Nadu - 2026,12-Mar 3am,2421.6478329152133
1683,3,Tamil Nadu - 2026,12-Mar 3am,2422.4461795715542
1683,4,Tamil Nadu - 2026,12-Mar 3am,2430.653173088732
1684,1,Tamil Nadu - 2026,12-Mar 4am,2446.2688134667437
1684,2,Tamil Nadu - 2026,12-Mar 4am,2465.470442569924
1684,3,Tamil Nadu - 2026,12-Mar 4am,2488.2580603982715
1684,4,Tamil Nadu - 2026,12-Mar 4am,2513.6326835650607
1685,1,Tamil Nadu - 2026,12-Mar 5am,2541.5943120702905
1685,2,Tamil Nadu - 2026,12-Mar 5am,2581.959504369996
1685,3,Tamil Nadu - 2026,12-Mar 5am,2634.728260464173
1685,4,Tamil Nadu - 2026,12-Mar 5am,2693.557923095541
1686,1,Tamil Nadu - 2026,12-Mar 6am,2758.4484922640977
1686,2,Tamil Nadu - 2026,12-Mar 6am,2857.639353057515
1686,3,Tamil Nadu - 2026,12-Mar 6am,2991.130505475791
1686,4,Tamil Nadu - 2026,12-Mar 6am,3168.1616492025955
1687,1,Tamil Nadu - 2026,12-Mar 7am,3388.7327842379327
1687,2,Tamil Nadu - 2026,12-Mar 7am,3569.1663273920976
1687,3,Tamil Nadu - 2026,12-Mar 7am,3709.462278665096
1687,4,Tamil Nadu - 2026,12-Mar 7am,3825.2686097048727
1688,1,Tamil Nadu - 2026,12-Mar 8am,3916.5853205114304
1688,2,Tamil Nadu - 2026,12-Mar 8am,3973.2021643867743
1688,3,Tamil Nadu - 2026,12-Mar 8am,3995.119141330905
1688,4,Tamil Nadu - 2026,12-Mar 8am,3971.803373770889
1689,1,Tamil Nadu - 2026,12-Mar 9am,3903.2548617067296
1689,2,Tamil Nadu - 2026,12-Mar 9am,3862.881117274008
1689,3,Tamil Nadu - 2026,12-Mar 9am,3850.682140472724
1689,4,Tamil Nadu - 2026,12-Mar 9am,3860.081880546538
1690,1,Tamil Nadu - 2026,12-Mar 10am,3891.080337495449
1690,2,Tamil Nadu - 2026,12-Mar 10am,3909.726303721928
1690,3,Tamil Nadu - 2026,12-Mar 10am,3916.019779225972
1690,4,Tamil Nadu - 2026,12-Mar 10am,3916.3935795566495
1691,1,Tamil Nadu - 2026,12-Mar 11am,3910.847704713957
1691,2,Tamil Nadu - 2026,12-Mar 11am,3894.736469001041
1691,3,Tamil Nadu - 2026,12-Mar 11am,3868.059872417901
1691,4,Tamil Nadu - 2026,12-Mar 11am,3827.2959538671016
1692,1,Tamil Nadu - 2026,12-Mar 12pm,3772.4447133486474
1692,2,Tamil Nadu - 2026,12-Mar 12pm,3729.2836031439774
1692,3,Tamil Nadu - 2026,12-Mar 12pm,3697.812623253103
1692,4,Tamil Nadu - 2026,12-Mar 12pm,3675.469060254272
1693,1,Tamil Nadu - 2026,12-Mar 1pm,3662.252914147488
1693,2,Tamil Nadu - 2026,12-Mar 1pm,3647.763013181765
1693,3,Tamil Nadu - 2026,12-Mar 1pm,3631.999357357103
1693,4,Tamil Nadu - 2026,12-Mar 1pm,3614.694715313643
1694,1,Tamil Nadu - 2026,12-Mar 2pm,3595.8490870513915
1694,2,Tamil Nadu - 2026,12-Mar 2pm,3587.467032480469
1694,3,Tamil Nadu - 2026,12-Mar 2pm,3589.5485516008785
1694,4,Tamil Nadu - 2026,12-Mar 2pm,3601.7853288672604
1695,1,Tamil Nadu - 2026,12-Mar 3pm,3624.177364279617
1695,2,Tamil Nadu - 2026,12-Mar 3pm,3646.569991199966
1695,3,Tamil Nadu - 2026,12-Mar 3pm,3668.9632096283103
1695,4,Tamil Nadu - 2026,12-Mar 3pm,3693.4994348921055
1696,1,Tamil Nadu - 2026,12-Mar 4pm,3720.178666991358
1696,2,Tamil Nadu - 2026,12-Mar 4pm,3746.3010805992735
1696,3,Tamil Nadu - 2026,12-Mar 4pm,3771.866675715858
1696,4,Tamil Nadu - 2026,12-Mar 4pm,3797.5835766935097
1697,1,Tamil Nadu - 2026,12-Mar 5pm,3823.451783532231
1697,2,Tamil Nadu - 2026,12-Mar 5pm,3847.922375444396
1697,3,Tamil Nadu - 2026,12-Mar 5pm,3870.995352430004
1697,4,Tamil Nadu - 2026,12-Mar 5pm,3892.9604885933695
1698,1,Tamil Nadu - 2026,12-Mar 6pm,3913.817783934499
1698,2,Tamil Nadu - 2026,12-Mar 6pm,3933.377514615112
1698,3,Tamil Nadu - 2026,12-Mar 6pm,3951.639680635211
1698,4,Tamil Nadu - 2026,12-Mar 6pm,3973.985020815178
1699,1,Tamil Nadu - 2026,12-Mar 7pm,4000.4135351550094
1699,2,Tamil Nadu - 2026,12-Mar 7pm,3998.830514570698
1699,3,Tamil Nadu - 2026,12-Mar 7pm,3969.235959062247
1699,4,Tamil Nadu - 2026,12-Mar 7pm,3909.3599912120458
1700,1,Tamil Nadu - 2026,12-Mar 8pm,3819.202611020097
1700,2,Tamil Nadu - 2026,12-Mar 8pm,3744.477792076045
1700,3,Tamil Nadu - 2026,12-Mar 8pm,3685.18553437989
1700,4,Tamil Nadu - 2026,12-Mar 8pm,3637.0940625239664
1701,1,Tamil Nadu - 2026,12-Mar 9pm,3600.203376508272
1701,2,Tamil Nadu - 2026,12-Mar 9pm,3554.1901551891738
1701,3,Tamil Nadu - 2026,12-Mar 9pm,3499.054398566673
1701,4,Tamil Nadu - 2026,12-Mar 9pm,3437.1120697358806
1702,1,Tamil Nadu - 2026,12-Mar 10pm,3368.3631686967965
1702,2,Tamil Nadu - 2026,12-Mar 10pm,3299.235238022384
1702,3,Tamil Nadu - 2026,12-Mar 10pm,3229.7282777126406
1702,4,Tamil Nadu - 2026,12-Mar 10pm,3156.333315568179
1703,1,Tamil Nadu - 2026,12-Mar 11pm,3079.050351588998
1703,2,Tamil Nadu - 2026,12-Mar 11pm,3012.50567639847
1703,3,Tamil Nadu - 2026,12-Mar 11pm,2956.699289996594
1703,4,Tamil Nadu - 2026,12-Mar 11pm,2909.284682015939
1704,1,Tamil Nadu - 2026,13-Mar 12am,2870.261852456501
1704,2,Tamil Nadu - 2026,13-Mar 12am,2839.083572899517
1704,3,Tamil Nadu - 2026,13-Mar 12am,2815.749843344986
1704,4,Tamil Nadu - 2026,13-Mar 12am,2802.094731298996
1705,1,Tamil Nadu - 2026,13-Mar 1am,2798.118236761549
1705,2,Tamil Nadu - 2026,13-Mar 1am,2793.363183114871
1705,3,Tamil Nadu - 2026,13-Mar 1am,2787.829570358961
1705,4,Tamil Nadu - 2026,13-Mar 1am,2784.8690097646195
1706,1,Tamil Nadu - 2026,13-Mar 2am,2784.4815013318457
1706,2,Tamil Nadu - 2026,13-Mar 2am,2777.0145540536178
1706,3,Tamil Nadu - 2026,13-Mar 2am,2762.4681679299347
1706,4,Tamil Nadu - 2026,13-Mar 2am,2738.335776684601
1707,1,Tamil Nadu - 2026,13-Mar 3am,2704.617380317618
1707,2,Tamil Nadu - 2026,13-Mar 3am,2686.0048674931804
1707,3,Tamil Nadu - 2026,13-Mar 3am,2682.498238211292
1707,4,Tamil Nadu - 2026,13-Mar 3am,2693.04951397791
1708,1,Tamil Nadu - 2026,13-Mar 4am,2717.658694793036
1708,2,Tamil Nadu - 2026,13-Mar 4am,2737.921762956701
1708,3,Tamil Nadu - 2026,13-Mar 4am,2753.8387184689054
1708,4,Tamil Nadu - 2026,13-Mar 4am,2764.950823781358
1709,1,Tamil Nadu - 2026,13-Mar 5am,2771.258078894061
1709,2,Tamil Nadu - 2026,13-Mar 5am,2793.9169267967186
1709,3,Tamil Nadu - 2026,13-Mar 5am,2832.92736748933
1709,4,Tamil Nadu - 2026,13-Mar 5am,2881.527626819889
1710,1,Tamil Nadu - 2026,13-Mar 6am,2939.7177047883965
1710,2,Tamil Nadu - 2026,13-Mar 6am,3026.911803317182
1710,3,Tamil Nadu - 2026,13-Mar 6am,3143.109922406248
1710,4,Tamil Nadu - 2026,13-Mar 6am,3299.4105694881728
1711,1,Tamil Nadu - 2026,13-Mar 7am,3495.813744562955
1711,2,Tamil Nadu - 2026,13-Mar 7am,3646.314201112792
1711,3,Tamil Nadu - 2026,13-Mar 7am,3750.911939137685
1711,4,Tamil Nadu - 2026,13-Mar 7am,3823.590115186568
1712,1,Tamil Nadu - 2026,13-Mar 8am,3864.348729259441
1712,2,Tamil Nadu - 2026,13-Mar 8am,3875.2940885805033
1712,3,Tamil Nadu - 2026,13-Mar 8am,3856.426193149755
1712,4,Tamil Nadu - 2026,13-Mar 8am,3790.9009890103007
1713,1,Tamil Nadu - 2026,13-Mar 9am,3678.718476162141
1713,2,Tamil Nadu - 2026,13-Mar 9am,3618.836671122449
1713,3,Tamil Nadu - 2026,13-Mar 9am,3611.255573891224
1713,4,Tamil Nadu - 2026,13-Mar 9am,3654.109278824186
1714,1,Tamil Nadu - 2026,13-Mar 10am,3747.397785921337
1714,2,Tamil Nadu - 2026,13-Mar 10am,3803.358512531184
1714,3,Tamil Nadu - 2026,13-Mar 10am,3821.991458653729
1714,4,Tamil Nadu - 2026,13-Mar 10am,3812.6022428937504
1715,1,Tamil Nadu - 2026,13-Mar 11am,3775.190865251249
1715,2,Tamil Nadu - 2026,13-Mar 11am,3741.686196749029
1715,3,Tamil Nadu - 2026,13-Mar 11am,3712.088237387087
1715,4,Tamil Nadu - 2026,13-Mar 11am,3678.654700612636
1716,1,Tamil Nadu - 2026,13-Mar 12pm,3641.3855864256793
1716,2,Tamil Nadu - 2026,13-Mar 12pm,3614.805743120141
1716,3,Tamil Nadu - 2026,13-Mar 12pm,3598.9151706960206
1716,4,Tamil Nadu - 2026,13-Mar 12pm,3595.3034997581594
1717,1,Tamil Nadu - 2026,13-Mar 1pm,3603.9707303065584
1717,2,Tamil Nadu - 2026,13-Mar 1pm,3600.8542304182506
1717,3,Tamil Nadu - 2026,13-Mar 1pm,3585.954000093243
1717,4,Tamil Nadu - 2026,13-Mar 1pm,3555.781039181948
1718,1,Tamil Nadu - 2026,13-Mar 2pm,3510.335347684368
1718,2,Tamil Nadu - 2026,13-Mar 2pm,3494.613558420965
1718,3,Tamil Nadu - 2026,13-Mar 2pm,3508.615671391738
1718,4,Tamil Nadu - 2026,13-Mar 2pm,3554.8754225029297
1719,1,Tamil Nadu - 2026,13-Mar 3pm,3633.392811754544
1719,2,Tamil Nadu - 2026,13-Mar 3pm,3683.968790888649
1719,3,Tamil Nadu - 2026,13-Mar 3pm,3706.603359905249
1719,4,Tamil Nadu - 2026,13-Mar 3pm,3701.995037451558
1720,1,Tamil Nadu - 2026,13-Mar 4pm,3670.143823527578
1720,2,Tamil Nadu - 2026,13-Mar 4pm,3667.0576545079216
1720,3,Tamil Nadu - 2026,13-Mar 4pm,3692.736530392584
1720,4,Tamil Nadu - 2026,13-Mar 4pm,3746.5219915719135
1721,1,Tamil Nadu - 2026,13-Mar 5pm,3828.4140380459153
1721,2,Tamil Nadu - 2026,13-Mar 5pm,3886.355491097881
1721,3,Tamil Nadu - 2026,13-Mar 5pm,3920.346350727816
1721,4,Tamil Nadu - 2026,13-Mar 5pm,3933.584120128389
1722,1,Tamil Nadu - 2026,13-Mar 6pm,3926.0687992996
1722,2,Tamil Nadu - 2026,13-Mar 6pm,3930.672547802133
1722,3,Tamil Nadu - 2026,13-Mar 6pm,3947.3953656359895
1722,4,Tamil Nadu - 2026,13-Mar 6pm,3979.113287262278
1723,1,Tamil Nadu - 2026,13-Mar 7pm,4025.826312680995
1723,2,Tamil Nadu - 2026,13-Mar 7pm,4037.4060755648143
1723,3,Tamil Nadu - 2026,13-Mar 7pm,4013.852575913735
1723,4,Tamil Nadu - 2026,13-Mar 7pm,3955.045035840455
1724,1,Tamil Nadu - 2026,13-Mar 8pm,3860.983455344971
1724,2,Tamil Nadu - 2026,13-Mar 8pm,3782.520868078438
1724,3,Tamil Nadu - 2026,13-Mar 8pm,3719.657274040852
1724,4,Tamil Nadu - 2026,13-Mar 8pm,3666.2684025357394
1725,1,Tamil Nadu - 2026,13-Mar 9pm,3622.3542535631022
1725,2,Tamil Nadu - 2026,13-Mar 9pm,3573.8074176506416
1725,3,Tamil Nadu - 2026,13-Mar 9pm,3520.627894798357
1725,4,Tamil Nadu - 2026,13-Mar 9pm,3465.530433987899
1726,1,Tamil Nadu - 2026,13-Mar 10pm,3408.515035219272
1726,2,Tamil Nadu - 2026,13-Mar 10pm,3347.40061407486
1726,3,Tamil Nadu - 2026,13-Mar 10pm,3282.187170554669
1726,4,Tamil Nadu - 2026,13-Mar 10pm,3209.7171801511986
1727,1,Tamil Nadu - 2026,13-Mar 11pm,3129.990642864449
1727,2,Tamil Nadu - 2026,13-Mar 11pm,3064.13379015701
1727,3,Tamil Nadu - 2026,13-Mar 11pm,3012.1466220288794
1727,4,Tamil Nadu - 2026,13-Mar 11pm,2973.648944949661
1728,1,Tamil Nadu - 2026,14-Mar 12am,2948.640758919356
1728,2,Tamil Nadu - 2026,14-Mar 12am,2918.276993657756
1728,3,Tamil Nadu - 2026,14-Mar 12am,2882.557649164861
1728,4,Tamil Nadu - 2026,14-Mar 12am,2841.474598258028
1729,1,Tamil Nadu - 2026,14-Mar 1am,2795.027840937256
1729,2,Tamil Nadu - 2026,14-Mar 1am,2762.1112105786087
1729,3,Tamil Nadu - 2026,14-Mar 1am,2742.724707182084
1729,4,Tamil Nadu - 2026,14-Mar 1am,2737.476241302052
1730,1,Tamil Nadu - 2026,14-Mar 2am,2746.3658129385094
1730,2,Tamil Nadu - 2026,14-Mar 2am,2746.852125389195
1730,3,Tamil Nadu - 2026,14-Mar 2am,2738.935178654108
1730,4,Tamil Nadu - 2026,14-Mar 2am,2724.336883018188
1731,1,Tamil Nadu - 2026,14-Mar 3am,2703.0572384814327
1731,2,Tamil Nadu - 2026,14-Mar 3am,2687.306080036476
1731,3,Tamil Nadu - 2026,14-Mar 3am,2677.083407683318
1731,4,Tamil Nadu - 2026,14-Mar 3am,2668.3232737987737
1732,1,Tamil Nadu - 2026,14-Mar 4am,2661.0256783828445
1732,2,Tamil Nadu - 2026,14-Mar 4am,2667.3764721820016
1732,3,Tamil Nadu - 2026,14-Mar 4am,2687.3756551962438
1732,4,Tamil Nadu - 2026,14-Mar 4am,2721.8121942389107
1733,1,Tamil Nadu - 2026,14-Mar 5am,2770.6860893100047
1733,2,Tamil Nadu - 2026,14-Mar 5am,2817.0776887830098
1733,3,Tamil Nadu - 2026,14-Mar 5am,2860.9869926579254
1733,4,Tamil Nadu - 2026,14-Mar 5am,2899.39922924906
1734,1,Tamil Nadu - 2026,14-Mar 6am,2932.3143985564134
1734,2,Tamil Nadu - 2026,14-Mar 6am,2994.740782320652
1734,3,Tamil Nadu - 2026,14-Mar 6am,3086.678380541772
1734,4,Tamil Nadu - 2026,14-Mar 6am,3216.146438581162
1735,1,Tamil Nadu - 2026,14-Mar 7am,3383.1449564388213
1735,2,Tamil Nadu - 2026,14-Mar 7am,3504.5501802057715
1735,3,Tamil Nadu - 2026,14-Mar 7am,3580.36210988201
1735,4,Tamil Nadu - 2026,14-Mar 7am,3613.942753473397
1736,1,Tamil Nadu - 2026,14-Mar 8am,3605.292110979931
1736,2,Tamil Nadu - 2026,14-Mar 8am,3617.361888275451
1736,3,Tamil Nadu - 2026,14-Mar 8am,3650.152085359961
1736,4,Tamil Nadu - 2026,14-Mar 8am,3698.413915384656
1737,1,Tamil Nadu - 2026,14-Mar 9am,3762.1473783495344
1737,2,Tamil Nadu - 2026,14-Mar 9am,3809.893489473586
1737,3,Tamil Nadu - 2026,14-Mar 9am,3841.652248756816
1737,4,Tamil Nadu - 2026,14-Mar 9am,3862.176883420064
1738,1,Tamil Nadu - 2026,14-Mar 10am,3871.467393463337
1738,2,Tamil Nadu - 2026,14-Mar 10am,3872.463400342561
1738,3,Tamil Nadu - 2026,14-Mar 10am,3865.164904057741
1738,4,Tamil Nadu - 2026,14-Mar 10am,3846.6643021363625
1739,1,Tamil Nadu - 2026,14-Mar 11am,3816.961594578426
1739,2,Tamil Nadu - 2026,14-Mar 11am,3790.562774763076
1739,3,Tamil Nadu - 2026,14-Mar 11am,3767.467842690315
1739,4,Tamil Nadu - 2026,14-Mar 11am,3745.097787968184
1740,1,Tamil Nadu - 2026,14-Mar 12pm,3723.452610596679
1740,2,Tamil Nadu - 2026,14-Mar 12pm,3703.500379548424
1740,3,Tamil Nadu - 2026,14-Mar 12pm,3685.241094823418
1740,4,Tamil Nadu - 2026,14-Mar 12pm,3670.085915031481
1741,1,Tamil Nadu - 2026,14-Mar 1pm,3658.034840172612
1741,2,Tamil Nadu - 2026,14-Mar 1pm,3639.652849615281
1741,3,Tamil Nadu - 2026,14-Mar 1pm,3614.939943359487
1741,4,Tamil Nadu - 2026,14-Mar 1pm,3581.77236685262
1742,1,Tamil Nadu - 2026,14-Mar 2pm,3540.1501200946823
1742,2,Tamil Nadu - 2026,14-Mar 2pm,3512.2507510328637
1742,3,Tamil Nadu - 2026,14-Mar 2pm,3498.07425966716
1742,4,Tamil Nadu - 2026,14-Mar 2pm,3493.6148692052952
1743,1,Tamil Nadu - 2026,14-Mar 3pm,3498.8725796472704
1743,2,Tamil Nadu - 2026,14-Mar 3pm,3515.7045037995654
1743,3,Tamil Nadu - 2026,14-Mar 3pm,3544.110641662181
1743,4,Tamil Nadu - 2026,14-Mar 3pm,3589.542274890983
1744,1,Tamil Nadu - 2026,14-Mar 4pm,3651.999403485972
1744,2,Tamil Nadu - 2026,14-Mar 4pm,3696.917224705476
1744,3,Tamil Nadu - 2026,14-Mar 4pm,3724.2957385494938
1744,4,Tamil Nadu - 2026,14-Mar 4pm,3734.4076332590594
1745,1,Tamil Nadu - 2026,14-Mar 5pm,3727.252908834177
1745,2,Tamil Nadu - 2026,14-Mar 5pm,3735.760238570296
1745,3,Tamil Nadu - 2026,14-Mar 5pm,3759.929622467416
1745,4,Tamil Nadu - 2026,14-Mar 5pm,3800.107230128111
1746,1,Tamil Nadu - 2026,14-Mar 6pm,3856.293061552381
1746,2,Tamil Nadu - 2026,14-Mar 6pm,3893.481425829329
1746,3,Tamil Nadu - 2026,14-Mar 6pm,3911.6723229589534
1746,4,Tamil Nadu - 2026,14-Mar 6pm,3917.453189659336
1747,1,Tamil Nadu - 2026,14-Mar 7pm,3910.824025930476
1747,2,Tamil Nadu - 2026,14-Mar 7pm,3887.265902374783
1747,3,Tamil Nadu - 2026,14-Mar 7pm,3846.778818992263
1747,4,Tamil Nadu - 2026,14-Mar 7pm,3784.641252702479
1748,1,Tamil Nadu - 2026,14-Mar 8pm,3700.8532035054313
1748,2,Tamil Nadu - 2026,14-Mar 8pm,3628.2627392813065
1748,3,Tamil Nadu - 2026,14-Mar 8pm,3566.869860030107
1748,4,Tamil Nadu - 2026,14-Mar 8pm,3512.584197183155
1749,1,Tamil Nadu - 2026,14-Mar 9pm,3465.40575074045
1749,2,Tamil Nadu - 2026,14-Mar 9pm,3417.0286642338583
1749,3,Tamil Nadu - 2026,14-Mar 9pm,3367.452937663385
1749,4,Tamil Nadu - 2026,14-Mar 9pm,3319.052647362307
1750,1,Tamil Nadu - 2026,14-Mar 10pm,3271.827793330628
1750,2,Tamil Nadu - 2026,14-Mar 10pm,3219.8397740367905
1750,3,Tamil Nadu - 2026,14-Mar 10pm,3163.088589480794
1750,4,Tamil Nadu - 2026,14-Mar 10pm,3099.613843151789
1751,1,Tamil Nadu - 2026,14-Mar 11pm,3029.415535049776
1751,2,Tamil Nadu - 2026,14-Mar 11pm,2970.194645771413
1751,3,Tamil Nadu - 2026,14-Mar 11pm,2921.951175316702
1751,4,Tamil Nadu - 2026,14-Mar 11pm,2883.538643862109
1752,1,Tamil Nadu - 2026,15-Mar 12am,2854.957051407637
1752,2,Tamil Nadu - 2026,15-Mar 12am,2825.3842962978083
1752,3,Tamil Nadu - 2026,15-Mar 12am,2794.8203785326214
1752,4,Tamil Nadu - 2026,15-Mar 12am,2764.2982737619323
1753,1,Tamil Nadu - 2026,15-Mar 1am,2733.8179819857414
1753,2,Tamil Nadu - 2026,15-Mar 1am,2708.003750960393
1753,3,Tamil Nadu - 2026,15-Mar 1am,2686.855580685888
1753,4,Tamil Nadu - 2026,15-Mar 1am,2669.432686367978
1754,1,Tamil Nadu - 2026,15-Mar 2am,2655.735068006665
1754,2,Tamil Nadu - 2026,15-Mar 2am,2646.783186611077
1754,3,Tamil Nadu - 2026,15-Mar 2am,2642.577042181213
1754,4,Tamil Nadu - 2026,15-Mar 2am,2644.234703201045
1755,1,Tamil Nadu - 2026,15-Mar 3am,2651.756169670572
1755,2,Tamil Nadu - 2026,15-Mar 3am,2657.412569676841
1755,3,Tamil Nadu - 2026,15-Mar 3am,2661.203903219857
1755,4,Tamil Nadu - 2026,15-Mar 3am,2661.7173574327303
1756,1,Tamil Nadu - 2026,15-Mar 4am,2658.952932315464
1756,2,Tamil Nadu - 2026,15-Mar 4am,2669.1163769823143
1756,3,Tamil Nadu - 2026,15-Mar 4am,2692.207691433281
1756,4,Tamil Nadu - 2026,15-Mar 4am,2729.0729992689407
1757,1,Tamil Nadu - 2026,15-Mar 5am,2779.7123004892906
1757,2,Tamil Nadu - 2026,15-Mar 5am,2822.843104376628
1757,3,Tamil Nadu - 2026,15-Mar 5am,2858.465410930955
1757,4,Tamil Nadu - 2026,15-Mar 5am,2886.339184203127
1758,1,Tamil Nadu - 2026,15-Mar 6am,2906.4644241931437
1758,2,Tamil Nadu - 2026,15-Mar 6am,2941.563837313571
1758,3,Tamil Nadu - 2026,15-Mar 6am,2991.637423564408
1758,4,Tamil Nadu - 2026,15-Mar 6am,3059.684314928878
1759,1,Tamil Nadu - 2026,15-Mar 7am,3145.704511406981
1759,2,Tamil Nadu - 2026,15-Mar 7am,3208.980514686813
1759,3,Tamil Nadu - 2026,15-Mar 7am,3249.5123247683714
1759,4,Tamil Nadu - 2026,15-Mar 7am,3271.9126491378347
1760,1,Tamil Nadu - 2026,15-Mar 8am,3276.1814877952
1760,2,Tamil Nadu - 2026,15-Mar 8am,3275.3600941353307
1760,3,Tamil Nadu - 2026,15-Mar 8am,3269.4484681582267
1760,4,Tamil Nadu - 2026,15-Mar 8am,3258.0899499112425
1761,1,Tamil Nadu - 2026,15-Mar 9am,3241.284539394379
1761,2,Tamil Nadu - 2026,15-Mar 9am,3208.1309429286466
1761,3,Tamil Nadu - 2026,15-Mar 9am,3158.629160514045
1761,4,Tamil Nadu - 2026,15-Mar 9am,3089.4353571629285
1762,1,Tamil Nadu - 2026,15-Mar 10am,3000.5495328752936
1762,2,Tamil Nadu - 2026,15-Mar 10am,2922.9359912560208
1762,3,Tamil Nadu - 2026,15-Mar 10am,2856.5947323051146
1762,4,Tamil Nadu - 2026,15-Mar 10am,2797.4297435635717
1763,1,Tamil Nadu - 2026,15-Mar 11am,2745.4410250313904
1763,2,Tamil Nadu - 2026,15-Mar 11am,2694.2403478577
1763,3,Tamil Nadu - 2026,15-Mar 11am,2643.8277120424978
1763,4,Tamil Nadu - 2026,15-Mar 11am,2594.230915068412
1764,1,Tamil Nadu - 2026,15-Mar 12pm,2545.4499569354407
1764,2,Tamil Nadu - 2026,15-Mar 12pm,2503.706281598705
1764,3,Tamil Nadu - 2026,15-Mar 12pm,2468.999889058205
1764,4,Tamil Nadu - 2026,15-Mar 12pm,2441.4538724076497
1765,1,Tamil Nadu - 2026,15-Mar 1pm,2421.0682316470416
1765,2,Tamil Nadu - 2026,15-Mar 1pm,2400.882964258996
1765,3,Tamil Nadu - 2026,15-Mar 1pm,2380.8980702435124
1765,4,Tamil Nadu - 2026,15-Mar 1pm,2359.9007338504503
1766,1,Tamil Nadu - 2026,15-Mar 2pm,2337.890955079808
1766,2,Tamil Nadu - 2026,15-Mar 2pm,2329.1056309498217
1766,3,Tamil Nadu - 2026,15-Mar 2pm,2333.5447614604927
1766,4,Tamil Nadu - 2026,15-Mar 2pm,2350.758652509877
1767,1,Tamil Nadu - 2026,15-Mar 3pm,2380.7473040979744
1767,2,Tamil Nadu - 2026,15-Mar 3pm,2411.9719838182104
1767,3,Tamil Nadu - 2026,15-Mar 3pm,2444.432691670585
1767,4,Tamil Nadu - 2026,15-Mar 3pm,2482.59802041323
1768,1,Tamil Nadu - 2026,15-Mar 4pm,2526.467970046145
1768,2,Tamil Nadu - 2026,15-Mar 4pm,2560.769716427118
1768,3,Tamil Nadu - 2026,15-Mar 4pm,2585.5032595561484
1768,4,Tamil Nadu - 2026,15-Mar 4pm,2597.239053970588
1769,1,Tamil Nadu - 2026,15-Mar 5pm,2595.9770996704387
1769,2,Tamil Nadu - 2026,15-Mar 5pm,2617.5674935737893
1769,3,Tamil Nadu - 2026,15-Mar 5pm,2662.0102356806383
1769,4,Tamil Nadu - 2026,15-Mar 5pm,2731.925171075133
1770,1,Tamil Nadu - 2026,15-Mar 6pm,2827.312299757275
1770,2,Tamil Nadu - 2026,15-Mar 6pm,2896.6024543040844
1770,3,Tamil Nadu - 2026,15-Mar 6pm,2939.795634715562
1770,4,Tamil Nadu - 2026,15-Mar 6pm,2964.499611223078
1771,1,Tamil Nadu - 2026,15-Mar 7pm,2970.7143838266297
1771,2,Tamil Nadu - 2026,15-Mar 7pm,2964.362498560977
1771,3,Tamil Nadu - 2026,15-Mar 7pm,2945.4439554261194
1771,4,Tamil Nadu - 2026,15-Mar 7pm,2907.999162186274
1772,1,Tamil Nadu - 2026,15-Mar 8pm,2852.028118841441
1772,2,Tamil Nadu - 2026,15-Mar 8pm,2807.365832771564
1772,3,Tamil Nadu - 2026,15-Mar 8pm,2774.0123039766413
1772,4,Tamil Nadu - 2026,15-Mar 8pm,2749.483744410353
1773,1,Tamil Nadu - 2026,15-Mar 9pm,2733.780154072702
1773,2,Tamil Nadu - 2026,15-Mar 9pm,2711.969253861656
1773,3,Tamil Nadu - 2026,15-Mar 9pm,2684.051043777215
1773,4,Tamil Nadu - 2026,15-Mar 9pm,2652.3295482884264
1774,1,Tamil Nadu - 2026,15-Mar 10pm,2616.8047673952897
1774,2,Tamil Nadu - 2026,15-Mar 10pm,2578.5848333855547
1774,3,Tamil Nadu - 2026,15-Mar 10pm,2537.669746259221
1774,4,Tamil Nadu - 2026,15-Mar 10pm,2491.5806529599336
1775,1,Tamil Nadu - 2026,15-Mar 11pm,2440.317553487689
1775,2,Tamil Nadu - 2026,15-Mar 11pm,2397.6454338928825
1775,3,Tamil Nadu - 2026,15-Mar 11pm,2363.564294175512
1775,4,Tamil Nadu - 2026,15-Mar 11pm,2336.3927184439167
1776,1,Tamil Nadu - 2026,16-Mar 12am,2316.130706698098
1776,2,Tamil Nadu - 2026,16-Mar 12am,2299.101768237625
1776,3,Tamil Nadu - 2026,16-Mar 12am,2285.305903062498
1776,4,Tamil Nadu - 2026,16-Mar 12am,2276.9016220017797
1777,1,Tamil Nadu - 2026,16-Mar 1am,2273.888925055469
1777,2,Tamil Nadu - 2026,16-Mar 1am,2266.9932379496245
1777,3,Tamil Nadu - 2026,16-Mar 1am,2256.2145606842464
1777,4,Tamil Nadu - 2026,16-Mar 1am,2241.443276310661
1778,1,Tamil Nadu - 2026,16-Mar 2am,2222.679384828868
1778,2,Tamil Nadu - 2026,16-Mar 2am,2209.8551622048503
1778,3,Tamil Nadu - 2026,16-Mar 2am,2202.970608438608
1778,4,Tamil Nadu - 2026,16-Mar 2am,2201.204844527673
1779,1,Tamil Nadu - 2026,16-Mar 3am,2204.557870472047
1779,2,Tamil Nadu - 2026,16-Mar 3am,2208.0226843205505
1779,3,Tamil Nadu - 2026,16-Mar 3am,2211.599286073187
1779,4,Tamil Nadu - 2026,16-Mar 3am,2215.190159134216
1780,1,Tamil Nadu - 2026,16-Mar 4am,2218.79530350364
1780,2,Tamil Nadu - 2026,16-Mar 4am,2228.006820707059
1780,3,Tamil Nadu - 2026,16-Mar 4am,2242.824710744473
1780,4,Tamil Nadu - 2026,16-Mar 4am,2262.873165044828
1781,1,Tamil Nadu - 2026,16-Mar 5am,2288.1521836081256
1781,2,Tamil Nadu - 2026,16-Mar 5am,2315.324516335086
1781,3,Tamil Nadu - 2026,16-Mar 5am,2344.390163225715
1781,4,Tamil Nadu - 2026,16-Mar 5am,2372.9831368310734
1782,1,Tamil Nadu - 2026,16-Mar 6am,2401.1034371511623
1782,2,Tamil Nadu - 2026,16-Mar 6am,2446.284238978863
1782,3,Tamil Nadu - 2026,16-Mar 6am,2508.5255423141766
1782,4,Tamil Nadu - 2026,16-Mar 6am,2591.586781555798
1783,1,Tamil Nadu - 2026,16-Mar 7am,2695.467956703727
1783,2,Tamil Nadu - 2026,16-Mar 7am,2780.079286572913
1783,3,Tamil Nadu - 2026,16-Mar 7am,2845.420771163356
1783,4,Tamil Nadu - 2026,16-Mar 7am,2895.8519855600034
1784,1,Tamil Nadu - 2026,16-Mar 8am,2931.372929762856
1784,2,Tamil Nadu - 2026,16-Mar 8am,2965.9159344472782
1784,3,Tamil Nadu - 2026,16-Mar 8am,2999.48099961327
1784,4,Tamil Nadu - 2026,16-Mar 8am,3030.610136176595
1785,1,Tamil Nadu - 2026,16-Mar 9am,3059.303344137252
1785,2,Tamil Nadu - 2026,16-Mar 9am,3080.376227325295
1785,3,Tamil Nadu - 2026,16-Mar 9am,3093.8287857407245
1785,4,Tamil Nadu - 2026,16-Mar 9am,3102.711642796728
1786,1,Tamil Nadu - 2026,16-Mar 10am,3107.024798493305
1786,2,Tamil Nadu - 2026,16-Mar 10am,3093.6489085212725
1786,3,Tamil Nadu - 2026,16-Mar 10am,3062.5839728806304
1786,4,Tamil Nadu - 2026,16-Mar 10am,3009.5423201047915
1787,1,Tamil Nadu - 2026,16-Mar 11am,2934.523950193758
1787,2,Tamil Nadu - 2026,16-Mar 11am,2876.3742362562266
1787,3,Tamil Nadu - 2026,16-Mar 11am,2835.093178292197
1787,4,Tamil Nadu - 2026,16-Mar 11am,2805.738635257818
1788,1,Tamil Nadu - 2026,16-Mar 12pm,2788.310607153091
1788,2,Tamil Nadu - 2026,16-Mar 12pm,2773.616567132418
1788,3,Tamil Nadu - 2026,16-Mar 12pm,2761.6565151958
1788,4,Tamil Nadu - 2026,16-Mar 12pm,2755.8663105186915
1789,1,Tamil Nadu - 2026,16-Mar 1pm,2756.245953101092
1789,2,Tamil Nadu - 2026,16-Mar 1pm,2751.37281473587
1789,3,Tamil Nadu - 2026,16-Mar 1pm,2741.2468954230267
1789,4,Tamil Nadu - 2026,16-Mar 1pm,2724.6043367400102
1790,1,Tamil Nadu - 2026,16-Mar 2pm,2701.4451386868186
1790,2,Tamil Nadu - 2026,16-Mar 2pm,2690.775080005895
1790,3,Tamil Nadu - 2026,16-Mar 2pm,2692.594160697238
1790,4,Tamil Nadu - 2026,16-Mar 2pm,2705.3356206100484
1791,1,Tamil Nadu - 2026,16-Mar 3pm,2728.9994597443283
1791,2,Tamil Nadu - 2026,16-Mar 3pm,2753.9804602624263
1791,3,Tamil Nadu - 2026,16-Mar 3pm,2780.2786221643423
1791,4,Tamil Nadu - 2026,16-Mar 3pm,2813.8914578289027
1792,1,Tamil Nadu - 2026,16-Mar 4pm,2854.8189672561075
1792,2,Tamil Nadu - 2026,16-Mar 4pm,2876.681294010651
1792,3,Tamil Nadu - 2026,16-Mar 4pm,2879.478438092531
1792,4,Tamil Nadu - 2026,16-Mar 4pm,2860.01130064071
1793,1,Tamil Nadu - 2026,16-Mar 5pm,2818.2798816551917
1793,2,Tamil Nadu - 2026,16-Mar 5pm,2799.8586307375026
1793,3,Tamil Nadu - 2026,16-Mar 5pm,2804.747547887645
1793,4,Tamil Nadu - 2026,16-Mar 5pm,2829.4939397196604
1794,1,Tamil Nadu - 2026,16-Mar 6pm,2874.097806233552
1794,2,Tamil Nadu - 2026,16-Mar 6pm,2913.700858143525
1794,3,Tamil Nadu - 2026,16-Mar 6pm,2948.30309544958
1794,4,Tamil Nadu - 2026,16-Mar 6pm,2987.1682401733437
1795,1,Tamil Nadu - 2026,16-Mar 7pm,3030.296292314815
1795,2,Tamil Nadu - 2026,16-Mar 7pm,3046.963209030032
1795,3,Tamil Nadu - 2026,16-Mar 7pm,3037.168990318992
1795,4,Tamil Nadu - 2026,16-Mar 7pm,2998.8715083361603
1796,1,Tamil Nadu - 2026,16-Mar 8pm,2932.070763081537
1796,2,Tamil Nadu - 2026,16-Mar 8pm,2879.743564472298
1796,3,Tamil Nadu - 2026,16-Mar 8pm,2841.8899125084463
1796,4,Tamil Nadu - 2026,16-Mar 8pm,2814.1957599377183
1797,1,Tamil Nadu - 2026,16-Mar 9pm,2796.661106760117
1797,2,Tamil Nadu - 2026,16-Mar 9pm,2772.193426572021
1797,3,Tamil Nadu - 2026,16-Mar 9pm,2740.7927193734345
1797,4,Tamil Nadu - 2026,16-Mar 9pm,2704.912747294427
1798,1,Tamil Nadu - 2026,16-Mar 10pm,2664.5535103350003
1798,2,Tamil Nadu - 2026,16-Mar 10pm,2622.0849621183406
1798,3,Tamil Nadu - 2026,16-Mar 10pm,2577.507102644446
1798,4,Tamil Nadu - 2026,16-Mar 10pm,2527.394424902214
1799,1,Tamil Nadu - 2026,16-Mar 11pm,2471.7469288916427
1799,2,Tamil Nadu - 2026,16-Mar 11pm,2428.747703056183
1799,3,Tamil Nadu - 2026,16-Mar 11pm,2398.3967473958364
1799,4,Tamil Nadu - 2026,16-Mar 11pm,2380.288620656338
1800,1,Tamil Nadu - 2026,17-Mar 12am,2374.4233228376875
1800,2,Tamil Nadu - 2026,17-Mar 12am,2365.0504130220165
1800,3,Tamil Nadu - 2026,17-Mar 12am,2352.169891209326
1800,4,Tamil Nadu - 2026,17-Mar 12am,2337.5163729309697
1801,1,Tamil Nadu - 2026,17-Mar 1am,2321.089858186945
1801,2,Tamil Nadu - 2026,17-Mar 1am,2308.233094707004
1801,3,Tamil Nadu - 2026,17-Mar 1am,2298.9460824911475
1801,4,Tamil Nadu - 2026,17-Mar 1am,2293.750964614904
1802,1,Tamil Nadu - 2026,17-Mar 2am,2292.647741078276
1802,2,Tamil Nadu - 2026,17-Mar 2am,2287.160805698325
1802,3,Tamil Nadu - 2026,17-Mar 2am,2277.2901584750525
1802,4,Tamil Nadu - 2026,17-Mar 2am,2262.521294748347
1803,1,Tamil Nadu - 2026,17-Mar 3am,2242.85421451821
1803,2,Tamil Nadu - 2026,17-Mar 3am,2229.85155192824
1803,3,Tamil Nadu - 2026,17-Mar 3am,2223.513306978439
1803,4,Tamil Nadu - 2026,17-Mar 3am,2221.600926575111
1804,1,Tamil Nadu - 2026,17-Mar 4am,2224.114410718259
1804,2,Tamil Nadu - 2026,17-Mar 4am,2232.9224438264364
1804,3,Tamil Nadu - 2026,17-Mar 4am,2248.0250258996434
1804,4,Tamil Nadu - 2026,17-Mar 4am,2270.758119555661
1805,1,Tamil Nadu - 2026,17-Mar 5am,2301.121724794489
1805,2,Tamil Nadu - 2026,17-Mar 5am,2329.23138149089
1805,3,Tamil Nadu - 2026,17-Mar 5am,2355.087089644861
1805,4,Tamil Nadu - 2026,17-Mar 5am,2375.8698040697595
1806,1,Tamil Nadu - 2026,17-Mar 6am,2391.579524765587
1806,2,Tamil Nadu - 2026,17-Mar 6am,2429.014982977441
1806,3,Tamil Nadu - 2026,17-Mar 6am,2488.176178705323
1806,4,Tamil Nadu - 2026,17-Mar 6am,2570.91931355165
1807,1,Tamil Nadu - 2026,17-Mar 7am,2677.244387516422
1807,2,Tamil Nadu - 2026,17-Mar 7am,2769.215459740033
1807,3,Tamil Nadu - 2026,17-Mar 7am,2846.8325302224835
1807,4,Tamil Nadu - 2026,17-Mar 7am,2916.58762252106
1808,1,Tamil Nadu - 2026,17-Mar 8am,2978.480736635764
1808,2,Tamil Nadu - 2026,17-Mar 8am,3031.4956720824684
1808,3,Tamil Nadu - 2026,17-Mar 8am,3075.6324288611736
1808,4,Tamil Nadu - 2026,17-Mar 8am,3115.381162420594
1809,1,Tamil Nadu - 2026,17-Mar 9am,3150.741872760732
1809,2,Tamil Nadu - 2026,17-Mar 9am,3155.7898276734186
1809,3,Tamil Nadu - 2026,17-Mar 9am,3130.525027158658
1809,4,Tamil Nadu - 2026,17-Mar 9am,3066.823272407191
1810,1,Tamil Nadu - 2026,17-Mar 10am,2964.6845634190204
1810,2,Tamil Nadu - 2026,17-Mar 10am,2898.778825257842
1810,3,Tamil Nadu - 2026,17-Mar 10am,2869.106057923658
1810,4,Tamil Nadu - 2026,17-Mar 10am,2870.590553399479
1811,1,Tamil Nadu - 2026,17-Mar 11am,2903.2323116853017
1811,2,Tamil Nadu - 2026,17-Mar 11am,2922.8156558193677
1811,3,Tamil Nadu - 2026,17-Mar 11am,2929.340585801677
1811,4,Tamil Nadu - 2026,17-Mar 11am,2930.201446693654
1812,1,Tamil Nadu - 2026,17-Mar 12pm,2925.398238495301
1812,2,Tamil Nadu - 2026,17-Mar 12pm,2914.780567799819
1812,3,Tamil Nadu - 2026,17-Mar 12pm,2898.3484346072087
1812,4,Tamil Nadu - 2026,17-Mar 12pm,2874.3027590976712
1813,1,Tamil Nadu - 2026,17-Mar 1pm,2842.6435412712044
1813,2,Tamil Nadu - 2026,17-Mar 1pm,2814.315653453408
1813,3,Tamil Nadu - 2026,17-Mar 1pm,2789.3190956442813
1813,4,Tamil Nadu - 2026,17-Mar 1pm,2763.0817096311075
1814,1,Tamil Nadu - 2026,17-Mar 2pm,2735.603495413887
1814,2,Tamil Nadu - 2026,17-Mar 2pm,2723.372529943324
1814,3,Tamil Nadu - 2026,17-Mar 2pm,2726.388813219418
1814,4,Tamil Nadu - 2026,17-Mar 2pm,2742.635161423372
1815,1,Tamil Nadu - 2026,17-Mar 3pm,2772.111574555185
1815,2,Tamil Nadu - 2026,17-Mar 3pm,2810.4330785769416
1815,3,Tamil Nadu - 2026,17-Mar 3pm,2857.5996734886403
1815,4,Tamil Nadu - 2026,17-Mar 3pm,2920.3756733792334
1816,1,Tamil Nadu - 2026,17-Mar 4pm,2998.7610782487204
1816,2,Tamil Nadu - 2026,17-Mar 4pm,3056.554977601307
1816,3,Tamil Nadu - 2026,17-Mar 4pm,3093.7573714369923
1816,4,Tamil Nadu - 2026,17-Mar 4pm,3109.5365727129806
1817,1,Tamil Nadu - 2026,17-Mar 5pm,3103.892581429273
1817,2,Tamil Nadu - 2026,17-Mar 5pm,3118.016430338434
1817,3,Tamil Nadu - 2026,17-Mar 5pm,3151.9081194404635
1817,4,Tamil Nadu - 2026,17-Mar 5pm,3206.012868791829
1818,1,Tamil Nadu - 2026,17-Mar 6pm,3280.330678392536
1818,2,Tamil Nadu - 2026,17-Mar 6pm,3330.999195151199
1818,3,Tamil Nadu - 2026,17-Mar 6pm,3358.018419067816
1818,4,Tamil Nadu - 2026,17-Mar 6pm,3367.3717073884486
1819,1,Tamil Nadu - 2026,17-Mar 7pm,3359.059060113094
1819,2,Tamil Nadu - 2026,17-Mar 7pm,3341.0426868567897
1819,3,Tamil Nadu - 2026,17-Mar 7pm,3313.3225876195343
1819,4,Tamil Nadu - 2026,17-Mar 7pm,3271.3356654105824
1820,1,Tamil Nadu - 2026,17-Mar 8pm,3215.081920229938
1820,2,Tamil Nadu - 2026,17-Mar 8pm,3163.9777244070247
1820,3,Tamil Nadu - 2026,17-Mar 8pm,3118.023077941845
1820,4,Tamil Nadu - 2026,17-Mar 8pm,3073.687277421193
1821,1,Tamil Nadu - 2026,17-Mar 9pm,3030.970322845073
1821,2,Tamil Nadu - 2026,17-Mar 9pm,2991.640062363272
1821,3,Tamil Nadu - 2026,17-Mar 9pm,2955.6964959757897
1821,4,Tamil Nadu - 2026,17-Mar 9pm,2925.3231188158643
1822,1,Tamil Nadu - 2026,17-Mar 10pm,2900.519930883494
1822,2,Tamil Nadu - 2026,17-Mar 10pm,2866.4181132294675
1822,3,Tamil Nadu - 2026,17-Mar 10pm,2823.017665853785
1822,4,Tamil Nadu - 2026,17-Mar 10pm,2768.0442900332537
1823,1,Tamil Nadu - 2026,17-Mar 11pm,2701.4979857678745
1823,2,Tamil Nadu - 2026,17-Mar 11pm,2651.8933643460105
1823,3,Tamil Nadu - 2026,17-Mar 11pm,2619.2304257676624
1823,4,Tamil Nadu - 2026,17-Mar 11pm,2602.018224118452
1824,1,Tamil Nadu - 2026,18-Mar 12am,2600.256759398382
1824,2,Tamil Nadu - 2026,18-Mar 12am,2594.3770958053483
1824,3,Tamil Nadu - 2026,18-Mar 12am,2584.379233339353
1824,4,Tamil Nadu - 2026,18-Mar 12am,2572.596911456917
1825,1,Tamil Nadu - 2026,18-Mar 1am,2559.030130158044
1825,2,Tamil Nadu - 2026,18-Mar 1am,2549.2453885056902
1825,3,Tamil Nadu - 2026,18-Mar 1am,2543.242686499856
1825,4,Tamil Nadu - 2026,18-Mar 1am,2541.2917948364093
1826,1,Tamil Nadu - 2026,18-Mar 2am,2543.39271351535
1826,2,Tamil Nadu - 2026,18-Mar 2am,2542.360319298514
1826,3,Tamil Nadu - 2026,18-Mar 2am,2538.194612185901
1826,4,Tamil Nadu - 2026,18-Mar 2am,2531.572355000236
1827,1,Tamil Nadu - 2026,18-Mar 3am,2522.493547741517
1827,2,Tamil Nadu - 2026,18-Mar 3am,2514.0827367115703
1827,3,Tamil Nadu - 2026,18-Mar 3am,2506.339921910395
1827,4,Tamil Nadu - 2026,18-Mar 3am,2496.483793636517
1828,1,Tamil Nadu - 2026,18-Mar 4am,2484.514351889939
1828,2,Tamil Nadu - 2026,18-Mar 4am,2483.994908577673
1828,3,Tamil Nadu - 2026,18-Mar 4am,2494.9254636997243
1828,4,Tamil Nadu - 2026,18-Mar 4am,2517.865275832663
1829,1,Tamil Nadu - 2026,18-Mar 5am,2552.8143449764893
1829,2,Tamil Nadu - 2026,18-Mar 5am,2582.8538077647445
1829,3,Tamil Nadu - 2026,18-Mar 5am,2607.983664197427
1829,4,Tamil Nadu - 2026,18-Mar 5am,2624.678183061339
1830,1,Tamil Nadu - 2026,18-Mar 6am,2632.9373643564822
1830,2,Tamil Nadu - 2026,18-Mar 6am,2670.8344587285
1830,3,Tamil Nadu - 2026,18-Mar 6am,2738.3694661773925
1830,4,Tamil Nadu - 2026,18-Mar 6am,2840.188710737625
1831,1,Tamil Nadu - 2026,18-Mar 7am,2976.292192409197
1831,2,Tamil Nadu - 2026,18-Mar 7am,3080.728716339678
1831,3,Tamil Nadu - 2026,18-Mar 7am,3153.498282529071
1831,4,Tamil Nadu - 2026,18-Mar 7am,3201.510808722055
1832,1,Tamil Nadu - 2026,18-Mar 8am,3224.766294918632
1832,2,Tamil Nadu - 2026,18-Mar 8am,3247.756429503145
1832,3,Tamil Nadu - 2026,18-Mar 8am,3270.4812124755963
1832,4,Tamil Nadu - 2026,18-Mar 8am,3289.946063102628
1833,1,Tamil Nadu - 2026,18-Mar 9am,3306.1509813842413
1833,2,Tamil Nadu - 2026,18-Mar 9am,3312.5717633362283
1833,3,Tamil Nadu - 2026,18-Mar 9am,3309.20840895859
1833,4,Tamil Nadu - 2026,18-Mar 9am,3301.358846320941
1834,1,Tamil Nadu - 2026,18-Mar 10am,3289.0230754232816
1834,2,Tamil Nadu - 2026,18-Mar 10am,3246.9377318321303
1834,3,Tamil Nadu - 2026,18-Mar 10am,3175.102815547488
1834,4,Tamil Nadu - 2026,18-Mar 10am,3058.3663771971005
1835,1,Tamil Nadu - 2026,18-Mar 11am,2896.7284167809703
1835,2,Tamil Nadu - 2026,18-Mar 11am,2806.3639949660883
1835,3,Tamil Nadu - 2026,18-Mar 11am,2787.273111752452
1835,4,Tamil Nadu - 2026,18-Mar 11am,2839.5144765004884
1836,1,Tamil Nadu - 2026,18-Mar 12pm,2963.088089210196
1836,2,Tamil Nadu - 2026,18-Mar 12pm,3041.466633052035
1836,3,Tamil Nadu - 2026,18-Mar 12pm,3074.6501080260027
1836,4,Tamil Nadu - 2026,18-Mar 12pm,3076.815169711767
1837,1,Tamil Nadu - 2026,18-Mar 1pm,3047.9618181093256
1837,2,Tamil Nadu - 2026,18-Mar 1pm,3019.557436570235
1837,3,Tamil Nadu - 2026,18-Mar 1pm,2991.6020250944944
1837,4,Tamil Nadu - 2026,18-Mar 1pm,2953.168720225946
1838,1,Tamil Nadu - 2026,18-Mar 2pm,2904.257521964591
1838,2,Tamil Nadu - 2026,18-Mar 2pm,2878.9622276958185
1838,3,Tamil Nadu - 2026,18-Mar 2pm,2877.2828374196283
1838,4,Tamil Nadu - 2026,18-Mar 2pm,2896.7474129199622
1839,1,Tamil Nadu - 2026,18-Mar 3pm,2937.3559541968184
1839,2,Tamil Nadu - 2026,18-Mar 3pm,2979.8462931611625
1839,3,Tamil Nadu - 2026,18-Mar 3pm,3024.2184298129964
1839,4,Tamil Nadu - 2026,18-Mar 3pm,3079.789322829022
1840,1,Tamil Nadu - 2026,18-Mar 4pm,3146.5589722092377
1840,2,Tamil Nadu - 2026,18-Mar 4pm,3187.8877939824647
1840,3,Tamil Nadu - 2026,18-Mar 4pm,3203.775788148699
1840,4,Tamil Nadu - 2026,18-Mar 4pm,3190.5374456595987
1841,1,Tamil Nadu - 2026,18-Mar 5pm,3148.1727665151616
1841,2,Tamil Nadu - 2026,18-Mar 5pm,3135.434388976651
1841,3,Tamil Nadu - 2026,18-Mar 5pm,3152.3223130440674
1841,4,Tamil Nadu - 2026,18-Mar 5pm,3195.780531464119
1842,1,Tamil Nadu - 2026,18-Mar 6pm,3265.8090442368066
1842,2,Tamil Nadu - 2026,18-Mar 6pm,3321.9912566206085
1842,3,Tamil Nadu - 2026,18-Mar 6pm,3364.3271686155263
1842,4,Tamil Nadu - 2026,18-Mar 6pm,3404.182530527058
1843,1,Tamil Nadu - 2026,18-Mar 7pm,3441.557342355204
1843,2,Tamil Nadu - 2026,18-Mar 7pm,3448.673697008485
1843,3,Tamil Nadu - 2026,18-Mar 7pm,3425.5315944869026
1843,4,Tamil Nadu - 2026,18-Mar 7pm,3366.447366149408
1844,1,Tamil Nadu - 2026,18-Mar 8pm,3271.421011995999
1844,2,Tamil Nadu - 2026,18-Mar 8pm,3202.332450964447
1844,3,Tamil Nadu - 2026,18-Mar 8pm,3159.181683054755
1844,4,Tamil Nadu - 2026,18-Mar 8pm,3137.7148539847985
1845,1,Tamil Nadu - 2026,18-Mar 9pm,3137.931963754581
1845,2,Tamil Nadu - 2026,18-Mar 9pm,3123.476219119052
1845,3,Tamil Nadu - 2026,18-Mar 9pm,3094.3476200782143
1845,4,Tamil Nadu - 2026,18-Mar 9pm,3053.694197048154
1846,1,Tamil Nadu - 2026,18-Mar 10pm,3001.5159500288687
1846,2,Tamil Nadu - 2026,18-Mar 10pm,2955.281489768897
1846,3,Tamil Nadu - 2026,18-Mar 10pm,2914.9908162682354
1846,4,Tamil Nadu - 2026,18-Mar 10pm,2878.2817439339983
1847,1,Tamil Nadu - 2026,18-Mar 11pm,2845.154272766188
1847,2,Tamil Nadu - 2026,18-Mar 11pm,2812.312905573584
1847,3,Tamil Nadu - 2026,18-Mar 11pm,2779.7576423561877
1847,4,Tamil Nadu - 2026,18-Mar 11pm,2746.145179304042
1848,1,Tamil Nadu - 2026,19-Mar 12am,2711.4755164171456
1848,2,Tamil Nadu - 2026,19-Mar 12am,2687.103973746469
1848,3,Tamil Nadu - 2026,19-Mar 12am,2673.030551292012
1848,4,Tamil Nadu - 2026,19-Mar 12am,2670.0199585443725
1849,1,Tamil Nadu - 2026,19-Mar 1am,2678.0721955035506
1849,2,Tamil Nadu - 2026,19-Mar 1am,2681.243685174993
1849,3,Tamil Nadu - 2026,19-Mar 1am,2679.534427558702
1849,4,Tamil Nadu - 2026,19-Mar 1am,2675.549691762753
1850,1,Tamil Nadu - 2026,19-Mar 2am,2669.2894777871466
1850,2,Tamil Nadu - 2026,19-Mar 2am,2661.0657479779734
1850,3,Tamil Nadu - 2026,19-Mar 2am,2650.878502335235
1850,4,Tamil Nadu - 2026,19-Mar 2am,2636.8062718996457
1851,1,Tamil Nadu - 2026,19-Mar 3am,2618.8490566712053
1851,2,Tamil Nadu - 2026,19-Mar 3am,2608.223708059536
1851,3,Tamil Nadu - 2026,19-Mar 3am,2604.93022606464
1851,4,Tamil Nadu - 2026,19-Mar 3am,2607.507009204619
1852,1,Tamil Nadu - 2026,19-Mar 4am,2615.954057479474
1852,2,Tamil Nadu - 2026,19-Mar 4am,2627.82412837096
1852,3,Tamil Nadu - 2026,19-Mar 4am,2643.117221879075
1852,4,Tamil Nadu - 2026,19-Mar 4am,2661.4845922704903
1853,1,Tamil Nadu - 2026,19-Mar 5am,2682.9262395452074
1853,2,Tamil Nadu - 2026,19-Mar 5am,2711.981880621443
1853,3,Tamil Nadu - 2026,19-Mar 5am,2748.6515154991957
1853,4,Tamil Nadu - 2026,19-Mar 5am,2784.590364334154
1854,1,Tamil Nadu - 2026,19-Mar 6am,2819.7984271263167
1854,2,Tamil Nadu - 2026,19-Mar 6am,2899.804666023343
1854,3,Tamil Nadu - 2026,19-Mar 6am,3024.609081025232
1854,4,Tamil Nadu - 2026,19-Mar 6am,3206.4478258251083
1855,1,Tamil Nadu - 2026,19-Mar 7am,3445.3209004229752
1855,2,Tamil Nadu - 2026,19-Mar 7am,3622.2824205124166
1855,3,Tamil Nadu - 2026,19-Mar 7am,3737.332386093432
1855,4,Tamil Nadu - 2026,19-Mar 7am,3804.574292971176
1856,1,Tamil Nadu - 2026,19-Mar 8am,3824.008141145644
1856,2,Tamil Nadu - 2026,19-Mar 8am,3829.958840092341
1856,3,Tamil Nadu - 2026,19-Mar 8am,3822.426389811272
1856,4,Tamil Nadu - 2026,19-Mar 8am,3786.966628950743
1857,1,Tamil Nadu - 2026,19-Mar 9am,3723.57955751075
1857,2,Tamil Nadu - 2026,19-Mar 9am,3684.605234125952
1857,3,Tamil Nadu - 2026,19-Mar 9am,3670.043658796352
1857,4,Tamil Nadu - 2026,19-Mar 9am,3678.251549566945
1858,1,Tamil Nadu - 2026,19-Mar 10am,3709.2289064377337
1858,2,Tamil Nadu - 2026,19-Mar 10am,3720.495362504063
1858,3,Tamil Nadu - 2026,19-Mar 10am,3712.050917765937
1858,4,Tamil Nadu - 2026,19-Mar 10am,3685.9148132922674
1859,1,Tamil Nadu - 2026,19-Mar 11am,3642.087049083052
1859,2,Tamil Nadu - 2026,19-Mar 11am,3610.9325456294655
1859,3,Tamil Nadu - 2026,19-Mar 11am,3592.451302931508
1859,4,Tamil Nadu - 2026,19-Mar 11am,3585.1691023559742
1860,1,Tamil Nadu - 2026,19-Mar 12pm,3589.085943902868
1860,2,Tamil Nadu - 2026,19-Mar 12pm,3582.682218880229
1860,3,Tamil Nadu - 2026,19-Mar 12pm,3565.957927288057
1860,4,Tamil Nadu - 2026,19-Mar 12pm,3538.903909928845
1861,1,Tamil Nadu - 2026,19-Mar 1pm,3501.520166802595
1861,2,Tamil Nadu - 2026,19-Mar 1pm,3475.3812617862936
1861,3,Tamil Nadu - 2026,19-Mar 1pm,3460.48719487994
1861,4,Tamil Nadu - 2026,19-Mar 1pm,3452.511376531171
1862,1,Tamil Nadu - 2026,19-Mar 2pm,3451.453806739989
1862,2,Tamil Nadu - 2026,19-Mar 2pm,3461.699458943573
1862,3,Tamil Nadu - 2026,19-Mar 2pm,3483.248333141923
1862,4,Tamil Nadu - 2026,19-Mar 2pm,3518.918401174514
1863,1,Tamil Nadu - 2026,19-Mar 3pm,3568.70966304135
1863,2,Tamil Nadu - 2026,19-Mar 3pm,3611.329314268384
1863,3,Tamil Nadu - 2026,19-Mar 3pm,3646.77735485562
1863,4,Tamil Nadu - 2026,19-Mar 3pm,3674.943667834646
1864,1,Tamil Nadu - 2026,19-Mar 4pm,3695.828253205465
1864,2,Tamil Nadu - 2026,19-Mar 4pm,3731.384617252572
1864,3,Tamil Nadu - 2026,19-Mar 4pm,3781.612759975973
1864,4,Tamil Nadu - 2026,19-Mar 4pm,3848.734369565991
1865,1,Tamil Nadu - 2026,19-Mar 5pm,3932.7494460226258
1865,2,Tamil Nadu - 2026,19-Mar 5pm,3998.3743539194206
1865,3,Tamil Nadu - 2026,19-Mar 5pm,4045.609093256373
1865,4,Tamil Nadu - 2026,19-Mar 5pm,4078.597106801581
1866,1,Tamil Nadu - 2026,19-Mar 6pm,4097.338394555044
1866,2,Tamil Nadu - 2026,19-Mar 6pm,4112.255935334638
1866,3,Tamil Nadu - 2026,19-Mar 6pm,4123.349729140363
1866,4,Tamil Nadu - 2026,19-Mar 6pm,4132.605940969955
1867,1,Tamil Nadu - 2026,19-Mar 7pm,4140.02457082341
1867,2,Tamil Nadu - 2026,19-Mar 7pm,4123.265649896451
1867,3,Tamil Nadu - 2026,19-Mar 7pm,4082.3291781890784
1867,4,Tamil Nadu - 2026,19-Mar 7pm,4013.1906010910607
1868,1,Tamil Nadu - 2026,19-Mar 8pm,3915.849918602396
1868,2,Tamil Nadu - 2026,19-Mar 8pm,3836.794427188762
1868,3,Tamil Nadu - 2026,19-Mar 8pm,3776.024126850156
1868,4,Tamil Nadu - 2026,19-Mar 8pm,3729.611527358686
1869,1,Tamil Nadu - 2026,19-Mar 9pm,3697.556628714352
1869,2,Tamil Nadu - 2026,19-Mar 9pm,3656.937075818842
1869,3,Tamil Nadu - 2026,19-Mar 9pm,3607.752868672158
1869,4,Tamil Nadu - 2026,19-Mar 9pm,3552.4334267946488
1870,1,Tamil Nadu - 2026,19-Mar 10pm,3490.978750186311
1870,2,Tamil Nadu - 2026,19-Mar 10pm,3431.734676823369
1870,3,Tamil Nadu - 2026,19-Mar 10pm,3374.7012067058254
1870,4,Tamil Nadu - 2026,19-Mar 10pm,3316.705366284495
1871,1,Tamil Nadu - 2026,19-Mar 11pm,3257.74715555938
1871,2,Tamil Nadu - 2026,19-Mar 11pm,3208.5185778493515
1871,3,Tamil Nadu - 2026,19-Mar 11pm,3169.019633154409
1871,4,Tamil Nadu - 2026,19-Mar 11pm,3137.97463343686
1872,1,Tamil Nadu - 2026,20-Mar 12am,3115.3835786967084
1872,2,Tamil Nadu - 2026,20-Mar 12am,3098.208593841224
1872,3,Tamil Nadu - 2026,20-Mar 12am,3086.4496788704064
1872,4,Tamil Nadu - 2026,20-Mar 12am,3082.988148591662
1873,1,Tamil Nadu - 2026,20-Mar 1am,3087.8240030049865
1873,2,Tamil Nadu - 2026,20-Mar 1am,3086.707228358692
1873,3,Tamil Nadu - 2026,20-Mar 1am,3079.637824652776
1873,4,Tamil Nadu - 2026,20-Mar 1am,3067.6309439835445
1874,1,Tamil Nadu - 2026,20-Mar 2am,3050.686586350998
1874,2,Tamil Nadu - 2026,20-Mar 2am,3036.9638529289946
1874,3,Tamil Nadu - 2026,20-Mar 2am,3026.462743717535
1874,4,Tamil Nadu - 2026,20-Mar 2am,3018.516817002472
1875,1,Tamil Nadu - 2026,20-Mar 3am,3013.126072783804
1875,2,Tamil Nadu - 2026,20-Mar 3am,3006.1300601725598
1875,3,Tamil Nadu - 2026,20-Mar 3am,2997.528779168736
1875,4,Tamil Nadu - 2026,20-Mar 3am,2984.9250878749003
1876,1,Tamil Nadu - 2026,20-Mar 4am,2968.318986291056
1876,2,Tamil Nadu - 2026,20-Mar 4am,2966.253776690765
1876,3,Tamil Nadu - 2026,20-Mar 4am,2978.72945907403
1876,4,Tamil Nadu - 2026,20-Mar 4am,3005.0177779441497
1877,1,Tamil Nadu - 2026,20-Mar 5am,3045.1187333011253
1877,2,Tamil Nadu - 2026,20-Mar 5am,3084.8585558515856
1877,3,Tamil Nadu - 2026,20-Mar 5am,3124.2372455955315
1877,4,Tamil Nadu - 2026,20-Mar 5am,3156.2054652517577
1878,1,Tamil Nadu - 2026,20-Mar 6am,3180.763214820266
1878,2,Tamil Nadu - 2026,20-Mar 6am,3254.380287281648
1878,3,Tamil Nadu - 2026,20-Mar 6am,3377.056682635907
1878,4,Tamil Nadu - 2026,20-Mar 6am,3561.14981526218
1879,1,Tamil Nadu - 2026,20-Mar 7am,3806.659685160465
1879,2,Tamil Nadu - 2026,20-Mar 7am,3982.972013075336
1879,3,Tamil Nadu - 2026,20-Mar 7am,4090.08679900679
1879,4,Tamil Nadu - 2026,20-Mar 7am,4142.201502757408
1880,1,Tamil Nadu - 2026,20-Mar 8am,4139.3161243271925
1880,2,Tamil Nadu - 2026,20-Mar 8am,4126.860184156095
1880,3,Tamil Nadu - 2026,20-Mar 8am,4104.833682244118
1880,4,Tamil Nadu - 2026,20-Mar 8am,4062.500009272593
1881,1,Tamil Nadu - 2026,20-Mar 9am,3999.859165241523
1881,2,Tamil Nadu - 2026,20-Mar 9am,3935.901285622946
1881,3,Tamil Nadu - 2026,20-Mar 9am,3870.626370416864
1881,4,Tamil Nadu - 2026,20-Mar 9am,3795.623178718668
1882,1,Tamil Nadu - 2026,20-Mar 10am,3710.891710528354
1882,2,Tamil Nadu - 2026,20-Mar 10am,3647.909275801539
1882,3,Tamil Nadu - 2026,20-Mar 10am,3606.675874538225
1882,4,Tamil Nadu - 2026,20-Mar 10am,3586.3731391318825
1883,1,Tamil Nadu - 2026,20-Mar 11am,3587.001069582511
1883,2,Tamil Nadu - 2026,20-Mar 11am,3581.992561573669
1883,3,Tamil Nadu - 2026,20-Mar 11am,3571.347615105357
1883,4,Tamil Nadu - 2026,20-Mar 11am,3560.9487537384643
1884,1,Tamil Nadu - 2026,20-Mar 12pm,3550.79597747299
1884,2,Tamil Nadu - 2026,20-Mar 12pm,3532.161249260052
1884,3,Tamil Nadu - 2026,20-Mar 12pm,3505.044569099653
1884,4,Tamil Nadu - 2026,20-Mar 12pm,3467.778204167306
1885,1,Tamil Nadu - 2026,20-Mar 1pm,3420.362154463014
1885,2,Tamil Nadu - 2026,20-Mar 1pm,3381.53085398255
1885,3,Tamil Nadu - 2026,20-Mar 1pm,3351.284302725916
1885,4,Tamil Nadu - 2026,20-Mar 1pm,3323.56268882852
1886,1,Tamil Nadu - 2026,20-Mar 2pm,3298.366012290365
1886,2,Tamil Nadu - 2026,20-Mar 2pm,3293.3187103032
1886,3,Tamil Nadu - 2026,20-Mar 2pm,3308.4207828670283
1886,4,Tamil Nadu - 2026,20-Mar 2pm,3343.7244945394064
1887,1,Tamil Nadu - 2026,20-Mar 3pm,3399.229845320338
1887,2,Tamil Nadu - 2026,20-Mar 3pm,3456.9988106727083
1887,3,Tamil Nadu - 2026,20-Mar 3pm,3517.031390596522
1887,4,Tamil Nadu - 2026,20-Mar 3pm,3581.8699534104308
1888,1,Tamil Nadu - 2026,20-Mar 4pm,3651.514499114438
1888,2,Tamil Nadu - 2026,20-Mar 4pm,3728.648842333712
1888,3,Tamil Nadu - 2026,20-Mar 4pm,3813.272983068253
1888,4,Tamil Nadu - 2026,20-Mar 4pm,3910.8136754835978
1889,1,Tamil Nadu - 2026,20-Mar 5pm,4021.2709195797465
1889,2,Tamil Nadu - 2026,20-Mar 5pm,4109.400375738309
1889,3,Tamil Nadu - 2026,20-Mar 5pm,4175.202043959284
1889,4,Tamil Nadu - 2026,20-Mar 5pm,4224.46666072266
1890,1,Tamil Nadu - 2026,20-Mar 6pm,4257.194226028431
1890,2,Tamil Nadu - 2026,20-Mar 6pm,4273.884660615081
1890,3,Tamil Nadu - 2026,20-Mar 6pm,4274.537964482611
1890,4,Tamil Nadu - 2026,20-Mar 6pm,4258.033148873878
1891,1,Tamil Nadu - 2026,20-Mar 7pm,4224.370213788886
1891,2,Tamil Nadu - 2026,20-Mar 7pm,4179.775171031998
1891,3,Tamil Nadu - 2026,20-Mar 7pm,4124.248020603216
1891,4,Tamil Nadu - 2026,20-Mar 7pm,4052.1965945759
1892,1,Tamil Nadu - 2026,20-Mar 8pm,3963.620892950049
1892,2,Tamil Nadu - 2026,20-Mar 8pm,3885.84791148114
1892,3,Tamil Nadu - 2026,20-Mar 8pm,3818.8776501691727
1892,4,Tamil Nadu - 2026,20-Mar 8pm,3760.2735453996393
1893,1,Tamil Nadu - 2026,20-Mar 9pm,3710.035597172536
1893,2,Tamil Nadu - 2026,20-Mar 9pm,3655.4561914194455
1893,3,Tamil Nadu - 2026,20-Mar 9pm,3596.535328140368
1893,4,Tamil Nadu - 2026,20-Mar 9pm,3534.132883267651
1894,1,Tamil Nadu - 2026,20-Mar 10pm,3468.2488568012955
1894,2,Tamil Nadu - 2026,20-Mar 10pm,3406.4316072156303
1894,3,Tamil Nadu - 2026,20-Mar 10pm,3348.681134510656
1894,4,Tamil Nadu - 2026,20-Mar 10pm,3293.388401472418
1895,1,Tamil Nadu - 2026,20-Mar 11pm,3240.553408100919
1895,2,Tamil Nadu - 2026,20-Mar 11pm,3192.2820192055424
1895,3,Tamil Nadu - 2026,20-Mar 11pm,3148.574234786285
1895,4,Tamil Nadu - 2026,20-Mar 11pm,3107.990337907253
1896,1,Tamil Nadu - 2026,21-Mar 12am,3070.530328568444
1896,2,Tamil Nadu - 2026,21-Mar 12am,3042.7266435758606
1896,3,Tamil Nadu - 2026,21-Mar 12am,3024.579282929508
1896,4,Tamil Nadu - 2026,21-Mar 12am,3017.7037449261893
1897,1,Tamil Nadu - 2026,21-Mar 1am,3022.100029565909
1897,2,Tamil Nadu - 2026,21-Mar 1am,3021.5427102618064
1897,3,Tamil Nadu - 2026,21-Mar 1am,3016.031787013885
1897,4,Tamil Nadu - 2026,21-Mar 1am,3007.155473158399
1898,1,Tamil Nadu - 2026,21-Mar 2am,2994.913768695352
1898,2,Tamil Nadu - 2026,21-Mar 2am,2986.0028201940527
1898,3,Tamil Nadu - 2026,21-Mar 2am,2980.422627654504
1898,4,Tamil Nadu - 2026,21-Mar 2am,2977.250783456092
1899,1,Tamil Nadu - 2026,21-Mar 3am,2976.487287598818
1899,2,Tamil Nadu - 2026,21-Mar 3am,2976.9704392370463
1899,3,Tamil Nadu - 2026,21-Mar 3am,2978.7002383707736
1899,4,Tamil Nadu - 2026,21-Mar 3am,2981.7820347933625
1900,1,Tamil Nadu - 2026,21-Mar 4am,2986.215828504816
1900,2,Tamil Nadu - 2026,21-Mar 4am,2992.531221590597
1900,3,Tamil Nadu - 2026,21-Mar 4am,3000.728214050708
1900,4,Tamil Nadu - 2026,21-Mar 4am,3008.0047358538795
1901,1,Tamil Nadu - 2026,21-Mar 5am,3014.3607870001124
1901,2,Tamil Nadu - 2026,21-Mar 5am,3036.079185591552
1901,3,Tamil Nadu - 2026,21-Mar 5am,3073.159931628194
1901,4,Tamil Nadu - 2026,21-Mar 5am,3117.530095780141
1902,1,Tamil Nadu - 2026,21-Mar 6am,3169.189678047396
1902,2,Tamil Nadu - 2026,21-Mar 6am,3260.2934363072054
1902,3,Tamil Nadu - 2026,21-Mar 6am,3390.841370559571
1902,4,Tamil Nadu - 2026,21-Mar 6am,3574.915515085828
1903,1,Tamil Nadu - 2026,21-Mar 7am,3812.51586988598
1903,2,Tamil Nadu - 2026,21-Mar 7am,3986.995471394745
1903,3,Tamil Nadu - 2026,21-Mar 7am,4098.354319612122
1903,4,Tamil Nadu - 2026,21-Mar 7am,4160.424339107153
1904,1,Tamil Nadu - 2026,21-Mar 8am,4173.205529879833
1904,2,Tamil Nadu - 2026,21-Mar 8am,4170.353308081225
1904,3,Tamil Nadu - 2026,21-Mar 8am,4151.867673711333
1904,4,Tamil Nadu - 2026,21-Mar 8am,4106.0934883276095
1905,1,Tamil Nadu - 2026,21-Mar 9am,4033.030751930056
1905,2,Tamil Nadu - 2026,21-Mar 9am,3968.954879022873
1905,3,Tamil Nadu - 2026,21-Mar 9am,3913.865869606056
1905,4,Tamil Nadu - 2026,21-Mar 9am,3860.258499441015
1906,1,Tamil Nadu - 2026,21-Mar 10am,3808.132768527745
1906,2,Tamil Nadu - 2026,21-Mar 10am,3766.244607793613
1906,3,Tamil Nadu - 2026,21-Mar 10am,3734.594017238622
1906,4,Tamil Nadu - 2026,21-Mar 10am,3714.4086064400185
1907,1,Tamil Nadu - 2026,21-Mar 11am,3705.6883753978
1907,2,Tamil Nadu - 2026,21-Mar 11am,3692.3117357211154
1907,3,Tamil Nadu - 2026,21-Mar 11am,3674.278687409965
1907,4,Tamil Nadu - 2026,21-Mar 11am,3655.0212014711183
1908,1,Tamil Nadu - 2026,21-Mar 12pm,3634.539277904581
1908,2,Tamil Nadu - 2026,21-Mar 12pm,3608.3626790605567
1908,3,Tamil Nadu - 2026,21-Mar 12pm,3576.491404939048
1908,4,Tamil Nadu - 2026,21-Mar 12pm,3537.126638095815
1909,1,Tamil Nadu - 2026,21-Mar 1pm,3490.2683785308564
1909,2,Tamil Nadu - 2026,21-Mar 1pm,3451.179768559401
1909,3,Tamil Nadu - 2026,21-Mar 1pm,3419.8608081814496
1909,4,Tamil Nadu - 2026,21-Mar 1pm,3389.0810447282925
1910,1,Tamil Nadu - 2026,21-Mar 2pm,3358.840478199929
1910,2,Tamil Nadu - 2026,21-Mar 2pm,3357.2586822933954
1910,3,Tamil Nadu - 2026,21-Mar 2pm,3384.3356570086944
1910,4,Tamil Nadu - 2026,21-Mar 2pm,3444.0351824979807
1911,1,Tamil Nadu - 2026,21-Mar 3pm,3536.357258761253
1911,2,Tamil Nadu - 2026,21-Mar 3pm,3609.399631188551
1911,3,Tamil Nadu - 2026,21-Mar 3pm,3663.162299779875
1911,4,Tamil Nadu - 2026,21-Mar 3pm,3698.99081027032
1912,1,Tamil Nadu - 2026,21-Mar 4pm,3716.8851626598857
1912,2,Tamil Nadu - 2026,21-Mar 4pm,3760.6743371479656
1912,3,Tamil Nadu - 2026,21-Mar 4pm,3830.3583337345626
1912,4,Tamil Nadu - 2026,21-Mar 4pm,3929.7821664575863
1913,1,Tamil Nadu - 2026,21-Mar 5pm,4058.94583531704
1913,2,Tamil Nadu - 2026,21-Mar 5pm,4150.950275886052
1913,3,Tamil Nadu - 2026,21-Mar 5pm,4205.795488164624
1913,4,Tamil Nadu - 2026,21-Mar 5pm,4228.4784006322825
1914,1,Tamil Nadu - 2026,21-Mar 6pm,4218.999013289023
1914,2,Tamil Nadu - 2026,21-Mar 6pm,4214.274819684574
1914,3,Tamil Nadu - 2026,21-Mar 6pm,4214.305819818937
1914,4,Tamil Nadu - 2026,21-Mar 6pm,4217.970347207465
1915,1,Tamil Nadu - 2026,21-Mar 7pm,4225.268401850158
1915,2,Tamil Nadu - 2026,21-Mar 7pm,4206.012489105179
1915,3,Tamil Nadu - 2026,21-Mar 7pm,4160.202608972531
1915,4,Tamil Nadu - 2026,21-Mar 7pm,4085.266500072132
1916,1,Tamil Nadu - 2026,21-Mar 8pm,3981.2041624039775
1916,2,Tamil Nadu - 2026,21-Mar 8pm,3893.636658890394
1916,3,Tamil Nadu - 2026,21-Mar 8pm,3822.56398953138
1916,4,Tamil Nadu - 2026,21-Mar 8pm,3762.515189174249
1917,1,Tamil Nadu - 2026,21-Mar 9pm,3713.490257819004
1917,2,Tamil Nadu - 2026,21-Mar 9pm,3662.693923459433
1917,3,Tamil Nadu - 2026,21-Mar 9pm,3610.126186095538
1917,4,Tamil Nadu - 2026,21-Mar 9pm,3558.5396326260257
1918,1,Tamil Nadu - 2026,21-Mar 10pm,3507.9342630508936
1918,2,Tamil Nadu - 2026,21-Mar 10pm,3454.5898279841067
1918,3,Tamil Nadu - 2026,21-Mar 10pm,3398.506327425665
1918,4,Tamil Nadu - 2026,21-Mar 10pm,3337.519581539334
1919,1,Tamil Nadu - 2026,21-Mar 11pm,3271.6295903251143
1919,2,Tamil Nadu - 2026,21-Mar 11pm,3217.541682186445
1919,3,Tamil Nadu - 2026,21-Mar 11pm,3175.255857123325
1919,4,Tamil Nadu - 2026,21-Mar 11pm,3143.542870365115
1920,1,Tamil Nadu - 2026,22-Mar 12am,3122.402721911818
1920,2,Tamil Nadu - 2026,22-Mar 12am,3102.505551983818
1920,3,Tamil Nadu - 2026,22-Mar 12am,3083.851360581115
1920,4,Tamil Nadu - 2026,22-Mar 12am,3068.490365523249
1921,1,Tamil Nadu - 2026,22-Mar 1am,3056.4225668102213
1921,2,Tamil Nadu - 2026,22-Mar 1am,3044.676517304399
1921,3,Tamil Nadu - 2026,22-Mar 1am,3033.25221700578
1921,4,Tamil Nadu - 2026,22-Mar 1am,3022.8586988795987
1922,1,Tamil Nadu - 2026,22-Mar 2am,3013.495962925856
1922,2,Tamil Nadu - 2026,22-Mar 2am,3003.8812584907823
1922,3,Tamil Nadu - 2026,22-Mar 2am,2994.0145855743785
1922,4,Tamil Nadu - 2026,22-Mar 2am,2983.0381930089834
1923,1,Tamil Nadu - 2026,22-Mar 3am,2970.9520807945974
1923,2,Tamil Nadu - 2026,22-Mar 3am,2964.1855065909517
1923,3,Tamil Nadu - 2026,22-Mar 3am,2962.738470398044
1923,4,Tamil Nadu - 2026,22-Mar 3am,2967.193942216408
1924,1,Tamil Nadu - 2026,22-Mar 4am,2977.551922046044
1924,2,Tamil Nadu - 2026,22-Mar 4am,2983.8853322240197
1924,3,Tamil Nadu - 2026,22-Mar 4am,2986.194172750335
1924,4,Tamil Nadu - 2026,22-Mar 4am,2980.6285729796023
1925,1,Tamil Nadu - 2026,22-Mar 5am,2967.1885329118218
1925,2,Tamil Nadu - 2026,22-Mar 5am,2978.900354082248
1925,3,Tamil Nadu - 2026,22-Mar 5am,3015.7640364908825
1925,4,Tamil Nadu - 2026,22-Mar 5am,3069.117076515047
1926,1,Tamil Nadu - 2026,22-Mar 6am,3138.9594741547426
1926,2,Tamil Nadu - 2026,22-Mar 6am,3244.239949610768
1926,3,Tamil Nadu - 2026,22-Mar 6am,3384.958502883128
1926,4,Tamil Nadu - 2026,22-Mar 6am,3578.272073351361
1927,1,Tamil Nadu - 2026,22-Mar 7am,3824.1806610154704
1927,2,Tamil Nadu - 2026,22-Mar 7am,4000.793909397397
1927,3,Tamil Nadu - 2026,22-Mar 7am,4108.111818497144
1927,4,Tamil Nadu - 2026,22-Mar 7am,4163.013611089989
1928,1,Tamil Nadu - 2026,22-Mar 8am,4165.499287175938
1928,2,Tamil Nadu - 2026,22-Mar 8am,4136.183866581346
1928,3,Tamil Nadu - 2026,22-Mar 8am,4075.0673493062186
1928,4,Tamil Nadu - 2026,22-Mar 8am,3960.2794969364986
1929,1,Tamil Nadu - 2026,22-Mar 9am,3791.820309472188
1929,2,Tamil Nadu - 2026,22-Mar 9am,3680.2961975712506
1929,3,Tamil Nadu - 2026,22-Mar 9am,3625.7071612336895
1929,4,Tamil Nadu - 2026,22-Mar 9am,3622.196331722872
1930,1,Tamil Nadu - 2026,22-Mar 10am,3669.7637090387993
1930,2,Tamil Nadu - 2026,22-Mar 10am,3692.944094943294
1930,3,Tamil Nadu - 2026,22-Mar 10am,3691.737489436358
1930,4,Tamil Nadu - 2026,22-Mar 10am,3674.704706581548
1931,1,Tamil Nadu - 2026,22-Mar 11am,3641.845746378863
1931,2,Tamil Nadu - 2026,22-Mar 11am,3617.260922685141
1931,3,Tamil Nadu - 2026,22-Mar 11am,3600.950235500384
1931,4,Tamil Nadu - 2026,22-Mar 11am,3591.673095435611
1932,1,Tamil Nadu - 2026,22-Mar 12pm,3589.429502490816
1932,2,Tamil Nadu - 2026,22-Mar 12pm,3577.562679143069
1932,3,Tamil Nadu - 2026,22-Mar 12pm,3556.072625392373
1932,4,Tamil Nadu - 2026,22-Mar 12pm,3523.675192973742
1933,1,Tamil Nadu - 2026,22-Mar 1pm,3480.370381887182
1933,2,Tamil Nadu - 2026,22-Mar 1pm,3450.5198592455054
1933,3,Tamil Nadu - 2026,22-Mar 1pm,3434.123625048712
1933,4,Tamil Nadu - 2026,22-Mar 1pm,3428.256133818602
1934,1,Tamil Nadu - 2026,22-Mar 2pm,3432.917385555177
1934,2,Tamil Nadu - 2026,22-Mar 2pm,3441.2989860148145
1934,3,Tamil Nadu - 2026,22-Mar 2pm,3453.4009351975124
1934,4,Tamil Nadu - 2026,22-Mar 2pm,3468.4326932324952
1935,1,Tamil Nadu - 2026,22-Mar 3pm,3486.3942601197664
1935,2,Tamil Nadu - 2026,22-Mar 3pm,3518.8372693276
1935,3,Tamil Nadu - 2026,22-Mar 3pm,3565.761720855998
1935,4,Tamil Nadu - 2026,22-Mar 3pm,3626.5567496966346
1936,1,Tamil Nadu - 2026,22-Mar 4pm,3701.222355849509
1936,2,Tamil Nadu - 2026,22-Mar 4pm,3781.8720958963054
1936,3,Tamil Nadu - 2026,22-Mar 4pm,3868.505969837032
1936,4,Tamil Nadu - 2026,22-Mar 4pm,3970.319578417154
1937,1,Tamil Nadu - 2026,22-Mar 5pm,4087.312921636675
1937,2,Tamil Nadu - 2026,22-Mar 5pm,4172.198838441079
1937,3,Tamil Nadu - 2026,22-Mar 5pm,4224.977328830371
1937,4,Tamil Nadu - 2026,22-Mar 5pm,4246.140911091876
1938,1,Tamil Nadu - 2026,22-Mar 6pm,4235.689585225588
1938,2,Tamil Nadu - 2026,22-Mar 6pm,4237.955402562089
1938,3,Tamil Nadu - 2026,22-Mar 6pm,4252.938363101377
1938,4,Tamil Nadu - 2026,22-Mar 6pm,4282.046649110947
1939,1,Tamil Nadu - 2026,22-Mar 7pm,4325.280260590798
1939,2,Tamil Nadu - 2026,22-Mar 7pm,4329.858052605394
1939,3,Tamil Nadu - 2026,22-Mar 7pm,4295.780025154742
1939,4,Tamil Nadu - 2026,22-Mar 7pm,4222.3716616490665
1940,1,Tamil Nadu - 2026,22-Mar 8pm,4109.632962088372
1940,2,Tamil Nadu - 2026,22-Mar 8pm,4014.392170946808
1940,3,Tamil Nadu - 2026,22-Mar 8pm,3936.6492882243697
1940,4,Tamil Nadu - 2026,22-Mar 8pm,3868.7255787404506
1941,1,Tamil Nadu - 2026,22-Mar 9pm,3810.621042495049
1941,2,Tamil Nadu - 2026,22-Mar 9pm,3751.57984609769
1941,3,Tamil Nadu - 2026,22-Mar 9pm,3691.601989548375
1941,4,Tamil Nadu - 2026,22-Mar 9pm,3633.447121858886
1942,1,Tamil Nadu - 2026,22-Mar 10pm,3577.115243029219
1942,2,Tamil Nadu - 2026,22-Mar 10pm,3516.804292379172
1942,3,Tamil Nadu - 2026,22-Mar 10pm,3452.514269908747
1942,4,Tamil Nadu - 2026,22-Mar 10pm,3381.616194682861
1943,1,Tamil Nadu - 2026,22-Mar 11pm,3304.110066701518
1943,2,Tamil Nadu - 2026,22-Mar 11pm,3241.571832255402
1943,3,Tamil Nadu - 2026,22-Mar 11pm,3194.001491344516
1943,4,Tamil Nadu - 2026,22-Mar 11pm,3159.786609698563
1944,1,Tamil Nadu - 2026,23-Mar 12am,3138.927187317545
1944,2,Tamil Nadu - 2026,23-Mar 12am,3119.521883532545
1944,3,Tamil Nadu - 2026,23-Mar 12am,3101.570698343563
1944,4,Tamil Nadu - 2026,23-Mar 12am,3088.1602308063475
1945,1,Tamil Nadu - 2026,23-Mar 1am,3079.290480920898
1945,2,Tamil Nadu - 2026,23-Mar 1am,3068.343195021646
1945,3,Tamil Nadu - 2026,23-Mar 1am,3055.3183731085937
1945,4,Tamil Nadu - 2026,23-Mar 1am,3039.4779509488626
1946,1,Tamil Nadu - 2026,23-Mar 2am,3020.821928542453
1946,2,Tamil Nadu - 2026,23-Mar 2am,3010.396944952199
1946,3,Tamil Nadu - 2026,23-Mar 2am,3008.203000178103
1946,4,Tamil Nadu - 2026,23-Mar 2am,3014.778126327245
1947,1,Tamil Nadu - 2026,23-Mar 3am,3030.1223233996293
1947,2,Tamil Nadu - 2026,23-Mar 3am,3039.96075968992
1947,3,Tamil Nadu - 2026,23-Mar 3am,3044.2934351981207
1947,4,Tamil Nadu - 2026,23-Mar 3am,3043.503481712329
1948,1,Tamil Nadu - 2026,23-Mar 4am,3037.5908992325462
1948,2,Tamil Nadu - 2026,23-Mar 4am,3038.531728735507
1948,3,Tamil Nadu - 2026,23-Mar 4am,3046.325970221214
1948,4,Tamil Nadu - 2026,23-Mar 4am,3057.231401810733
1949,1,Tamil Nadu - 2026,23-Mar 5am,3071.2480235040684
1949,2,Tamil Nadu - 2026,23-Mar 5am,3098.85312559806
1949,3,Tamil Nadu - 2026,23-Mar 5am,3140.0467080927115
1949,4,Tamil Nadu - 2026,23-Mar 5am,3186.9521428051607
1950,1,Tamil Nadu - 2026,23-Mar 6am,3239.5694297354044
1950,2,Tamil Nadu - 2026,23-Mar 6am,3334.681047683769
1950,3,Tamil Nadu - 2026,23-Mar 6am,3472.286996650257
1950,4,Tamil Nadu - 2026,23-Mar 6am,3668.272525930569
1951,1,Tamil Nadu - 2026,23-Mar 7am,3922.637635524708
1951,2,Tamil Nadu - 2026,23-Mar 7am,4103.288350858113
1951,3,Tamil Nadu - 2026,23-Mar 7am,4210.224671930785
1951,4,Tamil Nadu - 2026,23-Mar 7am,4256.539341686394
1952,1,Tamil Nadu - 2026,23-Mar 8am,4242.232360124942
1952,2,Tamil Nadu - 2026,23-Mar 8am,4220.84124415896
1952,3,Tamil Nadu - 2026,23-Mar 8am,4192.365993788446
1952,4,Tamil Nadu - 2026,23-Mar 8am,4146.460401927654
1953,1,Tamil Nadu - 2026,23-Mar 9am,4083.1244685765855
1953,2,Tamil Nadu - 2026,23-Mar 9am,4010.897919337189
1953,3,Tamil Nadu - 2026,23-Mar 9am,3929.780754209465
1953,4,Tamil Nadu - 2026,23-Mar 9am,3826.7468578767593
1954,1,Tamil Nadu - 2026,23-Mar 10am,3701.7962303390736
1954,2,Tamil Nadu - 2026,23-Mar 10am,3624.545837894384
1954,3,Tamil Nadu - 2026,23-Mar 10am,3594.99568054269
1954,4,Tamil Nadu - 2026,23-Mar 10am,3613.7422512238527
1955,1,Tamil Nadu - 2026,23-Mar 11am,3680.785549937873
1955,2,Tamil Nadu - 2026,23-Mar 11am,3722.9296527476113
1955,3,Tamil Nadu - 2026,23-Mar 11am,3740.174559653071
1955,4,Tamil Nadu - 2026,23-Mar 11am,3742.380237661446
1956,1,Tamil Nadu - 2026,23-Mar 12pm,3729.546686772737
1956,2,Tamil Nadu - 2026,23-Mar 12pm,3715.710028880916
1956,3,Tamil Nadu - 2026,23-Mar 12pm,3700.8702639859807
1956,4,Tamil Nadu - 2026,23-Mar 12pm,3682.723020360367
1957,1,Tamil Nadu - 2026,23-Mar 1pm,3661.268298004075
1957,2,Tamil Nadu - 2026,23-Mar 1pm,3636.296205388529
1957,3,Tamil Nadu - 2026,23-Mar 1pm,3607.8067425137306
1957,4,Tamil Nadu - 2026,23-Mar 1pm,3569.6387540936657
1958,1,Tamil Nadu - 2026,23-Mar 2pm,3521.792240128331
1958,2,Tamil Nadu - 2026,23-Mar 2pm,3501.444023862395
1958,3,Tamil Nadu - 2026,23-Mar 2pm,3508.59410529586
1958,4,Tamil Nadu - 2026,23-Mar 2pm,3541.569630713414
1959,1,Tamil Nadu - 2026,23-Mar 3pm,3600.370600115056
1959,2,Tamil Nadu - 2026,23-Mar 3pm,3657.857312547979
1959,3,Tamil Nadu - 2026,23-Mar 3pm,3714.029768012183
1959,4,Tamil Nadu - 2026,23-Mar 3pm,3771.7423193247823
1960,1,Tamil Nadu - 2026,23-Mar 4pm,3830.994966485776
1960,2,Tamil Nadu - 2026,23-Mar 4pm,3901.80129354528
1960,3,Tamil Nadu - 2026,23-Mar 4pm,3984.161300503295
1960,4,Tamil Nadu - 2026,23-Mar 4pm,4086.98243946565
1961,1,Tamil Nadu - 2026,23-Mar 5pm,4210.264710432344
1961,2,Tamil Nadu - 2026,23-Mar 5pm,4290.549816718281
1961,3,Tamil Nadu - 2026,23-Mar 5pm,4327.8377583234615
1961,4,Tamil Nadu - 2026,23-Mar 5pm,4322.787714525912
1962,1,Tamil Nadu - 2026,23-Mar 6pm,4275.39968532563
1962,2,Tamil Nadu - 2026,23-Mar 6pm,4245.176891739558
1962,3,Tamil Nadu - 2026,23-Mar 6pm,4232.119333767698
1962,4,Tamil Nadu - 2026,23-Mar 6pm,4233.4240891671125
1963,1,Tamil Nadu - 2026,23-Mar 7pm,4249.091157937806
1963,2,Tamil Nadu - 2026,23-Mar 7pm,4236.434852520437
1963,3,Tamil Nadu - 2026,23-Mar 7pm,4195.455172915004
1963,4,Tamil Nadu - 2026,23-Mar 7pm,4126.478816626752
1964,1,Tamil Nadu - 2026,23-Mar 8pm,4029.5057836556766
1964,2,Tamil Nadu - 2026,23-Mar 8pm,3945.26157652968
1964,3,Tamil Nadu - 2026,23-Mar 8pm,3873.746195248764
1964,4,Tamil Nadu - 2026,23-Mar 8pm,3809.706444565879
1965,1,Tamil Nadu - 2026,23-Mar 9pm,3753.1423244810303
1965,2,Tamil Nadu - 2026,23-Mar 9pm,3694.84750394858
1965,3,Tamil Nadu - 2026,23-Mar 9pm,3634.821982968527
1965,4,Tamil Nadu - 2026,23-Mar 9pm,3574.258188601862
1966,1,Tamil Nadu - 2026,23-Mar 10pm,3513.156120848585
1966,2,Tamil Nadu - 2026,23-Mar 10pm,3453.567548388389
1966,3,Tamil Nadu - 2026,23-Mar 10pm,3395.4924712212764
1966,4,Tamil Nadu - 2026,23-Mar 10pm,3337.31385954175
1967,1,Tamil Nadu - 2026,23-Mar 11pm,3279.031713349812
1967,2,Tamil Nadu - 2026,23-Mar 11pm,3228.296442798741
1967,3,Tamil Nadu - 2026,23-Mar 11pm,3185.108047888541
1967,4,Tamil Nadu - 2026,23-Mar 11pm,3147.7137959629054
1968,1,Tamil Nadu - 2026,24-Mar 12am,3116.113687021833
1968,2,Tamil Nadu - 2026,24-Mar 12am,3093.17370684987
1968,3,Tamil Nadu - 2026,24-Mar 12am,3078.893855447015
1968,4,Tamil Nadu - 2026,24-Mar 12am,3075.5387506812813
1969,1,Tamil Nadu - 2026,24-Mar 1am,3083.108392552669
1969,2,Tamil Nadu - 2026,24-Mar 1am,3085.1490880685587
1969,3,Tamil Nadu - 2026,24-Mar 1am,3081.660837228949
1969,4,Tamil Nadu - 2026,24-Mar 1am,3074.031682149824
1970,1,Tamil Nadu - 2026,24-Mar 2am,3062.2616228311813
1970,2,Tamil Nadu - 2026,24-Mar 2am,3054.476099569753
1970,3,Tamil Nadu - 2026,24-Mar 2am,3050.67511236554
1970,4,Tamil Nadu - 2026,24-Mar 2am,3050.3771652335267
1971,1,Tamil Nadu - 2026,24-Mar 3am,3053.582258173713
1971,2,Tamil Nadu - 2026,24-Mar 3am,3055.0539267994563
1971,3,Tamil Nadu - 2026,24-Mar 3am,3054.7921711107547
1971,4,Tamil Nadu - 2026,24-Mar 3am,3051.401643916076
1972,1,Tamil Nadu - 2026,24-Mar 4am,3044.88234521542
1972,2,Tamil Nadu - 2026,24-Mar 4am,3048.842822544629
1972,3,Tamil Nadu - 2026,24-Mar 4am,3063.283075903702
1972,4,Tamil Nadu - 2026,24-Mar 4am,3088.1217563362484
1973,1,Tamil Nadu - 2026,24-Mar 5am,3123.358863842269
1973,2,Tamil Nadu - 2026,24-Mar 5am,3155.873944624269
1973,3,Tamil Nadu - 2026,24-Mar 5am,3185.6669986822494
1973,4,Tamil Nadu - 2026,24-Mar 5am,3206.5001928512124
1974,1,Tamil Nadu - 2026,24-Mar 6am,3218.37352713116
1974,2,Tamil Nadu - 2026,24-Mar 6am,3271.8344543095704
1974,3,Tamil Nadu - 2026,24-Mar 6am,3366.8829743864453
1974,4,Tamil Nadu - 2026,24-Mar 6am,3510.749044172825
1975,1,Tamil Nadu - 2026,24-Mar 7am,3703.432663668712
1975,2,Tamil Nadu - 2026,24-Mar 7am,3851.006639220364
1975,3,Tamil Nadu - 2026,24-Mar 7am,3953.470970827781
1975,4,Tamil Nadu - 2026,24-Mar 7am,4023.179726283143
1976,1,Tamil Nadu - 2026,24-Mar 8am,4060.132905586445
1976,2,Tamil Nadu - 2026,24-Mar 8am,4084.133295638373
1976,3,Tamil Nadu - 2026,24-Mar 8am,4095.1808964389247
1976,4,Tamil Nadu - 2026,24-Mar 8am,4085.262902336256
1977,1,Tamil Nadu - 2026,24-Mar 9am,4054.379313330367
1977,2,Tamil Nadu - 2026,24-Mar 9am,4030.804176431642
1977,3,Tamil Nadu - 2026,24-Mar 9am,4014.537491640084
1977,4,Tamil Nadu - 2026,24-Mar 9am,4004.379018597907
1978,1,Tamil Nadu - 2026,24-Mar 10am,4000.328757305111
1978,2,Tamil Nadu - 2026,24-Mar 10am,3981.314102898016
1978,3,Tamil Nadu - 2026,24-Mar 10am,3947.335055376619
1978,4,Tamil Nadu - 2026,24-Mar 10am,3893.542084420254
1979,1,Tamil Nadu - 2026,24-Mar 11am,3819.935190028918
1979,2,Tamil Nadu - 2026,24-Mar 11am,3776.684158990303
1979,3,Tamil Nadu - 2026,24-Mar 11am,3763.788991304407
1979,4,Tamil Nadu - 2026,24-Mar 11am,3782.351659676373
1980,1,Tamil Nadu - 2026,24-Mar 12pm,3832.372164106201
1980,2,Tamil Nadu - 2026,24-Mar 12pm,3857.068881575348
1980,3,Tamil Nadu - 2026,24-Mar 12pm,3856.4418120838177
1980,4,Tamil Nadu - 2026,24-Mar 12pm,3834.697142234633
1981,1,Tamil Nadu - 2026,24-Mar 1pm,3791.834872027792
1981,2,Tamil Nadu - 2026,24-Mar 1pm,3759.3995048636953
1981,3,Tamil Nadu - 2026,24-Mar 1pm,3737.391040742346
1981,4,Tamil Nadu - 2026,24-Mar 1pm,3719.064582366168
1982,1,Tamil Nadu - 2026,24-Mar 2pm,3704.420129735164
1982,2,Tamil Nadu - 2026,24-Mar 2pm,3702.3825632343614
1982,3,Tamil Nadu - 2026,24-Mar 2pm,3712.95188286376
1982,4,Tamil Nadu - 2026,24-Mar 2pm,3736.265424166716
1983,1,Tamil Nadu - 2026,24-Mar 3pm,3772.323187143229
1983,2,Tamil Nadu - 2026,24-Mar 3pm,3811.3762781481378
1983,3,Tamil Nadu - 2026,24-Mar 3pm,3853.424697181443
1983,4,Tamil Nadu - 2026,24-Mar 3pm,3904.9958375271913
1984,1,Tamil Nadu - 2026,24-Mar 4pm,3966.0896991853815
1984,2,Tamil Nadu - 2026,24-Mar 4pm,4007.2908160969
1984,3,Tamil Nadu - 2026,24-Mar 4pm,4028.599188261745
1984,4,Tamil Nadu - 2026,24-Mar 4pm,4029.600296455973
1985,1,Tamil Nadu - 2026,24-Mar 5pm,4010.294140679583
1985,2,Tamil Nadu - 2026,24-Mar 5pm,4002.583302335367
1985,3,Tamil Nadu - 2026,24-Mar 5pm,4006.4677814233264
1985,4,Tamil Nadu - 2026,24-Mar 5pm,4020.154775561724
1986,1,Tamil Nadu - 2026,24-Mar 6pm,4043.644284750561
1986,2,Tamil Nadu - 2026,24-Mar 6pm,4055.7905418774662
1986,3,Tamil Nadu - 2026,24-Mar 6pm,4056.593546942439
1986,4,Tamil Nadu - 2026,24-Mar 6pm,4052.081626429534
1987,1,Tamil Nadu - 2026,24-Mar 7pm,4042.25478033875
1987,2,Tamil Nadu - 2026,24-Mar 7pm,4012.088816878133
1987,3,Tamil Nadu - 2026,24-Mar 7pm,3961.5837360476817
1987,4,Tamil Nadu - 2026,24-Mar 7pm,3884.3926667354353
1988,1,Tamil Nadu - 2026,24-Mar 8pm,3780.515608941395
1988,2,Tamil Nadu - 2026,24-Mar 8pm,3703.0579811292855
1988,3,Tamil Nadu - 2026,24-Mar 8pm,3652.019783299109
1988,4,Tamil Nadu - 2026,24-Mar 8pm,3626.066626630211
1989,1,Tamil Nadu - 2026,24-Mar 9pm,3625.198511122592
1989,2,Tamil Nadu - 2026,24-Mar 9pm,3604.316351236439
1989,3,Tamil Nadu - 2026,24-Mar 9pm,3563.4201469717545
1989,4,Tamil Nadu - 2026,24-Mar 9pm,3506.474990669215
1990,1,Tamil Nadu - 2026,24-Mar 10pm,3433.480882328822
1990,2,Tamil Nadu - 2026,24-Mar 10pm,3365.7463534463145
1990,3,Tamil Nadu - 2026,24-Mar 10pm,3303.271404021696
1990,4,Tamil Nadu - 2026,24-Mar 10pm,3240.5013602031668
1991,1,Tamil Nadu - 2026,24-Mar 11pm,3177.436221990728
1991,2,Tamil Nadu - 2026,24-Mar 11pm,3126.0955009994223
1991,3,Tamil Nadu - 2026,24-Mar 11pm,3086.479197229248
1991,4,Tamil Nadu - 2026,24-Mar 11pm,3059.249079780602
1992,1,Tamil Nadu - 2026,25-Mar 12am,3044.405148653488
1992,2,Tamil Nadu - 2026,25-Mar 12am,3025.9572776304644
1992,3,Tamil Nadu - 2026,25-Mar 12am,3003.905466711532
1992,4,Tamil Nadu - 2026,25-Mar 12am,2979.2921070045154
1993,1,Tamil Nadu - 2026,25-Mar 1am,2952.1171985094184
1993,2,Tamil Nadu - 2026,25-Mar 1am,2932.1165207967083
1993,3,Tamil Nadu - 2026,25-Mar 1am,2919.2900738663857
1993,4,Tamil Nadu - 2026,25-Mar 1am,2914.436206827487
1994,1,Tamil Nadu - 2026,25-Mar 2am,2917.554919680012
1994,2,Tamil Nadu - 2026,25-Mar 2am,2914.1203381992705
1994,3,Tamil Nadu - 2026,25-Mar 2am,2904.132462385262
1994,4,Tamil Nadu - 2026,25-Mar 2am,2887.1622797354557
1995,1,Tamil Nadu - 2026,25-Mar 3am,2863.209790249852
1995,2,Tamil Nadu - 2026,25-Mar 3am,2849.374943168324
1995,3,Tamil Nadu - 2026,25-Mar 3am,2845.657738490871
1995,4,Tamil Nadu - 2026,25-Mar 3am,2851.197528090954
1996,1,Tamil Nadu - 2026,25-Mar 4am,2865.994311968573
1996,2,Tamil Nadu - 2026,25-Mar 4am,2878.112029643099
1996,3,Tamil Nadu - 2026,25-Mar 4am,2887.550681114532
1996,4,Tamil Nadu - 2026,25-Mar 4am,2895.122977273797
1997,1,Tamil Nadu - 2026,25-Mar 5am,2900.8289181208947
1997,2,Tamil Nadu - 2026,25-Mar 5am,2911.728298790904
1997,3,Tamil Nadu - 2026,25-Mar 5am,2927.821119283823
1997,4,Tamil Nadu - 2026,25-Mar 5am,2944.4716638043787
1998,1,Tamil Nadu - 2026,25-Mar 6am,2961.6799323525697
1998,2,Tamil Nadu - 2026,25-Mar 6am,3000.2004245649678
1998,3,Tamil Nadu - 2026,25-Mar 6am,3060.0331404415715
1998,4,Tamil Nadu - 2026,25-Mar 6am,3145.186502640892
1999,1,Tamil Nadu - 2026,25-Mar 7am,3255.660511162928
1999,2,Tamil Nadu - 2026,25-Mar 7am,3346.650130420052
1999,3,Tamil Nadu - 2026,25-Mar 7am,3418.1553604122664
1999,4,Tamil Nadu - 2026,25-Mar 7am,3477.1439980047544
2000,1,Tamil Nadu - 2026,25-Mar 8am,3523.6160431975195
2000,2,Tamil Nadu - 2026,25-Mar 8am,3560.5697503870742
2000,3,Tamil Nadu - 2026,25-Mar 8am,3588.0051195734222
2000,4,Tamil Nadu - 2026,25-Mar 8am,3603.489086841984
2001,1,Tamil Nadu - 2026,25-Mar 9am,3607.021652192764
2001,2,Tamil Nadu - 2026,25-Mar 9am,3610.2029447167015
2001,3,Tamil Nadu - 2026,25-Mar 9am,3613.032964413796
2001,4,Tamil Nadu - 2026,25-Mar 9am,3613.212438676738
2002,1,Tamil Nadu - 2026,25-Mar 10am,3610.7413675055295
2002,2,Tamil Nadu - 2026,25-Mar 10am,3607.815257453077
2002,3,Tamil Nadu - 2026,25-Mar 10am,3604.43410851938
2002,4,Tamil Nadu - 2026,25-Mar 10am,3600.7292665220134
2003,1,Tamil Nadu - 2026,25-Mar 11am,3596.7007314609764
2003,2,Tamil Nadu - 2026,25-Mar 11am,3589.364921877912
2003,3,Tamil Nadu - 2026,25-Mar 11am,3578.721837772818
2003,4,Tamil Nadu - 2026,25-Mar 11am,3565.212508888293
2004,1,Tamil Nadu - 2026,25-Mar 12pm,3548.83693522434
2004,2,Tamil Nadu - 2026,25-Mar 12pm,3529.9325197837134
2004,3,Tamil Nadu - 2026,25-Mar 12pm,3508.4992625664136
2004,4,Tamil Nadu - 2026,25-Mar 12pm,3483.6512824255333
2005,1,Tamil Nadu - 2026,25-Mar 1pm,3455.388579361072
2005,2,Tamil Nadu - 2026,25-Mar 1pm,3428.6890372517155
2005,3,Tamil Nadu - 2026,25-Mar 1pm,3403.552656097466
2005,4,Tamil Nadu - 2026,25-Mar 1pm,3377.0897272897464
2006,1,Tamil Nadu - 2026,25-Mar 2pm,3349.3002508285617
2006,2,Tamil Nadu - 2026,25-Mar 2pm,3332.54459448666
2006,3,Tamil Nadu - 2026,25-Mar 2pm,3326.822758264043
2006,4,Tamil Nadu - 2026,25-Mar 2pm,3331.722396420735
2007,1,Tamil Nadu - 2026,25-Mar 3pm,3347.243508956736
2007,2,Tamil Nadu - 2026,25-Mar 3pm,3363.499802539151
2007,3,Tamil Nadu - 2026,25-Mar 3pm,3380.491277167981
2007,4,Tamil Nadu - 2026,25-Mar 3pm,3399.6154113361326
2008,1,Tamil Nadu - 2026,25-Mar 4pm,3420.8722050436054
2008,2,Tamil Nadu - 2026,25-Mar 4pm,3445.7630806658526
2008,3,Tamil Nadu - 2026,25-Mar 4pm,3474.288038202878
2008,4,Tamil Nadu - 2026,25-Mar 4pm,3510.3466760876645
2009,1,Tamil Nadu - 2026,25-Mar 5pm,3553.938994320213
2009,2,Tamil Nadu - 2026,25-Mar 5pm,3580.165979927156
2009,3,Tamil Nadu - 2026,25-Mar 5pm,3589.0276329084886
2009,4,Tamil Nadu - 2026,25-Mar 5pm,3579.007392844142
2010,1,Tamil Nadu - 2026,25-Mar 6pm,3550.105259734114
2010,2,Tamil Nadu - 2026,25-Mar 6pm,3536.319609072214
2010,3,Tamil Nadu - 2026,25-Mar 6pm,3537.6504408584387
2010,4,Tamil Nadu - 2026,25-Mar 6pm,3556.3146903352326
2011,1,Tamil Nadu - 2026,25-Mar 7pm,3592.312357502596
2011,2,Tamil Nadu - 2026,25-Mar 7pm,3598.3434554120704
2011,3,Tamil Nadu - 2026,25-Mar 7pm,3574.40798406366
2011,4,Tamil Nadu - 2026,25-Mar 7pm,3520.046203021675
2012,1,Tamil Nadu - 2026,25-Mar 8pm,3435.258112286115
2012,2,Tamil Nadu - 2026,25-Mar 8pm,3370.1021414195607
2012,3,Tamil Nadu - 2026,25-Mar 8pm,3324.57829042201
2012,4,Tamil Nadu - 2026,25-Mar 8pm,3296.251455872314
2013,1,Tamil Nadu - 2026,25-Mar 9pm,3285.1216377704754
2013,2,Tamil Nadu - 2026,25-Mar 9pm,3255.741027080802
2013,3,Tamil Nadu - 2026,25-Mar 9pm,3208.109623803293
2013,4,Tamil Nadu - 2026,25-Mar 9pm,3143.0577113454306
2014,1,Tamil Nadu - 2026,25-Mar 10pm,3060.5852897072145
2014,2,Tamil Nadu - 2026,25-Mar 10pm,2991.158467479443
2014,3,Tamil Nadu - 2026,25-Mar 10pm,2934.777244662118
2014,4,Tamil Nadu - 2026,25-Mar 10pm,2886.368998151224
2015,1,Tamil Nadu - 2026,25-Mar 11pm,2845.933727946757
2015,2,Tamil Nadu - 2026,25-Mar 11pm,2813.4410640820206
2015,3,Tamil Nadu - 2026,25-Mar 11pm,2788.891006557015
2015,4,Tamil Nadu - 2026,25-Mar 11pm,2774.964201414207
2016,1,Tamil Nadu - 2026,26-Mar 12am,2771.660648653596
2016,2,Tamil Nadu - 2026,26-Mar 12am,2762.926841987081
2016,3,Tamil Nadu - 2026,26-Mar 12am,2748.762781414661
2016,4,Tamil Nadu - 2026,26-Mar 12am,2730.6297279446617
2017,1,Tamil Nadu - 2026,26-Mar 1am,2708.5276815770826
2017,2,Tamil Nadu - 2026,26-Mar 1am,2689.7425825500727
2017,3,Tamil Nadu - 2026,26-Mar 1am,2674.274430863632
2017,4,Tamil Nadu - 2026,26-Mar 1am,2661.685305009212
2018,1,Tamil Nadu - 2026,26-Mar 2am,2651.9752049868125
2018,2,Tamil Nadu - 2026,26-Mar 2am,2640.4857196095786
2018,3,Tamil Nadu - 2026,26-Mar 2am,2627.2168488775096
2018,4,Tamil Nadu - 2026,26-Mar 2am,2611.8622265261
2019,1,Tamil Nadu - 2026,26-Mar 3am,2594.4218525553524
2019,2,Tamil Nadu - 2026,26-Mar 3am,2581.3923357391486
2019,3,Tamil Nadu - 2026,26-Mar 3am,2572.7736760774883
2019,4,Tamil Nadu - 2026,26-Mar 3am,2567.4921356280106
2020,1,Tamil Nadu - 2026,26-Mar 4am,2565.5477143907183
2020,2,Tamil Nadu - 2026,26-Mar 4am,2566.886231245884
2020,3,Tamil Nadu - 2026,26-Mar 4am,2571.507686193509
2020,4,Tamil Nadu - 2026,26-Mar 4am,2579.458368169888
2021,1,Tamil Nadu - 2026,26-Mar 5am,2590.738277175019
2021,2,Tamil Nadu - 2026,26-Mar 5am,2605.12386071086
2021,3,Tamil Nadu - 2026,26-Mar 5am,2622.6151187774085
2021,4,Tamil Nadu - 2026,26-Mar 5am,2638.892743336713
2022,1,Tamil Nadu - 2026,26-Mar 6am,2653.956734388773
2022,2,Tamil Nadu - 2026,26-Mar 6am,2693.9464926593537
2022,3,Tamil Nadu - 2026,26-Mar 6am,2758.862018148456
2022,4,Tamil Nadu - 2026,26-Mar 6am,2852.544754803417
2023,1,Tamil Nadu - 2026,26-Mar 7am,2974.9947026242357
2023,2,Tamil Nadu - 2026,26-Mar 7am,3077.0237972011328
2023,3,Tamil Nadu - 2026,26-Mar 7am,3158.632038534109
2023,4,Tamil Nadu - 2026,26-Mar 7am,3228.389461640524
2024,1,Tamil Nadu - 2026,26-Mar 8am,3286.296066520373
2024,2,Tamil Nadu - 2026,26-Mar 8am,3330.1197074792904
2024,3,Tamil Nadu - 2026,26-Mar 8am,3359.8603845172725
2024,4,Tamil Nadu - 2026,26-Mar 8am,3374.5238414830637
2025,1,Tamil Nadu - 2026,26-Mar 9am,3374.1100783766638
2025,2,Tamil Nadu - 2026,26-Mar 9am,3366.81677779999
2025,3,Tamil Nadu - 2026,26-Mar 9am,3352.643939753047
2025,4,Tamil Nadu - 2026,26-Mar 9am,3326.2792040703
2026,1,Tamil Nadu - 2026,26-Mar 10am,3287.722570751745
2026,2,Tamil Nadu - 2026,26-Mar 10am,3260.6505181886746
2026,3,Tamil Nadu - 2026,26-Mar 10am,3245.063046381089
2026,4,Tamil Nadu - 2026,26-Mar 10am,3242.413864678492
2027,1,Tamil Nadu - 2026,26-Mar 11am,3252.702973080884
2027,2,Tamil Nadu - 2026,26-Mar 11am,3243.5316370999462
2027,3,Tamil Nadu - 2026,26-Mar 11am,3214.89985673568
2027,4,Tamil Nadu - 2026,26-Mar 11am,3163.9255330834903
2028,1,Tamil Nadu - 2026,26-Mar 12pm,3090.608666143383
2028,2,Tamil Nadu - 2026,26-Mar 12pm,3044.640583831228
2028,3,Tamil Nadu - 2026,26-Mar 12pm,3026.021286147024
2028,4,Tamil Nadu - 2026,26-Mar 12pm,3033.809463878365
2029,1,Tamil Nadu - 2026,26-Mar 1pm,3068.005117025252
2029,2,Tamil Nadu - 2026,26-Mar 1pm,3084.5647729462557
2029,3,Tamil Nadu - 2026,26-Mar 1pm,3083.488431641373
2029,4,Tamil Nadu - 2026,26-Mar 1pm,3067.04167838712
2030,1,Tamil Nadu - 2026,26-Mar 2pm,3035.224513183496
2030,2,Tamil Nadu - 2026,26-Mar 2pm,3018.4868970128514
2030,3,Tamil Nadu - 2026,26-Mar 2pm,3016.828829875188
2030,4,Tamil Nadu - 2026,26-Mar 2pm,3026.489759928465
2031,1,Tamil Nadu - 2026,26-Mar 3pm,3047.4696871726883
2031,2,Tamil Nadu - 2026,26-Mar 3pm,3071.881961677731
2031,3,Tamil Nadu - 2026,26-Mar 3pm,3099.726583443595
2031,4,Tamil Nadu - 2026,26-Mar 3pm,3134.331767705986
2032,1,Tamil Nadu - 2026,26-Mar 4pm,3175.6975144649064
2032,2,Tamil Nadu - 2026,26-Mar 4pm,3211.741182236234
2032,3,Tamil Nadu - 2026,26-Mar 4pm,3242.462771019967
2032,4,Tamil Nadu - 2026,26-Mar 4pm,3268.7685322788925
2033,1,Tamil Nadu - 2026,26-Mar 5pm,3290.6584660130115
2033,2,Tamil Nadu - 2026,26-Mar 5pm,3314.777704929735
2033,3,Tamil Nadu - 2026,26-Mar 5pm,3341.126249029065
2033,4,Tamil Nadu - 2026,26-Mar 5pm,3369.7575800281875
2034,1,Tamil Nadu - 2026,26-Mar 6pm,3400.6716979271027
2034,2,Tamil Nadu - 2026,26-Mar 6pm,3426.9025797152813
2034,3,Tamil Nadu - 2026,26-Mar 6pm,3448.4502253927235
2034,4,Tamil Nadu - 2026,26-Mar 6pm,3469.525496964892
2035,1,Tamil Nadu - 2026,26-Mar 7pm,3490.1283944317865
2035,2,Tamil Nadu - 2026,26-Mar 7pm,3491.9597687711603
2035,3,Tamil Nadu - 2026,26-Mar 7pm,3475.0196199830148
2035,4,Tamil Nadu - 2026,26-Mar 7pm,3436.7322168140386
2036,1,Tamil Nadu - 2026,26-Mar 8pm,3377.097559264234
2036,2,Tamil Nadu - 2026,26-Mar 8pm,3329.869183875704
2036,3,Tamil Nadu - 2026,26-Mar 8pm,3295.0470906484456
2036,4,Tamil Nadu - 2026,26-Mar 8pm,3270.116166211616
2037,1,Tamil Nadu - 2026,26-Mar 9pm,3255.0764105652115
2037,2,Tamil Nadu - 2026,26-Mar 9pm,3231.2649673922133
2037,3,Tamil Nadu - 2026,26-Mar 9pm,3198.6818366926204
2037,4,Tamil Nadu - 2026,26-Mar 9pm,3160.446785349954
2038,1,Tamil Nadu - 2026,26-Mar 10pm,3116.559813364211
2038,2,Tamil Nadu - 2026,26-Mar 10pm,3066.9651757513025
2038,3,Tamil Nadu - 2026,26-Mar 10pm,3011.662872511228
2038,4,Tamil Nadu - 2026,26-Mar 10pm,2946.59213837326
2039,1,Tamil Nadu - 2026,26-Mar 11pm,2871.752973337399
2039,2,Tamil Nadu - 2026,26-Mar 11pm,2811.565714012095
2039,3,Tamil Nadu - 2026,26-Mar 11pm,2766.03036039735
2039,4,Tamil Nadu - 2026,26-Mar 11pm,2733.620952253156
2040,1,Tamil Nadu - 2026,27-Mar 12am,2714.3374895795105
2040,2,Tamil Nadu - 2026,27-Mar 12am,2692.9153972080085
2040,3,Tamil Nadu - 2026,27-Mar 12am,2669.3546751386507
2040,4,Tamil Nadu - 2026,27-Mar 12am,2645.7724380738296
2041,1,Tamil Nadu - 2026,27-Mar 1am,2622.168686013542
2041,2,Tamil Nadu - 2026,27-Mar 1am,2601.1053059118435
2041,3,Tamil Nadu - 2026,27-Mar 1am,2582.582297768734
2041,4,Tamil Nadu - 2026,27-Mar 1am,2565.77371030588
2042,1,Tamil Nadu - 2026,27-Mar 2am,2550.679543523282
2042,2,Tamil Nadu - 2026,27-Mar 2am,2539.693618136884
2042,3,Tamil Nadu - 2026,27-Mar 2am,2532.8159341466885
2042,4,Tamil Nadu - 2026,27-Mar 2am,2530.6509041931454
2043,1,Tamil Nadu - 2026,27-Mar 3am,2533.198528276253
2043,2,Tamil Nadu - 2026,27-Mar 3am,2534.4385098373623
2043,3,Tamil Nadu - 2026,27-Mar 3am,2534.3708488764696
2043,4,Tamil Nadu - 2026,27-Mar 3am,2532.952113009914
2044,1,Tamil Nadu - 2026,27-Mar 4am,2530.182302237694
2044,2,Tamil Nadu - 2026,27-Mar 4am,2532.34230742044
2044,3,Tamil Nadu - 2026,27-Mar 4am,2539.432128558156
2044,4,Tamil Nadu - 2026,27-Mar 4am,2547.5532617837102
2045,1,Tamil Nadu - 2026,27-Mar 5am,2556.7057070971027
2045,2,Tamil Nadu - 2026,27-Mar 5am,2583.9995968404787
2045,3,Tamil Nadu - 2026,27-Mar 5am,2629.434931013841
2045,4,Tamil Nadu - 2026,27-Mar 5am,2684.089765048577
2046,1,Tamil Nadu - 2026,27-Mar 6am,2747.9640989446875
2046,2,Tamil Nadu - 2026,27-Mar 6am,2857.4794677716886
2046,3,Tamil Nadu - 2026,27-Mar 6am,3012.63587152958
2046,4,Tamil Nadu - 2026,27-Mar 6am,3230.250561754044
2047,1,Tamil Nadu - 2026,27-Mar 7am,3510.3235384450804
2047,2,Tamil Nadu - 2026,27-Mar 7am,3715.529757319085
2047,3,Tamil Nadu - 2026,27-Mar 7am,3845.869218376061
2047,4,Tamil Nadu - 2026,27-Mar 7am,3915.217485859774
2048,1,Tamil Nadu - 2026,27-Mar 8am,3923.574559770225
2048,2,Tamil Nadu - 2026,27-Mar 8am,3925.01209892841
2048,3,Tamil Nadu - 2026,27-Mar 8am,3919.530103334329
2048,4,Tamil Nadu - 2026,27-Mar 8am,3893.983237967037
2049,1,Tamil Nadu - 2026,27-Mar 9am,3848.3715028265383
2049,2,Tamil Nadu - 2026,27-Mar 9am,3807.4952492174825
2049,3,Tamil Nadu - 2026,27-Mar 9am,3771.354477139868
2049,4,Tamil Nadu - 2026,27-Mar 9am,3735.9387708161103
2050,1,Tamil Nadu - 2026,27-Mar 10am,3701.248130246208
2050,2,Tamil Nadu - 2026,27-Mar 10am,3666.544698791035
2050,3,Tamil Nadu - 2026,27-Mar 10am,3631.828476450589
2050,4,Tamil Nadu - 2026,27-Mar 10am,3595.7386945121675
2051,1,Tamil Nadu - 2026,27-Mar 11am,3558.27535297577
2051,2,Tamil Nadu - 2026,27-Mar 11am,3528.3409207567456
2051,3,Tamil Nadu - 2026,27-Mar 11am,3505.9353978550944
2051,4,Tamil Nadu - 2026,27-Mar 11am,3491.62832841239
2052,1,Tamil Nadu - 2026,27-Mar 12pm,3485.4197124286343
2052,2,Tamil Nadu - 2026,27-Mar 12pm,3474.989816139026
2052,3,Tamil Nadu - 2026,27-Mar 12pm,3460.3386395435623
2052,4,Tamil Nadu - 2026,27-Mar 12pm,3444.281831888778
2053,1,Tamil Nadu - 2026,27-Mar 1pm,3426.8193931746687
2053,2,Tamil Nadu - 2026,27-Mar 1pm,3403.377161686862
2053,3,Tamil Nadu - 2026,27-Mar 1pm,3373.9551374253583
2053,4,Tamil Nadu - 2026,27-Mar 1pm,3330.268307713111
2054,1,Tamil Nadu - 2026,27-Mar 2pm,3272.316672550118
2054,2,Tamil Nadu - 2026,27-Mar 2pm,3254.38446971304
2054,3,Tamil Nadu - 2026,27-Mar 2pm,3276.471699201876
2054,4,Tamil Nadu - 2026,27-Mar 2pm,3341.567158534966
2055,1,Tamil Nadu - 2026,27-Mar 3pm,3449.6708477123066
2055,2,Tamil Nadu - 2026,27-Mar 3pm,3528.5657438472144
2055,3,Tamil Nadu - 2026,27-Mar 3pm,3578.2518469396896
2055,4,Tamil Nadu - 2026,27-Mar 3pm,3601.5915615007893
2056,1,Tamil Nadu - 2026,27-Mar 4pm,3598.5848875305123
2056,2,Tamil Nadu - 2026,27-Mar 4pm,3624.274420849205
2056,3,Tamil Nadu - 2026,27-Mar 4pm,3678.660161456865
2056,4,Tamil Nadu - 2026,27-Mar 4pm,3761.340530163418
2057,1,Tamil Nadu - 2026,27-Mar 5pm,3872.315526968866
2057,2,Tamil Nadu - 2026,27-Mar 5pm,3958.9520311933184
2057,3,Tamil Nadu - 2026,27-Mar 5pm,4021.2500428367766
2057,4,Tamil Nadu - 2026,27-Mar 5pm,4065.3223990010392
2058,1,Tamil Nadu - 2026,27-Mar 6pm,4091.169099686108
2058,2,Tamil Nadu - 2026,27-Mar 6pm,4114.746242961065
2058,3,Tamil Nadu - 2026,27-Mar 6pm,4136.053828825907
2058,4,Tamil Nadu - 2026,27-Mar 6pm,4157.630828526919
2059,1,Tamil Nadu - 2026,27-Mar 7pm,4179.477242064103
2059,2,Tamil Nadu - 2026,27-Mar 7pm,4170.403143890667
2059,3,Tamil Nadu - 2026,27-Mar 7pm,4130.40853400661
2059,4,Tamil Nadu - 2026,27-Mar 7pm,4055.0410800386217
2060,1,Tamil Nadu - 2026,27-Mar 8pm,3944.3007819867066
2060,2,Tamil Nadu - 2026,27-Mar 8pm,3856.091559637504
2060,3,Tamil Nadu - 2026,27-Mar 8pm,3790.4134129910185
2060,4,Tamil Nadu - 2026,27-Mar 8pm,3741.554245384772
2061,1,Tamil Nadu - 2026,27-Mar 9pm,3709.514056818762
2061,2,Tamil Nadu - 2026,27-Mar 9pm,3670.6615074812175
2061,3,Tamil Nadu - 2026,27-Mar 9pm,3624.996597372138
2061,4,Tamil Nadu - 2026,27-Mar 9pm,3577.9278383278825
2062,1,Tamil Nadu - 2026,27-Mar 10pm,3529.4552303484484
2062,2,Tamil Nadu - 2026,27-Mar 10pm,3470.759042227461
2062,3,Tamil Nadu - 2026,27-Mar 10pm,3401.83927396492
2062,4,Tamil Nadu - 2026,27-Mar 10pm,3317.9064534591703
2063,1,Tamil Nadu - 2026,27-Mar 11pm,3218.9605807102103
2063,2,Tamil Nadu - 2026,27-Mar 11pm,3142.558219534348
2063,3,Tamil Nadu - 2026,27-Mar 11pm,3088.6993699315813
2063,4,Tamil Nadu - 2026,27-Mar 11pm,3054.6118298238603
2064,1,Tamil Nadu - 2026,28-Mar 12am,3040.295599211184
2064,2,Tamil Nadu - 2026,28-Mar 12am,3024.827326745561
2064,3,Tamil Nadu - 2026,28-Mar 12am,3008.2070124269926
2064,4,Tamil Nadu - 2026,28-Mar 12am,2993.5700616162617
2065,1,Tamil Nadu - 2026,28-Mar 1am,2980.9164743133715
2065,2,Tamil Nadu - 2026,28-Mar 1am,2972.3571697015977
2065,3,Tamil Nadu - 2026,28-Mar 1am,2967.8921477809404
2065,4,Tamil Nadu - 2026,28-Mar 1am,2968.274208204091
2066,1,Tamil Nadu - 2026,28-Mar 2am,2973.5033509710483
2066,2,Tamil Nadu - 2026,28-Mar 2am,2976.95185898239
2066,3,Tamil Nadu - 2026,28-Mar 2am,2978.6197322381195
2066,4,Tamil Nadu - 2026,28-Mar 2am,2978.765057808442
2067,1,Tamil Nadu - 2026,28-Mar 3am,2977.3878356933583
2067,2,Tamil Nadu - 2026,28-Mar 3am,2979.567260571045
2067,3,Tamil Nadu - 2026,28-Mar 3am,2985.3033324415046
2067,4,Tamil Nadu - 2026,28-Mar 3am,2993.141571294092
2068,1,Tamil Nadu - 2026,28-Mar 4am,3003.081977128807
2068,2,Tamil Nadu - 2026,28-Mar 4am,3018.7722353313275
2068,3,Tamil Nadu - 2026,28-Mar 4am,3040.2123459016525
2068,4,Tamil Nadu - 2026,28-Mar 4am,3067.923441638213
2069,1,Tamil Nadu - 2026,28-Mar 5am,3101.9055225410084
2069,2,Tamil Nadu - 2026,28-Mar 5am,3135.3841064337794
2069,3,Tamil Nadu - 2026,28-Mar 5am,3168.3591933165285
2069,4,Tamil Nadu - 2026,28-Mar 5am,3192.771177708684
2070,1,Tamil Nadu - 2026,28-Mar 6am,3208.620059610244
2070,2,Tamil Nadu - 2026,28-Mar 6am,3271.037954080889
2070,3,Tamil Nadu - 2026,28-Mar 6am,3380.0248611206207
2070,4,Tamil Nadu - 2026,28-Mar 6am,3546.9571251882453
2071,1,Tamil Nadu - 2026,28-Mar 7am,3771.834746283764
2071,2,Tamil Nadu - 2026,28-Mar 7am,3931.2675425946527
2071,3,Tamil Nadu - 2026,28-Mar 7am,4025.255514120912
2071,4,Tamil Nadu - 2026,28-Mar 7am,4068.932197000673
2072,1,Tamil Nadu - 2026,28-Mar 8am,4062.2975912339375
2072,2,Tamil Nadu - 2026,28-Mar 8am,4037.9406618044422
2072,3,Tamil Nadu - 2026,28-Mar 8am,3995.86140871219
2072,4,Tamil Nadu - 2026,28-Mar 8am,3922.25033824943
2073,1,Tamil Nadu - 2026,28-Mar 9am,3817.1074504161634
2073,2,Tamil Nadu - 2026,28-Mar 9am,3730.700742475143
2073,3,Tamil Nadu - 2026,28-Mar 9am,3663.03021442637
2073,4,Tamil Nadu - 2026,28-Mar 9am,3607.571592682324
2074,1,Tamil Nadu - 2026,28-Mar 10am,3564.324877242999
2074,2,Tamil Nadu - 2026,28-Mar 10am,3522.167712370785
2074,3,Tamil Nadu - 2026,28-Mar 10am,3481.1000980656845
2074,4,Tamil Nadu - 2026,28-Mar 10am,3441.8173123205315
2075,1,Tamil Nadu - 2026,28-Mar 11am,3404.3193551353293
2075,2,Tamil Nadu - 2026,28-Mar 11am,3375.5569142906684
2075,3,Tamil Nadu - 2026,28-Mar 11am,3355.5299897865475
2075,4,Tamil Nadu - 2026,28-Mar 11am,3347.793740787456
2076,1,Tamil Nadu - 2026,28-Mar 12pm,3352.348167293389
2076,2,Tamil Nadu - 2026,28-Mar 12pm,3340.9116265368434
2076,3,Tamil Nadu - 2026,28-Mar 12pm,3313.48411851782
2076,4,Tamil Nadu - 2026,28-Mar 12pm,3267.626087651948
2077,1,Tamil Nadu - 2026,28-Mar 1pm,3203.337533939228
2077,2,Tamil Nadu - 2026,28-Mar 1pm,3163.537433653379
2077,3,Tamil Nadu - 2026,28-Mar 1pm,3148.225786794408
2077,4,Tamil Nadu - 2026,28-Mar 1pm,3151.899245612986
2078,1,Tamil Nadu - 2026,28-Mar 2pm,3174.5578101091155
2078,2,Tamil Nadu - 2026,28-Mar 2pm,3206.3025905050167
2078,3,Tamil Nadu - 2026,28-Mar 2pm,3247.133586800687
2078,4,Tamil Nadu - 2026,28-Mar 2pm,3300.8760125851813
2079,1,Tamil Nadu - 2026,28-Mar 3pm,3367.529867858498
2079,2,Tamil Nadu - 2026,28-Mar 3pm,3434.0427608641053
2079,3,Tamil Nadu - 2026,28-Mar 3pm,3500.414691602009
2079,4,Tamil Nadu - 2026,28-Mar 3pm,3567.932679675388
2080,1,Tamil Nadu - 2026,28-Mar 4pm,3636.596725084242
2080,2,Tamil Nadu - 2026,28-Mar 4pm,3711.7371019660136
2080,3,Tamil Nadu - 2026,28-Mar 4pm,3793.353810320701
2080,4,Tamil Nadu - 2026,28-Mar 4pm,3885.902362629044
2081,1,Tamil Nadu - 2026,28-Mar 5pm,3989.38275889104
2081,2,Tamil Nadu - 2026,28-Mar 5pm,4071.731650084821
2081,3,Tamil Nadu - 2026,28-Mar 5pm,4132.949036210386
2081,4,Tamil Nadu - 2026,28-Mar 5pm,4176.256554813754
2082,1,Tamil Nadu - 2026,28-Mar 6pm,4201.654205894923
2082,2,Tamil Nadu - 2026,28-Mar 6pm,4221.875513199667
2082,3,Tamil Nadu - 2026,28-Mar 6pm,4236.920476727988
2082,4,Tamil Nadu - 2026,28-Mar 6pm,4248.179804177424
2083,1,Tamil Nadu - 2026,28-Mar 7pm,4255.653495547978
2083,2,Tamil Nadu - 2026,28-Mar 7pm,4238.263780908639
2083,3,Tamil Nadu - 2026,28-Mar 7pm,4196.010660259407
2083,4,Tamil Nadu - 2026,28-Mar 7pm,4124.592063283976
2084,1,Tamil Nadu - 2026,28-Mar 8pm,4024.0079899823504
2084,2,Tamil Nadu - 2026,28-Mar 8pm,3941.148632183362
2084,3,Tamil Nadu - 2026,28-Mar 8pm,3876.0139898870175
2084,4,Tamil Nadu - 2026,28-Mar 8pm,3824.219387947269
2085,1,Tamil Nadu - 2026,28-Mar 9pm,3785.764826364112
2085,2,Tamil Nadu - 2026,28-Mar 9pm,3740.0681641849887
2085,3,Tamil Nadu - 2026,28-Mar 9pm,3687.129401409899
2085,4,Tamil Nadu - 2026,28-Mar 9pm,3630.377608041
2086,1,Tamil Nadu - 2026,28-Mar 10pm,3569.8127840782936
2086,2,Tamil Nadu - 2026,28-Mar 10pm,3505.442650461377
2086,3,Tamil Nadu - 2026,28-Mar 10pm,3437.267207190255
2086,4,Tamil Nadu - 2026,28-Mar 10pm,3360.687358270073
2087,1,Tamil Nadu - 2026,28-Mar 11pm,3275.703103700832
2087,2,Tamil Nadu - 2026,28-Mar 11pm,3209.901298512036
2087,3,Tamil Nadu - 2026,28-Mar 11pm,3163.2819427036884
2087,4,Tamil Nadu - 2026,28-Mar 11pm,3134.163655083443
2088,1,Tamil Nadu - 2026,29-Mar 12am,3122.5464356512985
2088,2,Tamil Nadu - 2026,29-Mar 12am,3110.931716531816
2088,3,Tamil Nadu - 2026,29-Mar 12am,3099.3194977249946
2088,4,Tamil Nadu - 2026,29-Mar 12am,3091.9323500918904
2089,1,Tamil Nadu - 2026,29-Mar 1am,3088.770273632504
2089,2,Tamil Nadu - 2026,29-Mar 1am,3081.9964110559404
2089,3,Tamil Nadu - 2026,29-Mar 1am,3071.6107623621992
2089,4,Tamil Nadu - 2026,29-Mar 1am,3058.2025529493567
2090,1,Tamil Nadu - 2026,29-Mar 2am,3041.7717828174123
2090,2,Tamil Nadu - 2026,29-Mar 2am,3026.619956868806
2090,3,Tamil Nadu - 2026,29-Mar 2am,3012.747075103542
2090,4,Tamil Nadu - 2026,29-Mar 2am,2998.8011852102395
2091,1,Tamil Nadu - 2026,29-Mar 3am,2984.7822871888984
2091,2,Tamil Nadu - 2026,29-Mar 3am,2974.5005900053466
2091,3,Tamil Nadu - 2026,29-Mar 3am,2967.9560936595844
2091,4,Tamil Nadu - 2026,29-Mar 3am,2964.3810291461714
2092,1,Tamil Nadu - 2026,29-Mar 4am,2963.7753964651088
2092,2,Tamil Nadu - 2026,29-Mar 4am,2966.935600683212
2092,3,Tamil Nadu - 2026,29-Mar 4am,2973.8616418004804
2092,4,Tamil Nadu - 2026,29-Mar 4am,2982.6373610511982
2093,1,Tamil Nadu - 2026,29-Mar 5am,2993.262758435365
2093,2,Tamil Nadu - 2026,29-Mar 5am,3016.4383814804587
2093,3,Tamil Nadu - 2026,29-Mar 5am,3052.16423018648
2093,4,Tamil Nadu - 2026,29-Mar 5am,3092.024629897696
2094,1,Tamil Nadu - 2026,29-Mar 6am,3136.019580614109
2094,2,Tamil Nadu - 2026,29-Mar 6am,3223.942582742628
2094,3,Tamil Nadu - 2026,29-Mar 6am,3355.7936362832525
2094,4,Tamil Nadu - 2026,29-Mar 6am,3545.434200360012
2095,1,Tamil Nadu - 2026,29-Mar 7am,3792.864274972904
2095,2,Tamil Nadu - 2026,29-Mar 7am,3975.1216049708514
2095,3,Tamil Nadu - 2026,29-Mar 7am,4092.206190353853
2095,4,Tamil Nadu - 2026,29-Mar 7am,4158.937929702392
2096,1,Tamil Nadu - 2026,29-Mar 8am,4175.31682301647
2096,2,Tamil Nadu - 2026,29-Mar 8am,4175.38573396426
2096,3,Tamil Nadu - 2026,29-Mar 8am,4159.144662545762
2096,4,Tamil Nadu - 2026,29-Mar 8am,4116.292780473507
2097,1,Tamil Nadu - 2026,29-Mar 9am,4046.8300877475017
2097,2,Tamil Nadu - 2026,29-Mar 9am,3978.5186904243615
2097,3,Tamil Nadu - 2026,29-Mar 9am,3911.358588504093
2097,4,Tamil Nadu - 2026,29-Mar 9am,3834.6026333240425
2098,1,Tamil Nadu - 2026,29-Mar 10am,3748.250824884216
2098,2,Tamil Nadu - 2026,29-Mar 10am,3689.023949103881
2098,3,Tamil Nadu - 2026,29-Mar 10am,3656.9220059830377
2098,4,Tamil Nadu - 2026,29-Mar 10am,3652.593220028867
2099,1,Tamil Nadu - 2026,29-Mar 11am,3676.0375912413674
2099,2,Tamil Nadu - 2026,29-Mar 11am,3686.644986658196
2099,3,Tamil Nadu - 2026,29-Mar 11am,3684.415406279357
2099,4,Tamil Nadu - 2026,29-Mar 11am,3677.13201582108
2100,1,Tamil Nadu - 2026,29-Mar 12pm,3664.794815283359
2100,2,Tamil Nadu - 2026,29-Mar 12pm,3641.3149433311705
2100,3,Tamil Nadu - 2026,29-Mar 12pm,3606.6923999645114
2100,4,Tamil Nadu - 2026,29-Mar 12pm,3556.79784142096
2101,1,Tamil Nadu - 2026,29-Mar 1pm,3491.6312677005185
2101,2,Tamil Nadu - 2026,29-Mar 1pm,3442.0576027127377
2101,3,Tamil Nadu - 2026,29-Mar 1pm,3408.0768464576145
2101,4,Tamil Nadu - 2026,29-Mar 1pm,3383.6942831291285
2102,1,Tamil Nadu - 2026,29-Mar 2pm,3368.90991272728
2102,2,Tamil Nadu - 2026,29-Mar 2pm,3368.827106178652
2102,3,Tamil Nadu - 2026,29-Mar 2pm,3383.4458634832467
2102,4,Tamil Nadu - 2026,29-Mar 2pm,3414.097117610822
2103,1,Tamil Nadu - 2026,29-Mar 3pm,3460.7808685613786
2103,2,Tamil Nadu - 2026,29-Mar 3pm,3510.40814758978
2103,3,Tamil Nadu - 2026,29-Mar 3pm,3562.978954696021
2103,4,Tamil Nadu - 2026,29-Mar 3pm,3620.822029152821
2104,1,Tamil Nadu - 2026,29-Mar 4pm,3683.937370960177
2104,2,Tamil Nadu - 2026,29-Mar 4pm,3751.441513226941
2104,3,Tamil Nadu - 2026,29-Mar 4pm,3823.3344559531142
2104,4,Tamil Nadu - 2026,29-Mar 4pm,3905.936659859768
2105,1,Tamil Nadu - 2026,29-Mar 5pm,3999.248124946897
2105,2,Tamil Nadu - 2026,29-Mar 5pm,4066.2295537792343
2105,3,Tamil Nadu - 2026,29-Mar 5pm,4106.880946356777
2105,4,Tamil Nadu - 2026,29-Mar 5pm,4119.271374917092
2106,1,Tamil Nadu - 2026,29-Mar 6pm,4103.4008394601815
2106,2,Tamil Nadu - 2026,29-Mar 6pm,4107.894203995914
2106,3,Tamil Nadu - 2026,29-Mar 6pm,4132.751468524285
2106,4,Tamil Nadu - 2026,29-Mar 6pm,4181.663488019619
2107,1,Tamil Nadu - 2026,29-Mar 7pm,4254.630262481921
2107,2,Tamil Nadu - 2026,29-Mar 7pm,4280.881798055377
2107,3,Tamil Nadu - 2026,29-Mar 7pm,4260.418094739991
2107,4,Tamil Nadu - 2026,29-Mar 7pm,4193.929844722712
2108,1,Tamil Nadu - 2026,29-Mar 8pm,4081.417048003538
2108,2,Tamil Nadu - 2026,29-Mar 8pm,3989.505545316578
2108,3,Tamil Nadu - 2026,29-Mar 8pm,3918.1953366618286
2108,4,Tamil Nadu - 2026,29-Mar 8pm,3859.4320700180538
2109,1,Tamil Nadu - 2026,29-Mar 9pm,3813.215745385253
2109,2,Tamil Nadu - 2026,29-Mar 9pm,3761.246634156744
2109,3,Tamil Nadu - 2026,29-Mar 9pm,3703.524736332527
2109,4,Tamil Nadu - 2026,29-Mar 9pm,3642.662884125476
2110,1,Tamil Nadu - 2026,29-Mar 10pm,3578.661077535592
2110,2,Tamil Nadu - 2026,29-Mar 10pm,3514.142051892306
2110,3,Tamil Nadu - 2026,29-Mar 10pm,3449.105807195614
2110,4,Tamil Nadu - 2026,29-Mar 10pm,3379.881063376489
2111,1,Tamil Nadu - 2026,29-Mar 11pm,3306.4678204349334
2111,2,Tamil Nadu - 2026,29-Mar 11pm,3248.271023455683
2111,3,Tamil Nadu - 2026,29-Mar 11pm,3205.290672438736
2111,4,Tamil Nadu - 2026,29-Mar 11pm,3177.3404836706486
2112,1,Tamil Nadu - 2026,30-Mar 12am,3164.4204571514256
2112,2,Tamil Nadu - 2026,30-Mar 12am,3148.243350076982
2112,3,Tamil Nadu - 2026,30-Mar 12am,3128.8091624473177
2112,4,Tamil Nadu - 2026,30-Mar 12am,3108.3670303242748
2113,1,Tamil Nadu - 2026,30-Mar 1am,3086.9169537078496
2113,2,Tamil Nadu - 2026,30-Mar 1am,3069.2513590310937
2113,3,Tamil Nadu - 2026,30-Mar 1am,3055.370246294007
2113,4,Tamil Nadu - 2026,30-Mar 1am,3044.89144096705
2114,1,Tamil Nadu - 2026,30-Mar 2am,3037.814943050226
2114,2,Tamil Nadu - 2026,30-Mar 2am,3031.641373287704
2114,3,Tamil Nadu - 2026,30-Mar 2am,3026.370731679485
2114,4,Tamil Nadu - 2026,30-Mar 2am,3023.412951982585
2115,1,Tamil Nadu - 2026,30-Mar 3am,3022.7680341970063
2115,2,Tamil Nadu - 2026,30-Mar 3am,3018.4757550364684
2115,3,Tamil Nadu - 2026,30-Mar 3am,3010.5361145009706
2115,4,Tamil Nadu - 2026,30-Mar 3am,2996.9200962655555
2116,1,Tamil Nadu - 2026,30-Mar 4am,2977.6277003302207
2116,2,Tamil Nadu - 2026,30-Mar 4am,2970.793247931
2116,3,Tamil Nadu - 2026,30-Mar 4am,2976.416739067891
2116,4,Tamil Nadu - 2026,30-Mar 4am,2990.682312670889
2117,1,Tamil Nadu - 2026,30-Mar 5am,3013.5899687399933
2117,2,Tamil Nadu - 2026,30-Mar 5am,3049.9005524592103
2117,3,Tamil Nadu - 2026,30-Mar 5am,3099.614063828541
2117,4,Tamil Nadu - 2026,30-Mar 5am,3157.395414972256
2118,1,Tamil Nadu - 2026,30-Mar 6am,3223.244605890355
2118,2,Tamil Nadu - 2026,30-Mar 6am,3324.411318653204
2118,3,Tamil Nadu - 2026,30-Mar 6am,3460.8955532608
2118,4,Tamil Nadu - 2026,30-Mar 6am,3648.0485221956415
2119,1,Tamil Nadu - 2026,30-Mar 7am,3885.870225457733
2119,2,Tamil Nadu - 2026,30-Mar 7am,4055.003706081712
2119,3,Tamil Nadu - 2026,30-Mar 7am,4155.448964067573
2119,4,Tamil Nadu - 2026,30-Mar 7am,4197.627104392983
2120,1,Tamil Nadu - 2026,30-Mar 8am,4181.538127057937
2120,2,Tamil Nadu - 2026,30-Mar 8am,4164.012359161831
2120,3,Tamil Nadu - 2026,30-Mar 8am,4145.049800704663
2120,4,Tamil Nadu - 2026,30-Mar 8am,4111.45971307557
2121,1,Tamil Nadu - 2026,30-Mar 9am,4063.242096274557
2121,2,Tamil Nadu - 2026,30-Mar 9am,4022.711054867385
2121,3,Tamil Nadu - 2026,30-Mar 9am,3989.866588854056
2121,4,Tamil Nadu - 2026,30-Mar 9am,3962.680260004004
2122,1,Tamil Nadu - 2026,30-Mar 10am,3941.1520683172303
2122,2,Tamil Nadu - 2026,30-Mar 10am,3915.138538611356
2122,3,Tamil Nadu - 2026,30-Mar 10am,3884.639670886383
2122,4,Tamil Nadu - 2026,30-Mar 10am,3849.059722185031
2123,1,Tamil Nadu - 2026,30-Mar 11am,3808.398692507302
2123,2,Tamil Nadu - 2026,30-Mar 11am,3776.374514779236
2123,3,Tamil Nadu - 2026,30-Mar 11am,3752.9871890008353
2123,4,Tamil Nadu - 2026,30-Mar 11am,3738.7396037126273
2124,1,Tamil Nadu - 2026,30-Mar 12pm,3733.63175891461
2124,2,Tamil Nadu - 2026,30-Mar 12pm,3720.928390437575
2124,3,Tamil Nadu - 2026,30-Mar 12pm,3700.6294982815234
2124,4,Tamil Nadu - 2026,30-Mar 12pm,3672.7303523662913
2125,1,Tamil Nadu - 2026,30-Mar 1pm,3637.230952691879
2125,2,Tamil Nadu - 2026,30-Mar 1pm,3610.894943908463
2125,3,Tamil Nadu - 2026,30-Mar 1pm,3593.722326016042
2125,4,Tamil Nadu - 2026,30-Mar 1pm,3582.671777383616
2126,1,Tamil Nadu - 2026,30-Mar 2pm,3577.7432980111835
2126,2,Tamil Nadu - 2026,30-Mar 2pm,3580.42117303458
2126,3,Tamil Nadu - 2026,30-Mar 2pm,3590.705402453806
2126,4,Tamil Nadu - 2026,30-Mar 2pm,3608.000126500432
2127,1,Tamil Nadu - 2026,30-Mar 3pm,3632.305345174453
2127,2,Tamil Nadu - 2026,30-Mar 3pm,3665.711931950634
2127,3,Tamil Nadu - 2026,30-Mar 3pm,3708.2198868289806
2127,4,Tamil Nadu - 2026,30-Mar 3pm,3760.302836045933
2128,1,Tamil Nadu - 2026,30-Mar 4pm,3821.960779601493
2128,2,Tamil Nadu - 2026,30-Mar 4pm,3888.261086602225
2128,3,Tamil Nadu - 2026,30-Mar 4pm,3959.203757048128
2128,4,Tamil Nadu - 2026,30-Mar 4pm,4044.294376748154
2129,1,Tamil Nadu - 2026,30-Mar 5pm,4143.532945702298
2129,2,Tamil Nadu - 2026,30-Mar 5pm,4204.8185799503135
2129,3,Tamil Nadu - 2026,30-Mar 5pm,4228.151279492202
2129,4,Tamil Nadu - 2026,30-Mar 5pm,4211.067194855186
2130,1,Tamil Nadu - 2026,30-Mar 6pm,4153.566326039266
2130,2,Tamil Nadu - 2026,30-Mar 6pm,4122.5326538413565
2130,3,Tamil Nadu - 2026,30-Mar 6pm,4117.966178261459
2130,4,Tamil Nadu - 2026,30-Mar 6pm,4139.15484185792
2131,1,Tamil Nadu - 2026,30-Mar 7pm,4186.098644630744
2131,2,Tamil Nadu - 2026,30-Mar 7pm,4196.185950432925
2131,3,Tamil Nadu - 2026,30-Mar 7pm,4169.416759264462
2131,4,Tamil Nadu - 2026,30-Mar 7pm,4108.008645671868
2132,1,Tamil Nadu - 2026,30-Mar 8pm,4011.961609655143
2132,2,Tamil Nadu - 2026,30-Mar 8pm,3930.5818400822272
2132,3,Tamil Nadu - 2026,30-Mar 8pm,3863.8693369531215
2132,4,Tamil Nadu - 2026,30-Mar 8pm,3805.447213309509
2133,1,Tamil Nadu - 2026,30-Mar 9pm,3755.315469151392
2133,2,Tamil Nadu - 2026,30-Mar 9pm,3702.429237360732
2133,3,Tamil Nadu - 2026,30-Mar 9pm,3646.788517937529
2133,4,Tamil Nadu - 2026,30-Mar 9pm,3589.766775550348
2134,1,Tamil Nadu - 2026,30-Mar 10pm,3531.3640101991896
2134,2,Tamil Nadu - 2026,30-Mar 10pm,3474.384300990708
2134,3,Tamil Nadu - 2026,30-Mar 10pm,3418.827647924903
2134,4,Tamil Nadu - 2026,30-Mar 10pm,3362.5140408852
2135,1,Tamil Nadu - 2026,30-Mar 11pm,3305.4434798715984
2135,2,Tamil Nadu - 2026,30-Mar 11pm,3257.8919464768896
2135,3,Tamil Nadu - 2026,30-Mar 11pm,3219.859440701074
2135,4,Tamil Nadu - 2026,30-Mar 11pm,3190.975132950438
2136,1,Tamil Nadu - 2026,31-Mar 12am,3171.2390232249827
2136,2,Tamil Nadu - 2026,31-Mar 12am,3152.600107494195
2136,3,Tamil Nadu - 2026,31-Mar 12am,3135.05838575808
2136,4,Tamil Nadu - 2026,31-Mar 12am,3120.3024835227434
2137,1,Tamil Nadu - 2026,31-Mar 1am,3108.332400788189
2137,2,Tamil Nadu - 2026,31-Mar 1am,3097.067388548258
2137,3,Tamil Nadu - 2026,31-Mar 1am,3086.50744680295
2137,4,Tamil Nadu - 2026,31-Mar 1am,3077.7427638606027
2138,1,Tamil Nadu - 2026,31-Mar 2am,3070.7733397212123
2138,2,Tamil Nadu - 2026,31-Mar 2am,3061.1387935409366
2138,3,Tamil Nadu - 2026,31-Mar 2am,3048.8391253197747
2138,4,Tamil Nadu - 2026,31-Mar 2am,3032.9187414180765
2139,1,Tamil Nadu - 2026,31-Mar 3am,3013.377641835842
2139,2,Tamil Nadu - 2026,31-Mar 3am,3000.4097692548166
2139,3,Tamil Nadu - 2026,31-Mar 3am,2994.015123674999
2139,4,Tamil Nadu - 2026,31-Mar 3am,2991.6074652343423
2140,1,Tamil Nadu - 2026,31-Mar 4am,2993.1867939328454
2140,2,Tamil Nadu - 2026,31-Mar 4am,3004.0766062610505
2140,3,Tamil Nadu - 2026,31-Mar 4am,3024.276902218956
2140,4,Tamil Nadu - 2026,31-Mar 4am,3056.3896975871485
2141,1,Tamil Nadu - 2026,31-Mar 5am,3100.414992365625
2141,2,Tamil Nadu - 2026,31-Mar 5am,3135.417195380342
2141,3,Tamil Nadu - 2026,31-Mar 5am,3161.3963066313004
2141,4,Tamil Nadu - 2026,31-Mar 5am,3170.181505622732
2142,1,Tamil Nadu - 2026,31-Mar 6am,3161.7727923546367
2142,2,Tamil Nadu - 2026,31-Mar 6am,3206.1306809756584
2142,3,Tamil Nadu - 2026,31-Mar 6am,3303.2551714857973
2142,4,Tamil Nadu - 2026,31-Mar 6am,3462.271355183908
2143,1,Tamil Nadu - 2026,31-Mar 7am,3683.1792320699865
2143,2,Tamil Nadu - 2026,31-Mar 7am,3841.267740202272
2143,3,Tamil Nadu - 2026,31-Mar 7am,3936.536879580765
2143,4,Tamil Nadu - 2026,31-Mar 7am,3979.6361481469785
2144,1,Tamil Nadu - 2026,31-Mar 8am,3970.565545900916
2144,2,Tamil Nadu - 2026,31-Mar 8am,3970.1391471352417
2144,3,Tamil Nadu - 2026,31-Mar 8am,3978.356951849963
2144,4,Tamil Nadu - 2026,31-Mar 8am,3989.70835511388
2145,1,Tamil Nadu - 2026,31-Mar 9am,4004.1933569269927
2145,2,Tamil Nadu - 2026,31-Mar 9am,3994.061512583809
2145,3,Tamil Nadu - 2026,31-Mar 9am,3959.3128220843328
2145,4,Tamil Nadu - 2026,31-Mar 9am,3895.372308404866
2146,1,Tamil Nadu - 2026,31-Mar 10am,3802.2399715454058
2146,2,Tamil Nadu - 2026,31-Mar 10am,3735.1161183536287
2146,3,Tamil Nadu - 2026,31-Mar 10am,3694.000748829536
2146,4,Tamil Nadu - 2026,31-Mar 10am,3674.0231612714288
2147,1,Tamil Nadu - 2026,31-Mar 11am,3675.18335567931
2147,2,Tamil Nadu - 2026,31-Mar 11am,3671.505235415679
2147,3,Tamil Nadu - 2026,31-Mar 11am,3662.988800480538
2147,4,Tamil Nadu - 2026,31-Mar 11am,3655.4126084244735
2148,1,Tamil Nadu - 2026,31-Mar 12pm,3648.776659247482
2148,2,Tamil Nadu - 2026,31-Mar 12pm,3634.385704283555
2148,3,Tamil Nadu - 2026,31-Mar 12pm,3612.239743532687
2148,4,Tamil Nadu - 2026,31-Mar 12pm,3582.4978929362755
2149,1,Tamil Nadu - 2026,31-Mar 1pm,3545.1601524943217
2149,2,Tamil Nadu - 2026,31-Mar 1pm,3507.9670752244674
2149,3,Tamil Nadu - 2026,31-Mar 1pm,3470.918661126713
2149,4,Tamil Nadu - 2026,31-Mar 1pm,3426.4041111544984
2150,1,Tamil Nadu - 2026,31-Mar 2pm,3374.4234253078234
2150,2,Tamil Nadu - 2026,31-Mar 2pm,3352.9008448484087
2150,3,Tamil Nadu - 2026,31-Mar 2pm,3361.836369776256
2150,4,Tamil Nadu - 2026,31-Mar 2pm,3402.5493600675118
2151,1,Tamil Nadu - 2026,31-Mar 3pm,3475.0398157221766
2151,2,Tamil Nadu - 2026,31-Mar 3pm,3533.467335621648
2151,3,Tamil Nadu - 2026,31-Mar 3pm,3577.831919765925
2151,4,Tamil Nadu - 2026,31-Mar 3pm,3609.63092889025
2152,1,Tamil Nadu - 2026,31-Mar 4pm,3628.8643629946255
2152,2,Tamil Nadu - 2026,31-Mar 4pm,3672.388458786189
2152,3,Tamil Nadu - 2026,31-Mar 4pm,3740.20321626494
2152,4,Tamil Nadu - 2026,31-Mar 4pm,3837.5639619542458
2153,1,Tamil Nadu - 2026,31-Mar 5pm,3964.470695854105
2153,2,Tamil Nadu - 2026,31-Mar 5pm,4052.53522211718
2153,3,Tamil Nadu - 2026,31-Mar 5pm,4101.75754074347
2153,4,Tamil Nadu - 2026,31-Mar 5pm,4113.846541285247
2154,1,Tamil Nadu - 2026,31-Mar 6pm,4088.802223742511
2154,2,Tamil Nadu - 2026,31-Mar 6pm,4084.759446648963
2154,3,Tamil Nadu - 2026,31-Mar 6pm,4101.718210004605
2154,4,Tamil Nadu - 2026,31-Mar 6pm,4140.3501196039215
2155,1,Tamil Nadu - 2026,31-Mar 7pm,4200.655175446914
2155,2,Tamil Nadu - 2026,31-Mar 7pm,4220.468884232964
2155,3,Tamil Nadu - 2026,31-Mar 7pm,4199.791245962073
2155,4,Tamil Nadu - 2026,31-Mar 7pm,4139.344694358048
2156,1,Tamil Nadu - 2026,31-Mar 8pm,4039.129229420892
2156,2,Tamil Nadu - 2026,31-Mar 8pm,3956.974742108363
2156,3,Tamil Nadu - 2026,31-Mar 8pm,3892.881232420464
2156,4,Tamil Nadu - 2026,31-Mar 8pm,3840.894796050281
2157,1,Tamil Nadu - 2026,31-Mar 9pm,3801.015432997818
2157,2,Tamil Nadu - 2026,31-Mar 9pm,3751.1366781467623
2157,3,Tamil Nadu - 2026,31-Mar 9pm,3691.25853149712
2157,4,Tamil Nadu - 2026,31-Mar 9pm,3619.099357358299
2158,1,Tamil Nadu - 2026,31-Mar 10pm,3534.6591557302954
2158,2,Tamil Nadu - 2026,31-Mar 10pm,3473.734205872962
2158,3,Tamil Nadu - 2026,31-Mar 10pm,3436.324507786297
2158,4,Tamil Nadu - 2026,31-Mar 10pm,3450.702130610445
2159,1,Tamil Nadu - 2026,31-Mar 11pm,3516.8670743454054
2159,2,Tamil Nadu - 2026,31-Mar 11pm,3429.3906448904686
2159,3,Tamil Nadu - 2026,31-Mar 11pm,3188.272842245634
2159,4,Tamil Nadu - 2026,31-Mar 11pm,2756.949438518492
