source_row,quarter,State,Date,Hourly Demand Met (in MW)
0,1,Tamil Nadu - 2026,01-Jan 12am,3288.6725
0,2,Tamil Nadu - 2026,01-Jan 12am,3288.6725
0,3,Tamil Nadu - 2026,01-Jan 12am,3288.6725
0,4,Tamil Nadu - 2026,01-Jan 12am,3288.6725
1,1,Tamil Nadu - 2026,01-Jan 1am,3232.4425
1,2,Tamil Nadu - 2026,01-Jan 1am,3232.4425
1,3,Tamil Nadu - 2026,01-Jan 1am,3232.4425
1,4,Tamil Nadu - 2026,01-Jan 1am,3232.4425
2,1,Tamil Nadu - 2026,01-Jan 2am,3172.655
2,2,Tamil Nadu - 2026,01-Jan 2am,3172.655
2,3,Tamil Nadu - 2026,01-Jan 2am,3172.655
2,4,Tamil Nadu - 2026,01-Jan 2am,3172.655
3,1,Tamil Nadu - 2026,01-Jan 3am,3125.645
3,2,Tamil Nadu - 2026,01-Jan 3am,3125.645
3,3,Tamil Nadu - 2026,01-Jan 3am,3125.645
3,4,Tamil Nadu - 2026,01-Jan 3am,3125.645
4,1,Tamil Nadu - 2026,01-Jan 4am,3161.315
4,2,Tamil Nadu - 2026,01-Jan 4am,3161.315
4,3,Tamil Nadu - 2026,01-Jan 4am,3161.315
4,4,Tamil Nadu - 2026,01-Jan 4am,3161.315
5,1,Tamil Nadu - 2026,01-Jan 5am,3264.2875
5,2,Tamil Nadu - 2026,01-Jan 5am,3264.2875
5,3,Tamil Nadu - 2026,01-Jan 5am,3264.2875
5,4,Tamil Nadu - 2026,01-Jan 5am,3264.2875
6,1,Tamil Nadu - 2026,01-Jan 6am,3367.98
6,2,Tamil Nadu - 2026,01-Jan 6am,3367.98
6,3,Tamil Nadu - 2026,01-Jan 6am,3367.98
6,4,Tamil Nadu - 2026,01-Jan 6am,3367.98
7,1,Tamil Nadu - 2026,01-Jan 7am,3644.78
7,2,Tamil Nadu - 2026,01-Jan 7am,3644.78
7,3,Tamil Nadu - 2026,01-Jan 7am,3644.78
7,4,Tamil Nadu - 2026,01-Jan 7am,3644.78
8,1,Tamil Nadu - 2026,01-Jan 8am,3797.9975
8,2,Tamil Nadu - 2026,01-Jan 8am,3797.9975
8,3,Tamil Nadu - 2026,01-Jan 8am,3797.9975
8,4,Tamil Nadu - 2026,01-Jan 8am,3797.9975
9,1,Tamil Nadu - 2026,01-Jan 9am,4046.1875
9,2,Tamil Nadu - 2026,01-Jan 9am,4046.1875
9,3,Tamil Nadu - 2026,01-Jan 9am,4046.1875
9,4,Tamil Nadu - 2026,01-Jan 9am,4046.1875
10,1,Tamil Nadu - 2026,01-Jan 10am,4108.31
10,2,Tamil Nadu - 2026,01-Jan 10am,4108.31
10,3,Tamil Nadu - 2026,01-Jan 10am,4108.31
10,4,Tamil Nadu - 2026,01-Jan 10am,4108.31
11,1,Tamil Nadu - 2026,01-Jan 11am,4004.2325
11,2,Tamil Nadu - 2026,01-Jan 11am,4004.2325
11,3,Tamil Nadu - 2026,01-Jan 11am,4004.2325
11,4,Tamil Nadu - 2026,01-Jan 11am,4004.2325
12,1,Tamil Nadu - 2026,01-Jan 12pm,3956.2575
12,2,Tamil Nadu - 2026,01-Jan 12pm,3956.2575
12,3,Tamil Nadu - 2026,01-Jan 12pm,3956.2575
12,4,Tamil Nadu - 2026,01-Jan 12pm,3956.2575
13,1,Tamil Nadu - 2026,01-Jan 1pm,3926.755
13,2,Tamil Nadu - 2026,01-Jan 1pm,3926.755
13,3,Tamil Nadu - 2026,01-Jan 1pm,3926.755
13,4,Tamil Nadu - 2026,01-Jan 1pm,3926.755
14,1,Tamil Nadu - 2026,01-Jan 2pm,3676.795
14,2,Tamil Nadu - 2026,01-Jan 2pm,3676.795
14,3,Tamil Nadu - 2026,01-Jan 2pm,3676.795
14,4,Tamil Nadu - 2026,01-Jan 2pm,3676.795
15,1,Tamil Nadu - 2026,01-Jan 3pm,3762.965
15,2,Tamil Nadu - 2026,01-Jan 3pm,3762.965
15,3,Tamil Nadu - 2026,01-Jan 3pm,3762.965
15,4,Tamil Nadu - 2026,01-Jan 3pm,3762.965
16,1,Tamil Nadu - 2026,01-Jan 4pm,3776.195
16,2,Tamil Nadu - 2026,01-Jan 4pm,3776.195
16,3,Tamil Nadu - 2026,01-Jan 4pm,3776.195
16,4,Tamil Nadu - 2026,01-Jan 4pm,3776.195
17,1,Tamil Nadu - 2026,01-Jan 5pm,3653.7025
17,2,Tamil Nadu - 2026,01-Jan 5pm,3653.7025
17,3,Tamil Nadu - 2026,01-Jan 5pm,3653.7025
17,4,Tamil Nadu - 2026,01-Jan 5pm,3653.7025
18,1,Tamil Nadu - 2026,01-Jan 6pm,3761.08
18,2,Tamil Nadu - 2026,01-Jan 6pm,3761.08
18,3,Tamil Nadu - 2026,01-Jan 6pm,3761.08
18,4,Tamil Nadu - 2026,01-Jan 6pm,3761.08
19,1,Tamil Nadu - 2026,01-Jan 7pm,3716.3025
19,2,Tamil Nadu - 2026,01-Jan 7pm,3716.3025
19,3,Tamil Nadu - 2026,01-Jan 7pm,3716.3025
19,4,Tamil Nadu - 2026,01-Jan 7pm,3716.3025
20,1,Tamil Nadu - 2026,01-Jan 8pm,3544.0125
20,2,Tamil Nadu - 2026,01-Jan 8pm,3544.0125
20,3,Tamil Nadu - 2026,01-Jan 8pm,3544.0125
20,4,Tamil Nadu - 2026,01-Jan 8pm,3544.0125
21,1,Tamil Nadu - 2026,01-Jan 9pm,3401.1025
21,2,Tamil Nadu - 2026,01-Jan 9pm,3401.1025
21,3,Tamil Nadu - 2026,01-Jan 9pm,3401.1025
21,4,Tamil Nadu - 2026,01-Jan 9pm,3401.1025
22,1,Tamil Nadu - 2026,01-Jan 10pm,3244.98
22,2,Tamil Nadu - 2026,01-Jan 10pm,3244.98
22,3,Tamil Nadu - 2026,01-Jan 10pm,3244.98
22,4,Tamil Nadu - 2026,01-Jan 10pm,3244.98
23,1,Tamil Nadu - 2026,01-Jan 11pm,3087.49
23,2,Tamil Nadu - 2026,01-Jan 11pm,3087.49
23,3,Tamil Nadu - 2026,01-Jan 11pm,3087.49
23,4,Tamil Nadu - 2026,01-Jan 11pm,3087.49
24,1,Tamil Nadu - 2026,02-Jan 12am,3038.475
24,2,Tamil Nadu - 2026,02-Jan 12am,3038.475
24,3,Tamil Nadu - 2026,02-Jan 12am,3038.475
24,4,Tamil Nadu - 2026,02-Jan 12am,3038.475
25,1,Tamil Nadu - 2026,02-Jan 1am,2976.3225
25,2,Tamil Nadu - 2026,02-Jan 1am,2976.3225
25,3,Tamil Nadu - 2026,02-Jan 1am,2976.3225
25,4,Tamil Nadu - 2026,02-Jan 1am,2976.3225
26,1,Tamil Nadu - 2026,02-Jan 2am,2939.705
26,2,Tamil Nadu - 2026,02-Jan 2am,2939.705
26,3,Tamil Nadu - 2026,02-Jan 2am,2939.705
26,4,Tamil Nadu - 2026,02-Jan 2am,2939.705
27,1,Tamil Nadu - 2026,02-Jan 3am,2929.1825
27,2,Tamil Nadu - 2026,02-Jan 3am,2929.1825
27,3,Tamil Nadu - 2026,02-Jan 3am,2929.1825
27,4,Tamil Nadu - 2026,02-Jan 3am,2929.1825
28,1,Tamil Nadu - 2026,02-Jan 4am,2945.6675
28,2,Tamil Nadu - 2026,02-Jan 4am,2945.6675
28,3,Tamil Nadu - 2026,02-Jan 4am,2945.6675
28,4,Tamil Nadu - 2026,02-Jan 4am,2945.6675
29,1,Tamil Nadu - 2026,02-Jan 5am,3074.2775
29,2,Tamil Nadu - 2026,02-Jan 5am,3074.2775
29,3,Tamil Nadu - 2026,02-Jan 5am,3074.2775
29,4,Tamil Nadu - 2026,02-Jan 5am,3074.2775
30,1,Tamil Nadu - 2026,02-Jan 6am,3240.28
30,2,Tamil Nadu - 2026,02-Jan 6am,3240.28
30,3,Tamil Nadu - 2026,02-Jan 6am,3240.28
30,4,Tamil Nadu - 2026,02-Jan 6am,3240.28
31,1,Tamil Nadu - 2026,02-Jan 7am,3717.3425
31,2,Tamil Nadu - 2026,02-Jan 7am,3717.3425
31,3,Tamil Nadu - 2026,02-Jan 7am,3717.3425
31,4,Tamil Nadu - 2026,02-Jan 7am,3717.3425
32,1,Tamil Nadu - 2026,02-Jan 8am,3987.6825
32,2,Tamil Nadu - 2026,02-Jan 8am,3987.6825
32,3,Tamil Nadu - 2026,02-Jan 8am,3987.6825
32,4,Tamil Nadu - 2026,02-Jan 8am,3987.6825
33,1,Tamil Nadu - 2026,02-Jan 9am,4159.45
33,2,Tamil Nadu - 2026,02-Jan 9am,4159.45
33,3,Tamil Nadu - 2026,02-Jan 9am,4159.45
33,4,Tamil Nadu - 2026,02-Jan 9am,4159.45
34,1,Tamil Nadu - 2026,02-Jan 10am,4250.5075
34,2,Tamil Nadu - 2026,02-Jan 10am,4250.5075
34,3,Tamil Nadu - 2026,02-Jan 10am,4250.5075
34,4,Tamil Nadu - 2026,02-Jan 10am,4250.5075
35,1,Tamil Nadu - 2026,02-Jan 11am,4188.76
35,2,Tamil Nadu - 2026,02-Jan 11am,4188.76
35,3,Tamil Nadu - 2026,02-Jan 11am,4188.76
35,4,Tamil Nadu - 2026,02-Jan 11am,4188.76
36,1,Tamil Nadu - 2026,02-Jan 12pm,4145.785
36,2,Tamil Nadu - 2026,02-Jan 12pm,4145.785
36,3,Tamil Nadu - 2026,02-Jan 12pm,4145.785
36,4,Tamil Nadu - 2026,02-Jan 12pm,4145.785
37,1,Tamil Nadu - 2026,02-Jan 1pm,4115.2525
37,2,Tamil Nadu - 2026,02-Jan 1pm,4115.2525
37,3,Tamil Nadu - 2026,02-Jan 1pm,4115.2525
37,4,Tamil Nadu - 2026,02-Jan 1pm,4115.2525
38,1,Tamil Nadu - 2026,02-Jan 2pm,4044.0625
38,2,Tamil Nadu - 2026,02-Jan 2pm,4044.0625
38,3,Tamil Nadu - 2026,02-Jan 2pm,4044.0625
38,4,Tamil Nadu - 2026,02-Jan 2pm,4044.0625
39,1,Tamil Nadu - 2026,02-Jan 3pm,4095.475
39,2,Tamil Nadu - 2026,02-Jan 3pm,4095.475
39,3,Tamil Nadu - 2026,02-Jan 3pm,4095.475
39,4,Tamil Nadu - 2026,02-Jan 3pm,4095.475
40,1,Tamil Nadu - 2026,02-Jan 4pm,4201.56
40,2,Tamil Nadu - 2026,02-Jan 4pm,4201.56
40,3,Tamil Nadu - 2026,02-Jan 4pm,4201.56
40,4,Tamil Nadu - 2026,02-Jan 4pm,4201.56
41,1,Tamil Nadu - 2026,02-Jan 5pm,4297.4875
41,2,Tamil Nadu - 2026,02-Jan 5pm,4297.4875
41,3,Tamil Nadu - 2026,02-Jan 5pm,4297.4875
41,4,Tamil Nadu - 2026,02-Jan 5pm,4297.4875
42,1,Tamil Nadu - 2026,02-Jan 6pm,4228.49
42,2,Tamil Nadu - 2026,02-Jan 6pm,4228.49
42,3,Tamil Nadu - 2026,02-Jan 6pm,4228.49
42,4,Tamil Nadu - 2026,02-Jan 6pm,4228.49
43,1,Tamil Nadu - 2026,02-Jan 7pm,4164.66
43,2,Tamil Nadu - 2026,02-Jan 7pm,4164.66
43,3,Tamil Nadu - 2026,02-Jan 7pm,4164.66
43,4,Tamil Nadu - 2026,02-Jan 7pm,4164.66
44,1,Tamil Nadu - 2026,02-Jan 8pm,3899.245
44,2,Tamil Nadu - 2026,02-Jan 8pm,3899.245
44,3,Tamil Nadu - 2026,02-Jan 8pm,3899.245
44,4,Tamil Nadu - 2026,02-Jan 8pm,3899.245
45,1,Tamil Nadu - 2026,02-Jan 9pm,3711.3275
45,2,Tamil Nadu - 2026,02-Jan 9pm,3711.3275
45,3,Tamil Nadu - 2026,02-Jan 9pm,3711.3275
45,4,Tamil Nadu - 2026,02-Jan 9pm,3711.3275
46,1,Tamil Nadu - 2026,02-Jan 10pm,3508.15
46,2,Tamil Nadu - 2026,02-Jan 10pm,3508.15
46,3,Tamil Nadu - 2026,02-Jan 10pm,3508.15
46,4,Tamil Nadu - 2026,02-Jan 10pm,3508.15
47,1,Tamil Nadu - 2026,02-Jan 11pm,3342.7625
47,2,Tamil Nadu - 2026,02-Jan 11pm,3342.7625
47,3,Tamil Nadu - 2026,02-Jan 11pm,3342.7625
47,4,Tamil Nadu - 2026,02-Jan 11pm,3342.7625
48,1,Tamil Nadu - 2026,03-Jan 12am,3246.7125
48,2,Tamil Nadu - 2026,03-Jan 12am,3246.7125
48,3,Tamil Nadu - 2026,03-Jan 12am,3246.7125
48,4,Tamil Nadu - 2026,03-Jan 12am,3246.7125
49,1,Tamil Nadu - 2026,03-Jan 1am,3164.645
49,2,Tamil Nadu - 2026,03-Jan 1am,3164.645
49,3,Tamil Nadu - 2026,03-Jan 1am,3164.645
49,4,Tamil Nadu - 2026,03-Jan 1am,3164.645
50,1,Tamil Nadu - 2026,03-Jan 2am,3099.6275
50,2,Tamil Nadu - 2026,03-Jan 2am,3099.6275
50,3,Tamil Nadu - 2026,03-Jan 2am,3099.6275
50,4,Tamil Nadu - 2026,03-Jan 2am,3099.6275
51,1,Tamil Nadu - 2026,03-Jan 3am,3093.1375
51,2,Tamil Nadu - 2026,03-Jan 3am,3093.1375
51,3,Tamil Nadu - 2026,03-Jan 3am,3093.1375
51,4,Tamil Nadu - 2026,03-Jan 3am,3093.1375
52,1,Tamil Nadu - 2026,03-Jan 4am,3112.61
52,2,Tamil Nadu - 2026,03-Jan 4am,3112.61
52,3,Tamil Nadu - 2026,03-Jan 4am,3112.61
52,4,Tamil Nadu - 2026,03-Jan 4am,3112.61
53,1,Tamil Nadu - 2026,03-Jan 5am,3227.3325
53,2,Tamil Nadu - 2026,03-Jan 5am,3227.3325
53,3,Tamil Nadu - 2026,03-Jan 5am,3227.3325
53,4,Tamil Nadu - 2026,03-Jan 5am,3227.3325
54,1,Tamil Nadu - 2026,03-Jan 6am,3339.45
54,2,Tamil Nadu - 2026,03-Jan 6am,3339.45
54,3,Tamil Nadu - 2026,03-Jan 6am,3339.45
54,4,Tamil Nadu - 2026,03-Jan 6am,3339.45
55,1,Tamil Nadu - 2026,03-Jan 7am,3715.3775
55,2,Tamil Nadu - 2026,03-Jan 7am,3715.3775
55,3,Tamil Nadu - 2026,03-Jan 7am,3715.3775
55,4,Tamil Nadu - 2026,03-Jan 7am,3715.3775
56,1,Tamil Nadu - 2026,03-Jan 8am,3952.8325
56,2,Tamil Nadu - 2026,03-Jan 8am,3952.8325
56,3,Tamil Nadu - 2026,03-Jan 8am,3952.8325
56,4,Tamil Nadu - 2026,03-Jan 8am,3952.8325
57,1,Tamil Nadu - 2026,03-Jan 9am,4090.34
57,2,Tamil Nadu - 2026,03-Jan 9am,4090.34
57,3,Tamil Nadu - 2026,03-Jan 9am,4090.34
57,4,Tamil Nadu - 2026,03-Jan 9am,4090.34
58,1,Tamil Nadu - 2026,03-Jan 10am,3890.9975
58,2,Tamil Nadu - 2026,03-Jan 10am,3890.9975
58,3,Tamil Nadu - 2026,03-Jan 10am,3890.9975
58,4,Tamil Nadu - 2026,03-Jan 10am,3890.9975
59,1,Tamil Nadu - 2026,03-Jan 11am,3789.9775
59,2,Tamil Nadu - 2026,03-Jan 11am,3789.9775
59,3,Tamil Nadu - 2026,03-Jan 11am,3789.9775
59,4,Tamil Nadu - 2026,03-Jan 11am,3789.9775
60,1,Tamil Nadu - 2026,03-Jan 12pm,3837.3575
60,2,Tamil Nadu - 2026,03-Jan 12pm,3837.3575
60,3,Tamil Nadu - 2026,03-Jan 12pm,3837.3575
60,4,Tamil Nadu - 2026,03-Jan 12pm,3837.3575
61,1,Tamil Nadu - 2026,03-Jan 1pm,3690.7025
61,2,Tamil Nadu - 2026,03-Jan 1pm,3690.7025
61,3,Tamil Nadu - 2026,03-Jan 1pm,3690.7025
61,4,Tamil Nadu - 2026,03-Jan 1pm,3690.7025
62,1,Tamil Nadu - 2026,03-Jan 2pm,3657.5775
62,2,Tamil Nadu - 2026,03-Jan 2pm,3657.5775
62,3,Tamil Nadu - 2026,03-Jan 2pm,3657.5775
62,4,Tamil Nadu - 2026,03-Jan 2pm,3657.5775
63,1,Tamil Nadu - 2026,03-Jan 3pm,3750.0925
63,2,Tamil Nadu - 2026,03-Jan 3pm,3750.0925
63,3,Tamil Nadu - 2026,03-Jan 3pm,3750.0925
63,4,Tamil Nadu - 2026,03-Jan 3pm,3750.0925
64,1,Tamil Nadu - 2026,03-Jan 4pm,3855.37
64,2,Tamil Nadu - 2026,03-Jan 4pm,3855.37
64,3,Tamil Nadu - 2026,03-Jan 4pm,3855.37
64,4,Tamil Nadu - 2026,03-Jan 4pm,3855.37
65,1,Tamil Nadu - 2026,03-Jan 5pm,4157.14
65,2,Tamil Nadu - 2026,03-Jan 5pm,4157.14
65,3,Tamil Nadu - 2026,03-Jan 5pm,4157.14
65,4,Tamil Nadu - 2026,03-Jan 5pm,4157.14
66,1,Tamil Nadu - 2026,03-Jan 6pm,4144.9525
66,2,Tamil Nadu - 2026,03-Jan 6pm,4144.9525
66,3,Tamil Nadu - 2026,03-Jan 6pm,4144.9525
66,4,Tamil Nadu - 2026,03-Jan 6pm,4144.9525
67,1,Tamil Nadu - 2026,03-Jan 7pm,4063.96
67,2,Tamil Nadu - 2026,03-Jan 7pm,4063.96
67,3,Tamil Nadu - 2026,03-Jan 7pm,4063.96
67,4,Tamil Nadu - 2026,03-Jan 7pm,4063.96
68,1,Tamil Nadu - 2026,03-Jan 8pm,3778.7525
68,2,Tamil Nadu - 2026,03-Jan 8pm,3778.7525
68,3,Tamil Nadu - 2026,03-Jan 8pm,3778.7525
68,4,Tamil Nadu - 2026,03-Jan 8pm,3778.7525
69,1,Tamil Nadu - 2026,03-Jan 9pm,3636.05
69,2,Tamil Nadu - 2026,03-Jan 9pm,3636.05
69,3,Tamil Nadu - 2026,03-Jan 9pm,3636.05
69,4,Tamil Nadu - 2026,03-Jan 9pm,3636.05
70,1,Tamil Nadu - 2026,03-Jan 10pm,3424.535
70,2,Tamil Nadu - 2026,03-Jan 10pm,3424.535
70,3,Tamil Nadu - 2026,03-Jan 10pm,3424.535
70,4,Tamil Nadu - 2026,03-Jan 10pm,3424.535
71,1,Tamil Nadu - 2026,03-Jan 11pm,3213.59
71,2,Tamil Nadu - 2026,03-Jan 11pm,3213.59
71,3,Tamil Nadu - 2026,03-Jan 11pm,3213.59
71,4,Tamil Nadu - 2026,03-Jan 11pm,3213.59
72,1,Tamil Nadu - 2026,04-Jan 12am,3129.7
72,2,Tamil Nadu - 2026,04-Jan 12am,3129.7
72,3,Tamil Nadu - 2026,04-Jan 12am,3129.7
72,4,Tamil Nadu - 2026,04-Jan 12am,3129.7
73,1,Tamil Nadu - 2026,04-Jan 1am,3041.7175
73,2,Tamil Nadu - 2026,04-Jan 1am,3041.7175
73,3,Tamil Nadu - 2026,04-Jan 1am,3041.7175
73,4,Tamil Nadu - 2026,04-Jan 1am,3041.7175
74,1,Tamil Nadu - 2026,04-Jan 2am,2989.03
74,2,Tamil Nadu - 2026,04-Jan 2am,2989.03
74,3,Tamil Nadu - 2026,04-Jan 2am,2989.03
74,4,Tamil Nadu - 2026,04-Jan 2am,2989.03
75,1,Tamil Nadu - 2026,04-Jan 3am,2987.38
75,2,Tamil Nadu - 2026,04-Jan 3am,2987.38
75,3,Tamil Nadu - 2026,04-Jan 3am,2987.38
75,4,Tamil Nadu - 2026,04-Jan 3am,2987.38
76,1,Tamil Nadu - 2026,04-Jan 4am,2992.2725
76,2,Tamil Nadu - 2026,04-Jan 4am,2992.2725
76,3,Tamil Nadu - 2026,04-Jan 4am,2992.2725
76,4,Tamil Nadu - 2026,04-Jan 4am,2992.2725
77,1,Tamil Nadu - 2026,04-Jan 5am,3092.03
77,2,Tamil Nadu - 2026,04-Jan 5am,3092.03
77,3,Tamil Nadu - 2026,04-Jan 5am,3092.03
77,4,Tamil Nadu - 2026,04-Jan 5am,3092.03
78,1,Tamil Nadu - 2026,04-Jan 6am,3161.0325
78,2,Tamil Nadu - 2026,04-Jan 6am,3161.0325
78,3,Tamil Nadu - 2026,04-Jan 6am,3161.0325
78,4,Tamil Nadu - 2026,04-Jan 6am,3161.0325
79,1,Tamil Nadu - 2026,04-Jan 7am,3458.6475
79,2,Tamil Nadu - 2026,04-Jan 7am,3458.6475
79,3,Tamil Nadu - 2026,04-Jan 7am,3458.6475
79,4,Tamil Nadu - 2026,04-Jan 7am,3458.6475
80,1,Tamil Nadu - 2026,04-Jan 8am,3577.52
80,2,Tamil Nadu - 2026,04-Jan 8am,3577.52
80,3,Tamil Nadu - 2026,04-Jan 8am,3577.52
80,4,Tamil Nadu - 2026,04-Jan 8am,3577.52
81,1,Tamil Nadu - 2026,04-Jan 9am,3653.57
81,2,Tamil Nadu - 2026,04-Jan 9am,3653.57
81,3,Tamil Nadu - 2026,04-Jan 9am,3653.57
81,4,Tamil Nadu - 2026,04-Jan 9am,3653.57
82,1,Tamil Nadu - 2026,04-Jan 10am,3559.8625
82,2,Tamil Nadu - 2026,04-Jan 10am,3559.8625
82,3,Tamil Nadu - 2026,04-Jan 10am,3559.8625
82,4,Tamil Nadu - 2026,04-Jan 10am,3559.8625
83,1,Tamil Nadu - 2026,04-Jan 11am,3457.905
83,2,Tamil Nadu - 2026,04-Jan 11am,3457.905
83,3,Tamil Nadu - 2026,04-Jan 11am,3457.905
83,4,Tamil Nadu - 2026,04-Jan 11am,3457.905
84,1,Tamil Nadu - 2026,04-Jan 12pm,3386.5775
84,2,Tamil Nadu - 2026,04-Jan 12pm,3386.5775
84,3,Tamil Nadu - 2026,04-Jan 12pm,3386.5775
84,4,Tamil Nadu - 2026,04-Jan 12pm,3386.5775
85,1,Tamil Nadu - 2026,04-Jan 1pm,3294.3275
85,2,Tamil Nadu - 2026,04-Jan 1pm,3294.3275
85,3,Tamil Nadu - 2026,04-Jan 1pm,3294.3275
85,4,Tamil Nadu - 2026,04-Jan 1pm,3294.3275
86,1,Tamil Nadu - 2026,04-Jan 2pm,3273.585
86,2,Tamil Nadu - 2026,04-Jan 2pm,3273.585
86,3,Tamil Nadu - 2026,04-Jan 2pm,3273.585
86,4,Tamil Nadu - 2026,04-Jan 2pm,3273.585
87,1,Tamil Nadu - 2026,04-Jan 3pm,3323.01
87,2,Tamil Nadu - 2026,04-Jan 3pm,3323.01
87,3,Tamil Nadu - 2026,04-Jan 3pm,3323.01
87,4,Tamil Nadu - 2026,04-Jan 3pm,3323.01
88,1,Tamil Nadu - 2026,04-Jan 4pm,3480.9
88,2,Tamil Nadu - 2026,04-Jan 4pm,3480.9
88,3,Tamil Nadu - 2026,04-Jan 4pm,3480.9
88,4,Tamil Nadu - 2026,04-Jan 4pm,3480.9
89,1,Tamil Nadu - 2026,04-Jan 5pm,3603.825
89,2,Tamil Nadu - 2026,04-Jan 5pm,3603.825
89,3,Tamil Nadu - 2026,04-Jan 5pm,3603.825
89,4,Tamil Nadu - 2026,04-Jan 5pm,3603.825
90,1,Tamil Nadu - 2026,04-Jan 6pm,3684.23
90,2,Tamil Nadu - 2026,04-Jan 6pm,3684.23
90,3,Tamil Nadu - 2026,04-Jan 6pm,3684.23
90,4,Tamil Nadu - 2026,04-Jan 6pm,3684.23
91,1,Tamil Nadu - 2026,04-Jan 7pm,3602.8925
91,2,Tamil Nadu - 2026,04-Jan 7pm,3602.8925
91,3,Tamil Nadu - 2026,04-Jan 7pm,3602.8925
91,4,Tamil Nadu - 2026,04-Jan 7pm,3602.8925
92,1,Tamil Nadu - 2026,04-Jan 8pm,3402.5875
92,2,Tamil Nadu - 2026,04-Jan 8pm,3402.5875
92,3,Tamil Nadu - 2026,04-Jan 8pm,3402.5875
92,4,Tamil Nadu - 2026,04-Jan 8pm,3402.5875
93,1,Tamil Nadu - 2026,04-Jan 9pm,3262.0325
93,2,Tamil Nadu - 2026,04-Jan 9pm,3262.0325
93,3,Tamil Nadu - 2026,04-Jan 9pm,3262.0325
93,4,Tamil Nadu - 2026,04-Jan 9pm,3262.0325
94,1,Tamil Nadu - 2026,04-Jan 10pm,3105.5375
94,2,Tamil Nadu - 2026,04-Jan 10pm,3105.5375
94,3,Tamil Nadu - 2026,04-Jan 10pm,3105.5375
94,4,Tamil Nadu - 2026,04-Jan 10pm,3105.5375
95,1,Tamil Nadu - 2026,04-Jan 11pm,2885.3675
95,2,Tamil Nadu - 2026,04-Jan 11pm,2885.3675
95,3,Tamil Nadu - 2026,04-Jan 11pm,2885.3675
95,4,Tamil Nadu - 2026,04-Jan 11pm,2885.3675
96,1,Tamil Nadu - 2026,05-Jan 12am,2796.265
96,2,Tamil Nadu - 2026,05-Jan 12am,2796.265
96,3,Tamil Nadu - 2026,05-Jan 12am,2796.265
96,4,Tamil Nadu - 2026,05-Jan 12am,2796.265
97,1,Tamil Nadu - 2026,05-Jan 1am,2781.015
97,2,Tamil Nadu - 2026,05-Jan 1am,2781.015
97,3,Tamil Nadu - 2026,05-Jan 1am,2781.015
97,4,Tamil Nadu - 2026,05-Jan 1am,2781.015
98,1,Tamil Nadu - 2026,05-Jan 2am,2771.0275
98,2,Tamil Nadu - 2026,05-Jan 2am,2771.0275
98,3,Tamil Nadu - 2026,05-Jan 2am,2771.0275
98,4,Tamil Nadu - 2026,05-Jan 2am,2771.0275
99,1,Tamil Nadu - 2026,05-Jan 3am,2713.8025
99,2,Tamil Nadu - 2026,05-Jan 3am,2713.8025
99,3,Tamil Nadu - 2026,05-Jan 3am,2713.8025
99,4,Tamil Nadu - 2026,05-Jan 3am,2713.8025
100,1,Tamil Nadu - 2026,05-Jan 4am,2755.25
100,2,Tamil Nadu - 2026,05-Jan 4am,2755.25
100,3,Tamil Nadu - 2026,05-Jan 4am,2755.25
100,4,Tamil Nadu - 2026,05-Jan 4am,2755.25
101,1,Tamil Nadu - 2026,05-Jan 5am,2909.2675
101,2,Tamil Nadu - 2026,05-Jan 5am,2909.2675
101,3,Tamil Nadu - 2026,05-Jan 5am,2909.2675
101,4,Tamil Nadu - 2026,05-Jan 5am,2909.2675
102,1,Tamil Nadu - 2026,05-Jan 6am,3181.53
102,2,Tamil Nadu - 2026,05-Jan 6am,3181.53
102,3,Tamil Nadu - 2026,05-Jan 6am,3181.53
102,4,Tamil Nadu - 2026,05-Jan 6am,3181.53
103,1,Tamil Nadu - 2026,05-Jan 7am,3855.2775
103,2,Tamil Nadu - 2026,05-Jan 7am,3855.2775
103,3,Tamil Nadu - 2026,05-Jan 7am,3855.2775
103,4,Tamil Nadu - 2026,05-Jan 7am,3855.2775
104,1,Tamil Nadu - 2026,05-Jan 8am,3999.3775
104,2,Tamil Nadu - 2026,05-Jan 8am,3999.3775
104,3,Tamil Nadu - 2026,05-Jan 8am,3999.3775
104,4,Tamil Nadu - 2026,05-Jan 8am,3999.3775
105,1,Tamil Nadu - 2026,05-Jan 9am,3945.205
105,2,Tamil Nadu - 2026,05-Jan 9am,3945.205
105,3,Tamil Nadu - 2026,05-Jan 9am,3945.205
105,4,Tamil Nadu - 2026,05-Jan 9am,3945.205
106,1,Tamil Nadu - 2026,05-Jan 10am,3921.45
106,2,Tamil Nadu - 2026,05-Jan 10am,3921.45
106,3,Tamil Nadu - 2026,05-Jan 10am,3921.45
106,4,Tamil Nadu - 2026,05-Jan 10am,3921.45
107,1,Tamil Nadu - 2026,05-Jan 11am,3898.4575
107,2,Tamil Nadu - 2026,05-Jan 11am,3898.4575
107,3,Tamil Nadu - 2026,05-Jan 11am,3898.4575
107,4,Tamil Nadu - 2026,05-Jan 11am,3898.4575
108,1,Tamil Nadu - 2026,05-Jan 12pm,3833.8175
108,2,Tamil Nadu - 2026,05-Jan 12pm,3833.8175
108,3,Tamil Nadu - 2026,05-Jan 12pm,3833.8175
108,4,Tamil Nadu - 2026,05-Jan 12pm,3833.8175
109,1,Tamil Nadu - 2026,05-Jan 1pm,3697.2475
109,2,Tamil Nadu - 2026,05-Jan 1pm,3697.2475
109,3,Tamil Nadu - 2026,05-Jan 1pm,3697.2475
109,4,Tamil Nadu - 2026,05-Jan 1pm,3697.2475
110,1,Tamil Nadu - 2026,05-Jan 2pm,3616.78
110,2,Tamil Nadu - 2026,05-Jan 2pm,3616.78
110,3,Tamil Nadu - 2026,05-Jan 2pm,3616.78
110,4,Tamil Nadu - 2026,05-Jan 2pm,3616.78
111,1,Tamil Nadu - 2026,05-Jan 3pm,3879.9075
111,2,Tamil Nadu - 2026,05-Jan 3pm,3879.9075
111,3,Tamil Nadu - 2026,05-Jan 3pm,3879.9075
111,4,Tamil Nadu - 2026,05-Jan 3pm,3879.9075
112,1,Tamil Nadu - 2026,05-Jan 4pm,4023.31
112,2,Tamil Nadu - 2026,05-Jan 4pm,4023.31
112,3,Tamil Nadu - 2026,05-Jan 4pm,4023.31
112,4,Tamil Nadu - 2026,05-Jan 4pm,4023.31
113,1,Tamil Nadu - 2026,05-Jan 5pm,4309.2925
113,2,Tamil Nadu - 2026,05-Jan 5pm,4309.2925
113,3,Tamil Nadu - 2026,05-Jan 5pm,4309.2925
113,4,Tamil Nadu - 2026,05-Jan 5pm,4309.2925
114,1,Tamil Nadu - 2026,05-Jan 6pm,4339.7175
114,2,Tamil Nadu - 2026,05-Jan 6pm,4339.7175
114,3,Tamil Nadu - 2026,05-Jan 6pm,4339.7175
114,4,Tamil Nadu - 2026,05-Jan 6pm,4339.7175
115,1,Tamil Nadu - 2026,05-Jan 7pm,4158.845
115,2,Tamil Nadu - 2026,05-Jan 7pm,4158.845
115,3,Tamil Nadu - 2026,05-Jan 7pm,4158.845
115,4,Tamil Nadu - 2026,05-Jan 7pm,4158.845
116,1,Tamil Nadu - 2026,05-Jan 8pm,3887.58
116,2,Tamil Nadu - 2026,05-Jan 8pm,3887.58
116,3,Tamil Nadu - 2026,05-Jan 8pm,3887.58
116,4,Tamil Nadu - 2026,05-Jan 8pm,3887.58
117,1,Tamil Nadu - 2026,05-Jan 9pm,3608.1475
117,2,Tamil Nadu - 2026,05-Jan 9pm,3608.1475
117,3,Tamil Nadu - 2026,05-Jan 9pm,3608.1475
117,4,Tamil Nadu - 2026,05-Jan 9pm,3608.1475
118,1,Tamil Nadu - 2026,05-Jan 10pm,3391.2125
118,2,Tamil Nadu - 2026,05-Jan 10pm,3391.2125
118,3,Tamil Nadu - 2026,05-Jan 10pm,3391.2125
118,4,Tamil Nadu - 2026,05-Jan 10pm,3391.2125
119,1,Tamil Nadu - 2026,05-Jan 11pm,3216.835
119,2,Tamil Nadu - 2026,05-Jan 11pm,3216.835
119,3,Tamil Nadu - 2026,05-Jan 11pm,3216.835
119,4,Tamil Nadu - 2026,05-Jan 11pm,3216.835
120,1,Tamil Nadu - 2026,06-Jan 12am,3124.6775
120,2,Tamil Nadu - 2026,06-Jan 12am,3124.6775
120,3,Tamil Nadu - 2026,06-Jan 12am,3124.6775
120,4,Tamil Nadu - 2026,06-Jan 12am,3124.6775
121,1,Tamil Nadu - 2026,06-Jan 1am,3093.3425
121,2,Tamil Nadu - 2026,06-Jan 1am,3093.3425
121,3,Tamil Nadu - 2026,06-Jan 1am,3093.3425
121,4,Tamil Nadu - 2026,06-Jan 1am,3093.3425
122,1,Tamil Nadu - 2026,06-Jan 2am,3080.48
122,2,Tamil Nadu - 2026,06-Jan 2am,3080.48
122,3,Tamil Nadu - 2026,06-Jan 2am,3080.48
122,4,Tamil Nadu - 2026,06-Jan 2am,3080.48
123,1,Tamil Nadu - 2026,06-Jan 3am,3043.76
123,2,Tamil Nadu - 2026,06-Jan 3am,3043.76
123,3,Tamil Nadu - 2026,06-Jan 3am,3043.76
123,4,Tamil Nadu - 2026,06-Jan 3am,3043.76
124,1,Tamil Nadu - 2026,06-Jan 4am,3065.4175
124,2,Tamil Nadu - 2026,06-Jan 4am,3065.4175
124,3,Tamil Nadu - 2026,06-Jan 4am,3065.4175
124,4,Tamil Nadu - 2026,06-Jan 4am,3065.4175
125,1,Tamil Nadu - 2026,06-Jan 5am,3178.84
125,2,Tamil Nadu - 2026,06-Jan 5am,3178.84
125,3,Tamil Nadu - 2026,06-Jan 5am,3178.84
125,4,Tamil Nadu - 2026,06-Jan 5am,3178.84
126,1,Tamil Nadu - 2026,06-Jan 6am,3482.5
126,2,Tamil Nadu - 2026,06-Jan 6am,3482.5
126,3,Tamil Nadu - 2026,06-Jan 6am,3482.5
126,4,Tamil Nadu - 2026,06-Jan 6am,3482.5
127,1,Tamil Nadu - 2026,06-Jan 7am,4101.235
127,2,Tamil Nadu - 2026,06-Jan 7am,4101.235
127,3,Tamil Nadu - 2026,06-Jan 7am,4101.235
127,4,Tamil Nadu - 2026,06-Jan 7am,4101.235
128,1,Tamil Nadu - 2026,06-Jan 8am,3971.99
128,2,Tamil Nadu - 2026,06-Jan 8am,3971.99
128,3,Tamil Nadu - 2026,06-Jan 8am,3971.99
128,4,Tamil Nadu - 2026,06-Jan 8am,3971.99
129,1,Tamil Nadu - 2026,06-Jan 9am,4158.095
129,2,Tamil Nadu - 2026,06-Jan 9am,4158.095
129,3,Tamil Nadu - 2026,06-Jan 9am,4158.095
129,4,Tamil Nadu - 2026,06-Jan 9am,4158.095
130,1,Tamil Nadu - 2026,06-Jan 10am,3975.2925
130,2,Tamil Nadu - 2026,06-Jan 10am,3975.2925
130,3,Tamil Nadu - 2026,06-Jan 10am,3975.2925
130,4,Tamil Nadu - 2026,06-Jan 10am,3975.2925
131,1,Tamil Nadu - 2026,06-Jan 11am,3879.895
131,2,Tamil Nadu - 2026,06-Jan 11am,3879.895
131,3,Tamil Nadu - 2026,06-Jan 11am,3879.895
131,4,Tamil Nadu - 2026,06-Jan 11am,3879.895
132,1,Tamil Nadu - 2026,06-Jan 12pm,3835.14
132,2,Tamil Nadu - 2026,06-Jan 12pm,3835.14
132,3,Tamil Nadu - 2026,06-Jan 12pm,3835.14
132,4,Tamil Nadu - 2026,06-Jan 12pm,3835.14
133,1,Tamil Nadu - 2026,06-Jan 1pm,3743.94
133,2,Tamil Nadu - 2026,06-Jan 1pm,3743.94
133,3,Tamil Nadu - 2026,06-Jan 1pm,3743.94
133,4,Tamil Nadu - 2026,06-Jan 1pm,3743.94
134,1,Tamil Nadu - 2026,06-Jan 2pm,3730.4525
134,2,Tamil Nadu - 2026,06-Jan 2pm,3730.4525
134,3,Tamil Nadu - 2026,06-Jan 2pm,3730.4525
134,4,Tamil Nadu - 2026,06-Jan 2pm,3730.4525
135,1,Tamil Nadu - 2026,06-Jan 3pm,3871.6625
135,2,Tamil Nadu - 2026,06-Jan 3pm,3871.6625
135,3,Tamil Nadu - 2026,06-Jan 3pm,3871.6625
135,4,Tamil Nadu - 2026,06-Jan 3pm,3871.6625
136,1,Tamil Nadu - 2026,06-Jan 4pm,4010.405
136,2,Tamil Nadu - 2026,06-Jan 4pm,4010.405
136,3,Tamil Nadu - 2026,06-Jan 4pm,4010.405
136,4,Tamil Nadu - 2026,06-Jan 4pm,4010.405
137,1,Tamil Nadu - 2026,06-Jan 5pm,4185.2825
137,2,Tamil Nadu - 2026,06-Jan 5pm,4185.2825
137,3,Tamil Nadu - 2026,06-Jan 5pm,4185.2825
137,4,Tamil Nadu - 2026,06-Jan 5pm,4185.2825
138,1,Tamil Nadu - 2026,06-Jan 6pm,4239.2475
138,2,Tamil Nadu - 2026,06-Jan 6pm,4239.2475
138,3,Tamil Nadu - 2026,06-Jan 6pm,4239.2475
138,4,Tamil Nadu - 2026,06-Jan 6pm,4239.2475
139,1,Tamil Nadu - 2026,06-Jan 7pm,4227.925
139,2,Tamil Nadu - 2026,06-Jan 7pm,4227.925
139,3,Tamil Nadu - 2026,06-Jan 7pm,4227.925
139,4,Tamil Nadu - 2026,06-Jan 7pm,4227.925
140,1,Tamil Nadu - 2026,06-Jan 8pm,3977.36
140,2,Tamil Nadu - 2026,06-Jan 8pm,3977.36
140,3,Tamil Nadu - 2026,06-Jan 8pm,3977.36
140,4,Tamil Nadu - 2026,06-Jan 8pm,3977.36
141,1,Tamil Nadu - 2026,06-Jan 9pm,3730.2125
141,2,Tamil Nadu - 2026,06-Jan 9pm,3730.2125
141,3,Tamil Nadu - 2026,06-Jan 9pm,3730.2125
141,4,Tamil Nadu - 2026,06-Jan 9pm,3730.2125
142,1,Tamil Nadu - 2026,06-Jan 10pm,3506.7825
142,2,Tamil Nadu - 2026,06-Jan 10pm,3506.7825
142,3,Tamil Nadu - 2026,06-Jan 10pm,3506.7825
142,4,Tamil Nadu - 2026,06-Jan 10pm,3506.7825
143,1,Tamil Nadu - 2026,06-Jan 11pm,3354.6225
143,2,Tamil Nadu - 2026,06-Jan 11pm,3354.6225
143,3,Tamil Nadu - 2026,06-Jan 11pm,3354.6225
143,4,Tamil Nadu - 2026,06-Jan 11pm,3354.6225
144,1,Tamil Nadu - 2026,07-Jan 12am,3235.5375
144,2,Tamil Nadu - 2026,07-Jan 12am,3235.5375
144,3,Tamil Nadu - 2026,07-Jan 12am,3235.5375
144,4,Tamil Nadu - 2026,07-Jan 12am,3235.5375
145,1,Tamil Nadu - 2026,07-Jan 1am,3186.895
145,2,Tamil Nadu - 2026,07-Jan 1am,3186.895
145,3,Tamil Nadu - 2026,07-Jan 1am,3186.895
145,4,Tamil Nadu - 2026,07-Jan 1am,3186.895
146,1,Tamil Nadu - 2026,07-Jan 2am,3107.63
146,2,Tamil Nadu - 2026,07-Jan 2am,3107.63
146,3,Tamil Nadu - 2026,07-Jan 2am,3107.63
146,4,Tamil Nadu - 2026,07-Jan 2am,3107.63
147,1,Tamil Nadu - 2026,07-Jan 3am,3072.66
147,2,Tamil Nadu - 2026,07-Jan 3am,3072.66
147,3,Tamil Nadu - 2026,07-Jan 3am,3072.66
147,4,Tamil Nadu - 2026,07-Jan 3am,3072.66
148,1,Tamil Nadu - 2026,07-Jan 4am,3093.2125
148,2,Tamil Nadu - 2026,07-Jan 4am,3093.2125
148,3,Tamil Nadu - 2026,07-Jan 4am,3093.2125
148,4,Tamil Nadu - 2026,07-Jan 4am,3093.2125
149,1,Tamil Nadu - 2026,07-Jan 5am,3210.785
149,2,Tamil Nadu - 2026,07-Jan 5am,3210.785
149,3,Tamil Nadu - 2026,07-Jan 5am,3210.785
149,4,Tamil Nadu - 2026,07-Jan 5am,3210.785
150,1,Tamil Nadu - 2026,07-Jan 6am,3433.7375
150,2,Tamil Nadu - 2026,07-Jan 6am,3433.7375
150,3,Tamil Nadu - 2026,07-Jan 6am,3433.7375
150,4,Tamil Nadu - 2026,07-Jan 6am,3433.7375
151,1,Tamil Nadu - 2026,07-Jan 7am,4106.925
151,2,Tamil Nadu - 2026,07-Jan 7am,4106.925
151,3,Tamil Nadu - 2026,07-Jan 7am,4106.925
151,4,Tamil Nadu - 2026,07-Jan 7am,4106.925
152,1,Tamil Nadu - 2026,07-Jan 8am,4268.49
152,2,Tamil Nadu - 2026,07-Jan 8am,4268.49
152,3,Tamil Nadu - 2026,07-Jan 8am,4268.49
152,4,Tamil Nadu - 2026,07-Jan 8am,4268.49
153,1,Tamil Nadu - 2026,07-Jan 9am,4002.2
153,2,Tamil Nadu - 2026,07-Jan 9am,4002.2
153,3,Tamil Nadu - 2026,07-Jan 9am,4002.2
153,4,Tamil Nadu - 2026,07-Jan 9am,4002.2
154,1,Tamil Nadu - 2026,07-Jan 10am,3978.0075
154,2,Tamil Nadu - 2026,07-Jan 10am,3978.0075
154,3,Tamil Nadu - 2026,07-Jan 10am,3978.0075
154,4,Tamil Nadu - 2026,07-Jan 10am,3978.0075
155,1,Tamil Nadu - 2026,07-Jan 11am,3927.7825
155,2,Tamil Nadu - 2026,07-Jan 11am,3927.7825
155,3,Tamil Nadu - 2026,07-Jan 11am,3927.7825
155,4,Tamil Nadu - 2026,07-Jan 11am,3927.7825
156,1,Tamil Nadu - 2026,07-Jan 12pm,3841.4925
156,2,Tamil Nadu - 2026,07-Jan 12pm,3841.4925
156,3,Tamil Nadu - 2026,07-Jan 12pm,3841.4925
156,4,Tamil Nadu - 2026,07-Jan 12pm,3841.4925
157,1,Tamil Nadu - 2026,07-Jan 1pm,3663.2375
157,2,Tamil Nadu - 2026,07-Jan 1pm,3663.2375
157,3,Tamil Nadu - 2026,07-Jan 1pm,3663.2375
157,4,Tamil Nadu - 2026,07-Jan 1pm,3663.2375
158,1,Tamil Nadu - 2026,07-Jan 2pm,3655.7325
158,2,Tamil Nadu - 2026,07-Jan 2pm,3655.7325
158,3,Tamil Nadu - 2026,07-Jan 2pm,3655.7325
158,4,Tamil Nadu - 2026,07-Jan 2pm,3655.7325
159,1,Tamil Nadu - 2026,07-Jan 3pm,3780.545
159,2,Tamil Nadu - 2026,07-Jan 3pm,3780.545
159,3,Tamil Nadu - 2026,07-Jan 3pm,3780.545
159,4,Tamil Nadu - 2026,07-Jan 3pm,3780.545
160,1,Tamil Nadu - 2026,07-Jan 4pm,3961.23
160,2,Tamil Nadu - 2026,07-Jan 4pm,3961.23
160,3,Tamil Nadu - 2026,07-Jan 4pm,3961.23
160,4,Tamil Nadu - 2026,07-Jan 4pm,3961.23
161,1,Tamil Nadu - 2026,07-Jan 5pm,4198.615
161,2,Tamil Nadu - 2026,07-Jan 5pm,4198.615
161,3,Tamil Nadu - 2026,07-Jan 5pm,4198.615
161,4,Tamil Nadu - 2026,07-Jan 5pm,4198.615
162,1,Tamil Nadu - 2026,07-Jan 6pm,4146.49
162,2,Tamil Nadu - 2026,07-Jan 6pm,4146.49
162,3,Tamil Nadu - 2026,07-Jan 6pm,4146.49
162,4,Tamil Nadu - 2026,07-Jan 6pm,4146.49
163,1,Tamil Nadu - 2026,07-Jan 7pm,4085.125
163,2,Tamil Nadu - 2026,07-Jan 7pm,4085.125
163,3,Tamil Nadu - 2026,07-Jan 7pm,4085.125
163,4,Tamil Nadu - 2026,07-Jan 7pm,4085.125
164,1,Tamil Nadu - 2026,07-Jan 8pm,3778.2375
164,2,Tamil Nadu - 2026,07-Jan 8pm,3778.2375
164,3,Tamil Nadu - 2026,07-Jan 8pm,3778.2375
164,4,Tamil Nadu - 2026,07-Jan 8pm,3778.2375
165,1,Tamil Nadu - 2026,07-Jan 9pm,3589.93
165,2,Tamil Nadu - 2026,07-Jan 9pm,3589.93
165,3,Tamil Nadu - 2026,07-Jan 9pm,3589.93
165,4,Tamil Nadu - 2026,07-Jan 9pm,3589.93
166,1,Tamil Nadu - 2026,07-Jan 10pm,3335.635
166,2,Tamil Nadu - 2026,07-Jan 10pm,3335.635
166,3,Tamil Nadu - 2026,07-Jan 10pm,3335.635
166,4,Tamil Nadu - 2026,07-Jan 10pm,3335.635
167,1,Tamil Nadu - 2026,07-Jan 11pm,3125.7925
167,2,Tamil Nadu - 2026,07-Jan 11pm,3125.7925
167,3,Tamil Nadu - 2026,07-Jan 11pm,3125.7925
167,4,Tamil Nadu - 2026,07-Jan 11pm,3125.7925
168,1,Tamil Nadu - 2026,08-Jan 12am,3035.6625
168,2,Tamil Nadu - 2026,08-Jan 12am,3035.6625
168,3,Tamil Nadu - 2026,08-Jan 12am,3035.6625
168,4,Tamil Nadu - 2026,08-Jan 12am,3035.6625
169,1,Tamil Nadu - 2026,08-Jan 1am,3012.1975
169,2,Tamil Nadu - 2026,08-Jan 1am,3012.1975
169,3,Tamil Nadu - 2026,08-Jan 1am,3012.1975
169,4,Tamil Nadu - 2026,08-Jan 1am,3012.1975
170,1,Tamil Nadu - 2026,08-Jan 2am,2989.27
170,2,Tamil Nadu - 2026,08-Jan 2am,2989.27
170,3,Tamil Nadu - 2026,08-Jan 2am,2989.27
170,4,Tamil Nadu - 2026,08-Jan 2am,2989.27
171,1,Tamil Nadu - 2026,08-Jan 3am,2953.81
171,2,Tamil Nadu - 2026,08-Jan 3am,2953.81
171,3,Tamil Nadu - 2026,08-Jan 3am,2953.81
171,4,Tamil Nadu - 2026,08-Jan 3am,2953.81
172,1,Tamil Nadu - 2026,08-Jan 4am,2979.5375
172,2,Tamil Nadu - 2026,08-Jan 4am,2979.5375
172,3,Tamil Nadu - 2026,08-Jan 4am,2979.5375
172,4,Tamil Nadu - 2026,08-Jan 4am,2979.5375
173,1,Tamil Nadu - 2026,08-Jan 5am,3048.325
173,2,Tamil Nadu - 2026,08-Jan 5am,3048.325
173,3,Tamil Nadu - 2026,08-Jan 5am,3048.325
173,4,Tamil Nadu - 2026,08-Jan 5am,3048.325
174,1,Tamil Nadu - 2026,08-Jan 6am,3365.4175
174,2,Tamil Nadu - 2026,08-Jan 6am,3365.4175
174,3,Tamil Nadu - 2026,08-Jan 6am,3365.4175
174,4,Tamil Nadu - 2026,08-Jan 6am,3365.4175
175,1,Tamil Nadu - 2026,08-Jan 7am,4012.235
175,2,Tamil Nadu - 2026,08-Jan 7am,4012.235
175,3,Tamil Nadu - 2026,08-Jan 7am,4012.235
175,4,Tamil Nadu - 2026,08-Jan 7am,4012.235
176,1,Tamil Nadu - 2026,08-Jan 8am,4144.5525
176,2,Tamil Nadu - 2026,08-Jan 8am,4144.5525
176,3,Tamil Nadu - 2026,08-Jan 8am,4144.5525
176,4,Tamil Nadu - 2026,08-Jan 8am,4144.5525
177,1,Tamil Nadu - 2026,08-Jan 9am,3819.885
177,2,Tamil Nadu - 2026,08-Jan 9am,3819.885
177,3,Tamil Nadu - 2026,08-Jan 9am,3819.885
177,4,Tamil Nadu - 2026,08-Jan 9am,3819.885
178,1,Tamil Nadu - 2026,08-Jan 10am,4082.12
178,2,Tamil Nadu - 2026,08-Jan 10am,4082.12
178,3,Tamil Nadu - 2026,08-Jan 10am,4082.12
178,4,Tamil Nadu - 2026,08-Jan 10am,4082.12
179,1,Tamil Nadu - 2026,08-Jan 11am,4002.54
179,2,Tamil Nadu - 2026,08-Jan 11am,4002.54
179,3,Tamil Nadu - 2026,08-Jan 11am,4002.54
179,4,Tamil Nadu - 2026,08-Jan 11am,4002.54
180,1,Tamil Nadu - 2026,08-Jan 12pm,3863.825
180,2,Tamil Nadu - 2026,08-Jan 12pm,3863.825
180,3,Tamil Nadu - 2026,08-Jan 12pm,3863.825
180,4,Tamil Nadu - 2026,08-Jan 12pm,3863.825
181,1,Tamil Nadu - 2026,08-Jan 1pm,3824.0725
181,2,Tamil Nadu - 2026,08-Jan 1pm,3824.0725
181,3,Tamil Nadu - 2026,08-Jan 1pm,3824.0725
181,4,Tamil Nadu - 2026,08-Jan 1pm,3824.0725
182,1,Tamil Nadu - 2026,08-Jan 2pm,3730.65
182,2,Tamil Nadu - 2026,08-Jan 2pm,3730.65
182,3,Tamil Nadu - 2026,08-Jan 2pm,3730.65
182,4,Tamil Nadu - 2026,08-Jan 2pm,3730.65
183,1,Tamil Nadu - 2026,08-Jan 3pm,3847.9425
183,2,Tamil Nadu - 2026,08-Jan 3pm,3847.9425
183,3,Tamil Nadu - 2026,08-Jan 3pm,3847.9425
183,4,Tamil Nadu - 2026,08-Jan 3pm,3847.9425
184,1,Tamil Nadu - 2026,08-Jan 4pm,3954.045
184,2,Tamil Nadu - 2026,08-Jan 4pm,3954.045
184,3,Tamil Nadu - 2026,08-Jan 4pm,3954.045
184,4,Tamil Nadu - 2026,08-Jan 4pm,3954.045
185,1,Tamil Nadu - 2026,08-Jan 5pm,4128.76
185,2,Tamil Nadu - 2026,08-Jan 5pm,4128.76
185,3,Tamil Nadu - 2026,08-Jan 5pm,4128.76
185,4,Tamil Nadu - 2026,08-Jan 5pm,4128.76
186,1,Tamil Nadu - 2026,08-Jan 6pm,4089.455
186,2,Tamil Nadu - 2026,08-Jan 6pm,4089.455
186,3,Tamil Nadu - 2026,08-Jan 6pm,4089.455
186,4,Tamil Nadu - 2026,08-Jan 6pm,4089.455
187,1,Tamil Nadu - 2026,08-Jan 7pm,4104.125
187,2,Tamil Nadu - 2026,08-Jan 7pm,4104.125
187,3,Tamil Nadu - 2026,08-Jan 7pm,4104.125
187,4,Tamil Nadu - 2026,08-Jan 7pm,4104.125
188,1,Tamil Nadu - 2026,08-Jan 8pm,3825.9175
188,2,Tamil Nadu - 2026,08-Jan 8pm,3825.9175
188,3,Tamil Nadu - 2026,08-Jan 8pm,3825.9175
188,4,Tamil Nadu - 2026,08-Jan 8pm,3825.9175
189,1,Tamil Nadu - 2026,08-Jan 9pm,3598.6875
189,2,Tamil Nadu - 2026,08-Jan 9pm,3598.6875
189,3,Tamil Nadu - 2026,08-Jan 9pm,3598.6875
189,4,Tamil Nadu - 2026,08-Jan 9pm,3598.6875
190,1,Tamil Nadu - 2026,08-Jan 10pm,3393.565
190,2,Tamil Nadu - 2026,08-Jan 10pm,3393.565
190,3,Tamil Nadu - 2026,08-Jan 10pm,3393.565
190,4,Tamil Nadu - 2026,08-Jan 10pm,3393.565
191,1,Tamil Nadu - 2026,08-Jan 11pm,3133.565
191,2,Tamil Nadu - 2026,08-Jan 11pm,3133.565
191,3,Tamil Nadu - 2026,08-Jan 11pm,3133.565
191,4,Tamil Nadu - 2026,08-Jan 11pm,3133.565
192,1,Tamil Nadu - 2026,09-Jan 12am,3033.7925
192,2,Tamil Nadu - 2026,09-Jan 12am,3033.7925
192,3,Tamil Nadu - 2026,09-Jan 12am,3033.7925
192,4,Tamil Nadu - 2026,09-Jan 12am,3033.7925
193,1,Tamil Nadu - 2026,09-Jan 1am,2986.0975
193,2,Tamil Nadu - 2026,09-Jan 1am,2986.0975
193,3,Tamil Nadu - 2026,09-Jan 1am,2986.0975
193,4,Tamil Nadu - 2026,09-Jan 1am,2986.0975
194,1,Tamil Nadu - 2026,09-Jan 2am,2935.8475
194,2,Tamil Nadu - 2026,09-Jan 2am,2935.8475
194,3,Tamil Nadu - 2026,09-Jan 2am,2935.8475
194,4,Tamil Nadu - 2026,09-Jan 2am,2935.8475
195,1,Tamil Nadu - 2026,09-Jan 3am,2911.92
195,2,Tamil Nadu - 2026,09-Jan 3am,2911.92
195,3,Tamil Nadu - 2026,09-Jan 3am,2911.92
195,4,Tamil Nadu - 2026,09-Jan 3am,2911.92
196,1,Tamil Nadu - 2026,09-Jan 4am,2946.8825
196,2,Tamil Nadu - 2026,09-Jan 4am,2946.8825
196,3,Tamil Nadu - 2026,09-Jan 4am,2946.8825
196,4,Tamil Nadu - 2026,09-Jan 4am,2946.8825
197,1,Tamil Nadu - 2026,09-Jan 5am,3096.6675
197,2,Tamil Nadu - 2026,09-Jan 5am,3096.6675
197,3,Tamil Nadu - 2026,09-Jan 5am,3096.6675
197,4,Tamil Nadu - 2026,09-Jan 5am,3096.6675
198,1,Tamil Nadu - 2026,09-Jan 6am,3399.1425
198,2,Tamil Nadu - 2026,09-Jan 6am,3399.1425
198,3,Tamil Nadu - 2026,09-Jan 6am,3399.1425
198,4,Tamil Nadu - 2026,09-Jan 6am,3399.1425
199,1,Tamil Nadu - 2026,09-Jan 7am,4060.66
199,2,Tamil Nadu - 2026,09-Jan 7am,4060.66
199,3,Tamil Nadu - 2026,09-Jan 7am,4060.66
199,4,Tamil Nadu - 2026,09-Jan 7am,4060.66
200,1,Tamil Nadu - 2026,09-Jan 8am,4302.0025
200,2,Tamil Nadu - 2026,09-Jan 8am,4302.0025
200,3,Tamil Nadu - 2026,09-Jan 8am,4302.0025
200,4,Tamil Nadu - 2026,09-Jan 8am,4302.0025
201,1,Tamil Nadu - 2026,09-Jan 9am,4205.8225
201,2,Tamil Nadu - 2026,09-Jan 9am,4205.8225
201,3,Tamil Nadu - 2026,09-Jan 9am,4205.8225
201,4,Tamil Nadu - 2026,09-Jan 9am,4205.8225
202,1,Tamil Nadu - 2026,09-Jan 10am,4204.8925
202,2,Tamil Nadu - 2026,09-Jan 10am,4204.8925
202,3,Tamil Nadu - 2026,09-Jan 10am,4204.8925
202,4,Tamil Nadu - 2026,09-Jan 10am,4204.8925
203,1,Tamil Nadu - 2026,09-Jan 11am,4030.4975
203,2,Tamil Nadu - 2026,09-Jan 11am,4030.4975
203,3,Tamil Nadu - 2026,09-Jan 11am,4030.4975
203,4,Tamil Nadu - 2026,09-Jan 11am,4030.4975
204,1,Tamil Nadu - 2026,09-Jan 12pm,3944.6375
204,2,Tamil Nadu - 2026,09-Jan 12pm,3944.6375
204,3,Tamil Nadu - 2026,09-Jan 12pm,3944.6375
204,4,Tamil Nadu - 2026,09-Jan 12pm,3944.6375
205,1,Tamil Nadu - 2026,09-Jan 1pm,3836.33
205,2,Tamil Nadu - 2026,09-Jan 1pm,3836.33
205,3,Tamil Nadu - 2026,09-Jan 1pm,3836.33
205,4,Tamil Nadu - 2026,09-Jan 1pm,3836.33
206,1,Tamil Nadu - 2026,09-Jan 2pm,3773.855
206,2,Tamil Nadu - 2026,09-Jan 2pm,3773.855
206,3,Tamil Nadu - 2026,09-Jan 2pm,3773.855
206,4,Tamil Nadu - 2026,09-Jan 2pm,3773.855
207,1,Tamil Nadu - 2026,09-Jan 3pm,3897.835
207,2,Tamil Nadu - 2026,09-Jan 3pm,3897.835
207,3,Tamil Nadu - 2026,09-Jan 3pm,3897.835
207,4,Tamil Nadu - 2026,09-Jan 3pm,3897.835
208,1,Tamil Nadu - 2026,09-Jan 4pm,4077.0625
208,2,Tamil Nadu - 2026,09-Jan 4pm,4077.0625
208,3,Tamil Nadu - 2026,09-Jan 4pm,4077.0625
208,4,Tamil Nadu - 2026,09-Jan 4pm,4077.0625
209,1,Tamil Nadu - 2026,09-Jan 5pm,4197.03
209,2,Tamil Nadu - 2026,09-Jan 5pm,4197.03
209,3,Tamil Nadu - 2026,09-Jan 5pm,4197.03
209,4,Tamil Nadu - 2026,09-Jan 5pm,4197.03
210,1,Tamil Nadu - 2026,09-Jan 6pm,4120.9825
210,2,Tamil Nadu - 2026,09-Jan 6pm,4120.9825
210,3,Tamil Nadu - 2026,09-Jan 6pm,4120.9825
210,4,Tamil Nadu - 2026,09-Jan 6pm,4120.9825
211,1,Tamil Nadu - 2026,09-Jan 7pm,4035.32
211,2,Tamil Nadu - 2026,09-Jan 7pm,4035.32
211,3,Tamil Nadu - 2026,09-Jan 7pm,4035.32
211,4,Tamil Nadu - 2026,09-Jan 7pm,4035.32
212,1,Tamil Nadu - 2026,09-Jan 8pm,3796.0475
212,2,Tamil Nadu - 2026,09-Jan 8pm,3796.0475
212,3,Tamil Nadu - 2026,09-Jan 8pm,3796.0475
212,4,Tamil Nadu - 2026,09-Jan 8pm,3796.0475
213,1,Tamil Nadu - 2026,09-Jan 9pm,3578.475
213,2,Tamil Nadu - 2026,09-Jan 9pm,3578.475
213,3,Tamil Nadu - 2026,09-Jan 9pm,3578.475
213,4,Tamil Nadu - 2026,09-Jan 9pm,3578.475
214,1,Tamil Nadu - 2026,09-Jan 10pm,3380.8125
214,2,Tamil Nadu - 2026,09-Jan 10pm,3380.8125
214,3,Tamil Nadu - 2026,09-Jan 10pm,3380.8125
214,4,Tamil Nadu - 2026,09-Jan 10pm,3380.8125
215,1,Tamil Nadu - 2026,09-Jan 11pm,3153.9325
215,2,Tamil Nadu - 2026,09-Jan 11pm,3153.9325
215,3,Tamil Nadu - 2026,09-Jan 11pm,3153.9325
215,4,Tamil Nadu - 2026,09-Jan 11pm,3153.9325
216,1,Tamil Nadu - 2026,10-Jan 12am,3024.7975
216,2,Tamil Nadu - 2026,10-Jan 12am,3024.7975
216,3,Tamil Nadu - 2026,10-Jan 12am,3024.7975
216,4,Tamil Nadu - 2026,10-Jan 12am,3024.7975
217,1,Tamil Nadu - 2026,10-Jan 1am,2978.38
217,2,Tamil Nadu - 2026,10-Jan 1am,2978.38
217,3,Tamil Nadu - 2026,10-Jan 1am,2978.38
217,4,Tamil Nadu - 2026,10-Jan 1am,2978.38
218,1,Tamil Nadu - 2026,10-Jan 2am,2943.145
218,2,Tamil Nadu - 2026,10-Jan 2am,2943.145
218,3,Tamil Nadu - 2026,10-Jan 2am,2943.145
218,4,Tamil Nadu - 2026,10-Jan 2am,2943.145
219,1,Tamil Nadu - 2026,10-Jan 3am,2933.3575
219,2,Tamil Nadu - 2026,10-Jan 3am,2933.3575
219,3,Tamil Nadu - 2026,10-Jan 3am,2933.3575
219,4,Tamil Nadu - 2026,10-Jan 3am,2933.3575
220,1,Tamil Nadu - 2026,10-Jan 4am,2949.0175
220,2,Tamil Nadu - 2026,10-Jan 4am,2949.0175
220,3,Tamil Nadu - 2026,10-Jan 4am,2949.0175
220,4,Tamil Nadu - 2026,10-Jan 4am,2949.0175
221,1,Tamil Nadu - 2026,10-Jan 5am,3072.5325
221,2,Tamil Nadu - 2026,10-Jan 5am,3072.5325
221,3,Tamil Nadu - 2026,10-Jan 5am,3072.5325
221,4,Tamil Nadu - 2026,10-Jan 5am,3072.5325
222,1,Tamil Nadu - 2026,10-Jan 6am,3232.3375
222,2,Tamil Nadu - 2026,10-Jan 6am,3232.3375
222,3,Tamil Nadu - 2026,10-Jan 6am,3232.3375
222,4,Tamil Nadu - 2026,10-Jan 6am,3232.3375
223,1,Tamil Nadu - 2026,10-Jan 7am,3722.675
223,2,Tamil Nadu - 2026,10-Jan 7am,3722.675
223,3,Tamil Nadu - 2026,10-Jan 7am,3722.675
223,4,Tamil Nadu - 2026,10-Jan 7am,3722.675
224,1,Tamil Nadu - 2026,10-Jan 8am,3952.295
224,2,Tamil Nadu - 2026,10-Jan 8am,3952.295
224,3,Tamil Nadu - 2026,10-Jan 8am,3952.295
224,4,Tamil Nadu - 2026,10-Jan 8am,3952.295
225,1,Tamil Nadu - 2026,10-Jan 9am,4033.1675
225,2,Tamil Nadu - 2026,10-Jan 9am,4033.1675
225,3,Tamil Nadu - 2026,10-Jan 9am,4033.1675
225,4,Tamil Nadu - 2026,10-Jan 9am,4033.1675
226,1,Tamil Nadu - 2026,10-Jan 10am,3957.7325
226,2,Tamil Nadu - 2026,10-Jan 10am,3957.7325
226,3,Tamil Nadu - 2026,10-Jan 10am,3957.7325
226,4,Tamil Nadu - 2026,10-Jan 10am,3957.7325
227,1,Tamil Nadu - 2026,10-Jan 11am,3870.8775
227,2,Tamil Nadu - 2026,10-Jan 11am,3870.8775
227,3,Tamil Nadu - 2026,10-Jan 11am,3870.8775
227,4,Tamil Nadu - 2026,10-Jan 11am,3870.8775
228,1,Tamil Nadu - 2026,10-Jan 12pm,3920.7725
228,2,Tamil Nadu - 2026,10-Jan 12pm,3920.7725
228,3,Tamil Nadu - 2026,10-Jan 12pm,3920.7725
228,4,Tamil Nadu - 2026,10-Jan 12pm,3920.7725
229,1,Tamil Nadu - 2026,10-Jan 1pm,3667.775
229,2,Tamil Nadu - 2026,10-Jan 1pm,3667.775
229,3,Tamil Nadu - 2026,10-Jan 1pm,3667.775
229,4,Tamil Nadu - 2026,10-Jan 1pm,3667.775
230,1,Tamil Nadu - 2026,10-Jan 2pm,3753.9725
230,2,Tamil Nadu - 2026,10-Jan 2pm,3753.9725
230,3,Tamil Nadu - 2026,10-Jan 2pm,3753.9725
230,4,Tamil Nadu - 2026,10-Jan 2pm,3753.9725
231,1,Tamil Nadu - 2026,10-Jan 3pm,3797.0325
231,2,Tamil Nadu - 2026,10-Jan 3pm,3797.0325
231,3,Tamil Nadu - 2026,10-Jan 3pm,3797.0325
231,4,Tamil Nadu - 2026,10-Jan 3pm,3797.0325
232,1,Tamil Nadu - 2026,10-Jan 4pm,3986.42
232,2,Tamil Nadu - 2026,10-Jan 4pm,3986.42
232,3,Tamil Nadu - 2026,10-Jan 4pm,3986.42
232,4,Tamil Nadu - 2026,10-Jan 4pm,3986.42
233,1,Tamil Nadu - 2026,10-Jan 5pm,4061.6025
233,2,Tamil Nadu - 2026,10-Jan 5pm,4061.6025
233,3,Tamil Nadu - 2026,10-Jan 5pm,4061.6025
233,4,Tamil Nadu - 2026,10-Jan 5pm,4061.6025
234,1,Tamil Nadu - 2026,10-Jan 6pm,3942.44
234,2,Tamil Nadu - 2026,10-Jan 6pm,3942.44
234,3,Tamil Nadu - 2026,10-Jan 6pm,3942.44
234,4,Tamil Nadu - 2026,10-Jan 6pm,3942.44
235,1,Tamil Nadu - 2026,10-Jan 7pm,3853.56
235,2,Tamil Nadu - 2026,10-Jan 7pm,3853.56
235,3,Tamil Nadu - 2026,10-Jan 7pm,3853.56
235,4,Tamil Nadu - 2026,10-Jan 7pm,3853.56
236,1,Tamil Nadu - 2026,10-Jan 8pm,3672.5375
236,2,Tamil Nadu - 2026,10-Jan 8pm,3672.5375
236,3,Tamil Nadu - 2026,10-Jan 8pm,3672.5375
236,4,Tamil Nadu - 2026,10-Jan 8pm,3672.5375
237,1,Tamil Nadu - 2026,10-Jan 9pm,3483.9125
237,2,Tamil Nadu - 2026,10-Jan 9pm,3483.9125
237,3,Tamil Nadu - 2026,10-Jan 9pm,3483.9125
237,4,Tamil Nadu - 2026,10-Jan 9pm,3483.9125
238,1,Tamil Nadu - 2026,10-Jan 10pm,3276.455
238,2,Tamil Nadu - 2026,10-Jan 10pm,3276.455
238,3,Tamil Nadu - 2026,10-Jan 10pm,3276.455
238,4,Tamil Nadu - 2026,10-Jan 10pm,3276.455
239,1,Tamil Nadu - 2026,10-Jan 11pm,3091.6075
239,2,Tamil Nadu - 2026,10-Jan 11pm,3091.6075
239,3,Tamil Nadu - 2026,10-Jan 11pm,3091.6075
239,4,Tamil Nadu - 2026,10-Jan 11pm,3091.6075
240,1,Tamil Nadu - 2026,11-Jan 12am,2997.2025
240,2,Tamil Nadu - 2026,11-Jan 12am,2997.2025
240,3,Tamil Nadu - 2026,11-Jan 12am,2997.2025
240,4,Tamil Nadu - 2026,11-Jan 12am,2997.2025
241,1,Tamil Nadu - 2026,11-Jan 1am,2907.74
241,2,Tamil Nadu - 2026,11-Jan 1am,2907.74
241,3,Tamil Nadu - 2026,11-Jan 1am,2907.74
241,4,Tamil Nadu - 2026,11-Jan 1am,2907.74
242,1,Tamil Nadu - 2026,11-Jan 2am,2917.055
242,2,Tamil Nadu - 2026,11-Jan 2am,2917.055
242,3,Tamil Nadu - 2026,11-Jan 2am,2917.055
242,4,Tamil Nadu - 2026,11-Jan 2am,2917.055
243,1,Tamil Nadu - 2026,11-Jan 3am,2838.285
243,2,Tamil Nadu - 2026,11-Jan 3am,2838.285
243,3,Tamil Nadu - 2026,11-Jan 3am,2838.285
243,4,Tamil Nadu - 2026,11-Jan 3am,2838.285
244,1,Tamil Nadu - 2026,11-Jan 4am,2828.64
244,2,Tamil Nadu - 2026,11-Jan 4am,2828.64
244,3,Tamil Nadu - 2026,11-Jan 4am,2828.64
244,4,Tamil Nadu - 2026,11-Jan 4am,2828.64
245,1,Tamil Nadu - 2026,11-Jan 5am,2879.89
245,2,Tamil Nadu - 2026,11-Jan 5am,2879.89
245,3,Tamil Nadu - 2026,11-Jan 5am,2879.89
245,4,Tamil Nadu - 2026,11-Jan 5am,2879.89
246,1,Tamil Nadu - 2026,11-Jan 6am,2963.3125
246,2,Tamil Nadu - 2026,11-Jan 6am,2963.3125
246,3,Tamil Nadu - 2026,11-Jan 6am,2963.3125
246,4,Tamil Nadu - 2026,11-Jan 6am,2963.3125
247,1,Tamil Nadu - 2026,11-Jan 7am,3227.745
247,2,Tamil Nadu - 2026,11-Jan 7am,3227.745
247,3,Tamil Nadu - 2026,11-Jan 7am,3227.745
247,4,Tamil Nadu - 2026,11-Jan 7am,3227.745
248,1,Tamil Nadu - 2026,11-Jan 8am,3490.265
248,2,Tamil Nadu - 2026,11-Jan 8am,3490.265
248,3,Tamil Nadu - 2026,11-Jan 8am,3490.265
248,4,Tamil Nadu - 2026,11-Jan 8am,3490.265
249,1,Tamil Nadu - 2026,11-Jan 9am,3576.5875
249,2,Tamil Nadu - 2026,11-Jan 9am,3576.5875
249,3,Tamil Nadu - 2026,11-Jan 9am,3576.5875
249,4,Tamil Nadu - 2026,11-Jan 9am,3576.5875
250,1,Tamil Nadu - 2026,11-Jan 10am,3577.4025
250,2,Tamil Nadu - 2026,11-Jan 10am,3577.4025
250,3,Tamil Nadu - 2026,11-Jan 10am,3577.4025
250,4,Tamil Nadu - 2026,11-Jan 10am,3577.4025
251,1,Tamil Nadu - 2026,11-Jan 11am,3471.9425
251,2,Tamil Nadu - 2026,11-Jan 11am,3471.9425
251,3,Tamil Nadu - 2026,11-Jan 11am,3471.9425
251,4,Tamil Nadu - 2026,11-Jan 11am,3471.9425
252,1,Tamil Nadu - 2026,11-Jan 12pm,3478.69
252,2,Tamil Nadu - 2026,11-Jan 12pm,3478.69
252,3,Tamil Nadu - 2026,11-Jan 12pm,3478.69
252,4,Tamil Nadu - 2026,11-Jan 12pm,3478.69
253,1,Tamil Nadu - 2026,11-Jan 1pm,3347.61
253,2,Tamil Nadu - 2026,11-Jan 1pm,3347.61
253,3,Tamil Nadu - 2026,11-Jan 1pm,3347.61
253,4,Tamil Nadu - 2026,11-Jan 1pm,3347.61
254,1,Tamil Nadu - 2026,11-Jan 2pm,3294.7025
254,2,Tamil Nadu - 2026,11-Jan 2pm,3294.7025
254,3,Tamil Nadu - 2026,11-Jan 2pm,3294.7025
254,4,Tamil Nadu - 2026,11-Jan 2pm,3294.7025
255,1,Tamil Nadu - 2026,11-Jan 3pm,3289.7725
255,2,Tamil Nadu - 2026,11-Jan 3pm,3289.7725
255,3,Tamil Nadu - 2026,11-Jan 3pm,3289.7725
255,4,Tamil Nadu - 2026,11-Jan 3pm,3289.7725
256,1,Tamil Nadu - 2026,11-Jan 4pm,3394.165
256,2,Tamil Nadu - 2026,11-Jan 4pm,3394.165
256,3,Tamil Nadu - 2026,11-Jan 4pm,3394.165
256,4,Tamil Nadu - 2026,11-Jan 4pm,3394.165
257,1,Tamil Nadu - 2026,11-Jan 5pm,3434.775
257,2,Tamil Nadu - 2026,11-Jan 5pm,3434.775
257,3,Tamil Nadu - 2026,11-Jan 5pm,3434.775
257,4,Tamil Nadu - 2026,11-Jan 5pm,3434.775
258,1,Tamil Nadu - 2026,11-Jan 6pm,3464.465
258,2,Tamil Nadu - 2026,11-Jan 6pm,3464.465
258,3,Tamil Nadu - 2026,11-Jan 6pm,3464.465
258,4,Tamil Nadu - 2026,11-Jan 6pm,3464.465
259,1,Tamil Nadu - 2026,11-Jan 7pm,3434.52
259,2,Tamil Nadu - 2026,11-Jan 7pm,3434.52
259,3,Tamil Nadu - 2026,11-Jan 7pm,3434.52
259,4,Tamil Nadu - 2026,11-Jan 7pm,3434.52
260,1,Tamil Nadu - 2026,11-Jan 8pm,3234.2025
260,2,Tamil Nadu - 2026,11-Jan 8pm,3234.2025
260,3,Tamil Nadu - 2026,11-Jan 8pm,3234.2025
260,4,Tamil Nadu - 2026,11-Jan 8pm,3234.2025
261,1,Tamil Nadu - 2026,11-Jan 9pm,3066.4
261,2,Tamil Nadu - 2026,11-Jan 9pm,3066.4
261,3,Tamil Nadu - 2026,11-Jan 9pm,3066.4
261,4,Tamil Nadu - 2026,11-Jan 9pm,3066.4
262,1,Tamil Nadu - 2026,11-Jan 10pm,2900.275
262,2,Tamil Nadu - 2026,11-Jan 10pm,2900.275
262,3,Tamil Nadu - 2026,11-Jan 10pm,2900.275
262,4,Tamil Nadu - 2026,11-Jan 10pm,2900.275
263,1,Tamil Nadu - 2026,11-Jan 11pm,2715.24
263,2,Tamil Nadu - 2026,11-Jan 11pm,2715.24
263,3,Tamil Nadu - 2026,11-Jan 11pm,2715.24
263,4,Tamil Nadu - 2026,11-Jan 11pm,2715.24
264,1,Tamil Nadu - 2026,12-Jan 12am,2572.605
264,2,Tamil Nadu - 2026,12-Jan 12am,2572.605
264,3,Tamil Nadu - 2026,12-Jan 12am,2572.605
264,4,Tamil Nadu - 2026,12-Jan 12am,2572.605
265,1,Tamil Nadu - 2026,12-Jan 1am,2485.085
265,2,Tamil Nadu - 2026,12-Jan 1am,2485.085
265,3,Tamil Nadu - 2026,12-Jan 1am,2485.085
265,4,Tamil Nadu - 2026,12-Jan 1am,2485.085
266,1,Tamil Nadu - 2026,12-Jan 2am,2461.43
266,2,Tamil Nadu - 2026,12-Jan 2am,2461.43
266,3,Tamil Nadu - 2026,12-Jan 2am,2461.43
266,4,Tamil Nadu - 2026,12-Jan 2am,2461.43
267,1,Tamil Nadu - 2026,12-Jan 3am,2426.1725
267,2,Tamil Nadu - 2026,12-Jan 3am,2426.1725
267,3,Tamil Nadu - 2026,12-Jan 3am,2426.1725
267,4,Tamil Nadu - 2026,12-Jan 3am,2426.1725
268,1,Tamil Nadu - 2026,12-Jan 4am,2478.4075
268,2,Tamil Nadu - 2026,12-Jan 4am,2478.4075
268,3,Tamil Nadu - 2026,12-Jan 4am,2478.4075
268,4,Tamil Nadu - 2026,12-Jan 4am,2478.4075
269,1,Tamil Nadu - 2026,12-Jan 5am,2612.96
269,2,Tamil Nadu - 2026,12-Jan 5am,2612.96
269,3,Tamil Nadu - 2026,12-Jan 5am,2612.96
269,4,Tamil Nadu - 2026,12-Jan 5am,2612.96
270,1,Tamil Nadu - 2026,12-Jan 6am,2943.845
270,2,Tamil Nadu - 2026,12-Jan 6am,2943.845
270,3,Tamil Nadu - 2026,12-Jan 6am,2943.845
270,4,Tamil Nadu - 2026,12-Jan 6am,2943.845
271,1,Tamil Nadu - 2026,12-Jan 7am,3623.1575
271,2,Tamil Nadu - 2026,12-Jan 7am,3623.1575
271,3,Tamil Nadu - 2026,12-Jan 7am,3623.1575
271,4,Tamil Nadu - 2026,12-Jan 7am,3623.1575
272,1,Tamil Nadu - 2026,12-Jan 8am,3964.1775
272,2,Tamil Nadu - 2026,12-Jan 8am,3964.1775
272,3,Tamil Nadu - 2026,12-Jan 8am,3964.1775
272,4,Tamil Nadu - 2026,12-Jan 8am,3964.1775
273,1,Tamil Nadu - 2026,12-Jan 9am,3869.225
273,2,Tamil Nadu - 2026,12-Jan 9am,3869.225
273,3,Tamil Nadu - 2026,12-Jan 9am,3869.225
273,4,Tamil Nadu - 2026,12-Jan 9am,3869.225
274,1,Tamil Nadu - 2026,12-Jan 10am,3908.305
274,2,Tamil Nadu - 2026,12-Jan 10am,3908.305
274,3,Tamil Nadu - 2026,12-Jan 10am,3908.305
274,4,Tamil Nadu - 2026,12-Jan 10am,3908.305
275,1,Tamil Nadu - 2026,12-Jan 11am,3875.235
275,2,Tamil Nadu - 2026,12-Jan 11am,3875.235
275,3,Tamil Nadu - 2026,12-Jan 11am,3875.235
275,4,Tamil Nadu - 2026,12-Jan 11am,3875.235
276,1,Tamil Nadu - 2026,12-Jan 12pm,3718.7525
276,2,Tamil Nadu - 2026,12-Jan 12pm,3718.7525
276,3,Tamil Nadu - 2026,12-Jan 12pm,3718.7525
276,4,Tamil Nadu - 2026,12-Jan 12pm,3718.7525
277,1,Tamil Nadu - 2026,12-Jan 1pm,3639.1775
277,2,Tamil Nadu - 2026,12-Jan 1pm,3639.1775
277,3,Tamil Nadu - 2026,12-Jan 1pm,3639.1775
277,4,Tamil Nadu - 2026,12-Jan 1pm,3639.1775
278,1,Tamil Nadu - 2026,12-Jan 2pm,3593.6625
278,2,Tamil Nadu - 2026,12-Jan 2pm,3593.6625
278,3,Tamil Nadu - 2026,12-Jan 2pm,3593.6625
278,4,Tamil Nadu - 2026,12-Jan 2pm,3593.6625
279,1,Tamil Nadu - 2026,12-Jan 3pm,3658.3025
279,2,Tamil Nadu - 2026,12-Jan 3pm,3658.3025
279,3,Tamil Nadu - 2026,12-Jan 3pm,3658.3025
279,4,Tamil Nadu - 2026,12-Jan 3pm,3658.3025
280,1,Tamil Nadu - 2026,12-Jan 4pm,3758.9825
280,2,Tamil Nadu - 2026,12-Jan 4pm,3758.9825
280,3,Tamil Nadu - 2026,12-Jan 4pm,3758.9825
280,4,Tamil Nadu - 2026,12-Jan 4pm,3758.9825
281,1,Tamil Nadu - 2026,12-Jan 5pm,3858.8325
281,2,Tamil Nadu - 2026,12-Jan 5pm,3858.8325
281,3,Tamil Nadu - 2026,12-Jan 5pm,3858.8325
281,4,Tamil Nadu - 2026,12-Jan 5pm,3858.8325
282,1,Tamil Nadu - 2026,12-Jan 6pm,3943.205
282,2,Tamil Nadu - 2026,12-Jan 6pm,3943.205
282,3,Tamil Nadu - 2026,12-Jan 6pm,3943.205
282,4,Tamil Nadu - 2026,12-Jan 6pm,3943.205
283,1,Tamil Nadu - 2026,12-Jan 7pm,3969.46
283,2,Tamil Nadu - 2026,12-Jan 7pm,3969.46
283,3,Tamil Nadu - 2026,12-Jan 7pm,3969.46
283,4,Tamil Nadu - 2026,12-Jan 7pm,3969.46
284,1,Tamil Nadu - 2026,12-Jan 8pm,3721.49
284,2,Tamil Nadu - 2026,12-Jan 8pm,3721.49
284,3,Tamil Nadu - 2026,12-Jan 8pm,3721.49
284,4,Tamil Nadu - 2026,12-Jan 8pm,3721.49
285,1,Tamil Nadu - 2026,12-Jan 9pm,3522.64
285,2,Tamil Nadu - 2026,12-Jan 9pm,3522.64
285,3,Tamil Nadu - 2026,12-Jan 9pm,3522.64
285,4,Tamil Nadu - 2026,12-Jan 9pm,3522.64
286,1,Tamil Nadu - 2026,12-Jan 10pm,3263.415
286,2,Tamil Nadu - 2026,12-Jan 10pm,3263.415
286,3,Tamil Nadu - 2026,12-Jan 10pm,3263.415
286,4,Tamil Nadu - 2026,12-Jan 10pm,3263.415
287,1,Tamil Nadu - 2026,12-Jan 11pm,2989.385
287,2,Tamil Nadu - 2026,12-Jan 11pm,2989.385
287,3,Tamil Nadu - 2026,12-Jan 11pm,2989.385
287,4,Tamil Nadu - 2026,12-Jan 11pm,2989.385
288,1,Tamil Nadu - 2026,13-Jan 12am,2831.7975
288,2,Tamil Nadu - 2026,13-Jan 12am,2831.7975
288,3,Tamil Nadu - 2026,13-Jan 12am,2831.7975
288,4,Tamil Nadu - 2026,13-Jan 12am,2831.7975
289,1,Tamil Nadu - 2026,13-Jan 1am,2791.045
289,2,Tamil Nadu - 2026,13-Jan 1am,2791.045
289,3,Tamil Nadu - 2026,13-Jan 1am,2791.045
289,4,Tamil Nadu - 2026,13-Jan 1am,2791.045
290,1,Tamil Nadu - 2026,13-Jan 2am,2765.575
290,2,Tamil Nadu - 2026,13-Jan 2am,2765.575
290,3,Tamil Nadu - 2026,13-Jan 2am,2765.575
290,4,Tamil Nadu - 2026,13-Jan 2am,2765.575
291,1,Tamil Nadu - 2026,13-Jan 3am,2691.5425
291,2,Tamil Nadu - 2026,13-Jan 3am,2691.5425
291,3,Tamil Nadu - 2026,13-Jan 3am,2691.5425
291,4,Tamil Nadu - 2026,13-Jan 3am,2691.5425
292,1,Tamil Nadu - 2026,13-Jan 4am,2743.5925
292,2,Tamil Nadu - 2026,13-Jan 4am,2743.5925
292,3,Tamil Nadu - 2026,13-Jan 4am,2743.5925
292,4,Tamil Nadu - 2026,13-Jan 4am,2743.5925
293,1,Tamil Nadu - 2026,13-Jan 5am,2819.9075
293,2,Tamil Nadu - 2026,13-Jan 5am,2819.9075
293,3,Tamil Nadu - 2026,13-Jan 5am,2819.9075
293,4,Tamil Nadu - 2026,13-Jan 5am,2819.9075
294,1,Tamil Nadu - 2026,13-Jan 6am,3102.2875
294,2,Tamil Nadu - 2026,13-Jan 6am,3102.2875
294,3,Tamil Nadu - 2026,13-Jan 6am,3102.2875
294,4,Tamil Nadu - 2026,13-Jan 6am,3102.2875
295,1,Tamil Nadu - 2026,13-Jan 7am,3679.1575
295,2,Tamil Nadu - 2026,13-Jan 7am,3679.1575
295,3,Tamil Nadu - 2026,13-Jan 7am,3679.1575
295,4,Tamil Nadu - 2026,13-Jan 7am,3679.1575
296,1,Tamil Nadu - 2026,13-Jan 8am,3846.7425
296,2,Tamil Nadu - 2026,13-Jan 8am,3846.7425
296,3,Tamil Nadu - 2026,13-Jan 8am,3846.7425
296,4,Tamil Nadu - 2026,13-Jan 8am,3846.7425
297,1,Tamil Nadu - 2026,13-Jan 9am,3640.73
297,2,Tamil Nadu - 2026,13-Jan 9am,3640.73
297,3,Tamil Nadu - 2026,13-Jan 9am,3640.73
297,4,Tamil Nadu - 2026,13-Jan 9am,3640.73
298,1,Tamil Nadu - 2026,13-Jan 10am,3796.3375
298,2,Tamil Nadu - 2026,13-Jan 10am,3796.3375
298,3,Tamil Nadu - 2026,13-Jan 10am,3796.3375
298,4,Tamil Nadu - 2026,13-Jan 10am,3796.3375
299,1,Tamil Nadu - 2026,13-Jan 11am,3726.905
299,2,Tamil Nadu - 2026,13-Jan 11am,3726.905
299,3,Tamil Nadu - 2026,13-Jan 11am,3726.905
299,4,Tamil Nadu - 2026,13-Jan 11am,3726.905
300,1,Tamil Nadu - 2026,13-Jan 12pm,3612.6025
300,2,Tamil Nadu - 2026,13-Jan 12pm,3612.6025
300,3,Tamil Nadu - 2026,13-Jan 12pm,3612.6025
300,4,Tamil Nadu - 2026,13-Jan 12pm,3612.6025
301,1,Tamil Nadu - 2026,13-Jan 1pm,3586.64
301,2,Tamil Nadu - 2026,13-Jan 1pm,3586.64
301,3,Tamil Nadu - 2026,13-Jan 1pm,3586.64
301,4,Tamil Nadu - 2026,13-Jan 1pm,3586.64
302,1,Tamil Nadu - 2026,13-Jan 2pm,3517.11
302,2,Tamil Nadu - 2026,13-Jan 2pm,3517.11
302,3,Tamil Nadu - 2026,13-Jan 2pm,3517.11
302,4,Tamil Nadu - 2026,13-Jan 2pm,3517.11
303,1,Tamil Nadu - 2026,13-Jan 3pm,3681.49
303,2,Tamil Nadu - 2026,13-Jan 3pm,3681.49
303,3,Tamil Nadu - 2026,13-Jan 3pm,3681.49
303,4,Tamil Nadu - 2026,13-Jan 3pm,3681.49
304,1,Tamil Nadu - 2026,13-Jan 4pm,3694.115
304,2,Tamil Nadu - 2026,13-Jan 4pm,3694.115
304,3,Tamil Nadu - 2026,13-Jan 4pm,3694.115
304,4,Tamil Nadu - 2026,13-Jan 4pm,3694.115
305,1,Tamil Nadu - 2026,13-Jan 5pm,3892.175
305,2,Tamil Nadu - 2026,13-Jan 5pm,3892.175
305,3,Tamil Nadu - 2026,13-Jan 5pm,3892.175
305,4,Tamil Nadu - 2026,13-Jan 5pm,3892.175
306,1,Tamil Nadu - 2026,13-Jan 6pm,3945.8125
306,2,Tamil Nadu - 2026,13-Jan 6pm,3945.8125
306,3,Tamil Nadu - 2026,13-Jan 6pm,3945.8125
306,4,Tamil Nadu - 2026,13-Jan 6pm,3945.8125
307,1,Tamil Nadu - 2026,13-Jan 7pm,4008.0325
307,2,Tamil Nadu - 2026,13-Jan 7pm,4008.0325
307,3,Tamil Nadu - 2026,13-Jan 7pm,4008.0325
307,4,Tamil Nadu - 2026,13-Jan 7pm,4008.0325
308,1,Tamil Nadu - 2026,13-Jan 8pm,3757.3575
308,2,Tamil Nadu - 2026,13-Jan 8pm,3757.3575
308,3,Tamil Nadu - 2026,13-Jan 8pm,3757.3575
308,4,Tamil Nadu - 2026,13-Jan 8pm,3757.3575
309,1,Tamil Nadu - 2026,13-Jan 9pm,3545.58
309,2,Tamil Nadu - 2026,13-Jan 9pm,3545.58
309,3,Tamil Nadu - 2026,13-Jan 9pm,3545.58
309,4,Tamil Nadu - 2026,13-Jan 9pm,3545.58
310,1,Tamil Nadu - 2026,13-Jan 10pm,3311.955
310,2,Tamil Nadu - 2026,13-Jan 10pm,3311.955
310,3,Tamil Nadu - 2026,13-Jan 10pm,3311.955
310,4,Tamil Nadu - 2026,13-Jan 10pm,3311.955
311,1,Tamil Nadu - 2026,13-Jan 11pm,3044.98
311,2,Tamil Nadu - 2026,13-Jan 11pm,3044.98
311,3,Tamil Nadu - 2026,13-Jan 11pm,3044.98
311,4,Tamil Nadu - 2026,13-Jan 11pm,3044.98
312,1,Tamil Nadu - 2026,14-Jan 12am,2897.7375
312,2,Tamil Nadu - 2026,14-Jan 12am,2897.7375
312,3,Tamil Nadu - 2026,14-Jan 12am,2897.7375
312,4,Tamil Nadu - 2026,14-Jan 12am,2897.7375
313,1,Tamil Nadu - 2026,14-Jan 1am,2759.335
313,2,Tamil Nadu - 2026,14-Jan 1am,2759.335
313,3,Tamil Nadu - 2026,14-Jan 1am,2759.335
313,4,Tamil Nadu - 2026,14-Jan 1am,2759.335
314,1,Tamil Nadu - 2026,14-Jan 2am,2739.1225
314,2,Tamil Nadu - 2026,14-Jan 2am,2739.1225
314,3,Tamil Nadu - 2026,14-Jan 2am,2739.1225
314,4,Tamil Nadu - 2026,14-Jan 2am,2739.1225
315,1,Tamil Nadu - 2026,14-Jan 3am,2683.9425
315,2,Tamil Nadu - 2026,14-Jan 3am,2683.9425
315,3,Tamil Nadu - 2026,14-Jan 3am,2683.9425
315,4,Tamil Nadu - 2026,14-Jan 3am,2683.9425
316,1,Tamil Nadu - 2026,14-Jan 4am,2684.3975
316,2,Tamil Nadu - 2026,14-Jan 4am,2684.3975
316,3,Tamil Nadu - 2026,14-Jan 4am,2684.3975
316,4,Tamil Nadu - 2026,14-Jan 4am,2684.3975
317,1,Tamil Nadu - 2026,14-Jan 5am,2837.0375
317,2,Tamil Nadu - 2026,14-Jan 5am,2837.0375
317,3,Tamil Nadu - 2026,14-Jan 5am,2837.0375
317,4,Tamil Nadu - 2026,14-Jan 5am,2837.0375
318,1,Tamil Nadu - 2026,14-Jan 6am,3057.47
318,2,Tamil Nadu - 2026,14-Jan 6am,3057.47
318,3,Tamil Nadu - 2026,14-Jan 6am,3057.47
318,4,Tamil Nadu - 2026,14-Jan 6am,3057.47
319,1,Tamil Nadu - 2026,14-Jan 7am,3520.5
319,2,Tamil Nadu - 2026,14-Jan 7am,3520.5
319,3,Tamil Nadu - 2026,14-Jan 7am,3520.5
319,4,Tamil Nadu - 2026,14-Jan 7am,3520.5
320,1,Tamil Nadu - 2026,14-Jan 8am,3642.805
320,2,Tamil Nadu - 2026,14-Jan 8am,3642.805
320,3,Tamil Nadu - 2026,14-Jan 8am,3642.805
320,4,Tamil Nadu - 2026,14-Jan 8am,3642.805
321,1,Tamil Nadu - 2026,14-Jan 9am,3818.9675
321,2,Tamil Nadu - 2026,14-Jan 9am,3818.9675
321,3,Tamil Nadu - 2026,14-Jan 9am,3818.9675
321,4,Tamil Nadu - 2026,14-Jan 9am,3818.9675
322,1,Tamil Nadu - 2026,14-Jan 10am,3863.94
322,2,Tamil Nadu - 2026,14-Jan 10am,3863.94
322,3,Tamil Nadu - 2026,14-Jan 10am,3863.94
322,4,Tamil Nadu - 2026,14-Jan 10am,3863.94
323,1,Tamil Nadu - 2026,14-Jan 11am,3780.0225
323,2,Tamil Nadu - 2026,14-Jan 11am,3780.0225
323,3,Tamil Nadu - 2026,14-Jan 11am,3780.0225
323,4,Tamil Nadu - 2026,14-Jan 11am,3780.0225
324,1,Tamil Nadu - 2026,14-Jan 12pm,3695.57
324,2,Tamil Nadu - 2026,14-Jan 12pm,3695.57
324,3,Tamil Nadu - 2026,14-Jan 12pm,3695.57
324,4,Tamil Nadu - 2026,14-Jan 12pm,3695.57
325,1,Tamil Nadu - 2026,14-Jan 1pm,3623.6
325,2,Tamil Nadu - 2026,14-Jan 1pm,3623.6
325,3,Tamil Nadu - 2026,14-Jan 1pm,3623.6
325,4,Tamil Nadu - 2026,14-Jan 1pm,3623.6
326,1,Tamil Nadu - 2026,14-Jan 2pm,3511.0225
326,2,Tamil Nadu - 2026,14-Jan 2pm,3511.0225
326,3,Tamil Nadu - 2026,14-Jan 2pm,3511.0225
326,4,Tamil Nadu - 2026,14-Jan 2pm,3511.0225
327,1,Tamil Nadu - 2026,14-Jan 3pm,3537.0575
327,2,Tamil Nadu - 2026,14-Jan 3pm,3537.0575
327,3,Tamil Nadu - 2026,14-Jan 3pm,3537.0575
327,4,Tamil Nadu - 2026,14-Jan 3pm,3537.0575
328,1,Tamil Nadu - 2026,14-Jan 4pm,3701.905
328,2,Tamil Nadu - 2026,14-Jan 4pm,3701.905
328,3,Tamil Nadu - 2026,14-Jan 4pm,3701.905
328,4,Tamil Nadu - 2026,14-Jan 4pm,3701.905
329,1,Tamil Nadu - 2026,14-Jan 5pm,3755.7625
329,2,Tamil Nadu - 2026,14-Jan 5pm,3755.7625
329,3,Tamil Nadu - 2026,14-Jan 5pm,3755.7625
329,4,Tamil Nadu - 2026,14-Jan 5pm,3755.7625
330,1,Tamil Nadu - 2026,14-Jan 6pm,3894.725
330,2,Tamil Nadu - 2026,14-Jan 6pm,3894.725
330,3,Tamil Nadu - 2026,14-Jan 6pm,3894.725
330,4,Tamil Nadu - 2026,14-Jan 6pm,3894.725
331,1,Tamil Nadu - 2026,14-Jan 7pm,3857.3775
331,2,Tamil Nadu - 2026,14-Jan 7pm,3857.3775
331,3,Tamil Nadu - 2026,14-Jan 7pm,3857.3775
331,4,Tamil Nadu - 2026,14-Jan 7pm,3857.3775
332,1,Tamil Nadu - 2026,14-Jan 8pm,3602.1425
332,2,Tamil Nadu - 2026,14-Jan 8pm,3602.1425
332,3,Tamil Nadu - 2026,14-Jan 8pm,3602.1425
332,4,Tamil Nadu - 2026,14-Jan 8pm,3602.1425
333,1,Tamil Nadu - 2026,14-Jan 9pm,3392.235
333,2,Tamil Nadu - 2026,14-Jan 9pm,3392.235
333,3,Tamil Nadu - 2026,14-Jan 9pm,3392.235
333,4,Tamil Nadu - 2026,14-Jan 9pm,3392.235
334,1,Tamil Nadu - 2026,14-Jan 10pm,3188.5925
334,2,Tamil Nadu - 2026,14-Jan 10pm,3188.5925
334,3,Tamil Nadu - 2026,14-Jan 10pm,3188.5925
334,4,Tamil Nadu - 2026,14-Jan 10pm,3188.5925
335,1,Tamil Nadu - 2026,14-Jan 11pm,2951.275
335,2,Tamil Nadu - 2026,14-Jan 11pm,2951.275
335,3,Tamil Nadu - 2026,14-Jan 11pm,2951.275
335,4,Tamil Nadu - 2026,14-Jan 11pm,2951.275
336,1,Tamil Nadu - 2026,15-Jan 12am,2809.865
336,2,Tamil Nadu - 2026,15-Jan 12am,2809.865
336,3,Tamil Nadu - 2026,15-Jan 12am,2809.865
336,4,Tamil Nadu - 2026,15-Jan 12am,2809.865
337,1,Tamil Nadu - 2026,15-Jan 1am,2699.5275
337,2,Tamil Nadu - 2026,15-Jan 1am,2699.5275
337,3,Tamil Nadu - 2026,15-Jan 1am,2699.5275
337,4,Tamil Nadu - 2026,15-Jan 1am,2699.5275
338,1,Tamil Nadu - 2026,15-Jan 2am,2647.3325
338,2,Tamil Nadu - 2026,15-Jan 2am,2647.3325
338,3,Tamil Nadu - 2026,15-Jan 2am,2647.3325
338,4,Tamil Nadu - 2026,15-Jan 2am,2647.3325
339,1,Tamil Nadu - 2026,15-Jan 3am,2658.0225
339,2,Tamil Nadu - 2026,15-Jan 3am,2658.0225
339,3,Tamil Nadu - 2026,15-Jan 3am,2658.0225
339,4,Tamil Nadu - 2026,15-Jan 3am,2658.0225
340,1,Tamil Nadu - 2026,15-Jan 4am,2687.3375
340,2,Tamil Nadu - 2026,15-Jan 4am,2687.3375
340,3,Tamil Nadu - 2026,15-Jan 4am,2687.3375
340,4,Tamil Nadu - 2026,15-Jan 4am,2687.3375
341,1,Tamil Nadu - 2026,15-Jan 5am,2836.84
341,2,Tamil Nadu - 2026,15-Jan 5am,2836.84
341,3,Tamil Nadu - 2026,15-Jan 5am,2836.84
341,4,Tamil Nadu - 2026,15-Jan 5am,2836.84
342,1,Tamil Nadu - 2026,15-Jan 6am,2974.8375
342,2,Tamil Nadu - 2026,15-Jan 6am,2974.8375
342,3,Tamil Nadu - 2026,15-Jan 6am,2974.8375
342,4,Tamil Nadu - 2026,15-Jan 6am,2974.8375
343,1,Tamil Nadu - 2026,15-Jan 7am,3219.0275
343,2,Tamil Nadu - 2026,15-Jan 7am,3219.0275
343,3,Tamil Nadu - 2026,15-Jan 7am,3219.0275
343,4,Tamil Nadu - 2026,15-Jan 7am,3219.0275
344,1,Tamil Nadu - 2026,15-Jan 8am,3269.77
344,2,Tamil Nadu - 2026,15-Jan 8am,3269.77
344,3,Tamil Nadu - 2026,15-Jan 8am,3269.77
344,4,Tamil Nadu - 2026,15-Jan 8am,3269.77
345,1,Tamil Nadu - 2026,15-Jan 9am,3174.37
345,2,Tamil Nadu - 2026,15-Jan 9am,3174.37
345,3,Tamil Nadu - 2026,15-Jan 9am,3174.37
345,4,Tamil Nadu - 2026,15-Jan 9am,3174.37
346,1,Tamil Nadu - 2026,15-Jan 10am,2894.3775
346,2,Tamil Nadu - 2026,15-Jan 10am,2894.3775
346,3,Tamil Nadu - 2026,15-Jan 10am,2894.3775
346,4,Tamil Nadu - 2026,15-Jan 10am,2894.3775
347,1,Tamil Nadu - 2026,15-Jan 11am,2669.435
347,2,Tamil Nadu - 2026,15-Jan 11am,2669.435
347,3,Tamil Nadu - 2026,15-Jan 11am,2669.435
347,4,Tamil Nadu - 2026,15-Jan 11am,2669.435
348,1,Tamil Nadu - 2026,15-Jan 12pm,2489.9025
348,2,Tamil Nadu - 2026,15-Jan 12pm,2489.9025
348,3,Tamil Nadu - 2026,15-Jan 12pm,2489.9025
348,4,Tamil Nadu - 2026,15-Jan 12pm,2489.9025
349,1,Tamil Nadu - 2026,15-Jan 1pm,2390.6875
349,2,Tamil Nadu - 2026,15-Jan 1pm,2390.6875
349,3,Tamil Nadu - 2026,15-Jan 1pm,2390.6875
349,4,Tamil Nadu - 2026,15-Jan 1pm,2390.6875
350,1,Tamil Nadu - 2026,15-Jan 2pm,2337.825
350,2,Tamil Nadu - 2026,15-Jan 2pm,2337.825
350,3,Tamil Nadu - 2026,15-Jan 2pm,2337.825
350,4,Tamil Nadu - 2026,15-Jan 2pm,2337.825
351,1,Tamil Nadu - 2026,15-Jan 3pm,2429.9375
351,2,Tamil Nadu - 2026,15-Jan 3pm,2429.9375
351,3,Tamil Nadu - 2026,15-Jan 3pm,2429.9375
351,4,Tamil Nadu - 2026,15-Jan 3pm,2429.9375
352,1,Tamil Nadu - 2026,15-Jan 4pm,2567.495
352,2,Tamil Nadu - 2026,15-Jan 4pm,2567.495
352,3,Tamil Nadu - 2026,15-Jan 4pm,2567.495
352,4,Tamil Nadu - 2026,15-Jan 4pm,2567.495
353,1,Tamil Nadu - 2026,15-Jan 5pm,2651.87
353,2,Tamil Nadu - 2026,15-Jan 5pm,2651.87
353,3,Tamil Nadu - 2026,15-Jan 5pm,2651.87
353,4,Tamil Nadu - 2026,15-Jan 5pm,2651.87
354,1,Tamil Nadu - 2026,15-Jan 6pm,2907.0525
354,2,Tamil Nadu - 2026,15-Jan 6pm,2907.0525
354,3,Tamil Nadu - 2026,15-Jan 6pm,2907.0525
354,4,Tamil Nadu - 2026,15-Jan 6pm,2907.0525
355,1,Tamil Nadu - 2026,15-Jan 7pm,2947.13
355,2,Tamil Nadu - 2026,15-Jan 7pm,2947.13
355,3,Tamil Nadu - 2026,15-Jan 7pm,2947.13
355,4,Tamil Nadu - 2026,15-Jan 7pm,2947.13
356,1,Tamil Nadu - 2026,15-Jan 8pm,2795.7225
356,2,Tamil Nadu - 2026,15-Jan 8pm,2795.7225
356,3,Tamil Nadu - 2026,15-Jan 8pm,2795.7225
356,4,Tamil Nadu - 2026,15-Jan 8pm,2795.7225
357,1,Tamil Nadu - 2026,15-Jan 9pm,2695.5325
357,2,Tamil Nadu - 2026,15-Jan 9pm,2695.5325
357,3,Tamil Nadu - 2026,15-Jan 9pm,2695.5325
357,4,Tamil Nadu - 2026,15-Jan 9pm,2695.5325
358,1,Tamil Nadu - 2026,15-Jan 10pm,2556.16
358,2,Tamil Nadu - 2026,15-Jan 10pm,2556.16
358,3,Tamil Nadu - 2026,15-Jan 10pm,2556.16
358,4,Tamil Nadu - 2026,15-Jan 10pm,2556.16
359,1,Tamil Nadu - 2026,15-Jan 11pm,2384.48
359,2,Tamil Nadu - 2026,15-Jan 11pm,2384.48
359,3,Tamil Nadu - 2026,15-Jan 11pm,2384.48
359,4,Tamil Nadu - 2026,15-Jan 11pm,2384.48
360,1,Tamil Nadu - 2026,16-Jan 12am,2294.36
360,2,Tamil Nadu - 2026,16-Jan 12am,2294.36
360,3,Tamil Nadu - 2026,16-Jan 12am,2294.36
360,4,Tamil Nadu - 2026,16-Jan 12am,2294.36
361,1,Tamil Nadu - 2026,16-Jan 1am,2259.635
361,2,Tamil Nadu - 2026,16-Jan 1am,2259.635
361,3,Tamil Nadu - 2026,16-Jan 1am,2259.635
361,4,Tamil Nadu - 2026,16-Jan 1am,2259.635
362,1,Tamil Nadu - 2026,16-Jan 2am,2209.1775
362,2,Tamil Nadu - 2026,16-Jan 2am,2209.1775
362,3,Tamil Nadu - 2026,16-Jan 2am,2209.1775
362,4,Tamil Nadu - 2026,16-Jan 2am,2209.1775
363,1,Tamil Nadu - 2026,16-Jan 3am,2209.8425
363,2,Tamil Nadu - 2026,16-Jan 3am,2209.8425
363,3,Tamil Nadu - 2026,16-Jan 3am,2209.8425
363,4,Tamil Nadu - 2026,16-Jan 3am,2209.8425
364,1,Tamil Nadu - 2026,16-Jan 4am,2238.125
364,2,Tamil Nadu - 2026,16-Jan 4am,2238.125
364,3,Tamil Nadu - 2026,16-Jan 4am,2238.125
364,4,Tamil Nadu - 2026,16-Jan 4am,2238.125
365,1,Tamil Nadu - 2026,16-Jan 5am,2330.2125
365,2,Tamil Nadu - 2026,16-Jan 5am,2330.2125
365,3,Tamil Nadu - 2026,16-Jan 5am,2330.2125
365,4,Tamil Nadu - 2026,16-Jan 5am,2330.2125
366,1,Tamil Nadu - 2026,16-Jan 6am,2486.875
366,2,Tamil Nadu - 2026,16-Jan 6am,2486.875
366,3,Tamil Nadu - 2026,16-Jan 6am,2486.875
366,4,Tamil Nadu - 2026,16-Jan 6am,2486.875
367,1,Tamil Nadu - 2026,16-Jan 7am,2804.205
367,2,Tamil Nadu - 2026,16-Jan 7am,2804.205
367,3,Tamil Nadu - 2026,16-Jan 7am,2804.205
367,4,Tamil Nadu - 2026,16-Jan 7am,2804.205
368,1,Tamil Nadu - 2026,16-Jan 8am,2981.845
368,2,Tamil Nadu - 2026,16-Jan 8am,2981.845
368,3,Tamil Nadu - 2026,16-Jan 8am,2981.845
368,4,Tamil Nadu - 2026,16-Jan 8am,2981.845
369,1,Tamil Nadu - 2026,16-Jan 9am,3084.055
369,2,Tamil Nadu - 2026,16-Jan 9am,3084.055
369,3,Tamil Nadu - 2026,16-Jan 9am,3084.055
369,4,Tamil Nadu - 2026,16-Jan 9am,3084.055
370,1,Tamil Nadu - 2026,16-Jan 10am,3068.2
370,2,Tamil Nadu - 2026,16-Jan 10am,3068.2
370,3,Tamil Nadu - 2026,16-Jan 10am,3068.2
370,4,Tamil Nadu - 2026,16-Jan 10am,3068.2
371,1,Tamil Nadu - 2026,16-Jan 11am,2862.9325
371,2,Tamil Nadu - 2026,16-Jan 11am,2862.9325
371,3,Tamil Nadu - 2026,16-Jan 11am,2862.9325
371,4,Tamil Nadu - 2026,16-Jan 11am,2862.9325
372,1,Tamil Nadu - 2026,16-Jan 12pm,2769.8625
372,2,Tamil Nadu - 2026,16-Jan 12pm,2769.8625
372,3,Tamil Nadu - 2026,16-Jan 12pm,2769.8625
372,4,Tamil Nadu - 2026,16-Jan 12pm,2769.8625
373,1,Tamil Nadu - 2026,16-Jan 1pm,2743.3675
373,2,Tamil Nadu - 2026,16-Jan 1pm,2743.3675
373,3,Tamil Nadu - 2026,16-Jan 1pm,2743.3675
373,4,Tamil Nadu - 2026,16-Jan 1pm,2743.3675
374,1,Tamil Nadu - 2026,16-Jan 2pm,2697.5375
374,2,Tamil Nadu - 2026,16-Jan 2pm,2697.5375
374,3,Tamil Nadu - 2026,16-Jan 2pm,2697.5375
374,4,Tamil Nadu - 2026,16-Jan 2pm,2697.5375
375,1,Tamil Nadu - 2026,16-Jan 3pm,2769.2875
375,2,Tamil Nadu - 2026,16-Jan 3pm,2769.2875
375,3,Tamil Nadu - 2026,16-Jan 3pm,2769.2875
375,4,Tamil Nadu - 2026,16-Jan 3pm,2769.2875
376,1,Tamil Nadu - 2026,16-Jan 4pm,2867.7475
376,2,Tamil Nadu - 2026,16-Jan 4pm,2867.7475
376,3,Tamil Nadu - 2026,16-Jan 4pm,2867.7475
376,4,Tamil Nadu - 2026,16-Jan 4pm,2867.7475
377,1,Tamil Nadu - 2026,16-Jan 5pm,2813.095
377,2,Tamil Nadu - 2026,16-Jan 5pm,2813.095
377,3,Tamil Nadu - 2026,16-Jan 5pm,2813.095
377,4,Tamil Nadu - 2026,16-Jan 5pm,2813.095
378,1,Tamil Nadu - 2026,16-Jan 6pm,2930.8175
378,2,Tamil Nadu - 2026,16-Jan 6pm,2930.8175
378,3,Tamil Nadu - 2026,16-Jan 6pm,2930.8175
378,4,Tamil Nadu - 2026,16-Jan 6pm,2930.8175
379,1,Tamil Nadu - 2026,16-Jan 7pm,3028.325
379,2,Tamil Nadu - 2026,16-Jan 7pm,3028.325
379,3,Tamil Nadu - 2026,16-Jan 7pm,3028.325
379,4,Tamil Nadu - 2026,16-Jan 7pm,3028.325
380,1,Tamil Nadu - 2026,16-Jan 8pm,2866.975
380,2,Tamil Nadu - 2026,16-Jan 8pm,2866.975
380,3,Tamil Nadu - 2026,16-Jan 8pm,2866.975
380,4,Tamil Nadu - 2026,16-Jan 8pm,2866.975
381,1,Tamil Nadu - 2026,16-Jan 9pm,2753.64
381,2,Tamil Nadu - 2026,16-Jan 9pm,2753.64
381,3,Tamil Nadu - 2026,16-Jan 9pm,2753.64
381,4,Tamil Nadu - 2026,16-Jan 9pm,2753.64
382,1,Tamil Nadu - 2026,16-Jan 10pm,2597.885
382,2,Tamil Nadu - 2026,16-Jan 10pm,2597.885
382,3,Tamil Nadu - 2026,16-Jan 10pm,2597.885
382,4,Tamil Nadu - 2026,16-Jan 10pm,2597.885
383,1,Tamil Nadu - 2026,16-Jan 11pm,2419.795
383,2,Tamil Nadu - 2026,16-Jan 11pm,2419.795
383,3,Tamil Nadu - 2026,16-Jan 11pm,2419.795
383,4,Tamil Nadu - 2026,16-Jan 11pm,2419.795
384,1,Tamil Nadu - 2026,17-Jan 12am,2357.29
384,2,Tamil Nadu - 2026,17-Jan 12am,2357.29
384,3,Tamil Nadu - 2026,17-Jan 12am,2357.29
384,4,Tamil Nadu - 2026,17-Jan 12am,2357.29
385,1,Tamil Nadu - 2026,17-Jan 1am,2305.505
385,2,Tamil Nadu - 2026,17-Jan 1am,2305.505
385,3,Tamil Nadu - 2026,17-Jan 1am,2305.505
385,4,Tamil Nadu - 2026,17-Jan 1am,2305.505
386,1,Tamil Nadu - 2026,17-Jan 2am,2279.905
386,2,Tamil Nadu - 2026,17-Jan 2am,2279.905
386,3,Tamil Nadu - 2026,17-Jan 2am,2279.905
386,4,Tamil Nadu - 2026,17-Jan 2am,2279.905
387,1,Tamil Nadu - 2026,17-Jan 3am,2229.455
387,2,Tamil Nadu - 2026,17-Jan 3am,2229.455
387,3,Tamil Nadu - 2026,17-Jan 3am,2229.455
387,4,Tamil Nadu - 2026,17-Jan 3am,2229.455
388,1,Tamil Nadu - 2026,17-Jan 4am,2243.955
388,2,Tamil Nadu - 2026,17-Jan 4am,2243.955
388,3,Tamil Nadu - 2026,17-Jan 4am,2243.955
388,4,Tamil Nadu - 2026,17-Jan 4am,2243.955
389,1,Tamil Nadu - 2026,17-Jan 5am,2340.3275
389,2,Tamil Nadu - 2026,17-Jan 5am,2340.3275
389,3,Tamil Nadu - 2026,17-Jan 5am,2340.3275
389,4,Tamil Nadu - 2026,17-Jan 5am,2340.3275
390,1,Tamil Nadu - 2026,17-Jan 6am,2469.9225
390,2,Tamil Nadu - 2026,17-Jan 6am,2469.9225
390,3,Tamil Nadu - 2026,17-Jan 6am,2469.9225
390,4,Tamil Nadu - 2026,17-Jan 6am,2469.9225
391,1,Tamil Nadu - 2026,17-Jan 7am,2802.47
391,2,Tamil Nadu - 2026,17-Jan 7am,2802.47
391,3,Tamil Nadu - 2026,17-Jan 7am,2802.47
391,4,Tamil Nadu - 2026,17-Jan 7am,2802.47
392,1,Tamil Nadu - 2026,17-Jan 8am,3050.2475
392,2,Tamil Nadu - 2026,17-Jan 8am,3050.2475
392,3,Tamil Nadu - 2026,17-Jan 8am,3050.2475
392,4,Tamil Nadu - 2026,17-Jan 8am,3050.2475
393,1,Tamil Nadu - 2026,17-Jan 9am,3125.97
393,2,Tamil Nadu - 2026,17-Jan 9am,3125.97
393,3,Tamil Nadu - 2026,17-Jan 9am,3125.97
393,4,Tamil Nadu - 2026,17-Jan 9am,3125.97
394,1,Tamil Nadu - 2026,17-Jan 10am,2900.79
394,2,Tamil Nadu - 2026,17-Jan 10am,2900.79
394,3,Tamil Nadu - 2026,17-Jan 10am,2900.79
394,4,Tamil Nadu - 2026,17-Jan 10am,2900.79
395,1,Tamil Nadu - 2026,17-Jan 11am,2921.3975
395,2,Tamil Nadu - 2026,17-Jan 11am,2921.3975
395,3,Tamil Nadu - 2026,17-Jan 11am,2921.3975
395,4,Tamil Nadu - 2026,17-Jan 11am,2921.3975
396,1,Tamil Nadu - 2026,17-Jan 12pm,2903.2075
396,2,Tamil Nadu - 2026,17-Jan 12pm,2903.2075
396,3,Tamil Nadu - 2026,17-Jan 12pm,2903.2075
396,4,Tamil Nadu - 2026,17-Jan 12pm,2903.2075
397,1,Tamil Nadu - 2026,17-Jan 1pm,2802.34
397,2,Tamil Nadu - 2026,17-Jan 1pm,2802.34
397,3,Tamil Nadu - 2026,17-Jan 1pm,2802.34
397,4,Tamil Nadu - 2026,17-Jan 1pm,2802.34
398,1,Tamil Nadu - 2026,17-Jan 2pm,2732.0
398,2,Tamil Nadu - 2026,17-Jan 2pm,2732.0
398,3,Tamil Nadu - 2026,17-Jan 2pm,2732.0
398,4,Tamil Nadu - 2026,17-Jan 2pm,2732.0
399,1,Tamil Nadu - 2026,17-Jan 3pm,2840.13
399,2,Tamil Nadu - 2026,17-Jan 3pm,2840.13
399,3,Tamil Nadu - 2026,17-Jan 3pm,2840.13
399,4,Tamil Nadu - 2026,17-Jan 3pm,2840.13
400,1,Tamil Nadu - 2026,17-Jan 4pm,3064.6525
400,2,Tamil Nadu - 2026,17-Jan 4pm,3064.6525
400,3,Tamil Nadu - 2026,17-Jan 4pm,3064.6525
400,4,Tamil Nadu - 2026,17-Jan 4pm,3064.6525
401,1,Tamil Nadu - 2026,17-Jan 5pm,3144.9575
401,2,Tamil Nadu - 2026,17-Jan 5pm,3144.9575
401,3,Tamil Nadu - 2026,17-Jan 5pm,3144.9575
401,4,Tamil Nadu - 2026,17-Jan 5pm,3144.9575
402,1,Tamil Nadu - 2026,17-Jan 6pm,3334.18
402,2,Tamil Nadu - 2026,17-Jan 6pm,3334.18
402,3,Tamil Nadu - 2026,17-Jan 6pm,3334.18
402,4,Tamil Nadu - 2026,17-Jan 6pm,3334.18
403,1,Tamil Nadu - 2026,17-Jan 7pm,3321.19
403,2,Tamil Nadu - 2026,17-Jan 7pm,3321.19
403,3,Tamil Nadu - 2026,17-Jan 7pm,3321.19
403,4,Tamil Nadu - 2026,17-Jan 7pm,3321.19
404,1,Tamil Nadu - 2026,17-Jan 8pm,3142.6925
404,2,Tamil Nadu - 2026,17-Jan 8pm,3142.6925
404,3,Tamil Nadu - 2026,17-Jan 8pm,3142.6925
404,4,Tamil Nadu - 2026,17-Jan 8pm,3142.6925
405,1,Tamil Nadu - 2026,17-Jan 9pm,2975.9075
405,2,Tamil Nadu - 2026,17-Jan 9pm,2975.9075
405,3,Tamil Nadu - 2026,17-Jan 9pm,2975.9075
405,4,Tamil Nadu - 2026,17-Jan 9pm,2975.9075
406,1,Tamil Nadu - 2026,17-Jan 10pm,2839.5
406,2,Tamil Nadu - 2026,17-Jan 10pm,2839.5
406,3,Tamil Nadu - 2026,17-Jan 10pm,2839.5
406,4,Tamil Nadu - 2026,17-Jan 10pm,2839.5
407,1,Tamil Nadu - 2026,17-Jan 11pm,2643.66
407,2,Tamil Nadu - 2026,17-Jan 11pm,2643.66
407,3,Tamil Nadu - 2026,17-Jan 11pm,2643.66
407,4,Tamil Nadu - 2026,17-Jan 11pm,2643.66
408,1,Tamil Nadu - 2026,18-Jan 12am,2587.9025
408,2,Tamil Nadu - 2026,18-Jan 12am,2587.9025
408,3,Tamil Nadu - 2026,18-Jan 12am,2587.9025
408,4,Tamil Nadu - 2026,18-Jan 12am,2587.9025
409,1,Tamil Nadu - 2026,18-Jan 1am,2548.2025
409,2,Tamil Nadu - 2026,18-Jan 1am,2548.2025
409,3,Tamil Nadu - 2026,18-Jan 1am,2548.2025
409,4,Tamil Nadu - 2026,18-Jan 1am,2548.2025
410,1,Tamil Nadu - 2026,18-Jan 2am,2538.88
410,2,Tamil Nadu - 2026,18-Jan 2am,2538.88
410,3,Tamil Nadu - 2026,18-Jan 2am,2538.88
410,4,Tamil Nadu - 2026,18-Jan 2am,2538.88
411,1,Tamil Nadu - 2026,18-Jan 3am,2509.85
411,2,Tamil Nadu - 2026,18-Jan 3am,2509.85
411,3,Tamil Nadu - 2026,18-Jan 3am,2509.85
411,4,Tamil Nadu - 2026,18-Jan 3am,2509.85
412,1,Tamil Nadu - 2026,18-Jan 4am,2495.325
412,2,Tamil Nadu - 2026,18-Jan 4am,2495.325
412,3,Tamil Nadu - 2026,18-Jan 4am,2495.325
412,4,Tamil Nadu - 2026,18-Jan 4am,2495.325
413,1,Tamil Nadu - 2026,18-Jan 5am,2592.0825
413,2,Tamil Nadu - 2026,18-Jan 5am,2592.0825
413,3,Tamil Nadu - 2026,18-Jan 5am,2592.0825
413,4,Tamil Nadu - 2026,18-Jan 5am,2592.0825
414,1,Tamil Nadu - 2026,18-Jan 6am,2720.5825
414,2,Tamil Nadu - 2026,18-Jan 6am,2720.5825
414,3,Tamil Nadu - 2026,18-Jan 6am,2720.5825
414,4,Tamil Nadu - 2026,18-Jan 6am,2720.5825
415,1,Tamil Nadu - 2026,18-Jan 7am,3103.0075
415,2,Tamil Nadu - 2026,18-Jan 7am,3103.0075
415,3,Tamil Nadu - 2026,18-Jan 7am,3103.0075
415,4,Tamil Nadu - 2026,18-Jan 7am,3103.0075
416,1,Tamil Nadu - 2026,18-Jan 8am,3258.2375
416,2,Tamil Nadu - 2026,18-Jan 8am,3258.2375
416,3,Tamil Nadu - 2026,18-Jan 8am,3258.2375
416,4,Tamil Nadu - 2026,18-Jan 8am,3258.2375
417,1,Tamil Nadu - 2026,18-Jan 9am,3307.3225
417,2,Tamil Nadu - 2026,18-Jan 9am,3307.3225
417,3,Tamil Nadu - 2026,18-Jan 9am,3307.3225
417,4,Tamil Nadu - 2026,18-Jan 9am,3307.3225
418,1,Tamil Nadu - 2026,18-Jan 10am,3192.3575
418,2,Tamil Nadu - 2026,18-Jan 10am,3192.3575
418,3,Tamil Nadu - 2026,18-Jan 10am,3192.3575
418,4,Tamil Nadu - 2026,18-Jan 10am,3192.3575
419,1,Tamil Nadu - 2026,18-Jan 11am,2832.47
419,2,Tamil Nadu - 2026,18-Jan 11am,2832.47
419,3,Tamil Nadu - 2026,18-Jan 11am,2832.47
419,4,Tamil Nadu - 2026,18-Jan 11am,2832.47
420,1,Tamil Nadu - 2026,18-Jan 12pm,3039.005
420,2,Tamil Nadu - 2026,18-Jan 12pm,3039.005
420,3,Tamil Nadu - 2026,18-Jan 12pm,3039.005
420,4,Tamil Nadu - 2026,18-Jan 12pm,3039.005
421,1,Tamil Nadu - 2026,18-Jan 1pm,3003.0725
421,2,Tamil Nadu - 2026,18-Jan 1pm,3003.0725
421,3,Tamil Nadu - 2026,18-Jan 1pm,3003.0725
421,4,Tamil Nadu - 2026,18-Jan 1pm,3003.0725
422,1,Tamil Nadu - 2026,18-Jan 2pm,2889.3125
422,2,Tamil Nadu - 2026,18-Jan 2pm,2889.3125
422,3,Tamil Nadu - 2026,18-Jan 2pm,2889.3125
422,4,Tamil Nadu - 2026,18-Jan 2pm,2889.3125
423,1,Tamil Nadu - 2026,18-Jan 3pm,3005.3025
423,2,Tamil Nadu - 2026,18-Jan 3pm,3005.3025
423,3,Tamil Nadu - 2026,18-Jan 3pm,3005.3025
423,4,Tamil Nadu - 2026,18-Jan 3pm,3005.3025
424,1,Tamil Nadu - 2026,18-Jan 4pm,3182.19
424,2,Tamil Nadu - 2026,18-Jan 4pm,3182.19
424,3,Tamil Nadu - 2026,18-Jan 4pm,3182.19
424,4,Tamil Nadu - 2026,18-Jan 4pm,3182.19
425,1,Tamil Nadu - 2026,18-Jan 5pm,3157.9275
425,2,Tamil Nadu - 2026,18-Jan 5pm,3157.9275
425,3,Tamil Nadu - 2026,18-Jan 5pm,3157.9275
425,4,Tamil Nadu - 2026,18-Jan 5pm,3157.9275
426,1,Tamil Nadu - 2026,18-Jan 6pm,3339.0775
426,2,Tamil Nadu - 2026,18-Jan 6pm,3339.0775
426,3,Tamil Nadu - 2026,18-Jan 6pm,3339.0775
426,4,Tamil Nadu - 2026,18-Jan 6pm,3339.0775
427,1,Tamil Nadu - 2026,18-Jan 7pm,3420.5525
427,2,Tamil Nadu - 2026,18-Jan 7pm,3420.5525
427,3,Tamil Nadu - 2026,18-Jan 7pm,3420.5525
427,4,Tamil Nadu - 2026,18-Jan 7pm,3420.5525
428,1,Tamil Nadu - 2026,18-Jan 8pm,3192.6625
428,2,Tamil Nadu - 2026,18-Jan 8pm,3192.6625
428,3,Tamil Nadu - 2026,18-Jan 8pm,3192.6625
428,4,Tamil Nadu - 2026,18-Jan 8pm,3192.6625
429,1,Tamil Nadu - 2026,18-Jan 9pm,3102.3625
429,2,Tamil Nadu - 2026,18-Jan 9pm,3102.3625
429,3,Tamil Nadu - 2026,18-Jan 9pm,3102.3625
429,4,Tamil Nadu - 2026,18-Jan 9pm,3102.3625
430,1,Tamil Nadu - 2026,18-Jan 10pm,2937.5175
430,2,Tamil Nadu - 2026,18-Jan 10pm,2937.5175
430,3,Tamil Nadu - 2026,18-Jan 10pm,2937.5175
430,4,Tamil Nadu - 2026,18-Jan 10pm,2937.5175
431,1,Tamil Nadu - 2026,18-Jan 11pm,2795.8425
431,2,Tamil Nadu - 2026,18-Jan 11pm,2795.8425
431,3,Tamil Nadu - 2026,18-Jan 11pm,2795.8425
431,4,Tamil Nadu - 2026,18-Jan 11pm,2795.8425
432,1,Tamil Nadu - 2026,19-Jan 12am,2685.4075
432,2,Tamil Nadu - 2026,19-Jan 12am,2685.4075
432,3,Tamil Nadu - 2026,19-Jan 12am,2685.4075
432,4,Tamil Nadu - 2026,19-Jan 12am,2685.4075
433,1,Tamil Nadu - 2026,19-Jan 1am,2678.6
433,2,Tamil Nadu - 2026,19-Jan 1am,2678.6
433,3,Tamil Nadu - 2026,19-Jan 1am,2678.6
433,4,Tamil Nadu - 2026,19-Jan 1am,2678.6
434,1,Tamil Nadu - 2026,19-Jan 2am,2654.51
434,2,Tamil Nadu - 2026,19-Jan 2am,2654.51
434,3,Tamil Nadu - 2026,19-Jan 2am,2654.51
434,4,Tamil Nadu - 2026,19-Jan 2am,2654.51
435,1,Tamil Nadu - 2026,19-Jan 3am,2609.8775
435,2,Tamil Nadu - 2026,19-Jan 3am,2609.8775
435,3,Tamil Nadu - 2026,19-Jan 3am,2609.8775
435,4,Tamil Nadu - 2026,19-Jan 3am,2609.8775
436,1,Tamil Nadu - 2026,19-Jan 4am,2637.095
436,2,Tamil Nadu - 2026,19-Jan 4am,2637.095
436,3,Tamil Nadu - 2026,19-Jan 4am,2637.095
436,4,Tamil Nadu - 2026,19-Jan 4am,2637.095
437,1,Tamil Nadu - 2026,19-Jan 5am,2732.0375
437,2,Tamil Nadu - 2026,19-Jan 5am,2732.0375
437,3,Tamil Nadu - 2026,19-Jan 5am,2732.0375
437,4,Tamil Nadu - 2026,19-Jan 5am,2732.0375
438,1,Tamil Nadu - 2026,19-Jan 6am,2987.665
438,2,Tamil Nadu - 2026,19-Jan 6am,2987.665
438,3,Tamil Nadu - 2026,19-Jan 6am,2987.665
438,4,Tamil Nadu - 2026,19-Jan 6am,2987.665
439,1,Tamil Nadu - 2026,19-Jan 7am,3652.3775
439,2,Tamil Nadu - 2026,19-Jan 7am,3652.3775
439,3,Tamil Nadu - 2026,19-Jan 7am,3652.3775
439,4,Tamil Nadu - 2026,19-Jan 7am,3652.3775
440,1,Tamil Nadu - 2026,19-Jan 8am,3815.84
440,2,Tamil Nadu - 2026,19-Jan 8am,3815.84
440,3,Tamil Nadu - 2026,19-Jan 8am,3815.84
440,4,Tamil Nadu - 2026,19-Jan 8am,3815.84
441,1,Tamil Nadu - 2026,19-Jan 9am,3689.12
441,2,Tamil Nadu - 2026,19-Jan 9am,3689.12
441,3,Tamil Nadu - 2026,19-Jan 9am,3689.12
441,4,Tamil Nadu - 2026,19-Jan 9am,3689.12
442,1,Tamil Nadu - 2026,19-Jan 10am,3706.9225
442,2,Tamil Nadu - 2026,19-Jan 10am,3706.9225
442,3,Tamil Nadu - 2026,19-Jan 10am,3706.9225
442,4,Tamil Nadu - 2026,19-Jan 10am,3706.9225
443,1,Tamil Nadu - 2026,19-Jan 11am,3607.66
443,2,Tamil Nadu - 2026,19-Jan 11am,3607.66
443,3,Tamil Nadu - 2026,19-Jan 11am,3607.66
443,4,Tamil Nadu - 2026,19-Jan 11am,3607.66
444,1,Tamil Nadu - 2026,19-Jan 12pm,3569.1575
444,2,Tamil Nadu - 2026,19-Jan 12pm,3569.1575
444,3,Tamil Nadu - 2026,19-Jan 12pm,3569.1575
444,4,Tamil Nadu - 2026,19-Jan 12pm,3569.1575
445,1,Tamil Nadu - 2026,19-Jan 1pm,3472.475
445,2,Tamil Nadu - 2026,19-Jan 1pm,3472.475
445,3,Tamil Nadu - 2026,19-Jan 1pm,3472.475
445,4,Tamil Nadu - 2026,19-Jan 1pm,3472.475
446,1,Tamil Nadu - 2026,19-Jan 2pm,3478.83
446,2,Tamil Nadu - 2026,19-Jan 2pm,3478.83
446,3,Tamil Nadu - 2026,19-Jan 2pm,3478.83
446,4,Tamil Nadu - 2026,19-Jan 2pm,3478.83
447,1,Tamil Nadu - 2026,19-Jan 3pm,3625.44
447,2,Tamil Nadu - 2026,19-Jan 3pm,3625.44
447,3,Tamil Nadu - 2026,19-Jan 3pm,3625.44
447,4,Tamil Nadu - 2026,19-Jan 3pm,3625.44
448,1,Tamil Nadu - 2026,19-Jan 4pm,3764.39
448,2,Tamil Nadu - 2026,19-Jan 4pm,3764.39
448,3,Tamil Nadu - 2026,19-Jan 4pm,3764.39
448,4,Tamil Nadu - 2026,19-Jan 4pm,3764.39
449,1,Tamil Nadu - 2026,19-Jan 5pm,4013.8325
449,2,Tamil Nadu - 2026,19-Jan 5pm,4013.8325
449,3,Tamil Nadu - 2026,19-Jan 5pm,4013.8325
449,4,Tamil Nadu - 2026,19-Jan 5pm,4013.8325
450,1,Tamil Nadu - 2026,19-Jan 6pm,4116.3875
450,2,Tamil Nadu - 2026,19-Jan 6pm,4116.3875
450,3,Tamil Nadu - 2026,19-Jan 6pm,4116.3875
450,4,Tamil Nadu - 2026,19-Jan 6pm,4116.3875
451,1,Tamil Nadu - 2026,19-Jan 7pm,4089.7025
451,2,Tamil Nadu - 2026,19-Jan 7pm,4089.7025
451,3,Tamil Nadu - 2026,19-Jan 7pm,4089.7025
451,4,Tamil Nadu - 2026,19-Jan 7pm,4089.7025
452,1,Tamil Nadu - 2026,19-Jan 8pm,3814.57
452,2,Tamil Nadu - 2026,19-Jan 8pm,3814.57
452,3,Tamil Nadu - 2026,19-Jan 8pm,3814.57
452,4,Tamil Nadu - 2026,19-Jan 8pm,3814.57
453,1,Tamil Nadu - 2026,19-Jan 9pm,3628.67
453,2,Tamil Nadu - 2026,19-Jan 9pm,3628.67
453,3,Tamil Nadu - 2026,19-Jan 9pm,3628.67
453,4,Tamil Nadu - 2026,19-Jan 9pm,3628.67
454,1,Tamil Nadu - 2026,19-Jan 10pm,3403.53
454,2,Tamil Nadu - 2026,19-Jan 10pm,3403.53
454,3,Tamil Nadu - 2026,19-Jan 10pm,3403.53
454,4,Tamil Nadu - 2026,19-Jan 10pm,3403.53
455,1,Tamil Nadu - 2026,19-Jan 11pm,3193.315
455,2,Tamil Nadu - 2026,19-Jan 11pm,3193.315
455,3,Tamil Nadu - 2026,19-Jan 11pm,3193.315
455,4,Tamil Nadu - 2026,19-Jan 11pm,3193.315
456,1,Tamil Nadu - 2026,20-Jan 12am,3095.7575
456,2,Tamil Nadu - 2026,20-Jan 12am,3095.7575
456,3,Tamil Nadu - 2026,20-Jan 12am,3095.7575
456,4,Tamil Nadu - 2026,20-Jan 12am,3095.7575
457,1,Tamil Nadu - 2026,20-Jan 1am,3080.45
457,2,Tamil Nadu - 2026,20-Jan 1am,3080.45
457,3,Tamil Nadu - 2026,20-Jan 1am,3080.45
457,4,Tamil Nadu - 2026,20-Jan 1am,3080.45
458,1,Tamil Nadu - 2026,20-Jan 2am,3033.1575
458,2,Tamil Nadu - 2026,20-Jan 2am,3033.1575
458,3,Tamil Nadu - 2026,20-Jan 2am,3033.1575
458,4,Tamil Nadu - 2026,20-Jan 2am,3033.1575
459,1,Tamil Nadu - 2026,20-Jan 3am,3000.4275
459,2,Tamil Nadu - 2026,20-Jan 3am,3000.4275
459,3,Tamil Nadu - 2026,20-Jan 3am,3000.4275
459,4,Tamil Nadu - 2026,20-Jan 3am,3000.4275
460,1,Tamil Nadu - 2026,20-Jan 4am,2979.58
460,2,Tamil Nadu - 2026,20-Jan 4am,2979.58
460,3,Tamil Nadu - 2026,20-Jan 4am,2979.58
460,4,Tamil Nadu - 2026,20-Jan 4am,2979.58
461,1,Tamil Nadu - 2026,20-Jan 5am,3102.605
461,2,Tamil Nadu - 2026,20-Jan 5am,3102.605
461,3,Tamil Nadu - 2026,20-Jan 5am,3102.605
461,4,Tamil Nadu - 2026,20-Jan 5am,3102.605
462,1,Tamil Nadu - 2026,20-Jan 6am,3343.3375
462,2,Tamil Nadu - 2026,20-Jan 6am,3343.3375
462,3,Tamil Nadu - 2026,20-Jan 6am,3343.3375
462,4,Tamil Nadu - 2026,20-Jan 6am,3343.3375
463,1,Tamil Nadu - 2026,20-Jan 7am,4005.48
463,2,Tamil Nadu - 2026,20-Jan 7am,4005.48
463,3,Tamil Nadu - 2026,20-Jan 7am,4005.48
463,4,Tamil Nadu - 2026,20-Jan 7am,4005.48
464,1,Tamil Nadu - 2026,20-Jan 8am,4108.3775
464,2,Tamil Nadu - 2026,20-Jan 8am,4108.3775
464,3,Tamil Nadu - 2026,20-Jan 8am,4108.3775
464,4,Tamil Nadu - 2026,20-Jan 8am,4108.3775
465,1,Tamil Nadu - 2026,20-Jan 9am,3900.5025
465,2,Tamil Nadu - 2026,20-Jan 9am,3900.5025
465,3,Tamil Nadu - 2026,20-Jan 9am,3900.5025
465,4,Tamil Nadu - 2026,20-Jan 9am,3900.5025
466,1,Tamil Nadu - 2026,20-Jan 10am,3637.9625
466,2,Tamil Nadu - 2026,20-Jan 10am,3637.9625
466,3,Tamil Nadu - 2026,20-Jan 10am,3637.9625
466,4,Tamil Nadu - 2026,20-Jan 10am,3637.9625
467,1,Tamil Nadu - 2026,20-Jan 11am,3575.3225
467,2,Tamil Nadu - 2026,20-Jan 11am,3575.3225
467,3,Tamil Nadu - 2026,20-Jan 11am,3575.3225
467,4,Tamil Nadu - 2026,20-Jan 11am,3575.3225
468,1,Tamil Nadu - 2026,20-Jan 12pm,3513.945
468,2,Tamil Nadu - 2026,20-Jan 12pm,3513.945
468,3,Tamil Nadu - 2026,20-Jan 12pm,3513.945
468,4,Tamil Nadu - 2026,20-Jan 12pm,3513.945
469,1,Tamil Nadu - 2026,20-Jan 1pm,3369.185
469,2,Tamil Nadu - 2026,20-Jan 1pm,3369.185
469,3,Tamil Nadu - 2026,20-Jan 1pm,3369.185
469,4,Tamil Nadu - 2026,20-Jan 1pm,3369.185
470,1,Tamil Nadu - 2026,20-Jan 2pm,3310.9575
470,2,Tamil Nadu - 2026,20-Jan 2pm,3310.9575
470,3,Tamil Nadu - 2026,20-Jan 2pm,3310.9575
470,4,Tamil Nadu - 2026,20-Jan 2pm,3310.9575
471,1,Tamil Nadu - 2026,20-Jan 3pm,3488.7825
471,2,Tamil Nadu - 2026,20-Jan 3pm,3488.7825
471,3,Tamil Nadu - 2026,20-Jan 3pm,3488.7825
471,4,Tamil Nadu - 2026,20-Jan 3pm,3488.7825
472,1,Tamil Nadu - 2026,20-Jan 4pm,3776.0625
472,2,Tamil Nadu - 2026,20-Jan 4pm,3776.0625
472,3,Tamil Nadu - 2026,20-Jan 4pm,3776.0625
472,4,Tamil Nadu - 2026,20-Jan 4pm,3776.0625
473,1,Tamil Nadu - 2026,20-Jan 5pm,4132.585
473,2,Tamil Nadu - 2026,20-Jan 5pm,4132.585
473,3,Tamil Nadu - 2026,20-Jan 5pm,4132.585
473,4,Tamil Nadu - 2026,20-Jan 5pm,4132.585
474,1,Tamil Nadu - 2026,20-Jan 6pm,4265.9125
474,2,Tamil Nadu - 2026,20-Jan 6pm,4265.9125
474,3,Tamil Nadu - 2026,20-Jan 6pm,4265.9125
474,4,Tamil Nadu - 2026,20-Jan 6pm,4265.9125
475,1,Tamil Nadu - 2026,20-Jan 7pm,4145.1475
475,2,Tamil Nadu - 2026,20-Jan 7pm,4145.1475
475,3,Tamil Nadu - 2026,20-Jan 7pm,4145.1475
475,4,Tamil Nadu - 2026,20-Jan 7pm,4145.1475
476,1,Tamil Nadu - 2026,20-Jan 8pm,3857.155
476,2,Tamil Nadu - 2026,20-Jan 8pm,3857.155
476,3,Tamil Nadu - 2026,20-Jan 8pm,3857.155
476,4,Tamil Nadu - 2026,20-Jan 8pm,3857.155
477,1,Tamil Nadu - 2026,20-Jan 9pm,3624.04
477,2,Tamil Nadu - 2026,20-Jan 9pm,3624.04
477,3,Tamil Nadu - 2026,20-Jan 9pm,3624.04
477,4,Tamil Nadu - 2026,20-Jan 9pm,3624.04
478,1,Tamil Nadu - 2026,20-Jan 10pm,3379.1875
478,2,Tamil Nadu - 2026,20-Jan 10pm,3379.1875
478,3,Tamil Nadu - 2026,20-Jan 10pm,3379.1875
478,4,Tamil Nadu - 2026,20-Jan 10pm,3379.1875
479,1,Tamil Nadu - 2026,20-Jan 11pm,3172.35
479,2,Tamil Nadu - 2026,20-Jan 11pm,3172.35
479,3,Tamil Nadu - 2026,20-Jan 11pm,3172.35
479,4,Tamil Nadu - 2026,20-Jan 11pm,3172.35
480,1,Tamil Nadu - 2026,21-Jan 12am,3038.885
480,2,Tamil Nadu - 2026,21-Jan 12am,3038.885
480,3,Tamil Nadu - 2026,21-Jan 12am,3038.885
480,4,Tamil Nadu - 2026,21-Jan 12am,3038.885
481,1,Tamil Nadu - 2026,21-Jan 1am,3016.7075
481,2,Tamil Nadu - 2026,21-Jan 1am,3016.7075
481,3,Tamil Nadu - 2026,21-Jan 1am,3016.7075
481,4,Tamil Nadu - 2026,21-Jan 1am,3016.7075
482,1,Tamil Nadu - 2026,21-Jan 2am,2984.6475
482,2,Tamil Nadu - 2026,21-Jan 2am,2984.6475
482,3,Tamil Nadu - 2026,21-Jan 2am,2984.6475
482,4,Tamil Nadu - 2026,21-Jan 2am,2984.6475
483,1,Tamil Nadu - 2026,21-Jan 3am,2978.485
483,2,Tamil Nadu - 2026,21-Jan 3am,2978.485
483,3,Tamil Nadu - 2026,21-Jan 3am,2978.485
483,4,Tamil Nadu - 2026,21-Jan 3am,2978.485
484,1,Tamil Nadu - 2026,21-Jan 4am,2996.87
484,2,Tamil Nadu - 2026,21-Jan 4am,2996.87
484,3,Tamil Nadu - 2026,21-Jan 4am,2996.87
484,4,Tamil Nadu - 2026,21-Jan 4am,2996.87
485,1,Tamil Nadu - 2026,21-Jan 5am,3060.2825
485,2,Tamil Nadu - 2026,21-Jan 5am,3060.2825
485,3,Tamil Nadu - 2026,21-Jan 5am,3060.2825
485,4,Tamil Nadu - 2026,21-Jan 5am,3060.2825
486,1,Tamil Nadu - 2026,21-Jan 6am,3348.81
486,2,Tamil Nadu - 2026,21-Jan 6am,3348.81
486,3,Tamil Nadu - 2026,21-Jan 6am,3348.81
486,4,Tamil Nadu - 2026,21-Jan 6am,3348.81
487,1,Tamil Nadu - 2026,21-Jan 7am,4014.5725
487,2,Tamil Nadu - 2026,21-Jan 7am,4014.5725
487,3,Tamil Nadu - 2026,21-Jan 7am,4014.5725
487,4,Tamil Nadu - 2026,21-Jan 7am,4014.5725
488,1,Tamil Nadu - 2026,21-Jan 8am,4150.38
488,2,Tamil Nadu - 2026,21-Jan 8am,4150.38
488,3,Tamil Nadu - 2026,21-Jan 8am,4150.38
488,4,Tamil Nadu - 2026,21-Jan 8am,4150.38
489,1,Tamil Nadu - 2026,21-Jan 9am,3944.0275
489,2,Tamil Nadu - 2026,21-Jan 9am,3944.0275
489,3,Tamil Nadu - 2026,21-Jan 9am,3944.0275
489,4,Tamil Nadu - 2026,21-Jan 9am,3944.0275
490,1,Tamil Nadu - 2026,21-Jan 10am,3755.845
490,2,Tamil Nadu - 2026,21-Jan 10am,3755.845
490,3,Tamil Nadu - 2026,21-Jan 10am,3755.845
490,4,Tamil Nadu - 2026,21-Jan 10am,3755.845
491,1,Tamil Nadu - 2026,21-Jan 11am,3681.825
491,2,Tamil Nadu - 2026,21-Jan 11am,3681.825
491,3,Tamil Nadu - 2026,21-Jan 11am,3681.825
491,4,Tamil Nadu - 2026,21-Jan 11am,3681.825
492,1,Tamil Nadu - 2026,21-Jan 12pm,3589.13
492,2,Tamil Nadu - 2026,21-Jan 12pm,3589.13
492,3,Tamil Nadu - 2026,21-Jan 12pm,3589.13
492,4,Tamil Nadu - 2026,21-Jan 12pm,3589.13
493,1,Tamil Nadu - 2026,21-Jan 1pm,3437.5975
493,2,Tamil Nadu - 2026,21-Jan 1pm,3437.5975
493,3,Tamil Nadu - 2026,21-Jan 1pm,3437.5975
493,4,Tamil Nadu - 2026,21-Jan 1pm,3437.5975
494,1,Tamil Nadu - 2026,21-Jan 2pm,3386.1175
494,2,Tamil Nadu - 2026,21-Jan 2pm,3386.1175
494,3,Tamil Nadu - 2026,21-Jan 2pm,3386.1175
494,4,Tamil Nadu - 2026,21-Jan 2pm,3386.1175
495,1,Tamil Nadu - 2026,21-Jan 3pm,3626.9775
495,2,Tamil Nadu - 2026,21-Jan 3pm,3626.9775
495,3,Tamil Nadu - 2026,21-Jan 3pm,3626.9775
495,4,Tamil Nadu - 2026,21-Jan 3pm,3626.9775
496,1,Tamil Nadu - 2026,21-Jan 4pm,3809.425
496,2,Tamil Nadu - 2026,21-Jan 4pm,3809.425
496,3,Tamil Nadu - 2026,21-Jan 4pm,3809.425
496,4,Tamil Nadu - 2026,21-Jan 4pm,3809.425
497,1,Tamil Nadu - 2026,21-Jan 5pm,4161.0425
497,2,Tamil Nadu - 2026,21-Jan 5pm,4161.0425
497,3,Tamil Nadu - 2026,21-Jan 5pm,4161.0425
497,4,Tamil Nadu - 2026,21-Jan 5pm,4161.0425
498,1,Tamil Nadu - 2026,21-Jan 6pm,4216.3875
498,2,Tamil Nadu - 2026,21-Jan 6pm,4216.3875
498,3,Tamil Nadu - 2026,21-Jan 6pm,4216.3875
498,4,Tamil Nadu - 2026,21-Jan 6pm,4216.3875
499,1,Tamil Nadu - 2026,21-Jan 7pm,4169.1875
499,2,Tamil Nadu - 2026,21-Jan 7pm,4169.1875
499,3,Tamil Nadu - 2026,21-Jan 7pm,4169.1875
499,4,Tamil Nadu - 2026,21-Jan 7pm,4169.1875
500,1,Tamil Nadu - 2026,21-Jan 8pm,3864.98
500,2,Tamil Nadu - 2026,21-Jan 8pm,3864.98
500,3,Tamil Nadu - 2026,21-Jan 8pm,3864.98
500,4,Tamil Nadu - 2026,21-Jan 8pm,3864.98
501,1,Tamil Nadu - 2026,21-Jan 9pm,3636.2125
501,2,Tamil Nadu - 2026,21-Jan 9pm,3636.2125
501,3,Tamil Nadu - 2026,21-Jan 9pm,3636.2125
501,4,Tamil Nadu - 2026,21-Jan 9pm,3636.2125
502,1,Tamil Nadu - 2026,21-Jan 10pm,3424.6375
502,2,Tamil Nadu - 2026,21-Jan 10pm,3424.6375
502,3,Tamil Nadu - 2026,21-Jan 10pm,3424.6375
502,4,Tamil Nadu - 2026,21-Jan 10pm,3424.6375
503,1,Tamil Nadu - 2026,21-Jan 11pm,3201.9925
503,2,Tamil Nadu - 2026,21-Jan 11pm,3201.9925
503,3,Tamil Nadu - 2026,21-Jan 11pm,3201.9925
503,4,Tamil Nadu - 2026,21-Jan 11pm,3201.9925
504,1,Tamil Nadu - 2026,22-Jan 12am,3094.3125
504,2,Tamil Nadu - 2026,22-Jan 12am,3094.3125
504,3,Tamil Nadu - 2026,22-Jan 12am,3094.3125
504,4,Tamil Nadu - 2026,22-Jan 12am,3094.3125
505,1,Tamil Nadu - 2026,22-Jan 1am,3039.3025
505,2,Tamil Nadu - 2026,22-Jan 1am,3039.3025
505,3,Tamil Nadu - 2026,22-Jan 1am,3039.3025
505,4,Tamil Nadu - 2026,22-Jan 1am,3039.3025
506,1,Tamil Nadu - 2026,22-Jan 2am,2998.6075
506,2,Tamil Nadu - 2026,22-Jan 2am,2998.6075
506,3,Tamil Nadu - 2026,22-Jan 2am,2998.6075
506,4,Tamil Nadu - 2026,22-Jan 2am,2998.6075
507,1,Tamil Nadu - 2026,22-Jan 3am,2966.2675
507,2,Tamil Nadu - 2026,22-Jan 3am,2966.2675
507,3,Tamil Nadu - 2026,22-Jan 3am,2966.2675
507,4,Tamil Nadu - 2026,22-Jan 3am,2966.2675
508,1,Tamil Nadu - 2026,22-Jan 4am,2982.065
508,2,Tamil Nadu - 2026,22-Jan 4am,2982.065
508,3,Tamil Nadu - 2026,22-Jan 4am,2982.065
508,4,Tamil Nadu - 2026,22-Jan 4am,2982.065
509,1,Tamil Nadu - 2026,22-Jan 5am,3007.7425
509,2,Tamil Nadu - 2026,22-Jan 5am,3007.7425
509,3,Tamil Nadu - 2026,22-Jan 5am,3007.7425
509,4,Tamil Nadu - 2026,22-Jan 5am,3007.7425
510,1,Tamil Nadu - 2026,22-Jan 6am,3336.6075
510,2,Tamil Nadu - 2026,22-Jan 6am,3336.6075
510,3,Tamil Nadu - 2026,22-Jan 6am,3336.6075
510,4,Tamil Nadu - 2026,22-Jan 6am,3336.6075
511,1,Tamil Nadu - 2026,22-Jan 7am,4024.025
511,2,Tamil Nadu - 2026,22-Jan 7am,4024.025
511,3,Tamil Nadu - 2026,22-Jan 7am,4024.025
511,4,Tamil Nadu - 2026,22-Jan 7am,4024.025
512,1,Tamil Nadu - 2026,22-Jan 8am,4084.2575
512,2,Tamil Nadu - 2026,22-Jan 8am,4084.2575
512,3,Tamil Nadu - 2026,22-Jan 8am,4084.2575
512,4,Tamil Nadu - 2026,22-Jan 8am,4084.2575
513,1,Tamil Nadu - 2026,22-Jan 9am,3680.005
513,2,Tamil Nadu - 2026,22-Jan 9am,3680.005
513,3,Tamil Nadu - 2026,22-Jan 9am,3680.005
513,4,Tamil Nadu - 2026,22-Jan 9am,3680.005
514,1,Tamil Nadu - 2026,22-Jan 10am,3682.2875
514,2,Tamil Nadu - 2026,22-Jan 10am,3682.2875
514,3,Tamil Nadu - 2026,22-Jan 10am,3682.2875
514,4,Tamil Nadu - 2026,22-Jan 10am,3682.2875
515,1,Tamil Nadu - 2026,22-Jan 11am,3612.9325
515,2,Tamil Nadu - 2026,22-Jan 11am,3612.9325
515,3,Tamil Nadu - 2026,22-Jan 11am,3612.9325
515,4,Tamil Nadu - 2026,22-Jan 11am,3612.9325
516,1,Tamil Nadu - 2026,22-Jan 12pm,3561.685
516,2,Tamil Nadu - 2026,22-Jan 12pm,3561.685
516,3,Tamil Nadu - 2026,22-Jan 12pm,3561.685
516,4,Tamil Nadu - 2026,22-Jan 12pm,3561.685
517,1,Tamil Nadu - 2026,22-Jan 1pm,3448.3175
517,2,Tamil Nadu - 2026,22-Jan 1pm,3448.3175
517,3,Tamil Nadu - 2026,22-Jan 1pm,3448.3175
517,4,Tamil Nadu - 2026,22-Jan 1pm,3448.3175
518,1,Tamil Nadu - 2026,22-Jan 2pm,3449.0125
518,2,Tamil Nadu - 2026,22-Jan 2pm,3449.0125
518,3,Tamil Nadu - 2026,22-Jan 2pm,3449.0125
518,4,Tamil Nadu - 2026,22-Jan 2pm,3449.0125
519,1,Tamil Nadu - 2026,22-Jan 3pm,3549.3875
519,2,Tamil Nadu - 2026,22-Jan 3pm,3549.3875
519,3,Tamil Nadu - 2026,22-Jan 3pm,3549.3875
519,4,Tamil Nadu - 2026,22-Jan 3pm,3549.3875
520,1,Tamil Nadu - 2026,22-Jan 4pm,3830.48
520,2,Tamil Nadu - 2026,22-Jan 4pm,3830.48
520,3,Tamil Nadu - 2026,22-Jan 4pm,3830.48
520,4,Tamil Nadu - 2026,22-Jan 4pm,3830.48
521,1,Tamil Nadu - 2026,22-Jan 5pm,4182.6575
521,2,Tamil Nadu - 2026,22-Jan 5pm,4182.6575
521,3,Tamil Nadu - 2026,22-Jan 5pm,4182.6575
521,4,Tamil Nadu - 2026,22-Jan 5pm,4182.6575
522,1,Tamil Nadu - 2026,22-Jan 6pm,4252.1575
522,2,Tamil Nadu - 2026,22-Jan 6pm,4252.1575
522,3,Tamil Nadu - 2026,22-Jan 6pm,4252.1575
522,4,Tamil Nadu - 2026,22-Jan 6pm,4252.1575
523,1,Tamil Nadu - 2026,22-Jan 7pm,4293.3225
523,2,Tamil Nadu - 2026,22-Jan 7pm,4293.3225
523,3,Tamil Nadu - 2026,22-Jan 7pm,4293.3225
523,4,Tamil Nadu - 2026,22-Jan 7pm,4293.3225
524,1,Tamil Nadu - 2026,22-Jan 8pm,3982.35
524,2,Tamil Nadu - 2026,22-Jan 8pm,3982.35
524,3,Tamil Nadu - 2026,22-Jan 8pm,3982.35
524,4,Tamil Nadu - 2026,22-Jan 8pm,3982.35
525,1,Tamil Nadu - 2026,22-Jan 9pm,3721.8125
525,2,Tamil Nadu - 2026,22-Jan 9pm,3721.8125
525,3,Tamil Nadu - 2026,22-Jan 9pm,3721.8125
525,4,Tamil Nadu - 2026,22-Jan 9pm,3721.8125
526,1,Tamil Nadu - 2026,22-Jan 10pm,3482.0125
526,2,Tamil Nadu - 2026,22-Jan 10pm,3482.0125
526,3,Tamil Nadu - 2026,22-Jan 10pm,3482.0125
526,4,Tamil Nadu - 2026,22-Jan 10pm,3482.0125
527,1,Tamil Nadu - 2026,22-Jan 11pm,3224.8675
527,2,Tamil Nadu - 2026,22-Jan 11pm,3224.8675
527,3,Tamil Nadu - 2026,22-Jan 11pm,3224.8675
527,4,Tamil Nadu - 2026,22-Jan 11pm,3224.8675
528,1,Tamil Nadu - 2026,23-Jan 12am,3112.045
528,2,Tamil Nadu - 2026,23-Jan 12am,3112.045
528,3,Tamil Nadu - 2026,23-Jan 12am,3112.045
528,4,Tamil Nadu - 2026,23-Jan 12am,3112.045
529,1,Tamil Nadu - 2026,23-Jan 1am,3060.6075
529,2,Tamil Nadu - 2026,23-Jan 1am,3060.6075
529,3,Tamil Nadu - 2026,23-Jan 1am,3060.6075
529,4,Tamil Nadu - 2026,23-Jan 1am,3060.6075
530,1,Tamil Nadu - 2026,23-Jan 2am,3013.55
530,2,Tamil Nadu - 2026,23-Jan 2am,3013.55
530,3,Tamil Nadu - 2026,23-Jan 2am,3013.55
530,4,Tamil Nadu - 2026,23-Jan 2am,3013.55
531,1,Tamil Nadu - 2026,23-Jan 3am,3039.47
531,2,Tamil Nadu - 2026,23-Jan 3am,3039.47
531,3,Tamil Nadu - 2026,23-Jan 3am,3039.47
531,4,Tamil Nadu - 2026,23-Jan 3am,3039.47
532,1,Tamil Nadu - 2026,23-Jan 4am,3044.92
532,2,Tamil Nadu - 2026,23-Jan 4am,3044.92
532,3,Tamil Nadu - 2026,23-Jan 4am,3044.92
532,4,Tamil Nadu - 2026,23-Jan 4am,3044.92
533,1,Tamil Nadu - 2026,23-Jan 5am,3124.275
533,2,Tamil Nadu - 2026,23-Jan 5am,3124.275
533,3,Tamil Nadu - 2026,23-Jan 5am,3124.275
533,4,Tamil Nadu - 2026,23-Jan 5am,3124.275
534,1,Tamil Nadu - 2026,23-Jan 6am,3428.7025
534,2,Tamil Nadu - 2026,23-Jan 6am,3428.7025
534,3,Tamil Nadu - 2026,23-Jan 6am,3428.7025
534,4,Tamil Nadu - 2026,23-Jan 6am,3428.7025
535,1,Tamil Nadu - 2026,23-Jan 7am,4123.1725
535,2,Tamil Nadu - 2026,23-Jan 7am,4123.1725
535,3,Tamil Nadu - 2026,23-Jan 7am,4123.1725
535,4,Tamil Nadu - 2026,23-Jan 7am,4123.1725
536,1,Tamil Nadu - 2026,23-Jan 8am,4200.475
536,2,Tamil Nadu - 2026,23-Jan 8am,4200.475
536,3,Tamil Nadu - 2026,23-Jan 8am,4200.475
536,4,Tamil Nadu - 2026,23-Jan 8am,4200.475
537,1,Tamil Nadu - 2026,23-Jan 9am,3962.6375
537,2,Tamil Nadu - 2026,23-Jan 9am,3962.6375
537,3,Tamil Nadu - 2026,23-Jan 9am,3962.6375
537,4,Tamil Nadu - 2026,23-Jan 9am,3962.6375
538,1,Tamil Nadu - 2026,23-Jan 10am,3633.77
538,2,Tamil Nadu - 2026,23-Jan 10am,3633.77
538,3,Tamil Nadu - 2026,23-Jan 10am,3633.77
538,4,Tamil Nadu - 2026,23-Jan 10am,3633.77
539,1,Tamil Nadu - 2026,23-Jan 11am,3721.5675
539,2,Tamil Nadu - 2026,23-Jan 11am,3721.5675
539,3,Tamil Nadu - 2026,23-Jan 11am,3721.5675
539,4,Tamil Nadu - 2026,23-Jan 11am,3721.5675
540,1,Tamil Nadu - 2026,23-Jan 12pm,3707.2125
540,2,Tamil Nadu - 2026,23-Jan 12pm,3707.2125
540,3,Tamil Nadu - 2026,23-Jan 12pm,3707.2125
540,4,Tamil Nadu - 2026,23-Jan 12pm,3707.2125
541,1,Tamil Nadu - 2026,23-Jan 1pm,3618.7525
541,2,Tamil Nadu - 2026,23-Jan 1pm,3618.7525
541,3,Tamil Nadu - 2026,23-Jan 1pm,3618.7525
541,4,Tamil Nadu - 2026,23-Jan 1pm,3618.7525
542,1,Tamil Nadu - 2026,23-Jan 2pm,3518.35
542,2,Tamil Nadu - 2026,23-Jan 2pm,3518.35
542,3,Tamil Nadu - 2026,23-Jan 2pm,3518.35
542,4,Tamil Nadu - 2026,23-Jan 2pm,3518.35
543,1,Tamil Nadu - 2026,23-Jan 3pm,3686.0
543,2,Tamil Nadu - 2026,23-Jan 3pm,3686.0
543,3,Tamil Nadu - 2026,23-Jan 3pm,3686.0
543,4,Tamil Nadu - 2026,23-Jan 3pm,3686.0
544,1,Tamil Nadu - 2026,23-Jan 4pm,3950.985
544,2,Tamil Nadu - 2026,23-Jan 4pm,3950.985
544,3,Tamil Nadu - 2026,23-Jan 4pm,3950.985
544,4,Tamil Nadu - 2026,23-Jan 4pm,3950.985
545,1,Tamil Nadu - 2026,23-Jan 5pm,4287.86
545,2,Tamil Nadu - 2026,23-Jan 5pm,4287.86
545,3,Tamil Nadu - 2026,23-Jan 5pm,4287.86
545,4,Tamil Nadu - 2026,23-Jan 5pm,4287.86
546,1,Tamil Nadu - 2026,23-Jan 6pm,4246.53
546,2,Tamil Nadu - 2026,23-Jan 6pm,4246.53
546,3,Tamil Nadu - 2026,23-Jan 6pm,4246.53
546,4,Tamil Nadu - 2026,23-Jan 6pm,4246.53
547,1,Tamil Nadu - 2026,23-Jan 7pm,4201.865
547,2,Tamil Nadu - 2026,23-Jan 7pm,4201.865
547,3,Tamil Nadu - 2026,23-Jan 7pm,4201.865
547,4,Tamil Nadu - 2026,23-Jan 7pm,4201.865
548,1,Tamil Nadu - 2026,23-Jan 8pm,3914.555
548,2,Tamil Nadu - 2026,23-Jan 8pm,3914.555
548,3,Tamil Nadu - 2026,23-Jan 8pm,3914.555
548,4,Tamil Nadu - 2026,23-Jan 8pm,3914.555
549,1,Tamil Nadu - 2026,23-Jan 9pm,3664.2675
549,2,Tamil Nadu - 2026,23-Jan 9pm,3664.2675
549,3,Tamil Nadu - 2026,23-Jan 9pm,3664.2675
549,4,Tamil Nadu - 2026,23-Jan 9pm,3664.2675
550,1,Tamil Nadu - 2026,23-Jan 10pm,3424.8825
550,2,Tamil Nadu - 2026,23-Jan 10pm,3424.8825
550,3,Tamil Nadu - 2026,23-Jan 10pm,3424.8825
550,4,Tamil Nadu - 2026,23-Jan 10pm,3424.8825
551,1,Tamil Nadu - 2026,23-Jan 11pm,3210.0375
551,2,Tamil Nadu - 2026,23-Jan 11pm,3210.0375
551,3,Tamil Nadu - 2026,23-Jan 11pm,3210.0375
551,4,Tamil Nadu - 2026,23-Jan 11pm,3210.0375
552,1,Tamil Nadu - 2026,24-Jan 12am,3090.93
552,2,Tamil Nadu - 2026,24-Jan 12am,3090.93
552,3,Tamil Nadu - 2026,24-Jan 12am,3090.93
552,4,Tamil Nadu - 2026,24-Jan 12am,3090.93
553,1,Tamil Nadu - 2026,24-Jan 1am,3080.9875
553,2,Tamil Nadu - 2026,24-Jan 1am,3080.9875
553,3,Tamil Nadu - 2026,24-Jan 1am,3080.9875
553,4,Tamil Nadu - 2026,24-Jan 1am,3080.9875
554,1,Tamil Nadu - 2026,24-Jan 2am,3054.4475
554,2,Tamil Nadu - 2026,24-Jan 2am,3054.4475
554,3,Tamil Nadu - 2026,24-Jan 2am,3054.4475
554,4,Tamil Nadu - 2026,24-Jan 2am,3054.4475
555,1,Tamil Nadu - 2026,24-Jan 3am,3053.7075
555,2,Tamil Nadu - 2026,24-Jan 3am,3053.7075
555,3,Tamil Nadu - 2026,24-Jan 3am,3053.7075
555,4,Tamil Nadu - 2026,24-Jan 3am,3053.7075
556,1,Tamil Nadu - 2026,24-Jan 4am,3061.2825
556,2,Tamil Nadu - 2026,24-Jan 4am,3061.2825
556,3,Tamil Nadu - 2026,24-Jan 4am,3061.2825
556,4,Tamil Nadu - 2026,24-Jan 4am,3061.2825
557,1,Tamil Nadu - 2026,24-Jan 5am,3167.85
557,2,Tamil Nadu - 2026,24-Jan 5am,3167.85
557,3,Tamil Nadu - 2026,24-Jan 5am,3167.85
557,4,Tamil Nadu - 2026,24-Jan 5am,3167.85
558,1,Tamil Nadu - 2026,24-Jan 6am,3341.96
558,2,Tamil Nadu - 2026,24-Jan 6am,3341.96
558,3,Tamil Nadu - 2026,24-Jan 6am,3341.96
558,4,Tamil Nadu - 2026,24-Jan 6am,3341.96
559,1,Tamil Nadu - 2026,24-Jan 7am,3882.7725
559,2,Tamil Nadu - 2026,24-Jan 7am,3882.7725
559,3,Tamil Nadu - 2026,24-Jan 7am,3882.7725
559,4,Tamil Nadu - 2026,24-Jan 7am,3882.7725
560,1,Tamil Nadu - 2026,24-Jan 8am,4081.1775
560,2,Tamil Nadu - 2026,24-Jan 8am,4081.1775
560,3,Tamil Nadu - 2026,24-Jan 8am,4081.1775
560,4,Tamil Nadu - 2026,24-Jan 8am,4081.1775
561,1,Tamil Nadu - 2026,24-Jan 9am,4026.025
561,2,Tamil Nadu - 2026,24-Jan 9am,4026.025
561,3,Tamil Nadu - 2026,24-Jan 9am,4026.025
561,4,Tamil Nadu - 2026,24-Jan 9am,4026.025
562,1,Tamil Nadu - 2026,24-Jan 10am,3955.63
562,2,Tamil Nadu - 2026,24-Jan 10am,3955.63
562,3,Tamil Nadu - 2026,24-Jan 10am,3955.63
562,4,Tamil Nadu - 2026,24-Jan 10am,3955.63
563,1,Tamil Nadu - 2026,24-Jan 11am,3785.69
563,2,Tamil Nadu - 2026,24-Jan 11am,3785.69
563,3,Tamil Nadu - 2026,24-Jan 11am,3785.69
563,4,Tamil Nadu - 2026,24-Jan 11am,3785.69
564,1,Tamil Nadu - 2026,24-Jan 12pm,3845.145
564,2,Tamil Nadu - 2026,24-Jan 12pm,3845.145
564,3,Tamil Nadu - 2026,24-Jan 12pm,3845.145
564,4,Tamil Nadu - 2026,24-Jan 12pm,3845.145
565,1,Tamil Nadu - 2026,24-Jan 1pm,3751.9225
565,2,Tamil Nadu - 2026,24-Jan 1pm,3751.9225
565,3,Tamil Nadu - 2026,24-Jan 1pm,3751.9225
565,4,Tamil Nadu - 2026,24-Jan 1pm,3751.9225
566,1,Tamil Nadu - 2026,24-Jan 2pm,3714.005
566,2,Tamil Nadu - 2026,24-Jan 2pm,3714.005
566,3,Tamil Nadu - 2026,24-Jan 2pm,3714.005
566,4,Tamil Nadu - 2026,24-Jan 2pm,3714.005
567,1,Tamil Nadu - 2026,24-Jan 3pm,3835.53
567,2,Tamil Nadu - 2026,24-Jan 3pm,3835.53
567,3,Tamil Nadu - 2026,24-Jan 3pm,3835.53
567,4,Tamil Nadu - 2026,24-Jan 3pm,3835.53
568,1,Tamil Nadu - 2026,24-Jan 4pm,4007.895
568,2,Tamil Nadu - 2026,24-Jan 4pm,4007.895
568,3,Tamil Nadu - 2026,24-Jan 4pm,4007.895
568,4,Tamil Nadu - 2026,24-Jan 4pm,4007.895
569,1,Tamil Nadu - 2026,24-Jan 5pm,4009.875
569,2,Tamil Nadu - 2026,24-Jan 5pm,4009.875
569,3,Tamil Nadu - 2026,24-Jan 5pm,4009.875
569,4,Tamil Nadu - 2026,24-Jan 5pm,4009.875
570,1,Tamil Nadu - 2026,24-Jan 6pm,4052.0275
570,2,Tamil Nadu - 2026,24-Jan 6pm,4052.0275
570,3,Tamil Nadu - 2026,24-Jan 6pm,4052.0275
570,4,Tamil Nadu - 2026,24-Jan 6pm,4052.0275
571,1,Tamil Nadu - 2026,24-Jan 7pm,3975.08
571,2,Tamil Nadu - 2026,24-Jan 7pm,3975.08
571,3,Tamil Nadu - 2026,24-Jan 7pm,3975.08
571,4,Tamil Nadu - 2026,24-Jan 7pm,3975.08
572,1,Tamil Nadu - 2026,24-Jan 8pm,3690.415
572,2,Tamil Nadu - 2026,24-Jan 8pm,3690.415
572,3,Tamil Nadu - 2026,24-Jan 8pm,3690.415
572,4,Tamil Nadu - 2026,24-Jan 8pm,3690.415
573,1,Tamil Nadu - 2026,24-Jan 9pm,3574.8525
573,2,Tamil Nadu - 2026,24-Jan 9pm,3574.8525
573,3,Tamil Nadu - 2026,24-Jan 9pm,3574.8525
573,4,Tamil Nadu - 2026,24-Jan 9pm,3574.8525
574,1,Tamil Nadu - 2026,24-Jan 10pm,3335.75
574,2,Tamil Nadu - 2026,24-Jan 10pm,3335.75
574,3,Tamil Nadu - 2026,24-Jan 10pm,3335.75
574,4,Tamil Nadu - 2026,24-Jan 10pm,3335.75
575,1,Tamil Nadu - 2026,24-Jan 11pm,3112.315
575,2,Tamil Nadu - 2026,24-Jan 11pm,3112.315
575,3,Tamil Nadu - 2026,24-Jan 11pm,3112.315
575,4,Tamil Nadu - 2026,24-Jan 11pm,3112.315
576,1,Tamil Nadu - 2026,25-Jan 12am,3013.39
576,2,Tamil Nadu - 2026,25-Jan 12am,3013.39
576,3,Tamil Nadu - 2026,25-Jan 12am,3013.39
576,4,Tamil Nadu - 2026,25-Jan 12am,3013.39
577,1,Tamil Nadu - 2026,25-Jan 1am,2929.49
577,2,Tamil Nadu - 2026,25-Jan 1am,2929.49
577,3,Tamil Nadu - 2026,25-Jan 1am,2929.49
577,4,Tamil Nadu - 2026,25-Jan 1am,2929.49
578,1,Tamil Nadu - 2026,25-Jan 2am,2905.7425
578,2,Tamil Nadu - 2026,25-Jan 2am,2905.7425
578,3,Tamil Nadu - 2026,25-Jan 2am,2905.7425
578,4,Tamil Nadu - 2026,25-Jan 2am,2905.7425
579,1,Tamil Nadu - 2026,25-Jan 3am,2852.36
579,2,Tamil Nadu - 2026,25-Jan 3am,2852.36
579,3,Tamil Nadu - 2026,25-Jan 3am,2852.36
579,4,Tamil Nadu - 2026,25-Jan 3am,2852.36
580,1,Tamil Nadu - 2026,25-Jan 4am,2881.695
580,2,Tamil Nadu - 2026,25-Jan 4am,2881.695
580,3,Tamil Nadu - 2026,25-Jan 4am,2881.695
580,4,Tamil Nadu - 2026,25-Jan 4am,2881.695
581,1,Tamil Nadu - 2026,25-Jan 5am,2921.2125
581,2,Tamil Nadu - 2026,25-Jan 5am,2921.2125
581,3,Tamil Nadu - 2026,25-Jan 5am,2921.2125
581,4,Tamil Nadu - 2026,25-Jan 5am,2921.2125
582,1,Tamil Nadu - 2026,25-Jan 6am,3041.775
582,2,Tamil Nadu - 2026,25-Jan 6am,3041.775
582,3,Tamil Nadu - 2026,25-Jan 6am,3041.775
582,4,Tamil Nadu - 2026,25-Jan 6am,3041.775
583,1,Tamil Nadu - 2026,25-Jan 7am,3374.4025
583,2,Tamil Nadu - 2026,25-Jan 7am,3374.4025
583,3,Tamil Nadu - 2026,25-Jan 7am,3374.4025
583,4,Tamil Nadu - 2026,25-Jan 7am,3374.4025
584,1,Tamil Nadu - 2026,25-Jan 8am,3568.92
584,2,Tamil Nadu - 2026,25-Jan 8am,3568.92
584,3,Tamil Nadu - 2026,25-Jan 8am,3568.92
584,4,Tamil Nadu - 2026,25-Jan 8am,3568.92
585,1,Tamil Nadu - 2026,25-Jan 9am,3610.8675
585,2,Tamil Nadu - 2026,25-Jan 9am,3610.8675
585,3,Tamil Nadu - 2026,25-Jan 9am,3610.8675
585,4,Tamil Nadu - 2026,25-Jan 9am,3610.8675
586,1,Tamil Nadu - 2026,25-Jan 10am,3605.93
586,2,Tamil Nadu - 2026,25-Jan 10am,3605.93
586,3,Tamil Nadu - 2026,25-Jan 10am,3605.93
586,4,Tamil Nadu - 2026,25-Jan 10am,3605.93
587,1,Tamil Nadu - 2026,25-Jan 11am,3582.5
587,2,Tamil Nadu - 2026,25-Jan 11am,3582.5
587,3,Tamil Nadu - 2026,25-Jan 11am,3582.5
587,4,Tamil Nadu - 2026,25-Jan 11am,3582.5
588,1,Tamil Nadu - 2026,25-Jan 12pm,3517.73
588,2,Tamil Nadu - 2026,25-Jan 12pm,3517.73
588,3,Tamil Nadu - 2026,25-Jan 12pm,3517.73
588,4,Tamil Nadu - 2026,25-Jan 12pm,3517.73
589,1,Tamil Nadu - 2026,25-Jan 1pm,3416.18
589,2,Tamil Nadu - 2026,25-Jan 1pm,3416.18
589,3,Tamil Nadu - 2026,25-Jan 1pm,3416.18
589,4,Tamil Nadu - 2026,25-Jan 1pm,3416.18
590,1,Tamil Nadu - 2026,25-Jan 2pm,3335.0975
590,2,Tamil Nadu - 2026,25-Jan 2pm,3335.0975
590,3,Tamil Nadu - 2026,25-Jan 2pm,3335.0975
590,4,Tamil Nadu - 2026,25-Jan 2pm,3335.0975
591,1,Tamil Nadu - 2026,25-Jan 3pm,3372.7125
591,2,Tamil Nadu - 2026,25-Jan 3pm,3372.7125
591,3,Tamil Nadu - 2026,25-Jan 3pm,3372.7125
591,4,Tamil Nadu - 2026,25-Jan 3pm,3372.7125
592,1,Tamil Nadu - 2026,25-Jan 4pm,3462.8175
592,2,Tamil Nadu - 2026,25-Jan 4pm,3462.8175
592,3,Tamil Nadu - 2026,25-Jan 4pm,3462.8175
592,4,Tamil Nadu - 2026,25-Jan 4pm,3462.8175
593,1,Tamil Nadu - 2026,25-Jan 5pm,3575.535
593,2,Tamil Nadu - 2026,25-Jan 5pm,3575.535
593,3,Tamil Nadu - 2026,25-Jan 5pm,3575.535
593,4,Tamil Nadu - 2026,25-Jan 5pm,3575.535
594,1,Tamil Nadu - 2026,25-Jan 6pm,3545.0975
594,2,Tamil Nadu - 2026,25-Jan 6pm,3545.0975
594,3,Tamil Nadu - 2026,25-Jan 6pm,3545.0975
594,4,Tamil Nadu - 2026,25-Jan 6pm,3545.0975
595,1,Tamil Nadu - 2026,25-Jan 7pm,3571.2775
595,2,Tamil Nadu - 2026,25-Jan 7pm,3571.2775
595,3,Tamil Nadu - 2026,25-Jan 7pm,3571.2775
595,4,Tamil Nadu - 2026,25-Jan 7pm,3571.2775
596,1,Tamil Nadu - 2026,25-Jan 8pm,3356.5475
596,2,Tamil Nadu - 2026,25-Jan 8pm,3356.5475
596,3,Tamil Nadu - 2026,25-Jan 8pm,3356.5475
596,4,Tamil Nadu - 2026,25-Jan 8pm,3356.5475
597,1,Tamil Nadu - 2026,25-Jan 9pm,3223.0075
597,2,Tamil Nadu - 2026,25-Jan 9pm,3223.0075
597,3,Tamil Nadu - 2026,25-Jan 9pm,3223.0075
597,4,Tamil Nadu - 2026,25-Jan 9pm,3223.0075
598,1,Tamil Nadu - 2026,25-Jan 10pm,2968.2225
598,2,Tamil Nadu - 2026,25-Jan 10pm,2968.2225
598,3,Tamil Nadu - 2026,25-Jan 10pm,2968.2225
598,4,Tamil Nadu - 2026,25-Jan 10pm,2968.2225
599,1,Tamil Nadu - 2026,25-Jan 11pm,2805.8075
599,2,Tamil Nadu - 2026,25-Jan 11pm,2805.8075
599,3,Tamil Nadu - 2026,25-Jan 11pm,2805.8075
599,4,Tamil Nadu - 2026,25-Jan 11pm,2805.8075
600,1,Tamil Nadu - 2026,26-Jan 12am,2753.495
600,2,Tamil Nadu - 2026,26-Jan 12am,2753.495
600,3,Tamil Nadu - 2026,26-Jan 12am,2753.495
600,4,Tamil Nadu - 2026,26-Jan 12am,2753.495
601,1,Tamil Nadu - 2026,26-Jan 1am,2683.5575
601,2,Tamil Nadu - 2026,26-Jan 1am,2683.5575
601,3,Tamil Nadu - 2026,26-Jan 1am,2683.5575
601,4,Tamil Nadu - 2026,26-Jan 1am,2683.5575
602,1,Tamil Nadu - 2026,26-Jan 2am,2632.885
602,2,Tamil Nadu - 2026,26-Jan 2am,2632.885
602,3,Tamil Nadu - 2026,26-Jan 2am,2632.885
602,4,Tamil Nadu - 2026,26-Jan 2am,2632.885
603,1,Tamil Nadu - 2026,26-Jan 3am,2579.02
603,2,Tamil Nadu - 2026,26-Jan 3am,2579.02
603,3,Tamil Nadu - 2026,26-Jan 3am,2579.02
603,4,Tamil Nadu - 2026,26-Jan 3am,2579.02
604,1,Tamil Nadu - 2026,26-Jan 4am,2570.85
604,2,Tamil Nadu - 2026,26-Jan 4am,2570.85
604,3,Tamil Nadu - 2026,26-Jan 4am,2570.85
604,4,Tamil Nadu - 2026,26-Jan 4am,2570.85
605,1,Tamil Nadu - 2026,26-Jan 5am,2614.3425
605,2,Tamil Nadu - 2026,26-Jan 5am,2614.3425
605,3,Tamil Nadu - 2026,26-Jan 5am,2614.3425
605,4,Tamil Nadu - 2026,26-Jan 5am,2614.3425
606,1,Tamil Nadu - 2026,26-Jan 6am,2739.8275
606,2,Tamil Nadu - 2026,26-Jan 6am,2739.8275
606,3,Tamil Nadu - 2026,26-Jan 6am,2739.8275
606,4,Tamil Nadu - 2026,26-Jan 6am,2739.8275
607,1,Tamil Nadu - 2026,26-Jan 7am,3109.76
607,2,Tamil Nadu - 2026,26-Jan 7am,3109.76
607,3,Tamil Nadu - 2026,26-Jan 7am,3109.76
607,4,Tamil Nadu - 2026,26-Jan 7am,3109.76
608,1,Tamil Nadu - 2026,26-Jan 8am,3337.7
608,2,Tamil Nadu - 2026,26-Jan 8am,3337.7
608,3,Tamil Nadu - 2026,26-Jan 8am,3337.7
608,4,Tamil Nadu - 2026,26-Jan 8am,3337.7
609,1,Tamil Nadu - 2026,26-Jan 9am,3354.9625
609,2,Tamil Nadu - 2026,26-Jan 9am,3354.9625
609,3,Tamil Nadu - 2026,26-Jan 9am,3354.9625
609,4,Tamil Nadu - 2026,26-Jan 9am,3354.9625
610,1,Tamil Nadu - 2026,26-Jan 10am,3258.9625
610,2,Tamil Nadu - 2026,26-Jan 10am,3258.9625
610,3,Tamil Nadu - 2026,26-Jan 10am,3258.9625
610,4,Tamil Nadu - 2026,26-Jan 10am,3258.9625
611,1,Tamil Nadu - 2026,26-Jan 11am,3218.765
611,2,Tamil Nadu - 2026,26-Jan 11am,3218.765
611,3,Tamil Nadu - 2026,26-Jan 11am,3218.765
611,4,Tamil Nadu - 2026,26-Jan 11am,3218.765
612,1,Tamil Nadu - 2026,26-Jan 12pm,3048.77
612,2,Tamil Nadu - 2026,26-Jan 12pm,3048.77
612,3,Tamil Nadu - 2026,26-Jan 12pm,3048.77
612,4,Tamil Nadu - 2026,26-Jan 12pm,3048.77
613,1,Tamil Nadu - 2026,26-Jan 1pm,3075.775
613,2,Tamil Nadu - 2026,26-Jan 1pm,3075.775
613,3,Tamil Nadu - 2026,26-Jan 1pm,3075.775
613,4,Tamil Nadu - 2026,26-Jan 1pm,3075.775
614,1,Tamil Nadu - 2026,26-Jan 2pm,3024.2575
614,2,Tamil Nadu - 2026,26-Jan 2pm,3024.2575
614,3,Tamil Nadu - 2026,26-Jan 2pm,3024.2575
614,4,Tamil Nadu - 2026,26-Jan 2pm,3024.2575
615,1,Tamil Nadu - 2026,26-Jan 3pm,3088.3525
615,2,Tamil Nadu - 2026,26-Jan 3pm,3088.3525
615,3,Tamil Nadu - 2026,26-Jan 3pm,3088.3525
615,4,Tamil Nadu - 2026,26-Jan 3pm,3088.3525
616,1,Tamil Nadu - 2026,26-Jan 4pm,3224.6675
616,2,Tamil Nadu - 2026,26-Jan 4pm,3224.6675
616,3,Tamil Nadu - 2026,26-Jan 4pm,3224.6675
616,4,Tamil Nadu - 2026,26-Jan 4pm,3224.6675
617,1,Tamil Nadu - 2026,26-Jan 5pm,3329.08
617,2,Tamil Nadu - 2026,26-Jan 5pm,3329.08
617,3,Tamil Nadu - 2026,26-Jan 5pm,3329.08
617,4,Tamil Nadu - 2026,26-Jan 5pm,3329.08
618,1,Tamil Nadu - 2026,26-Jan 6pm,3436.3875
618,2,Tamil Nadu - 2026,26-Jan 6pm,3436.3875
618,3,Tamil Nadu - 2026,26-Jan 6pm,3436.3875
618,4,Tamil Nadu - 2026,26-Jan 6pm,3436.3875
619,1,Tamil Nadu - 2026,26-Jan 7pm,3473.46
619,2,Tamil Nadu - 2026,26-Jan 7pm,3473.46
619,3,Tamil Nadu - 2026,26-Jan 7pm,3473.46
619,4,Tamil Nadu - 2026,26-Jan 7pm,3473.46
620,1,Tamil Nadu - 2026,26-Jan 8pm,3318.0325
620,2,Tamil Nadu - 2026,26-Jan 8pm,3318.0325
620,3,Tamil Nadu - 2026,26-Jan 8pm,3318.0325
620,4,Tamil Nadu - 2026,26-Jan 8pm,3318.0325
621,1,Tamil Nadu - 2026,26-Jan 9pm,3211.3675
621,2,Tamil Nadu - 2026,26-Jan 9pm,3211.3675
621,3,Tamil Nadu - 2026,26-Jan 9pm,3211.3675
621,4,Tamil Nadu - 2026,26-Jan 9pm,3211.3675
622,1,Tamil Nadu - 2026,26-Jan 10pm,3035.445
622,2,Tamil Nadu - 2026,26-Jan 10pm,3035.445
622,3,Tamil Nadu - 2026,26-Jan 10pm,3035.445
622,4,Tamil Nadu - 2026,26-Jan 10pm,3035.445
623,1,Tamil Nadu - 2026,26-Jan 11pm,2795.7425
623,2,Tamil Nadu - 2026,26-Jan 11pm,2795.7425
623,3,Tamil Nadu - 2026,26-Jan 11pm,2795.7425
623,4,Tamil Nadu - 2026,26-Jan 11pm,2795.7425
624,1,Tamil Nadu - 2026,27-Jan 12am,2680.595
624,2,Tamil Nadu - 2026,27-Jan 12am,2680.595
624,3,Tamil Nadu - 2026,27-Jan 12am,2680.595
624,4,Tamil Nadu - 2026,27-Jan 12am,2680.595
625,1,Tamil Nadu - 2026,27-Jan 1am,2592.9075
625,2,Tamil Nadu - 2026,27-Jan 1am,2592.9075
625,3,Tamil Nadu - 2026,27-Jan 1am,2592.9075
625,4,Tamil Nadu - 2026,27-Jan 1am,2592.9075
626,1,Tamil Nadu - 2026,27-Jan 2am,2538.46
626,2,Tamil Nadu - 2026,27-Jan 2am,2538.46
626,3,Tamil Nadu - 2026,27-Jan 2am,2538.46
626,4,Tamil Nadu - 2026,27-Jan 2am,2538.46
627,1,Tamil Nadu - 2026,27-Jan 3am,2533.74
627,2,Tamil Nadu - 2026,27-Jan 3am,2533.74
627,3,Tamil Nadu - 2026,27-Jan 3am,2533.74
627,4,Tamil Nadu - 2026,27-Jan 3am,2533.74
628,1,Tamil Nadu - 2026,27-Jan 4am,2537.3775
628,2,Tamil Nadu - 2026,27-Jan 4am,2537.3775
628,3,Tamil Nadu - 2026,27-Jan 4am,2537.3775
628,4,Tamil Nadu - 2026,27-Jan 4am,2537.3775
629,1,Tamil Nadu - 2026,27-Jan 5am,2613.5575
629,2,Tamil Nadu - 2026,27-Jan 5am,2613.5575
629,3,Tamil Nadu - 2026,27-Jan 5am,2613.5575
629,4,Tamil Nadu - 2026,27-Jan 5am,2613.5575
630,1,Tamil Nadu - 2026,27-Jan 6am,2962.0825
630,2,Tamil Nadu - 2026,27-Jan 6am,2962.0825
630,3,Tamil Nadu - 2026,27-Jan 6am,2962.0825
630,4,Tamil Nadu - 2026,27-Jan 6am,2962.0825
631,1,Tamil Nadu - 2026,27-Jan 7am,3746.735
631,2,Tamil Nadu - 2026,27-Jan 7am,3746.735
631,3,Tamil Nadu - 2026,27-Jan 7am,3746.735
631,4,Tamil Nadu - 2026,27-Jan 7am,3746.735
632,1,Tamil Nadu - 2026,27-Jan 8am,3915.525
632,2,Tamil Nadu - 2026,27-Jan 8am,3915.525
632,3,Tamil Nadu - 2026,27-Jan 8am,3915.525
632,4,Tamil Nadu - 2026,27-Jan 8am,3915.525
633,1,Tamil Nadu - 2026,27-Jan 9am,3790.79
633,2,Tamil Nadu - 2026,27-Jan 9am,3790.79
633,3,Tamil Nadu - 2026,27-Jan 9am,3790.79
633,4,Tamil Nadu - 2026,27-Jan 9am,3790.79
634,1,Tamil Nadu - 2026,27-Jan 10am,3648.84
634,2,Tamil Nadu - 2026,27-Jan 10am,3648.84
634,3,Tamil Nadu - 2026,27-Jan 10am,3648.84
634,4,Tamil Nadu - 2026,27-Jan 10am,3648.84
635,1,Tamil Nadu - 2026,27-Jan 11am,3521.045
635,2,Tamil Nadu - 2026,27-Jan 11am,3521.045
635,3,Tamil Nadu - 2026,27-Jan 11am,3521.045
635,4,Tamil Nadu - 2026,27-Jan 11am,3521.045
636,1,Tamil Nadu - 2026,27-Jan 12pm,3466.2575
636,2,Tamil Nadu - 2026,27-Jan 12pm,3466.2575
636,3,Tamil Nadu - 2026,27-Jan 12pm,3466.2575
636,4,Tamil Nadu - 2026,27-Jan 12pm,3466.2575
637,1,Tamil Nadu - 2026,27-Jan 1pm,3383.605
637,2,Tamil Nadu - 2026,27-Jan 1pm,3383.605
637,3,Tamil Nadu - 2026,27-Jan 1pm,3383.605
637,4,Tamil Nadu - 2026,27-Jan 1pm,3383.605
638,1,Tamil Nadu - 2026,27-Jan 2pm,3286.185
638,2,Tamil Nadu - 2026,27-Jan 2pm,3286.185
638,3,Tamil Nadu - 2026,27-Jan 2pm,3286.185
638,4,Tamil Nadu - 2026,27-Jan 2pm,3286.185
639,1,Tamil Nadu - 2026,27-Jan 3pm,3539.52
639,2,Tamil Nadu - 2026,27-Jan 3pm,3539.52
639,3,Tamil Nadu - 2026,27-Jan 3pm,3539.52
639,4,Tamil Nadu - 2026,27-Jan 3pm,3539.52
640,1,Tamil Nadu - 2026,27-Jan 4pm,3665.715
640,2,Tamil Nadu - 2026,27-Jan 4pm,3665.715
640,3,Tamil Nadu - 2026,27-Jan 4pm,3665.715
640,4,Tamil Nadu - 2026,27-Jan 4pm,3665.715
641,1,Tamil Nadu - 2026,27-Jan 5pm,3979.46
641,2,Tamil Nadu - 2026,27-Jan 5pm,3979.46
641,3,Tamil Nadu - 2026,27-Jan 5pm,3979.46
641,4,Tamil Nadu - 2026,27-Jan 5pm,3979.46
642,1,Tamil Nadu - 2026,27-Jan 6pm,4124.9
642,2,Tamil Nadu - 2026,27-Jan 6pm,4124.9
642,3,Tamil Nadu - 2026,27-Jan 6pm,4124.9
642,4,Tamil Nadu - 2026,27-Jan 6pm,4124.9
643,1,Tamil Nadu - 2026,27-Jan 7pm,4133.8325
643,2,Tamil Nadu - 2026,27-Jan 7pm,4133.8325
643,3,Tamil Nadu - 2026,27-Jan 7pm,4133.8325
643,4,Tamil Nadu - 2026,27-Jan 7pm,4133.8325
644,1,Tamil Nadu - 2026,27-Jan 8pm,3833.09
644,2,Tamil Nadu - 2026,27-Jan 8pm,3833.09
644,3,Tamil Nadu - 2026,27-Jan 8pm,3833.09
644,4,Tamil Nadu - 2026,27-Jan 8pm,3833.09
645,1,Tamil Nadu - 2026,27-Jan 9pm,3645.775
645,2,Tamil Nadu - 2026,27-Jan 9pm,3645.775
645,3,Tamil Nadu - 2026,27-Jan 9pm,3645.775
645,4,Tamil Nadu - 2026,27-Jan 9pm,3645.775
646,1,Tamil Nadu - 2026,27-Jan 10pm,3429.99
646,2,Tamil Nadu - 2026,27-Jan 10pm,3429.99
646,3,Tamil Nadu - 2026,27-Jan 10pm,3429.99
646,4,Tamil Nadu - 2026,27-Jan 10pm,3429.99
647,1,Tamil Nadu - 2026,27-Jan 11pm,3126.2075
647,2,Tamil Nadu - 2026,27-Jan 11pm,3126.2075
647,3,Tamil Nadu - 2026,27-Jan 11pm,3126.2075
647,4,Tamil Nadu - 2026,27-Jan 11pm,3126.2075
648,1,Tamil Nadu - 2026,28-Jan 12am,3016.725
648,2,Tamil Nadu - 2026,28-Jan 12am,3016.725
648,3,Tamil Nadu - 2026,28-Jan 12am,3016.725
648,4,Tamil Nadu - 2026,28-Jan 12am,3016.725
649,1,Tamil Nadu - 2026,28-Jan 1am,2972.36
649,2,Tamil Nadu - 2026,28-Jan 1am,2972.36
649,3,Tamil Nadu - 2026,28-Jan 1am,2972.36
649,4,Tamil Nadu - 2026,28-Jan 1am,2972.36
650,1,Tamil Nadu - 2026,28-Jan 2am,2976.96
650,2,Tamil Nadu - 2026,28-Jan 2am,2976.96
650,3,Tamil Nadu - 2026,28-Jan 2am,2976.96
650,4,Tamil Nadu - 2026,28-Jan 2am,2976.96
651,1,Tamil Nadu - 2026,28-Jan 3am,2983.85
651,2,Tamil Nadu - 2026,28-Jan 3am,2983.85
651,3,Tamil Nadu - 2026,28-Jan 3am,2983.85
651,4,Tamil Nadu - 2026,28-Jan 3am,2983.85
652,1,Tamil Nadu - 2026,28-Jan 4am,3032.4975
652,2,Tamil Nadu - 2026,28-Jan 4am,3032.4975
652,3,Tamil Nadu - 2026,28-Jan 4am,3032.4975
652,4,Tamil Nadu - 2026,28-Jan 4am,3032.4975
653,1,Tamil Nadu - 2026,28-Jan 5am,3149.605
653,2,Tamil Nadu - 2026,28-Jan 5am,3149.605
653,3,Tamil Nadu - 2026,28-Jan 5am,3149.605
653,4,Tamil Nadu - 2026,28-Jan 5am,3149.605
654,1,Tamil Nadu - 2026,28-Jan 6am,3351.66
654,2,Tamil Nadu - 2026,28-Jan 6am,3351.66
654,3,Tamil Nadu - 2026,28-Jan 6am,3351.66
654,4,Tamil Nadu - 2026,28-Jan 6am,3351.66
655,1,Tamil Nadu - 2026,28-Jan 7am,3949.3225
655,2,Tamil Nadu - 2026,28-Jan 7am,3949.3225
655,3,Tamil Nadu - 2026,28-Jan 7am,3949.3225
655,4,Tamil Nadu - 2026,28-Jan 7am,3949.3225
656,1,Tamil Nadu - 2026,28-Jan 8am,4004.5875
656,2,Tamil Nadu - 2026,28-Jan 8am,4004.5875
656,3,Tamil Nadu - 2026,28-Jan 8am,4004.5875
656,4,Tamil Nadu - 2026,28-Jan 8am,4004.5875
657,1,Tamil Nadu - 2026,28-Jan 9am,3704.6025
657,2,Tamil Nadu - 2026,28-Jan 9am,3704.6025
657,3,Tamil Nadu - 2026,28-Jan 9am,3704.6025
657,4,Tamil Nadu - 2026,28-Jan 9am,3704.6025
658,1,Tamil Nadu - 2026,28-Jan 10am,3502.3525
658,2,Tamil Nadu - 2026,28-Jan 10am,3502.3525
658,3,Tamil Nadu - 2026,28-Jan 10am,3502.3525
658,4,Tamil Nadu - 2026,28-Jan 10am,3502.3525
659,1,Tamil Nadu - 2026,28-Jan 11am,3370.8
659,2,Tamil Nadu - 2026,28-Jan 11am,3370.8
659,3,Tamil Nadu - 2026,28-Jan 11am,3370.8
659,4,Tamil Nadu - 2026,28-Jan 11am,3370.8
660,1,Tamil Nadu - 2026,28-Jan 12pm,3318.5925
660,2,Tamil Nadu - 2026,28-Jan 12pm,3318.5925
660,3,Tamil Nadu - 2026,28-Jan 12pm,3318.5925
660,4,Tamil Nadu - 2026,28-Jan 12pm,3318.5925
661,1,Tamil Nadu - 2026,28-Jan 1pm,3166.75
661,2,Tamil Nadu - 2026,28-Jan 1pm,3166.75
661,3,Tamil Nadu - 2026,28-Jan 1pm,3166.75
661,4,Tamil Nadu - 2026,28-Jan 1pm,3166.75
662,1,Tamil Nadu - 2026,28-Jan 2pm,3232.2175
662,2,Tamil Nadu - 2026,28-Jan 2pm,3232.2175
662,3,Tamil Nadu - 2026,28-Jan 2pm,3232.2175
662,4,Tamil Nadu - 2026,28-Jan 2pm,3232.2175
663,1,Tamil Nadu - 2026,28-Jan 3pm,3467.48
663,2,Tamil Nadu - 2026,28-Jan 3pm,3467.48
663,3,Tamil Nadu - 2026,28-Jan 3pm,3467.48
663,4,Tamil Nadu - 2026,28-Jan 3pm,3467.48
664,1,Tamil Nadu - 2026,28-Jan 4pm,3756.8975
664,2,Tamil Nadu - 2026,28-Jan 4pm,3756.8975
664,3,Tamil Nadu - 2026,28-Jan 4pm,3756.8975
664,4,Tamil Nadu - 2026,28-Jan 4pm,3756.8975
665,1,Tamil Nadu - 2026,28-Jan 5pm,4092.58
665,2,Tamil Nadu - 2026,28-Jan 5pm,4092.58
665,3,Tamil Nadu - 2026,28-Jan 5pm,4092.58
665,4,Tamil Nadu - 2026,28-Jan 5pm,4092.58
666,1,Tamil Nadu - 2026,28-Jan 6pm,4227.1575
666,2,Tamil Nadu - 2026,28-Jan 6pm,4227.1575
666,3,Tamil Nadu - 2026,28-Jan 6pm,4227.1575
666,4,Tamil Nadu - 2026,28-Jan 6pm,4227.1575
667,1,Tamil Nadu - 2026,28-Jan 7pm,4203.63
667,2,Tamil Nadu - 2026,28-Jan 7pm,4203.63
667,3,Tamil Nadu - 2026,28-Jan 7pm,4203.63
667,4,Tamil Nadu - 2026,28-Jan 7pm,4203.63
668,1,Tamil Nadu - 2026,28-Jan 8pm,3916.3475
668,2,Tamil Nadu - 2026,28-Jan 8pm,3916.3475
668,3,Tamil Nadu - 2026,28-Jan 8pm,3916.3475
668,4,Tamil Nadu - 2026,28-Jan 8pm,3916.3475
669,1,Tamil Nadu - 2026,28-Jan 9pm,3710.835
669,2,Tamil Nadu - 2026,28-Jan 9pm,3710.835
669,3,Tamil Nadu - 2026,28-Jan 9pm,3710.835
669,4,Tamil Nadu - 2026,28-Jan 9pm,3710.835
670,1,Tamil Nadu - 2026,28-Jan 10pm,3468.3025
670,2,Tamil Nadu - 2026,28-Jan 10pm,3468.3025
670,3,Tamil Nadu - 2026,28-Jan 10pm,3468.3025
670,4,Tamil Nadu - 2026,28-Jan 10pm,3468.3025
671,1,Tamil Nadu - 2026,28-Jan 11pm,3195.7625
671,2,Tamil Nadu - 2026,28-Jan 11pm,3195.7625
671,3,Tamil Nadu - 2026,28-Jan 11pm,3195.7625
671,4,Tamil Nadu - 2026,28-Jan 11pm,3195.7625
672,1,Tamil Nadu - 2026,29-Jan 12am,3106.1825
672,2,Tamil Nadu - 2026,29-Jan 12am,3106.1825
672,3,Tamil Nadu - 2026,29-Jan 12am,3106.1825
672,4,Tamil Nadu - 2026,29-Jan 12am,3106.1825
673,1,Tamil Nadu - 2026,29-Jan 1am,3075.145
673,2,Tamil Nadu - 2026,29-Jan 1am,3075.145
673,3,Tamil Nadu - 2026,29-Jan 1am,3075.145
673,4,Tamil Nadu - 2026,29-Jan 1am,3075.145
674,1,Tamil Nadu - 2026,29-Jan 2am,3019.985
674,2,Tamil Nadu - 2026,29-Jan 2am,3019.985
674,3,Tamil Nadu - 2026,29-Jan 2am,3019.985
674,4,Tamil Nadu - 2026,29-Jan 2am,3019.985
675,1,Tamil Nadu - 2026,29-Jan 3am,2972.905
675,2,Tamil Nadu - 2026,29-Jan 3am,2972.905
675,3,Tamil Nadu - 2026,29-Jan 3am,2972.905
675,4,Tamil Nadu - 2026,29-Jan 3am,2972.905
676,1,Tamil Nadu - 2026,29-Jan 4am,2971.8025
676,2,Tamil Nadu - 2026,29-Jan 4am,2971.8025
676,3,Tamil Nadu - 2026,29-Jan 4am,2971.8025
676,4,Tamil Nadu - 2026,29-Jan 4am,2971.8025
677,1,Tamil Nadu - 2026,29-Jan 5am,3038.4725
677,2,Tamil Nadu - 2026,29-Jan 5am,3038.4725
677,3,Tamil Nadu - 2026,29-Jan 5am,3038.4725
677,4,Tamil Nadu - 2026,29-Jan 5am,3038.4725
678,1,Tamil Nadu - 2026,29-Jan 6am,3315.2975
678,2,Tamil Nadu - 2026,29-Jan 6am,3315.2975
678,3,Tamil Nadu - 2026,29-Jan 6am,3315.2975
678,4,Tamil Nadu - 2026,29-Jan 6am,3315.2975
679,1,Tamil Nadu - 2026,29-Jan 7am,4004.7825
679,2,Tamil Nadu - 2026,29-Jan 7am,4004.7825
679,3,Tamil Nadu - 2026,29-Jan 7am,4004.7825
679,4,Tamil Nadu - 2026,29-Jan 7am,4004.7825
680,1,Tamil Nadu - 2026,29-Jan 8am,4156.535
680,2,Tamil Nadu - 2026,29-Jan 8am,4156.535
680,3,Tamil Nadu - 2026,29-Jan 8am,4156.535
680,4,Tamil Nadu - 2026,29-Jan 8am,4156.535
681,1,Tamil Nadu - 2026,29-Jan 9am,3942.8275
681,2,Tamil Nadu - 2026,29-Jan 9am,3942.8275
681,3,Tamil Nadu - 2026,29-Jan 9am,3942.8275
681,4,Tamil Nadu - 2026,29-Jan 9am,3942.8275
682,1,Tamil Nadu - 2026,29-Jan 10am,3686.6975
682,2,Tamil Nadu - 2026,29-Jan 10am,3686.6975
682,3,Tamil Nadu - 2026,29-Jan 10am,3686.6975
682,4,Tamil Nadu - 2026,29-Jan 10am,3686.6975
683,1,Tamil Nadu - 2026,29-Jan 11am,3681.0575
683,2,Tamil Nadu - 2026,29-Jan 11am,3681.0575
683,3,Tamil Nadu - 2026,29-Jan 11am,3681.0575
683,4,Tamil Nadu - 2026,29-Jan 11am,3681.0575
684,1,Tamil Nadu - 2026,29-Jan 12pm,3617.4
684,2,Tamil Nadu - 2026,29-Jan 12pm,3617.4
684,3,Tamil Nadu - 2026,29-Jan 12pm,3617.4
684,4,Tamil Nadu - 2026,29-Jan 12pm,3617.4
685,1,Tamil Nadu - 2026,29-Jan 1pm,3431.365
685,2,Tamil Nadu - 2026,29-Jan 1pm,3431.365
685,3,Tamil Nadu - 2026,29-Jan 1pm,3431.365
685,4,Tamil Nadu - 2026,29-Jan 1pm,3431.365
686,1,Tamil Nadu - 2026,29-Jan 2pm,3383.82
686,2,Tamil Nadu - 2026,29-Jan 2pm,3383.82
686,3,Tamil Nadu - 2026,29-Jan 2pm,3383.82
686,4,Tamil Nadu - 2026,29-Jan 2pm,3383.82
687,1,Tamil Nadu - 2026,29-Jan 3pm,3538.7475
687,2,Tamil Nadu - 2026,29-Jan 3pm,3538.7475
687,3,Tamil Nadu - 2026,29-Jan 3pm,3538.7475
687,4,Tamil Nadu - 2026,29-Jan 3pm,3538.7475
688,1,Tamil Nadu - 2026,29-Jan 4pm,3791.1625
688,2,Tamil Nadu - 2026,29-Jan 4pm,3791.1625
688,3,Tamil Nadu - 2026,29-Jan 4pm,3791.1625
688,4,Tamil Nadu - 2026,29-Jan 4pm,3791.1625
689,1,Tamil Nadu - 2026,29-Jan 5pm,4072.9075
689,2,Tamil Nadu - 2026,29-Jan 5pm,4072.9075
689,3,Tamil Nadu - 2026,29-Jan 5pm,4072.9075
689,4,Tamil Nadu - 2026,29-Jan 5pm,4072.9075
690,1,Tamil Nadu - 2026,29-Jan 6pm,4131.4275
690,2,Tamil Nadu - 2026,29-Jan 6pm,4131.4275
690,3,Tamil Nadu - 2026,29-Jan 6pm,4131.4275
690,4,Tamil Nadu - 2026,29-Jan 6pm,4131.4275
691,1,Tamil Nadu - 2026,29-Jan 7pm,4247.465
691,2,Tamil Nadu - 2026,29-Jan 7pm,4247.465
691,3,Tamil Nadu - 2026,29-Jan 7pm,4247.465
691,4,Tamil Nadu - 2026,29-Jan 7pm,4247.465
692,1,Tamil Nadu - 2026,29-Jan 8pm,3962.1375
692,2,Tamil Nadu - 2026,29-Jan 8pm,3962.1375
692,3,Tamil Nadu - 2026,29-Jan 8pm,3962.1375
692,4,Tamil Nadu - 2026,29-Jan 8pm,3962.1375
693,1,Tamil Nadu - 2026,29-Jan 9pm,3730.1625
693,2,Tamil Nadu - 2026,29-Jan 9pm,3730.1625
693,3,Tamil Nadu - 2026,29-Jan 9pm,3730.1625
693,4,Tamil Nadu - 2026,29-Jan 9pm,3730.1625
694,1,Tamil Nadu - 2026,29-Jan 10pm,3480.4475
694,2,Tamil Nadu - 2026,29-Jan 10pm,3480.4475
694,3,Tamil Nadu - 2026,29-Jan 10pm,3480.4475
694,4,Tamil Nadu - 2026,29-Jan 10pm,3480.4475
695,1,Tamil Nadu - 2026,29-Jan 11pm,3234.3425
695,2,Tamil Nadu - 2026,29-Jan 11pm,3234.3425
695,3,Tamil Nadu - 2026,29-Jan 11pm,3234.3425
695,4,Tamil Nadu - 2026,29-Jan 11pm,3234.3425
696,1,Tamil Nadu - 2026,30-Jan 12am,3137.46
696,2,Tamil Nadu - 2026,30-Jan 12am,3137.46
696,3,Tamil Nadu - 2026,30-Jan 12am,3137.46
696,4,Tamil Nadu - 2026,30-Jan 12am,3137.46
697,1,Tamil Nadu - 2026,30-Jan 1am,3064.1075
697,2,Tamil Nadu - 2026,30-Jan 1am,3064.1075
697,3,Tamil Nadu - 2026,30-Jan 1am,3064.1075
697,4,Tamil Nadu - 2026,30-Jan 1am,3064.1075
698,1,Tamil Nadu - 2026,30-Jan 2am,3029.81
698,2,Tamil Nadu - 2026,30-Jan 2am,3029.81
698,3,Tamil Nadu - 2026,30-Jan 2am,3029.81
698,4,Tamil Nadu - 2026,30-Jan 2am,3029.81
699,1,Tamil Nadu - 2026,30-Jan 3am,3012.175
699,2,Tamil Nadu - 2026,30-Jan 3am,3012.175
699,3,Tamil Nadu - 2026,30-Jan 3am,3012.175
699,4,Tamil Nadu - 2026,30-Jan 3am,3012.175
700,1,Tamil Nadu - 2026,30-Jan 4am,2978.88
700,2,Tamil Nadu - 2026,30-Jan 4am,2978.88
700,3,Tamil Nadu - 2026,30-Jan 4am,2978.88
700,4,Tamil Nadu - 2026,30-Jan 4am,2978.88
701,1,Tamil Nadu - 2026,30-Jan 5am,3080.125
701,2,Tamil Nadu - 2026,30-Jan 5am,3080.125
701,3,Tamil Nadu - 2026,30-Jan 5am,3080.125
701,4,Tamil Nadu - 2026,30-Jan 5am,3080.125
702,1,Tamil Nadu - 2026,30-Jan 6am,3414.15
702,2,Tamil Nadu - 2026,30-Jan 6am,3414.15
702,3,Tamil Nadu - 2026,30-Jan 6am,3414.15
702,4,Tamil Nadu - 2026,30-Jan 6am,3414.15
703,1,Tamil Nadu - 2026,30-Jan 7am,4073.4875
703,2,Tamil Nadu - 2026,30-Jan 7am,4073.4875
703,3,Tamil Nadu - 2026,30-Jan 7am,4073.4875
703,4,Tamil Nadu - 2026,30-Jan 7am,4073.4875
704,1,Tamil Nadu - 2026,30-Jan 8am,4150.515
704,2,Tamil Nadu - 2026,30-Jan 8am,4150.515
704,3,Tamil Nadu - 2026,30-Jan 8am,4150.515
704,4,Tamil Nadu - 2026,30-Jan 8am,4150.515
705,1,Tamil Nadu - 2026,30-Jan 9am,4009.625
705,2,Tamil Nadu - 2026,30-Jan 9am,4009.625
705,3,Tamil Nadu - 2026,30-Jan 9am,4009.625
705,4,Tamil Nadu - 2026,30-Jan 9am,4009.625
706,1,Tamil Nadu - 2026,30-Jan 10am,3897.4975
706,2,Tamil Nadu - 2026,30-Jan 10am,3897.4975
706,3,Tamil Nadu - 2026,30-Jan 10am,3897.4975
706,4,Tamil Nadu - 2026,30-Jan 10am,3897.4975
707,1,Tamil Nadu - 2026,30-Jan 11am,3769.125
707,2,Tamil Nadu - 2026,30-Jan 11am,3769.125
707,3,Tamil Nadu - 2026,30-Jan 11am,3769.125
707,4,Tamil Nadu - 2026,30-Jan 11am,3769.125
708,1,Tamil Nadu - 2026,30-Jan 12pm,3706.98
708,2,Tamil Nadu - 2026,30-Jan 12pm,3706.98
708,3,Tamil Nadu - 2026,30-Jan 12pm,3706.98
708,4,Tamil Nadu - 2026,30-Jan 12pm,3706.98
709,1,Tamil Nadu - 2026,30-Jan 1pm,3606.13
709,2,Tamil Nadu - 2026,30-Jan 1pm,3606.13
709,3,Tamil Nadu - 2026,30-Jan 1pm,3606.13
709,4,Tamil Nadu - 2026,30-Jan 1pm,3606.13
710,1,Tamil Nadu - 2026,30-Jan 2pm,3589.2175
710,2,Tamil Nadu - 2026,30-Jan 2pm,3589.2175
710,3,Tamil Nadu - 2026,30-Jan 2pm,3589.2175
710,4,Tamil Nadu - 2026,30-Jan 2pm,3589.2175
711,1,Tamil Nadu - 2026,30-Jan 3pm,3691.635
711,2,Tamil Nadu - 2026,30-Jan 3pm,3691.635
711,3,Tamil Nadu - 2026,30-Jan 3pm,3691.635
711,4,Tamil Nadu - 2026,30-Jan 3pm,3691.635
712,1,Tamil Nadu - 2026,30-Jan 4pm,3928.43
712,2,Tamil Nadu - 2026,30-Jan 4pm,3928.43
712,3,Tamil Nadu - 2026,30-Jan 4pm,3928.43
712,4,Tamil Nadu - 2026,30-Jan 4pm,3928.43
713,1,Tamil Nadu - 2026,30-Jan 5pm,4196.8925
713,2,Tamil Nadu - 2026,30-Jan 5pm,4196.8925
713,3,Tamil Nadu - 2026,30-Jan 5pm,4196.8925
713,4,Tamil Nadu - 2026,30-Jan 5pm,4196.8925
714,1,Tamil Nadu - 2026,30-Jan 6pm,4133.305
714,2,Tamil Nadu - 2026,30-Jan 6pm,4133.305
714,3,Tamil Nadu - 2026,30-Jan 6pm,4133.305
714,4,Tamil Nadu - 2026,30-Jan 6pm,4133.305
715,1,Tamil Nadu - 2026,30-Jan 7pm,4164.9275
715,2,Tamil Nadu - 2026,30-Jan 7pm,4164.9275
715,3,Tamil Nadu - 2026,30-Jan 7pm,4164.9275
715,4,Tamil Nadu - 2026,30-Jan 7pm,4164.9275
716,1,Tamil Nadu - 2026,30-Jan 8pm,3902.965
716,2,Tamil Nadu - 2026,30-Jan 8pm,3902.965
716,3,Tamil Nadu - 2026,30-Jan 8pm,3902.965
716,4,Tamil Nadu - 2026,30-Jan 8pm,3902.965
717,1,Tamil Nadu - 2026,30-Jan 9pm,3673.575
717,2,Tamil Nadu - 2026,30-Jan 9pm,3673.575
717,3,Tamil Nadu - 2026,30-Jan 9pm,3673.575
717,4,Tamil Nadu - 2026,30-Jan 9pm,3673.575
718,1,Tamil Nadu - 2026,30-Jan 10pm,3446.7725
718,2,Tamil Nadu - 2026,30-Jan 10pm,3446.7725
718,3,Tamil Nadu - 2026,30-Jan 10pm,3446.7725
718,4,Tamil Nadu - 2026,30-Jan 10pm,3446.7725
719,1,Tamil Nadu - 2026,30-Jan 11pm,3243.5425
719,2,Tamil Nadu - 2026,30-Jan 11pm,3243.5425
719,3,Tamil Nadu - 2026,30-Jan 11pm,3243.5425
719,4,Tamil Nadu - 2026,30-Jan 11pm,3243.5425
720,1,Tamil Nadu - 2026,31-Jan 12am,3144.8
720,2,Tamil Nadu - 2026,31-Jan 12am,3144.8
720,3,Tamil Nadu - 2026,31-Jan 12am,3144.8
720,4,Tamil Nadu - 2026,31-Jan 12am,3144.8
721,1,Tamil Nadu - 2026,31-Jan 1am,3092.4125
721,2,Tamil Nadu - 2026,31-Jan 1am,3092.4125
721,3,Tamil Nadu - 2026,31-Jan 1am,3092.4125
721,4,Tamil Nadu - 2026,31-Jan 1am,3092.4125
722,1,Tamil Nadu - 2026,31-Jan 2am,3053.4175
722,2,Tamil Nadu - 2026,31-Jan 2am,3053.4175
722,3,Tamil Nadu - 2026,31-Jan 2am,3053.4175
722,4,Tamil Nadu - 2026,31-Jan 2am,3053.4175
723,1,Tamil Nadu - 2026,31-Jan 3am,2999.8525
723,2,Tamil Nadu - 2026,31-Jan 3am,2999.8525
723,3,Tamil Nadu - 2026,31-Jan 3am,2999.8525
723,4,Tamil Nadu - 2026,31-Jan 3am,2999.8525
724,1,Tamil Nadu - 2026,31-Jan 4am,3019.4825
724,2,Tamil Nadu - 2026,31-Jan 4am,3019.4825
724,3,Tamil Nadu - 2026,31-Jan 4am,3019.4825
724,4,Tamil Nadu - 2026,31-Jan 4am,3019.4825
725,1,Tamil Nadu - 2026,31-Jan 5am,3141.8525
725,2,Tamil Nadu - 2026,31-Jan 5am,3141.8525
725,3,Tamil Nadu - 2026,31-Jan 5am,3141.8525
725,4,Tamil Nadu - 2026,31-Jan 5am,3141.8525
726,1,Tamil Nadu - 2026,31-Jan 6am,3283.3575
726,2,Tamil Nadu - 2026,31-Jan 6am,3283.3575
726,3,Tamil Nadu - 2026,31-Jan 6am,3283.3575
726,4,Tamil Nadu - 2026,31-Jan 6am,3283.3575
727,1,Tamil Nadu - 2026,31-Jan 7am,3860.155
727,2,Tamil Nadu - 2026,31-Jan 7am,3860.155
727,3,Tamil Nadu - 2026,31-Jan 7am,3860.155
727,4,Tamil Nadu - 2026,31-Jan 7am,3860.155
728,1,Tamil Nadu - 2026,31-Jan 8am,3977.1925
728,2,Tamil Nadu - 2026,31-Jan 8am,3977.1925
728,3,Tamil Nadu - 2026,31-Jan 8am,3977.1925
728,4,Tamil Nadu - 2026,31-Jan 8am,3977.1925
729,1,Tamil Nadu - 2026,31-Jan 9am,3963.235
729,2,Tamil Nadu - 2026,31-Jan 9am,3963.235
729,3,Tamil Nadu - 2026,31-Jan 9am,3963.235
729,4,Tamil Nadu - 2026,31-Jan 9am,3963.235
730,1,Tamil Nadu - 2026,31-Jan 10am,3726.345
730,2,Tamil Nadu - 2026,31-Jan 10am,3726.345
730,3,Tamil Nadu - 2026,31-Jan 10am,3726.345
730,4,Tamil Nadu - 2026,31-Jan 10am,3726.345
731,1,Tamil Nadu - 2026,31-Jan 11am,3666.2725
731,2,Tamil Nadu - 2026,31-Jan 11am,3666.2725
731,3,Tamil Nadu - 2026,31-Jan 11am,3666.2725
731,4,Tamil Nadu - 2026,31-Jan 11am,3666.2725
732,1,Tamil Nadu - 2026,31-Jan 12pm,3619.475
732,2,Tamil Nadu - 2026,31-Jan 12pm,3619.475
732,3,Tamil Nadu - 2026,31-Jan 12pm,3619.475
732,4,Tamil Nadu - 2026,31-Jan 12pm,3619.475
733,1,Tamil Nadu - 2026,31-Jan 1pm,3487.6125
733,2,Tamil Nadu - 2026,31-Jan 1pm,3487.6125
733,3,Tamil Nadu - 2026,31-Jan 1pm,3487.6125
733,4,Tamil Nadu - 2026,31-Jan 1pm,3487.6125
734,1,Tamil Nadu - 2026,31-Jan 2pm,3372.9275
734,2,Tamil Nadu - 2026,31-Jan 2pm,3372.9275
734,3,Tamil Nadu - 2026,31-Jan 2pm,3372.9275
734,4,Tamil Nadu - 2026,31-Jan 2pm,3372.9275
735,1,Tamil Nadu - 2026,31-Jan 3pm,3548.9925
735,2,Tamil Nadu - 2026,31-Jan 3pm,3548.9925
735,3,Tamil Nadu - 2026,31-Jan 3pm,3548.9925
735,4,Tamil Nadu - 2026,31-Jan 3pm,3548.9925
736,1,Tamil Nadu - 2026,31-Jan 4pm,3719.755
736,2,Tamil Nadu - 2026,31-Jan 4pm,3719.755
736,3,Tamil Nadu - 2026,31-Jan 4pm,3719.755
736,4,Tamil Nadu - 2026,31-Jan 4pm,3719.755
737,1,Tamil Nadu - 2026,31-Jan 5pm,4058.1525
737,2,Tamil Nadu - 2026,31-Jan 5pm,4058.1525
737,3,Tamil Nadu - 2026,31-Jan 5pm,4058.1525
737,4,Tamil Nadu - 2026,31-Jan 5pm,4058.1525
738,1,Tamil Nadu - 2026,31-Jan 6pm,4103.9075
738,2,Tamil Nadu - 2026,31-Jan 6pm,4103.9075
738,3,Tamil Nadu - 2026,31-Jan 6pm,4103.9075
738,4,Tamil Nadu - 2026,31-Jan 6pm,4103.9075
739,1,Tamil Nadu - 2026,31-Jan 7pm,4190.065
739,2,Tamil Nadu - 2026,31-Jan 7pm,4190.065
739,3,Tamil Nadu - 2026,31-Jan 7pm,4190.065
739,4,Tamil Nadu - 2026,31-Jan 7pm,4190.065
740,1,Tamil Nadu - 2026,31-Jan 8pm,3932.47
740,2,Tamil Nadu - 2026,31-Jan 8pm,3932.47
740,3,Tamil Nadu - 2026,31-Jan 8pm,3932.47
740,4,Tamil Nadu - 2026,31-Jan 8pm,3932.47
741,1,Tamil Nadu - 2026,31-Jan 9pm,3715.6275
741,2,Tamil Nadu - 2026,31-Jan 9pm,3715.6275
741,3,Tamil Nadu - 2026,31-Jan 9pm,3715.6275
741,4,Tamil Nadu - 2026,31-Jan 9pm,3715.6275
742,1,Tamil Nadu - 2026,31-Jan 10pm,3473.855
742,2,Tamil Nadu - 2026,31-Jan 10pm,3473.855
742,3,Tamil Nadu - 2026,31-Jan 10pm,3473.855
742,4,Tamil Nadu - 2026,31-Jan 10pm,3473.855
743,1,Tamil Nadu - 2026,31-Jan 11pm,3222.87
743,2,Tamil Nadu - 2026,31-Jan 11pm,3222.87
743,3,Tamil Nadu - 2026,31-Jan 11pm,3222.87
743,4,Tamil Nadu - 2026,31-Jan 11pm,3222.87
744,1,Tamil Nadu - 2026,01-Feb 12am,3137.66
744,2,Tamil Nadu - 2026,01-Feb 12am,3137.66
744,3,Tamil Nadu - 2026,01-Feb 12am,3137.66
744,4,Tamil Nadu - 2026,01-Feb 12am,3137.66
745,1,Tamil Nadu - 2026,01-Feb 1am,3021.445
745,2,Tamil Nadu - 2026,01-Feb 1am,3021.445
745,3,Tamil Nadu - 2026,01-Feb 1am,3021.445
745,4,Tamil Nadu - 2026,01-Feb 1am,3021.445
746,1,Tamil Nadu - 2026,01-Feb 2am,3009.6525
746,2,Tamil Nadu - 2026,01-Feb 2am,3009.6525
746,3,Tamil Nadu - 2026,01-Feb 2am,3009.6525
746,4,Tamil Nadu - 2026,01-Feb 2am,3009.6525
747,1,Tamil Nadu - 2026,01-Feb 3am,2983.7175
747,2,Tamil Nadu - 2026,01-Feb 3am,2983.7175
747,3,Tamil Nadu - 2026,01-Feb 3am,2983.7175
747,4,Tamil Nadu - 2026,01-Feb 3am,2983.7175
748,1,Tamil Nadu - 2026,01-Feb 4am,3104.9875
748,2,Tamil Nadu - 2026,01-Feb 4am,3104.9875
748,3,Tamil Nadu - 2026,01-Feb 4am,3104.9875
748,4,Tamil Nadu - 2026,01-Feb 4am,3104.9875
749,1,Tamil Nadu - 2026,01-Feb 5am,3199.215
749,2,Tamil Nadu - 2026,01-Feb 5am,3199.215
749,3,Tamil Nadu - 2026,01-Feb 5am,3199.215
749,4,Tamil Nadu - 2026,01-Feb 5am,3199.215
750,1,Tamil Nadu - 2026,01-Feb 6am,3345.17
750,2,Tamil Nadu - 2026,01-Feb 6am,3345.17
750,3,Tamil Nadu - 2026,01-Feb 6am,3345.17
750,4,Tamil Nadu - 2026,01-Feb 6am,3345.17
751,1,Tamil Nadu - 2026,01-Feb 7am,3670.18
751,2,Tamil Nadu - 2026,01-Feb 7am,3670.18
751,3,Tamil Nadu - 2026,01-Feb 7am,3670.18
751,4,Tamil Nadu - 2026,01-Feb 7am,3670.18
752,1,Tamil Nadu - 2026,01-Feb 8am,3752.785
752,2,Tamil Nadu - 2026,01-Feb 8am,3752.785
752,3,Tamil Nadu - 2026,01-Feb 8am,3752.785
752,4,Tamil Nadu - 2026,01-Feb 8am,3752.785
753,1,Tamil Nadu - 2026,01-Feb 9am,3811.965
753,2,Tamil Nadu - 2026,01-Feb 9am,3811.965
753,3,Tamil Nadu - 2026,01-Feb 9am,3811.965
753,4,Tamil Nadu - 2026,01-Feb 9am,3811.965
754,1,Tamil Nadu - 2026,01-Feb 10am,3652.215
754,2,Tamil Nadu - 2026,01-Feb 10am,3652.215
754,3,Tamil Nadu - 2026,01-Feb 10am,3652.215
754,4,Tamil Nadu - 2026,01-Feb 10am,3652.215
755,1,Tamil Nadu - 2026,01-Feb 11am,3437.235
755,2,Tamil Nadu - 2026,01-Feb 11am,3437.235
755,3,Tamil Nadu - 2026,01-Feb 11am,3437.235
755,4,Tamil Nadu - 2026,01-Feb 11am,3437.235
756,1,Tamil Nadu - 2026,01-Feb 12pm,3384.665
756,2,Tamil Nadu - 2026,01-Feb 12pm,3384.665
756,3,Tamil Nadu - 2026,01-Feb 12pm,3384.665
756,4,Tamil Nadu - 2026,01-Feb 12pm,3384.665
757,1,Tamil Nadu - 2026,01-Feb 1pm,3235.59
757,2,Tamil Nadu - 2026,01-Feb 1pm,3235.59
757,3,Tamil Nadu - 2026,01-Feb 1pm,3235.59
757,4,Tamil Nadu - 2026,01-Feb 1pm,3235.59
758,1,Tamil Nadu - 2026,01-Feb 2pm,3200.3075
758,2,Tamil Nadu - 2026,01-Feb 2pm,3200.3075
758,3,Tamil Nadu - 2026,01-Feb 2pm,3200.3075
758,4,Tamil Nadu - 2026,01-Feb 2pm,3200.3075
759,1,Tamil Nadu - 2026,01-Feb 3pm,3261.605
759,2,Tamil Nadu - 2026,01-Feb 3pm,3261.605
759,3,Tamil Nadu - 2026,01-Feb 3pm,3261.605
759,4,Tamil Nadu - 2026,01-Feb 3pm,3261.605
760,1,Tamil Nadu - 2026,01-Feb 4pm,3435.245
760,2,Tamil Nadu - 2026,01-Feb 4pm,3435.245
760,3,Tamil Nadu - 2026,01-Feb 4pm,3435.245
760,4,Tamil Nadu - 2026,01-Feb 4pm,3435.245
761,1,Tamil Nadu - 2026,01-Feb 5pm,3564.655
761,2,Tamil Nadu - 2026,01-Feb 5pm,3564.655
761,3,Tamil Nadu - 2026,01-Feb 5pm,3564.655
761,4,Tamil Nadu - 2026,01-Feb 5pm,3564.655
762,1,Tamil Nadu - 2026,01-Feb 6pm,3477.4475
762,2,Tamil Nadu - 2026,01-Feb 6pm,3477.4475
762,3,Tamil Nadu - 2026,01-Feb 6pm,3477.4475
762,4,Tamil Nadu - 2026,01-Feb 6pm,3477.4475
763,1,Tamil Nadu - 2026,01-Feb 7pm,3478.91
763,2,Tamil Nadu - 2026,01-Feb 7pm,3478.91
763,3,Tamil Nadu - 2026,01-Feb 7pm,3478.91
763,4,Tamil Nadu - 2026,01-Feb 7pm,3478.91
764,1,Tamil Nadu - 2026,01-Feb 8pm,3278.9675
764,2,Tamil Nadu - 2026,01-Feb 8pm,3278.9675
764,3,Tamil Nadu - 2026,01-Feb 8pm,3278.9675
764,4,Tamil Nadu - 2026,01-Feb 8pm,3278.9675
765,1,Tamil Nadu - 2026,01-Feb 9pm,3160.0625
765,2,Tamil Nadu - 2026,01-Feb 9pm,3160.0625
765,3,Tamil Nadu - 2026,01-Feb 9pm,3160.0625
765,4,Tamil Nadu - 2026,01-Feb 9pm,3160.0625
766,1,Tamil Nadu - 2026,01-Feb 10pm,2996.2925
766,2,Tamil Nadu - 2026,01-Feb 10pm,2996.2925
766,3,Tamil Nadu - 2026,01-Feb 10pm,2996.2925
766,4,Tamil Nadu - 2026,01-Feb 10pm,2996.2925
767,1,Tamil Nadu - 2026,01-Feb 11pm,2826.82
767,2,Tamil Nadu - 2026,01-Feb 11pm,2826.82
767,3,Tamil Nadu - 2026,01-Feb 11pm,2826.82
767,4,Tamil Nadu - 2026,01-Feb 11pm,2826.82
768,1,Tamil Nadu - 2026,02-Feb 12am,2752.4675
768,2,Tamil Nadu - 2026,02-Feb 12am,2752.4675
768,3,Tamil Nadu - 2026,02-Feb 12am,2752.4675
768,4,Tamil Nadu - 2026,02-Feb 12am,2752.4675
769,1,Tamil Nadu - 2026,02-Feb 1am,2720.81
769,2,Tamil Nadu - 2026,02-Feb 1am,2720.81
769,3,Tamil Nadu - 2026,02-Feb 1am,2720.81
769,4,Tamil Nadu - 2026,02-Feb 1am,2720.81
770,1,Tamil Nadu - 2026,02-Feb 2am,2751.1275
770,2,Tamil Nadu - 2026,02-Feb 2am,2751.1275
770,3,Tamil Nadu - 2026,02-Feb 2am,2751.1275
770,4,Tamil Nadu - 2026,02-Feb 2am,2751.1275
771,1,Tamil Nadu - 2026,02-Feb 3am,2754.0325
771,2,Tamil Nadu - 2026,02-Feb 3am,2754.0325
771,3,Tamil Nadu - 2026,02-Feb 3am,2754.0325
771,4,Tamil Nadu - 2026,02-Feb 3am,2754.0325
772,1,Tamil Nadu - 2026,02-Feb 4am,2781.39
772,2,Tamil Nadu - 2026,02-Feb 4am,2781.39
772,3,Tamil Nadu - 2026,02-Feb 4am,2781.39
772,4,Tamil Nadu - 2026,02-Feb 4am,2781.39
773,1,Tamil Nadu - 2026,02-Feb 5am,2878.665
773,2,Tamil Nadu - 2026,02-Feb 5am,2878.665
773,3,Tamil Nadu - 2026,02-Feb 5am,2878.665
773,4,Tamil Nadu - 2026,02-Feb 5am,2878.665
774,1,Tamil Nadu - 2026,02-Feb 6am,3121.37
774,2,Tamil Nadu - 2026,02-Feb 6am,3121.37
774,3,Tamil Nadu - 2026,02-Feb 6am,3121.37
774,4,Tamil Nadu - 2026,02-Feb 6am,3121.37
775,1,Tamil Nadu - 2026,02-Feb 7am,3820.6975
775,2,Tamil Nadu - 2026,02-Feb 7am,3820.6975
775,3,Tamil Nadu - 2026,02-Feb 7am,3820.6975
775,4,Tamil Nadu - 2026,02-Feb 7am,3820.6975
776,1,Tamil Nadu - 2026,02-Feb 8am,4055.355
776,2,Tamil Nadu - 2026,02-Feb 8am,4055.355
776,3,Tamil Nadu - 2026,02-Feb 8am,4055.355
776,4,Tamil Nadu - 2026,02-Feb 8am,4055.355
777,1,Tamil Nadu - 2026,02-Feb 9am,3933.8775
777,2,Tamil Nadu - 2026,02-Feb 9am,3933.8775
777,3,Tamil Nadu - 2026,02-Feb 9am,3933.8775
777,4,Tamil Nadu - 2026,02-Feb 9am,3933.8775
778,1,Tamil Nadu - 2026,02-Feb 10am,3761.045
778,2,Tamil Nadu - 2026,02-Feb 10am,3761.045
778,3,Tamil Nadu - 2026,02-Feb 10am,3761.045
778,4,Tamil Nadu - 2026,02-Feb 10am,3761.045
779,1,Tamil Nadu - 2026,02-Feb 11am,3328.3525
779,2,Tamil Nadu - 2026,02-Feb 11am,3328.3525
779,3,Tamil Nadu - 2026,02-Feb 11am,3328.3525
779,4,Tamil Nadu - 2026,02-Feb 11am,3328.3525
780,1,Tamil Nadu - 2026,02-Feb 12pm,3596.59
780,2,Tamil Nadu - 2026,02-Feb 12pm,3596.59
780,3,Tamil Nadu - 2026,02-Feb 12pm,3596.59
780,4,Tamil Nadu - 2026,02-Feb 12pm,3596.59
781,1,Tamil Nadu - 2026,02-Feb 1pm,3591.135
781,2,Tamil Nadu - 2026,02-Feb 1pm,3591.135
781,3,Tamil Nadu - 2026,02-Feb 1pm,3591.135
781,4,Tamil Nadu - 2026,02-Feb 1pm,3591.135
782,1,Tamil Nadu - 2026,02-Feb 2pm,3505.91
782,2,Tamil Nadu - 2026,02-Feb 2pm,3505.91
782,3,Tamil Nadu - 2026,02-Feb 2pm,3505.91
782,4,Tamil Nadu - 2026,02-Feb 2pm,3505.91
783,1,Tamil Nadu - 2026,02-Feb 3pm,3675.71
783,2,Tamil Nadu - 2026,02-Feb 3pm,3675.71
783,3,Tamil Nadu - 2026,02-Feb 3pm,3675.71
783,4,Tamil Nadu - 2026,02-Feb 3pm,3675.71
784,1,Tamil Nadu - 2026,02-Feb 4pm,3982.43
784,2,Tamil Nadu - 2026,02-Feb 4pm,3982.43
784,3,Tamil Nadu - 2026,02-Feb 4pm,3982.43
784,4,Tamil Nadu - 2026,02-Feb 4pm,3982.43
785,1,Tamil Nadu - 2026,02-Feb 5pm,4218.4875
785,2,Tamil Nadu - 2026,02-Feb 5pm,4218.4875
785,3,Tamil Nadu - 2026,02-Feb 5pm,4218.4875
785,4,Tamil Nadu - 2026,02-Feb 5pm,4218.4875
786,1,Tamil Nadu - 2026,02-Feb 6pm,4181.6125
786,2,Tamil Nadu - 2026,02-Feb 6pm,4181.6125
786,3,Tamil Nadu - 2026,02-Feb 6pm,4181.6125
786,4,Tamil Nadu - 2026,02-Feb 6pm,4181.6125
787,1,Tamil Nadu - 2026,02-Feb 7pm,4181.9025
787,2,Tamil Nadu - 2026,02-Feb 7pm,4181.9025
787,3,Tamil Nadu - 2026,02-Feb 7pm,4181.9025
787,4,Tamil Nadu - 2026,02-Feb 7pm,4181.9025
788,1,Tamil Nadu - 2026,02-Feb 8pm,3947.44
788,2,Tamil Nadu - 2026,02-Feb 8pm,3947.44
788,3,Tamil Nadu - 2026,02-Feb 8pm,3947.44
788,4,Tamil Nadu - 2026,02-Feb 8pm,3947.44
789,1,Tamil Nadu - 2026,02-Feb 9pm,3735.945
789,2,Tamil Nadu - 2026,02-Feb 9pm,3735.945
789,3,Tamil Nadu - 2026,02-Feb 9pm,3735.945
789,4,Tamil Nadu - 2026,02-Feb 9pm,3735.945
790,1,Tamil Nadu - 2026,02-Feb 10pm,3538.5425
790,2,Tamil Nadu - 2026,02-Feb 10pm,3538.5425
790,3,Tamil Nadu - 2026,02-Feb 10pm,3538.5425
790,4,Tamil Nadu - 2026,02-Feb 10pm,3538.5425
791,1,Tamil Nadu - 2026,02-Feb 11pm,3321.76
791,2,Tamil Nadu - 2026,02-Feb 11pm,3321.76
791,3,Tamil Nadu - 2026,02-Feb 11pm,3321.76
791,4,Tamil Nadu - 2026,02-Feb 11pm,3321.76
792,1,Tamil Nadu - 2026,03-Feb 12am,3242.23
792,2,Tamil Nadu - 2026,03-Feb 12am,3242.23
792,3,Tamil Nadu - 2026,03-Feb 12am,3242.23
792,4,Tamil Nadu - 2026,03-Feb 12am,3242.23
793,1,Tamil Nadu - 2026,03-Feb 1am,3182.65
793,2,Tamil Nadu - 2026,03-Feb 1am,3182.65
793,3,Tamil Nadu - 2026,03-Feb 1am,3182.65
793,4,Tamil Nadu - 2026,03-Feb 1am,3182.65
794,1,Tamil Nadu - 2026,03-Feb 2am,3147.37
794,2,Tamil Nadu - 2026,03-Feb 2am,3147.37
794,3,Tamil Nadu - 2026,03-Feb 2am,3147.37
794,4,Tamil Nadu - 2026,03-Feb 2am,3147.37
795,1,Tamil Nadu - 2026,03-Feb 3am,3103.54
795,2,Tamil Nadu - 2026,03-Feb 3am,3103.54
795,3,Tamil Nadu - 2026,03-Feb 3am,3103.54
795,4,Tamil Nadu - 2026,03-Feb 3am,3103.54
796,1,Tamil Nadu - 2026,03-Feb 4am,3143.845
796,2,Tamil Nadu - 2026,03-Feb 4am,3143.845
796,3,Tamil Nadu - 2026,03-Feb 4am,3143.845
796,4,Tamil Nadu - 2026,03-Feb 4am,3143.845
797,1,Tamil Nadu - 2026,03-Feb 5am,3185.8325
797,2,Tamil Nadu - 2026,03-Feb 5am,3185.8325
797,3,Tamil Nadu - 2026,03-Feb 5am,3185.8325
797,4,Tamil Nadu - 2026,03-Feb 5am,3185.8325
798,1,Tamil Nadu - 2026,03-Feb 6am,3489.0125
798,2,Tamil Nadu - 2026,03-Feb 6am,3489.0125
798,3,Tamil Nadu - 2026,03-Feb 6am,3489.0125
798,4,Tamil Nadu - 2026,03-Feb 6am,3489.0125
799,1,Tamil Nadu - 2026,03-Feb 7am,4082.61
799,2,Tamil Nadu - 2026,03-Feb 7am,4082.61
799,3,Tamil Nadu - 2026,03-Feb 7am,4082.61
799,4,Tamil Nadu - 2026,03-Feb 7am,4082.61
800,1,Tamil Nadu - 2026,03-Feb 8am,4248.415
800,2,Tamil Nadu - 2026,03-Feb 8am,4248.415
800,3,Tamil Nadu - 2026,03-Feb 8am,4248.415
800,4,Tamil Nadu - 2026,03-Feb 8am,4248.415
801,1,Tamil Nadu - 2026,03-Feb 9am,4057.7725
801,2,Tamil Nadu - 2026,03-Feb 9am,4057.7725
801,3,Tamil Nadu - 2026,03-Feb 9am,4057.7725
801,4,Tamil Nadu - 2026,03-Feb 9am,4057.7725
802,1,Tamil Nadu - 2026,03-Feb 10am,3855.5325
802,2,Tamil Nadu - 2026,03-Feb 10am,3855.5325
802,3,Tamil Nadu - 2026,03-Feb 10am,3855.5325
802,4,Tamil Nadu - 2026,03-Feb 10am,3855.5325
803,1,Tamil Nadu - 2026,03-Feb 11am,3794.5025
803,2,Tamil Nadu - 2026,03-Feb 11am,3794.5025
803,3,Tamil Nadu - 2026,03-Feb 11am,3794.5025
803,4,Tamil Nadu - 2026,03-Feb 11am,3794.5025
804,1,Tamil Nadu - 2026,03-Feb 12pm,3668.6475
804,2,Tamil Nadu - 2026,03-Feb 12pm,3668.6475
804,3,Tamil Nadu - 2026,03-Feb 12pm,3668.6475
804,4,Tamil Nadu - 2026,03-Feb 12pm,3668.6475
805,1,Tamil Nadu - 2026,03-Feb 1pm,3532.45
805,2,Tamil Nadu - 2026,03-Feb 1pm,3532.45
805,3,Tamil Nadu - 2026,03-Feb 1pm,3532.45
805,4,Tamil Nadu - 2026,03-Feb 1pm,3532.45
806,1,Tamil Nadu - 2026,03-Feb 2pm,3555.3575
806,2,Tamil Nadu - 2026,03-Feb 2pm,3555.3575
806,3,Tamil Nadu - 2026,03-Feb 2pm,3555.3575
806,4,Tamil Nadu - 2026,03-Feb 2pm,3555.3575
807,1,Tamil Nadu - 2026,03-Feb 3pm,3744.9575
807,2,Tamil Nadu - 2026,03-Feb 3pm,3744.9575
807,3,Tamil Nadu - 2026,03-Feb 3pm,3744.9575
807,4,Tamil Nadu - 2026,03-Feb 3pm,3744.9575
808,1,Tamil Nadu - 2026,03-Feb 4pm,4016.825
808,2,Tamil Nadu - 2026,03-Feb 4pm,4016.825
808,3,Tamil Nadu - 2026,03-Feb 4pm,4016.825
808,4,Tamil Nadu - 2026,03-Feb 4pm,4016.825
809,1,Tamil Nadu - 2026,03-Feb 5pm,4340.1225
809,2,Tamil Nadu - 2026,03-Feb 5pm,4340.1225
809,3,Tamil Nadu - 2026,03-Feb 5pm,4340.1225
809,4,Tamil Nadu - 2026,03-Feb 5pm,4340.1225
810,1,Tamil Nadu - 2026,03-Feb 6pm,4300.9275
810,2,Tamil Nadu - 2026,03-Feb 6pm,4300.9275
810,3,Tamil Nadu - 2026,03-Feb 6pm,4300.9275
810,4,Tamil Nadu - 2026,03-Feb 6pm,4300.9275
811,1,Tamil Nadu - 2026,03-Feb 7pm,4309.8175
811,2,Tamil Nadu - 2026,03-Feb 7pm,4309.8175
811,3,Tamil Nadu - 2026,03-Feb 7pm,4309.8175
811,4,Tamil Nadu - 2026,03-Feb 7pm,4309.8175
812,1,Tamil Nadu - 2026,03-Feb 8pm,4043.7325
812,2,Tamil Nadu - 2026,03-Feb 8pm,4043.7325
812,3,Tamil Nadu - 2026,03-Feb 8pm,4043.7325
812,4,Tamil Nadu - 2026,03-Feb 8pm,4043.7325
813,1,Tamil Nadu - 2026,03-Feb 9pm,3793.165
813,2,Tamil Nadu - 2026,03-Feb 9pm,3793.165
813,3,Tamil Nadu - 2026,03-Feb 9pm,3793.165
813,4,Tamil Nadu - 2026,03-Feb 9pm,3793.165
814,1,Tamil Nadu - 2026,03-Feb 10pm,3566.1425
814,2,Tamil Nadu - 2026,03-Feb 10pm,3566.1425
814,3,Tamil Nadu - 2026,03-Feb 10pm,3566.1425
814,4,Tamil Nadu - 2026,03-Feb 10pm,3566.1425
815,1,Tamil Nadu - 2026,03-Feb 11pm,3312.2875
815,2,Tamil Nadu - 2026,03-Feb 11pm,3312.2875
815,3,Tamil Nadu - 2026,03-Feb 11pm,3312.2875
815,4,Tamil Nadu - 2026,03-Feb 11pm,3312.2875
816,1,Tamil Nadu - 2026,04-Feb 12am,3264.5
816,2,Tamil Nadu - 2026,04-Feb 12am,3264.5
816,3,Tamil Nadu - 2026,04-Feb 12am,3264.5
816,4,Tamil Nadu - 2026,04-Feb 12am,3264.5
817,1,Tamil Nadu - 2026,04-Feb 1am,3211.6825
817,2,Tamil Nadu - 2026,04-Feb 1am,3211.6825
817,3,Tamil Nadu - 2026,04-Feb 1am,3211.6825
817,4,Tamil Nadu - 2026,04-Feb 1am,3211.6825
818,1,Tamil Nadu - 2026,04-Feb 2am,3147.0025
818,2,Tamil Nadu - 2026,04-Feb 2am,3147.0025
818,3,Tamil Nadu - 2026,04-Feb 2am,3147.0025
818,4,Tamil Nadu - 2026,04-Feb 2am,3147.0025
819,1,Tamil Nadu - 2026,04-Feb 3am,3098.87
819,2,Tamil Nadu - 2026,04-Feb 3am,3098.87
819,3,Tamil Nadu - 2026,04-Feb 3am,3098.87
819,4,Tamil Nadu - 2026,04-Feb 3am,3098.87
820,1,Tamil Nadu - 2026,04-Feb 4am,3073.77
820,2,Tamil Nadu - 2026,04-Feb 4am,3073.77
820,3,Tamil Nadu - 2026,04-Feb 4am,3073.77
820,4,Tamil Nadu - 2026,04-Feb 4am,3073.77
821,1,Tamil Nadu - 2026,04-Feb 5am,3208.8175
821,2,Tamil Nadu - 2026,04-Feb 5am,3208.8175
821,3,Tamil Nadu - 2026,04-Feb 5am,3208.8175
821,4,Tamil Nadu - 2026,04-Feb 5am,3208.8175
822,1,Tamil Nadu - 2026,04-Feb 6am,3456.275
822,2,Tamil Nadu - 2026,04-Feb 6am,3456.275
822,3,Tamil Nadu - 2026,04-Feb 6am,3456.275
822,4,Tamil Nadu - 2026,04-Feb 6am,3456.275
823,1,Tamil Nadu - 2026,04-Feb 7am,4119.46
823,2,Tamil Nadu - 2026,04-Feb 7am,4119.46
823,3,Tamil Nadu - 2026,04-Feb 7am,4119.46
823,4,Tamil Nadu - 2026,04-Feb 7am,4119.46
824,1,Tamil Nadu - 2026,04-Feb 8am,4169.64
824,2,Tamil Nadu - 2026,04-Feb 8am,4169.64
824,3,Tamil Nadu - 2026,04-Feb 8am,4169.64
824,4,Tamil Nadu - 2026,04-Feb 8am,4169.64
825,1,Tamil Nadu - 2026,04-Feb 9am,3969.17
825,2,Tamil Nadu - 2026,04-Feb 9am,3969.17
825,3,Tamil Nadu - 2026,04-Feb 9am,3969.17
825,4,Tamil Nadu - 2026,04-Feb 9am,3969.17
826,1,Tamil Nadu - 2026,04-Feb 10am,3816.09
826,2,Tamil Nadu - 2026,04-Feb 10am,3816.09
826,3,Tamil Nadu - 2026,04-Feb 10am,3816.09
826,4,Tamil Nadu - 2026,04-Feb 10am,3816.09
827,1,Tamil Nadu - 2026,04-Feb 11am,3809.1325
827,2,Tamil Nadu - 2026,04-Feb 11am,3809.1325
827,3,Tamil Nadu - 2026,04-Feb 11am,3809.1325
827,4,Tamil Nadu - 2026,04-Feb 11am,3809.1325
828,1,Tamil Nadu - 2026,04-Feb 12pm,3735.2875
828,2,Tamil Nadu - 2026,04-Feb 12pm,3735.2875
828,3,Tamil Nadu - 2026,04-Feb 12pm,3735.2875
828,4,Tamil Nadu - 2026,04-Feb 12pm,3735.2875
829,1,Tamil Nadu - 2026,04-Feb 1pm,3588.5125
829,2,Tamil Nadu - 2026,04-Feb 1pm,3588.5125
829,3,Tamil Nadu - 2026,04-Feb 1pm,3588.5125
829,4,Tamil Nadu - 2026,04-Feb 1pm,3588.5125
830,1,Tamil Nadu - 2026,04-Feb 2pm,3475.42
830,2,Tamil Nadu - 2026,04-Feb 2pm,3475.42
830,3,Tamil Nadu - 2026,04-Feb 2pm,3475.42
830,4,Tamil Nadu - 2026,04-Feb 2pm,3475.42
831,1,Tamil Nadu - 2026,04-Feb 3pm,3651.275
831,2,Tamil Nadu - 2026,04-Feb 3pm,3651.275
831,3,Tamil Nadu - 2026,04-Feb 3pm,3651.275
831,4,Tamil Nadu - 2026,04-Feb 3pm,3651.275
832,1,Tamil Nadu - 2026,04-Feb 4pm,3887.9725
832,2,Tamil Nadu - 2026,04-Feb 4pm,3887.9725
832,3,Tamil Nadu - 2026,04-Feb 4pm,3887.9725
832,4,Tamil Nadu - 2026,04-Feb 4pm,3887.9725
833,1,Tamil Nadu - 2026,04-Feb 5pm,4220.4175
833,2,Tamil Nadu - 2026,04-Feb 5pm,4220.4175
833,3,Tamil Nadu - 2026,04-Feb 5pm,4220.4175
833,4,Tamil Nadu - 2026,04-Feb 5pm,4220.4175
834,1,Tamil Nadu - 2026,04-Feb 6pm,4360.805
834,2,Tamil Nadu - 2026,04-Feb 6pm,4360.805
834,3,Tamil Nadu - 2026,04-Feb 6pm,4360.805
834,4,Tamil Nadu - 2026,04-Feb 6pm,4360.805
835,1,Tamil Nadu - 2026,04-Feb 7pm,4239.8925
835,2,Tamil Nadu - 2026,04-Feb 7pm,4239.8925
835,3,Tamil Nadu - 2026,04-Feb 7pm,4239.8925
835,4,Tamil Nadu - 2026,04-Feb 7pm,4239.8925
836,1,Tamil Nadu - 2026,04-Feb 8pm,4072.5625
836,2,Tamil Nadu - 2026,04-Feb 8pm,4072.5625
836,3,Tamil Nadu - 2026,04-Feb 8pm,4072.5625
836,4,Tamil Nadu - 2026,04-Feb 8pm,4072.5625
837,1,Tamil Nadu - 2026,04-Feb 9pm,3776.2325
837,2,Tamil Nadu - 2026,04-Feb 9pm,3776.2325
837,3,Tamil Nadu - 2026,04-Feb 9pm,3776.2325
837,4,Tamil Nadu - 2026,04-Feb 9pm,3776.2325
838,1,Tamil Nadu - 2026,04-Feb 10pm,3559.005
838,2,Tamil Nadu - 2026,04-Feb 10pm,3559.005
838,3,Tamil Nadu - 2026,04-Feb 10pm,3559.005
838,4,Tamil Nadu - 2026,04-Feb 10pm,3559.005
839,1,Tamil Nadu - 2026,04-Feb 11pm,3312.9075
839,2,Tamil Nadu - 2026,04-Feb 11pm,3312.9075
839,3,Tamil Nadu - 2026,04-Feb 11pm,3312.9075
839,4,Tamil Nadu - 2026,04-Feb 11pm,3312.9075
840,1,Tamil Nadu - 2026,05-Feb 12am,3273.6225
840,2,Tamil Nadu - 2026,05-Feb 12am,3273.6225
840,3,Tamil Nadu - 2026,05-Feb 12am,3273.6225
840,4,Tamil Nadu - 2026,05-Feb 12am,3273.6225
841,1,Tamil Nadu - 2026,05-Feb 1am,3265.1125
841,2,Tamil Nadu - 2026,05-Feb 1am,3265.1125
841,3,Tamil Nadu - 2026,05-Feb 1am,3265.1125
841,4,Tamil Nadu - 2026,05-Feb 1am,3265.1125
842,1,Tamil Nadu - 2026,05-Feb 2am,3231.9375
842,2,Tamil Nadu - 2026,05-Feb 2am,3231.9375
842,3,Tamil Nadu - 2026,05-Feb 2am,3231.9375
842,4,Tamil Nadu - 2026,05-Feb 2am,3231.9375
843,1,Tamil Nadu - 2026,05-Feb 3am,3194.7775
843,2,Tamil Nadu - 2026,05-Feb 3am,3194.7775
843,3,Tamil Nadu - 2026,05-Feb 3am,3194.7775
843,4,Tamil Nadu - 2026,05-Feb 3am,3194.7775
844,1,Tamil Nadu - 2026,05-Feb 4am,3118.045
844,2,Tamil Nadu - 2026,05-Feb 4am,3118.045
844,3,Tamil Nadu - 2026,05-Feb 4am,3118.045
844,4,Tamil Nadu - 2026,05-Feb 4am,3118.045
845,1,Tamil Nadu - 2026,05-Feb 5am,3227.925
845,2,Tamil Nadu - 2026,05-Feb 5am,3227.925
845,3,Tamil Nadu - 2026,05-Feb 5am,3227.925
845,4,Tamil Nadu - 2026,05-Feb 5am,3227.925
846,1,Tamil Nadu - 2026,05-Feb 6am,3501.8275
846,2,Tamil Nadu - 2026,05-Feb 6am,3501.8275
846,3,Tamil Nadu - 2026,05-Feb 6am,3501.8275
846,4,Tamil Nadu - 2026,05-Feb 6am,3501.8275
847,1,Tamil Nadu - 2026,05-Feb 7am,4121.8975
847,2,Tamil Nadu - 2026,05-Feb 7am,4121.8975
847,3,Tamil Nadu - 2026,05-Feb 7am,4121.8975
847,4,Tamil Nadu - 2026,05-Feb 7am,4121.8975
848,1,Tamil Nadu - 2026,05-Feb 8am,4282.2825
848,2,Tamil Nadu - 2026,05-Feb 8am,4282.2825
848,3,Tamil Nadu - 2026,05-Feb 8am,4282.2825
848,4,Tamil Nadu - 2026,05-Feb 8am,4282.2825
849,1,Tamil Nadu - 2026,05-Feb 9am,4111.1975
849,2,Tamil Nadu - 2026,05-Feb 9am,4111.1975
849,3,Tamil Nadu - 2026,05-Feb 9am,4111.1975
849,4,Tamil Nadu - 2026,05-Feb 9am,4111.1975
850,1,Tamil Nadu - 2026,05-Feb 10am,3922.93
850,2,Tamil Nadu - 2026,05-Feb 10am,3922.93
850,3,Tamil Nadu - 2026,05-Feb 10am,3922.93
850,4,Tamil Nadu - 2026,05-Feb 10am,3922.93
851,1,Tamil Nadu - 2026,05-Feb 11am,3911.3275
851,2,Tamil Nadu - 2026,05-Feb 11am,3911.3275
851,3,Tamil Nadu - 2026,05-Feb 11am,3911.3275
851,4,Tamil Nadu - 2026,05-Feb 11am,3911.3275
852,1,Tamil Nadu - 2026,05-Feb 12pm,3898.78
852,2,Tamil Nadu - 2026,05-Feb 12pm,3898.78
852,3,Tamil Nadu - 2026,05-Feb 12pm,3898.78
852,4,Tamil Nadu - 2026,05-Feb 12pm,3898.78
853,1,Tamil Nadu - 2026,05-Feb 1pm,3829.58
853,2,Tamil Nadu - 2026,05-Feb 1pm,3829.58
853,3,Tamil Nadu - 2026,05-Feb 1pm,3829.58
853,4,Tamil Nadu - 2026,05-Feb 1pm,3829.58
854,1,Tamil Nadu - 2026,05-Feb 2pm,3737.94
854,2,Tamil Nadu - 2026,05-Feb 2pm,3737.94
854,3,Tamil Nadu - 2026,05-Feb 2pm,3737.94
854,4,Tamil Nadu - 2026,05-Feb 2pm,3737.94
855,1,Tamil Nadu - 2026,05-Feb 3pm,3890.73
855,2,Tamil Nadu - 2026,05-Feb 3pm,3890.73
855,3,Tamil Nadu - 2026,05-Feb 3pm,3890.73
855,4,Tamil Nadu - 2026,05-Feb 3pm,3890.73
856,1,Tamil Nadu - 2026,05-Feb 4pm,4106.66
856,2,Tamil Nadu - 2026,05-Feb 4pm,4106.66
856,3,Tamil Nadu - 2026,05-Feb 4pm,4106.66
856,4,Tamil Nadu - 2026,05-Feb 4pm,4106.66
857,1,Tamil Nadu - 2026,05-Feb 5pm,4354.3375
857,2,Tamil Nadu - 2026,05-Feb 5pm,4354.3375
857,3,Tamil Nadu - 2026,05-Feb 5pm,4354.3375
857,4,Tamil Nadu - 2026,05-Feb 5pm,4354.3375
858,1,Tamil Nadu - 2026,05-Feb 6pm,4313.9975
858,2,Tamil Nadu - 2026,05-Feb 6pm,4313.9975
858,3,Tamil Nadu - 2026,05-Feb 6pm,4313.9975
858,4,Tamil Nadu - 2026,05-Feb 6pm,4313.9975
859,1,Tamil Nadu - 2026,05-Feb 7pm,4383.3975
859,2,Tamil Nadu - 2026,05-Feb 7pm,4383.3975
859,3,Tamil Nadu - 2026,05-Feb 7pm,4383.3975
859,4,Tamil Nadu - 2026,05-Feb 7pm,4383.3975
860,1,Tamil Nadu - 2026,05-Feb 8pm,4018.42
860,2,Tamil Nadu - 2026,05-Feb 8pm,4018.42
860,3,Tamil Nadu - 2026,05-Feb 8pm,4018.42
860,4,Tamil Nadu - 2026,05-Feb 8pm,4018.42
861,1,Tamil Nadu - 2026,05-Feb 9pm,3910.575
861,2,Tamil Nadu - 2026,05-Feb 9pm,3910.575
861,3,Tamil Nadu - 2026,05-Feb 9pm,3910.575
861,4,Tamil Nadu - 2026,05-Feb 9pm,3910.575
862,1,Tamil Nadu - 2026,05-Feb 10pm,3624.3975
862,2,Tamil Nadu - 2026,05-Feb 10pm,3624.3975
862,3,Tamil Nadu - 2026,05-Feb 10pm,3624.3975
862,4,Tamil Nadu - 2026,05-Feb 10pm,3624.3975
863,1,Tamil Nadu - 2026,05-Feb 11pm,3390.32
863,2,Tamil Nadu - 2026,05-Feb 11pm,3390.32
863,3,Tamil Nadu - 2026,05-Feb 11pm,3390.32
863,4,Tamil Nadu - 2026,05-Feb 11pm,3390.32
864,1,Tamil Nadu - 2026,06-Feb 12am,3210.545
864,2,Tamil Nadu - 2026,06-Feb 12am,3210.545
864,3,Tamil Nadu - 2026,06-Feb 12am,3210.545
864,4,Tamil Nadu - 2026,06-Feb 12am,3210.545
865,1,Tamil Nadu - 2026,06-Feb 1am,3101.9225
865,2,Tamil Nadu - 2026,06-Feb 1am,3101.9225
865,3,Tamil Nadu - 2026,06-Feb 1am,3101.9225
865,4,Tamil Nadu - 2026,06-Feb 1am,3101.9225
866,1,Tamil Nadu - 2026,06-Feb 2am,3020.405
866,2,Tamil Nadu - 2026,06-Feb 2am,3020.405
866,3,Tamil Nadu - 2026,06-Feb 2am,3020.405
866,4,Tamil Nadu - 2026,06-Feb 2am,3020.405
867,1,Tamil Nadu - 2026,06-Feb 3am,3010.12
867,2,Tamil Nadu - 2026,06-Feb 3am,3010.12
867,3,Tamil Nadu - 2026,06-Feb 3am,3010.12
867,4,Tamil Nadu - 2026,06-Feb 3am,3010.12
868,1,Tamil Nadu - 2026,06-Feb 4am,3031.685
868,2,Tamil Nadu - 2026,06-Feb 4am,3031.685
868,3,Tamil Nadu - 2026,06-Feb 4am,3031.685
868,4,Tamil Nadu - 2026,06-Feb 4am,3031.685
869,1,Tamil Nadu - 2026,06-Feb 5am,3192.795
869,2,Tamil Nadu - 2026,06-Feb 5am,3192.795
869,3,Tamil Nadu - 2026,06-Feb 5am,3192.795
869,4,Tamil Nadu - 2026,06-Feb 5am,3192.795
870,1,Tamil Nadu - 2026,06-Feb 6am,3439.1025
870,2,Tamil Nadu - 2026,06-Feb 6am,3439.1025
870,3,Tamil Nadu - 2026,06-Feb 6am,3439.1025
870,4,Tamil Nadu - 2026,06-Feb 6am,3439.1025
871,1,Tamil Nadu - 2026,06-Feb 7am,4194.62
871,2,Tamil Nadu - 2026,06-Feb 7am,4194.62
871,3,Tamil Nadu - 2026,06-Feb 7am,4194.62
871,4,Tamil Nadu - 2026,06-Feb 7am,4194.62
872,1,Tamil Nadu - 2026,06-Feb 8am,4275.22
872,2,Tamil Nadu - 2026,06-Feb 8am,4275.22
872,3,Tamil Nadu - 2026,06-Feb 8am,4275.22
872,4,Tamil Nadu - 2026,06-Feb 8am,4275.22
873,1,Tamil Nadu - 2026,06-Feb 9am,4026.84
873,2,Tamil Nadu - 2026,06-Feb 9am,4026.84
873,3,Tamil Nadu - 2026,06-Feb 9am,4026.84
873,4,Tamil Nadu - 2026,06-Feb 9am,4026.84
874,1,Tamil Nadu - 2026,06-Feb 10am,4015.745
874,2,Tamil Nadu - 2026,06-Feb 10am,4015.745
874,3,Tamil Nadu - 2026,06-Feb 10am,4015.745
874,4,Tamil Nadu - 2026,06-Feb 10am,4015.745
875,1,Tamil Nadu - 2026,06-Feb 11am,3813.3
875,2,Tamil Nadu - 2026,06-Feb 11am,3813.3
875,3,Tamil Nadu - 2026,06-Feb 11am,3813.3
875,4,Tamil Nadu - 2026,06-Feb 11am,3813.3
876,1,Tamil Nadu - 2026,06-Feb 12pm,3660.52
876,2,Tamil Nadu - 2026,06-Feb 12pm,3660.52
876,3,Tamil Nadu - 2026,06-Feb 12pm,3660.52
876,4,Tamil Nadu - 2026,06-Feb 12pm,3660.52
877,1,Tamil Nadu - 2026,06-Feb 1pm,3632.6275
877,2,Tamil Nadu - 2026,06-Feb 1pm,3632.6275
877,3,Tamil Nadu - 2026,06-Feb 1pm,3632.6275
877,4,Tamil Nadu - 2026,06-Feb 1pm,3632.6275
878,1,Tamil Nadu - 2026,06-Feb 2pm,3599.8725
878,2,Tamil Nadu - 2026,06-Feb 2pm,3599.8725
878,3,Tamil Nadu - 2026,06-Feb 2pm,3599.8725
878,4,Tamil Nadu - 2026,06-Feb 2pm,3599.8725
879,1,Tamil Nadu - 2026,06-Feb 3pm,3798.3025
879,2,Tamil Nadu - 2026,06-Feb 3pm,3798.3025
879,3,Tamil Nadu - 2026,06-Feb 3pm,3798.3025
879,4,Tamil Nadu - 2026,06-Feb 3pm,3798.3025
880,1,Tamil Nadu - 2026,06-Feb 4pm,4001.58
880,2,Tamil Nadu - 2026,06-Feb 4pm,4001.58
880,3,Tamil Nadu - 2026,06-Feb 4pm,4001.58
880,4,Tamil Nadu - 2026,06-Feb 4pm,4001.58
881,1,Tamil Nadu - 2026,06-Feb 5pm,4383.0975
881,2,Tamil Nadu - 2026,06-Feb 5pm,4383.0975
881,3,Tamil Nadu - 2026,06-Feb 5pm,4383.0975
881,4,Tamil Nadu - 2026,06-Feb 5pm,4383.0975
882,1,Tamil Nadu - 2026,06-Feb 6pm,4348.805
882,2,Tamil Nadu - 2026,06-Feb 6pm,4348.805
882,3,Tamil Nadu - 2026,06-Feb 6pm,4348.805
882,4,Tamil Nadu - 2026,06-Feb 6pm,4348.805
883,1,Tamil Nadu - 2026,06-Feb 7pm,4241.7975
883,2,Tamil Nadu - 2026,06-Feb 7pm,4241.7975
883,3,Tamil Nadu - 2026,06-Feb 7pm,4241.7975
883,4,Tamil Nadu - 2026,06-Feb 7pm,4241.7975
884,1,Tamil Nadu - 2026,06-Feb 8pm,3954.245
884,2,Tamil Nadu - 2026,06-Feb 8pm,3954.245
884,3,Tamil Nadu - 2026,06-Feb 8pm,3954.245
884,4,Tamil Nadu - 2026,06-Feb 8pm,3954.245
885,1,Tamil Nadu - 2026,06-Feb 9pm,3732.0525
885,2,Tamil Nadu - 2026,06-Feb 9pm,3732.0525
885,3,Tamil Nadu - 2026,06-Feb 9pm,3732.0525
885,4,Tamil Nadu - 2026,06-Feb 9pm,3732.0525
886,1,Tamil Nadu - 2026,06-Feb 10pm,3542.615
886,2,Tamil Nadu - 2026,06-Feb 10pm,3542.615
886,3,Tamil Nadu - 2026,06-Feb 10pm,3542.615
886,4,Tamil Nadu - 2026,06-Feb 10pm,3542.615
887,1,Tamil Nadu - 2026,06-Feb 11pm,3371.5
887,2,Tamil Nadu - 2026,06-Feb 11pm,3371.5
887,3,Tamil Nadu - 2026,06-Feb 11pm,3371.5
887,4,Tamil Nadu - 2026,06-Feb 11pm,3371.5
888,1,Tamil Nadu - 2026,07-Feb 12am,3312.9575
888,2,Tamil Nadu - 2026,07-Feb 12am,3312.9575
888,3,Tamil Nadu - 2026,07-Feb 12am,3312.9575
888,4,Tamil Nadu - 2026,07-Feb 12am,3312.9575
889,1,Tamil Nadu - 2026,07-Feb 1am,3274.235
889,2,Tamil Nadu - 2026,07-Feb 1am,3274.235
889,3,Tamil Nadu - 2026,07-Feb 1am,3274.235
889,4,Tamil Nadu - 2026,07-Feb 1am,3274.235
890,1,Tamil Nadu - 2026,07-Feb 2am,3108.795
890,2,Tamil Nadu - 2026,07-Feb 2am,3108.795
890,3,Tamil Nadu - 2026,07-Feb 2am,3108.795
890,4,Tamil Nadu - 2026,07-Feb 2am,3108.795
891,1,Tamil Nadu - 2026,07-Feb 3am,3081.9525
891,2,Tamil Nadu - 2026,07-Feb 3am,3081.9525
891,3,Tamil Nadu - 2026,07-Feb 3am,3081.9525
891,4,Tamil Nadu - 2026,07-Feb 3am,3081.9525
892,1,Tamil Nadu - 2026,07-Feb 4am,3089.95
892,2,Tamil Nadu - 2026,07-Feb 4am,3089.95
892,3,Tamil Nadu - 2026,07-Feb 4am,3089.95
892,4,Tamil Nadu - 2026,07-Feb 4am,3089.95
893,1,Tamil Nadu - 2026,07-Feb 5am,3154.6975
893,2,Tamil Nadu - 2026,07-Feb 5am,3154.6975
893,3,Tamil Nadu - 2026,07-Feb 5am,3154.6975
893,4,Tamil Nadu - 2026,07-Feb 5am,3154.6975
894,1,Tamil Nadu - 2026,07-Feb 6am,3328.055
894,2,Tamil Nadu - 2026,07-Feb 6am,3328.055
894,3,Tamil Nadu - 2026,07-Feb 6am,3328.055
894,4,Tamil Nadu - 2026,07-Feb 6am,3328.055
895,1,Tamil Nadu - 2026,07-Feb 7am,3983.035
895,2,Tamil Nadu - 2026,07-Feb 7am,3983.035
895,3,Tamil Nadu - 2026,07-Feb 7am,3983.035
895,4,Tamil Nadu - 2026,07-Feb 7am,3983.035
896,1,Tamil Nadu - 2026,07-Feb 8am,4007.495
896,2,Tamil Nadu - 2026,07-Feb 8am,4007.495
896,3,Tamil Nadu - 2026,07-Feb 8am,4007.495
896,4,Tamil Nadu - 2026,07-Feb 8am,4007.495
897,1,Tamil Nadu - 2026,07-Feb 9am,3834.48
897,2,Tamil Nadu - 2026,07-Feb 9am,3834.48
897,3,Tamil Nadu - 2026,07-Feb 9am,3834.48
897,4,Tamil Nadu - 2026,07-Feb 9am,3834.48
898,1,Tamil Nadu - 2026,07-Feb 10am,3634.655
898,2,Tamil Nadu - 2026,07-Feb 10am,3634.655
898,3,Tamil Nadu - 2026,07-Feb 10am,3634.655
898,4,Tamil Nadu - 2026,07-Feb 10am,3634.655
899,1,Tamil Nadu - 2026,07-Feb 11am,3607.86
899,2,Tamil Nadu - 2026,07-Feb 11am,3607.86
899,3,Tamil Nadu - 2026,07-Feb 11am,3607.86
899,4,Tamil Nadu - 2026,07-Feb 11am,3607.86
900,1,Tamil Nadu - 2026,07-Feb 12pm,3549.525
900,2,Tamil Nadu - 2026,07-Feb 12pm,3549.525
900,3,Tamil Nadu - 2026,07-Feb 12pm,3549.525
900,4,Tamil Nadu - 2026,07-Feb 12pm,3549.525
901,1,Tamil Nadu - 2026,07-Feb 1pm,3503.4925
901,2,Tamil Nadu - 2026,07-Feb 1pm,3503.4925
901,3,Tamil Nadu - 2026,07-Feb 1pm,3503.4925
901,4,Tamil Nadu - 2026,07-Feb 1pm,3503.4925
902,1,Tamil Nadu - 2026,07-Feb 2pm,3503.4925
902,2,Tamil Nadu - 2026,07-Feb 2pm,3503.4925
902,3,Tamil Nadu - 2026,07-Feb 2pm,3503.4925
902,4,Tamil Nadu - 2026,07-Feb 2pm,3503.4925
903,1,Tamil Nadu - 2026,07-Feb 3pm,3587.39
903,2,Tamil Nadu - 2026,07-Feb 3pm,3587.39
903,3,Tamil Nadu - 2026,07-Feb 3pm,3587.39
903,4,Tamil Nadu - 2026,07-Feb 3pm,3587.39
904,1,Tamil Nadu - 2026,07-Feb 4pm,3782.465
904,2,Tamil Nadu - 2026,07-Feb 4pm,3782.465
904,3,Tamil Nadu - 2026,07-Feb 4pm,3782.465
904,4,Tamil Nadu - 2026,07-Feb 4pm,3782.465
905,1,Tamil Nadu - 2026,07-Feb 5pm,4163.575
905,2,Tamil Nadu - 2026,07-Feb 5pm,4163.575
905,3,Tamil Nadu - 2026,07-Feb 5pm,4163.575
905,4,Tamil Nadu - 2026,07-Feb 5pm,4163.575
906,1,Tamil Nadu - 2026,07-Feb 6pm,4266.74
906,2,Tamil Nadu - 2026,07-Feb 6pm,4266.74
906,3,Tamil Nadu - 2026,07-Feb 6pm,4266.74
906,4,Tamil Nadu - 2026,07-Feb 6pm,4266.74
907,1,Tamil Nadu - 2026,07-Feb 7pm,4303.045
907,2,Tamil Nadu - 2026,07-Feb 7pm,4303.045
907,3,Tamil Nadu - 2026,07-Feb 7pm,4303.045
907,4,Tamil Nadu - 2026,07-Feb 7pm,4303.045
908,1,Tamil Nadu - 2026,07-Feb 8pm,4027.8575
908,2,Tamil Nadu - 2026,07-Feb 8pm,4027.8575
908,3,Tamil Nadu - 2026,07-Feb 8pm,4027.8575
908,4,Tamil Nadu - 2026,07-Feb 8pm,4027.8575
909,1,Tamil Nadu - 2026,07-Feb 9pm,3826.495
909,2,Tamil Nadu - 2026,07-Feb 9pm,3826.495
909,3,Tamil Nadu - 2026,07-Feb 9pm,3826.495
909,4,Tamil Nadu - 2026,07-Feb 9pm,3826.495
910,1,Tamil Nadu - 2026,07-Feb 10pm,3638.8625
910,2,Tamil Nadu - 2026,07-Feb 10pm,3638.8625
910,3,Tamil Nadu - 2026,07-Feb 10pm,3638.8625
910,4,Tamil Nadu - 2026,07-Feb 10pm,3638.8625
911,1,Tamil Nadu - 2026,07-Feb 11pm,3451.41
911,2,Tamil Nadu - 2026,07-Feb 11pm,3451.41
911,3,Tamil Nadu - 2026,07-Feb 11pm,3451.41
911,4,Tamil Nadu - 2026,07-Feb 11pm,3451.41
912,1,Tamil Nadu - 2026,08-Feb 12am,3347.8875
912,2,Tamil Nadu - 2026,08-Feb 12am,3347.8875
912,3,Tamil Nadu - 2026,08-Feb 12am,3347.8875
912,4,Tamil Nadu - 2026,08-Feb 12am,3347.8875
913,1,Tamil Nadu - 2026,08-Feb 1am,3279.7525
913,2,Tamil Nadu - 2026,08-Feb 1am,3279.7525
913,3,Tamil Nadu - 2026,08-Feb 1am,3279.7525
913,4,Tamil Nadu - 2026,08-Feb 1am,3279.7525
914,1,Tamil Nadu - 2026,08-Feb 2am,3246.45
914,2,Tamil Nadu - 2026,08-Feb 2am,3246.45
914,3,Tamil Nadu - 2026,08-Feb 2am,3246.45
914,4,Tamil Nadu - 2026,08-Feb 2am,3246.45
915,1,Tamil Nadu - 2026,08-Feb 3am,3236.115
915,2,Tamil Nadu - 2026,08-Feb 3am,3236.115
915,3,Tamil Nadu - 2026,08-Feb 3am,3236.115
915,4,Tamil Nadu - 2026,08-Feb 3am,3236.115
916,1,Tamil Nadu - 2026,08-Feb 4am,3260.21
916,2,Tamil Nadu - 2026,08-Feb 4am,3260.21
916,3,Tamil Nadu - 2026,08-Feb 4am,3260.21
916,4,Tamil Nadu - 2026,08-Feb 4am,3260.21
917,1,Tamil Nadu - 2026,08-Feb 5am,3312.6775
917,2,Tamil Nadu - 2026,08-Feb 5am,3312.6775
917,3,Tamil Nadu - 2026,08-Feb 5am,3312.6775
917,4,Tamil Nadu - 2026,08-Feb 5am,3312.6775
918,1,Tamil Nadu - 2026,08-Feb 6am,3357.27
918,2,Tamil Nadu - 2026,08-Feb 6am,3357.27
918,3,Tamil Nadu - 2026,08-Feb 6am,3357.27
918,4,Tamil Nadu - 2026,08-Feb 6am,3357.27
919,1,Tamil Nadu - 2026,08-Feb 7am,3652.8
919,2,Tamil Nadu - 2026,08-Feb 7am,3652.8
919,3,Tamil Nadu - 2026,08-Feb 7am,3652.8
919,4,Tamil Nadu - 2026,08-Feb 7am,3652.8
920,1,Tamil Nadu - 2026,08-Feb 8am,3675.6225
920,2,Tamil Nadu - 2026,08-Feb 8am,3675.6225
920,3,Tamil Nadu - 2026,08-Feb 8am,3675.6225
920,4,Tamil Nadu - 2026,08-Feb 8am,3675.6225
921,1,Tamil Nadu - 2026,08-Feb 9am,3650.72
921,2,Tamil Nadu - 2026,08-Feb 9am,3650.72
921,3,Tamil Nadu - 2026,08-Feb 9am,3650.72
921,4,Tamil Nadu - 2026,08-Feb 9am,3650.72
922,1,Tamil Nadu - 2026,08-Feb 10am,3585.9925
922,2,Tamil Nadu - 2026,08-Feb 10am,3585.9925
922,3,Tamil Nadu - 2026,08-Feb 10am,3585.9925
922,4,Tamil Nadu - 2026,08-Feb 10am,3585.9925
923,1,Tamil Nadu - 2026,08-Feb 11am,3331.6175
923,2,Tamil Nadu - 2026,08-Feb 11am,3331.6175
923,3,Tamil Nadu - 2026,08-Feb 11am,3331.6175
923,4,Tamil Nadu - 2026,08-Feb 11am,3331.6175
924,1,Tamil Nadu - 2026,08-Feb 12pm,3254.3925
924,2,Tamil Nadu - 2026,08-Feb 12pm,3254.3925
924,3,Tamil Nadu - 2026,08-Feb 12pm,3254.3925
924,4,Tamil Nadu - 2026,08-Feb 12pm,3254.3925
925,1,Tamil Nadu - 2026,08-Feb 1pm,3191.2
925,2,Tamil Nadu - 2026,08-Feb 1pm,3191.2
925,3,Tamil Nadu - 2026,08-Feb 1pm,3191.2
925,4,Tamil Nadu - 2026,08-Feb 1pm,3191.2
926,1,Tamil Nadu - 2026,08-Feb 2pm,3125.325
926,2,Tamil Nadu - 2026,08-Feb 2pm,3125.325
926,3,Tamil Nadu - 2026,08-Feb 2pm,3125.325
926,4,Tamil Nadu - 2026,08-Feb 2pm,3125.325
927,1,Tamil Nadu - 2026,08-Feb 3pm,3208.1575
927,2,Tamil Nadu - 2026,08-Feb 3pm,3208.1575
927,3,Tamil Nadu - 2026,08-Feb 3pm,3208.1575
927,4,Tamil Nadu - 2026,08-Feb 3pm,3208.1575
928,1,Tamil Nadu - 2026,08-Feb 4pm,3418.37
928,2,Tamil Nadu - 2026,08-Feb 4pm,3418.37
928,3,Tamil Nadu - 2026,08-Feb 4pm,3418.37
928,4,Tamil Nadu - 2026,08-Feb 4pm,3418.37
929,1,Tamil Nadu - 2026,08-Feb 5pm,3665.5425
929,2,Tamil Nadu - 2026,08-Feb 5pm,3665.5425
929,3,Tamil Nadu - 2026,08-Feb 5pm,3665.5425
929,4,Tamil Nadu - 2026,08-Feb 5pm,3665.5425
930,1,Tamil Nadu - 2026,08-Feb 6pm,3724.45
930,2,Tamil Nadu - 2026,08-Feb 6pm,3724.45
930,3,Tamil Nadu - 2026,08-Feb 6pm,3724.45
930,4,Tamil Nadu - 2026,08-Feb 6pm,3724.45
931,1,Tamil Nadu - 2026,08-Feb 7pm,3725.87
931,2,Tamil Nadu - 2026,08-Feb 7pm,3725.87
931,3,Tamil Nadu - 2026,08-Feb 7pm,3725.87
931,4,Tamil Nadu - 2026,08-Feb 7pm,3725.87
932,1,Tamil Nadu - 2026,08-Feb 8pm,3564.1175
932,2,Tamil Nadu - 2026,08-Feb 8pm,3564.1175
932,3,Tamil Nadu - 2026,08-Feb 8pm,3564.1175
932,4,Tamil Nadu - 2026,08-Feb 8pm,3564.1175
933,1,Tamil Nadu - 2026,08-Feb 9pm,3414.145
933,2,Tamil Nadu - 2026,08-Feb 9pm,3414.145
933,3,Tamil Nadu - 2026,08-Feb 9pm,3414.145
933,4,Tamil Nadu - 2026,08-Feb 9pm,3414.145
934,1,Tamil Nadu - 2026,08-Feb 10pm,3276.6425
934,2,Tamil Nadu - 2026,08-Feb 10pm,3276.6425
934,3,Tamil Nadu - 2026,08-Feb 10pm,3276.6425
934,4,Tamil Nadu - 2026,08-Feb 10pm,3276.6425
935,1,Tamil Nadu - 2026,08-Feb 11pm,3096.68
935,2,Tamil Nadu - 2026,08-Feb 11pm,3096.68
935,3,Tamil Nadu - 2026,08-Feb 11pm,3096.68
935,4,Tamil Nadu - 2026,08-Feb 11pm,3096.68
936,1,Tamil Nadu - 2026,09-Feb 12am,3051.06
936,2,Tamil Nadu - 2026,09-Feb 12am,3051.06
936,3,Tamil Nadu - 2026,09-Feb 12am,3051.06
936,4,Tamil Nadu - 2026,09-Feb 12am,3051.06
937,1,Tamil Nadu - 2026,09-Feb 1am,3027.8125
937,2,Tamil Nadu - 2026,09-Feb 1am,3027.8125
937,3,Tamil Nadu - 2026,09-Feb 1am,3027.8125
937,4,Tamil Nadu - 2026,09-Feb 1am,3027.8125
938,1,Tamil Nadu - 2026,09-Feb 2am,3050.3725
938,2,Tamil Nadu - 2026,09-Feb 2am,3050.3725
938,3,Tamil Nadu - 2026,09-Feb 2am,3050.3725
938,4,Tamil Nadu - 2026,09-Feb 2am,3050.3725
939,1,Tamil Nadu - 2026,09-Feb 3am,3017.5275
939,2,Tamil Nadu - 2026,09-Feb 3am,3017.5275
939,3,Tamil Nadu - 2026,09-Feb 3am,3017.5275
939,4,Tamil Nadu - 2026,09-Feb 3am,3017.5275
940,1,Tamil Nadu - 2026,09-Feb 4am,3013.97
940,2,Tamil Nadu - 2026,09-Feb 4am,3013.97
940,3,Tamil Nadu - 2026,09-Feb 4am,3013.97
940,4,Tamil Nadu - 2026,09-Feb 4am,3013.97
941,1,Tamil Nadu - 2026,09-Feb 5am,3121.43
941,2,Tamil Nadu - 2026,09-Feb 5am,3121.43
941,3,Tamil Nadu - 2026,09-Feb 5am,3121.43
941,4,Tamil Nadu - 2026,09-Feb 5am,3121.43
942,1,Tamil Nadu - 2026,09-Feb 6am,3341.6975
942,2,Tamil Nadu - 2026,09-Feb 6am,3341.6975
942,3,Tamil Nadu - 2026,09-Feb 6am,3341.6975
942,4,Tamil Nadu - 2026,09-Feb 6am,3341.6975
943,1,Tamil Nadu - 2026,09-Feb 7am,3992.58
943,2,Tamil Nadu - 2026,09-Feb 7am,3992.58
943,3,Tamil Nadu - 2026,09-Feb 7am,3992.58
943,4,Tamil Nadu - 2026,09-Feb 7am,3992.58
944,1,Tamil Nadu - 2026,09-Feb 8am,4169.6175
944,2,Tamil Nadu - 2026,09-Feb 8am,4169.6175
944,3,Tamil Nadu - 2026,09-Feb 8am,4169.6175
944,4,Tamil Nadu - 2026,09-Feb 8am,4169.6175
945,1,Tamil Nadu - 2026,09-Feb 9am,4097.84
945,2,Tamil Nadu - 2026,09-Feb 9am,4097.84
945,3,Tamil Nadu - 2026,09-Feb 9am,4097.84
945,4,Tamil Nadu - 2026,09-Feb 9am,4097.84
946,1,Tamil Nadu - 2026,09-Feb 10am,3887.44
946,2,Tamil Nadu - 2026,09-Feb 10am,3887.44
946,3,Tamil Nadu - 2026,09-Feb 10am,3887.44
946,4,Tamil Nadu - 2026,09-Feb 10am,3887.44
947,1,Tamil Nadu - 2026,09-Feb 11am,3872.935
947,2,Tamil Nadu - 2026,09-Feb 11am,3872.935
947,3,Tamil Nadu - 2026,09-Feb 11am,3872.935
947,4,Tamil Nadu - 2026,09-Feb 11am,3872.935
948,1,Tamil Nadu - 2026,09-Feb 12pm,3756.5175
948,2,Tamil Nadu - 2026,09-Feb 12pm,3756.5175
948,3,Tamil Nadu - 2026,09-Feb 12pm,3756.5175
948,4,Tamil Nadu - 2026,09-Feb 12pm,3756.5175
949,1,Tamil Nadu - 2026,09-Feb 1pm,3810.1625
949,2,Tamil Nadu - 2026,09-Feb 1pm,3810.1625
949,3,Tamil Nadu - 2026,09-Feb 1pm,3810.1625
949,4,Tamil Nadu - 2026,09-Feb 1pm,3810.1625
950,1,Tamil Nadu - 2026,09-Feb 2pm,3719.235
950,2,Tamil Nadu - 2026,09-Feb 2pm,3719.235
950,3,Tamil Nadu - 2026,09-Feb 2pm,3719.235
950,4,Tamil Nadu - 2026,09-Feb 2pm,3719.235
951,1,Tamil Nadu - 2026,09-Feb 3pm,3858.5575
951,2,Tamil Nadu - 2026,09-Feb 3pm,3858.5575
951,3,Tamil Nadu - 2026,09-Feb 3pm,3858.5575
951,4,Tamil Nadu - 2026,09-Feb 3pm,3858.5575
952,1,Tamil Nadu - 2026,09-Feb 4pm,4100.1075
952,2,Tamil Nadu - 2026,09-Feb 4pm,4100.1075
952,3,Tamil Nadu - 2026,09-Feb 4pm,4100.1075
952,4,Tamil Nadu - 2026,09-Feb 4pm,4100.1075
953,1,Tamil Nadu - 2026,09-Feb 5pm,4393.1825
953,2,Tamil Nadu - 2026,09-Feb 5pm,4393.1825
953,3,Tamil Nadu - 2026,09-Feb 5pm,4393.1825
953,4,Tamil Nadu - 2026,09-Feb 5pm,4393.1825
954,1,Tamil Nadu - 2026,09-Feb 6pm,4387.7325
954,2,Tamil Nadu - 2026,09-Feb 6pm,4387.7325
954,3,Tamil Nadu - 2026,09-Feb 6pm,4387.7325
954,4,Tamil Nadu - 2026,09-Feb 6pm,4387.7325
955,1,Tamil Nadu - 2026,09-Feb 7pm,4324.7425
955,2,Tamil Nadu - 2026,09-Feb 7pm,4324.7425
955,3,Tamil Nadu - 2026,09-Feb 7pm,4324.7425
955,4,Tamil Nadu - 2026,09-Feb 7pm,4324.7425
956,1,Tamil Nadu - 2026,09-Feb 8pm,4080.8075
956,2,Tamil Nadu - 2026,09-Feb 8pm,4080.8075
956,3,Tamil Nadu - 2026,09-Feb 8pm,4080.8075
956,4,Tamil Nadu - 2026,09-Feb 8pm,4080.8075
957,1,Tamil Nadu - 2026,09-Feb 9pm,3863.16
957,2,Tamil Nadu - 2026,09-Feb 9pm,3863.16
957,3,Tamil Nadu - 2026,09-Feb 9pm,3863.16
957,4,Tamil Nadu - 2026,09-Feb 9pm,3863.16
958,1,Tamil Nadu - 2026,09-Feb 10pm,3682.9175
958,2,Tamil Nadu - 2026,09-Feb 10pm,3682.9175
958,3,Tamil Nadu - 2026,09-Feb 10pm,3682.9175
958,4,Tamil Nadu - 2026,09-Feb 10pm,3682.9175
959,1,Tamil Nadu - 2026,09-Feb 11pm,3510.095
959,2,Tamil Nadu - 2026,09-Feb 11pm,3510.095
959,3,Tamil Nadu - 2026,09-Feb 11pm,3510.095
959,4,Tamil Nadu - 2026,09-Feb 11pm,3510.095
960,1,Tamil Nadu - 2026,10-Feb 12am,3384.955
960,2,Tamil Nadu - 2026,10-Feb 12am,3384.955
960,3,Tamil Nadu - 2026,10-Feb 12am,3384.955
960,4,Tamil Nadu - 2026,10-Feb 12am,3384.955
961,1,Tamil Nadu - 2026,10-Feb 1am,3344.7025
961,2,Tamil Nadu - 2026,10-Feb 1am,3344.7025
961,3,Tamil Nadu - 2026,10-Feb 1am,3344.7025
961,4,Tamil Nadu - 2026,10-Feb 1am,3344.7025
962,1,Tamil Nadu - 2026,10-Feb 2am,3315.285
962,2,Tamil Nadu - 2026,10-Feb 2am,3315.285
962,3,Tamil Nadu - 2026,10-Feb 2am,3315.285
962,4,Tamil Nadu - 2026,10-Feb 2am,3315.285
963,1,Tamil Nadu - 2026,10-Feb 3am,3273.785
963,2,Tamil Nadu - 2026,10-Feb 3am,3273.785
963,3,Tamil Nadu - 2026,10-Feb 3am,3273.785
963,4,Tamil Nadu - 2026,10-Feb 3am,3273.785
964,1,Tamil Nadu - 2026,10-Feb 4am,3275.915
964,2,Tamil Nadu - 2026,10-Feb 4am,3275.915
964,3,Tamil Nadu - 2026,10-Feb 4am,3275.915
964,4,Tamil Nadu - 2026,10-Feb 4am,3275.915
965,1,Tamil Nadu - 2026,10-Feb 5am,3314.6575
965,2,Tamil Nadu - 2026,10-Feb 5am,3314.6575
965,3,Tamil Nadu - 2026,10-Feb 5am,3314.6575
965,4,Tamil Nadu - 2026,10-Feb 5am,3314.6575
966,1,Tamil Nadu - 2026,10-Feb 6am,3553.7625
966,2,Tamil Nadu - 2026,10-Feb 6am,3553.7625
966,3,Tamil Nadu - 2026,10-Feb 6am,3553.7625
966,4,Tamil Nadu - 2026,10-Feb 6am,3553.7625
967,1,Tamil Nadu - 2026,10-Feb 7am,4205.4925
967,2,Tamil Nadu - 2026,10-Feb 7am,4205.4925
967,3,Tamil Nadu - 2026,10-Feb 7am,4205.4925
967,4,Tamil Nadu - 2026,10-Feb 7am,4205.4925
968,1,Tamil Nadu - 2026,10-Feb 8am,4448.4875
968,2,Tamil Nadu - 2026,10-Feb 8am,4448.4875
968,3,Tamil Nadu - 2026,10-Feb 8am,4448.4875
968,4,Tamil Nadu - 2026,10-Feb 8am,4448.4875
969,1,Tamil Nadu - 2026,10-Feb 9am,4175.9725
969,2,Tamil Nadu - 2026,10-Feb 9am,4175.9725
969,3,Tamil Nadu - 2026,10-Feb 9am,4175.9725
969,4,Tamil Nadu - 2026,10-Feb 9am,4175.9725
970,1,Tamil Nadu - 2026,10-Feb 10am,4037.6925
970,2,Tamil Nadu - 2026,10-Feb 10am,4037.6925
970,3,Tamil Nadu - 2026,10-Feb 10am,4037.6925
970,4,Tamil Nadu - 2026,10-Feb 10am,4037.6925
971,1,Tamil Nadu - 2026,10-Feb 11am,3940.6475
971,2,Tamil Nadu - 2026,10-Feb 11am,3940.6475
971,3,Tamil Nadu - 2026,10-Feb 11am,3940.6475
971,4,Tamil Nadu - 2026,10-Feb 11am,3940.6475
972,1,Tamil Nadu - 2026,10-Feb 12pm,3904.43
972,2,Tamil Nadu - 2026,10-Feb 12pm,3904.43
972,3,Tamil Nadu - 2026,10-Feb 12pm,3904.43
972,4,Tamil Nadu - 2026,10-Feb 12pm,3904.43
973,1,Tamil Nadu - 2026,10-Feb 1pm,3822.6575
973,2,Tamil Nadu - 2026,10-Feb 1pm,3822.6575
973,3,Tamil Nadu - 2026,10-Feb 1pm,3822.6575
973,4,Tamil Nadu - 2026,10-Feb 1pm,3822.6575
974,1,Tamil Nadu - 2026,10-Feb 2pm,3724.0675
974,2,Tamil Nadu - 2026,10-Feb 2pm,3724.0675
974,3,Tamil Nadu - 2026,10-Feb 2pm,3724.0675
974,4,Tamil Nadu - 2026,10-Feb 2pm,3724.0675
975,1,Tamil Nadu - 2026,10-Feb 3pm,3907.3575
975,2,Tamil Nadu - 2026,10-Feb 3pm,3907.3575
975,3,Tamil Nadu - 2026,10-Feb 3pm,3907.3575
975,4,Tamil Nadu - 2026,10-Feb 3pm,3907.3575
976,1,Tamil Nadu - 2026,10-Feb 4pm,4083.9875
976,2,Tamil Nadu - 2026,10-Feb 4pm,4083.9875
976,3,Tamil Nadu - 2026,10-Feb 4pm,4083.9875
976,4,Tamil Nadu - 2026,10-Feb 4pm,4083.9875
977,1,Tamil Nadu - 2026,10-Feb 5pm,4347.4925
977,2,Tamil Nadu - 2026,10-Feb 5pm,4347.4925
977,3,Tamil Nadu - 2026,10-Feb 5pm,4347.4925
977,4,Tamil Nadu - 2026,10-Feb 5pm,4347.4925
978,1,Tamil Nadu - 2026,10-Feb 6pm,4275.8275
978,2,Tamil Nadu - 2026,10-Feb 6pm,4275.8275
978,3,Tamil Nadu - 2026,10-Feb 6pm,4275.8275
978,4,Tamil Nadu - 2026,10-Feb 6pm,4275.8275
979,1,Tamil Nadu - 2026,10-Feb 7pm,4280.2475
979,2,Tamil Nadu - 2026,10-Feb 7pm,4280.2475
979,3,Tamil Nadu - 2026,10-Feb 7pm,4280.2475
979,4,Tamil Nadu - 2026,10-Feb 7pm,4280.2475
980,1,Tamil Nadu - 2026,10-Feb 8pm,4012.3675
980,2,Tamil Nadu - 2026,10-Feb 8pm,4012.3675
980,3,Tamil Nadu - 2026,10-Feb 8pm,4012.3675
980,4,Tamil Nadu - 2026,10-Feb 8pm,4012.3675
981,1,Tamil Nadu - 2026,10-Feb 9pm,3806.63
981,2,Tamil Nadu - 2026,10-Feb 9pm,3806.63
981,3,Tamil Nadu - 2026,10-Feb 9pm,3806.63
981,4,Tamil Nadu - 2026,10-Feb 9pm,3806.63
982,1,Tamil Nadu - 2026,10-Feb 10pm,3587.62
982,2,Tamil Nadu - 2026,10-Feb 10pm,3587.62
982,3,Tamil Nadu - 2026,10-Feb 10pm,3587.62
982,4,Tamil Nadu - 2026,10-Feb 10pm,3587.62
983,1,Tamil Nadu - 2026,10-Feb 11pm,3391.8775
983,2,Tamil Nadu - 2026,10-Feb 11pm,3391.8775
983,3,Tamil Nadu - 2026,10-Feb 11pm,3391.8775
983,4,Tamil Nadu - 2026,10-Feb 11pm,3391.8775
984,1,Tamil Nadu - 2026,11-Feb 12am,3266.25
984,2,Tamil Nadu - 2026,11-Feb 12am,3266.25
984,3,Tamil Nadu - 2026,11-Feb 12am,3266.25
984,4,Tamil Nadu - 2026,11-Feb 12am,3266.25
985,1,Tamil Nadu - 2026,11-Feb 1am,3290.32
985,2,Tamil Nadu - 2026,11-Feb 1am,3290.32
985,3,Tamil Nadu - 2026,11-Feb 1am,3290.32
985,4,Tamil Nadu - 2026,11-Feb 1am,3290.32
986,1,Tamil Nadu - 2026,11-Feb 2am,3236.295
986,2,Tamil Nadu - 2026,11-Feb 2am,3236.295
986,3,Tamil Nadu - 2026,11-Feb 2am,3236.295
986,4,Tamil Nadu - 2026,11-Feb 2am,3236.295
987,1,Tamil Nadu - 2026,11-Feb 3am,3188.27
987,2,Tamil Nadu - 2026,11-Feb 3am,3188.27
987,3,Tamil Nadu - 2026,11-Feb 3am,3188.27
987,4,Tamil Nadu - 2026,11-Feb 3am,3188.27
988,1,Tamil Nadu - 2026,11-Feb 4am,3195.005
988,2,Tamil Nadu - 2026,11-Feb 4am,3195.005
988,3,Tamil Nadu - 2026,11-Feb 4am,3195.005
988,4,Tamil Nadu - 2026,11-Feb 4am,3195.005
989,1,Tamil Nadu - 2026,11-Feb 5am,3221.41
989,2,Tamil Nadu - 2026,11-Feb 5am,3221.41
989,3,Tamil Nadu - 2026,11-Feb 5am,3221.41
989,4,Tamil Nadu - 2026,11-Feb 5am,3221.41
990,1,Tamil Nadu - 2026,11-Feb 6am,3526.935
990,2,Tamil Nadu - 2026,11-Feb 6am,3526.935
990,3,Tamil Nadu - 2026,11-Feb 6am,3526.935
990,4,Tamil Nadu - 2026,11-Feb 6am,3526.935
991,1,Tamil Nadu - 2026,11-Feb 7am,4222.7
991,2,Tamil Nadu - 2026,11-Feb 7am,4222.7
991,3,Tamil Nadu - 2026,11-Feb 7am,4222.7
991,4,Tamil Nadu - 2026,11-Feb 7am,4222.7
992,1,Tamil Nadu - 2026,11-Feb 8am,4384.7575
992,2,Tamil Nadu - 2026,11-Feb 8am,4384.7575
992,3,Tamil Nadu - 2026,11-Feb 8am,4384.7575
992,4,Tamil Nadu - 2026,11-Feb 8am,4384.7575
993,1,Tamil Nadu - 2026,11-Feb 9am,4086.0225
993,2,Tamil Nadu - 2026,11-Feb 9am,4086.0225
993,3,Tamil Nadu - 2026,11-Feb 9am,4086.0225
993,4,Tamil Nadu - 2026,11-Feb 9am,4086.0225
994,1,Tamil Nadu - 2026,11-Feb 10am,3998.35
994,2,Tamil Nadu - 2026,11-Feb 10am,3998.35
994,3,Tamil Nadu - 2026,11-Feb 10am,3998.35
994,4,Tamil Nadu - 2026,11-Feb 10am,3998.35
995,1,Tamil Nadu - 2026,11-Feb 11am,3921.465
995,2,Tamil Nadu - 2026,11-Feb 11am,3921.465
995,3,Tamil Nadu - 2026,11-Feb 11am,3921.465
995,4,Tamil Nadu - 2026,11-Feb 11am,3921.465
996,1,Tamil Nadu - 2026,11-Feb 12pm,3825.6225
996,2,Tamil Nadu - 2026,11-Feb 12pm,3825.6225
996,3,Tamil Nadu - 2026,11-Feb 12pm,3825.6225
996,4,Tamil Nadu - 2026,11-Feb 12pm,3825.6225
997,1,Tamil Nadu - 2026,11-Feb 1pm,3604.1475
997,2,Tamil Nadu - 2026,11-Feb 1pm,3604.1475
997,3,Tamil Nadu - 2026,11-Feb 1pm,3604.1475
997,4,Tamil Nadu - 2026,11-Feb 1pm,3604.1475
998,1,Tamil Nadu - 2026,11-Feb 2pm,3625.875
998,2,Tamil Nadu - 2026,11-Feb 2pm,3625.875
998,3,Tamil Nadu - 2026,11-Feb 2pm,3625.875
998,4,Tamil Nadu - 2026,11-Feb 2pm,3625.875
999,1,Tamil Nadu - 2026,11-Feb 3pm,3867.6775
999,2,Tamil Nadu - 2026,11-Feb 3pm,3867.6775
999,3,Tamil Nadu - 2026,11-Feb 3pm,3867.6775
999,4,Tamil Nadu - 2026,11-Feb 3pm,3867.6775
1000,1,Tamil Nadu - 2026,11-Feb 4pm,4054.52
1000,2,Tamil Nadu - 2026,11-Feb 4pm,4054.52
1000,3,Tamil Nadu - 2026,11-Feb 4pm,4054.52
1000,4,Tamil Nadu - 2026,11-Feb 4pm,4054.52
1001,1,Tamil Nadu - 2026,11-Feb 5pm,4332.4475
1001,2,Tamil Nadu - 2026,11-Feb 5pm,4332.4475
1001,3,Tamil Nadu - 2026,11-Feb 5pm,4332.4475
1001,4,Tamil Nadu - 2026,11-Feb 5pm,4332.4475
1002,1,Tamil Nadu - 2026,11-Feb 6pm,4258.13
1002,2,Tamil Nadu - 2026,11-Feb 6pm,4258.13
1002,3,Tamil Nadu - 2026,11-Feb 6pm,4258.13
1002,4,Tamil Nadu - 2026,11-Feb 6pm,4258.13
1003,1,Tamil Nadu - 2026,11-Feb 7pm,4267.67
1003,2,Tamil Nadu - 2026,11-Feb 7pm,4267.67
1003,3,Tamil Nadu - 2026,11-Feb 7pm,4267.67
1003,4,Tamil Nadu - 2026,11-Feb 7pm,4267.67
1004,1,Tamil Nadu - 2026,11-Feb 8pm,4012.7675
1004,2,Tamil Nadu - 2026,11-Feb 8pm,4012.7675
1004,3,Tamil Nadu - 2026,11-Feb 8pm,4012.7675
1004,4,Tamil Nadu - 2026,11-Feb 8pm,4012.7675
1005,1,Tamil Nadu - 2026,11-Feb 9pm,3811.7875
1005,2,Tamil Nadu - 2026,11-Feb 9pm,3811.7875
1005,3,Tamil Nadu - 2026,11-Feb 9pm,3811.7875
1005,4,Tamil Nadu - 2026,11-Feb 9pm,3811.7875
1006,1,Tamil Nadu - 2026,11-Feb 10pm,3582.62
1006,2,Tamil Nadu - 2026,11-Feb 10pm,3582.62
1006,3,Tamil Nadu - 2026,11-Feb 10pm,3582.62
1006,4,Tamil Nadu - 2026,11-Feb 10pm,3582.62
1007,1,Tamil Nadu - 2026,11-Feb 11pm,3337.995
1007,2,Tamil Nadu - 2026,11-Feb 11pm,3337.995
1007,3,Tamil Nadu - 2026,11-Feb 11pm,3337.995
1007,4,Tamil Nadu - 2026,11-Feb 11pm,3337.995
1008,1,Tamil Nadu - 2026,12-Feb 12am,3207.5925
1008,2,Tamil Nadu - 2026,12-Feb 12am,3207.5925
1008,3,Tamil Nadu - 2026,12-Feb 12am,3207.5925
1008,4,Tamil Nadu - 2026,12-Feb 12am,3207.5925
1009,1,Tamil Nadu - 2026,12-Feb 1am,3212.3425
1009,2,Tamil Nadu - 2026,12-Feb 1am,3212.3425
1009,3,Tamil Nadu - 2026,12-Feb 1am,3212.3425
1009,4,Tamil Nadu - 2026,12-Feb 1am,3212.3425
1010,1,Tamil Nadu - 2026,12-Feb 2am,3159.56
1010,2,Tamil Nadu - 2026,12-Feb 2am,3159.56
1010,3,Tamil Nadu - 2026,12-Feb 2am,3159.56
1010,4,Tamil Nadu - 2026,12-Feb 2am,3159.56
1011,1,Tamil Nadu - 2026,12-Feb 3am,3170.595
1011,2,Tamil Nadu - 2026,12-Feb 3am,3170.595
1011,3,Tamil Nadu - 2026,12-Feb 3am,3170.595
1011,4,Tamil Nadu - 2026,12-Feb 3am,3170.595
1012,1,Tamil Nadu - 2026,12-Feb 4am,3195.1925
1012,2,Tamil Nadu - 2026,12-Feb 4am,3195.1925
1012,3,Tamil Nadu - 2026,12-Feb 4am,3195.1925
1012,4,Tamil Nadu - 2026,12-Feb 4am,3195.1925
1013,1,Tamil Nadu - 2026,12-Feb 5am,3222.795
1013,2,Tamil Nadu - 2026,12-Feb 5am,3222.795
1013,3,Tamil Nadu - 2026,12-Feb 5am,3222.795
1013,4,Tamil Nadu - 2026,12-Feb 5am,3222.795
1014,1,Tamil Nadu - 2026,12-Feb 6am,3509.9925
1014,2,Tamil Nadu - 2026,12-Feb 6am,3509.9925
1014,3,Tamil Nadu - 2026,12-Feb 6am,3509.9925
1014,4,Tamil Nadu - 2026,12-Feb 6am,3509.9925
1015,1,Tamil Nadu - 2026,12-Feb 7am,4217.895
1015,2,Tamil Nadu - 2026,12-Feb 7am,4217.895
1015,3,Tamil Nadu - 2026,12-Feb 7am,4217.895
1015,4,Tamil Nadu - 2026,12-Feb 7am,4217.895
1016,1,Tamil Nadu - 2026,12-Feb 8am,4361.43
1016,2,Tamil Nadu - 2026,12-Feb 8am,4361.43
1016,3,Tamil Nadu - 2026,12-Feb 8am,4361.43
1016,4,Tamil Nadu - 2026,12-Feb 8am,4361.43
1017,1,Tamil Nadu - 2026,12-Feb 9am,3852.955
1017,2,Tamil Nadu - 2026,12-Feb 9am,3852.955
1017,3,Tamil Nadu - 2026,12-Feb 9am,3852.955
1017,4,Tamil Nadu - 2026,12-Feb 9am,3852.955
1018,1,Tamil Nadu - 2026,12-Feb 10am,3961.8975
1018,2,Tamil Nadu - 2026,12-Feb 10am,3961.8975
1018,3,Tamil Nadu - 2026,12-Feb 10am,3961.8975
1018,4,Tamil Nadu - 2026,12-Feb 10am,3961.8975
1019,1,Tamil Nadu - 2026,12-Feb 11am,3899.2375
1019,2,Tamil Nadu - 2026,12-Feb 11am,3899.2375
1019,3,Tamil Nadu - 2026,12-Feb 11am,3899.2375
1019,4,Tamil Nadu - 2026,12-Feb 11am,3899.2375
1020,1,Tamil Nadu - 2026,12-Feb 12pm,3837.625
1020,2,Tamil Nadu - 2026,12-Feb 12pm,3837.625
1020,3,Tamil Nadu - 2026,12-Feb 12pm,3837.625
1020,4,Tamil Nadu - 2026,12-Feb 12pm,3837.625
1021,1,Tamil Nadu - 2026,12-Feb 1pm,3731.4925
1021,2,Tamil Nadu - 2026,12-Feb 1pm,3731.4925
1021,3,Tamil Nadu - 2026,12-Feb 1pm,3731.4925
1021,4,Tamil Nadu - 2026,12-Feb 1pm,3731.4925
1022,1,Tamil Nadu - 2026,12-Feb 2pm,3676.43
1022,2,Tamil Nadu - 2026,12-Feb 2pm,3676.43
1022,3,Tamil Nadu - 2026,12-Feb 2pm,3676.43
1022,4,Tamil Nadu - 2026,12-Feb 2pm,3676.43
1023,1,Tamil Nadu - 2026,12-Feb 3pm,3943.5025
1023,2,Tamil Nadu - 2026,12-Feb 3pm,3943.5025
1023,3,Tamil Nadu - 2026,12-Feb 3pm,3943.5025
1023,4,Tamil Nadu - 2026,12-Feb 3pm,3943.5025
1024,1,Tamil Nadu - 2026,12-Feb 4pm,4154.285
1024,2,Tamil Nadu - 2026,12-Feb 4pm,4154.285
1024,3,Tamil Nadu - 2026,12-Feb 4pm,4154.285
1024,4,Tamil Nadu - 2026,12-Feb 4pm,4154.285
1025,1,Tamil Nadu - 2026,12-Feb 5pm,4480.1475
1025,2,Tamil Nadu - 2026,12-Feb 5pm,4480.1475
1025,3,Tamil Nadu - 2026,12-Feb 5pm,4480.1475
1025,4,Tamil Nadu - 2026,12-Feb 5pm,4480.1475
1026,1,Tamil Nadu - 2026,12-Feb 6pm,4432.3425
1026,2,Tamil Nadu - 2026,12-Feb 6pm,4432.3425
1026,3,Tamil Nadu - 2026,12-Feb 6pm,4432.3425
1026,4,Tamil Nadu - 2026,12-Feb 6pm,4432.3425
1027,1,Tamil Nadu - 2026,12-Feb 7pm,4410.8575
1027,2,Tamil Nadu - 2026,12-Feb 7pm,4410.8575
1027,3,Tamil Nadu - 2026,12-Feb 7pm,4410.8575
1027,4,Tamil Nadu - 2026,12-Feb 7pm,4410.8575
1028,1,Tamil Nadu - 2026,12-Feb 8pm,4113.8925
1028,2,Tamil Nadu - 2026,12-Feb 8pm,4113.8925
1028,3,Tamil Nadu - 2026,12-Feb 8pm,4113.8925
1028,4,Tamil Nadu - 2026,12-Feb 8pm,4113.8925
1029,1,Tamil Nadu - 2026,12-Feb 9pm,3907.5925
1029,2,Tamil Nadu - 2026,12-Feb 9pm,3907.5925
1029,3,Tamil Nadu - 2026,12-Feb 9pm,3907.5925
1029,4,Tamil Nadu - 2026,12-Feb 9pm,3907.5925
1030,1,Tamil Nadu - 2026,12-Feb 10pm,3691.08
1030,2,Tamil Nadu - 2026,12-Feb 10pm,3691.08
1030,3,Tamil Nadu - 2026,12-Feb 10pm,3691.08
1030,4,Tamil Nadu - 2026,12-Feb 10pm,3691.08
1031,1,Tamil Nadu - 2026,12-Feb 11pm,3466.8875
1031,2,Tamil Nadu - 2026,12-Feb 11pm,3466.8875
1031,3,Tamil Nadu - 2026,12-Feb 11pm,3466.8875
1031,4,Tamil Nadu - 2026,12-Feb 11pm,3466.8875
1032,1,Tamil Nadu - 2026,13-Feb 12am,3346.675
1032,2,Tamil Nadu - 2026,13-Feb 12am,3346.675
1032,3,Tamil Nadu - 2026,13-Feb 12am,3346.675
1032,4,Tamil Nadu - 2026,13-Feb 12am,3346.675
1033,1,Tamil Nadu - 2026,13-Feb 1am,3314.0325
1033,2,Tamil Nadu - 2026,13-Feb 1am,3314.0325
1033,3,Tamil Nadu - 2026,13-Feb 1am,3314.0325
1033,4,Tamil Nadu - 2026,13-Feb 1am,3314.0325
1034,1,Tamil Nadu - 2026,13-Feb 2am,3302.92
1034,2,Tamil Nadu - 2026,13-Feb 2am,3302.92
1034,3,Tamil Nadu - 2026,13-Feb 2am,3302.92
1034,4,Tamil Nadu - 2026,13-Feb 2am,3302.92
1035,1,Tamil Nadu - 2026,13-Feb 3am,3299.505
1035,2,Tamil Nadu - 2026,13-Feb 3am,3299.505
1035,3,Tamil Nadu - 2026,13-Feb 3am,3299.505
1035,4,Tamil Nadu - 2026,13-Feb 3am,3299.505
1036,1,Tamil Nadu - 2026,13-Feb 4am,3263.955
1036,2,Tamil Nadu - 2026,13-Feb 4am,3263.955
1036,3,Tamil Nadu - 2026,13-Feb 4am,3263.955
1036,4,Tamil Nadu - 2026,13-Feb 4am,3263.955
1037,1,Tamil Nadu - 2026,13-Feb 5am,3359.0025
1037,2,Tamil Nadu - 2026,13-Feb 5am,3359.0025
1037,3,Tamil Nadu - 2026,13-Feb 5am,3359.0025
1037,4,Tamil Nadu - 2026,13-Feb 5am,3359.0025
1038,1,Tamil Nadu - 2026,13-Feb 6am,3662.815
1038,2,Tamil Nadu - 2026,13-Feb 6am,3662.815
1038,3,Tamil Nadu - 2026,13-Feb 6am,3662.815
1038,4,Tamil Nadu - 2026,13-Feb 6am,3662.815
1039,1,Tamil Nadu - 2026,13-Feb 7am,4385.2025
1039,2,Tamil Nadu - 2026,13-Feb 7am,4385.2025
1039,3,Tamil Nadu - 2026,13-Feb 7am,4385.2025
1039,4,Tamil Nadu - 2026,13-Feb 7am,4385.2025
1040,1,Tamil Nadu - 2026,13-Feb 8am,4510.3525
1040,2,Tamil Nadu - 2026,13-Feb 8am,4510.3525
1040,3,Tamil Nadu - 2026,13-Feb 8am,4510.3525
1040,4,Tamil Nadu - 2026,13-Feb 8am,4510.3525
1041,1,Tamil Nadu - 2026,13-Feb 9am,4241.775
1041,2,Tamil Nadu - 2026,13-Feb 9am,4241.775
1041,3,Tamil Nadu - 2026,13-Feb 9am,4241.775
1041,4,Tamil Nadu - 2026,13-Feb 9am,4241.775
1042,1,Tamil Nadu - 2026,13-Feb 10am,4039.46
1042,2,Tamil Nadu - 2026,13-Feb 10am,4039.46
1042,3,Tamil Nadu - 2026,13-Feb 10am,4039.46
1042,4,Tamil Nadu - 2026,13-Feb 10am,4039.46
1043,1,Tamil Nadu - 2026,13-Feb 11am,4011.74
1043,2,Tamil Nadu - 2026,13-Feb 11am,4011.74
1043,3,Tamil Nadu - 2026,13-Feb 11am,4011.74
1043,4,Tamil Nadu - 2026,13-Feb 11am,4011.74
1044,1,Tamil Nadu - 2026,13-Feb 12pm,3930.9975
1044,2,Tamil Nadu - 2026,13-Feb 12pm,3930.9975
1044,3,Tamil Nadu - 2026,13-Feb 12pm,3930.9975
1044,4,Tamil Nadu - 2026,13-Feb 12pm,3930.9975
1045,1,Tamil Nadu - 2026,13-Feb 1pm,3819.8425
1045,2,Tamil Nadu - 2026,13-Feb 1pm,3819.8425
1045,3,Tamil Nadu - 2026,13-Feb 1pm,3819.8425
1045,4,Tamil Nadu - 2026,13-Feb 1pm,3819.8425
1046,1,Tamil Nadu - 2026,13-Feb 2pm,3730.135
1046,2,Tamil Nadu - 2026,13-Feb 2pm,3730.135
1046,3,Tamil Nadu - 2026,13-Feb 2pm,3730.135
1046,4,Tamil Nadu - 2026,13-Feb 2pm,3730.135
1047,1,Tamil Nadu - 2026,13-Feb 3pm,3934.0725
1047,2,Tamil Nadu - 2026,13-Feb 3pm,3934.0725
1047,3,Tamil Nadu - 2026,13-Feb 3pm,3934.0725
1047,4,Tamil Nadu - 2026,13-Feb 3pm,3934.0725
1048,1,Tamil Nadu - 2026,13-Feb 4pm,4142.2825
1048,2,Tamil Nadu - 2026,13-Feb 4pm,4142.2825
1048,3,Tamil Nadu - 2026,13-Feb 4pm,4142.2825
1048,4,Tamil Nadu - 2026,13-Feb 4pm,4142.2825
1049,1,Tamil Nadu - 2026,13-Feb 5pm,4427.9475
1049,2,Tamil Nadu - 2026,13-Feb 5pm,4427.9475
1049,3,Tamil Nadu - 2026,13-Feb 5pm,4427.9475
1049,4,Tamil Nadu - 2026,13-Feb 5pm,4427.9475
1050,1,Tamil Nadu - 2026,13-Feb 6pm,4412.7825
1050,2,Tamil Nadu - 2026,13-Feb 6pm,4412.7825
1050,3,Tamil Nadu - 2026,13-Feb 6pm,4412.7825
1050,4,Tamil Nadu - 2026,13-Feb 6pm,4412.7825
1051,1,Tamil Nadu - 2026,13-Feb 7pm,4420.24
1051,2,Tamil Nadu - 2026,13-Feb 7pm,4420.24
1051,3,Tamil Nadu - 2026,13-Feb 7pm,4420.24
1051,4,Tamil Nadu - 2026,13-Feb 7pm,4420.24
1052,1,Tamil Nadu - 2026,13-Feb 8pm,4207.695
1052,2,Tamil Nadu - 2026,13-Feb 8pm,4207.695
1052,3,Tamil Nadu - 2026,13-Feb 8pm,4207.695
1052,4,Tamil Nadu - 2026,13-Feb 8pm,4207.695
1053,1,Tamil Nadu - 2026,13-Feb 9pm,3936.055
1053,2,Tamil Nadu - 2026,13-Feb 9pm,3936.055
1053,3,Tamil Nadu - 2026,13-Feb 9pm,3936.055
1053,4,Tamil Nadu - 2026,13-Feb 9pm,3936.055
1054,1,Tamil Nadu - 2026,13-Feb 10pm,3709.7025
1054,2,Tamil Nadu - 2026,13-Feb 10pm,3709.7025
1054,3,Tamil Nadu - 2026,13-Feb 10pm,3709.7025
1054,4,Tamil Nadu - 2026,13-Feb 10pm,3709.7025
1055,1,Tamil Nadu - 2026,13-Feb 11pm,3494.105
1055,2,Tamil Nadu - 2026,13-Feb 11pm,3494.105
1055,3,Tamil Nadu - 2026,13-Feb 11pm,3494.105
1055,4,Tamil Nadu - 2026,13-Feb 11pm,3494.105
1056,1,Tamil Nadu - 2026,14-Feb 12am,3386.42
1056,2,Tamil Nadu - 2026,14-Feb 12am,3386.42
1056,3,Tamil Nadu - 2026,14-Feb 12am,3386.42
1056,4,Tamil Nadu - 2026,14-Feb 12am,3386.42
1057,1,Tamil Nadu - 2026,14-Feb 1am,3337.3075
1057,2,Tamil Nadu - 2026,14-Feb 1am,3337.3075
1057,3,Tamil Nadu - 2026,14-Feb 1am,3337.3075
1057,4,Tamil Nadu - 2026,14-Feb 1am,3337.3075
1058,1,Tamil Nadu - 2026,14-Feb 2am,3309.47
1058,2,Tamil Nadu - 2026,14-Feb 2am,3309.47
1058,3,Tamil Nadu - 2026,14-Feb 2am,3309.47
1058,4,Tamil Nadu - 2026,14-Feb 2am,3309.47
1059,1,Tamil Nadu - 2026,14-Feb 3am,3275.0325
1059,2,Tamil Nadu - 2026,14-Feb 3am,3275.0325
1059,3,Tamil Nadu - 2026,14-Feb 3am,3275.0325
1059,4,Tamil Nadu - 2026,14-Feb 3am,3275.0325
1060,1,Tamil Nadu - 2026,14-Feb 4am,3272.175
1060,2,Tamil Nadu - 2026,14-Feb 4am,3272.175
1060,3,Tamil Nadu - 2026,14-Feb 4am,3272.175
1060,4,Tamil Nadu - 2026,14-Feb 4am,3272.175
1061,1,Tamil Nadu - 2026,14-Feb 5am,3299.92
1061,2,Tamil Nadu - 2026,14-Feb 5am,3299.92
1061,3,Tamil Nadu - 2026,14-Feb 5am,3299.92
1061,4,Tamil Nadu - 2026,14-Feb 5am,3299.92
1062,1,Tamil Nadu - 2026,14-Feb 6am,3512.15
1062,2,Tamil Nadu - 2026,14-Feb 6am,3512.15
1062,3,Tamil Nadu - 2026,14-Feb 6am,3512.15
1062,4,Tamil Nadu - 2026,14-Feb 6am,3512.15
1063,1,Tamil Nadu - 2026,14-Feb 7am,4010.165
1063,2,Tamil Nadu - 2026,14-Feb 7am,4010.165
1063,3,Tamil Nadu - 2026,14-Feb 7am,4010.165
1063,4,Tamil Nadu - 2026,14-Feb 7am,4010.165
1064,1,Tamil Nadu - 2026,14-Feb 8am,4236.5975
1064,2,Tamil Nadu - 2026,14-Feb 8am,4236.5975
1064,3,Tamil Nadu - 2026,14-Feb 8am,4236.5975
1064,4,Tamil Nadu - 2026,14-Feb 8am,4236.5975
1065,1,Tamil Nadu - 2026,14-Feb 9am,4179.3875
1065,2,Tamil Nadu - 2026,14-Feb 9am,4179.3875
1065,3,Tamil Nadu - 2026,14-Feb 9am,4179.3875
1065,4,Tamil Nadu - 2026,14-Feb 9am,4179.3875
1066,1,Tamil Nadu - 2026,14-Feb 10am,4055.755
1066,2,Tamil Nadu - 2026,14-Feb 10am,4055.755
1066,3,Tamil Nadu - 2026,14-Feb 10am,4055.755
1066,4,Tamil Nadu - 2026,14-Feb 10am,4055.755
1067,1,Tamil Nadu - 2026,14-Feb 11am,4026.3375
1067,2,Tamil Nadu - 2026,14-Feb 11am,4026.3375
1067,3,Tamil Nadu - 2026,14-Feb 11am,4026.3375
1067,4,Tamil Nadu - 2026,14-Feb 11am,4026.3375
1068,1,Tamil Nadu - 2026,14-Feb 12pm,3915.645
1068,2,Tamil Nadu - 2026,14-Feb 12pm,3915.645
1068,3,Tamil Nadu - 2026,14-Feb 12pm,3915.645
1068,4,Tamil Nadu - 2026,14-Feb 12pm,3915.645
1069,1,Tamil Nadu - 2026,14-Feb 1pm,3793.02
1069,2,Tamil Nadu - 2026,14-Feb 1pm,3793.02
1069,3,Tamil Nadu - 2026,14-Feb 1pm,3793.02
1069,4,Tamil Nadu - 2026,14-Feb 1pm,3793.02
1070,1,Tamil Nadu - 2026,14-Feb 2pm,3794.0525
1070,2,Tamil Nadu - 2026,14-Feb 2pm,3794.0525
1070,3,Tamil Nadu - 2026,14-Feb 2pm,3794.0525
1070,4,Tamil Nadu - 2026,14-Feb 2pm,3794.0525
1071,1,Tamil Nadu - 2026,14-Feb 3pm,3967.5175
1071,2,Tamil Nadu - 2026,14-Feb 3pm,3967.5175
1071,3,Tamil Nadu - 2026,14-Feb 3pm,3967.5175
1071,4,Tamil Nadu - 2026,14-Feb 3pm,3967.5175
1072,1,Tamil Nadu - 2026,14-Feb 4pm,4173.7425
1072,2,Tamil Nadu - 2026,14-Feb 4pm,4173.7425
1072,3,Tamil Nadu - 2026,14-Feb 4pm,4173.7425
1072,4,Tamil Nadu - 2026,14-Feb 4pm,4173.7425
1073,1,Tamil Nadu - 2026,14-Feb 5pm,4379.5075
1073,2,Tamil Nadu - 2026,14-Feb 5pm,4379.5075
1073,3,Tamil Nadu - 2026,14-Feb 5pm,4379.5075
1073,4,Tamil Nadu - 2026,14-Feb 5pm,4379.5075
1074,1,Tamil Nadu - 2026,14-Feb 6pm,4516.555
1074,2,Tamil Nadu - 2026,14-Feb 6pm,4516.555
1074,3,Tamil Nadu - 2026,14-Feb 6pm,4516.555
1074,4,Tamil Nadu - 2026,14-Feb 6pm,4516.555
1075,1,Tamil Nadu - 2026,14-Feb 7pm,4321.39
1075,2,Tamil Nadu - 2026,14-Feb 7pm,4321.39
1075,3,Tamil Nadu - 2026,14-Feb 7pm,4321.39
1075,4,Tamil Nadu - 2026,14-Feb 7pm,4321.39
1076,1,Tamil Nadu - 2026,14-Feb 8pm,4072.17
1076,2,Tamil Nadu - 2026,14-Feb 8pm,4072.17
1076,3,Tamil Nadu - 2026,14-Feb 8pm,4072.17
1076,4,Tamil Nadu - 2026,14-Feb 8pm,4072.17
1077,1,Tamil Nadu - 2026,14-Feb 9pm,3899.775
1077,2,Tamil Nadu - 2026,14-Feb 9pm,3899.775
1077,3,Tamil Nadu - 2026,14-Feb 9pm,3899.775
1077,4,Tamil Nadu - 2026,14-Feb 9pm,3899.775
1078,1,Tamil Nadu - 2026,14-Feb 10pm,3755.49
1078,2,Tamil Nadu - 2026,14-Feb 10pm,3755.49
1078,3,Tamil Nadu - 2026,14-Feb 10pm,3755.49
1078,4,Tamil Nadu - 2026,14-Feb 10pm,3755.49
1079,1,Tamil Nadu - 2026,14-Feb 11pm,3585.29
1079,2,Tamil Nadu - 2026,14-Feb 11pm,3585.29
1079,3,Tamil Nadu - 2026,14-Feb 11pm,3585.29
1079,4,Tamil Nadu - 2026,14-Feb 11pm,3585.29
1080,1,Tamil Nadu - 2026,15-Feb 12am,3471.7825
1080,2,Tamil Nadu - 2026,15-Feb 12am,3471.7825
1080,3,Tamil Nadu - 2026,15-Feb 12am,3471.7825
1080,4,Tamil Nadu - 2026,15-Feb 12am,3471.7825
1081,1,Tamil Nadu - 2026,15-Feb 1am,3419.87
1081,2,Tamil Nadu - 2026,15-Feb 1am,3419.87
1081,3,Tamil Nadu - 2026,15-Feb 1am,3419.87
1081,4,Tamil Nadu - 2026,15-Feb 1am,3419.87
1082,1,Tamil Nadu - 2026,15-Feb 2am,3380.885
1082,2,Tamil Nadu - 2026,15-Feb 2am,3380.885
1082,3,Tamil Nadu - 2026,15-Feb 2am,3380.885
1082,4,Tamil Nadu - 2026,15-Feb 2am,3380.885
1083,1,Tamil Nadu - 2026,15-Feb 3am,3342.695
1083,2,Tamil Nadu - 2026,15-Feb 3am,3342.695
1083,3,Tamil Nadu - 2026,15-Feb 3am,3342.695
1083,4,Tamil Nadu - 2026,15-Feb 3am,3342.695
1084,1,Tamil Nadu - 2026,15-Feb 4am,3318.125
1084,2,Tamil Nadu - 2026,15-Feb 4am,3318.125
1084,3,Tamil Nadu - 2026,15-Feb 4am,3318.125
1084,4,Tamil Nadu - 2026,15-Feb 4am,3318.125
1085,1,Tamil Nadu - 2026,15-Feb 5am,3342.6625
1085,2,Tamil Nadu - 2026,15-Feb 5am,3342.6625
1085,3,Tamil Nadu - 2026,15-Feb 5am,3342.6625
1085,4,Tamil Nadu - 2026,15-Feb 5am,3342.6625
1086,1,Tamil Nadu - 2026,15-Feb 6am,3463.0075
1086,2,Tamil Nadu - 2026,15-Feb 6am,3463.0075
1086,3,Tamil Nadu - 2026,15-Feb 6am,3463.0075
1086,4,Tamil Nadu - 2026,15-Feb 6am,3463.0075
1087,1,Tamil Nadu - 2026,15-Feb 7am,3776.345
1087,2,Tamil Nadu - 2026,15-Feb 7am,3776.345
1087,3,Tamil Nadu - 2026,15-Feb 7am,3776.345
1087,4,Tamil Nadu - 2026,15-Feb 7am,3776.345
1088,1,Tamil Nadu - 2026,15-Feb 8am,3949.46
1088,2,Tamil Nadu - 2026,15-Feb 8am,3949.46
1088,3,Tamil Nadu - 2026,15-Feb 8am,3949.46
1088,4,Tamil Nadu - 2026,15-Feb 8am,3949.46
1089,1,Tamil Nadu - 2026,15-Feb 9am,3836.465
1089,2,Tamil Nadu - 2026,15-Feb 9am,3836.465
1089,3,Tamil Nadu - 2026,15-Feb 9am,3836.465
1089,4,Tamil Nadu - 2026,15-Feb 9am,3836.465
1090,1,Tamil Nadu - 2026,15-Feb 10am,3637.255
1090,2,Tamil Nadu - 2026,15-Feb 10am,3637.255
1090,3,Tamil Nadu - 2026,15-Feb 10am,3637.255
1090,4,Tamil Nadu - 2026,15-Feb 10am,3637.255
1091,1,Tamil Nadu - 2026,15-Feb 11am,3491.3925
1091,2,Tamil Nadu - 2026,15-Feb 11am,3491.3925
1091,3,Tamil Nadu - 2026,15-Feb 11am,3491.3925
1091,4,Tamil Nadu - 2026,15-Feb 11am,3491.3925
1092,1,Tamil Nadu - 2026,15-Feb 12pm,3433.48
1092,2,Tamil Nadu - 2026,15-Feb 12pm,3433.48
1092,3,Tamil Nadu - 2026,15-Feb 12pm,3433.48
1092,4,Tamil Nadu - 2026,15-Feb 12pm,3433.48
1093,1,Tamil Nadu - 2026,15-Feb 1pm,3436.065
1093,2,Tamil Nadu - 2026,15-Feb 1pm,3436.065
1093,3,Tamil Nadu - 2026,15-Feb 1pm,3436.065
1093,4,Tamil Nadu - 2026,15-Feb 1pm,3436.065
1094,1,Tamil Nadu - 2026,15-Feb 2pm,3436.065
1094,2,Tamil Nadu - 2026,15-Feb 2pm,3436.065
1094,3,Tamil Nadu - 2026,15-Feb 2pm,3436.065
1094,4,Tamil Nadu - 2026,15-Feb 2pm,3436.065
1095,1,Tamil Nadu - 2026,15-Feb 3pm,3358.3575
1095,2,Tamil Nadu - 2026,15-Feb 3pm,3358.3575
1095,3,Tamil Nadu - 2026,15-Feb 3pm,3358.3575
1095,4,Tamil Nadu - 2026,15-Feb 3pm,3358.3575
1096,1,Tamil Nadu - 2026,15-Feb 4pm,3566.5
1096,2,Tamil Nadu - 2026,15-Feb 4pm,3566.5
1096,3,Tamil Nadu - 2026,15-Feb 4pm,3566.5
1096,4,Tamil Nadu - 2026,15-Feb 4pm,3566.5
1097,1,Tamil Nadu - 2026,15-Feb 5pm,3852.835
1097,2,Tamil Nadu - 2026,15-Feb 5pm,3852.835
1097,3,Tamil Nadu - 2026,15-Feb 5pm,3852.835
1097,4,Tamil Nadu - 2026,15-Feb 5pm,3852.835
1098,1,Tamil Nadu - 2026,15-Feb 6pm,3884.6225
1098,2,Tamil Nadu - 2026,15-Feb 6pm,3884.6225
1098,3,Tamil Nadu - 2026,15-Feb 6pm,3884.6225
1098,4,Tamil Nadu - 2026,15-Feb 6pm,3884.6225
1099,1,Tamil Nadu - 2026,15-Feb 7pm,3756.935
1099,2,Tamil Nadu - 2026,15-Feb 7pm,3756.935
1099,3,Tamil Nadu - 2026,15-Feb 7pm,3756.935
1099,4,Tamil Nadu - 2026,15-Feb 7pm,3756.935
1100,1,Tamil Nadu - 2026,15-Feb 8pm,3603.7625
1100,2,Tamil Nadu - 2026,15-Feb 8pm,3603.7625
1100,3,Tamil Nadu - 2026,15-Feb 8pm,3603.7625
1100,4,Tamil Nadu - 2026,15-Feb 8pm,3603.7625
1101,1,Tamil Nadu - 2026,15-Feb 9pm,3429.1375
1101,2,Tamil Nadu - 2026,15-Feb 9pm,3429.1375
1101,3,Tamil Nadu - 2026,15-Feb 9pm,3429.1375
1101,4,Tamil Nadu - 2026,15-Feb 9pm,3429.1375
1102,1,Tamil Nadu - 2026,15-Feb 10pm,3300.325
1102,2,Tamil Nadu - 2026,15-Feb 10pm,3300.325
1102,3,Tamil Nadu - 2026,15-Feb 10pm,3300.325
1102,4,Tamil Nadu - 2026,15-Feb 10pm,3300.325
1103,1,Tamil Nadu - 2026,15-Feb 11pm,3185.885
1103,2,Tamil Nadu - 2026,15-Feb 11pm,3185.885
1103,3,Tamil Nadu - 2026,15-Feb 11pm,3185.885
1103,4,Tamil Nadu - 2026,15-Feb 11pm,3185.885
1104,1,Tamil Nadu - 2026,16-Feb 12am,3096.455
1104,2,Tamil Nadu - 2026,16-Feb 12am,3096.455
1104,3,Tamil Nadu - 2026,16-Feb 12am,3096.455
1104,4,Tamil Nadu - 2026,16-Feb 12am,3096.455
1105,1,Tamil Nadu - 2026,16-Feb 1am,3077.515
1105,2,Tamil Nadu - 2026,16-Feb 1am,3077.515
1105,3,Tamil Nadu - 2026,16-Feb 1am,3077.515
1105,4,Tamil Nadu - 2026,16-Feb 1am,3077.515
1106,1,Tamil Nadu - 2026,16-Feb 2am,3046.885
1106,2,Tamil Nadu - 2026,16-Feb 2am,3046.885
1106,3,Tamil Nadu - 2026,16-Feb 2am,3046.885
1106,4,Tamil Nadu - 2026,16-Feb 2am,3046.885
1107,1,Tamil Nadu - 2026,16-Feb 3am,3032.31
1107,2,Tamil Nadu - 2026,16-Feb 3am,3032.31
1107,3,Tamil Nadu - 2026,16-Feb 3am,3032.31
1107,4,Tamil Nadu - 2026,16-Feb 3am,3032.31
1108,1,Tamil Nadu - 2026,16-Feb 4am,3046.5025
1108,2,Tamil Nadu - 2026,16-Feb 4am,3046.5025
1108,3,Tamil Nadu - 2026,16-Feb 4am,3046.5025
1108,4,Tamil Nadu - 2026,16-Feb 4am,3046.5025
1109,1,Tamil Nadu - 2026,16-Feb 5am,3082.4975
1109,2,Tamil Nadu - 2026,16-Feb 5am,3082.4975
1109,3,Tamil Nadu - 2026,16-Feb 5am,3082.4975
1109,4,Tamil Nadu - 2026,16-Feb 5am,3082.4975
1110,1,Tamil Nadu - 2026,16-Feb 6am,3366.065
1110,2,Tamil Nadu - 2026,16-Feb 6am,3366.065
1110,3,Tamil Nadu - 2026,16-Feb 6am,3366.065
1110,4,Tamil Nadu - 2026,16-Feb 6am,3366.065
1111,1,Tamil Nadu - 2026,16-Feb 7am,4038.415
1111,2,Tamil Nadu - 2026,16-Feb 7am,4038.415
1111,3,Tamil Nadu - 2026,16-Feb 7am,4038.415
1111,4,Tamil Nadu - 2026,16-Feb 7am,4038.415
1112,1,Tamil Nadu - 2026,16-Feb 8am,4294.185
1112,2,Tamil Nadu - 2026,16-Feb 8am,4294.185
1112,3,Tamil Nadu - 2026,16-Feb 8am,4294.185
1112,4,Tamil Nadu - 2026,16-Feb 8am,4294.185
1113,1,Tamil Nadu - 2026,16-Feb 9am,4141.6875
1113,2,Tamil Nadu - 2026,16-Feb 9am,4141.6875
1113,3,Tamil Nadu - 2026,16-Feb 9am,4141.6875
1113,4,Tamil Nadu - 2026,16-Feb 9am,4141.6875
1114,1,Tamil Nadu - 2026,16-Feb 10am,4139.2425
1114,2,Tamil Nadu - 2026,16-Feb 10am,4139.2425
1114,3,Tamil Nadu - 2026,16-Feb 10am,4139.2425
1114,4,Tamil Nadu - 2026,16-Feb 10am,4139.2425
1115,1,Tamil Nadu - 2026,16-Feb 11am,3947.7975
1115,2,Tamil Nadu - 2026,16-Feb 11am,3947.7975
1115,3,Tamil Nadu - 2026,16-Feb 11am,3947.7975
1115,4,Tamil Nadu - 2026,16-Feb 11am,3947.7975
1116,1,Tamil Nadu - 2026,16-Feb 12pm,3900.9
1116,2,Tamil Nadu - 2026,16-Feb 12pm,3900.9
1116,3,Tamil Nadu - 2026,16-Feb 12pm,3900.9
1116,4,Tamil Nadu - 2026,16-Feb 12pm,3900.9
1117,1,Tamil Nadu - 2026,16-Feb 1pm,3848.035
1117,2,Tamil Nadu - 2026,16-Feb 1pm,3848.035
1117,3,Tamil Nadu - 2026,16-Feb 1pm,3848.035
1117,4,Tamil Nadu - 2026,16-Feb 1pm,3848.035
1118,1,Tamil Nadu - 2026,16-Feb 2pm,3713.25
1118,2,Tamil Nadu - 2026,16-Feb 2pm,3713.25
1118,3,Tamil Nadu - 2026,16-Feb 2pm,3713.25
1118,4,Tamil Nadu - 2026,16-Feb 2pm,3713.25
1119,1,Tamil Nadu - 2026,16-Feb 3pm,3959.695
1119,2,Tamil Nadu - 2026,16-Feb 3pm,3959.695
1119,3,Tamil Nadu - 2026,16-Feb 3pm,3959.695
1119,4,Tamil Nadu - 2026,16-Feb 3pm,3959.695
1120,1,Tamil Nadu - 2026,16-Feb 4pm,4142.3125
1120,2,Tamil Nadu - 2026,16-Feb 4pm,4142.3125
1120,3,Tamil Nadu - 2026,16-Feb 4pm,4142.3125
1120,4,Tamil Nadu - 2026,16-Feb 4pm,4142.3125
1121,1,Tamil Nadu - 2026,16-Feb 5pm,4411.235
1121,2,Tamil Nadu - 2026,16-Feb 5pm,4411.235
1121,3,Tamil Nadu - 2026,16-Feb 5pm,4411.235
1121,4,Tamil Nadu - 2026,16-Feb 5pm,4411.235
1122,1,Tamil Nadu - 2026,16-Feb 6pm,4395.66
1122,2,Tamil Nadu - 2026,16-Feb 6pm,4395.66
1122,3,Tamil Nadu - 2026,16-Feb 6pm,4395.66
1122,4,Tamil Nadu - 2026,16-Feb 6pm,4395.66
1123,1,Tamil Nadu - 2026,16-Feb 7pm,4305.925
1123,2,Tamil Nadu - 2026,16-Feb 7pm,4305.925
1123,3,Tamil Nadu - 2026,16-Feb 7pm,4305.925
1123,4,Tamil Nadu - 2026,16-Feb 7pm,4305.925
1124,1,Tamil Nadu - 2026,16-Feb 8pm,4073.1925
1124,2,Tamil Nadu - 2026,16-Feb 8pm,4073.1925
1124,3,Tamil Nadu - 2026,16-Feb 8pm,4073.1925
1124,4,Tamil Nadu - 2026,16-Feb 8pm,4073.1925
1125,1,Tamil Nadu - 2026,16-Feb 9pm,3893.7
1125,2,Tamil Nadu - 2026,16-Feb 9pm,3893.7
1125,3,Tamil Nadu - 2026,16-Feb 9pm,3893.7
1125,4,Tamil Nadu - 2026,16-Feb 9pm,3893.7
1126,1,Tamil Nadu - 2026,16-Feb 10pm,3748.74
1126,2,Tamil Nadu - 2026,16-Feb 10pm,3748.74
1126,3,Tamil Nadu - 2026,16-Feb 10pm,3748.74
1126,4,Tamil Nadu - 2026,16-Feb 10pm,3748.74
1127,1,Tamil Nadu - 2026,16-Feb 11pm,3562.4
1127,2,Tamil Nadu - 2026,16-Feb 11pm,3562.4
1127,3,Tamil Nadu - 2026,16-Feb 11pm,3562.4
1127,4,Tamil Nadu - 2026,16-Feb 11pm,3562.4
1128,1,Tamil Nadu - 2026,17-Feb 12am,3444.27
1128,2,Tamil Nadu - 2026,17-Feb 12am,3444.27
1128,3,Tamil Nadu - 2026,17-Feb 12am,3444.27
1128,4,Tamil Nadu - 2026,17-Feb 12am,3444.27
1129,1,Tamil Nadu - 2026,17-Feb 1am,3420.0425
1129,2,Tamil Nadu - 2026,17-Feb 1am,3420.0425
1129,3,Tamil Nadu - 2026,17-Feb 1am,3420.0425
1129,4,Tamil Nadu - 2026,17-Feb 1am,3420.0425
1130,1,Tamil Nadu - 2026,17-Feb 2am,3391.6875
1130,2,Tamil Nadu - 2026,17-Feb 2am,3391.6875
1130,3,Tamil Nadu - 2026,17-Feb 2am,3391.6875
1130,4,Tamil Nadu - 2026,17-Feb 2am,3391.6875
1131,1,Tamil Nadu - 2026,17-Feb 3am,3350.8825
1131,2,Tamil Nadu - 2026,17-Feb 3am,3350.8825
1131,3,Tamil Nadu - 2026,17-Feb 3am,3350.8825
1131,4,Tamil Nadu - 2026,17-Feb 3am,3350.8825
1132,1,Tamil Nadu - 2026,17-Feb 4am,3356.7075
1132,2,Tamil Nadu - 2026,17-Feb 4am,3356.7075
1132,3,Tamil Nadu - 2026,17-Feb 4am,3356.7075
1132,4,Tamil Nadu - 2026,17-Feb 4am,3356.7075
1133,1,Tamil Nadu - 2026,17-Feb 5am,3348.1925
1133,2,Tamil Nadu - 2026,17-Feb 5am,3348.1925
1133,3,Tamil Nadu - 2026,17-Feb 5am,3348.1925
1133,4,Tamil Nadu - 2026,17-Feb 5am,3348.1925
1134,1,Tamil Nadu - 2026,17-Feb 6am,3625.625
1134,2,Tamil Nadu - 2026,17-Feb 6am,3625.625
1134,3,Tamil Nadu - 2026,17-Feb 6am,3625.625
1134,4,Tamil Nadu - 2026,17-Feb 6am,3625.625
1135,1,Tamil Nadu - 2026,17-Feb 7am,4240.6425
1135,2,Tamil Nadu - 2026,17-Feb 7am,4240.6425
1135,3,Tamil Nadu - 2026,17-Feb 7am,4240.6425
1135,4,Tamil Nadu - 2026,17-Feb 7am,4240.6425
1136,1,Tamil Nadu - 2026,17-Feb 8am,4458.7125
1136,2,Tamil Nadu - 2026,17-Feb 8am,4458.7125
1136,3,Tamil Nadu - 2026,17-Feb 8am,4458.7125
1136,4,Tamil Nadu - 2026,17-Feb 8am,4458.7125
1137,1,Tamil Nadu - 2026,17-Feb 9am,4264.365
1137,2,Tamil Nadu - 2026,17-Feb 9am,4264.365
1137,3,Tamil Nadu - 2026,17-Feb 9am,4264.365
1137,4,Tamil Nadu - 2026,17-Feb 9am,4264.365
1138,1,Tamil Nadu - 2026,17-Feb 10am,4119.5175
1138,2,Tamil Nadu - 2026,17-Feb 10am,4119.5175
1138,3,Tamil Nadu - 2026,17-Feb 10am,4119.5175
1138,4,Tamil Nadu - 2026,17-Feb 10am,4119.5175
1139,1,Tamil Nadu - 2026,17-Feb 11am,4007.0125
1139,2,Tamil Nadu - 2026,17-Feb 11am,4007.0125
1139,3,Tamil Nadu - 2026,17-Feb 11am,4007.0125
1139,4,Tamil Nadu - 2026,17-Feb 11am,4007.0125
1140,1,Tamil Nadu - 2026,17-Feb 12pm,3695.395
1140,2,Tamil Nadu - 2026,17-Feb 12pm,3695.395
1140,3,Tamil Nadu - 2026,17-Feb 12pm,3695.395
1140,4,Tamil Nadu - 2026,17-Feb 12pm,3695.395
1141,1,Tamil Nadu - 2026,17-Feb 1pm,3743.78
1141,2,Tamil Nadu - 2026,17-Feb 1pm,3743.78
1141,3,Tamil Nadu - 2026,17-Feb 1pm,3743.78
1141,4,Tamil Nadu - 2026,17-Feb 1pm,3743.78
1142,1,Tamil Nadu - 2026,17-Feb 2pm,3603.5775
1142,2,Tamil Nadu - 2026,17-Feb 2pm,3603.5775
1142,3,Tamil Nadu - 2026,17-Feb 2pm,3603.5775
1142,4,Tamil Nadu - 2026,17-Feb 2pm,3603.5775
1143,1,Tamil Nadu - 2026,17-Feb 3pm,3832.075
1143,2,Tamil Nadu - 2026,17-Feb 3pm,3832.075
1143,3,Tamil Nadu - 2026,17-Feb 3pm,3832.075
1143,4,Tamil Nadu - 2026,17-Feb 3pm,3832.075
1144,1,Tamil Nadu - 2026,17-Feb 4pm,4060.82
1144,2,Tamil Nadu - 2026,17-Feb 4pm,4060.82
1144,3,Tamil Nadu - 2026,17-Feb 4pm,4060.82
1144,4,Tamil Nadu - 2026,17-Feb 4pm,4060.82
1145,1,Tamil Nadu - 2026,17-Feb 5pm,4356.07
1145,2,Tamil Nadu - 2026,17-Feb 5pm,4356.07
1145,3,Tamil Nadu - 2026,17-Feb 5pm,4356.07
1145,4,Tamil Nadu - 2026,17-Feb 5pm,4356.07
1146,1,Tamil Nadu - 2026,17-Feb 6pm,4240.6725
1146,2,Tamil Nadu - 2026,17-Feb 6pm,4240.6725
1146,3,Tamil Nadu - 2026,17-Feb 6pm,4240.6725
1146,4,Tamil Nadu - 2026,17-Feb 6pm,4240.6725
1147,1,Tamil Nadu - 2026,17-Feb 7pm,4239.175
1147,2,Tamil Nadu - 2026,17-Feb 7pm,4239.175
1147,3,Tamil Nadu - 2026,17-Feb 7pm,4239.175
1147,4,Tamil Nadu - 2026,17-Feb 7pm,4239.175
1148,1,Tamil Nadu - 2026,17-Feb 8pm,3992.575
1148,2,Tamil Nadu - 2026,17-Feb 8pm,3992.575
1148,3,Tamil Nadu - 2026,17-Feb 8pm,3992.575
1148,4,Tamil Nadu - 2026,17-Feb 8pm,3992.575
1149,1,Tamil Nadu - 2026,17-Feb 9pm,3798.165
1149,2,Tamil Nadu - 2026,17-Feb 9pm,3798.165
1149,3,Tamil Nadu - 2026,17-Feb 9pm,3798.165
1149,4,Tamil Nadu - 2026,17-Feb 9pm,3798.165
1150,1,Tamil Nadu - 2026,17-Feb 10pm,3624.1775
1150,2,Tamil Nadu - 2026,17-Feb 10pm,3624.1775
1150,3,Tamil Nadu - 2026,17-Feb 10pm,3624.1775
1150,4,Tamil Nadu - 2026,17-Feb 10pm,3624.1775
1151,1,Tamil Nadu - 2026,17-Feb 11pm,3429.9225
1151,2,Tamil Nadu - 2026,17-Feb 11pm,3429.9225
1151,3,Tamil Nadu - 2026,17-Feb 11pm,3429.9225
1151,4,Tamil Nadu - 2026,17-Feb 11pm,3429.9225
1152,1,Tamil Nadu - 2026,18-Feb 12am,3296.945
1152,2,Tamil Nadu - 2026,18-Feb 12am,3296.945
1152,3,Tamil Nadu - 2026,18-Feb 12am,3296.945
1152,4,Tamil Nadu - 2026,18-Feb 12am,3296.945
1153,1,Tamil Nadu - 2026,18-Feb 1am,3264.8225
1153,2,Tamil Nadu - 2026,18-Feb 1am,3264.8225
1153,3,Tamil Nadu - 2026,18-Feb 1am,3264.8225
1153,4,Tamil Nadu - 2026,18-Feb 1am,3264.8225
1154,1,Tamil Nadu - 2026,18-Feb 2am,3250.5825
1154,2,Tamil Nadu - 2026,18-Feb 2am,3250.5825
1154,3,Tamil Nadu - 2026,18-Feb 2am,3250.5825
1154,4,Tamil Nadu - 2026,18-Feb 2am,3250.5825
1155,1,Tamil Nadu - 2026,18-Feb 3am,3199.62
1155,2,Tamil Nadu - 2026,18-Feb 3am,3199.62
1155,3,Tamil Nadu - 2026,18-Feb 3am,3199.62
1155,4,Tamil Nadu - 2026,18-Feb 3am,3199.62
1156,1,Tamil Nadu - 2026,18-Feb 4am,3232.8375
1156,2,Tamil Nadu - 2026,18-Feb 4am,3232.8375
1156,3,Tamil Nadu - 2026,18-Feb 4am,3232.8375
1156,4,Tamil Nadu - 2026,18-Feb 4am,3232.8375
1157,1,Tamil Nadu - 2026,18-Feb 5am,3229.92
1157,2,Tamil Nadu - 2026,18-Feb 5am,3229.92
1157,3,Tamil Nadu - 2026,18-Feb 5am,3229.92
1157,4,Tamil Nadu - 2026,18-Feb 5am,3229.92
1158,1,Tamil Nadu - 2026,18-Feb 6am,3534.9975
1158,2,Tamil Nadu - 2026,18-Feb 6am,3534.9975
1158,3,Tamil Nadu - 2026,18-Feb 6am,3534.9975
1158,4,Tamil Nadu - 2026,18-Feb 6am,3534.9975
1159,1,Tamil Nadu - 2026,18-Feb 7am,4320.785
1159,2,Tamil Nadu - 2026,18-Feb 7am,4320.785
1159,3,Tamil Nadu - 2026,18-Feb 7am,4320.785
1159,4,Tamil Nadu - 2026,18-Feb 7am,4320.785
1160,1,Tamil Nadu - 2026,18-Feb 8am,4545.3775
1160,2,Tamil Nadu - 2026,18-Feb 8am,4545.3775
1160,3,Tamil Nadu - 2026,18-Feb 8am,4545.3775
1160,4,Tamil Nadu - 2026,18-Feb 8am,4545.3775
1161,1,Tamil Nadu - 2026,18-Feb 9am,4254.3575
1161,2,Tamil Nadu - 2026,18-Feb 9am,4254.3575
1161,3,Tamil Nadu - 2026,18-Feb 9am,4254.3575
1161,4,Tamil Nadu - 2026,18-Feb 9am,4254.3575
1162,1,Tamil Nadu - 2026,18-Feb 10am,4195.9225
1162,2,Tamil Nadu - 2026,18-Feb 10am,4195.9225
1162,3,Tamil Nadu - 2026,18-Feb 10am,4195.9225
1162,4,Tamil Nadu - 2026,18-Feb 10am,4195.9225
1163,1,Tamil Nadu - 2026,18-Feb 11am,4073.6775
1163,2,Tamil Nadu - 2026,18-Feb 11am,4073.6775
1163,3,Tamil Nadu - 2026,18-Feb 11am,4073.6775
1163,4,Tamil Nadu - 2026,18-Feb 11am,4073.6775
1164,1,Tamil Nadu - 2026,18-Feb 12pm,3940.475
1164,2,Tamil Nadu - 2026,18-Feb 12pm,3940.475
1164,3,Tamil Nadu - 2026,18-Feb 12pm,3940.475
1164,4,Tamil Nadu - 2026,18-Feb 12pm,3940.475
1165,1,Tamil Nadu - 2026,18-Feb 1pm,3923.0325
1165,2,Tamil Nadu - 2026,18-Feb 1pm,3923.0325
1165,3,Tamil Nadu - 2026,18-Feb 1pm,3923.0325
1165,4,Tamil Nadu - 2026,18-Feb 1pm,3923.0325
1166,1,Tamil Nadu - 2026,18-Feb 2pm,3787.7975
1166,2,Tamil Nadu - 2026,18-Feb 2pm,3787.7975
1166,3,Tamil Nadu - 2026,18-Feb 2pm,3787.7975
1166,4,Tamil Nadu - 2026,18-Feb 2pm,3787.7975
1167,1,Tamil Nadu - 2026,18-Feb 3pm,3746.765
1167,2,Tamil Nadu - 2026,18-Feb 3pm,3746.765
1167,3,Tamil Nadu - 2026,18-Feb 3pm,3746.765
1167,4,Tamil Nadu - 2026,18-Feb 3pm,3746.765
1168,1,Tamil Nadu - 2026,18-Feb 4pm,4222.6325
1168,2,Tamil Nadu - 2026,18-Feb 4pm,4222.6325
1168,3,Tamil Nadu - 2026,18-Feb 4pm,4222.6325
1168,4,Tamil Nadu - 2026,18-Feb 4pm,4222.6325
1169,1,Tamil Nadu - 2026,18-Feb 5pm,4480.74
1169,2,Tamil Nadu - 2026,18-Feb 5pm,4480.74
1169,3,Tamil Nadu - 2026,18-Feb 5pm,4480.74
1169,4,Tamil Nadu - 2026,18-Feb 5pm,4480.74
1170,1,Tamil Nadu - 2026,18-Feb 6pm,4427.74
1170,2,Tamil Nadu - 2026,18-Feb 6pm,4427.74
1170,3,Tamil Nadu - 2026,18-Feb 6pm,4427.74
1170,4,Tamil Nadu - 2026,18-Feb 6pm,4427.74
1171,1,Tamil Nadu - 2026,18-Feb 7pm,4484.7475
1171,2,Tamil Nadu - 2026,18-Feb 7pm,4484.7475
1171,3,Tamil Nadu - 2026,18-Feb 7pm,4484.7475
1171,4,Tamil Nadu - 2026,18-Feb 7pm,4484.7475
1172,1,Tamil Nadu - 2026,18-Feb 8pm,4262.2525
1172,2,Tamil Nadu - 2026,18-Feb 8pm,4262.2525
1172,3,Tamil Nadu - 2026,18-Feb 8pm,4262.2525
1172,4,Tamil Nadu - 2026,18-Feb 8pm,4262.2525
1173,1,Tamil Nadu - 2026,18-Feb 9pm,4070.4125
1173,2,Tamil Nadu - 2026,18-Feb 9pm,4070.4125
1173,3,Tamil Nadu - 2026,18-Feb 9pm,4070.4125
1173,4,Tamil Nadu - 2026,18-Feb 9pm,4070.4125
1174,1,Tamil Nadu - 2026,18-Feb 10pm,3854.765
1174,2,Tamil Nadu - 2026,18-Feb 10pm,3854.765
1174,3,Tamil Nadu - 2026,18-Feb 10pm,3854.765
1174,4,Tamil Nadu - 2026,18-Feb 10pm,3854.765
1175,1,Tamil Nadu - 2026,18-Feb 11pm,3674.475
1175,2,Tamil Nadu - 2026,18-Feb 11pm,3674.475
1175,3,Tamil Nadu - 2026,18-Feb 11pm,3674.475
1175,4,Tamil Nadu - 2026,18-Feb 11pm,3674.475
1176,1,Tamil Nadu - 2026,19-Feb 12am,3523.82
1176,2,Tamil Nadu - 2026,19-Feb 12am,3523.82
1176,3,Tamil Nadu - 2026,19-Feb 12am,3523.82
1176,4,Tamil Nadu - 2026,19-Feb 12am,3523.82
1177,1,Tamil Nadu - 2026,19-Feb 1am,3523.1375
1177,2,Tamil Nadu - 2026,19-Feb 1am,3523.1375
1177,3,Tamil Nadu - 2026,19-Feb 1am,3523.1375
1177,4,Tamil Nadu - 2026,19-Feb 1am,3523.1375
1178,1,Tamil Nadu - 2026,19-Feb 2am,3474.155
1178,2,Tamil Nadu - 2026,19-Feb 2am,3474.155
1178,3,Tamil Nadu - 2026,19-Feb 2am,3474.155
1178,4,Tamil Nadu - 2026,19-Feb 2am,3474.155
1179,1,Tamil Nadu - 2026,19-Feb 3am,3433.4775
1179,2,Tamil Nadu - 2026,19-Feb 3am,3433.4775
1179,3,Tamil Nadu - 2026,19-Feb 3am,3433.4775
1179,4,Tamil Nadu - 2026,19-Feb 3am,3433.4775
1180,1,Tamil Nadu - 2026,19-Feb 4am,3438.295
1180,2,Tamil Nadu - 2026,19-Feb 4am,3438.295
1180,3,Tamil Nadu - 2026,19-Feb 4am,3438.295
1180,4,Tamil Nadu - 2026,19-Feb 4am,3438.295
1181,1,Tamil Nadu - 2026,19-Feb 5am,3459.045
1181,2,Tamil Nadu - 2026,19-Feb 5am,3459.045
1181,3,Tamil Nadu - 2026,19-Feb 5am,3459.045
1181,4,Tamil Nadu - 2026,19-Feb 5am,3459.045
1182,1,Tamil Nadu - 2026,19-Feb 6am,3715.5425
1182,2,Tamil Nadu - 2026,19-Feb 6am,3715.5425
1182,3,Tamil Nadu - 2026,19-Feb 6am,3715.5425
1182,4,Tamil Nadu - 2026,19-Feb 6am,3715.5425
1183,1,Tamil Nadu - 2026,19-Feb 7am,4350.1725
1183,2,Tamil Nadu - 2026,19-Feb 7am,4350.1725
1183,3,Tamil Nadu - 2026,19-Feb 7am,4350.1725
1183,4,Tamil Nadu - 2026,19-Feb 7am,4350.1725
1184,1,Tamil Nadu - 2026,19-Feb 8am,4472.68
1184,2,Tamil Nadu - 2026,19-Feb 8am,4472.68
1184,3,Tamil Nadu - 2026,19-Feb 8am,4472.68
1184,4,Tamil Nadu - 2026,19-Feb 8am,4472.68
1185,1,Tamil Nadu - 2026,19-Feb 9am,4168.3325
1185,2,Tamil Nadu - 2026,19-Feb 9am,4168.3325
1185,3,Tamil Nadu - 2026,19-Feb 9am,4168.3325
1185,4,Tamil Nadu - 2026,19-Feb 9am,4168.3325
1186,1,Tamil Nadu - 2026,19-Feb 10am,4071.295
1186,2,Tamil Nadu - 2026,19-Feb 10am,4071.295
1186,3,Tamil Nadu - 2026,19-Feb 10am,4071.295
1186,4,Tamil Nadu - 2026,19-Feb 10am,4071.295
1187,1,Tamil Nadu - 2026,19-Feb 11am,3956.5
1187,2,Tamil Nadu - 2026,19-Feb 11am,3956.5
1187,3,Tamil Nadu - 2026,19-Feb 11am,3956.5
1187,4,Tamil Nadu - 2026,19-Feb 11am,3956.5
1188,1,Tamil Nadu - 2026,19-Feb 12pm,3888.43
1188,2,Tamil Nadu - 2026,19-Feb 12pm,3888.43
1188,3,Tamil Nadu - 2026,19-Feb 12pm,3888.43
1188,4,Tamil Nadu - 2026,19-Feb 12pm,3888.43
1189,1,Tamil Nadu - 2026,19-Feb 1pm,3760.705
1189,2,Tamil Nadu - 2026,19-Feb 1pm,3760.705
1189,3,Tamil Nadu - 2026,19-Feb 1pm,3760.705
1189,4,Tamil Nadu - 2026,19-Feb 1pm,3760.705
1190,1,Tamil Nadu - 2026,19-Feb 2pm,3683.2425
1190,2,Tamil Nadu - 2026,19-Feb 2pm,3683.2425
1190,3,Tamil Nadu - 2026,19-Feb 2pm,3683.2425
1190,4,Tamil Nadu - 2026,19-Feb 2pm,3683.2425
1191,1,Tamil Nadu - 2026,19-Feb 3pm,3999.63
1191,2,Tamil Nadu - 2026,19-Feb 3pm,3999.63
1191,3,Tamil Nadu - 2026,19-Feb 3pm,3999.63
1191,4,Tamil Nadu - 2026,19-Feb 3pm,3999.63
1192,1,Tamil Nadu - 2026,19-Feb 4pm,4219.1575
1192,2,Tamil Nadu - 2026,19-Feb 4pm,4219.1575
1192,3,Tamil Nadu - 2026,19-Feb 4pm,4219.1575
1192,4,Tamil Nadu - 2026,19-Feb 4pm,4219.1575
1193,1,Tamil Nadu - 2026,19-Feb 5pm,4550.925
1193,2,Tamil Nadu - 2026,19-Feb 5pm,4550.925
1193,3,Tamil Nadu - 2026,19-Feb 5pm,4550.925
1193,4,Tamil Nadu - 2026,19-Feb 5pm,4550.925
1194,1,Tamil Nadu - 2026,19-Feb 6pm,4467.1475
1194,2,Tamil Nadu - 2026,19-Feb 6pm,4467.1475
1194,3,Tamil Nadu - 2026,19-Feb 6pm,4467.1475
1194,4,Tamil Nadu - 2026,19-Feb 6pm,4467.1475
1195,1,Tamil Nadu - 2026,19-Feb 7pm,4434.8875
1195,2,Tamil Nadu - 2026,19-Feb 7pm,4434.8875
1195,3,Tamil Nadu - 2026,19-Feb 7pm,4434.8875
1195,4,Tamil Nadu - 2026,19-Feb 7pm,4434.8875
1196,1,Tamil Nadu - 2026,19-Feb 8pm,4239.3625
1196,2,Tamil Nadu - 2026,19-Feb 8pm,4239.3625
1196,3,Tamil Nadu - 2026,19-Feb 8pm,4239.3625
1196,4,Tamil Nadu - 2026,19-Feb 8pm,4239.3625
1197,1,Tamil Nadu - 2026,19-Feb 9pm,4064.675
1197,2,Tamil Nadu - 2026,19-Feb 9pm,4064.675
1197,3,Tamil Nadu - 2026,19-Feb 9pm,4064.675
1197,4,Tamil Nadu - 2026,19-Feb 9pm,4064.675
1198,1,Tamil Nadu - 2026,19-Feb 10pm,3926.49
1198,2,Tamil Nadu - 2026,19-Feb 10pm,3926.49
1198,3,Tamil Nadu - 2026,19-Feb 10pm,3926.49
1198,4,Tamil Nadu - 2026,19-Feb 10pm,3926.49
1199,1,Tamil Nadu - 2026,19-Feb 11pm,3757.0625
1199,2,Tamil Nadu - 2026,19-Feb 11pm,3757.0625
1199,3,Tamil Nadu - 2026,19-Feb 11pm,3757.0625
1199,4,Tamil Nadu - 2026,19-Feb 11pm,3757.0625
1200,1,Tamil Nadu - 2026,20-Feb 12am,3622.76
1200,2,Tamil Nadu - 2026,20-Feb 12am,3622.76
1200,3,Tamil Nadu - 2026,20-Feb 12am,3622.76
1200,4,Tamil Nadu - 2026,20-Feb 12am,3622.76
1201,1,Tamil Nadu - 2026,20-Feb 1am,3546.3925
1201,2,Tamil Nadu - 2026,20-Feb 1am,3546.3925
1201,3,Tamil Nadu - 2026,20-Feb 1am,3546.3925
1201,4,Tamil Nadu - 2026,20-Feb 1am,3546.3925
1202,1,Tamil Nadu - 2026,20-Feb 2am,3459.9675
1202,2,Tamil Nadu - 2026,20-Feb 2am,3459.9675
1202,3,Tamil Nadu - 2026,20-Feb 2am,3459.9675
1202,4,Tamil Nadu - 2026,20-Feb 2am,3459.9675
1203,1,Tamil Nadu - 2026,20-Feb 3am,3412.7725
1203,2,Tamil Nadu - 2026,20-Feb 3am,3412.7725
1203,3,Tamil Nadu - 2026,20-Feb 3am,3412.7725
1203,4,Tamil Nadu - 2026,20-Feb 3am,3412.7725
1204,1,Tamil Nadu - 2026,20-Feb 4am,3457.865
1204,2,Tamil Nadu - 2026,20-Feb 4am,3457.865
1204,3,Tamil Nadu - 2026,20-Feb 4am,3457.865
1204,4,Tamil Nadu - 2026,20-Feb 4am,3457.865
1205,1,Tamil Nadu - 2026,20-Feb 5am,3493.3125
1205,2,Tamil Nadu - 2026,20-Feb 5am,3493.3125
1205,3,Tamil Nadu - 2026,20-Feb 5am,3493.3125
1205,4,Tamil Nadu - 2026,20-Feb 5am,3493.3125
1206,1,Tamil Nadu - 2026,20-Feb 6am,3776.095
1206,2,Tamil Nadu - 2026,20-Feb 6am,3776.095
1206,3,Tamil Nadu - 2026,20-Feb 6am,3776.095
1206,4,Tamil Nadu - 2026,20-Feb 6am,3776.095
1207,1,Tamil Nadu - 2026,20-Feb 7am,4374.5475
1207,2,Tamil Nadu - 2026,20-Feb 7am,4374.5475
1207,3,Tamil Nadu - 2026,20-Feb 7am,4374.5475
1207,4,Tamil Nadu - 2026,20-Feb 7am,4374.5475
1208,1,Tamil Nadu - 2026,20-Feb 8am,4521.0775
1208,2,Tamil Nadu - 2026,20-Feb 8am,4521.0775
1208,3,Tamil Nadu - 2026,20-Feb 8am,4521.0775
1208,4,Tamil Nadu - 2026,20-Feb 8am,4521.0775
1209,1,Tamil Nadu - 2026,20-Feb 9am,4156.265
1209,2,Tamil Nadu - 2026,20-Feb 9am,4156.265
1209,3,Tamil Nadu - 2026,20-Feb 9am,4156.265
1209,4,Tamil Nadu - 2026,20-Feb 9am,4156.265
1210,1,Tamil Nadu - 2026,20-Feb 10am,4113.835
1210,2,Tamil Nadu - 2026,20-Feb 10am,4113.835
1210,3,Tamil Nadu - 2026,20-Feb 10am,4113.835
1210,4,Tamil Nadu - 2026,20-Feb 10am,4113.835
1211,1,Tamil Nadu - 2026,20-Feb 11am,4028.03
1211,2,Tamil Nadu - 2026,20-Feb 11am,4028.03
1211,3,Tamil Nadu - 2026,20-Feb 11am,4028.03
1211,4,Tamil Nadu - 2026,20-Feb 11am,4028.03
1212,1,Tamil Nadu - 2026,20-Feb 12pm,3923.9925
1212,2,Tamil Nadu - 2026,20-Feb 12pm,3923.9925
1212,3,Tamil Nadu - 2026,20-Feb 12pm,3923.9925
1212,4,Tamil Nadu - 2026,20-Feb 12pm,3923.9925
1213,1,Tamil Nadu - 2026,20-Feb 1pm,3864.52
1213,2,Tamil Nadu - 2026,20-Feb 1pm,3864.52
1213,3,Tamil Nadu - 2026,20-Feb 1pm,3864.52
1213,4,Tamil Nadu - 2026,20-Feb 1pm,3864.52
1214,1,Tamil Nadu - 2026,20-Feb 2pm,3789.235
1214,2,Tamil Nadu - 2026,20-Feb 2pm,3789.235
1214,3,Tamil Nadu - 2026,20-Feb 2pm,3789.235
1214,4,Tamil Nadu - 2026,20-Feb 2pm,3789.235
1215,1,Tamil Nadu - 2026,20-Feb 3pm,4027.8225
1215,2,Tamil Nadu - 2026,20-Feb 3pm,4027.8225
1215,3,Tamil Nadu - 2026,20-Feb 3pm,4027.8225
1215,4,Tamil Nadu - 2026,20-Feb 3pm,4027.8225
1216,1,Tamil Nadu - 2026,20-Feb 4pm,4348.805
1216,2,Tamil Nadu - 2026,20-Feb 4pm,4348.805
1216,3,Tamil Nadu - 2026,20-Feb 4pm,4348.805
1216,4,Tamil Nadu - 2026,20-Feb 4pm,4348.805
1217,1,Tamil Nadu - 2026,20-Feb 5pm,4515.3725
1217,2,Tamil Nadu - 2026,20-Feb 5pm,4515.3725
1217,3,Tamil Nadu - 2026,20-Feb 5pm,4515.3725
1217,4,Tamil Nadu - 2026,20-Feb 5pm,4515.3725
1218,1,Tamil Nadu - 2026,20-Feb 6pm,4521.825
1218,2,Tamil Nadu - 2026,20-Feb 6pm,4521.825
1218,3,Tamil Nadu - 2026,20-Feb 6pm,4521.825
1218,4,Tamil Nadu - 2026,20-Feb 6pm,4521.825
1219,1,Tamil Nadu - 2026,20-Feb 7pm,4379.0725
1219,2,Tamil Nadu - 2026,20-Feb 7pm,4379.0725
1219,3,Tamil Nadu - 2026,20-Feb 7pm,4379.0725
1219,4,Tamil Nadu - 2026,20-Feb 7pm,4379.0725
1220,1,Tamil Nadu - 2026,20-Feb 8pm,4171.445
1220,2,Tamil Nadu - 2026,20-Feb 8pm,4171.445
1220,3,Tamil Nadu - 2026,20-Feb 8pm,4171.445
1220,4,Tamil Nadu - 2026,20-Feb 8pm,4171.445
1221,1,Tamil Nadu - 2026,20-Feb 9pm,4028.8325
1221,2,Tamil Nadu - 2026,20-Feb 9pm,4028.8325
1221,3,Tamil Nadu - 2026,20-Feb 9pm,4028.8325
1221,4,Tamil Nadu - 2026,20-Feb 9pm,4028.8325
1222,1,Tamil Nadu - 2026,20-Feb 10pm,3887.9475
1222,2,Tamil Nadu - 2026,20-Feb 10pm,3887.9475
1222,3,Tamil Nadu - 2026,20-Feb 10pm,3887.9475
1222,4,Tamil Nadu - 2026,20-Feb 10pm,3887.9475
1223,1,Tamil Nadu - 2026,20-Feb 11pm,3758.725
1223,2,Tamil Nadu - 2026,20-Feb 11pm,3758.725
1223,3,Tamil Nadu - 2026,20-Feb 11pm,3758.725
1223,4,Tamil Nadu - 2026,20-Feb 11pm,3758.725
1224,1,Tamil Nadu - 2026,21-Feb 12am,3657.5
1224,2,Tamil Nadu - 2026,21-Feb 12am,3657.5
1224,3,Tamil Nadu - 2026,21-Feb 12am,3657.5
1224,4,Tamil Nadu - 2026,21-Feb 12am,3657.5
1225,1,Tamil Nadu - 2026,21-Feb 1am,3602.43
1225,2,Tamil Nadu - 2026,21-Feb 1am,3602.43
1225,3,Tamil Nadu - 2026,21-Feb 1am,3602.43
1225,4,Tamil Nadu - 2026,21-Feb 1am,3602.43
1226,1,Tamil Nadu - 2026,21-Feb 2am,3508.0275
1226,2,Tamil Nadu - 2026,21-Feb 2am,3508.0275
1226,3,Tamil Nadu - 2026,21-Feb 2am,3508.0275
1226,4,Tamil Nadu - 2026,21-Feb 2am,3508.0275
1227,1,Tamil Nadu - 2026,21-Feb 3am,3476.71
1227,2,Tamil Nadu - 2026,21-Feb 3am,3476.71
1227,3,Tamil Nadu - 2026,21-Feb 3am,3476.71
1227,4,Tamil Nadu - 2026,21-Feb 3am,3476.71
1228,1,Tamil Nadu - 2026,21-Feb 4am,3464.11
1228,2,Tamil Nadu - 2026,21-Feb 4am,3464.11
1228,3,Tamil Nadu - 2026,21-Feb 4am,3464.11
1228,4,Tamil Nadu - 2026,21-Feb 4am,3464.11
1229,1,Tamil Nadu - 2026,21-Feb 5am,3459.8225
1229,2,Tamil Nadu - 2026,21-Feb 5am,3459.8225
1229,3,Tamil Nadu - 2026,21-Feb 5am,3459.8225
1229,4,Tamil Nadu - 2026,21-Feb 5am,3459.8225
1230,1,Tamil Nadu - 2026,21-Feb 6am,3650.12
1230,2,Tamil Nadu - 2026,21-Feb 6am,3650.12
1230,3,Tamil Nadu - 2026,21-Feb 6am,3650.12
1230,4,Tamil Nadu - 2026,21-Feb 6am,3650.12
1231,1,Tamil Nadu - 2026,21-Feb 7am,4158.77
1231,2,Tamil Nadu - 2026,21-Feb 7am,4158.77
1231,3,Tamil Nadu - 2026,21-Feb 7am,4158.77
1231,4,Tamil Nadu - 2026,21-Feb 7am,4158.77
1232,1,Tamil Nadu - 2026,21-Feb 8am,4395.9975
1232,2,Tamil Nadu - 2026,21-Feb 8am,4395.9975
1232,3,Tamil Nadu - 2026,21-Feb 8am,4395.9975
1232,4,Tamil Nadu - 2026,21-Feb 8am,4395.9975
1233,1,Tamil Nadu - 2026,21-Feb 9am,4303.38
1233,2,Tamil Nadu - 2026,21-Feb 9am,4303.38
1233,3,Tamil Nadu - 2026,21-Feb 9am,4303.38
1233,4,Tamil Nadu - 2026,21-Feb 9am,4303.38
1234,1,Tamil Nadu - 2026,21-Feb 10am,4141.5875
1234,2,Tamil Nadu - 2026,21-Feb 10am,4141.5875
1234,3,Tamil Nadu - 2026,21-Feb 10am,4141.5875
1234,4,Tamil Nadu - 2026,21-Feb 10am,4141.5875
1235,1,Tamil Nadu - 2026,21-Feb 11am,3950.9275
1235,2,Tamil Nadu - 2026,21-Feb 11am,3950.9275
1235,3,Tamil Nadu - 2026,21-Feb 11am,3950.9275
1235,4,Tamil Nadu - 2026,21-Feb 11am,3950.9275
1236,1,Tamil Nadu - 2026,21-Feb 12pm,3996.5125
1236,2,Tamil Nadu - 2026,21-Feb 12pm,3996.5125
1236,3,Tamil Nadu - 2026,21-Feb 12pm,3996.5125
1236,4,Tamil Nadu - 2026,21-Feb 12pm,3996.5125
1237,1,Tamil Nadu - 2026,21-Feb 1pm,3995.5175
1237,2,Tamil Nadu - 2026,21-Feb 1pm,3995.5175
1237,3,Tamil Nadu - 2026,21-Feb 1pm,3995.5175
1237,4,Tamil Nadu - 2026,21-Feb 1pm,3995.5175
1238,1,Tamil Nadu - 2026,21-Feb 2pm,3939.885
1238,2,Tamil Nadu - 2026,21-Feb 2pm,3939.885
1238,3,Tamil Nadu - 2026,21-Feb 2pm,3939.885
1238,4,Tamil Nadu - 2026,21-Feb 2pm,3939.885
1239,1,Tamil Nadu - 2026,21-Feb 3pm,4206.055
1239,2,Tamil Nadu - 2026,21-Feb 3pm,4206.055
1239,3,Tamil Nadu - 2026,21-Feb 3pm,4206.055
1239,4,Tamil Nadu - 2026,21-Feb 3pm,4206.055
1240,1,Tamil Nadu - 2026,21-Feb 4pm,4330.49
1240,2,Tamil Nadu - 2026,21-Feb 4pm,4330.49
1240,3,Tamil Nadu - 2026,21-Feb 4pm,4330.49
1240,4,Tamil Nadu - 2026,21-Feb 4pm,4330.49
1241,1,Tamil Nadu - 2026,21-Feb 5pm,4560.4575
1241,2,Tamil Nadu - 2026,21-Feb 5pm,4560.4575
1241,3,Tamil Nadu - 2026,21-Feb 5pm,4560.4575
1241,4,Tamil Nadu - 2026,21-Feb 5pm,4560.4575
1242,1,Tamil Nadu - 2026,21-Feb 6pm,4506.455
1242,2,Tamil Nadu - 2026,21-Feb 6pm,4506.455
1242,3,Tamil Nadu - 2026,21-Feb 6pm,4506.455
1242,4,Tamil Nadu - 2026,21-Feb 6pm,4506.455
1243,1,Tamil Nadu - 2026,21-Feb 7pm,4585.375
1243,2,Tamil Nadu - 2026,21-Feb 7pm,4585.375
1243,3,Tamil Nadu - 2026,21-Feb 7pm,4585.375
1243,4,Tamil Nadu - 2026,21-Feb 7pm,4585.375
1244,1,Tamil Nadu - 2026,21-Feb 8pm,4327.0275
1244,2,Tamil Nadu - 2026,21-Feb 8pm,4327.0275
1244,3,Tamil Nadu - 2026,21-Feb 8pm,4327.0275
1244,4,Tamil Nadu - 2026,21-Feb 8pm,4327.0275
1245,1,Tamil Nadu - 2026,21-Feb 9pm,4177.49
1245,2,Tamil Nadu - 2026,21-Feb 9pm,4177.49
1245,3,Tamil Nadu - 2026,21-Feb 9pm,4177.49
1245,4,Tamil Nadu - 2026,21-Feb 9pm,4177.49
1246,1,Tamil Nadu - 2026,21-Feb 10pm,4055.99
1246,2,Tamil Nadu - 2026,21-Feb 10pm,4055.99
1246,3,Tamil Nadu - 2026,21-Feb 10pm,4055.99
1246,4,Tamil Nadu - 2026,21-Feb 10pm,4055.99
1247,1,Tamil Nadu - 2026,21-Feb 11pm,3912.5025
1247,2,Tamil Nadu - 2026,21-Feb 11pm,3912.5025
1247,3,Tamil Nadu - 2026,21-Feb 11pm,3912.5025
1247,4,Tamil Nadu - 2026,21-Feb 11pm,3912.5025
1248,1,Tamil Nadu - 2026,22-Feb 12am,3758.5125
1248,2,Tamil Nadu - 2026,22-Feb 12am,3758.5125
1248,3,Tamil Nadu - 2026,22-Feb 12am,3758.5125
1248,4,Tamil Nadu - 2026,22-Feb 12am,3758.5125
1249,1,Tamil Nadu - 2026,22-Feb 1am,3721.57
1249,2,Tamil Nadu - 2026,22-Feb 1am,3721.57
1249,3,Tamil Nadu - 2026,22-Feb 1am,3721.57
1249,4,Tamil Nadu - 2026,22-Feb 1am,3721.57
1250,1,Tamil Nadu - 2026,22-Feb 2am,3637.07
1250,2,Tamil Nadu - 2026,22-Feb 2am,3637.07
1250,3,Tamil Nadu - 2026,22-Feb 2am,3637.07
1250,4,Tamil Nadu - 2026,22-Feb 2am,3637.07
1251,1,Tamil Nadu - 2026,22-Feb 3am,3591.68
1251,2,Tamil Nadu - 2026,22-Feb 3am,3591.68
1251,3,Tamil Nadu - 2026,22-Feb 3am,3591.68
1251,4,Tamil Nadu - 2026,22-Feb 3am,3591.68
1252,1,Tamil Nadu - 2026,22-Feb 4am,3575.905
1252,2,Tamil Nadu - 2026,22-Feb 4am,3575.905
1252,3,Tamil Nadu - 2026,22-Feb 4am,3575.905
1252,4,Tamil Nadu - 2026,22-Feb 4am,3575.905
1253,1,Tamil Nadu - 2026,22-Feb 5am,3566.94
1253,2,Tamil Nadu - 2026,22-Feb 5am,3566.94
1253,3,Tamil Nadu - 2026,22-Feb 5am,3566.94
1253,4,Tamil Nadu - 2026,22-Feb 5am,3566.94
1254,1,Tamil Nadu - 2026,22-Feb 6am,3609.5375
1254,2,Tamil Nadu - 2026,22-Feb 6am,3609.5375
1254,3,Tamil Nadu - 2026,22-Feb 6am,3609.5375
1254,4,Tamil Nadu - 2026,22-Feb 6am,3609.5375
1255,1,Tamil Nadu - 2026,22-Feb 7am,3899.4925
1255,2,Tamil Nadu - 2026,22-Feb 7am,3899.4925
1255,3,Tamil Nadu - 2026,22-Feb 7am,3899.4925
1255,4,Tamil Nadu - 2026,22-Feb 7am,3899.4925
1256,1,Tamil Nadu - 2026,22-Feb 8am,4056.3875
1256,2,Tamil Nadu - 2026,22-Feb 8am,4056.3875
1256,3,Tamil Nadu - 2026,22-Feb 8am,4056.3875
1256,4,Tamil Nadu - 2026,22-Feb 8am,4056.3875
1257,1,Tamil Nadu - 2026,22-Feb 9am,3841.07
1257,2,Tamil Nadu - 2026,22-Feb 9am,3841.07
1257,3,Tamil Nadu - 2026,22-Feb 9am,3841.07
1257,4,Tamil Nadu - 2026,22-Feb 9am,3841.07
1258,1,Tamil Nadu - 2026,22-Feb 10am,3768.0625
1258,2,Tamil Nadu - 2026,22-Feb 10am,3768.0625
1258,3,Tamil Nadu - 2026,22-Feb 10am,3768.0625
1258,4,Tamil Nadu - 2026,22-Feb 10am,3768.0625
1259,1,Tamil Nadu - 2026,22-Feb 11am,3659.7
1259,2,Tamil Nadu - 2026,22-Feb 11am,3659.7
1259,3,Tamil Nadu - 2026,22-Feb 11am,3659.7
1259,4,Tamil Nadu - 2026,22-Feb 11am,3659.7
1260,1,Tamil Nadu - 2026,22-Feb 12pm,3663.5675
1260,2,Tamil Nadu - 2026,22-Feb 12pm,3663.5675
1260,3,Tamil Nadu - 2026,22-Feb 12pm,3663.5675
1260,4,Tamil Nadu - 2026,22-Feb 12pm,3663.5675
1261,1,Tamil Nadu - 2026,22-Feb 1pm,3569.005
1261,2,Tamil Nadu - 2026,22-Feb 1pm,3569.005
1261,3,Tamil Nadu - 2026,22-Feb 1pm,3569.005
1261,4,Tamil Nadu - 2026,22-Feb 1pm,3569.005
1262,1,Tamil Nadu - 2026,22-Feb 2pm,3482.535
1262,2,Tamil Nadu - 2026,22-Feb 2pm,3482.535
1262,3,Tamil Nadu - 2026,22-Feb 2pm,3482.535
1262,4,Tamil Nadu - 2026,22-Feb 2pm,3482.535
1263,1,Tamil Nadu - 2026,22-Feb 3pm,3637.03
1263,2,Tamil Nadu - 2026,22-Feb 3pm,3637.03
1263,3,Tamil Nadu - 2026,22-Feb 3pm,3637.03
1263,4,Tamil Nadu - 2026,22-Feb 3pm,3637.03
1264,1,Tamil Nadu - 2026,22-Feb 4pm,3773.1875
1264,2,Tamil Nadu - 2026,22-Feb 4pm,3773.1875
1264,3,Tamil Nadu - 2026,22-Feb 4pm,3773.1875
1264,4,Tamil Nadu - 2026,22-Feb 4pm,3773.1875
1265,1,Tamil Nadu - 2026,22-Feb 5pm,4022.2375
1265,2,Tamil Nadu - 2026,22-Feb 5pm,4022.2375
1265,3,Tamil Nadu - 2026,22-Feb 5pm,4022.2375
1265,4,Tamil Nadu - 2026,22-Feb 5pm,4022.2375
1266,1,Tamil Nadu - 2026,22-Feb 6pm,3927.955
1266,2,Tamil Nadu - 2026,22-Feb 6pm,3927.955
1266,3,Tamil Nadu - 2026,22-Feb 6pm,3927.955
1266,4,Tamil Nadu - 2026,22-Feb 6pm,3927.955
1267,1,Tamil Nadu - 2026,22-Feb 7pm,3917.2725
1267,2,Tamil Nadu - 2026,22-Feb 7pm,3917.2725
1267,3,Tamil Nadu - 2026,22-Feb 7pm,3917.2725
1267,4,Tamil Nadu - 2026,22-Feb 7pm,3917.2725
1268,1,Tamil Nadu - 2026,22-Feb 8pm,3818.1775
1268,2,Tamil Nadu - 2026,22-Feb 8pm,3818.1775
1268,3,Tamil Nadu - 2026,22-Feb 8pm,3818.1775
1268,4,Tamil Nadu - 2026,22-Feb 8pm,3818.1775
1269,1,Tamil Nadu - 2026,22-Feb 9pm,3725.3725
1269,2,Tamil Nadu - 2026,22-Feb 9pm,3725.3725
1269,3,Tamil Nadu - 2026,22-Feb 9pm,3725.3725
1269,4,Tamil Nadu - 2026,22-Feb 9pm,3725.3725
1270,1,Tamil Nadu - 2026,22-Feb 10pm,3674.25
1270,2,Tamil Nadu - 2026,22-Feb 10pm,3674.25
1270,3,Tamil Nadu - 2026,22-Feb 10pm,3674.25
1270,4,Tamil Nadu - 2026,22-Feb 10pm,3674.25
1271,1,Tamil Nadu - 2026,22-Feb 11pm,3512.8075
1271,2,Tamil Nadu - 2026,22-Feb 11pm,3512.8075
1271,3,Tamil Nadu - 2026,22-Feb 11pm,3512.8075
1271,4,Tamil Nadu - 2026,22-Feb 11pm,3512.8075
1272,1,Tamil Nadu - 2026,23-Feb 12am,3395.895
1272,2,Tamil Nadu - 2026,23-Feb 12am,3395.895
1272,3,Tamil Nadu - 2026,23-Feb 12am,3395.895
1272,4,Tamil Nadu - 2026,23-Feb 12am,3395.895
1273,1,Tamil Nadu - 2026,23-Feb 1am,3330.27
1273,2,Tamil Nadu - 2026,23-Feb 1am,3330.27
1273,3,Tamil Nadu - 2026,23-Feb 1am,3330.27
1273,4,Tamil Nadu - 2026,23-Feb 1am,3330.27
1274,1,Tamil Nadu - 2026,23-Feb 2am,3290.0225
1274,2,Tamil Nadu - 2026,23-Feb 2am,3290.0225
1274,3,Tamil Nadu - 2026,23-Feb 2am,3290.0225
1274,4,Tamil Nadu - 2026,23-Feb 2am,3290.0225
1275,1,Tamil Nadu - 2026,23-Feb 3am,3259.905
1275,2,Tamil Nadu - 2026,23-Feb 3am,3259.905
1275,3,Tamil Nadu - 2026,23-Feb 3am,3259.905
1275,4,Tamil Nadu - 2026,23-Feb 3am,3259.905
1276,1,Tamil Nadu - 2026,23-Feb 4am,3271.2425
1276,2,Tamil Nadu - 2026,23-Feb 4am,3271.2425
1276,3,Tamil Nadu - 2026,23-Feb 4am,3271.2425
1276,4,Tamil Nadu - 2026,23-Feb 4am,3271.2425
1277,1,Tamil Nadu - 2026,23-Feb 5am,3305.0475
1277,2,Tamil Nadu - 2026,23-Feb 5am,3305.0475
1277,3,Tamil Nadu - 2026,23-Feb 5am,3305.0475
1277,4,Tamil Nadu - 2026,23-Feb 5am,3305.0475
1278,1,Tamil Nadu - 2026,23-Feb 6am,3569.38
1278,2,Tamil Nadu - 2026,23-Feb 6am,3569.38
1278,3,Tamil Nadu - 2026,23-Feb 6am,3569.38
1278,4,Tamil Nadu - 2026,23-Feb 6am,3569.38
1279,1,Tamil Nadu - 2026,23-Feb 7am,4166.73
1279,2,Tamil Nadu - 2026,23-Feb 7am,4166.73
1279,3,Tamil Nadu - 2026,23-Feb 7am,4166.73
1279,4,Tamil Nadu - 2026,23-Feb 7am,4166.73
1280,1,Tamil Nadu - 2026,23-Feb 8am,4415.095
1280,2,Tamil Nadu - 2026,23-Feb 8am,4415.095
1280,3,Tamil Nadu - 2026,23-Feb 8am,4415.095
1280,4,Tamil Nadu - 2026,23-Feb 8am,4415.095
1281,1,Tamil Nadu - 2026,23-Feb 9am,4233.62
1281,2,Tamil Nadu - 2026,23-Feb 9am,4233.62
1281,3,Tamil Nadu - 2026,23-Feb 9am,4233.62
1281,4,Tamil Nadu - 2026,23-Feb 9am,4233.62
1282,1,Tamil Nadu - 2026,23-Feb 10am,4260.74
1282,2,Tamil Nadu - 2026,23-Feb 10am,4260.74
1282,3,Tamil Nadu - 2026,23-Feb 10am,4260.74
1282,4,Tamil Nadu - 2026,23-Feb 10am,4260.74
1283,1,Tamil Nadu - 2026,23-Feb 11am,4149.7575
1283,2,Tamil Nadu - 2026,23-Feb 11am,4149.7575
1283,3,Tamil Nadu - 2026,23-Feb 11am,4149.7575
1283,4,Tamil Nadu - 2026,23-Feb 11am,4149.7575
1284,1,Tamil Nadu - 2026,23-Feb 12pm,4015.8775
1284,2,Tamil Nadu - 2026,23-Feb 12pm,4015.8775
1284,3,Tamil Nadu - 2026,23-Feb 12pm,4015.8775
1284,4,Tamil Nadu - 2026,23-Feb 12pm,4015.8775
1285,1,Tamil Nadu - 2026,23-Feb 1pm,3970.9025
1285,2,Tamil Nadu - 2026,23-Feb 1pm,3970.9025
1285,3,Tamil Nadu - 2026,23-Feb 1pm,3970.9025
1285,4,Tamil Nadu - 2026,23-Feb 1pm,3970.9025
1286,1,Tamil Nadu - 2026,23-Feb 2pm,3874.47
1286,2,Tamil Nadu - 2026,23-Feb 2pm,3874.47
1286,3,Tamil Nadu - 2026,23-Feb 2pm,3874.47
1286,4,Tamil Nadu - 2026,23-Feb 2pm,3874.47
1287,1,Tamil Nadu - 2026,23-Feb 3pm,4076.515
1287,2,Tamil Nadu - 2026,23-Feb 3pm,4076.515
1287,3,Tamil Nadu - 2026,23-Feb 3pm,4076.515
1287,4,Tamil Nadu - 2026,23-Feb 3pm,4076.515
1288,1,Tamil Nadu - 2026,23-Feb 4pm,4315.15
1288,2,Tamil Nadu - 2026,23-Feb 4pm,4315.15
1288,3,Tamil Nadu - 2026,23-Feb 4pm,4315.15
1288,4,Tamil Nadu - 2026,23-Feb 4pm,4315.15
1289,1,Tamil Nadu - 2026,23-Feb 5pm,4685.7425
1289,2,Tamil Nadu - 2026,23-Feb 5pm,4685.7425
1289,3,Tamil Nadu - 2026,23-Feb 5pm,4685.7425
1289,4,Tamil Nadu - 2026,23-Feb 5pm,4685.7425
1290,1,Tamil Nadu - 2026,23-Feb 6pm,4568.8775
1290,2,Tamil Nadu - 2026,23-Feb 6pm,4568.8775
1290,3,Tamil Nadu - 2026,23-Feb 6pm,4568.8775
1290,4,Tamil Nadu - 2026,23-Feb 6pm,4568.8775
1291,1,Tamil Nadu - 2026,23-Feb 7pm,4588.0
1291,2,Tamil Nadu - 2026,23-Feb 7pm,4588.0
1291,3,Tamil Nadu - 2026,23-Feb 7pm,4588.0
1291,4,Tamil Nadu - 2026,23-Feb 7pm,4588.0
1292,1,Tamil Nadu - 2026,23-Feb 8pm,4398.37
1292,2,Tamil Nadu - 2026,23-Feb 8pm,4398.37
1292,3,Tamil Nadu - 2026,23-Feb 8pm,4398.37
1292,4,Tamil Nadu - 2026,23-Feb 8pm,4398.37
1293,1,Tamil Nadu - 2026,23-Feb 9pm,4274.13
1293,2,Tamil Nadu - 2026,23-Feb 9pm,4274.13
1293,3,Tamil Nadu - 2026,23-Feb 9pm,4274.13
1293,4,Tamil Nadu - 2026,23-Feb 9pm,4274.13
1294,1,Tamil Nadu - 2026,23-Feb 10pm,4235.85
1294,2,Tamil Nadu - 2026,23-Feb 10pm,4235.85
1294,3,Tamil Nadu - 2026,23-Feb 10pm,4235.85
1294,4,Tamil Nadu - 2026,23-Feb 10pm,4235.85
1295,1,Tamil Nadu - 2026,23-Feb 11pm,4063.335
1295,2,Tamil Nadu - 2026,23-Feb 11pm,4063.335
1295,3,Tamil Nadu - 2026,23-Feb 11pm,4063.335
1295,4,Tamil Nadu - 2026,23-Feb 11pm,4063.335
1296,1,Tamil Nadu - 2026,24-Feb 12am,3866.9025
1296,2,Tamil Nadu - 2026,24-Feb 12am,3866.9025
1296,3,Tamil Nadu - 2026,24-Feb 12am,3866.9025
1296,4,Tamil Nadu - 2026,24-Feb 12am,3866.9025
1297,1,Tamil Nadu - 2026,24-Feb 1am,3782.08
1297,2,Tamil Nadu - 2026,24-Feb 1am,3782.08
1297,3,Tamil Nadu - 2026,24-Feb 1am,3782.08
1297,4,Tamil Nadu - 2026,24-Feb 1am,3782.08
1298,1,Tamil Nadu - 2026,24-Feb 2am,3741.445
1298,2,Tamil Nadu - 2026,24-Feb 2am,3741.445
1298,3,Tamil Nadu - 2026,24-Feb 2am,3741.445
1298,4,Tamil Nadu - 2026,24-Feb 2am,3741.445
1299,1,Tamil Nadu - 2026,24-Feb 3am,3689.3875
1299,2,Tamil Nadu - 2026,24-Feb 3am,3689.3875
1299,3,Tamil Nadu - 2026,24-Feb 3am,3689.3875
1299,4,Tamil Nadu - 2026,24-Feb 3am,3689.3875
1300,1,Tamil Nadu - 2026,24-Feb 4am,3676.245
1300,2,Tamil Nadu - 2026,24-Feb 4am,3676.245
1300,3,Tamil Nadu - 2026,24-Feb 4am,3676.245
1300,4,Tamil Nadu - 2026,24-Feb 4am,3676.245
1301,1,Tamil Nadu - 2026,24-Feb 5am,3692.6425
1301,2,Tamil Nadu - 2026,24-Feb 5am,3692.6425
1301,3,Tamil Nadu - 2026,24-Feb 5am,3692.6425
1301,4,Tamil Nadu - 2026,24-Feb 5am,3692.6425
1302,1,Tamil Nadu - 2026,24-Feb 6am,3968.375
1302,2,Tamil Nadu - 2026,24-Feb 6am,3968.375
1302,3,Tamil Nadu - 2026,24-Feb 6am,3968.375
1302,4,Tamil Nadu - 2026,24-Feb 6am,3968.375
1303,1,Tamil Nadu - 2026,24-Feb 7am,4532.6575
1303,2,Tamil Nadu - 2026,24-Feb 7am,4532.6575
1303,3,Tamil Nadu - 2026,24-Feb 7am,4532.6575
1303,4,Tamil Nadu - 2026,24-Feb 7am,4532.6575
1304,1,Tamil Nadu - 2026,24-Feb 8am,4620.96
1304,2,Tamil Nadu - 2026,24-Feb 8am,4620.96
1304,3,Tamil Nadu - 2026,24-Feb 8am,4620.96
1304,4,Tamil Nadu - 2026,24-Feb 8am,4620.96
1305,1,Tamil Nadu - 2026,24-Feb 9am,4417.2675
1305,2,Tamil Nadu - 2026,24-Feb 9am,4417.2675
1305,3,Tamil Nadu - 2026,24-Feb 9am,4417.2675
1305,4,Tamil Nadu - 2026,24-Feb 9am,4417.2675
1306,1,Tamil Nadu - 2026,24-Feb 10am,4416.36
1306,2,Tamil Nadu - 2026,24-Feb 10am,4416.36
1306,3,Tamil Nadu - 2026,24-Feb 10am,4416.36
1306,4,Tamil Nadu - 2026,24-Feb 10am,4416.36
1307,1,Tamil Nadu - 2026,24-Feb 11am,4296.89
1307,2,Tamil Nadu - 2026,24-Feb 11am,4296.89
1307,3,Tamil Nadu - 2026,24-Feb 11am,4296.89
1307,4,Tamil Nadu - 2026,24-Feb 11am,4296.89
1308,1,Tamil Nadu - 2026,24-Feb 12pm,4193.4775
1308,2,Tamil Nadu - 2026,24-Feb 12pm,4193.4775
1308,3,Tamil Nadu - 2026,24-Feb 12pm,4193.4775
1308,4,Tamil Nadu - 2026,24-Feb 12pm,4193.4775
1309,1,Tamil Nadu - 2026,24-Feb 1pm,4065.0975
1309,2,Tamil Nadu - 2026,24-Feb 1pm,4065.0975
1309,3,Tamil Nadu - 2026,24-Feb 1pm,4065.0975
1309,4,Tamil Nadu - 2026,24-Feb 1pm,4065.0975
1310,1,Tamil Nadu - 2026,24-Feb 2pm,3950.51
1310,2,Tamil Nadu - 2026,24-Feb 2pm,3950.51
1310,3,Tamil Nadu - 2026,24-Feb 2pm,3950.51
1310,4,Tamil Nadu - 2026,24-Feb 2pm,3950.51
1311,1,Tamil Nadu - 2026,24-Feb 3pm,4137.7825
1311,2,Tamil Nadu - 2026,24-Feb 3pm,4137.7825
1311,3,Tamil Nadu - 2026,24-Feb 3pm,4137.7825
1311,4,Tamil Nadu - 2026,24-Feb 3pm,4137.7825
1312,1,Tamil Nadu - 2026,24-Feb 4pm,4380.565
1312,2,Tamil Nadu - 2026,24-Feb 4pm,4380.565
1312,3,Tamil Nadu - 2026,24-Feb 4pm,4380.565
1312,4,Tamil Nadu - 2026,24-Feb 4pm,4380.565
1313,1,Tamil Nadu - 2026,24-Feb 5pm,4634.3
1313,2,Tamil Nadu - 2026,24-Feb 5pm,4634.3
1313,3,Tamil Nadu - 2026,24-Feb 5pm,4634.3
1313,4,Tamil Nadu - 2026,24-Feb 5pm,4634.3
1314,1,Tamil Nadu - 2026,24-Feb 6pm,4563.3575
1314,2,Tamil Nadu - 2026,24-Feb 6pm,4563.3575
1314,3,Tamil Nadu - 2026,24-Feb 6pm,4563.3575
1314,4,Tamil Nadu - 2026,24-Feb 6pm,4563.3575
1315,1,Tamil Nadu - 2026,24-Feb 7pm,4580.9175
1315,2,Tamil Nadu - 2026,24-Feb 7pm,4580.9175
1315,3,Tamil Nadu - 2026,24-Feb 7pm,4580.9175
1315,4,Tamil Nadu - 2026,24-Feb 7pm,4580.9175
1316,1,Tamil Nadu - 2026,24-Feb 8pm,4425.7125
1316,2,Tamil Nadu - 2026,24-Feb 8pm,4425.7125
1316,3,Tamil Nadu - 2026,24-Feb 8pm,4425.7125
1316,4,Tamil Nadu - 2026,24-Feb 8pm,4425.7125
1317,1,Tamil Nadu - 2026,24-Feb 9pm,4310.5625
1317,2,Tamil Nadu - 2026,24-Feb 9pm,4310.5625
1317,3,Tamil Nadu - 2026,24-Feb 9pm,4310.5625
1317,4,Tamil Nadu - 2026,24-Feb 9pm,4310.5625
1318,1,Tamil Nadu - 2026,24-Feb 10pm,4201.3675
1318,2,Tamil Nadu - 2026,24-Feb 10pm,4201.3675
1318,3,Tamil Nadu - 2026,24-Feb 10pm,4201.3675
1318,4,Tamil Nadu - 2026,24-Feb 10pm,4201.3675
1319,1,Tamil Nadu - 2026,24-Feb 11pm,4032.31
1319,2,Tamil Nadu - 2026,24-Feb 11pm,4032.31
1319,3,Tamil Nadu - 2026,24-Feb 11pm,4032.31
1319,4,Tamil Nadu - 2026,24-Feb 11pm,4032.31
1320,1,Tamil Nadu - 2026,25-Feb 12am,3835.7175
1320,2,Tamil Nadu - 2026,25-Feb 12am,3835.7175
1320,3,Tamil Nadu - 2026,25-Feb 12am,3835.7175
1320,4,Tamil Nadu - 2026,25-Feb 12am,3835.7175
1321,1,Tamil Nadu - 2026,25-Feb 1am,3787.0
1321,2,Tamil Nadu - 2026,25-Feb 1am,3787.0
1321,3,Tamil Nadu - 2026,25-Feb 1am,3787.0
1321,4,Tamil Nadu - 2026,25-Feb 1am,3787.0
1322,1,Tamil Nadu - 2026,25-Feb 2am,3715.11
1322,2,Tamil Nadu - 2026,25-Feb 2am,3715.11
1322,3,Tamil Nadu - 2026,25-Feb 2am,3715.11
1322,4,Tamil Nadu - 2026,25-Feb 2am,3715.11
1323,1,Tamil Nadu - 2026,25-Feb 3am,3696.0725
1323,2,Tamil Nadu - 2026,25-Feb 3am,3696.0725
1323,3,Tamil Nadu - 2026,25-Feb 3am,3696.0725
1323,4,Tamil Nadu - 2026,25-Feb 3am,3696.0725
1324,1,Tamil Nadu - 2026,25-Feb 4am,3701.505
1324,2,Tamil Nadu - 2026,25-Feb 4am,3701.505
1324,3,Tamil Nadu - 2026,25-Feb 4am,3701.505
1324,4,Tamil Nadu - 2026,25-Feb 4am,3701.505
1325,1,Tamil Nadu - 2026,25-Feb 5am,3721.635
1325,2,Tamil Nadu - 2026,25-Feb 5am,3721.635
1325,3,Tamil Nadu - 2026,25-Feb 5am,3721.635
1325,4,Tamil Nadu - 2026,25-Feb 5am,3721.635
1326,1,Tamil Nadu - 2026,25-Feb 6am,3918.5475
1326,2,Tamil Nadu - 2026,25-Feb 6am,3918.5475
1326,3,Tamil Nadu - 2026,25-Feb 6am,3918.5475
1326,4,Tamil Nadu - 2026,25-Feb 6am,3918.5475
1327,1,Tamil Nadu - 2026,25-Feb 7am,4479.455
1327,2,Tamil Nadu - 2026,25-Feb 7am,4479.455
1327,3,Tamil Nadu - 2026,25-Feb 7am,4479.455
1327,4,Tamil Nadu - 2026,25-Feb 7am,4479.455
1328,1,Tamil Nadu - 2026,25-Feb 8am,4611.4675
1328,2,Tamil Nadu - 2026,25-Feb 8am,4611.4675
1328,3,Tamil Nadu - 2026,25-Feb 8am,4611.4675
1328,4,Tamil Nadu - 2026,25-Feb 8am,4611.4675
1329,1,Tamil Nadu - 2026,25-Feb 9am,4390.33
1329,2,Tamil Nadu - 2026,25-Feb 9am,4390.33
1329,3,Tamil Nadu - 2026,25-Feb 9am,4390.33
1329,4,Tamil Nadu - 2026,25-Feb 9am,4390.33
1330,1,Tamil Nadu - 2026,25-Feb 10am,4304.375
1330,2,Tamil Nadu - 2026,25-Feb 10am,4304.375
1330,3,Tamil Nadu - 2026,25-Feb 10am,4304.375
1330,4,Tamil Nadu - 2026,25-Feb 10am,4304.375
1331,1,Tamil Nadu - 2026,25-Feb 11am,4261.5025
1331,2,Tamil Nadu - 2026,25-Feb 11am,4261.5025
1331,3,Tamil Nadu - 2026,25-Feb 11am,4261.5025
1331,4,Tamil Nadu - 2026,25-Feb 11am,4261.5025
1332,1,Tamil Nadu - 2026,25-Feb 12pm,4261.5025
1332,2,Tamil Nadu - 2026,25-Feb 12pm,4261.5025
1332,3,Tamil Nadu - 2026,25-Feb 12pm,4261.5025
1332,4,Tamil Nadu - 2026,25-Feb 12pm,4261.5025
1333,1,Tamil Nadu - 2026,25-Feb 1pm,4077.405
1333,2,Tamil Nadu - 2026,25-Feb 1pm,4077.405
1333,3,Tamil Nadu - 2026,25-Feb 1pm,4077.405
1333,4,Tamil Nadu - 2026,25-Feb 1pm,4077.405
1334,1,Tamil Nadu - 2026,25-Feb 2pm,4011.345
1334,2,Tamil Nadu - 2026,25-Feb 2pm,4011.345
1334,3,Tamil Nadu - 2026,25-Feb 2pm,4011.345
1334,4,Tamil Nadu - 2026,25-Feb 2pm,4011.345
1335,1,Tamil Nadu - 2026,25-Feb 3pm,4224.0325
1335,2,Tamil Nadu - 2026,25-Feb 3pm,4224.0325
1335,3,Tamil Nadu - 2026,25-Feb 3pm,4224.0325
1335,4,Tamil Nadu - 2026,25-Feb 3pm,4224.0325
1336,1,Tamil Nadu - 2026,25-Feb 4pm,4343.76
1336,2,Tamil Nadu - 2026,25-Feb 4pm,4343.76
1336,3,Tamil Nadu - 2026,25-Feb 4pm,4343.76
1336,4,Tamil Nadu - 2026,25-Feb 4pm,4343.76
1337,1,Tamil Nadu - 2026,25-Feb 5pm,4678.3925
1337,2,Tamil Nadu - 2026,25-Feb 5pm,4678.3925
1337,3,Tamil Nadu - 2026,25-Feb 5pm,4678.3925
1337,4,Tamil Nadu - 2026,25-Feb 5pm,4678.3925
1338,1,Tamil Nadu - 2026,25-Feb 6pm,4586.2375
1338,2,Tamil Nadu - 2026,25-Feb 6pm,4586.2375
1338,3,Tamil Nadu - 2026,25-Feb 6pm,4586.2375
1338,4,Tamil Nadu - 2026,25-Feb 6pm,4586.2375
1339,1,Tamil Nadu - 2026,25-Feb 7pm,4580.0125
1339,2,Tamil Nadu - 2026,25-Feb 7pm,4580.0125
1339,3,Tamil Nadu - 2026,25-Feb 7pm,4580.0125
1339,4,Tamil Nadu - 2026,25-Feb 7pm,4580.0125
1340,1,Tamil Nadu - 2026,25-Feb 8pm,4289.1225
1340,2,Tamil Nadu - 2026,25-Feb 8pm,4289.1225
1340,3,Tamil Nadu - 2026,25-Feb 8pm,4289.1225
1340,4,Tamil Nadu - 2026,25-Feb 8pm,4289.1225
1341,1,Tamil Nadu - 2026,25-Feb 9pm,4138.065
1341,2,Tamil Nadu - 2026,25-Feb 9pm,4138.065
1341,3,Tamil Nadu - 2026,25-Feb 9pm,4138.065
1341,4,Tamil Nadu - 2026,25-Feb 9pm,4138.065
1342,1,Tamil Nadu - 2026,25-Feb 10pm,4053.02
1342,2,Tamil Nadu - 2026,25-Feb 10pm,4053.02
1342,3,Tamil Nadu - 2026,25-Feb 10pm,4053.02
1342,4,Tamil Nadu - 2026,25-Feb 10pm,4053.02
1343,1,Tamil Nadu - 2026,25-Feb 11pm,3929.27
1343,2,Tamil Nadu - 2026,25-Feb 11pm,3929.27
1343,3,Tamil Nadu - 2026,25-Feb 11pm,3929.27
1343,4,Tamil Nadu - 2026,25-Feb 11pm,3929.27
1344,1,Tamil Nadu - 2026,26-Feb 12am,3746.91
1344,2,Tamil Nadu - 2026,26-Feb 12am,3746.91
1344,3,Tamil Nadu - 2026,26-Feb 12am,3746.91
1344,4,Tamil Nadu - 2026,26-Feb 12am,3746.91
1345,1,Tamil Nadu - 2026,26-Feb 1am,3717.405
1345,2,Tamil Nadu - 2026,26-Feb 1am,3717.405
1345,3,Tamil Nadu - 2026,26-Feb 1am,3717.405
1345,4,Tamil Nadu - 2026,26-Feb 1am,3717.405
1346,1,Tamil Nadu - 2026,26-Feb 2am,3631.79
1346,2,Tamil Nadu - 2026,26-Feb 2am,3631.79
1346,3,Tamil Nadu - 2026,26-Feb 2am,3631.79
1346,4,Tamil Nadu - 2026,26-Feb 2am,3631.79
1347,1,Tamil Nadu - 2026,26-Feb 3am,3570.9875
1347,2,Tamil Nadu - 2026,26-Feb 3am,3570.9875
1347,3,Tamil Nadu - 2026,26-Feb 3am,3570.9875
1347,4,Tamil Nadu - 2026,26-Feb 3am,3570.9875
1348,1,Tamil Nadu - 2026,26-Feb 4am,3575.8275
1348,2,Tamil Nadu - 2026,26-Feb 4am,3575.8275
1348,3,Tamil Nadu - 2026,26-Feb 4am,3575.8275
1348,4,Tamil Nadu - 2026,26-Feb 4am,3575.8275
1349,1,Tamil Nadu - 2026,26-Feb 5am,3563.77
1349,2,Tamil Nadu - 2026,26-Feb 5am,3563.77
1349,3,Tamil Nadu - 2026,26-Feb 5am,3563.77
1349,4,Tamil Nadu - 2026,26-Feb 5am,3563.77
1350,1,Tamil Nadu - 2026,26-Feb 6am,3793.6925
1350,2,Tamil Nadu - 2026,26-Feb 6am,3793.6925
1350,3,Tamil Nadu - 2026,26-Feb 6am,3793.6925
1350,4,Tamil Nadu - 2026,26-Feb 6am,3793.6925
1351,1,Tamil Nadu - 2026,26-Feb 7am,4346.0375
1351,2,Tamil Nadu - 2026,26-Feb 7am,4346.0375
1351,3,Tamil Nadu - 2026,26-Feb 7am,4346.0375
1351,4,Tamil Nadu - 2026,26-Feb 7am,4346.0375
1352,1,Tamil Nadu - 2026,26-Feb 8am,4314.5525
1352,2,Tamil Nadu - 2026,26-Feb 8am,4314.5525
1352,3,Tamil Nadu - 2026,26-Feb 8am,4314.5525
1352,4,Tamil Nadu - 2026,26-Feb 8am,4314.5525
1353,1,Tamil Nadu - 2026,26-Feb 9am,4175.1975
1353,2,Tamil Nadu - 2026,26-Feb 9am,4175.1975
1353,3,Tamil Nadu - 2026,26-Feb 9am,4175.1975
1353,4,Tamil Nadu - 2026,26-Feb 9am,4175.1975
1354,1,Tamil Nadu - 2026,26-Feb 10am,4122.855
1354,2,Tamil Nadu - 2026,26-Feb 10am,4122.855
1354,3,Tamil Nadu - 2026,26-Feb 10am,4122.855
1354,4,Tamil Nadu - 2026,26-Feb 10am,4122.855
1355,1,Tamil Nadu - 2026,26-Feb 11am,4038.7825
1355,2,Tamil Nadu - 2026,26-Feb 11am,4038.7825
1355,3,Tamil Nadu - 2026,26-Feb 11am,4038.7825
1355,4,Tamil Nadu - 2026,26-Feb 11am,4038.7825
1356,1,Tamil Nadu - 2026,26-Feb 12pm,3934.425
1356,2,Tamil Nadu - 2026,26-Feb 12pm,3934.425
1356,3,Tamil Nadu - 2026,26-Feb 12pm,3934.425
1356,4,Tamil Nadu - 2026,26-Feb 12pm,3934.425
1357,1,Tamil Nadu - 2026,26-Feb 1pm,3967.5825
1357,2,Tamil Nadu - 2026,26-Feb 1pm,3967.5825
1357,3,Tamil Nadu - 2026,26-Feb 1pm,3967.5825
1357,4,Tamil Nadu - 2026,26-Feb 1pm,3967.5825
1358,1,Tamil Nadu - 2026,26-Feb 2pm,3933.5925
1358,2,Tamil Nadu - 2026,26-Feb 2pm,3933.5925
1358,3,Tamil Nadu - 2026,26-Feb 2pm,3933.5925
1358,4,Tamil Nadu - 2026,26-Feb 2pm,3933.5925
1359,1,Tamil Nadu - 2026,26-Feb 3pm,4148.0175
1359,2,Tamil Nadu - 2026,26-Feb 3pm,4148.0175
1359,3,Tamil Nadu - 2026,26-Feb 3pm,4148.0175
1359,4,Tamil Nadu - 2026,26-Feb 3pm,4148.0175
1360,1,Tamil Nadu - 2026,26-Feb 4pm,4364.9575
1360,2,Tamil Nadu - 2026,26-Feb 4pm,4364.9575
1360,3,Tamil Nadu - 2026,26-Feb 4pm,4364.9575
1360,4,Tamil Nadu - 2026,26-Feb 4pm,4364.9575
1361,1,Tamil Nadu - 2026,26-Feb 5pm,4645.6175
1361,2,Tamil Nadu - 2026,26-Feb 5pm,4645.6175
1361,3,Tamil Nadu - 2026,26-Feb 5pm,4645.6175
1361,4,Tamil Nadu - 2026,26-Feb 5pm,4645.6175
1362,1,Tamil Nadu - 2026,26-Feb 6pm,4544.2725
1362,2,Tamil Nadu - 2026,26-Feb 6pm,4544.2725
1362,3,Tamil Nadu - 2026,26-Feb 6pm,4544.2725
1362,4,Tamil Nadu - 2026,26-Feb 6pm,4544.2725
1363,1,Tamil Nadu - 2026,26-Feb 7pm,4545.9775
1363,2,Tamil Nadu - 2026,26-Feb 7pm,4545.9775
1363,3,Tamil Nadu - 2026,26-Feb 7pm,4545.9775
1363,4,Tamil Nadu - 2026,26-Feb 7pm,4545.9775
1364,1,Tamil Nadu - 2026,26-Feb 8pm,4391.63
1364,2,Tamil Nadu - 2026,26-Feb 8pm,4391.63
1364,3,Tamil Nadu - 2026,26-Feb 8pm,4391.63
1364,4,Tamil Nadu - 2026,26-Feb 8pm,4391.63
1365,1,Tamil Nadu - 2026,26-Feb 9pm,4254.965
1365,2,Tamil Nadu - 2026,26-Feb 9pm,4254.965
1365,3,Tamil Nadu - 2026,26-Feb 9pm,4254.965
1365,4,Tamil Nadu - 2026,26-Feb 9pm,4254.965
1366,1,Tamil Nadu - 2026,26-Feb 10pm,4189.85
1366,2,Tamil Nadu - 2026,26-Feb 10pm,4189.85
1366,3,Tamil Nadu - 2026,26-Feb 10pm,4189.85
1366,4,Tamil Nadu - 2026,26-Feb 10pm,4189.85
1367,1,Tamil Nadu - 2026,26-Feb 11pm,4037.4075
1367,2,Tamil Nadu - 2026,26-Feb 11pm,4037.4075
1367,3,Tamil Nadu - 2026,26-Feb 11pm,4037.4075
1367,4,Tamil Nadu - 2026,26-Feb 11pm,4037.4075
1368,1,Tamil Nadu - 2026,27-Feb 12am,3828.775
1368,2,Tamil Nadu - 2026,27-Feb 12am,3828.775
1368,3,Tamil Nadu - 2026,27-Feb 12am,3828.775
1368,4,Tamil Nadu - 2026,27-Feb 12am,3828.775
1369,1,Tamil Nadu - 2026,27-Feb 1am,3761.2325
1369,2,Tamil Nadu - 2026,27-Feb 1am,3761.2325
1369,3,Tamil Nadu - 2026,27-Feb 1am,3761.2325
1369,4,Tamil Nadu - 2026,27-Feb 1am,3761.2325
1370,1,Tamil Nadu - 2026,27-Feb 2am,3685.61
1370,2,Tamil Nadu - 2026,27-Feb 2am,3685.61
1370,3,Tamil Nadu - 2026,27-Feb 2am,3685.61
1370,4,Tamil Nadu - 2026,27-Feb 2am,3685.61
1371,1,Tamil Nadu - 2026,27-Feb 3am,3611.625
1371,2,Tamil Nadu - 2026,27-Feb 3am,3611.625
1371,3,Tamil Nadu - 2026,27-Feb 3am,3611.625
1371,4,Tamil Nadu - 2026,27-Feb 3am,3611.625
1372,1,Tamil Nadu - 2026,27-Feb 4am,3613.735
1372,2,Tamil Nadu - 2026,27-Feb 4am,3613.735
1372,3,Tamil Nadu - 2026,27-Feb 4am,3613.735
1372,4,Tamil Nadu - 2026,27-Feb 4am,3613.735
1373,1,Tamil Nadu - 2026,27-Feb 5am,3682.7725
1373,2,Tamil Nadu - 2026,27-Feb 5am,3682.7725
1373,3,Tamil Nadu - 2026,27-Feb 5am,3682.7725
1373,4,Tamil Nadu - 2026,27-Feb 5am,3682.7725
1374,1,Tamil Nadu - 2026,27-Feb 6am,3872.3925
1374,2,Tamil Nadu - 2026,27-Feb 6am,3872.3925
1374,3,Tamil Nadu - 2026,27-Feb 6am,3872.3925
1374,4,Tamil Nadu - 2026,27-Feb 6am,3872.3925
1375,1,Tamil Nadu - 2026,27-Feb 7am,4437.4025
1375,2,Tamil Nadu - 2026,27-Feb 7am,4437.4025
1375,3,Tamil Nadu - 2026,27-Feb 7am,4437.4025
1375,4,Tamil Nadu - 2026,27-Feb 7am,4437.4025
1376,1,Tamil Nadu - 2026,27-Feb 8am,4574.8825
1376,2,Tamil Nadu - 2026,27-Feb 8am,4574.8825
1376,3,Tamil Nadu - 2026,27-Feb 8am,4574.8825
1376,4,Tamil Nadu - 2026,27-Feb 8am,4574.8825
1377,1,Tamil Nadu - 2026,27-Feb 9am,4271.5575
1377,2,Tamil Nadu - 2026,27-Feb 9am,4271.5575
1377,3,Tamil Nadu - 2026,27-Feb 9am,4271.5575
1377,4,Tamil Nadu - 2026,27-Feb 9am,4271.5575
1378,1,Tamil Nadu - 2026,27-Feb 10am,3975.735
1378,2,Tamil Nadu - 2026,27-Feb 10am,3975.735
1378,3,Tamil Nadu - 2026,27-Feb 10am,3975.735
1378,4,Tamil Nadu - 2026,27-Feb 10am,3975.735
1379,1,Tamil Nadu - 2026,27-Feb 11am,4195.905
1379,2,Tamil Nadu - 2026,27-Feb 11am,4195.905
1379,3,Tamil Nadu - 2026,27-Feb 11am,4195.905
1379,4,Tamil Nadu - 2026,27-Feb 11am,4195.905
1380,1,Tamil Nadu - 2026,27-Feb 12pm,4043.875
1380,2,Tamil Nadu - 2026,27-Feb 12pm,4043.875
1380,3,Tamil Nadu - 2026,27-Feb 12pm,4043.875
1380,4,Tamil Nadu - 2026,27-Feb 12pm,4043.875
1381,1,Tamil Nadu - 2026,27-Feb 1pm,3964.1675
1381,2,Tamil Nadu - 2026,27-Feb 1pm,3964.1675
1381,3,Tamil Nadu - 2026,27-Feb 1pm,3964.1675
1381,4,Tamil Nadu - 2026,27-Feb 1pm,3964.1675
1382,1,Tamil Nadu - 2026,27-Feb 2pm,3942.0925
1382,2,Tamil Nadu - 2026,27-Feb 2pm,3942.0925
1382,3,Tamil Nadu - 2026,27-Feb 2pm,3942.0925
1382,4,Tamil Nadu - 2026,27-Feb 2pm,3942.0925
1383,1,Tamil Nadu - 2026,27-Feb 3pm,4068.2275
1383,2,Tamil Nadu - 2026,27-Feb 3pm,4068.2275
1383,3,Tamil Nadu - 2026,27-Feb 3pm,4068.2275
1383,4,Tamil Nadu - 2026,27-Feb 3pm,4068.2275
1384,1,Tamil Nadu - 2026,27-Feb 4pm,4347.35
1384,2,Tamil Nadu - 2026,27-Feb 4pm,4347.35
1384,3,Tamil Nadu - 2026,27-Feb 4pm,4347.35
1384,4,Tamil Nadu - 2026,27-Feb 4pm,4347.35
1385,1,Tamil Nadu - 2026,27-Feb 5pm,4602.62
1385,2,Tamil Nadu - 2026,27-Feb 5pm,4602.62
1385,3,Tamil Nadu - 2026,27-Feb 5pm,4602.62
1385,4,Tamil Nadu - 2026,27-Feb 5pm,4602.62
1386,1,Tamil Nadu - 2026,27-Feb 6pm,4573.2
1386,2,Tamil Nadu - 2026,27-Feb 6pm,4573.2
1386,3,Tamil Nadu - 2026,27-Feb 6pm,4573.2
1386,4,Tamil Nadu - 2026,27-Feb 6pm,4573.2
1387,1,Tamil Nadu - 2026,27-Feb 7pm,4548.2475
1387,2,Tamil Nadu - 2026,27-Feb 7pm,4548.2475
1387,3,Tamil Nadu - 2026,27-Feb 7pm,4548.2475
1387,4,Tamil Nadu - 2026,27-Feb 7pm,4548.2475
1388,1,Tamil Nadu - 2026,27-Feb 8pm,4384.19
1388,2,Tamil Nadu - 2026,27-Feb 8pm,4384.19
1388,3,Tamil Nadu - 2026,27-Feb 8pm,4384.19
1388,4,Tamil Nadu - 2026,27-Feb 8pm,4384.19
1389,1,Tamil Nadu - 2026,27-Feb 9pm,4259.8025
1389,2,Tamil Nadu - 2026,27-Feb 9pm,4259.8025
1389,3,Tamil Nadu - 2026,27-Feb 9pm,4259.8025
1389,4,Tamil Nadu - 2026,27-Feb 9pm,4259.8025
1390,1,Tamil Nadu - 2026,27-Feb 10pm,4180.615
1390,2,Tamil Nadu - 2026,27-Feb 10pm,4180.615
1390,3,Tamil Nadu - 2026,27-Feb 10pm,4180.615
1390,4,Tamil Nadu - 2026,27-Feb 10pm,4180.615
1391,1,Tamil Nadu - 2026,27-Feb 11pm,4028.82
1391,2,Tamil Nadu - 2026,27-Feb 11pm,4028.82
1391,3,Tamil Nadu - 2026,27-Feb 11pm,4028.82
1391,4,Tamil Nadu - 2026,27-Feb 11pm,4028.82
1392,1,Tamil Nadu - 2026,28-Feb 12am,3724.3325
1392,2,Tamil Nadu - 2026,28-Feb 12am,3724.3325
1392,3,Tamil Nadu - 2026,28-Feb 12am,3724.3325
1392,4,Tamil Nadu - 2026,28-Feb 12am,3724.3325
1393,1,Tamil Nadu - 2026,28-Feb 1am,3765.415
1393,2,Tamil Nadu - 2026,28-Feb 1am,3765.415
1393,3,Tamil Nadu - 2026,28-Feb 1am,3765.415
1393,4,Tamil Nadu - 2026,28-Feb 1am,3765.415
1394,1,Tamil Nadu - 2026,28-Feb 2am,3418.4425
1394,2,Tamil Nadu - 2026,28-Feb 2am,3418.4425
1394,3,Tamil Nadu - 2026,28-Feb 2am,3418.4425
1394,4,Tamil Nadu - 2026,28-Feb 2am,3418.4425
1395,1,Tamil Nadu - 2026,28-Feb 3am,3479.3925
1395,2,Tamil Nadu - 2026,28-Feb 3am,3479.3925
1395,3,Tamil Nadu - 2026,28-Feb 3am,3479.3925
1395,4,Tamil Nadu - 2026,28-Feb 3am,3479.3925
1396,1,Tamil Nadu - 2026,28-Feb 4am,3468.1025
1396,2,Tamil Nadu - 2026,28-Feb 4am,3468.1025
1396,3,Tamil Nadu - 2026,28-Feb 4am,3468.1025
1396,4,Tamil Nadu - 2026,28-Feb 4am,3468.1025
1397,1,Tamil Nadu - 2026,28-Feb 5am,3593.03
1397,2,Tamil Nadu - 2026,28-Feb 5am,3593.03
1397,3,Tamil Nadu - 2026,28-Feb 5am,3593.03
1397,4,Tamil Nadu - 2026,28-Feb 5am,3593.03
1398,1,Tamil Nadu - 2026,28-Feb 6am,3773.1875
1398,2,Tamil Nadu - 2026,28-Feb 6am,3773.1875
1398,3,Tamil Nadu - 2026,28-Feb 6am,3773.1875
1398,4,Tamil Nadu - 2026,28-Feb 6am,3773.1875
1399,1,Tamil Nadu - 2026,28-Feb 7am,4164.8275
1399,2,Tamil Nadu - 2026,28-Feb 7am,4164.8275
1399,3,Tamil Nadu - 2026,28-Feb 7am,4164.8275
1399,4,Tamil Nadu - 2026,28-Feb 7am,4164.8275
1400,1,Tamil Nadu - 2026,28-Feb 8am,4349.07
1400,2,Tamil Nadu - 2026,28-Feb 8am,4349.07
1400,3,Tamil Nadu - 2026,28-Feb 8am,4349.07
1400,4,Tamil Nadu - 2026,28-Feb 8am,4349.07
1401,1,Tamil Nadu - 2026,28-Feb 9am,4267.5525
1401,2,Tamil Nadu - 2026,28-Feb 9am,4267.5525
1401,3,Tamil Nadu - 2026,28-Feb 9am,4267.5525
1401,4,Tamil Nadu - 2026,28-Feb 9am,4267.5525
1402,1,Tamil Nadu - 2026,28-Feb 10am,4144.2325
1402,2,Tamil Nadu - 2026,28-Feb 10am,4144.2325
1402,3,Tamil Nadu - 2026,28-Feb 10am,4144.2325
1402,4,Tamil Nadu - 2026,28-Feb 10am,4144.2325
1403,1,Tamil Nadu - 2026,28-Feb 11am,4095.345
1403,2,Tamil Nadu - 2026,28-Feb 11am,4095.345
1403,3,Tamil Nadu - 2026,28-Feb 11am,4095.345
1403,4,Tamil Nadu - 2026,28-Feb 11am,4095.345
1404,1,Tamil Nadu - 2026,28-Feb 12pm,4052.055
1404,2,Tamil Nadu - 2026,28-Feb 12pm,4052.055
1404,3,Tamil Nadu - 2026,28-Feb 12pm,4052.055
1404,4,Tamil Nadu - 2026,28-Feb 12pm,4052.055
1405,1,Tamil Nadu - 2026,28-Feb 1pm,3967.6475
1405,2,Tamil Nadu - 2026,28-Feb 1pm,3967.6475
1405,3,Tamil Nadu - 2026,28-Feb 1pm,3967.6475
1405,4,Tamil Nadu - 2026,28-Feb 1pm,3967.6475
1406,1,Tamil Nadu - 2026,28-Feb 2pm,3880.845
1406,2,Tamil Nadu - 2026,28-Feb 2pm,3880.845
1406,3,Tamil Nadu - 2026,28-Feb 2pm,3880.845
1406,4,Tamil Nadu - 2026,28-Feb 2pm,3880.845
1407,1,Tamil Nadu - 2026,28-Feb 3pm,4099.615
1407,2,Tamil Nadu - 2026,28-Feb 3pm,4099.615
1407,3,Tamil Nadu - 2026,28-Feb 3pm,4099.615
1407,4,Tamil Nadu - 2026,28-Feb 3pm,4099.615
1408,1,Tamil Nadu - 2026,28-Feb 4pm,4357.5625
1408,2,Tamil Nadu - 2026,28-Feb 4pm,4357.5625
1408,3,Tamil Nadu - 2026,28-Feb 4pm,4357.5625
1408,4,Tamil Nadu - 2026,28-Feb 4pm,4357.5625
1409,1,Tamil Nadu - 2026,28-Feb 5pm,4614.3975
1409,2,Tamil Nadu - 2026,28-Feb 5pm,4614.3975
1409,3,Tamil Nadu - 2026,28-Feb 5pm,4614.3975
1409,4,Tamil Nadu - 2026,28-Feb 5pm,4614.3975
1410,1,Tamil Nadu - 2026,28-Feb 6pm,4453.295
1410,2,Tamil Nadu - 2026,28-Feb 6pm,4453.295
1410,3,Tamil Nadu - 2026,28-Feb 6pm,4453.295
1410,4,Tamil Nadu - 2026,28-Feb 6pm,4453.295
1411,1,Tamil Nadu - 2026,28-Feb 7pm,4498.955
1411,2,Tamil Nadu - 2026,28-Feb 7pm,4498.955
1411,3,Tamil Nadu - 2026,28-Feb 7pm,4498.955
1411,4,Tamil Nadu - 2026,28-Feb 7pm,4498.955
1412,1,Tamil Nadu - 2026,28-Feb 8pm,4279.4775
1412,2,Tamil Nadu - 2026,28-Feb 8pm,4279.4775
1412,3,Tamil Nadu - 2026,28-Feb 8pm,4279.4775
1412,4,Tamil Nadu - 2026,28-Feb 8pm,4279.4775
1413,1,Tamil Nadu - 2026,28-Feb 9pm,4174.3225
1413,2,Tamil Nadu - 2026,28-Feb 9pm,4174.3225
1413,3,Tamil Nadu - 2026,28-Feb 9pm,4174.3225
1413,4,Tamil Nadu - 2026,28-Feb 9pm,4174.3225
1414,1,Tamil Nadu - 2026,28-Feb 10pm,4114.8275
1414,2,Tamil Nadu - 2026,28-Feb 10pm,4114.8275
1414,3,Tamil Nadu - 2026,28-Feb 10pm,4114.8275
1414,4,Tamil Nadu - 2026,28-Feb 10pm,4114.8275
1415,1,Tamil Nadu - 2026,28-Feb 11pm,4024.6425
1415,2,Tamil Nadu - 2026,28-Feb 11pm,4024.6425
1415,3,Tamil Nadu - 2026,28-Feb 11pm,4024.6425
1415,4,Tamil Nadu - 2026,28-Feb 11pm,4024.6425
1416,1,Tamil Nadu - 2026,01-Mar 12am,3288.6725
1416,2,Tamil Nadu - 2026,01-Mar 12am,3288.6725
1416,3,Tamil Nadu - 2026,01-Mar 12am,3288.6725
1416,4,Tamil Nadu - 2026,01-Mar 12am,3288.6725
1417,1,Tamil Nadu - 2026,01-Mar 1am,3232.4425
1417,2,Tamil Nadu - 2026,01-Mar 1am,3232.4425
1417,3,Tamil Nadu - 2026,01-Mar 1am,3232.4425
1417,4,Tamil Nadu - 2026,01-Mar 1am,3232.4425
1418,1,Tamil Nadu - 2026,01-Mar 2am,3172.655
1418,2,Tamil Nadu - 2026,01-Mar 2am,3172.655
1418,3,Tamil Nadu - 2026,01-Mar 2am,3172.655
1418,4,Tamil Nadu - 2026,01-Mar 2am,3172.655
1419,1,Tamil Nadu - 2026,01-Mar 3am,3125.645
1419,2,Tamil Nadu - 2026,01-Mar 3am,3125.645
1419,3,Tamil Nadu - 2026,01-Mar 3am,3125.645
1419,4,Tamil Nadu - 2026,01-Mar 3am,3125.645
1420,1,Tamil Nadu - 2026,01-Mar 4am,3161.315
1420,2,Tamil Nadu - 2026,01-Mar 4am,3161.315
1420,3,Tamil Nadu - 2026,01-Mar 4am,3161.315
1420,4,Tamil Nadu - 2026,01-Mar 4am,3161.315
1421,1,Tamil Nadu - 2026,01-Mar 5am,3264.2875
1421,2,Tamil Nadu - 2026,01-Mar 5am,3264.2875
1421,3,Tamil Nadu - 2026,01-Mar 5am,3264.2875
1421,4,Tamil Nadu - 2026,01-Mar 5am,3264.2875
1422,1,Tamil Nadu - 2026,01-Mar 6am,3367.98
1422,2,Tamil Nadu - 2026,01-Mar 6am,3367.98
1422,3,Tamil Nadu - 2026,01-Mar 6am,3367.98
1422,4,Tamil Nadu - 2026,01-Mar 6am,3367.98
1423,1,Tamil Nadu - 2026,01-Mar 7am,3644.78
1423,2,Tamil Nadu - 2026,01-Mar 7am,3644.78
1423,3,Tamil Nadu - 2026,01-Mar 7am,3644.78
1423,4,Tamil Nadu - 2026,01-Mar 7am,3644.78
1424,1,Tamil Nadu - 2026,01-Mar 8am,3797.9975
1424,2,Tamil Nadu - 2026,01-Mar 8am,3797.9975
1424,3,Tamil Nadu - 2026,01-Mar 8am,3797.9975
1424,4,Tamil Nadu - 2026,01-Mar 8am,3797.9975
1425,1,Tamil Nadu - 2026,01-Mar 9am,4046.1875
1425,2,Tamil Nadu - 2026,01-Mar 9am,4046.1875
1425,3,Tamil Nadu - 2026,01-Mar 9am,4046.1875
1425,4,Tamil Nadu - 2026,01-Mar 9am,4046.1875
1426,1,Tamil Nadu - 2026,01-Mar 10am,4108.31
1426,2,Tamil Nadu - 2026,01-Mar 10am,4108.31
1426,3,Tamil Nadu - 2026,01-Mar 10am,4108.31
1426,4,Tamil Nadu - 2026,01-Mar 10am,4108.31
1427,1,Tamil Nadu - 2026,01-Mar 11am,4004.2325
1427,2,Tamil Nadu - 2026,01-Mar 11am,4004.2325
1427,3,Tamil Nadu - 2026,01-Mar 11am,4004.2325
1427,4,Tamil Nadu - 2026,01-Mar 11am,4004.2325
1428,1,Tamil Nadu - 2026,01-Mar 12pm,3956.2575
1428,2,Tamil Nadu - 2026,01-Mar 12pm,3956.2575
1428,3,Tamil Nadu - 2026,01-Mar 12pm,3956.2575
1428,4,Tamil Nadu - 2026,01-Mar 12pm,3956.2575
1429,1,Tamil Nadu - 2026,01-Mar 1pm,3926.755
1429,2,Tamil Nadu - 2026,01-Mar 1pm,3926.755
1429,3,Tamil Nadu - 2026,01-Mar 1pm,3926.755
1429,4,Tamil Nadu - 2026,01-Mar 1pm,3926.755
1430,1,Tamil Nadu - 2026,01-Mar 2pm,3676.795
1430,2,Tamil Nadu - 2026,01-Mar 2pm,3676.795
1430,3,Tamil Nadu - 2026,01-Mar 2pm,3676.795
1430,4,Tamil Nadu - 2026,01-Mar 2pm,3676.795
1431,1,Tamil Nadu - 2026,01-Mar 3pm,3762.965
1431,2,Tamil Nadu - 2026,01-Mar 3pm,3762.965
1431,3,Tamil Nadu - 2026,01-Mar 3pm,3762.965
1431,4,Tamil Nadu - 2026,01-Mar 3pm,3762.965
1432,1,Tamil Nadu - 2026,01-Mar 4pm,3776.195
1432,2,Tamil Nadu - 2026,01-Mar 4pm,3776.195
1432,3,Tamil Nadu - 2026,01-Mar 4pm,3776.195
1432,4,Tamil Nadu - 2026,01-Mar 4pm,3776.195
1433,1,Tamil Nadu - 2026,01-Mar 5pm,3653.7025
1433,2,Tamil Nadu - 2026,01-Mar 5pm,3653.7025
1433,3,Tamil Nadu - 2026,01-Mar 5pm,3653.7025
1433,4,Tamil Nadu - 2026,01-Mar 5pm,3653.7025
1434,1,Tamil Nadu - 2026,01-Mar 6pm,3761.08
1434,2,Tamil Nadu - 2026,01-Mar 6pm,3761.08
1434,3,Tamil Nadu - 2026,01-Mar 6pm,3761.08
1434,4,Tamil Nadu - 2026,01-Mar 6pm,3761.08
1435,1,Tamil Nadu - 2026,01-Mar 7pm,3716.3025
1435,2,Tamil Nadu - 2026,01-Mar 7pm,3716.3025
1435,3,Tamil Nadu - 2026,01-Mar 7pm,3716.3025
1435,4,Tamil Nadu - 2026,01-Mar 7pm,3716.3025
1436,1,Tamil Nadu - 2026,01-Mar 8pm,3544.0125
1436,2,Tamil Nadu - 2026,01-Mar 8pm,3544.0125
1436,3,Tamil Nadu - 2026,01-Mar 8pm,3544.0125
1436,4,Tamil Nadu - 2026,01-Mar 8pm,3544.0125
1437,1,Tamil Nadu - 2026,01-Mar 9pm,3401.1025
1437,2,Tamil Nadu - 2026,01-Mar 9pm,3401.1025
1437,3,Tamil Nadu - 2026,01-Mar 9pm,3401.1025
1437,4,Tamil Nadu - 2026,01-Mar 9pm,3401.1025
1438,1,Tamil Nadu - 2026,01-Mar 10pm,3244.98
1438,2,Tamil Nadu - 2026,01-Mar 10pm,3244.98
1438,3,Tamil Nadu - 2026,01-Mar 10pm,3244.98
1438,4,Tamil Nadu - 2026,01-Mar 10pm,3244.98
1439,1,Tamil Nadu - 2026,01-Mar 11pm,3087.49
1439,2,Tamil Nadu - 2026,01-Mar 11pm,3087.49
1439,3,Tamil Nadu - 2026,01-Mar 11pm,3087.49
1439,4,Tamil Nadu - 2026,01-Mar 11pm,3087.49
1440,1,Tamil Nadu - 2026,02-Mar 12am,3038.475
1440,2,Tamil Nadu - 2026,02-Mar 12am,3038.475
1440,3,Tamil Nadu - 2026,02-Mar 12am,3038.475
1440,4,Tamil Nadu - 2026,02-Mar 12am,3038.475
1441,1,Tamil Nadu - 2026,02-Mar 1am,2976.3225
1441,2,Tamil Nadu - 2026,02-Mar 1am,2976.3225
1441,3,Tamil Nadu - 2026,02-Mar 1am,2976.3225
1441,4,Tamil Nadu - 2026,02-Mar 1am,2976.3225
1442,1,Tamil Nadu - 2026,02-Mar 2am,2939.705
1442,2,Tamil Nadu - 2026,02-Mar 2am,2939.705
1442,3,Tamil Nadu - 2026,02-Mar 2am,2939.705
1442,4,Tamil Nadu - 2026,02-Mar 2am,2939.705
1443,1,Tamil Nadu - 2026,02-Mar 3am,2929.1825
1443,2,Tamil Nadu - 2026,02-Mar 3am,2929.1825
1443,3,Tamil Nadu - 2026,02-Mar 3am,2929.1825
1443,4,Tamil Nadu - 2026,02-Mar 3am,2929.1825
1444,1,Tamil Nadu - 2026,02-Mar 4am,2945.6675
1444,2,Tamil Nadu - 2026,02-Mar 4am,2945.6675
1444,3,Tamil Nadu - 2026,02-Mar 4am,2945.6675
1444,4,Tamil Nadu - 2026,02-Mar 4am,2945.6675
1445,1,Tamil Nadu - 2026,02-Mar 5am,3074.2775
1445,2,Tamil Nadu - 2026,02-Mar 5am,3074.2775
1445,3,Tamil Nadu - 2026,02-Mar 5am,3074.2775
1445,4,Tamil Nadu - 2026,02-Mar 5am,3074.2775
1446,1,Tamil Nadu - 2026,02-Mar 6am,3240.28
1446,2,Tamil Nadu - 2026,02-Mar 6am,3240.28
1446,3,Tamil Nadu - 2026,02-Mar 6am,3240.28
1446,4,Tamil Nadu - 2026,02-Mar 6am,3240.28
1447,1,Tamil Nadu - 2026,02-Mar 7am,3717.3425
1447,2,Tamil Nadu - 2026,02-Mar 7am,3717.3425
1447,3,Tamil Nadu - 2026,02-Mar 7am,3717.3425
1447,4,Tamil Nadu - 2026,02-Mar 7am,3717.3425
1448,1,Tamil Nadu - 2026,02-Mar 8am,3987.6825
1448,2,Tamil Nadu - 2026,02-Mar 8am,3987.6825
1448,3,Tamil Nadu - 2026,02-Mar 8am,3987.6825
1448,4,Tamil Nadu - 2026,02-Mar 8am,3987.6825
1449,1,Tamil Nadu - 2026,02-Mar 9am,4159.45
1449,2,Tamil Nadu - 2026,02-Mar 9am,4159.45
1449,3,Tamil Nadu - 2026,02-Mar 9am,4159.45
1449,4,Tamil Nadu - 2026,02-Mar 9am,4159.45
1450,1,Tamil Nadu - 2026,02-Mar 10am,4250.5075
1450,2,Tamil Nadu - 2026,02-Mar 10am,4250.5075
1450,3,Tamil Nadu - 2026,02-Mar 10am,4250.5075
1450,4,Tamil Nadu - 2026,02-Mar 10am,4250.5075
1451,1,Tamil Nadu - 2026,02-Mar 11am,4188.76
1451,2,Tamil Nadu - 2026,02-Mar 11am,4188.76
1451,3,Tamil Nadu - 2026,02-Mar 11am,4188.76
1451,4,Tamil Nadu - 2026,02-Mar 11am,4188.76
1452,1,Tamil Nadu - 2026,02-Mar 12pm,4145.785
1452,2,Tamil Nadu - 2026,02-Mar 12pm,4145.785
1452,3,Tamil Nadu - 2026,02-Mar 12pm,4145.785
1452,4,Tamil Nadu - 2026,02-Mar 12pm,4145.785
1453,1,Tamil Nadu - 2026,02-Mar 1pm,4115.2525
1453,2,Tamil Nadu - 2026,02-Mar 1pm,4115.2525
1453,3,Tamil Nadu - 2026,02-Mar 1pm,4115.2525
1453,4,Tamil Nadu - 2026,02-Mar 1pm,4115.2525
1454,1,Tamil Nadu - 2026,02-Mar 2pm,4044.0625
1454,2,Tamil Nadu - 2026,02-Mar 2pm,4044.0625
1454,3,Tamil Nadu - 2026,02-Mar 2pm,4044.0625
1454,4,Tamil Nadu - 2026,02-Mar 2pm,4044.0625
1455,1,Tamil Nadu - 2026,02-Mar 3pm,4095.475
1455,2,Tamil Nadu - 2026,02-Mar 3pm,4095.475
1455,3,Tamil Nadu - 2026,02-Mar 3pm,4095.475
1455,4,Tamil Nadu - 2026,02-Mar 3pm,4095.475
1456,1,Tamil Nadu - 2026,02-Mar 4pm,4201.56
1456,2,Tamil Nadu - 2026,02-Mar 4pm,4201.56
1456,3,Tamil Nadu - 2026,02-Mar 4pm,4201.56
1456,4,Tamil Nadu - 2026,02-Mar 4pm,4201.56
1457,1,Tamil Nadu - 2026,02-Mar 5pm,4297.4875
1457,2,Tamil Nadu - 2026,02-Mar 5pm,4297.4875
1457,3,Tamil Nadu - 2026,02-Mar 5pm,4297.4875
1457,4,Tamil Nadu - 2026,02-Mar 5pm,4297.4875
1458,1,Tamil Nadu - 2026,02-Mar 6pm,4228.49
1458,2,Tamil Nadu - 2026,02-Mar 6pm,4228.49
1458,3,Tamil Nadu - 2026,02-Mar 6pm,4228.49
1458,4,Tamil Nadu - 2026,02-Mar 6pm,4228.49
1459,1,Tamil Nadu - 2026,02-Mar 7pm,4164.66
1459,2,Tamil Nadu - 2026,02-Mar 7pm,4164.66
1459,3,Tamil Nadu - 2026,02-Mar 7pm,4164.66
1459,4,Tamil Nadu - 2026,02-Mar 7pm,4164.66
1460,1,Tamil Nadu - 2026,02-Mar 8pm,3899.245
1460,2,Tamil Nadu - 2026,02-Mar 8pm,3899.245
1460,3,Tamil Nadu - 2026,02-Mar 8pm,3899.245
1460,4,Tamil Nadu - 2026,02-Mar 8pm,3899.245
1461,1,Tamil Nadu - 2026,02-Mar 9pm,3711.3275
1461,2,Tamil Nadu - 2026,02-Mar 9pm,3711.3275
1461,3,Tamil Nadu - 2026,02-Mar 9pm,3711.3275
1461,4,Tamil Nadu - 2026,02-Mar 9pm,3711.3275
1462,1,Tamil Nadu - 2026,02-Mar 10pm,3508.15
1462,2,Tamil Nadu - 2026,02-Mar 10pm,3508.15
1462,3,Tamil Nadu - 2026,02-Mar 10pm,3508.15
1462,4,Tamil Nadu - 2026,02-Mar 10pm,3508.15
1463,1,Tamil Nadu - 2026,02-Mar 11pm,3342.7625
1463,2,Tamil Nadu - 2026,02-Mar 11pm,3342.7625
1463,3,Tamil Nadu - 2026,02-Mar 11pm,3342.7625
1463,4,Tamil Nadu - 2026,02-Mar 11pm,3342.7625
1464,1,Tamil Nadu - 2026,03-Mar 12am,3246.7125
1464,2,Tamil Nadu - 2026,03-Mar 12am,3246.7125
1464,3,Tamil Nadu - 2026,03-Mar 12am,3246.7125
1464,4,Tamil Nadu - 2026,03-Mar 12am,3246.7125
1465,1,Tamil Nadu - 2026,03-Mar 1am,3164.645
1465,2,Tamil Nadu - 2026,03-Mar 1am,3164.645
1465,3,Tamil Nadu - 2026,03-Mar 1am,3164.645
1465,4,Tamil Nadu - 2026,03-Mar 1am,3164.645
1466,1,Tamil Nadu - 2026,03-Mar 2am,3099.6275
1466,2,Tamil Nadu - 2026,03-Mar 2am,3099.6275
1466,3,Tamil Nadu - 2026,03-Mar 2am,3099.6275
1466,4,Tamil Nadu - 2026,03-Mar 2am,3099.6275
1467,1,Tamil Nadu - 2026,03-Mar 3am,3093.1375
1467,2,Tamil Nadu - 2026,03-Mar 3am,3093.1375
1467,3,Tamil Nadu - 2026,03-Mar 3am,3093.1375
1467,4,Tamil Nadu - 2026,03-Mar 3am,3093.1375
1468,1,Tamil Nadu - 2026,03-Mar 4am,3112.61
1468,2,Tamil Nadu - 2026,03-Mar 4am,3112.61
1468,3,Tamil Nadu - 2026,03-Mar 4am,3112.61
1468,4,Tamil Nadu - 2026,03-Mar 4am,3112.61
1469,1,Tamil Nadu - 2026,03-Mar 5am,3227.3325
1469,2,Tamil Nadu - 2026,03-Mar 5am,3227.3325
1469,3,Tamil Nadu - 2026,03-Mar 5am,3227.3325
1469,4,Tamil Nadu - 2026,03-Mar 5am,3227.3325
1470,1,Tamil Nadu - 2026,03-Mar 6am,3339.45
1470,2,Tamil Nadu - 2026,03-Mar 6am,3339.45
1470,3,Tamil Nadu - 2026,03-Mar 6am,3339.45
1470,4,Tamil Nadu - 2026,03-Mar 6am,3339.45
1471,1,Tamil Nadu - 2026,03-Mar 7am,3715.3775
1471,2,Tamil Nadu - 2026,03-Mar 7am,3715.3775
1471,3,Tamil Nadu - 2026,03-Mar 7am,3715.3775
1471,4,Tamil Nadu - 2026,03-Mar 7am,3715.3775
1472,1,Tamil Nadu - 2026,03-Mar 8am,3952.8325
1472,2,Tamil Nadu - 2026,03-Mar 8am,3952.8325
1472,3,Tamil Nadu - 2026,03-Mar 8am,3952.8325
1472,4,Tamil Nadu - 2026,03-Mar 8am,3952.8325
1473,1,Tamil Nadu - 2026,03-Mar 9am,4090.34
1473,2,Tamil Nadu - 2026,03-Mar 9am,4090.34
1473,3,Tamil Nadu - 2026,03-Mar 9am,4090.34
1473,4,Tamil Nadu - 2026,03-Mar 9am,4090.34
1474,1,Tamil Nadu - 2026,03-Mar 10am,3890.9975
1474,2,Tamil Nadu - 2026,03-Mar 10am,3890.9975
1474,3,Tamil Nadu - 2026,03-Mar 10am,3890.9975
1474,4,Tamil Nadu - 2026,03-Mar 10am,3890.9975
1475,1,Tamil Nadu - 2026,03-Mar 11am,3789.9775
1475,2,Tamil Nadu - 2026,03-Mar 11am,3789.9775
1475,3,Tamil Nadu - 2026,03-Mar 11am,3789.9775
1475,4,Tamil Nadu - 2026,03-Mar 11am,3789.9775
1476,1,Tamil Nadu - 2026,03-Mar 12pm,3837.3575
1476,2,Tamil Nadu - 2026,03-Mar 12pm,3837.3575
1476,3,Tamil Nadu - 2026,03-Mar 12pm,3837.3575
1476,4,Tamil Nadu - 2026,03-Mar 12pm,3837.3575
1477,1,Tamil Nadu - 2026,03-Mar 1pm,3690.7025
1477,2,Tamil Nadu - 2026,03-Mar 1pm,3690.7025
1477,3,Tamil Nadu - 2026,03-Mar 1pm,3690.7025
1477,4,Tamil Nadu - 2026,03-Mar 1pm,3690.7025
1478,1,Tamil Nadu - 2026,03-Mar 2pm,3657.5775
1478,2,Tamil Nadu - 2026,03-Mar 2pm,3657.5775
1478,3,Tamil Nadu - 2026,03-Mar 2pm,3657.5775
1478,4,Tamil Nadu - 2026,03-Mar 2pm,3657.5775
1479,1,Tamil Nadu - 2026,03-Mar 3pm,3750.0925
1479,2,Tamil Nadu - 2026,03-Mar 3pm,3750.0925
1479,3,Tamil Nadu - 2026,03-Mar 3pm,3750.0925
1479,4,Tamil Nadu - 2026,03-Mar 3pm,3750.0925
1480,1,Tamil Nadu - 2026,03-Mar 4pm,3855.37
1480,2,Tamil Nadu - 2026,03-Mar 4pm,3855.37
1480,3,Tamil Nadu - 2026,03-Mar 4pm,3855.37
1480,4,Tamil Nadu - 2026,03-Mar 4pm,3855.37
1481,1,Tamil Nadu - 2026,03-Mar 5pm,4157.14
1481,2,Tamil Nadu - 2026,03-Mar 5pm,4157.14
1481,3,Tamil Nadu - 2026,03-Mar 5pm,4157.14
1481,4,Tamil Nadu - 2026,03-Mar 5pm,4157.14
1482,1,Tamil Nadu - 2026,03-Mar 6pm,4144.9525
1482,2,Tamil Nadu - 2026,03-Mar 6pm,4144.9525
1482,3,Tamil Nadu - 2026,03-Mar 6pm,4144.9525
1482,4,Tamil Nadu - 2026,03-Mar 6pm,4144.9525
1483,1,Tamil Nadu - 2026,03-Mar 7pm,4063.96
1483,2,Tamil Nadu - 2026,03-Mar 7pm,4063.96
1483,3,Tamil Nadu - 2026,03-Mar 7pm,4063.96
1483,4,Tamil Nadu - 2026,03-Mar 7pm,4063.96
1484,1,Tamil Nadu - 2026,03-Mar 8pm,3778.7525
1484,2,Tamil Nadu - 2026,03-Mar 8pm,3778.7525
1484,3,Tamil Nadu - 2026,03-Mar 8pm,3778.7525
1484,4,Tamil Nadu - 2026,03-Mar 8pm,3778.7525
1485,1,Tamil Nadu - 2026,03-Mar 9pm,3636.05
1485,2,Tamil Nadu - 2026,03-Mar 9pm,3636.05
1485,3,Tamil Nadu - 2026,03-Mar 9pm,3636.05
1485,4,Tamil Nadu - 2026,03-Mar 9pm,3636.05
1486,1,Tamil Nadu - 2026,03-Mar 10pm,3424.535
1486,2,Tamil Nadu - 2026,03-Mar 10pm,3424.535
1486,3,Tamil Nadu - 2026,03-Mar 10pm,3424.535
1486,4,Tamil Nadu - 2026,03-Mar 10pm,3424.535
1487,1,Tamil Nadu - 2026,03-Mar 11pm,3213.59
1487,2,Tamil Nadu - 2026,03-Mar 11pm,3213.59
1487,3,Tamil Nadu - 2026,03-Mar 11pm,3213.59
1487,4,Tamil Nadu - 2026,03-Mar 11pm,3213.59
1488,1,Tamil Nadu - 2026,04-Mar 12am,3129.7
1488,2,Tamil Nadu - 2026,04-Mar 12am,3129.7
1488,3,Tamil Nadu - 2026,04-Mar 12am,3129.7
1488,4,Tamil Nadu - 2026,04-Mar 12am,3129.7
1489,1,Tamil Nadu - 2026,04-Mar 1am,3041.7175
1489,2,Tamil Nadu - 2026,04-Mar 1am,3041.7175
1489,3,Tamil Nadu - 2026,04-Mar 1am,3041.7175
1489,4,Tamil Nadu - 2026,04-Mar 1am,3041.7175
1490,1,Tamil Nadu - 2026,04-Mar 2am,2989.03
1490,2,Tamil Nadu - 2026,04-Mar 2am,2989.03
1490,3,Tamil Nadu - 2026,04-Mar 2am,2989.03
1490,4,Tamil Nadu - 2026,04-Mar 2am,2989.03
1491,1,Tamil Nadu - 2026,04-Mar 3am,2987.38
1491,2,Tamil Nadu - 2026,04-Mar 3am,2987.38
1491,3,Tamil Nadu - 2026,04-Mar 3am,2987.38
1491,4,Tamil Nadu - 2026,04-Mar 3am,2987.38
1492,1,Tamil Nadu - 2026,04-Mar 4am,2992.2725
1492,2,Tamil Nadu - 2026,04-Mar 4am,2992.2725
1492,3,Tamil Nadu - 2026,04-Mar 4am,2992.2725
1492,4,Tamil Nadu - 2026,04-Mar 4am,2992.2725
1493,1,Tamil Nadu - 2026,04-Mar 5am,3092.03
1493,2,Tamil Nadu - 2026,04-Mar 5am,3092.03
1493,3,Tamil Nadu - 2026,04-Mar 5am,3092.03
1493,4,Tamil Nadu - 2026,04-Mar 5am,3092.03
1494,1,Tamil Nadu - 2026,04-Mar 6am,3161.0325
1494,2,Tamil Nadu - 2026,04-Mar 6am,3161.0325
1494,3,Tamil Nadu - 2026,04-Mar 6am,3161.0325
1494,4,Tamil Nadu - 2026,04-Mar 6am,3161.0325
1495,1,Tamil Nadu - 2026,04-Mar 7am,3458.6475
1495,2,Tamil Nadu - 2026,04-Mar 7am,3458.6475
1495,3,Tamil Nadu - 2026,04-Mar 7am,3458.6475
1495,4,Tamil Nadu - 2026,04-Mar 7am,3458.6475
1496,1,Tamil Nadu - 2026,04-Mar 8am,3577.52
1496,2,Tamil Nadu - 2026,04-Mar 8am,3577.52
1496,3,Tamil Nadu - 2026,04-Mar 8am,3577.52
1496,4,Tamil Nadu - 2026,04-Mar 8am,3577.52
1497,1,Tamil Nadu - 2026,04-Mar 9am,3653.57
1497,2,Tamil Nadu - 2026,04-Mar 9am,3653.57
1497,3,Tamil Nadu - 2026,04-Mar 9am,3653.57
1497,4,Tamil Nadu - 2026,04-Mar 9am,3653.57
1498,1,Tamil Nadu - 2026,04-Mar 10am,3559.8625
1498,2,Tamil Nadu - 2026,04-Mar 10am,3559.8625
1498,3,Tamil Nadu - 2026,04-Mar 10am,3559.8625
1498,4,Tamil Nadu - 2026,04-Mar 10am,3559.8625
1499,1,Tamil Nadu - 2026,04-Mar 11am,3457.905
1499,2,Tamil Nadu - 2026,04-Mar 11am,3457.905
1499,3,Tamil Nadu - 2026,04-Mar 11am,3457.905
1499,4,Tamil Nadu - 2026,04-Mar 11am,3457.905
1500,1,Tamil Nadu - 2026,04-Mar 12pm,3386.5775
1500,2,Tamil Nadu - 2026,04-Mar 12pm,3386.5775
1500,3,Tamil Nadu - 2026,04-Mar 12pm,3386.5775
1500,4,Tamil Nadu - 2026,04-Mar 12pm,3386.5775
1501,1,Tamil Nadu - 2026,04-Mar 1pm,3294.3275
1501,2,Tamil Nadu - 2026,04-Mar 1pm,3294.3275
1501,3,Tamil Nadu - 2026,04-Mar 1pm,3294.3275
1501,4,Tamil Nadu - 2026,04-Mar 1pm,3294.3275
1502,1,Tamil Nadu - 2026,04-Mar 2pm,3273.585
1502,2,Tamil Nadu - 2026,04-Mar 2pm,3273.585
1502,3,Tamil Nadu - 2026,04-Mar 2pm,3273.585
1502,4,Tamil Nadu - 2026,04-Mar 2pm,3273.585
1503,1,Tamil Nadu - 2026,04-Mar 3pm,3323.01
1503,2,Tamil Nadu - 2026,04-Mar 3pm,3323.01
1503,3,Tamil Nadu - 2026,04-Mar 3pm,3323.01
1503,4,Tamil Nadu - 2026,04-Mar 3pm,3323.01
1504,1,Tamil Nadu - 2026,04-Mar 4pm,3480.9
1504,2,Tamil Nadu - 2026,04-Mar 4pm,3480.9
1504,3,Tamil Nadu - 2026,04-Mar 4pm,3480.9
1504,4,Tamil Nadu - 2026,04-Mar 4pm,3480.9
1505,1,Tamil Nadu - 2026,04-Mar 5pm,3603.825
1505,2,Tamil Nadu - 2026,04-Mar 5pm,3603.825
1505,3,Tamil Nadu - 2026,04-Mar 5pm,3603.825
1505,4,Tamil Nadu - 2026,04-Mar 5pm,3603.825
1506,1,Tamil Nadu - 2026,04-Mar 6pm,3684.23
1506,2,Tamil Nadu - 2026,04-Mar 6pm,3684.23
1506,3,Tamil Nadu - 2026,04-Mar 6pm,3684.23
1506,4,Tamil Nadu - 2026,04-Mar 6pm,3684.23
1507,1,Tamil Nadu - 2026,04-Mar 7pm,3602.8925
1507,2,Tamil Nadu - 2026,04-Mar 7pm,3602.8925
1507,3,Tamil Nadu - 2026,04-Mar 7pm,3602.8925
1507,4,Tamil Nadu - 2026,04-Mar 7pm,3602.8925
1508,1,Tamil Nadu - 2026,04-Mar 8pm,3402.5875
1508,2,Tamil Nadu - 2026,04-Mar 8pm,3402.5875
1508,3,Tamil Nadu - 2026,04-Mar 8pm,3402.5875
1508,4,Tamil Nadu - 2026,04-Mar 8pm,3402.5875
1509,1,Tamil Nadu - 2026,04-Mar 9pm,3262.0325
1509,2,Tamil Nadu - 2026,04-Mar 9pm,3262.0325
1509,3,Tamil Nadu - 2026,04-Mar 9pm,3262.0325
1509,4,Tamil Nadu - 2026,04-Mar 9pm,3262.0325
1510,1,Tamil Nadu - 2026,04-Mar 10pm,3105.5375
1510,2,Tamil Nadu - 2026,04-Mar 10pm,3105.5375
1510,3,Tamil Nadu - 2026,04-Mar 10pm,3105.5375
1510,4,Tamil Nadu - 2026,04-Mar 10pm,3105.5375
1511,1,Tamil Nadu - 2026,04-Mar 11pm,2885.3675
1511,2,Tamil Nadu - 2026,04-Mar 11pm,2885.3675
1511,3,Tamil Nadu - 2026,04-Mar 11pm,2885.3675
1511,4,Tamil Nadu - 2026,04-Mar 11pm,2885.3675
1512,1,Tamil Nadu - 2026,05-Mar 12am,2796.265
1512,2,Tamil Nadu - 2026,05-Mar 12am,2796.265
1512,3,Tamil Nadu - 2026,05-Mar 12am,2796.265
1512,4,Tamil Nadu - 2026,05-Mar 12am,2796.265
1513,1,Tamil Nadu - 2026,05-Mar 1am,2781.015
1513,2,Tamil Nadu - 2026,05-Mar 1am,2781.015
1513,3,Tamil Nadu - 2026,05-Mar 1am,2781.015
1513,4,Tamil Nadu - 2026,05-Mar 1am,2781.015
1514,1,Tamil Nadu - 2026,05-Mar 2am,2771.0275
1514,2,Tamil Nadu - 2026,05-Mar 2am,2771.0275
1514,3,Tamil Nadu - 2026,05-Mar 2am,2771.0275
1514,4,Tamil Nadu - 2026,05-Mar 2am,2771.0275
1515,1,Tamil Nadu - 2026,05-Mar 3am,2713.8025
1515,2,Tamil Nadu - 2026,05-Mar 3am,2713.8025
1515,3,Tamil Nadu - 2026,05-Mar 3am,2713.8025
1515,4,Tamil Nadu - 2026,05-Mar 3am,2713.8025
1516,1,Tamil Nadu - 2026,05-Mar 4am,2755.25
1516,2,Tamil Nadu - 2026,05-Mar 4am,2755.25
1516,3,Tamil Nadu - 2026,05-Mar 4am,2755.25
1516,4,Tamil Nadu - 2026,05-Mar 4am,2755.25
1517,1,Tamil Nadu - 2026,05-Mar 5am,2909.2675
1517,2,Tamil Nadu - 2026,05-Mar 5am,2909.2675
1517,3,Tamil Nadu - 2026,05-Mar 5am,2909.2675
1517,4,Tamil Nadu - 2026,05-Mar 5am,2909.2675
1518,1,Tamil Nadu - 2026,05-Mar 6am,3181.53
1518,2,Tamil Nadu - 2026,05-Mar 6am,3181.53
1518,3,Tamil Nadu - 2026,05-Mar 6am,3181.53
1518,4,Tamil Nadu - 2026,05-Mar 6am,3181.53
1519,1,Tamil Nadu - 2026,05-Mar 7am,3855.2775
1519,2,Tamil Nadu - 2026,05-Mar 7am,3855.2775
1519,3,Tamil Nadu - 2026,05-Mar 7am,3855.2775
1519,4,Tamil Nadu - 2026,05-Mar 7am,3855.2775
1520,1,Tamil Nadu - 2026,05-Mar 8am,3999.3775
1520,2,Tamil Nadu - 2026,05-Mar 8am,3999.3775
1520,3,Tamil Nadu - 2026,05-Mar 8am,3999.3775
1520,4,Tamil Nadu - 2026,05-Mar 8am,3999.3775
1521,1,Tamil Nadu - 2026,05-Mar 9am,3945.205
1521,2,Tamil Nadu - 2026,05-Mar 9am,3945.205
1521,3,Tamil Nadu - 2026,05-Mar 9am,3945.205
1521,4,Tamil Nadu - 2026,05-Mar 9am,3945.205
1522,1,Tamil Nadu - 2026,05-Mar 10am,3921.45
1522,2,Tamil Nadu - 2026,05-Mar 10am,3921.45
1522,3,Tamil Nadu - 2026,05-Mar 10am,3921.45
1522,4,Tamil Nadu - 2026,05-Mar 10am,3921.45
1523,1,Tamil Nadu - 2026,05-Mar 11am,3898.4575
1523,2,Tamil Nadu - 2026,05-Mar 11am,3898.4575
1523,3,Tamil Nadu - 2026,05-Mar 11am,3898.4575
1523,4,Tamil Nadu - 2026,05-Mar 11am,3898.4575
1524,1,Tamil Nadu - 2026,05-Mar 12pm,3833.8175
1524,2,Tamil Nadu - 2026,05-Mar 12pm,3833.8175
1524,3,Tamil Nadu - 2026,05-Mar 12pm,3833.8175
1524,4,Tamil Nadu - 2026,05-Mar 12pm,3833.8175
1525,1,Tamil Nadu - 2026,05-Mar 1pm,3697.2475
1525,2,Tamil Nadu - 2026,05-Mar 1pm,3697.2475
1525,3,Tamil Nadu - 2026,05-Mar 1pm,3697.2475
1525,4,Tamil Nadu - 2026,05-Mar 1pm,3697.2475
1526,1,Tamil Nadu - 2026,05-Mar 2pm,3616.78
1526,2,Tamil Nadu - 2026,05-Mar 2pm,3616.78
1526,3,Tamil Nadu - 2026,05-Mar 2pm,3616.78
1526,4,Tamil Nadu - 2026,05-Mar 2pm,3616.78
1527,1,Tamil Nadu - 2026,05-Mar 3pm,3879.9075
1527,2,Tamil Nadu - 2026,05-Mar 3pm,3879.9075
1527,3,Tamil Nadu - 2026,05-Mar 3pm,3879.9075
1527,4,Tamil Nadu - 2026,05-Mar 3pm,3879.9075
1528,1,Tamil Nadu - 2026,05-Mar 4pm,4023.31
1528,2,Tamil Nadu - 2026,05-Mar 4pm,4023.31
1528,3,Tamil Nadu - 2026,05-Mar 4pm,4023.31
1528,4,Tamil Nadu - 2026,05-Mar 4pm,4023.31
1529,1,Tamil Nadu - 2026,05-Mar 5pm,4309.2925
1529,2,Tamil Nadu - 2026,05-Mar 5pm,4309.2925
1529,3,Tamil Nadu - 2026,05-Mar 5pm,4309.2925
1529,4,Tamil Nadu - 2026,05-Mar 5pm,4309.2925
1530,1,Tamil Nadu - 2026,05-Mar 6pm,4339.7175
1530,2,Tamil Nadu - 2026,05-Mar 6pm,4339.7175
1530,3,Tamil Nadu - 2026,05-Mar 6pm,4339.7175
1530,4,Tamil Nadu - 2026,05-Mar 6pm,4339.7175
1531,1,Tamil Nadu - 2026,05-Mar 7pm,4158.845
1531,2,Tamil Nadu - 2026,05-Mar 7pm,4158.845
1531,3,Tamil Nadu - 2026,05-Mar 7pm,4158.845
1531,4,Tamil Nadu - 2026,05-Mar 7pm,4158.845
1532,1,Tamil Nadu - 2026,05-Mar 8pm,3887.58
1532,2,Tamil Nadu - 2026,05-Mar 8pm,3887.58
1532,3,Tamil Nadu - 2026,05-Mar 8pm,3887.58
1532,4,Tamil Nadu - 2026,05-Mar 8pm,3887.58
1533,1,Tamil Nadu - 2026,05-Mar 9pm,3608.1475
1533,2,Tamil Nadu - 2026,05-Mar 9pm,3608.1475
1533,3,Tamil Nadu - 2026,05-Mar 9pm,3608.1475
1533,4,Tamil Nadu - 2026,05-Mar 9pm,3608.1475
1534,1,Tamil Nadu - 2026,05-Mar 10pm,3391.2125
1534,2,Tamil Nadu - 2026,05-Mar 10pm,3391.2125
1534,3,Tamil Nadu - 2026,05-Mar 10pm,3391.2125
1534,4,Tamil Nadu - 2026,05-Mar 10pm,3391.2125
1535,1,Tamil Nadu - 2026,05-Mar 11pm,3216.835
1535,2,Tamil Nadu - 2026,05-Mar 11pm,3216.835
1535,3,Tamil Nadu - 2026,05-Mar 11pm,3216.835
1535,4,Tamil Nadu - 2026,05-Mar 11pm,3216.835
1536,1,Tamil Nadu - 2026,06-Mar 12am,3124.6775
1536,2,Tamil Nadu - 2026,06-Mar 12am,3124.6775
1536,3,Tamil Nadu - 2026,06-Mar 12am,3124.6775
1536,4,Tamil Nadu - 2026,06-Mar 12am,3124.6775
1537,1,Tamil Nadu - 2026,06-Mar 1am,3093.3425
1537,2,Tamil Nadu - 2026,06-Mar 1am,3093.3425
1537,3,Tamil Nadu - 2026,06-Mar 1am,3093.3425
1537,4,Tamil Nadu - 2026,06-Mar 1am,3093.3425
1538,1,Tamil Nadu - 2026,06-Mar 2am,3080.48
1538,2,Tamil Nadu - 2026,06-Mar 2am,3080.48
1538,3,Tamil Nadu - 2026,06-Mar 2am,3080.48
1538,4,Tamil Nadu - 2026,06-Mar 2am,3080.48
1539,1,Tamil Nadu - 2026,06-Mar 3am,3043.76
1539,2,Tamil Nadu - 2026,06-Mar 3am,3043.76
1539,3,Tamil Nadu - 2026,06-Mar 3am,3043.76
1539,4,Tamil Nadu - 2026,06-Mar 3am,3043.76
1540,1,Tamil Nadu - 2026,06-Mar 4am,3065.4175
1540,2,Tamil Nadu - 2026,06-Mar 4am,3065.4175
1540,3,Tamil Nadu - 2026,06-Mar 4am,3065.4175
1540,4,Tamil Nadu - 2026,06-Mar 4am,3065.4175
1541,1,Tamil Nadu - 2026,06-Mar 5am,3178.84
1541,2,Tamil Nadu - 2026,06-Mar 5am,3178.84
1541,3,Tamil Nadu - 2026,06-Mar 5am,3178.84
1541,4,Tamil Nadu - 2026,06-Mar 5am,3178.84
1542,1,Tamil Nadu - 2026,06-Mar 6am,3482.5
1542,2,Tamil Nadu - 2026,06-Mar 6am,3482.5
1542,3,Tamil Nadu - 2026,06-Mar 6am,3482.5
1542,4,Tamil Nadu - 2026,06-Mar 6am,3482.5
1543,1,Tamil Nadu - 2026,06-Mar 7am,4101.235
1543,2,Tamil Nadu - 2026,06-Mar 7am,4101.235
1543,3,Tamil Nadu - 2026,06-Mar 7am,4101.235
1543,4,Tamil Nadu - 2026,06-Mar 7am,4101.235
1544,1,Tamil Nadu - 2026,06-Mar 8am,3971.99
1544,2,Tamil Nadu - 2026,06-Mar 8am,3971.99
1544,3,Tamil Nadu - 2026,06-Mar 8am,3971.99
1544,4,Tamil Nadu - 2026,06-Mar 8am,3971.99
1545,1,Tamil Nadu - 2026,06-Mar 9am,4158.095
1545,2,Tamil Nadu - 2026,06-Mar 9am,4158.095
1545,3,Tamil Nadu - 2026,06-Mar 9am,4158.095
1545,4,Tamil Nadu - 2026,06-Mar 9am,4158.095
1546,1,Tamil Nadu - 2026,06-Mar 10am,3975.2925
1546,2,Tamil Nadu - 2026,06-Mar 10am,3975.2925
1546,3,Tamil Nadu - 2026,06-Mar 10am,3975.2925
1546,4,Tamil Nadu - 2026,06-Mar 10am,3975.2925
1547,1,Tamil Nadu - 2026,06-Mar 11am,3879.895
1547,2,Tamil Nadu - 2026,06-Mar 11am,3879.895
1547,3,Tamil Nadu - 2026,06-Mar 11am,3879.895
1547,4,Tamil Nadu - 2026,06-Mar 11am,3879.895
1548,1,Tamil Nadu - 2026,06-Mar 12pm,3835.14
1548,2,Tamil Nadu - 2026,06-Mar 12pm,3835.14
1548,3,Tamil Nadu - 2026,06-Mar 12pm,3835.14
1548,4,Tamil Nadu - 2026,06-Mar 12pm,3835.14
1549,1,Tamil Nadu - 2026,06-Mar 1pm,3743.94
1549,2,Tamil Nadu - 2026,06-Mar 1pm,3743.94
1549,3,Tamil Nadu - 2026,06-Mar 1pm,3743.94
1549,4,Tamil Nadu - 2026,06-Mar 1pm,3743.94
1550,1,Tamil Nadu - 2026,06-Mar 2pm,3730.4525
1550,2,Tamil Nadu - 2026,06-Mar 2pm,3730.4525
1550,3,Tamil Nadu - 2026,06-Mar 2pm,3730.4525
1550,4,Tamil Nadu - 2026,06-Mar 2pm,3730.4525
1551,1,Tamil Nadu - 2026,06-Mar 3pm,3871.6625
1551,2,Tamil Nadu - 2026,06-Mar 3pm,3871.6625
1551,3,Tamil Nadu - 2026,06-Mar 3pm,3871.6625
1551,4,Tamil Nadu - 2026,06-Mar 3pm,3871.6625
1552,1,Tamil Nadu - 2026,06-Mar 4pm,4010.405
1552,2,Tamil Nadu - 2026,06-Mar 4pm,4010.405
1552,3,Tamil Nadu - 2026,06-Mar 4pm,4010.405
1552,4,Tamil Nadu - 2026,06-Mar 4pm,4010.405
1553,1,Tamil Nadu - 2026,06-Mar 5pm,4185.2825
1553,2,Tamil Nadu - 2026,06-Mar 5pm,4185.2825
1553,3,Tamil Nadu - 2026,06-Mar 5pm,4185.2825
1553,4,Tamil Nadu - 2026,06-Mar 5pm,4185.2825
1554,1,Tamil Nadu - 2026,06-Mar 6pm,4239.2475
1554,2,Tamil Nadu - 2026,06-Mar 6pm,4239.2475
1554,3,Tamil Nadu - 2026,06-Mar 6pm,4239.2475
1554,4,Tamil Nadu - 2026,06-Mar 6pm,4239.2475
1555,1,Tamil Nadu - 2026,06-Mar 7pm,4227.925
1555,2,Tamil Nadu - 2026,06-Mar 7pm,4227.925
1555,3,Tamil Nadu - 2026,06-Mar 7pm,4227.925
1555,4,Tamil Nadu - 2026,06-Mar 7pm,4227.925
1556,1,Tamil Nadu - 2026,06-Mar 8pm,3977.36
1556,2,Tamil Nadu - 2026,06-Mar 8pm,3977.36
1556,3,Tamil Nadu - 2026,06-Mar 8pm,3977.36
1556,4,Tamil Nadu - 2026,06-Mar 8pm,3977.36
1557,1,Tamil Nadu - 2026,06-Mar 9pm,3730.2125
1557,2,Tamil Nadu - 2026,06-Mar 9pm,3730.2125
1557,3,Tamil Nadu - 2026,06-Mar 9pm,3730.2125
1557,4,Tamil Nadu - 2026,06-Mar 9pm,3730.2125
1558,1,Tamil Nadu - 2026,06-Mar 10pm,3506.7825
1558,2,Tamil Nadu - 2026,06-Mar 10pm,3506.7825
1558,3,Tamil Nadu - 2026,06-Mar 10pm,3506.7825
1558,4,Tamil Nadu - 2026,06-Mar 10pm,3506.7825
1559,1,Tamil Nadu - 2026,06-Mar 11pm,3354.6225
1559,2,Tamil Nadu - 2026,06-Mar 11pm,3354.6225
1559,3,Tamil Nadu - 2026,06-Mar 11pm,3354.6225
1559,4,Tamil Nadu - 2026,06-Mar 11pm,3354.6225
1560,1,Tamil Nadu - 2026,07-Mar 12am,3235.5375
1560,2,Tamil Nadu - 2026,07-Mar 12am,3235.5375
1560,3,Tamil Nadu - 2026,07-Mar 12am,3235.5375
1560,4,Tamil Nadu - 2026,07-Mar 12am,3235.5375
1561,1,Tamil Nadu - 2026,07-Mar 1am,3186.895
1561,2,Tamil Nadu - 2026,07-Mar 1am,3186.895
1561,3,Tamil Nadu - 2026,07-Mar 1am,3186.895
1561,4,Tamil Nadu - 2026,07-Mar 1am,3186.895
1562,1,Tamil Nadu - 2026,07-Mar 2am,3107.63
1562,2,Tamil Nadu - 2026,07-Mar 2am,3107.63
1562,3,Tamil Nadu - 2026,07-Mar 2am,3107.63
1562,4,Tamil Nadu - 2026,07-Mar 2am,3107.63
1563,1,Tamil Nadu - 2026,07-Mar 3am,3072.66
1563,2,Tamil Nadu - 2026,07-Mar 3am,3072.66
1563,3,Tamil Nadu - 2026,07-Mar 3am,3072.66
1563,4,Tamil Nadu - 2026,07-Mar 3am,3072.66
1564,1,Tamil Nadu - 2026,07-Mar 4am,3093.2125
1564,2,Tamil Nadu - 2026,07-Mar 4am,3093.2125
1564,3,Tamil Nadu - 2026,07-Mar 4am,3093.2125
1564,4,Tamil Nadu - 2026,07-Mar 4am,3093.2125
1565,1,Tamil Nadu - 2026,07-Mar 5am,3210.785
1565,2,Tamil Nadu - 2026,07-Mar 5am,3210.785
1565,3,Tamil Nadu - 2026,07-Mar 5am,3210.785
1565,4,Tamil Nadu - 2026,07-Mar 5am,3210.785
1566,1,Tamil Nadu - 2026,07-Mar 6am,3433.7375
1566,2,Tamil Nadu - 2026,07-Mar 6am,3433.7375
1566,3,Tamil Nadu - 2026,07-Mar 6am,3433.7375
1566,4,Tamil Nadu - 2026,07-Mar 6am,3433.7375
1567,1,Tamil Nadu - 2026,07-Mar 7am,4106.925
1567,2,Tamil Nadu - 2026,07-Mar 7am,4106.925
1567,3,Tamil Nadu - 2026,07-Mar 7am,4106.925
1567,4,Tamil Nadu - 2026,07-Mar 7am,4106.925
1568,1,Tamil Nadu - 2026,07-Mar 8am,4268.49
1568,2,Tamil Nadu - 2026,07-Mar 8am,4268.49
1568,3,Tamil Nadu - 2026,07-Mar 8am,4268.49
1568,4,Tamil Nadu - 2026,07-Mar 8am,4268.49
1569,1,Tamil Nadu - 2026,07-Mar 9am,4002.2
1569,2,Tamil Nadu - 2026,07-Mar 9am,4002.2
1569,3,Tamil Nadu - 2026,07-Mar 9am,4002.2
1569,4,Tamil Nadu - 2026,07-Mar 9am,4002.2
1570,1,Tamil Nadu - 2026,07-Mar 10am,3978.0075
1570,2,Tamil Nadu - 2026,07-Mar 10am,3978.0075
1570,3,Tamil Nadu - 2026,07-Mar 10am,3978.0075
1570,4,Tamil Nadu - 2026,07-Mar 10am,3978.0075
1571,1,Tamil Nadu - 2026,07-Mar 11am,3927.7825
1571,2,Tamil Nadu - 2026,07-Mar 11am,3927.7825
1571,3,Tamil Nadu - 2026,07-Mar 11am,3927.7825
1571,4,Tamil Nadu - 2026,07-Mar 11am,3927.7825
1572,1,Tamil Nadu - 2026,07-Mar 12pm,3841.4925
1572,2,Tamil Nadu - 2026,07-Mar 12pm,3841.4925
1572,3,Tamil Nadu - 2026,07-Mar 12pm,3841.4925
1572,4,Tamil Nadu - 2026,07-Mar 12pm,3841.4925
1573,1,Tamil Nadu - 2026,07-Mar 1pm,3663.2375
1573,2,Tamil Nadu - 2026,07-Mar 1pm,3663.2375
1573,3,Tamil Nadu - 2026,07-Mar 1pm,3663.2375
1573,4,Tamil Nadu - 2026,07-Mar 1pm,3663.2375
1574,1,Tamil Nadu - 2026,07-Mar 2pm,3655.7325
1574,2,Tamil Nadu - 2026,07-Mar 2pm,3655.7325
1574,3,Tamil Nadu - 2026,07-Mar 2pm,3655.7325
1574,4,Tamil Nadu - 2026,07-Mar 2pm,3655.7325
1575,1,Tamil Nadu - 2026,07-Mar 3pm,3780.545
1575,2,Tamil Nadu - 2026,07-Mar 3pm,3780.545
1575,3,Tamil Nadu - 2026,07-Mar 3pm,3780.545
1575,4,Tamil Nadu - 2026,07-Mar 3pm,3780.545
1576,1,Tamil Nadu - 2026,07-Mar 4pm,3961.23
1576,2,Tamil Nadu - 2026,07-Mar 4pm,3961.23
1576,3,Tamil Nadu - 2026,07-Mar 4pm,3961.23
1576,4,Tamil Nadu - 2026,07-Mar 4pm,3961.23
1577,1,Tamil Nadu - 2026,07-Mar 5pm,4198.615
1577,2,Tamil Nadu - 2026,07-Mar 5pm,4198.615
1577,3,Tamil Nadu - 2026,07-Mar 5pm,4198.615
1577,4,Tamil Nadu - 2026,07-Mar 5pm,4198.615
1578,1,Tamil Nadu - 2026,07-Mar 6pm,4146.49
1578,2,Tamil Nadu - 2026,07-Mar 6pm,4146.49
1578,3,Tamil Nadu - 2026,07-Mar 6pm,4146.49
1578,4,Tamil Nadu - 2026,07-Mar 6pm,4146.49
1579,1,Tamil Nadu - 2026,07-Mar 7pm,4085.125
1579,2,Tamil Nadu - 2026,07-Mar 7pm,4085.125
1579,3,Tamil Nadu - 2026,07-Mar 7pm,4085.125
1579,4,Tamil Nadu - 2026,07-Mar 7pm,4085.125
1580,1,Tamil Nadu - 2026,07-Mar 8pm,3778.2375
1580,2,Tamil Nadu - 2026,07-Mar 8pm,3778.2375
1580,3,Tamil Nadu - 2026,07-Mar 8pm,3778.2375
1580,4,Tamil Nadu - 2026,07-Mar 8pm,3778.2375
1581,1,Tamil Nadu - 2026,07-Mar 9pm,3589.93
1581,2,Tamil Nadu - 2026,07-Mar 9pm,3589.93
1581,3,Tamil Nadu - 2026,07-Mar 9pm,3589.93
1581,4,Tamil Nadu - 2026,07-Mar 9pm,3589.93
1582,1,Tamil Nadu - 2026,07-Mar 10pm,3335.635
1582,2,Tamil Nadu - 2026,07-Mar 10pm,3335.635
1582,3,Tamil Nadu - 2026,07-Mar 10pm,3335.635
1582,4,Tamil Nadu - 2026,07-Mar 10pm,3335.635
1583,1,Tamil Nadu - 2026,07-Mar 11pm,3125.7925
1583,2,Tamil Nadu - 2026,07-Mar 11pm,3125.7925
1583,3,Tamil Nadu - 2026,07-Mar 11pm,3125.7925
1583,4,Tamil Nadu - 2026,07-Mar 11pm,3125.7925
1584,1,Tamil Nadu - 2026,08-Mar 12am,3035.6625
1584,2,Tamil Nadu - 2026,08-Mar 12am,3035.6625
1584,3,Tamil Nadu - 2026,08-Mar 12am,3035.6625
1584,4,Tamil Nadu - 2026,08-Mar 12am,3035.6625
1585,1,Tamil Nadu - 2026,08-Mar 1am,3012.1975
1585,2,Tamil Nadu - 2026,08-Mar 1am,3012.1975
1585,3,Tamil Nadu - 2026,08-Mar 1am,3012.1975
1585,4,Tamil Nadu - 2026,08-Mar 1am,3012.1975
1586,1,Tamil Nadu - 2026,08-Mar 2am,2989.27
1586,2,Tamil Nadu - 2026,08-Mar 2am,2989.27
1586,3,Tamil Nadu - 2026,08-Mar 2am,2989.27
1586,4,Tamil Nadu - 2026,08-Mar 2am,2989.27
1587,1,Tamil Nadu - 2026,08-Mar 3am,2953.81
1587,2,Tamil Nadu - 2026,08-Mar 3am,2953.81
1587,3,Tamil Nadu - 2026,08-Mar 3am,2953.81
1587,4,Tamil Nadu - 2026,08-Mar 3am,2953.81
1588,1,Tamil Nadu - 2026,08-Mar 4am,2979.5375
1588,2,Tamil Nadu - 2026,08-Mar 4am,2979.5375
1588,3,Tamil Nadu - 2026,08-Mar 4am,2979.5375
1588,4,Tamil Nadu - 2026,08-Mar 4am,2979.5375
1589,1,Tamil Nadu - 2026,08-Mar 5am,3048.325
1589,2,Tamil Nadu - 2026,08-Mar 5am,3048.325
1589,3,Tamil Nadu - 2026,08-Mar 5am,3048.325
1589,4,Tamil Nadu - 2026,08-Mar 5am,3048.325
1590,1,Tamil Nadu - 2026,08-Mar 6am,3365.4175
1590,2,Tamil Nadu - 2026,08-Mar 6am,3365.4175
1590,3,Tamil Nadu - 2026,08-Mar 6am,3365.4175
1590,4,Tamil Nadu - 2026,08-Mar 6am,3365.4175
1591,1,Tamil Nadu - 2026,08-Mar 7am,4012.235
1591,2,Tamil Nadu - 2026,08-Mar 7am,4012.235
1591,3,Tamil Nadu - 2026,08-Mar 7am,4012.235
1591,4,Tamil Nadu - 2026,08-Mar 7am,4012.235
1592,1,Tamil Nadu - 2026,08-Mar 8am,4144.5525
1592,2,Tamil Nadu - 2026,08-Mar 8am,4144.5525
1592,3,Tamil Nadu - 2026,08-Mar 8am,4144.5525
1592,4,Tamil Nadu - 2026,08-Mar 8am,4144.5525
1593,1,Tamil Nadu - 2026,08-Mar 9am,3819.885
1593,2,Tamil Nadu - 2026,08-Mar 9am,3819.885
1593,3,Tamil Nadu - 2026,08-Mar 9am,3819.885
1593,4,Tamil Nadu - 2026,08-Mar 9am,3819.885
1594,1,Tamil Nadu - 2026,08-Mar 10am,4082.12
1594,2,Tamil Nadu - 2026,08-Mar 10am,4082.12
1594,3,Tamil Nadu - 2026,08-Mar 10am,4082.12
1594,4,Tamil Nadu - 2026,08-Mar 10am,4082.12
1595,1,Tamil Nadu - 2026,08-Mar 11am,4002.54
1595,2,Tamil Nadu - 2026,08-Mar 11am,4002.54
1595,3,Tamil Nadu - 2026,08-Mar 11am,4002.54
1595,4,Tamil Nadu - 2026,08-Mar 11am,4002.54
1596,1,Tamil Nadu - 2026,08-Mar 12pm,3863.825
1596,2,Tamil Nadu - 2026,08-Mar 12pm,3863.825
1596,3,Tamil Nadu - 2026,08-Mar 12pm,3863.825
1596,4,Tamil Nadu - 2026,08-Mar 12pm,3863.825
1597,1,Tamil Nadu - 2026,08-Mar 1pm,3824.0725
1597,2,Tamil Nadu - 2026,08-Mar 1pm,3824.0725
1597,3,Tamil Nadu - 2026,08-Mar 1pm,3824.0725
1597,4,Tamil Nadu - 2026,08-Mar 1pm,3824.0725
1598,1,Tamil Nadu - 2026,08-Mar 2pm,3730.65
1598,2,Tamil Nadu - 2026,08-Mar 2pm,3730.65
1598,3,Tamil Nadu - 2026,08-Mar 2pm,3730.65
1598,4,Tamil Nadu - 2026,08-Mar 2pm,3730.65
1599,1,Tamil Nadu - 2026,08-Mar 3pm,3847.9425
1599,2,Tamil Nadu - 2026,08-Mar 3pm,3847.9425
1599,3,Tamil Nadu - 2026,08-Mar 3pm,3847.9425
1599,4,Tamil Nadu - 2026,08-Mar 3pm,3847.9425
1600,1,Tamil Nadu - 2026,08-Mar 4pm,3954.045
1600,2,Tamil Nadu - 2026,08-Mar 4pm,3954.045
1600,3,Tamil Nadu - 2026,08-Mar 4pm,3954.045
1600,4,Tamil Nadu - 2026,08-Mar 4pm,3954.045
1601,1,Tamil Nadu - 2026,08-Mar 5pm,4128.76
1601,2,Tamil Nadu - 2026,08-Mar 5pm,4128.76
1601,3,Tamil Nadu - 2026,08-Mar 5pm,4128.76
1601,4,Tamil Nadu - 2026,08-Mar 5pm,4128.76
1602,1,Tamil Nadu - 2026,08-Mar 6pm,4089.455
1602,2,Tamil Nadu - 2026,08-Mar 6pm,4089.455
1602,3,Tamil Nadu - 2026,08-Mar 6pm,4089.455
1602,4,Tamil Nadu - 2026,08-Mar 6pm,4089.455
1603,1,Tamil Nadu - 2026,08-Mar 7pm,4104.125
1603,2,Tamil Nadu - 2026,08-Mar 7pm,4104.125
1603,3,Tamil Nadu - 2026,08-Mar 7pm,4104.125
1603,4,Tamil Nadu - 2026,08-Mar 7pm,4104.125
1604,1,Tamil Nadu - 2026,08-Mar 8pm,3825.9175
1604,2,Tamil Nadu - 2026,08-Mar 8pm,3825.9175
1604,3,Tamil Nadu - 2026,08-Mar 8pm,3825.9175
1604,4,Tamil Nadu - 2026,08-Mar 8pm,3825.9175
1605,1,Tamil Nadu - 2026,08-Mar 9pm,3598.6875
1605,2,Tamil Nadu - 2026,08-Mar 9pm,3598.6875
1605,3,Tamil Nadu - 2026,08-Mar 9pm,3598.6875
1605,4,Tamil Nadu - 2026,08-Mar 9pm,3598.6875
1606,1,Tamil Nadu - 2026,08-Mar 10pm,3393.565
1606,2,Tamil Nadu - 2026,08-Mar 10pm,3393.565
1606,3,Tamil Nadu - 2026,08-Mar 10pm,3393.565
1606,4,Tamil Nadu - 2026,08-Mar 10pm,3393.565
1607,1,Tamil Nadu - 2026,08-Mar 11pm,3133.565
1607,2,Tamil Nadu - 2026,08-Mar 11pm,3133.565
1607,3,Tamil Nadu - 2026,08-Mar 11pm,3133.565
1607,4,Tamil Nadu - 2026,08-Mar 11pm,3133.565
1608,1,Tamil Nadu - 2026,09-Mar 12am,3033.7925
1608,2,Tamil Nadu - 2026,09-Mar 12am,3033.7925
1608,3,Tamil Nadu - 2026,09-Mar 12am,3033.7925
1608,4,Tamil Nadu - 2026,09-Mar 12am,3033.7925
1609,1,Tamil Nadu - 2026,09-Mar 1am,2986.0975
1609,2,Tamil Nadu - 2026,09-Mar 1am,2986.0975
1609,3,Tamil Nadu - 2026,09-Mar 1am,2986.0975
1609,4,Tamil Nadu - 2026,09-Mar 1am,2986.0975
1610,1,Tamil Nadu - 2026,09-Mar 2am,2935.8475
1610,2,Tamil Nadu - 2026,09-Mar 2am,2935.8475
1610,3,Tamil Nadu - 2026,09-Mar 2am,2935.8475
1610,4,Tamil Nadu - 2026,09-Mar 2am,2935.8475
1611,1,Tamil Nadu - 2026,09-Mar 3am,2911.92
1611,2,Tamil Nadu - 2026,09-Mar 3am,2911.92
1611,3,Tamil Nadu - 2026,09-Mar 3am,2911.92
1611,4,Tamil Nadu - 2026,09-Mar 3am,2911.92
1612,1,Tamil Nadu - 2026,09-Mar 4am,2946.8825
1612,2,Tamil Nadu - 2026,09-Mar 4am,2946.8825
1612,3,Tamil Nadu - 2026,09-Mar 4am,2946.8825
1612,4,Tamil Nadu - 2026,09-Mar 4am,2946.8825
1613,1,Tamil Nadu - 2026,09-Mar 5am,3096.6675
1613,2,Tamil Nadu - 2026,09-Mar 5am,3096.6675
1613,3,Tamil Nadu - 2026,09-Mar 5am,3096.6675
1613,4,Tamil Nadu - 2026,09-Mar 5am,3096.6675
1614,1,Tamil Nadu - 2026,09-Mar 6am,3399.1425
1614,2,Tamil Nadu - 2026,09-Mar 6am,3399.1425
1614,3,Tamil Nadu - 2026,09-Mar 6am,3399.1425
1614,4,Tamil Nadu - 2026,09-Mar 6am,3399.1425
1615,1,Tamil Nadu - 2026,09-Mar 7am,4060.66
1615,2,Tamil Nadu - 2026,09-Mar 7am,4060.66
1615,3,Tamil Nadu - 2026,09-Mar 7am,4060.66
1615,4,Tamil Nadu - 2026,09-Mar 7am,4060.66
1616,1,Tamil Nadu - 2026,09-Mar 8am,4302.0025
1616,2,Tamil Nadu - 2026,09-Mar 8am,4302.0025
1616,3,Tamil Nadu - 2026,09-Mar 8am,4302.0025
1616,4,Tamil Nadu - 2026,09-Mar 8am,4302.0025
1617,1,Tamil Nadu - 2026,09-Mar 9am,4205.8225
1617,2,Tamil Nadu - 2026,09-Mar 9am,4205.8225
1617,3,Tamil Nadu - 2026,09-Mar 9am,4205.8225
1617,4,Tamil Nadu - 2026,09-Mar 9am,4205.8225
1618,1,Tamil Nadu - 2026,09-Mar 10am,4204.8925
1618,2,Tamil Nadu - 2026,09-Mar 10am,4204.8925
1618,3,Tamil Nadu - 2026,09-Mar 10am,4204.8925
1618,4,Tamil Nadu - 2026,09-Mar 10am,4204.8925
1619,1,Tamil Nadu - 2026,09-Mar 11am,4030.4975
1619,2,Tamil Nadu - 2026,09-Mar 11am,4030.4975
1619,3,Tamil Nadu - 2026,09-Mar 11am,4030.4975
1619,4,Tamil Nadu - 2026,09-Mar 11am,4030.4975
1620,1,Tamil Nadu - 2026,09-Mar 12pm,3944.6375
1620,2,Tamil Nadu - 2026,09-Mar 12pm,3944.6375
1620,3,Tamil Nadu - 2026,09-Mar 12pm,3944.6375
1620,4,Tamil Nadu - 2026,09-Mar 12pm,3944.6375
1621,1,Tamil Nadu - 2026,09-Mar 1pm,3836.33
1621,2,Tamil Nadu - 2026,09-Mar 1pm,3836.33
1621,3,Tamil Nadu - 2026,09-Mar 1pm,3836.33
1621,4,Tamil Nadu - 2026,09-Mar 1pm,3836.33
1622,1,Tamil Nadu - 2026,09-Mar 2pm,3773.855
1622,2,Tamil Nadu - 2026,09-Mar 2pm,3773.855
1622,3,Tamil Nadu - 2026,09-Mar 2pm,3773.855
1622,4,Tamil Nadu - 2026,09-Mar 2pm,3773.855
1623,1,Tamil Nadu - 2026,09-Mar 3pm,3897.835
1623,2,Tamil Nadu - 2026,09-Mar 3pm,3897.835
1623,3,Tamil Nadu - 2026,09-Mar 3pm,3897.835
1623,4,Tamil Nadu - 2026,09-Mar 3pm,3897.835
1624,1,Tamil Nadu - 2026,09-Mar 4pm,4077.0625
1624,2,Tamil Nadu - 2026,09-Mar 4pm,4077.0625
1624,3,Tamil Nadu - 2026,09-Mar 4pm,4077.0625
1624,4,Tamil Nadu - 2026,09-Mar 4pm,4077.0625
1625,1,Tamil Nadu - 2026,09-Mar 5pm,4197.03
1625,2,Tamil Nadu - 2026,09-Mar 5pm,4197.03
1625,3,Tamil Nadu - 2026,09-Mar 5pm,4197.03
1625,4,Tamil Nadu - 2026,09-Mar 5pm,4197.03
1626,1,Tamil Nadu - 2026,09-Mar 6pm,4120.9825
1626,2,Tamil Nadu - 2026,09-Mar 6pm,4120.9825
1626,3,Tamil Nadu - 2026,09-Mar 6pm,4120.9825
1626,4,Tamil Nadu - 2026,09-Mar 6pm,4120.9825
1627,1,Tamil Nadu - 2026,09-Mar 7pm,4035.32
1627,2,Tamil Nadu - 2026,09-Mar 7pm,4035.32
1627,3,Tamil Nadu - 2026,09-Mar 7pm,4035.32
1627,4,Tamil Nadu - 2026,09-Mar 7pm,4035.32
1628,1,Tamil Nadu - 2026,09-Mar 8pm,3796.0475
1628,2,Tamil Nadu - 2026,09-Mar 8pm,3796.0475
1628,3,Tamil Nadu - 2026,09-Mar 8pm,3796.0475
1628,4,Tamil Nadu - 2026,09-Mar 8pm,3796.0475
1629,1,Tamil Nadu - 2026,09-Mar 9pm,3578.475
1629,2,Tamil Nadu - 2026,09-Mar 9pm,3578.475
1629,3,Tamil Nadu - 2026,09-Mar 9pm,3578.475
1629,4,Tamil Nadu - 2026,09-Mar 9pm,3578.475
1630,1,Tamil Nadu - 2026,09-Mar 10pm,3380.8125
1630,2,Tamil Nadu - 2026,09-Mar 10pm,3380.8125
1630,3,Tamil Nadu - 2026,09-Mar 10pm,3380.8125
1630,4,Tamil Nadu - 2026,09-Mar 10pm,3380.8125
1631,1,Tamil Nadu - 2026,09-Mar 11pm,3153.9325
1631,2,Tamil Nadu - 2026,09-Mar 11pm,3153.9325
1631,3,Tamil Nadu - 2026,09-Mar 11pm,3153.9325
1631,4,Tamil Nadu - 2026,09-Mar 11pm,3153.9325
1632,1,Tamil Nadu - 2026,10-Mar 12am,3024.7975
1632,2,Tamil Nadu - 2026,10-Mar 12am,3024.7975
1632,3,Tamil Nadu - 2026,10-Mar 12am,3024.7975
1632,4,Tamil Nadu - 2026,10-Mar 12am,3024.7975
1633,1,Tamil Nadu - 2026,10-Mar 1am,2978.38
1633,2,Tamil Nadu - 2026,10-Mar 1am,2978.38
1633,3,Tamil Nadu - 2026,10-Mar 1am,2978.38
1633,4,Tamil Nadu - 2026,10-Mar 1am,2978.38
1634,1,Tamil Nadu - 2026,10-Mar 2am,2943.145
1634,2,Tamil Nadu - 2026,10-Mar 2am,2943.145
1634,3,Tamil Nadu - 2026,10-Mar 2am,2943.145
1634,4,Tamil Nadu - 2026,10-Mar 2am,2943.145
1635,1,Tamil Nadu - 2026,10-Mar 3am,2933.3575
1635,2,Tamil Nadu - 2026,10-Mar 3am,2933.3575
1635,3,Tamil Nadu - 2026,10-Mar 3am,2933.3575
1635,4,Tamil Nadu - 2026,10-Mar 3am,2933.3575
1636,1,Tamil Nadu - 2026,10-Mar 4am,2949.0175
1636,2,Tamil Nadu - 2026,10-Mar 4am,2949.0175
1636,3,Tamil Nadu - 2026,10-Mar 4am,2949.0175
1636,4,Tamil Nadu - 2026,10-Mar 4am,2949.0175
1637,1,Tamil Nadu - 2026,10-Mar 5am,3072.5325
1637,2,Tamil Nadu - 2026,10-Mar 5am,3072.5325
1637,3,Tamil Nadu - 2026,10-Mar 5am,3072.5325
1637,4,Tamil Nadu - 2026,10-Mar 5am,3072.5325
1638,1,Tamil Nadu - 2026,10-Mar 6am,3232.3375
1638,2,Tamil Nadu - 2026,10-Mar 6am,3232.3375
1638,3,Tamil Nadu - 2026,10-Mar 6am,3232.3375
1638,4,Tamil Nadu - 2026,10-Mar 6am,3232.3375
1639,1,Tamil Nadu - 2026,10-Mar 7am,3722.675
1639,2,Tamil Nadu - 2026,10-Mar 7am,3722.675
1639,3,Tamil Nadu - 2026,10-Mar 7am,3722.675
1639,4,Tamil Nadu - 2026,10-Mar 7am,3722.675
1640,1,Tamil Nadu - 2026,10-Mar 8am,3952.295
1640,2,Tamil Nadu - 2026,10-Mar 8am,3952.295
1640,3,Tamil Nadu - 2026,10-Mar 8am,3952.295
1640,4,Tamil Nadu - 2026,10-Mar 8am,3952.295
1641,1,Tamil Nadu - 2026,10-Mar 9am,4033.1675
1641,2,Tamil Nadu - 2026,10-Mar 9am,4033.1675
1641,3,Tamil Nadu - 2026,10-Mar 9am,4033.1675
1641,4,Tamil Nadu - 2026,10-Mar 9am,4033.1675
1642,1,Tamil Nadu - 2026,10-Mar 10am,3957.7325
1642,2,Tamil Nadu - 2026,10-Mar 10am,3957.7325
1642,3,Tamil Nadu - 2026,10-Mar 10am,3957.7325
1642,4,Tamil Nadu - 2026,10-Mar 10am,3957.7325
1643,1,Tamil Nadu - 2026,10-Mar 11am,3870.8775
1643,2,Tamil Nadu - 2026,10-Mar 11am,3870.8775
1643,3,Tamil Nadu - 2026,10-Mar 11am,3870.8775
1643,4,Tamil Nadu - 2026,10-Mar 11am,3870.8775
1644,1,Tamil Nadu - 2026,10-Mar 12pm,3920.7725
1644,2,Tamil Nadu - 2026,10-Mar 12pm,3920.7725
1644,3,Tamil Nadu - 2026,10-Mar 12pm,3920.7725
1644,4,Tamil Nadu - 2026,10-Mar 12pm,3920.7725
1645,1,Tamil Nadu - 2026,10-Mar 1pm,3667.775
1645,2,Tamil Nadu - 2026,10-Mar 1pm,3667.775
1645,3,Tamil Nadu - 2026,10-Mar 1pm,3667.775
1645,4,Tamil Nadu - 2026,10-Mar 1pm,3667.775
1646,1,Tamil Nadu - 2026,10-Mar 2pm,3753.9725
1646,2,Tamil Nadu - 2026,10-Mar 2pm,3753.9725
1646,3,Tamil Nadu - 2026,10-Mar 2pm,3753.9725
1646,4,Tamil Nadu - 2026,10-Mar 2pm,3753.9725
1647,1,Tamil Nadu - 2026,10-Mar 3pm,3797.0325
1647,2,Tamil Nadu - 2026,10-Mar 3pm,3797.0325
1647,3,Tamil Nadu - 2026,10-Mar 3pm,3797.0325
1647,4,Tamil Nadu - 2026,10-Mar 3pm,3797.0325
1648,1,Tamil Nadu - 2026,10-Mar 4pm,3986.42
1648,2,Tamil Nadu - 2026,10-Mar 4pm,3986.42
1648,3,Tamil Nadu - 2026,10-Mar 4pm,3986.42
1648,4,Tamil Nadu - 2026,10-Mar 4pm,3986.42
1649,1,Tamil Nadu - 2026,10-Mar 5pm,4061.6025
1649,2,Tamil Nadu - 2026,10-Mar 5pm,4061.6025
1649,3,Tamil Nadu - 2026,10-Mar 5pm,4061.6025
1649,4,Tamil Nadu - 2026,10-Mar 5pm,4061.6025
1650,1,Tamil Nadu - 2026,10-Mar 6pm,3942.44
1650,2,Tamil Nadu - 2026,10-Mar 6pm,3942.44
1650,3,Tamil Nadu - 2026,10-Mar 6pm,3942.44
1650,4,Tamil Nadu - 2026,10-Mar 6pm,3942.44
1651,1,Tamil Nadu - 2026,10-Mar 7pm,3853.56
1651,2,Tamil Nadu - 2026,10-Mar 7pm,3853.56
1651,3,Tamil Nadu - 2026,10-Mar 7pm,3853.56
1651,4,Tamil Nadu - 2026,10-Mar 7pm,3853.56
1652,1,Tamil Nadu - 2026,10-Mar 8pm,3672.5375
1652,2,Tamil Nadu - 2026,10-Mar 8pm,3672.5375
1652,3,Tamil Nadu - 2026,10-Mar 8pm,3672.5375
1652,4,Tamil Nadu - 2026,10-Mar 8pm,3672.5375
1653,1,Tamil Nadu - 2026,10-Mar 9pm,3483.9125
1653,2,Tamil Nadu - 2026,10-Mar 9pm,3483.9125
1653,3,Tamil Nadu - 2026,10-Mar 9pm,3483.9125
1653,4,Tamil Nadu - 2026,10-Mar 9pm,3483.9125
1654,1,Tamil Nadu - 2026,10-Mar 10pm,3276.455
1654,2,Tamil Nadu - 2026,10-Mar 10pm,3276.455
1654,3,Tamil Nadu - 2026,10-Mar 10pm,3276.455
1654,4,Tamil Nadu - 2026,10-Mar 10pm,3276.455
1655,1,Tamil Nadu - 2026,10-Mar 11pm,3091.6075
1655,2,Tamil Nadu - 2026,10-Mar 11pm,3091.6075
1655,3,Tamil Nadu - 2026,10-Mar 11pm,3091.6075
1655,4,Tamil Nadu - 2026,10-Mar 11pm,3091.6075
1656,1,Tamil Nadu - 2026,11-Mar 12am,2997.2025
1656,2,Tamil Nadu - 2026,11-Mar 12am,2997.2025
1656,3,Tamil Nadu - 2026,11-Mar 12am,2997.2025
1656,4,Tamil Nadu - 2026,11-Mar 12am,2997.2025
1657,1,Tamil Nadu - 2026,11-Mar 1am,2907.74
1657,2,Tamil Nadu - 2026,11-Mar 1am,2907.74
1657,3,Tamil Nadu - 2026,11-Mar 1am,2907.74
1657,4,Tamil Nadu - 2026,11-Mar 1am,2907.74
1658,1,Tamil Nadu - 2026,11-Mar 2am,2917.055
1658,2,Tamil Nadu - 2026,11-Mar 2am,2917.055
1658,3,Tamil Nadu - 2026,11-Mar 2am,2917.055
1658,4,Tamil Nadu - 2026,11-Mar 2am,2917.055
1659,1,Tamil Nadu - 2026,11-Mar 3am,2838.285
1659,2,Tamil Nadu - 2026,11-Mar 3am,2838.285
1659,3,Tamil Nadu - 2026,11-Mar 3am,2838.285
1659,4,Tamil Nadu - 2026,11-Mar 3am,2838.285
1660,1,Tamil Nadu - 2026,11-Mar 4am,2828.64
1660,2,Tamil Nadu - 2026,11-Mar 4am,2828.64
1660,3,Tamil Nadu - 2026,11-Mar 4am,2828.64
1660,4,Tamil Nadu - 2026,11-Mar 4am,2828.64
1661,1,Tamil Nadu - 2026,11-Mar 5am,2879.89
1661,2,Tamil Nadu - 2026,11-Mar 5am,2879.89
1661,3,Tamil Nadu - 2026,11-Mar 5am,2879.89
1661,4,Tamil Nadu - 2026,11-Mar 5am,2879.89
1662,1,Tamil Nadu - 2026,11-Mar 6am,2963.3125
1662,2,Tamil Nadu - 2026,11-Mar 6am,2963.3125
1662,3,Tamil Nadu - 2026,11-Mar 6am,2963.3125
1662,4,Tamil Nadu - 2026,11-Mar 6am,2963.3125
1663,1,Tamil Nadu - 2026,11-Mar 7am,3227.745
1663,2,Tamil Nadu - 2026,11-Mar 7am,3227.745
1663,3,Tamil Nadu - 2026,11-Mar 7am,3227.745
1663,4,Tamil Nadu - 2026,11-Mar 7am,3227.745
1664,1,Tamil Nadu - 2026,11-Mar 8am,3490.265
1664,2,Tamil Nadu - 2026,11-Mar 8am,3490.265
1664,3,Tamil Nadu - 2026,11-Mar 8am,3490.265
1664,4,Tamil Nadu - 2026,11-Mar 8am,3490.265
1665,1,Tamil Nadu - 2026,11-Mar 9am,3576.5875
1665,2,Tamil Nadu - 2026,11-Mar 9am,3576.5875
1665,3,Tamil Nadu - 2026,11-Mar 9am,3576.5875
1665,4,Tamil Nadu - 2026,11-Mar 9am,3576.5875
1666,1,Tamil Nadu - 2026,11-Mar 10am,3577.4025
1666,2,Tamil Nadu - 2026,11-Mar 10am,3577.4025
1666,3,Tamil Nadu - 2026,11-Mar 10am,3577.4025
1666,4,Tamil Nadu - 2026,11-Mar 10am,3577.4025
1667,1,Tamil Nadu - 2026,11-Mar 11am,3471.9425
1667,2,Tamil Nadu - 2026,11-Mar 11am,3471.9425
1667,3,Tamil Nadu - 2026,11-Mar 11am,3471.9425
1667,4,Tamil Nadu - 2026,11-Mar 11am,3471.9425
1668,1,Tamil Nadu - 2026,11-Mar 12pm,3478.69
1668,2,Tamil Nadu - 2026,11-Mar 12pm,3478.69
1668,3,Tamil Nadu - 2026,11-Mar 12pm,3478.69
1668,4,Tamil Nadu - 2026,11-Mar 12pm,3478.69
1669,1,Tamil Nadu - 2026,11-Mar 1pm,3347.61
1669,2,Tamil Nadu - 2026,11-Mar 1pm,3347.61
1669,3,Tamil Nadu - 2026,11-Mar 1pm,3347.61
1669,4,Tamil Nadu - 2026,11-Mar 1pm,3347.61
1670,1,Tamil Nadu - 2026,11-Mar 2pm,3294.7025
1670,2,Tamil Nadu - 2026,11-Mar 2pm,3294.7025
1670,3,Tamil Nadu - 2026,11-Mar 2pm,3294.7025
1670,4,Tamil Nadu - 2026,11-Mar 2pm,3294.7025
1671,1,Tamil Nadu - 2026,11-Mar 3pm,3289.7725
1671,2,Tamil Nadu - 2026,11-Mar 3pm,3289.7725
1671,3,Tamil Nadu - 2026,11-Mar 3pm,3289.7725
1671,4,Tamil Nadu - 2026,11-Mar 3pm,3289.7725
1672,1,Tamil Nadu - 2026,11-Mar 4pm,3394.165
1672,2,Tamil Nadu - 2026,11-Mar 4pm,3394.165
1672,3,Tamil Nadu - 2026,11-Mar 4pm,3394.165
1672,4,Tamil Nadu - 2026,11-Mar 4pm,3394.165
1673,1,Tamil Nadu - 2026,11-Mar 5pm,3434.775
1673,2,Tamil Nadu - 2026,11-Mar 5pm,3434.775
1673,3,Tamil Nadu - 2026,11-Mar 5pm,3434.775
1673,4,Tamil Nadu - 2026,11-Mar 5pm,3434.775
1674,1,Tamil Nadu - 2026,11-Mar 6pm,3464.465
1674,2,Tamil Nadu - 2026,11-Mar 6pm,3464.465
1674,3,Tamil Nadu - 2026,11-Mar 6pm,3464.465
1674,4,Tamil Nadu - 2026,11-Mar 6pm,3464.465
1675,1,Tamil Nadu - 2026,11-Mar 7pm,3434.52
1675,2,Tamil Nadu - 2026,11-Mar 7pm,3434.52
1675,3,Tamil Nadu - 2026,11-Mar 7pm,3434.52
1675,4,Tamil Nadu - 2026,11-Mar 7pm,3434.52
1676,1,Tamil Nadu - 2026,11-Mar 8pm,3234.2025
1676,2,Tamil Nadu - 2026,11-Mar 8pm,3234.2025
1676,3,Tamil Nadu - 2026,11-Mar 8pm,3234.2025
1676,4,Tamil Nadu - 2026,11-Mar 8pm,3234.2025
1677,1,Tamil Nadu - 2026,11-Mar 9pm,3066.4
1677,2,Tamil Nadu - 2026,11-Mar 9pm,3066.4
1677,3,Tamil Nadu - 2026,11-Mar 9pm,3066.4
1677,4,Tamil Nadu - 2026,11-Mar 9pm,3066.4
1678,1,Tamil Nadu - 2026,11-Mar 10pm,2900.275
1678,2,Tamil Nadu - 2026,11-Mar 10pm,2900.275
1678,3,Tamil Nadu - 2026,11-Mar 10pm,2900.275
1678,4,Tamil Nadu - 2026,11-Mar 10pm,2900.275
1679,1,Tamil Nadu - 2026,11-Mar 11pm,2715.24
1679,2,Tamil Nadu - 2026,11-Mar 11pm,2715.24
1679,3,Tamil Nadu - 2026,11-Mar 11pm,2715.24
1679,4,Tamil Nadu - 2026,11-Mar 11pm,2715.24
1680,1,Tamil Nadu - 2026,12-Mar 12am,2572.605
1680,2,Tamil Nadu - 2026,12-Mar 12am,2572.605
1680,3,Tamil Nadu - 2026,12-Mar 12am,2572.605
1680,4,Tamil Nadu - 2026,12-Mar 12am,2572.605
1681,1,Tamil Nadu - 2026,12-Mar 1am,2485.085
1681,2,Tamil Nadu - 2026,12-Mar 1am,2485.085
1681,3,Tamil Nadu - 2026,12-Mar 1am,2485.085
1681,4,Tamil Nadu - 2026,12-Mar 1am,2485.085
1682,1,Tamil Nadu - 2026,12-Mar 2am,2461.43
1682,2,Tamil Nadu - 2026,12-Mar 2am,2461.43
1682,3,Tamil Nadu - 2026,12-Mar 2am,2461.43
1682,4,Tamil Nadu - 2026,12-Mar 2am,2461.43
1683,1,Tamil Nadu - 2026,12-Mar 3am,2426.1725
1683,2,Tamil Nadu - 2026,12-Mar 3am,2426.1725
1683,3,Tamil Nadu - 2026,12-Mar 3am,2426.1725
1683,4,Tamil Nadu - 2026,12-Mar 3am,2426.1725
1684,1,Tamil Nadu - 2026,12-Mar 4am,2478.4075
1684,2,Tamil Nadu - 2026,12-Mar 4am,2478.4075
1684,3,Tamil Nadu - 2026,12-Mar 4am,2478.4075
1684,4,Tamil Nadu - 2026,12-Mar 4am,2478.4075
1685,1,Tamil Nadu - 2026,12-Mar 5am,2612.96
1685,2,Tamil Nadu - 2026,12-Mar 5am,2612.96
1685,3,Tamil Nadu - 2026,12-Mar 5am,2612.96
1685,4,Tamil Nadu - 2026,12-Mar 5am,2612.96
1686,1,Tamil Nadu - 2026,12-Mar 6am,2943.845
1686,2,Tamil Nadu - 2026,12-Mar 6am,2943.845
1686,3,Tamil Nadu - 2026,12-Mar 6am,2943.845
1686,4,Tamil Nadu - 2026,12-Mar 6am,2943.845
1687,1,Tamil Nadu - 2026,12-Mar 7am,3623.1575
1687,2,Tamil Nadu - 2026,12-Mar 7am,3623.1575
1687,3,Tamil Nadu - 2026,12-Mar 7am,3623.1575
1687,4,Tamil Nadu - 2026,12-Mar 7am,3623.1575
1688,1,Tamil Nadu - 2026,12-Mar 8am,3964.1775
1688,2,Tamil Nadu - 2026,12-Mar 8am,3964.1775
1688,3,Tamil Nadu - 2026,12-Mar 8am,3964.1775
1688,4,Tamil Nadu - 2026,12-Mar 8am,3964.1775
1689,1,Tamil Nadu - 2026,12-Mar 9am,3869.225
1689,2,Tamil Nadu - 2026,12-Mar 9am,3869.225
1689,3,Tamil Nadu - 2026,12-Mar 9am,3869.225
1689,4,Tamil Nadu - 2026,12-Mar 9am,3869.225
1690,1,Tamil Nadu - 2026,12-Mar 10am,3908.305
1690,2,Tamil Nadu - 2026,12-Mar 10am,3908.305
1690,3,Tamil Nadu - 2026,12-Mar 10am,3908.305
1690,4,Tamil Nadu - 2026,12-Mar 10am,3908.305
1691,1,Tamil Nadu - 2026,12-Mar 11am,3875.235
1691,2,Tamil Nadu - 2026,12-Mar 11am,3875.235
1691,3,Tamil Nadu - 2026,12-Mar 11am,3875.235
1691,4,Tamil Nadu - 2026,12-Mar 11am,3875.235
1692,1,Tamil Nadu - 2026,12-Mar 12pm,3718.7525
1692,2,Tamil Nadu - 2026,12-Mar 12pm,3718.7525
1692,3,Tamil Nadu - 2026,12-Mar 12pm,3718.7525
1692,4,Tamil Nadu - 2026,12-Mar 12pm,3718.7525
1693,1,Tamil Nadu - 2026,12-Mar 1pm,3639.1775
1693,2,Tamil Nadu - 2026,12-Mar 1pm,3639.1775
1693,3,Tamil Nadu - 2026,12-Mar 1pm,3639.1775
1693,4,Tamil Nadu - 2026,12-Mar 1pm,3639.1775
1694,1,Tamil Nadu - 2026,12-Mar 2pm,3593.6625
1694,2,Tamil Nadu - 2026,12-Mar 2pm,3593.6625
1694,3,Tamil Nadu - 2026,12-Mar 2pm,3593.6625
1694,4,Tamil Nadu - 2026,12-Mar 2pm,3593.6625
1695,1,Tamil Nadu - 2026,12-Mar 3pm,3658.3025
1695,2,Tamil Nadu - 2026,12-Mar 3pm,3658.3025
1695,3,Tamil Nadu - 2026,12-Mar 3pm,3658.3025
1695,4,Tamil Nadu - 2026,12-Mar 3pm,3658.3025
1696,1,Tamil Nadu - 2026,12-Mar 4pm,3758.9825
1696,2,Tamil Nadu - 2026,12-Mar 4pm,3758.9825
1696,3,Tamil Nadu - 2026,12-Mar 4pm,3758.9825
1696,4,Tamil Nadu - 2026,12-Mar 4pm,3758.9825
1697,1,Tamil Nadu - 2026,12-Mar 5pm,3858.8325
1697,2,Tamil Nadu - 2026,12-Mar 5pm,3858.8325
1697,3,Tamil Nadu - 2026,12-Mar 5pm,3858.8325
1697,4,Tamil Nadu - 2026,12-Mar 5pm,3858.8325
1698,1,Tamil Nadu - 2026,12-Mar 6pm,3943.205
1698,2,Tamil Nadu - 2026,12-Mar 6pm,3943.205
1698,3,Tamil Nadu - 2026,12-Mar 6pm,3943.205
1698,4,Tamil Nadu - 2026,12-Mar 6pm,3943.205
1699,1,Tamil Nadu - 2026,12-Mar 7pm,3969.46
1699,2,Tamil Nadu - 2026,12-Mar 7pm,3969.46
1699,3,Tamil Nadu - 2026,12-Mar 7pm,3969.46
1699,4,Tamil Nadu - 2026,12-Mar 7pm,3969.46
1700,1,Tamil Nadu - 2026,12-Mar 8pm,3721.49
1700,2,Tamil Nadu - 2026,12-Mar 8pm,3721.49
1700,3,Tamil Nadu - 2026,12-Mar 8pm,3721.49
1700,4,Tamil Nadu - 2026,12-Mar 8pm,3721.49
1701,1,Tamil Nadu - 2026,12-Mar 9pm,3522.64
1701,2,Tamil Nadu - 2026,12-Mar 9pm,3522.64
1701,3,Tamil Nadu - 2026,12-Mar 9pm,3522.64
1701,4,Tamil Nadu - 2026,12-Mar 9pm,3522.64
1702,1,Tamil Nadu - 2026,12-Mar 10pm,3263.415
1702,2,Tamil Nadu - 2026,12-Mar 10pm,3263.415
1702,3,Tamil Nadu - 2026,12-Mar 10pm,3263.415
1702,4,Tamil Nadu - 2026,12-Mar 10pm,3263.415
1703,1,Tamil Nadu - 2026,12-Mar 11pm,2989.385
1703,2,Tamil Nadu - 2026,12-Mar 11pm,2989.385
1703,3,Tamil Nadu - 2026,12-Mar 11pm,2989.385
1703,4,Tamil Nadu - 2026,12-Mar 11pm,2989.385
1704,1,Tamil Nadu - 2026,13-Mar 12am,2831.7975
1704,2,Tamil Nadu - 2026,13-Mar 12am,2831.7975
1704,3,Tamil Nadu - 2026,13-Mar 12am,2831.7975
1704,4,Tamil Nadu - 2026,13-Mar 12am,2831.7975
1705,1,Tamil Nadu - 2026,13-Mar 1am,2791.045
1705,2,Tamil Nadu - 2026,13-Mar 1am,2791.045
1705,3,Tamil Nadu - 2026,13-Mar 1am,2791.045
1705,4,Tamil Nadu - 2026,13-Mar 1am,2791.045
1706,1,Tamil Nadu - 2026,13-Mar 2am,2765.575
1706,2,Tamil Nadu - 2026,13-Mar 2am,2765.575
1706,3,Tamil Nadu - 2026,13-Mar 2am,2765.575
1706,4,Tamil Nadu - 2026,13-Mar 2am,2765.575
1707,1,Tamil Nadu - 2026,13-Mar 3am,2691.5425
1707,2,Tamil Nadu - 2026,13-Mar 3am,2691.5425
1707,3,Tamil Nadu - 2026,13-Mar 3am,2691.5425
1707,4,Tamil Nadu - 2026,13-Mar 3am,2691.5425
1708,1,Tamil Nadu - 2026,13-Mar 4am,2743.5925
1708,2,Tamil Nadu - 2026,13-Mar 4am,2743.5925
1708,3,Tamil Nadu - 2026,13-Mar 4am,2743.5925
1708,4,Tamil Nadu - 2026,13-Mar 4am,2743.5925
1709,1,Tamil Nadu - 2026,13-Mar 5am,2819.9075
1709,2,Tamil Nadu - 2026,13-Mar 5am,2819.9075
1709,3,Tamil Nadu - 2026,13-Mar 5am,2819.9075
1709,4,Tamil Nadu - 2026,13-Mar 5am,2819.9075
1710,1,Tamil Nadu - 2026,13-Mar 6am,3102.2875
1710,2,Tamil Nadu - 2026,13-Mar 6am,3102.2875
1710,3,Tamil Nadu - 2026,13-Mar 6am,3102.2875
1710,4,Tamil Nadu - 2026,13-Mar 6am,3102.2875
1711,1,Tamil Nadu - 2026,13-Mar 7am,3679.1575
1711,2,Tamil Nadu - 2026,13-Mar 7am,3679.1575
1711,3,Tamil Nadu - 2026,13-Mar 7am,3679.1575
1711,4,Tamil Nadu - 2026,13-Mar 7am,3679.1575
1712,1,Tamil Nadu - 2026,13-Mar 8am,3846.7425
1712,2,Tamil Nadu - 2026,13-Mar 8am,3846.7425
1712,3,Tamil Nadu - 2026,13-Mar 8am,3846.7425
1712,4,Tamil Nadu - 2026,13-Mar 8am,3846.7425
1713,1,Tamil Nadu - 2026,13-Mar 9am,3640.73
1713,2,Tamil Nadu - 2026,13-Mar 9am,3640.73
1713,3,Tamil Nadu - 2026,13-Mar 9am,3640.73
1713,4,Tamil Nadu - 2026,13-Mar 9am,3640.73
1714,1,Tamil Nadu - 2026,13-Mar 10am,3796.3375
1714,2,Tamil Nadu - 2026,13-Mar 10am,3796.3375
1714,3,Tamil Nadu - 2026,13-Mar 10am,3796.3375
1714,4,Tamil Nadu - 2026,13-Mar 10am,3796.3375
1715,1,Tamil Nadu - 2026,13-Mar 11am,3726.905
1715,2,Tamil Nadu - 2026,13-Mar 11am,3726.905
1715,3,Tamil Nadu - 2026,13-Mar 11am,3726.905
1715,4,Tamil Nadu - 2026,13-Mar 11am,3726.905
1716,1,Tamil Nadu - 2026,13-Mar 12pm,3612.6025
1716,2,Tamil Nadu - 2026,13-Mar 12pm,3612.6025
1716,3,Tamil Nadu - 2026,13-Mar 12pm,3612.6025
1716,4,Tamil Nadu - 2026,13-Mar 12pm,3612.6025
1717,1,Tamil Nadu - 2026,13-Mar 1pm,3586.64
1717,2,Tamil Nadu - 2026,13-Mar 1pm,3586.64
1717,3,Tamil Nadu - 2026,13-Mar 1pm,3586.64
1717,4,Tamil Nadu - 2026,13-Mar 1pm,3586.64
1718,1,Tamil Nadu - 2026,13-Mar 2pm,3517.11
1718,2,Tamil Nadu - 2026,13-Mar 2pm,3517.11
1718,3,Tamil Nadu - 2026,13-Mar 2pm,3517.11
1718,4,Tamil Nadu - 2026,13-Mar 2pm,3517.11
1719,1,Tamil Nadu - 2026,13-Mar 3pm,3681.49
1719,2,Tamil Nadu - 2026,13-Mar 3pm,3681.49
1719,3,Tamil Nadu - 2026,13-Mar 3pm,3681.49
1719,4,Tamil Nadu - 2026,13-Mar 3pm,3681.49
1720,1,Tamil Nadu - 2026,13-Mar 4pm,3694.115
1720,2,Tamil Nadu - 2026,13-Mar 4pm,3694.115
1720,3,Tamil Nadu - 2026,13-Mar 4pm,3694.115
1720,4,Tamil Nadu - 2026,13-Mar 4pm,3694.115
1721,1,Tamil Nadu - 2026,13-Mar 5pm,3892.175
1721,2,Tamil Nadu - 2026,13-Mar 5pm,3892.175
1721,3,Tamil Nadu - 2026,13-Mar 5pm,3892.175
1721,4,Tamil Nadu - 2026,13-Mar 5pm,3892.175
1722,1,Tamil Nadu - 2026,13-Mar 6pm,3945.8125
1722,2,Tamil Nadu - 2026,13-Mar 6pm,3945.8125
1722,3,Tamil Nadu - 2026,13-Mar 6pm,3945.8125
1722,4,Tamil Nadu - 2026,13-Mar 6pm,3945.8125
1723,1,Tamil Nadu - 2026,13-Mar 7pm,4008.0325
1723,2,Tamil Nadu - 2026,13-Mar 7pm,4008.0325
1723,3,Tamil Nadu - 2026,13-Mar 7pm,4008.0325
1723,4,Tamil Nadu - 2026,13-Mar 7pm,4008.0325
1724,1,Tamil Nadu - 2026,13-Mar 8pm,3757.3575
1724,2,Tamil Nadu - 2026,13-Mar 8pm,3757.3575
1724,3,Tamil Nadu - 2026,13-Mar 8pm,3757.3575
1724,4,Tamil Nadu - 2026,13-Mar 8pm,3757.3575
1725,1,Tamil Nadu - 2026,13-Mar 9pm,3545.58
1725,2,Tamil Nadu - 2026,13-Mar 9pm,3545.58
1725,3,Tamil Nadu - 2026,13-Mar 9pm,3545.58
1725,4,Tamil Nadu - 2026,13-Mar 9pm,3545.58
1726,1,Tamil Nadu - 2026,13-Mar 10pm,3311.955
1726,2,Tamil Nadu - 2026,13-Mar 10pm,3311.955
1726,3,Tamil Nadu - 2026,13-Mar 10pm,3311.955
1726,4,Tamil Nadu - 2026,13-Mar 10pm,3311.955
1727,1,Tamil Nadu - 2026,13-Mar 11pm,3044.98
1727,2,Tamil Nadu - 2026,13-Mar 11pm,3044.98
1727,3,Tamil Nadu - 2026,13-Mar 11pm,3044.98
1727,4,Tamil Nadu - 2026,13-Mar 11pm,3044.98
1728,1,Tamil Nadu - 2026,14-Mar 12am,2897.7375
1728,2,Tamil Nadu - 2026,14-Mar 12am,2897.7375
1728,3,Tamil Nadu - 2026,14-Mar 12am,2897.7375
1728,4,Tamil Nadu - 2026,14-Mar 12am,2897.7375
1729,1,Tamil Nadu - 2026,14-Mar 1am,2759.335
1729,2,Tamil Nadu - 2026,14-Mar 1am,2759.335
1729,3,Tamil Nadu - 2026,14-Mar 1am,2759.335
1729,4,Tamil Nadu - 2026,14-Mar 1am,2759.335
1730,1,Tamil Nadu - 2026,14-Mar 2am,2739.1225
1730,2,Tamil Nadu - 2026,14-Mar 2am,2739.1225
1730,3,Tamil Nadu - 2026,14-Mar 2am,2739.1225
1730,4,Tamil Nadu - 2026,14-Mar 2am,2739.1225
1731,1,Tamil Nadu - 2026,14-Mar 3am,2683.9425
1731,2,Tamil Nadu - 2026,14-Mar 3am,2683.9425
1731,3,Tamil Nadu - 2026,14-Mar 3am,2683.9425
1731,4,Tamil Nadu - 2026,14-Mar 3am,2683.9425
1732,1,Tamil Nadu - 2026,14-Mar 4am,2684.3975
1732,2,Tamil Nadu - 2026,14-Mar 4am,2684.3975
1732,3,Tamil Nadu - 2026,14-Mar 4am,2684.3975
1732,4,Tamil Nadu - 2026,14-Mar 4am,2684.3975
1733,1,Tamil Nadu - 2026,14-Mar 5am,2837.0375
1733,2,Tamil Nadu - 2026,14-Mar 5am,2837.0375
1733,3,Tamil Nadu - 2026,14-Mar 5am,2837.0375
1733,4,Tamil Nadu - 2026,14-Mar 5am,2837.0375
1734,1,Tamil Nadu - 2026,14-Mar 6am,3057.47
1734,2,Tamil Nadu - 2026,14-Mar 6am,3057.47
1734,3,Tamil Nadu - 2026,14-Mar 6am,3057.47
1734,4,Tamil Nadu - 2026,14-Mar 6am,3057.47
1735,1,Tamil Nadu - 2026,14-Mar 7am,3520.5
1735,2,Tamil Nadu - 2026,14-Mar 7am,3520.5
1735,3,Tamil Nadu - 2026,14-Mar 7am,3520.5
1735,4,Tamil Nadu - 2026,14-Mar 7am,3520.5
1736,1,Tamil Nadu - 2026,14-Mar 8am,3642.805
1736,2,Tamil Nadu - 2026,14-Mar 8am,3642.805
1736,3,Tamil Nadu - 2026,14-Mar 8am,3642.805
1736,4,Tamil Nadu - 2026,14-Mar 8am,3642.805
1737,1,Tamil Nadu - 2026,14-Mar 9am,3818.9675
1737,2,Tamil Nadu - 2026,14-Mar 9am,3818.9675
1737,3,Tamil Nadu - 2026,14-Mar 9am,3818.9675
1737,4,Tamil Nadu - 2026,14-Mar 9am,3818.9675
1738,1,Tamil Nadu - 2026,14-Mar 10am,3863.94
1738,2,Tamil Nadu - 2026,14-Mar 10am,3863.94
1738,3,Tamil Nadu - 2026,14-Mar 10am,3863.94
1738,4,Tamil Nadu - 2026,14-Mar 10am,3863.94
1739,1,Tamil Nadu - 2026,14-Mar 11am,3780.0225
1739,2,Tamil Nadu - 2026,14-Mar 11am,3780.0225
1739,3,Tamil Nadu - 2026,14-Mar 11am,3780.0225
1739,4,Tamil Nadu - 2026,14-Mar 11am,3780.0225
1740,1,Tamil Nadu - 2026,14-Mar 12pm,3695.57
1740,2,Tamil Nadu - 2026,14-Mar 12pm,3695.57
1740,3,Tamil Nadu - 2026,14-Mar 12pm,3695.57
1740,4,Tamil Nadu - 2026,14-Mar 12pm,3695.57
1741,1,Tamil Nadu - 2026,14-Mar 1pm,3623.6
1741,2,Tamil Nadu - 2026,14-Mar 1pm,3623.6
1741,3,Tamil Nadu - 2026,14-Mar 1pm,3623.6
1741,4,Tamil Nadu - 2026,14-Mar 1pm,3623.6
1742,1,Tamil Nadu - 2026,14-Mar 2pm,3511.0225
1742,2,Tamil Nadu - 2026,14-Mar 2pm,3511.0225
1742,3,Tamil Nadu - 2026,14-Mar 2pm,3511.0225
1742,4,Tamil Nadu - 2026,14-Mar 2pm,3511.0225
1743,1,Tamil Nadu - 2026,14-Mar 3pm,3537.0575
1743,2,Tamil Nadu - 2026,14-Mar 3pm,3537.0575
1743,3,Tamil Nadu - 2026,14-Mar 3pm,3537.0575
1743,4,Tamil Nadu - 2026,14-Mar 3pm,3537.0575
1744,1,Tamil Nadu - 2026,14-Mar 4pm,3701.905
1744,2,Tamil Nadu - 2026,14-Mar 4pm,3701.905
1744,3,Tamil Nadu - 2026,14-Mar 4pm,3701.905
1744,4,Tamil Nadu - 2026,14-Mar 4pm,3701.905
1745,1,Tamil Nadu - 2026,14-Mar 5pm,3755.7625
1745,2,Tamil Nadu - 2026,14-Mar 5pm,3755.7625
1745,3,Tamil Nadu - 2026,14-Mar 5pm,3755.7625
1745,4,Tamil Nadu - 2026,14-Mar 5pm,3755.7625
1746,1,Tamil Nadu - 2026,14-Mar 6pm,3894.725
1746,2,Tamil Nadu - 2026,14-Mar 6pm,3894.725
1746,3,Tamil Nadu - 2026,14-Mar 6pm,3894.725
1746,4,Tamil Nadu - 2026,14-Mar 6pm,3894.725
1747,1,Tamil Nadu - 2026,14-Mar 7pm,3857.3775
1747,2,Tamil Nadu - 2026,14-Mar 7pm,3857.3775
1747,3,Tamil Nadu - 2026,14-Mar 7pm,3857.3775
1747,4,Tamil Nadu - 2026,14-Mar 7pm,3857.3775
1748,1,Tamil Nadu - 2026,14-Mar 8pm,3602.1425
1748,2,Tamil Nadu - 2026,14-Mar 8pm,3602.1425
1748,3,Tamil Nadu - 2026,14-Mar 8pm,3602.1425
1748,4,Tamil Nadu - 2026,14-Mar 8pm,3602.1425
1749,1,Tamil Nadu - 2026,14-Mar 9pm,3392.235
1749,2,Tamil Nadu - 2026,14-Mar 9pm,3392.235
1749,3,Tamil Nadu - 2026,14-Mar 9pm,3392.235
1749,4,Tamil Nadu - 2026,14-Mar 9pm,3392.235
1750,1,Tamil Nadu - 2026,14-Mar 10pm,3188.5925
1750,2,Tamil Nadu - 2026,14-Mar 10pm,3188.5925
1750,3,Tamil Nadu - 2026,14-Mar 10pm,3188.5925
1750,4,Tamil Nadu - 2026,14-Mar 10pm,3188.5925
1751,1,Tamil Nadu - 2026,14-Mar 11pm,2951.275
1751,2,Tamil Nadu - 2026,14-Mar 11pm,2951.275
1751,3,Tamil Nadu - 2026,14-Mar 11pm,2951.275
1751,4,Tamil Nadu - 2026,14-Mar 11pm,2951.275
1752,1,Tamil Nadu - 2026,15-Mar 12am,2809.865
1752,2,Tamil Nadu - 2026,15-Mar 12am,2809.865
1752,3,Tamil Nadu - 2026,15-Mar 12am,2809.865
1752,4,Tamil Nadu - 2026,15-Mar 12am,2809.865
1753,1,Tamil Nadu - 2026,15-Mar 1am,2699.5275
1753,2,Tamil Nadu - 2026,15-Mar 1am,2699.5275
1753,3,Tamil Nadu - 2026,15-Mar 1am,2699.5275
1753,4,Tamil Nadu - 2026,15-Mar 1am,2699.5275
1754,1,Tamil Nadu - 2026,15-Mar 2am,2647.3325
1754,2,Tamil Nadu - 2026,15-Mar 2am,2647.3325
1754,3,Tamil Nadu - 2026,15-Mar 2am,2647.3325
1754,4,Tamil Nadu - 2026,15-Mar 2am,2647.3325
1755,1,Tamil Nadu - 2026,15-Mar 3am,2658.0225
1755,2,Tamil Nadu - 2026,15-Mar 3am,2658.0225
1755,3,Tamil Nadu - 2026,15-Mar 3am,2658.0225
1755,4,Tamil Nadu - 2026,15-Mar 3am,2658.0225
1756,1,Tamil Nadu - 2026,15-Mar 4am,2687.3375
1756,2,Tamil Nadu - 2026,15-Mar 4am,2687.3375
1756,3,Tamil Nadu - 2026,15-Mar 4am,2687.3375
1756,4,Tamil Nadu - 2026,15-Mar 4am,2687.3375
1757,1,Tamil Nadu - 2026,15-Mar 5am,2836.84
1757,2,Tamil Nadu - 2026,15-Mar 5am,2836.84
1757,3,Tamil Nadu - 2026,15-Mar 5am,2836.84
1757,4,Tamil Nadu - 2026,15-Mar 5am,2836.84
1758,1,Tamil Nadu - 2026,15-Mar 6am,2974.8375
1758,2,Tamil Nadu - 2026,15-Mar 6am,2974.8375
1758,3,Tamil Nadu - 2026,15-Mar 6am,2974.8375
1758,4,Tamil Nadu - 2026,15-Mar 6am,2974.8375
1759,1,Tamil Nadu - 2026,15-Mar 7am,3219.0275
1759,2,Tamil Nadu - 2026,15-Mar 7am,3219.0275
1759,3,Tamil Nadu - 2026,15-Mar 7am,3219.0275
1759,4,Tamil Nadu - 2026,15-Mar 7am,3219.0275
1760,1,Tamil Nadu - 2026,15-Mar 8am,3269.77
1760,2,Tamil Nadu - 2026,15-Mar 8am,3269.77
1760,3,Tamil Nadu - 2026,15-Mar 8am,3269.77
1760,4,Tamil Nadu - 2026,15-Mar 8am,3269.77
1761,1,Tamil Nadu - 2026,15-Mar 9am,3174.37
1761,2,Tamil Nadu - 2026,15-Mar 9am,3174.37
1761,3,Tamil Nadu - 2026,15-Mar 9am,3174.37
1761,4,Tamil Nadu - 2026,15-Mar 9am,3174.37
1762,1,Tamil Nadu - 2026,15-Mar 10am,2894.3775
1762,2,Tamil Nadu - 2026,15-Mar 10am,2894.3775
1762,3,Tamil Nadu - 2026,15-Mar 10am,2894.3775
1762,4,Tamil Nadu - 2026,15-Mar 10am,2894.3775
1763,1,Tamil Nadu - 2026,15-Mar 11am,2669.435
1763,2,Tamil Nadu - 2026,15-Mar 11am,2669.435
1763,3,Tamil Nadu - 2026,15-Mar 11am,2669.435
1763,4,Tamil Nadu - 2026,15-Mar 11am,2669.435
1764,1,Tamil Nadu - 2026,15-Mar 12pm,2489.9025
1764,2,Tamil Nadu - 2026,15-Mar 12pm,2489.9025
1764,3,Tamil Nadu - 2026,15-Mar 12pm,2489.9025
1764,4,Tamil Nadu - 2026,15-Mar 12pm,2489.9025
1765,1,Tamil Nadu - 2026,15-Mar 1pm,2390.6875
1765,2,Tamil Nadu - 2026,15-Mar 1pm,2390.6875
1765,3,Tamil Nadu - 2026,15-Mar 1pm,2390.6875
1765,4,Tamil Nadu - 2026,15-Mar 1pm,2390.6875
1766,1,Tamil Nadu - 2026,15-Mar 2pm,2337.825
1766,2,Tamil Nadu - 2026,15-Mar 2pm,2337.825
1766,3,Tamil Nadu - 2026,15-Mar 2pm,2337.825
1766,4,Tamil Nadu - 2026,15-Mar 2pm,2337.825
1767,1,Tamil Nadu - 2026,15-Mar 3pm,2429.9375
1767,2,Tamil Nadu - 2026,15-Mar 3pm,2429.9375
1767,3,Tamil Nadu - 2026,15-Mar 3pm,2429.9375
1767,4,Tamil Nadu - 2026,15-Mar 3pm,2429.9375
1768,1,Tamil Nadu - 2026,15-Mar 4pm,2567.495
1768,2,Tamil Nadu - 2026,15-Mar 4pm,2567.495
1768,3,Tamil Nadu - 2026,15-Mar 4pm,2567.495
1768,4,Tamil Nadu - 2026,15-Mar 4pm,2567.495
1769,1,Tamil Nadu - 2026,15-Mar 5pm,2651.87
1769,2,Tamil Nadu - 2026,15-Mar 5pm,2651.87
1769,3,Tamil Nadu - 2026,15-Mar 5pm,2651.87
1769,4,Tamil Nadu - 2026,15-Mar 5pm,2651.87
1770,1,Tamil Nadu - 2026,15-Mar 6pm,2907.0525
1770,2,Tamil Nadu - 2026,15-Mar 6pm,2907.0525
1770,3,Tamil Nadu - 2026,15-Mar 6pm,2907.0525
1770,4,Tamil Nadu - 2026,15-Mar 6pm,2907.0525
1771,1,Tamil Nadu - 2026,15-Mar 7pm,2947.13
1771,2,Tamil Nadu - 2026,15-Mar 7pm,2947.13
1771,3,Tamil Nadu - 2026,15-Mar 7pm,2947.13
1771,4,Tamil Nadu - 2026,15-Mar 7pm,2947.13
1772,1,Tamil Nadu - 2026,15-Mar 8pm,2795.7225
1772,2,Tamil Nadu - 2026,15-Mar 8pm,2795.7225
1772,3,Tamil Nadu - 2026,15-Mar 8pm,2795.7225
1772,4,Tamil Nadu - 2026,15-Mar 8pm,2795.7225
1773,1,Tamil Nadu - 2026,15-Mar 9pm,2695.5325
1773,2,Tamil Nadu - 2026,15-Mar 9pm,2695.5325
1773,3,Tamil Nadu - 2026,15-Mar 9pm,2695.5325
1773,4,Tamil Nadu - 2026,15-Mar 9pm,2695.5325
1774,1,Tamil Nadu - 2026,15-Mar 10pm,2556.16
1774,2,Tamil Nadu - 2026,15-Mar 10pm,2556.16
1774,3,Tamil Nadu - 2026,15-Mar 10pm,2556.16
1774,4,Tamil Nadu - 2026,15-Mar 10pm,2556.16
1775,1,Tamil Nadu - 2026,15-Mar 11pm,2384.48
1775,2,Tamil Nadu - 2026,15-Mar 11pm,2384.48
1775,3,Tamil Nadu - 2026,15-Mar 11pm,2384.48
1775,4,Tamil Nadu - 2026,15-Mar 11pm,2384.48
1776,1,Tamil Nadu - 2026,16-Mar 12am,2294.36
1776,2,Tamil Nadu - 2026,16-Mar 12am,2294.36
1776,3,Tamil Nadu - 2026,16-Mar 12am,2294.36
1776,4,Tamil Nadu - 2026,16-Mar 12am,2294.36
1777,1,Tamil Nadu - 2026,16-Mar 1am,2259.635
1777,2,Tamil Nadu - 2026,16-Mar 1am,2259.635
1777,3,Tamil Nadu - 2026,16-Mar 1am,2259.635
1777,4,Tamil Nadu - 2026,16-Mar 1am,2259.635
1778,1,Tamil Nadu - 2026,16-Mar 2am,2209.1775
1778,2,Tamil Nadu - 2026,16-Mar 2am,2209.1775
1778,3,Tamil Nadu - 2026,16-Mar 2am,2209.1775
1778,4,Tamil Nadu - 2026,16-Mar 2am,2209.1775
1779,1,Tamil Nadu - 2026,16-Mar 3am,2209.8425
1779,2,Tamil Nadu - 2026,16-Mar 3am,2209.8425
1779,3,Tamil Nadu - 2026,16-Mar 3am,2209.8425
1779,4,Tamil Nadu - 2026,16-Mar 3am,2209.8425
1780,1,Tamil Nadu - 2026,16-Mar 4am,2238.125
1780,2,Tamil Nadu - 2026,16-Mar 4am,2238.125
1780,3,Tamil Nadu - 2026,16-Mar 4am,2238.125
1780,4,Tamil Nadu - 2026,16-Mar 4am,2238.125
1781,1,Tamil Nadu - 2026,16-Mar 5am,2330.2125
1781,2,Tamil Nadu - 2026,16-Mar 5am,2330.2125
1781,3,Tamil Nadu - 2026,16-Mar 5am,2330.2125
1781,4,Tamil Nadu - 2026,16-Mar 5am,2330.2125
1782,1,Tamil Nadu - 2026,16-Mar 6am,2486.875
1782,2,Tamil Nadu - 2026,16-Mar 6am,2486.875
1782,3,Tamil Nadu - 2026,16-Mar 6am,2486.875
1782,4,Tamil Nadu - 2026,16-Mar 6am,2486.875
1783,1,Tamil Nadu - 2026,16-Mar 7am,2804.205
1783,2,Tamil Nadu - 2026,16-Mar 7am,2804.205
1783,3,Tamil Nadu - 2026,16-Mar 7am,2804.205
1783,4,Tamil Nadu - 2026,16-Mar 7am,2804.205
1784,1,Tamil Nadu - 2026,16-Mar 8am,2981.845
1784,2,Tamil Nadu - 2026,16-Mar 8am,2981.845
1784,3,Tamil Nadu - 2026,16-Mar 8am,2981.845
1784,4,Tamil Nadu - 2026,16-Mar 8am,2981.845
1785,1,Tamil Nadu - 2026,16-Mar 9am,3084.055
1785,2,Tamil Nadu - 2026,16-Mar 9am,3084.055
1785,3,Tamil Nadu - 2026,16-Mar 9am,3084.055
1785,4,Tamil Nadu - 2026,16-Mar 9am,3084.055
1786,1,Tamil Nadu - 2026,16-Mar 10am,3068.2
1786,2,Tamil Nadu - 2026,16-Mar 10am,3068.2
1786,3,Tamil Nadu - 2026,16-Mar 10am,3068.2
1786,4,Tamil Nadu - 2026,16-Mar 10am,3068.2
1787,1,Tamil Nadu - 2026,16-Mar 11am,2862.9325
1787,2,Tamil Nadu - 2026,16-Mar 11am,2862.9325
1787,3,Tamil Nadu - 2026,16-Mar 11am,2862.9325
1787,4,Tamil Nadu - 2026,16-Mar 11am,2862.9325
1788,1,Tamil Nadu - 2026,16-Mar 12pm,2769.8625
1788,2,Tamil Nadu - 2026,16-Mar 12pm,2769.8625
1788,3,Tamil Nadu - 2026,16-Mar 12pm,2769.8625
1788,4,Tamil Nadu - 2026,16-Mar 12pm,2769.8625
1789,1,Tamil Nadu - 2026,16-Mar 1pm,2743.3675
1789,2,Tamil Nadu - 2026,16-Mar 1pm,2743.3675
1789,3,Tamil Nadu - 2026,16-Mar 1pm,2743.3675
1789,4,Tamil Nadu - 2026,16-Mar 1pm,2743.3675
1790,1,Tamil Nadu - 2026,16-Mar 2pm,2697.5375
1790,2,Tamil Nadu - 2026,16-Mar 2pm,2697.5375
1790,3,Tamil Nadu - 2026,16-Mar 2pm,2697.5375
1790,4,Tamil Nadu - 2026,16-Mar 2pm,2697.5375
1791,1,Tamil Nadu - 2026,16-Mar 3pm,2769.2875
1791,2,Tamil Nadu - 2026,16-Mar 3pm,2769.2875
1791,3,Tamil Nadu - 2026,16-Mar 3pm,2769.2875
1791,4,Tamil Nadu - 2026,16-Mar 3pm,2769.2875
1792,1,Tamil Nadu - 2026,16-Mar 4pm,2867.7475
1792,2,Tamil Nadu - 2026,16-Mar 4pm,2867.7475
1792,3,Tamil Nadu - 2026,16-Mar 4pm,2867.7475
1792,4,Tamil Nadu - 2026,16-Mar 4pm,2867.7475
1793,1,Tamil Nadu - 2026,16-Mar 5pm,2813.095
1793,2,Tamil Nadu - 2026,16-Mar 5pm,2813.095
1793,3,Tamil Nadu - 2026,16-Mar 5pm,2813.095
1793,4,Tamil Nadu - 2026,16-Mar 5pm,2813.095
1794,1,Tamil Nadu - 2026,16-Mar 6pm,2930.8175
1794,2,Tamil Nadu - 2026,16-Mar 6pm,2930.8175
1794,3,Tamil Nadu - 2026,16-Mar 6pm,2930.8175
1794,4,Tamil Nadu - 2026,16-Mar 6pm,2930.8175
1795,1,Tamil Nadu - 2026,16-Mar 7pm,3028.325
1795,2,Tamil Nadu - 2026,16-Mar 7pm,3028.325
1795,3,Tamil Nadu - 2026,16-Mar 7pm,3028.325
1795,4,Tamil Nadu - 2026,16-Mar 7pm,3028.325
1796,1,Tamil Nadu - 2026,16-Mar 8pm,2866.975
1796,2,Tamil Nadu - 2026,16-Mar 8pm,2866.975
1796,3,Tamil Nadu - 2026,16-Mar 8pm,2866.975
1796,4,Tamil Nadu - 2026,16-Mar 8pm,2866.975
1797,1,Tamil Nadu - 2026,16-Mar 9pm,2753.64
1797,2,Tamil Nadu - 2026,16-Mar 9pm,2753.64
1797,3,Tamil Nadu - 2026,16-Mar 9pm,2753.64
1797,4,Tamil Nadu - 2026,16-Mar 9pm,2753.64
1798,1,Tamil Nadu - 2026,16-Mar 10pm,2597.885
1798,2,Tamil Nadu - 2026,16-Mar 10pm,2597.885
1798,3,Tamil Nadu - 2026,16-Mar 10pm,2597.885
1798,4,Tamil Nadu - 2026,16-Mar 10pm,2597.885
1799,1,Tamil Nadu - 2026,16-Mar 11pm,2419.795
1799,2,Tamil Nadu - 2026,16-Mar 11pm,2419.795
1799,3,Tamil Nadu - 2026,16-Mar 11pm,2419.795
1799,4,Tamil Nadu - 2026,16-Mar 11pm,2419.795
1800,1,Tamil Nadu - 2026,17-Mar 12am,2357.29
1800,2,Tamil Nadu - 2026,17-Mar 12am,2357.29
1800,3,Tamil Nadu - 2026,17-Mar 12am,2357.29
1800,4,Tamil Nadu - 2026,17-Mar 12am,2357.29
1801,1,Tamil Nadu - 2026,17-Mar 1am,2305.505
1801,2,Tamil Nadu - 2026,17-Mar 1am,2305.505
1801,3,Tamil Nadu - 2026,17-Mar 1am,2305.505
1801,4,Tamil Nadu - 2026,17-Mar 1am,2305.505
1802,1,Tamil Nadu - 2026,17-Mar 2am,2279.905
1802,2,Tamil Nadu - 2026,17-Mar 2am,2279.905
1802,3,Tamil Nadu - 2026,17-Mar 2am,2279.905
1802,4,Tamil Nadu - 2026,17-Mar 2am,2279.905
1803,1,Tamil Nadu - 2026,17-Mar 3am,2229.455
1803,2,Tamil Nadu - 2026,17-Mar 3am,2229.455
1803,3,Tamil Nadu - 2026,17-Mar 3am,2229.455
1803,4,Tamil Nadu - 2026,17-Mar 3am,2229.455
1804,1,Tamil Nadu - 2026,17-Mar 4am,2243.955
1804,2,Tamil Nadu - 2026,17-Mar 4am,2243.955
1804,3,Tamil Nadu - 2026,17-Mar 4am,2243.955
1804,4,Tamil Nadu - 2026,17-Mar 4am,2243.955
1805,1,Tamil Nadu - 2026,17-Mar 5am,2340.3275
1805,2,Tamil Nadu - 2026,17-Mar 5am,2340.3275
1805,3,Tamil Nadu - 2026,17-Mar 5am,2340.3275
1805,4,Tamil Nadu - 2026,17-Mar 5am,2340.3275
1806,1,Tamil Nadu - 2026,17-Mar 6am,2469.9225
1806,2,Tamil Nadu - 2026,17-Mar 6am,2469.9225
1806,3,Tamil Nadu - 2026,17-Mar 6am,2469.9225
1806,4,Tamil Nadu - 2026,17-Mar 6am,2469.9225
1807,1,Tamil Nadu - 2026,17-Mar 7am,2802.47
1807,2,Tamil Nadu - 2026,17-Mar 7am,2802.47
1807,3,Tamil Nadu - 2026,17-Mar 7am,2802.47
1807,4,Tamil Nadu - 2026,17-Mar 7am,2802.47
1808,1,Tamil Nadu - 2026,17-Mar 8am,3050.2475
1808,2,Tamil Nadu - 2026,17-Mar 8am,3050.2475
1808,3,Tamil Nadu - 2026,17-Mar 8am,3050.2475
1808,4,Tamil Nadu - 2026,17-Mar 8am,3050.2475
1809,1,Tamil Nadu - 2026,17-Mar 9am,3125.97
1809,2,Tamil Nadu - 2026,17-Mar 9am,3125.97
1809,3,Tamil Nadu - 2026,17-Mar 9am,3125.97
1809,4,Tamil Nadu - 2026,17-Mar 9am,3125.97
1810,1,Tamil Nadu - 2026,17-Mar 10am,2900.79
1810,2,Tamil Nadu - 2026,17-Mar 10am,2900.79
1810,3,Tamil Nadu - 2026,17-Mar 10am,2900.79
1810,4,Tamil Nadu - 2026,17-Mar 10am,2900.79
1811,1,Tamil Nadu - 2026,17-Mar 11am,2921.3975
1811,2,Tamil Nadu - 2026,17-Mar 11am,2921.3975
1811,3,Tamil Nadu - 2026,17-Mar 11am,2921.3975
1811,4,Tamil Nadu - 2026,17-Mar 11am,2921.3975
1812,1,Tamil Nadu - 2026,17-Mar 12pm,2903.2075
1812,2,Tamil Nadu - 2026,17-Mar 12pm,2903.2075
1812,3,Tamil Nadu - 2026,17-Mar 12pm,2903.2075
1812,4,Tamil Nadu - 2026,17-Mar 12pm,2903.2075
1813,1,Tamil Nadu - 2026,17-Mar 1pm,2802.34
1813,2,Tamil Nadu - 2026,17-Mar 1pm,2802.34
1813,3,Tamil Nadu - 2026,17-Mar 1pm,2802.34
1813,4,Tamil Nadu - 2026,17-Mar 1pm,2802.34
1814,1,Tamil Nadu - 2026,17-Mar 2pm,2732.0
1814,2,Tamil Nadu - 2026,17-Mar 2pm,2732.0
1814,3,Tamil Nadu - 2026,17-Mar 2pm,2732.0
1814,4,Tamil Nadu - 2026,17-Mar 2pm,2732.0
1815,1,Tamil Nadu - 2026,17-Mar 3pm,2840.13
1815,2,Tamil Nadu - 2026,17-Mar 3pm,2840.13
1815,3,Tamil Nadu - 2026,17-Mar 3pm,2840.13
1815,4,Tamil Nadu - 2026,17-Mar 3pm,2840.13
1816,1,Tamil Nadu - 2026,17-Mar 4pm,3064.6525
1816,2,Tamil Nadu - 2026,17-Mar 4pm,3064.6525
1816,3,Tamil Nadu - 2026,17-Mar 4pm,3064.6525
1816,4,Tamil Nadu - 2026,17-Mar 4pm,3064.6525
1817,1,Tamil Nadu - 2026,17-Mar 5pm,3144.9575
1817,2,Tamil Nadu - 2026,17-Mar 5pm,3144.9575
1817,3,Tamil Nadu - 2026,17-Mar 5pm,3144.9575
1817,4,Tamil Nadu - 2026,17-Mar 5pm,3144.9575
1818,1,Tamil Nadu - 2026,17-Mar 6pm,3334.18
1818,2,Tamil Nadu - 2026,17-Mar 6pm,3334.18
1818,3,Tamil Nadu - 2026,17-Mar 6pm,3334.18
1818,4,Tamil Nadu - 2026,17-Mar 6pm,3334.18
1819,1,Tamil Nadu - 2026,17-Mar 7pm,3321.19
1819,2,Tamil Nadu - 2026,17-Mar 7pm,3321.19
1819,3,Tamil Nadu - 2026,17-Mar 7pm,3321.19
1819,4,Tamil Nadu - 2026,17-Mar 7pm,3321.19
1820,1,Tamil Nadu - 2026,17-Mar 8pm,3142.6925
1820,2,Tamil Nadu - 2026,17-Mar 8pm,3142.6925
1820,3,Tamil Nadu - 2026,17-Mar 8pm,3142.6925
1820,4,Tamil Nadu - 2026,17-Mar 8pm,3142.6925
1821,1,Tamil Nadu - 2026,17-Mar 9pm,2975.9075
1821,2,Tamil Nadu - 2026,17-Mar 9pm,2975.9075
1821,3,Tamil Nadu - 2026,17-Mar 9pm,2975.9075
1821,4,Tamil Nadu - 2026,17-Mar 9pm,2975.9075
1822,1,Tamil Nadu - 2026,17-Mar 10pm,2839.5
1822,2,Tamil Nadu - 2026,17-Mar 10pm,2839.5
1822,3,Tamil Nadu - 2026,17-Mar 10pm,2839.5
1822,4,Tamil Nadu - 2026,17-Mar 10pm,2839.5
1823,1,Tamil Nadu - 2026,17-Mar 11pm,2643.66
1823,2,Tamil Nadu - 2026,17-Mar 11pm,2643.66
1823,3,Tamil Nadu - 2026,17-Mar 11pm,2643.66
1823,4,Tamil Nadu - 2026,17-Mar 11pm,2643.66
1824,1,Tamil Nadu - 2026,18-Mar 12am,2587.9025
1824,2,Tamil Nadu - 2026,18-Mar 12am,2587.9025
1824,3,Tamil Nadu - 2026,18-Mar 12am,2587.9025
1824,4,Tamil Nadu - 2026,18-Mar 12am,2587.9025
1825,1,Tamil Nadu - 2026,18-Mar 1am,2548.2025
1825,2,Tamil Nadu - 2026,18-Mar 1am,2548.2025
1825,3,Tamil Nadu - 2026,18-Mar 1am,2548.2025
1825,4,Tamil Nadu - 2026,18-Mar 1am,2548.2025
1826,1,Tamil Nadu - 2026,18-Mar 2am,2538.88
1826,2,Tamil Nadu - 2026,18-Mar 2am,2538.88
1826,3,Tamil Nadu - 2026,18-Mar 2am,2538.88
1826,4,Tamil Nadu - 2026,18-Mar 2am,2538.88
1827,1,Tamil Nadu - 2026,18-Mar 3am,2509.85
1827,2,Tamil Nadu - 2026,18-Mar 3am,2509.85
1827,3,Tamil Nadu - 2026,18-Mar 3am,2509.85
1827,4,Tamil Nadu - 2026,18-Mar 3am,2509.85
1828,1,Tamil Nadu - 2026,18-Mar 4am,2495.325
1828,2,Tamil Nadu - 2026,18-Mar 4am,2495.325
1828,3,Tamil Nadu - 2026,18-Mar 4am,2495.325
1828,4,Tamil Nadu - 2026,18-Mar 4am,2495.325
1829,1,Tamil Nadu - 2026,18-Mar 5am,2592.0825
1829,2,Tamil Nadu - 2026,18-Mar 5am,2592.0825
1829,3,Tamil Nadu - 2026,18-Mar 5am,2592.0825
1829,4,Tamil Nadu - 2026,18-Mar 5am,2592.0825
1830,1,Tamil Nadu - 2026,18-Mar 6am,2720.5825
1830,2,Tamil Nadu - 2026,18-Mar 6am,2720.5825
1830,3,Tamil Nadu - 2026,18-Mar 6am,2720.5825
1830,4,Tamil Nadu - 2026,18-Mar 6am,2720.5825
1831,1,Tamil Nadu - 2026,18-Mar 7am,3103.0075
1831,2,Tamil Nadu - 2026,18-Mar 7am,3103.0075
1831,3,Tamil Nadu - 2026,18-Mar 7am,3103.0075
1831,4,Tamil Nadu - 2026,18-Mar 7am,3103.0075
1832,1,Tamil Nadu - 2026,18-Mar 8am,3258.2375
1832,2,Tamil Nadu - 2026,18-Mar 8am,3258.2375
1832,3,Tamil Nadu - 2026,18-Mar 8am,3258.2375
1832,4,Tamil Nadu - 2026,18-Mar 8am,3258.2375
1833,1,Tamil Nadu - 2026,18-Mar 9am,3307.3225
1833,2,Tamil Nadu - 2026,18-Mar 9am,3307.3225
1833,3,Tamil Nadu - 2026,18-Mar 9am,3307.3225
1833,4,Tamil Nadu - 2026,18-Mar 9am,3307.3225
1834,1,Tamil Nadu - 2026,18-Mar 10am,3192.3575
1834,2,Tamil Nadu - 2026,18-Mar 10am,3192.3575
1834,3,Tamil Nadu - 2026,18-Mar 10am,3192.3575
1834,4,Tamil Nadu - 2026,18-Mar 10am,3192.3575
1835,1,Tamil Nadu - 2026,18-Mar 11am,2832.47
1835,2,Tamil Nadu - 2026,18-Mar 11am,2832.47
1835,3,Tamil Nadu - 2026,18-Mar 11am,2832.47
1835,4,Tamil Nadu - 2026,18-Mar 11am,2832.47
1836,1,Tamil Nadu - 2026,18-Mar 12pm,3039.005
1836,2,Tamil Nadu - 2026,18-Mar 12pm,3039.005
1836,3,Tamil Nadu - 2026,18-Mar 12pm,3039.005
1836,4,Tamil Nadu - 2026,18-Mar 12pm,3039.005
1837,1,Tamil Nadu - 2026,18-Mar 1pm,3003.0725
1837,2,Tamil Nadu - 2026,18-Mar 1pm,3003.0725
1837,3,Tamil Nadu - 2026,18-Mar 1pm,3003.0725
1837,4,Tamil Nadu - 2026,18-Mar 1pm,3003.0725
1838,1,Tamil Nadu - 2026,18-Mar 2pm,2889.3125
1838,2,Tamil Nadu - 2026,18-Mar 2pm,2889.3125
1838,3,Tamil Nadu - 2026,18-Mar 2pm,2889.3125
1838,4,Tamil Nadu - 2026,18-Mar 2pm,2889.3125
1839,1,Tamil Nadu - 2026,18-Mar 3pm,3005.3025
1839,2,Tamil Nadu - 2026,18-Mar 3pm,3005.3025
1839,3,Tamil Nadu - 2026,18-Mar 3pm,3005.3025
1839,4,Tamil Nadu - 2026,18-Mar 3pm,3005.3025
1840,1,Tamil Nadu - 2026,18-Mar 4pm,3182.19
1840,2,Tamil Nadu - 2026,18-Mar 4pm,3182.19
1840,3,Tamil Nadu - 2026,18-Mar 4pm,3182.19
1840,4,Tamil Nadu - 2026,18-Mar 4pm,3182.19
1841,1,Tamil Nadu - 2026,18-Mar 5pm,3157.9275
1841,2,Tamil Nadu - 2026,18-Mar 5pm,3157.9275
1841,3,Tamil Nadu - 2026,18-Mar 5pm,3157.9275
1841,4,Tamil Nadu - 2026,18-Mar 5pm,3157.9275
1842,1,Tamil Nadu - 2026,18-Mar 6pm,3339.0775
1842,2,Tamil Nadu - 2026,18-Mar 6pm,3339.0775
1842,3,Tamil Nadu - 2026,18-Mar 6pm,3339.0775
1842,4,Tamil Nadu - 2026,18-Mar 6pm,3339.0775
1843,1,Tamil Nadu - 2026,18-Mar 7pm,3420.5525
1843,2,Tamil Nadu - 2026,18-Mar 7pm,3420.5525
1843,3,Tamil Nadu - 2026,18-Mar 7pm,3420.5525
1843,4,Tamil Nadu - 2026,18-Mar 7pm,3420.5525
1844,1,Tamil Nadu - 2026,18-Mar 8pm,3192.6625
1844,2,Tamil Nadu - 2026,18-Mar 8pm,3192.6625
1844,3,Tamil Nadu - 2026,18-Mar 8pm,3192.6625
1844,4,Tamil Nadu - 2026,18-Mar 8pm,3192.6625
1845,1,Tamil Nadu - 2026,18-Mar 9pm,3102.3625
1845,2,Tamil Nadu - 2026,18-Mar 9pm,3102.3625
1845,3,Tamil Nadu - 2026,18-Mar 9pm,3102.3625
1845,4,Tamil Nadu - 2026,18-Mar 9pm,3102.3625
1846,1,Tamil Nadu - 2026,18-Mar 10pm,2937.5175
1846,2,Tamil Nadu - 2026,18-Mar 10pm,2937.5175
1846,3,Tamil Nadu - 2026,18-Mar 10pm,2937.5175
1846,4,Tamil Nadu - 2026,18-Mar 10pm,2937.5175
1847,1,Tamil Nadu - 2026,18-Mar 11pm,2795.8425
1847,2,Tamil Nadu - 2026,18-Mar 11pm,2795.8425
1847,3,Tamil Nadu - 2026,18-Mar 11pm,2795.8425
1847,4,Tamil Nadu - 2026,18-Mar 11pm,2795.8425
1848,1,Tamil Nadu - 2026,19-Mar 12am,2685.4075
1848,2,Tamil Nadu - 2026,19-Mar 12am,2685.4075
1848,3,Tamil Nadu - 2026,19-Mar 12am,2685.4075
1848,4,Tamil Nadu - 2026,19-Mar 12am,2685.4075
1849,1,Tamil Nadu - 2026,19-Mar 1am,2678.6
1849,2,Tamil Nadu - 2026,19-Mar 1am,2678.6
1849,3,Tamil Nadu - 2026,19-Mar 1am,2678.6
1849,4,Tamil Nadu - 2026,19-Mar 1am,2678.6
1850,1,Tamil Nadu - 2026,19-Mar 2am,2654.51
1850,2,Tamil Nadu - 2026,19-Mar 2am,2654.51
1850,3,Tamil Nadu - 2026,19-Mar 2am,2654.51
1850,4,Tamil Nadu - 2026,19-Mar 2am,2654.51
1851,1,Tamil Nadu - 2026,19-Mar 3am,2609.8775
1851,2,Tamil Nadu - 2026,19-Mar 3am,2609.8775
1851,3,Tamil Nadu - 2026,19-Mar 3am,2609.8775
1851,4,Tamil Nadu - 2026,19-Mar 3am,2609.8775
1852,1,Tamil Nadu - 2026,19-Mar 4am,2637.095
1852,2,Tamil Nadu - 2026,19-Mar 4am,2637.095
1852,3,Tamil Nadu - 2026,19-Mar 4am,2637.095
1852,4,Tamil Nadu - 2026,19-Mar 4am,2637.095
1853,1,Tamil Nadu - 2026,19-Mar 5am,2732.0375
1853,2,Tamil Nadu - 2026,19-Mar 5am,2732.0375
1853,3,Tamil Nadu - 2026,19-Mar 5am,2732.0375
1853,4,Tamil Nadu - 2026,19-Mar 5am,2732.0375
1854,1,Tamil Nadu - 2026,19-Mar 6am,2987.665
1854,2,Tamil Nadu - 2026,19-Mar 6am,2987.665
1854,3,Tamil Nadu - 2026,19-Mar 6am,2987.665
1854,4,Tamil Nadu - 2026,19-Mar 6am,2987.665
1855,1,Tamil Nadu - 2026,19-Mar 7am,3652.3775
1855,2,Tamil Nadu - 2026,19-Mar 7am,3652.3775
1855,3,Tamil Nadu - 2026,19-Mar 7am,3652.3775
1855,4,Tamil Nadu - 2026,19-Mar 7am,3652.3775
1856,1,Tamil Nadu - 2026,19-Mar 8am,3815.84
1856,2,Tamil Nadu - 2026,19-Mar 8am,3815.84
1856,3,Tamil Nadu - 2026,19-Mar 8am,3815.84
1856,4,Tamil Nadu - 2026,19-Mar 8am,3815.84
1857,1,Tamil Nadu - 2026,19-Mar 9am,3689.12
1857,2,Tamil Nadu - 2026,19-Mar 9am,3689.12
1857,3,Tamil Nadu - 2026,19-Mar 9am,3689.12
1857,4,Tamil Nadu - 2026,19-Mar 9am,3689.12
1858,1,Tamil Nadu - 2026,19-Mar 10am,3706.9225
1858,2,Tamil Nadu - 2026,19-Mar 10am,3706.9225
1858,3,Tamil Nadu - 2026,19-Mar 10am,3706.9225
1858,4,Tamil Nadu - 2026,19-Mar 10am,3706.9225
1859,1,Tamil Nadu - 2026,19-Mar 11am,3607.66
1859,2,Tamil Nadu - 2026,19-Mar 11am,3607.66
1859,3,Tamil Nadu - 2026,19-Mar 11am,3607.66
1859,4,Tamil Nadu - 2026,19-Mar 11am,3607.66
1860,1,Tamil Nadu - 2026,19-Mar 12pm,3569.1575
1860,2,Tamil Nadu - 2026,19-Mar 12pm,3569.1575
1860,3,Tamil Nadu - 2026,19-Mar 12pm,3569.1575
1860,4,Tamil Nadu - 2026,19-Mar 12pm,3569.1575
1861,1,Tamil Nadu - 2026,19-Mar 1pm,3472.475
1861,2,Tamil Nadu - 2026,19-Mar 1pm,3472.475
1861,3,Tamil Nadu - 2026,19-Mar 1pm,3472.475
1861,4,Tamil Nadu - 2026,19-Mar 1pm,3472.475
1862,1,Tamil Nadu - 2026,19-Mar 2pm,3478.83
1862,2,Tamil Nadu - 2026,19-Mar 2pm,3478.83
1862,3,Tamil Nadu - 2026,19-Mar 2pm,3478.83
1862,4,Tamil Nadu - 2026,19-Mar 2pm,3478.83
1863,1,Tamil Nadu - 2026,19-Mar 3pm,3625.44
1863,2,Tamil Nadu - 2026,19-Mar 3pm,3625.44
1863,3,Tamil Nadu - 2026,19-Mar 3pm,3625.44
1863,4,Tamil Nadu - 2026,19-Mar 3pm,3625.44
1864,1,Tamil Nadu - 2026,19-Mar 4pm,3764.39
1864,2,Tamil Nadu - 2026,19-Mar 4pm,3764.39
1864,3,Tamil Nadu - 2026,19-Mar 4pm,3764.39
1864,4,Tamil Nadu - 2026,19-Mar 4pm,3764.39
1865,1,Tamil Nadu - 2026,19-Mar 5pm,4013.8325
1865,2,Tamil Nadu - 2026,19-Mar 5pm,4013.8325
1865,3,Tamil Nadu - 2026,19-Mar 5pm,4013.8325
1865,4,Tamil Nadu - 2026,19-Mar 5pm,4013.8325
1866,1,Tamil Nadu - 2026,19-Mar 6pm,4116.3875
1866,2,Tamil Nadu - 2026,19-Mar 6pm,4116.3875
1866,3,Tamil Nadu - 2026,19-Mar 6pm,4116.3875
1866,4,Tamil Nadu - 2026,19-Mar 6pm,4116.3875
1867,1,Tamil Nadu - 2026,19-Mar 7pm,4089.7025
1867,2,Tamil Nadu - 2026,19-Mar 7pm,4089.7025
1867,3,Tamil Nadu - 2026,19-Mar 7pm,4089.7025
1867,4,Tamil Nadu - 2026,19-Mar 7pm,4089.7025
1868,1,Tamil Nadu - 2026,19-Mar 8pm,3814.57
1868,2,Tamil Nadu - 2026,19-Mar 8pm,3814.57
1868,3,Tamil Nadu - 2026,19-Mar 8pm,3814.57
1868,4,Tamil Nadu - 2026,19-Mar 8pm,3814.57
1869,1,Tamil Nadu - 2026,19-Mar 9pm,3628.67
1869,2,Tamil Nadu - 2026,19-Mar 9pm,3628.67
1869,3,Tamil Nadu - 2026,19-Mar 9pm,3628.67
1869,4,Tamil Nadu - 2026,19-Mar 9pm,3628.67
1870,1,Tamil Nadu - 2026,19-Mar 10pm,3403.53
1870,2,Tamil Nadu - 2026,19-Mar 10pm,3403.53
1870,3,Tamil Nadu - 2026,19-Mar 10pm,3403.53
1870,4,Tamil Nadu - 2026,19-Mar 10pm,3403.53
1871,1,Tamil Nadu - 2026,19-Mar 11pm,3193.315
1871,2,Tamil Nadu - 2026,19-Mar 11pm,3193.315
1871,3,Tamil Nadu - 2026,19-Mar 11pm,3193.315
1871,4,Tamil Nadu - 2026,19-Mar 11pm,3193.315
1872,1,Tamil Nadu - 2026,20-Mar 12am,3095.7575
1872,2,Tamil Nadu - 2026,20-Mar 12am,3095.7575
1872,3,Tamil Nadu - 2026,20-Mar 12am,3095.7575
1872,4,Tamil Nadu - 2026,20-Mar 12am,3095.7575
1873,1,Tamil Nadu - 2026,20-Mar 1am,3080.45
1873,2,Tamil Nadu - 2026,20-Mar 1am,3080.45
1873,3,Tamil Nadu - 2026,20-Mar 1am,3080.45
1873,4,Tamil Nadu - 2026,20-Mar 1am,3080.45
1874,1,Tamil Nadu - 2026,20-Mar 2am,3033.1575
1874,2,Tamil Nadu - 2026,20-Mar 2am,3033.1575
1874,3,Tamil Nadu - 2026,20-Mar 2am,3033.1575
1874,4,Tamil Nadu - 2026,20-Mar 2am,3033.1575
1875,1,Tamil Nadu - 2026,20-Mar 3am,3000.4275
1875,2,Tamil Nadu - 2026,20-Mar 3am,3000.4275
1875,3,Tamil Nadu - 2026,20-Mar 3am,3000.4275
1875,4,Tamil Nadu - 2026,20-Mar 3am,3000.4275
1876,1,Tamil Nadu - 2026,20-Mar 4am,2979.58
1876,2,Tamil Nadu - 2026,20-Mar 4am,2979.58
1876,3,Tamil Nadu - 2026,20-Mar 4am,2979.58
1876,4,Tamil Nadu - 2026,20-Mar 4am,2979.58
1877,1,Tamil Nadu - 2026,20-Mar 5am,3102.605
1877,2,Tamil Nadu - 2026,20-Mar 5am,3102.605
1877,3,Tamil Nadu - 2026,20-Mar 5am,3102.605
1877,4,Tamil Nadu - 2026,20-Mar 5am,3102.605
1878,1,Tamil Nadu - 2026,20-Mar 6am,3343.3375
1878,2,Tamil Nadu - 2026,20-Mar 6am,3343.3375
1878,3,Tamil Nadu - 2026,20-Mar 6am,3343.3375
1878,4,Tamil Nadu - 2026,20-Mar 6am,3343.3375
1879,1,Tamil Nadu - 2026,20-Mar 7am,4005.48
1879,2,Tamil Nadu - 2026,20-Mar 7am,4005.48
1879,3,Tamil Nadu - 2026,20-Mar 7am,4005.48
1879,4,Tamil Nadu - 2026,20-Mar 7am,4005.48
1880,1,Tamil Nadu - 2026,20-Mar 8am,4108.3775
1880,2,Tamil Nadu - 2026,20-Mar 8am,4108.3775
1880,3,Tamil Nadu - 2026,20-Mar 8am,4108.3775
1880,4,Tamil Nadu - 2026,20-Mar 8am,4108.3775
1881,1,Tamil Nadu - 2026,20-Mar 9am,3900.5025
1881,2,Tamil Nadu - 2026,20-Mar 9am,3900.5025
1881,3,Tamil Nadu - 2026,20-Mar 9am,3900.5025
1881,4,Tamil Nadu - 2026,20-Mar 9am,3900.5025
1882,1,Tamil Nadu - 2026,20-Mar 10am,3637.9625
1882,2,Tamil Nadu - 2026,20-Mar 10am,3637.9625
1882,3,Tamil Nadu - 2026,20-Mar 10am,3637.9625
1882,4,Tamil Nadu - 2026,20-Mar 10am,3637.9625
1883,1,Tamil Nadu - 2026,20-Mar 11am,3575.3225
1883,2,Tamil Nadu - 2026,20-Mar 11am,3575.3225
1883,3,Tamil Nadu - 2026,20-Mar 11am,3575.3225
1883,4,Tamil Nadu - 2026,20-Mar 11am,3575.3225
1884,1,Tamil Nadu - 2026,20-Mar 12pm,3513.945
1884,2,Tamil Nadu - 2026,20-Mar 12pm,3513.945
1884,3,Tamil Nadu - 2026,20-Mar 12pm,3513.945
1884,4,Tamil Nadu - 2026,20-Mar 12pm,3513.945
1885,1,Tamil Nadu - 2026,20-Mar 1pm,3369.185
1885,2,Tamil Nadu - 2026,20-Mar 1pm,3369.185
1885,3,Tamil Nadu - 2026,20-Mar 1pm,3369.185
1885,4,Tamil Nadu - 2026,20-Mar 1pm,3369.185
1886,1,Tamil Nadu - 2026,20-Mar 2pm,3310.9575
1886,2,Tamil Nadu - 2026,20-Mar 2pm,3310.9575
1886,3,Tamil Nadu - 2026,20-Mar 2pm,3310.9575
1886,4,Tamil Nadu - 2026,20-Mar 2pm,3310.9575
1887,1,Tamil Nadu - 2026,20-Mar 3pm,3488.7825
1887,2,Tamil Nadu - 2026,20-Mar 3pm,3488.7825
1887,3,Tamil Nadu - 2026,20-Mar 3pm,3488.7825
1887,4,Tamil Nadu - 2026,20-Mar 3pm,3488.7825
1888,1,Tamil Nadu - 2026,20-Mar 4pm,3776.0625
1888,2,Tamil Nadu - 2026,20-Mar 4pm,3776.0625
1888,3,Tamil Nadu - 2026,20-Mar 4pm,3776.0625
1888,4,Tamil Nadu - 2026,20-Mar 4pm,3776.0625
1889,1,Tamil Nadu - 2026,20-Mar 5pm,4132.585
1889,2,Tamil Nadu - 2026,20-Mar 5pm,4132.585
1889,3,Tamil Nadu - 2026,20-Mar 5pm,4132.585
1889,4,Tamil Nadu - 2026,20-Mar 5pm,4132.585
1890,1,Tamil Nadu - 2026,20-Mar 6pm,4265.9125
1890,2,Tamil Nadu - 2026,20-Mar 6pm,4265.9125
1890,3,Tamil Nadu - 2026,20-Mar 6pm,4265.9125
1890,4,Tamil Nadu - 2026,20-Mar 6pm,4265.9125
1891,1,Tamil Nadu - 2026,20-Mar 7pm,4145.1475
1891,2,Tamil Nadu - 2026,20-Mar 7pm,4145.1475
1891,3,Tamil Nadu - 2026,20-Mar 7pm,4145.1475
1891,4,Tamil Nadu - 2026,20-Mar 7pm,4145.1475
1892,1,Tamil Nadu - 2026,20-Mar 8pm,3857.155
1892,2,Tamil Nadu - 2026,20-Mar 8pm,3857.155
1892,3,Tamil Nadu - 2026,20-Mar 8pm,3857.155
1892,4,Tamil Nadu - 2026,20-Mar 8pm,3857.155
1893,1,Tamil Nadu - 2026,20-Mar 9pm,3624.04
1893,2,Tamil Nadu - 2026,20-Mar 9pm,3624.04
1893,3,Tamil Nadu - 2026,20-Mar 9pm,3624.04
1893,4,Tamil Nadu - 2026,20-Mar 9pm,3624.04
1894,1,Tamil Nadu - 2026,20-Mar 10pm,3379.1875
1894,2,Tamil Nadu - 2026,20-Mar 10pm,3379.1875
1894,3,Tamil Nadu - 2026,20-Mar 10pm,3379.1875
1894,4,Tamil Nadu - 2026,20-Mar 10pm,3379.1875
1895,1,Tamil Nadu - 2026,20-Mar 11pm,3172.35
1895,2,Tamil Nadu - 2026,20-Mar 11pm,3172.35
1895,3,Tamil Nadu - 2026,20-Mar 11pm,3172.35
1895,4,Tamil Nadu - 2026,20-Mar 11pm,3172.35
1896,1,Tamil Nadu - 2026,21-Mar 12am,3038.885
1896,2,Tamil Nadu - 2026,21-Mar 12am,3038.885
1896,3,Tamil Nadu - 2026,21-Mar 12am,3038.885
1896,4,Tamil Nadu - 2026,21-Mar 12am,3038.885
1897,1,Tamil Nadu - 2026,21-Mar 1am,3016.7075
1897,2,Tamil Nadu - 2026,21-Mar 1am,3016.7075
1897,3,Tamil Nadu - 2026,21-Mar 1am,3016.7075
1897,4,Tamil Nadu - 2026,21-Mar 1am,3016.7075
1898,1,Tamil Nadu - 2026,21-Mar 2am,2984.6475
1898,2,Tamil Nadu - 2026,21-Mar 2am,2984.6475
1898,3,Tamil Nadu - 2026,21-Mar 2am,2984.6475
1898,4,Tamil Nadu - 2026,21-Mar 2am,2984.6475
1899,1,Tamil Nadu - 2026,21-Mar 3am,2978.485
1899,2,Tamil Nadu - 2026,21-Mar 3am,2978.485
1899,3,Tamil Nadu - 2026,21-Mar 3am,2978.485
1899,4,Tamil Nadu - 2026,21-Mar 3am,2978.485
1900,1,Tamil Nadu - 2026,21-Mar 4am,2996.87
1900,2,Tamil Nadu - 2026,21-Mar 4am,2996.87
1900,3,Tamil Nadu - 2026,21-Mar 4am,2996.87
1900,4,Tamil Nadu - 2026,21-Mar 4am,2996.87
1901,1,Tamil Nadu - 2026,21-Mar 5am,3060.2825
1901,2,Tamil Nadu - 2026,21-Mar 5am,3060.2825
1901,3,Tamil Nadu - 2026,21-Mar 5am,3060.2825
1901,4,Tamil Nadu - 2026,21-Mar 5am,3060.2825
1902,1,Tamil Nadu - 2026,21-Mar 6am,3348.81
1902,2,Tamil Nadu - 2026,21-Mar 6am,3348.81
1902,3,Tamil Nadu - 2026,21-Mar 6am,3348.81
1902,4,Tamil Nadu - 2026,21-Mar 6am,3348.81
1903,1,Tamil Nadu - 2026,21-Mar 7am,4014.5725
1903,2,Tamil Nadu - 2026,21-Mar 7am,4014.5725
1903,3,Tamil Nadu - 2026,21-Mar 7am,4014.5725
1903,4,Tamil Nadu - 2026,21-Mar 7am,4014.5725
1904,1,Tamil Nadu - 2026,21-Mar 8am,4150.38
1904,2,Tamil Nadu - 2026,21-Mar 8am,4150.38
1904,3,Tamil Nadu - 2026,21-Mar 8am,4150.38
1904,4,Tamil Nadu - 2026,21-Mar 8am,4150.38
1905,1,Tamil Nadu - 2026,21-Mar 9am,3944.0275
1905,2,Tamil Nadu - 2026,21-Mar 9am,3944.0275
1905,3,Tamil Nadu - 2026,21-Mar 9am,3944.0275
1905,4,Tamil Nadu - 2026,21-Mar 9am,3944.0275
1906,1,Tamil Nadu - 2026,21-Mar 10am,3755.845
1906,2,Tamil Nadu - 2026,21-Mar 10am,3755.845
1906,3,Tamil Nadu - 2026,21-Mar 10am,3755.845
1906,4,Tamil Nadu - 2026,21-Mar 10am,3755.845
1907,1,Tamil Nadu - 2026,21-Mar 11am,3681.825
1907,2,Tamil Nadu - 2026,21-Mar 11am,3681.825
1907,3,Tamil Nadu - 2026,21-Mar 11am,3681.825
1907,4,Tamil Nadu - 2026,21-Mar 11am,3681.825
1908,1,Tamil Nadu - 2026,21-Mar 12pm,3589.13
1908,2,Tamil Nadu - 2026,21-Mar 12pm,3589.13
1908,3,Tamil Nadu - 2026,21-Mar 12pm,3589.13
1908,4,Tamil Nadu - 2026,21-Mar 12pm,3589.13
1909,1,Tamil Nadu - 2026,21-Mar 1pm,3437.5975
1909,2,Tamil Nadu - 2026,21-Mar 1pm,3437.5975
1909,3,Tamil Nadu - 2026,21-Mar 1pm,3437.5975
1909,4,Tamil Nadu - 2026,21-Mar 1pm,3437.5975
1910,1,Tamil Nadu - 2026,21-Mar 2pm,3386.1175
1910,2,Tamil Nadu - 2026,21-Mar 2pm,3386.1175
1910,3,Tamil Nadu - 2026,21-Mar 2pm,3386.1175
1910,4,Tamil Nadu - 2026,21-Mar 2pm,3386.1175
1911,1,Tamil Nadu - 2026,21-Mar 3pm,3626.9775
1911,2,Tamil Nadu - 2026,21-Mar 3pm,3626.9775
1911,3,Tamil Nadu - 2026,21-Mar 3pm,3626.9775
1911,4,Tamil Nadu - 2026,21-Mar 3pm,3626.9775
1912,1,Tamil Nadu - 2026,21-Mar 4pm,3809.425
1912,2,Tamil Nadu - 2026,21-Mar 4pm,3809.425
1912,3,Tamil Nadu - 2026,21-Mar 4pm,3809.425
1912,4,Tamil Nadu - 2026,21-Mar 4pm,3809.425
1913,1,Tamil Nadu - 2026,21-Mar 5pm,4161.0425
1913,2,Tamil Nadu - 2026,21-Mar 5pm,4161.0425
1913,3,Tamil Nadu - 2026,21-Mar 5pm,4161.0425
1913,4,Tamil Nadu - 2026,21-Mar 5pm,4161.0425
1914,1,Tamil Nadu - 2026,21-Mar 6pm,4216.3875
1914,2,Tamil Nadu - 2026,21-Mar 6pm,4216.3875
1914,3,Tamil Nadu - 2026,21-Mar 6pm,4216.3875
1914,4,Tamil Nadu - 2026,21-Mar 6pm,4216.3875
1915,1,Tamil Nadu - 2026,21-Mar 7pm,4169.1875
1915,2,Tamil Nadu - 2026,21-Mar 7pm,4169.1875
1915,3,Tamil Nadu - 2026,21-Mar 7pm,4169.1875
1915,4,Tamil Nadu - 2026,21-Mar 7pm,4169.1875
1916,1,Tamil Nadu - 2026,21-Mar 8pm,3864.98
1916,2,Tamil Nadu - 2026,21-Mar 8pm,3864.98
1916,3,Tamil Nadu - 2026,21-Mar 8pm,3864.98
1916,4,Tamil Nadu - 2026,21-Mar 8pm,3864.98
1917,1,Tamil Nadu - 2026,21-Mar 9pm,3636.2125
1917,2,Tamil Nadu - 2026,21-Mar 9pm,3636.2125
1917,3,Tamil Nadu - 2026,21-Mar 9pm,3636.2125
1917,4,Tamil Nadu - 2026,21-Mar 9pm,3636.2125
1918,1,Tamil Nadu - 2026,21-Mar 10pm,3424.6375
1918,2,Tamil Nadu - 2026,21-Mar 10pm,3424.6375
1918,3,Tamil Nadu - 2026,21-Mar 10pm,3424.6375
1918,4,Tamil Nadu - 2026,21-Mar 10pm,3424.6375
1919,1,Tamil Nadu - 2026,21-Mar 11pm,3201.9925
1919,2,Tamil Nadu - 2026,21-Mar 11pm,3201.9925
1919,3,Tamil Nadu - 2026,21-Mar 11pm,3201.9925
1919,4,Tamil Nadu - 2026,21-Mar 11pm,3201.9925
1920,1,Tamil Nadu - 2026,22-Mar 12am,3094.3125
1920,2,Tamil Nadu - 2026,22-Mar 12am,3094.3125
1920,3,Tamil Nadu - 2026,22-Mar 12am,3094.3125
1920,4,Tamil Nadu - 2026,22-Mar 12am,3094.3125
1921,1,Tamil Nadu - 2026,22-Mar 1am,3039.3025
1921,2,Tamil Nadu - 2026,22-Mar 1am,3039.3025
1921,3,Tamil Nadu - 2026,22-Mar 1am,3039.3025
1921,4,Tamil Nadu - 2026,22-Mar 1am,3039.3025
1922,1,Tamil Nadu - 2026,22-Mar 2am,2998.6075
1922,2,Tamil Nadu - 2026,22-Mar 2am,2998.6075
1922,3,Tamil Nadu - 2026,22-Mar 2am,2998.6075
1922,4,Tamil Nadu - 2026,22-Mar 2am,2998.6075
1923,1,Tamil Nadu - 2026,22-Mar 3am,2966.2675
1923,2,Tamil Nadu - 2026,22-Mar 3am,2966.2675
1923,3,Tamil Nadu - 2026,22-Mar 3am,2966.2675
1923,4,Tamil Nadu - 2026,22-Mar 3am,2966.2675
1924,1,Tamil Nadu - 2026,22-Mar 4am,2982.065
1924,2,Tamil Nadu - 2026,22-Mar 4am,2982.065
1924,3,Tamil Nadu - 2026,22-Mar 4am,2982.065
1924,4,Tamil Nadu - 2026,22-Mar 4am,2982.065
1925,1,Tamil Nadu - 2026,22-Mar 5am,3007.7425
1925,2,Tamil Nadu - 2026,22-Mar 5am,3007.7425
1925,3,Tamil Nadu - 2026,22-Mar 5am,3007.7425
1925,4,Tamil Nadu - 2026,22-Mar 5am,3007.7425
1926,1,Tamil Nadu - 2026,22-Mar 6am,3336.6075
1926,2,Tamil Nadu - 2026,22-Mar 6am,3336.6075
1926,3,Tamil Nadu - 2026,22-Mar 6am,3336.6075
1926,4,Tamil Nadu - 2026,22-Mar 6am,3336.6075
1927,1,Tamil Nadu - 2026,22-Mar 7am,4024.025
1927,2,Tamil Nadu - 2026,22-Mar 7am,4024.025
1927,3,Tamil Nadu - 2026,22-Mar 7am,4024.025
1927,4,Tamil Nadu - 2026,22-Mar 7am,4024.025
1928,1,Tamil Nadu - 2026,22-Mar 8am,4084.2575
1928,2,Tamil Nadu - 2026,22-Mar 8am,4084.2575
1928,3,Tamil Nadu - 2026,22-Mar 8am,4084.2575
1928,4,Tamil Nadu - 2026,22-Mar 8am,4084.2575
1929,1,Tamil Nadu - 2026,22-Mar 9am,3680.005
1929,2,Tamil Nadu - 2026,22-Mar 9am,3680.005
1929,3,Tamil Nadu - 2026,22-Mar 9am,3680.005
1929,4,Tamil Nadu - 2026,22-Mar 9am,3680.005
1930,1,Tamil Nadu - 2026,22-Mar 10am,3682.2875
1930,2,Tamil Nadu - 2026,22-Mar 10am,3682.2875
1930,3,Tamil Nadu - 2026,22-Mar 10am,3682.2875
1930,4,Tamil Nadu - 2026,22-Mar 10am,3682.2875
1931,1,Tamil Nadu - 2026,22-Mar 11am,3612.9325
1931,2,Tamil Nadu - 2026,22-Mar 11am,3612.9325
1931,3,Tamil Nadu - 2026,22-Mar 11am,3612.9325
1931,4,Tamil Nadu - 2026,22-Mar 11am,3612.9325
1932,1,Tamil Nadu - 2026,22-Mar 12pm,3561.685
1932,2,Tamil Nadu - 2026,22-Mar 12pm,3561.685
1932,3,Tamil Nadu - 2026,22-Mar 12pm,3561.685
1932,4,Tamil Nadu - 2026,22-Mar 12pm,3561.685
1933,1,Tamil Nadu - 2026,22-Mar 1pm,3448.3175
1933,2,Tamil Nadu - 2026,22-Mar 1pm,3448.3175
1933,3,Tamil Nadu - 2026,22-Mar 1pm,3448.3175
1933,4,Tamil Nadu - 2026,22-Mar 1pm,3448.3175
1934,1,Tamil Nadu - 2026,22-Mar 2pm,3449.0125
1934,2,Tamil Nadu - 2026,22-Mar 2pm,3449.0125
1934,3,Tamil Nadu - 2026,22-Mar 2pm,3449.0125
1934,4,Tamil Nadu - 2026,22-Mar 2pm,3449.0125
1935,1,Tamil Nadu - 2026,22-Mar 3pm,3549.3875
1935,2,Tamil Nadu - 2026,22-Mar 3pm,3549.3875
1935,3,Tamil Nadu - 2026,22-Mar 3pm,3549.3875
1935,4,Tamil Nadu - 2026,22-Mar 3pm,3549.3875
1936,1,Tamil Nadu - 2026,22-Mar 4pm,3830.48
1936,2,Tamil Nadu - 2026,22-Mar 4pm,3830.48
1936,3,Tamil Nadu - 2026,22-Mar 4pm,3830.48
1936,4,Tamil Nadu - 2026,22-Mar 4pm,3830.48
1937,1,Tamil Nadu - 2026,22-Mar 5pm,4182.6575
1937,2,Tamil Nadu - 2026,22-Mar 5pm,4182.6575
1937,3,Tamil Nadu - 2026,22-Mar 5pm,4182.6575
1937,4,Tamil Nadu - 2026,22-Mar 5pm,4182.6575
1938,1,Tamil Nadu - 2026,22-Mar 6pm,4252.1575
1938,2,Tamil Nadu - 2026,22-Mar 6pm,4252.1575
1938,3,Tamil Nadu - 2026,22-Mar 6pm,4252.1575
1938,4,Tamil Nadu - 2026,22-Mar 6pm,4252.1575
1939,1,Tamil Nadu - 2026,22-Mar 7pm,4293.3225
1939,2,Tamil Nadu - 2026,22-Mar 7pm,4293.3225
1939,3,Tamil Nadu - 2026,22-Mar 7pm,4293.3225
1939,4,Tamil Nadu - 2026,22-Mar 7pm,4293.3225
1940,1,Tamil Nadu - 2026,22-Mar 8pm,3982.35
1940,2,Tamil Nadu - 2026,22-Mar 8pm,3982.35
1940,3,Tamil Nadu - 2026,22-Mar 8pm,3982.35
1940,4,Tamil Nadu - 2026,22-Mar 8pm,3982.35
1941,1,Tamil Nadu - 2026,22-Mar 9pm,3721.8125
1941,2,Tamil Nadu - 2026,22-Mar 9pm,3721.8125
1941,3,Tamil Nadu - 2026,22-Mar 9pm,3721.8125
1941,4,Tamil Nadu - 2026,22-Mar 9pm,3721.8125
1942,1,Tamil Nadu - 2026,22-Mar 10pm,3482.0125
1942,2,Tamil Nadu - 2026,22-Mar 10pm,3482.0125
1942,3,Tamil Nadu - 2026,22-Mar 10pm,3482.0125
1942,4,Tamil Nadu - 2026,22-Mar 10pm,3482.0125
1943,1,Tamil Nadu - 2026,22-Mar 11pm,3224.8675
1943,2,Tamil Nadu - 2026,22-Mar 11pm,3224.8675
1943,3,Tamil Nadu - 2026,22-Mar 11pm,3224.8675
1943,4,Tamil Nadu - 2026,22-Mar 11pm,3224.8675
1944,1,Tamil Nadu - 2026,23-Mar 12am,3112.045
1944,2,Tamil Nadu - 2026,23-Mar 12am,3112.045
1944,3,Tamil Nadu - 2026,23-Mar 12am,3112.045
1944,4,Tamil Nadu - 2026,23-Mar 12am,3112.045
1945,1,Tamil Nadu - 2026,23-Mar 1am,3060.6075
1945,2,Tamil Nadu - 2026,23-Mar 1am,3060.6075
1945,3,Tamil Nadu - 2026,23-Mar 1am,3060.6075
1945,4,Tamil Nadu - 2026,23-Mar 1am,3060.6075
1946,1,Tamil Nadu - 2026,23-Mar 2am,3013.55
1946,2,Tamil Nadu - 2026,23-Mar 2am,3013.55
1946,3,Tamil Nadu - 2026,23-Mar 2am,3013.55
1946,4,Tamil Nadu - 2026,23-Mar 2am,3013.55
1947,1,Tamil Nadu - 2026,23-Mar 3am,3039.47
1947,2,Tamil Nadu - 2026,23-Mar 3am,3039.47
1947,3,Tamil Nadu - 2026,23-Mar 3am,3039.47
1947,4,Tamil Nadu - 2026,23-Mar 3am,3039.47
1948,1,Tamil Nadu - 2026,23-Mar 4am,3044.92
1948,2,Tamil Nadu - 2026,23-Mar 4am,3044.92
1948,3,Tamil Nadu - 2026,23-Mar 4am,3044.92
1948,4,Tamil Nadu - 2026,23-Mar 4am,3044.92
1949,1,Tamil Nadu - 2026,23-Mar 5am,3124.275
1949,2,Tamil Nadu - 2026,23-Mar 5am,3124.275
1949,3,Tamil Nadu - 2026,23-Mar 5am,3124.275
1949,4,Tamil Nadu - 2026,23-Mar 5am,3124.275
1950,1,Tamil Nadu - 2026,23-Mar 6am,3428.7025
1950,2,Tamil Nadu - 2026,23-Mar 6am,3428.7025
1950,3,Tamil Nadu - 2026,23-Mar 6am,3428.7025
1950,4,Tamil Nadu - 2026,23-Mar 6am,3428.7025
1951,1,Tamil Nadu - 2026,23-Mar 7am,4123.1725
1951,2,Tamil Nadu - 2026,23-Mar 7am,4123.1725
1951,3,Tamil Nadu - 2026,23-Mar 7am,4123.1725
1951,4,Tamil Nadu - 2026,23-Mar 7am,4123.1725
1952,1,Tamil Nadu - 2026,23-Mar 8am,4200.475
1952,2,Tamil Nadu - 2026,23-Mar 8am,4200.475
1952,3,Tamil Nadu - 2026,23-Mar 8am,4200.475
1952,4,Tamil Nadu - 2026,23-Mar 8am,4200.475
1953,1,Tamil Nadu - 2026,23-Mar 9am,3962.6375
1953,2,Tamil Nadu - 2026,23-Mar 9am,3962.6375
1953,3,Tamil Nadu - 2026,23-Mar 9am,3962.6375
1953,4,Tamil Nadu - 2026,23-Mar 9am,3962.6375
1954,1,Tamil Nadu - 2026,23-Mar 10am,3633.77
1954,2,Tamil Nadu - 2026,23-Mar 10am,3633.77
1954,3,Tamil Nadu - 2026,23-Mar 10am,3633.77
1954,4,Tamil Nadu - 2026,23-Mar 10am,3633.77
1955,1,Tamil Nadu - 2026,23-Mar 11am,3721.5675
1955,2,Tamil Nadu - 2026,23-Mar 11am,3721.5675
1955,3,Tamil Nadu - 2026,23-Mar 11am,3721.5675
1955,4,Tamil Nadu - 2026,23-Mar 11am,3721.5675
1956,1,Tamil Nadu - 2026,23-Mar 12pm,3707.2125
1956,2,Tamil Nadu - 2026,23-Mar 12pm,3707.2125
1956,3,Tamil Nadu - 2026,23-Mar 12pm,3707.2125
1956,4,Tamil Nadu - 2026,23-Mar 12pm,3707.2125
1957,1,Tamil Nadu - 2026,23-Mar 1pm,3618.7525
1957,2,Tamil Nadu - 2026,23-Mar 1pm,3618.7525
1957,3,Tamil Nadu - 2026,23-Mar 1pm,3618.7525
1957,4,Tamil Nadu - 2026,23-Mar 1pm,3618.7525
1958,1,Tamil Nadu - 2026,23-Mar 2pm,3518.35
1958,2,Tamil Nadu - 2026,23-Mar 2pm,3518.35
1958,3,Tamil Nadu - 2026,23-Mar 2pm,3518.35
1958,4,Tamil Nadu - 2026,23-Mar 2pm,3518.35
1959,1,Tamil Nadu - 2026,23-Mar 3pm,3686.0
1959,2,Tamil Nadu - 2026,23-Mar 3pm,3686.0
1959,3,Tamil Nadu - 2026,23-Mar 3pm,3686.0
1959,4,Tamil Nadu - 2026,23-Mar 3pm,3686.0
1960,1,Tamil Nadu - 2026,23-Mar 4pm,3950.985
1960,2,Tamil Nadu - 2026,23-Mar 4pm,3950.985
1960,3,Tamil Nadu - 2026,23-Mar 4pm,3950.985
1960,4,Tamil Nadu - 2026,23-Mar 4pm,3950.985
1961,1,Tamil Nadu - 2026,23-Mar 5pm,4287.86
1961,2,Tamil Nadu - 2026,23-Mar 5pm,4287.86
1961,3,Tamil Nadu - 2026,23-Mar 5pm,4287.86
1961,4,Tamil Nadu - 2026,23-Mar 5pm,4287.86
1962,1,Tamil Nadu - 2026,23-Mar 6pm,4246.53
1962,2,Tamil Nadu - 2026,23-Mar 6pm,4246.53
1962,3,Tamil Nadu - 2026,23-Mar 6pm,4246.53
1962,4,Tamil Nadu - 2026,23-Mar 6pm,4246.53
1963,1,Tamil Nadu - 2026,23-Mar 7pm,4201.865
1963,2,Tamil Nadu - 2026,23-Mar 7pm,4201.865
1963,3,Tamil Nadu - 2026,23-Mar 7pm,4201.865
1963,4,Tamil Nadu - 2026,23-Mar 7pm,4201.865
1964,1,Tamil Nadu - 2026,23-Mar 8pm,3914.555
1964,2,Tamil Nadu - 2026,23-Mar 8pm,3914.555
1964,3,Tamil Nadu - 2026,23-Mar 8pm,3914.555
1964,4,Tamil Nadu - 2026,23-Mar 8pm,3914.555
1965,1,Tamil Nadu - 2026,23-Mar 9pm,3664.2675
1965,2,Tamil Nadu - 2026,23-Mar 9pm,3664.2675
1965,3,Tamil Nadu - 2026,23-Mar 9pm,3664.2675
1965,4,Tamil Nadu - 2026,23-Mar 9pm,3664.2675
1966,1,Tamil Nadu - 2026,23-Mar 10pm,3424.8825
1966,2,Tamil Nadu - 2026,23-Mar 10pm,3424.8825
1966,3,Tamil Nadu - 2026,23-Mar 10pm,3424.8825
1966,4,Tamil Nadu - 2026,23-Mar 10pm,3424.8825
1967,1,Tamil Nadu - 2026,23-Mar 11pm,3210.0375
1967,2,Tamil Nadu - 2026,23-Mar 11pm,3210.0375
1967,3,Tamil Nadu - 2026,23-Mar 11pm,3210.0375
1967,4,Tamil Nadu - 2026,23-Mar 11pm,3210.0375
1968,1,Tamil Nadu - 2026,24-Mar 12am,3090.93
1968,2,Tamil Nadu - 2026,24-Mar 12am,3090.93
1968,3,Tamil Nadu - 2026,24-Mar 12am,3090.93
1968,4,Tamil Nadu - 2026,24-Mar 12am,3090.93
1969,1,Tamil Nadu - 2026,24-Mar 1am,3080.9875
1969,2,Tamil Nadu - 2026,24-Mar 1am,3080.9875
1969,3,Tamil Nadu - 2026,24-Mar 1am,3080.9875
1969,4,Tamil Nadu - 2026,24-Mar 1am,3080.9875
1970,1,Tamil Nadu - 2026,24-Mar 2am,3054.4475
1970,2,Tamil Nadu - 2026,24-Mar 2am,3054.4475
1970,3,Tamil Nadu - 2026,24-Mar 2am,3054.4475
1970,4,Tamil Nadu - 2026,24-Mar 2am,3054.4475
1971,1,Tamil Nadu - 2026,24-Mar 3am,3053.7075
1971,2,Tamil Nadu - 2026,24-Mar 3am,3053.7075
1971,3,Tamil Nadu - 2026,24-Mar 3am,3053.7075
1971,4,Tamil Nadu - 2026,24-Mar 3am,3053.7075
1972,1,Tamil Nadu - 2026,24-Mar 4am,3061.2825
1972,2,Tamil Nadu - 2026,24-Mar 4am,3061.2825
1972,3,Tamil Nadu - 2026,24-Mar 4am,3061.2825
1972,4,Tamil Nadu - 2026,24-Mar 4am,3061.2825
1973,1,Tamil Nadu - 2026,24-Mar 5am,3167.85
1973,2,Tamil Nadu - 2026,24-Mar 5am,3167.85
1973,3,Tamil Nadu - 2026,24-Mar 5am,3167.85
1973,4,Tamil Nadu - 2026,24-Mar 5am,3167.85
1974,1,Tamil Nadu - 2026,24-Mar 6am,3341.96
1974,2,Tamil Nadu - 2026,24-Mar 6am,3341.96
1974,3,Tamil Nadu - 2026,24-Mar 6am,3341.96
1974,4,Tamil Nadu - 2026,24-Mar 6am,3341.96
1975,1,Tamil Nadu - 2026,24-Mar 7am,3882.7725
1975,2,Tamil Nadu - 2026,24-Mar 7am,3882.7725
1975,3,Tamil Nadu - 2026,24-Mar 7am,3882.7725
1975,4,Tamil Nadu - 2026,24-Mar 7am,3882.7725
1976,1,Tamil Nadu - 2026,24-Mar 8am,4081.1775
1976,2,Tamil Nadu - 2026,24-Mar 8am,4081.1775
1976,3,Tamil Nadu - 2026,24-Mar 8am,4081.1775
1976,4,Tamil Nadu - 2026,24-Mar 8am,4081.1775
1977,1,Tamil Nadu - 2026,24-Mar 9am,4026.025
1977,2,Tamil Nadu - 2026,24-Mar 9am,4026.025
1977,3,Tamil Nadu - 2026,24-Mar 9am,4026.025
1977,4,Tamil Nadu - 2026,24-Mar 9am,4026.025
1978,1,Tamil Nadu - 2026,24-Mar 10am,3955.63
1978,2,Tamil Nadu - 2026,24-Mar 10am,3955.63
1978,3,Tamil Nadu - 2026,24-Mar 10am,3955.63
1978,4,Tamil Nadu - 2026,24-Mar 10am,3955.63
1979,1,Tamil Nadu - 2026,24-Mar 11am,3785.69
1979,2,Tamil Nadu - 2026,24-Mar 11am,3785.69
1979,3,Tamil Nadu - 2026,24-Mar 11am,3785.69
1979,4,Tamil Nadu - 2026,24-Mar 11am,3785.69
1980,1,Tamil Nadu - 2026,24-Mar 12pm,3845.145
1980,2,Tamil Nadu - 2026,24-Mar 12pm,3845.145
1980,3,Tamil Nadu - 2026,24-Mar 12pm,3845.145
1980,4,Tamil Nadu - 2026,24-Mar 12pm,3845.145
1981,1,Tamil Nadu - 2026,24-Mar 1pm,3751.9225
1981,2,Tamil Nadu - 2026,24-Mar 1pm,3751.9225
1981,3,Tamil Nadu - 2026,24-Mar 1pm,3751.9225
1981,4,Tamil Nadu - 2026,24-Mar 1pm,3751.9225
1982,1,Tamil Nadu - 2026,24-Mar 2pm,3714.005
1982,2,Tamil Nadu - 2026,24-Mar 2pm,3714.005
1982,3,Tamil Nadu - 2026,24-Mar 2pm,3714.005
1982,4,Tamil Nadu - 2026,24-Mar 2pm,3714.005
1983,1,Tamil Nadu - 2026,24-Mar 3pm,3835.53
1983,2,Tamil Nadu - 2026,24-Mar 3pm,3835.53
1983,3,Tamil Nadu - 2026,24-Mar 3pm,3835.53
1983,4,Tamil Nadu - 2026,24-Mar 3pm,3835.53
1984,1,Tamil Nadu - 2026,24-Mar 4pm,4007.895
1984,2,Tamil Nadu - 2026,24-Mar 4pm,4007.895
1984,3,Tamil Nadu - 2026,24-Mar 4pm,4007.895
1984,4,Tamil Nadu - 2026,24-Mar 4pm,4007.895
1985,1,Tamil Nadu - 2026,24-Mar 5pm,4009.875
1985,2,Tamil Nadu - 2026,24-Mar 5pm,4009.875
1985,3,Tamil Nadu - 2026,24-Mar 5pm,4009.875
1985,4,Tamil Nadu - 2026,24-Mar 5pm,4009.875
1986,1,Tamil Nadu - 2026,24-Mar 6pm,4052.0275
1986,2,Tamil Nadu - 2026,24-Mar 6pm,4052.0275
1986,3,Tamil Nadu - 2026,24-Mar 6pm,4052.0275
1986,4,Tamil Nadu - 2026,24-Mar 6pm,4052.0275
1987,1,Tamil Nadu - 2026,24-Mar 7pm,3975.08
1987,2,Tamil Nadu - 2026,24-Mar 7pm,3975.08
1987,3,Tamil Nadu - 2026,24-Mar 7pm,3975.08
1987,4,Tamil Nadu - 2026,24-Mar 7pm,3975.08
1988,1,Tamil Nadu - 2026,24-Mar 8pm,3690.415
1988,2,Tamil Nadu - 2026,24-Mar 8pm,3690.415
1988,3,Tamil Nadu - 2026,24-Mar 8pm,3690.415
1988,4,Tamil Nadu - 2026,24-Mar 8pm,3690.415
1989,1,Tamil Nadu - 2026,24-Mar 9pm,3574.8525
1989,2,Tamil Nadu - 2026,24-Mar 9pm,3574.8525
1989,3,Tamil Nadu - 2026,24-Mar 9pm,3574.8525
1989,4,Tamil Nadu - 2026,24-Mar 9pm,3574.8525
1990,1,Tamil Nadu - 2026,24-Mar 10pm,3335.75
1990,2,Tamil Nadu - 2026,24-Mar 10pm,3335.75
1990,3,Tamil Nadu - 2026,24-Mar 10pm,3335.75
1990,4,Tamil Nadu - 2026,24-Mar 10pm,3335.75
1991,1,Tamil Nadu - 2026,24-Mar 11pm,3112.315
1991,2,Tamil Nadu - 2026,24-Mar 11pm,3112.315
1991,3,Tamil Nadu - 2026,24-Mar 11pm,3112.315
1991,4,Tamil Nadu - 2026,24-Mar 11pm,3112.315
1992,1,Tamil Nadu - 2026,25-Mar 12am,3013.39
1992,2,Tamil Nadu - 2026,25-Mar 12am,3013.39
1992,3,Tamil Nadu - 2026,25-Mar 12am,3013.39
1992,4,Tamil Nadu - 2026,25-Mar 12am,3013.39
1993,1,Tamil Nadu - 2026,25-Mar 1am,2929.49
1993,2,Tamil Nadu - 2026,25-Mar 1am,2929.49
1993,3,Tamil Nadu - 2026,25-Mar 1am,2929.49
1993,4,Tamil Nadu - 2026,25-Mar 1am,2929.49
1994,1,Tamil Nadu - 2026,25-Mar 2am,2905.7425
1994,2,Tamil Nadu - 2026,25-Mar 2am,2905.7425
1994,3,Tamil Nadu - 2026,25-Mar 2am,2905.7425
1994,4,Tamil Nadu - 2026,25-Mar 2am,2905.7425
1995,1,Tamil Nadu - 2026,25-Mar 3am,2852.36
1995,2,Tamil Nadu - 2026,25-Mar 3am,2852.36
1995,3,Tamil Nadu - 2026,25-Mar 3am,2852.36
1995,4,Tamil Nadu - 2026,25-Mar 3am,2852.36
1996,1,Tamil Nadu - 2026,25-Mar 4am,2881.695
1996,2,Tamil Nadu - 2026,25-Mar 4am,2881.695
1996,3,Tamil Nadu - 2026,25-Mar 4am,2881.695
1996,4,Tamil Nadu - 2026,25-Mar 4am,2881.695
1997,1,Tamil Nadu - 2026,25-Mar 5am,2921.2125
1997,2,Tamil Nadu - 2026,25-Mar 5am,2921.2125
1997,3,Tamil Nadu - 2026,25-Mar 5am,2921.2125
1997,4,Tamil Nadu - 2026,25-Mar 5am,2921.2125
1998,1,Tamil Nadu - 2026,25-Mar 6am,3041.775
1998,2,Tamil Nadu - 2026,25-Mar 6am,3041.775
1998,3,Tamil Nadu - 2026,25-Mar 6am,3041.775
1998,4,Tamil Nadu - 2026,25-Mar 6am,3041.775
1999,1,Tamil Nadu - 2026,25-Mar 7am,3374.4025
1999,2,Tamil Nadu - 2026,25-Mar 7am,3374.4025
1999,3,Tamil Nadu - 2026,25-Mar 7am,3374.4025
1999,4,Tamil Nadu - 2026,25-Mar 7am,3374.4025
2000,1,Tamil Nadu - 2026,25-Mar 8am,3568.92
2000,2,Tamil Nadu - 2026,25-Mar 8am,3568.92
2000,3,Tamil Nadu - 2026,25-Mar 8am,3568.92
2000,4,Tamil Nadu - 2026,25-Mar 8am,3568.92
2001,1,Tamil Nadu - 2026,25-Mar 9am,3610.8675
2001,2,Tamil Nadu - 2026,25-Mar 9am,3610.8675
2001,3,Tamil Nadu - 2026,25-Mar 9am,3610.8675
2001,4,Tamil Nadu - 2026,25-Mar 9am,3610.8675
2002,1,Tamil Nadu - 2026,25-Mar 10am,3605.93
2002,2,Tamil Nadu - 2026,25-Mar 10am,3605.93
2002,3,Tamil Nadu - 2026,25-Mar 10am,3605.93
2002,4,Tamil Nadu - 2026,25-Mar 10am,3605.93
2003,1,Tamil Nadu - 2026,25-Mar 11am,3582.5
2003,2,Tamil Nadu - 2026,25-Mar 11am,3582.5
2003,3,Tamil Nadu - 2026,25-Mar 11am,3582.5
2003,4,Tamil Nadu - 2026,25-Mar 11am,3582.5
2004,1,Tamil Nadu - 2026,25-Mar 12pm,3517.73
2004,2,Tamil Nadu - 2026,25-Mar 12pm,3517.73
2004,3,Tamil Nadu - 2026,25-Mar 12pm,3517.73
2004,4,Tamil Nadu - 2026,25-Mar 12pm,3517.73
2005,1,Tamil Nadu - 2026,25-Mar 1pm,3416.18
2005,2,Tamil Nadu - 2026,25-Mar 1pm,3416.18
2005,3,Tamil Nadu - 2026,25-Mar 1pm,3416.18
2005,4,Tamil Nadu - 2026,25-Mar 1pm,3416.18
2006,1,Tamil Nadu - 2026,25-Mar 2pm,3335.0975
2006,2,Tamil Nadu - 2026,25-Mar 2pm,3335.0975
2006,3,Tamil Nadu - 2026,25-Mar 2pm,3335.0975
2006,4,Tamil Nadu - 2026,25-Mar 2pm,3335.0975
2007,1,Tamil Nadu - 2026,25-Mar 3pm,3372.7125
2007,2,Tamil Nadu - 2026,25-Mar 3pm,3372.7125
2007,3,Tamil Nadu - 2026,25-Mar 3pm,3372.7125
2007,4,Tamil Nadu - 2026,25-Mar 3pm,3372.7125
2008,1,Tamil Nadu - 2026,25-Mar 4pm,3462.8175
2008,2,Tamil Nadu - 2026,25-Mar 4pm,3462.8175
2008,3,Tamil Nadu - 2026,25-Mar 4pm,3462.8175
2008,4,Tamil Nadu - 2026,25-Mar 4pm,3462.8175
2009,1,Tamil Nadu - 2026,25-Mar 5pm,3575.535
2009,2,Tamil Nadu - 2026,25-Mar 5pm,3575.535
2009,3,Tamil Nadu - 2026,25-Mar 5pm,3575.535
2009,4,Tamil Nadu - 2026,25-Mar 5pm,3575.535
2010,1,Tamil Nadu - 2026,25-Mar 6pm,3545.0975
2010,2,Tamil Nadu - 2026,25-Mar 6pm,3545.0975
2010,3,Tamil Nadu - 2026,25-Mar 6pm,3545.0975
2010,4,Tamil Nadu - 2026,25-Mar 6pm,3545.0975
2011,1,Tamil Nadu - 2026,25-Mar 7pm,3571.2775
2011,2,Tamil Nadu - 2026,25-Mar 7pm,3571.2775
2011,3,Tamil Nadu - 2026,25-Mar 7pm,3571.2775
2011,4,Tamil Nadu - 2026,25-Mar 7pm,3571.2775
2012,1,Tamil Nadu - 2026,25-Mar 8pm,3356.5475
2012,2,Tamil Nadu - 2026,25-Mar 8pm,3356.5475
2012,3,Tamil Nadu - 2026,25-Mar 8pm,3356.5475
2012,4,Tamil Nadu - 2026,25-Mar 8pm,3356.5475
2013,1,Tamil Nadu - 2026,25-Mar 9pm,3223.0075
2013,2,Tamil Nadu - 2026,25-Mar 9pm,3223.0075
2013,3,Tamil Nadu - 2026,25-Mar 9pm,3223.0075
2013,4,Tamil Nadu - 2026,25-Mar 9pm,3223.0075
2014,1,Tamil Nadu - 2026,25-Mar 10pm,2968.2225
2014,2,Tamil Nadu - 2026,25-Mar 10pm,2968.2225
2014,3,Tamil Nadu - 2026,25-Mar 10pm,2968.2225
2014,4,Tamil Nadu - 2026,25-Mar 10pm,2968.2225
2015,1,Tamil Nadu - 2026,25-Mar 11pm,2805.8075
2015,2,Tamil Nadu - 2026,25-Mar 11pm,2805.8075
2015,3,Tamil Nadu - 2026,25-Mar 11pm,2805.8075
2015,4,Tamil Nadu - 2026,25-Mar 11pm,2805.8075
2016,1,Tamil Nadu - 2026,26-Mar 12am,2753.495
2016,2,Tamil Nadu - 2026,26-Mar 12am,2753.495
2016,3,Tamil Nadu - 2026,26-Mar 12am,2753.495
2016,4,Tamil Nadu - 2026,26-Mar 12am,2753.495
2017,1,Tamil Nadu - 2026,26-Mar 1am,2683.5575
2017,2,Tamil Nadu - 2026,26-Mar 1am,2683.5575
2017,3,Tamil Nadu - 2026,26-Mar 1am,2683.5575
2017,4,Tamil Nadu - 2026,26-Mar 1am,2683.5575
2018,1,Tamil Nadu - 2026,26-Mar 2am,2632.885
2018,2,Tamil Nadu - 2026,26-Mar 2am,2632.885
2018,3,Tamil Nadu - 2026,26-Mar 2am,2632.885
2018,4,Tamil Nadu - 2026,26-Mar 2am,2632.885
2019,1,Tamil Nadu - 2026,26-Mar 3am,2579.02
2019,2,Tamil Nadu - 2026,26-Mar 3am,2579.02
2019,3,Tamil Nadu - 2026,26-Mar 3am,2579.02
2019,4,Tamil Nadu - 2026,26-Mar 3am,2579.02
2020,1,Tamil Nadu - 2026,26-Mar 4am,2570.85
2020,2,Tamil Nadu - 2026,26-Mar 4am,2570.85
2020,3,Tamil Nadu - 2026,26-Mar 4am,2570.85
2020,4,Tamil Nadu - 2026,26-Mar 4am,2570.85
2021,1,Tamil Nadu - 2026,26-Mar 5am,2614.3425
2021,2,Tamil Nadu - 2026,26-Mar 5am,2614.3425
2021,3,Tamil Nadu - 2026,26-Mar 5am,2614.3425
2021,4,Tamil Nadu - 2026,26-Mar 5am,2614.3425
2022,1,Tamil Nadu - 2026,26-Mar 6am,2739.8275
2022,2,Tamil Nadu - 2026,26-Mar 6am,2739.8275
2022,3,Tamil Nadu - 2026,26-Mar 6am,2739.8275
2022,4,Tamil Nadu - 2026,26-Mar 6am,2739.8275
2023,1,Tamil Nadu - 2026,26-Mar 7am,3109.76
2023,2,Tamil Nadu - 2026,26-Mar 7am,3109.76
2023,3,Tamil Nadu - 2026,26-Mar 7am,3109.76
2023,4,Tamil Nadu - 2026,26-Mar 7am,3109.76
2024,1,Tamil Nadu - 2026,26-Mar 8am,3337.7
2024,2,Tamil Nadu - 2026,26-Mar 8am,3337.7
2024,3,Tamil Nadu - 2026,26-Mar 8am,3337.7
2024,4,Tamil Nadu - 2026,26-Mar 8am,3337.7
2025,1,Tamil Nadu - 2026,26-Mar 9am,3354.9625
2025,2,Tamil Nadu - 2026,26-Mar 9am,3354.9625
2025,3,Tamil Nadu - 2026,26-Mar 9am,3354.9625
2025,4,Tamil Nadu - 2026,26-Mar 9am,3354.9625
2026,1,Tamil Nadu - 2026,26-Mar 10am,3258.9625
2026,2,Tamil Nadu - 2026,26-Mar 10am,3258.9625
2026,3,Tamil Nadu - 2026,26-Mar 10am,3258.9625
2026,4,Tamil Nadu - 2026,26-Mar 10am,3258.9625
2027,1,Tamil Nadu - 2026,26-Mar 11am,3218.765
2027,2,Tamil Nadu - 2026,26-Mar 11am,3218.765
2027,3,Tamil Nadu - 2026,26-Mar 11am,3218.765
2027,4,Tamil Nadu - 2026,26-Mar 11am,3218.765
2028,1,Tamil Nadu - 2026,26-Mar 12pm,3048.77
2028,2,Tamil Nadu - 2026,26-Mar 12pm,3048.77
2028,3,Tamil Nadu - 2026,26-Mar 12pm,3048.77
2028,4,Tamil Nadu - 2026,26-Mar 12pm,3048.77
2029,1,Tamil Nadu - 2026,26-Mar 1pm,3075.775
2029,2,Tamil Nadu - 2026,26-Mar 1pm,3075.775
2029,3,Tamil Nadu - 2026,26-Mar 1pm,3075.775
2029,4,Tamil Nadu - 2026,26-Mar 1pm,3075.775
2030,1,Tamil Nadu - 2026,26-Mar 2pm,3024.2575
2030,2,Tamil Nadu - 2026,26-Mar 2pm,3024.2575
2030,3,Tamil Nadu - 2026,26-Mar 2pm,3024.2575
2030,4,Tamil Nadu - 2026,26-Mar 2pm,3024.2575
2031,1,Tamil Nadu - 2026,26-Mar 3pm,3088.3525
2031,2,Tamil Nadu - 2026,26-Mar 3pm,3088.3525
2031,3,Tamil Nadu - 2026,26-Mar 3pm,3088.3525
2031,4,Tamil Nadu - 2026,26-Mar 3pm,3088.3525
2032,1,Tamil Nadu - 2026,26-Mar 4pm,3224.6675
2032,2,Tamil Nadu - 2026,26-Mar 4pm,3224.6675
2032,3,Tamil Nadu - 2026,26-Mar 4pm,3224.6675
2032,4,Tamil Nadu - 2026,26-Mar 4pm,3224.6675
2033,1,Tamil Nadu - 2026,26-Mar 5pm,3329.08
2033,2,Tamil Nadu - 2026,26-Mar 5pm,3329.08
2033,3,Tamil Nadu - 2026,26-Mar 5pm,3329.08
2033,4,Tamil Nadu - 2026,26-Mar 5pm,3329.08
2034,1,Tamil Nadu - 2026,26-Mar 6pm,3436.3875
2034,2,Tamil Nadu - 2026,26-Mar 6pm,3436.3875
2034,3,Tamil Nadu - 2026,26-Mar 6pm,3436.3875
2034,4,Tamil Nadu - 2026,26-Mar 6pm,3436.3875
2035,1,Tamil Nadu - 2026,26-Mar 7pm,3473.46
2035,2,Tamil Nadu - 2026,26-Mar 7pm,3473.46
2035,3,Tamil Nadu - 2026,26-Mar 7pm,3473.46
2035,4,Tamil Nadu - 2026,26-Mar 7pm,3473.46
2036,1,Tamil Nadu - 2026,26-Mar 8pm,3318.0325
2036,2,Tamil Nadu - 2026,26-Mar 8pm,3318.0325
2036,3,Tamil Nadu - 2026,26-Mar 8pm,3318.0325
2036,4,Tamil Nadu - 2026,26-Mar 8pm,3318.0325
2037,1,Tamil Nadu - 2026,26-Mar 9pm,3211.3675
2037,2,Tamil Nadu - 2026,26-Mar 9pm,3211.3675
2037,3,Tamil Nadu - 2026,26-Mar 9pm,3211.3675
2037,4,Tamil Nadu - 2026,26-Mar 9pm,3211.3675
2038,1,Tamil Nadu - 2026,26-Mar 10pm,3035.445
2038,2,Tamil Nadu - 2026,26-Mar 10pm,3035.445
2038,3,Tamil Nadu - 2026,26-Mar 10pm,3035.445
2038,4,Tamil Nadu - 2026,26-Mar 10pm,3035.445
2039,1,Tamil Nadu - 2026,26-Mar 11pm,2795.7425
2039,2,Tamil Nadu - 2026,26-Mar 11pm,2795.7425
2039,3,Tamil Nadu - 2026,26-Mar 11pm,2795.7425
2039,4,Tamil Nadu - 2026,26-Mar 11pm,2795.7425
2040,1,Tamil Nadu - 2026,27-Mar 12am,2680.595
2040,2,Tamil Nadu - 2026,27-Mar 12am,2680.595
2040,3,Tamil Nadu - 2026,27-Mar 12am,2680.595
2040,4,Tamil Nadu - 2026,27-Mar 12am,2680.595
2041,1,Tamil Nadu - 2026,27-Mar 1am,2592.9075
2041,2,Tamil Nadu - 2026,27-Mar 1am,2592.9075
2041,3,Tamil Nadu - 2026,27-Mar 1am,2592.9075
2041,4,Tamil Nadu - 2026,27-Mar 1am,2592.9075
2042,1,Tamil Nadu - 2026,27-Mar 2am,2538.46
2042,2,Tamil Nadu - 2026,27-Mar 2am,2538.46
2042,3,Tamil Nadu - 2026,27-Mar 2am,2538.46
2042,4,Tamil Nadu - 2026,27-Mar 2am,2538.46
2043,1,Tamil Nadu - 2026,27-Mar 3am,2533.74
2043,2,Tamil Nadu - 2026,27-Mar 3am,2533.74
2043,3,Tamil Nadu - 2026,27-Mar 3am,2533.74
2043,4,Tamil Nadu - 2026,27-Mar 3am,2533.74
2044,1,Tamil Nadu - 2026,27-Mar 4am,2537.3775
2044,2,Tamil Nadu - 2026,27-Mar 4am,2537.3775
2044,3,Tamil Nadu - 2026,27-Mar 4am,2537.3775
2044,4,Tamil Nadu - 2026,27-Mar 4am,2537.3775
2045,1,Tamil Nadu - 2026,27-Mar 5am,2613.5575
2045,2,Tamil Nadu - 2026,27-Mar 5am,2613.5575
2045,3,Tamil Nadu - 2026,27-Mar 5am,2613.5575
2045,4,Tamil Nadu - 2026,27-Mar 5am,2613.5575
2046,1,Tamil Nadu - 2026,27-Mar 6am,2962.0825
2046,2,Tamil Nadu - 2026,27-Mar 6am,2962.0825
2046,3,Tamil Nadu - 2026,27-Mar 6am,2962.0825
2046,4,Tamil Nadu - 2026,27-Mar 6am,2962.0825
2047,1,Tamil Nadu - 2026,27-Mar 7am,3746.735
2047,2,Tamil Nadu - 2026,27-Mar 7am,3746.735
2047,3,Tamil Nadu - 2026,27-Mar 7am,3746.735
2047,4,Tamil Nadu - 2026,27-Mar 7am,3746.735
2048,1,Tamil Nadu - 2026,27-Mar 8am,3915.525
2048,2,Tamil Nadu - 2026,27-Mar 8am,3915.525
2048,3,Tamil Nadu - 2026,27-Mar 8am,3915.525
2048,4,Tamil Nadu - 2026,27-Mar 8am,3915.525
2049,1,Tamil Nadu - 2026,27-Mar 9am,3790.79
2049,2,Tamil Nadu - 2026,27-Mar 9am,3790.79
2049,3,Tamil Nadu - 2026,27-Mar 9am,3790.79
2049,4,Tamil Nadu - 2026,27-Mar 9am,3790.79
2050,1,Tamil Nadu - 2026,27-Mar 10am,3648.84
2050,2,Tamil Nadu - 2026,27-Mar 10am,3648.84
2050,3,Tamil Nadu - 2026,27-Mar 10am,3648.84
2050,4,Tamil Nadu - 2026,27-Mar 10am,3648.84
2051,1,Tamil Nadu - 2026,27-Mar 11am,3521.045
2051,2,Tamil Nadu - 2026,27-Mar 11am,3521.045
2051,3,Tamil Nadu - 2026,27-Mar 11am,3521.045
2051,4,Tamil Nadu - 2026,27-Mar 11am,3521.045
2052,1,Tamil Nadu - 2026,27-Mar 12pm,3466.2575
2052,2,Tamil Nadu - 2026,27-Mar 12pm,3466.2575
2052,3,Tamil Nadu - 2026,27-Mar 12pm,3466.2575
2052,4,Tamil Nadu - 2026,27-Mar 12pm,3466.2575
2053,1,Tamil Nadu - 2026,27-Mar 1pm,3383.605
2053,2,Tamil Nadu - 2026,27-Mar 1pm,3383.605
2053,3,Tamil Nadu - 2026,27-Mar 1pm,3383.605
2053,4,Tamil Nadu - 2026,27-Mar 1pm,3383.605
2054,1,Tamil Nadu - 2026,27-Mar 2pm,3286.185
2054,2,Tamil Nadu - 2026,27-Mar 2pm,3286.185
2054,3,Tamil Nadu - 2026,27-Mar 2pm,3286.185
2054,4,Tamil Nadu - 2026,27-Mar 2pm,3286.185
2055,1,Tamil Nadu - 2026,27-Mar 3pm,3539.52
2055,2,Tamil Nadu - 2026,27-Mar 3pm,3539.52
2055,3,Tamil Nadu - 2026,27-Mar 3pm,3539.52
2055,4,Tamil Nadu - 2026,27-Mar 3pm,3539.52
2056,1,Tamil Nadu - 2026,27-Mar 4pm,3665.715
2056,2,Tamil Nadu - 2026,27-Mar 4pm,3665.715
2056,3,Tamil Nadu - 2026,27-Mar 4pm,3665.715
2056,4,Tamil Nadu - 2026,27-Mar 4pm,3665.715
2057,1,Tamil Nadu - 2026,27-Mar 5pm,3979.46
2057,2,Tamil Nadu - 2026,27-Mar 5pm,3979.46
2057,3,Tamil Nadu - 2026,27-Mar 5pm,3979.46
2057,4,Tamil Nadu - 2026,27-Mar 5pm,3979.46
2058,1,Tamil Nadu - 2026,27-Mar 6pm,4124.9
2058,2,Tamil Nadu - 2026,27-Mar 6pm,4124.9
2058,3,Tamil Nadu - 2026,27-Mar 6pm,4124.9
2058,4,Tamil Nadu - 2026,27-Mar 6pm,4124.9
2059,1,Tamil Nadu - 2026,27-Mar 7pm,4133.8325
2059,2,Tamil Nadu - 2026,27-Mar 7pm,4133.8325
2059,3,Tamil Nadu - 2026,27-Mar 7pm,4133.8325
2059,4,Tamil Nadu - 2026,27-Mar 7pm,4133.8325
2060,1,Tamil Nadu - 2026,27-Mar 8pm,3833.09
2060,2,Tamil Nadu - 2026,27-Mar 8pm,3833.09
2060,3,Tamil Nadu - 2026,27-Mar 8pm,3833.09
2060,4,Tamil Nadu - 2026,27-Mar 8pm,3833.09
2061,1,Tamil Nadu - 2026,27-Mar 9pm,3645.775
2061,2,Tamil Nadu - 2026,27-Mar 9pm,3645.775
2061,3,Tamil Nadu - 2026,27-Mar 9pm,3645.775
2061,4,Tamil Nadu - 2026,27-Mar 9pm,3645.775
2062,1,Tamil Nadu - 2026,27-Mar 10pm,3429.99
2062,2,Tamil Nadu - 2026,27-Mar 10pm,3429.99
2062,3,Tamil Nadu - 2026,27-Mar 10pm,3429.99
2062,4,Tamil Nadu - 2026,27-Mar 10pm,3429.99
2063,1,Tamil Nadu - 2026,27-Mar 11pm,3126.2075
2063,2,Tamil Nadu - 2026,27-Mar 11pm,3126.2075
2063,3,Tamil Nadu - 2026,27-Mar 11pm,3126.2075
2063,4,Tamil Nadu - 2026,27-Mar 11pm,3126.2075
2064,1,Tamil Nadu - 2026,28-Mar 12am,3016.725
2064,2,Tamil Nadu - 2026,28-Mar 12am,3016.725
2064,3,Tamil Nadu - 2026,28-Mar 12am,3016.725
2064,4,Tamil Nadu - 2026,28-Mar 12am,3016.725
2065,1,Tamil Nadu - 2026,28-Mar 1am,2972.36
2065,2,Tamil Nadu - 2026,28-Mar 1am,2972.36
2065,3,Tamil Nadu - 2026,28-Mar 1am,2972.36
2065,4,Tamil Nadu - 2026,28-Mar 1am,2972.36
2066,1,Tamil Nadu - 2026,28-Mar 2am,2976.96
2066,2,Tamil Nadu - 2026,28-Mar 2am,2976.96
2066,3,Tamil Nadu - 2026,28-Mar 2am,2976.96
2066,4,Tamil Nadu - 2026,28-Mar 2am,2976.96
2067,1,Tamil Nadu - 2026,28-Mar 3am,2983.85
2067,2,Tamil Nadu - 2026,28-Mar 3am,2983.85
2067,3,Tamil Nadu - 2026,28-Mar 3am,2983.85
2067,4,Tamil Nadu - 2026,28-Mar 3am,2983.85
2068,1,Tamil Nadu - 2026,28-Mar 4am,3032.4975
2068,2,Tamil Nadu - 2026,28-Mar 4am,3032.4975
2068,3,Tamil Nadu - 2026,28-Mar 4am,3032.4975
2068,4,Tamil Nadu - 2026,28-Mar 4am,3032.4975
2069,1,Tamil Nadu - 2026,28-Mar 5am,3149.605
2069,2,Tamil Nadu - 2026,28-Mar 5am,3149.605
2069,3,Tamil Nadu - 2026,28-Mar 5am,3149.605
2069,4,Tamil Nadu - 2026,28-Mar 5am,3149.605
2070,1,Tamil Nadu - 2026,28-Mar 6am,3351.66
2070,2,Tamil Nadu - 2026,28-Mar 6am,3351.66
2070,3,Tamil Nadu - 2026,28-Mar 6am,3351.66
2070,4,Tamil Nadu - 2026,28-Mar 6am,3351.66
2071,1,Tamil Nadu - 2026,28-Mar 7am,3949.3225
2071,2,Tamil Nadu - 2026,28-Mar 7am,3949.3225
2071,3,Tamil Nadu - 2026,28-Mar 7am,3949.3225
2071,4,Tamil Nadu - 2026,28-Mar 7am,3949.3225
2072,1,Tamil Nadu - 2026,28-Mar 8am,4004.5875
2072,2,Tamil Nadu - 2026,28-Mar 8am,4004.5875
2072,3,Tamil Nadu - 2026,28-Mar 8am,4004.5875
2072,4,Tamil Nadu - 2026,28-Mar 8am,4004.5875
2073,1,Tamil Nadu - 2026,28-Mar 9am,3704.6025
2073,2,Tamil Nadu - 2026,28-Mar 9am,3704.6025
2073,3,Tamil Nadu - 2026,28-Mar 9am,3704.6025
2073,4,Tamil Nadu - 2026,28-Mar 9am,3704.6025
2074,1,Tamil Nadu - 2026,28-Mar 10am,3502.3525
2074,2,Tamil Nadu - 2026,28-Mar 10am,3502.3525
2074,3,Tamil Nadu - 2026,28-Mar 10am,3502.3525
2074,4,Tamil Nadu - 2026,28-Mar 10am,3502.3525
2075,1,Tamil Nadu - 2026,28-Mar 11am,3370.8
2075,2,Tamil Nadu - 2026,28-Mar 11am,3370.8
2075,3,Tamil Nadu - 2026,28-Mar 11am,3370.8
2075,4,Tamil Nadu - 2026,28-Mar 11am,3370.8
2076,1,Tamil Nadu - 2026,28-Mar 12pm,3318.5925
2076,2,Tamil Nadu - 2026,28-Mar 12pm,3318.5925
2076,3,Tamil Nadu - 2026,28-Mar 12pm,3318.5925
2076,4,Tamil Nadu - 2026,28-Mar 12pm,3318.5925
2077,1,Tamil Nadu - 2026,28-Mar 1pm,3166.75
2077,2,Tamil Nadu - 2026,28-Mar 1pm,3166.75
2077,3,Tamil Nadu - 2026,28-Mar 1pm,3166.75
2077,4,Tamil Nadu - 2026,28-Mar 1pm,3166.75
2078,1,Tamil Nadu - 2026,28-Mar 2pm,3232.2175
2078,2,Tamil Nadu - 2026,28-Mar 2pm,3232.2175
2078,3,Tamil Nadu - 2026,28-Mar 2pm,3232.2175
2078,4,Tamil Nadu - 2026,28-Mar 2pm,3232.2175
2079,1,Tamil Nadu - 2026,28-Mar 3pm,3467.48
2079,2,Tamil Nadu - 2026,28-Mar 3pm,3467.48
2079,3,Tamil Nadu - 2026,28-Mar 3pm,3467.48
2079,4,Tamil Nadu - 2026,28-Mar 3pm,3467.48
2080,1,Tamil Nadu - 2026,28-Mar 4pm,3756.8975
2080,2,Tamil Nadu - 2026,28-Mar 4pm,3756.8975
2080,3,Tamil Nadu - 2026,28-Mar 4pm,3756.8975
2080,4,Tamil Nadu - 2026,28-Mar 4pm,3756.8975
2081,1,Tamil Nadu - 2026,28-Mar 5pm,4092.58
2081,2,Tamil Nadu - 2026,28-Mar 5pm,4092.58
2081,3,Tamil Nadu - 2026,28-Mar 5pm,4092.58
2081,4,Tamil Nadu - 2026,28-Mar 5pm,4092.58
2082,1,Tamil Nadu - 2026,28-Mar 6pm,4227.1575
2082,2,Tamil Nadu - 2026,28-Mar 6pm,4227.1575
2082,3,Tamil Nadu - 2026,28-Mar 6pm,4227.1575
2082,4,Tamil Nadu - 2026,28-Mar 6pm,4227.1575
2083,1,Tamil Nadu - 2026,28-Mar 7pm,4203.63
2083,2,Tamil Nadu - 2026,28-Mar 7pm,4203.63
2083,3,Tamil Nadu - 2026,28-Mar 7pm,4203.63
2083,4,Tamil Nadu - 2026,28-Mar 7pm,4203.63
2084,1,Tamil Nadu - 2026,28-Mar 8pm,3916.3475
2084,2,Tamil Nadu - 2026,28-Mar 8pm,3916.3475
2084,3,Tamil Nadu - 2026,28-Mar 8pm,3916.3475
2084,4,Tamil Nadu - 2026,28-Mar 8pm,3916.3475
2085,1,Tamil Nadu - 2026,28-Mar 9pm,3710.835
2085,2,Tamil Nadu - 2026,28-Mar 9pm,3710.835
2085,3,Tamil Nadu - 2026,28-Mar 9pm,3710.835
2085,4,Tamil Nadu - 2026,28-Mar 9pm,3710.835
2086,1,Tamil Nadu - 2026,28-Mar 10pm,3468.3025
2086,2,Tamil Nadu - 2026,28-Mar 10pm,3468.3025
2086,3,Tamil Nadu - 2026,28-Mar 10pm,3468.3025
2086,4,Tamil Nadu - 2026,28-Mar 10pm,3468.3025
2087,1,Tamil Nadu - 2026,28-Mar 11pm,3195.7625
2087,2,Tamil Nadu - 2026,28-Mar 11pm,3195.7625
2087,3,Tamil Nadu - 2026,28-Mar 11pm,3195.7625
2087,4,Tamil Nadu - 2026,28-Mar 11pm,3195.7625
2088,1,Tamil Nadu - 2026,29-Mar 12am,3106.1825
2088,2,Tamil Nadu - 2026,29-Mar 12am,3106.1825
2088,3,Tamil Nadu - 2026,29-Mar 12am,3106.1825
2088,4,Tamil Nadu - 2026,29-Mar 12am,3106.1825
2089,1,Tamil Nadu - 2026,29-Mar 1am,3075.145
2089,2,Tamil Nadu - 2026,29-Mar 1am,3075.145
2089,3,Tamil Nadu - 2026,29-Mar 1am,3075.145
2089,4,Tamil Nadu - 2026,29-Mar 1am,3075.145
2090,1,Tamil Nadu - 2026,29-Mar 2am,3019.985
2090,2,Tamil Nadu - 2026,29-Mar 2am,3019.985
2090,3,Tamil Nadu - 2026,29-Mar 2am,3019.985
2090,4,Tamil Nadu - 2026,29-Mar 2am,3019.985
2091,1,Tamil Nadu - 2026,29-Mar 3am,2972.905
2091,2,Tamil Nadu - 2026,29-Mar 3am,2972.905
2091,3,Tamil Nadu - 2026,29-Mar 3am,2972.905
2091,4,Tamil Nadu - 2026,29-Mar 3am,2972.905
2092,1,Tamil Nadu - 2026,29-Mar 4am,2971.8025
2092,2,Tamil Nadu - 2026,29-Mar 4am,2971.8025
2092,3,Tamil Nadu - 2026,29-Mar 4am,2971.8025
2092,4,Tamil Nadu - 2026,29-Mar 4am,2971.8025
2093,1,Tamil Nadu - 2026,29-Mar 5am,3038.4725
2093,2,Tamil Nadu - 2026,29-Mar 5am,3038.4725
2093,3,Tamil Nadu - 2026,29-Mar 5am,3038.4725
2093,4,Tamil Nadu - 2026,29-Mar 5am,3038.4725
2094,1,Tamil Nadu - 2026,29-Mar 6am,3315.2975
2094,2,Tamil Nadu - 2026,29-Mar 6am,3315.2975
2094,3,Tamil Nadu - 2026,29-Mar 6am,3315.2975
2094,4,Tamil Nadu - 2026,29-Mar 6am,3315.2975
2095,1,Tamil Nadu - 2026,29-Mar 7am,4004.7825
2095,2,Tamil Nadu - 2026,29-Mar 7am,4004.7825
2095,3,Tamil Nadu - 2026,29-Mar 7am,4004.7825
2095,4,Tamil Nadu - 2026,29-Mar 7am,4004.7825
2096,1,Tamil Nadu - 2026,29-Mar 8am,4156.535
2096,2,Tamil Nadu - 2026,29-Mar 8am,4156.535
2096,3,Tamil Nadu - 2026,29-Mar 8am,4156.535
2096,4,Tamil Nadu - 2026,29-Mar 8am,4156.535
2097,1,Tamil Nadu - 2026,29-Mar 9am,3942.8275
2097,2,Tamil Nadu - 2026,29-Mar 9am,3942.8275
2097,3,Tamil Nadu - 2026,29-Mar 9am,3942.8275
2097,4,Tamil Nadu - 2026,29-Mar 9am,3942.8275
2098,1,Tamil Nadu - 2026,29-Mar 10am,3686.6975
2098,2,Tamil Nadu - 2026,29-Mar 10am,3686.6975
2098,3,Tamil Nadu - 2026,29-Mar 10am,3686.6975
2098,4,Tamil Nadu - 2026,29-Mar 10am,3686.6975
2099,1,Tamil Nadu - 2026,29-Mar 11am,3681.0575
2099,2,Tamil Nadu - 2026,29-Mar 11am,3681.0575
2099,3,Tamil Nadu - 2026,29-Mar 11am,3681.0575
2099,4,Tamil Nadu - 2026,29-Mar 11am,3681.0575
2100,1,Tamil Nadu - 2026,29-Mar 12pm,3617.4
2100,2,Tamil Nadu - 2026,29-Mar 12pm,3617.4
2100,3,Tamil Nadu - 2026,29-Mar 12pm,3617.4
2100,4,Tamil Nadu - 2026,29-Mar 12pm,3617.4
2101,1,Tamil Nadu - 2026,29-Mar 1pm,3431.365
2101,2,Tamil Nadu - 2026,29-Mar 1pm,3431.365
2101,3,Tamil Nadu - 2026,29-Mar 1pm,3431.365
2101,4,Tamil Nadu - 2026,29-Mar 1pm,3431.365
2102,1,Tamil Nadu - 2026,29-Mar 2pm,3383.82
2102,2,Tamil Nadu - 2026,29-Mar 2pm,3383.82
2102,3,Tamil Nadu - 2026,29-Mar 2pm,3383.82
2102,4,Tamil Nadu - 2026,29-Mar 2pm,3383.82
2103,1,Tamil Nadu - 2026,29-Mar 3pm,3538.7475
2103,2,Tamil Nadu - 2026,29-Mar 3pm,3538.7475
2103,3,Tamil Nadu - 2026,29-Mar 3pm,3538.7475
2103,4,Tamil Nadu - 2026,29-Mar 3pm,3538.7475
2104,1,Tamil Nadu - 2026,29-Mar 4pm,3791.1625
2104,2,Tamil Nadu - 2026,29-Mar 4pm,3791.1625
2104,3,Tamil Nadu - 2026,29-Mar 4pm,3791.1625
2104,4,Tamil Nadu - 2026,29-Mar 4pm,3791.1625
2105,1,Tamil Nadu - 2026,29-Mar 5pm,4072.9075
2105,2,Tamil Nadu - 2026,29-Mar 5pm,4072.9075
2105,3,Tamil Nadu - 2026,29-Mar 5pm,4072.9075
2105,4,Tamil Nadu - 2026,29-Mar 5pm,4072.9075
2106,1,Tamil Nadu - 2026,29-Mar 6pm,4131.4275
2106,2,Tamil Nadu - 2026,29-Mar 6pm,4131.4275
2106,3,Tamil Nadu - 2026,29-Mar 6pm,4131.4275
2106,4,Tamil Nadu - 2026,29-Mar 6pm,4131.4275
2107,1,Tamil Nadu - 2026,29-Mar 7pm,4247.465
2107,2,Tamil Nadu - 2026,29-Mar 7pm,4247.465
2107,3,Tamil Nadu - 2026,29-Mar 7pm,4247.465
2107,4,Tamil Nadu - 2026,29-Mar 7pm,4247.465
2108,1,Tamil Nadu - 2026,29-Mar 8pm,3962.1375
2108,2,Tamil Nadu - 2026,29-Mar 8pm,3962.1375
2108,3,Tamil Nadu - 2026,29-Mar 8pm,3962.1375
2108,4,Tamil Nadu - 2026,29-Mar 8pm,3962.1375
2109,1,Tamil Nadu - 2026,29-Mar 9pm,3730.1625
2109,2,Tamil Nadu - 2026,29-Mar 9pm,3730.1625
2109,3,Tamil Nadu - 2026,29-Mar 9pm,3730.1625
2109,4,Tamil Nadu - 2026,29-Mar 9pm,3730.1625
2110,1,Tamil Nadu - 2026,29-Mar 10pm,3480.4475
2110,2,Tamil Nadu - 2026,29-Mar 10pm,3480.4475
2110,3,Tamil Nadu - 2026,29-Mar 10pm,3480.4475
2110,4,Tamil Nadu - 2026,29-Mar 10pm,3480.4475
2111,1,Tamil Nadu - 2026,29-Mar 11pm,3234.3425
2111,2,Tamil Nadu - 2026,29-Mar 11pm,3234.3425
2111,3,Tamil Nadu - 2026,29-Mar 11pm,3234.3425
2111,4,Tamil Nadu - 2026,29-Mar 11pm,3234.3425
2112,1,Tamil Nadu - 2026,30-Mar 12am,3137.46
2112,2,Tamil Nadu - 2026,30-Mar 12am,3137.46
2112,3,Tamil Nadu - 2026,30-Mar 12am,3137.46
2112,4,Tamil Nadu - 2026,30-Mar 12am,3137.46
2113,1,Tamil Nadu - 2026,30-Mar 1am,3064.1075
2113,2,Tamil Nadu - 2026,30-Mar 1am,3064.1075
2113,3,Tamil Nadu - 2026,30-Mar 1am,3064.1075
2113,4,Tamil Nadu - 2026,30-Mar 1am,3064.1075
2114,1,Tamil Nadu - 2026,30-Mar 2am,3029.81
2114,2,Tamil Nadu - 2026,30-Mar 2am,3029.81
2114,3,Tamil Nadu - 2026,30-Mar 2am,3029.81
2114,4,Tamil Nadu - 2026,30-Mar 2am,3029.81
2115,1,Tamil Nadu - 2026,30-Mar 3am,3012.175
2115,2,Tamil Nadu - 2026,30-Mar 3am,3012.175
2115,3,Tamil Nadu - 2026,30-Mar 3am,3012.175
2115,4,Tamil Nadu - 2026,30-Mar 3am,3012.175
2116,1,Tamil Nadu - 2026,30-Mar 4am,2978.88
2116,2,Tamil Nadu - 2026,30-Mar 4am,2978.88
2116,3,Tamil Nadu - 2026,30-Mar 4am,2978.88
2116,4,Tamil Nadu - 2026,30-Mar 4am,2978.88
2117,1,Tamil Nadu - 2026,30-Mar 5am,3080.125
2117,2,Tamil Nadu - 2026,30-Mar 5am,3080.125
2117,3,Tamil Nadu - 2026,30-Mar 5am,3080.125
2117,4,Tamil Nadu - 2026,30-Mar 5am,3080.125
2118,1,Tamil Nadu - 2026,30-Mar 6am,3414.15
2118,2,Tamil Nadu - 2026,30-Mar 6am,3414.15
2118,3,Tamil Nadu - 2026,30-Mar 6am,3414.15
2118,4,Tamil Nadu - 2026,30-Mar 6am,3414.15
2119,1,Tamil Nadu - 2026,30-Mar 7am,4073.4875
2119,2,Tamil Nadu - 2026,30-Mar 7am,4073.4875
2119,3,Tamil Nadu - 2026,30-Mar 7am,4073.4875
2119,4,Tamil Nadu - 2026,30-Mar 7am,4073.4875
2120,1,Tamil Nadu - 2026,30-Mar 8am,4150.515
2120,2,Tamil Nadu - 2026,30-Mar 8am,4150.515
2120,3,Tamil Nadu - 2026,30-Mar 8am,4150.515
2120,4,Tamil Nadu - 2026,30-Mar 8am,4150.515
2121,1,Tamil Nadu - 2026,30-Mar 9am,4009.625
2121,2,Tamil Nadu - 2026,30-Mar 9am,4009.625
2121,3,Tamil Nadu - 2026,30-Mar 9am,4009.625
2121,4,Tamil Nadu - 2026,30-Mar 9am,4009.625
2122,1,Tamil Nadu - 2026,30-Mar 10am,3897.4975
2122,2,Tamil Nadu - 2026,30-Mar 10am,3897.4975
2122,3,Tamil Nadu - 2026,30-Mar 10am,3897.4975
2122,4,Tamil Nadu - 2026,30-Mar 10am,3897.4975
2123,1,Tamil Nadu - 2026,30-Mar 11am,3769.125
2123,2,Tamil Nadu - 2026,30-Mar 11am,3769.125
2123,3,Tamil Nadu - 2026,30-Mar 11am,3769.125
2123,4,Tamil Nadu - 2026,30-Mar 11am,3769.125
2124,1,Tamil Nadu - 2026,30-Mar 12pm,3706.98
2124,2,Tamil Nadu - 2026,30-Mar 12pm,3706.98
2124,3,Tamil Nadu - 2026,30-Mar 12pm,3706.98
2124,4,Tamil Nadu - 2026,30-Mar 12pm,3706.98
2125,1,Tamil Nadu - 2026,30-Mar 1pm,3606.13
2125,2,Tamil Nadu - 2026,30-Mar 1pm,3606.13
2125,3,Tamil Nadu - 2026,30-Mar 1pm,3606.13
2125,4,Tamil Nadu - 2026,30-Mar 1pm,3606.13
2126,1,Tamil Nadu - 2026,30-Mar 2pm,3589.2175
2126,2,Tamil Nadu - 2026,30-Mar 2pm,3589.2175
2126,3,Tamil Nadu - 2026,30-Mar 2pm,3589.2175
2126,4,Tamil Nadu - 2026,30-Mar 2pm,3589.2175
2127,1,Tamil Nadu - 2026,30-Mar 3pm,3691.635
2127,2,Tamil Nadu - 2026,30-Mar 3pm,3691.635
2127,3,Tamil Nadu - 2026,30-Mar 3pm,3691.635
2127,4,Tamil Nadu - 2026,30-Mar 3pm,3691.635
2128,1,Tamil Nadu - 2026,30-Mar 4pm,3928.43
2128,2,Tamil Nadu - 2026,30-Mar 4pm,3928.43
2128,3,Tamil Nadu - 2026,30-Mar 4pm,3928.43
2128,4,Tamil Nadu - 2026,30-Mar 4pm,3928.43
2129,1,Tamil Nadu - 2026,30-Mar 5pm,4196.8925
2129,2,Tamil Nadu - 2026,30-Mar 5pm,4196.8925
2129,3,Tamil Nadu - 2026,30-Mar 5pm,4196.8925
2129,4,Tamil Nadu - 2026,30-Mar 5pm,4196.8925
2130,1,Tamil Nadu - 2026,30-Mar 6pm,4133.305
2130,2,Tamil Nadu - 2026,30-Mar 6pm,4133.305
2130,3,Tamil Nadu - 2026,30-Mar 6pm,4133.305
2130,4,Tamil Nadu - 2026,30-Mar 6pm,4133.305
2131,1,Tamil Nadu - 2026,30-Mar 7pm,4164.9275
2131,2,Tamil Nadu - 2026,30-Mar 7pm,4164.9275
2131,3,Tamil Nadu - 2026,30-Mar 7pm,4164.9275
2131,4,Tamil Nadu - 2026,30-Mar 7pm,4164.9275
2132,1,Tamil Nadu - 2026,30-Mar 8pm,3902.965
2132,2,Tamil Nadu - 2026,30-Mar 8pm,3902.965
2132,3,Tamil Nadu - 2026,30-Mar 8pm,3902.965
2132,4,Tamil Nadu - 2026,30-Mar 8pm,3902.965
2133,1,Tamil Nadu - 2026,30-Mar 9pm,3673.575
2133,2,Tamil Nadu - 2026,30-Mar 9pm,3673.575
2133,3,Tamil Nadu - 2026,30-Mar 9pm,3673.575
2133,4,Tamil Nadu - 2026,30-Mar 9pm,3673.575
2134,1,Tamil Nadu - 2026,30-Mar 10pm,3446.7725
2134,2,Tamil Nadu - 2026,30-Mar 10pm,3446.7725
2134,3,Tamil Nadu - 2026,30-Mar 10pm,3446.7725
2134,4,Tamil Nadu - 2026,30-Mar 10pm,3446.7725
2135,1,Tamil Nadu - 2026,30-Mar 11pm,3243.5425
2135,2,Tamil Nadu - 2026,30-Mar 11pm,3243.5425
2135,3,Tamil Nadu - 2026,30-Mar 11pm,3243.5425
2135,4,Tamil Nadu - 2026,30-Mar 11pm,3243.5425
2136,1,Tamil Nadu - 2026,31-Mar 12am,3144.8
2136,2,Tamil Nadu - 2026,31-Mar 12am,3144.8
2136,3,Tamil Nadu - 2026,31-Mar 12am,3144.8
2136,4,Tamil Nadu - 2026,31-Mar 12am,3144.8
2137,1,Tamil Nadu - 2026,31-Mar 1am,3092.4125
2137,2,Tamil Nadu - 2026,31-Mar 1am,3092.4125
2137,3,Tamil Nadu - 2026,31-Mar 1am,3092.4125
2137,4,Tamil Nadu - 2026,31-Mar 1am,3092.4125
2138,1,Tamil Nadu - 2026,31-Mar 2am,3053.4175
2138,2,Tamil Nadu - 2026,31-Mar 2am,3053.4175
2138,3,Tamil Nadu - 2026,31-Mar 2am,3053.4175
2138,4,Tamil Nadu - 2026,31-Mar 2am,3053.4175
2139,1,Tamil Nadu - 2026,31-Mar 3am,2999.8525
2139,2,Tamil Nadu - 2026,31-Mar 3am,2999.8525
2139,3,Tamil Nadu - 2026,31-Mar 3am,2999.8525
2139,4,Tamil Nadu - 2026,31-Mar 3am,2999.8525
2140,1,Tamil Nadu - 2026,31-Mar 4am,3019.4825
2140,2,Tamil Nadu - 2026,31-Mar 4am,3019.4825
2140,3,Tamil Nadu - 2026,31-Mar 4am,3019.4825
2140,4,Tamil Nadu - 2026,31-Mar 4am,3019.4825
2141,1,Tamil Nadu - 2026,31-Mar 5am,3141.8525
2141,2,Tamil Nadu - 2026,31-Mar 5am,3141.8525
2141,3,Tamil Nadu - 2026,31-Mar 5am,3141.8525
2141,4,Tamil Nadu - 2026,31-Mar 5am,3141.8525
2142,1,Tamil Nadu - 2026,31-Mar 6am,3283.3575
2142,2,Tamil Nadu - 2026,31-Mar 6am,3283.3575
2142,3,Tamil Nadu - 2026,31-Mar 6am,3283.3575
2142,4,Tamil Nadu - 2026,31-Mar 6am,3283.3575
2143,1,Tamil Nadu - 2026,31-Mar 7am,3860.155
2143,2,Tamil Nadu - 2026,31-Mar 7am,3860.155
2143,3,Tamil Nadu - 2026,31-Mar 7am,3860.155
2143,4,Tamil Nadu - 2026,31-Mar 7am,3860.155
2144,1,Tamil Nadu - 2026,31-Mar 8am,3977.1925
2144,2,Tamil Nadu - 2026,31-Mar 8am,3977.1925
2144,3,Tamil Nadu - 2026,31-Mar 8am,3977.1925
2144,4,Tamil Nadu - 2026,31-Mar 8am,3977.1925
2145,1,Tamil Nadu - 2026,31-Mar 9am,3963.235
2145,2,Tamil Nadu - 2026,31-Mar 9am,3963.235
2145,3,Tamil Nadu - 2026,31-Mar 9am,3963.235
2145,4,Tamil Nadu - 2026,31-Mar 9am,3963.235
2146,1,Tamil Nadu - 2026,31-Mar 10am,3726.345
2146,2,Tamil Nadu - 2026,31-Mar 10am,3726.345
2146,3,Tamil Nadu - 2026,31-Mar 10am,3726.345
2146,4,Tamil Nadu - 2026,31-Mar 10am,3726.345
2147,1,Tamil Nadu - 2026,31-Mar 11am,3666.2725
2147,2,Tamil Nadu - 2026,31-Mar 11am,3666.2725
2147,3,Tamil Nadu - 2026,31-Mar 11am,3666.2725
2147,4,Tamil Nadu - 2026,31-Mar 11am,3666.2725
2148,1,Tamil Nadu - 2026,31-Mar 12pm,3619.475
2148,2,Tamil Nadu - 2026,31-Mar 12pm,3619.475
2148,3,Tamil Nadu - 2026,31-Mar 12pm,3619.475
2148,4,Tamil Nadu - 2026,31-Mar 12pm,3619.475
2149,1,Tamil Nadu - 2026,31-Mar 1pm,3487.6125
2149,2,Tamil Nadu - 2026,31-Mar 1pm,3487.6125
2149,3,Tamil Nadu - 2026,31-Mar 1pm,3487.6125
2149,4,Tamil Nadu - 2026,31-Mar 1pm,3487.6125
2150,1,Tamil Nadu - 2026,31-Mar 2pm,3372.9275
2150,2,Tamil Nadu - 2026,31-Mar 2pm,3372.9275
2150,3,Tamil Nadu - 2026,31-Mar 2pm,3372.9275
2150,4,Tamil Nadu - 2026,31-Mar 2pm,3372.9275
2151,1,Tamil Nadu - 2026,31-Mar 3pm,3548.9925
2151,2,Tamil Nadu - 2026,31-Mar 3pm,3548.9925
2151,3,Tamil Nadu - 2026,31-Mar 3pm,3548.9925
2151,4,Tamil Nadu - 2026,31-Mar 3pm,3548.9925
2152,1,Tamil Nadu - 2026,31-Mar 4pm,3719.755
2152,2,Tamil Nadu - 2026,31-Mar 4pm,3719.755
2152,3,Tamil Nadu - 2026,31-Mar 4pm,3719.755
2152,4,Tamil Nadu - 2026,31-Mar 4pm,3719.755
2153,1,Tamil Nadu - 2026,31-Mar 5pm,4058.1525
2153,2,Tamil Nadu - 2026,31-Mar 5pm,4058.1525
2153,3,Tamil Nadu - 2026,31-Mar 5pm,4058.1525
2153,4,Tamil Nadu - 2026,31-Mar 5pm,4058.1525
2154,1,Tamil Nadu - 2026,31-Mar 6pm,4103.9075
2154,2,Tamil Nadu - 2026,31-Mar 6pm,4103.9075
2154,3,Tamil Nadu - 2026,31-Mar 6pm,4103.9075
2154,4,Tamil Nadu - 2026,31-Mar 6pm,4103.9075
2155,1,Tamil Nadu - 2026,31-Mar 7pm,4190.065
2155,2,Tamil Nadu - 2026,31-Mar 7pm,4190.065
2155,3,Tamil Nadu - 2026,31-Mar 7pm,4190.065
2155,4,Tamil Nadu - 2026,31-Mar 7pm,4190.065
2156,1,Tamil Nadu - 2026,31-Mar 8pm,3932.47
2156,2,Tamil Nadu - 2026,31-Mar 8pm,3932.47
2156,3,Tamil Nadu - 2026,31-Mar 8pm,3932.47
2156,4,Tamil Nadu - 2026,31-Mar 8pm,3932.47
2157,1,Tamil Nadu - 2026,31-Mar 9pm,3715.6275
2157,2,Tamil Nadu - 2026,31-Mar 9pm,3715.6275
2157,3,Tamil Nadu - 2026,31-Mar 9pm,3715.6275
2157,4,Tamil Nadu - 2026,31-Mar 9pm,3715.6275
2158,1,Tamil Nadu - 2026,31-Mar 10pm,3473.855
2158,2,Tamil Nadu - 2026,31-Mar 10pm,3473.855
2158,3,Tamil Nadu - 2026,31-Mar 10pm,3473.855
2158,4,Tamil Nadu - 2026,31-Mar 10pm,3473.855
2159,1,Tamil Nadu - 2026,31-Mar 11pm,3222.87
2159,2,Tamil Nadu - 2026,31-Mar 11pm,3222.87
2159,3,Tamil Nadu - 2026,31-Mar 11pm,3222.87
2159,4,Tamil Nadu - 2026,31-Mar 11pm,3222.87
2160,1,Telangana - 2026,01-Jan 12am,1785.4075
2160,2,Telangana - 2026,01-Jan 12am,1785.4075
2160,3,Telangana - 2026,01-Jan 12am,1785.4075
2160,4,Telangana - 2026,01-Jan 12am,1785.4075
2161,1,Telangana - 2026,01-Jan 1am,2114.1025
2161,2,Telangana - 2026,01-Jan 1am,2114.1025
2161,3,Telangana - 2026,01-Jan 1am,2114.1025
2161,4,Telangana - 2026,01-Jan 1am,2114.1025
2162,1,Telangana - 2026,01-Jan 2am,2132.32
2162,2,Telangana - 2026,01-Jan 2am,2132.32
2162,3,Telangana - 2026,01-Jan 2am,2132.32
2162,4,Telangana - 2026,01-Jan 2am,2132.32
2163,1,Telangana - 2026,01-Jan 3am,2354.3975
2163,2,Telangana - 2026,01-Jan 3am,2354.3975
2163,3,Telangana - 2026,01-Jan 3am,2354.3975
2163,4,Telangana - 2026,01-Jan 3am,2354.3975
2164,1,Telangana - 2026,01-Jan 4am,2460.2925
2164,2,Telangana - 2026,01-Jan 4am,2460.2925
2164,3,Telangana - 2026,01-Jan 4am,2460.2925
2164,4,Telangana - 2026,01-Jan 4am,2460.2925
2165,1,Telangana - 2026,01-Jan 5am,2547.4875
2165,2,Telangana - 2026,01-Jan 5am,2547.4875
2165,3,Telangana - 2026,01-Jan 5am,2547.4875
2165,4,Telangana - 2026,01-Jan 5am,2547.4875
2166,1,Telangana - 2026,01-Jan 6am,2591.3675
2166,2,Telangana - 2026,01-Jan 6am,2591.3675
2166,3,Telangana - 2026,01-Jan 6am,2591.3675
2166,4,Telangana - 2026,01-Jan 6am,2591.3675
2167,1,Telangana - 2026,01-Jan 7am,3008.25
2167,2,Telangana - 2026,01-Jan 7am,3008.25
2167,3,Telangana - 2026,01-Jan 7am,3008.25
2167,4,Telangana - 2026,01-Jan 7am,3008.25
2168,1,Telangana - 2026,01-Jan 8am,3388.7175
2168,2,Telangana - 2026,01-Jan 8am,3388.7175
2168,3,Telangana - 2026,01-Jan 8am,3388.7175
2168,4,Telangana - 2026,01-Jan 8am,3388.7175
2169,1,Telangana - 2026,01-Jan 9am,3550.7875
2169,2,Telangana - 2026,01-Jan 9am,3550.7875
2169,3,Telangana - 2026,01-Jan 9am,3550.7875
2169,4,Telangana - 2026,01-Jan 9am,3550.7875
2170,1,Telangana - 2026,01-Jan 10am,3560.465
2170,2,Telangana - 2026,01-Jan 10am,3560.465
2170,3,Telangana - 2026,01-Jan 10am,3560.465
2170,4,Telangana - 2026,01-Jan 10am,3560.465
2171,1,Telangana - 2026,01-Jan 11am,3425.1875
2171,2,Telangana - 2026,01-Jan 11am,3425.1875
2171,3,Telangana - 2026,01-Jan 11am,3425.1875
2171,4,Telangana - 2026,01-Jan 11am,3425.1875
2172,1,Telangana - 2026,01-Jan 12pm,3445.9475
2172,2,Telangana - 2026,01-Jan 12pm,3445.9475
2172,3,Telangana - 2026,01-Jan 12pm,3445.9475
2172,4,Telangana - 2026,01-Jan 12pm,3445.9475
2173,1,Telangana - 2026,01-Jan 1pm,3423.345
2173,2,Telangana - 2026,01-Jan 1pm,3423.345
2173,3,Telangana - 2026,01-Jan 1pm,3423.345
2173,4,Telangana - 2026,01-Jan 1pm,3423.345
2174,1,Telangana - 2026,01-Jan 2pm,3276.2
2174,2,Telangana - 2026,01-Jan 2pm,3276.2
2174,3,Telangana - 2026,01-Jan 2pm,3276.2
2174,4,Telangana - 2026,01-Jan 2pm,3276.2
2175,1,Telangana - 2026,01-Jan 3pm,3220.8525
2175,2,Telangana - 2026,01-Jan 3pm,3220.8525
2175,3,Telangana - 2026,01-Jan 3pm,3220.8525
2175,4,Telangana - 2026,01-Jan 3pm,3220.8525
2176,1,Telangana - 2026,01-Jan 4pm,3202.89
2176,2,Telangana - 2026,01-Jan 4pm,3202.89
2176,3,Telangana - 2026,01-Jan 4pm,3202.89
2176,4,Telangana - 2026,01-Jan 4pm,3202.89
2177,1,Telangana - 2026,01-Jan 5pm,2369.2775
2177,2,Telangana - 2026,01-Jan 5pm,2369.2775
2177,3,Telangana - 2026,01-Jan 5pm,2369.2775
2177,4,Telangana - 2026,01-Jan 5pm,2369.2775
2178,1,Telangana - 2026,01-Jan 6pm,1878.755
2178,2,Telangana - 2026,01-Jan 6pm,1878.755
2178,3,Telangana - 2026,01-Jan 6pm,1878.755
2178,4,Telangana - 2026,01-Jan 6pm,1878.755
2179,1,Telangana - 2026,01-Jan 7pm,1857.07
2179,2,Telangana - 2026,01-Jan 7pm,1857.07
2179,3,Telangana - 2026,01-Jan 7pm,1857.07
2179,4,Telangana - 2026,01-Jan 7pm,1857.07
2180,1,Telangana - 2026,01-Jan 8pm,1784.11
2180,2,Telangana - 2026,01-Jan 8pm,1784.11
2180,3,Telangana - 2026,01-Jan 8pm,1784.11
2180,4,Telangana - 2026,01-Jan 8pm,1784.11
2181,1,Telangana - 2026,01-Jan 9pm,1770.735
2181,2,Telangana - 2026,01-Jan 9pm,1770.735
2181,3,Telangana - 2026,01-Jan 9pm,1770.735
2181,4,Telangana - 2026,01-Jan 9pm,1770.735
2182,1,Telangana - 2026,01-Jan 10pm,1743.44
2182,2,Telangana - 2026,01-Jan 10pm,1743.44
2182,3,Telangana - 2026,01-Jan 10pm,1743.44
2182,4,Telangana - 2026,01-Jan 10pm,1743.44
2183,1,Telangana - 2026,01-Jan 11pm,1652.4025
2183,2,Telangana - 2026,01-Jan 11pm,1652.4025
2183,3,Telangana - 2026,01-Jan 11pm,1652.4025
2183,4,Telangana - 2026,01-Jan 11pm,1652.4025
2184,1,Telangana - 2026,02-Jan 12am,1692.1975
2184,2,Telangana - 2026,02-Jan 12am,1692.1975
2184,3,Telangana - 2026,02-Jan 12am,1692.1975
2184,4,Telangana - 2026,02-Jan 12am,1692.1975
2185,1,Telangana - 2026,02-Jan 1am,1995.96
2185,2,Telangana - 2026,02-Jan 1am,1995.96
2185,3,Telangana - 2026,02-Jan 1am,1995.96
2185,4,Telangana - 2026,02-Jan 1am,1995.96
2186,1,Telangana - 2026,02-Jan 2am,2035.4575
2186,2,Telangana - 2026,02-Jan 2am,2035.4575
2186,3,Telangana - 2026,02-Jan 2am,2035.4575
2186,4,Telangana - 2026,02-Jan 2am,2035.4575
2187,1,Telangana - 2026,02-Jan 3am,2321.5325
2187,2,Telangana - 2026,02-Jan 3am,2321.5325
2187,3,Telangana - 2026,02-Jan 3am,2321.5325
2187,4,Telangana - 2026,02-Jan 3am,2321.5325
2188,1,Telangana - 2026,02-Jan 4am,2423.8925
2188,2,Telangana - 2026,02-Jan 4am,2423.8925
2188,3,Telangana - 2026,02-Jan 4am,2423.8925
2188,4,Telangana - 2026,02-Jan 4am,2423.8925
2189,1,Telangana - 2026,02-Jan 5am,2511.025
2189,2,Telangana - 2026,02-Jan 5am,2511.025
2189,3,Telangana - 2026,02-Jan 5am,2511.025
2189,4,Telangana - 2026,02-Jan 5am,2511.025
2190,1,Telangana - 2026,02-Jan 6am,2751.33
2190,2,Telangana - 2026,02-Jan 6am,2751.33
2190,3,Telangana - 2026,02-Jan 6am,2751.33
2190,4,Telangana - 2026,02-Jan 6am,2751.33
2191,1,Telangana - 2026,02-Jan 7am,3206.2025
2191,2,Telangana - 2026,02-Jan 7am,3206.2025
2191,3,Telangana - 2026,02-Jan 7am,3206.2025
2191,4,Telangana - 2026,02-Jan 7am,3206.2025
2192,1,Telangana - 2026,02-Jan 8am,3571.1775
2192,2,Telangana - 2026,02-Jan 8am,3571.1775
2192,3,Telangana - 2026,02-Jan 8am,3571.1775
2192,4,Telangana - 2026,02-Jan 8am,3571.1775
2193,1,Telangana - 2026,02-Jan 9am,3499.7225
2193,2,Telangana - 2026,02-Jan 9am,3499.7225
2193,3,Telangana - 2026,02-Jan 9am,3499.7225
2193,4,Telangana - 2026,02-Jan 9am,3499.7225
2194,1,Telangana - 2026,02-Jan 10am,3441.595
2194,2,Telangana - 2026,02-Jan 10am,3441.595
2194,3,Telangana - 2026,02-Jan 10am,3441.595
2194,4,Telangana - 2026,02-Jan 10am,3441.595
2195,1,Telangana - 2026,02-Jan 11am,3424.7675
2195,2,Telangana - 2026,02-Jan 11am,3424.7675
2195,3,Telangana - 2026,02-Jan 11am,3424.7675
2195,4,Telangana - 2026,02-Jan 11am,3424.7675
2196,1,Telangana - 2026,02-Jan 12pm,3487.67
2196,2,Telangana - 2026,02-Jan 12pm,3487.67
2196,3,Telangana - 2026,02-Jan 12pm,3487.67
2196,4,Telangana - 2026,02-Jan 12pm,3487.67
2197,1,Telangana - 2026,02-Jan 1pm,3494.5225
2197,2,Telangana - 2026,02-Jan 1pm,3494.5225
2197,3,Telangana - 2026,02-Jan 1pm,3494.5225
2197,4,Telangana - 2026,02-Jan 1pm,3494.5225
2198,1,Telangana - 2026,02-Jan 2pm,3319.2225
2198,2,Telangana - 2026,02-Jan 2pm,3319.2225
2198,3,Telangana - 2026,02-Jan 2pm,3319.2225
2198,4,Telangana - 2026,02-Jan 2pm,3319.2225
2199,1,Telangana - 2026,02-Jan 3pm,3263.49
2199,2,Telangana - 2026,02-Jan 3pm,3263.49
2199,3,Telangana - 2026,02-Jan 3pm,3263.49
2199,4,Telangana - 2026,02-Jan 3pm,3263.49
2200,1,Telangana - 2026,02-Jan 4pm,3164.9675
2200,2,Telangana - 2026,02-Jan 4pm,3164.9675
2200,3,Telangana - 2026,02-Jan 4pm,3164.9675
2200,4,Telangana - 2026,02-Jan 4pm,3164.9675
2201,1,Telangana - 2026,02-Jan 5pm,2511.62
2201,2,Telangana - 2026,02-Jan 5pm,2511.62
2201,3,Telangana - 2026,02-Jan 5pm,2511.62
2201,4,Telangana - 2026,02-Jan 5pm,2511.62
2202,1,Telangana - 2026,02-Jan 6pm,2106.8975
2202,2,Telangana - 2026,02-Jan 6pm,2106.8975
2202,3,Telangana - 2026,02-Jan 6pm,2106.8975
2202,4,Telangana - 2026,02-Jan 6pm,2106.8975
2203,1,Telangana - 2026,02-Jan 7pm,2025.1375
2203,2,Telangana - 2026,02-Jan 7pm,2025.1375
2203,3,Telangana - 2026,02-Jan 7pm,2025.1375
2203,4,Telangana - 2026,02-Jan 7pm,2025.1375
2204,1,Telangana - 2026,02-Jan 8pm,1893.2875
2204,2,Telangana - 2026,02-Jan 8pm,1893.2875
2204,3,Telangana - 2026,02-Jan 8pm,1893.2875
2204,4,Telangana - 2026,02-Jan 8pm,1893.2875
2205,1,Telangana - 2026,02-Jan 9pm,1796.695
2205,2,Telangana - 2026,02-Jan 9pm,1796.695
2205,3,Telangana - 2026,02-Jan 9pm,1796.695
2205,4,Telangana - 2026,02-Jan 9pm,1796.695
2206,1,Telangana - 2026,02-Jan 10pm,1742.6775
2206,2,Telangana - 2026,02-Jan 10pm,1742.6775
2206,3,Telangana - 2026,02-Jan 10pm,1742.6775
2206,4,Telangana - 2026,02-Jan 10pm,1742.6775
2207,1,Telangana - 2026,02-Jan 11pm,1737.64
2207,2,Telangana - 2026,02-Jan 11pm,1737.64
2207,3,Telangana - 2026,02-Jan 11pm,1737.64
2207,4,Telangana - 2026,02-Jan 11pm,1737.64
2208,1,Telangana - 2026,03-Jan 12am,1808.7725
2208,2,Telangana - 2026,03-Jan 12am,1808.7725
2208,3,Telangana - 2026,03-Jan 12am,1808.7725
2208,4,Telangana - 2026,03-Jan 12am,1808.7725
2209,1,Telangana - 2026,03-Jan 1am,2095.485
2209,2,Telangana - 2026,03-Jan 1am,2095.485
2209,3,Telangana - 2026,03-Jan 1am,2095.485
2209,4,Telangana - 2026,03-Jan 1am,2095.485
2210,1,Telangana - 2026,03-Jan 2am,2132.0475
2210,2,Telangana - 2026,03-Jan 2am,2132.0475
2210,3,Telangana - 2026,03-Jan 2am,2132.0475
2210,4,Telangana - 2026,03-Jan 2am,2132.0475
2211,1,Telangana - 2026,03-Jan 3am,2404.115
2211,2,Telangana - 2026,03-Jan 3am,2404.115
2211,3,Telangana - 2026,03-Jan 3am,2404.115
2211,4,Telangana - 2026,03-Jan 3am,2404.115
2212,1,Telangana - 2026,03-Jan 4am,2507.8125
2212,2,Telangana - 2026,03-Jan 4am,2507.8125
2212,3,Telangana - 2026,03-Jan 4am,2507.8125
2212,4,Telangana - 2026,03-Jan 4am,2507.8125
2213,1,Telangana - 2026,03-Jan 5am,2586.035
2213,2,Telangana - 2026,03-Jan 5am,2586.035
2213,3,Telangana - 2026,03-Jan 5am,2586.035
2213,4,Telangana - 2026,03-Jan 5am,2586.035
2214,1,Telangana - 2026,03-Jan 6am,2685.98
2214,2,Telangana - 2026,03-Jan 6am,2685.98
2214,3,Telangana - 2026,03-Jan 6am,2685.98
2214,4,Telangana - 2026,03-Jan 6am,2685.98
2215,1,Telangana - 2026,03-Jan 7am,3290.36
2215,2,Telangana - 2026,03-Jan 7am,3290.36
2215,3,Telangana - 2026,03-Jan 7am,3290.36
2215,4,Telangana - 2026,03-Jan 7am,3290.36
2216,1,Telangana - 2026,03-Jan 8am,3605.1
2216,2,Telangana - 2026,03-Jan 8am,3605.1
2216,3,Telangana - 2026,03-Jan 8am,3605.1
2216,4,Telangana - 2026,03-Jan 8am,3605.1
2217,1,Telangana - 2026,03-Jan 9am,3504.905
2217,2,Telangana - 2026,03-Jan 9am,3504.905
2217,3,Telangana - 2026,03-Jan 9am,3504.905
2217,4,Telangana - 2026,03-Jan 9am,3504.905
2218,1,Telangana - 2026,03-Jan 10am,3453.1625
2218,2,Telangana - 2026,03-Jan 10am,3453.1625
2218,3,Telangana - 2026,03-Jan 10am,3453.1625
2218,4,Telangana - 2026,03-Jan 10am,3453.1625
2219,1,Telangana - 2026,03-Jan 11am,3370.35
2219,2,Telangana - 2026,03-Jan 11am,3370.35
2219,3,Telangana - 2026,03-Jan 11am,3370.35
2219,4,Telangana - 2026,03-Jan 11am,3370.35
2220,1,Telangana - 2026,03-Jan 12pm,3272.515
2220,2,Telangana - 2026,03-Jan 12pm,3272.515
2220,3,Telangana - 2026,03-Jan 12pm,3272.515
2220,4,Telangana - 2026,03-Jan 12pm,3272.515
2221,1,Telangana - 2026,03-Jan 1pm,3242.5625
2221,2,Telangana - 2026,03-Jan 1pm,3242.5625
2221,3,Telangana - 2026,03-Jan 1pm,3242.5625
2221,4,Telangana - 2026,03-Jan 1pm,3242.5625
2222,1,Telangana - 2026,03-Jan 2pm,3162.895
2222,2,Telangana - 2026,03-Jan 2pm,3162.895
2222,3,Telangana - 2026,03-Jan 2pm,3162.895
2222,4,Telangana - 2026,03-Jan 2pm,3162.895
2223,1,Telangana - 2026,03-Jan 3pm,3235.875
2223,2,Telangana - 2026,03-Jan 3pm,3235.875
2223,3,Telangana - 2026,03-Jan 3pm,3235.875
2223,4,Telangana - 2026,03-Jan 3pm,3235.875
2224,1,Telangana - 2026,03-Jan 4pm,3221.9125
2224,2,Telangana - 2026,03-Jan 4pm,3221.9125
2224,3,Telangana - 2026,03-Jan 4pm,3221.9125
2224,4,Telangana - 2026,03-Jan 4pm,3221.9125
2225,1,Telangana - 2026,03-Jan 5pm,2513.425
2225,2,Telangana - 2026,03-Jan 5pm,2513.425
2225,3,Telangana - 2026,03-Jan 5pm,2513.425
2225,4,Telangana - 2026,03-Jan 5pm,2513.425
2226,1,Telangana - 2026,03-Jan 6pm,2068.11
2226,2,Telangana - 2026,03-Jan 6pm,2068.11
2226,3,Telangana - 2026,03-Jan 6pm,2068.11
2226,4,Telangana - 2026,03-Jan 6pm,2068.11
2227,1,Telangana - 2026,03-Jan 7pm,2024.9025
2227,2,Telangana - 2026,03-Jan 7pm,2024.9025
2227,3,Telangana - 2026,03-Jan 7pm,2024.9025
2227,4,Telangana - 2026,03-Jan 7pm,2024.9025
2228,1,Telangana - 2026,03-Jan 8pm,1905.2375
2228,2,Telangana - 2026,03-Jan 8pm,1905.2375
2228,3,Telangana - 2026,03-Jan 8pm,1905.2375
2228,4,Telangana - 2026,03-Jan 8pm,1905.2375
2229,1,Telangana - 2026,03-Jan 9pm,1812.61
2229,2,Telangana - 2026,03-Jan 9pm,1812.61
2229,3,Telangana - 2026,03-Jan 9pm,1812.61
2229,4,Telangana - 2026,03-Jan 9pm,1812.61
2230,1,Telangana - 2026,03-Jan 10pm,1733.935
2230,2,Telangana - 2026,03-Jan 10pm,1733.935
2230,3,Telangana - 2026,03-Jan 10pm,1733.935
2230,4,Telangana - 2026,03-Jan 10pm,1733.935
2231,1,Telangana - 2026,03-Jan 11pm,1726.82
2231,2,Telangana - 2026,03-Jan 11pm,1726.82
2231,3,Telangana - 2026,03-Jan 11pm,1726.82
2231,4,Telangana - 2026,03-Jan 11pm,1726.82
2232,1,Telangana - 2026,04-Jan 12am,1785.2775
2232,2,Telangana - 2026,04-Jan 12am,1785.2775
2232,3,Telangana - 2026,04-Jan 12am,1785.2775
2232,4,Telangana - 2026,04-Jan 12am,1785.2775
2233,1,Telangana - 2026,04-Jan 1am,2114.9075
2233,2,Telangana - 2026,04-Jan 1am,2114.9075
2233,3,Telangana - 2026,04-Jan 1am,2114.9075
2233,4,Telangana - 2026,04-Jan 1am,2114.9075
2234,1,Telangana - 2026,04-Jan 2am,2162.405
2234,2,Telangana - 2026,04-Jan 2am,2162.405
2234,3,Telangana - 2026,04-Jan 2am,2162.405
2234,4,Telangana - 2026,04-Jan 2am,2162.405
2235,1,Telangana - 2026,04-Jan 3am,2416.8175
2235,2,Telangana - 2026,04-Jan 3am,2416.8175
2235,3,Telangana - 2026,04-Jan 3am,2416.8175
2235,4,Telangana - 2026,04-Jan 3am,2416.8175
2236,1,Telangana - 2026,04-Jan 4am,2516.265
2236,2,Telangana - 2026,04-Jan 4am,2516.265
2236,3,Telangana - 2026,04-Jan 4am,2516.265
2236,4,Telangana - 2026,04-Jan 4am,2516.265
2237,1,Telangana - 2026,04-Jan 5am,2616.4525
2237,2,Telangana - 2026,04-Jan 5am,2616.4525
2237,3,Telangana - 2026,04-Jan 5am,2616.4525
2237,4,Telangana - 2026,04-Jan 5am,2616.4525
2238,1,Telangana - 2026,04-Jan 6am,2668.275
2238,2,Telangana - 2026,04-Jan 6am,2668.275
2238,3,Telangana - 2026,04-Jan 6am,2668.275
2238,4,Telangana - 2026,04-Jan 6am,2668.275
2239,1,Telangana - 2026,04-Jan 7am,3048.95
2239,2,Telangana - 2026,04-Jan 7am,3048.95
2239,3,Telangana - 2026,04-Jan 7am,3048.95
2239,4,Telangana - 2026,04-Jan 7am,3048.95
2240,1,Telangana - 2026,04-Jan 8am,3378.09
2240,2,Telangana - 2026,04-Jan 8am,3378.09
2240,3,Telangana - 2026,04-Jan 8am,3378.09
2240,4,Telangana - 2026,04-Jan 8am,3378.09
2241,1,Telangana - 2026,04-Jan 9am,3500.2625
2241,2,Telangana - 2026,04-Jan 9am,3500.2625
2241,3,Telangana - 2026,04-Jan 9am,3500.2625
2241,4,Telangana - 2026,04-Jan 9am,3500.2625
2242,1,Telangana - 2026,04-Jan 10am,3439.745
2242,2,Telangana - 2026,04-Jan 10am,3439.745
2242,3,Telangana - 2026,04-Jan 10am,3439.745
2242,4,Telangana - 2026,04-Jan 10am,3439.745
2243,1,Telangana - 2026,04-Jan 11am,3350.845
2243,2,Telangana - 2026,04-Jan 11am,3350.845
2243,3,Telangana - 2026,04-Jan 11am,3350.845
2243,4,Telangana - 2026,04-Jan 11am,3350.845
2244,1,Telangana - 2026,04-Jan 12pm,3290.99
2244,2,Telangana - 2026,04-Jan 12pm,3290.99
2244,3,Telangana - 2026,04-Jan 12pm,3290.99
2244,4,Telangana - 2026,04-Jan 12pm,3290.99
2245,1,Telangana - 2026,04-Jan 1pm,3290.69
2245,2,Telangana - 2026,04-Jan 1pm,3290.69
2245,3,Telangana - 2026,04-Jan 1pm,3290.69
2245,4,Telangana - 2026,04-Jan 1pm,3290.69
2246,1,Telangana - 2026,04-Jan 2pm,3183.0025
2246,2,Telangana - 2026,04-Jan 2pm,3183.0025
2246,3,Telangana - 2026,04-Jan 2pm,3183.0025
2246,4,Telangana - 2026,04-Jan 2pm,3183.0025
2247,1,Telangana - 2026,04-Jan 3pm,3143.7825
2247,2,Telangana - 2026,04-Jan 3pm,3143.7825
2247,3,Telangana - 2026,04-Jan 3pm,3143.7825
2247,4,Telangana - 2026,04-Jan 3pm,3143.7825
2248,1,Telangana - 2026,04-Jan 4pm,3097.475
2248,2,Telangana - 2026,04-Jan 4pm,3097.475
2248,3,Telangana - 2026,04-Jan 4pm,3097.475
2248,4,Telangana - 2026,04-Jan 4pm,3097.475
2249,1,Telangana - 2026,04-Jan 5pm,2505.895
2249,2,Telangana - 2026,04-Jan 5pm,2505.895
2249,3,Telangana - 2026,04-Jan 5pm,2505.895
2249,4,Telangana - 2026,04-Jan 5pm,2505.895
2250,1,Telangana - 2026,04-Jan 6pm,2046.5975
2250,2,Telangana - 2026,04-Jan 6pm,2046.5975
2250,3,Telangana - 2026,04-Jan 6pm,2046.5975
2250,4,Telangana - 2026,04-Jan 6pm,2046.5975
2251,1,Telangana - 2026,04-Jan 7pm,2017.88
2251,2,Telangana - 2026,04-Jan 7pm,2017.88
2251,3,Telangana - 2026,04-Jan 7pm,2017.88
2251,4,Telangana - 2026,04-Jan 7pm,2017.88
2252,1,Telangana - 2026,04-Jan 8pm,1863.56
2252,2,Telangana - 2026,04-Jan 8pm,1863.56
2252,3,Telangana - 2026,04-Jan 8pm,1863.56
2252,4,Telangana - 2026,04-Jan 8pm,1863.56
2253,1,Telangana - 2026,04-Jan 9pm,1818.79
2253,2,Telangana - 2026,04-Jan 9pm,1818.79
2253,3,Telangana - 2026,04-Jan 9pm,1818.79
2253,4,Telangana - 2026,04-Jan 9pm,1818.79
2254,1,Telangana - 2026,04-Jan 10pm,1770.1825
2254,2,Telangana - 2026,04-Jan 10pm,1770.1825
2254,3,Telangana - 2026,04-Jan 10pm,1770.1825
2254,4,Telangana - 2026,04-Jan 10pm,1770.1825
2255,1,Telangana - 2026,04-Jan 11pm,1662.1025
2255,2,Telangana - 2026,04-Jan 11pm,1662.1025
2255,3,Telangana - 2026,04-Jan 11pm,1662.1025
2255,4,Telangana - 2026,04-Jan 11pm,1662.1025
2256,1,Telangana - 2026,05-Jan 12am,1696.0325
2256,2,Telangana - 2026,05-Jan 12am,1696.0325
2256,3,Telangana - 2026,05-Jan 12am,1696.0325
2256,4,Telangana - 2026,05-Jan 12am,1696.0325
2257,1,Telangana - 2026,05-Jan 1am,2000.635
2257,2,Telangana - 2026,05-Jan 1am,2000.635
2257,3,Telangana - 2026,05-Jan 1am,2000.635
2257,4,Telangana - 2026,05-Jan 1am,2000.635
2258,1,Telangana - 2026,05-Jan 2am,2063.625
2258,2,Telangana - 2026,05-Jan 2am,2063.625
2258,3,Telangana - 2026,05-Jan 2am,2063.625
2258,4,Telangana - 2026,05-Jan 2am,2063.625
2259,1,Telangana - 2026,05-Jan 3am,2350.0725
2259,2,Telangana - 2026,05-Jan 3am,2350.0725
2259,3,Telangana - 2026,05-Jan 3am,2350.0725
2259,4,Telangana - 2026,05-Jan 3am,2350.0725
2260,1,Telangana - 2026,05-Jan 4am,2439.135
2260,2,Telangana - 2026,05-Jan 4am,2439.135
2260,3,Telangana - 2026,05-Jan 4am,2439.135
2260,4,Telangana - 2026,05-Jan 4am,2439.135
2261,1,Telangana - 2026,05-Jan 5am,2548.2625
2261,2,Telangana - 2026,05-Jan 5am,2548.2625
2261,3,Telangana - 2026,05-Jan 5am,2548.2625
2261,4,Telangana - 2026,05-Jan 5am,2548.2625
2262,1,Telangana - 2026,05-Jan 6am,2703.5775
2262,2,Telangana - 2026,05-Jan 6am,2703.5775
2262,3,Telangana - 2026,05-Jan 6am,2703.5775
2262,4,Telangana - 2026,05-Jan 6am,2703.5775
2263,1,Telangana - 2026,05-Jan 7am,3374.895
2263,2,Telangana - 2026,05-Jan 7am,3374.895
2263,3,Telangana - 2026,05-Jan 7am,3374.895
2263,4,Telangana - 2026,05-Jan 7am,3374.895
2264,1,Telangana - 2026,05-Jan 8am,3690.9675
2264,2,Telangana - 2026,05-Jan 8am,3690.9675
2264,3,Telangana - 2026,05-Jan 8am,3690.9675
2264,4,Telangana - 2026,05-Jan 8am,3690.9675
2265,1,Telangana - 2026,05-Jan 9am,3598.3825
2265,2,Telangana - 2026,05-Jan 9am,3598.3825
2265,3,Telangana - 2026,05-Jan 9am,3598.3825
2265,4,Telangana - 2026,05-Jan 9am,3598.3825
2266,1,Telangana - 2026,05-Jan 10am,3495.655
2266,2,Telangana - 2026,05-Jan 10am,3495.655
2266,3,Telangana - 2026,05-Jan 10am,3495.655
2266,4,Telangana - 2026,05-Jan 10am,3495.655
2267,1,Telangana - 2026,05-Jan 11am,3443.385
2267,2,Telangana - 2026,05-Jan 11am,3443.385
2267,3,Telangana - 2026,05-Jan 11am,3443.385
2267,4,Telangana - 2026,05-Jan 11am,3443.385
2268,1,Telangana - 2026,05-Jan 12pm,3384.79
2268,2,Telangana - 2026,05-Jan 12pm,3384.79
2268,3,Telangana - 2026,05-Jan 12pm,3384.79
2268,4,Telangana - 2026,05-Jan 12pm,3384.79
2269,1,Telangana - 2026,05-Jan 1pm,3303.32
2269,2,Telangana - 2026,05-Jan 1pm,3303.32
2269,3,Telangana - 2026,05-Jan 1pm,3303.32
2269,4,Telangana - 2026,05-Jan 1pm,3303.32
2270,1,Telangana - 2026,05-Jan 2pm,3234.775
2270,2,Telangana - 2026,05-Jan 2pm,3234.775
2270,3,Telangana - 2026,05-Jan 2pm,3234.775
2270,4,Telangana - 2026,05-Jan 2pm,3234.775
2271,1,Telangana - 2026,05-Jan 3pm,3250.505
2271,2,Telangana - 2026,05-Jan 3pm,3250.505
2271,3,Telangana - 2026,05-Jan 3pm,3250.505
2271,4,Telangana - 2026,05-Jan 3pm,3250.505
2272,1,Telangana - 2026,05-Jan 4pm,3283.3625
2272,2,Telangana - 2026,05-Jan 4pm,3283.3625
2272,3,Telangana - 2026,05-Jan 4pm,3283.3625
2272,4,Telangana - 2026,05-Jan 4pm,3283.3625
2273,1,Telangana - 2026,05-Jan 5pm,2552.135
2273,2,Telangana - 2026,05-Jan 5pm,2552.135
2273,3,Telangana - 2026,05-Jan 5pm,2552.135
2273,4,Telangana - 2026,05-Jan 5pm,2552.135
2274,1,Telangana - 2026,05-Jan 6pm,2091.4775
2274,2,Telangana - 2026,05-Jan 6pm,2091.4775
2274,3,Telangana - 2026,05-Jan 6pm,2091.4775
2274,4,Telangana - 2026,05-Jan 6pm,2091.4775
2275,1,Telangana - 2026,05-Jan 7pm,2065.43
2275,2,Telangana - 2026,05-Jan 7pm,2065.43
2275,3,Telangana - 2026,05-Jan 7pm,2065.43
2275,4,Telangana - 2026,05-Jan 7pm,2065.43
2276,1,Telangana - 2026,05-Jan 8pm,1967.915
2276,2,Telangana - 2026,05-Jan 8pm,1967.915
2276,3,Telangana - 2026,05-Jan 8pm,1967.915
2276,4,Telangana - 2026,05-Jan 8pm,1967.915
2277,1,Telangana - 2026,05-Jan 9pm,1833.895
2277,2,Telangana - 2026,05-Jan 9pm,1833.895
2277,3,Telangana - 2026,05-Jan 9pm,1833.895
2277,4,Telangana - 2026,05-Jan 9pm,1833.895
2278,1,Telangana - 2026,05-Jan 10pm,1799.5775
2278,2,Telangana - 2026,05-Jan 10pm,1799.5775
2278,3,Telangana - 2026,05-Jan 10pm,1799.5775
2278,4,Telangana - 2026,05-Jan 10pm,1799.5775
2279,1,Telangana - 2026,05-Jan 11pm,1736.03
2279,2,Telangana - 2026,05-Jan 11pm,1736.03
2279,3,Telangana - 2026,05-Jan 11pm,1736.03
2279,4,Telangana - 2026,05-Jan 11pm,1736.03
2280,1,Telangana - 2026,06-Jan 12am,1755.515
2280,2,Telangana - 2026,06-Jan 12am,1755.515
2280,3,Telangana - 2026,06-Jan 12am,1755.515
2280,4,Telangana - 2026,06-Jan 12am,1755.515
2281,1,Telangana - 2026,06-Jan 1am,2046.035
2281,2,Telangana - 2026,06-Jan 1am,2046.035
2281,3,Telangana - 2026,06-Jan 1am,2046.035
2281,4,Telangana - 2026,06-Jan 1am,2046.035
2282,1,Telangana - 2026,06-Jan 2am,2127.62
2282,2,Telangana - 2026,06-Jan 2am,2127.62
2282,3,Telangana - 2026,06-Jan 2am,2127.62
2282,4,Telangana - 2026,06-Jan 2am,2127.62
2283,1,Telangana - 2026,06-Jan 3am,2407.9575
2283,2,Telangana - 2026,06-Jan 3am,2407.9575
2283,3,Telangana - 2026,06-Jan 3am,2407.9575
2283,4,Telangana - 2026,06-Jan 3am,2407.9575
2284,1,Telangana - 2026,06-Jan 4am,2495.79
2284,2,Telangana - 2026,06-Jan 4am,2495.79
2284,3,Telangana - 2026,06-Jan 4am,2495.79
2284,4,Telangana - 2026,06-Jan 4am,2495.79
2285,1,Telangana - 2026,06-Jan 5am,2528.7025
2285,2,Telangana - 2026,06-Jan 5am,2528.7025
2285,3,Telangana - 2026,06-Jan 5am,2528.7025
2285,4,Telangana - 2026,06-Jan 5am,2528.7025
2286,1,Telangana - 2026,06-Jan 6am,2789.1075
2286,2,Telangana - 2026,06-Jan 6am,2789.1075
2286,3,Telangana - 2026,06-Jan 6am,2789.1075
2286,4,Telangana - 2026,06-Jan 6am,2789.1075
2287,1,Telangana - 2026,06-Jan 7am,3246.625
2287,2,Telangana - 2026,06-Jan 7am,3246.625
2287,3,Telangana - 2026,06-Jan 7am,3246.625
2287,4,Telangana - 2026,06-Jan 7am,3246.625
2288,1,Telangana - 2026,06-Jan 8am,3743.3325
2288,2,Telangana - 2026,06-Jan 8am,3743.3325
2288,3,Telangana - 2026,06-Jan 8am,3743.3325
2288,4,Telangana - 2026,06-Jan 8am,3743.3325
2289,1,Telangana - 2026,06-Jan 9am,3561.175
2289,2,Telangana - 2026,06-Jan 9am,3561.175
2289,3,Telangana - 2026,06-Jan 9am,3561.175
2289,4,Telangana - 2026,06-Jan 9am,3561.175
2290,1,Telangana - 2026,06-Jan 10am,3490.005
2290,2,Telangana - 2026,06-Jan 10am,3490.005
2290,3,Telangana - 2026,06-Jan 10am,3490.005
2290,4,Telangana - 2026,06-Jan 10am,3490.005
2291,1,Telangana - 2026,06-Jan 11am,3461.3375
2291,2,Telangana - 2026,06-Jan 11am,3461.3375
2291,3,Telangana - 2026,06-Jan 11am,3461.3375
2291,4,Telangana - 2026,06-Jan 11am,3461.3375
2292,1,Telangana - 2026,06-Jan 12pm,3418.31
2292,2,Telangana - 2026,06-Jan 12pm,3418.31
2292,3,Telangana - 2026,06-Jan 12pm,3418.31
2292,4,Telangana - 2026,06-Jan 12pm,3418.31
2293,1,Telangana - 2026,06-Jan 1pm,3420.5575
2293,2,Telangana - 2026,06-Jan 1pm,3420.5575
2293,3,Telangana - 2026,06-Jan 1pm,3420.5575
2293,4,Telangana - 2026,06-Jan 1pm,3420.5575
2294,1,Telangana - 2026,06-Jan 2pm,3287.675
2294,2,Telangana - 2026,06-Jan 2pm,3287.675
2294,3,Telangana - 2026,06-Jan 2pm,3287.675
2294,4,Telangana - 2026,06-Jan 2pm,3287.675
2295,1,Telangana - 2026,06-Jan 3pm,3308.09
2295,2,Telangana - 2026,06-Jan 3pm,3308.09
2295,3,Telangana - 2026,06-Jan 3pm,3308.09
2295,4,Telangana - 2026,06-Jan 3pm,3308.09
2296,1,Telangana - 2026,06-Jan 4pm,3340.7625
2296,2,Telangana - 2026,06-Jan 4pm,3340.7625
2296,3,Telangana - 2026,06-Jan 4pm,3340.7625
2296,4,Telangana - 2026,06-Jan 4pm,3340.7625
2297,1,Telangana - 2026,06-Jan 5pm,2645.495
2297,2,Telangana - 2026,06-Jan 5pm,2645.495
2297,3,Telangana - 2026,06-Jan 5pm,2645.495
2297,4,Telangana - 2026,06-Jan 5pm,2645.495
2298,1,Telangana - 2026,06-Jan 6pm,2092.8475
2298,2,Telangana - 2026,06-Jan 6pm,2092.8475
2298,3,Telangana - 2026,06-Jan 6pm,2092.8475
2298,4,Telangana - 2026,06-Jan 6pm,2092.8475
2299,1,Telangana - 2026,06-Jan 7pm,2092.4225
2299,2,Telangana - 2026,06-Jan 7pm,2092.4225
2299,3,Telangana - 2026,06-Jan 7pm,2092.4225
2299,4,Telangana - 2026,06-Jan 7pm,2092.4225
2300,1,Telangana - 2026,06-Jan 8pm,1957.3175
2300,2,Telangana - 2026,06-Jan 8pm,1957.3175
2300,3,Telangana - 2026,06-Jan 8pm,1957.3175
2300,4,Telangana - 2026,06-Jan 8pm,1957.3175
2301,1,Telangana - 2026,06-Jan 9pm,1852.65
2301,2,Telangana - 2026,06-Jan 9pm,1852.65
2301,3,Telangana - 2026,06-Jan 9pm,1852.65
2301,4,Telangana - 2026,06-Jan 9pm,1852.65
2302,1,Telangana - 2026,06-Jan 10pm,1824.69
2302,2,Telangana - 2026,06-Jan 10pm,1824.69
2302,3,Telangana - 2026,06-Jan 10pm,1824.69
2302,4,Telangana - 2026,06-Jan 10pm,1824.69
2303,1,Telangana - 2026,06-Jan 11pm,1761.52
2303,2,Telangana - 2026,06-Jan 11pm,1761.52
2303,3,Telangana - 2026,06-Jan 11pm,1761.52
2303,4,Telangana - 2026,06-Jan 11pm,1761.52
2304,1,Telangana - 2026,07-Jan 12am,1771.585
2304,2,Telangana - 2026,07-Jan 12am,1771.585
2304,3,Telangana - 2026,07-Jan 12am,1771.585
2304,4,Telangana - 2026,07-Jan 12am,1771.585
2305,1,Telangana - 2026,07-Jan 1am,2082.13
2305,2,Telangana - 2026,07-Jan 1am,2082.13
2305,3,Telangana - 2026,07-Jan 1am,2082.13
2305,4,Telangana - 2026,07-Jan 1am,2082.13
2306,1,Telangana - 2026,07-Jan 2am,2172.7825
2306,2,Telangana - 2026,07-Jan 2am,2172.7825
2306,3,Telangana - 2026,07-Jan 2am,2172.7825
2306,4,Telangana - 2026,07-Jan 2am,2172.7825
2307,1,Telangana - 2026,07-Jan 3am,2469.835
2307,2,Telangana - 2026,07-Jan 3am,2469.835
2307,3,Telangana - 2026,07-Jan 3am,2469.835
2307,4,Telangana - 2026,07-Jan 3am,2469.835
2308,1,Telangana - 2026,07-Jan 4am,2581.66
2308,2,Telangana - 2026,07-Jan 4am,2581.66
2308,3,Telangana - 2026,07-Jan 4am,2581.66
2308,4,Telangana - 2026,07-Jan 4am,2581.66
2309,1,Telangana - 2026,07-Jan 5am,2671.3125
2309,2,Telangana - 2026,07-Jan 5am,2671.3125
2309,3,Telangana - 2026,07-Jan 5am,2671.3125
2309,4,Telangana - 2026,07-Jan 5am,2671.3125
2310,1,Telangana - 2026,07-Jan 6am,2778.9025
2310,2,Telangana - 2026,07-Jan 6am,2778.9025
2310,3,Telangana - 2026,07-Jan 6am,2778.9025
2310,4,Telangana - 2026,07-Jan 6am,2778.9025
2311,1,Telangana - 2026,07-Jan 7am,3436.325
2311,2,Telangana - 2026,07-Jan 7am,3436.325
2311,3,Telangana - 2026,07-Jan 7am,3436.325
2311,4,Telangana - 2026,07-Jan 7am,3436.325
2312,1,Telangana - 2026,07-Jan 8am,3705.705
2312,2,Telangana - 2026,07-Jan 8am,3705.705
2312,3,Telangana - 2026,07-Jan 8am,3705.705
2312,4,Telangana - 2026,07-Jan 8am,3705.705
2313,1,Telangana - 2026,07-Jan 9am,3621.83
2313,2,Telangana - 2026,07-Jan 9am,3621.83
2313,3,Telangana - 2026,07-Jan 9am,3621.83
2313,4,Telangana - 2026,07-Jan 9am,3621.83
2314,1,Telangana - 2026,07-Jan 10am,3509.275
2314,2,Telangana - 2026,07-Jan 10am,3509.275
2314,3,Telangana - 2026,07-Jan 10am,3509.275
2314,4,Telangana - 2026,07-Jan 10am,3509.275
2315,1,Telangana - 2026,07-Jan 11am,3420.7025
2315,2,Telangana - 2026,07-Jan 11am,3420.7025
2315,3,Telangana - 2026,07-Jan 11am,3420.7025
2315,4,Telangana - 2026,07-Jan 11am,3420.7025
2316,1,Telangana - 2026,07-Jan 12pm,3435.09
2316,2,Telangana - 2026,07-Jan 12pm,3435.09
2316,3,Telangana - 2026,07-Jan 12pm,3435.09
2316,4,Telangana - 2026,07-Jan 12pm,3435.09
2317,1,Telangana - 2026,07-Jan 1pm,3376.4425
2317,2,Telangana - 2026,07-Jan 1pm,3376.4425
2317,3,Telangana - 2026,07-Jan 1pm,3376.4425
2317,4,Telangana - 2026,07-Jan 1pm,3376.4425
2318,1,Telangana - 2026,07-Jan 2pm,3277.7575
2318,2,Telangana - 2026,07-Jan 2pm,3277.7575
2318,3,Telangana - 2026,07-Jan 2pm,3277.7575
2318,4,Telangana - 2026,07-Jan 2pm,3277.7575
2319,1,Telangana - 2026,07-Jan 3pm,3298.5875
2319,2,Telangana - 2026,07-Jan 3pm,3298.5875
2319,3,Telangana - 2026,07-Jan 3pm,3298.5875
2319,4,Telangana - 2026,07-Jan 3pm,3298.5875
2320,1,Telangana - 2026,07-Jan 4pm,3396.2375
2320,2,Telangana - 2026,07-Jan 4pm,3396.2375
2320,3,Telangana - 2026,07-Jan 4pm,3396.2375
2320,4,Telangana - 2026,07-Jan 4pm,3396.2375
2321,1,Telangana - 2026,07-Jan 5pm,2641.02
2321,2,Telangana - 2026,07-Jan 5pm,2641.02
2321,3,Telangana - 2026,07-Jan 5pm,2641.02
2321,4,Telangana - 2026,07-Jan 5pm,2641.02
2322,1,Telangana - 2026,07-Jan 6pm,2120.78
2322,2,Telangana - 2026,07-Jan 6pm,2120.78
2322,3,Telangana - 2026,07-Jan 6pm,2120.78
2322,4,Telangana - 2026,07-Jan 6pm,2120.78
2323,1,Telangana - 2026,07-Jan 7pm,2077.16
2323,2,Telangana - 2026,07-Jan 7pm,2077.16
2323,3,Telangana - 2026,07-Jan 7pm,2077.16
2323,4,Telangana - 2026,07-Jan 7pm,2077.16
2324,1,Telangana - 2026,07-Jan 8pm,1966.315
2324,2,Telangana - 2026,07-Jan 8pm,1966.315
2324,3,Telangana - 2026,07-Jan 8pm,1966.315
2324,4,Telangana - 2026,07-Jan 8pm,1966.315
2325,1,Telangana - 2026,07-Jan 9pm,1868.7525
2325,2,Telangana - 2026,07-Jan 9pm,1868.7525
2325,3,Telangana - 2026,07-Jan 9pm,1868.7525
2325,4,Telangana - 2026,07-Jan 9pm,1868.7525
2326,1,Telangana - 2026,07-Jan 10pm,1853.24
2326,2,Telangana - 2026,07-Jan 10pm,1853.24
2326,3,Telangana - 2026,07-Jan 10pm,1853.24
2326,4,Telangana - 2026,07-Jan 10pm,1853.24
2327,1,Telangana - 2026,07-Jan 11pm,1767.785
2327,2,Telangana - 2026,07-Jan 11pm,1767.785
2327,3,Telangana - 2026,07-Jan 11pm,1767.785
2327,4,Telangana - 2026,07-Jan 11pm,1767.785
2328,1,Telangana - 2026,08-Jan 12am,1823.3275
2328,2,Telangana - 2026,08-Jan 12am,1823.3275
2328,3,Telangana - 2026,08-Jan 12am,1823.3275
2328,4,Telangana - 2026,08-Jan 12am,1823.3275
2329,1,Telangana - 2026,08-Jan 1am,2143.1675
2329,2,Telangana - 2026,08-Jan 1am,2143.1675
2329,3,Telangana - 2026,08-Jan 1am,2143.1675
2329,4,Telangana - 2026,08-Jan 1am,2143.1675
2330,1,Telangana - 2026,08-Jan 2am,2195.7
2330,2,Telangana - 2026,08-Jan 2am,2195.7
2330,3,Telangana - 2026,08-Jan 2am,2195.7
2330,4,Telangana - 2026,08-Jan 2am,2195.7
2331,1,Telangana - 2026,08-Jan 3am,2482.6675
2331,2,Telangana - 2026,08-Jan 3am,2482.6675
2331,3,Telangana - 2026,08-Jan 3am,2482.6675
2331,4,Telangana - 2026,08-Jan 3am,2482.6675
2332,1,Telangana - 2026,08-Jan 4am,2593.4125
2332,2,Telangana - 2026,08-Jan 4am,2593.4125
2332,3,Telangana - 2026,08-Jan 4am,2593.4125
2332,4,Telangana - 2026,08-Jan 4am,2593.4125
2333,1,Telangana - 2026,08-Jan 5am,2650.1325
2333,2,Telangana - 2026,08-Jan 5am,2650.1325
2333,3,Telangana - 2026,08-Jan 5am,2650.1325
2333,4,Telangana - 2026,08-Jan 5am,2650.1325
2334,1,Telangana - 2026,08-Jan 6am,2785.9525
2334,2,Telangana - 2026,08-Jan 6am,2785.9525
2334,3,Telangana - 2026,08-Jan 6am,2785.9525
2334,4,Telangana - 2026,08-Jan 6am,2785.9525
2335,1,Telangana - 2026,08-Jan 7am,3437.125
2335,2,Telangana - 2026,08-Jan 7am,3437.125
2335,3,Telangana - 2026,08-Jan 7am,3437.125
2335,4,Telangana - 2026,08-Jan 7am,3437.125
2336,1,Telangana - 2026,08-Jan 8am,3769.1775
2336,2,Telangana - 2026,08-Jan 8am,3769.1775
2336,3,Telangana - 2026,08-Jan 8am,3769.1775
2336,4,Telangana - 2026,08-Jan 8am,3769.1775
2337,1,Telangana - 2026,08-Jan 9am,3622.3325
2337,2,Telangana - 2026,08-Jan 9am,3622.3325
2337,3,Telangana - 2026,08-Jan 9am,3622.3325
2337,4,Telangana - 2026,08-Jan 9am,3622.3325
2338,1,Telangana - 2026,08-Jan 10am,3596.805
2338,2,Telangana - 2026,08-Jan 10am,3596.805
2338,3,Telangana - 2026,08-Jan 10am,3596.805
2338,4,Telangana - 2026,08-Jan 10am,3596.805
2339,1,Telangana - 2026,08-Jan 11am,3545.6125
2339,2,Telangana - 2026,08-Jan 11am,3545.6125
2339,3,Telangana - 2026,08-Jan 11am,3545.6125
2339,4,Telangana - 2026,08-Jan 11am,3545.6125
2340,1,Telangana - 2026,08-Jan 12pm,3499.685
2340,2,Telangana - 2026,08-Jan 12pm,3499.685
2340,3,Telangana - 2026,08-Jan 12pm,3499.685
2340,4,Telangana - 2026,08-Jan 12pm,3499.685
2341,1,Telangana - 2026,08-Jan 1pm,3429.18
2341,2,Telangana - 2026,08-Jan 1pm,3429.18
2341,3,Telangana - 2026,08-Jan 1pm,3429.18
2341,4,Telangana - 2026,08-Jan 1pm,3429.18
2342,1,Telangana - 2026,08-Jan 2pm,3374.915
2342,2,Telangana - 2026,08-Jan 2pm,3374.915
2342,3,Telangana - 2026,08-Jan 2pm,3374.915
2342,4,Telangana - 2026,08-Jan 2pm,3374.915
2343,1,Telangana - 2026,08-Jan 3pm,3443.2025
2343,2,Telangana - 2026,08-Jan 3pm,3443.2025
2343,3,Telangana - 2026,08-Jan 3pm,3443.2025
2343,4,Telangana - 2026,08-Jan 3pm,3443.2025
2344,1,Telangana - 2026,08-Jan 4pm,3468.0925
2344,2,Telangana - 2026,08-Jan 4pm,3468.0925
2344,3,Telangana - 2026,08-Jan 4pm,3468.0925
2344,4,Telangana - 2026,08-Jan 4pm,3468.0925
2345,1,Telangana - 2026,08-Jan 5pm,2710.145
2345,2,Telangana - 2026,08-Jan 5pm,2710.145
2345,3,Telangana - 2026,08-Jan 5pm,2710.145
2345,4,Telangana - 2026,08-Jan 5pm,2710.145
2346,1,Telangana - 2026,08-Jan 6pm,2190.6475
2346,2,Telangana - 2026,08-Jan 6pm,2190.6475
2346,3,Telangana - 2026,08-Jan 6pm,2190.6475
2346,4,Telangana - 2026,08-Jan 6pm,2190.6475
2347,1,Telangana - 2026,08-Jan 7pm,2171.895
2347,2,Telangana - 2026,08-Jan 7pm,2171.895
2347,3,Telangana - 2026,08-Jan 7pm,2171.895
2347,4,Telangana - 2026,08-Jan 7pm,2171.895
2348,1,Telangana - 2026,08-Jan 8pm,2023.68
2348,2,Telangana - 2026,08-Jan 8pm,2023.68
2348,3,Telangana - 2026,08-Jan 8pm,2023.68
2348,4,Telangana - 2026,08-Jan 8pm,2023.68
2349,1,Telangana - 2026,08-Jan 9pm,1897.585
2349,2,Telangana - 2026,08-Jan 9pm,1897.585
2349,3,Telangana - 2026,08-Jan 9pm,1897.585
2349,4,Telangana - 2026,08-Jan 9pm,1897.585
2350,1,Telangana - 2026,08-Jan 10pm,1870.045
2350,2,Telangana - 2026,08-Jan 10pm,1870.045
2350,3,Telangana - 2026,08-Jan 10pm,1870.045
2350,4,Telangana - 2026,08-Jan 10pm,1870.045
2351,1,Telangana - 2026,08-Jan 11pm,1819.76
2351,2,Telangana - 2026,08-Jan 11pm,1819.76
2351,3,Telangana - 2026,08-Jan 11pm,1819.76
2351,4,Telangana - 2026,08-Jan 11pm,1819.76
2352,1,Telangana - 2026,09-Jan 12am,1884.1825
2352,2,Telangana - 2026,09-Jan 12am,1884.1825
2352,3,Telangana - 2026,09-Jan 12am,1884.1825
2352,4,Telangana - 2026,09-Jan 12am,1884.1825
2353,1,Telangana - 2026,09-Jan 1am,2196.945
2353,2,Telangana - 2026,09-Jan 1am,2196.945
2353,3,Telangana - 2026,09-Jan 1am,2196.945
2353,4,Telangana - 2026,09-Jan 1am,2196.945
2354,1,Telangana - 2026,09-Jan 2am,2261.23
2354,2,Telangana - 2026,09-Jan 2am,2261.23
2354,3,Telangana - 2026,09-Jan 2am,2261.23
2354,4,Telangana - 2026,09-Jan 2am,2261.23
2355,1,Telangana - 2026,09-Jan 3am,2535.595
2355,2,Telangana - 2026,09-Jan 3am,2535.595
2355,3,Telangana - 2026,09-Jan 3am,2535.595
2355,4,Telangana - 2026,09-Jan 3am,2535.595
2356,1,Telangana - 2026,09-Jan 4am,2644.98
2356,2,Telangana - 2026,09-Jan 4am,2644.98
2356,3,Telangana - 2026,09-Jan 4am,2644.98
2356,4,Telangana - 2026,09-Jan 4am,2644.98
2357,1,Telangana - 2026,09-Jan 5am,2766.3375
2357,2,Telangana - 2026,09-Jan 5am,2766.3375
2357,3,Telangana - 2026,09-Jan 5am,2766.3375
2357,4,Telangana - 2026,09-Jan 5am,2766.3375
2358,1,Telangana - 2026,09-Jan 6am,2895.6425
2358,2,Telangana - 2026,09-Jan 6am,2895.6425
2358,3,Telangana - 2026,09-Jan 6am,2895.6425
2358,4,Telangana - 2026,09-Jan 6am,2895.6425
2359,1,Telangana - 2026,09-Jan 7am,3522.4225
2359,2,Telangana - 2026,09-Jan 7am,3522.4225
2359,3,Telangana - 2026,09-Jan 7am,3522.4225
2359,4,Telangana - 2026,09-Jan 7am,3522.4225
2360,1,Telangana - 2026,09-Jan 8am,3853.8375
2360,2,Telangana - 2026,09-Jan 8am,3853.8375
2360,3,Telangana - 2026,09-Jan 8am,3853.8375
2360,4,Telangana - 2026,09-Jan 8am,3853.8375
2361,1,Telangana - 2026,09-Jan 9am,3751.195
2361,2,Telangana - 2026,09-Jan 9am,3751.195
2361,3,Telangana - 2026,09-Jan 9am,3751.195
2361,4,Telangana - 2026,09-Jan 9am,3751.195
2362,1,Telangana - 2026,09-Jan 10am,3697.13
2362,2,Telangana - 2026,09-Jan 10am,3697.13
2362,3,Telangana - 2026,09-Jan 10am,3697.13
2362,4,Telangana - 2026,09-Jan 10am,3697.13
2363,1,Telangana - 2026,09-Jan 11am,3600.145
2363,2,Telangana - 2026,09-Jan 11am,3600.145
2363,3,Telangana - 2026,09-Jan 11am,3600.145
2363,4,Telangana - 2026,09-Jan 11am,3600.145
2364,1,Telangana - 2026,09-Jan 12pm,3603.88
2364,2,Telangana - 2026,09-Jan 12pm,3603.88
2364,3,Telangana - 2026,09-Jan 12pm,3603.88
2364,4,Telangana - 2026,09-Jan 12pm,3603.88
2365,1,Telangana - 2026,09-Jan 1pm,3560.4025
2365,2,Telangana - 2026,09-Jan 1pm,3560.4025
2365,3,Telangana - 2026,09-Jan 1pm,3560.4025
2365,4,Telangana - 2026,09-Jan 1pm,3560.4025
2366,1,Telangana - 2026,09-Jan 2pm,3497.235
2366,2,Telangana - 2026,09-Jan 2pm,3497.235
2366,3,Telangana - 2026,09-Jan 2pm,3497.235
2366,4,Telangana - 2026,09-Jan 2pm,3497.235
2367,1,Telangana - 2026,09-Jan 3pm,3486.7825
2367,2,Telangana - 2026,09-Jan 3pm,3486.7825
2367,3,Telangana - 2026,09-Jan 3pm,3486.7825
2367,4,Telangana - 2026,09-Jan 3pm,3486.7825
2368,1,Telangana - 2026,09-Jan 4pm,3539.5375
2368,2,Telangana - 2026,09-Jan 4pm,3539.5375
2368,3,Telangana - 2026,09-Jan 4pm,3539.5375
2368,4,Telangana - 2026,09-Jan 4pm,3539.5375
2369,1,Telangana - 2026,09-Jan 5pm,2703.805
2369,2,Telangana - 2026,09-Jan 5pm,2703.805
2369,3,Telangana - 2026,09-Jan 5pm,2703.805
2369,4,Telangana - 2026,09-Jan 5pm,2703.805
2370,1,Telangana - 2026,09-Jan 6pm,2208.905
2370,2,Telangana - 2026,09-Jan 6pm,2208.905
2370,3,Telangana - 2026,09-Jan 6pm,2208.905
2370,4,Telangana - 2026,09-Jan 6pm,2208.905
2371,1,Telangana - 2026,09-Jan 7pm,2175.53
2371,2,Telangana - 2026,09-Jan 7pm,2175.53
2371,3,Telangana - 2026,09-Jan 7pm,2175.53
2371,4,Telangana - 2026,09-Jan 7pm,2175.53
2372,1,Telangana - 2026,09-Jan 8pm,2001.8825
2372,2,Telangana - 2026,09-Jan 8pm,2001.8825
2372,3,Telangana - 2026,09-Jan 8pm,2001.8825
2372,4,Telangana - 2026,09-Jan 8pm,2001.8825
2373,1,Telangana - 2026,09-Jan 9pm,1892.1875
2373,2,Telangana - 2026,09-Jan 9pm,1892.1875
2373,3,Telangana - 2026,09-Jan 9pm,1892.1875
2373,4,Telangana - 2026,09-Jan 9pm,1892.1875
2374,1,Telangana - 2026,09-Jan 10pm,1836.0425
2374,2,Telangana - 2026,09-Jan 10pm,1836.0425
2374,3,Telangana - 2026,09-Jan 10pm,1836.0425
2374,4,Telangana - 2026,09-Jan 10pm,1836.0425
2375,1,Telangana - 2026,09-Jan 11pm,1849.34
2375,2,Telangana - 2026,09-Jan 11pm,1849.34
2375,3,Telangana - 2026,09-Jan 11pm,1849.34
2375,4,Telangana - 2026,09-Jan 11pm,1849.34
2376,1,Telangana - 2026,10-Jan 12am,1876.0175
2376,2,Telangana - 2026,10-Jan 12am,1876.0175
2376,3,Telangana - 2026,10-Jan 12am,1876.0175
2376,4,Telangana - 2026,10-Jan 12am,1876.0175
2377,1,Telangana - 2026,10-Jan 1am,2200.7575
2377,2,Telangana - 2026,10-Jan 1am,2200.7575
2377,3,Telangana - 2026,10-Jan 1am,2200.7575
2377,4,Telangana - 2026,10-Jan 1am,2200.7575
2378,1,Telangana - 2026,10-Jan 2am,2240.4075
2378,2,Telangana - 2026,10-Jan 2am,2240.4075
2378,3,Telangana - 2026,10-Jan 2am,2240.4075
2378,4,Telangana - 2026,10-Jan 2am,2240.4075
2379,1,Telangana - 2026,10-Jan 3am,2529.76
2379,2,Telangana - 2026,10-Jan 3am,2529.76
2379,3,Telangana - 2026,10-Jan 3am,2529.76
2379,4,Telangana - 2026,10-Jan 3am,2529.76
2380,1,Telangana - 2026,10-Jan 4am,2640.2975
2380,2,Telangana - 2026,10-Jan 4am,2640.2975
2380,3,Telangana - 2026,10-Jan 4am,2640.2975
2380,4,Telangana - 2026,10-Jan 4am,2640.2975
2381,1,Telangana - 2026,10-Jan 5am,2731.0175
2381,2,Telangana - 2026,10-Jan 5am,2731.0175
2381,3,Telangana - 2026,10-Jan 5am,2731.0175
2381,4,Telangana - 2026,10-Jan 5am,2731.0175
2382,1,Telangana - 2026,10-Jan 6am,2925.735
2382,2,Telangana - 2026,10-Jan 6am,2925.735
2382,3,Telangana - 2026,10-Jan 6am,2925.735
2382,4,Telangana - 2026,10-Jan 6am,2925.735
2383,1,Telangana - 2026,10-Jan 7am,3344.805
2383,2,Telangana - 2026,10-Jan 7am,3344.805
2383,3,Telangana - 2026,10-Jan 7am,3344.805
2383,4,Telangana - 2026,10-Jan 7am,3344.805
2384,1,Telangana - 2026,10-Jan 8am,3744.82
2384,2,Telangana - 2026,10-Jan 8am,3744.82
2384,3,Telangana - 2026,10-Jan 8am,3744.82
2384,4,Telangana - 2026,10-Jan 8am,3744.82
2385,1,Telangana - 2026,10-Jan 9am,3774.6775
2385,2,Telangana - 2026,10-Jan 9am,3774.6775
2385,3,Telangana - 2026,10-Jan 9am,3774.6775
2385,4,Telangana - 2026,10-Jan 9am,3774.6775
2386,1,Telangana - 2026,10-Jan 10am,3634.4625
2386,2,Telangana - 2026,10-Jan 10am,3634.4625
2386,3,Telangana - 2026,10-Jan 10am,3634.4625
2386,4,Telangana - 2026,10-Jan 10am,3634.4625
2387,1,Telangana - 2026,10-Jan 11am,3476.295
2387,2,Telangana - 2026,10-Jan 11am,3476.295
2387,3,Telangana - 2026,10-Jan 11am,3476.295
2387,4,Telangana - 2026,10-Jan 11am,3476.295
2388,1,Telangana - 2026,10-Jan 12pm,3440.5425
2388,2,Telangana - 2026,10-Jan 12pm,3440.5425
2388,3,Telangana - 2026,10-Jan 12pm,3440.5425
2388,4,Telangana - 2026,10-Jan 12pm,3440.5425
2389,1,Telangana - 2026,10-Jan 1pm,3450.61
2389,2,Telangana - 2026,10-Jan 1pm,3450.61
2389,3,Telangana - 2026,10-Jan 1pm,3450.61
2389,4,Telangana - 2026,10-Jan 1pm,3450.61
2390,1,Telangana - 2026,10-Jan 2pm,3422.72
2390,2,Telangana - 2026,10-Jan 2pm,3422.72
2390,3,Telangana - 2026,10-Jan 2pm,3422.72
2390,4,Telangana - 2026,10-Jan 2pm,3422.72
2391,1,Telangana - 2026,10-Jan 3pm,3407.995
2391,2,Telangana - 2026,10-Jan 3pm,3407.995
2391,3,Telangana - 2026,10-Jan 3pm,3407.995
2391,4,Telangana - 2026,10-Jan 3pm,3407.995
2392,1,Telangana - 2026,10-Jan 4pm,3341.56
2392,2,Telangana - 2026,10-Jan 4pm,3341.56
2392,3,Telangana - 2026,10-Jan 4pm,3341.56
2392,4,Telangana - 2026,10-Jan 4pm,3341.56
2393,1,Telangana - 2026,10-Jan 5pm,2615.135
2393,2,Telangana - 2026,10-Jan 5pm,2615.135
2393,3,Telangana - 2026,10-Jan 5pm,2615.135
2393,4,Telangana - 2026,10-Jan 5pm,2615.135
2394,1,Telangana - 2026,10-Jan 6pm,2116.0725
2394,2,Telangana - 2026,10-Jan 6pm,2116.0725
2394,3,Telangana - 2026,10-Jan 6pm,2116.0725
2394,4,Telangana - 2026,10-Jan 6pm,2116.0725
2395,1,Telangana - 2026,10-Jan 7pm,2034.785
2395,2,Telangana - 2026,10-Jan 7pm,2034.785
2395,3,Telangana - 2026,10-Jan 7pm,2034.785
2395,4,Telangana - 2026,10-Jan 7pm,2034.785
2396,1,Telangana - 2026,10-Jan 8pm,1882.785
2396,2,Telangana - 2026,10-Jan 8pm,1882.785
2396,3,Telangana - 2026,10-Jan 8pm,1882.785
2396,4,Telangana - 2026,10-Jan 8pm,1882.785
2397,1,Telangana - 2026,10-Jan 9pm,1799.5575
2397,2,Telangana - 2026,10-Jan 9pm,1799.5575
2397,3,Telangana - 2026,10-Jan 9pm,1799.5575
2397,4,Telangana - 2026,10-Jan 9pm,1799.5575
2398,1,Telangana - 2026,10-Jan 10pm,1804.7925
2398,2,Telangana - 2026,10-Jan 10pm,1804.7925
2398,3,Telangana - 2026,10-Jan 10pm,1804.7925
2398,4,Telangana - 2026,10-Jan 10pm,1804.7925
2399,1,Telangana - 2026,10-Jan 11pm,1710.665
2399,2,Telangana - 2026,10-Jan 11pm,1710.665
2399,3,Telangana - 2026,10-Jan 11pm,1710.665
2399,4,Telangana - 2026,10-Jan 11pm,1710.665
2400,1,Telangana - 2026,11-Jan 12am,1796.9575
2400,2,Telangana - 2026,11-Jan 12am,1796.9575
2400,3,Telangana - 2026,11-Jan 12am,1796.9575
2400,4,Telangana - 2026,11-Jan 12am,1796.9575
2401,1,Telangana - 2026,11-Jan 1am,2092.88
2401,2,Telangana - 2026,11-Jan 1am,2092.88
2401,3,Telangana - 2026,11-Jan 1am,2092.88
2401,4,Telangana - 2026,11-Jan 1am,2092.88
2402,1,Telangana - 2026,11-Jan 2am,2152.1975
2402,2,Telangana - 2026,11-Jan 2am,2152.1975
2402,3,Telangana - 2026,11-Jan 2am,2152.1975
2402,4,Telangana - 2026,11-Jan 2am,2152.1975
2403,1,Telangana - 2026,11-Jan 3am,2446.2125
2403,2,Telangana - 2026,11-Jan 3am,2446.2125
2403,3,Telangana - 2026,11-Jan 3am,2446.2125
2403,4,Telangana - 2026,11-Jan 3am,2446.2125
2404,1,Telangana - 2026,11-Jan 4am,2565.6525
2404,2,Telangana - 2026,11-Jan 4am,2565.6525
2404,3,Telangana - 2026,11-Jan 4am,2565.6525
2404,4,Telangana - 2026,11-Jan 4am,2565.6525
2405,1,Telangana - 2026,11-Jan 5am,2606.91
2405,2,Telangana - 2026,11-Jan 5am,2606.91
2405,3,Telangana - 2026,11-Jan 5am,2606.91
2405,4,Telangana - 2026,11-Jan 5am,2606.91
2406,1,Telangana - 2026,11-Jan 6am,2799.9325
2406,2,Telangana - 2026,11-Jan 6am,2799.9325
2406,3,Telangana - 2026,11-Jan 6am,2799.9325
2406,4,Telangana - 2026,11-Jan 6am,2799.9325
2407,1,Telangana - 2026,11-Jan 7am,3058.105
2407,2,Telangana - 2026,11-Jan 7am,3058.105
2407,3,Telangana - 2026,11-Jan 7am,3058.105
2407,4,Telangana - 2026,11-Jan 7am,3058.105
2408,1,Telangana - 2026,11-Jan 8am,3462.5725
2408,2,Telangana - 2026,11-Jan 8am,3462.5725
2408,3,Telangana - 2026,11-Jan 8am,3462.5725
2408,4,Telangana - 2026,11-Jan 8am,3462.5725
2409,1,Telangana - 2026,11-Jan 9am,3581.15
2409,2,Telangana - 2026,11-Jan 9am,3581.15
2409,3,Telangana - 2026,11-Jan 9am,3581.15
2409,4,Telangana - 2026,11-Jan 9am,3581.15
2410,1,Telangana - 2026,11-Jan 10am,3532.8225
2410,2,Telangana - 2026,11-Jan 10am,3532.8225
2410,3,Telangana - 2026,11-Jan 10am,3532.8225
2410,4,Telangana - 2026,11-Jan 10am,3532.8225
2411,1,Telangana - 2026,11-Jan 11am,3474.0075
2411,2,Telangana - 2026,11-Jan 11am,3474.0075
2411,3,Telangana - 2026,11-Jan 11am,3474.0075
2411,4,Telangana - 2026,11-Jan 11am,3474.0075
2412,1,Telangana - 2026,11-Jan 12pm,3469.1775
2412,2,Telangana - 2026,11-Jan 12pm,3469.1775
2412,3,Telangana - 2026,11-Jan 12pm,3469.1775
2412,4,Telangana - 2026,11-Jan 12pm,3469.1775
2413,1,Telangana - 2026,11-Jan 1pm,3438.5725
2413,2,Telangana - 2026,11-Jan 1pm,3438.5725
2413,3,Telangana - 2026,11-Jan 1pm,3438.5725
2413,4,Telangana - 2026,11-Jan 1pm,3438.5725
2414,1,Telangana - 2026,11-Jan 2pm,3355.585
2414,2,Telangana - 2026,11-Jan 2pm,3355.585
2414,3,Telangana - 2026,11-Jan 2pm,3355.585
2414,4,Telangana - 2026,11-Jan 2pm,3355.585
2415,1,Telangana - 2026,11-Jan 3pm,3325.9475
2415,2,Telangana - 2026,11-Jan 3pm,3325.9475
2415,3,Telangana - 2026,11-Jan 3pm,3325.9475
2415,4,Telangana - 2026,11-Jan 3pm,3325.9475
2416,1,Telangana - 2026,11-Jan 4pm,3313.4475
2416,2,Telangana - 2026,11-Jan 4pm,3313.4475
2416,3,Telangana - 2026,11-Jan 4pm,3313.4475
2416,4,Telangana - 2026,11-Jan 4pm,3313.4475
2417,1,Telangana - 2026,11-Jan 5pm,2442.9
2417,2,Telangana - 2026,11-Jan 5pm,2442.9
2417,3,Telangana - 2026,11-Jan 5pm,2442.9
2417,4,Telangana - 2026,11-Jan 5pm,2442.9
2418,1,Telangana - 2026,11-Jan 6pm,1922.54
2418,2,Telangana - 2026,11-Jan 6pm,1922.54
2418,3,Telangana - 2026,11-Jan 6pm,1922.54
2418,4,Telangana - 2026,11-Jan 6pm,1922.54
2419,1,Telangana - 2026,11-Jan 7pm,1909.635
2419,2,Telangana - 2026,11-Jan 7pm,1909.635
2419,3,Telangana - 2026,11-Jan 7pm,1909.635
2419,4,Telangana - 2026,11-Jan 7pm,1909.635
2420,1,Telangana - 2026,11-Jan 8pm,1777.7975
2420,2,Telangana - 2026,11-Jan 8pm,1777.7975
2420,3,Telangana - 2026,11-Jan 8pm,1777.7975
2420,4,Telangana - 2026,11-Jan 8pm,1777.7975
2421,1,Telangana - 2026,11-Jan 9pm,1747.4075
2421,2,Telangana - 2026,11-Jan 9pm,1747.4075
2421,3,Telangana - 2026,11-Jan 9pm,1747.4075
2421,4,Telangana - 2026,11-Jan 9pm,1747.4075
2422,1,Telangana - 2026,11-Jan 10pm,1746.29
2422,2,Telangana - 2026,11-Jan 10pm,1746.29
2422,3,Telangana - 2026,11-Jan 10pm,1746.29
2422,4,Telangana - 2026,11-Jan 10pm,1746.29
2423,1,Telangana - 2026,11-Jan 11pm,1639.895
2423,2,Telangana - 2026,11-Jan 11pm,1639.895
2423,3,Telangana - 2026,11-Jan 11pm,1639.895
2423,4,Telangana - 2026,11-Jan 11pm,1639.895
2424,1,Telangana - 2026,12-Jan 12am,1666.15
2424,2,Telangana - 2026,12-Jan 12am,1666.15
2424,3,Telangana - 2026,12-Jan 12am,1666.15
2424,4,Telangana - 2026,12-Jan 12am,1666.15
2425,1,Telangana - 2026,12-Jan 1am,1960.0925
2425,2,Telangana - 2026,12-Jan 1am,1960.0925
2425,3,Telangana - 2026,12-Jan 1am,1960.0925
2425,4,Telangana - 2026,12-Jan 1am,1960.0925
2426,1,Telangana - 2026,12-Jan 2am,2047.7275
2426,2,Telangana - 2026,12-Jan 2am,2047.7275
2426,3,Telangana - 2026,12-Jan 2am,2047.7275
2426,4,Telangana - 2026,12-Jan 2am,2047.7275
2427,1,Telangana - 2026,12-Jan 3am,2341.4475
2427,2,Telangana - 2026,12-Jan 3am,2341.4475
2427,3,Telangana - 2026,12-Jan 3am,2341.4475
2427,4,Telangana - 2026,12-Jan 3am,2341.4475
2428,1,Telangana - 2026,12-Jan 4am,2462.1575
2428,2,Telangana - 2026,12-Jan 4am,2462.1575
2428,3,Telangana - 2026,12-Jan 4am,2462.1575
2428,4,Telangana - 2026,12-Jan 4am,2462.1575
2429,1,Telangana - 2026,12-Jan 5am,2555.4175
2429,2,Telangana - 2026,12-Jan 5am,2555.4175
2429,3,Telangana - 2026,12-Jan 5am,2555.4175
2429,4,Telangana - 2026,12-Jan 5am,2555.4175
2430,1,Telangana - 2026,12-Jan 6am,2791.3975
2430,2,Telangana - 2026,12-Jan 6am,2791.3975
2430,3,Telangana - 2026,12-Jan 6am,2791.3975
2430,4,Telangana - 2026,12-Jan 6am,2791.3975
2431,1,Telangana - 2026,12-Jan 7am,3187.6825
2431,2,Telangana - 2026,12-Jan 7am,3187.6825
2431,3,Telangana - 2026,12-Jan 7am,3187.6825
2431,4,Telangana - 2026,12-Jan 7am,3187.6825
2432,1,Telangana - 2026,12-Jan 8am,3624.0725
2432,2,Telangana - 2026,12-Jan 8am,3624.0725
2432,3,Telangana - 2026,12-Jan 8am,3624.0725
2432,4,Telangana - 2026,12-Jan 8am,3624.0725
2433,1,Telangana - 2026,12-Jan 9am,3798.3425
2433,2,Telangana - 2026,12-Jan 9am,3798.3425
2433,3,Telangana - 2026,12-Jan 9am,3798.3425
2433,4,Telangana - 2026,12-Jan 9am,3798.3425
2434,1,Telangana - 2026,12-Jan 10am,3690.85
2434,2,Telangana - 2026,12-Jan 10am,3690.85
2434,3,Telangana - 2026,12-Jan 10am,3690.85
2434,4,Telangana - 2026,12-Jan 10am,3690.85
2435,1,Telangana - 2026,12-Jan 11am,3644.4175
2435,2,Telangana - 2026,12-Jan 11am,3644.4175
2435,3,Telangana - 2026,12-Jan 11am,3644.4175
2435,4,Telangana - 2026,12-Jan 11am,3644.4175
2436,1,Telangana - 2026,12-Jan 12pm,3591.8825
2436,2,Telangana - 2026,12-Jan 12pm,3591.8825
2436,3,Telangana - 2026,12-Jan 12pm,3591.8825
2436,4,Telangana - 2026,12-Jan 12pm,3591.8825
2437,1,Telangana - 2026,12-Jan 1pm,3463.825
2437,2,Telangana - 2026,12-Jan 1pm,3463.825
2437,3,Telangana - 2026,12-Jan 1pm,3463.825
2437,4,Telangana - 2026,12-Jan 1pm,3463.825
2438,1,Telangana - 2026,12-Jan 2pm,3384.44
2438,2,Telangana - 2026,12-Jan 2pm,3384.44
2438,3,Telangana - 2026,12-Jan 2pm,3384.44
2438,4,Telangana - 2026,12-Jan 2pm,3384.44
2439,1,Telangana - 2026,12-Jan 3pm,3362.515
2439,2,Telangana - 2026,12-Jan 3pm,3362.515
2439,3,Telangana - 2026,12-Jan 3pm,3362.515
2439,4,Telangana - 2026,12-Jan 3pm,3362.515
2440,1,Telangana - 2026,12-Jan 4pm,3341.2475
2440,2,Telangana - 2026,12-Jan 4pm,3341.2475
2440,3,Telangana - 2026,12-Jan 4pm,3341.2475
2440,4,Telangana - 2026,12-Jan 4pm,3341.2475
2441,1,Telangana - 2026,12-Jan 5pm,2569.475
2441,2,Telangana - 2026,12-Jan 5pm,2569.475
2441,3,Telangana - 2026,12-Jan 5pm,2569.475
2441,4,Telangana - 2026,12-Jan 5pm,2569.475
2442,1,Telangana - 2026,12-Jan 6pm,2076.95
2442,2,Telangana - 2026,12-Jan 6pm,2076.95
2442,3,Telangana - 2026,12-Jan 6pm,2076.95
2442,4,Telangana - 2026,12-Jan 6pm,2076.95
2443,1,Telangana - 2026,12-Jan 7pm,2052.1075
2443,2,Telangana - 2026,12-Jan 7pm,2052.1075
2443,3,Telangana - 2026,12-Jan 7pm,2052.1075
2443,4,Telangana - 2026,12-Jan 7pm,2052.1075
2444,1,Telangana - 2026,12-Jan 8pm,1921.1875
2444,2,Telangana - 2026,12-Jan 8pm,1921.1875
2444,3,Telangana - 2026,12-Jan 8pm,1921.1875
2444,4,Telangana - 2026,12-Jan 8pm,1921.1875
2445,1,Telangana - 2026,12-Jan 9pm,1811.63
2445,2,Telangana - 2026,12-Jan 9pm,1811.63
2445,3,Telangana - 2026,12-Jan 9pm,1811.63
2445,4,Telangana - 2026,12-Jan 9pm,1811.63
2446,1,Telangana - 2026,12-Jan 10pm,1843.4875
2446,2,Telangana - 2026,12-Jan 10pm,1843.4875
2446,3,Telangana - 2026,12-Jan 10pm,1843.4875
2446,4,Telangana - 2026,12-Jan 10pm,1843.4875
2447,1,Telangana - 2026,12-Jan 11pm,1730.0725
2447,2,Telangana - 2026,12-Jan 11pm,1730.0725
2447,3,Telangana - 2026,12-Jan 11pm,1730.0725
2447,4,Telangana - 2026,12-Jan 11pm,1730.0725
2448,1,Telangana - 2026,13-Jan 12am,1794.0025
2448,2,Telangana - 2026,13-Jan 12am,1794.0025
2448,3,Telangana - 2026,13-Jan 12am,1794.0025
2448,4,Telangana - 2026,13-Jan 12am,1794.0025
2449,1,Telangana - 2026,13-Jan 1am,2111.9875
2449,2,Telangana - 2026,13-Jan 1am,2111.9875
2449,3,Telangana - 2026,13-Jan 1am,2111.9875
2449,4,Telangana - 2026,13-Jan 1am,2111.9875
2450,1,Telangana - 2026,13-Jan 2am,2153.6075
2450,2,Telangana - 2026,13-Jan 2am,2153.6075
2450,3,Telangana - 2026,13-Jan 2am,2153.6075
2450,4,Telangana - 2026,13-Jan 2am,2153.6075
2451,1,Telangana - 2026,13-Jan 3am,2445.5525
2451,2,Telangana - 2026,13-Jan 3am,2445.5525
2451,3,Telangana - 2026,13-Jan 3am,2445.5525
2451,4,Telangana - 2026,13-Jan 3am,2445.5525
2452,1,Telangana - 2026,13-Jan 4am,2567.63
2452,2,Telangana - 2026,13-Jan 4am,2567.63
2452,3,Telangana - 2026,13-Jan 4am,2567.63
2452,4,Telangana - 2026,13-Jan 4am,2567.63
2453,1,Telangana - 2026,13-Jan 5am,2659.68
2453,2,Telangana - 2026,13-Jan 5am,2659.68
2453,3,Telangana - 2026,13-Jan 5am,2659.68
2453,4,Telangana - 2026,13-Jan 5am,2659.68
2454,1,Telangana - 2026,13-Jan 6am,2771.85
2454,2,Telangana - 2026,13-Jan 6am,2771.85
2454,3,Telangana - 2026,13-Jan 6am,2771.85
2454,4,Telangana - 2026,13-Jan 6am,2771.85
2455,1,Telangana - 2026,13-Jan 7am,3156.92
2455,2,Telangana - 2026,13-Jan 7am,3156.92
2455,3,Telangana - 2026,13-Jan 7am,3156.92
2455,4,Telangana - 2026,13-Jan 7am,3156.92
2456,1,Telangana - 2026,13-Jan 8am,3650.6425
2456,2,Telangana - 2026,13-Jan 8am,3650.6425
2456,3,Telangana - 2026,13-Jan 8am,3650.6425
2456,4,Telangana - 2026,13-Jan 8am,3650.6425
2457,1,Telangana - 2026,13-Jan 9am,3731.35
2457,2,Telangana - 2026,13-Jan 9am,3731.35
2457,3,Telangana - 2026,13-Jan 9am,3731.35
2457,4,Telangana - 2026,13-Jan 9am,3731.35
2458,1,Telangana - 2026,13-Jan 10am,3731.6425
2458,2,Telangana - 2026,13-Jan 10am,3731.6425
2458,3,Telangana - 2026,13-Jan 10am,3731.6425
2458,4,Telangana - 2026,13-Jan 10am,3731.6425
2459,1,Telangana - 2026,13-Jan 11am,3694.245
2459,2,Telangana - 2026,13-Jan 11am,3694.245
2459,3,Telangana - 2026,13-Jan 11am,3694.245
2459,4,Telangana - 2026,13-Jan 11am,3694.245
2460,1,Telangana - 2026,13-Jan 12pm,3550.4125
2460,2,Telangana - 2026,13-Jan 12pm,3550.4125
2460,3,Telangana - 2026,13-Jan 12pm,3550.4125
2460,4,Telangana - 2026,13-Jan 12pm,3550.4125
2461,1,Telangana - 2026,13-Jan 1pm,3494.1375
2461,2,Telangana - 2026,13-Jan 1pm,3494.1375
2461,3,Telangana - 2026,13-Jan 1pm,3494.1375
2461,4,Telangana - 2026,13-Jan 1pm,3494.1375
2462,1,Telangana - 2026,13-Jan 2pm,3402.9075
2462,2,Telangana - 2026,13-Jan 2pm,3402.9075
2462,3,Telangana - 2026,13-Jan 2pm,3402.9075
2462,4,Telangana - 2026,13-Jan 2pm,3402.9075
2463,1,Telangana - 2026,13-Jan 3pm,3488.0
2463,2,Telangana - 2026,13-Jan 3pm,3488.0
2463,3,Telangana - 2026,13-Jan 3pm,3488.0
2463,4,Telangana - 2026,13-Jan 3pm,3488.0
2464,1,Telangana - 2026,13-Jan 4pm,3447.25
2464,2,Telangana - 2026,13-Jan 4pm,3447.25
2464,3,Telangana - 2026,13-Jan 4pm,3447.25
2464,4,Telangana - 2026,13-Jan 4pm,3447.25
2465,1,Telangana - 2026,13-Jan 5pm,2647.785
2465,2,Telangana - 2026,13-Jan 5pm,2647.785
2465,3,Telangana - 2026,13-Jan 5pm,2647.785
2465,4,Telangana - 2026,13-Jan 5pm,2647.785
2466,1,Telangana - 2026,13-Jan 6pm,1883.9125
2466,2,Telangana - 2026,13-Jan 6pm,1883.9125
2466,3,Telangana - 2026,13-Jan 6pm,1883.9125
2466,4,Telangana - 2026,13-Jan 6pm,1883.9125
2467,1,Telangana - 2026,13-Jan 7pm,2056.6775
2467,2,Telangana - 2026,13-Jan 7pm,2056.6775
2467,3,Telangana - 2026,13-Jan 7pm,2056.6775
2467,4,Telangana - 2026,13-Jan 7pm,2056.6775
2468,1,Telangana - 2026,13-Jan 8pm,1936.1275
2468,2,Telangana - 2026,13-Jan 8pm,1936.1275
2468,3,Telangana - 2026,13-Jan 8pm,1936.1275
2468,4,Telangana - 2026,13-Jan 8pm,1936.1275
2469,1,Telangana - 2026,13-Jan 9pm,1850.465
2469,2,Telangana - 2026,13-Jan 9pm,1850.465
2469,3,Telangana - 2026,13-Jan 9pm,1850.465
2469,4,Telangana - 2026,13-Jan 9pm,1850.465
2470,1,Telangana - 2026,13-Jan 10pm,1782.83
2470,2,Telangana - 2026,13-Jan 10pm,1782.83
2470,3,Telangana - 2026,13-Jan 10pm,1782.83
2470,4,Telangana - 2026,13-Jan 10pm,1782.83
2471,1,Telangana - 2026,13-Jan 11pm,1820.95
2471,2,Telangana - 2026,13-Jan 11pm,1820.95
2471,3,Telangana - 2026,13-Jan 11pm,1820.95
2471,4,Telangana - 2026,13-Jan 11pm,1820.95
2472,1,Telangana - 2026,14-Jan 12am,1895.09
2472,2,Telangana - 2026,14-Jan 12am,1895.09
2472,3,Telangana - 2026,14-Jan 12am,1895.09
2472,4,Telangana - 2026,14-Jan 12am,1895.09
2473,1,Telangana - 2026,14-Jan 1am,2225.645
2473,2,Telangana - 2026,14-Jan 1am,2225.645
2473,3,Telangana - 2026,14-Jan 1am,2225.645
2473,4,Telangana - 2026,14-Jan 1am,2225.645
2474,1,Telangana - 2026,14-Jan 2am,2289.8475
2474,2,Telangana - 2026,14-Jan 2am,2289.8475
2474,3,Telangana - 2026,14-Jan 2am,2289.8475
2474,4,Telangana - 2026,14-Jan 2am,2289.8475
2475,1,Telangana - 2026,14-Jan 3am,2569.5925
2475,2,Telangana - 2026,14-Jan 3am,2569.5925
2475,3,Telangana - 2026,14-Jan 3am,2569.5925
2475,4,Telangana - 2026,14-Jan 3am,2569.5925
2476,1,Telangana - 2026,14-Jan 4am,2680.15
2476,2,Telangana - 2026,14-Jan 4am,2680.15
2476,3,Telangana - 2026,14-Jan 4am,2680.15
2476,4,Telangana - 2026,14-Jan 4am,2680.15
2477,1,Telangana - 2026,14-Jan 5am,2778.325
2477,2,Telangana - 2026,14-Jan 5am,2778.325
2477,3,Telangana - 2026,14-Jan 5am,2778.325
2477,4,Telangana - 2026,14-Jan 5am,2778.325
2478,1,Telangana - 2026,14-Jan 6am,2820.4375
2478,2,Telangana - 2026,14-Jan 6am,2820.4375
2478,3,Telangana - 2026,14-Jan 6am,2820.4375
2478,4,Telangana - 2026,14-Jan 6am,2820.4375
2479,1,Telangana - 2026,14-Jan 7am,3253.7375
2479,2,Telangana - 2026,14-Jan 7am,3253.7375
2479,3,Telangana - 2026,14-Jan 7am,3253.7375
2479,4,Telangana - 2026,14-Jan 7am,3253.7375
2480,1,Telangana - 2026,14-Jan 8am,3670.57
2480,2,Telangana - 2026,14-Jan 8am,3670.57
2480,3,Telangana - 2026,14-Jan 8am,3670.57
2480,4,Telangana - 2026,14-Jan 8am,3670.57
2481,1,Telangana - 2026,14-Jan 9am,3794.885
2481,2,Telangana - 2026,14-Jan 9am,3794.885
2481,3,Telangana - 2026,14-Jan 9am,3794.885
2481,4,Telangana - 2026,14-Jan 9am,3794.885
2482,1,Telangana - 2026,14-Jan 10am,3741.08
2482,2,Telangana - 2026,14-Jan 10am,3741.08
2482,3,Telangana - 2026,14-Jan 10am,3741.08
2482,4,Telangana - 2026,14-Jan 10am,3741.08
2483,1,Telangana - 2026,14-Jan 11am,3701.13
2483,2,Telangana - 2026,14-Jan 11am,3701.13
2483,3,Telangana - 2026,14-Jan 11am,3701.13
2483,4,Telangana - 2026,14-Jan 11am,3701.13
2484,1,Telangana - 2026,14-Jan 12pm,3621.65
2484,2,Telangana - 2026,14-Jan 12pm,3621.65
2484,3,Telangana - 2026,14-Jan 12pm,3621.65
2484,4,Telangana - 2026,14-Jan 12pm,3621.65
2485,1,Telangana - 2026,14-Jan 1pm,3500.0275
2485,2,Telangana - 2026,14-Jan 1pm,3500.0275
2485,3,Telangana - 2026,14-Jan 1pm,3500.0275
2485,4,Telangana - 2026,14-Jan 1pm,3500.0275
2486,1,Telangana - 2026,14-Jan 2pm,3387.0575
2486,2,Telangana - 2026,14-Jan 2pm,3387.0575
2486,3,Telangana - 2026,14-Jan 2pm,3387.0575
2486,4,Telangana - 2026,14-Jan 2pm,3387.0575
2487,1,Telangana - 2026,14-Jan 3pm,3396.975
2487,2,Telangana - 2026,14-Jan 3pm,3396.975
2487,3,Telangana - 2026,14-Jan 3pm,3396.975
2487,4,Telangana - 2026,14-Jan 3pm,3396.975
2488,1,Telangana - 2026,14-Jan 4pm,3383.02
2488,2,Telangana - 2026,14-Jan 4pm,3383.02
2488,3,Telangana - 2026,14-Jan 4pm,3383.02
2488,4,Telangana - 2026,14-Jan 4pm,3383.02
2489,1,Telangana - 2026,14-Jan 5pm,2602.2075
2489,2,Telangana - 2026,14-Jan 5pm,2602.2075
2489,3,Telangana - 2026,14-Jan 5pm,2602.2075
2489,4,Telangana - 2026,14-Jan 5pm,2602.2075
2490,1,Telangana - 2026,14-Jan 6pm,1963.95
2490,2,Telangana - 2026,14-Jan 6pm,1963.95
2490,3,Telangana - 2026,14-Jan 6pm,1963.95
2490,4,Telangana - 2026,14-Jan 6pm,1963.95
2491,1,Telangana - 2026,14-Jan 7pm,1947.5875
2491,2,Telangana - 2026,14-Jan 7pm,1947.5875
2491,3,Telangana - 2026,14-Jan 7pm,1947.5875
2491,4,Telangana - 2026,14-Jan 7pm,1947.5875
2492,1,Telangana - 2026,14-Jan 8pm,1851.945
2492,2,Telangana - 2026,14-Jan 8pm,1851.945
2492,3,Telangana - 2026,14-Jan 8pm,1851.945
2492,4,Telangana - 2026,14-Jan 8pm,1851.945
2493,1,Telangana - 2026,14-Jan 9pm,1764.1225
2493,2,Telangana - 2026,14-Jan 9pm,1764.1225
2493,3,Telangana - 2026,14-Jan 9pm,1764.1225
2493,4,Telangana - 2026,14-Jan 9pm,1764.1225
2494,1,Telangana - 2026,14-Jan 10pm,1770.4825
2494,2,Telangana - 2026,14-Jan 10pm,1770.4825
2494,3,Telangana - 2026,14-Jan 10pm,1770.4825
2494,4,Telangana - 2026,14-Jan 10pm,1770.4825
2495,1,Telangana - 2026,14-Jan 11pm,1786.35
2495,2,Telangana - 2026,14-Jan 11pm,1786.35
2495,3,Telangana - 2026,14-Jan 11pm,1786.35
2495,4,Telangana - 2026,14-Jan 11pm,1786.35
2496,1,Telangana - 2026,15-Jan 12am,1825.655
2496,2,Telangana - 2026,15-Jan 12am,1825.655
2496,3,Telangana - 2026,15-Jan 12am,1825.655
2496,4,Telangana - 2026,15-Jan 12am,1825.655
2497,1,Telangana - 2026,15-Jan 1am,2143.18
2497,2,Telangana - 2026,15-Jan 1am,2143.18
2497,3,Telangana - 2026,15-Jan 1am,2143.18
2497,4,Telangana - 2026,15-Jan 1am,2143.18
2498,1,Telangana - 2026,15-Jan 2am,2221.75
2498,2,Telangana - 2026,15-Jan 2am,2221.75
2498,3,Telangana - 2026,15-Jan 2am,2221.75
2498,4,Telangana - 2026,15-Jan 2am,2221.75
2499,1,Telangana - 2026,15-Jan 3am,2503.51
2499,2,Telangana - 2026,15-Jan 3am,2503.51
2499,3,Telangana - 2026,15-Jan 3am,2503.51
2499,4,Telangana - 2026,15-Jan 3am,2503.51
2500,1,Telangana - 2026,15-Jan 4am,2595.285
2500,2,Telangana - 2026,15-Jan 4am,2595.285
2500,3,Telangana - 2026,15-Jan 4am,2595.285
2500,4,Telangana - 2026,15-Jan 4am,2595.285
2501,1,Telangana - 2026,15-Jan 5am,2704.5525
2501,2,Telangana - 2026,15-Jan 5am,2704.5525
2501,3,Telangana - 2026,15-Jan 5am,2704.5525
2501,4,Telangana - 2026,15-Jan 5am,2704.5525
2502,1,Telangana - 2026,15-Jan 6am,2722.83
2502,2,Telangana - 2026,15-Jan 6am,2722.83
2502,3,Telangana - 2026,15-Jan 6am,2722.83
2502,4,Telangana - 2026,15-Jan 6am,2722.83
2503,1,Telangana - 2026,15-Jan 7am,3059.46
2503,2,Telangana - 2026,15-Jan 7am,3059.46
2503,3,Telangana - 2026,15-Jan 7am,3059.46
2503,4,Telangana - 2026,15-Jan 7am,3059.46
2504,1,Telangana - 2026,15-Jan 8am,3429.3275
2504,2,Telangana - 2026,15-Jan 8am,3429.3275
2504,3,Telangana - 2026,15-Jan 8am,3429.3275
2504,4,Telangana - 2026,15-Jan 8am,3429.3275
2505,1,Telangana - 2026,15-Jan 9am,3556.5075
2505,2,Telangana - 2026,15-Jan 9am,3556.5075
2505,3,Telangana - 2026,15-Jan 9am,3556.5075
2505,4,Telangana - 2026,15-Jan 9am,3556.5075
2506,1,Telangana - 2026,15-Jan 10am,3527.3925
2506,2,Telangana - 2026,15-Jan 10am,3527.3925
2506,3,Telangana - 2026,15-Jan 10am,3527.3925
2506,4,Telangana - 2026,15-Jan 10am,3527.3925
2507,1,Telangana - 2026,15-Jan 11am,3469.0825
2507,2,Telangana - 2026,15-Jan 11am,3469.0825
2507,3,Telangana - 2026,15-Jan 11am,3469.0825
2507,4,Telangana - 2026,15-Jan 11am,3469.0825
2508,1,Telangana - 2026,15-Jan 12pm,3537.24
2508,2,Telangana - 2026,15-Jan 12pm,3537.24
2508,3,Telangana - 2026,15-Jan 12pm,3537.24
2508,4,Telangana - 2026,15-Jan 12pm,3537.24
2509,1,Telangana - 2026,15-Jan 1pm,3439.1025
2509,2,Telangana - 2026,15-Jan 1pm,3439.1025
2509,3,Telangana - 2026,15-Jan 1pm,3439.1025
2509,4,Telangana - 2026,15-Jan 1pm,3439.1025
2510,1,Telangana - 2026,15-Jan 2pm,3355.8725
2510,2,Telangana - 2026,15-Jan 2pm,3355.8725
2510,3,Telangana - 2026,15-Jan 2pm,3355.8725
2510,4,Telangana - 2026,15-Jan 2pm,3355.8725
2511,1,Telangana - 2026,15-Jan 3pm,3341.1025
2511,2,Telangana - 2026,15-Jan 3pm,3341.1025
2511,3,Telangana - 2026,15-Jan 3pm,3341.1025
2511,4,Telangana - 2026,15-Jan 3pm,3341.1025
2512,1,Telangana - 2026,15-Jan 4pm,3316.92
2512,2,Telangana - 2026,15-Jan 4pm,3316.92
2512,3,Telangana - 2026,15-Jan 4pm,3316.92
2512,4,Telangana - 2026,15-Jan 4pm,3316.92
2513,1,Telangana - 2026,15-Jan 5pm,2461.7625
2513,2,Telangana - 2026,15-Jan 5pm,2461.7625
2513,3,Telangana - 2026,15-Jan 5pm,2461.7625
2513,4,Telangana - 2026,15-Jan 5pm,2461.7625
2514,1,Telangana - 2026,15-Jan 6pm,1784.9825
2514,2,Telangana - 2026,15-Jan 6pm,1784.9825
2514,3,Telangana - 2026,15-Jan 6pm,1784.9825
2514,4,Telangana - 2026,15-Jan 6pm,1784.9825
2515,1,Telangana - 2026,15-Jan 7pm,1799.8825
2515,2,Telangana - 2026,15-Jan 7pm,1799.8825
2515,3,Telangana - 2026,15-Jan 7pm,1799.8825
2515,4,Telangana - 2026,15-Jan 7pm,1799.8825
2516,1,Telangana - 2026,15-Jan 8pm,1719.975
2516,2,Telangana - 2026,15-Jan 8pm,1719.975
2516,3,Telangana - 2026,15-Jan 8pm,1719.975
2516,4,Telangana - 2026,15-Jan 8pm,1719.975
2517,1,Telangana - 2026,15-Jan 9pm,1695.1575
2517,2,Telangana - 2026,15-Jan 9pm,1695.1575
2517,3,Telangana - 2026,15-Jan 9pm,1695.1575
2517,4,Telangana - 2026,15-Jan 9pm,1695.1575
2518,1,Telangana - 2026,15-Jan 10pm,1739.87
2518,2,Telangana - 2026,15-Jan 10pm,1739.87
2518,3,Telangana - 2026,15-Jan 10pm,1739.87
2518,4,Telangana - 2026,15-Jan 10pm,1739.87
2519,1,Telangana - 2026,15-Jan 11pm,1733.155
2519,2,Telangana - 2026,15-Jan 11pm,1733.155
2519,3,Telangana - 2026,15-Jan 11pm,1733.155
2519,4,Telangana - 2026,15-Jan 11pm,1733.155
2520,1,Telangana - 2026,16-Jan 12am,1786.5075
2520,2,Telangana - 2026,16-Jan 12am,1786.5075
2520,3,Telangana - 2026,16-Jan 12am,1786.5075
2520,4,Telangana - 2026,16-Jan 12am,1786.5075
2521,1,Telangana - 2026,16-Jan 1am,2116.7475
2521,2,Telangana - 2026,16-Jan 1am,2116.7475
2521,3,Telangana - 2026,16-Jan 1am,2116.7475
2521,4,Telangana - 2026,16-Jan 1am,2116.7475
2522,1,Telangana - 2026,16-Jan 2am,2170.6
2522,2,Telangana - 2026,16-Jan 2am,2170.6
2522,3,Telangana - 2026,16-Jan 2am,2170.6
2522,4,Telangana - 2026,16-Jan 2am,2170.6
2523,1,Telangana - 2026,16-Jan 3am,2461.795
2523,2,Telangana - 2026,16-Jan 3am,2461.795
2523,3,Telangana - 2026,16-Jan 3am,2461.795
2523,4,Telangana - 2026,16-Jan 3am,2461.795
2524,1,Telangana - 2026,16-Jan 4am,2580.4675
2524,2,Telangana - 2026,16-Jan 4am,2580.4675
2524,3,Telangana - 2026,16-Jan 4am,2580.4675
2524,4,Telangana - 2026,16-Jan 4am,2580.4675
2525,1,Telangana - 2026,16-Jan 5am,2660.1125
2525,2,Telangana - 2026,16-Jan 5am,2660.1125
2525,3,Telangana - 2026,16-Jan 5am,2660.1125
2525,4,Telangana - 2026,16-Jan 5am,2660.1125
2526,1,Telangana - 2026,16-Jan 6am,2643.235
2526,2,Telangana - 2026,16-Jan 6am,2643.235
2526,3,Telangana - 2026,16-Jan 6am,2643.235
2526,4,Telangana - 2026,16-Jan 6am,2643.235
2527,1,Telangana - 2026,16-Jan 7am,3052.405
2527,2,Telangana - 2026,16-Jan 7am,3052.405
2527,3,Telangana - 2026,16-Jan 7am,3052.405
2527,4,Telangana - 2026,16-Jan 7am,3052.405
2528,1,Telangana - 2026,16-Jan 8am,3396.755
2528,2,Telangana - 2026,16-Jan 8am,3396.755
2528,3,Telangana - 2026,16-Jan 8am,3396.755
2528,4,Telangana - 2026,16-Jan 8am,3396.755
2529,1,Telangana - 2026,16-Jan 9am,3628.1275
2529,2,Telangana - 2026,16-Jan 9am,3628.1275
2529,3,Telangana - 2026,16-Jan 9am,3628.1275
2529,4,Telangana - 2026,16-Jan 9am,3628.1275
2530,1,Telangana - 2026,16-Jan 10am,3612.44
2530,2,Telangana - 2026,16-Jan 10am,3612.44
2530,3,Telangana - 2026,16-Jan 10am,3612.44
2530,4,Telangana - 2026,16-Jan 10am,3612.44
2531,1,Telangana - 2026,16-Jan 11am,3643.28
2531,2,Telangana - 2026,16-Jan 11am,3643.28
2531,3,Telangana - 2026,16-Jan 11am,3643.28
2531,4,Telangana - 2026,16-Jan 11am,3643.28
2532,1,Telangana - 2026,16-Jan 12pm,3620.965
2532,2,Telangana - 2026,16-Jan 12pm,3620.965
2532,3,Telangana - 2026,16-Jan 12pm,3620.965
2532,4,Telangana - 2026,16-Jan 12pm,3620.965
2533,1,Telangana - 2026,16-Jan 1pm,3561.53
2533,2,Telangana - 2026,16-Jan 1pm,3561.53
2533,3,Telangana - 2026,16-Jan 1pm,3561.53
2533,4,Telangana - 2026,16-Jan 1pm,3561.53
2534,1,Telangana - 2026,16-Jan 2pm,3424.8225
2534,2,Telangana - 2026,16-Jan 2pm,3424.8225
2534,3,Telangana - 2026,16-Jan 2pm,3424.8225
2534,4,Telangana - 2026,16-Jan 2pm,3424.8225
2535,1,Telangana - 2026,16-Jan 3pm,3429.1025
2535,2,Telangana - 2026,16-Jan 3pm,3429.1025
2535,3,Telangana - 2026,16-Jan 3pm,3429.1025
2535,4,Telangana - 2026,16-Jan 3pm,3429.1025
2536,1,Telangana - 2026,16-Jan 4pm,3434.395
2536,2,Telangana - 2026,16-Jan 4pm,3434.395
2536,3,Telangana - 2026,16-Jan 4pm,3434.395
2536,4,Telangana - 2026,16-Jan 4pm,3434.395
2537,1,Telangana - 2026,16-Jan 5pm,2646.09
2537,2,Telangana - 2026,16-Jan 5pm,2646.09
2537,3,Telangana - 2026,16-Jan 5pm,2646.09
2537,4,Telangana - 2026,16-Jan 5pm,2646.09
2538,1,Telangana - 2026,16-Jan 6pm,1982.9
2538,2,Telangana - 2026,16-Jan 6pm,1982.9
2538,3,Telangana - 2026,16-Jan 6pm,1982.9
2538,4,Telangana - 2026,16-Jan 6pm,1982.9
2539,1,Telangana - 2026,16-Jan 7pm,2011.6275
2539,2,Telangana - 2026,16-Jan 7pm,2011.6275
2539,3,Telangana - 2026,16-Jan 7pm,2011.6275
2539,4,Telangana - 2026,16-Jan 7pm,2011.6275
2540,1,Telangana - 2026,16-Jan 8pm,1907.6125
2540,2,Telangana - 2026,16-Jan 8pm,1907.6125
2540,3,Telangana - 2026,16-Jan 8pm,1907.6125
2540,4,Telangana - 2026,16-Jan 8pm,1907.6125
2541,1,Telangana - 2026,16-Jan 9pm,1841.1525
2541,2,Telangana - 2026,16-Jan 9pm,1841.1525
2541,3,Telangana - 2026,16-Jan 9pm,1841.1525
2541,4,Telangana - 2026,16-Jan 9pm,1841.1525
2542,1,Telangana - 2026,16-Jan 10pm,1886.2175
2542,2,Telangana - 2026,16-Jan 10pm,1886.2175
2542,3,Telangana - 2026,16-Jan 10pm,1886.2175
2542,4,Telangana - 2026,16-Jan 10pm,1886.2175
2543,1,Telangana - 2026,16-Jan 11pm,1831.74
2543,2,Telangana - 2026,16-Jan 11pm,1831.74
2543,3,Telangana - 2026,16-Jan 11pm,1831.74
2543,4,Telangana - 2026,16-Jan 11pm,1831.74
2544,1,Telangana - 2026,17-Jan 12am,1889.965
2544,2,Telangana - 2026,17-Jan 12am,1889.965
2544,3,Telangana - 2026,17-Jan 12am,1889.965
2544,4,Telangana - 2026,17-Jan 12am,1889.965
2545,1,Telangana - 2026,17-Jan 1am,2189.82
2545,2,Telangana - 2026,17-Jan 1am,2189.82
2545,3,Telangana - 2026,17-Jan 1am,2189.82
2545,4,Telangana - 2026,17-Jan 1am,2189.82
2546,1,Telangana - 2026,17-Jan 2am,2263.945
2546,2,Telangana - 2026,17-Jan 2am,2263.945
2546,3,Telangana - 2026,17-Jan 2am,2263.945
2546,4,Telangana - 2026,17-Jan 2am,2263.945
2547,1,Telangana - 2026,17-Jan 3am,2567.95
2547,2,Telangana - 2026,17-Jan 3am,2567.95
2547,3,Telangana - 2026,17-Jan 3am,2567.95
2547,4,Telangana - 2026,17-Jan 3am,2567.95
2548,1,Telangana - 2026,17-Jan 4am,2690.4075
2548,2,Telangana - 2026,17-Jan 4am,2690.4075
2548,3,Telangana - 2026,17-Jan 4am,2690.4075
2548,4,Telangana - 2026,17-Jan 4am,2690.4075
2549,1,Telangana - 2026,17-Jan 5am,2746.3775
2549,2,Telangana - 2026,17-Jan 5am,2746.3775
2549,3,Telangana - 2026,17-Jan 5am,2746.3775
2549,4,Telangana - 2026,17-Jan 5am,2746.3775
2550,1,Telangana - 2026,17-Jan 6am,2955.765
2550,2,Telangana - 2026,17-Jan 6am,2955.765
2550,3,Telangana - 2026,17-Jan 6am,2955.765
2550,4,Telangana - 2026,17-Jan 6am,2955.765
2551,1,Telangana - 2026,17-Jan 7am,3213.3625
2551,2,Telangana - 2026,17-Jan 7am,3213.3625
2551,3,Telangana - 2026,17-Jan 7am,3213.3625
2551,4,Telangana - 2026,17-Jan 7am,3213.3625
2552,1,Telangana - 2026,17-Jan 8am,3596.8375
2552,2,Telangana - 2026,17-Jan 8am,3596.8375
2552,3,Telangana - 2026,17-Jan 8am,3596.8375
2552,4,Telangana - 2026,17-Jan 8am,3596.8375
2553,1,Telangana - 2026,17-Jan 9am,3650.4175
2553,2,Telangana - 2026,17-Jan 9am,3650.4175
2553,3,Telangana - 2026,17-Jan 9am,3650.4175
2553,4,Telangana - 2026,17-Jan 9am,3650.4175
2554,1,Telangana - 2026,17-Jan 10am,3583.0425
2554,2,Telangana - 2026,17-Jan 10am,3583.0425
2554,3,Telangana - 2026,17-Jan 10am,3583.0425
2554,4,Telangana - 2026,17-Jan 10am,3583.0425
2555,1,Telangana - 2026,17-Jan 11am,3553.9025
2555,2,Telangana - 2026,17-Jan 11am,3553.9025
2555,3,Telangana - 2026,17-Jan 11am,3553.9025
2555,4,Telangana - 2026,17-Jan 11am,3553.9025
2556,1,Telangana - 2026,17-Jan 12pm,3538.635
2556,2,Telangana - 2026,17-Jan 12pm,3538.635
2556,3,Telangana - 2026,17-Jan 12pm,3538.635
2556,4,Telangana - 2026,17-Jan 12pm,3538.635
2557,1,Telangana - 2026,17-Jan 1pm,3435.52
2557,2,Telangana - 2026,17-Jan 1pm,3435.52
2557,3,Telangana - 2026,17-Jan 1pm,3435.52
2557,4,Telangana - 2026,17-Jan 1pm,3435.52
2558,1,Telangana - 2026,17-Jan 2pm,3374.485
2558,2,Telangana - 2026,17-Jan 2pm,3374.485
2558,3,Telangana - 2026,17-Jan 2pm,3374.485
2558,4,Telangana - 2026,17-Jan 2pm,3374.485
2559,1,Telangana - 2026,17-Jan 3pm,3381.0075
2559,2,Telangana - 2026,17-Jan 3pm,3381.0075
2559,3,Telangana - 2026,17-Jan 3pm,3381.0075
2559,4,Telangana - 2026,17-Jan 3pm,3381.0075
2560,1,Telangana - 2026,17-Jan 4pm,3345.285
2560,2,Telangana - 2026,17-Jan 4pm,3345.285
2560,3,Telangana - 2026,17-Jan 4pm,3345.285
2560,4,Telangana - 2026,17-Jan 4pm,3345.285
2561,1,Telangana - 2026,17-Jan 5pm,2651.89
2561,2,Telangana - 2026,17-Jan 5pm,2651.89
2561,3,Telangana - 2026,17-Jan 5pm,2651.89
2561,4,Telangana - 2026,17-Jan 5pm,2651.89
2562,1,Telangana - 2026,17-Jan 6pm,2056.1475
2562,2,Telangana - 2026,17-Jan 6pm,2056.1475
2562,3,Telangana - 2026,17-Jan 6pm,2056.1475
2562,4,Telangana - 2026,17-Jan 6pm,2056.1475
2563,1,Telangana - 2026,17-Jan 7pm,2057.1725
2563,2,Telangana - 2026,17-Jan 7pm,2057.1725
2563,3,Telangana - 2026,17-Jan 7pm,2057.1725
2563,4,Telangana - 2026,17-Jan 7pm,2057.1725
2564,1,Telangana - 2026,17-Jan 8pm,1960.7825
2564,2,Telangana - 2026,17-Jan 8pm,1960.7825
2564,3,Telangana - 2026,17-Jan 8pm,1960.7825
2564,4,Telangana - 2026,17-Jan 8pm,1960.7825
2565,1,Telangana - 2026,17-Jan 9pm,1825.4525
2565,2,Telangana - 2026,17-Jan 9pm,1825.4525
2565,3,Telangana - 2026,17-Jan 9pm,1825.4525
2565,4,Telangana - 2026,17-Jan 9pm,1825.4525
2566,1,Telangana - 2026,17-Jan 10pm,1788.85
2566,2,Telangana - 2026,17-Jan 10pm,1788.85
2566,3,Telangana - 2026,17-Jan 10pm,1788.85
2566,4,Telangana - 2026,17-Jan 10pm,1788.85
2567,1,Telangana - 2026,17-Jan 11pm,1806.14
2567,2,Telangana - 2026,17-Jan 11pm,1806.14
2567,3,Telangana - 2026,17-Jan 11pm,1806.14
2567,4,Telangana - 2026,17-Jan 11pm,1806.14
2568,1,Telangana - 2026,18-Jan 12am,1915.175
2568,2,Telangana - 2026,18-Jan 12am,1915.175
2568,3,Telangana - 2026,18-Jan 12am,1915.175
2568,4,Telangana - 2026,18-Jan 12am,1915.175
2569,1,Telangana - 2026,18-Jan 1am,2251.5775
2569,2,Telangana - 2026,18-Jan 1am,2251.5775
2569,3,Telangana - 2026,18-Jan 1am,2251.5775
2569,4,Telangana - 2026,18-Jan 1am,2251.5775
2570,1,Telangana - 2026,18-Jan 2am,2330.4725
2570,2,Telangana - 2026,18-Jan 2am,2330.4725
2570,3,Telangana - 2026,18-Jan 2am,2330.4725
2570,4,Telangana - 2026,18-Jan 2am,2330.4725
2571,1,Telangana - 2026,18-Jan 3am,2638.25
2571,2,Telangana - 2026,18-Jan 3am,2638.25
2571,3,Telangana - 2026,18-Jan 3am,2638.25
2571,4,Telangana - 2026,18-Jan 3am,2638.25
2572,1,Telangana - 2026,18-Jan 4am,2706.27
2572,2,Telangana - 2026,18-Jan 4am,2706.27
2572,3,Telangana - 2026,18-Jan 4am,2706.27
2572,4,Telangana - 2026,18-Jan 4am,2706.27
2573,1,Telangana - 2026,18-Jan 5am,2793.7475
2573,2,Telangana - 2026,18-Jan 5am,2793.7475
2573,3,Telangana - 2026,18-Jan 5am,2793.7475
2573,4,Telangana - 2026,18-Jan 5am,2793.7475
2574,1,Telangana - 2026,18-Jan 6am,2782.1775
2574,2,Telangana - 2026,18-Jan 6am,2782.1775
2574,3,Telangana - 2026,18-Jan 6am,2782.1775
2574,4,Telangana - 2026,18-Jan 6am,2782.1775
2575,1,Telangana - 2026,18-Jan 7am,3171.37
2575,2,Telangana - 2026,18-Jan 7am,3171.37
2575,3,Telangana - 2026,18-Jan 7am,3171.37
2575,4,Telangana - 2026,18-Jan 7am,3171.37
2576,1,Telangana - 2026,18-Jan 8am,3552.61
2576,2,Telangana - 2026,18-Jan 8am,3552.61
2576,3,Telangana - 2026,18-Jan 8am,3552.61
2576,4,Telangana - 2026,18-Jan 8am,3552.61
2577,1,Telangana - 2026,18-Jan 9am,3601.135
2577,2,Telangana - 2026,18-Jan 9am,3601.135
2577,3,Telangana - 2026,18-Jan 9am,3601.135
2577,4,Telangana - 2026,18-Jan 9am,3601.135
2578,1,Telangana - 2026,18-Jan 10am,3674.5325
2578,2,Telangana - 2026,18-Jan 10am,3674.5325
2578,3,Telangana - 2026,18-Jan 10am,3674.5325
2578,4,Telangana - 2026,18-Jan 10am,3674.5325
2579,1,Telangana - 2026,18-Jan 11am,3675.3075
2579,2,Telangana - 2026,18-Jan 11am,3675.3075
2579,3,Telangana - 2026,18-Jan 11am,3675.3075
2579,4,Telangana - 2026,18-Jan 11am,3675.3075
2580,1,Telangana - 2026,18-Jan 12pm,3578.2875
2580,2,Telangana - 2026,18-Jan 12pm,3578.2875
2580,3,Telangana - 2026,18-Jan 12pm,3578.2875
2580,4,Telangana - 2026,18-Jan 12pm,3578.2875
2581,1,Telangana - 2026,18-Jan 1pm,3507.7075
2581,2,Telangana - 2026,18-Jan 1pm,3507.7075
2581,3,Telangana - 2026,18-Jan 1pm,3507.7075
2581,4,Telangana - 2026,18-Jan 1pm,3507.7075
2582,1,Telangana - 2026,18-Jan 2pm,3448.5025
2582,2,Telangana - 2026,18-Jan 2pm,3448.5025
2582,3,Telangana - 2026,18-Jan 2pm,3448.5025
2582,4,Telangana - 2026,18-Jan 2pm,3448.5025
2583,1,Telangana - 2026,18-Jan 3pm,3431.5375
2583,2,Telangana - 2026,18-Jan 3pm,3431.5375
2583,3,Telangana - 2026,18-Jan 3pm,3431.5375
2583,4,Telangana - 2026,18-Jan 3pm,3431.5375
2584,1,Telangana - 2026,18-Jan 4pm,3371.935
2584,2,Telangana - 2026,18-Jan 4pm,3371.935
2584,3,Telangana - 2026,18-Jan 4pm,3371.935
2584,4,Telangana - 2026,18-Jan 4pm,3371.935
2585,1,Telangana - 2026,18-Jan 5pm,2570.84
2585,2,Telangana - 2026,18-Jan 5pm,2570.84
2585,3,Telangana - 2026,18-Jan 5pm,2570.84
2585,4,Telangana - 2026,18-Jan 5pm,2570.84
2586,1,Telangana - 2026,18-Jan 6pm,1910.1725
2586,2,Telangana - 2026,18-Jan 6pm,1910.1725
2586,3,Telangana - 2026,18-Jan 6pm,1910.1725
2586,4,Telangana - 2026,18-Jan 6pm,1910.1725
2587,1,Telangana - 2026,18-Jan 7pm,1963.5525
2587,2,Telangana - 2026,18-Jan 7pm,1963.5525
2587,3,Telangana - 2026,18-Jan 7pm,1963.5525
2587,4,Telangana - 2026,18-Jan 7pm,1963.5525
2588,1,Telangana - 2026,18-Jan 8pm,1831.52
2588,2,Telangana - 2026,18-Jan 8pm,1831.52
2588,3,Telangana - 2026,18-Jan 8pm,1831.52
2588,4,Telangana - 2026,18-Jan 8pm,1831.52
2589,1,Telangana - 2026,18-Jan 9pm,1776.595
2589,2,Telangana - 2026,18-Jan 9pm,1776.595
2589,3,Telangana - 2026,18-Jan 9pm,1776.595
2589,4,Telangana - 2026,18-Jan 9pm,1776.595
2590,1,Telangana - 2026,18-Jan 10pm,1777.71
2590,2,Telangana - 2026,18-Jan 10pm,1777.71
2590,3,Telangana - 2026,18-Jan 10pm,1777.71
2590,4,Telangana - 2026,18-Jan 10pm,1777.71
2591,1,Telangana - 2026,18-Jan 11pm,1730.69
2591,2,Telangana - 2026,18-Jan 11pm,1730.69
2591,3,Telangana - 2026,18-Jan 11pm,1730.69
2591,4,Telangana - 2026,18-Jan 11pm,1730.69
2592,1,Telangana - 2026,19-Jan 12am,1804.67
2592,2,Telangana - 2026,19-Jan 12am,1804.67
2592,3,Telangana - 2026,19-Jan 12am,1804.67
2592,4,Telangana - 2026,19-Jan 12am,1804.67
2593,1,Telangana - 2026,19-Jan 1am,2128.555
2593,2,Telangana - 2026,19-Jan 1am,2128.555
2593,3,Telangana - 2026,19-Jan 1am,2128.555
2593,4,Telangana - 2026,19-Jan 1am,2128.555
2594,1,Telangana - 2026,19-Jan 2am,2222.1975
2594,2,Telangana - 2026,19-Jan 2am,2222.1975
2594,3,Telangana - 2026,19-Jan 2am,2222.1975
2594,4,Telangana - 2026,19-Jan 2am,2222.1975
2595,1,Telangana - 2026,19-Jan 3am,2496.57
2595,2,Telangana - 2026,19-Jan 3am,2496.57
2595,3,Telangana - 2026,19-Jan 3am,2496.57
2595,4,Telangana - 2026,19-Jan 3am,2496.57
2596,1,Telangana - 2026,19-Jan 4am,2641.2875
2596,2,Telangana - 2026,19-Jan 4am,2641.2875
2596,3,Telangana - 2026,19-Jan 4am,2641.2875
2596,4,Telangana - 2026,19-Jan 4am,2641.2875
2597,1,Telangana - 2026,19-Jan 5am,2733.7225
2597,2,Telangana - 2026,19-Jan 5am,2733.7225
2597,3,Telangana - 2026,19-Jan 5am,2733.7225
2597,4,Telangana - 2026,19-Jan 5am,2733.7225
2598,1,Telangana - 2026,19-Jan 6am,2856.17
2598,2,Telangana - 2026,19-Jan 6am,2856.17
2598,3,Telangana - 2026,19-Jan 6am,2856.17
2598,4,Telangana - 2026,19-Jan 6am,2856.17
2599,1,Telangana - 2026,19-Jan 7am,3473.5325
2599,2,Telangana - 2026,19-Jan 7am,3473.5325
2599,3,Telangana - 2026,19-Jan 7am,3473.5325
2599,4,Telangana - 2026,19-Jan 7am,3473.5325
2600,1,Telangana - 2026,19-Jan 8am,3833.14
2600,2,Telangana - 2026,19-Jan 8am,3833.14
2600,3,Telangana - 2026,19-Jan 8am,3833.14
2600,4,Telangana - 2026,19-Jan 8am,3833.14
2601,1,Telangana - 2026,19-Jan 9am,3743.26
2601,2,Telangana - 2026,19-Jan 9am,3743.26
2601,3,Telangana - 2026,19-Jan 9am,3743.26
2601,4,Telangana - 2026,19-Jan 9am,3743.26
2602,1,Telangana - 2026,19-Jan 10am,3641.39
2602,2,Telangana - 2026,19-Jan 10am,3641.39
2602,3,Telangana - 2026,19-Jan 10am,3641.39
2602,4,Telangana - 2026,19-Jan 10am,3641.39
2603,1,Telangana - 2026,19-Jan 11am,3623.955
2603,2,Telangana - 2026,19-Jan 11am,3623.955
2603,3,Telangana - 2026,19-Jan 11am,3623.955
2603,4,Telangana - 2026,19-Jan 11am,3623.955
2604,1,Telangana - 2026,19-Jan 12pm,3603.1775
2604,2,Telangana - 2026,19-Jan 12pm,3603.1775
2604,3,Telangana - 2026,19-Jan 12pm,3603.1775
2604,4,Telangana - 2026,19-Jan 12pm,3603.1775
2605,1,Telangana - 2026,19-Jan 1pm,3503.5675
2605,2,Telangana - 2026,19-Jan 1pm,3503.5675
2605,3,Telangana - 2026,19-Jan 1pm,3503.5675
2605,4,Telangana - 2026,19-Jan 1pm,3503.5675
2606,1,Telangana - 2026,19-Jan 2pm,3449.1775
2606,2,Telangana - 2026,19-Jan 2pm,3449.1775
2606,3,Telangana - 2026,19-Jan 2pm,3449.1775
2606,4,Telangana - 2026,19-Jan 2pm,3449.1775
2607,1,Telangana - 2026,19-Jan 3pm,3451.8225
2607,2,Telangana - 2026,19-Jan 3pm,3451.8225
2607,3,Telangana - 2026,19-Jan 3pm,3451.8225
2607,4,Telangana - 2026,19-Jan 3pm,3451.8225
2608,1,Telangana - 2026,19-Jan 4pm,3402.0125
2608,2,Telangana - 2026,19-Jan 4pm,3402.0125
2608,3,Telangana - 2026,19-Jan 4pm,3402.0125
2608,4,Telangana - 2026,19-Jan 4pm,3402.0125
2609,1,Telangana - 2026,19-Jan 5pm,2669.61
2609,2,Telangana - 2026,19-Jan 5pm,2669.61
2609,3,Telangana - 2026,19-Jan 5pm,2669.61
2609,4,Telangana - 2026,19-Jan 5pm,2669.61
2610,1,Telangana - 2026,19-Jan 6pm,2210.92
2610,2,Telangana - 2026,19-Jan 6pm,2210.92
2610,3,Telangana - 2026,19-Jan 6pm,2210.92
2610,4,Telangana - 2026,19-Jan 6pm,2210.92
2611,1,Telangana - 2026,19-Jan 7pm,2196.3625
2611,2,Telangana - 2026,19-Jan 7pm,2196.3625
2611,3,Telangana - 2026,19-Jan 7pm,2196.3625
2611,4,Telangana - 2026,19-Jan 7pm,2196.3625
2612,1,Telangana - 2026,19-Jan 8pm,2062.4475
2612,2,Telangana - 2026,19-Jan 8pm,2062.4475
2612,3,Telangana - 2026,19-Jan 8pm,2062.4475
2612,4,Telangana - 2026,19-Jan 8pm,2062.4475
2613,1,Telangana - 2026,19-Jan 9pm,1962.7225
2613,2,Telangana - 2026,19-Jan 9pm,1962.7225
2613,3,Telangana - 2026,19-Jan 9pm,1962.7225
2613,4,Telangana - 2026,19-Jan 9pm,1962.7225
2614,1,Telangana - 2026,19-Jan 10pm,2004.2225
2614,2,Telangana - 2026,19-Jan 10pm,2004.2225
2614,3,Telangana - 2026,19-Jan 10pm,2004.2225
2614,4,Telangana - 2026,19-Jan 10pm,2004.2225
2615,1,Telangana - 2026,19-Jan 11pm,1907.0125
2615,2,Telangana - 2026,19-Jan 11pm,1907.0125
2615,3,Telangana - 2026,19-Jan 11pm,1907.0125
2615,4,Telangana - 2026,19-Jan 11pm,1907.0125
2616,1,Telangana - 2026,20-Jan 12am,1950.1375
2616,2,Telangana - 2026,20-Jan 12am,1950.1375
2616,3,Telangana - 2026,20-Jan 12am,1950.1375
2616,4,Telangana - 2026,20-Jan 12am,1950.1375
2617,1,Telangana - 2026,20-Jan 1am,2270.7375
2617,2,Telangana - 2026,20-Jan 1am,2270.7375
2617,3,Telangana - 2026,20-Jan 1am,2270.7375
2617,4,Telangana - 2026,20-Jan 1am,2270.7375
2618,1,Telangana - 2026,20-Jan 2am,2362.6075
2618,2,Telangana - 2026,20-Jan 2am,2362.6075
2618,3,Telangana - 2026,20-Jan 2am,2362.6075
2618,4,Telangana - 2026,20-Jan 2am,2362.6075
2619,1,Telangana - 2026,20-Jan 3am,2680.62
2619,2,Telangana - 2026,20-Jan 3am,2680.62
2619,3,Telangana - 2026,20-Jan 3am,2680.62
2619,4,Telangana - 2026,20-Jan 3am,2680.62
2620,1,Telangana - 2026,20-Jan 4am,2800.9275
2620,2,Telangana - 2026,20-Jan 4am,2800.9275
2620,3,Telangana - 2026,20-Jan 4am,2800.9275
2620,4,Telangana - 2026,20-Jan 4am,2800.9275
2621,1,Telangana - 2026,20-Jan 5am,2833.8175
2621,2,Telangana - 2026,20-Jan 5am,2833.8175
2621,3,Telangana - 2026,20-Jan 5am,2833.8175
2621,4,Telangana - 2026,20-Jan 5am,2833.8175
2622,1,Telangana - 2026,20-Jan 6am,2996.1025
2622,2,Telangana - 2026,20-Jan 6am,2996.1025
2622,3,Telangana - 2026,20-Jan 6am,2996.1025
2622,4,Telangana - 2026,20-Jan 6am,2996.1025
2623,1,Telangana - 2026,20-Jan 7am,3559.2625
2623,2,Telangana - 2026,20-Jan 7am,3559.2625
2623,3,Telangana - 2026,20-Jan 7am,3559.2625
2623,4,Telangana - 2026,20-Jan 7am,3559.2625
2624,1,Telangana - 2026,20-Jan 8am,3783.2875
2624,2,Telangana - 2026,20-Jan 8am,3783.2875
2624,3,Telangana - 2026,20-Jan 8am,3783.2875
2624,4,Telangana - 2026,20-Jan 8am,3783.2875
2625,1,Telangana - 2026,20-Jan 9am,3498.4525
2625,2,Telangana - 2026,20-Jan 9am,3498.4525
2625,3,Telangana - 2026,20-Jan 9am,3498.4525
2625,4,Telangana - 2026,20-Jan 9am,3498.4525
2626,1,Telangana - 2026,20-Jan 10am,3643.33
2626,2,Telangana - 2026,20-Jan 10am,3643.33
2626,3,Telangana - 2026,20-Jan 10am,3643.33
2626,4,Telangana - 2026,20-Jan 10am,3643.33
2627,1,Telangana - 2026,20-Jan 11am,3612.5575
2627,2,Telangana - 2026,20-Jan 11am,3612.5575
2627,3,Telangana - 2026,20-Jan 11am,3612.5575
2627,4,Telangana - 2026,20-Jan 11am,3612.5575
2628,1,Telangana - 2026,20-Jan 12pm,3577.345
2628,2,Telangana - 2026,20-Jan 12pm,3577.345
2628,3,Telangana - 2026,20-Jan 12pm,3577.345
2628,4,Telangana - 2026,20-Jan 12pm,3577.345
2629,1,Telangana - 2026,20-Jan 1pm,3481.3425
2629,2,Telangana - 2026,20-Jan 1pm,3481.3425
2629,3,Telangana - 2026,20-Jan 1pm,3481.3425
2629,4,Telangana - 2026,20-Jan 1pm,3481.3425
2630,1,Telangana - 2026,20-Jan 2pm,3421.4775
2630,2,Telangana - 2026,20-Jan 2pm,3421.4775
2630,3,Telangana - 2026,20-Jan 2pm,3421.4775
2630,4,Telangana - 2026,20-Jan 2pm,3421.4775
2631,1,Telangana - 2026,20-Jan 3pm,3441.4825
2631,2,Telangana - 2026,20-Jan 3pm,3441.4825
2631,3,Telangana - 2026,20-Jan 3pm,3441.4825
2631,4,Telangana - 2026,20-Jan 3pm,3441.4825
2632,1,Telangana - 2026,20-Jan 4pm,3501.365
2632,2,Telangana - 2026,20-Jan 4pm,3501.365
2632,3,Telangana - 2026,20-Jan 4pm,3501.365
2632,4,Telangana - 2026,20-Jan 4pm,3501.365
2633,1,Telangana - 2026,20-Jan 5pm,2745.29
2633,2,Telangana - 2026,20-Jan 5pm,2745.29
2633,3,Telangana - 2026,20-Jan 5pm,2745.29
2633,4,Telangana - 2026,20-Jan 5pm,2745.29
2634,1,Telangana - 2026,20-Jan 6pm,2161.87
2634,2,Telangana - 2026,20-Jan 6pm,2161.87
2634,3,Telangana - 2026,20-Jan 6pm,2161.87
2634,4,Telangana - 2026,20-Jan 6pm,2161.87
2635,1,Telangana - 2026,20-Jan 7pm,2177.4325
2635,2,Telangana - 2026,20-Jan 7pm,2177.4325
2635,3,Telangana - 2026,20-Jan 7pm,2177.4325
2635,4,Telangana - 2026,20-Jan 7pm,2177.4325
2636,1,Telangana - 2026,20-Jan 8pm,2064.4325
2636,2,Telangana - 2026,20-Jan 8pm,2064.4325
2636,3,Telangana - 2026,20-Jan 8pm,2064.4325
2636,4,Telangana - 2026,20-Jan 8pm,2064.4325
2637,1,Telangana - 2026,20-Jan 9pm,1947.99
2637,2,Telangana - 2026,20-Jan 9pm,1947.99
2637,3,Telangana - 2026,20-Jan 9pm,1947.99
2637,4,Telangana - 2026,20-Jan 9pm,1947.99
2638,1,Telangana - 2026,20-Jan 10pm,1969.9125
2638,2,Telangana - 2026,20-Jan 10pm,1969.9125
2638,3,Telangana - 2026,20-Jan 10pm,1969.9125
2638,4,Telangana - 2026,20-Jan 10pm,1969.9125
2639,1,Telangana - 2026,20-Jan 11pm,1868.5875
2639,2,Telangana - 2026,20-Jan 11pm,1868.5875
2639,3,Telangana - 2026,20-Jan 11pm,1868.5875
2639,4,Telangana - 2026,20-Jan 11pm,1868.5875
2640,1,Telangana - 2026,21-Jan 12am,1925.3675
2640,2,Telangana - 2026,21-Jan 12am,1925.3675
2640,3,Telangana - 2026,21-Jan 12am,1925.3675
2640,4,Telangana - 2026,21-Jan 12am,1925.3675
2641,1,Telangana - 2026,21-Jan 1am,2250.73
2641,2,Telangana - 2026,21-Jan 1am,2250.73
2641,3,Telangana - 2026,21-Jan 1am,2250.73
2641,4,Telangana - 2026,21-Jan 1am,2250.73
2642,1,Telangana - 2026,21-Jan 2am,2351.3275
2642,2,Telangana - 2026,21-Jan 2am,2351.3275
2642,3,Telangana - 2026,21-Jan 2am,2351.3275
2642,4,Telangana - 2026,21-Jan 2am,2351.3275
2643,1,Telangana - 2026,21-Jan 3am,2640.04
2643,2,Telangana - 2026,21-Jan 3am,2640.04
2643,3,Telangana - 2026,21-Jan 3am,2640.04
2643,4,Telangana - 2026,21-Jan 3am,2640.04
2644,1,Telangana - 2026,21-Jan 4am,2730.2025
2644,2,Telangana - 2026,21-Jan 4am,2730.2025
2644,3,Telangana - 2026,21-Jan 4am,2730.2025
2644,4,Telangana - 2026,21-Jan 4am,2730.2025
2645,1,Telangana - 2026,21-Jan 5am,2829.51
2645,2,Telangana - 2026,21-Jan 5am,2829.51
2645,3,Telangana - 2026,21-Jan 5am,2829.51
2645,4,Telangana - 2026,21-Jan 5am,2829.51
2646,1,Telangana - 2026,21-Jan 6am,2956.4025
2646,2,Telangana - 2026,21-Jan 6am,2956.4025
2646,3,Telangana - 2026,21-Jan 6am,2956.4025
2646,4,Telangana - 2026,21-Jan 6am,2956.4025
2647,1,Telangana - 2026,21-Jan 7am,3577.1375
2647,2,Telangana - 2026,21-Jan 7am,3577.1375
2647,3,Telangana - 2026,21-Jan 7am,3577.1375
2647,4,Telangana - 2026,21-Jan 7am,3577.1375
2648,1,Telangana - 2026,21-Jan 8am,3915.9225
2648,2,Telangana - 2026,21-Jan 8am,3915.9225
2648,3,Telangana - 2026,21-Jan 8am,3915.9225
2648,4,Telangana - 2026,21-Jan 8am,3915.9225
2649,1,Telangana - 2026,21-Jan 9am,3795.3075
2649,2,Telangana - 2026,21-Jan 9am,3795.3075
2649,3,Telangana - 2026,21-Jan 9am,3795.3075
2649,4,Telangana - 2026,21-Jan 9am,3795.3075
2650,1,Telangana - 2026,21-Jan 10am,3687.195
2650,2,Telangana - 2026,21-Jan 10am,3687.195
2650,3,Telangana - 2026,21-Jan 10am,3687.195
2650,4,Telangana - 2026,21-Jan 10am,3687.195
2651,1,Telangana - 2026,21-Jan 11am,3652.68
2651,2,Telangana - 2026,21-Jan 11am,3652.68
2651,3,Telangana - 2026,21-Jan 11am,3652.68
2651,4,Telangana - 2026,21-Jan 11am,3652.68
2652,1,Telangana - 2026,21-Jan 12pm,3575.985
2652,2,Telangana - 2026,21-Jan 12pm,3575.985
2652,3,Telangana - 2026,21-Jan 12pm,3575.985
2652,4,Telangana - 2026,21-Jan 12pm,3575.985
2653,1,Telangana - 2026,21-Jan 1pm,3484.0775
2653,2,Telangana - 2026,21-Jan 1pm,3484.0775
2653,3,Telangana - 2026,21-Jan 1pm,3484.0775
2653,4,Telangana - 2026,21-Jan 1pm,3484.0775
2654,1,Telangana - 2026,21-Jan 2pm,3401.32
2654,2,Telangana - 2026,21-Jan 2pm,3401.32
2654,3,Telangana - 2026,21-Jan 2pm,3401.32
2654,4,Telangana - 2026,21-Jan 2pm,3401.32
2655,1,Telangana - 2026,21-Jan 3pm,3477.545
2655,2,Telangana - 2026,21-Jan 3pm,3477.545
2655,3,Telangana - 2026,21-Jan 3pm,3477.545
2655,4,Telangana - 2026,21-Jan 3pm,3477.545
2656,1,Telangana - 2026,21-Jan 4pm,3465.845
2656,2,Telangana - 2026,21-Jan 4pm,3465.845
2656,3,Telangana - 2026,21-Jan 4pm,3465.845
2656,4,Telangana - 2026,21-Jan 4pm,3465.845
2657,1,Telangana - 2026,21-Jan 5pm,2751.315
2657,2,Telangana - 2026,21-Jan 5pm,2751.315
2657,3,Telangana - 2026,21-Jan 5pm,2751.315
2657,4,Telangana - 2026,21-Jan 5pm,2751.315
2658,1,Telangana - 2026,21-Jan 6pm,1926.49
2658,2,Telangana - 2026,21-Jan 6pm,1926.49
2658,3,Telangana - 2026,21-Jan 6pm,1926.49
2658,4,Telangana - 2026,21-Jan 6pm,1926.49
2659,1,Telangana - 2026,21-Jan 7pm,2193.4075
2659,2,Telangana - 2026,21-Jan 7pm,2193.4075
2659,3,Telangana - 2026,21-Jan 7pm,2193.4075
2659,4,Telangana - 2026,21-Jan 7pm,2193.4075
2660,1,Telangana - 2026,21-Jan 8pm,2066.59
2660,2,Telangana - 2026,21-Jan 8pm,2066.59
2660,3,Telangana - 2026,21-Jan 8pm,2066.59
2660,4,Telangana - 2026,21-Jan 8pm,2066.59
2661,1,Telangana - 2026,21-Jan 9pm,1955.8775
2661,2,Telangana - 2026,21-Jan 9pm,1955.8775
2661,3,Telangana - 2026,21-Jan 9pm,1955.8775
2661,4,Telangana - 2026,21-Jan 9pm,1955.8775
2662,1,Telangana - 2026,21-Jan 10pm,1932.17
2662,2,Telangana - 2026,21-Jan 10pm,1932.17
2662,3,Telangana - 2026,21-Jan 10pm,1932.17
2662,4,Telangana - 2026,21-Jan 10pm,1932.17
2663,1,Telangana - 2026,21-Jan 11pm,1870.4775
2663,2,Telangana - 2026,21-Jan 11pm,1870.4775
2663,3,Telangana - 2026,21-Jan 11pm,1870.4775
2663,4,Telangana - 2026,21-Jan 11pm,1870.4775
2664,1,Telangana - 2026,22-Jan 12am,1947.155
2664,2,Telangana - 2026,22-Jan 12am,1947.155
2664,3,Telangana - 2026,22-Jan 12am,1947.155
2664,4,Telangana - 2026,22-Jan 12am,1947.155
2665,1,Telangana - 2026,22-Jan 1am,2255.2175
2665,2,Telangana - 2026,22-Jan 1am,2255.2175
2665,3,Telangana - 2026,22-Jan 1am,2255.2175
2665,4,Telangana - 2026,22-Jan 1am,2255.2175
2666,1,Telangana - 2026,22-Jan 2am,2340.375
2666,2,Telangana - 2026,22-Jan 2am,2340.375
2666,3,Telangana - 2026,22-Jan 2am,2340.375
2666,4,Telangana - 2026,22-Jan 2am,2340.375
2667,1,Telangana - 2026,22-Jan 3am,2629.4875
2667,2,Telangana - 2026,22-Jan 3am,2629.4875
2667,3,Telangana - 2026,22-Jan 3am,2629.4875
2667,4,Telangana - 2026,22-Jan 3am,2629.4875
2668,1,Telangana - 2026,22-Jan 4am,2733.585
2668,2,Telangana - 2026,22-Jan 4am,2733.585
2668,3,Telangana - 2026,22-Jan 4am,2733.585
2668,4,Telangana - 2026,22-Jan 4am,2733.585
2669,1,Telangana - 2026,22-Jan 5am,2833.8875
2669,2,Telangana - 2026,22-Jan 5am,2833.8875
2669,3,Telangana - 2026,22-Jan 5am,2833.8875
2669,4,Telangana - 2026,22-Jan 5am,2833.8875
2670,1,Telangana - 2026,22-Jan 6am,2922.5075
2670,2,Telangana - 2026,22-Jan 6am,2922.5075
2670,3,Telangana - 2026,22-Jan 6am,2922.5075
2670,4,Telangana - 2026,22-Jan 6am,2922.5075
2671,1,Telangana - 2026,22-Jan 7am,3559.85
2671,2,Telangana - 2026,22-Jan 7am,3559.85
2671,3,Telangana - 2026,22-Jan 7am,3559.85
2671,4,Telangana - 2026,22-Jan 7am,3559.85
2672,1,Telangana - 2026,22-Jan 8am,3916.085
2672,2,Telangana - 2026,22-Jan 8am,3916.085
2672,3,Telangana - 2026,22-Jan 8am,3916.085
2672,4,Telangana - 2026,22-Jan 8am,3916.085
2673,1,Telangana - 2026,22-Jan 9am,3783.875
2673,2,Telangana - 2026,22-Jan 9am,3783.875
2673,3,Telangana - 2026,22-Jan 9am,3783.875
2673,4,Telangana - 2026,22-Jan 9am,3783.875
2674,1,Telangana - 2026,22-Jan 10am,3734.87
2674,2,Telangana - 2026,22-Jan 10am,3734.87
2674,3,Telangana - 2026,22-Jan 10am,3734.87
2674,4,Telangana - 2026,22-Jan 10am,3734.87
2675,1,Telangana - 2026,22-Jan 11am,3675.745
2675,2,Telangana - 2026,22-Jan 11am,3675.745
2675,3,Telangana - 2026,22-Jan 11am,3675.745
2675,4,Telangana - 2026,22-Jan 11am,3675.745
2676,1,Telangana - 2026,22-Jan 12pm,3642.98
2676,2,Telangana - 2026,22-Jan 12pm,3642.98
2676,3,Telangana - 2026,22-Jan 12pm,3642.98
2676,4,Telangana - 2026,22-Jan 12pm,3642.98
2677,1,Telangana - 2026,22-Jan 1pm,3567.4325
2677,2,Telangana - 2026,22-Jan 1pm,3567.4325
2677,3,Telangana - 2026,22-Jan 1pm,3567.4325
2677,4,Telangana - 2026,22-Jan 1pm,3567.4325
2678,1,Telangana - 2026,22-Jan 2pm,3459.1025
2678,2,Telangana - 2026,22-Jan 2pm,3459.1025
2678,3,Telangana - 2026,22-Jan 2pm,3459.1025
2678,4,Telangana - 2026,22-Jan 2pm,3459.1025
2679,1,Telangana - 2026,22-Jan 3pm,3579.61
2679,2,Telangana - 2026,22-Jan 3pm,3579.61
2679,3,Telangana - 2026,22-Jan 3pm,3579.61
2679,4,Telangana - 2026,22-Jan 3pm,3579.61
2680,1,Telangana - 2026,22-Jan 4pm,3528.625
2680,2,Telangana - 2026,22-Jan 4pm,3528.625
2680,3,Telangana - 2026,22-Jan 4pm,3528.625
2680,4,Telangana - 2026,22-Jan 4pm,3528.625
2681,1,Telangana - 2026,22-Jan 5pm,2746.9375
2681,2,Telangana - 2026,22-Jan 5pm,2746.9375
2681,3,Telangana - 2026,22-Jan 5pm,2746.9375
2681,4,Telangana - 2026,22-Jan 5pm,2746.9375
2682,1,Telangana - 2026,22-Jan 6pm,1925.0075
2682,2,Telangana - 2026,22-Jan 6pm,1925.0075
2682,3,Telangana - 2026,22-Jan 6pm,1925.0075
2682,4,Telangana - 2026,22-Jan 6pm,1925.0075
2683,1,Telangana - 2026,22-Jan 7pm,1929.475
2683,2,Telangana - 2026,22-Jan 7pm,1929.475
2683,3,Telangana - 2026,22-Jan 7pm,1929.475
2683,4,Telangana - 2026,22-Jan 7pm,1929.475
2684,1,Telangana - 2026,22-Jan 8pm,2065.96
2684,2,Telangana - 2026,22-Jan 8pm,2065.96
2684,3,Telangana - 2026,22-Jan 8pm,2065.96
2684,4,Telangana - 2026,22-Jan 8pm,2065.96
2685,1,Telangana - 2026,22-Jan 9pm,1978.39
2685,2,Telangana - 2026,22-Jan 9pm,1978.39
2685,3,Telangana - 2026,22-Jan 9pm,1978.39
2685,4,Telangana - 2026,22-Jan 9pm,1978.39
2686,1,Telangana - 2026,22-Jan 10pm,1916.905
2686,2,Telangana - 2026,22-Jan 10pm,1916.905
2686,3,Telangana - 2026,22-Jan 10pm,1916.905
2686,4,Telangana - 2026,22-Jan 10pm,1916.905
2687,1,Telangana - 2026,22-Jan 11pm,1825.76
2687,2,Telangana - 2026,22-Jan 11pm,1825.76
2687,3,Telangana - 2026,22-Jan 11pm,1825.76
2687,4,Telangana - 2026,22-Jan 11pm,1825.76
2688,1,Telangana - 2026,23-Jan 12am,1845.92
2688,2,Telangana - 2026,23-Jan 12am,1845.92
2688,3,Telangana - 2026,23-Jan 12am,1845.92
2688,4,Telangana - 2026,23-Jan 12am,1845.92
2689,1,Telangana - 2026,23-Jan 1am,2146.9475
2689,2,Telangana - 2026,23-Jan 1am,2146.9475
2689,3,Telangana - 2026,23-Jan 1am,2146.9475
2689,4,Telangana - 2026,23-Jan 1am,2146.9475
2690,1,Telangana - 2026,23-Jan 2am,2266.1
2690,2,Telangana - 2026,23-Jan 2am,2266.1
2690,3,Telangana - 2026,23-Jan 2am,2266.1
2690,4,Telangana - 2026,23-Jan 2am,2266.1
2691,1,Telangana - 2026,23-Jan 3am,2550.5525
2691,2,Telangana - 2026,23-Jan 3am,2550.5525
2691,3,Telangana - 2026,23-Jan 3am,2550.5525
2691,4,Telangana - 2026,23-Jan 3am,2550.5525
2692,1,Telangana - 2026,23-Jan 4am,2662.9525
2692,2,Telangana - 2026,23-Jan 4am,2662.9525
2692,3,Telangana - 2026,23-Jan 4am,2662.9525
2692,4,Telangana - 2026,23-Jan 4am,2662.9525
2693,1,Telangana - 2026,23-Jan 5am,2785.825
2693,2,Telangana - 2026,23-Jan 5am,2785.825
2693,3,Telangana - 2026,23-Jan 5am,2785.825
2693,4,Telangana - 2026,23-Jan 5am,2785.825
2694,1,Telangana - 2026,23-Jan 6am,3013.875
2694,2,Telangana - 2026,23-Jan 6am,3013.875
2694,3,Telangana - 2026,23-Jan 6am,3013.875
2694,4,Telangana - 2026,23-Jan 6am,3013.875
2695,1,Telangana - 2026,23-Jan 7am,3459.6175
2695,2,Telangana - 2026,23-Jan 7am,3459.6175
2695,3,Telangana - 2026,23-Jan 7am,3459.6175
2695,4,Telangana - 2026,23-Jan 7am,3459.6175
2696,1,Telangana - 2026,23-Jan 8am,3835.2875
2696,2,Telangana - 2026,23-Jan 8am,3835.2875
2696,3,Telangana - 2026,23-Jan 8am,3835.2875
2696,4,Telangana - 2026,23-Jan 8am,3835.2875
2697,1,Telangana - 2026,23-Jan 9am,3878.9925
2697,2,Telangana - 2026,23-Jan 9am,3878.9925
2697,3,Telangana - 2026,23-Jan 9am,3878.9925
2697,4,Telangana - 2026,23-Jan 9am,3878.9925
2698,1,Telangana - 2026,23-Jan 10am,3868.385
2698,2,Telangana - 2026,23-Jan 10am,3868.385
2698,3,Telangana - 2026,23-Jan 10am,3868.385
2698,4,Telangana - 2026,23-Jan 10am,3868.385
2699,1,Telangana - 2026,23-Jan 11am,3856.9925
2699,2,Telangana - 2026,23-Jan 11am,3856.9925
2699,3,Telangana - 2026,23-Jan 11am,3856.9925
2699,4,Telangana - 2026,23-Jan 11am,3856.9925
2700,1,Telangana - 2026,23-Jan 12pm,3797.3875
2700,2,Telangana - 2026,23-Jan 12pm,3797.3875
2700,3,Telangana - 2026,23-Jan 12pm,3797.3875
2700,4,Telangana - 2026,23-Jan 12pm,3797.3875
2701,1,Telangana - 2026,23-Jan 1pm,3695.93
2701,2,Telangana - 2026,23-Jan 1pm,3695.93
2701,3,Telangana - 2026,23-Jan 1pm,3695.93
2701,4,Telangana - 2026,23-Jan 1pm,3695.93
2702,1,Telangana - 2026,23-Jan 2pm,3591.815
2702,2,Telangana - 2026,23-Jan 2pm,3591.815
2702,3,Telangana - 2026,23-Jan 2pm,3591.815
2702,4,Telangana - 2026,23-Jan 2pm,3591.815
2703,1,Telangana - 2026,23-Jan 3pm,3593.6825
2703,2,Telangana - 2026,23-Jan 3pm,3593.6825
2703,3,Telangana - 2026,23-Jan 3pm,3593.6825
2703,4,Telangana - 2026,23-Jan 3pm,3593.6825
2704,1,Telangana - 2026,23-Jan 4pm,3604.3
2704,2,Telangana - 2026,23-Jan 4pm,3604.3
2704,3,Telangana - 2026,23-Jan 4pm,3604.3
2704,4,Telangana - 2026,23-Jan 4pm,3604.3
2705,1,Telangana - 2026,23-Jan 5pm,2796.0925
2705,2,Telangana - 2026,23-Jan 5pm,2796.0925
2705,3,Telangana - 2026,23-Jan 5pm,2796.0925
2705,4,Telangana - 2026,23-Jan 5pm,2796.0925
2706,1,Telangana - 2026,23-Jan 6pm,2115.4725
2706,2,Telangana - 2026,23-Jan 6pm,2115.4725
2706,3,Telangana - 2026,23-Jan 6pm,2115.4725
2706,4,Telangana - 2026,23-Jan 6pm,2115.4725
2707,1,Telangana - 2026,23-Jan 7pm,1953.6925
2707,2,Telangana - 2026,23-Jan 7pm,1953.6925
2707,3,Telangana - 2026,23-Jan 7pm,1953.6925
2707,4,Telangana - 2026,23-Jan 7pm,1953.6925
2708,1,Telangana - 2026,23-Jan 8pm,2052.025
2708,2,Telangana - 2026,23-Jan 8pm,2052.025
2708,3,Telangana - 2026,23-Jan 8pm,2052.025
2708,4,Telangana - 2026,23-Jan 8pm,2052.025
2709,1,Telangana - 2026,23-Jan 9pm,1989.555
2709,2,Telangana - 2026,23-Jan 9pm,1989.555
2709,3,Telangana - 2026,23-Jan 9pm,1989.555
2709,4,Telangana - 2026,23-Jan 9pm,1989.555
2710,1,Telangana - 2026,23-Jan 10pm,1917.1425
2710,2,Telangana - 2026,23-Jan 10pm,1917.1425
2710,3,Telangana - 2026,23-Jan 10pm,1917.1425
2710,4,Telangana - 2026,23-Jan 10pm,1917.1425
2711,1,Telangana - 2026,23-Jan 11pm,1802.0275
2711,2,Telangana - 2026,23-Jan 11pm,1802.0275
2711,3,Telangana - 2026,23-Jan 11pm,1802.0275
2711,4,Telangana - 2026,23-Jan 11pm,1802.0275
2712,1,Telangana - 2026,24-Jan 12am,1861.4925
2712,2,Telangana - 2026,24-Jan 12am,1861.4925
2712,3,Telangana - 2026,24-Jan 12am,1861.4925
2712,4,Telangana - 2026,24-Jan 12am,1861.4925
2713,1,Telangana - 2026,24-Jan 1am,2150.5825
2713,2,Telangana - 2026,24-Jan 1am,2150.5825
2713,3,Telangana - 2026,24-Jan 1am,2150.5825
2713,4,Telangana - 2026,24-Jan 1am,2150.5825
2714,1,Telangana - 2026,24-Jan 2am,2229.21
2714,2,Telangana - 2026,24-Jan 2am,2229.21
2714,3,Telangana - 2026,24-Jan 2am,2229.21
2714,4,Telangana - 2026,24-Jan 2am,2229.21
2715,1,Telangana - 2026,24-Jan 3am,2536.67
2715,2,Telangana - 2026,24-Jan 3am,2536.67
2715,3,Telangana - 2026,24-Jan 3am,2536.67
2715,4,Telangana - 2026,24-Jan 3am,2536.67
2716,1,Telangana - 2026,24-Jan 4am,2633.87
2716,2,Telangana - 2026,24-Jan 4am,2633.87
2716,3,Telangana - 2026,24-Jan 4am,2633.87
2716,4,Telangana - 2026,24-Jan 4am,2633.87
2717,1,Telangana - 2026,24-Jan 5am,2739.0925
2717,2,Telangana - 2026,24-Jan 5am,2739.0925
2717,3,Telangana - 2026,24-Jan 5am,2739.0925
2717,4,Telangana - 2026,24-Jan 5am,2739.0925
2718,1,Telangana - 2026,24-Jan 6am,2970.1
2718,2,Telangana - 2026,24-Jan 6am,2970.1
2718,3,Telangana - 2026,24-Jan 6am,2970.1
2718,4,Telangana - 2026,24-Jan 6am,2970.1
2719,1,Telangana - 2026,24-Jan 7am,3380.9525
2719,2,Telangana - 2026,24-Jan 7am,3380.9525
2719,3,Telangana - 2026,24-Jan 7am,3380.9525
2719,4,Telangana - 2026,24-Jan 7am,3380.9525
2720,1,Telangana - 2026,24-Jan 8am,3646.815
2720,2,Telangana - 2026,24-Jan 8am,3646.815
2720,3,Telangana - 2026,24-Jan 8am,3646.815
2720,4,Telangana - 2026,24-Jan 8am,3646.815
2721,1,Telangana - 2026,24-Jan 9am,3843.72
2721,2,Telangana - 2026,24-Jan 9am,3843.72
2721,3,Telangana - 2026,24-Jan 9am,3843.72
2721,4,Telangana - 2026,24-Jan 9am,3843.72
2722,1,Telangana - 2026,24-Jan 10am,3788.885
2722,2,Telangana - 2026,24-Jan 10am,3788.885
2722,3,Telangana - 2026,24-Jan 10am,3788.885
2722,4,Telangana - 2026,24-Jan 10am,3788.885
2723,1,Telangana - 2026,24-Jan 11am,3704.7225
2723,2,Telangana - 2026,24-Jan 11am,3704.7225
2723,3,Telangana - 2026,24-Jan 11am,3704.7225
2723,4,Telangana - 2026,24-Jan 11am,3704.7225
2724,1,Telangana - 2026,24-Jan 12pm,3605.48
2724,2,Telangana - 2026,24-Jan 12pm,3605.48
2724,3,Telangana - 2026,24-Jan 12pm,3605.48
2724,4,Telangana - 2026,24-Jan 12pm,3605.48
2725,1,Telangana - 2026,24-Jan 1pm,3590.4175
2725,2,Telangana - 2026,24-Jan 1pm,3590.4175
2725,3,Telangana - 2026,24-Jan 1pm,3590.4175
2725,4,Telangana - 2026,24-Jan 1pm,3590.4175
2726,1,Telangana - 2026,24-Jan 2pm,3442.5475
2726,2,Telangana - 2026,24-Jan 2pm,3442.5475
2726,3,Telangana - 2026,24-Jan 2pm,3442.5475
2726,4,Telangana - 2026,24-Jan 2pm,3442.5475
2727,1,Telangana - 2026,24-Jan 3pm,3501.6325
2727,2,Telangana - 2026,24-Jan 3pm,3501.6325
2727,3,Telangana - 2026,24-Jan 3pm,3501.6325
2727,4,Telangana - 2026,24-Jan 3pm,3501.6325
2728,1,Telangana - 2026,24-Jan 4pm,3487.21
2728,2,Telangana - 2026,24-Jan 4pm,3487.21
2728,3,Telangana - 2026,24-Jan 4pm,3487.21
2728,4,Telangana - 2026,24-Jan 4pm,3487.21
2729,1,Telangana - 2026,24-Jan 5pm,2764.685
2729,2,Telangana - 2026,24-Jan 5pm,2764.685
2729,3,Telangana - 2026,24-Jan 5pm,2764.685
2729,4,Telangana - 2026,24-Jan 5pm,2764.685
2730,1,Telangana - 2026,24-Jan 6pm,2133.3325
2730,2,Telangana - 2026,24-Jan 6pm,2133.3325
2730,3,Telangana - 2026,24-Jan 6pm,2133.3325
2730,4,Telangana - 2026,24-Jan 6pm,2133.3325
2731,1,Telangana - 2026,24-Jan 7pm,1915.835
2731,2,Telangana - 2026,24-Jan 7pm,1915.835
2731,3,Telangana - 2026,24-Jan 7pm,1915.835
2731,4,Telangana - 2026,24-Jan 7pm,1915.835
2732,1,Telangana - 2026,24-Jan 8pm,2044.045
2732,2,Telangana - 2026,24-Jan 8pm,2044.045
2732,3,Telangana - 2026,24-Jan 8pm,2044.045
2732,4,Telangana - 2026,24-Jan 8pm,2044.045
2733,1,Telangana - 2026,24-Jan 9pm,1957.85
2733,2,Telangana - 2026,24-Jan 9pm,1957.85
2733,3,Telangana - 2026,24-Jan 9pm,1957.85
2733,4,Telangana - 2026,24-Jan 9pm,1957.85
2734,1,Telangana - 2026,24-Jan 10pm,1889.0875
2734,2,Telangana - 2026,24-Jan 10pm,1889.0875
2734,3,Telangana - 2026,24-Jan 10pm,1889.0875
2734,4,Telangana - 2026,24-Jan 10pm,1889.0875
2735,1,Telangana - 2026,24-Jan 11pm,1757.0375
2735,2,Telangana - 2026,24-Jan 11pm,1757.0375
2735,3,Telangana - 2026,24-Jan 11pm,1757.0375
2735,4,Telangana - 2026,24-Jan 11pm,1757.0375
2736,1,Telangana - 2026,25-Jan 12am,1817.49
2736,2,Telangana - 2026,25-Jan 12am,1817.49
2736,3,Telangana - 2026,25-Jan 12am,1817.49
2736,4,Telangana - 2026,25-Jan 12am,1817.49
2737,1,Telangana - 2026,25-Jan 1am,2158.3225
2737,2,Telangana - 2026,25-Jan 1am,2158.3225
2737,3,Telangana - 2026,25-Jan 1am,2158.3225
2737,4,Telangana - 2026,25-Jan 1am,2158.3225
2738,1,Telangana - 2026,25-Jan 2am,2228.55
2738,2,Telangana - 2026,25-Jan 2am,2228.55
2738,3,Telangana - 2026,25-Jan 2am,2228.55
2738,4,Telangana - 2026,25-Jan 2am,2228.55
2739,1,Telangana - 2026,25-Jan 3am,2598.7075
2739,2,Telangana - 2026,25-Jan 3am,2598.7075
2739,3,Telangana - 2026,25-Jan 3am,2598.7075
2739,4,Telangana - 2026,25-Jan 3am,2598.7075
2740,1,Telangana - 2026,25-Jan 4am,2725.575
2740,2,Telangana - 2026,25-Jan 4am,2725.575
2740,3,Telangana - 2026,25-Jan 4am,2725.575
2740,4,Telangana - 2026,25-Jan 4am,2725.575
2741,1,Telangana - 2026,25-Jan 5am,2700.8425
2741,2,Telangana - 2026,25-Jan 5am,2700.8425
2741,3,Telangana - 2026,25-Jan 5am,2700.8425
2741,4,Telangana - 2026,25-Jan 5am,2700.8425
2742,1,Telangana - 2026,25-Jan 6am,2888.155
2742,2,Telangana - 2026,25-Jan 6am,2888.155
2742,3,Telangana - 2026,25-Jan 6am,2888.155
2742,4,Telangana - 2026,25-Jan 6am,2888.155
2743,1,Telangana - 2026,25-Jan 7am,3102.8875
2743,2,Telangana - 2026,25-Jan 7am,3102.8875
2743,3,Telangana - 2026,25-Jan 7am,3102.8875
2743,4,Telangana - 2026,25-Jan 7am,3102.8875
2744,1,Telangana - 2026,25-Jan 8am,3482.5575
2744,2,Telangana - 2026,25-Jan 8am,3482.5575
2744,3,Telangana - 2026,25-Jan 8am,3482.5575
2744,4,Telangana - 2026,25-Jan 8am,3482.5575
2745,1,Telangana - 2026,25-Jan 9am,3771.815
2745,2,Telangana - 2026,25-Jan 9am,3771.815
2745,3,Telangana - 2026,25-Jan 9am,3771.815
2745,4,Telangana - 2026,25-Jan 9am,3771.815
2746,1,Telangana - 2026,25-Jan 10am,3802.3725
2746,2,Telangana - 2026,25-Jan 10am,3802.3725
2746,3,Telangana - 2026,25-Jan 10am,3802.3725
2746,4,Telangana - 2026,25-Jan 10am,3802.3725
2747,1,Telangana - 2026,25-Jan 11am,3761.6975
2747,2,Telangana - 2026,25-Jan 11am,3761.6975
2747,3,Telangana - 2026,25-Jan 11am,3761.6975
2747,4,Telangana - 2026,25-Jan 11am,3761.6975
2748,1,Telangana - 2026,25-Jan 12pm,3653.8225
2748,2,Telangana - 2026,25-Jan 12pm,3653.8225
2748,3,Telangana - 2026,25-Jan 12pm,3653.8225
2748,4,Telangana - 2026,25-Jan 12pm,3653.8225
2749,1,Telangana - 2026,25-Jan 1pm,3558.7525
2749,2,Telangana - 2026,25-Jan 1pm,3558.7525
2749,3,Telangana - 2026,25-Jan 1pm,3558.7525
2749,4,Telangana - 2026,25-Jan 1pm,3558.7525
2750,1,Telangana - 2026,25-Jan 2pm,3477.2825
2750,2,Telangana - 2026,25-Jan 2pm,3477.2825
2750,3,Telangana - 2026,25-Jan 2pm,3477.2825
2750,4,Telangana - 2026,25-Jan 2pm,3477.2825
2751,1,Telangana - 2026,25-Jan 3pm,3441.785
2751,2,Telangana - 2026,25-Jan 3pm,3441.785
2751,3,Telangana - 2026,25-Jan 3pm,3441.785
2751,4,Telangana - 2026,25-Jan 3pm,3441.785
2752,1,Telangana - 2026,25-Jan 4pm,3417.1125
2752,2,Telangana - 2026,25-Jan 4pm,3417.1125
2752,3,Telangana - 2026,25-Jan 4pm,3417.1125
2752,4,Telangana - 2026,25-Jan 4pm,3417.1125
2753,1,Telangana - 2026,25-Jan 5pm,2658.695
2753,2,Telangana - 2026,25-Jan 5pm,2658.695
2753,3,Telangana - 2026,25-Jan 5pm,2658.695
2753,4,Telangana - 2026,25-Jan 5pm,2658.695
2754,1,Telangana - 2026,25-Jan 6pm,1963.0775
2754,2,Telangana - 2026,25-Jan 6pm,1963.0775
2754,3,Telangana - 2026,25-Jan 6pm,1963.0775
2754,4,Telangana - 2026,25-Jan 6pm,1963.0775
2755,1,Telangana - 2026,25-Jan 7pm,1899.8725
2755,2,Telangana - 2026,25-Jan 7pm,1899.8725
2755,3,Telangana - 2026,25-Jan 7pm,1899.8725
2755,4,Telangana - 2026,25-Jan 7pm,1899.8725
2756,1,Telangana - 2026,25-Jan 8pm,1922.6775
2756,2,Telangana - 2026,25-Jan 8pm,1922.6775
2756,3,Telangana - 2026,25-Jan 8pm,1922.6775
2756,4,Telangana - 2026,25-Jan 8pm,1922.6775
2757,1,Telangana - 2026,25-Jan 9pm,1843.3425
2757,2,Telangana - 2026,25-Jan 9pm,1843.3425
2757,3,Telangana - 2026,25-Jan 9pm,1843.3425
2757,4,Telangana - 2026,25-Jan 9pm,1843.3425
2758,1,Telangana - 2026,25-Jan 10pm,1799.0925
2758,2,Telangana - 2026,25-Jan 10pm,1799.0925
2758,3,Telangana - 2026,25-Jan 10pm,1799.0925
2758,4,Telangana - 2026,25-Jan 10pm,1799.0925
2759,1,Telangana - 2026,25-Jan 11pm,1690.46
2759,2,Telangana - 2026,25-Jan 11pm,1690.46
2759,3,Telangana - 2026,25-Jan 11pm,1690.46
2759,4,Telangana - 2026,25-Jan 11pm,1690.46
2760,1,Telangana - 2026,26-Jan 12am,1765.6325
2760,2,Telangana - 2026,26-Jan 12am,1765.6325
2760,3,Telangana - 2026,26-Jan 12am,1765.6325
2760,4,Telangana - 2026,26-Jan 12am,1765.6325
2761,1,Telangana - 2026,26-Jan 1am,2075.6775
2761,2,Telangana - 2026,26-Jan 1am,2075.6775
2761,3,Telangana - 2026,26-Jan 1am,2075.6775
2761,4,Telangana - 2026,26-Jan 1am,2075.6775
2762,1,Telangana - 2026,26-Jan 2am,2215.285
2762,2,Telangana - 2026,26-Jan 2am,2215.285
2762,3,Telangana - 2026,26-Jan 2am,2215.285
2762,4,Telangana - 2026,26-Jan 2am,2215.285
2763,1,Telangana - 2026,26-Jan 3am,2505.41
2763,2,Telangana - 2026,26-Jan 3am,2505.41
2763,3,Telangana - 2026,26-Jan 3am,2505.41
2763,4,Telangana - 2026,26-Jan 3am,2505.41
2764,1,Telangana - 2026,26-Jan 4am,2595.95
2764,2,Telangana - 2026,26-Jan 4am,2595.95
2764,3,Telangana - 2026,26-Jan 4am,2595.95
2764,4,Telangana - 2026,26-Jan 4am,2595.95
2765,1,Telangana - 2026,26-Jan 5am,2678.89
2765,2,Telangana - 2026,26-Jan 5am,2678.89
2765,3,Telangana - 2026,26-Jan 5am,2678.89
2765,4,Telangana - 2026,26-Jan 5am,2678.89
2766,1,Telangana - 2026,26-Jan 6am,2958.675
2766,2,Telangana - 2026,26-Jan 6am,2958.675
2766,3,Telangana - 2026,26-Jan 6am,2958.675
2766,4,Telangana - 2026,26-Jan 6am,2958.675
2767,1,Telangana - 2026,26-Jan 7am,3326.3175
2767,2,Telangana - 2026,26-Jan 7am,3326.3175
2767,3,Telangana - 2026,26-Jan 7am,3326.3175
2767,4,Telangana - 2026,26-Jan 7am,3326.3175
2768,1,Telangana - 2026,26-Jan 8am,3396.2525
2768,2,Telangana - 2026,26-Jan 8am,3396.2525
2768,3,Telangana - 2026,26-Jan 8am,3396.2525
2768,4,Telangana - 2026,26-Jan 8am,3396.2525
2769,1,Telangana - 2026,26-Jan 9am,3479.1325
2769,2,Telangana - 2026,26-Jan 9am,3479.1325
2769,3,Telangana - 2026,26-Jan 9am,3479.1325
2769,4,Telangana - 2026,26-Jan 9am,3479.1325
2770,1,Telangana - 2026,26-Jan 10am,3580.59
2770,2,Telangana - 2026,26-Jan 10am,3580.59
2770,3,Telangana - 2026,26-Jan 10am,3580.59
2770,4,Telangana - 2026,26-Jan 10am,3580.59
2771,1,Telangana - 2026,26-Jan 11am,3609.9525
2771,2,Telangana - 2026,26-Jan 11am,3609.9525
2771,3,Telangana - 2026,26-Jan 11am,3609.9525
2771,4,Telangana - 2026,26-Jan 11am,3609.9525
2772,1,Telangana - 2026,26-Jan 12pm,3622.1
2772,2,Telangana - 2026,26-Jan 12pm,3622.1
2772,3,Telangana - 2026,26-Jan 12pm,3622.1
2772,4,Telangana - 2026,26-Jan 12pm,3622.1
2773,1,Telangana - 2026,26-Jan 1pm,3547.3675
2773,2,Telangana - 2026,26-Jan 1pm,3547.3675
2773,3,Telangana - 2026,26-Jan 1pm,3547.3675
2773,4,Telangana - 2026,26-Jan 1pm,3547.3675
2774,1,Telangana - 2026,26-Jan 2pm,3471.935
2774,2,Telangana - 2026,26-Jan 2pm,3471.935
2774,3,Telangana - 2026,26-Jan 2pm,3471.935
2774,4,Telangana - 2026,26-Jan 2pm,3471.935
2775,1,Telangana - 2026,26-Jan 3pm,3492.7125
2775,2,Telangana - 2026,26-Jan 3pm,3492.7125
2775,3,Telangana - 2026,26-Jan 3pm,3492.7125
2775,4,Telangana - 2026,26-Jan 3pm,3492.7125
2776,1,Telangana - 2026,26-Jan 4pm,3481.38
2776,2,Telangana - 2026,26-Jan 4pm,3481.38
2776,3,Telangana - 2026,26-Jan 4pm,3481.38
2776,4,Telangana - 2026,26-Jan 4pm,3481.38
2777,1,Telangana - 2026,26-Jan 5pm,2727.8775
2777,2,Telangana - 2026,26-Jan 5pm,2727.8775
2777,3,Telangana - 2026,26-Jan 5pm,2727.8775
2777,4,Telangana - 2026,26-Jan 5pm,2727.8775
2778,1,Telangana - 2026,26-Jan 6pm,2057.8725
2778,2,Telangana - 2026,26-Jan 6pm,2057.8725
2778,3,Telangana - 2026,26-Jan 6pm,2057.8725
2778,4,Telangana - 2026,26-Jan 6pm,2057.8725
2779,1,Telangana - 2026,26-Jan 7pm,2009.285
2779,2,Telangana - 2026,26-Jan 7pm,2009.285
2779,3,Telangana - 2026,26-Jan 7pm,2009.285
2779,4,Telangana - 2026,26-Jan 7pm,2009.285
2780,1,Telangana - 2026,26-Jan 8pm,1907.2975
2780,2,Telangana - 2026,26-Jan 8pm,1907.2975
2780,3,Telangana - 2026,26-Jan 8pm,1907.2975
2780,4,Telangana - 2026,26-Jan 8pm,1907.2975
2781,1,Telangana - 2026,26-Jan 9pm,1822.9225
2781,2,Telangana - 2026,26-Jan 9pm,1822.9225
2781,3,Telangana - 2026,26-Jan 9pm,1822.9225
2781,4,Telangana - 2026,26-Jan 9pm,1822.9225
2782,1,Telangana - 2026,26-Jan 10pm,1771.6275
2782,2,Telangana - 2026,26-Jan 10pm,1771.6275
2782,3,Telangana - 2026,26-Jan 10pm,1771.6275
2782,4,Telangana - 2026,26-Jan 10pm,1771.6275
2783,1,Telangana - 2026,26-Jan 11pm,1654.3375
2783,2,Telangana - 2026,26-Jan 11pm,1654.3375
2783,3,Telangana - 2026,26-Jan 11pm,1654.3375
2783,4,Telangana - 2026,26-Jan 11pm,1654.3375
2784,1,Telangana - 2026,27-Jan 12am,1729.7825
2784,2,Telangana - 2026,27-Jan 12am,1729.7825
2784,3,Telangana - 2026,27-Jan 12am,1729.7825
2784,4,Telangana - 2026,27-Jan 12am,1729.7825
2785,1,Telangana - 2026,27-Jan 1am,2078.77
2785,2,Telangana - 2026,27-Jan 1am,2078.77
2785,3,Telangana - 2026,27-Jan 1am,2078.77
2785,4,Telangana - 2026,27-Jan 1am,2078.77
2786,1,Telangana - 2026,27-Jan 2am,2196.0725
2786,2,Telangana - 2026,27-Jan 2am,2196.0725
2786,3,Telangana - 2026,27-Jan 2am,2196.0725
2786,4,Telangana - 2026,27-Jan 2am,2196.0725
2787,1,Telangana - 2026,27-Jan 3am,2543.71
2787,2,Telangana - 2026,27-Jan 3am,2543.71
2787,3,Telangana - 2026,27-Jan 3am,2543.71
2787,4,Telangana - 2026,27-Jan 3am,2543.71
2788,1,Telangana - 2026,27-Jan 4am,2645.1125
2788,2,Telangana - 2026,27-Jan 4am,2645.1125
2788,3,Telangana - 2026,27-Jan 4am,2645.1125
2788,4,Telangana - 2026,27-Jan 4am,2645.1125
2789,1,Telangana - 2026,27-Jan 5am,2690.3275
2789,2,Telangana - 2026,27-Jan 5am,2690.3275
2789,3,Telangana - 2026,27-Jan 5am,2690.3275
2789,4,Telangana - 2026,27-Jan 5am,2690.3275
2790,1,Telangana - 2026,27-Jan 6am,2916.3325
2790,2,Telangana - 2026,27-Jan 6am,2916.3325
2790,3,Telangana - 2026,27-Jan 6am,2916.3325
2790,4,Telangana - 2026,27-Jan 6am,2916.3325
2791,1,Telangana - 2026,27-Jan 7am,3548.64
2791,2,Telangana - 2026,27-Jan 7am,3548.64
2791,3,Telangana - 2026,27-Jan 7am,3548.64
2791,4,Telangana - 2026,27-Jan 7am,3548.64
2792,1,Telangana - 2026,27-Jan 8am,3832.3625
2792,2,Telangana - 2026,27-Jan 8am,3832.3625
2792,3,Telangana - 2026,27-Jan 8am,3832.3625
2792,4,Telangana - 2026,27-Jan 8am,3832.3625
2793,1,Telangana - 2026,27-Jan 9am,3807.3825
2793,2,Telangana - 2026,27-Jan 9am,3807.3825
2793,3,Telangana - 2026,27-Jan 9am,3807.3825
2793,4,Telangana - 2026,27-Jan 9am,3807.3825
2794,1,Telangana - 2026,27-Jan 10am,3743.18
2794,2,Telangana - 2026,27-Jan 10am,3743.18
2794,3,Telangana - 2026,27-Jan 10am,3743.18
2794,4,Telangana - 2026,27-Jan 10am,3743.18
2795,1,Telangana - 2026,27-Jan 11am,3672.61
2795,2,Telangana - 2026,27-Jan 11am,3672.61
2795,3,Telangana - 2026,27-Jan 11am,3672.61
2795,4,Telangana - 2026,27-Jan 11am,3672.61
2796,1,Telangana - 2026,27-Jan 12pm,3619.9875
2796,2,Telangana - 2026,27-Jan 12pm,3619.9875
2796,3,Telangana - 2026,27-Jan 12pm,3619.9875
2796,4,Telangana - 2026,27-Jan 12pm,3619.9875
2797,1,Telangana - 2026,27-Jan 1pm,3555.14
2797,2,Telangana - 2026,27-Jan 1pm,3555.14
2797,3,Telangana - 2026,27-Jan 1pm,3555.14
2797,4,Telangana - 2026,27-Jan 1pm,3555.14
2798,1,Telangana - 2026,27-Jan 2pm,3469.17
2798,2,Telangana - 2026,27-Jan 2pm,3469.17
2798,3,Telangana - 2026,27-Jan 2pm,3469.17
2798,4,Telangana - 2026,27-Jan 2pm,3469.17
2799,1,Telangana - 2026,27-Jan 3pm,3507.3625
2799,2,Telangana - 2026,27-Jan 3pm,3507.3625
2799,3,Telangana - 2026,27-Jan 3pm,3507.3625
2799,4,Telangana - 2026,27-Jan 3pm,3507.3625
2800,1,Telangana - 2026,27-Jan 4pm,3476.67
2800,2,Telangana - 2026,27-Jan 4pm,3476.67
2800,3,Telangana - 2026,27-Jan 4pm,3476.67
2800,4,Telangana - 2026,27-Jan 4pm,3476.67
2801,1,Telangana - 2026,27-Jan 5pm,2629.0175
2801,2,Telangana - 2026,27-Jan 5pm,2629.0175
2801,3,Telangana - 2026,27-Jan 5pm,2629.0175
2801,4,Telangana - 2026,27-Jan 5pm,2629.0175
2802,1,Telangana - 2026,27-Jan 6pm,1968.9
2802,2,Telangana - 2026,27-Jan 6pm,1968.9
2802,3,Telangana - 2026,27-Jan 6pm,1968.9
2802,4,Telangana - 2026,27-Jan 6pm,1968.9
2803,1,Telangana - 2026,27-Jan 7pm,1948.895
2803,2,Telangana - 2026,27-Jan 7pm,1948.895
2803,3,Telangana - 2026,27-Jan 7pm,1948.895
2803,4,Telangana - 2026,27-Jan 7pm,1948.895
2804,1,Telangana - 2026,27-Jan 8pm,1983.585
2804,2,Telangana - 2026,27-Jan 8pm,1983.585
2804,3,Telangana - 2026,27-Jan 8pm,1983.585
2804,4,Telangana - 2026,27-Jan 8pm,1983.585
2805,1,Telangana - 2026,27-Jan 9pm,2009.16
2805,2,Telangana - 2026,27-Jan 9pm,2009.16
2805,3,Telangana - 2026,27-Jan 9pm,2009.16
2805,4,Telangana - 2026,27-Jan 9pm,2009.16
2806,1,Telangana - 2026,27-Jan 10pm,1909.63
2806,2,Telangana - 2026,27-Jan 10pm,1909.63
2806,3,Telangana - 2026,27-Jan 10pm,1909.63
2806,4,Telangana - 2026,27-Jan 10pm,1909.63
2807,1,Telangana - 2026,27-Jan 11pm,1779.5125
2807,2,Telangana - 2026,27-Jan 11pm,1779.5125
2807,3,Telangana - 2026,27-Jan 11pm,1779.5125
2807,4,Telangana - 2026,27-Jan 11pm,1779.5125
2808,1,Telangana - 2026,28-Jan 12am,1896.0075
2808,2,Telangana - 2026,28-Jan 12am,1896.0075
2808,3,Telangana - 2026,28-Jan 12am,1896.0075
2808,4,Telangana - 2026,28-Jan 12am,1896.0075
2809,1,Telangana - 2026,28-Jan 1am,2208.695
2809,2,Telangana - 2026,28-Jan 1am,2208.695
2809,3,Telangana - 2026,28-Jan 1am,2208.695
2809,4,Telangana - 2026,28-Jan 1am,2208.695
2810,1,Telangana - 2026,28-Jan 2am,2302.2325
2810,2,Telangana - 2026,28-Jan 2am,2302.2325
2810,3,Telangana - 2026,28-Jan 2am,2302.2325
2810,4,Telangana - 2026,28-Jan 2am,2302.2325
2811,1,Telangana - 2026,28-Jan 3am,2601.325
2811,2,Telangana - 2026,28-Jan 3am,2601.325
2811,3,Telangana - 2026,28-Jan 3am,2601.325
2811,4,Telangana - 2026,28-Jan 3am,2601.325
2812,1,Telangana - 2026,28-Jan 4am,2737.86
2812,2,Telangana - 2026,28-Jan 4am,2737.86
2812,3,Telangana - 2026,28-Jan 4am,2737.86
2812,4,Telangana - 2026,28-Jan 4am,2737.86
2813,1,Telangana - 2026,28-Jan 5am,2809.9325
2813,2,Telangana - 2026,28-Jan 5am,2809.9325
2813,3,Telangana - 2026,28-Jan 5am,2809.9325
2813,4,Telangana - 2026,28-Jan 5am,2809.9325
2814,1,Telangana - 2026,28-Jan 6am,3061.9525
2814,2,Telangana - 2026,28-Jan 6am,3061.9525
2814,3,Telangana - 2026,28-Jan 6am,3061.9525
2814,4,Telangana - 2026,28-Jan 6am,3061.9525
2815,1,Telangana - 2026,28-Jan 7am,3365.3325
2815,2,Telangana - 2026,28-Jan 7am,3365.3325
2815,3,Telangana - 2026,28-Jan 7am,3365.3325
2815,4,Telangana - 2026,28-Jan 7am,3365.3325
2816,1,Telangana - 2026,28-Jan 8am,3659.93
2816,2,Telangana - 2026,28-Jan 8am,3659.93
2816,3,Telangana - 2026,28-Jan 8am,3659.93
2816,4,Telangana - 2026,28-Jan 8am,3659.93
2817,1,Telangana - 2026,28-Jan 9am,3723.8575
2817,2,Telangana - 2026,28-Jan 9am,3723.8575
2817,3,Telangana - 2026,28-Jan 9am,3723.8575
2817,4,Telangana - 2026,28-Jan 9am,3723.8575
2818,1,Telangana - 2026,28-Jan 10am,3817.9975
2818,2,Telangana - 2026,28-Jan 10am,3817.9975
2818,3,Telangana - 2026,28-Jan 10am,3817.9975
2818,4,Telangana - 2026,28-Jan 10am,3817.9975
2819,1,Telangana - 2026,28-Jan 11am,3727.0625
2819,2,Telangana - 2026,28-Jan 11am,3727.0625
2819,3,Telangana - 2026,28-Jan 11am,3727.0625
2819,4,Telangana - 2026,28-Jan 11am,3727.0625
2820,1,Telangana - 2026,28-Jan 12pm,3654.045
2820,2,Telangana - 2026,28-Jan 12pm,3654.045
2820,3,Telangana - 2026,28-Jan 12pm,3654.045
2820,4,Telangana - 2026,28-Jan 12pm,3654.045
2821,1,Telangana - 2026,28-Jan 1pm,3601.945
2821,2,Telangana - 2026,28-Jan 1pm,3601.945
2821,3,Telangana - 2026,28-Jan 1pm,3601.945
2821,4,Telangana - 2026,28-Jan 1pm,3601.945
2822,1,Telangana - 2026,28-Jan 2pm,3551.955
2822,2,Telangana - 2026,28-Jan 2pm,3551.955
2822,3,Telangana - 2026,28-Jan 2pm,3551.955
2822,4,Telangana - 2026,28-Jan 2pm,3551.955
2823,1,Telangana - 2026,28-Jan 3pm,3602.0325
2823,2,Telangana - 2026,28-Jan 3pm,3602.0325
2823,3,Telangana - 2026,28-Jan 3pm,3602.0325
2823,4,Telangana - 2026,28-Jan 3pm,3602.0325
2824,1,Telangana - 2026,28-Jan 4pm,3594.9675
2824,2,Telangana - 2026,28-Jan 4pm,3594.9675
2824,3,Telangana - 2026,28-Jan 4pm,3594.9675
2824,4,Telangana - 2026,28-Jan 4pm,3594.9675
2825,1,Telangana - 2026,28-Jan 5pm,2844.0375
2825,2,Telangana - 2026,28-Jan 5pm,2844.0375
2825,3,Telangana - 2026,28-Jan 5pm,2844.0375
2825,4,Telangana - 2026,28-Jan 5pm,2844.0375
2826,1,Telangana - 2026,28-Jan 6pm,2022.6475
2826,2,Telangana - 2026,28-Jan 6pm,2022.6475
2826,3,Telangana - 2026,28-Jan 6pm,2022.6475
2826,4,Telangana - 2026,28-Jan 6pm,2022.6475
2827,1,Telangana - 2026,28-Jan 7pm,1978.0275
2827,2,Telangana - 2026,28-Jan 7pm,1978.0275
2827,3,Telangana - 2026,28-Jan 7pm,1978.0275
2827,4,Telangana - 2026,28-Jan 7pm,1978.0275
2828,1,Telangana - 2026,28-Jan 8pm,1954.565
2828,2,Telangana - 2026,28-Jan 8pm,1954.565
2828,3,Telangana - 2026,28-Jan 8pm,1954.565
2828,4,Telangana - 2026,28-Jan 8pm,1954.565
2829,1,Telangana - 2026,28-Jan 9pm,2000.6125
2829,2,Telangana - 2026,28-Jan 9pm,2000.6125
2829,3,Telangana - 2026,28-Jan 9pm,2000.6125
2829,4,Telangana - 2026,28-Jan 9pm,2000.6125
2830,1,Telangana - 2026,28-Jan 10pm,1951.245
2830,2,Telangana - 2026,28-Jan 10pm,1951.245
2830,3,Telangana - 2026,28-Jan 10pm,1951.245
2830,4,Telangana - 2026,28-Jan 10pm,1951.245
2831,1,Telangana - 2026,28-Jan 11pm,1875.43
2831,2,Telangana - 2026,28-Jan 11pm,1875.43
2831,3,Telangana - 2026,28-Jan 11pm,1875.43
2831,4,Telangana - 2026,28-Jan 11pm,1875.43
2832,1,Telangana - 2026,29-Jan 12am,1968.8725
2832,2,Telangana - 2026,29-Jan 12am,1968.8725
2832,3,Telangana - 2026,29-Jan 12am,1968.8725
2832,4,Telangana - 2026,29-Jan 12am,1968.8725
2833,1,Telangana - 2026,29-Jan 1am,2330.3
2833,2,Telangana - 2026,29-Jan 1am,2330.3
2833,3,Telangana - 2026,29-Jan 1am,2330.3
2833,4,Telangana - 2026,29-Jan 1am,2330.3
2834,1,Telangana - 2026,29-Jan 2am,2417.995
2834,2,Telangana - 2026,29-Jan 2am,2417.995
2834,3,Telangana - 2026,29-Jan 2am,2417.995
2834,4,Telangana - 2026,29-Jan 2am,2417.995
2835,1,Telangana - 2026,29-Jan 3am,2710.74
2835,2,Telangana - 2026,29-Jan 3am,2710.74
2835,3,Telangana - 2026,29-Jan 3am,2710.74
2835,4,Telangana - 2026,29-Jan 3am,2710.74
2836,1,Telangana - 2026,29-Jan 4am,2795.875
2836,2,Telangana - 2026,29-Jan 4am,2795.875
2836,3,Telangana - 2026,29-Jan 4am,2795.875
2836,4,Telangana - 2026,29-Jan 4am,2795.875
2837,1,Telangana - 2026,29-Jan 5am,2902.3325
2837,2,Telangana - 2026,29-Jan 5am,2902.3325
2837,3,Telangana - 2026,29-Jan 5am,2902.3325
2837,4,Telangana - 2026,29-Jan 5am,2902.3325
2838,1,Telangana - 2026,29-Jan 6am,3124.0375
2838,2,Telangana - 2026,29-Jan 6am,3124.0375
2838,3,Telangana - 2026,29-Jan 6am,3124.0375
2838,4,Telangana - 2026,29-Jan 6am,3124.0375
2839,1,Telangana - 2026,29-Jan 7am,3339.355
2839,2,Telangana - 2026,29-Jan 7am,3339.355
2839,3,Telangana - 2026,29-Jan 7am,3339.355
2839,4,Telangana - 2026,29-Jan 7am,3339.355
2840,1,Telangana - 2026,29-Jan 8am,3663.4
2840,2,Telangana - 2026,29-Jan 8am,3663.4
2840,3,Telangana - 2026,29-Jan 8am,3663.4
2840,4,Telangana - 2026,29-Jan 8am,3663.4
2841,1,Telangana - 2026,29-Jan 9am,3724.83
2841,2,Telangana - 2026,29-Jan 9am,3724.83
2841,3,Telangana - 2026,29-Jan 9am,3724.83
2841,4,Telangana - 2026,29-Jan 9am,3724.83
2842,1,Telangana - 2026,29-Jan 10am,3744.18
2842,2,Telangana - 2026,29-Jan 10am,3744.18
2842,3,Telangana - 2026,29-Jan 10am,3744.18
2842,4,Telangana - 2026,29-Jan 10am,3744.18
2843,1,Telangana - 2026,29-Jan 11am,3733.9625
2843,2,Telangana - 2026,29-Jan 11am,3733.9625
2843,3,Telangana - 2026,29-Jan 11am,3733.9625
2843,4,Telangana - 2026,29-Jan 11am,3733.9625
2844,1,Telangana - 2026,29-Jan 12pm,3684.3325
2844,2,Telangana - 2026,29-Jan 12pm,3684.3325
2844,3,Telangana - 2026,29-Jan 12pm,3684.3325
2844,4,Telangana - 2026,29-Jan 12pm,3684.3325
2845,1,Telangana - 2026,29-Jan 1pm,3699.285
2845,2,Telangana - 2026,29-Jan 1pm,3699.285
2845,3,Telangana - 2026,29-Jan 1pm,3699.285
2845,4,Telangana - 2026,29-Jan 1pm,3699.285
2846,1,Telangana - 2026,29-Jan 2pm,3610.855
2846,2,Telangana - 2026,29-Jan 2pm,3610.855
2846,3,Telangana - 2026,29-Jan 2pm,3610.855
2846,4,Telangana - 2026,29-Jan 2pm,3610.855
2847,1,Telangana - 2026,29-Jan 3pm,3636.9325
2847,2,Telangana - 2026,29-Jan 3pm,3636.9325
2847,3,Telangana - 2026,29-Jan 3pm,3636.9325
2847,4,Telangana - 2026,29-Jan 3pm,3636.9325
2848,1,Telangana - 2026,29-Jan 4pm,3626.595
2848,2,Telangana - 2026,29-Jan 4pm,3626.595
2848,3,Telangana - 2026,29-Jan 4pm,3626.595
2848,4,Telangana - 2026,29-Jan 4pm,3626.595
2849,1,Telangana - 2026,29-Jan 5pm,2825.2325
2849,2,Telangana - 2026,29-Jan 5pm,2825.2325
2849,3,Telangana - 2026,29-Jan 5pm,2825.2325
2849,4,Telangana - 2026,29-Jan 5pm,2825.2325
2850,1,Telangana - 2026,29-Jan 6pm,2155.7625
2850,2,Telangana - 2026,29-Jan 6pm,2155.7625
2850,3,Telangana - 2026,29-Jan 6pm,2155.7625
2850,4,Telangana - 2026,29-Jan 6pm,2155.7625
2851,1,Telangana - 2026,29-Jan 7pm,2201.59
2851,2,Telangana - 2026,29-Jan 7pm,2201.59
2851,3,Telangana - 2026,29-Jan 7pm,2201.59
2851,4,Telangana - 2026,29-Jan 7pm,2201.59
2852,1,Telangana - 2026,29-Jan 8pm,2105.8325
2852,2,Telangana - 2026,29-Jan 8pm,2105.8325
2852,3,Telangana - 2026,29-Jan 8pm,2105.8325
2852,4,Telangana - 2026,29-Jan 8pm,2105.8325
2853,1,Telangana - 2026,29-Jan 9pm,2021.9875
2853,2,Telangana - 2026,29-Jan 9pm,2021.9875
2853,3,Telangana - 2026,29-Jan 9pm,2021.9875
2853,4,Telangana - 2026,29-Jan 9pm,2021.9875
2854,1,Telangana - 2026,29-Jan 10pm,1943.2175
2854,2,Telangana - 2026,29-Jan 10pm,1943.2175
2854,3,Telangana - 2026,29-Jan 10pm,1943.2175
2854,4,Telangana - 2026,29-Jan 10pm,1943.2175
2855,1,Telangana - 2026,29-Jan 11pm,1883.1925
2855,2,Telangana - 2026,29-Jan 11pm,1883.1925
2855,3,Telangana - 2026,29-Jan 11pm,1883.1925
2855,4,Telangana - 2026,29-Jan 11pm,1883.1925
2856,1,Telangana - 2026,30-Jan 12am,1935.175
2856,2,Telangana - 2026,30-Jan 12am,1935.175
2856,3,Telangana - 2026,30-Jan 12am,1935.175
2856,4,Telangana - 2026,30-Jan 12am,1935.175
2857,1,Telangana - 2026,30-Jan 1am,2283.7725
2857,2,Telangana - 2026,30-Jan 1am,2283.7725
2857,3,Telangana - 2026,30-Jan 1am,2283.7725
2857,4,Telangana - 2026,30-Jan 1am,2283.7725
2858,1,Telangana - 2026,30-Jan 2am,2325.455
2858,2,Telangana - 2026,30-Jan 2am,2325.455
2858,3,Telangana - 2026,30-Jan 2am,2325.455
2858,4,Telangana - 2026,30-Jan 2am,2325.455
2859,1,Telangana - 2026,30-Jan 3am,2620.2925
2859,2,Telangana - 2026,30-Jan 3am,2620.2925
2859,3,Telangana - 2026,30-Jan 3am,2620.2925
2859,4,Telangana - 2026,30-Jan 3am,2620.2925
2860,1,Telangana - 2026,30-Jan 4am,2748.68
2860,2,Telangana - 2026,30-Jan 4am,2748.68
2860,3,Telangana - 2026,30-Jan 4am,2748.68
2860,4,Telangana - 2026,30-Jan 4am,2748.68
2861,1,Telangana - 2026,30-Jan 5am,2782.9875
2861,2,Telangana - 2026,30-Jan 5am,2782.9875
2861,3,Telangana - 2026,30-Jan 5am,2782.9875
2861,4,Telangana - 2026,30-Jan 5am,2782.9875
2862,1,Telangana - 2026,30-Jan 6am,3058.5625
2862,2,Telangana - 2026,30-Jan 6am,3058.5625
2862,3,Telangana - 2026,30-Jan 6am,3058.5625
2862,4,Telangana - 2026,30-Jan 6am,3058.5625
2863,1,Telangana - 2026,30-Jan 7am,3587.19
2863,2,Telangana - 2026,30-Jan 7am,3587.19
2863,3,Telangana - 2026,30-Jan 7am,3587.19
2863,4,Telangana - 2026,30-Jan 7am,3587.19
2864,1,Telangana - 2026,30-Jan 8am,3636.2275
2864,2,Telangana - 2026,30-Jan 8am,3636.2275
2864,3,Telangana - 2026,30-Jan 8am,3636.2275
2864,4,Telangana - 2026,30-Jan 8am,3636.2275
2865,1,Telangana - 2026,30-Jan 9am,3868.2475
2865,2,Telangana - 2026,30-Jan 9am,3868.2475
2865,3,Telangana - 2026,30-Jan 9am,3868.2475
2865,4,Telangana - 2026,30-Jan 9am,3868.2475
2866,1,Telangana - 2026,30-Jan 10am,3822.8175
2866,2,Telangana - 2026,30-Jan 10am,3822.8175
2866,3,Telangana - 2026,30-Jan 10am,3822.8175
2866,4,Telangana - 2026,30-Jan 10am,3822.8175
2867,1,Telangana - 2026,30-Jan 11am,3788.095
2867,2,Telangana - 2026,30-Jan 11am,3788.095
2867,3,Telangana - 2026,30-Jan 11am,3788.095
2867,4,Telangana - 2026,30-Jan 11am,3788.095
2868,1,Telangana - 2026,30-Jan 12pm,3728.32
2868,2,Telangana - 2026,30-Jan 12pm,3728.32
2868,3,Telangana - 2026,30-Jan 12pm,3728.32
2868,4,Telangana - 2026,30-Jan 12pm,3728.32
2869,1,Telangana - 2026,30-Jan 1pm,3648.6025
2869,2,Telangana - 2026,30-Jan 1pm,3648.6025
2869,3,Telangana - 2026,30-Jan 1pm,3648.6025
2869,4,Telangana - 2026,30-Jan 1pm,3648.6025
2870,1,Telangana - 2026,30-Jan 2pm,3645.0225
2870,2,Telangana - 2026,30-Jan 2pm,3645.0225
2870,3,Telangana - 2026,30-Jan 2pm,3645.0225
2870,4,Telangana - 2026,30-Jan 2pm,3645.0225
2871,1,Telangana - 2026,30-Jan 3pm,3600.1
2871,2,Telangana - 2026,30-Jan 3pm,3600.1
2871,3,Telangana - 2026,30-Jan 3pm,3600.1
2871,4,Telangana - 2026,30-Jan 3pm,3600.1
2872,1,Telangana - 2026,30-Jan 4pm,3600.51
2872,2,Telangana - 2026,30-Jan 4pm,3600.51
2872,3,Telangana - 2026,30-Jan 4pm,3600.51
2872,4,Telangana - 2026,30-Jan 4pm,3600.51
2873,1,Telangana - 2026,30-Jan 5pm,2927.88
2873,2,Telangana - 2026,30-Jan 5pm,2927.88
2873,3,Telangana - 2026,30-Jan 5pm,2927.88
2873,4,Telangana - 2026,30-Jan 5pm,2927.88
2874,1,Telangana - 2026,30-Jan 6pm,2221.6875
2874,2,Telangana - 2026,30-Jan 6pm,2221.6875
2874,3,Telangana - 2026,30-Jan 6pm,2221.6875
2874,4,Telangana - 2026,30-Jan 6pm,2221.6875
2875,1,Telangana - 2026,30-Jan 7pm,2072.7925
2875,2,Telangana - 2026,30-Jan 7pm,2072.7925
2875,3,Telangana - 2026,30-Jan 7pm,2072.7925
2875,4,Telangana - 2026,30-Jan 7pm,2072.7925
2876,1,Telangana - 2026,30-Jan 8pm,2201.145
2876,2,Telangana - 2026,30-Jan 8pm,2201.145
2876,3,Telangana - 2026,30-Jan 8pm,2201.145
2876,4,Telangana - 2026,30-Jan 8pm,2201.145
2877,1,Telangana - 2026,30-Jan 9pm,2138.3075
2877,2,Telangana - 2026,30-Jan 9pm,2138.3075
2877,3,Telangana - 2026,30-Jan 9pm,2138.3075
2877,4,Telangana - 2026,30-Jan 9pm,2138.3075
2878,1,Telangana - 2026,30-Jan 10pm,2045.5375
2878,2,Telangana - 2026,30-Jan 10pm,2045.5375
2878,3,Telangana - 2026,30-Jan 10pm,2045.5375
2878,4,Telangana - 2026,30-Jan 10pm,2045.5375
2879,1,Telangana - 2026,30-Jan 11pm,1936.9325
2879,2,Telangana - 2026,30-Jan 11pm,1936.9325
2879,3,Telangana - 2026,30-Jan 11pm,1936.9325
2879,4,Telangana - 2026,30-Jan 11pm,1936.9325
2880,1,Telangana - 2026,31-Jan 12am,2004.25
2880,2,Telangana - 2026,31-Jan 12am,2004.25
2880,3,Telangana - 2026,31-Jan 12am,2004.25
2880,4,Telangana - 2026,31-Jan 12am,2004.25
2881,1,Telangana - 2026,31-Jan 1am,2337.595
2881,2,Telangana - 2026,31-Jan 1am,2337.595
2881,3,Telangana - 2026,31-Jan 1am,2337.595
2881,4,Telangana - 2026,31-Jan 1am,2337.595
2882,1,Telangana - 2026,31-Jan 2am,2415.1875
2882,2,Telangana - 2026,31-Jan 2am,2415.1875
2882,3,Telangana - 2026,31-Jan 2am,2415.1875
2882,4,Telangana - 2026,31-Jan 2am,2415.1875
2883,1,Telangana - 2026,31-Jan 3am,2687.4775
2883,2,Telangana - 2026,31-Jan 3am,2687.4775
2883,3,Telangana - 2026,31-Jan 3am,2687.4775
2883,4,Telangana - 2026,31-Jan 3am,2687.4775
2884,1,Telangana - 2026,31-Jan 4am,2790.365
2884,2,Telangana - 2026,31-Jan 4am,2790.365
2884,3,Telangana - 2026,31-Jan 4am,2790.365
2884,4,Telangana - 2026,31-Jan 4am,2790.365
2885,1,Telangana - 2026,31-Jan 5am,2896.8575
2885,2,Telangana - 2026,31-Jan 5am,2896.8575
2885,3,Telangana - 2026,31-Jan 5am,2896.8575
2885,4,Telangana - 2026,31-Jan 5am,2896.8575
2886,1,Telangana - 2026,31-Jan 6am,3123.43
2886,2,Telangana - 2026,31-Jan 6am,3123.43
2886,3,Telangana - 2026,31-Jan 6am,3123.43
2886,4,Telangana - 2026,31-Jan 6am,3123.43
2887,1,Telangana - 2026,31-Jan 7am,3448.5825
2887,2,Telangana - 2026,31-Jan 7am,3448.5825
2887,3,Telangana - 2026,31-Jan 7am,3448.5825
2887,4,Telangana - 2026,31-Jan 7am,3448.5825
2888,1,Telangana - 2026,31-Jan 8am,3773.7825
2888,2,Telangana - 2026,31-Jan 8am,3773.7825
2888,3,Telangana - 2026,31-Jan 8am,3773.7825
2888,4,Telangana - 2026,31-Jan 8am,3773.7825
2889,1,Telangana - 2026,31-Jan 9am,3970.6125
2889,2,Telangana - 2026,31-Jan 9am,3970.6125
2889,3,Telangana - 2026,31-Jan 9am,3970.6125
2889,4,Telangana - 2026,31-Jan 9am,3970.6125
2890,1,Telangana - 2026,31-Jan 10am,3884.6775
2890,2,Telangana - 2026,31-Jan 10am,3884.6775
2890,3,Telangana - 2026,31-Jan 10am,3884.6775
2890,4,Telangana - 2026,31-Jan 10am,3884.6775
2891,1,Telangana - 2026,31-Jan 11am,3804.91
2891,2,Telangana - 2026,31-Jan 11am,3804.91
2891,3,Telangana - 2026,31-Jan 11am,3804.91
2891,4,Telangana - 2026,31-Jan 11am,3804.91
2892,1,Telangana - 2026,31-Jan 12pm,3717.18
2892,2,Telangana - 2026,31-Jan 12pm,3717.18
2892,3,Telangana - 2026,31-Jan 12pm,3717.18
2892,4,Telangana - 2026,31-Jan 12pm,3717.18
2893,1,Telangana - 2026,31-Jan 1pm,3623.7025
2893,2,Telangana - 2026,31-Jan 1pm,3623.7025
2893,3,Telangana - 2026,31-Jan 1pm,3623.7025
2893,4,Telangana - 2026,31-Jan 1pm,3623.7025
2894,1,Telangana - 2026,31-Jan 2pm,3583.8275
2894,2,Telangana - 2026,31-Jan 2pm,3583.8275
2894,3,Telangana - 2026,31-Jan 2pm,3583.8275
2894,4,Telangana - 2026,31-Jan 2pm,3583.8275
2895,1,Telangana - 2026,31-Jan 3pm,3627.1125
2895,2,Telangana - 2026,31-Jan 3pm,3627.1125
2895,3,Telangana - 2026,31-Jan 3pm,3627.1125
2895,4,Telangana - 2026,31-Jan 3pm,3627.1125
2896,1,Telangana - 2026,31-Jan 4pm,3597.84
2896,2,Telangana - 2026,31-Jan 4pm,3597.84
2896,3,Telangana - 2026,31-Jan 4pm,3597.84
2896,4,Telangana - 2026,31-Jan 4pm,3597.84
2897,1,Telangana - 2026,31-Jan 5pm,2896.13
2897,2,Telangana - 2026,31-Jan 5pm,2896.13
2897,3,Telangana - 2026,31-Jan 5pm,2896.13
2897,4,Telangana - 2026,31-Jan 5pm,2896.13
2898,1,Telangana - 2026,31-Jan 6pm,2001.8325
2898,2,Telangana - 2026,31-Jan 6pm,2001.8325
2898,3,Telangana - 2026,31-Jan 6pm,2001.8325
2898,4,Telangana - 2026,31-Jan 6pm,2001.8325
2899,1,Telangana - 2026,31-Jan 7pm,1990.06
2899,2,Telangana - 2026,31-Jan 7pm,1990.06
2899,3,Telangana - 2026,31-Jan 7pm,1990.06
2899,4,Telangana - 2026,31-Jan 7pm,1990.06
2900,1,Telangana - 2026,31-Jan 8pm,1854.5125
2900,2,Telangana - 2026,31-Jan 8pm,1854.5125
2900,3,Telangana - 2026,31-Jan 8pm,1854.5125
2900,4,Telangana - 2026,31-Jan 8pm,1854.5125
2901,1,Telangana - 2026,31-Jan 9pm,2091.28
2901,2,Telangana - 2026,31-Jan 9pm,2091.28
2901,3,Telangana - 2026,31-Jan 9pm,2091.28
2901,4,Telangana - 2026,31-Jan 9pm,2091.28
2902,1,Telangana - 2026,31-Jan 10pm,2061.455
2902,2,Telangana - 2026,31-Jan 10pm,2061.455
2902,3,Telangana - 2026,31-Jan 10pm,2061.455
2902,4,Telangana - 2026,31-Jan 10pm,2061.455
2903,1,Telangana - 2026,31-Jan 11pm,1943.68
2903,2,Telangana - 2026,31-Jan 11pm,1943.68
2903,3,Telangana - 2026,31-Jan 11pm,1943.68
2903,4,Telangana - 2026,31-Jan 11pm,1943.68
2904,1,Telangana - 2026,01-Feb 12am,2029.9775
2904,2,Telangana - 2026,01-Feb 12am,2029.9775
2904,3,Telangana - 2026,01-Feb 12am,2029.9775
2904,4,Telangana - 2026,01-Feb 12am,2029.9775
2905,1,Telangana - 2026,01-Feb 1am,2378.7625
2905,2,Telangana - 2026,01-Feb 1am,2378.7625
2905,3,Telangana - 2026,01-Feb 1am,2378.7625
2905,4,Telangana - 2026,01-Feb 1am,2378.7625
2906,1,Telangana - 2026,01-Feb 2am,2444.63
2906,2,Telangana - 2026,01-Feb 2am,2444.63
2906,3,Telangana - 2026,01-Feb 2am,2444.63
2906,4,Telangana - 2026,01-Feb 2am,2444.63
2907,1,Telangana - 2026,01-Feb 3am,2740.0975
2907,2,Telangana - 2026,01-Feb 3am,2740.0975
2907,3,Telangana - 2026,01-Feb 3am,2740.0975
2907,4,Telangana - 2026,01-Feb 3am,2740.0975
2908,1,Telangana - 2026,01-Feb 4am,2844.64
2908,2,Telangana - 2026,01-Feb 4am,2844.64
2908,3,Telangana - 2026,01-Feb 4am,2844.64
2908,4,Telangana - 2026,01-Feb 4am,2844.64
2909,1,Telangana - 2026,01-Feb 5am,2872.1
2909,2,Telangana - 2026,01-Feb 5am,2872.1
2909,3,Telangana - 2026,01-Feb 5am,2872.1
2909,4,Telangana - 2026,01-Feb 5am,2872.1
2910,1,Telangana - 2026,01-Feb 6am,3041.9825
2910,2,Telangana - 2026,01-Feb 6am,3041.9825
2910,3,Telangana - 2026,01-Feb 6am,3041.9825
2910,4,Telangana - 2026,01-Feb 6am,3041.9825
2911,1,Telangana - 2026,01-Feb 7am,3380.945
2911,2,Telangana - 2026,01-Feb 7am,3380.945
2911,3,Telangana - 2026,01-Feb 7am,3380.945
2911,4,Telangana - 2026,01-Feb 7am,3380.945
2912,1,Telangana - 2026,01-Feb 8am,3698.7675
2912,2,Telangana - 2026,01-Feb 8am,3698.7675
2912,3,Telangana - 2026,01-Feb 8am,3698.7675
2912,4,Telangana - 2026,01-Feb 8am,3698.7675
2913,1,Telangana - 2026,01-Feb 9am,3877.4875
2913,2,Telangana - 2026,01-Feb 9am,3877.4875
2913,3,Telangana - 2026,01-Feb 9am,3877.4875
2913,4,Telangana - 2026,01-Feb 9am,3877.4875
2914,1,Telangana - 2026,01-Feb 10am,3781.255
2914,2,Telangana - 2026,01-Feb 10am,3781.255
2914,3,Telangana - 2026,01-Feb 10am,3781.255
2914,4,Telangana - 2026,01-Feb 10am,3781.255
2915,1,Telangana - 2026,01-Feb 11am,3723.5825
2915,2,Telangana - 2026,01-Feb 11am,3723.5825
2915,3,Telangana - 2026,01-Feb 11am,3723.5825
2915,4,Telangana - 2026,01-Feb 11am,3723.5825
2916,1,Telangana - 2026,01-Feb 12pm,3743.7675
2916,2,Telangana - 2026,01-Feb 12pm,3743.7675
2916,3,Telangana - 2026,01-Feb 12pm,3743.7675
2916,4,Telangana - 2026,01-Feb 12pm,3743.7675
2917,1,Telangana - 2026,01-Feb 1pm,3635.0675
2917,2,Telangana - 2026,01-Feb 1pm,3635.0675
2917,3,Telangana - 2026,01-Feb 1pm,3635.0675
2917,4,Telangana - 2026,01-Feb 1pm,3635.0675
2918,1,Telangana - 2026,01-Feb 2pm,3565.875
2918,2,Telangana - 2026,01-Feb 2pm,3565.875
2918,3,Telangana - 2026,01-Feb 2pm,3565.875
2918,4,Telangana - 2026,01-Feb 2pm,3565.875
2919,1,Telangana - 2026,01-Feb 3pm,3547.5425
2919,2,Telangana - 2026,01-Feb 3pm,3547.5425
2919,3,Telangana - 2026,01-Feb 3pm,3547.5425
2919,4,Telangana - 2026,01-Feb 3pm,3547.5425
2920,1,Telangana - 2026,01-Feb 4pm,3471.0625
2920,2,Telangana - 2026,01-Feb 4pm,3471.0625
2920,3,Telangana - 2026,01-Feb 4pm,3471.0625
2920,4,Telangana - 2026,01-Feb 4pm,3471.0625
2921,1,Telangana - 2026,01-Feb 5pm,2757.6625
2921,2,Telangana - 2026,01-Feb 5pm,2757.6625
2921,3,Telangana - 2026,01-Feb 5pm,2757.6625
2921,4,Telangana - 2026,01-Feb 5pm,2757.6625
2922,1,Telangana - 2026,01-Feb 6pm,2146.6
2922,2,Telangana - 2026,01-Feb 6pm,2146.6
2922,3,Telangana - 2026,01-Feb 6pm,2146.6
2922,4,Telangana - 2026,01-Feb 6pm,2146.6
2923,1,Telangana - 2026,01-Feb 7pm,2051.605
2923,2,Telangana - 2026,01-Feb 7pm,2051.605
2923,3,Telangana - 2026,01-Feb 7pm,2051.605
2923,4,Telangana - 2026,01-Feb 7pm,2051.605
2924,1,Telangana - 2026,01-Feb 8pm,1979.69
2924,2,Telangana - 2026,01-Feb 8pm,1979.69
2924,3,Telangana - 2026,01-Feb 8pm,1979.69
2924,4,Telangana - 2026,01-Feb 8pm,1979.69
2925,1,Telangana - 2026,01-Feb 9pm,1939.7075
2925,2,Telangana - 2026,01-Feb 9pm,1939.7075
2925,3,Telangana - 2026,01-Feb 9pm,1939.7075
2925,4,Telangana - 2026,01-Feb 9pm,1939.7075
2926,1,Telangana - 2026,01-Feb 10pm,1847.9025
2926,2,Telangana - 2026,01-Feb 10pm,1847.9025
2926,3,Telangana - 2026,01-Feb 10pm,1847.9025
2926,4,Telangana - 2026,01-Feb 10pm,1847.9025
2927,1,Telangana - 2026,01-Feb 11pm,1764.445
2927,2,Telangana - 2026,01-Feb 11pm,1764.445
2927,3,Telangana - 2026,01-Feb 11pm,1764.445
2927,4,Telangana - 2026,01-Feb 11pm,1764.445
2928,1,Telangana - 2026,02-Feb 12am,1891.8975
2928,2,Telangana - 2026,02-Feb 12am,1891.8975
2928,3,Telangana - 2026,02-Feb 12am,1891.8975
2928,4,Telangana - 2026,02-Feb 12am,1891.8975
2929,1,Telangana - 2026,02-Feb 1am,2234.375
2929,2,Telangana - 2026,02-Feb 1am,2234.375
2929,3,Telangana - 2026,02-Feb 1am,2234.375
2929,4,Telangana - 2026,02-Feb 1am,2234.375
2930,1,Telangana - 2026,02-Feb 2am,2289.54
2930,2,Telangana - 2026,02-Feb 2am,2289.54
2930,3,Telangana - 2026,02-Feb 2am,2289.54
2930,4,Telangana - 2026,02-Feb 2am,2289.54
2931,1,Telangana - 2026,02-Feb 3am,2615.3425
2931,2,Telangana - 2026,02-Feb 3am,2615.3425
2931,3,Telangana - 2026,02-Feb 3am,2615.3425
2931,4,Telangana - 2026,02-Feb 3am,2615.3425
2932,1,Telangana - 2026,02-Feb 4am,2686.01
2932,2,Telangana - 2026,02-Feb 4am,2686.01
2932,3,Telangana - 2026,02-Feb 4am,2686.01
2932,4,Telangana - 2026,02-Feb 4am,2686.01
2933,1,Telangana - 2026,02-Feb 5am,2774.725
2933,2,Telangana - 2026,02-Feb 5am,2774.725
2933,3,Telangana - 2026,02-Feb 5am,2774.725
2933,4,Telangana - 2026,02-Feb 5am,2774.725
2934,1,Telangana - 2026,02-Feb 6am,3014.92
2934,2,Telangana - 2026,02-Feb 6am,3014.92
2934,3,Telangana - 2026,02-Feb 6am,3014.92
2934,4,Telangana - 2026,02-Feb 6am,3014.92
2935,1,Telangana - 2026,02-Feb 7am,3353.1825
2935,2,Telangana - 2026,02-Feb 7am,3353.1825
2935,3,Telangana - 2026,02-Feb 7am,3353.1825
2935,4,Telangana - 2026,02-Feb 7am,3353.1825
2936,1,Telangana - 2026,02-Feb 8am,3616.0175
2936,2,Telangana - 2026,02-Feb 8am,3616.0175
2936,3,Telangana - 2026,02-Feb 8am,3616.0175
2936,4,Telangana - 2026,02-Feb 8am,3616.0175
2937,1,Telangana - 2026,02-Feb 9am,3706.5325
2937,2,Telangana - 2026,02-Feb 9am,3706.5325
2937,3,Telangana - 2026,02-Feb 9am,3706.5325
2937,4,Telangana - 2026,02-Feb 9am,3706.5325
2938,1,Telangana - 2026,02-Feb 10am,3825.115
2938,2,Telangana - 2026,02-Feb 10am,3825.115
2938,3,Telangana - 2026,02-Feb 10am,3825.115
2938,4,Telangana - 2026,02-Feb 10am,3825.115
2939,1,Telangana - 2026,02-Feb 11am,3737.44
2939,2,Telangana - 2026,02-Feb 11am,3737.44
2939,3,Telangana - 2026,02-Feb 11am,3737.44
2939,4,Telangana - 2026,02-Feb 11am,3737.44
2940,1,Telangana - 2026,02-Feb 12pm,3727.405
2940,2,Telangana - 2026,02-Feb 12pm,3727.405
2940,3,Telangana - 2026,02-Feb 12pm,3727.405
2940,4,Telangana - 2026,02-Feb 12pm,3727.405
2941,1,Telangana - 2026,02-Feb 1pm,3642.34
2941,2,Telangana - 2026,02-Feb 1pm,3642.34
2941,3,Telangana - 2026,02-Feb 1pm,3642.34
2941,4,Telangana - 2026,02-Feb 1pm,3642.34
2942,1,Telangana - 2026,02-Feb 2pm,3570.365
2942,2,Telangana - 2026,02-Feb 2pm,3570.365
2942,3,Telangana - 2026,02-Feb 2pm,3570.365
2942,4,Telangana - 2026,02-Feb 2pm,3570.365
2943,1,Telangana - 2026,02-Feb 3pm,3557.17
2943,2,Telangana - 2026,02-Feb 3pm,3557.17
2943,3,Telangana - 2026,02-Feb 3pm,3557.17
2943,4,Telangana - 2026,02-Feb 3pm,3557.17
2944,1,Telangana - 2026,02-Feb 4pm,3582.3775
2944,2,Telangana - 2026,02-Feb 4pm,3582.3775
2944,3,Telangana - 2026,02-Feb 4pm,3582.3775
2944,4,Telangana - 2026,02-Feb 4pm,3582.3775
2945,1,Telangana - 2026,02-Feb 5pm,2839.9775
2945,2,Telangana - 2026,02-Feb 5pm,2839.9775
2945,3,Telangana - 2026,02-Feb 5pm,2839.9775
2945,4,Telangana - 2026,02-Feb 5pm,2839.9775
2946,1,Telangana - 2026,02-Feb 6pm,2273.73
2946,2,Telangana - 2026,02-Feb 6pm,2273.73
2946,3,Telangana - 2026,02-Feb 6pm,2273.73
2946,4,Telangana - 2026,02-Feb 6pm,2273.73
2947,1,Telangana - 2026,02-Feb 7pm,2296.59
2947,2,Telangana - 2026,02-Feb 7pm,2296.59
2947,3,Telangana - 2026,02-Feb 7pm,2296.59
2947,4,Telangana - 2026,02-Feb 7pm,2296.59
2948,1,Telangana - 2026,02-Feb 8pm,2183.4325
2948,2,Telangana - 2026,02-Feb 8pm,2183.4325
2948,3,Telangana - 2026,02-Feb 8pm,2183.4325
2948,4,Telangana - 2026,02-Feb 8pm,2183.4325
2949,1,Telangana - 2026,02-Feb 9pm,2078.645
2949,2,Telangana - 2026,02-Feb 9pm,2078.645
2949,3,Telangana - 2026,02-Feb 9pm,2078.645
2949,4,Telangana - 2026,02-Feb 9pm,2078.645
2950,1,Telangana - 2026,02-Feb 10pm,2020.945
2950,2,Telangana - 2026,02-Feb 10pm,2020.945
2950,3,Telangana - 2026,02-Feb 10pm,2020.945
2950,4,Telangana - 2026,02-Feb 10pm,2020.945
2951,1,Telangana - 2026,02-Feb 11pm,1953.5225
2951,2,Telangana - 2026,02-Feb 11pm,1953.5225
2951,3,Telangana - 2026,02-Feb 11pm,1953.5225
2951,4,Telangana - 2026,02-Feb 11pm,1953.5225
2952,1,Telangana - 2026,03-Feb 12am,2013.7975
2952,2,Telangana - 2026,03-Feb 12am,2013.7975
2952,3,Telangana - 2026,03-Feb 12am,2013.7975
2952,4,Telangana - 2026,03-Feb 12am,2013.7975
2953,1,Telangana - 2026,03-Feb 1am,2334.815
2953,2,Telangana - 2026,03-Feb 1am,2334.815
2953,3,Telangana - 2026,03-Feb 1am,2334.815
2953,4,Telangana - 2026,03-Feb 1am,2334.815
2954,1,Telangana - 2026,03-Feb 2am,2394.4075
2954,2,Telangana - 2026,03-Feb 2am,2394.4075
2954,3,Telangana - 2026,03-Feb 2am,2394.4075
2954,4,Telangana - 2026,03-Feb 2am,2394.4075
2955,1,Telangana - 2026,03-Feb 3am,2653.46
2955,2,Telangana - 2026,03-Feb 3am,2653.46
2955,3,Telangana - 2026,03-Feb 3am,2653.46
2955,4,Telangana - 2026,03-Feb 3am,2653.46
2956,1,Telangana - 2026,03-Feb 4am,2795.0475
2956,2,Telangana - 2026,03-Feb 4am,2795.0475
2956,3,Telangana - 2026,03-Feb 4am,2795.0475
2956,4,Telangana - 2026,03-Feb 4am,2795.0475
2957,1,Telangana - 2026,03-Feb 5am,2872.4525
2957,2,Telangana - 2026,03-Feb 5am,2872.4525
2957,3,Telangana - 2026,03-Feb 5am,2872.4525
2957,4,Telangana - 2026,03-Feb 5am,2872.4525
2958,1,Telangana - 2026,03-Feb 6am,3068.735
2958,2,Telangana - 2026,03-Feb 6am,3068.735
2958,3,Telangana - 2026,03-Feb 6am,3068.735
2958,4,Telangana - 2026,03-Feb 6am,3068.735
2959,1,Telangana - 2026,03-Feb 7am,3712.5725
2959,2,Telangana - 2026,03-Feb 7am,3712.5725
2959,3,Telangana - 2026,03-Feb 7am,3712.5725
2959,4,Telangana - 2026,03-Feb 7am,3712.5725
2960,1,Telangana - 2026,03-Feb 8am,4037.3625
2960,2,Telangana - 2026,03-Feb 8am,4037.3625
2960,3,Telangana - 2026,03-Feb 8am,4037.3625
2960,4,Telangana - 2026,03-Feb 8am,4037.3625
2961,1,Telangana - 2026,03-Feb 9am,3925.885
2961,2,Telangana - 2026,03-Feb 9am,3925.885
2961,3,Telangana - 2026,03-Feb 9am,3925.885
2961,4,Telangana - 2026,03-Feb 9am,3925.885
2962,1,Telangana - 2026,03-Feb 10am,3851.955
2962,2,Telangana - 2026,03-Feb 10am,3851.955
2962,3,Telangana - 2026,03-Feb 10am,3851.955
2962,4,Telangana - 2026,03-Feb 10am,3851.955
2963,1,Telangana - 2026,03-Feb 11am,3805.195
2963,2,Telangana - 2026,03-Feb 11am,3805.195
2963,3,Telangana - 2026,03-Feb 11am,3805.195
2963,4,Telangana - 2026,03-Feb 11am,3805.195
2964,1,Telangana - 2026,03-Feb 12pm,3761.7225
2964,2,Telangana - 2026,03-Feb 12pm,3761.7225
2964,3,Telangana - 2026,03-Feb 12pm,3761.7225
2964,4,Telangana - 2026,03-Feb 12pm,3761.7225
2965,1,Telangana - 2026,03-Feb 1pm,3682.365
2965,2,Telangana - 2026,03-Feb 1pm,3682.365
2965,3,Telangana - 2026,03-Feb 1pm,3682.365
2965,4,Telangana - 2026,03-Feb 1pm,3682.365
2966,1,Telangana - 2026,03-Feb 2pm,3656.305
2966,2,Telangana - 2026,03-Feb 2pm,3656.305
2966,3,Telangana - 2026,03-Feb 2pm,3656.305
2966,4,Telangana - 2026,03-Feb 2pm,3656.305
2967,1,Telangana - 2026,03-Feb 3pm,3688.4175
2967,2,Telangana - 2026,03-Feb 3pm,3688.4175
2967,3,Telangana - 2026,03-Feb 3pm,3688.4175
2967,4,Telangana - 2026,03-Feb 3pm,3688.4175
2968,1,Telangana - 2026,03-Feb 4pm,3652.805
2968,2,Telangana - 2026,03-Feb 4pm,3652.805
2968,3,Telangana - 2026,03-Feb 4pm,3652.805
2968,4,Telangana - 2026,03-Feb 4pm,3652.805
2969,1,Telangana - 2026,03-Feb 5pm,3020.245
2969,2,Telangana - 2026,03-Feb 5pm,3020.245
2969,3,Telangana - 2026,03-Feb 5pm,3020.245
2969,4,Telangana - 2026,03-Feb 5pm,3020.245
2970,1,Telangana - 2026,03-Feb 6pm,2344.555
2970,2,Telangana - 2026,03-Feb 6pm,2344.555
2970,3,Telangana - 2026,03-Feb 6pm,2344.555
2970,4,Telangana - 2026,03-Feb 6pm,2344.555
2971,1,Telangana - 2026,03-Feb 7pm,2372.205
2971,2,Telangana - 2026,03-Feb 7pm,2372.205
2971,3,Telangana - 2026,03-Feb 7pm,2372.205
2971,4,Telangana - 2026,03-Feb 7pm,2372.205
2972,1,Telangana - 2026,03-Feb 8pm,2231.6
2972,2,Telangana - 2026,03-Feb 8pm,2231.6
2972,3,Telangana - 2026,03-Feb 8pm,2231.6
2972,4,Telangana - 2026,03-Feb 8pm,2231.6
2973,1,Telangana - 2026,03-Feb 9pm,2121.1375
2973,2,Telangana - 2026,03-Feb 9pm,2121.1375
2973,3,Telangana - 2026,03-Feb 9pm,2121.1375
2973,4,Telangana - 2026,03-Feb 9pm,2121.1375
2974,1,Telangana - 2026,03-Feb 10pm,2066.02
2974,2,Telangana - 2026,03-Feb 10pm,2066.02
2974,3,Telangana - 2026,03-Feb 10pm,2066.02
2974,4,Telangana - 2026,03-Feb 10pm,2066.02
2975,1,Telangana - 2026,03-Feb 11pm,2036.6875
2975,2,Telangana - 2026,03-Feb 11pm,2036.6875
2975,3,Telangana - 2026,03-Feb 11pm,2036.6875
2975,4,Telangana - 2026,03-Feb 11pm,2036.6875
2976,1,Telangana - 2026,04-Feb 12am,2073.115
2976,2,Telangana - 2026,04-Feb 12am,2073.115
2976,3,Telangana - 2026,04-Feb 12am,2073.115
2976,4,Telangana - 2026,04-Feb 12am,2073.115
2977,1,Telangana - 2026,04-Feb 1am,2438.9525
2977,2,Telangana - 2026,04-Feb 1am,2438.9525
2977,3,Telangana - 2026,04-Feb 1am,2438.9525
2977,4,Telangana - 2026,04-Feb 1am,2438.9525
2978,1,Telangana - 2026,04-Feb 2am,2513.2075
2978,2,Telangana - 2026,04-Feb 2am,2513.2075
2978,3,Telangana - 2026,04-Feb 2am,2513.2075
2978,4,Telangana - 2026,04-Feb 2am,2513.2075
2979,1,Telangana - 2026,04-Feb 3am,2791.82
2979,2,Telangana - 2026,04-Feb 3am,2791.82
2979,3,Telangana - 2026,04-Feb 3am,2791.82
2979,4,Telangana - 2026,04-Feb 3am,2791.82
2980,1,Telangana - 2026,04-Feb 4am,2879.7825
2980,2,Telangana - 2026,04-Feb 4am,2879.7825
2980,3,Telangana - 2026,04-Feb 4am,2879.7825
2980,4,Telangana - 2026,04-Feb 4am,2879.7825
2981,1,Telangana - 2026,04-Feb 5am,2949.85
2981,2,Telangana - 2026,04-Feb 5am,2949.85
2981,3,Telangana - 2026,04-Feb 5am,2949.85
2981,4,Telangana - 2026,04-Feb 5am,2949.85
2982,1,Telangana - 2026,04-Feb 6am,3219.7975
2982,2,Telangana - 2026,04-Feb 6am,3219.7975
2982,3,Telangana - 2026,04-Feb 6am,3219.7975
2982,4,Telangana - 2026,04-Feb 6am,3219.7975
2983,1,Telangana - 2026,04-Feb 7am,3745.4575
2983,2,Telangana - 2026,04-Feb 7am,3745.4575
2983,3,Telangana - 2026,04-Feb 7am,3745.4575
2983,4,Telangana - 2026,04-Feb 7am,3745.4575
2984,1,Telangana - 2026,04-Feb 8am,4088.2225
2984,2,Telangana - 2026,04-Feb 8am,4088.2225
2984,3,Telangana - 2026,04-Feb 8am,4088.2225
2984,4,Telangana - 2026,04-Feb 8am,4088.2225
2985,1,Telangana - 2026,04-Feb 9am,3969.9875
2985,2,Telangana - 2026,04-Feb 9am,3969.9875
2985,3,Telangana - 2026,04-Feb 9am,3969.9875
2985,4,Telangana - 2026,04-Feb 9am,3969.9875
2986,1,Telangana - 2026,04-Feb 10am,3790.635
2986,2,Telangana - 2026,04-Feb 10am,3790.635
2986,3,Telangana - 2026,04-Feb 10am,3790.635
2986,4,Telangana - 2026,04-Feb 10am,3790.635
2987,1,Telangana - 2026,04-Feb 11am,3707.1125
2987,2,Telangana - 2026,04-Feb 11am,3707.1125
2987,3,Telangana - 2026,04-Feb 11am,3707.1125
2987,4,Telangana - 2026,04-Feb 11am,3707.1125
2988,1,Telangana - 2026,04-Feb 12pm,3657.355
2988,2,Telangana - 2026,04-Feb 12pm,3657.355
2988,3,Telangana - 2026,04-Feb 12pm,3657.355
2988,4,Telangana - 2026,04-Feb 12pm,3657.355
2989,1,Telangana - 2026,04-Feb 1pm,3626.3975
2989,2,Telangana - 2026,04-Feb 1pm,3626.3975
2989,3,Telangana - 2026,04-Feb 1pm,3626.3975
2989,4,Telangana - 2026,04-Feb 1pm,3626.3975
2990,1,Telangana - 2026,04-Feb 2pm,3524.52
2990,2,Telangana - 2026,04-Feb 2pm,3524.52
2990,3,Telangana - 2026,04-Feb 2pm,3524.52
2990,4,Telangana - 2026,04-Feb 2pm,3524.52
2991,1,Telangana - 2026,04-Feb 3pm,3577.095
2991,2,Telangana - 2026,04-Feb 3pm,3577.095
2991,3,Telangana - 2026,04-Feb 3pm,3577.095
2991,4,Telangana - 2026,04-Feb 3pm,3577.095
2992,1,Telangana - 2026,04-Feb 4pm,3610.1425
2992,2,Telangana - 2026,04-Feb 4pm,3610.1425
2992,3,Telangana - 2026,04-Feb 4pm,3610.1425
2992,4,Telangana - 2026,04-Feb 4pm,3610.1425
2993,1,Telangana - 2026,04-Feb 5pm,2804.2675
2993,2,Telangana - 2026,04-Feb 5pm,2804.2675
2993,3,Telangana - 2026,04-Feb 5pm,2804.2675
2993,4,Telangana - 2026,04-Feb 5pm,2804.2675
2994,1,Telangana - 2026,04-Feb 6pm,2184.7525
2994,2,Telangana - 2026,04-Feb 6pm,2184.7525
2994,3,Telangana - 2026,04-Feb 6pm,2184.7525
2994,4,Telangana - 2026,04-Feb 6pm,2184.7525
2995,1,Telangana - 2026,04-Feb 7pm,2221.88
2995,2,Telangana - 2026,04-Feb 7pm,2221.88
2995,3,Telangana - 2026,04-Feb 7pm,2221.88
2995,4,Telangana - 2026,04-Feb 7pm,2221.88
2996,1,Telangana - 2026,04-Feb 8pm,2154.0875
2996,2,Telangana - 2026,04-Feb 8pm,2154.0875
2996,3,Telangana - 2026,04-Feb 8pm,2154.0875
2996,4,Telangana - 2026,04-Feb 8pm,2154.0875
2997,1,Telangana - 2026,04-Feb 9pm,2061.21
2997,2,Telangana - 2026,04-Feb 9pm,2061.21
2997,3,Telangana - 2026,04-Feb 9pm,2061.21
2997,4,Telangana - 2026,04-Feb 9pm,2061.21
2998,1,Telangana - 2026,04-Feb 10pm,1902.34
2998,2,Telangana - 2026,04-Feb 10pm,1902.34
2998,3,Telangana - 2026,04-Feb 10pm,1902.34
2998,4,Telangana - 2026,04-Feb 10pm,1902.34
2999,1,Telangana - 2026,04-Feb 11pm,1795.375
2999,2,Telangana - 2026,04-Feb 11pm,1795.375
2999,3,Telangana - 2026,04-Feb 11pm,1795.375
2999,4,Telangana - 2026,04-Feb 11pm,1795.375
3000,1,Telangana - 2026,05-Feb 12am,1864.36
3000,2,Telangana - 2026,05-Feb 12am,1864.36
3000,3,Telangana - 2026,05-Feb 12am,1864.36
3000,4,Telangana - 2026,05-Feb 12am,1864.36
3001,1,Telangana - 2026,05-Feb 1am,2194.0525
3001,2,Telangana - 2026,05-Feb 1am,2194.0525
3001,3,Telangana - 2026,05-Feb 1am,2194.0525
3001,4,Telangana - 2026,05-Feb 1am,2194.0525
3002,1,Telangana - 2026,05-Feb 2am,2281.7
3002,2,Telangana - 2026,05-Feb 2am,2281.7
3002,3,Telangana - 2026,05-Feb 2am,2281.7
3002,4,Telangana - 2026,05-Feb 2am,2281.7
3003,1,Telangana - 2026,05-Feb 3am,2568.4575
3003,2,Telangana - 2026,05-Feb 3am,2568.4575
3003,3,Telangana - 2026,05-Feb 3am,2568.4575
3003,4,Telangana - 2026,05-Feb 3am,2568.4575
3004,1,Telangana - 2026,05-Feb 4am,2672.1875
3004,2,Telangana - 2026,05-Feb 4am,2672.1875
3004,3,Telangana - 2026,05-Feb 4am,2672.1875
3004,4,Telangana - 2026,05-Feb 4am,2672.1875
3005,1,Telangana - 2026,05-Feb 5am,2807.1075
3005,2,Telangana - 2026,05-Feb 5am,2807.1075
3005,3,Telangana - 2026,05-Feb 5am,2807.1075
3005,4,Telangana - 2026,05-Feb 5am,2807.1075
3006,1,Telangana - 2026,05-Feb 6am,3035.0925
3006,2,Telangana - 2026,05-Feb 6am,3035.0925
3006,3,Telangana - 2026,05-Feb 6am,3035.0925
3006,4,Telangana - 2026,05-Feb 6am,3035.0925
3007,1,Telangana - 2026,05-Feb 7am,3604.1275
3007,2,Telangana - 2026,05-Feb 7am,3604.1275
3007,3,Telangana - 2026,05-Feb 7am,3604.1275
3007,4,Telangana - 2026,05-Feb 7am,3604.1275
3008,1,Telangana - 2026,05-Feb 8am,3952.5875
3008,2,Telangana - 2026,05-Feb 8am,3952.5875
3008,3,Telangana - 2026,05-Feb 8am,3952.5875
3008,4,Telangana - 2026,05-Feb 8am,3952.5875
3009,1,Telangana - 2026,05-Feb 9am,3816.2275
3009,2,Telangana - 2026,05-Feb 9am,3816.2275
3009,3,Telangana - 2026,05-Feb 9am,3816.2275
3009,4,Telangana - 2026,05-Feb 9am,3816.2275
3010,1,Telangana - 2026,05-Feb 10am,3770.21
3010,2,Telangana - 2026,05-Feb 10am,3770.21
3010,3,Telangana - 2026,05-Feb 10am,3770.21
3010,4,Telangana - 2026,05-Feb 10am,3770.21
3011,1,Telangana - 2026,05-Feb 11am,3722.885
3011,2,Telangana - 2026,05-Feb 11am,3722.885
3011,3,Telangana - 2026,05-Feb 11am,3722.885
3011,4,Telangana - 2026,05-Feb 11am,3722.885
3012,1,Telangana - 2026,05-Feb 12pm,3627.62
3012,2,Telangana - 2026,05-Feb 12pm,3627.62
3012,3,Telangana - 2026,05-Feb 12pm,3627.62
3012,4,Telangana - 2026,05-Feb 12pm,3627.62
3013,1,Telangana - 2026,05-Feb 1pm,3563.72
3013,2,Telangana - 2026,05-Feb 1pm,3563.72
3013,3,Telangana - 2026,05-Feb 1pm,3563.72
3013,4,Telangana - 2026,05-Feb 1pm,3563.72
3014,1,Telangana - 2026,05-Feb 2pm,3522.5825
3014,2,Telangana - 2026,05-Feb 2pm,3522.5825
3014,3,Telangana - 2026,05-Feb 2pm,3522.5825
3014,4,Telangana - 2026,05-Feb 2pm,3522.5825
3015,1,Telangana - 2026,05-Feb 3pm,3532.655
3015,2,Telangana - 2026,05-Feb 3pm,3532.655
3015,3,Telangana - 2026,05-Feb 3pm,3532.655
3015,4,Telangana - 2026,05-Feb 3pm,3532.655
3016,1,Telangana - 2026,05-Feb 4pm,3603.1625
3016,2,Telangana - 2026,05-Feb 4pm,3603.1625
3016,3,Telangana - 2026,05-Feb 4pm,3603.1625
3016,4,Telangana - 2026,05-Feb 4pm,3603.1625
3017,1,Telangana - 2026,05-Feb 5pm,2859.3925
3017,2,Telangana - 2026,05-Feb 5pm,2859.3925
3017,3,Telangana - 2026,05-Feb 5pm,2859.3925
3017,4,Telangana - 2026,05-Feb 5pm,2859.3925
3018,1,Telangana - 2026,05-Feb 6pm,2274.3375
3018,2,Telangana - 2026,05-Feb 6pm,2274.3375
3018,3,Telangana - 2026,05-Feb 6pm,2274.3375
3018,4,Telangana - 2026,05-Feb 6pm,2274.3375
3019,1,Telangana - 2026,05-Feb 7pm,2295.1175
3019,2,Telangana - 2026,05-Feb 7pm,2295.1175
3019,3,Telangana - 2026,05-Feb 7pm,2295.1175
3019,4,Telangana - 2026,05-Feb 7pm,2295.1175
3020,1,Telangana - 2026,05-Feb 8pm,2169.4675
3020,2,Telangana - 2026,05-Feb 8pm,2169.4675
3020,3,Telangana - 2026,05-Feb 8pm,2169.4675
3020,4,Telangana - 2026,05-Feb 8pm,2169.4675
3021,1,Telangana - 2026,05-Feb 9pm,2066.0975
3021,2,Telangana - 2026,05-Feb 9pm,2066.0975
3021,3,Telangana - 2026,05-Feb 9pm,2066.0975
3021,4,Telangana - 2026,05-Feb 9pm,2066.0975
3022,1,Telangana - 2026,05-Feb 10pm,1990.02
3022,2,Telangana - 2026,05-Feb 10pm,1990.02
3022,3,Telangana - 2026,05-Feb 10pm,1990.02
3022,4,Telangana - 2026,05-Feb 10pm,1990.02
3023,1,Telangana - 2026,05-Feb 11pm,1934.15
3023,2,Telangana - 2026,05-Feb 11pm,1934.15
3023,3,Telangana - 2026,05-Feb 11pm,1934.15
3023,4,Telangana - 2026,05-Feb 11pm,1934.15
3024,1,Telangana - 2026,06-Feb 12am,1989.695
3024,2,Telangana - 2026,06-Feb 12am,1989.695
3024,3,Telangana - 2026,06-Feb 12am,1989.695
3024,4,Telangana - 2026,06-Feb 12am,1989.695
3025,1,Telangana - 2026,06-Feb 1am,2324.58
3025,2,Telangana - 2026,06-Feb 1am,2324.58
3025,3,Telangana - 2026,06-Feb 1am,2324.58
3025,4,Telangana - 2026,06-Feb 1am,2324.58
3026,1,Telangana - 2026,06-Feb 2am,2383.3725
3026,2,Telangana - 2026,06-Feb 2am,2383.3725
3026,3,Telangana - 2026,06-Feb 2am,2383.3725
3026,4,Telangana - 2026,06-Feb 2am,2383.3725
3027,1,Telangana - 2026,06-Feb 3am,2649.28
3027,2,Telangana - 2026,06-Feb 3am,2649.28
3027,3,Telangana - 2026,06-Feb 3am,2649.28
3027,4,Telangana - 2026,06-Feb 3am,2649.28
3028,1,Telangana - 2026,06-Feb 4am,2775.2325
3028,2,Telangana - 2026,06-Feb 4am,2775.2325
3028,3,Telangana - 2026,06-Feb 4am,2775.2325
3028,4,Telangana - 2026,06-Feb 4am,2775.2325
3029,1,Telangana - 2026,06-Feb 5am,2858.015
3029,2,Telangana - 2026,06-Feb 5am,2858.015
3029,3,Telangana - 2026,06-Feb 5am,2858.015
3029,4,Telangana - 2026,06-Feb 5am,2858.015
3030,1,Telangana - 2026,06-Feb 6am,3109.68
3030,2,Telangana - 2026,06-Feb 6am,3109.68
3030,3,Telangana - 2026,06-Feb 6am,3109.68
3030,4,Telangana - 2026,06-Feb 6am,3109.68
3031,1,Telangana - 2026,06-Feb 7am,3724.85
3031,2,Telangana - 2026,06-Feb 7am,3724.85
3031,3,Telangana - 2026,06-Feb 7am,3724.85
3031,4,Telangana - 2026,06-Feb 7am,3724.85
3032,1,Telangana - 2026,06-Feb 8am,4042.325
3032,2,Telangana - 2026,06-Feb 8am,4042.325
3032,3,Telangana - 2026,06-Feb 8am,4042.325
3032,4,Telangana - 2026,06-Feb 8am,4042.325
3033,1,Telangana - 2026,06-Feb 9am,3894.7625
3033,2,Telangana - 2026,06-Feb 9am,3894.7625
3033,3,Telangana - 2026,06-Feb 9am,3894.7625
3033,4,Telangana - 2026,06-Feb 9am,3894.7625
3034,1,Telangana - 2026,06-Feb 10am,3797.985
3034,2,Telangana - 2026,06-Feb 10am,3797.985
3034,3,Telangana - 2026,06-Feb 10am,3797.985
3034,4,Telangana - 2026,06-Feb 10am,3797.985
3035,1,Telangana - 2026,06-Feb 11am,3759.455
3035,2,Telangana - 2026,06-Feb 11am,3759.455
3035,3,Telangana - 2026,06-Feb 11am,3759.455
3035,4,Telangana - 2026,06-Feb 11am,3759.455
3036,1,Telangana - 2026,06-Feb 12pm,3743.0925
3036,2,Telangana - 2026,06-Feb 12pm,3743.0925
3036,3,Telangana - 2026,06-Feb 12pm,3743.0925
3036,4,Telangana - 2026,06-Feb 12pm,3743.0925
3037,1,Telangana - 2026,06-Feb 1pm,3660.9125
3037,2,Telangana - 2026,06-Feb 1pm,3660.9125
3037,3,Telangana - 2026,06-Feb 1pm,3660.9125
3037,4,Telangana - 2026,06-Feb 1pm,3660.9125
3038,1,Telangana - 2026,06-Feb 2pm,3601.7575
3038,2,Telangana - 2026,06-Feb 2pm,3601.7575
3038,3,Telangana - 2026,06-Feb 2pm,3601.7575
3038,4,Telangana - 2026,06-Feb 2pm,3601.7575
3039,1,Telangana - 2026,06-Feb 3pm,3612.96
3039,2,Telangana - 2026,06-Feb 3pm,3612.96
3039,3,Telangana - 2026,06-Feb 3pm,3612.96
3039,4,Telangana - 2026,06-Feb 3pm,3612.96
3040,1,Telangana - 2026,06-Feb 4pm,3626.03
3040,2,Telangana - 2026,06-Feb 4pm,3626.03
3040,3,Telangana - 2026,06-Feb 4pm,3626.03
3040,4,Telangana - 2026,06-Feb 4pm,3626.03
3041,1,Telangana - 2026,06-Feb 5pm,2874.4575
3041,2,Telangana - 2026,06-Feb 5pm,2874.4575
3041,3,Telangana - 2026,06-Feb 5pm,2874.4575
3041,4,Telangana - 2026,06-Feb 5pm,2874.4575
3042,1,Telangana - 2026,06-Feb 6pm,2210.355
3042,2,Telangana - 2026,06-Feb 6pm,2210.355
3042,3,Telangana - 2026,06-Feb 6pm,2210.355
3042,4,Telangana - 2026,06-Feb 6pm,2210.355
3043,1,Telangana - 2026,06-Feb 7pm,2286.505
3043,2,Telangana - 2026,06-Feb 7pm,2286.505
3043,3,Telangana - 2026,06-Feb 7pm,2286.505
3043,4,Telangana - 2026,06-Feb 7pm,2286.505
3044,1,Telangana - 2026,06-Feb 8pm,2160.8125
3044,2,Telangana - 2026,06-Feb 8pm,2160.8125
3044,3,Telangana - 2026,06-Feb 8pm,2160.8125
3044,4,Telangana - 2026,06-Feb 8pm,2160.8125
3045,1,Telangana - 2026,06-Feb 9pm,2070.05
3045,2,Telangana - 2026,06-Feb 9pm,2070.05
3045,3,Telangana - 2026,06-Feb 9pm,2070.05
3045,4,Telangana - 2026,06-Feb 9pm,2070.05
3046,1,Telangana - 2026,06-Feb 10pm,1967.8175
3046,2,Telangana - 2026,06-Feb 10pm,1967.8175
3046,3,Telangana - 2026,06-Feb 10pm,1967.8175
3046,4,Telangana - 2026,06-Feb 10pm,1967.8175
3047,1,Telangana - 2026,06-Feb 11pm,1912.865
3047,2,Telangana - 2026,06-Feb 11pm,1912.865
3047,3,Telangana - 2026,06-Feb 11pm,1912.865
3047,4,Telangana - 2026,06-Feb 11pm,1912.865
3048,1,Telangana - 2026,07-Feb 12am,1946.155
3048,2,Telangana - 2026,07-Feb 12am,1946.155
3048,3,Telangana - 2026,07-Feb 12am,1946.155
3048,4,Telangana - 2026,07-Feb 12am,1946.155
3049,1,Telangana - 2026,07-Feb 1am,2268.8225
3049,2,Telangana - 2026,07-Feb 1am,2268.8225
3049,3,Telangana - 2026,07-Feb 1am,2268.8225
3049,4,Telangana - 2026,07-Feb 1am,2268.8225
3050,1,Telangana - 2026,07-Feb 2am,2372.78
3050,2,Telangana - 2026,07-Feb 2am,2372.78
3050,3,Telangana - 2026,07-Feb 2am,2372.78
3050,4,Telangana - 2026,07-Feb 2am,2372.78
3051,1,Telangana - 2026,07-Feb 3am,2649.0475
3051,2,Telangana - 2026,07-Feb 3am,2649.0475
3051,3,Telangana - 2026,07-Feb 3am,2649.0475
3051,4,Telangana - 2026,07-Feb 3am,2649.0475
3052,1,Telangana - 2026,07-Feb 4am,2776.3975
3052,2,Telangana - 2026,07-Feb 4am,2776.3975
3052,3,Telangana - 2026,07-Feb 4am,2776.3975
3052,4,Telangana - 2026,07-Feb 4am,2776.3975
3053,1,Telangana - 2026,07-Feb 5am,2856.1
3053,2,Telangana - 2026,07-Feb 5am,2856.1
3053,3,Telangana - 2026,07-Feb 5am,2856.1
3053,4,Telangana - 2026,07-Feb 5am,2856.1
3054,1,Telangana - 2026,07-Feb 6am,3050.9725
3054,2,Telangana - 2026,07-Feb 6am,3050.9725
3054,3,Telangana - 2026,07-Feb 6am,3050.9725
3054,4,Telangana - 2026,07-Feb 6am,3050.9725
3055,1,Telangana - 2026,07-Feb 7am,3655.5225
3055,2,Telangana - 2026,07-Feb 7am,3655.5225
3055,3,Telangana - 2026,07-Feb 7am,3655.5225
3055,4,Telangana - 2026,07-Feb 7am,3655.5225
3056,1,Telangana - 2026,07-Feb 8am,3926.575
3056,2,Telangana - 2026,07-Feb 8am,3926.575
3056,3,Telangana - 2026,07-Feb 8am,3926.575
3056,4,Telangana - 2026,07-Feb 8am,3926.575
3057,1,Telangana - 2026,07-Feb 9am,3817.175
3057,2,Telangana - 2026,07-Feb 9am,3817.175
3057,3,Telangana - 2026,07-Feb 9am,3817.175
3057,4,Telangana - 2026,07-Feb 9am,3817.175
3058,1,Telangana - 2026,07-Feb 10am,3797.6625
3058,2,Telangana - 2026,07-Feb 10am,3797.6625
3058,3,Telangana - 2026,07-Feb 10am,3797.6625
3058,4,Telangana - 2026,07-Feb 10am,3797.6625
3059,1,Telangana - 2026,07-Feb 11am,3715.96
3059,2,Telangana - 2026,07-Feb 11am,3715.96
3059,3,Telangana - 2026,07-Feb 11am,3715.96
3059,4,Telangana - 2026,07-Feb 11am,3715.96
3060,1,Telangana - 2026,07-Feb 12pm,3673.4425
3060,2,Telangana - 2026,07-Feb 12pm,3673.4425
3060,3,Telangana - 2026,07-Feb 12pm,3673.4425
3060,4,Telangana - 2026,07-Feb 12pm,3673.4425
3061,1,Telangana - 2026,07-Feb 1pm,3665.0175
3061,2,Telangana - 2026,07-Feb 1pm,3665.0175
3061,3,Telangana - 2026,07-Feb 1pm,3665.0175
3061,4,Telangana - 2026,07-Feb 1pm,3665.0175
3062,1,Telangana - 2026,07-Feb 2pm,3665.0175
3062,2,Telangana - 2026,07-Feb 2pm,3665.0175
3062,3,Telangana - 2026,07-Feb 2pm,3665.0175
3062,4,Telangana - 2026,07-Feb 2pm,3665.0175
3063,1,Telangana - 2026,07-Feb 3pm,3505.0425
3063,2,Telangana - 2026,07-Feb 3pm,3505.0425
3063,3,Telangana - 2026,07-Feb 3pm,3505.0425
3063,4,Telangana - 2026,07-Feb 3pm,3505.0425
3064,1,Telangana - 2026,07-Feb 4pm,3550.4675
3064,2,Telangana - 2026,07-Feb 4pm,3550.4675
3064,3,Telangana - 2026,07-Feb 4pm,3550.4675
3064,4,Telangana - 2026,07-Feb 4pm,3550.4675
3065,1,Telangana - 2026,07-Feb 5pm,2870.5575
3065,2,Telangana - 2026,07-Feb 5pm,2870.5575
3065,3,Telangana - 2026,07-Feb 5pm,2870.5575
3065,4,Telangana - 2026,07-Feb 5pm,2870.5575
3066,1,Telangana - 2026,07-Feb 6pm,2176.475
3066,2,Telangana - 2026,07-Feb 6pm,2176.475
3066,3,Telangana - 2026,07-Feb 6pm,2176.475
3066,4,Telangana - 2026,07-Feb 6pm,2176.475
3067,1,Telangana - 2026,07-Feb 7pm,2229.6475
3067,2,Telangana - 2026,07-Feb 7pm,2229.6475
3067,3,Telangana - 2026,07-Feb 7pm,2229.6475
3067,4,Telangana - 2026,07-Feb 7pm,2229.6475
3068,1,Telangana - 2026,07-Feb 8pm,2114.6875
3068,2,Telangana - 2026,07-Feb 8pm,2114.6875
3068,3,Telangana - 2026,07-Feb 8pm,2114.6875
3068,4,Telangana - 2026,07-Feb 8pm,2114.6875
3069,1,Telangana - 2026,07-Feb 9pm,2012.5975
3069,2,Telangana - 2026,07-Feb 9pm,2012.5975
3069,3,Telangana - 2026,07-Feb 9pm,2012.5975
3069,4,Telangana - 2026,07-Feb 9pm,2012.5975
3070,1,Telangana - 2026,07-Feb 10pm,1963.85
3070,2,Telangana - 2026,07-Feb 10pm,1963.85
3070,3,Telangana - 2026,07-Feb 10pm,1963.85
3070,4,Telangana - 2026,07-Feb 10pm,1963.85
3071,1,Telangana - 2026,07-Feb 11pm,1902.87
3071,2,Telangana - 2026,07-Feb 11pm,1902.87
3071,3,Telangana - 2026,07-Feb 11pm,1902.87
3071,4,Telangana - 2026,07-Feb 11pm,1902.87
3072,1,Telangana - 2026,08-Feb 12am,1968.6875
3072,2,Telangana - 2026,08-Feb 12am,1968.6875
3072,3,Telangana - 2026,08-Feb 12am,1968.6875
3072,4,Telangana - 2026,08-Feb 12am,1968.6875
3073,1,Telangana - 2026,08-Feb 1am,2254.015
3073,2,Telangana - 2026,08-Feb 1am,2254.015
3073,3,Telangana - 2026,08-Feb 1am,2254.015
3073,4,Telangana - 2026,08-Feb 1am,2254.015
3074,1,Telangana - 2026,08-Feb 2am,2363.51
3074,2,Telangana - 2026,08-Feb 2am,2363.51
3074,3,Telangana - 2026,08-Feb 2am,2363.51
3074,4,Telangana - 2026,08-Feb 2am,2363.51
3075,1,Telangana - 2026,08-Feb 3am,2654.105
3075,2,Telangana - 2026,08-Feb 3am,2654.105
3075,3,Telangana - 2026,08-Feb 3am,2654.105
3075,4,Telangana - 2026,08-Feb 3am,2654.105
3076,1,Telangana - 2026,08-Feb 4am,2786.5575
3076,2,Telangana - 2026,08-Feb 4am,2786.5575
3076,3,Telangana - 2026,08-Feb 4am,2786.5575
3076,4,Telangana - 2026,08-Feb 4am,2786.5575
3077,1,Telangana - 2026,08-Feb 5am,2827.6475
3077,2,Telangana - 2026,08-Feb 5am,2827.6475
3077,3,Telangana - 2026,08-Feb 5am,2827.6475
3077,4,Telangana - 2026,08-Feb 5am,2827.6475
3078,1,Telangana - 2026,08-Feb 6am,2990.335
3078,2,Telangana - 2026,08-Feb 6am,2990.335
3078,3,Telangana - 2026,08-Feb 6am,2990.335
3078,4,Telangana - 2026,08-Feb 6am,2990.335
3079,1,Telangana - 2026,08-Feb 7am,3421.295
3079,2,Telangana - 2026,08-Feb 7am,3421.295
3079,3,Telangana - 2026,08-Feb 7am,3421.295
3079,4,Telangana - 2026,08-Feb 7am,3421.295
3080,1,Telangana - 2026,08-Feb 8am,3734.3475
3080,2,Telangana - 2026,08-Feb 8am,3734.3475
3080,3,Telangana - 2026,08-Feb 8am,3734.3475
3080,4,Telangana - 2026,08-Feb 8am,3734.3475
3081,1,Telangana - 2026,08-Feb 9am,3809.3925
3081,2,Telangana - 2026,08-Feb 9am,3809.3925
3081,3,Telangana - 2026,08-Feb 9am,3809.3925
3081,4,Telangana - 2026,08-Feb 9am,3809.3925
3082,1,Telangana - 2026,08-Feb 10am,3776.7125
3082,2,Telangana - 2026,08-Feb 10am,3776.7125
3082,3,Telangana - 2026,08-Feb 10am,3776.7125
3082,4,Telangana - 2026,08-Feb 10am,3776.7125
3083,1,Telangana - 2026,08-Feb 11am,3695.665
3083,2,Telangana - 2026,08-Feb 11am,3695.665
3083,3,Telangana - 2026,08-Feb 11am,3695.665
3083,4,Telangana - 2026,08-Feb 11am,3695.665
3084,1,Telangana - 2026,08-Feb 12pm,3633.815
3084,2,Telangana - 2026,08-Feb 12pm,3633.815
3084,3,Telangana - 2026,08-Feb 12pm,3633.815
3084,4,Telangana - 2026,08-Feb 12pm,3633.815
3085,1,Telangana - 2026,08-Feb 1pm,3601.945
3085,2,Telangana - 2026,08-Feb 1pm,3601.945
3085,3,Telangana - 2026,08-Feb 1pm,3601.945
3085,4,Telangana - 2026,08-Feb 1pm,3601.945
3086,1,Telangana - 2026,08-Feb 2pm,3513.31
3086,2,Telangana - 2026,08-Feb 2pm,3513.31
3086,3,Telangana - 2026,08-Feb 2pm,3513.31
3086,4,Telangana - 2026,08-Feb 2pm,3513.31
3087,1,Telangana - 2026,08-Feb 3pm,3459.615
3087,2,Telangana - 2026,08-Feb 3pm,3459.615
3087,3,Telangana - 2026,08-Feb 3pm,3459.615
3087,4,Telangana - 2026,08-Feb 3pm,3459.615
3088,1,Telangana - 2026,08-Feb 4pm,3498.2075
3088,2,Telangana - 2026,08-Feb 4pm,3498.2075
3088,3,Telangana - 2026,08-Feb 4pm,3498.2075
3088,4,Telangana - 2026,08-Feb 4pm,3498.2075
3089,1,Telangana - 2026,08-Feb 5pm,2700.89
3089,2,Telangana - 2026,08-Feb 5pm,2700.89
3089,3,Telangana - 2026,08-Feb 5pm,2700.89
3089,4,Telangana - 2026,08-Feb 5pm,2700.89
3090,1,Telangana - 2026,08-Feb 6pm,2052.39
3090,2,Telangana - 2026,08-Feb 6pm,2052.39
3090,3,Telangana - 2026,08-Feb 6pm,2052.39
3090,4,Telangana - 2026,08-Feb 6pm,2052.39
3091,1,Telangana - 2026,08-Feb 7pm,2117.43
3091,2,Telangana - 2026,08-Feb 7pm,2117.43
3091,3,Telangana - 2026,08-Feb 7pm,2117.43
3091,4,Telangana - 2026,08-Feb 7pm,2117.43
3092,1,Telangana - 2026,08-Feb 8pm,2014.855
3092,2,Telangana - 2026,08-Feb 8pm,2014.855
3092,3,Telangana - 2026,08-Feb 8pm,2014.855
3092,4,Telangana - 2026,08-Feb 8pm,2014.855
3093,1,Telangana - 2026,08-Feb 9pm,1916.005
3093,2,Telangana - 2026,08-Feb 9pm,1916.005
3093,3,Telangana - 2026,08-Feb 9pm,1916.005
3093,4,Telangana - 2026,08-Feb 9pm,1916.005
3094,1,Telangana - 2026,08-Feb 10pm,1826.91
3094,2,Telangana - 2026,08-Feb 10pm,1826.91
3094,3,Telangana - 2026,08-Feb 10pm,1826.91
3094,4,Telangana - 2026,08-Feb 10pm,1826.91
3095,1,Telangana - 2026,08-Feb 11pm,1701.4475
3095,2,Telangana - 2026,08-Feb 11pm,1701.4475
3095,3,Telangana - 2026,08-Feb 11pm,1701.4475
3095,4,Telangana - 2026,08-Feb 11pm,1701.4475
3096,1,Telangana - 2026,09-Feb 12am,1771.055
3096,2,Telangana - 2026,09-Feb 12am,1771.055
3096,3,Telangana - 2026,09-Feb 12am,1771.055
3096,4,Telangana - 2026,09-Feb 12am,1771.055
3097,1,Telangana - 2026,09-Feb 1am,2166.7625
3097,2,Telangana - 2026,09-Feb 1am,2166.7625
3097,3,Telangana - 2026,09-Feb 1am,2166.7625
3097,4,Telangana - 2026,09-Feb 1am,2166.7625
3098,1,Telangana - 2026,09-Feb 2am,2261.04
3098,2,Telangana - 2026,09-Feb 2am,2261.04
3098,3,Telangana - 2026,09-Feb 2am,2261.04
3098,4,Telangana - 2026,09-Feb 2am,2261.04
3099,1,Telangana - 2026,09-Feb 3am,2579.825
3099,2,Telangana - 2026,09-Feb 3am,2579.825
3099,3,Telangana - 2026,09-Feb 3am,2579.825
3099,4,Telangana - 2026,09-Feb 3am,2579.825
3100,1,Telangana - 2026,09-Feb 4am,2690.5325
3100,2,Telangana - 2026,09-Feb 4am,2690.5325
3100,3,Telangana - 2026,09-Feb 4am,2690.5325
3100,4,Telangana - 2026,09-Feb 4am,2690.5325
3101,1,Telangana - 2026,09-Feb 5am,2805.985
3101,2,Telangana - 2026,09-Feb 5am,2805.985
3101,3,Telangana - 2026,09-Feb 5am,2805.985
3101,4,Telangana - 2026,09-Feb 5am,2805.985
3102,1,Telangana - 2026,09-Feb 6am,3095.4725
3102,2,Telangana - 2026,09-Feb 6am,3095.4725
3102,3,Telangana - 2026,09-Feb 6am,3095.4725
3102,4,Telangana - 2026,09-Feb 6am,3095.4725
3103,1,Telangana - 2026,09-Feb 7am,3688.875
3103,2,Telangana - 2026,09-Feb 7am,3688.875
3103,3,Telangana - 2026,09-Feb 7am,3688.875
3103,4,Telangana - 2026,09-Feb 7am,3688.875
3104,1,Telangana - 2026,09-Feb 8am,4034.5275
3104,2,Telangana - 2026,09-Feb 8am,4034.5275
3104,3,Telangana - 2026,09-Feb 8am,4034.5275
3104,4,Telangana - 2026,09-Feb 8am,4034.5275
3105,1,Telangana - 2026,09-Feb 9am,3902.88
3105,2,Telangana - 2026,09-Feb 9am,3902.88
3105,3,Telangana - 2026,09-Feb 9am,3902.88
3105,4,Telangana - 2026,09-Feb 9am,3902.88
3106,1,Telangana - 2026,09-Feb 10am,3781.8875
3106,2,Telangana - 2026,09-Feb 10am,3781.8875
3106,3,Telangana - 2026,09-Feb 10am,3781.8875
3106,4,Telangana - 2026,09-Feb 10am,3781.8875
3107,1,Telangana - 2026,09-Feb 11am,3741.89
3107,2,Telangana - 2026,09-Feb 11am,3741.89
3107,3,Telangana - 2026,09-Feb 11am,3741.89
3107,4,Telangana - 2026,09-Feb 11am,3741.89
3108,1,Telangana - 2026,09-Feb 12pm,3732.4275
3108,2,Telangana - 2026,09-Feb 12pm,3732.4275
3108,3,Telangana - 2026,09-Feb 12pm,3732.4275
3108,4,Telangana - 2026,09-Feb 12pm,3732.4275
3109,1,Telangana - 2026,09-Feb 1pm,3713.9575
3109,2,Telangana - 2026,09-Feb 1pm,3713.9575
3109,3,Telangana - 2026,09-Feb 1pm,3713.9575
3109,4,Telangana - 2026,09-Feb 1pm,3713.9575
3110,1,Telangana - 2026,09-Feb 2pm,3658.3725
3110,2,Telangana - 2026,09-Feb 2pm,3658.3725
3110,3,Telangana - 2026,09-Feb 2pm,3658.3725
3110,4,Telangana - 2026,09-Feb 2pm,3658.3725
3111,1,Telangana - 2026,09-Feb 3pm,3684.86
3111,2,Telangana - 2026,09-Feb 3pm,3684.86
3111,3,Telangana - 2026,09-Feb 3pm,3684.86
3111,4,Telangana - 2026,09-Feb 3pm,3684.86
3112,1,Telangana - 2026,09-Feb 4pm,3669.615
3112,2,Telangana - 2026,09-Feb 4pm,3669.615
3112,3,Telangana - 2026,09-Feb 4pm,3669.615
3112,4,Telangana - 2026,09-Feb 4pm,3669.615
3113,1,Telangana - 2026,09-Feb 5pm,2917.5775
3113,2,Telangana - 2026,09-Feb 5pm,2917.5775
3113,3,Telangana - 2026,09-Feb 5pm,2917.5775
3113,4,Telangana - 2026,09-Feb 5pm,2917.5775
3114,1,Telangana - 2026,09-Feb 6pm,2240.1475
3114,2,Telangana - 2026,09-Feb 6pm,2240.1475
3114,3,Telangana - 2026,09-Feb 6pm,2240.1475
3114,4,Telangana - 2026,09-Feb 6pm,2240.1475
3115,1,Telangana - 2026,09-Feb 7pm,2271.8225
3115,2,Telangana - 2026,09-Feb 7pm,2271.8225
3115,3,Telangana - 2026,09-Feb 7pm,2271.8225
3115,4,Telangana - 2026,09-Feb 7pm,2271.8225
3116,1,Telangana - 2026,09-Feb 8pm,2153.295
3116,2,Telangana - 2026,09-Feb 8pm,2153.295
3116,3,Telangana - 2026,09-Feb 8pm,2153.295
3116,4,Telangana - 2026,09-Feb 8pm,2153.295
3117,1,Telangana - 2026,09-Feb 9pm,2042.945
3117,2,Telangana - 2026,09-Feb 9pm,2042.945
3117,3,Telangana - 2026,09-Feb 9pm,2042.945
3117,4,Telangana - 2026,09-Feb 9pm,2042.945
3118,1,Telangana - 2026,09-Feb 10pm,1921.2175
3118,2,Telangana - 2026,09-Feb 10pm,1921.2175
3118,3,Telangana - 2026,09-Feb 10pm,1921.2175
3118,4,Telangana - 2026,09-Feb 10pm,1921.2175
3119,1,Telangana - 2026,09-Feb 11pm,1801.3975
3119,2,Telangana - 2026,09-Feb 11pm,1801.3975
3119,3,Telangana - 2026,09-Feb 11pm,1801.3975
3119,4,Telangana - 2026,09-Feb 11pm,1801.3975
3120,1,Telangana - 2026,10-Feb 12am,1861.6425
3120,2,Telangana - 2026,10-Feb 12am,1861.6425
3120,3,Telangana - 2026,10-Feb 12am,1861.6425
3120,4,Telangana - 2026,10-Feb 12am,1861.6425
3121,1,Telangana - 2026,10-Feb 1am,2287.8225
3121,2,Telangana - 2026,10-Feb 1am,2287.8225
3121,3,Telangana - 2026,10-Feb 1am,2287.8225
3121,4,Telangana - 2026,10-Feb 1am,2287.8225
3122,1,Telangana - 2026,10-Feb 2am,2369.2575
3122,2,Telangana - 2026,10-Feb 2am,2369.2575
3122,3,Telangana - 2026,10-Feb 2am,2369.2575
3122,4,Telangana - 2026,10-Feb 2am,2369.2575
3123,1,Telangana - 2026,10-Feb 3am,2701.4075
3123,2,Telangana - 2026,10-Feb 3am,2701.4075
3123,3,Telangana - 2026,10-Feb 3am,2701.4075
3123,4,Telangana - 2026,10-Feb 3am,2701.4075
3124,1,Telangana - 2026,10-Feb 4am,2856.015
3124,2,Telangana - 2026,10-Feb 4am,2856.015
3124,3,Telangana - 2026,10-Feb 4am,2856.015
3124,4,Telangana - 2026,10-Feb 4am,2856.015
3125,1,Telangana - 2026,10-Feb 5am,2957.925
3125,2,Telangana - 2026,10-Feb 5am,2957.925
3125,3,Telangana - 2026,10-Feb 5am,2957.925
3125,4,Telangana - 2026,10-Feb 5am,2957.925
3126,1,Telangana - 2026,10-Feb 6am,3173.3625
3126,2,Telangana - 2026,10-Feb 6am,3173.3625
3126,3,Telangana - 2026,10-Feb 6am,3173.3625
3126,4,Telangana - 2026,10-Feb 6am,3173.3625
3127,1,Telangana - 2026,10-Feb 7am,3776.9325
3127,2,Telangana - 2026,10-Feb 7am,3776.9325
3127,3,Telangana - 2026,10-Feb 7am,3776.9325
3127,4,Telangana - 2026,10-Feb 7am,3776.9325
3128,1,Telangana - 2026,10-Feb 8am,4067.1875
3128,2,Telangana - 2026,10-Feb 8am,4067.1875
3128,3,Telangana - 2026,10-Feb 8am,4067.1875
3128,4,Telangana - 2026,10-Feb 8am,4067.1875
3129,1,Telangana - 2026,10-Feb 9am,3932.425
3129,2,Telangana - 2026,10-Feb 9am,3932.425
3129,3,Telangana - 2026,10-Feb 9am,3932.425
3129,4,Telangana - 2026,10-Feb 9am,3932.425
3130,1,Telangana - 2026,10-Feb 10am,3861.8475
3130,2,Telangana - 2026,10-Feb 10am,3861.8475
3130,3,Telangana - 2026,10-Feb 10am,3861.8475
3130,4,Telangana - 2026,10-Feb 10am,3861.8475
3131,1,Telangana - 2026,10-Feb 11am,3901.1875
3131,2,Telangana - 2026,10-Feb 11am,3901.1875
3131,3,Telangana - 2026,10-Feb 11am,3901.1875
3131,4,Telangana - 2026,10-Feb 11am,3901.1875
3132,1,Telangana - 2026,10-Feb 12pm,3840.225
3132,2,Telangana - 2026,10-Feb 12pm,3840.225
3132,3,Telangana - 2026,10-Feb 12pm,3840.225
3132,4,Telangana - 2026,10-Feb 12pm,3840.225
3133,1,Telangana - 2026,10-Feb 1pm,3744.665
3133,2,Telangana - 2026,10-Feb 1pm,3744.665
3133,3,Telangana - 2026,10-Feb 1pm,3744.665
3133,4,Telangana - 2026,10-Feb 1pm,3744.665
3134,1,Telangana - 2026,10-Feb 2pm,3696.08
3134,2,Telangana - 2026,10-Feb 2pm,3696.08
3134,3,Telangana - 2026,10-Feb 2pm,3696.08
3134,4,Telangana - 2026,10-Feb 2pm,3696.08
3135,1,Telangana - 2026,10-Feb 3pm,3682.38
3135,2,Telangana - 2026,10-Feb 3pm,3682.38
3135,3,Telangana - 2026,10-Feb 3pm,3682.38
3135,4,Telangana - 2026,10-Feb 3pm,3682.38
3136,1,Telangana - 2026,10-Feb 4pm,3747.3
3136,2,Telangana - 2026,10-Feb 4pm,3747.3
3136,3,Telangana - 2026,10-Feb 4pm,3747.3
3136,4,Telangana - 2026,10-Feb 4pm,3747.3
3137,1,Telangana - 2026,10-Feb 5pm,2970.43
3137,2,Telangana - 2026,10-Feb 5pm,2970.43
3137,3,Telangana - 2026,10-Feb 5pm,2970.43
3137,4,Telangana - 2026,10-Feb 5pm,2970.43
3138,1,Telangana - 2026,10-Feb 6pm,2259.59
3138,2,Telangana - 2026,10-Feb 6pm,2259.59
3138,3,Telangana - 2026,10-Feb 6pm,2259.59
3138,4,Telangana - 2026,10-Feb 6pm,2259.59
3139,1,Telangana - 2026,10-Feb 7pm,2292.84
3139,2,Telangana - 2026,10-Feb 7pm,2292.84
3139,3,Telangana - 2026,10-Feb 7pm,2292.84
3139,4,Telangana - 2026,10-Feb 7pm,2292.84
3140,1,Telangana - 2026,10-Feb 8pm,2164.98
3140,2,Telangana - 2026,10-Feb 8pm,2164.98
3140,3,Telangana - 2026,10-Feb 8pm,2164.98
3140,4,Telangana - 2026,10-Feb 8pm,2164.98
3141,1,Telangana - 2026,10-Feb 9pm,2043.1725
3141,2,Telangana - 2026,10-Feb 9pm,2043.1725
3141,3,Telangana - 2026,10-Feb 9pm,2043.1725
3141,4,Telangana - 2026,10-Feb 9pm,2043.1725
3142,1,Telangana - 2026,10-Feb 10pm,1976.4225
3142,2,Telangana - 2026,10-Feb 10pm,1976.4225
3142,3,Telangana - 2026,10-Feb 10pm,1976.4225
3142,4,Telangana - 2026,10-Feb 10pm,1976.4225
3143,1,Telangana - 2026,10-Feb 11pm,1939.6875
3143,2,Telangana - 2026,10-Feb 11pm,1939.6875
3143,3,Telangana - 2026,10-Feb 11pm,1939.6875
3143,4,Telangana - 2026,10-Feb 11pm,1939.6875
3144,1,Telangana - 2026,11-Feb 12am,2025.5175
3144,2,Telangana - 2026,11-Feb 12am,2025.5175
3144,3,Telangana - 2026,11-Feb 12am,2025.5175
3144,4,Telangana - 2026,11-Feb 12am,2025.5175
3145,1,Telangana - 2026,11-Feb 1am,2441.545
3145,2,Telangana - 2026,11-Feb 1am,2441.545
3145,3,Telangana - 2026,11-Feb 1am,2441.545
3145,4,Telangana - 2026,11-Feb 1am,2441.545
3146,1,Telangana - 2026,11-Feb 2am,2502.365
3146,2,Telangana - 2026,11-Feb 2am,2502.365
3146,3,Telangana - 2026,11-Feb 2am,2502.365
3146,4,Telangana - 2026,11-Feb 2am,2502.365
3147,1,Telangana - 2026,11-Feb 3am,2806.85
3147,2,Telangana - 2026,11-Feb 3am,2806.85
3147,3,Telangana - 2026,11-Feb 3am,2806.85
3147,4,Telangana - 2026,11-Feb 3am,2806.85
3148,1,Telangana - 2026,11-Feb 4am,2912.8625
3148,2,Telangana - 2026,11-Feb 4am,2912.8625
3148,3,Telangana - 2026,11-Feb 4am,2912.8625
3148,4,Telangana - 2026,11-Feb 4am,2912.8625
3149,1,Telangana - 2026,11-Feb 5am,2973.385
3149,2,Telangana - 2026,11-Feb 5am,2973.385
3149,3,Telangana - 2026,11-Feb 5am,2973.385
3149,4,Telangana - 2026,11-Feb 5am,2973.385
3150,1,Telangana - 2026,11-Feb 6am,3224.675
3150,2,Telangana - 2026,11-Feb 6am,3224.675
3150,3,Telangana - 2026,11-Feb 6am,3224.675
3150,4,Telangana - 2026,11-Feb 6am,3224.675
3151,1,Telangana - 2026,11-Feb 7am,3729.73
3151,2,Telangana - 2026,11-Feb 7am,3729.73
3151,3,Telangana - 2026,11-Feb 7am,3729.73
3151,4,Telangana - 2026,11-Feb 7am,3729.73
3152,1,Telangana - 2026,11-Feb 8am,4010.82
3152,2,Telangana - 2026,11-Feb 8am,4010.82
3152,3,Telangana - 2026,11-Feb 8am,4010.82
3152,4,Telangana - 2026,11-Feb 8am,4010.82
3153,1,Telangana - 2026,11-Feb 9am,3952.33
3153,2,Telangana - 2026,11-Feb 9am,3952.33
3153,3,Telangana - 2026,11-Feb 9am,3952.33
3153,4,Telangana - 2026,11-Feb 9am,3952.33
3154,1,Telangana - 2026,11-Feb 10am,3882.365
3154,2,Telangana - 2026,11-Feb 10am,3882.365
3154,3,Telangana - 2026,11-Feb 10am,3882.365
3154,4,Telangana - 2026,11-Feb 10am,3882.365
3155,1,Telangana - 2026,11-Feb 11am,3923.4025
3155,2,Telangana - 2026,11-Feb 11am,3923.4025
3155,3,Telangana - 2026,11-Feb 11am,3923.4025
3155,4,Telangana - 2026,11-Feb 11am,3923.4025
3156,1,Telangana - 2026,11-Feb 12pm,3858.485
3156,2,Telangana - 2026,11-Feb 12pm,3858.485
3156,3,Telangana - 2026,11-Feb 12pm,3858.485
3156,4,Telangana - 2026,11-Feb 12pm,3858.485
3157,1,Telangana - 2026,11-Feb 1pm,3751.9375
3157,2,Telangana - 2026,11-Feb 1pm,3751.9375
3157,3,Telangana - 2026,11-Feb 1pm,3751.9375
3157,4,Telangana - 2026,11-Feb 1pm,3751.9375
3158,1,Telangana - 2026,11-Feb 2pm,3693.085
3158,2,Telangana - 2026,11-Feb 2pm,3693.085
3158,3,Telangana - 2026,11-Feb 2pm,3693.085
3158,4,Telangana - 2026,11-Feb 2pm,3693.085
3159,1,Telangana - 2026,11-Feb 3pm,3719.0475
3159,2,Telangana - 2026,11-Feb 3pm,3719.0475
3159,3,Telangana - 2026,11-Feb 3pm,3719.0475
3159,4,Telangana - 2026,11-Feb 3pm,3719.0475
3160,1,Telangana - 2026,11-Feb 4pm,3746.6075
3160,2,Telangana - 2026,11-Feb 4pm,3746.6075
3160,3,Telangana - 2026,11-Feb 4pm,3746.6075
3160,4,Telangana - 2026,11-Feb 4pm,3746.6075
3161,1,Telangana - 2026,11-Feb 5pm,2981.06
3161,2,Telangana - 2026,11-Feb 5pm,2981.06
3161,3,Telangana - 2026,11-Feb 5pm,2981.06
3161,4,Telangana - 2026,11-Feb 5pm,2981.06
3162,1,Telangana - 2026,11-Feb 6pm,2255.63
3162,2,Telangana - 2026,11-Feb 6pm,2255.63
3162,3,Telangana - 2026,11-Feb 6pm,2255.63
3162,4,Telangana - 2026,11-Feb 6pm,2255.63
3163,1,Telangana - 2026,11-Feb 7pm,2320.145
3163,2,Telangana - 2026,11-Feb 7pm,2320.145
3163,3,Telangana - 2026,11-Feb 7pm,2320.145
3163,4,Telangana - 2026,11-Feb 7pm,2320.145
3164,1,Telangana - 2026,11-Feb 8pm,2222.7575
3164,2,Telangana - 2026,11-Feb 8pm,2222.7575
3164,3,Telangana - 2026,11-Feb 8pm,2222.7575
3164,4,Telangana - 2026,11-Feb 8pm,2222.7575
3165,1,Telangana - 2026,11-Feb 9pm,2088.745
3165,2,Telangana - 2026,11-Feb 9pm,2088.745
3165,3,Telangana - 2026,11-Feb 9pm,2088.745
3165,4,Telangana - 2026,11-Feb 9pm,2088.745
3166,1,Telangana - 2026,11-Feb 10pm,2031.0925
3166,2,Telangana - 2026,11-Feb 10pm,2031.0925
3166,3,Telangana - 2026,11-Feb 10pm,2031.0925
3166,4,Telangana - 2026,11-Feb 10pm,2031.0925
3167,1,Telangana - 2026,11-Feb 11pm,1948.7125
3167,2,Telangana - 2026,11-Feb 11pm,1948.7125
3167,3,Telangana - 2026,11-Feb 11pm,1948.7125
3167,4,Telangana - 2026,11-Feb 11pm,1948.7125
3168,1,Telangana - 2026,12-Feb 12am,1963.0625
3168,2,Telangana - 2026,12-Feb 12am,1963.0625
3168,3,Telangana - 2026,12-Feb 12am,1963.0625
3168,4,Telangana - 2026,12-Feb 12am,1963.0625
3169,1,Telangana - 2026,12-Feb 1am,2383.71
3169,2,Telangana - 2026,12-Feb 1am,2383.71
3169,3,Telangana - 2026,12-Feb 1am,2383.71
3169,4,Telangana - 2026,12-Feb 1am,2383.71
3170,1,Telangana - 2026,12-Feb 2am,2474.63
3170,2,Telangana - 2026,12-Feb 2am,2474.63
3170,3,Telangana - 2026,12-Feb 2am,2474.63
3170,4,Telangana - 2026,12-Feb 2am,2474.63
3171,1,Telangana - 2026,12-Feb 3am,2818.39
3171,2,Telangana - 2026,12-Feb 3am,2818.39
3171,3,Telangana - 2026,12-Feb 3am,2818.39
3171,4,Telangana - 2026,12-Feb 3am,2818.39
3172,1,Telangana - 2026,12-Feb 4am,2908.52
3172,2,Telangana - 2026,12-Feb 4am,2908.52
3172,3,Telangana - 2026,12-Feb 4am,2908.52
3172,4,Telangana - 2026,12-Feb 4am,2908.52
3173,1,Telangana - 2026,12-Feb 5am,3007.52
3173,2,Telangana - 2026,12-Feb 5am,3007.52
3173,3,Telangana - 2026,12-Feb 5am,3007.52
3173,4,Telangana - 2026,12-Feb 5am,3007.52
3174,1,Telangana - 2026,12-Feb 6am,3266.775
3174,2,Telangana - 2026,12-Feb 6am,3266.775
3174,3,Telangana - 2026,12-Feb 6am,3266.775
3174,4,Telangana - 2026,12-Feb 6am,3266.775
3175,1,Telangana - 2026,12-Feb 7am,3786.03
3175,2,Telangana - 2026,12-Feb 7am,3786.03
3175,3,Telangana - 2026,12-Feb 7am,3786.03
3175,4,Telangana - 2026,12-Feb 7am,3786.03
3176,1,Telangana - 2026,12-Feb 8am,4082.59
3176,2,Telangana - 2026,12-Feb 8am,4082.59
3176,3,Telangana - 2026,12-Feb 8am,4082.59
3176,4,Telangana - 2026,12-Feb 8am,4082.59
3177,1,Telangana - 2026,12-Feb 9am,3962.575
3177,2,Telangana - 2026,12-Feb 9am,3962.575
3177,3,Telangana - 2026,12-Feb 9am,3962.575
3177,4,Telangana - 2026,12-Feb 9am,3962.575
3178,1,Telangana - 2026,12-Feb 10am,3892.9375
3178,2,Telangana - 2026,12-Feb 10am,3892.9375
3178,3,Telangana - 2026,12-Feb 10am,3892.9375
3178,4,Telangana - 2026,12-Feb 10am,3892.9375
3179,1,Telangana - 2026,12-Feb 11am,3851.75
3179,2,Telangana - 2026,12-Feb 11am,3851.75
3179,3,Telangana - 2026,12-Feb 11am,3851.75
3179,4,Telangana - 2026,12-Feb 11am,3851.75
3180,1,Telangana - 2026,12-Feb 12pm,3802.3975
3180,2,Telangana - 2026,12-Feb 12pm,3802.3975
3180,3,Telangana - 2026,12-Feb 12pm,3802.3975
3180,4,Telangana - 2026,12-Feb 12pm,3802.3975
3181,1,Telangana - 2026,12-Feb 1pm,3684.1825
3181,2,Telangana - 2026,12-Feb 1pm,3684.1825
3181,3,Telangana - 2026,12-Feb 1pm,3684.1825
3181,4,Telangana - 2026,12-Feb 1pm,3684.1825
3182,1,Telangana - 2026,12-Feb 2pm,3612.12
3182,2,Telangana - 2026,12-Feb 2pm,3612.12
3182,3,Telangana - 2026,12-Feb 2pm,3612.12
3182,4,Telangana - 2026,12-Feb 2pm,3612.12
3183,1,Telangana - 2026,12-Feb 3pm,3678.95
3183,2,Telangana - 2026,12-Feb 3pm,3678.95
3183,3,Telangana - 2026,12-Feb 3pm,3678.95
3183,4,Telangana - 2026,12-Feb 3pm,3678.95
3184,1,Telangana - 2026,12-Feb 4pm,3716.2825
3184,2,Telangana - 2026,12-Feb 4pm,3716.2825
3184,3,Telangana - 2026,12-Feb 4pm,3716.2825
3184,4,Telangana - 2026,12-Feb 4pm,3716.2825
3185,1,Telangana - 2026,12-Feb 5pm,2918.915
3185,2,Telangana - 2026,12-Feb 5pm,2918.915
3185,3,Telangana - 2026,12-Feb 5pm,2918.915
3185,4,Telangana - 2026,12-Feb 5pm,2918.915
3186,1,Telangana - 2026,12-Feb 6pm,2197.7875
3186,2,Telangana - 2026,12-Feb 6pm,2197.7875
3186,3,Telangana - 2026,12-Feb 6pm,2197.7875
3186,4,Telangana - 2026,12-Feb 6pm,2197.7875
3187,1,Telangana - 2026,12-Feb 7pm,2276.0525
3187,2,Telangana - 2026,12-Feb 7pm,2276.0525
3187,3,Telangana - 2026,12-Feb 7pm,2276.0525
3187,4,Telangana - 2026,12-Feb 7pm,2276.0525
3188,1,Telangana - 2026,12-Feb 8pm,2149.935
3188,2,Telangana - 2026,12-Feb 8pm,2149.935
3188,3,Telangana - 2026,12-Feb 8pm,2149.935
3188,4,Telangana - 2026,12-Feb 8pm,2149.935
3189,1,Telangana - 2026,12-Feb 9pm,2033.36
3189,2,Telangana - 2026,12-Feb 9pm,2033.36
3189,3,Telangana - 2026,12-Feb 9pm,2033.36
3189,4,Telangana - 2026,12-Feb 9pm,2033.36
3190,1,Telangana - 2026,12-Feb 10pm,1921.99
3190,2,Telangana - 2026,12-Feb 10pm,1921.99
3190,3,Telangana - 2026,12-Feb 10pm,1921.99
3190,4,Telangana - 2026,12-Feb 10pm,1921.99
3191,1,Telangana - 2026,12-Feb 11pm,1875.6875
3191,2,Telangana - 2026,12-Feb 11pm,1875.6875
3191,3,Telangana - 2026,12-Feb 11pm,1875.6875
3191,4,Telangana - 2026,12-Feb 11pm,1875.6875
3192,1,Telangana - 2026,13-Feb 12am,1973.9625
3192,2,Telangana - 2026,13-Feb 12am,1973.9625
3192,3,Telangana - 2026,13-Feb 12am,1973.9625
3192,4,Telangana - 2026,13-Feb 12am,1973.9625
3193,1,Telangana - 2026,13-Feb 1am,2389.0925
3193,2,Telangana - 2026,13-Feb 1am,2389.0925
3193,3,Telangana - 2026,13-Feb 1am,2389.0925
3193,4,Telangana - 2026,13-Feb 1am,2389.0925
3194,1,Telangana - 2026,13-Feb 2am,2461.0325
3194,2,Telangana - 2026,13-Feb 2am,2461.0325
3194,3,Telangana - 2026,13-Feb 2am,2461.0325
3194,4,Telangana - 2026,13-Feb 2am,2461.0325
3195,1,Telangana - 2026,13-Feb 3am,2796.735
3195,2,Telangana - 2026,13-Feb 3am,2796.735
3195,3,Telangana - 2026,13-Feb 3am,2796.735
3195,4,Telangana - 2026,13-Feb 3am,2796.735
3196,1,Telangana - 2026,13-Feb 4am,2868.7175
3196,2,Telangana - 2026,13-Feb 4am,2868.7175
3196,3,Telangana - 2026,13-Feb 4am,2868.7175
3196,4,Telangana - 2026,13-Feb 4am,2868.7175
3197,1,Telangana - 2026,13-Feb 5am,3001.1375
3197,2,Telangana - 2026,13-Feb 5am,3001.1375
3197,3,Telangana - 2026,13-Feb 5am,3001.1375
3197,4,Telangana - 2026,13-Feb 5am,3001.1375
3198,1,Telangana - 2026,13-Feb 6am,3265.4525
3198,2,Telangana - 2026,13-Feb 6am,3265.4525
3198,3,Telangana - 2026,13-Feb 6am,3265.4525
3198,4,Telangana - 2026,13-Feb 6am,3265.4525
3199,1,Telangana - 2026,13-Feb 7am,3831.7225
3199,2,Telangana - 2026,13-Feb 7am,3831.7225
3199,3,Telangana - 2026,13-Feb 7am,3831.7225
3199,4,Telangana - 2026,13-Feb 7am,3831.7225
3200,1,Telangana - 2026,13-Feb 8am,4123.7575
3200,2,Telangana - 2026,13-Feb 8am,4123.7575
3200,3,Telangana - 2026,13-Feb 8am,4123.7575
3200,4,Telangana - 2026,13-Feb 8am,4123.7575
3201,1,Telangana - 2026,13-Feb 9am,4034.6575
3201,2,Telangana - 2026,13-Feb 9am,4034.6575
3201,3,Telangana - 2026,13-Feb 9am,4034.6575
3201,4,Telangana - 2026,13-Feb 9am,4034.6575
3202,1,Telangana - 2026,13-Feb 10am,3935.61
3202,2,Telangana - 2026,13-Feb 10am,3935.61
3202,3,Telangana - 2026,13-Feb 10am,3935.61
3202,4,Telangana - 2026,13-Feb 10am,3935.61
3203,1,Telangana - 2026,13-Feb 11am,3902.395
3203,2,Telangana - 2026,13-Feb 11am,3902.395
3203,3,Telangana - 2026,13-Feb 11am,3902.395
3203,4,Telangana - 2026,13-Feb 11am,3902.395
3204,1,Telangana - 2026,13-Feb 12pm,3902.5625
3204,2,Telangana - 2026,13-Feb 12pm,3902.5625
3204,3,Telangana - 2026,13-Feb 12pm,3902.5625
3204,4,Telangana - 2026,13-Feb 12pm,3902.5625
3205,1,Telangana - 2026,13-Feb 1pm,3833.275
3205,2,Telangana - 2026,13-Feb 1pm,3833.275
3205,3,Telangana - 2026,13-Feb 1pm,3833.275
3205,4,Telangana - 2026,13-Feb 1pm,3833.275
3206,1,Telangana - 2026,13-Feb 2pm,3765.0275
3206,2,Telangana - 2026,13-Feb 2pm,3765.0275
3206,3,Telangana - 2026,13-Feb 2pm,3765.0275
3206,4,Telangana - 2026,13-Feb 2pm,3765.0275
3207,1,Telangana - 2026,13-Feb 3pm,3730.9925
3207,2,Telangana - 2026,13-Feb 3pm,3730.9925
3207,3,Telangana - 2026,13-Feb 3pm,3730.9925
3207,4,Telangana - 2026,13-Feb 3pm,3730.9925
3208,1,Telangana - 2026,13-Feb 4pm,3771.255
3208,2,Telangana - 2026,13-Feb 4pm,3771.255
3208,3,Telangana - 2026,13-Feb 4pm,3771.255
3208,4,Telangana - 2026,13-Feb 4pm,3771.255
3209,1,Telangana - 2026,13-Feb 5pm,2984.2625
3209,2,Telangana - 2026,13-Feb 5pm,2984.2625
3209,3,Telangana - 2026,13-Feb 5pm,2984.2625
3209,4,Telangana - 2026,13-Feb 5pm,2984.2625
3210,1,Telangana - 2026,13-Feb 6pm,2253.725
3210,2,Telangana - 2026,13-Feb 6pm,2253.725
3210,3,Telangana - 2026,13-Feb 6pm,2253.725
3210,4,Telangana - 2026,13-Feb 6pm,2253.725
3211,1,Telangana - 2026,13-Feb 7pm,2266.7875
3211,2,Telangana - 2026,13-Feb 7pm,2266.7875
3211,3,Telangana - 2026,13-Feb 7pm,2266.7875
3211,4,Telangana - 2026,13-Feb 7pm,2266.7875
3212,1,Telangana - 2026,13-Feb 8pm,2152.36
3212,2,Telangana - 2026,13-Feb 8pm,2152.36
3212,3,Telangana - 2026,13-Feb 8pm,2152.36
3212,4,Telangana - 2026,13-Feb 8pm,2152.36
3213,1,Telangana - 2026,13-Feb 9pm,2057.695
3213,2,Telangana - 2026,13-Feb 9pm,2057.695
3213,3,Telangana - 2026,13-Feb 9pm,2057.695
3213,4,Telangana - 2026,13-Feb 9pm,2057.695
3214,1,Telangana - 2026,13-Feb 10pm,1947.9425
3214,2,Telangana - 2026,13-Feb 10pm,1947.9425
3214,3,Telangana - 2026,13-Feb 10pm,1947.9425
3214,4,Telangana - 2026,13-Feb 10pm,1947.9425
3215,1,Telangana - 2026,13-Feb 11pm,1870.98
3215,2,Telangana - 2026,13-Feb 11pm,1870.98
3215,3,Telangana - 2026,13-Feb 11pm,1870.98
3215,4,Telangana - 2026,13-Feb 11pm,1870.98
3216,1,Telangana - 2026,14-Feb 12am,2005.4575
3216,2,Telangana - 2026,14-Feb 12am,2005.4575
3216,3,Telangana - 2026,14-Feb 12am,2005.4575
3216,4,Telangana - 2026,14-Feb 12am,2005.4575
3217,1,Telangana - 2026,14-Feb 1am,2426.1125
3217,2,Telangana - 2026,14-Feb 1am,2426.1125
3217,3,Telangana - 2026,14-Feb 1am,2426.1125
3217,4,Telangana - 2026,14-Feb 1am,2426.1125
3218,1,Telangana - 2026,14-Feb 2am,2501.3725
3218,2,Telangana - 2026,14-Feb 2am,2501.3725
3218,3,Telangana - 2026,14-Feb 2am,2501.3725
3218,4,Telangana - 2026,14-Feb 2am,2501.3725
3219,1,Telangana - 2026,14-Feb 3am,2841.08
3219,2,Telangana - 2026,14-Feb 3am,2841.08
3219,3,Telangana - 2026,14-Feb 3am,2841.08
3219,4,Telangana - 2026,14-Feb 3am,2841.08
3220,1,Telangana - 2026,14-Feb 4am,2959.7625
3220,2,Telangana - 2026,14-Feb 4am,2959.7625
3220,3,Telangana - 2026,14-Feb 4am,2959.7625
3220,4,Telangana - 2026,14-Feb 4am,2959.7625
3221,1,Telangana - 2026,14-Feb 5am,2989.51
3221,2,Telangana - 2026,14-Feb 5am,2989.51
3221,3,Telangana - 2026,14-Feb 5am,2989.51
3221,4,Telangana - 2026,14-Feb 5am,2989.51
3222,1,Telangana - 2026,14-Feb 6am,3243.715
3222,2,Telangana - 2026,14-Feb 6am,3243.715
3222,3,Telangana - 2026,14-Feb 6am,3243.715
3222,4,Telangana - 2026,14-Feb 6am,3243.715
3223,1,Telangana - 2026,14-Feb 7am,3728.86
3223,2,Telangana - 2026,14-Feb 7am,3728.86
3223,3,Telangana - 2026,14-Feb 7am,3728.86
3223,4,Telangana - 2026,14-Feb 7am,3728.86
3224,1,Telangana - 2026,14-Feb 8am,4046.4775
3224,2,Telangana - 2026,14-Feb 8am,4046.4775
3224,3,Telangana - 2026,14-Feb 8am,4046.4775
3224,4,Telangana - 2026,14-Feb 8am,4046.4775
3225,1,Telangana - 2026,14-Feb 9am,3967.7125
3225,2,Telangana - 2026,14-Feb 9am,3967.7125
3225,3,Telangana - 2026,14-Feb 9am,3967.7125
3225,4,Telangana - 2026,14-Feb 9am,3967.7125
3226,1,Telangana - 2026,14-Feb 10am,3813.9975
3226,2,Telangana - 2026,14-Feb 10am,3813.9975
3226,3,Telangana - 2026,14-Feb 10am,3813.9975
3226,4,Telangana - 2026,14-Feb 10am,3813.9975
3227,1,Telangana - 2026,14-Feb 11am,3773.61
3227,2,Telangana - 2026,14-Feb 11am,3773.61
3227,3,Telangana - 2026,14-Feb 11am,3773.61
3227,4,Telangana - 2026,14-Feb 11am,3773.61
3228,1,Telangana - 2026,14-Feb 12pm,3806.105
3228,2,Telangana - 2026,14-Feb 12pm,3806.105
3228,3,Telangana - 2026,14-Feb 12pm,3806.105
3228,4,Telangana - 2026,14-Feb 12pm,3806.105
3229,1,Telangana - 2026,14-Feb 1pm,3765.2625
3229,2,Telangana - 2026,14-Feb 1pm,3765.2625
3229,3,Telangana - 2026,14-Feb 1pm,3765.2625
3229,4,Telangana - 2026,14-Feb 1pm,3765.2625
3230,1,Telangana - 2026,14-Feb 2pm,3727.585
3230,2,Telangana - 2026,14-Feb 2pm,3727.585
3230,3,Telangana - 2026,14-Feb 2pm,3727.585
3230,4,Telangana - 2026,14-Feb 2pm,3727.585
3231,1,Telangana - 2026,14-Feb 3pm,3749.7625
3231,2,Telangana - 2026,14-Feb 3pm,3749.7625
3231,3,Telangana - 2026,14-Feb 3pm,3749.7625
3231,4,Telangana - 2026,14-Feb 3pm,3749.7625
3232,1,Telangana - 2026,14-Feb 4pm,3769.9
3232,2,Telangana - 2026,14-Feb 4pm,3769.9
3232,3,Telangana - 2026,14-Feb 4pm,3769.9
3232,4,Telangana - 2026,14-Feb 4pm,3769.9
3233,1,Telangana - 2026,14-Feb 5pm,2945.1775
3233,2,Telangana - 2026,14-Feb 5pm,2945.1775
3233,3,Telangana - 2026,14-Feb 5pm,2945.1775
3233,4,Telangana - 2026,14-Feb 5pm,2945.1775
3234,1,Telangana - 2026,14-Feb 6pm,2249.2975
3234,2,Telangana - 2026,14-Feb 6pm,2249.2975
3234,3,Telangana - 2026,14-Feb 6pm,2249.2975
3234,4,Telangana - 2026,14-Feb 6pm,2249.2975
3235,1,Telangana - 2026,14-Feb 7pm,2291.07
3235,2,Telangana - 2026,14-Feb 7pm,2291.07
3235,3,Telangana - 2026,14-Feb 7pm,2291.07
3235,4,Telangana - 2026,14-Feb 7pm,2291.07
3236,1,Telangana - 2026,14-Feb 8pm,2174.8975
3236,2,Telangana - 2026,14-Feb 8pm,2174.8975
3236,3,Telangana - 2026,14-Feb 8pm,2174.8975
3236,4,Telangana - 2026,14-Feb 8pm,2174.8975
3237,1,Telangana - 2026,14-Feb 9pm,2072.195
3237,2,Telangana - 2026,14-Feb 9pm,2072.195
3237,3,Telangana - 2026,14-Feb 9pm,2072.195
3237,4,Telangana - 2026,14-Feb 9pm,2072.195
3238,1,Telangana - 2026,14-Feb 10pm,1962.315
3238,2,Telangana - 2026,14-Feb 10pm,1962.315
3238,3,Telangana - 2026,14-Feb 10pm,1962.315
3238,4,Telangana - 2026,14-Feb 10pm,1962.315
3239,1,Telangana - 2026,14-Feb 11pm,1858.4975
3239,2,Telangana - 2026,14-Feb 11pm,1858.4975
3239,3,Telangana - 2026,14-Feb 11pm,1858.4975
3239,4,Telangana - 2026,14-Feb 11pm,1858.4975
3240,1,Telangana - 2026,15-Feb 12am,1946.885
3240,2,Telangana - 2026,15-Feb 12am,1946.885
3240,3,Telangana - 2026,15-Feb 12am,1946.885
3240,4,Telangana - 2026,15-Feb 12am,1946.885
3241,1,Telangana - 2026,15-Feb 1am,2383.4575
3241,2,Telangana - 2026,15-Feb 1am,2383.4575
3241,3,Telangana - 2026,15-Feb 1am,2383.4575
3241,4,Telangana - 2026,15-Feb 1am,2383.4575
3242,1,Telangana - 2026,15-Feb 2am,2476.61
3242,2,Telangana - 2026,15-Feb 2am,2476.61
3242,3,Telangana - 2026,15-Feb 2am,2476.61
3242,4,Telangana - 2026,15-Feb 2am,2476.61
3243,1,Telangana - 2026,15-Feb 3am,2831.775
3243,2,Telangana - 2026,15-Feb 3am,2831.775
3243,3,Telangana - 2026,15-Feb 3am,2831.775
3243,4,Telangana - 2026,15-Feb 3am,2831.775
3244,1,Telangana - 2026,15-Feb 4am,2946.7925
3244,2,Telangana - 2026,15-Feb 4am,2946.7925
3244,3,Telangana - 2026,15-Feb 4am,2946.7925
3244,4,Telangana - 2026,15-Feb 4am,2946.7925
3245,1,Telangana - 2026,15-Feb 5am,3050.0675
3245,2,Telangana - 2026,15-Feb 5am,3050.0675
3245,3,Telangana - 2026,15-Feb 5am,3050.0675
3245,4,Telangana - 2026,15-Feb 5am,3050.0675
3246,1,Telangana - 2026,15-Feb 6am,3314.2175
3246,2,Telangana - 2026,15-Feb 6am,3314.2175
3246,3,Telangana - 2026,15-Feb 6am,3314.2175
3246,4,Telangana - 2026,15-Feb 6am,3314.2175
3247,1,Telangana - 2026,15-Feb 7am,3665.75
3247,2,Telangana - 2026,15-Feb 7am,3665.75
3247,3,Telangana - 2026,15-Feb 7am,3665.75
3247,4,Telangana - 2026,15-Feb 7am,3665.75
3248,1,Telangana - 2026,15-Feb 8am,4022.4425
3248,2,Telangana - 2026,15-Feb 8am,4022.4425
3248,3,Telangana - 2026,15-Feb 8am,4022.4425
3248,4,Telangana - 2026,15-Feb 8am,4022.4425
3249,1,Telangana - 2026,15-Feb 9am,4089.72
3249,2,Telangana - 2026,15-Feb 9am,4089.72
3249,3,Telangana - 2026,15-Feb 9am,4089.72
3249,4,Telangana - 2026,15-Feb 9am,4089.72
3250,1,Telangana - 2026,15-Feb 10am,4039.6675
3250,2,Telangana - 2026,15-Feb 10am,4039.6675
3250,3,Telangana - 2026,15-Feb 10am,4039.6675
3250,4,Telangana - 2026,15-Feb 10am,4039.6675
3251,1,Telangana - 2026,15-Feb 11am,3979.9925
3251,2,Telangana - 2026,15-Feb 11am,3979.9925
3251,3,Telangana - 2026,15-Feb 11am,3979.9925
3251,4,Telangana - 2026,15-Feb 11am,3979.9925
3252,1,Telangana - 2026,15-Feb 12pm,3843.815
3252,2,Telangana - 2026,15-Feb 12pm,3843.815
3252,3,Telangana - 2026,15-Feb 12pm,3843.815
3252,4,Telangana - 2026,15-Feb 12pm,3843.815
3253,1,Telangana - 2026,15-Feb 1pm,3801.185
3253,2,Telangana - 2026,15-Feb 1pm,3801.185
3253,3,Telangana - 2026,15-Feb 1pm,3801.185
3253,4,Telangana - 2026,15-Feb 1pm,3801.185
3254,1,Telangana - 2026,15-Feb 2pm,3801.185
3254,2,Telangana - 2026,15-Feb 2pm,3801.185
3254,3,Telangana - 2026,15-Feb 2pm,3801.185
3254,4,Telangana - 2026,15-Feb 2pm,3801.185
3255,1,Telangana - 2026,15-Feb 3pm,3644.65
3255,2,Telangana - 2026,15-Feb 3pm,3644.65
3255,3,Telangana - 2026,15-Feb 3pm,3644.65
3255,4,Telangana - 2026,15-Feb 3pm,3644.65
3256,1,Telangana - 2026,15-Feb 4pm,3669.19
3256,2,Telangana - 2026,15-Feb 4pm,3669.19
3256,3,Telangana - 2026,15-Feb 4pm,3669.19
3256,4,Telangana - 2026,15-Feb 4pm,3669.19
3257,1,Telangana - 2026,15-Feb 5pm,2937.77
3257,2,Telangana - 2026,15-Feb 5pm,2937.77
3257,3,Telangana - 2026,15-Feb 5pm,2937.77
3257,4,Telangana - 2026,15-Feb 5pm,2937.77
3258,1,Telangana - 2026,15-Feb 6pm,2141.6325
3258,2,Telangana - 2026,15-Feb 6pm,2141.6325
3258,3,Telangana - 2026,15-Feb 6pm,2141.6325
3258,4,Telangana - 2026,15-Feb 6pm,2141.6325
3259,1,Telangana - 2026,15-Feb 7pm,2102.025
3259,2,Telangana - 2026,15-Feb 7pm,2102.025
3259,3,Telangana - 2026,15-Feb 7pm,2102.025
3259,4,Telangana - 2026,15-Feb 7pm,2102.025
3260,1,Telangana - 2026,15-Feb 8pm,1975.7625
3260,2,Telangana - 2026,15-Feb 8pm,1975.7625
3260,3,Telangana - 2026,15-Feb 8pm,1975.7625
3260,4,Telangana - 2026,15-Feb 8pm,1975.7625
3261,1,Telangana - 2026,15-Feb 9pm,1908.915
3261,2,Telangana - 2026,15-Feb 9pm,1908.915
3261,3,Telangana - 2026,15-Feb 9pm,1908.915
3261,4,Telangana - 2026,15-Feb 9pm,1908.915
3262,1,Telangana - 2026,15-Feb 10pm,1887.21
3262,2,Telangana - 2026,15-Feb 10pm,1887.21
3262,3,Telangana - 2026,15-Feb 10pm,1887.21
3262,4,Telangana - 2026,15-Feb 10pm,1887.21
3263,1,Telangana - 2026,15-Feb 11pm,1790.64
3263,2,Telangana - 2026,15-Feb 11pm,1790.64
3263,3,Telangana - 2026,15-Feb 11pm,1790.64
3263,4,Telangana - 2026,15-Feb 11pm,1790.64
3264,1,Telangana - 2026,16-Feb 12am,1883.555
3264,2,Telangana - 2026,16-Feb 12am,1883.555
3264,3,Telangana - 2026,16-Feb 12am,1883.555
3264,4,Telangana - 2026,16-Feb 12am,1883.555
3265,1,Telangana - 2026,16-Feb 1am,2316.16
3265,2,Telangana - 2026,16-Feb 1am,2316.16
3265,3,Telangana - 2026,16-Feb 1am,2316.16
3265,4,Telangana - 2026,16-Feb 1am,2316.16
3266,1,Telangana - 2026,16-Feb 2am,2417.55
3266,2,Telangana - 2026,16-Feb 2am,2417.55
3266,3,Telangana - 2026,16-Feb 2am,2417.55
3266,4,Telangana - 2026,16-Feb 2am,2417.55
3267,1,Telangana - 2026,16-Feb 3am,2746.92
3267,2,Telangana - 2026,16-Feb 3am,2746.92
3267,3,Telangana - 2026,16-Feb 3am,2746.92
3267,4,Telangana - 2026,16-Feb 3am,2746.92
3268,1,Telangana - 2026,16-Feb 4am,2873.9325
3268,2,Telangana - 2026,16-Feb 4am,2873.9325
3268,3,Telangana - 2026,16-Feb 4am,2873.9325
3268,4,Telangana - 2026,16-Feb 4am,2873.9325
3269,1,Telangana - 2026,16-Feb 5am,2980.57
3269,2,Telangana - 2026,16-Feb 5am,2980.57
3269,3,Telangana - 2026,16-Feb 5am,2980.57
3269,4,Telangana - 2026,16-Feb 5am,2980.57
3270,1,Telangana - 2026,16-Feb 6am,3235.195
3270,2,Telangana - 2026,16-Feb 6am,3235.195
3270,3,Telangana - 2026,16-Feb 6am,3235.195
3270,4,Telangana - 2026,16-Feb 6am,3235.195
3271,1,Telangana - 2026,16-Feb 7am,3756.355
3271,2,Telangana - 2026,16-Feb 7am,3756.355
3271,3,Telangana - 2026,16-Feb 7am,3756.355
3271,4,Telangana - 2026,16-Feb 7am,3756.355
3272,1,Telangana - 2026,16-Feb 8am,4002.2975
3272,2,Telangana - 2026,16-Feb 8am,4002.2975
3272,3,Telangana - 2026,16-Feb 8am,4002.2975
3272,4,Telangana - 2026,16-Feb 8am,4002.2975
3273,1,Telangana - 2026,16-Feb 9am,3995.775
3273,2,Telangana - 2026,16-Feb 9am,3995.775
3273,3,Telangana - 2026,16-Feb 9am,3995.775
3273,4,Telangana - 2026,16-Feb 9am,3995.775
3274,1,Telangana - 2026,16-Feb 10am,3844.8325
3274,2,Telangana - 2026,16-Feb 10am,3844.8325
3274,3,Telangana - 2026,16-Feb 10am,3844.8325
3274,4,Telangana - 2026,16-Feb 10am,3844.8325
3275,1,Telangana - 2026,16-Feb 11am,3836.805
3275,2,Telangana - 2026,16-Feb 11am,3836.805
3275,3,Telangana - 2026,16-Feb 11am,3836.805
3275,4,Telangana - 2026,16-Feb 11am,3836.805
3276,1,Telangana - 2026,16-Feb 12pm,3798.55
3276,2,Telangana - 2026,16-Feb 12pm,3798.55
3276,3,Telangana - 2026,16-Feb 12pm,3798.55
3276,4,Telangana - 2026,16-Feb 12pm,3798.55
3277,1,Telangana - 2026,16-Feb 1pm,3770.3425
3277,2,Telangana - 2026,16-Feb 1pm,3770.3425
3277,3,Telangana - 2026,16-Feb 1pm,3770.3425
3277,4,Telangana - 2026,16-Feb 1pm,3770.3425
3278,1,Telangana - 2026,16-Feb 2pm,3675.0125
3278,2,Telangana - 2026,16-Feb 2pm,3675.0125
3278,3,Telangana - 2026,16-Feb 2pm,3675.0125
3278,4,Telangana - 2026,16-Feb 2pm,3675.0125
3279,1,Telangana - 2026,16-Feb 3pm,3664.6975
3279,2,Telangana - 2026,16-Feb 3pm,3664.6975
3279,3,Telangana - 2026,16-Feb 3pm,3664.6975
3279,4,Telangana - 2026,16-Feb 3pm,3664.6975
3280,1,Telangana - 2026,16-Feb 4pm,3724.68
3280,2,Telangana - 2026,16-Feb 4pm,3724.68
3280,3,Telangana - 2026,16-Feb 4pm,3724.68
3280,4,Telangana - 2026,16-Feb 4pm,3724.68
3281,1,Telangana - 2026,16-Feb 5pm,2939.29
3281,2,Telangana - 2026,16-Feb 5pm,2939.29
3281,3,Telangana - 2026,16-Feb 5pm,2939.29
3281,4,Telangana - 2026,16-Feb 5pm,2939.29
3282,1,Telangana - 2026,16-Feb 6pm,2186.295
3282,2,Telangana - 2026,16-Feb 6pm,2186.295
3282,3,Telangana - 2026,16-Feb 6pm,2186.295
3282,4,Telangana - 2026,16-Feb 6pm,2186.295
3283,1,Telangana - 2026,16-Feb 7pm,2248.1625
3283,2,Telangana - 2026,16-Feb 7pm,2248.1625
3283,3,Telangana - 2026,16-Feb 7pm,2248.1625
3283,4,Telangana - 2026,16-Feb 7pm,2248.1625
3284,1,Telangana - 2026,16-Feb 8pm,2146.585
3284,2,Telangana - 2026,16-Feb 8pm,2146.585
3284,3,Telangana - 2026,16-Feb 8pm,2146.585
3284,4,Telangana - 2026,16-Feb 8pm,2146.585
3285,1,Telangana - 2026,16-Feb 9pm,2046.635
3285,2,Telangana - 2026,16-Feb 9pm,2046.635
3285,3,Telangana - 2026,16-Feb 9pm,2046.635
3285,4,Telangana - 2026,16-Feb 9pm,2046.635
3286,1,Telangana - 2026,16-Feb 10pm,1951.4275
3286,2,Telangana - 2026,16-Feb 10pm,1951.4275
3286,3,Telangana - 2026,16-Feb 10pm,1951.4275
3286,4,Telangana - 2026,16-Feb 10pm,1951.4275
3287,1,Telangana - 2026,16-Feb 11pm,1847.5825
3287,2,Telangana - 2026,16-Feb 11pm,1847.5825
3287,3,Telangana - 2026,16-Feb 11pm,1847.5825
3287,4,Telangana - 2026,16-Feb 11pm,1847.5825
3288,1,Telangana - 2026,17-Feb 12am,1934.6775
3288,2,Telangana - 2026,17-Feb 12am,1934.6775
3288,3,Telangana - 2026,17-Feb 12am,1934.6775
3288,4,Telangana - 2026,17-Feb 12am,1934.6775
3289,1,Telangana - 2026,17-Feb 1am,2359.3375
3289,2,Telangana - 2026,17-Feb 1am,2359.3375
3289,3,Telangana - 2026,17-Feb 1am,2359.3375
3289,4,Telangana - 2026,17-Feb 1am,2359.3375
3290,1,Telangana - 2026,17-Feb 2am,2532.875
3290,2,Telangana - 2026,17-Feb 2am,2532.875
3290,3,Telangana - 2026,17-Feb 2am,2532.875
3290,4,Telangana - 2026,17-Feb 2am,2532.875
3291,1,Telangana - 2026,17-Feb 3am,2914.265
3291,2,Telangana - 2026,17-Feb 3am,2914.265
3291,3,Telangana - 2026,17-Feb 3am,2914.265
3291,4,Telangana - 2026,17-Feb 3am,2914.265
3292,1,Telangana - 2026,17-Feb 4am,3022.8025
3292,2,Telangana - 2026,17-Feb 4am,3022.8025
3292,3,Telangana - 2026,17-Feb 4am,3022.8025
3292,4,Telangana - 2026,17-Feb 4am,3022.8025
3293,1,Telangana - 2026,17-Feb 5am,3078.8625
3293,2,Telangana - 2026,17-Feb 5am,3078.8625
3293,3,Telangana - 2026,17-Feb 5am,3078.8625
3293,4,Telangana - 2026,17-Feb 5am,3078.8625
3294,1,Telangana - 2026,17-Feb 6am,3303.525
3294,2,Telangana - 2026,17-Feb 6am,3303.525
3294,3,Telangana - 2026,17-Feb 6am,3303.525
3294,4,Telangana - 2026,17-Feb 6am,3303.525
3295,1,Telangana - 2026,17-Feb 7am,3889.2075
3295,2,Telangana - 2026,17-Feb 7am,3889.2075
3295,3,Telangana - 2026,17-Feb 7am,3889.2075
3295,4,Telangana - 2026,17-Feb 7am,3889.2075
3296,1,Telangana - 2026,17-Feb 8am,4132.0825
3296,2,Telangana - 2026,17-Feb 8am,4132.0825
3296,3,Telangana - 2026,17-Feb 8am,4132.0825
3296,4,Telangana - 2026,17-Feb 8am,4132.0825
3297,1,Telangana - 2026,17-Feb 9am,4014.27
3297,2,Telangana - 2026,17-Feb 9am,4014.27
3297,3,Telangana - 2026,17-Feb 9am,4014.27
3297,4,Telangana - 2026,17-Feb 9am,4014.27
3298,1,Telangana - 2026,17-Feb 10am,3986.8575
3298,2,Telangana - 2026,17-Feb 10am,3986.8575
3298,3,Telangana - 2026,17-Feb 10am,3986.8575
3298,4,Telangana - 2026,17-Feb 10am,3986.8575
3299,1,Telangana - 2026,17-Feb 11am,4007.36
3299,2,Telangana - 2026,17-Feb 11am,4007.36
3299,3,Telangana - 2026,17-Feb 11am,4007.36
3299,4,Telangana - 2026,17-Feb 11am,4007.36
3300,1,Telangana - 2026,17-Feb 12pm,3923.7625
3300,2,Telangana - 2026,17-Feb 12pm,3923.7625
3300,3,Telangana - 2026,17-Feb 12pm,3923.7625
3300,4,Telangana - 2026,17-Feb 12pm,3923.7625
3301,1,Telangana - 2026,17-Feb 1pm,3830.76
3301,2,Telangana - 2026,17-Feb 1pm,3830.76
3301,3,Telangana - 2026,17-Feb 1pm,3830.76
3301,4,Telangana - 2026,17-Feb 1pm,3830.76
3302,1,Telangana - 2026,17-Feb 2pm,3785.9225
3302,2,Telangana - 2026,17-Feb 2pm,3785.9225
3302,3,Telangana - 2026,17-Feb 2pm,3785.9225
3302,4,Telangana - 2026,17-Feb 2pm,3785.9225
3303,1,Telangana - 2026,17-Feb 3pm,3805.7925
3303,2,Telangana - 2026,17-Feb 3pm,3805.7925
3303,3,Telangana - 2026,17-Feb 3pm,3805.7925
3303,4,Telangana - 2026,17-Feb 3pm,3805.7925
3304,1,Telangana - 2026,17-Feb 4pm,3824.7625
3304,2,Telangana - 2026,17-Feb 4pm,3824.7625
3304,3,Telangana - 2026,17-Feb 4pm,3824.7625
3304,4,Telangana - 2026,17-Feb 4pm,3824.7625
3305,1,Telangana - 2026,17-Feb 5pm,3031.635
3305,2,Telangana - 2026,17-Feb 5pm,3031.635
3305,3,Telangana - 2026,17-Feb 5pm,3031.635
3305,4,Telangana - 2026,17-Feb 5pm,3031.635
3306,1,Telangana - 2026,17-Feb 6pm,2286.4075
3306,2,Telangana - 2026,17-Feb 6pm,2286.4075
3306,3,Telangana - 2026,17-Feb 6pm,2286.4075
3306,4,Telangana - 2026,17-Feb 6pm,2286.4075
3307,1,Telangana - 2026,17-Feb 7pm,2338.84
3307,2,Telangana - 2026,17-Feb 7pm,2338.84
3307,3,Telangana - 2026,17-Feb 7pm,2338.84
3307,4,Telangana - 2026,17-Feb 7pm,2338.84
3308,1,Telangana - 2026,17-Feb 8pm,2214.675
3308,2,Telangana - 2026,17-Feb 8pm,2214.675
3308,3,Telangana - 2026,17-Feb 8pm,2214.675
3308,4,Telangana - 2026,17-Feb 8pm,2214.675
3309,1,Telangana - 2026,17-Feb 9pm,2103.015
3309,2,Telangana - 2026,17-Feb 9pm,2103.015
3309,3,Telangana - 2026,17-Feb 9pm,2103.015
3309,4,Telangana - 2026,17-Feb 9pm,2103.015
3310,1,Telangana - 2026,17-Feb 10pm,1978.64
3310,2,Telangana - 2026,17-Feb 10pm,1978.64
3310,3,Telangana - 2026,17-Feb 10pm,1978.64
3310,4,Telangana - 2026,17-Feb 10pm,1978.64
3311,1,Telangana - 2026,17-Feb 11pm,1936.1025
3311,2,Telangana - 2026,17-Feb 11pm,1936.1025
3311,3,Telangana - 2026,17-Feb 11pm,1936.1025
3311,4,Telangana - 2026,17-Feb 11pm,1936.1025
3312,1,Telangana - 2026,18-Feb 12am,2097.51
3312,2,Telangana - 2026,18-Feb 12am,2097.51
3312,3,Telangana - 2026,18-Feb 12am,2097.51
3312,4,Telangana - 2026,18-Feb 12am,2097.51
3313,1,Telangana - 2026,18-Feb 1am,2524.9
3313,2,Telangana - 2026,18-Feb 1am,2524.9
3313,3,Telangana - 2026,18-Feb 1am,2524.9
3313,4,Telangana - 2026,18-Feb 1am,2524.9
3314,1,Telangana - 2026,18-Feb 2am,2616.51
3314,2,Telangana - 2026,18-Feb 2am,2616.51
3314,3,Telangana - 2026,18-Feb 2am,2616.51
3314,4,Telangana - 2026,18-Feb 2am,2616.51
3315,1,Telangana - 2026,18-Feb 3am,2983.895
3315,2,Telangana - 2026,18-Feb 3am,2983.895
3315,3,Telangana - 2026,18-Feb 3am,2983.895
3315,4,Telangana - 2026,18-Feb 3am,2983.895
3316,1,Telangana - 2026,18-Feb 4am,3055.22
3316,2,Telangana - 2026,18-Feb 4am,3055.22
3316,3,Telangana - 2026,18-Feb 4am,3055.22
3316,4,Telangana - 2026,18-Feb 4am,3055.22
3317,1,Telangana - 2026,18-Feb 5am,3123.98
3317,2,Telangana - 2026,18-Feb 5am,3123.98
3317,3,Telangana - 2026,18-Feb 5am,3123.98
3317,4,Telangana - 2026,18-Feb 5am,3123.98
3318,1,Telangana - 2026,18-Feb 6am,3325.9
3318,2,Telangana - 2026,18-Feb 6am,3325.9
3318,3,Telangana - 2026,18-Feb 6am,3325.9
3318,4,Telangana - 2026,18-Feb 6am,3325.9
3319,1,Telangana - 2026,18-Feb 7am,3902.055
3319,2,Telangana - 2026,18-Feb 7am,3902.055
3319,3,Telangana - 2026,18-Feb 7am,3902.055
3319,4,Telangana - 2026,18-Feb 7am,3902.055
3320,1,Telangana - 2026,18-Feb 8am,4152.6825
3320,2,Telangana - 2026,18-Feb 8am,4152.6825
3320,3,Telangana - 2026,18-Feb 8am,4152.6825
3320,4,Telangana - 2026,18-Feb 8am,4152.6825
3321,1,Telangana - 2026,18-Feb 9am,4063.3175
3321,2,Telangana - 2026,18-Feb 9am,4063.3175
3321,3,Telangana - 2026,18-Feb 9am,4063.3175
3321,4,Telangana - 2026,18-Feb 9am,4063.3175
3322,1,Telangana - 2026,18-Feb 10am,4017.4475
3322,2,Telangana - 2026,18-Feb 10am,4017.4475
3322,3,Telangana - 2026,18-Feb 10am,4017.4475
3322,4,Telangana - 2026,18-Feb 10am,4017.4475
3323,1,Telangana - 2026,18-Feb 11am,3968.82
3323,2,Telangana - 2026,18-Feb 11am,3968.82
3323,3,Telangana - 2026,18-Feb 11am,3968.82
3323,4,Telangana - 2026,18-Feb 11am,3968.82
3324,1,Telangana - 2026,18-Feb 12pm,3947.4275
3324,2,Telangana - 2026,18-Feb 12pm,3947.4275
3324,3,Telangana - 2026,18-Feb 12pm,3947.4275
3324,4,Telangana - 2026,18-Feb 12pm,3947.4275
3325,1,Telangana - 2026,18-Feb 1pm,3910.38
3325,2,Telangana - 2026,18-Feb 1pm,3910.38
3325,3,Telangana - 2026,18-Feb 1pm,3910.38
3325,4,Telangana - 2026,18-Feb 1pm,3910.38
3326,1,Telangana - 2026,18-Feb 2pm,3794.7225
3326,2,Telangana - 2026,18-Feb 2pm,3794.7225
3326,3,Telangana - 2026,18-Feb 2pm,3794.7225
3326,4,Telangana - 2026,18-Feb 2pm,3794.7225
3327,1,Telangana - 2026,18-Feb 3pm,3838.1025
3327,2,Telangana - 2026,18-Feb 3pm,3838.1025
3327,3,Telangana - 2026,18-Feb 3pm,3838.1025
3327,4,Telangana - 2026,18-Feb 3pm,3838.1025
3328,1,Telangana - 2026,18-Feb 4pm,3854.7175
3328,2,Telangana - 2026,18-Feb 4pm,3854.7175
3328,3,Telangana - 2026,18-Feb 4pm,3854.7175
3328,4,Telangana - 2026,18-Feb 4pm,3854.7175
3329,1,Telangana - 2026,18-Feb 5pm,3083.625
3329,2,Telangana - 2026,18-Feb 5pm,3083.625
3329,3,Telangana - 2026,18-Feb 5pm,3083.625
3329,4,Telangana - 2026,18-Feb 5pm,3083.625
3330,1,Telangana - 2026,18-Feb 6pm,2328.605
3330,2,Telangana - 2026,18-Feb 6pm,2328.605
3330,3,Telangana - 2026,18-Feb 6pm,2328.605
3330,4,Telangana - 2026,18-Feb 6pm,2328.605
3331,1,Telangana - 2026,18-Feb 7pm,2373.4275
3331,2,Telangana - 2026,18-Feb 7pm,2373.4275
3331,3,Telangana - 2026,18-Feb 7pm,2373.4275
3331,4,Telangana - 2026,18-Feb 7pm,2373.4275
3332,1,Telangana - 2026,18-Feb 8pm,2260.105
3332,2,Telangana - 2026,18-Feb 8pm,2260.105
3332,3,Telangana - 2026,18-Feb 8pm,2260.105
3332,4,Telangana - 2026,18-Feb 8pm,2260.105
3333,1,Telangana - 2026,18-Feb 9pm,2149.72
3333,2,Telangana - 2026,18-Feb 9pm,2149.72
3333,3,Telangana - 2026,18-Feb 9pm,2149.72
3333,4,Telangana - 2026,18-Feb 9pm,2149.72
3334,1,Telangana - 2026,18-Feb 10pm,2027.335
3334,2,Telangana - 2026,18-Feb 10pm,2027.335
3334,3,Telangana - 2026,18-Feb 10pm,2027.335
3334,4,Telangana - 2026,18-Feb 10pm,2027.335
3335,1,Telangana - 2026,18-Feb 11pm,2015.7525
3335,2,Telangana - 2026,18-Feb 11pm,2015.7525
3335,3,Telangana - 2026,18-Feb 11pm,2015.7525
3335,4,Telangana - 2026,18-Feb 11pm,2015.7525
3336,1,Telangana - 2026,19-Feb 12am,2098.2975
3336,2,Telangana - 2026,19-Feb 12am,2098.2975
3336,3,Telangana - 2026,19-Feb 12am,2098.2975
3336,4,Telangana - 2026,19-Feb 12am,2098.2975
3337,1,Telangana - 2026,19-Feb 1am,2546.965
3337,2,Telangana - 2026,19-Feb 1am,2546.965
3337,3,Telangana - 2026,19-Feb 1am,2546.965
3337,4,Telangana - 2026,19-Feb 1am,2546.965
3338,1,Telangana - 2026,19-Feb 2am,2637.9725
3338,2,Telangana - 2026,19-Feb 2am,2637.9725
3338,3,Telangana - 2026,19-Feb 2am,2637.9725
3338,4,Telangana - 2026,19-Feb 2am,2637.9725
3339,1,Telangana - 2026,19-Feb 3am,2998.46
3339,2,Telangana - 2026,19-Feb 3am,2998.46
3339,3,Telangana - 2026,19-Feb 3am,2998.46
3339,4,Telangana - 2026,19-Feb 3am,2998.46
3340,1,Telangana - 2026,19-Feb 4am,3169.9975
3340,2,Telangana - 2026,19-Feb 4am,3169.9975
3340,3,Telangana - 2026,19-Feb 4am,3169.9975
3340,4,Telangana - 2026,19-Feb 4am,3169.9975
3341,1,Telangana - 2026,19-Feb 5am,3208.7125
3341,2,Telangana - 2026,19-Feb 5am,3208.7125
3341,3,Telangana - 2026,19-Feb 5am,3208.7125
3341,4,Telangana - 2026,19-Feb 5am,3208.7125
3342,1,Telangana - 2026,19-Feb 6am,3405.6925
3342,2,Telangana - 2026,19-Feb 6am,3405.6925
3342,3,Telangana - 2026,19-Feb 6am,3405.6925
3342,4,Telangana - 2026,19-Feb 6am,3405.6925
3343,1,Telangana - 2026,19-Feb 7am,3962.395
3343,2,Telangana - 2026,19-Feb 7am,3962.395
3343,3,Telangana - 2026,19-Feb 7am,3962.395
3343,4,Telangana - 2026,19-Feb 7am,3962.395
3344,1,Telangana - 2026,19-Feb 8am,4180.4975
3344,2,Telangana - 2026,19-Feb 8am,4180.4975
3344,3,Telangana - 2026,19-Feb 8am,4180.4975
3344,4,Telangana - 2026,19-Feb 8am,4180.4975
3345,1,Telangana - 2026,19-Feb 9am,4032.21
3345,2,Telangana - 2026,19-Feb 9am,4032.21
3345,3,Telangana - 2026,19-Feb 9am,4032.21
3345,4,Telangana - 2026,19-Feb 9am,4032.21
3346,1,Telangana - 2026,19-Feb 10am,3967.8375
3346,2,Telangana - 2026,19-Feb 10am,3967.8375
3346,3,Telangana - 2026,19-Feb 10am,3967.8375
3346,4,Telangana - 2026,19-Feb 10am,3967.8375
3347,1,Telangana - 2026,19-Feb 11am,3964.71
3347,2,Telangana - 2026,19-Feb 11am,3964.71
3347,3,Telangana - 2026,19-Feb 11am,3964.71
3347,4,Telangana - 2026,19-Feb 11am,3964.71
3348,1,Telangana - 2026,19-Feb 12pm,3889.51
3348,2,Telangana - 2026,19-Feb 12pm,3889.51
3348,3,Telangana - 2026,19-Feb 12pm,3889.51
3348,4,Telangana - 2026,19-Feb 12pm,3889.51
3349,1,Telangana - 2026,19-Feb 1pm,3790.7825
3349,2,Telangana - 2026,19-Feb 1pm,3790.7825
3349,3,Telangana - 2026,19-Feb 1pm,3790.7825
3349,4,Telangana - 2026,19-Feb 1pm,3790.7825
3350,1,Telangana - 2026,19-Feb 2pm,3386.52
3350,2,Telangana - 2026,19-Feb 2pm,3386.52
3350,3,Telangana - 2026,19-Feb 2pm,3386.52
3350,4,Telangana - 2026,19-Feb 2pm,3386.52
3351,1,Telangana - 2026,19-Feb 3pm,3760.835
3351,2,Telangana - 2026,19-Feb 3pm,3760.835
3351,3,Telangana - 2026,19-Feb 3pm,3760.835
3351,4,Telangana - 2026,19-Feb 3pm,3760.835
3352,1,Telangana - 2026,19-Feb 4pm,3821.6925
3352,2,Telangana - 2026,19-Feb 4pm,3821.6925
3352,3,Telangana - 2026,19-Feb 4pm,3821.6925
3352,4,Telangana - 2026,19-Feb 4pm,3821.6925
3353,1,Telangana - 2026,19-Feb 5pm,3005.7925
3353,2,Telangana - 2026,19-Feb 5pm,3005.7925
3353,3,Telangana - 2026,19-Feb 5pm,3005.7925
3353,4,Telangana - 2026,19-Feb 5pm,3005.7925
3354,1,Telangana - 2026,19-Feb 6pm,2242.26
3354,2,Telangana - 2026,19-Feb 6pm,2242.26
3354,3,Telangana - 2026,19-Feb 6pm,2242.26
3354,4,Telangana - 2026,19-Feb 6pm,2242.26
3355,1,Telangana - 2026,19-Feb 7pm,2287.7075
3355,2,Telangana - 2026,19-Feb 7pm,2287.7075
3355,3,Telangana - 2026,19-Feb 7pm,2287.7075
3355,4,Telangana - 2026,19-Feb 7pm,2287.7075
3356,1,Telangana - 2026,19-Feb 8pm,2169.6675
3356,2,Telangana - 2026,19-Feb 8pm,2169.6675
3356,3,Telangana - 2026,19-Feb 8pm,2169.6675
3356,4,Telangana - 2026,19-Feb 8pm,2169.6675
3357,1,Telangana - 2026,19-Feb 9pm,2080.9425
3357,2,Telangana - 2026,19-Feb 9pm,2080.9425
3357,3,Telangana - 2026,19-Feb 9pm,2080.9425
3357,4,Telangana - 2026,19-Feb 9pm,2080.9425
3358,1,Telangana - 2026,19-Feb 10pm,2028.16
3358,2,Telangana - 2026,19-Feb 10pm,2028.16
3358,3,Telangana - 2026,19-Feb 10pm,2028.16
3358,4,Telangana - 2026,19-Feb 10pm,2028.16
3359,1,Telangana - 2026,19-Feb 11pm,1933.57
3359,2,Telangana - 2026,19-Feb 11pm,1933.57
3359,3,Telangana - 2026,19-Feb 11pm,1933.57
3359,4,Telangana - 2026,19-Feb 11pm,1933.57
3360,1,Telangana - 2026,20-Feb 12am,2023.2
3360,2,Telangana - 2026,20-Feb 12am,2023.2
3360,3,Telangana - 2026,20-Feb 12am,2023.2
3360,4,Telangana - 2026,20-Feb 12am,2023.2
3361,1,Telangana - 2026,20-Feb 1am,2484.4525
3361,2,Telangana - 2026,20-Feb 1am,2484.4525
3361,3,Telangana - 2026,20-Feb 1am,2484.4525
3361,4,Telangana - 2026,20-Feb 1am,2484.4525
3362,1,Telangana - 2026,20-Feb 2am,2563.43
3362,2,Telangana - 2026,20-Feb 2am,2563.43
3362,3,Telangana - 2026,20-Feb 2am,2563.43
3362,4,Telangana - 2026,20-Feb 2am,2563.43
3363,1,Telangana - 2026,20-Feb 3am,2928.2575
3363,2,Telangana - 2026,20-Feb 3am,2928.2575
3363,3,Telangana - 2026,20-Feb 3am,2928.2575
3363,4,Telangana - 2026,20-Feb 3am,2928.2575
3364,1,Telangana - 2026,20-Feb 4am,3085.33
3364,2,Telangana - 2026,20-Feb 4am,3085.33
3364,3,Telangana - 2026,20-Feb 4am,3085.33
3364,4,Telangana - 2026,20-Feb 4am,3085.33
3365,1,Telangana - 2026,20-Feb 5am,3170.5475
3365,2,Telangana - 2026,20-Feb 5am,3170.5475
3365,3,Telangana - 2026,20-Feb 5am,3170.5475
3365,4,Telangana - 2026,20-Feb 5am,3170.5475
3366,1,Telangana - 2026,20-Feb 6am,3393.345
3366,2,Telangana - 2026,20-Feb 6am,3393.345
3366,3,Telangana - 2026,20-Feb 6am,3393.345
3366,4,Telangana - 2026,20-Feb 6am,3393.345
3367,1,Telangana - 2026,20-Feb 7am,3943.1675
3367,2,Telangana - 2026,20-Feb 7am,3943.1675
3367,3,Telangana - 2026,20-Feb 7am,3943.1675
3367,4,Telangana - 2026,20-Feb 7am,3943.1675
3368,1,Telangana - 2026,20-Feb 8am,4176.0475
3368,2,Telangana - 2026,20-Feb 8am,4176.0475
3368,3,Telangana - 2026,20-Feb 8am,4176.0475
3368,4,Telangana - 2026,20-Feb 8am,4176.0475
3369,1,Telangana - 2026,20-Feb 9am,4059.6175
3369,2,Telangana - 2026,20-Feb 9am,4059.6175
3369,3,Telangana - 2026,20-Feb 9am,4059.6175
3369,4,Telangana - 2026,20-Feb 9am,4059.6175
3370,1,Telangana - 2026,20-Feb 10am,4002.6325
3370,2,Telangana - 2026,20-Feb 10am,4002.6325
3370,3,Telangana - 2026,20-Feb 10am,4002.6325
3370,4,Telangana - 2026,20-Feb 10am,4002.6325
3371,1,Telangana - 2026,20-Feb 11am,3950.93
3371,2,Telangana - 2026,20-Feb 11am,3950.93
3371,3,Telangana - 2026,20-Feb 11am,3950.93
3371,4,Telangana - 2026,20-Feb 11am,3950.93
3372,1,Telangana - 2026,20-Feb 12pm,3920.945
3372,2,Telangana - 2026,20-Feb 12pm,3920.945
3372,3,Telangana - 2026,20-Feb 12pm,3920.945
3372,4,Telangana - 2026,20-Feb 12pm,3920.945
3373,1,Telangana - 2026,20-Feb 1pm,3870.1875
3373,2,Telangana - 2026,20-Feb 1pm,3870.1875
3373,3,Telangana - 2026,20-Feb 1pm,3870.1875
3373,4,Telangana - 2026,20-Feb 1pm,3870.1875
3374,1,Telangana - 2026,20-Feb 2pm,3770.8325
3374,2,Telangana - 2026,20-Feb 2pm,3770.8325
3374,3,Telangana - 2026,20-Feb 2pm,3770.8325
3374,4,Telangana - 2026,20-Feb 2pm,3770.8325
3375,1,Telangana - 2026,20-Feb 3pm,3781.415
3375,2,Telangana - 2026,20-Feb 3pm,3781.415
3375,3,Telangana - 2026,20-Feb 3pm,3781.415
3375,4,Telangana - 2026,20-Feb 3pm,3781.415
3376,1,Telangana - 2026,20-Feb 4pm,3834.6325
3376,2,Telangana - 2026,20-Feb 4pm,3834.6325
3376,3,Telangana - 2026,20-Feb 4pm,3834.6325
3376,4,Telangana - 2026,20-Feb 4pm,3834.6325
3377,1,Telangana - 2026,20-Feb 5pm,3046.62
3377,2,Telangana - 2026,20-Feb 5pm,3046.62
3377,3,Telangana - 2026,20-Feb 5pm,3046.62
3377,4,Telangana - 2026,20-Feb 5pm,3046.62
3378,1,Telangana - 2026,20-Feb 6pm,2298.105
3378,2,Telangana - 2026,20-Feb 6pm,2298.105
3378,3,Telangana - 2026,20-Feb 6pm,2298.105
3378,4,Telangana - 2026,20-Feb 6pm,2298.105
3379,1,Telangana - 2026,20-Feb 7pm,2317.025
3379,2,Telangana - 2026,20-Feb 7pm,2317.025
3379,3,Telangana - 2026,20-Feb 7pm,2317.025
3379,4,Telangana - 2026,20-Feb 7pm,2317.025
3380,1,Telangana - 2026,20-Feb 8pm,2205.2
3380,2,Telangana - 2026,20-Feb 8pm,2205.2
3380,3,Telangana - 2026,20-Feb 8pm,2205.2
3380,4,Telangana - 2026,20-Feb 8pm,2205.2
3381,1,Telangana - 2026,20-Feb 9pm,2094.785
3381,2,Telangana - 2026,20-Feb 9pm,2094.785
3381,3,Telangana - 2026,20-Feb 9pm,2094.785
3381,4,Telangana - 2026,20-Feb 9pm,2094.785
3382,1,Telangana - 2026,20-Feb 10pm,1995.6425
3382,2,Telangana - 2026,20-Feb 10pm,1995.6425
3382,3,Telangana - 2026,20-Feb 10pm,1995.6425
3382,4,Telangana - 2026,20-Feb 10pm,1995.6425
3383,1,Telangana - 2026,20-Feb 11pm,1903.795
3383,2,Telangana - 2026,20-Feb 11pm,1903.795
3383,3,Telangana - 2026,20-Feb 11pm,1903.795
3383,4,Telangana - 2026,20-Feb 11pm,1903.795
3384,1,Telangana - 2026,21-Feb 12am,1987.665
3384,2,Telangana - 2026,21-Feb 12am,1987.665
3384,3,Telangana - 2026,21-Feb 12am,1987.665
3384,4,Telangana - 2026,21-Feb 12am,1987.665
3385,1,Telangana - 2026,21-Feb 1am,2467.275
3385,2,Telangana - 2026,21-Feb 1am,2467.275
3385,3,Telangana - 2026,21-Feb 1am,2467.275
3385,4,Telangana - 2026,21-Feb 1am,2467.275
3386,1,Telangana - 2026,21-Feb 2am,2569.4725
3386,2,Telangana - 2026,21-Feb 2am,2569.4725
3386,3,Telangana - 2026,21-Feb 2am,2569.4725
3386,4,Telangana - 2026,21-Feb 2am,2569.4725
3387,1,Telangana - 2026,21-Feb 3am,2950.895
3387,2,Telangana - 2026,21-Feb 3am,2950.895
3387,3,Telangana - 2026,21-Feb 3am,2950.895
3387,4,Telangana - 2026,21-Feb 3am,2950.895
3388,1,Telangana - 2026,21-Feb 4am,3110.2875
3388,2,Telangana - 2026,21-Feb 4am,3110.2875
3388,3,Telangana - 2026,21-Feb 4am,3110.2875
3388,4,Telangana - 2026,21-Feb 4am,3110.2875
3389,1,Telangana - 2026,21-Feb 5am,3203.3675
3389,2,Telangana - 2026,21-Feb 5am,3203.3675
3389,3,Telangana - 2026,21-Feb 5am,3203.3675
3389,4,Telangana - 2026,21-Feb 5am,3203.3675
3390,1,Telangana - 2026,21-Feb 6am,3408.2725
3390,2,Telangana - 2026,21-Feb 6am,3408.2725
3390,3,Telangana - 2026,21-Feb 6am,3408.2725
3390,4,Telangana - 2026,21-Feb 6am,3408.2725
3391,1,Telangana - 2026,21-Feb 7am,3924.29
3391,2,Telangana - 2026,21-Feb 7am,3924.29
3391,3,Telangana - 2026,21-Feb 7am,3924.29
3391,4,Telangana - 2026,21-Feb 7am,3924.29
3392,1,Telangana - 2026,21-Feb 8am,4126.08
3392,2,Telangana - 2026,21-Feb 8am,4126.08
3392,3,Telangana - 2026,21-Feb 8am,4126.08
3392,4,Telangana - 2026,21-Feb 8am,4126.08
3393,1,Telangana - 2026,21-Feb 9am,4033.1075
3393,2,Telangana - 2026,21-Feb 9am,4033.1075
3393,3,Telangana - 2026,21-Feb 9am,4033.1075
3393,4,Telangana - 2026,21-Feb 9am,4033.1075
3394,1,Telangana - 2026,21-Feb 10am,3909.04
3394,2,Telangana - 2026,21-Feb 10am,3909.04
3394,3,Telangana - 2026,21-Feb 10am,3909.04
3394,4,Telangana - 2026,21-Feb 10am,3909.04
3395,1,Telangana - 2026,21-Feb 11am,3829.4825
3395,2,Telangana - 2026,21-Feb 11am,3829.4825
3395,3,Telangana - 2026,21-Feb 11am,3829.4825
3395,4,Telangana - 2026,21-Feb 11am,3829.4825
3396,1,Telangana - 2026,21-Feb 12pm,3813.32
3396,2,Telangana - 2026,21-Feb 12pm,3813.32
3396,3,Telangana - 2026,21-Feb 12pm,3813.32
3396,4,Telangana - 2026,21-Feb 12pm,3813.32
3397,1,Telangana - 2026,21-Feb 1pm,3746.7775
3397,2,Telangana - 2026,21-Feb 1pm,3746.7775
3397,3,Telangana - 2026,21-Feb 1pm,3746.7775
3397,4,Telangana - 2026,21-Feb 1pm,3746.7775
3398,1,Telangana - 2026,21-Feb 2pm,3717.615
3398,2,Telangana - 2026,21-Feb 2pm,3717.615
3398,3,Telangana - 2026,21-Feb 2pm,3717.615
3398,4,Telangana - 2026,21-Feb 2pm,3717.615
3399,1,Telangana - 2026,21-Feb 3pm,3762.96
3399,2,Telangana - 2026,21-Feb 3pm,3762.96
3399,3,Telangana - 2026,21-Feb 3pm,3762.96
3399,4,Telangana - 2026,21-Feb 3pm,3762.96
3400,1,Telangana - 2026,21-Feb 4pm,3858.6475
3400,2,Telangana - 2026,21-Feb 4pm,3858.6475
3400,3,Telangana - 2026,21-Feb 4pm,3858.6475
3400,4,Telangana - 2026,21-Feb 4pm,3858.6475
3401,1,Telangana - 2026,21-Feb 5pm,3041.0025
3401,2,Telangana - 2026,21-Feb 5pm,3041.0025
3401,3,Telangana - 2026,21-Feb 5pm,3041.0025
3401,4,Telangana - 2026,21-Feb 5pm,3041.0025
3402,1,Telangana - 2026,21-Feb 6pm,2273.78
3402,2,Telangana - 2026,21-Feb 6pm,2273.78
3402,3,Telangana - 2026,21-Feb 6pm,2273.78
3402,4,Telangana - 2026,21-Feb 6pm,2273.78
3403,1,Telangana - 2026,21-Feb 7pm,2294.135
3403,2,Telangana - 2026,21-Feb 7pm,2294.135
3403,3,Telangana - 2026,21-Feb 7pm,2294.135
3403,4,Telangana - 2026,21-Feb 7pm,2294.135
3404,1,Telangana - 2026,21-Feb 8pm,2226.7275
3404,2,Telangana - 2026,21-Feb 8pm,2226.7275
3404,3,Telangana - 2026,21-Feb 8pm,2226.7275
3404,4,Telangana - 2026,21-Feb 8pm,2226.7275
3405,1,Telangana - 2026,21-Feb 9pm,2133.1575
3405,2,Telangana - 2026,21-Feb 9pm,2133.1575
3405,3,Telangana - 2026,21-Feb 9pm,2133.1575
3405,4,Telangana - 2026,21-Feb 9pm,2133.1575
3406,1,Telangana - 2026,21-Feb 10pm,2008.56
3406,2,Telangana - 2026,21-Feb 10pm,2008.56
3406,3,Telangana - 2026,21-Feb 10pm,2008.56
3406,4,Telangana - 2026,21-Feb 10pm,2008.56
3407,1,Telangana - 2026,21-Feb 11pm,1928.475
3407,2,Telangana - 2026,21-Feb 11pm,1928.475
3407,3,Telangana - 2026,21-Feb 11pm,1928.475
3407,4,Telangana - 2026,21-Feb 11pm,1928.475
3408,1,Telangana - 2026,22-Feb 12am,2054.245
3408,2,Telangana - 2026,22-Feb 12am,2054.245
3408,3,Telangana - 2026,22-Feb 12am,2054.245
3408,4,Telangana - 2026,22-Feb 12am,2054.245
3409,1,Telangana - 2026,22-Feb 1am,2591.2
3409,2,Telangana - 2026,22-Feb 1am,2591.2
3409,3,Telangana - 2026,22-Feb 1am,2591.2
3409,4,Telangana - 2026,22-Feb 1am,2591.2
3410,1,Telangana - 2026,22-Feb 2am,2728.71
3410,2,Telangana - 2026,22-Feb 2am,2728.71
3410,3,Telangana - 2026,22-Feb 2am,2728.71
3410,4,Telangana - 2026,22-Feb 2am,2728.71
3411,1,Telangana - 2026,22-Feb 3am,3126.5125
3411,2,Telangana - 2026,22-Feb 3am,3126.5125
3411,3,Telangana - 2026,22-Feb 3am,3126.5125
3411,4,Telangana - 2026,22-Feb 3am,3126.5125
3412,1,Telangana - 2026,22-Feb 4am,3250.28
3412,2,Telangana - 2026,22-Feb 4am,3250.28
3412,3,Telangana - 2026,22-Feb 4am,3250.28
3412,4,Telangana - 2026,22-Feb 4am,3250.28
3413,1,Telangana - 2026,22-Feb 5am,3333.385
3413,2,Telangana - 2026,22-Feb 5am,3333.385
3413,3,Telangana - 2026,22-Feb 5am,3333.385
3413,4,Telangana - 2026,22-Feb 5am,3333.385
3414,1,Telangana - 2026,22-Feb 6am,3393.205
3414,2,Telangana - 2026,22-Feb 6am,3393.205
3414,3,Telangana - 2026,22-Feb 6am,3393.205
3414,4,Telangana - 2026,22-Feb 6am,3393.205
3415,1,Telangana - 2026,22-Feb 7am,3759.405
3415,2,Telangana - 2026,22-Feb 7am,3759.405
3415,3,Telangana - 2026,22-Feb 7am,3759.405
3415,4,Telangana - 2026,22-Feb 7am,3759.405
3416,1,Telangana - 2026,22-Feb 8am,3982.3675
3416,2,Telangana - 2026,22-Feb 8am,3982.3675
3416,3,Telangana - 2026,22-Feb 8am,3982.3675
3416,4,Telangana - 2026,22-Feb 8am,3982.3675
3417,1,Telangana - 2026,22-Feb 9am,3995.945
3417,2,Telangana - 2026,22-Feb 9am,3995.945
3417,3,Telangana - 2026,22-Feb 9am,3995.945
3417,4,Telangana - 2026,22-Feb 9am,3995.945
3418,1,Telangana - 2026,22-Feb 10am,3929.165
3418,2,Telangana - 2026,22-Feb 10am,3929.165
3418,3,Telangana - 2026,22-Feb 10am,3929.165
3418,4,Telangana - 2026,22-Feb 10am,3929.165
3419,1,Telangana - 2026,22-Feb 11am,3940.4875
3419,2,Telangana - 2026,22-Feb 11am,3940.4875
3419,3,Telangana - 2026,22-Feb 11am,3940.4875
3419,4,Telangana - 2026,22-Feb 11am,3940.4875
3420,1,Telangana - 2026,22-Feb 12pm,3882.55
3420,2,Telangana - 2026,22-Feb 12pm,3882.55
3420,3,Telangana - 2026,22-Feb 12pm,3882.55
3420,4,Telangana - 2026,22-Feb 12pm,3882.55
3421,1,Telangana - 2026,22-Feb 1pm,3821.915
3421,2,Telangana - 2026,22-Feb 1pm,3821.915
3421,3,Telangana - 2026,22-Feb 1pm,3821.915
3421,4,Telangana - 2026,22-Feb 1pm,3821.915
3422,1,Telangana - 2026,22-Feb 2pm,3758.06
3422,2,Telangana - 2026,22-Feb 2pm,3758.06
3422,3,Telangana - 2026,22-Feb 2pm,3758.06
3422,4,Telangana - 2026,22-Feb 2pm,3758.06
3423,1,Telangana - 2026,22-Feb 3pm,3789.6675
3423,2,Telangana - 2026,22-Feb 3pm,3789.6675
3423,3,Telangana - 2026,22-Feb 3pm,3789.6675
3423,4,Telangana - 2026,22-Feb 3pm,3789.6675
3424,1,Telangana - 2026,22-Feb 4pm,3787.5025
3424,2,Telangana - 2026,22-Feb 4pm,3787.5025
3424,3,Telangana - 2026,22-Feb 4pm,3787.5025
3424,4,Telangana - 2026,22-Feb 4pm,3787.5025
3425,1,Telangana - 2026,22-Feb 5pm,2966.0975
3425,2,Telangana - 2026,22-Feb 5pm,2966.0975
3425,3,Telangana - 2026,22-Feb 5pm,2966.0975
3425,4,Telangana - 2026,22-Feb 5pm,2966.0975
3426,1,Telangana - 2026,22-Feb 6pm,2141.5025
3426,2,Telangana - 2026,22-Feb 6pm,2141.5025
3426,3,Telangana - 2026,22-Feb 6pm,2141.5025
3426,4,Telangana - 2026,22-Feb 6pm,2141.5025
3427,1,Telangana - 2026,22-Feb 7pm,2167.9275
3427,2,Telangana - 2026,22-Feb 7pm,2167.9275
3427,3,Telangana - 2026,22-Feb 7pm,2167.9275
3427,4,Telangana - 2026,22-Feb 7pm,2167.9275
3428,1,Telangana - 2026,22-Feb 8pm,2095.1825
3428,2,Telangana - 2026,22-Feb 8pm,2095.1825
3428,3,Telangana - 2026,22-Feb 8pm,2095.1825
3428,4,Telangana - 2026,22-Feb 8pm,2095.1825
3429,1,Telangana - 2026,22-Feb 9pm,2049.8325
3429,2,Telangana - 2026,22-Feb 9pm,2049.8325
3429,3,Telangana - 2026,22-Feb 9pm,2049.8325
3429,4,Telangana - 2026,22-Feb 9pm,2049.8325
3430,1,Telangana - 2026,22-Feb 10pm,1951.755
3430,2,Telangana - 2026,22-Feb 10pm,1951.755
3430,3,Telangana - 2026,22-Feb 10pm,1951.755
3430,4,Telangana - 2026,22-Feb 10pm,1951.755
3431,1,Telangana - 2026,22-Feb 11pm,1862.5475
3431,2,Telangana - 2026,22-Feb 11pm,1862.5475
3431,3,Telangana - 2026,22-Feb 11pm,1862.5475
3431,4,Telangana - 2026,22-Feb 11pm,1862.5475
3432,1,Telangana - 2026,23-Feb 12am,2002.7675
3432,2,Telangana - 2026,23-Feb 12am,2002.7675
3432,3,Telangana - 2026,23-Feb 12am,2002.7675
3432,4,Telangana - 2026,23-Feb 12am,2002.7675
3433,1,Telangana - 2026,23-Feb 1am,2422.71
3433,2,Telangana - 2026,23-Feb 1am,2422.71
3433,3,Telangana - 2026,23-Feb 1am,2422.71
3433,4,Telangana - 2026,23-Feb 1am,2422.71
3434,1,Telangana - 2026,23-Feb 2am,2538.66
3434,2,Telangana - 2026,23-Feb 2am,2538.66
3434,3,Telangana - 2026,23-Feb 2am,2538.66
3434,4,Telangana - 2026,23-Feb 2am,2538.66
3435,1,Telangana - 2026,23-Feb 3am,2889.775
3435,2,Telangana - 2026,23-Feb 3am,2889.775
3435,3,Telangana - 2026,23-Feb 3am,2889.775
3435,4,Telangana - 2026,23-Feb 3am,2889.775
3436,1,Telangana - 2026,23-Feb 4am,3060.2375
3436,2,Telangana - 2026,23-Feb 4am,3060.2375
3436,3,Telangana - 2026,23-Feb 4am,3060.2375
3436,4,Telangana - 2026,23-Feb 4am,3060.2375
3437,1,Telangana - 2026,23-Feb 5am,3131.7975
3437,2,Telangana - 2026,23-Feb 5am,3131.7975
3437,3,Telangana - 2026,23-Feb 5am,3131.7975
3437,4,Telangana - 2026,23-Feb 5am,3131.7975
3438,1,Telangana - 2026,23-Feb 6am,3353.1225
3438,2,Telangana - 2026,23-Feb 6am,3353.1225
3438,3,Telangana - 2026,23-Feb 6am,3353.1225
3438,4,Telangana - 2026,23-Feb 6am,3353.1225
3439,1,Telangana - 2026,23-Feb 7am,3877.4925
3439,2,Telangana - 2026,23-Feb 7am,3877.4925
3439,3,Telangana - 2026,23-Feb 7am,3877.4925
3439,4,Telangana - 2026,23-Feb 7am,3877.4925
3440,1,Telangana - 2026,23-Feb 8am,4077.0425
3440,2,Telangana - 2026,23-Feb 8am,4077.0425
3440,3,Telangana - 2026,23-Feb 8am,4077.0425
3440,4,Telangana - 2026,23-Feb 8am,4077.0425
3441,1,Telangana - 2026,23-Feb 9am,4047.7925
3441,2,Telangana - 2026,23-Feb 9am,4047.7925
3441,3,Telangana - 2026,23-Feb 9am,4047.7925
3441,4,Telangana - 2026,23-Feb 9am,4047.7925
3442,1,Telangana - 2026,23-Feb 10am,3983.07
3442,2,Telangana - 2026,23-Feb 10am,3983.07
3442,3,Telangana - 2026,23-Feb 10am,3983.07
3442,4,Telangana - 2026,23-Feb 10am,3983.07
3443,1,Telangana - 2026,23-Feb 11am,3990.305
3443,2,Telangana - 2026,23-Feb 11am,3990.305
3443,3,Telangana - 2026,23-Feb 11am,3990.305
3443,4,Telangana - 2026,23-Feb 11am,3990.305
3444,1,Telangana - 2026,23-Feb 12pm,3926.63
3444,2,Telangana - 2026,23-Feb 12pm,3926.63
3444,3,Telangana - 2026,23-Feb 12pm,3926.63
3444,4,Telangana - 2026,23-Feb 12pm,3926.63
3445,1,Telangana - 2026,23-Feb 1pm,3903.1525
3445,2,Telangana - 2026,23-Feb 1pm,3903.1525
3445,3,Telangana - 2026,23-Feb 1pm,3903.1525
3445,4,Telangana - 2026,23-Feb 1pm,3903.1525
3446,1,Telangana - 2026,23-Feb 2pm,3827.26
3446,2,Telangana - 2026,23-Feb 2pm,3827.26
3446,3,Telangana - 2026,23-Feb 2pm,3827.26
3446,4,Telangana - 2026,23-Feb 2pm,3827.26
3447,1,Telangana - 2026,23-Feb 3pm,3781.7925
3447,2,Telangana - 2026,23-Feb 3pm,3781.7925
3447,3,Telangana - 2026,23-Feb 3pm,3781.7925
3447,4,Telangana - 2026,23-Feb 3pm,3781.7925
3448,1,Telangana - 2026,23-Feb 4pm,3686.1025
3448,2,Telangana - 2026,23-Feb 4pm,3686.1025
3448,3,Telangana - 2026,23-Feb 4pm,3686.1025
3448,4,Telangana - 2026,23-Feb 4pm,3686.1025
3449,1,Telangana - 2026,23-Feb 5pm,2920.0975
3449,2,Telangana - 2026,23-Feb 5pm,2920.0975
3449,3,Telangana - 2026,23-Feb 5pm,2920.0975
3449,4,Telangana - 2026,23-Feb 5pm,2920.0975
3450,1,Telangana - 2026,23-Feb 6pm,2151.5475
3450,2,Telangana - 2026,23-Feb 6pm,2151.5475
3450,3,Telangana - 2026,23-Feb 6pm,2151.5475
3450,4,Telangana - 2026,23-Feb 6pm,2151.5475
3451,1,Telangana - 2026,23-Feb 7pm,2229.715
3451,2,Telangana - 2026,23-Feb 7pm,2229.715
3451,3,Telangana - 2026,23-Feb 7pm,2229.715
3451,4,Telangana - 2026,23-Feb 7pm,2229.715
3452,1,Telangana - 2026,23-Feb 8pm,2150.585
3452,2,Telangana - 2026,23-Feb 8pm,2150.585
3452,3,Telangana - 2026,23-Feb 8pm,2150.585
3452,4,Telangana - 2026,23-Feb 8pm,2150.585
3453,1,Telangana - 2026,23-Feb 9pm,2088.65
3453,2,Telangana - 2026,23-Feb 9pm,2088.65
3453,3,Telangana - 2026,23-Feb 9pm,2088.65
3453,4,Telangana - 2026,23-Feb 9pm,2088.65
3454,1,Telangana - 2026,23-Feb 10pm,2078.5875
3454,2,Telangana - 2026,23-Feb 10pm,2078.5875
3454,3,Telangana - 2026,23-Feb 10pm,2078.5875
3454,4,Telangana - 2026,23-Feb 10pm,2078.5875
3455,1,Telangana - 2026,23-Feb 11pm,1913.545
3455,2,Telangana - 2026,23-Feb 11pm,1913.545
3455,3,Telangana - 2026,23-Feb 11pm,1913.545
3455,4,Telangana - 2026,23-Feb 11pm,1913.545
3456,1,Telangana - 2026,24-Feb 12am,1928.9775
3456,2,Telangana - 2026,24-Feb 12am,1928.9775
3456,3,Telangana - 2026,24-Feb 12am,1928.9775
3456,4,Telangana - 2026,24-Feb 12am,1928.9775
3457,1,Telangana - 2026,24-Feb 1am,2170.3575
3457,2,Telangana - 2026,24-Feb 1am,2170.3575
3457,3,Telangana - 2026,24-Feb 1am,2170.3575
3457,4,Telangana - 2026,24-Feb 1am,2170.3575
3458,1,Telangana - 2026,24-Feb 2am,2142.2775
3458,2,Telangana - 2026,24-Feb 2am,2142.2775
3458,3,Telangana - 2026,24-Feb 2am,2142.2775
3458,4,Telangana - 2026,24-Feb 2am,2142.2775
3459,1,Telangana - 2026,24-Feb 3am,2382.27
3459,2,Telangana - 2026,24-Feb 3am,2382.27
3459,3,Telangana - 2026,24-Feb 3am,2382.27
3459,4,Telangana - 2026,24-Feb 3am,2382.27
3460,1,Telangana - 2026,24-Feb 4am,2319.3825
3460,2,Telangana - 2026,24-Feb 4am,2319.3825
3460,3,Telangana - 2026,24-Feb 4am,2319.3825
3460,4,Telangana - 2026,24-Feb 4am,2319.3825
3461,1,Telangana - 2026,24-Feb 5am,2341.2425
3461,2,Telangana - 2026,24-Feb 5am,2341.2425
3461,3,Telangana - 2026,24-Feb 5am,2341.2425
3461,4,Telangana - 2026,24-Feb 5am,2341.2425
3462,1,Telangana - 2026,24-Feb 6am,2459.4725
3462,2,Telangana - 2026,24-Feb 6am,2459.4725
3462,3,Telangana - 2026,24-Feb 6am,2459.4725
3462,4,Telangana - 2026,24-Feb 6am,2459.4725
3463,1,Telangana - 2026,24-Feb 7am,2955.625
3463,2,Telangana - 2026,24-Feb 7am,2955.625
3463,3,Telangana - 2026,24-Feb 7am,2955.625
3463,4,Telangana - 2026,24-Feb 7am,2955.625
3464,1,Telangana - 2026,24-Feb 8am,3241.245
3464,2,Telangana - 2026,24-Feb 8am,3241.245
3464,3,Telangana - 2026,24-Feb 8am,3241.245
3464,4,Telangana - 2026,24-Feb 8am,3241.245
3465,1,Telangana - 2026,24-Feb 9am,3207.8475
3465,2,Telangana - 2026,24-Feb 9am,3207.8475
3465,3,Telangana - 2026,24-Feb 9am,3207.8475
3465,4,Telangana - 2026,24-Feb 9am,3207.8475
3466,1,Telangana - 2026,24-Feb 10am,3201.085
3466,2,Telangana - 2026,24-Feb 10am,3201.085
3466,3,Telangana - 2026,24-Feb 10am,3201.085
3466,4,Telangana - 2026,24-Feb 10am,3201.085
3467,1,Telangana - 2026,24-Feb 11am,3214.1875
3467,2,Telangana - 2026,24-Feb 11am,3214.1875
3467,3,Telangana - 2026,24-Feb 11am,3214.1875
3467,4,Telangana - 2026,24-Feb 11am,3214.1875
3468,1,Telangana - 2026,24-Feb 12pm,3226.375
3468,2,Telangana - 2026,24-Feb 12pm,3226.375
3468,3,Telangana - 2026,24-Feb 12pm,3226.375
3468,4,Telangana - 2026,24-Feb 12pm,3226.375
3469,1,Telangana - 2026,24-Feb 1pm,3224.1625
3469,2,Telangana - 2026,24-Feb 1pm,3224.1625
3469,3,Telangana - 2026,24-Feb 1pm,3224.1625
3469,4,Telangana - 2026,24-Feb 1pm,3224.1625
3470,1,Telangana - 2026,24-Feb 2pm,3196.625
3470,2,Telangana - 2026,24-Feb 2pm,3196.625
3470,3,Telangana - 2026,24-Feb 2pm,3196.625
3470,4,Telangana - 2026,24-Feb 2pm,3196.625
3471,1,Telangana - 2026,24-Feb 3pm,3223.215
3471,2,Telangana - 2026,24-Feb 3pm,3223.215
3471,3,Telangana - 2026,24-Feb 3pm,3223.215
3471,4,Telangana - 2026,24-Feb 3pm,3223.215
3472,1,Telangana - 2026,24-Feb 4pm,3244.5175
3472,2,Telangana - 2026,24-Feb 4pm,3244.5175
3472,3,Telangana - 2026,24-Feb 4pm,3244.5175
3472,4,Telangana - 2026,24-Feb 4pm,3244.5175
3473,1,Telangana - 2026,24-Feb 5pm,2704.98
3473,2,Telangana - 2026,24-Feb 5pm,2704.98
3473,3,Telangana - 2026,24-Feb 5pm,2704.98
3473,4,Telangana - 2026,24-Feb 5pm,2704.98
3474,1,Telangana - 2026,24-Feb 6pm,2260.9175
3474,2,Telangana - 2026,24-Feb 6pm,2260.9175
3474,3,Telangana - 2026,24-Feb 6pm,2260.9175
3474,4,Telangana - 2026,24-Feb 6pm,2260.9175
3475,1,Telangana - 2026,24-Feb 7pm,2318.995
3475,2,Telangana - 2026,24-Feb 7pm,2318.995
3475,3,Telangana - 2026,24-Feb 7pm,2318.995
3475,4,Telangana - 2026,24-Feb 7pm,2318.995
3476,1,Telangana - 2026,24-Feb 8pm,2229.52
3476,2,Telangana - 2026,24-Feb 8pm,2229.52
3476,3,Telangana - 2026,24-Feb 8pm,2229.52
3476,4,Telangana - 2026,24-Feb 8pm,2229.52
3477,1,Telangana - 2026,24-Feb 9pm,2122.5825
3477,2,Telangana - 2026,24-Feb 9pm,2122.5825
3477,3,Telangana - 2026,24-Feb 9pm,2122.5825
3477,4,Telangana - 2026,24-Feb 9pm,2122.5825
3478,1,Telangana - 2026,24-Feb 10pm,2017.1825
3478,2,Telangana - 2026,24-Feb 10pm,2017.1825
3478,3,Telangana - 2026,24-Feb 10pm,2017.1825
3478,4,Telangana - 2026,24-Feb 10pm,2017.1825
3479,1,Telangana - 2026,24-Feb 11pm,1901.0575
3479,2,Telangana - 2026,24-Feb 11pm,1901.0575
3479,3,Telangana - 2026,24-Feb 11pm,1901.0575
3479,4,Telangana - 2026,24-Feb 11pm,1901.0575
3480,1,Telangana - 2026,25-Feb 12am,2071.27
3480,2,Telangana - 2026,25-Feb 12am,2071.27
3480,3,Telangana - 2026,25-Feb 12am,2071.27
3480,4,Telangana - 2026,25-Feb 12am,2071.27
3481,1,Telangana - 2026,25-Feb 1am,2395.5825
3481,2,Telangana - 2026,25-Feb 1am,2395.5825
3481,3,Telangana - 2026,25-Feb 1am,2395.5825
3481,4,Telangana - 2026,25-Feb 1am,2395.5825
3482,1,Telangana - 2026,25-Feb 2am,2455.7475
3482,2,Telangana - 2026,25-Feb 2am,2455.7475
3482,3,Telangana - 2026,25-Feb 2am,2455.7475
3482,4,Telangana - 2026,25-Feb 2am,2455.7475
3483,1,Telangana - 2026,25-Feb 3am,2735.3175
3483,2,Telangana - 2026,25-Feb 3am,2735.3175
3483,3,Telangana - 2026,25-Feb 3am,2735.3175
3483,4,Telangana - 2026,25-Feb 3am,2735.3175
3484,1,Telangana - 2026,25-Feb 4am,2830.7975
3484,2,Telangana - 2026,25-Feb 4am,2830.7975
3484,3,Telangana - 2026,25-Feb 4am,2830.7975
3484,4,Telangana - 2026,25-Feb 4am,2830.7975
3485,1,Telangana - 2026,25-Feb 5am,2828.78
3485,2,Telangana - 2026,25-Feb 5am,2828.78
3485,3,Telangana - 2026,25-Feb 5am,2828.78
3485,4,Telangana - 2026,25-Feb 5am,2828.78
3486,1,Telangana - 2026,25-Feb 6am,3026.6125
3486,2,Telangana - 2026,25-Feb 6am,3026.6125
3486,3,Telangana - 2026,25-Feb 6am,3026.6125
3486,4,Telangana - 2026,25-Feb 6am,3026.6125
3487,1,Telangana - 2026,25-Feb 7am,3574.1625
3487,2,Telangana - 2026,25-Feb 7am,3574.1625
3487,3,Telangana - 2026,25-Feb 7am,3574.1625
3487,4,Telangana - 2026,25-Feb 7am,3574.1625
3488,1,Telangana - 2026,25-Feb 8am,3773.0075
3488,2,Telangana - 2026,25-Feb 8am,3773.0075
3488,3,Telangana - 2026,25-Feb 8am,3773.0075
3488,4,Telangana - 2026,25-Feb 8am,3773.0075
3489,1,Telangana - 2026,25-Feb 9am,3680.94
3489,2,Telangana - 2026,25-Feb 9am,3680.94
3489,3,Telangana - 2026,25-Feb 9am,3680.94
3489,4,Telangana - 2026,25-Feb 9am,3680.94
3490,1,Telangana - 2026,25-Feb 10am,3665.6625
3490,2,Telangana - 2026,25-Feb 10am,3665.6625
3490,3,Telangana - 2026,25-Feb 10am,3665.6625
3490,4,Telangana - 2026,25-Feb 10am,3665.6625
3491,1,Telangana - 2026,25-Feb 11am,3635.695
3491,2,Telangana - 2026,25-Feb 11am,3635.695
3491,3,Telangana - 2026,25-Feb 11am,3635.695
3491,4,Telangana - 2026,25-Feb 11am,3635.695
3492,1,Telangana - 2026,25-Feb 12pm,3590.6125
3492,2,Telangana - 2026,25-Feb 12pm,3590.6125
3492,3,Telangana - 2026,25-Feb 12pm,3590.6125
3492,4,Telangana - 2026,25-Feb 12pm,3590.6125
3493,1,Telangana - 2026,25-Feb 1pm,3560.46
3493,2,Telangana - 2026,25-Feb 1pm,3560.46
3493,3,Telangana - 2026,25-Feb 1pm,3560.46
3493,4,Telangana - 2026,25-Feb 1pm,3560.46
3494,1,Telangana - 2026,25-Feb 2pm,3554.8475
3494,2,Telangana - 2026,25-Feb 2pm,3554.8475
3494,3,Telangana - 2026,25-Feb 2pm,3554.8475
3494,4,Telangana - 2026,25-Feb 2pm,3554.8475
3495,1,Telangana - 2026,25-Feb 3pm,3571.0875
3495,2,Telangana - 2026,25-Feb 3pm,3571.0875
3495,3,Telangana - 2026,25-Feb 3pm,3571.0875
3495,4,Telangana - 2026,25-Feb 3pm,3571.0875
3496,1,Telangana - 2026,25-Feb 4pm,3513.7225
3496,2,Telangana - 2026,25-Feb 4pm,3513.7225
3496,3,Telangana - 2026,25-Feb 4pm,3513.7225
3496,4,Telangana - 2026,25-Feb 4pm,3513.7225
3497,1,Telangana - 2026,25-Feb 5pm,2766.965
3497,2,Telangana - 2026,25-Feb 5pm,2766.965
3497,3,Telangana - 2026,25-Feb 5pm,2766.965
3497,4,Telangana - 2026,25-Feb 5pm,2766.965
3498,1,Telangana - 2026,25-Feb 6pm,2199.765
3498,2,Telangana - 2026,25-Feb 6pm,2199.765
3498,3,Telangana - 2026,25-Feb 6pm,2199.765
3498,4,Telangana - 2026,25-Feb 6pm,2199.765
3499,1,Telangana - 2026,25-Feb 7pm,2265.265
3499,2,Telangana - 2026,25-Feb 7pm,2265.265
3499,3,Telangana - 2026,25-Feb 7pm,2265.265
3499,4,Telangana - 2026,25-Feb 7pm,2265.265
3500,1,Telangana - 2026,25-Feb 8pm,2172.035
3500,2,Telangana - 2026,25-Feb 8pm,2172.035
3500,3,Telangana - 2026,25-Feb 8pm,2172.035
3500,4,Telangana - 2026,25-Feb 8pm,2172.035
3501,1,Telangana - 2026,25-Feb 9pm,2094.7
3501,2,Telangana - 2026,25-Feb 9pm,2094.7
3501,3,Telangana - 2026,25-Feb 9pm,2094.7
3501,4,Telangana - 2026,25-Feb 9pm,2094.7
3502,1,Telangana - 2026,25-Feb 10pm,2013.0575
3502,2,Telangana - 2026,25-Feb 10pm,2013.0575
3502,3,Telangana - 2026,25-Feb 10pm,2013.0575
3502,4,Telangana - 2026,25-Feb 10pm,2013.0575
3503,1,Telangana - 2026,25-Feb 11pm,1948.1725
3503,2,Telangana - 2026,25-Feb 11pm,1948.1725
3503,3,Telangana - 2026,25-Feb 11pm,1948.1725
3503,4,Telangana - 2026,25-Feb 11pm,1948.1725
3504,1,Telangana - 2026,26-Feb 12am,2055.4775
3504,2,Telangana - 2026,26-Feb 12am,2055.4775
3504,3,Telangana - 2026,26-Feb 12am,2055.4775
3504,4,Telangana - 2026,26-Feb 12am,2055.4775
3505,1,Telangana - 2026,26-Feb 1am,2438.605
3505,2,Telangana - 2026,26-Feb 1am,2438.605
3505,3,Telangana - 2026,26-Feb 1am,2438.605
3505,4,Telangana - 2026,26-Feb 1am,2438.605
3506,1,Telangana - 2026,26-Feb 2am,2536.0525
3506,2,Telangana - 2026,26-Feb 2am,2536.0525
3506,3,Telangana - 2026,26-Feb 2am,2536.0525
3506,4,Telangana - 2026,26-Feb 2am,2536.0525
3507,1,Telangana - 2026,26-Feb 3am,2836.2025
3507,2,Telangana - 2026,26-Feb 3am,2836.2025
3507,3,Telangana - 2026,26-Feb 3am,2836.2025
3507,4,Telangana - 2026,26-Feb 3am,2836.2025
3508,1,Telangana - 2026,26-Feb 4am,2952.225
3508,2,Telangana - 2026,26-Feb 4am,2952.225
3508,3,Telangana - 2026,26-Feb 4am,2952.225
3508,4,Telangana - 2026,26-Feb 4am,2952.225
3509,1,Telangana - 2026,26-Feb 5am,2928.4775
3509,2,Telangana - 2026,26-Feb 5am,2928.4775
3509,3,Telangana - 2026,26-Feb 5am,2928.4775
3509,4,Telangana - 2026,26-Feb 5am,2928.4775
3510,1,Telangana - 2026,26-Feb 6am,3147.1
3510,2,Telangana - 2026,26-Feb 6am,3147.1
3510,3,Telangana - 2026,26-Feb 6am,3147.1
3510,4,Telangana - 2026,26-Feb 6am,3147.1
3511,1,Telangana - 2026,26-Feb 7am,3660.98
3511,2,Telangana - 2026,26-Feb 7am,3660.98
3511,3,Telangana - 2026,26-Feb 7am,3660.98
3511,4,Telangana - 2026,26-Feb 7am,3660.98
3512,1,Telangana - 2026,26-Feb 8am,3791.07
3512,2,Telangana - 2026,26-Feb 8am,3791.07
3512,3,Telangana - 2026,26-Feb 8am,3791.07
3512,4,Telangana - 2026,26-Feb 8am,3791.07
3513,1,Telangana - 2026,26-Feb 9am,3775.9075
3513,2,Telangana - 2026,26-Feb 9am,3775.9075
3513,3,Telangana - 2026,26-Feb 9am,3775.9075
3513,4,Telangana - 2026,26-Feb 9am,3775.9075
3514,1,Telangana - 2026,26-Feb 10am,3763.8175
3514,2,Telangana - 2026,26-Feb 10am,3763.8175
3514,3,Telangana - 2026,26-Feb 10am,3763.8175
3514,4,Telangana - 2026,26-Feb 10am,3763.8175
3515,1,Telangana - 2026,26-Feb 11am,3798.63
3515,2,Telangana - 2026,26-Feb 11am,3798.63
3515,3,Telangana - 2026,26-Feb 11am,3798.63
3515,4,Telangana - 2026,26-Feb 11am,3798.63
3516,1,Telangana - 2026,26-Feb 12pm,3781.9925
3516,2,Telangana - 2026,26-Feb 12pm,3781.9925
3516,3,Telangana - 2026,26-Feb 12pm,3781.9925
3516,4,Telangana - 2026,26-Feb 12pm,3781.9925
3517,1,Telangana - 2026,26-Feb 1pm,3722.16
3517,2,Telangana - 2026,26-Feb 1pm,3722.16
3517,3,Telangana - 2026,26-Feb 1pm,3722.16
3517,4,Telangana - 2026,26-Feb 1pm,3722.16
3518,1,Telangana - 2026,26-Feb 2pm,3641.45
3518,2,Telangana - 2026,26-Feb 2pm,3641.45
3518,3,Telangana - 2026,26-Feb 2pm,3641.45
3518,4,Telangana - 2026,26-Feb 2pm,3641.45
3519,1,Telangana - 2026,26-Feb 3pm,3681.5125
3519,2,Telangana - 2026,26-Feb 3pm,3681.5125
3519,3,Telangana - 2026,26-Feb 3pm,3681.5125
3519,4,Telangana - 2026,26-Feb 3pm,3681.5125
3520,1,Telangana - 2026,26-Feb 4pm,3655.705
3520,2,Telangana - 2026,26-Feb 4pm,3655.705
3520,3,Telangana - 2026,26-Feb 4pm,3655.705
3520,4,Telangana - 2026,26-Feb 4pm,3655.705
3521,1,Telangana - 2026,26-Feb 5pm,2989.1425
3521,2,Telangana - 2026,26-Feb 5pm,2989.1425
3521,3,Telangana - 2026,26-Feb 5pm,2989.1425
3521,4,Telangana - 2026,26-Feb 5pm,2989.1425
3522,1,Telangana - 2026,26-Feb 6pm,2272.4725
3522,2,Telangana - 2026,26-Feb 6pm,2272.4725
3522,3,Telangana - 2026,26-Feb 6pm,2272.4725
3522,4,Telangana - 2026,26-Feb 6pm,2272.4725
3523,1,Telangana - 2026,26-Feb 7pm,2327.6275
3523,2,Telangana - 2026,26-Feb 7pm,2327.6275
3523,3,Telangana - 2026,26-Feb 7pm,2327.6275
3523,4,Telangana - 2026,26-Feb 7pm,2327.6275
3524,1,Telangana - 2026,26-Feb 8pm,2238.5025
3524,2,Telangana - 2026,26-Feb 8pm,2238.5025
3524,3,Telangana - 2026,26-Feb 8pm,2238.5025
3524,4,Telangana - 2026,26-Feb 8pm,2238.5025
3525,1,Telangana - 2026,26-Feb 9pm,2150.125
3525,2,Telangana - 2026,26-Feb 9pm,2150.125
3525,3,Telangana - 2026,26-Feb 9pm,2150.125
3525,4,Telangana - 2026,26-Feb 9pm,2150.125
3526,1,Telangana - 2026,26-Feb 10pm,2063.335
3526,2,Telangana - 2026,26-Feb 10pm,2063.335
3526,3,Telangana - 2026,26-Feb 10pm,2063.335
3526,4,Telangana - 2026,26-Feb 10pm,2063.335
3527,1,Telangana - 2026,26-Feb 11pm,2058.805
3527,2,Telangana - 2026,26-Feb 11pm,2058.805
3527,3,Telangana - 2026,26-Feb 11pm,2058.805
3527,4,Telangana - 2026,26-Feb 11pm,2058.805
3528,1,Telangana - 2026,27-Feb 12am,2145.1625
3528,2,Telangana - 2026,27-Feb 12am,2145.1625
3528,3,Telangana - 2026,27-Feb 12am,2145.1625
3528,4,Telangana - 2026,27-Feb 12am,2145.1625
3529,1,Telangana - 2026,27-Feb 1am,2599.115
3529,2,Telangana - 2026,27-Feb 1am,2599.115
3529,3,Telangana - 2026,27-Feb 1am,2599.115
3529,4,Telangana - 2026,27-Feb 1am,2599.115
3530,1,Telangana - 2026,27-Feb 2am,2657.8525
3530,2,Telangana - 2026,27-Feb 2am,2657.8525
3530,3,Telangana - 2026,27-Feb 2am,2657.8525
3530,4,Telangana - 2026,27-Feb 2am,2657.8525
3531,1,Telangana - 2026,27-Feb 3am,2976.2125
3531,2,Telangana - 2026,27-Feb 3am,2976.2125
3531,3,Telangana - 2026,27-Feb 3am,2976.2125
3531,4,Telangana - 2026,27-Feb 3am,2976.2125
3532,1,Telangana - 2026,27-Feb 4am,3125.485
3532,2,Telangana - 2026,27-Feb 4am,3125.485
3532,3,Telangana - 2026,27-Feb 4am,3125.485
3532,4,Telangana - 2026,27-Feb 4am,3125.485
3533,1,Telangana - 2026,27-Feb 5am,3175.115
3533,2,Telangana - 2026,27-Feb 5am,3175.115
3533,3,Telangana - 2026,27-Feb 5am,3175.115
3533,4,Telangana - 2026,27-Feb 5am,3175.115
3534,1,Telangana - 2026,27-Feb 6am,3357.025
3534,2,Telangana - 2026,27-Feb 6am,3357.025
3534,3,Telangana - 2026,27-Feb 6am,3357.025
3534,4,Telangana - 2026,27-Feb 6am,3357.025
3535,1,Telangana - 2026,27-Feb 7am,3845.0225
3535,2,Telangana - 2026,27-Feb 7am,3845.0225
3535,3,Telangana - 2026,27-Feb 7am,3845.0225
3535,4,Telangana - 2026,27-Feb 7am,3845.0225
3536,1,Telangana - 2026,27-Feb 8am,4071.6775
3536,2,Telangana - 2026,27-Feb 8am,4071.6775
3536,3,Telangana - 2026,27-Feb 8am,4071.6775
3536,4,Telangana - 2026,27-Feb 8am,4071.6775
3537,1,Telangana - 2026,27-Feb 9am,3959.545
3537,2,Telangana - 2026,27-Feb 9am,3959.545
3537,3,Telangana - 2026,27-Feb 9am,3959.545
3537,4,Telangana - 2026,27-Feb 9am,3959.545
3538,1,Telangana - 2026,27-Feb 10am,4047.395
3538,2,Telangana - 2026,27-Feb 10am,4047.395
3538,3,Telangana - 2026,27-Feb 10am,4047.395
3538,4,Telangana - 2026,27-Feb 10am,4047.395
3539,1,Telangana - 2026,27-Feb 11am,4069.6075
3539,2,Telangana - 2026,27-Feb 11am,4069.6075
3539,3,Telangana - 2026,27-Feb 11am,4069.6075
3539,4,Telangana - 2026,27-Feb 11am,4069.6075
3540,1,Telangana - 2026,27-Feb 12pm,4043.1
3540,2,Telangana - 2026,27-Feb 12pm,4043.1
3540,3,Telangana - 2026,27-Feb 12pm,4043.1
3540,4,Telangana - 2026,27-Feb 12pm,4043.1
3541,1,Telangana - 2026,27-Feb 1pm,4043.86
3541,2,Telangana - 2026,27-Feb 1pm,4043.86
3541,3,Telangana - 2026,27-Feb 1pm,4043.86
3541,4,Telangana - 2026,27-Feb 1pm,4043.86
3542,1,Telangana - 2026,27-Feb 2pm,3905.575
3542,2,Telangana - 2026,27-Feb 2pm,3905.575
3542,3,Telangana - 2026,27-Feb 2pm,3905.575
3542,4,Telangana - 2026,27-Feb 2pm,3905.575
3543,1,Telangana - 2026,27-Feb 3pm,3931.8225
3543,2,Telangana - 2026,27-Feb 3pm,3931.8225
3543,3,Telangana - 2026,27-Feb 3pm,3931.8225
3543,4,Telangana - 2026,27-Feb 3pm,3931.8225
3544,1,Telangana - 2026,27-Feb 4pm,3950.385
3544,2,Telangana - 2026,27-Feb 4pm,3950.385
3544,3,Telangana - 2026,27-Feb 4pm,3950.385
3544,4,Telangana - 2026,27-Feb 4pm,3950.385
3545,1,Telangana - 2026,27-Feb 5pm,3021.785
3545,2,Telangana - 2026,27-Feb 5pm,3021.785
3545,3,Telangana - 2026,27-Feb 5pm,3021.785
3545,4,Telangana - 2026,27-Feb 5pm,3021.785
3546,1,Telangana - 2026,27-Feb 6pm,2313.29
3546,2,Telangana - 2026,27-Feb 6pm,2313.29
3546,3,Telangana - 2026,27-Feb 6pm,2313.29
3546,4,Telangana - 2026,27-Feb 6pm,2313.29
3547,1,Telangana - 2026,27-Feb 7pm,2348.4525
3547,2,Telangana - 2026,27-Feb 7pm,2348.4525
3547,3,Telangana - 2026,27-Feb 7pm,2348.4525
3547,4,Telangana - 2026,27-Feb 7pm,2348.4525
3548,1,Telangana - 2026,27-Feb 8pm,2259.4275
3548,2,Telangana - 2026,27-Feb 8pm,2259.4275
3548,3,Telangana - 2026,27-Feb 8pm,2259.4275
3548,4,Telangana - 2026,27-Feb 8pm,2259.4275
3549,1,Telangana - 2026,27-Feb 9pm,2164.7025
3549,2,Telangana - 2026,27-Feb 9pm,2164.7025
3549,3,Telangana - 2026,27-Feb 9pm,2164.7025
3549,4,Telangana - 2026,27-Feb 9pm,2164.7025
3550,1,Telangana - 2026,27-Feb 10pm,2073.355
3550,2,Telangana - 2026,27-Feb 10pm,2073.355
3550,3,Telangana - 2026,27-Feb 10pm,2073.355
3550,4,Telangana - 2026,27-Feb 10pm,2073.355
3551,1,Telangana - 2026,27-Feb 11pm,2002.05
3551,2,Telangana - 2026,27-Feb 11pm,2002.05
3551,3,Telangana - 2026,27-Feb 11pm,2002.05
3551,4,Telangana - 2026,27-Feb 11pm,2002.05
3552,1,Telangana - 2026,28-Feb 12am,2121.9225
3552,2,Telangana - 2026,28-Feb 12am,2121.9225
3552,3,Telangana - 2026,28-Feb 12am,2121.9225
3552,4,Telangana - 2026,28-Feb 12am,2121.9225
3553,1,Telangana - 2026,28-Feb 1am,2595.2725
3553,2,Telangana - 2026,28-Feb 1am,2595.2725
3553,3,Telangana - 2026,28-Feb 1am,2595.2725
3553,4,Telangana - 2026,28-Feb 1am,2595.2725
3554,1,Telangana - 2026,28-Feb 2am,2686.1625
3554,2,Telangana - 2026,28-Feb 2am,2686.1625
3554,3,Telangana - 2026,28-Feb 2am,2686.1625
3554,4,Telangana - 2026,28-Feb 2am,2686.1625
3555,1,Telangana - 2026,28-Feb 3am,3028.135
3555,2,Telangana - 2026,28-Feb 3am,3028.135
3555,3,Telangana - 2026,28-Feb 3am,3028.135
3555,4,Telangana - 2026,28-Feb 3am,3028.135
3556,1,Telangana - 2026,28-Feb 4am,3167.52
3556,2,Telangana - 2026,28-Feb 4am,3167.52
3556,3,Telangana - 2026,28-Feb 4am,3167.52
3556,4,Telangana - 2026,28-Feb 4am,3167.52
3557,1,Telangana - 2026,28-Feb 5am,3232.2625
3557,2,Telangana - 2026,28-Feb 5am,3232.2625
3557,3,Telangana - 2026,28-Feb 5am,3232.2625
3557,4,Telangana - 2026,28-Feb 5am,3232.2625
3558,1,Telangana - 2026,28-Feb 6am,3404.55
3558,2,Telangana - 2026,28-Feb 6am,3404.55
3558,3,Telangana - 2026,28-Feb 6am,3404.55
3558,4,Telangana - 2026,28-Feb 6am,3404.55
3559,1,Telangana - 2026,28-Feb 7am,3891.2
3559,2,Telangana - 2026,28-Feb 7am,3891.2
3559,3,Telangana - 2026,28-Feb 7am,3891.2
3559,4,Telangana - 2026,28-Feb 7am,3891.2
3560,1,Telangana - 2026,28-Feb 8am,4030.64
3560,2,Telangana - 2026,28-Feb 8am,4030.64
3560,3,Telangana - 2026,28-Feb 8am,4030.64
3560,4,Telangana - 2026,28-Feb 8am,4030.64
3561,1,Telangana - 2026,28-Feb 9am,3922.025
3561,2,Telangana - 2026,28-Feb 9am,3922.025
3561,3,Telangana - 2026,28-Feb 9am,3922.025
3561,4,Telangana - 2026,28-Feb 9am,3922.025
3562,1,Telangana - 2026,28-Feb 10am,4028.43
3562,2,Telangana - 2026,28-Feb 10am,4028.43
3562,3,Telangana - 2026,28-Feb 10am,4028.43
3562,4,Telangana - 2026,28-Feb 10am,4028.43
3563,1,Telangana - 2026,28-Feb 11am,4088.0475
3563,2,Telangana - 2026,28-Feb 11am,4088.0475
3563,3,Telangana - 2026,28-Feb 11am,4088.0475
3563,4,Telangana - 2026,28-Feb 11am,4088.0475
3564,1,Telangana - 2026,28-Feb 12pm,4065.205
3564,2,Telangana - 2026,28-Feb 12pm,4065.205
3564,3,Telangana - 2026,28-Feb 12pm,4065.205
3564,4,Telangana - 2026,28-Feb 12pm,4065.205
3565,1,Telangana - 2026,28-Feb 1pm,4013.745
3565,2,Telangana - 2026,28-Feb 1pm,4013.745
3565,3,Telangana - 2026,28-Feb 1pm,4013.745
3565,4,Telangana - 2026,28-Feb 1pm,4013.745
3566,1,Telangana - 2026,28-Feb 2pm,3948.085
3566,2,Telangana - 2026,28-Feb 2pm,3948.085
3566,3,Telangana - 2026,28-Feb 2pm,3948.085
3566,4,Telangana - 2026,28-Feb 2pm,3948.085
3567,1,Telangana - 2026,28-Feb 3pm,3984.8525
3567,2,Telangana - 2026,28-Feb 3pm,3984.8525
3567,3,Telangana - 2026,28-Feb 3pm,3984.8525
3567,4,Telangana - 2026,28-Feb 3pm,3984.8525
3568,1,Telangana - 2026,28-Feb 4pm,3950.125
3568,2,Telangana - 2026,28-Feb 4pm,3950.125
3568,3,Telangana - 2026,28-Feb 4pm,3950.125
3568,4,Telangana - 2026,28-Feb 4pm,3950.125
3569,1,Telangana - 2026,28-Feb 5pm,2991.445
3569,2,Telangana - 2026,28-Feb 5pm,2991.445
3569,3,Telangana - 2026,28-Feb 5pm,2991.445
3569,4,Telangana - 2026,28-Feb 5pm,2991.445
3570,1,Telangana - 2026,28-Feb 6pm,2270.7575
3570,2,Telangana - 2026,28-Feb 6pm,2270.7575
3570,3,Telangana - 2026,28-Feb 6pm,2270.7575
3570,4,Telangana - 2026,28-Feb 6pm,2270.7575
3571,1,Telangana - 2026,28-Feb 7pm,2269.3475
3571,2,Telangana - 2026,28-Feb 7pm,2269.3475
3571,3,Telangana - 2026,28-Feb 7pm,2269.3475
3571,4,Telangana - 2026,28-Feb 7pm,2269.3475
3572,1,Telangana - 2026,28-Feb 8pm,2429.2425
3572,2,Telangana - 2026,28-Feb 8pm,2429.2425
3572,3,Telangana - 2026,28-Feb 8pm,2429.2425
3572,4,Telangana - 2026,28-Feb 8pm,2429.2425
3573,1,Telangana - 2026,28-Feb 9pm,2178.885
3573,2,Telangana - 2026,28-Feb 9pm,2178.885
3573,3,Telangana - 2026,28-Feb 9pm,2178.885
3573,4,Telangana - 2026,28-Feb 9pm,2178.885
3574,1,Telangana - 2026,28-Feb 10pm,2121.8325
3574,2,Telangana - 2026,28-Feb 10pm,2121.8325
3574,3,Telangana - 2026,28-Feb 10pm,2121.8325
3574,4,Telangana - 2026,28-Feb 10pm,2121.8325
3575,1,Telangana - 2026,28-Feb 11pm,2176.5175
3575,2,Telangana - 2026,28-Feb 11pm,2176.5175
3575,3,Telangana - 2026,28-Feb 11pm,2176.5175
3575,4,Telangana - 2026,28-Feb 11pm,2176.5175
3576,1,Telangana - 2026,01-Mar 12am,1785.4075
3576,2,Telangana - 2026,01-Mar 12am,1785.4075
3576,3,Telangana - 2026,01-Mar 12am,1785.4075
3576,4,Telangana - 2026,01-Mar 12am,1785.4075
3577,1,Telangana - 2026,01-Mar 1am,2114.1025
3577,2,Telangana - 2026,01-Mar 1am,2114.1025
3577,3,Telangana - 2026,01-Mar 1am,2114.1025
3577,4,Telangana - 2026,01-Mar 1am,2114.1025
3578,1,Telangana - 2026,01-Mar 2am,2132.32
3578,2,Telangana - 2026,01-Mar 2am,2132.32
3578,3,Telangana - 2026,01-Mar 2am,2132.32
3578,4,Telangana - 2026,01-Mar 2am,2132.32
3579,1,Telangana - 2026,01-Mar 3am,2354.3975
3579,2,Telangana - 2026,01-Mar 3am,2354.3975
3579,3,Telangana - 2026,01-Mar 3am,2354.3975
3579,4,Telangana - 2026,01-Mar 3am,2354.3975
3580,1,Telangana - 2026,01-Mar 4am,2460.2925
3580,2,Telangana - 2026,01-Mar 4am,2460.2925
3580,3,Telangana - 2026,01-Mar 4am,2460.2925
3580,4,Telangana - 2026,01-Mar 4am,2460.2925
3581,1,Telangana - 2026,01-Mar 5am,2547.4875
3581,2,Telangana - 2026,01-Mar 5am,2547.4875
3581,3,Telangana - 2026,01-Mar 5am,2547.4875
3581,4,Telangana - 2026,01-Mar 5am,2547.4875
3582,1,Telangana - 2026,01-Mar 6am,2591.3675
3582,2,Telangana - 2026,01-Mar 6am,2591.3675
3582,3,Telangana - 2026,01-Mar 6am,2591.3675
3582,4,Telangana - 2026,01-Mar 6am,2591.3675
3583,1,Telangana - 2026,01-Mar 7am,3008.25
3583,2,Telangana - 2026,01-Mar 7am,3008.25
3583,3,Telangana - 2026,01-Mar 7am,3008.25
3583,4,Telangana - 2026,01-Mar 7am,3008.25
3584,1,Telangana - 2026,01-Mar 8am,3388.7175
3584,2,Telangana - 2026,01-Mar 8am,3388.7175
3584,3,Telangana - 2026,01-Mar 8am,3388.7175
3584,4,Telangana - 2026,01-Mar 8am,3388.7175
3585,1,Telangana - 2026,01-Mar 9am,3550.7875
3585,2,Telangana - 2026,01-Mar 9am,3550.7875
3585,3,Telangana - 2026,01-Mar 9am,3550.7875
3585,4,Telangana - 2026,01-Mar 9am,3550.7875
3586,1,Telangana - 2026,01-Mar 10am,3560.465
3586,2,Telangana - 2026,01-Mar 10am,3560.465
3586,3,Telangana - 2026,01-Mar 10am,3560.465
3586,4,Telangana - 2026,01-Mar 10am,3560.465
3587,1,Telangana - 2026,01-Mar 11am,3425.1875
3587,2,Telangana - 2026,01-Mar 11am,3425.1875
3587,3,Telangana - 2026,01-Mar 11am,3425.1875
3587,4,Telangana - 2026,01-Mar 11am,3425.1875
3588,1,Telangana - 2026,01-Mar 12pm,3445.9475
3588,2,Telangana - 2026,01-Mar 12pm,3445.9475
3588,3,Telangana - 2026,01-Mar 12pm,3445.9475
3588,4,Telangana - 2026,01-Mar 12pm,3445.9475
3589,1,Telangana - 2026,01-Mar 1pm,3423.345
3589,2,Telangana - 2026,01-Mar 1pm,3423.345
3589,3,Telangana - 2026,01-Mar 1pm,3423.345
3589,4,Telangana - 2026,01-Mar 1pm,3423.345
3590,1,Telangana - 2026,01-Mar 2pm,3276.2
3590,2,Telangana - 2026,01-Mar 2pm,3276.2
3590,3,Telangana - 2026,01-Mar 2pm,3276.2
3590,4,Telangana - 2026,01-Mar 2pm,3276.2
3591,1,Telangana - 2026,01-Mar 3pm,3220.8525
3591,2,Telangana - 2026,01-Mar 3pm,3220.8525
3591,3,Telangana - 2026,01-Mar 3pm,3220.8525
3591,4,Telangana - 2026,01-Mar 3pm,3220.8525
3592,1,Telangana - 2026,01-Mar 4pm,3202.89
3592,2,Telangana - 2026,01-Mar 4pm,3202.89
3592,3,Telangana - 2026,01-Mar 4pm,3202.89
3592,4,Telangana - 2026,01-Mar 4pm,3202.89
3593,1,Telangana - 2026,01-Mar 5pm,2369.2775
3593,2,Telangana - 2026,01-Mar 5pm,2369.2775
3593,3,Telangana - 2026,01-Mar 5pm,2369.2775
3593,4,Telangana - 2026,01-Mar 5pm,2369.2775
3594,1,Telangana - 2026,01-Mar 6pm,1878.755
3594,2,Telangana - 2026,01-Mar 6pm,1878.755
3594,3,Telangana - 2026,01-Mar 6pm,1878.755
3594,4,Telangana - 2026,01-Mar 6pm,1878.755
3595,1,Telangana - 2026,01-Mar 7pm,1857.07
3595,2,Telangana - 2026,01-Mar 7pm,1857.07
3595,3,Telangana - 2026,01-Mar 7pm,1857.07
3595,4,Telangana - 2026,01-Mar 7pm,1857.07
3596,1,Telangana - 2026,01-Mar 8pm,1784.11
3596,2,Telangana - 2026,01-Mar 8pm,1784.11
3596,3,Telangana - 2026,01-Mar 8pm,1784.11
3596,4,Telangana - 2026,01-Mar 8pm,1784.11
3597,1,Telangana - 2026,01-Mar 9pm,1770.735
3597,2,Telangana - 2026,01-Mar 9pm,1770.735
3597,3,Telangana - 2026,01-Mar 9pm,1770.735
3597,4,Telangana - 2026,01-Mar 9pm,1770.735
3598,1,Telangana - 2026,01-Mar 10pm,1743.44
3598,2,Telangana - 2026,01-Mar 10pm,1743.44
3598,3,Telangana - 2026,01-Mar 10pm,1743.44
3598,4,Telangana - 2026,01-Mar 10pm,1743.44
3599,1,Telangana - 2026,01-Mar 11pm,1652.4025
3599,2,Telangana - 2026,01-Mar 11pm,1652.4025
3599,3,Telangana - 2026,01-Mar 11pm,1652.4025
3599,4,Telangana - 2026,01-Mar 11pm,1652.4025
3600,1,Telangana - 2026,02-Mar 12am,1692.1975
3600,2,Telangana - 2026,02-Mar 12am,1692.1975
3600,3,Telangana - 2026,02-Mar 12am,1692.1975
3600,4,Telangana - 2026,02-Mar 12am,1692.1975
3601,1,Telangana - 2026,02-Mar 1am,1995.96
3601,2,Telangana - 2026,02-Mar 1am,1995.96
3601,3,Telangana - 2026,02-Mar 1am,1995.96
3601,4,Telangana - 2026,02-Mar 1am,1995.96
3602,1,Telangana - 2026,02-Mar 2am,2035.4575
3602,2,Telangana - 2026,02-Mar 2am,2035.4575
3602,3,Telangana - 2026,02-Mar 2am,2035.4575
3602,4,Telangana - 2026,02-Mar 2am,2035.4575
3603,1,Telangana - 2026,02-Mar 3am,2321.5325
3603,2,Telangana - 2026,02-Mar 3am,2321.5325
3603,3,Telangana - 2026,02-Mar 3am,2321.5325
3603,4,Telangana - 2026,02-Mar 3am,2321.5325
3604,1,Telangana - 2026,02-Mar 4am,2423.8925
3604,2,Telangana - 2026,02-Mar 4am,2423.8925
3604,3,Telangana - 2026,02-Mar 4am,2423.8925
3604,4,Telangana - 2026,02-Mar 4am,2423.8925
3605,1,Telangana - 2026,02-Mar 5am,2511.025
3605,2,Telangana - 2026,02-Mar 5am,2511.025
3605,3,Telangana - 2026,02-Mar 5am,2511.025
3605,4,Telangana - 2026,02-Mar 5am,2511.025
3606,1,Telangana - 2026,02-Mar 6am,2751.33
3606,2,Telangana - 2026,02-Mar 6am,2751.33
3606,3,Telangana - 2026,02-Mar 6am,2751.33
3606,4,Telangana - 2026,02-Mar 6am,2751.33
3607,1,Telangana - 2026,02-Mar 7am,3206.2025
3607,2,Telangana - 2026,02-Mar 7am,3206.2025
3607,3,Telangana - 2026,02-Mar 7am,3206.2025
3607,4,Telangana - 2026,02-Mar 7am,3206.2025
3608,1,Telangana - 2026,02-Mar 8am,3571.1775
3608,2,Telangana - 2026,02-Mar 8am,3571.1775
3608,3,Telangana - 2026,02-Mar 8am,3571.1775
3608,4,Telangana - 2026,02-Mar 8am,3571.1775
3609,1,Telangana - 2026,02-Mar 9am,3499.7225
3609,2,Telangana - 2026,02-Mar 9am,3499.7225
3609,3,Telangana - 2026,02-Mar 9am,3499.7225
3609,4,Telangana - 2026,02-Mar 9am,3499.7225
3610,1,Telangana - 2026,02-Mar 10am,3441.595
3610,2,Telangana - 2026,02-Mar 10am,3441.595
3610,3,Telangana - 2026,02-Mar 10am,3441.595
3610,4,Telangana - 2026,02-Mar 10am,3441.595
3611,1,Telangana - 2026,02-Mar 11am,3424.7675
3611,2,Telangana - 2026,02-Mar 11am,3424.7675
3611,3,Telangana - 2026,02-Mar 11am,3424.7675
3611,4,Telangana - 2026,02-Mar 11am,3424.7675
3612,1,Telangana - 2026,02-Mar 12pm,3487.67
3612,2,Telangana - 2026,02-Mar 12pm,3487.67
3612,3,Telangana - 2026,02-Mar 12pm,3487.67
3612,4,Telangana - 2026,02-Mar 12pm,3487.67
3613,1,Telangana - 2026,02-Mar 1pm,3494.5225
3613,2,Telangana - 2026,02-Mar 1pm,3494.5225
3613,3,Telangana - 2026,02-Mar 1pm,3494.5225
3613,4,Telangana - 2026,02-Mar 1pm,3494.5225
3614,1,Telangana - 2026,02-Mar 2pm,3319.2225
3614,2,Telangana - 2026,02-Mar 2pm,3319.2225
3614,3,Telangana - 2026,02-Mar 2pm,3319.2225
3614,4,Telangana - 2026,02-Mar 2pm,3319.2225
3615,1,Telangana - 2026,02-Mar 3pm,3263.49
3615,2,Telangana - 2026,02-Mar 3pm,3263.49
3615,3,Telangana - 2026,02-Mar 3pm,3263.49
3615,4,Telangana - 2026,02-Mar 3pm,3263.49
3616,1,Telangana - 2026,02-Mar 4pm,3164.9675
3616,2,Telangana - 2026,02-Mar 4pm,3164.9675
3616,3,Telangana - 2026,02-Mar 4pm,3164.9675
3616,4,Telangana - 2026,02-Mar 4pm,3164.9675
3617,1,Telangana - 2026,02-Mar 5pm,2511.62
3617,2,Telangana - 2026,02-Mar 5pm,2511.62
3617,3,Telangana - 2026,02-Mar 5pm,2511.62
3617,4,Telangana - 2026,02-Mar 5pm,2511.62
3618,1,Telangana - 2026,02-Mar 6pm,2106.8975
3618,2,Telangana - 2026,02-Mar 6pm,2106.8975
3618,3,Telangana - 2026,02-Mar 6pm,2106.8975
3618,4,Telangana - 2026,02-Mar 6pm,2106.8975
3619,1,Telangana - 2026,02-Mar 7pm,2025.1375
3619,2,Telangana - 2026,02-Mar 7pm,2025.1375
3619,3,Telangana - 2026,02-Mar 7pm,2025.1375
3619,4,Telangana - 2026,02-Mar 7pm,2025.1375
3620,1,Telangana - 2026,02-Mar 8pm,1893.2875
3620,2,Telangana - 2026,02-Mar 8pm,1893.2875
3620,3,Telangana - 2026,02-Mar 8pm,1893.2875
3620,4,Telangana - 2026,02-Mar 8pm,1893.2875
3621,1,Telangana - 2026,02-Mar 9pm,1796.695
3621,2,Telangana - 2026,02-Mar 9pm,1796.695
3621,3,Telangana - 2026,02-Mar 9pm,1796.695
3621,4,Telangana - 2026,02-Mar 9pm,1796.695
3622,1,Telangana - 2026,02-Mar 10pm,1742.6775
3622,2,Telangana - 2026,02-Mar 10pm,1742.6775
3622,3,Telangana - 2026,02-Mar 10pm,1742.6775
3622,4,Telangana - 2026,02-Mar 10pm,1742.6775
3623,1,Telangana - 2026,02-Mar 11pm,1737.64
3623,2,Telangana - 2026,02-Mar 11pm,1737.64
3623,3,Telangana - 2026,02-Mar 11pm,1737.64
3623,4,Telangana - 2026,02-Mar 11pm,1737.64
3624,1,Telangana - 2026,03-Mar 12am,1808.7725
3624,2,Telangana - 2026,03-Mar 12am,1808.7725
3624,3,Telangana - 2026,03-Mar 12am,1808.7725
3624,4,Telangana - 2026,03-Mar 12am,1808.7725
3625,1,Telangana - 2026,03-Mar 1am,2095.485
3625,2,Telangana - 2026,03-Mar 1am,2095.485
3625,3,Telangana - 2026,03-Mar 1am,2095.485
3625,4,Telangana - 2026,03-Mar 1am,2095.485
3626,1,Telangana - 2026,03-Mar 2am,2132.0475
3626,2,Telangana - 2026,03-Mar 2am,2132.0475
3626,3,Telangana - 2026,03-Mar 2am,2132.0475
3626,4,Telangana - 2026,03-Mar 2am,2132.0475
3627,1,Telangana - 2026,03-Mar 3am,2404.115
3627,2,Telangana - 2026,03-Mar 3am,2404.115
3627,3,Telangana - 2026,03-Mar 3am,2404.115
3627,4,Telangana - 2026,03-Mar 3am,2404.115
3628,1,Telangana - 2026,03-Mar 4am,2507.8125
3628,2,Telangana - 2026,03-Mar 4am,2507.8125
3628,3,Telangana - 2026,03-Mar 4am,2507.8125
3628,4,Telangana - 2026,03-Mar 4am,2507.8125
3629,1,Telangana - 2026,03-Mar 5am,2586.035
3629,2,Telangana - 2026,03-Mar 5am,2586.035
3629,3,Telangana - 2026,03-Mar 5am,2586.035
3629,4,Telangana - 2026,03-Mar 5am,2586.035
3630,1,Telangana - 2026,03-Mar 6am,2685.98
3630,2,Telangana - 2026,03-Mar 6am,2685.98
3630,3,Telangana - 2026,03-Mar 6am,2685.98
3630,4,Telangana - 2026,03-Mar 6am,2685.98
3631,1,Telangana - 2026,03-Mar 7am,3290.36
3631,2,Telangana - 2026,03-Mar 7am,3290.36
3631,3,Telangana - 2026,03-Mar 7am,3290.36
3631,4,Telangana - 2026,03-Mar 7am,3290.36
3632,1,Telangana - 2026,03-Mar 8am,3605.1
3632,2,Telangana - 2026,03-Mar 8am,3605.1
3632,3,Telangana - 2026,03-Mar 8am,3605.1
3632,4,Telangana - 2026,03-Mar 8am,3605.1
3633,1,Telangana - 2026,03-Mar 9am,3504.905
3633,2,Telangana - 2026,03-Mar 9am,3504.905
3633,3,Telangana - 2026,03-Mar 9am,3504.905
3633,4,Telangana - 2026,03-Mar 9am,3504.905
3634,1,Telangana - 2026,03-Mar 10am,3453.1625
3634,2,Telangana - 2026,03-Mar 10am,3453.1625
3634,3,Telangana - 2026,03-Mar 10am,3453.1625
3634,4,Telangana - 2026,03-Mar 10am,3453.1625
3635,1,Telangana - 2026,03-Mar 11am,3370.35
3635,2,Telangana - 2026,03-Mar 11am,3370.35
3635,3,Telangana - 2026,03-Mar 11am,3370.35
3635,4,Telangana - 2026,03-Mar 11am,3370.35
3636,1,Telangana - 2026,03-Mar 12pm,3272.515
3636,2,Telangana - 2026,03-Mar 12pm,3272.515
3636,3,Telangana - 2026,03-Mar 12pm,3272.515
3636,4,Telangana - 2026,03-Mar 12pm,3272.515
3637,1,Telangana - 2026,03-Mar 1pm,3242.5625
3637,2,Telangana - 2026,03-Mar 1pm,3242.5625
3637,3,Telangana - 2026,03-Mar 1pm,3242.5625
3637,4,Telangana - 2026,03-Mar 1pm,3242.5625
3638,1,Telangana - 2026,03-Mar 2pm,3162.895
3638,2,Telangana - 2026,03-Mar 2pm,3162.895
3638,3,Telangana - 2026,03-Mar 2pm,3162.895
3638,4,Telangana - 2026,03-Mar 2pm,3162.895
3639,1,Telangana - 2026,03-Mar 3pm,3235.875
3639,2,Telangana - 2026,03-Mar 3pm,3235.875
3639,3,Telangana - 2026,03-Mar 3pm,3235.875
3639,4,Telangana - 2026,03-Mar 3pm,3235.875
3640,1,Telangana - 2026,03-Mar 4pm,3221.9125
3640,2,Telangana - 2026,03-Mar 4pm,3221.9125
3640,3,Telangana - 2026,03-Mar 4pm,3221.9125
3640,4,Telangana - 2026,03-Mar 4pm,3221.9125
3641,1,Telangana - 2026,03-Mar 5pm,2513.425
3641,2,Telangana - 2026,03-Mar 5pm,2513.425
3641,3,Telangana - 2026,03-Mar 5pm,2513.425
3641,4,Telangana - 2026,03-Mar 5pm,2513.425
3642,1,Telangana - 2026,03-Mar 6pm,2068.11
3642,2,Telangana - 2026,03-Mar 6pm,2068.11
3642,3,Telangana - 2026,03-Mar 6pm,2068.11
3642,4,Telangana - 2026,03-Mar 6pm,2068.11
3643,1,Telangana - 2026,03-Mar 7pm,2024.9025
3643,2,Telangana - 2026,03-Mar 7pm,2024.9025
3643,3,Telangana - 2026,03-Mar 7pm,2024.9025
3643,4,Telangana - 2026,03-Mar 7pm,2024.9025
3644,1,Telangana - 2026,03-Mar 8pm,1905.2375
3644,2,Telangana - 2026,03-Mar 8pm,1905.2375
3644,3,Telangana - 2026,03-Mar 8pm,1905.2375
3644,4,Telangana - 2026,03-Mar 8pm,1905.2375
3645,1,Telangana - 2026,03-Mar 9pm,1812.61
3645,2,Telangana - 2026,03-Mar 9pm,1812.61
3645,3,Telangana - 2026,03-Mar 9pm,1812.61
3645,4,Telangana - 2026,03-Mar 9pm,1812.61
3646,1,Telangana - 2026,03-Mar 10pm,1733.935
3646,2,Telangana - 2026,03-Mar 10pm,1733.935
3646,3,Telangana - 2026,03-Mar 10pm,1733.935
3646,4,Telangana - 2026,03-Mar 10pm,1733.935
3647,1,Telangana - 2026,03-Mar 11pm,1726.82
3647,2,Telangana - 2026,03-Mar 11pm,1726.82
3647,3,Telangana - 2026,03-Mar 11pm,1726.82
3647,4,Telangana - 2026,03-Mar 11pm,1726.82
3648,1,Telangana - 2026,04-Mar 12am,1785.2775
3648,2,Telangana - 2026,04-Mar 12am,1785.2775
3648,3,Telangana - 2026,04-Mar 12am,1785.2775
3648,4,Telangana - 2026,04-Mar 12am,1785.2775
3649,1,Telangana - 2026,04-Mar 1am,2114.9075
3649,2,Telangana - 2026,04-Mar 1am,2114.9075
3649,3,Telangana - 2026,04-Mar 1am,2114.9075
3649,4,Telangana - 2026,04-Mar 1am,2114.9075
3650,1,Telangana - 2026,04-Mar 2am,2162.405
3650,2,Telangana - 2026,04-Mar 2am,2162.405
3650,3,Telangana - 2026,04-Mar 2am,2162.405
3650,4,Telangana - 2026,04-Mar 2am,2162.405
3651,1,Telangana - 2026,04-Mar 3am,2416.8175
3651,2,Telangana - 2026,04-Mar 3am,2416.8175
3651,3,Telangana - 2026,04-Mar 3am,2416.8175
3651,4,Telangana - 2026,04-Mar 3am,2416.8175
3652,1,Telangana - 2026,04-Mar 4am,2516.265
3652,2,Telangana - 2026,04-Mar 4am,2516.265
3652,3,Telangana - 2026,04-Mar 4am,2516.265
3652,4,Telangana - 2026,04-Mar 4am,2516.265
3653,1,Telangana - 2026,04-Mar 5am,2616.4525
3653,2,Telangana - 2026,04-Mar 5am,2616.4525
3653,3,Telangana - 2026,04-Mar 5am,2616.4525
3653,4,Telangana - 2026,04-Mar 5am,2616.4525
3654,1,Telangana - 2026,04-Mar 6am,2668.275
3654,2,Telangana - 2026,04-Mar 6am,2668.275
3654,3,Telangana - 2026,04-Mar 6am,2668.275
3654,4,Telangana - 2026,04-Mar 6am,2668.275
3655,1,Telangana - 2026,04-Mar 7am,3048.95
3655,2,Telangana - 2026,04-Mar 7am,3048.95
3655,3,Telangana - 2026,04-Mar 7am,3048.95
3655,4,Telangana - 2026,04-Mar 7am,3048.95
3656,1,Telangana - 2026,04-Mar 8am,3378.09
3656,2,Telangana - 2026,04-Mar 8am,3378.09
3656,3,Telangana - 2026,04-Mar 8am,3378.09
3656,4,Telangana - 2026,04-Mar 8am,3378.09
3657,1,Telangana - 2026,04-Mar 9am,3500.2625
3657,2,Telangana - 2026,04-Mar 9am,3500.2625
3657,3,Telangana - 2026,04-Mar 9am,3500.2625
3657,4,Telangana - 2026,04-Mar 9am,3500.2625
3658,1,Telangana - 2026,04-Mar 10am,3439.745
3658,2,Telangana - 2026,04-Mar 10am,3439.745
3658,3,Telangana - 2026,04-Mar 10am,3439.745
3658,4,Telangana - 2026,04-Mar 10am,3439.745
3659,1,Telangana - 2026,04-Mar 11am,3350.845
3659,2,Telangana - 2026,04-Mar 11am,3350.845
3659,3,Telangana - 2026,04-Mar 11am,3350.845
3659,4,Telangana - 2026,04-Mar 11am,3350.845
3660,1,Telangana - 2026,04-Mar 12pm,3290.99
3660,2,Telangana - 2026,04-Mar 12pm,3290.99
3660,3,Telangana - 2026,04-Mar 12pm,3290.99
3660,4,Telangana - 2026,04-Mar 12pm,3290.99
3661,1,Telangana - 2026,04-Mar 1pm,3290.69
3661,2,Telangana - 2026,04-Mar 1pm,3290.69
3661,3,Telangana - 2026,04-Mar 1pm,3290.69
3661,4,Telangana - 2026,04-Mar 1pm,3290.69
3662,1,Telangana - 2026,04-Mar 2pm,3183.0025
3662,2,Telangana - 2026,04-Mar 2pm,3183.0025
3662,3,Telangana - 2026,04-Mar 2pm,3183.0025
3662,4,Telangana - 2026,04-Mar 2pm,3183.0025
3663,1,Telangana - 2026,04-Mar 3pm,3143.7825
3663,2,Telangana - 2026,04-Mar 3pm,3143.7825
3663,3,Telangana - 2026,04-Mar 3pm,3143.7825
3663,4,Telangana - 2026,04-Mar 3pm,3143.7825
3664,1,Telangana - 2026,04-Mar 4pm,3097.475
3664,2,Telangana - 2026,04-Mar 4pm,3097.475
3664,3,Telangana - 2026,04-Mar 4pm,3097.475
3664,4,Telangana - 2026,04-Mar 4pm,3097.475
3665,1,Telangana - 2026,04-Mar 5pm,2505.895
3665,2,Telangana - 2026,04-Mar 5pm,2505.895
3665,3,Telangana - 2026,04-Mar 5pm,2505.895
3665,4,Telangana - 2026,04-Mar 5pm,2505.895
3666,1,Telangana - 2026,04-Mar 6pm,2046.5975
3666,2,Telangana - 2026,04-Mar 6pm,2046.5975
3666,3,Telangana - 2026,04-Mar 6pm,2046.5975
3666,4,Telangana - 2026,04-Mar 6pm,2046.5975
3667,1,Telangana - 2026,04-Mar 7pm,2017.88
3667,2,Telangana - 2026,04-Mar 7pm,2017.88
3667,3,Telangana - 2026,04-Mar 7pm,2017.88
3667,4,Telangana - 2026,04-Mar 7pm,2017.88
3668,1,Telangana - 2026,04-Mar 8pm,1863.56
3668,2,Telangana - 2026,04-Mar 8pm,1863.56
3668,3,Telangana - 2026,04-Mar 8pm,1863.56
3668,4,Telangana - 2026,04-Mar 8pm,1863.56
3669,1,Telangana - 2026,04-Mar 9pm,1818.79
3669,2,Telangana - 2026,04-Mar 9pm,1818.79
3669,3,Telangana - 2026,04-Mar 9pm,1818.79
3669,4,Telangana - 2026,04-Mar 9pm,1818.79
3670,1,Telangana - 2026,04-Mar 10pm,1770.1825
3670,2,Telangana - 2026,04-Mar 10pm,1770.1825
3670,3,Telangana - 2026,04-Mar 10pm,1770.1825
3670,4,Telangana - 2026,04-Mar 10pm,1770.1825
3671,1,Telangana - 2026,04-Mar 11pm,1662.1025
3671,2,Telangana - 2026,04-Mar 11pm,1662.1025
3671,3,Telangana - 2026,04-Mar 11pm,1662.1025
3671,4,Telangana - 2026,04-Mar 11pm,1662.1025
3672,1,Telangana - 2026,05-Mar 12am,1696.0325
3672,2,Telangana - 2026,05-Mar 12am,1696.0325
3672,3,Telangana - 2026,05-Mar 12am,1696.0325
3672,4,Telangana - 2026,05-Mar 12am,1696.0325
3673,1,Telangana - 2026,05-Mar 1am,2000.635
3673,2,Telangana - 2026,05-Mar 1am,2000.635
3673,3,Telangana - 2026,05-Mar 1am,2000.635
3673,4,Telangana - 2026,05-Mar 1am,2000.635
3674,1,Telangana - 2026,05-Mar 2am,2063.625
3674,2,Telangana - 2026,05-Mar 2am,2063.625
3674,3,Telangana - 2026,05-Mar 2am,2063.625
3674,4,Telangana - 2026,05-Mar 2am,2063.625
3675,1,Telangana - 2026,05-Mar 3am,2350.0725
3675,2,Telangana - 2026,05-Mar 3am,2350.0725
3675,3,Telangana - 2026,05-Mar 3am,2350.0725
3675,4,Telangana - 2026,05-Mar 3am,2350.0725
3676,1,Telangana - 2026,05-Mar 4am,2439.135
3676,2,Telangana - 2026,05-Mar 4am,2439.135
3676,3,Telangana - 2026,05-Mar 4am,2439.135
3676,4,Telangana - 2026,05-Mar 4am,2439.135
3677,1,Telangana - 2026,05-Mar 5am,2548.2625
3677,2,Telangana - 2026,05-Mar 5am,2548.2625
3677,3,Telangana - 2026,05-Mar 5am,2548.2625
3677,4,Telangana - 2026,05-Mar 5am,2548.2625
3678,1,Telangana - 2026,05-Mar 6am,2703.5775
3678,2,Telangana - 2026,05-Mar 6am,2703.5775
3678,3,Telangana - 2026,05-Mar 6am,2703.5775
3678,4,Telangana - 2026,05-Mar 6am,2703.5775
3679,1,Telangana - 2026,05-Mar 7am,3374.895
3679,2,Telangana - 2026,05-Mar 7am,3374.895
3679,3,Telangana - 2026,05-Mar 7am,3374.895
3679,4,Telangana - 2026,05-Mar 7am,3374.895
3680,1,Telangana - 2026,05-Mar 8am,3690.9675
3680,2,Telangana - 2026,05-Mar 8am,3690.9675
3680,3,Telangana - 2026,05-Mar 8am,3690.9675
3680,4,Telangana - 2026,05-Mar 8am,3690.9675
3681,1,Telangana - 2026,05-Mar 9am,3598.3825
3681,2,Telangana - 2026,05-Mar 9am,3598.3825
3681,3,Telangana - 2026,05-Mar 9am,3598.3825
3681,4,Telangana - 2026,05-Mar 9am,3598.3825
3682,1,Telangana - 2026,05-Mar 10am,3495.655
3682,2,Telangana - 2026,05-Mar 10am,3495.655
3682,3,Telangana - 2026,05-Mar 10am,3495.655
3682,4,Telangana - 2026,05-Mar 10am,3495.655
3683,1,Telangana - 2026,05-Mar 11am,3443.385
3683,2,Telangana - 2026,05-Mar 11am,3443.385
3683,3,Telangana - 2026,05-Mar 11am,3443.385
3683,4,Telangana - 2026,05-Mar 11am,3443.385
3684,1,Telangana - 2026,05-Mar 12pm,3384.79
3684,2,Telangana - 2026,05-Mar 12pm,3384.79
3684,3,Telangana - 2026,05-Mar 12pm,3384.79
3684,4,Telangana - 2026,05-Mar 12pm,3384.79
3685,1,Telangana - 2026,05-Mar 1pm,3303.32
3685,2,Telangana - 2026,05-Mar 1pm,3303.32
3685,3,Telangana - 2026,05-Mar 1pm,3303.32
3685,4,Telangana - 2026,05-Mar 1pm,3303.32
3686,1,Telangana - 2026,05-Mar 2pm,3234.775
3686,2,Telangana - 2026,05-Mar 2pm,3234.775
3686,3,Telangana - 2026,05-Mar 2pm,3234.775
3686,4,Telangana - 2026,05-Mar 2pm,3234.775
3687,1,Telangana - 2026,05-Mar 3pm,3250.505
3687,2,Telangana - 2026,05-Mar 3pm,3250.505
3687,3,Telangana - 2026,05-Mar 3pm,3250.505
3687,4,Telangana - 2026,05-Mar 3pm,3250.505
3688,1,Telangana - 2026,05-Mar 4pm,3283.3625
3688,2,Telangana - 2026,05-Mar 4pm,3283.3625
3688,3,Telangana - 2026,05-Mar 4pm,3283.3625
3688,4,Telangana - 2026,05-Mar 4pm,3283.3625
3689,1,Telangana - 2026,05-Mar 5pm,2552.135
3689,2,Telangana - 2026,05-Mar 5pm,2552.135
3689,3,Telangana - 2026,05-Mar 5pm,2552.135
3689,4,Telangana - 2026,05-Mar 5pm,2552.135
3690,1,Telangana - 2026,05-Mar 6pm,2091.4775
3690,2,Telangana - 2026,05-Mar 6pm,2091.4775
3690,3,Telangana - 2026,05-Mar 6pm,2091.4775
3690,4,Telangana - 2026,05-Mar 6pm,2091.4775
3691,1,Telangana - 2026,05-Mar 7pm,2065.43
3691,2,Telangana - 2026,05-Mar 7pm,2065.43
3691,3,Telangana - 2026,05-Mar 7pm,2065.43
3691,4,Telangana - 2026,05-Mar 7pm,2065.43
3692,1,Telangana - 2026,05-Mar 8pm,1967.915
3692,2,Telangana - 2026,05-Mar 8pm,1967.915
3692,3,Telangana - 2026,05-Mar 8pm,1967.915
3692,4,Telangana - 2026,05-Mar 8pm,1967.915
3693,1,Telangana - 2026,05-Mar 9pm,1833.895
3693,2,Telangana - 2026,05-Mar 9pm,1833.895
3693,3,Telangana - 2026,05-Mar 9pm,1833.895
3693,4,Telangana - 2026,05-Mar 9pm,1833.895
3694,1,Telangana - 2026,05-Mar 10pm,1799.5775
3694,2,Telangana - 2026,05-Mar 10pm,1799.5775
3694,3,Telangana - 2026,05-Mar 10pm,1799.5775
3694,4,Telangana - 2026,05-Mar 10pm,1799.5775
3695,1,Telangana - 2026,05-Mar 11pm,1736.03
3695,2,Telangana - 2026,05-Mar 11pm,1736.03
3695,3,Telangana - 2026,05-Mar 11pm,1736.03
3695,4,Telangana - 2026,05-Mar 11pm,1736.03
3696,1,Telangana - 2026,06-Mar 12am,1755.515
3696,2,Telangana - 2026,06-Mar 12am,1755.515
3696,3,Telangana - 2026,06-Mar 12am,1755.515
3696,4,Telangana - 2026,06-Mar 12am,1755.515
3697,1,Telangana - 2026,06-Mar 1am,2046.035
3697,2,Telangana - 2026,06-Mar 1am,2046.035
3697,3,Telangana - 2026,06-Mar 1am,2046.035
3697,4,Telangana - 2026,06-Mar 1am,2046.035
3698,1,Telangana - 2026,06-Mar 2am,2127.62
3698,2,Telangana - 2026,06-Mar 2am,2127.62
3698,3,Telangana - 2026,06-Mar 2am,2127.62
3698,4,Telangana - 2026,06-Mar 2am,2127.62
3699,1,Telangana - 2026,06-Mar 3am,2407.9575
3699,2,Telangana - 2026,06-Mar 3am,2407.9575
3699,3,Telangana - 2026,06-Mar 3am,2407.9575
3699,4,Telangana - 2026,06-Mar 3am,2407.9575
3700,1,Telangana - 2026,06-Mar 4am,2495.79
3700,2,Telangana - 2026,06-Mar 4am,2495.79
3700,3,Telangana - 2026,06-Mar 4am,2495.79
3700,4,Telangana - 2026,06-Mar 4am,2495.79
3701,1,Telangana - 2026,06-Mar 5am,2528.7025
3701,2,Telangana - 2026,06-Mar 5am,2528.7025
3701,3,Telangana - 2026,06-Mar 5am,2528.7025
3701,4,Telangana - 2026,06-Mar 5am,2528.7025
3702,1,Telangana - 2026,06-Mar 6am,2789.1075
3702,2,Telangana - 2026,06-Mar 6am,2789.1075
3702,3,Telangana - 2026,06-Mar 6am,2789.1075
3702,4,Telangana - 2026,06-Mar 6am,2789.1075
3703,1,Telangana - 2026,06-Mar 7am,3246.625
3703,2,Telangana - 2026,06-Mar 7am,3246.625
3703,3,Telangana - 2026,06-Mar 7am,3246.625
3703,4,Telangana - 2026,06-Mar 7am,3246.625
3704,1,Telangana - 2026,06-Mar 8am,3743.3325
3704,2,Telangana - 2026,06-Mar 8am,3743.3325
3704,3,Telangana - 2026,06-Mar 8am,3743.3325
3704,4,Telangana - 2026,06-Mar 8am,3743.3325
3705,1,Telangana - 2026,06-Mar 9am,3561.175
3705,2,Telangana - 2026,06-Mar 9am,3561.175
3705,3,Telangana - 2026,06-Mar 9am,3561.175
3705,4,Telangana - 2026,06-Mar 9am,3561.175
3706,1,Telangana - 2026,06-Mar 10am,3490.005
3706,2,Telangana - 2026,06-Mar 10am,3490.005
3706,3,Telangana - 2026,06-Mar 10am,3490.005
3706,4,Telangana - 2026,06-Mar 10am,3490.005
3707,1,Telangana - 2026,06-Mar 11am,3461.3375
3707,2,Telangana - 2026,06-Mar 11am,3461.3375
3707,3,Telangana - 2026,06-Mar 11am,3461.3375
3707,4,Telangana - 2026,06-Mar 11am,3461.3375
3708,1,Telangana - 2026,06-Mar 12pm,3418.31
3708,2,Telangana - 2026,06-Mar 12pm,3418.31
3708,3,Telangana - 2026,06-Mar 12pm,3418.31
3708,4,Telangana - 2026,06-Mar 12pm,3418.31
3709,1,Telangana - 2026,06-Mar 1pm,3420.5575
3709,2,Telangana - 2026,06-Mar 1pm,3420.5575
3709,3,Telangana - 2026,06-Mar 1pm,3420.5575
3709,4,Telangana - 2026,06-Mar 1pm,3420.5575
3710,1,Telangana - 2026,06-Mar 2pm,3287.675
3710,2,Telangana - 2026,06-Mar 2pm,3287.675
3710,3,Telangana - 2026,06-Mar 2pm,3287.675
3710,4,Telangana - 2026,06-Mar 2pm,3287.675
3711,1,Telangana - 2026,06-Mar 3pm,3308.09
3711,2,Telangana - 2026,06-Mar 3pm,3308.09
3711,3,Telangana - 2026,06-Mar 3pm,3308.09
3711,4,Telangana - 2026,06-Mar 3pm,3308.09
3712,1,Telangana - 2026,06-Mar 4pm,3340.7625
3712,2,Telangana - 2026,06-Mar 4pm,3340.7625
3712,3,Telangana - 2026,06-Mar 4pm,3340.7625
3712,4,Telangana - 2026,06-Mar 4pm,3340.7625
3713,1,Telangana - 2026,06-Mar 5pm,2645.495
3713,2,Telangana - 2026,06-Mar 5pm,2645.495
3713,3,Telangana - 2026,06-Mar 5pm,2645.495
3713,4,Telangana - 2026,06-Mar 5pm,2645.495
3714,1,Telangana - 2026,06-Mar 6pm,2092.8475
3714,2,Telangana - 2026,06-Mar 6pm,2092.8475
3714,3,Telangana - 2026,06-Mar 6pm,2092.8475
3714,4,Telangana - 2026,06-Mar 6pm,2092.8475
3715,1,Telangana - 2026,06-Mar 7pm,2092.4225
3715,2,Telangana - 2026,06-Mar 7pm,2092.4225
3715,3,Telangana - 2026,06-Mar 7pm,2092.4225
3715,4,Telangana - 2026,06-Mar 7pm,2092.4225
3716,1,Telangana - 2026,06-Mar 8pm,1957.3175
3716,2,Telangana - 2026,06-Mar 8pm,1957.3175
3716,3,Telangana - 2026,06-Mar 8pm,1957.3175
3716,4,Telangana - 2026,06-Mar 8pm,1957.3175
3717,1,Telangana - 2026,06-Mar 9pm,1852.65
3717,2,Telangana - 2026,06-Mar 9pm,1852.65
3717,3,Telangana - 2026,06-Mar 9pm,1852.65
3717,4,Telangana - 2026,06-Mar 9pm,1852.65
3718,1,Telangana - 2026,06-Mar 10pm,1824.69
3718,2,Telangana - 2026,06-Mar 10pm,1824.69
3718,3,Telangana - 2026,06-Mar 10pm,1824.69
3718,4,Telangana - 2026,06-Mar 10pm,1824.69
3719,1,Telangana - 2026,06-Mar 11pm,1761.52
3719,2,Telangana - 2026,06-Mar 11pm,1761.52
3719,3,Telangana - 2026,06-Mar 11pm,1761.52
3719,4,Telangana - 2026,06-Mar 11pm,1761.52
3720,1,Telangana - 2026,07-Mar 12am,1771.585
3720,2,Telangana - 2026,07-Mar 12am,1771.585
3720,3,Telangana - 2026,07-Mar 12am,1771.585
3720,4,Telangana - 2026,07-Mar 12am,1771.585
3721,1,Telangana - 2026,07-Mar 1am,2082.13
3721,2,Telangana - 2026,07-Mar 1am,2082.13
3721,3,Telangana - 2026,07-Mar 1am,2082.13
3721,4,Telangana - 2026,07-Mar 1am,2082.13
3722,1,Telangana - 2026,07-Mar 2am,2172.7825
3722,2,Telangana - 2026,07-Mar 2am,2172.7825
3722,3,Telangana - 2026,07-Mar 2am,2172.7825
3722,4,Telangana - 2026,07-Mar 2am,2172.7825
3723,1,Telangana - 2026,07-Mar 3am,2469.835
3723,2,Telangana - 2026,07-Mar 3am,2469.835
3723,3,Telangana - 2026,07-Mar 3am,2469.835
3723,4,Telangana - 2026,07-Mar 3am,2469.835
3724,1,Telangana - 2026,07-Mar 4am,2581.66
3724,2,Telangana - 2026,07-Mar 4am,2581.66
3724,3,Telangana - 2026,07-Mar 4am,2581.66
3724,4,Telangana - 2026,07-Mar 4am,2581.66
3725,1,Telangana - 2026,07-Mar 5am,2671.3125
3725,2,Telangana - 2026,07-Mar 5am,2671.3125
3725,3,Telangana - 2026,07-Mar 5am,2671.3125
3725,4,Telangana - 2026,07-Mar 5am,2671.3125
3726,1,Telangana - 2026,07-Mar 6am,2778.9025
3726,2,Telangana - 2026,07-Mar 6am,2778.9025
3726,3,Telangana - 2026,07-Mar 6am,2778.9025
3726,4,Telangana - 2026,07-Mar 6am,2778.9025
3727,1,Telangana - 2026,07-Mar 7am,3436.325
3727,2,Telangana - 2026,07-Mar 7am,3436.325
3727,3,Telangana - 2026,07-Mar 7am,3436.325
3727,4,Telangana - 2026,07-Mar 7am,3436.325
3728,1,Telangana - 2026,07-Mar 8am,3705.705
3728,2,Telangana - 2026,07-Mar 8am,3705.705
3728,3,Telangana - 2026,07-Mar 8am,3705.705
3728,4,Telangana - 2026,07-Mar 8am,3705.705
3729,1,Telangana - 2026,07-Mar 9am,3621.83
3729,2,Telangana - 2026,07-Mar 9am,3621.83
3729,3,Telangana - 2026,07-Mar 9am,3621.83
3729,4,Telangana - 2026,07-Mar 9am,3621.83
3730,1,Telangana - 2026,07-Mar 10am,3509.275
3730,2,Telangana - 2026,07-Mar 10am,3509.275
3730,3,Telangana - 2026,07-Mar 10am,3509.275
3730,4,Telangana - 2026,07-Mar 10am,3509.275
3731,1,Telangana - 2026,07-Mar 11am,3420.7025
3731,2,Telangana - 2026,07-Mar 11am,3420.7025
3731,3,Telangana - 2026,07-Mar 11am,3420.7025
3731,4,Telangana - 2026,07-Mar 11am,3420.7025
3732,1,Telangana - 2026,07-Mar 12pm,3435.09
3732,2,Telangana - 2026,07-Mar 12pm,3435.09
3732,3,Telangana - 2026,07-Mar 12pm,3435.09
3732,4,Telangana - 2026,07-Mar 12pm,3435.09
3733,1,Telangana - 2026,07-Mar 1pm,3376.4425
3733,2,Telangana - 2026,07-Mar 1pm,3376.4425
3733,3,Telangana - 2026,07-Mar 1pm,3376.4425
3733,4,Telangana - 2026,07-Mar 1pm,3376.4425
3734,1,Telangana - 2026,07-Mar 2pm,3277.7575
3734,2,Telangana - 2026,07-Mar 2pm,3277.7575
3734,3,Telangana - 2026,07-Mar 2pm,3277.7575
3734,4,Telangana - 2026,07-Mar 2pm,3277.7575
3735,1,Telangana - 2026,07-Mar 3pm,3298.5875
3735,2,Telangana - 2026,07-Mar 3pm,3298.5875
3735,3,Telangana - 2026,07-Mar 3pm,3298.5875
3735,4,Telangana - 2026,07-Mar 3pm,3298.5875
3736,1,Telangana - 2026,07-Mar 4pm,3396.2375
3736,2,Telangana - 2026,07-Mar 4pm,3396.2375
3736,3,Telangana - 2026,07-Mar 4pm,3396.2375
3736,4,Telangana - 2026,07-Mar 4pm,3396.2375
3737,1,Telangana - 2026,07-Mar 5pm,2641.02
3737,2,Telangana - 2026,07-Mar 5pm,2641.02
3737,3,Telangana - 2026,07-Mar 5pm,2641.02
3737,4,Telangana - 2026,07-Mar 5pm,2641.02
3738,1,Telangana - 2026,07-Mar 6pm,2120.78
3738,2,Telangana - 2026,07-Mar 6pm,2120.78
3738,3,Telangana - 2026,07-Mar 6pm,2120.78
3738,4,Telangana - 2026,07-Mar 6pm,2120.78
3739,1,Telangana - 2026,07-Mar 7pm,2077.16
3739,2,Telangana - 2026,07-Mar 7pm,2077.16
3739,3,Telangana - 2026,07-Mar 7pm,2077.16
3739,4,Telangana - 2026,07-Mar 7pm,2077.16
3740,1,Telangana - 2026,07-Mar 8pm,1966.315
3740,2,Telangana - 2026,07-Mar 8pm,1966.315
3740,3,Telangana - 2026,07-Mar 8pm,1966.315
3740,4,Telangana - 2026,07-Mar 8pm,1966.315
3741,1,Telangana - 2026,07-Mar 9pm,1868.7525
3741,2,Telangana - 2026,07-Mar 9pm,1868.7525
3741,3,Telangana - 2026,07-Mar 9pm,1868.7525
3741,4,Telangana - 2026,07-Mar 9pm,1868.7525
3742,1,Telangana - 2026,07-Mar 10pm,1853.24
3742,2,Telangana - 2026,07-Mar 10pm,1853.24
3742,3,Telangana - 2026,07-Mar 10pm,1853.24
3742,4,Telangana - 2026,07-Mar 10pm,1853.24
3743,1,Telangana - 2026,07-Mar 11pm,1767.785
3743,2,Telangana - 2026,07-Mar 11pm,1767.785
3743,3,Telangana - 2026,07-Mar 11pm,1767.785
3743,4,Telangana - 2026,07-Mar 11pm,1767.785
3744,1,Telangana - 2026,08-Mar 12am,1823.3275
3744,2,Telangana - 2026,08-Mar 12am,1823.3275
3744,3,Telangana - 2026,08-Mar 12am,1823.3275
3744,4,Telangana - 2026,08-Mar 12am,1823.3275
3745,1,Telangana - 2026,08-Mar 1am,2143.1675
3745,2,Telangana - 2026,08-Mar 1am,2143.1675
3745,3,Telangana - 2026,08-Mar 1am,2143.1675
3745,4,Telangana - 2026,08-Mar 1am,2143.1675
3746,1,Telangana - 2026,08-Mar 2am,2195.7
3746,2,Telangana - 2026,08-Mar 2am,2195.7
3746,3,Telangana - 2026,08-Mar 2am,2195.7
3746,4,Telangana - 2026,08-Mar 2am,2195.7
3747,1,Telangana - 2026,08-Mar 3am,2482.6675
3747,2,Telangana - 2026,08-Mar 3am,2482.6675
3747,3,Telangana - 2026,08-Mar 3am,2482.6675
3747,4,Telangana - 2026,08-Mar 3am,2482.6675
3748,1,Telangana - 2026,08-Mar 4am,2593.4125
3748,2,Telangana - 2026,08-Mar 4am,2593.4125
3748,3,Telangana - 2026,08-Mar 4am,2593.4125
3748,4,Telangana - 2026,08-Mar 4am,2593.4125
3749,1,Telangana - 2026,08-Mar 5am,2650.1325
3749,2,Telangana - 2026,08-Mar 5am,2650.1325
3749,3,Telangana - 2026,08-Mar 5am,2650.1325
3749,4,Telangana - 2026,08-Mar 5am,2650.1325
3750,1,Telangana - 2026,08-Mar 6am,2785.9525
3750,2,Telangana - 2026,08-Mar 6am,2785.9525
3750,3,Telangana - 2026,08-Mar 6am,2785.9525
3750,4,Telangana - 2026,08-Mar 6am,2785.9525
3751,1,Telangana - 2026,08-Mar 7am,3437.125
3751,2,Telangana - 2026,08-Mar 7am,3437.125
3751,3,Telangana - 2026,08-Mar 7am,3437.125
3751,4,Telangana - 2026,08-Mar 7am,3437.125
3752,1,Telangana - 2026,08-Mar 8am,3769.1775
3752,2,Telangana - 2026,08-Mar 8am,3769.1775
3752,3,Telangana - 2026,08-Mar 8am,3769.1775
3752,4,Telangana - 2026,08-Mar 8am,3769.1775
3753,1,Telangana - 2026,08-Mar 9am,3622.3325
3753,2,Telangana - 2026,08-Mar 9am,3622.3325
3753,3,Telangana - 2026,08-Mar 9am,3622.3325
3753,4,Telangana - 2026,08-Mar 9am,3622.3325
3754,1,Telangana - 2026,08-Mar 10am,3596.805
3754,2,Telangana - 2026,08-Mar 10am,3596.805
3754,3,Telangana - 2026,08-Mar 10am,3596.805
3754,4,Telangana - 2026,08-Mar 10am,3596.805
3755,1,Telangana - 2026,08-Mar 11am,3545.6125
3755,2,Telangana - 2026,08-Mar 11am,3545.6125
3755,3,Telangana - 2026,08-Mar 11am,3545.6125
3755,4,Telangana - 2026,08-Mar 11am,3545.6125
3756,1,Telangana - 2026,08-Mar 12pm,3499.685
3756,2,Telangana - 2026,08-Mar 12pm,3499.685
3756,3,Telangana - 2026,08-Mar 12pm,3499.685
3756,4,Telangana - 2026,08-Mar 12pm,3499.685
3757,1,Telangana - 2026,08-Mar 1pm,3429.18
3757,2,Telangana - 2026,08-Mar 1pm,3429.18
3757,3,Telangana - 2026,08-Mar 1pm,3429.18
3757,4,Telangana - 2026,08-Mar 1pm,3429.18
3758,1,Telangana - 2026,08-Mar 2pm,3374.915
3758,2,Telangana - 2026,08-Mar 2pm,3374.915
3758,3,Telangana - 2026,08-Mar 2pm,3374.915
3758,4,Telangana - 2026,08-Mar 2pm,3374.915
3759,1,Telangana - 2026,08-Mar 3pm,3443.2025
3759,2,Telangana - 2026,08-Mar 3pm,3443.2025
3759,3,Telangana - 2026,08-Mar 3pm,3443.2025
3759,4,Telangana - 2026,08-Mar 3pm,3443.2025
3760,1,Telangana - 2026,08-Mar 4pm,3468.0925
3760,2,Telangana - 2026,08-Mar 4pm,3468.0925
3760,3,Telangana - 2026,08-Mar 4pm,3468.0925
3760,4,Telangana - 2026,08-Mar 4pm,3468.0925
3761,1,Telangana - 2026,08-Mar 5pm,2710.145
3761,2,Telangana - 2026,08-Mar 5pm,2710.145
3761,3,Telangana - 2026,08-Mar 5pm,2710.145
3761,4,Telangana - 2026,08-Mar 5pm,2710.145
3762,1,Telangana - 2026,08-Mar 6pm,2190.6475
3762,2,Telangana - 2026,08-Mar 6pm,2190.6475
3762,3,Telangana - 2026,08-Mar 6pm,2190.6475
3762,4,Telangana - 2026,08-Mar 6pm,2190.6475
3763,1,Telangana - 2026,08-Mar 7pm,2171.895
3763,2,Telangana - 2026,08-Mar 7pm,2171.895
3763,3,Telangana - 2026,08-Mar 7pm,2171.895
3763,4,Telangana - 2026,08-Mar 7pm,2171.895
3764,1,Telangana - 2026,08-Mar 8pm,2023.68
3764,2,Telangana - 2026,08-Mar 8pm,2023.68
3764,3,Telangana - 2026,08-Mar 8pm,2023.68
3764,4,Telangana - 2026,08-Mar 8pm,2023.68
3765,1,Telangana - 2026,08-Mar 9pm,1897.585
3765,2,Telangana - 2026,08-Mar 9pm,1897.585
3765,3,Telangana - 2026,08-Mar 9pm,1897.585
3765,4,Telangana - 2026,08-Mar 9pm,1897.585
3766,1,Telangana - 2026,08-Mar 10pm,1870.045
3766,2,Telangana - 2026,08-Mar 10pm,1870.045
3766,3,Telangana - 2026,08-Mar 10pm,1870.045
3766,4,Telangana - 2026,08-Mar 10pm,1870.045
3767,1,Telangana - 2026,08-Mar 11pm,1819.76
3767,2,Telangana - 2026,08-Mar 11pm,1819.76
3767,3,Telangana - 2026,08-Mar 11pm,1819.76
3767,4,Telangana - 2026,08-Mar 11pm,1819.76
3768,1,Telangana - 2026,09-Mar 12am,1884.1825
3768,2,Telangana - 2026,09-Mar 12am,1884.1825
3768,3,Telangana - 2026,09-Mar 12am,1884.1825
3768,4,Telangana - 2026,09-Mar 12am,1884.1825
3769,1,Telangana - 2026,09-Mar 1am,2196.945
3769,2,Telangana - 2026,09-Mar 1am,2196.945
3769,3,Telangana - 2026,09-Mar 1am,2196.945
3769,4,Telangana - 2026,09-Mar 1am,2196.945
3770,1,Telangana - 2026,09-Mar 2am,2261.23
3770,2,Telangana - 2026,09-Mar 2am,2261.23
3770,3,Telangana - 2026,09-Mar 2am,2261.23
3770,4,Telangana - 2026,09-Mar 2am,2261.23
3771,1,Telangana - 2026,09-Mar 3am,2535.595
3771,2,Telangana - 2026,09-Mar 3am,2535.595
3771,3,Telangana - 2026,09-Mar 3am,2535.595
3771,4,Telangana - 2026,09-Mar 3am,2535.595
3772,1,Telangana - 2026,09-Mar 4am,2644.98
3772,2,Telangana - 2026,09-Mar 4am,2644.98
3772,3,Telangana - 2026,09-Mar 4am,2644.98
3772,4,Telangana - 2026,09-Mar 4am,2644.98
3773,1,Telangana - 2026,09-Mar 5am,2766.3375
3773,2,Telangana - 2026,09-Mar 5am,2766.3375
3773,3,Telangana - 2026,09-Mar 5am,2766.3375
3773,4,Telangana - 2026,09-Mar 5am,2766.3375
3774,1,Telangana - 2026,09-Mar 6am,2895.6425
3774,2,Telangana - 2026,09-Mar 6am,2895.6425
3774,3,Telangana - 2026,09-Mar 6am,2895.6425
3774,4,Telangana - 2026,09-Mar 6am,2895.6425
3775,1,Telangana - 2026,09-Mar 7am,3522.4225
3775,2,Telangana - 2026,09-Mar 7am,3522.4225
3775,3,Telangana - 2026,09-Mar 7am,3522.4225
3775,4,Telangana - 2026,09-Mar 7am,3522.4225
3776,1,Telangana - 2026,09-Mar 8am,3853.8375
3776,2,Telangana - 2026,09-Mar 8am,3853.8375
3776,3,Telangana - 2026,09-Mar 8am,3853.8375
3776,4,Telangana - 2026,09-Mar 8am,3853.8375
3777,1,Telangana - 2026,09-Mar 9am,3751.195
3777,2,Telangana - 2026,09-Mar 9am,3751.195
3777,3,Telangana - 2026,09-Mar 9am,3751.195
3777,4,Telangana - 2026,09-Mar 9am,3751.195
3778,1,Telangana - 2026,09-Mar 10am,3697.13
3778,2,Telangana - 2026,09-Mar 10am,3697.13
3778,3,Telangana - 2026,09-Mar 10am,3697.13
3778,4,Telangana - 2026,09-Mar 10am,3697.13
3779,1,Telangana - 2026,09-Mar 11am,3600.145
3779,2,Telangana - 2026,09-Mar 11am,3600.145
3779,3,Telangana - 2026,09-Mar 11am,3600.145
3779,4,Telangana - 2026,09-Mar 11am,3600.145
3780,1,Telangana - 2026,09-Mar 12pm,3603.88
3780,2,Telangana - 2026,09-Mar 12pm,3603.88
3780,3,Telangana - 2026,09-Mar 12pm,3603.88
3780,4,Telangana - 2026,09-Mar 12pm,3603.88
3781,1,Telangana - 2026,09-Mar 1pm,3560.4025
3781,2,Telangana - 2026,09-Mar 1pm,3560.4025
3781,3,Telangana - 2026,09-Mar 1pm,3560.4025
3781,4,Telangana - 2026,09-Mar 1pm,3560.4025
3782,1,Telangana - 2026,09-Mar 2pm,3497.235
3782,2,Telangana - 2026,09-Mar 2pm,3497.235
3782,3,Telangana - 2026,09-Mar 2pm,3497.235
3782,4,Telangana - 2026,09-Mar 2pm,3497.235
3783,1,Telangana - 2026,09-Mar 3pm,3486.7825
3783,2,Telangana - 2026,09-Mar 3pm,3486.7825
3783,3,Telangana - 2026,09-Mar 3pm,3486.7825
3783,4,Telangana - 2026,09-Mar 3pm,3486.7825
3784,1,Telangana - 2026,09-Mar 4pm,3539.5375
3784,2,Telangana - 2026,09-Mar 4pm,3539.5375
3784,3,Telangana - 2026,09-Mar 4pm,3539.5375
3784,4,Telangana - 2026,09-Mar 4pm,3539.5375
3785,1,Telangana - 2026,09-Mar 5pm,2703.805
3785,2,Telangana - 2026,09-Mar 5pm,2703.805
3785,3,Telangana - 2026,09-Mar 5pm,2703.805
3785,4,Telangana - 2026,09-Mar 5pm,2703.805
3786,1,Telangana - 2026,09-Mar 6pm,2208.905
3786,2,Telangana - 2026,09-Mar 6pm,2208.905
3786,3,Telangana - 2026,09-Mar 6pm,2208.905
3786,4,Telangana - 2026,09-Mar 6pm,2208.905
3787,1,Telangana - 2026,09-Mar 7pm,2175.53
3787,2,Telangana - 2026,09-Mar 7pm,2175.53
3787,3,Telangana - 2026,09-Mar 7pm,2175.53
3787,4,Telangana - 2026,09-Mar 7pm,2175.53
3788,1,Telangana - 2026,09-Mar 8pm,2001.8825
3788,2,Telangana - 2026,09-Mar 8pm,2001.8825
3788,3,Telangana - 2026,09-Mar 8pm,2001.8825
3788,4,Telangana - 2026,09-Mar 8pm,2001.8825
3789,1,Telangana - 2026,09-Mar 9pm,1892.1875
3789,2,Telangana - 2026,09-Mar 9pm,1892.1875
3789,3,Telangana - 2026,09-Mar 9pm,1892.1875
3789,4,Telangana - 2026,09-Mar 9pm,1892.1875
3790,1,Telangana - 2026,09-Mar 10pm,1836.0425
3790,2,Telangana - 2026,09-Mar 10pm,1836.0425
3790,3,Telangana - 2026,09-Mar 10pm,1836.0425
3790,4,Telangana - 2026,09-Mar 10pm,1836.0425
3791,1,Telangana - 2026,09-Mar 11pm,1849.34
3791,2,Telangana - 2026,09-Mar 11pm,1849.34
3791,3,Telangana - 2026,09-Mar 11pm,1849.34
3791,4,Telangana - 2026,09-Mar 11pm,1849.34
3792,1,Telangana - 2026,10-Mar 12am,1876.0175
3792,2,Telangana - 2026,10-Mar 12am,1876.0175
3792,3,Telangana - 2026,10-Mar 12am,1876.0175
3792,4,Telangana - 2026,10-Mar 12am,1876.0175
3793,1,Telangana - 2026,10-Mar 1am,2200.7575
3793,2,Telangana - 2026,10-Mar 1am,2200.7575
3793,3,Telangana - 2026,10-Mar 1am,2200.7575
3793,4,Telangana - 2026,10-Mar 1am,2200.7575
3794,1,Telangana - 2026,10-Mar 2am,2240.4075
3794,2,Telangana - 2026,10-Mar 2am,2240.4075
3794,3,Telangana - 2026,10-Mar 2am,2240.4075
3794,4,Telangana - 2026,10-Mar 2am,2240.4075
3795,1,Telangana - 2026,10-Mar 3am,2529.76
3795,2,Telangana - 2026,10-Mar 3am,2529.76
3795,3,Telangana - 2026,10-Mar 3am,2529.76
3795,4,Telangana - 2026,10-Mar 3am,2529.76
3796,1,Telangana - 2026,10-Mar 4am,2640.2975
3796,2,Telangana - 2026,10-Mar 4am,2640.2975
3796,3,Telangana - 2026,10-Mar 4am,2640.2975
3796,4,Telangana - 2026,10-Mar 4am,2640.2975
3797,1,Telangana - 2026,10-Mar 5am,2731.0175
3797,2,Telangana - 2026,10-Mar 5am,2731.0175
3797,3,Telangana - 2026,10-Mar 5am,2731.0175
3797,4,Telangana - 2026,10-Mar 5am,2731.0175
3798,1,Telangana - 2026,10-Mar 6am,2925.735
3798,2,Telangana - 2026,10-Mar 6am,2925.735
3798,3,Telangana - 2026,10-Mar 6am,2925.735
3798,4,Telangana - 2026,10-Mar 6am,2925.735
3799,1,Telangana - 2026,10-Mar 7am,3344.805
3799,2,Telangana - 2026,10-Mar 7am,3344.805
3799,3,Telangana - 2026,10-Mar 7am,3344.805
3799,4,Telangana - 2026,10-Mar 7am,3344.805
3800,1,Telangana - 2026,10-Mar 8am,3744.82
3800,2,Telangana - 2026,10-Mar 8am,3744.82
3800,3,Telangana - 2026,10-Mar 8am,3744.82
3800,4,Telangana - 2026,10-Mar 8am,3744.82
3801,1,Telangana - 2026,10-Mar 9am,3774.6775
3801,2,Telangana - 2026,10-Mar 9am,3774.6775
3801,3,Telangana - 2026,10-Mar 9am,3774.6775
3801,4,Telangana - 2026,10-Mar 9am,3774.6775
3802,1,Telangana - 2026,10-Mar 10am,3634.4625
3802,2,Telangana - 2026,10-Mar 10am,3634.4625
3802,3,Telangana - 2026,10-Mar 10am,3634.4625
3802,4,Telangana - 2026,10-Mar 10am,3634.4625
3803,1,Telangana - 2026,10-Mar 11am,3476.295
3803,2,Telangana - 2026,10-Mar 11am,3476.295
3803,3,Telangana - 2026,10-Mar 11am,3476.295
3803,4,Telangana - 2026,10-Mar 11am,3476.295
3804,1,Telangana - 2026,10-Mar 12pm,3440.5425
3804,2,Telangana - 2026,10-Mar 12pm,3440.5425
3804,3,Telangana - 2026,10-Mar 12pm,3440.5425
3804,4,Telangana - 2026,10-Mar 12pm,3440.5425
3805,1,Telangana - 2026,10-Mar 1pm,3450.61
3805,2,Telangana - 2026,10-Mar 1pm,3450.61
3805,3,Telangana - 2026,10-Mar 1pm,3450.61
3805,4,Telangana - 2026,10-Mar 1pm,3450.61
3806,1,Telangana - 2026,10-Mar 2pm,3422.72
3806,2,Telangana - 2026,10-Mar 2pm,3422.72
3806,3,Telangana - 2026,10-Mar 2pm,3422.72
3806,4,Telangana - 2026,10-Mar 2pm,3422.72
3807,1,Telangana - 2026,10-Mar 3pm,3407.995
3807,2,Telangana - 2026,10-Mar 3pm,3407.995
3807,3,Telangana - 2026,10-Mar 3pm,3407.995
3807,4,Telangana - 2026,10-Mar 3pm,3407.995
3808,1,Telangana - 2026,10-Mar 4pm,3341.56
3808,2,Telangana - 2026,10-Mar 4pm,3341.56
3808,3,Telangana - 2026,10-Mar 4pm,3341.56
3808,4,Telangana - 2026,10-Mar 4pm,3341.56
3809,1,Telangana - 2026,10-Mar 5pm,2615.135
3809,2,Telangana - 2026,10-Mar 5pm,2615.135
3809,3,Telangana - 2026,10-Mar 5pm,2615.135
3809,4,Telangana - 2026,10-Mar 5pm,2615.135
3810,1,Telangana - 2026,10-Mar 6pm,2116.0725
3810,2,Telangana - 2026,10-Mar 6pm,2116.0725
3810,3,Telangana - 2026,10-Mar 6pm,2116.0725
3810,4,Telangana - 2026,10-Mar 6pm,2116.0725
3811,1,Telangana - 2026,10-Mar 7pm,2034.785
3811,2,Telangana - 2026,10-Mar 7pm,2034.785
3811,3,Telangana - 2026,10-Mar 7pm,2034.785
3811,4,Telangana - 2026,10-Mar 7pm,2034.785
3812,1,Telangana - 2026,10-Mar 8pm,1882.785
3812,2,Telangana - 2026,10-Mar 8pm,1882.785
3812,3,Telangana - 2026,10-Mar 8pm,1882.785
3812,4,Telangana - 2026,10-Mar 8pm,1882.785
3813,1,Telangana - 2026,10-Mar 9pm,1799.5575
3813,2,Telangana - 2026,10-Mar 9pm,1799.5575
3813,3,Telangana - 2026,10-Mar 9pm,1799.5575
3813,4,Telangana - 2026,10-Mar 9pm,1799.5575
3814,1,Telangana - 2026,10-Mar 10pm,1804.7925
3814,2,Telangana - 2026,10-Mar 10pm,1804.7925
3814,3,Telangana - 2026,10-Mar 10pm,1804.7925
3814,4,Telangana - 2026,10-Mar 10pm,1804.7925
3815,1,Telangana - 2026,10-Mar 11pm,1710.665
3815,2,Telangana - 2026,10-Mar 11pm,1710.665
3815,3,Telangana - 2026,10-Mar 11pm,1710.665
3815,4,Telangana - 2026,10-Mar 11pm,1710.665
3816,1,Telangana - 2026,11-Mar 12am,1796.9575
3816,2,Telangana - 2026,11-Mar 12am,1796.9575
3816,3,Telangana - 2026,11-Mar 12am,1796.9575
3816,4,Telangana - 2026,11-Mar 12am,1796.9575
3817,1,Telangana - 2026,11-Mar 1am,2092.88
3817,2,Telangana - 2026,11-Mar 1am,2092.88
3817,3,Telangana - 2026,11-Mar 1am,2092.88
3817,4,Telangana - 2026,11-Mar 1am,2092.88
3818,1,Telangana - 2026,11-Mar 2am,2152.1975
3818,2,Telangana - 2026,11-Mar 2am,2152.1975
3818,3,Telangana - 2026,11-Mar 2am,2152.1975
3818,4,Telangana - 2026,11-Mar 2am,2152.1975
3819,1,Telangana - 2026,11-Mar 3am,2446.2125
3819,2,Telangana - 2026,11-Mar 3am,2446.2125
3819,3,Telangana - 2026,11-Mar 3am,2446.2125
3819,4,Telangana - 2026,11-Mar 3am,2446.2125
3820,1,Telangana - 2026,11-Mar 4am,2565.6525
3820,2,Telangana - 2026,11-Mar 4am,2565.6525
3820,3,Telangana - 2026,11-Mar 4am,2565.6525
3820,4,Telangana - 2026,11-Mar 4am,2565.6525
3821,1,Telangana - 2026,11-Mar 5am,2606.91
3821,2,Telangana - 2026,11-Mar 5am,2606.91
3821,3,Telangana - 2026,11-Mar 5am,2606.91
3821,4,Telangana - 2026,11-Mar 5am,2606.91
3822,1,Telangana - 2026,11-Mar 6am,2799.9325
3822,2,Telangana - 2026,11-Mar 6am,2799.9325
3822,3,Telangana - 2026,11-Mar 6am,2799.9325
3822,4,Telangana - 2026,11-Mar 6am,2799.9325
3823,1,Telangana - 2026,11-Mar 7am,3058.105
3823,2,Telangana - 2026,11-Mar 7am,3058.105
3823,3,Telangana - 2026,11-Mar 7am,3058.105
3823,4,Telangana - 2026,11-Mar 7am,3058.105
3824,1,Telangana - 2026,11-Mar 8am,3462.5725
3824,2,Telangana - 2026,11-Mar 8am,3462.5725
3824,3,Telangana - 2026,11-Mar 8am,3462.5725
3824,4,Telangana - 2026,11-Mar 8am,3462.5725
3825,1,Telangana - 2026,11-Mar 9am,3581.15
3825,2,Telangana - 2026,11-Mar 9am,3581.15
3825,3,Telangana - 2026,11-Mar 9am,3581.15
3825,4,Telangana - 2026,11-Mar 9am,3581.15
3826,1,Telangana - 2026,11-Mar 10am,3532.8225
3826,2,Telangana - 2026,11-Mar 10am,3532.8225
3826,3,Telangana - 2026,11-Mar 10am,3532.8225
3826,4,Telangana - 2026,11-Mar 10am,3532.8225
3827,1,Telangana - 2026,11-Mar 11am,3474.0075
3827,2,Telangana - 2026,11-Mar 11am,3474.0075
3827,3,Telangana - 2026,11-Mar 11am,3474.0075
3827,4,Telangana - 2026,11-Mar 11am,3474.0075
3828,1,Telangana - 2026,11-Mar 12pm,3469.1775
3828,2,Telangana - 2026,11-Mar 12pm,3469.1775
3828,3,Telangana - 2026,11-Mar 12pm,3469.1775
3828,4,Telangana - 2026,11-Mar 12pm,3469.1775
3829,1,Telangana - 2026,11-Mar 1pm,3438.5725
3829,2,Telangana - 2026,11-Mar 1pm,3438.5725
3829,3,Telangana - 2026,11-Mar 1pm,3438.5725
3829,4,Telangana - 2026,11-Mar 1pm,3438.5725
3830,1,Telangana - 2026,11-Mar 2pm,3355.585
3830,2,Telangana - 2026,11-Mar 2pm,3355.585
3830,3,Telangana - 2026,11-Mar 2pm,3355.585
3830,4,Telangana - 2026,11-Mar 2pm,3355.585
3831,1,Telangana - 2026,11-Mar 3pm,3325.9475
3831,2,Telangana - 2026,11-Mar 3pm,3325.9475
3831,3,Telangana - 2026,11-Mar 3pm,3325.9475
3831,4,Telangana - 2026,11-Mar 3pm,3325.9475
3832,1,Telangana - 2026,11-Mar 4pm,3313.4475
3832,2,Telangana - 2026,11-Mar 4pm,3313.4475
3832,3,Telangana - 2026,11-Mar 4pm,3313.4475
3832,4,Telangana - 2026,11-Mar 4pm,3313.4475
3833,1,Telangana - 2026,11-Mar 5pm,2442.9
3833,2,Telangana - 2026,11-Mar 5pm,2442.9
3833,3,Telangana - 2026,11-Mar 5pm,2442.9
3833,4,Telangana - 2026,11-Mar 5pm,2442.9
3834,1,Telangana - 2026,11-Mar 6pm,1922.54
3834,2,Telangana - 2026,11-Mar 6pm,1922.54
3834,3,Telangana - 2026,11-Mar 6pm,1922.54
3834,4,Telangana - 2026,11-Mar 6pm,1922.54
3835,1,Telangana - 2026,11-Mar 7pm,1909.635
3835,2,Telangana - 2026,11-Mar 7pm,1909.635
3835,3,Telangana - 2026,11-Mar 7pm,1909.635
3835,4,Telangana - 2026,11-Mar 7pm,1909.635
3836,1,Telangana - 2026,11-Mar 8pm,1777.7975
3836,2,Telangana - 2026,11-Mar 8pm,1777.7975
3836,3,Telangana - 2026,11-Mar 8pm,1777.7975
3836,4,Telangana - 2026,11-Mar 8pm,1777.7975
3837,1,Telangana - 2026,11-Mar 9pm,1747.4075
3837,2,Telangana - 2026,11-Mar 9pm,1747.4075
3837,3,Telangana - 2026,11-Mar 9pm,1747.4075
3837,4,Telangana - 2026,11-Mar 9pm,1747.4075
3838,1,Telangana - 2026,11-Mar 10pm,1746.29
3838,2,Telangana - 2026,11-Mar 10pm,1746.29
3838,3,Telangana - 2026,11-Mar 10pm,1746.29
3838,4,Telangana - 2026,11-Mar 10pm,1746.29
3839,1,Telangana - 2026,11-Mar 11pm,1639.895
3839,2,Telangana - 2026,11-Mar 11pm,1639.895
3839,3,Telangana - 2026,11-Mar 11pm,1639.895
3839,4,Telangana - 2026,11-Mar 11pm,1639.895
3840,1,Telangana - 2026,12-Mar 12am,1666.15
3840,2,Telangana - 2026,12-Mar 12am,1666.15
3840,3,Telangana - 2026,12-Mar 12am,1666.15
3840,4,Telangana - 2026,12-Mar 12am,1666.15
3841,1,Telangana - 2026,12-Mar 1am,1960.0925
3841,2,Telangana - 2026,12-Mar 1am,1960.0925
3841,3,Telangana - 2026,12-Mar 1am,1960.0925
3841,4,Telangana - 2026,12-Mar 1am,1960.0925
3842,1,Telangana - 2026,12-Mar 2am,2047.7275
3842,2,Telangana - 2026,12-Mar 2am,2047.7275
3842,3,Telangana - 2026,12-Mar 2am,2047.7275
3842,4,Telangana - 2026,12-Mar 2am,2047.7275
3843,1,Telangana - 2026,12-Mar 3am,2341.4475
3843,2,Telangana - 2026,12-Mar 3am,2341.4475
3843,3,Telangana - 2026,12-Mar 3am,2341.4475
3843,4,Telangana - 2026,12-Mar 3am,2341.4475
3844,1,Telangana - 2026,12-Mar 4am,2462.1575
3844,2,Telangana - 2026,12-Mar 4am,2462.1575
3844,3,Telangana - 2026,12-Mar 4am,2462.1575
3844,4,Telangana - 2026,12-Mar 4am,2462.1575
3845,1,Telangana - 2026,12-Mar 5am,2555.4175
3845,2,Telangana - 2026,12-Mar 5am,2555.4175
3845,3,Telangana - 2026,12-Mar 5am,2555.4175
3845,4,Telangana - 2026,12-Mar 5am,2555.4175
3846,1,Telangana - 2026,12-Mar 6am,2791.3975
3846,2,Telangana - 2026,12-Mar 6am,2791.3975
3846,3,Telangana - 2026,12-Mar 6am,2791.3975
3846,4,Telangana - 2026,12-Mar 6am,2791.3975
3847,1,Telangana - 2026,12-Mar 7am,3187.6825
3847,2,Telangana - 2026,12-Mar 7am,3187.6825
3847,3,Telangana - 2026,12-Mar 7am,3187.6825
3847,4,Telangana - 2026,12-Mar 7am,3187.6825
3848,1,Telangana - 2026,12-Mar 8am,3624.0725
3848,2,Telangana - 2026,12-Mar 8am,3624.0725
3848,3,Telangana - 2026,12-Mar 8am,3624.0725
3848,4,Telangana - 2026,12-Mar 8am,3624.0725
3849,1,Telangana - 2026,12-Mar 9am,3798.3425
3849,2,Telangana - 2026,12-Mar 9am,3798.3425
3849,3,Telangana - 2026,12-Mar 9am,3798.3425
3849,4,Telangana - 2026,12-Mar 9am,3798.3425
3850,1,Telangana - 2026,12-Mar 10am,3690.85
3850,2,Telangana - 2026,12-Mar 10am,3690.85
3850,3,Telangana - 2026,12-Mar 10am,3690.85
3850,4,Telangana - 2026,12-Mar 10am,3690.85
3851,1,Telangana - 2026,12-Mar 11am,3644.4175
3851,2,Telangana - 2026,12-Mar 11am,3644.4175
3851,3,Telangana - 2026,12-Mar 11am,3644.4175
3851,4,Telangana - 2026,12-Mar 11am,3644.4175
3852,1,Telangana - 2026,12-Mar 12pm,3591.8825
3852,2,Telangana - 2026,12-Mar 12pm,3591.8825
3852,3,Telangana - 2026,12-Mar 12pm,3591.8825
3852,4,Telangana - 2026,12-Mar 12pm,3591.8825
3853,1,Telangana - 2026,12-Mar 1pm,3463.825
3853,2,Telangana - 2026,12-Mar 1pm,3463.825
3853,3,Telangana - 2026,12-Mar 1pm,3463.825
3853,4,Telangana - 2026,12-Mar 1pm,3463.825
3854,1,Telangana - 2026,12-Mar 2pm,3384.44
3854,2,Telangana - 2026,12-Mar 2pm,3384.44
3854,3,Telangana - 2026,12-Mar 2pm,3384.44
3854,4,Telangana - 2026,12-Mar 2pm,3384.44
3855,1,Telangana - 2026,12-Mar 3pm,3362.515
3855,2,Telangana - 2026,12-Mar 3pm,3362.515
3855,3,Telangana - 2026,12-Mar 3pm,3362.515
3855,4,Telangana - 2026,12-Mar 3pm,3362.515
3856,1,Telangana - 2026,12-Mar 4pm,3341.2475
3856,2,Telangana - 2026,12-Mar 4pm,3341.2475
3856,3,Telangana - 2026,12-Mar 4pm,3341.2475
3856,4,Telangana - 2026,12-Mar 4pm,3341.2475
3857,1,Telangana - 2026,12-Mar 5pm,2569.475
3857,2,Telangana - 2026,12-Mar 5pm,2569.475
3857,3,Telangana - 2026,12-Mar 5pm,2569.475
3857,4,Telangana - 2026,12-Mar 5pm,2569.475
3858,1,Telangana - 2026,12-Mar 6pm,2076.95
3858,2,Telangana - 2026,12-Mar 6pm,2076.95
3858,3,Telangana - 2026,12-Mar 6pm,2076.95
3858,4,Telangana - 2026,12-Mar 6pm,2076.95
3859,1,Telangana - 2026,12-Mar 7pm,2052.1075
3859,2,Telangana - 2026,12-Mar 7pm,2052.1075
3859,3,Telangana - 2026,12-Mar 7pm,2052.1075
3859,4,Telangana - 2026,12-Mar 7pm,2052.1075
3860,1,Telangana - 2026,12-Mar 8pm,1921.1875
3860,2,Telangana - 2026,12-Mar 8pm,1921.1875
3860,3,Telangana - 2026,12-Mar 8pm,1921.1875
3860,4,Telangana - 2026,12-Mar 8pm,1921.1875
3861,1,Telangana - 2026,12-Mar 9pm,1811.63
3861,2,Telangana - 2026,12-Mar 9pm,1811.63
3861,3,Telangana - 2026,12-Mar 9pm,1811.63
3861,4,Telangana - 2026,12-Mar 9pm,1811.63
3862,1,Telangana - 2026,12-Mar 10pm,1843.4875
3862,2,Telangana - 2026,12-Mar 10pm,1843.4875
3862,3,Telangana - 2026,12-Mar 10pm,1843.4875
3862,4,Telangana - 2026,12-Mar 10pm,1843.4875
3863,1,Telangana - 2026,12-Mar 11pm,1730.0725
3863,2,Telangana - 2026,12-Mar 11pm,1730.0725
3863,3,Telangana - 2026,12-Mar 11pm,1730.0725
3863,4,Telangana - 2026,12-Mar 11pm,1730.0725
3864,1,Telangana - 2026,13-Mar 12am,1794.0025
3864,2,Telangana - 2026,13-Mar 12am,1794.0025
3864,3,Telangana - 2026,13-Mar 12am,1794.0025
3864,4,Telangana - 2026,13-Mar 12am,1794.0025
3865,1,Telangana - 2026,13-Mar 1am,2111.9875
3865,2,Telangana - 2026,13-Mar 1am,2111.9875
3865,3,Telangana - 2026,13-Mar 1am,2111.9875
3865,4,Telangana - 2026,13-Mar 1am,2111.9875
3866,1,Telangana - 2026,13-Mar 2am,2153.6075
3866,2,Telangana - 2026,13-Mar 2am,2153.6075
3866,3,Telangana - 2026,13-Mar 2am,2153.6075
3866,4,Telangana - 2026,13-Mar 2am,2153.6075
3867,1,Telangana - 2026,13-Mar 3am,2445.5525
3867,2,Telangana - 2026,13-Mar 3am,2445.5525
3867,3,Telangana - 2026,13-Mar 3am,2445.5525
3867,4,Telangana - 2026,13-Mar 3am,2445.5525
3868,1,Telangana - 2026,13-Mar 4am,2567.63
3868,2,Telangana - 2026,13-Mar 4am,2567.63
3868,3,Telangana - 2026,13-Mar 4am,2567.63
3868,4,Telangana - 2026,13-Mar 4am,2567.63
3869,1,Telangana - 2026,13-Mar 5am,2659.68
3869,2,Telangana - 2026,13-Mar 5am,2659.68
3869,3,Telangana - 2026,13-Mar 5am,2659.68
3869,4,Telangana - 2026,13-Mar 5am,2659.68
3870,1,Telangana - 2026,13-Mar 6am,2771.85
3870,2,Telangana - 2026,13-Mar 6am,2771.85
3870,3,Telangana - 2026,13-Mar 6am,2771.85
3870,4,Telangana - 2026,13-Mar 6am,2771.85
3871,1,Telangana - 2026,13-Mar 7am,3156.92
3871,2,Telangana - 2026,13-Mar 7am,3156.92
3871,3,Telangana - 2026,13-Mar 7am,3156.92
3871,4,Telangana - 2026,13-Mar 7am,3156.92
3872,1,Telangana - 2026,13-Mar 8am,3650.6425
3872,2,Telangana - 2026,13-Mar 8am,3650.6425
3872,3,Telangana - 2026,13-Mar 8am,3650.6425
3872,4,Telangana - 2026,13-Mar 8am,3650.6425
3873,1,Telangana - 2026,13-Mar 9am,3731.35
3873,2,Telangana - 2026,13-Mar 9am,3731.35
3873,3,Telangana - 2026,13-Mar 9am,3731.35
3873,4,Telangana - 2026,13-Mar 9am,3731.35
3874,1,Telangana - 2026,13-Mar 10am,3731.6425
3874,2,Telangana - 2026,13-Mar 10am,3731.6425
3874,3,Telangana - 2026,13-Mar 10am,3731.6425
3874,4,Telangana - 2026,13-Mar 10am,3731.6425
3875,1,Telangana - 2026,13-Mar 11am,3694.245
3875,2,Telangana - 2026,13-Mar 11am,3694.245
3875,3,Telangana - 2026,13-Mar 11am,3694.245
3875,4,Telangana - 2026,13-Mar 11am,3694.245
3876,1,Telangana - 2026,13-Mar 12pm,3550.4125
3876,2,Telangana - 2026,13-Mar 12pm,3550.4125
3876,3,Telangana - 2026,13-Mar 12pm,3550.4125
3876,4,Telangana - 2026,13-Mar 12pm,3550.4125
3877,1,Telangana - 2026,13-Mar 1pm,3494.1375
3877,2,Telangana - 2026,13-Mar 1pm,3494.1375
3877,3,Telangana - 2026,13-Mar 1pm,3494.1375
3877,4,Telangana - 2026,13-Mar 1pm,3494.1375
3878,1,Telangana - 2026,13-Mar 2pm,3402.9075
3878,2,Telangana - 2026,13-Mar 2pm,3402.9075
3878,3,Telangana - 2026,13-Mar 2pm,3402.9075
3878,4,Telangana - 2026,13-Mar 2pm,3402.9075
3879,1,Telangana - 2026,13-Mar 3pm,3488.0
3879,2,Telangana - 2026,13-Mar 3pm,3488.0
3879,3,Telangana - 2026,13-Mar 3pm,3488.0
3879,4,Telangana - 2026,13-Mar 3pm,3488.0
3880,1,Telangana - 2026,13-Mar 4pm,3447.25
3880,2,Telangana - 2026,13-Mar 4pm,3447.25
3880,3,Telangana - 2026,13-Mar 4pm,3447.25
3880,4,Telangana - 2026,13-Mar 4pm,3447.25
3881,1,Telangana - 2026,13-Mar 5pm,2647.785
3881,2,Telangana - 2026,13-Mar 5pm,2647.785
3881,3,Telangana - 2026,13-Mar 5pm,2647.785
3881,4,Telangana - 2026,13-Mar 5pm,2647.785
3882,1,Telangana - 2026,13-Mar 6pm,1883.9125
3882,2,Telangana - 2026,13-Mar 6pm,1883.9125
3882,3,Telangana - 2026,13-Mar 6pm,1883.9125
3882,4,Telangana - 2026,13-Mar 6pm,1883.9125
3883,1,Telangana - 2026,13-Mar 7pm,2056.6775
3883,2,Telangana - 2026,13-Mar 7pm,2056.6775
3883,3,Telangana - 2026,13-Mar 7pm,2056.6775
3883,4,Telangana - 2026,13-Mar 7pm,2056.6775
3884,1,Telangana - 2026,13-Mar 8pm,1936.1275
3884,2,Telangana - 2026,13-Mar 8pm,1936.1275
3884,3,Telangana - 2026,13-Mar 8pm,1936.1275
3884,4,Telangana - 2026,13-Mar 8pm,1936.1275
3885,1,Telangana - 2026,13-Mar 9pm,1850.465
3885,2,Telangana - 2026,13-Mar 9pm,1850.465
3885,3,Telangana - 2026,13-Mar 9pm,1850.465
3885,4,Telangana - 2026,13-Mar 9pm,1850.465
3886,1,Telangana - 2026,13-Mar 10pm,1782.83
3886,2,Telangana - 2026,13-Mar 10pm,1782.83
3886,3,Telangana - 2026,13-Mar 10pm,1782.83
3886,4,Telangana - 2026,13-Mar 10pm,1782.83
3887,1,Telangana - 2026,13-Mar 11pm,1820.95
3887,2,Telangana - 2026,13-Mar 11pm,1820.95
3887,3,Telangana - 2026,13-Mar 11pm,1820.95
3887,4,Telangana - 2026,13-Mar 11pm,1820.95
3888,1,Telangana - 2026,14-Mar 12am,1895.09
3888,2,Telangana - 2026,14-Mar 12am,1895.09
3888,3,Telangana - 2026,14-Mar 12am,1895.09
3888,4,Telangana - 2026,14-Mar 12am,1895.09
3889,1,Telangana - 2026,14-Mar 1am,2225.645
3889,2,Telangana - 2026,14-Mar 1am,2225.645
3889,3,Telangana - 2026,14-Mar 1am,2225.645
3889,4,Telangana - 2026,14-Mar 1am,2225.645
3890,1,Telangana - 2026,14-Mar 2am,2289.8475
3890,2,Telangana - 2026,14-Mar 2am,2289.8475
3890,3,Telangana - 2026,14-Mar 2am,2289.8475
3890,4,Telangana - 2026,14-Mar 2am,2289.8475
3891,1,Telangana - 2026,14-Mar 3am,2569.5925
3891,2,Telangana - 2026,14-Mar 3am,2569.5925
3891,3,Telangana - 2026,14-Mar 3am,2569.5925
3891,4,Telangana - 2026,14-Mar 3am,2569.5925
3892,1,Telangana - 2026,14-Mar 4am,2680.15
3892,2,Telangana - 2026,14-Mar 4am,2680.15
3892,3,Telangana - 2026,14-Mar 4am,2680.15
3892,4,Telangana - 2026,14-Mar 4am,2680.15
3893,1,Telangana - 2026,14-Mar 5am,2778.325
3893,2,Telangana - 2026,14-Mar 5am,2778.325
3893,3,Telangana - 2026,14-Mar 5am,2778.325
3893,4,Telangana - 2026,14-Mar 5am,2778.325
3894,1,Telangana - 2026,14-Mar 6am,2820.4375
3894,2,Telangana - 2026,14-Mar 6am,2820.4375
3894,3,Telangana - 2026,14-Mar 6am,2820.4375
3894,4,Telangana - 2026,14-Mar 6am,2820.4375
3895,1,Telangana - 2026,14-Mar 7am,3253.7375
3895,2,Telangana - 2026,14-Mar 7am,3253.7375
3895,3,Telangana - 2026,14-Mar 7am,3253.7375
3895,4,Telangana - 2026,14-Mar 7am,3253.7375
3896,1,Telangana - 2026,14-Mar 8am,3670.57
3896,2,Telangana - 2026,14-Mar 8am,3670.57
3896,3,Telangana - 2026,14-Mar 8am,3670.57
3896,4,Telangana - 2026,14-Mar 8am,3670.57
3897,1,Telangana - 2026,14-Mar 9am,3794.885
3897,2,Telangana - 2026,14-Mar 9am,3794.885
3897,3,Telangana - 2026,14-Mar 9am,3794.885
3897,4,Telangana - 2026,14-Mar 9am,3794.885
3898,1,Telangana - 2026,14-Mar 10am,3741.08
3898,2,Telangana - 2026,14-Mar 10am,3741.08
3898,3,Telangana - 2026,14-Mar 10am,3741.08
3898,4,Telangana - 2026,14-Mar 10am,3741.08
3899,1,Telangana - 2026,14-Mar 11am,3701.13
3899,2,Telangana - 2026,14-Mar 11am,3701.13
3899,3,Telangana - 2026,14-Mar 11am,3701.13
3899,4,Telangana - 2026,14-Mar 11am,3701.13
3900,1,Telangana - 2026,14-Mar 12pm,3621.65
3900,2,Telangana - 2026,14-Mar 12pm,3621.65
3900,3,Telangana - 2026,14-Mar 12pm,3621.65
3900,4,Telangana - 2026,14-Mar 12pm,3621.65
3901,1,Telangana - 2026,14-Mar 1pm,3500.0275
3901,2,Telangana - 2026,14-Mar 1pm,3500.0275
3901,3,Telangana - 2026,14-Mar 1pm,3500.0275
3901,4,Telangana - 2026,14-Mar 1pm,3500.0275
3902,1,Telangana - 2026,14-Mar 2pm,3387.0575
3902,2,Telangana - 2026,14-Mar 2pm,3387.0575
3902,3,Telangana - 2026,14-Mar 2pm,3387.0575
3902,4,Telangana - 2026,14-Mar 2pm,3387.0575
3903,1,Telangana - 2026,14-Mar 3pm,3396.975
3903,2,Telangana - 2026,14-Mar 3pm,3396.975
3903,3,Telangana - 2026,14-Mar 3pm,3396.975
3903,4,Telangana - 2026,14-Mar 3pm,3396.975
3904,1,Telangana - 2026,14-Mar 4pm,3383.02
3904,2,Telangana - 2026,14-Mar 4pm,3383.02
3904,3,Telangana - 2026,14-Mar 4pm,3383.02
3904,4,Telangana - 2026,14-Mar 4pm,3383.02
3905,1,Telangana - 2026,14-Mar 5pm,2602.2075
3905,2,Telangana - 2026,14-Mar 5pm,2602.2075
3905,3,Telangana - 2026,14-Mar 5pm,2602.2075
3905,4,Telangana - 2026,14-Mar 5pm,2602.2075
3906,1,Telangana - 2026,14-Mar 6pm,1963.95
3906,2,Telangana - 2026,14-Mar 6pm,1963.95
3906,3,Telangana - 2026,14-Mar 6pm,1963.95
3906,4,Telangana - 2026,14-Mar 6pm,1963.95
3907,1,Telangana - 2026,14-Mar 7pm,1947.5875
3907,2,Telangana - 2026,14-Mar 7pm,1947.5875
3907,3,Telangana - 2026,14-Mar 7pm,1947.5875
3907,4,Telangana - 2026,14-Mar 7pm,1947.5875
3908,1,Telangana - 2026,14-Mar 8pm,1851.945
3908,2,Telangana - 2026,14-Mar 8pm,1851.945
3908,3,Telangana - 2026,14-Mar 8pm,1851.945
3908,4,Telangana - 2026,14-Mar 8pm,1851.945
3909,1,Telangana - 2026,14-Mar 9pm,1764.1225
3909,2,Telangana - 2026,14-Mar 9pm,1764.1225
3909,3,Telangana - 2026,14-Mar 9pm,1764.1225
3909,4,Telangana - 2026,14-Mar 9pm,1764.1225
3910,1,Telangana - 2026,14-Mar 10pm,1770.4825
3910,2,Telangana - 2026,14-Mar 10pm,1770.4825
3910,3,Telangana - 2026,14-Mar 10pm,1770.4825
3910,4,Telangana - 2026,14-Mar 10pm,1770.4825
3911,1,Telangana - 2026,14-Mar 11pm,1786.35
3911,2,Telangana - 2026,14-Mar 11pm,1786.35
3911,3,Telangana - 2026,14-Mar 11pm,1786.35
3911,4,Telangana - 2026,14-Mar 11pm,1786.35
3912,1,Telangana - 2026,15-Mar 12am,1825.655
3912,2,Telangana - 2026,15-Mar 12am,1825.655
3912,3,Telangana - 2026,15-Mar 12am,1825.655
3912,4,Telangana - 2026,15-Mar 12am,1825.655
3913,1,Telangana - 2026,15-Mar 1am,2143.18
3913,2,Telangana - 2026,15-Mar 1am,2143.18
3913,3,Telangana - 2026,15-Mar 1am,2143.18
3913,4,Telangana - 2026,15-Mar 1am,2143.18
3914,1,Telangana - 2026,15-Mar 2am,2221.75
3914,2,Telangana - 2026,15-Mar 2am,2221.75
3914,3,Telangana - 2026,15-Mar 2am,2221.75
3914,4,Telangana - 2026,15-Mar 2am,2221.75
3915,1,Telangana - 2026,15-Mar 3am,2503.51
3915,2,Telangana - 2026,15-Mar 3am,2503.51
3915,3,Telangana - 2026,15-Mar 3am,2503.51
3915,4,Telangana - 2026,15-Mar 3am,2503.51
3916,1,Telangana - 2026,15-Mar 4am,2595.285
3916,2,Telangana - 2026,15-Mar 4am,2595.285
3916,3,Telangana - 2026,15-Mar 4am,2595.285
3916,4,Telangana - 2026,15-Mar 4am,2595.285
3917,1,Telangana - 2026,15-Mar 5am,2704.5525
3917,2,Telangana - 2026,15-Mar 5am,2704.5525
3917,3,Telangana - 2026,15-Mar 5am,2704.5525
3917,4,Telangana - 2026,15-Mar 5am,2704.5525
3918,1,Telangana - 2026,15-Mar 6am,2722.83
3918,2,Telangana - 2026,15-Mar 6am,2722.83
3918,3,Telangana - 2026,15-Mar 6am,2722.83
3918,4,Telangana - 2026,15-Mar 6am,2722.83
3919,1,Telangana - 2026,15-Mar 7am,3059.46
3919,2,Telangana - 2026,15-Mar 7am,3059.46
3919,3,Telangana - 2026,15-Mar 7am,3059.46
3919,4,Telangana - 2026,15-Mar 7am,3059.46
3920,1,Telangana - 2026,15-Mar 8am,3429.3275
3920,2,Telangana - 2026,15-Mar 8am,3429.3275
3920,3,Telangana - 2026,15-Mar 8am,3429.3275
3920,4,Telangana - 2026,15-Mar 8am,3429.3275
3921,1,Telangana - 2026,15-Mar 9am,3556.5075
3921,2,Telangana - 2026,15-Mar 9am,3556.5075
3921,3,Telangana - 2026,15-Mar 9am,3556.5075
3921,4,Telangana - 2026,15-Mar 9am,3556.5075
3922,1,Telangana - 2026,15-Mar 10am,3527.3925
3922,2,Telangana - 2026,15-Mar 10am,3527.3925
3922,3,Telangana - 2026,15-Mar 10am,3527.3925
3922,4,Telangana - 2026,15-Mar 10am,3527.3925
3923,1,Telangana - 2026,15-Mar 11am,3469.0825
3923,2,Telangana - 2026,15-Mar 11am,3469.0825
3923,3,Telangana - 2026,15-Mar 11am,3469.0825
3923,4,Telangana - 2026,15-Mar 11am,3469.0825
3924,1,Telangana - 2026,15-Mar 12pm,3537.24
3924,2,Telangana - 2026,15-Mar 12pm,3537.24
3924,3,Telangana - 2026,15-Mar 12pm,3537.24
3924,4,Telangana - 2026,15-Mar 12pm,3537.24
3925,1,Telangana - 2026,15-Mar 1pm,3439.1025
3925,2,Telangana - 2026,15-Mar 1pm,3439.1025
3925,3,Telangana - 2026,15-Mar 1pm,3439.1025
3925,4,Telangana - 2026,15-Mar 1pm,3439.1025
3926,1,Telangana - 2026,15-Mar 2pm,3355.8725
3926,2,Telangana - 2026,15-Mar 2pm,3355.8725
3926,3,Telangana - 2026,15-Mar 2pm,3355.8725
3926,4,Telangana - 2026,15-Mar 2pm,3355.8725
3927,1,Telangana - 2026,15-Mar 3pm,3341.1025
3927,2,Telangana - 2026,15-Mar 3pm,3341.1025
3927,3,Telangana - 2026,15-Mar 3pm,3341.1025
3927,4,Telangana - 2026,15-Mar 3pm,3341.1025
3928,1,Telangana - 2026,15-Mar 4pm,3316.92
3928,2,Telangana - 2026,15-Mar 4pm,3316.92
3928,3,Telangana - 2026,15-Mar 4pm,3316.92
3928,4,Telangana - 2026,15-Mar 4pm,3316.92
3929,1,Telangana - 2026,15-Mar 5pm,2461.7625
3929,2,Telangana - 2026,15-Mar 5pm,2461.7625
3929,3,Telangana - 2026,15-Mar 5pm,2461.7625
3929,4,Telangana - 2026,15-Mar 5pm,2461.7625
3930,1,Telangana - 2026,15-Mar 6pm,1784.9825
3930,2,Telangana - 2026,15-Mar 6pm,1784.9825
3930,3,Telangana - 2026,15-Mar 6pm,1784.9825
3930,4,Telangana - 2026,15-Mar 6pm,1784.9825
3931,1,Telangana - 2026,15-Mar 7pm,1799.8825
3931,2,Telangana - 2026,15-Mar 7pm,1799.8825
3931,3,Telangana - 2026,15-Mar 7pm,1799.8825
3931,4,Telangana - 2026,15-Mar 7pm,1799.8825
3932,1,Telangana - 2026,15-Mar 8pm,1719.975
3932,2,Telangana - 2026,15-Mar 8pm,1719.975
3932,3,Telangana - 2026,15-Mar 8pm,1719.975
3932,4,Telangana - 2026,15-Mar 8pm,1719.975
3933,1,Telangana - 2026,15-Mar 9pm,1695.1575
3933,2,Telangana - 2026,15-Mar 9pm,1695.1575
3933,3,Telangana - 2026,15-Mar 9pm,1695.1575
3933,4,Telangana - 2026,15-Mar 9pm,1695.1575
3934,1,Telangana - 2026,15-Mar 10pm,1739.87
3934,2,Telangana - 2026,15-Mar 10pm,1739.87
3934,3,Telangana - 2026,15-Mar 10pm,1739.87
3934,4,Telangana - 2026,15-Mar 10pm,1739.87
3935,1,Telangana - 2026,15-Mar 11pm,1733.155
3935,2,Telangana - 2026,15-Mar 11pm,1733.155
3935,3,Telangana - 2026,15-Mar 11pm,1733.155
3935,4,Telangana - 2026,15-Mar 11pm,1733.155
3936,1,Telangana - 2026,16-Mar 12am,1786.5075
3936,2,Telangana - 2026,16-Mar 12am,1786.5075
3936,3,Telangana - 2026,16-Mar 12am,1786.5075
3936,4,Telangana - 2026,16-Mar 12am,1786.5075
3937,1,Telangana - 2026,16-Mar 1am,2116.7475
3937,2,Telangana - 2026,16-Mar 1am,2116.7475
3937,3,Telangana - 2026,16-Mar 1am,2116.7475
3937,4,Telangana - 2026,16-Mar 1am,2116.7475
3938,1,Telangana - 2026,16-Mar 2am,2170.6
3938,2,Telangana - 2026,16-Mar 2am,2170.6
3938,3,Telangana - 2026,16-Mar 2am,2170.6
3938,4,Telangana - 2026,16-Mar 2am,2170.6
3939,1,Telangana - 2026,16-Mar 3am,2461.795
3939,2,Telangana - 2026,16-Mar 3am,2461.795
3939,3,Telangana - 2026,16-Mar 3am,2461.795
3939,4,Telangana - 2026,16-Mar 3am,2461.795
3940,1,Telangana - 2026,16-Mar 4am,2580.4675
3940,2,Telangana - 2026,16-Mar 4am,2580.4675
3940,3,Telangana - 2026,16-Mar 4am,2580.4675
3940,4,Telangana - 2026,16-Mar 4am,2580.4675
3941,1,Telangana - 2026,16-Mar 5am,2660.1125
3941,2,Telangana - 2026,16-Mar 5am,2660.1125
3941,3,Telangana - 2026,16-Mar 5am,2660.1125
3941,4,Telangana - 2026,16-Mar 5am,2660.1125
3942,1,Telangana - 2026,16-Mar 6am,2643.235
3942,2,Telangana - 2026,16-Mar 6am,2643.235
3942,3,Telangana - 2026,16-Mar 6am,2643.235
3942,4,Telangana - 2026,16-Mar 6am,2643.235
3943,1,Telangana - 2026,16-Mar 7am,3052.405
3943,2,Telangana - 2026,16-Mar 7am,3052.405
3943,3,Telangana - 2026,16-Mar 7am,3052.405
3943,4,Telangana - 2026,16-Mar 7am,3052.405
3944,1,Telangana - 2026,16-Mar 8am,3396.755
3944,2,Telangana - 2026,16-Mar 8am,3396.755
3944,3,Telangana - 2026,16-Mar 8am,3396.755
3944,4,Telangana - 2026,16-Mar 8am,3396.755
3945,1,Telangana - 2026,16-Mar 9am,3628.1275
3945,2,Telangana - 2026,16-Mar 9am,3628.1275
3945,3,Telangana - 2026,16-Mar 9am,3628.1275
3945,4,Telangana - 2026,16-Mar 9am,3628.1275
3946,1,Telangana - 2026,16-Mar 10am,3612.44
3946,2,Telangana - 2026,16-Mar 10am,3612.44
3946,3,Telangana - 2026,16-Mar 10am,3612.44
3946,4,Telangana - 2026,16-Mar 10am,3612.44
3947,1,Telangana - 2026,16-Mar 11am,3643.28
3947,2,Telangana - 2026,16-Mar 11am,3643.28
3947,3,Telangana - 2026,16-Mar 11am,3643.28
3947,4,Telangana - 2026,16-Mar 11am,3643.28
3948,1,Telangana - 2026,16-Mar 12pm,3620.965
3948,2,Telangana - 2026,16-Mar 12pm,3620.965
3948,3,Telangana - 2026,16-Mar 12pm,3620.965
3948,4,Telangana - 2026,16-Mar 12pm,3620.965
3949,1,Telangana - 2026,16-Mar 1pm,3561.53
3949,2,Telangana - 2026,16-Mar 1pm,3561.53
3949,3,Telangana - 2026,16-Mar 1pm,3561.53
3949,4,Telangana - 2026,16-Mar 1pm,3561.53
3950,1,Telangana - 2026,16-Mar 2pm,3424.8225
3950,2,Telangana - 2026,16-Mar 2pm,3424.8225
3950,3,Telangana - 2026,16-Mar 2pm,3424.8225
3950,4,Telangana - 2026,16-Mar 2pm,3424.8225
3951,1,Telangana - 2026,16-Mar 3pm,3429.1025
3951,2,Telangana - 2026,16-Mar 3pm,3429.1025
3951,3,Telangana - 2026,16-Mar 3pm,3429.1025
3951,4,Telangana - 2026,16-Mar 3pm,3429.1025
3952,1,Telangana - 2026,16-Mar 4pm,3434.395
3952,2,Telangana - 2026,16-Mar 4pm,3434.395
3952,3,Telangana - 2026,16-Mar 4pm,3434.395
3952,4,Telangana - 2026,16-Mar 4pm,3434.395
3953,1,Telangana - 2026,16-Mar 5pm,2646.09
3953,2,Telangana - 2026,16-Mar 5pm,2646.09
3953,3,Telangana - 2026,16-Mar 5pm,2646.09
3953,4,Telangana - 2026,16-Mar 5pm,2646.09
3954,1,Telangana - 2026,16-Mar 6pm,1982.9
3954,2,Telangana - 2026,16-Mar 6pm,1982.9
3954,3,Telangana - 2026,16-Mar 6pm,1982.9
3954,4,Telangana - 2026,16-Mar 6pm,1982.9
3955,1,Telangana - 2026,16-Mar 7pm,2011.6275
3955,2,Telangana - 2026,16-Mar 7pm,2011.6275
3955,3,Telangana - 2026,16-Mar 7pm,2011.6275
3955,4,Telangana - 2026,16-Mar 7pm,2011.6275
3956,1,Telangana - 2026,16-Mar 8pm,1907.6125
3956,2,Telangana - 2026,16-Mar 8pm,1907.6125
3956,3,Telangana - 2026,16-Mar 8pm,1907.6125
3956,4,Telangana - 2026,16-Mar 8pm,1907.6125
3957,1,Telangana - 2026,16-Mar 9pm,1841.1525
3957,2,Telangana - 2026,16-Mar 9pm,1841.1525
3957,3,Telangana - 2026,16-Mar 9pm,1841.1525
3957,4,Telangana - 2026,16-Mar 9pm,1841.1525
3958,1,Telangana - 2026,16-Mar 10pm,1886.2175
3958,2,Telangana - 2026,16-Mar 10pm,1886.2175
3958,3,Telangana - 2026,16-Mar 10pm,1886.2175
3958,4,Telangana - 2026,16-Mar 10pm,1886.2175
3959,1,Telangana - 2026,16-Mar 11pm,1831.74
3959,2,Telangana - 2026,16-Mar 11pm,1831.74
3959,3,Telangana - 2026,16-Mar 11pm,1831.74
3959,4,Telangana - 2026,16-Mar 11pm,1831.74
3960,1,Telangana - 2026,17-Mar 12am,1889.965
3960,2,Telangana - 2026,17-Mar 12am,1889.965
3960,3,Telangana - 2026,17-Mar 12am,1889.965
3960,4,Telangana - 2026,17-Mar 12am,1889.965
3961,1,Telangana - 2026,17-Mar 1am,2189.82
3961,2,Telangana - 2026,17-Mar 1am,2189.82
3961,3,Telangana - 2026,17-Mar 1am,2189.82
3961,4,Telangana - 2026,17-Mar 1am,2189.82
3962,1,Telangana - 2026,17-Mar 2am,2263.945
3962,2,Telangana - 2026,17-Mar 2am,2263.945
3962,3,Telangana - 2026,17-Mar 2am,2263.945
3962,4,Telangana - 2026,17-Mar 2am,2263.945
3963,1,Telangana - 2026,17-Mar 3am,2567.95
3963,2,Telangana - 2026,17-Mar 3am,2567.95
3963,3,Telangana - 2026,17-Mar 3am,2567.95
3963,4,Telangana - 2026,17-Mar 3am,2567.95
3964,1,Telangana - 2026,17-Mar 4am,2690.4075
3964,2,Telangana - 2026,17-Mar 4am,2690.4075
3964,3,Telangana - 2026,17-Mar 4am,2690.4075
3964,4,Telangana - 2026,17-Mar 4am,2690.4075
3965,1,Telangana - 2026,17-Mar 5am,2746.3775
3965,2,Telangana - 2026,17-Mar 5am,2746.3775
3965,3,Telangana - 2026,17-Mar 5am,2746.3775
3965,4,Telangana - 2026,17-Mar 5am,2746.3775
3966,1,Telangana - 2026,17-Mar 6am,2955.765
3966,2,Telangana - 2026,17-Mar 6am,2955.765
3966,3,Telangana - 2026,17-Mar 6am,2955.765
3966,4,Telangana - 2026,17-Mar 6am,2955.765
3967,1,Telangana - 2026,17-Mar 7am,3213.3625
3967,2,Telangana - 2026,17-Mar 7am,3213.3625
3967,3,Telangana - 2026,17-Mar 7am,3213.3625
3967,4,Telangana - 2026,17-Mar 7am,3213.3625
3968,1,Telangana - 2026,17-Mar 8am,3596.8375
3968,2,Telangana - 2026,17-Mar 8am,3596.8375
3968,3,Telangana - 2026,17-Mar 8am,3596.8375
3968,4,Telangana - 2026,17-Mar 8am,3596.8375
3969,1,Telangana - 2026,17-Mar 9am,3650.4175
3969,2,Telangana - 2026,17-Mar 9am,3650.4175
3969,3,Telangana - 2026,17-Mar 9am,3650.4175
3969,4,Telangana - 2026,17-Mar 9am,3650.4175
3970,1,Telangana - 2026,17-Mar 10am,3583.0425
3970,2,Telangana - 2026,17-Mar 10am,3583.0425
3970,3,Telangana - 2026,17-Mar 10am,3583.0425
3970,4,Telangana - 2026,17-Mar 10am,3583.0425
3971,1,Telangana - 2026,17-Mar 11am,3553.9025
3971,2,Telangana - 2026,17-Mar 11am,3553.9025
3971,3,Telangana - 2026,17-Mar 11am,3553.9025
3971,4,Telangana - 2026,17-Mar 11am,3553.9025
3972,1,Telangana - 2026,17-Mar 12pm,3538.635
3972,2,Telangana - 2026,17-Mar 12pm,3538.635
3972,3,Telangana - 2026,17-Mar 12pm,3538.635
3972,4,Telangana - 2026,17-Mar 12pm,3538.635
3973,1,Telangana - 2026,17-Mar 1pm,3435.52
3973,2,Telangana - 2026,17-Mar 1pm,3435.52
3973,3,Telangana - 2026,17-Mar 1pm,3435.52
3973,4,Telangana - 2026,17-Mar 1pm,3435.52
3974,1,Telangana - 2026,17-Mar 2pm,3374.485
3974,2,Telangana - 2026,17-Mar 2pm,3374.485
3974,3,Telangana - 2026,17-Mar 2pm,3374.485
3974,4,Telangana - 2026,17-Mar 2pm,3374.485
3975,1,Telangana - 2026,17-Mar 3pm,3381.0075
3975,2,Telangana - 2026,17-Mar 3pm,3381.0075
3975,3,Telangana - 2026,17-Mar 3pm,3381.0075
3975,4,Telangana - 2026,17-Mar 3pm,3381.0075
3976,1,Telangana - 2026,17-Mar 4pm,3345.285
3976,2,Telangana - 2026,17-Mar 4pm,3345.285
3976,3,Telangana - 2026,17-Mar 4pm,3345.285
3976,4,Telangana - 2026,17-Mar 4pm,3345.285
3977,1,Telangana - 2026,17-Mar 5pm,2651.89
3977,2,Telangana - 2026,17-Mar 5pm,2651.89
3977,3,Telangana - 2026,17-Mar 5pm,2651.89
3977,4,Telangana - 2026,17-Mar 5pm,2651.89
3978,1,Telangana - 2026,17-Mar 6pm,2056.1475
3978,2,Telangana - 2026,17-Mar 6pm,2056.1475
3978,3,Telangana - 2026,17-Mar 6pm,2056.1475
3978,4,Telangana - 2026,17-Mar 6pm,2056.1475
3979,1,Telangana - 2026,17-Mar 7pm,2057.1725
3979,2,Telangana - 2026,17-Mar 7pm,2057.1725
3979,3,Telangana - 2026,17-Mar 7pm,2057.1725
3979,4,Telangana - 2026,17-Mar 7pm,2057.1725
3980,1,Telangana - 2026,17-Mar 8pm,1960.7825
3980,2,Telangana - 2026,17-Mar 8pm,1960.7825
3980,3,Telangana - 2026,17-Mar 8pm,1960.7825
3980,4,Telangana - 2026,17-Mar 8pm,1960.7825
3981,1,Telangana - 2026,17-Mar 9pm,1825.4525
3981,2,Telangana - 2026,17-Mar 9pm,1825.4525
3981,3,Telangana - 2026,17-Mar 9pm,1825.4525
3981,4,Telangana - 2026,17-Mar 9pm,1825.4525
3982,1,Telangana - 2026,17-Mar 10pm,1788.85
3982,2,Telangana - 2026,17-Mar 10pm,1788.85
3982,3,Telangana - 2026,17-Mar 10pm,1788.85
3982,4,Telangana - 2026,17-Mar 10pm,1788.85
3983,1,Telangana - 2026,17-Mar 11pm,1806.14
3983,2,Telangana - 2026,17-Mar 11pm,1806.14
3983,3,Telangana - 2026,17-Mar 11pm,1806.14
3983,4,Telangana - 2026,17-Mar 11pm,1806.14
3984,1,Telangana - 2026,18-Mar 12am,1915.175
3984,2,Telangana - 2026,18-Mar 12am,1915.175
3984,3,Telangana - 2026,18-Mar 12am,1915.175
3984,4,Telangana - 2026,18-Mar 12am,1915.175
3985,1,Telangana - 2026,18-Mar 1am,2251.5775
3985,2,Telangana - 2026,18-Mar 1am,2251.5775
3985,3,Telangana - 2026,18-Mar 1am,2251.5775
3985,4,Telangana - 2026,18-Mar 1am,2251.5775
3986,1,Telangana - 2026,18-Mar 2am,2330.4725
3986,2,Telangana - 2026,18-Mar 2am,2330.4725
3986,3,Telangana - 2026,18-Mar 2am,2330.4725
3986,4,Telangana - 2026,18-Mar 2am,2330.4725
3987,1,Telangana - 2026,18-Mar 3am,2638.25
3987,2,Telangana - 2026,18-Mar 3am,2638.25
3987,3,Telangana - 2026,18-Mar 3am,2638.25
3987,4,Telangana - 2026,18-Mar 3am,2638.25
3988,1,Telangana - 2026,18-Mar 4am,2706.27
3988,2,Telangana - 2026,18-Mar 4am,2706.27
3988,3,Telangana - 2026,18-Mar 4am,2706.27
3988,4,Telangana - 2026,18-Mar 4am,2706.27
3989,1,Telangana - 2026,18-Mar 5am,2793.7475
3989,2,Telangana - 2026,18-Mar 5am,2793.7475
3989,3,Telangana - 2026,18-Mar 5am,2793.7475
3989,4,Telangana - 2026,18-Mar 5am,2793.7475
3990,1,Telangana - 2026,18-Mar 6am,2782.1775
3990,2,Telangana - 2026,18-Mar 6am,2782.1775
3990,3,Telangana - 2026,18-Mar 6am,2782.1775
3990,4,Telangana - 2026,18-Mar 6am,2782.1775
3991,1,Telangana - 2026,18-Mar 7am,3171.37
3991,2,Telangana - 2026,18-Mar 7am,3171.37
3991,3,Telangana - 2026,18-Mar 7am,3171.37
3991,4,Telangana - 2026,18-Mar 7am,3171.37
3992,1,Telangana - 2026,18-Mar 8am,3552.61
3992,2,Telangana - 2026,18-Mar 8am,3552.61
3992,3,Telangana - 2026,18-Mar 8am,3552.61
3992,4,Telangana - 2026,18-Mar 8am,3552.61
3993,1,Telangana - 2026,18-Mar 9am,3601.135
3993,2,Telangana - 2026,18-Mar 9am,3601.135
3993,3,Telangana - 2026,18-Mar 9am,3601.135
3993,4,Telangana - 2026,18-Mar 9am,3601.135
3994,1,Telangana - 2026,18-Mar 10am,3674.5325
3994,2,Telangana - 2026,18-Mar 10am,3674.5325
3994,3,Telangana - 2026,18-Mar 10am,3674.5325
3994,4,Telangana - 2026,18-Mar 10am,3674.5325
3995,1,Telangana - 2026,18-Mar 11am,3675.3075
3995,2,Telangana - 2026,18-Mar 11am,3675.3075
3995,3,Telangana - 2026,18-Mar 11am,3675.3075
3995,4,Telangana - 2026,18-Mar 11am,3675.3075
3996,1,Telangana - 2026,18-Mar 12pm,3578.2875
3996,2,Telangana - 2026,18-Mar 12pm,3578.2875
3996,3,Telangana - 2026,18-Mar 12pm,3578.2875
3996,4,Telangana - 2026,18-Mar 12pm,3578.2875
3997,1,Telangana - 2026,18-Mar 1pm,3507.7075
3997,2,Telangana - 2026,18-Mar 1pm,3507.7075
3997,3,Telangana - 2026,18-Mar 1pm,3507.7075
3997,4,Telangana - 2026,18-Mar 1pm,3507.7075
3998,1,Telangana - 2026,18-Mar 2pm,3448.5025
3998,2,Telangana - 2026,18-Mar 2pm,3448.5025
3998,3,Telangana - 2026,18-Mar 2pm,3448.5025
3998,4,Telangana - 2026,18-Mar 2pm,3448.5025
3999,1,Telangana - 2026,18-Mar 3pm,3431.5375
3999,2,Telangana - 2026,18-Mar 3pm,3431.5375
3999,3,Telangana - 2026,18-Mar 3pm,3431.5375
3999,4,Telangana - 2026,18-Mar 3pm,3431.5375
4000,1,Telangana - 2026,18-Mar 4pm,3371.935
4000,2,Telangana - 2026,18-Mar 4pm,3371.935
4000,3,Telangana - 2026,18-Mar 4pm,3371.935
4000,4,Telangana - 2026,18-Mar 4pm,3371.935
4001,1,Telangana - 2026,18-Mar 5pm,2570.84
4001,2,Telangana - 2026,18-Mar 5pm,2570.84
4001,3,Telangana - 2026,18-Mar 5pm,2570.84
4001,4,Telangana - 2026,18-Mar 5pm,2570.84
4002,1,Telangana - 2026,18-Mar 6pm,1910.1725
4002,2,Telangana - 2026,18-Mar 6pm,1910.1725
4002,3,Telangana - 2026,18-Mar 6pm,1910.1725
4002,4,Telangana - 2026,18-Mar 6pm,1910.1725
4003,1,Telangana - 2026,18-Mar 7pm,1963.5525
4003,2,Telangana - 2026,18-Mar 7pm,1963.5525
4003,3,Telangana - 2026,18-Mar 7pm,1963.5525
4003,4,Telangana - 2026,18-Mar 7pm,1963.5525
4004,1,Telangana - 2026,18-Mar 8pm,1831.52
4004,2,Telangana - 2026,18-Mar 8pm,1831.52
4004,3,Telangana - 2026,18-Mar 8pm,1831.52
4004,4,Telangana - 2026,18-Mar 8pm,1831.52
4005,1,Telangana - 2026,18-Mar 9pm,1776.595
4005,2,Telangana - 2026,18-Mar 9pm,1776.595
4005,3,Telangana - 2026,18-Mar 9pm,1776.595
4005,4,Telangana - 2026,18-Mar 9pm,1776.595
4006,1,Telangana - 2026,18-Mar 10pm,1777.71
4006,2,Telangana - 2026,18-Mar 10pm,1777.71
4006,3,Telangana - 2026,18-Mar 10pm,1777.71
4006,4,Telangana - 2026,18-Mar 10pm,1777.71
4007,1,Telangana - 2026,18-Mar 11pm,1730.69
4007,2,Telangana - 2026,18-Mar 11pm,1730.69
4007,3,Telangana - 2026,18-Mar 11pm,1730.69
4007,4,Telangana - 2026,18-Mar 11pm,1730.69
4008,1,Telangana - 2026,19-Mar 12am,1804.67
4008,2,Telangana - 2026,19-Mar 12am,1804.67
4008,3,Telangana - 2026,19-Mar 12am,1804.67
4008,4,Telangana - 2026,19-Mar 12am,1804.67
4009,1,Telangana - 2026,19-Mar 1am,2128.555
4009,2,Telangana - 2026,19-Mar 1am,2128.555
4009,3,Telangana - 2026,19-Mar 1am,2128.555
4009,4,Telangana - 2026,19-Mar 1am,2128.555
4010,1,Telangana - 2026,19-Mar 2am,2222.1975
4010,2,Telangana - 2026,19-Mar 2am,2222.1975
4010,3,Telangana - 2026,19-Mar 2am,2222.1975
4010,4,Telangana - 2026,19-Mar 2am,2222.1975
4011,1,Telangana - 2026,19-Mar 3am,2496.57
4011,2,Telangana - 2026,19-Mar 3am,2496.57
4011,3,Telangana - 2026,19-Mar 3am,2496.57
4011,4,Telangana - 2026,19-Mar 3am,2496.57
4012,1,Telangana - 2026,19-Mar 4am,2641.2875
4012,2,Telangana - 2026,19-Mar 4am,2641.2875
4012,3,Telangana - 2026,19-Mar 4am,2641.2875
4012,4,Telangana - 2026,19-Mar 4am,2641.2875
4013,1,Telangana - 2026,19-Mar 5am,2733.7225
4013,2,Telangana - 2026,19-Mar 5am,2733.7225
4013,3,Telangana - 2026,19-Mar 5am,2733.7225
4013,4,Telangana - 2026,19-Mar 5am,2733.7225
4014,1,Telangana - 2026,19-Mar 6am,2856.17
4014,2,Telangana - 2026,19-Mar 6am,2856.17
4014,3,Telangana - 2026,19-Mar 6am,2856.17
4014,4,Telangana - 2026,19-Mar 6am,2856.17
4015,1,Telangana - 2026,19-Mar 7am,3473.5325
4015,2,Telangana - 2026,19-Mar 7am,3473.5325
4015,3,Telangana - 2026,19-Mar 7am,3473.5325
4015,4,Telangana - 2026,19-Mar 7am,3473.5325
4016,1,Telangana - 2026,19-Mar 8am,3833.14
4016,2,Telangana - 2026,19-Mar 8am,3833.14
4016,3,Telangana - 2026,19-Mar 8am,3833.14
4016,4,Telangana - 2026,19-Mar 8am,3833.14
4017,1,Telangana - 2026,19-Mar 9am,3743.26
4017,2,Telangana - 2026,19-Mar 9am,3743.26
4017,3,Telangana - 2026,19-Mar 9am,3743.26
4017,4,Telangana - 2026,19-Mar 9am,3743.26
4018,1,Telangana - 2026,19-Mar 10am,3641.39
4018,2,Telangana - 2026,19-Mar 10am,3641.39
4018,3,Telangana - 2026,19-Mar 10am,3641.39
4018,4,Telangana - 2026,19-Mar 10am,3641.39
4019,1,Telangana - 2026,19-Mar 11am,3623.955
4019,2,Telangana - 2026,19-Mar 11am,3623.955
4019,3,Telangana - 2026,19-Mar 11am,3623.955
4019,4,Telangana - 2026,19-Mar 11am,3623.955
4020,1,Telangana - 2026,19-Mar 12pm,3603.1775
4020,2,Telangana - 2026,19-Mar 12pm,3603.1775
4020,3,Telangana - 2026,19-Mar 12pm,3603.1775
4020,4,Telangana - 2026,19-Mar 12pm,3603.1775
4021,1,Telangana - 2026,19-Mar 1pm,3503.5675
4021,2,Telangana - 2026,19-Mar 1pm,3503.5675
4021,3,Telangana - 2026,19-Mar 1pm,3503.5675
4021,4,Telangana - 2026,19-Mar 1pm,3503.5675
4022,1,Telangana - 2026,19-Mar 2pm,3449.1775
4022,2,Telangana - 2026,19-Mar 2pm,3449.1775
4022,3,Telangana - 2026,19-Mar 2pm,3449.1775
4022,4,Telangana - 2026,19-Mar 2pm,3449.1775
4023,1,Telangana - 2026,19-Mar 3pm,3451.8225
4023,2,Telangana - 2026,19-Mar 3pm,3451.8225
4023,3,Telangana - 2026,19-Mar 3pm,3451.8225
4023,4,Telangana - 2026,19-Mar 3pm,3451.8225
4024,1,Telangana - 2026,19-Mar 4pm,3402.0125
4024,2,Telangana - 2026,19-Mar 4pm,3402.0125
4024,3,Telangana - 2026,19-Mar 4pm,3402.0125
4024,4,Telangana - 2026,19-Mar 4pm,3402.0125
4025,1,Telangana - 2026,19-Mar 5pm,2669.61
4025,2,Telangana - 2026,19-Mar 5pm,2669.61
4025,3,Telangana - 2026,19-Mar 5pm,2669.61
4025,4,Telangana - 2026,19-Mar 5pm,2669.61
4026,1,Telangana - 2026,19-Mar 6pm,2210.92
4026,2,Telangana - 2026,19-Mar 6pm,2210.92
4026,3,Telangana - 2026,19-Mar 6pm,2210.92
4026,4,Telangana - 2026,19-Mar 6pm,2210.92
4027,1,Telangana - 2026,19-Mar 7pm,2196.3625
4027,2,Telangana - 2026,19-Mar 7pm,2196.3625
4027,3,Telangana - 2026,19-Mar 7pm,2196.3625
4027,4,Telangana - 2026,19-Mar 7pm,2196.3625
4028,1,Telangana - 2026,19-Mar 8pm,2062.4475
4028,2,Telangana - 2026,19-Mar 8pm,2062.4475
4028,3,Telangana - 2026,19-Mar 8pm,2062.4475
4028,4,Telangana - 2026,19-Mar 8pm,2062.4475
4029,1,Telangana - 2026,19-Mar 9pm,1962.7225
4029,2,Telangana - 2026,19-Mar 9pm,1962.7225
4029,3,Telangana - 2026,19-Mar 9pm,1962.7225
4029,4,Telangana - 2026,19-Mar 9pm,1962.7225
4030,1,Telangana - 2026,19-Mar 10pm,2004.2225
4030,2,Telangana - 2026,19-Mar 10pm,2004.2225
4030,3,Telangana - 2026,19-Mar 10pm,2004.2225
4030,4,Telangana - 2026,19-Mar 10pm,2004.2225
4031,1,Telangana - 2026,19-Mar 11pm,1907.0125
4031,2,Telangana - 2026,19-Mar 11pm,1907.0125
4031,3,Telangana - 2026,19-Mar 11pm,1907.0125
4031,4,Telangana - 2026,19-Mar 11pm,1907.0125
4032,1,Telangana - 2026,20-Mar 12am,1950.1375
4032,2,Telangana - 2026,20-Mar 12am,1950.1375
4032,3,Telangana - 2026,20-Mar 12am,1950.1375
4032,4,Telangana - 2026,20-Mar 12am,1950.1375
4033,1,Telangana - 2026,20-Mar 1am,2270.7375
4033,2,Telangana - 2026,20-Mar 1am,2270.7375
4033,3,Telangana - 2026,20-Mar 1am,2270.7375
4033,4,Telangana - 2026,20-Mar 1am,2270.7375
4034,1,Telangana - 2026,20-Mar 2am,2362.6075
4034,2,Telangana - 2026,20-Mar 2am,2362.6075
4034,3,Telangana - 2026,20-Mar 2am,2362.6075
4034,4,Telangana - 2026,20-Mar 2am,2362.6075
4035,1,Telangana - 2026,20-Mar 3am,2680.62
4035,2,Telangana - 2026,20-Mar 3am,2680.62
4035,3,Telangana - 2026,20-Mar 3am,2680.62
4035,4,Telangana - 2026,20-Mar 3am,2680.62
4036,1,Telangana - 2026,20-Mar 4am,2800.9275
4036,2,Telangana - 2026,20-Mar 4am,2800.9275
4036,3,Telangana - 2026,20-Mar 4am,2800.9275
4036,4,Telangana - 2026,20-Mar 4am,2800.9275
4037,1,Telangana - 2026,20-Mar 5am,2833.8175
4037,2,Telangana - 2026,20-Mar 5am,2833.8175
4037,3,Telangana - 2026,20-Mar 5am,2833.8175
4037,4,Telangana - 2026,20-Mar 5am,2833.8175
4038,1,Telangana - 2026,20-Mar 6am,2996.1025
4038,2,Telangana - 2026,20-Mar 6am,2996.1025
4038,3,Telangana - 2026,20-Mar 6am,2996.1025
4038,4,Telangana - 2026,20-Mar 6am,2996.1025
4039,1,Telangana - 2026,20-Mar 7am,3559.2625
4039,2,Telangana - 2026,20-Mar 7am,3559.2625
4039,3,Telangana - 2026,20-Mar 7am,3559.2625
4039,4,Telangana - 2026,20-Mar 7am,3559.2625
4040,1,Telangana - 2026,20-Mar 8am,3783.2875
4040,2,Telangana - 2026,20-Mar 8am,3783.2875
4040,3,Telangana - 2026,20-Mar 8am,3783.2875
4040,4,Telangana - 2026,20-Mar 8am,3783.2875
4041,1,Telangana - 2026,20-Mar 9am,3498.4525
4041,2,Telangana - 2026,20-Mar 9am,3498.4525
4041,3,Telangana - 2026,20-Mar 9am,3498.4525
4041,4,Telangana - 2026,20-Mar 9am,3498.4525
4042,1,Telangana - 2026,20-Mar 10am,3643.33
4042,2,Telangana - 2026,20-Mar 10am,3643.33
4042,3,Telangana - 2026,20-Mar 10am,3643.33
4042,4,Telangana - 2026,20-Mar 10am,3643.33
4043,1,Telangana - 2026,20-Mar 11am,3612.5575
4043,2,Telangana - 2026,20-Mar 11am,3612.5575
4043,3,Telangana - 2026,20-Mar 11am,3612.5575
4043,4,Telangana - 2026,20-Mar 11am,3612.5575
4044,1,Telangana - 2026,20-Mar 12pm,3577.345
4044,2,Telangana - 2026,20-Mar 12pm,3577.345
4044,3,Telangana - 2026,20-Mar 12pm,3577.345
4044,4,Telangana - 2026,20-Mar 12pm,3577.345
4045,1,Telangana - 2026,20-Mar 1pm,3481.3425
4045,2,Telangana - 2026,20-Mar 1pm,3481.3425
4045,3,Telangana - 2026,20-Mar 1pm,3481.3425
4045,4,Telangana - 2026,20-Mar 1pm,3481.3425
4046,1,Telangana - 2026,20-Mar 2pm,3421.4775
4046,2,Telangana - 2026,20-Mar 2pm,3421.4775
4046,3,Telangana - 2026,20-Mar 2pm,3421.4775
4046,4,Telangana - 2026,20-Mar 2pm,3421.4775
4047,1,Telangana - 2026,20-Mar 3pm,3441.4825
4047,2,Telangana - 2026,20-Mar 3pm,3441.4825
4047,3,Telangana - 2026,20-Mar 3pm,3441.4825
4047,4,Telangana - 2026,20-Mar 3pm,3441.4825
4048,1,Telangana - 2026,20-Mar 4pm,3501.365
4048,2,Telangana - 2026,20-Mar 4pm,3501.365
4048,3,Telangana - 2026,20-Mar 4pm,3501.365
4048,4,Telangana - 2026,20-Mar 4pm,3501.365
4049,1,Telangana - 2026,20-Mar 5pm,2745.29
4049,2,Telangana - 2026,20-Mar 5pm,2745.29
4049,3,Telangana - 2026,20-Mar 5pm,2745.29
4049,4,Telangana - 2026,20-Mar 5pm,2745.29
4050,1,Telangana - 2026,20-Mar 6pm,2161.87
4050,2,Telangana - 2026,20-Mar 6pm,2161.87
4050,3,Telangana - 2026,20-Mar 6pm,2161.87
4050,4,Telangana - 2026,20-Mar 6pm,2161.87
4051,1,Telangana - 2026,20-Mar 7pm,2177.4325
4051,2,Telangana - 2026,20-Mar 7pm,2177.4325
4051,3,Telangana - 2026,20-Mar 7pm,2177.4325
4051,4,Telangana - 2026,20-Mar 7pm,2177.4325
4052,1,Telangana - 2026,20-Mar 8pm,2064.4325
4052,2,Telangana - 2026,20-Mar 8pm,2064.4325
4052,3,Telangana - 2026,20-Mar 8pm,2064.4325
4052,4,Telangana - 2026,20-Mar 8pm,2064.4325
4053,1,Telangana - 2026,20-Mar 9pm,1947.99
4053,2,Telangana - 2026,20-Mar 9pm,1947.99
4053,3,Telangana - 2026,20-Mar 9pm,1947.99
4053,4,Telangana - 2026,20-Mar 9pm,1947.99
4054,1,Telangana - 2026,20-Mar 10pm,1969.9125
4054,2,Telangana - 2026,20-Mar 10pm,1969.9125
4054,3,Telangana - 2026,20-Mar 10pm,1969.9125
4054,4,Telangana - 2026,20-Mar 10pm,1969.9125
4055,1,Telangana - 2026,20-Mar 11pm,1868.5875
4055,2,Telangana - 2026,20-Mar 11pm,1868.5875
4055,3,Telangana - 2026,20-Mar 11pm,1868.5875
4055,4,Telangana - 2026,20-Mar 11pm,1868.5875
4056,1,Telangana - 2026,21-Mar 12am,1925.3675
4056,2,Telangana - 2026,21-Mar 12am,1925.3675
4056,3,Telangana - 2026,21-Mar 12am,1925.3675
4056,4,Telangana - 2026,21-Mar 12am,1925.3675
4057,1,Telangana - 2026,21-Mar 1am,2250.73
4057,2,Telangana - 2026,21-Mar 1am,2250.73
4057,3,Telangana - 2026,21-Mar 1am,2250.73
4057,4,Telangana - 2026,21-Mar 1am,2250.73
4058,1,Telangana - 2026,21-Mar 2am,2351.3275
4058,2,Telangana - 2026,21-Mar 2am,2351.3275
4058,3,Telangana - 2026,21-Mar 2am,2351.3275
4058,4,Telangana - 2026,21-Mar 2am,2351.3275
4059,1,Telangana - 2026,21-Mar 3am,2640.04
4059,2,Telangana - 2026,21-Mar 3am,2640.04
4059,3,Telangana - 2026,21-Mar 3am,2640.04
4059,4,Telangana - 2026,21-Mar 3am,2640.04
4060,1,Telangana - 2026,21-Mar 4am,2730.2025
4060,2,Telangana - 2026,21-Mar 4am,2730.2025
4060,3,Telangana - 2026,21-Mar 4am,2730.2025
4060,4,Telangana - 2026,21-Mar 4am,2730.2025
4061,1,Telangana - 2026,21-Mar 5am,2829.51
4061,2,Telangana - 2026,21-Mar 5am,2829.51
4061,3,Telangana - 2026,21-Mar 5am,2829.51
4061,4,Telangana - 2026,21-Mar 5am,2829.51
4062,1,Telangana - 2026,21-Mar 6am,2956.4025
4062,2,Telangana - 2026,21-Mar 6am,2956.4025
4062,3,Telangana - 2026,21-Mar 6am,2956.4025
4062,4,Telangana - 2026,21-Mar 6am,2956.4025
4063,1,Telangana - 2026,21-Mar 7am,3577.1375
4063,2,Telangana - 2026,21-Mar 7am,3577.1375
4063,3,Telangana - 2026,21-Mar 7am,3577.1375
4063,4,Telangana - 2026,21-Mar 7am,3577.1375
4064,1,Telangana - 2026,21-Mar 8am,3915.9225
4064,2,Telangana - 2026,21-Mar 8am,3915.9225
4064,3,Telangana - 2026,21-Mar 8am,3915.9225
4064,4,Telangana - 2026,21-Mar 8am,3915.9225
4065,1,Telangana - 2026,21-Mar 9am,3795.3075
4065,2,Telangana - 2026,21-Mar 9am,3795.3075
4065,3,Telangana - 2026,21-Mar 9am,3795.3075
4065,4,Telangana - 2026,21-Mar 9am,3795.3075
4066,1,Telangana - 2026,21-Mar 10am,3687.195
4066,2,Telangana - 2026,21-Mar 10am,3687.195
4066,3,Telangana - 2026,21-Mar 10am,3687.195
4066,4,Telangana - 2026,21-Mar 10am,3687.195
4067,1,Telangana - 2026,21-Mar 11am,3652.68
4067,2,Telangana - 2026,21-Mar 11am,3652.68
4067,3,Telangana - 2026,21-Mar 11am,3652.68
4067,4,Telangana - 2026,21-Mar 11am,3652.68
4068,1,Telangana - 2026,21-Mar 12pm,3575.985
4068,2,Telangana - 2026,21-Mar 12pm,3575.985
4068,3,Telangana - 2026,21-Mar 12pm,3575.985
4068,4,Telangana - 2026,21-Mar 12pm,3575.985
4069,1,Telangana - 2026,21-Mar 1pm,3484.0775
4069,2,Telangana - 2026,21-Mar 1pm,3484.0775
4069,3,Telangana - 2026,21-Mar 1pm,3484.0775
4069,4,Telangana - 2026,21-Mar 1pm,3484.0775
4070,1,Telangana - 2026,21-Mar 2pm,3401.32
4070,2,Telangana - 2026,21-Mar 2pm,3401.32
4070,3,Telangana - 2026,21-Mar 2pm,3401.32
4070,4,Telangana - 2026,21-Mar 2pm,3401.32
4071,1,Telangana - 2026,21-Mar 3pm,3477.545
4071,2,Telangana - 2026,21-Mar 3pm,3477.545
4071,3,Telangana - 2026,21-Mar 3pm,3477.545
4071,4,Telangana - 2026,21-Mar 3pm,3477.545
4072,1,Telangana - 2026,21-Mar 4pm,3465.845
4072,2,Telangana - 2026,21-Mar 4pm,3465.845
4072,3,Telangana - 2026,21-Mar 4pm,3465.845
4072,4,Telangana - 2026,21-Mar 4pm,3465.845
4073,1,Telangana - 2026,21-Mar 5pm,2751.315
4073,2,Telangana - 2026,21-Mar 5pm,2751.315
4073,3,Telangana - 2026,21-Mar 5pm,2751.315
4073,4,Telangana - 2026,21-Mar 5pm,2751.315
4074,1,Telangana - 2026,21-Mar 6pm,1926.49
4074,2,Telangana - 2026,21-Mar 6pm,1926.49
4074,3,Telangana - 2026,21-Mar 6pm,1926.49
4074,4,Telangana - 2026,21-Mar 6pm,1926.49
4075,1,Telangana - 2026,21-Mar 7pm,2193.4075
4075,2,Telangana - 2026,21-Mar 7pm,2193.4075
4075,3,Telangana - 2026,21-Mar 7pm,2193.4075
4075,4,Telangana - 2026,21-Mar 7pm,2193.4075
4076,1,Telangana - 2026,21-Mar 8pm,2066.59
4076,2,Telangana - 2026,21-Mar 8pm,2066.59
4076,3,Telangana - 2026,21-Mar 8pm,2066.59
4076,4,Telangana - 2026,21-Mar 8pm,2066.59
4077,1,Telangana - 2026,21-Mar 9pm,1955.8775
4077,2,Telangana - 2026,21-Mar 9pm,1955.8775
4077,3,Telangana - 2026,21-Mar 9pm,1955.8775
4077,4,Telangana - 2026,21-Mar 9pm,1955.8775
4078,1,Telangana - 2026,21-Mar 10pm,1932.17
4078,2,Telangana - 2026,21-Mar 10pm,1932.17
4078,3,Telangana - 2026,21-Mar 10pm,1932.17
4078,4,Telangana - 2026,21-Mar 10pm,1932.17
4079,1,Telangana - 2026,21-Mar 11pm,1870.4775
4079,2,Telangana - 2026,21-Mar 11pm,1870.4775
4079,3,Telangana - 2026,21-Mar 11pm,1870.4775
4079,4,Telangana - 2026,21-Mar 11pm,1870.4775
4080,1,Telangana - 2026,22-Mar 12am,1947.155
4080,2,Telangana - 2026,22-Mar 12am,1947.155
4080,3,Telangana - 2026,22-Mar 12am,1947.155
4080,4,Telangana - 2026,22-Mar 12am,1947.155
4081,1,Telangana - 2026,22-Mar 1am,2255.2175
4081,2,Telangana - 2026,22-Mar 1am,2255.2175
4081,3,Telangana - 2026,22-Mar 1am,2255.2175
4081,4,Telangana - 2026,22-Mar 1am,2255.2175
4082,1,Telangana - 2026,22-Mar 2am,2340.375
4082,2,Telangana - 2026,22-Mar 2am,2340.375
4082,3,Telangana - 2026,22-Mar 2am,2340.375
4082,4,Telangana - 2026,22-Mar 2am,2340.375
4083,1,Telangana - 2026,22-Mar 3am,2629.4875
4083,2,Telangana - 2026,22-Mar 3am,2629.4875
4083,3,Telangana - 2026,22-Mar 3am,2629.4875
4083,4,Telangana - 2026,22-Mar 3am,2629.4875
4084,1,Telangana - 2026,22-Mar 4am,2733.585
4084,2,Telangana - 2026,22-Mar 4am,2733.585
4084,3,Telangana - 2026,22-Mar 4am,2733.585
4084,4,Telangana - 2026,22-Mar 4am,2733.585
4085,1,Telangana - 2026,22-Mar 5am,2833.8875
4085,2,Telangana - 2026,22-Mar 5am,2833.8875
4085,3,Telangana - 2026,22-Mar 5am,2833.8875
4085,4,Telangana - 2026,22-Mar 5am,2833.8875
4086,1,Telangana - 2026,22-Mar 6am,2922.5075
4086,2,Telangana - 2026,22-Mar 6am,2922.5075
4086,3,Telangana - 2026,22-Mar 6am,2922.5075
4086,4,Telangana - 2026,22-Mar 6am,2922.5075
4087,1,Telangana - 2026,22-Mar 7am,3559.85
4087,2,Telangana - 2026,22-Mar 7am,3559.85
4087,3,Telangana - 2026,22-Mar 7am,3559.85
4087,4,Telangana - 2026,22-Mar 7am,3559.85
4088,1,Telangana - 2026,22-Mar 8am,3916.085
4088,2,Telangana - 2026,22-Mar 8am,3916.085
4088,3,Telangana - 2026,22-Mar 8am,3916.085
4088,4,Telangana - 2026,22-Mar 8am,3916.085
4089,1,Telangana - 2026,22-Mar 9am,3783.875
4089,2,Telangana - 2026,22-Mar 9am,3783.875
4089,3,Telangana - 2026,22-Mar 9am,3783.875
4089,4,Telangana - 2026,22-Mar 9am,3783.875
4090,1,Telangana - 2026,22-Mar 10am,3734.87
4090,2,Telangana - 2026,22-Mar 10am,3734.87
4090,3,Telangana - 2026,22-Mar 10am,3734.87
4090,4,Telangana - 2026,22-Mar 10am,3734.87
4091,1,Telangana - 2026,22-Mar 11am,3675.745
4091,2,Telangana - 2026,22-Mar 11am,3675.745
4091,3,Telangana - 2026,22-Mar 11am,3675.745
4091,4,Telangana - 2026,22-Mar 11am,3675.745
4092,1,Telangana - 2026,22-Mar 12pm,3642.98
4092,2,Telangana - 2026,22-Mar 12pm,3642.98
4092,3,Telangana - 2026,22-Mar 12pm,3642.98
4092,4,Telangana - 2026,22-Mar 12pm,3642.98
4093,1,Telangana - 2026,22-Mar 1pm,3567.4325
4093,2,Telangana - 2026,22-Mar 1pm,3567.4325
4093,3,Telangana - 2026,22-Mar 1pm,3567.4325
4093,4,Telangana - 2026,22-Mar 1pm,3567.4325
4094,1,Telangana - 2026,22-Mar 2pm,3459.1025
4094,2,Telangana - 2026,22-Mar 2pm,3459.1025
4094,3,Telangana - 2026,22-Mar 2pm,3459.1025
4094,4,Telangana - 2026,22-Mar 2pm,3459.1025
4095,1,Telangana - 2026,22-Mar 3pm,3579.61
4095,2,Telangana - 2026,22-Mar 3pm,3579.61
4095,3,Telangana - 2026,22-Mar 3pm,3579.61
4095,4,Telangana - 2026,22-Mar 3pm,3579.61
4096,1,Telangana - 2026,22-Mar 4pm,3528.625
4096,2,Telangana - 2026,22-Mar 4pm,3528.625
4096,3,Telangana - 2026,22-Mar 4pm,3528.625
4096,4,Telangana - 2026,22-Mar 4pm,3528.625
4097,1,Telangana - 2026,22-Mar 5pm,2746.9375
4097,2,Telangana - 2026,22-Mar 5pm,2746.9375
4097,3,Telangana - 2026,22-Mar 5pm,2746.9375
4097,4,Telangana - 2026,22-Mar 5pm,2746.9375
4098,1,Telangana - 2026,22-Mar 6pm,1925.0075
4098,2,Telangana - 2026,22-Mar 6pm,1925.0075
4098,3,Telangana - 2026,22-Mar 6pm,1925.0075
4098,4,Telangana - 2026,22-Mar 6pm,1925.0075
4099,1,Telangana - 2026,22-Mar 7pm,1929.475
4099,2,Telangana - 2026,22-Mar 7pm,1929.475
4099,3,Telangana - 2026,22-Mar 7pm,1929.475
4099,4,Telangana - 2026,22-Mar 7pm,1929.475
4100,1,Telangana - 2026,22-Mar 8pm,2065.96
4100,2,Telangana - 2026,22-Mar 8pm,2065.96
4100,3,Telangana - 2026,22-Mar 8pm,2065.96
4100,4,Telangana - 2026,22-Mar 8pm,2065.96
4101,1,Telangana - 2026,22-Mar 9pm,1978.39
4101,2,Telangana - 2026,22-Mar 9pm,1978.39
4101,3,Telangana - 2026,22-Mar 9pm,1978.39
4101,4,Telangana - 2026,22-Mar 9pm,1978.39
4102,1,Telangana - 2026,22-Mar 10pm,1916.905
4102,2,Telangana - 2026,22-Mar 10pm,1916.905
4102,3,Telangana - 2026,22-Mar 10pm,1916.905
4102,4,Telangana - 2026,22-Mar 10pm,1916.905
4103,1,Telangana - 2026,22-Mar 11pm,1825.76
4103,2,Telangana - 2026,22-Mar 11pm,1825.76
4103,3,Telangana - 2026,22-Mar 11pm,1825.76
4103,4,Telangana - 2026,22-Mar 11pm,1825.76
4104,1,Telangana - 2026,23-Mar 12am,1845.92
4104,2,Telangana - 2026,23-Mar 12am,1845.92
4104,3,Telangana - 2026,23-Mar 12am,1845.92
4104,4,Telangana - 2026,23-Mar 12am,1845.92
4105,1,Telangana - 2026,23-Mar 1am,2146.9475
4105,2,Telangana - 2026,23-Mar 1am,2146.9475
4105,3,Telangana - 2026,23-Mar 1am,2146.9475
4105,4,Telangana - 2026,23-Mar 1am,2146.9475
4106,1,Telangana - 2026,23-Mar 2am,2266.1
4106,2,Telangana - 2026,23-Mar 2am,2266.1
4106,3,Telangana - 2026,23-Mar 2am,2266.1
4106,4,Telangana - 2026,23-Mar 2am,2266.1
4107,1,Telangana - 2026,23-Mar 3am,2550.5525
4107,2,Telangana - 2026,23-Mar 3am,2550.5525
4107,3,Telangana - 2026,23-Mar 3am,2550.5525
4107,4,Telangana - 2026,23-Mar 3am,2550.5525
4108,1,Telangana - 2026,23-Mar 4am,2662.9525
4108,2,Telangana - 2026,23-Mar 4am,2662.9525
4108,3,Telangana - 2026,23-Mar 4am,2662.9525
4108,4,Telangana - 2026,23-Mar 4am,2662.9525
4109,1,Telangana - 2026,23-Mar 5am,2785.825
4109,2,Telangana - 2026,23-Mar 5am,2785.825
4109,3,Telangana - 2026,23-Mar 5am,2785.825
4109,4,Telangana - 2026,23-Mar 5am,2785.825
4110,1,Telangana - 2026,23-Mar 6am,3013.875
4110,2,Telangana - 2026,23-Mar 6am,3013.875
4110,3,Telangana - 2026,23-Mar 6am,3013.875
4110,4,Telangana - 2026,23-Mar 6am,3013.875
4111,1,Telangana - 2026,23-Mar 7am,3459.6175
4111,2,Telangana - 2026,23-Mar 7am,3459.6175
4111,3,Telangana - 2026,23-Mar 7am,3459.6175
4111,4,Telangana - 2026,23-Mar 7am,3459.6175
4112,1,Telangana - 2026,23-Mar 8am,3835.2875
4112,2,Telangana - 2026,23-Mar 8am,3835.2875
4112,3,Telangana - 2026,23-Mar 8am,3835.2875
4112,4,Telangana - 2026,23-Mar 8am,3835.2875
4113,1,Telangana - 2026,23-Mar 9am,3878.9925
4113,2,Telangana - 2026,23-Mar 9am,3878.9925
4113,3,Telangana - 2026,23-Mar 9am,3878.9925
4113,4,Telangana - 2026,23-Mar 9am,3878.9925
4114,1,Telangana - 2026,23-Mar 10am,3868.385
4114,2,Telangana - 2026,23-Mar 10am,3868.385
4114,3,Telangana - 2026,23-Mar 10am,3868.385
4114,4,Telangana - 2026,23-Mar 10am,3868.385
4115,1,Telangana - 2026,23-Mar 11am,3856.9925
4115,2,Telangana - 2026,23-Mar 11am,3856.9925
4115,3,Telangana - 2026,23-Mar 11am,3856.9925
4115,4,Telangana - 2026,23-Mar 11am,3856.9925
4116,1,Telangana - 2026,23-Mar 12pm,3797.3875
4116,2,Telangana - 2026,23-Mar 12pm,3797.3875
4116,3,Telangana - 2026,23-Mar 12pm,3797.3875
4116,4,Telangana - 2026,23-Mar 12pm,3797.3875
4117,1,Telangana - 2026,23-Mar 1pm,3695.93
4117,2,Telangana - 2026,23-Mar 1pm,3695.93
4117,3,Telangana - 2026,23-Mar 1pm,3695.93
4117,4,Telangana - 2026,23-Mar 1pm,3695.93
4118,1,Telangana - 2026,23-Mar 2pm,3591.815
4118,2,Telangana - 2026,23-Mar 2pm,3591.815
4118,3,Telangana - 2026,23-Mar 2pm,3591.815
4118,4,Telangana - 2026,23-Mar 2pm,3591.815
4119,1,Telangana - 2026,23-Mar 3pm,3593.6825
4119,2,Telangana - 2026,23-Mar 3pm,3593.6825
4119,3,Telangana - 2026,23-Mar 3pm,3593.6825
4119,4,Telangana - 2026,23-Mar 3pm,3593.6825
4120,1,Telangana - 2026,23-Mar 4pm,3604.3
4120,2,Telangana - 2026,23-Mar 4pm,3604.3
4120,3,Telangana - 2026,23-Mar 4pm,3604.3
4120,4,Telangana - 2026,23-Mar 4pm,3604.3
4121,1,Telangana - 2026,23-Mar 5pm,2796.0925
4121,2,Telangana - 2026,23-Mar 5pm,2796.0925
4121,3,Telangana - 2026,23-Mar 5pm,2796.0925
4121,4,Telangana - 2026,23-Mar 5pm,2796.0925
4122,1,Telangana - 2026,23-Mar 6pm,2115.4725
4122,2,Telangana - 2026,23-Mar 6pm,2115.4725
4122,3,Telangana - 2026,23-Mar 6pm,2115.4725
4122,4,Telangana - 2026,23-Mar 6pm,2115.4725
4123,1,Telangana - 2026,23-Mar 7pm,1953.6925
4123,2,Telangana - 2026,23-Mar 7pm,1953.6925
4123,3,Telangana - 2026,23-Mar 7pm,1953.6925
4123,4,Telangana - 2026,23-Mar 7pm,1953.6925
4124,1,Telangana - 2026,23-Mar 8pm,2052.025
4124,2,Telangana - 2026,23-Mar 8pm,2052.025
4124,3,Telangana - 2026,23-Mar 8pm,2052.025
4124,4,Telangana - 2026,23-Mar 8pm,2052.025
4125,1,Telangana - 2026,23-Mar 9pm,1989.555
4125,2,Telangana - 2026,23-Mar 9pm,1989.555
4125,3,Telangana - 2026,23-Mar 9pm,1989.555
4125,4,Telangana - 2026,23-Mar 9pm,1989.555
4126,1,Telangana - 2026,23-Mar 10pm,1917.1425
4126,2,Telangana - 2026,23-Mar 10pm,1917.1425
4126,3,Telangana - 2026,23-Mar 10pm,1917.1425
4126,4,Telangana - 2026,23-Mar 10pm,1917.1425
4127,1,Telangana - 2026,23-Mar 11pm,1802.0275
4127,2,Telangana - 2026,23-Mar 11pm,1802.0275
4127,3,Telangana - 2026,23-Mar 11pm,1802.0275
4127,4,Telangana - 2026,23-Mar 11pm,1802.0275
4128,1,Telangana - 2026,24-Mar 12am,1861.4925
4128,2,Telangana - 2026,24-Mar 12am,1861.4925
4128,3,Telangana - 2026,24-Mar 12am,1861.4925
4128,4,Telangana - 2026,24-Mar 12am,1861.4925
4129,1,Telangana - 2026,24-Mar 1am,2150.5825
4129,2,Telangana - 2026,24-Mar 1am,2150.5825
4129,3,Telangana - 2026,24-Mar 1am,2150.5825
4129,4,Telangana - 2026,24-Mar 1am,2150.5825
4130,1,Telangana - 2026,24-Mar 2am,2229.21
4130,2,Telangana - 2026,24-Mar 2am,2229.21
4130,3,Telangana - 2026,24-Mar 2am,2229.21
4130,4,Telangana - 2026,24-Mar 2am,2229.21
4131,1,Telangana - 2026,24-Mar 3am,2536.67
4131,2,Telangana - 2026,24-Mar 3am,2536.67
4131,3,Telangana - 2026,24-Mar 3am,2536.67
4131,4,Telangana - 2026,24-Mar 3am,2536.67
4132,1,Telangana - 2026,24-Mar 4am,2633.87
4132,2,Telangana - 2026,24-Mar 4am,2633.87
4132,3,Telangana - 2026,24-Mar 4am,2633.87
4132,4,Telangana - 2026,24-Mar 4am,2633.87
4133,1,Telangana - 2026,24-Mar 5am,2739.0925
4133,2,Telangana - 2026,24-Mar 5am,2739.0925
4133,3,Telangana - 2026,24-Mar 5am,2739.0925
4133,4,Telangana - 2026,24-Mar 5am,2739.0925
4134,1,Telangana - 2026,24-Mar 6am,2970.1
4134,2,Telangana - 2026,24-Mar 6am,2970.1
4134,3,Telangana - 2026,24-Mar 6am,2970.1
4134,4,Telangana - 2026,24-Mar 6am,2970.1
4135,1,Telangana - 2026,24-Mar 7am,3380.9525
4135,2,Telangana - 2026,24-Mar 7am,3380.9525
4135,3,Telangana - 2026,24-Mar 7am,3380.9525
4135,4,Telangana - 2026,24-Mar 7am,3380.9525
4136,1,Telangana - 2026,24-Mar 8am,3646.815
4136,2,Telangana - 2026,24-Mar 8am,3646.815
4136,3,Telangana - 2026,24-Mar 8am,3646.815
4136,4,Telangana - 2026,24-Mar 8am,3646.815
4137,1,Telangana - 2026,24-Mar 9am,3843.72
4137,2,Telangana - 2026,24-Mar 9am,3843.72
4137,3,Telangana - 2026,24-Mar 9am,3843.72
4137,4,Telangana - 2026,24-Mar 9am,3843.72
4138,1,Telangana - 2026,24-Mar 10am,3788.885
4138,2,Telangana - 2026,24-Mar 10am,3788.885
4138,3,Telangana - 2026,24-Mar 10am,3788.885
4138,4,Telangana - 2026,24-Mar 10am,3788.885
4139,1,Telangana - 2026,24-Mar 11am,3704.7225
4139,2,Telangana - 2026,24-Mar 11am,3704.7225
4139,3,Telangana - 2026,24-Mar 11am,3704.7225
4139,4,Telangana - 2026,24-Mar 11am,3704.7225
4140,1,Telangana - 2026,24-Mar 12pm,3605.48
4140,2,Telangana - 2026,24-Mar 12pm,3605.48
4140,3,Telangana - 2026,24-Mar 12pm,3605.48
4140,4,Telangana - 2026,24-Mar 12pm,3605.48
4141,1,Telangana - 2026,24-Mar 1pm,3590.4175
4141,2,Telangana - 2026,24-Mar 1pm,3590.4175
4141,3,Telangana - 2026,24-Mar 1pm,3590.4175
4141,4,Telangana - 2026,24-Mar 1pm,3590.4175
4142,1,Telangana - 2026,24-Mar 2pm,3442.5475
4142,2,Telangana - 2026,24-Mar 2pm,3442.5475
4142,3,Telangana - 2026,24-Mar 2pm,3442.5475
4142,4,Telangana - 2026,24-Mar 2pm,3442.5475
4143,1,Telangana - 2026,24-Mar 3pm,3501.6325
4143,2,Telangana - 2026,24-Mar 3pm,3501.6325
4143,3,Telangana - 2026,24-Mar 3pm,3501.6325
4143,4,Telangana - 2026,24-Mar 3pm,3501.6325
4144,1,Telangana - 2026,24-Mar 4pm,3487.21
4144,2,Telangana - 2026,24-Mar 4pm,3487.21
4144,3,Telangana - 2026,24-Mar 4pm,3487.21
4144,4,Telangana - 2026,24-Mar 4pm,3487.21
4145,1,Telangana - 2026,24-Mar 5pm,2764.685
4145,2,Telangana - 2026,24-Mar 5pm,2764.685
4145,3,Telangana - 2026,24-Mar 5pm,2764.685
4145,4,Telangana - 2026,24-Mar 5pm,2764.685
4146,1,Telangana - 2026,24-Mar 6pm,2133.3325
4146,2,Telangana - 2026,24-Mar 6pm,2133.3325
4146,3,Telangana - 2026,24-Mar 6pm,2133.3325
4146,4,Telangana - 2026,24-Mar 6pm,2133.3325
4147,1,Telangana - 2026,24-Mar 7pm,1915.835
4147,2,Telangana - 2026,24-Mar 7pm,1915.835
4147,3,Telangana - 2026,24-Mar 7pm,1915.835
4147,4,Telangana - 2026,24-Mar 7pm,1915.835
4148,1,Telangana - 2026,24-Mar 8pm,2044.045
4148,2,Telangana - 2026,24-Mar 8pm,2044.045
4148,3,Telangana - 2026,24-Mar 8pm,2044.045
4148,4,Telangana - 2026,24-Mar 8pm,2044.045
4149,1,Telangana - 2026,24-Mar 9pm,1957.85
4149,2,Telangana - 2026,24-Mar 9pm,1957.85
4149,3,Telangana - 2026,24-Mar 9pm,1957.85
4149,4,Telangana - 2026,24-Mar 9pm,1957.85
4150,1,Telangana - 2026,24-Mar 10pm,1889.0875
4150,2,Telangana - 2026,24-Mar 10pm,1889.0875
4150,3,Telangana - 2026,24-Mar 10pm,1889.0875
4150,4,Telangana - 2026,24-Mar 10pm,1889.0875
4151,1,Telangana - 2026,24-Mar 11pm,1757.0375
4151,2,Telangana - 2026,24-Mar 11pm,1757.0375
4151,3,Telangana - 2026,24-Mar 11pm,1757.0375
4151,4,Telangana - 2026,24-Mar 11pm,1757.0375
4152,1,Telangana - 2026,25-Mar 12am,1817.49
4152,2,Telangana - 2026,25-Mar 12am,1817.49
4152,3,Telangana - 2026,25-Mar 12am,1817.49
4152,4,Telangana - 2026,25-Mar 12am,1817.49
4153,1,Telangana - 2026,25-Mar 1am,2158.3225
4153,2,Telangana - 2026,25-Mar 1am,2158.3225
4153,3,Telangana - 2026,25-Mar 1am,2158.3225
4153,4,Telangana - 2026,25-Mar 1am,2158.3225
4154,1,Telangana - 2026,25-Mar 2am,2228.55
4154,2,Telangana - 2026,25-Mar 2am,2228.55
4154,3,Telangana - 2026,25-Mar 2am,2228.55
4154,4,Telangana - 2026,25-Mar 2am,2228.55
4155,1,Telangana - 2026,25-Mar 3am,2598.7075
4155,2,Telangana - 2026,25-Mar 3am,2598.7075
4155,3,Telangana - 2026,25-Mar 3am,2598.7075
4155,4,Telangana - 2026,25-Mar 3am,2598.7075
4156,1,Telangana - 2026,25-Mar 4am,2725.575
4156,2,Telangana - 2026,25-Mar 4am,2725.575
4156,3,Telangana - 2026,25-Mar 4am,2725.575
4156,4,Telangana - 2026,25-Mar 4am,2725.575
4157,1,Telangana - 2026,25-Mar 5am,2700.8425
4157,2,Telangana - 2026,25-Mar 5am,2700.8425
4157,3,Telangana - 2026,25-Mar 5am,2700.8425
4157,4,Telangana - 2026,25-Mar 5am,2700.8425
4158,1,Telangana - 2026,25-Mar 6am,2888.155
4158,2,Telangana - 2026,25-Mar 6am,2888.155
4158,3,Telangana - 2026,25-Mar 6am,2888.155
4158,4,Telangana - 2026,25-Mar 6am,2888.155
4159,1,Telangana - 2026,25-Mar 7am,3102.8875
4159,2,Telangana - 2026,25-Mar 7am,3102.8875
4159,3,Telangana - 2026,25-Mar 7am,3102.8875
4159,4,Telangana - 2026,25-Mar 7am,3102.8875
4160,1,Telangana - 2026,25-Mar 8am,3482.5575
4160,2,Telangana - 2026,25-Mar 8am,3482.5575
4160,3,Telangana - 2026,25-Mar 8am,3482.5575
4160,4,Telangana - 2026,25-Mar 8am,3482.5575
4161,1,Telangana - 2026,25-Mar 9am,3771.815
4161,2,Telangana - 2026,25-Mar 9am,3771.815
4161,3,Telangana - 2026,25-Mar 9am,3771.815
4161,4,Telangana - 2026,25-Mar 9am,3771.815
4162,1,Telangana - 2026,25-Mar 10am,3802.3725
4162,2,Telangana - 2026,25-Mar 10am,3802.3725
4162,3,Telangana - 2026,25-Mar 10am,3802.3725
4162,4,Telangana - 2026,25-Mar 10am,3802.3725
4163,1,Telangana - 2026,25-Mar 11am,3761.6975
4163,2,Telangana - 2026,25-Mar 11am,3761.6975
4163,3,Telangana - 2026,25-Mar 11am,3761.6975
4163,4,Telangana - 2026,25-Mar 11am,3761.6975
4164,1,Telangana - 2026,25-Mar 12pm,3653.8225
4164,2,Telangana - 2026,25-Mar 12pm,3653.8225
4164,3,Telangana - 2026,25-Mar 12pm,3653.8225
4164,4,Telangana - 2026,25-Mar 12pm,3653.8225
4165,1,Telangana - 2026,25-Mar 1pm,3558.7525
4165,2,Telangana - 2026,25-Mar 1pm,3558.7525
4165,3,Telangana - 2026,25-Mar 1pm,3558.7525
4165,4,Telangana - 2026,25-Mar 1pm,3558.7525
4166,1,Telangana - 2026,25-Mar 2pm,3477.2825
4166,2,Telangana - 2026,25-Mar 2pm,3477.2825
4166,3,Telangana - 2026,25-Mar 2pm,3477.2825
4166,4,Telangana - 2026,25-Mar 2pm,3477.2825
4167,1,Telangana - 2026,25-Mar 3pm,3441.785
4167,2,Telangana - 2026,25-Mar 3pm,3441.785
4167,3,Telangana - 2026,25-Mar 3pm,3441.785
4167,4,Telangana - 2026,25-Mar 3pm,3441.785
4168,1,Telangana - 2026,25-Mar 4pm,3417.1125
4168,2,Telangana - 2026,25-Mar 4pm,3417.1125
4168,3,Telangana - 2026,25-Mar 4pm,3417.1125
4168,4,Telangana - 2026,25-Mar 4pm,3417.1125
4169,1,Telangana - 2026,25-Mar 5pm,2658.695
4169,2,Telangana - 2026,25-Mar 5pm,2658.695
4169,3,Telangana - 2026,25-Mar 5pm,2658.695
4169,4,Telangana - 2026,25-Mar 5pm,2658.695
4170,1,Telangana - 2026,25-Mar 6pm,1963.0775
4170,2,Telangana - 2026,25-Mar 6pm,1963.0775
4170,3,Telangana - 2026,25-Mar 6pm,1963.0775
4170,4,Telangana - 2026,25-Mar 6pm,1963.0775
4171,1,Telangana - 2026,25-Mar 7pm,1899.8725
4171,2,Telangana - 2026,25-Mar 7pm,1899.8725
4171,3,Telangana - 2026,25-Mar 7pm,1899.8725
4171,4,Telangana - 2026,25-Mar 7pm,1899.8725
4172,1,Telangana - 2026,25-Mar 8pm,1922.6775
4172,2,Telangana - 2026,25-Mar 8pm,1922.6775
4172,3,Telangana - 2026,25-Mar 8pm,1922.6775
4172,4,Telangana - 2026,25-Mar 8pm,1922.6775
4173,1,Telangana - 2026,25-Mar 9pm,1843.3425
4173,2,Telangana - 2026,25-Mar 9pm,1843.3425
4173,3,Telangana - 2026,25-Mar 9pm,1843.3425
4173,4,Telangana - 2026,25-Mar 9pm,1843.3425
4174,1,Telangana - 2026,25-Mar 10pm,1799.0925
4174,2,Telangana - 2026,25-Mar 10pm,1799.0925
4174,3,Telangana - 2026,25-Mar 10pm,1799.0925
4174,4,Telangana - 2026,25-Mar 10pm,1799.0925
4175,1,Telangana - 2026,25-Mar 11pm,1690.46
4175,2,Telangana - 2026,25-Mar 11pm,1690.46
4175,3,Telangana - 2026,25-Mar 11pm,1690.46
4175,4,Telangana - 2026,25-Mar 11pm,1690.46
4176,1,Telangana - 2026,26-Mar 12am,1765.6325
4176,2,Telangana - 2026,26-Mar 12am,1765.6325
4176,3,Telangana - 2026,26-Mar 12am,1765.6325
4176,4,Telangana - 2026,26-Mar 12am,1765.6325
4177,1,Telangana - 2026,26-Mar 1am,2075.6775
4177,2,Telangana - 2026,26-Mar 1am,2075.6775
4177,3,Telangana - 2026,26-Mar 1am,2075.6775
4177,4,Telangana - 2026,26-Mar 1am,2075.6775
4178,1,Telangana - 2026,26-Mar 2am,2215.285
4178,2,Telangana - 2026,26-Mar 2am,2215.285
4178,3,Telangana - 2026,26-Mar 2am,2215.285
4178,4,Telangana - 2026,26-Mar 2am,2215.285
4179,1,Telangana - 2026,26-Mar 3am,2505.41
4179,2,Telangana - 2026,26-Mar 3am,2505.41
4179,3,Telangana - 2026,26-Mar 3am,2505.41
4179,4,Telangana - 2026,26-Mar 3am,2505.41
4180,1,Telangana - 2026,26-Mar 4am,2595.95
4180,2,Telangana - 2026,26-Mar 4am,2595.95
4180,3,Telangana - 2026,26-Mar 4am,2595.95
4180,4,Telangana - 2026,26-Mar 4am,2595.95
4181,1,Telangana - 2026,26-Mar 5am,2678.89
4181,2,Telangana - 2026,26-Mar 5am,2678.89
4181,3,Telangana - 2026,26-Mar 5am,2678.89
4181,4,Telangana - 2026,26-Mar 5am,2678.89
4182,1,Telangana - 2026,26-Mar 6am,2958.675
4182,2,Telangana - 2026,26-Mar 6am,2958.675
4182,3,Telangana - 2026,26-Mar 6am,2958.675
4182,4,Telangana - 2026,26-Mar 6am,2958.675
4183,1,Telangana - 2026,26-Mar 7am,3326.3175
4183,2,Telangana - 2026,26-Mar 7am,3326.3175
4183,3,Telangana - 2026,26-Mar 7am,3326.3175
4183,4,Telangana - 2026,26-Mar 7am,3326.3175
4184,1,Telangana - 2026,26-Mar 8am,3396.2525
4184,2,Telangana - 2026,26-Mar 8am,3396.2525
4184,3,Telangana - 2026,26-Mar 8am,3396.2525
4184,4,Telangana - 2026,26-Mar 8am,3396.2525
4185,1,Telangana - 2026,26-Mar 9am,3479.1325
4185,2,Telangana - 2026,26-Mar 9am,3479.1325
4185,3,Telangana - 2026,26-Mar 9am,3479.1325
4185,4,Telangana - 2026,26-Mar 9am,3479.1325
4186,1,Telangana - 2026,26-Mar 10am,3580.59
4186,2,Telangana - 2026,26-Mar 10am,3580.59
4186,3,Telangana - 2026,26-Mar 10am,3580.59
4186,4,Telangana - 2026,26-Mar 10am,3580.59
4187,1,Telangana - 2026,26-Mar 11am,3609.9525
4187,2,Telangana - 2026,26-Mar 11am,3609.9525
4187,3,Telangana - 2026,26-Mar 11am,3609.9525
4187,4,Telangana - 2026,26-Mar 11am,3609.9525
4188,1,Telangana - 2026,26-Mar 12pm,3622.1
4188,2,Telangana - 2026,26-Mar 12pm,3622.1
4188,3,Telangana - 2026,26-Mar 12pm,3622.1
4188,4,Telangana - 2026,26-Mar 12pm,3622.1
4189,1,Telangana - 2026,26-Mar 1pm,3547.3675
4189,2,Telangana - 2026,26-Mar 1pm,3547.3675
4189,3,Telangana - 2026,26-Mar 1pm,3547.3675
4189,4,Telangana - 2026,26-Mar 1pm,3547.3675
4190,1,Telangana - 2026,26-Mar 2pm,3471.935
4190,2,Telangana - 2026,26-Mar 2pm,3471.935
4190,3,Telangana - 2026,26-Mar 2pm,3471.935
4190,4,Telangana - 2026,26-Mar 2pm,3471.935
4191,1,Telangana - 2026,26-Mar 3pm,3492.7125
4191,2,Telangana - 2026,26-Mar 3pm,3492.7125
4191,3,Telangana - 2026,26-Mar 3pm,3492.7125
4191,4,Telangana - 2026,26-Mar 3pm,3492.7125
4192,1,Telangana - 2026,26-Mar 4pm,3481.38
4192,2,Telangana - 2026,26-Mar 4pm,3481.38
4192,3,Telangana - 2026,26-Mar 4pm,3481.38
4192,4,Telangana - 2026,26-Mar 4pm,3481.38
4193,1,Telangana - 2026,26-Mar 5pm,2727.8775
4193,2,Telangana - 2026,26-Mar 5pm,2727.8775
4193,3,Telangana - 2026,26-Mar 5pm,2727.8775
4193,4,Telangana - 2026,26-Mar 5pm,2727.8775
4194,1,Telangana - 2026,26-Mar 6pm,2057.8725
4194,2,Telangana - 2026,26-Mar 6pm,2057.8725
4194,3,Telangana - 2026,26-Mar 6pm,2057.8725
4194,4,Telangana - 2026,26-Mar 6pm,2057.8725
4195,1,Telangana - 2026,26-Mar 7pm,2009.285
4195,2,Telangana - 2026,26-Mar 7pm,2009.285
4195,3,Telangana - 2026,26-Mar 7pm,2009.285
4195,4,Telangana - 2026,26-Mar 7pm,2009.285
4196,1,Telangana - 2026,26-Mar 8pm,1907.2975
4196,2,Telangana - 2026,26-Mar 8pm,1907.2975
4196,3,Telangana - 2026,26-Mar 8pm,1907.2975
4196,4,Telangana - 2026,26-Mar 8pm,1907.2975
4197,1,Telangana - 2026,26-Mar 9pm,1822.9225
4197,2,Telangana - 2026,26-Mar 9pm,1822.9225
4197,3,Telangana - 2026,26-Mar 9pm,1822.9225
4197,4,Telangana - 2026,26-Mar 9pm,1822.9225
4198,1,Telangana - 2026,26-Mar 10pm,1771.6275
4198,2,Telangana - 2026,26-Mar 10pm,1771.6275
4198,3,Telangana - 2026,26-Mar 10pm,1771.6275
4198,4,Telangana - 2026,26-Mar 10pm,1771.6275
4199,1,Telangana - 2026,26-Mar 11pm,1654.3375
4199,2,Telangana - 2026,26-Mar 11pm,1654.3375
4199,3,Telangana - 2026,26-Mar 11pm,1654.3375
4199,4,Telangana - 2026,26-Mar 11pm,1654.3375
4200,1,Telangana - 2026,27-Mar 12am,1729.7825
4200,2,Telangana - 2026,27-Mar 12am,1729.7825
4200,3,Telangana - 2026,27-Mar 12am,1729.7825
4200,4,Telangana - 2026,27-Mar 12am,1729.7825
4201,1,Telangana - 2026,27-Mar 1am,2078.77
4201,2,Telangana - 2026,27-Mar 1am,2078.77
4201,3,Telangana - 2026,27-Mar 1am,2078.77
4201,4,Telangana - 2026,27-Mar 1am,2078.77
4202,1,Telangana - 2026,27-Mar 2am,2196.0725
4202,2,Telangana - 2026,27-Mar 2am,2196.0725
4202,3,Telangana - 2026,27-Mar 2am,2196.0725
4202,4,Telangana - 2026,27-Mar 2am,2196.0725
4203,1,Telangana - 2026,27-Mar 3am,2543.71
4203,2,Telangana - 2026,27-Mar 3am,2543.71
4203,3,Telangana - 2026,27-Mar 3am,2543.71
4203,4,Telangana - 2026,27-Mar 3am,2543.71
4204,1,Telangana - 2026,27-Mar 4am,2645.1125
4204,2,Telangana - 2026,27-Mar 4am,2645.1125
4204,3,Telangana - 2026,27-Mar 4am,2645.1125
4204,4,Telangana - 2026,27-Mar 4am,2645.1125
4205,1,Telangana - 2026,27-Mar 5am,2690.3275
4205,2,Telangana - 2026,27-Mar 5am,2690.3275
4205,3,Telangana - 2026,27-Mar 5am,2690.3275
4205,4,Telangana - 2026,27-Mar 5am,2690.3275
4206,1,Telangana - 2026,27-Mar 6am,2916.3325
4206,2,Telangana - 2026,27-Mar 6am,2916.3325
4206,3,Telangana - 2026,27-Mar 6am,2916.3325
4206,4,Telangana - 2026,27-Mar 6am,2916.3325
4207,1,Telangana - 2026,27-Mar 7am,3548.64
4207,2,Telangana - 2026,27-Mar 7am,3548.64
4207,3,Telangana - 2026,27-Mar 7am,3548.64
4207,4,Telangana - 2026,27-Mar 7am,3548.64
4208,1,Telangana - 2026,27-Mar 8am,3832.3625
4208,2,Telangana - 2026,27-Mar 8am,3832.3625
4208,3,Telangana - 2026,27-Mar 8am,3832.3625
4208,4,Telangana - 2026,27-Mar 8am,3832.3625
4209,1,Telangana - 2026,27-Mar 9am,3807.3825
4209,2,Telangana - 2026,27-Mar 9am,3807.3825
4209,3,Telangana - 2026,27-Mar 9am,3807.3825
4209,4,Telangana - 2026,27-Mar 9am,3807.3825
4210,1,Telangana - 2026,27-Mar 10am,3743.18
4210,2,Telangana - 2026,27-Mar 10am,3743.18
4210,3,Telangana - 2026,27-Mar 10am,3743.18
4210,4,Telangana - 2026,27-Mar 10am,3743.18
4211,1,Telangana - 2026,27-Mar 11am,3672.61
4211,2,Telangana - 2026,27-Mar 11am,3672.61
4211,3,Telangana - 2026,27-Mar 11am,3672.61
4211,4,Telangana - 2026,27-Mar 11am,3672.61
4212,1,Telangana - 2026,27-Mar 12pm,3619.9875
4212,2,Telangana - 2026,27-Mar 12pm,3619.9875
4212,3,Telangana - 2026,27-Mar 12pm,3619.9875
4212,4,Telangana - 2026,27-Mar 12pm,3619.9875
4213,1,Telangana - 2026,27-Mar 1pm,3555.14
4213,2,Telangana - 2026,27-Mar 1pm,3555.14
4213,3,Telangana - 2026,27-Mar 1pm,3555.14
4213,4,Telangana - 2026,27-Mar 1pm,3555.14
4214,1,Telangana - 2026,27-Mar 2pm,3469.17
4214,2,Telangana - 2026,27-Mar 2pm,3469.17
4214,3,Telangana - 2026,27-Mar 2pm,3469.17
4214,4,Telangana - 2026,27-Mar 2pm,3469.17
4215,1,Telangana - 2026,27-Mar 3pm,3507.3625
4215,2,Telangana - 2026,27-Mar 3pm,3507.3625
4215,3,Telangana - 2026,27-Mar 3pm,3507.3625
4215,4,Telangana - 2026,27-Mar 3pm,3507.3625
4216,1,Telangana - 2026,27-Mar 4pm,3476.67
4216,2,Telangana - 2026,27-Mar 4pm,3476.67
4216,3,Telangana - 2026,27-Mar 4pm,3476.67
4216,4,Telangana - 2026,27-Mar 4pm,3476.67
4217,1,Telangana - 2026,27-Mar 5pm,2629.0175
4217,2,Telangana - 2026,27-Mar 5pm,2629.0175
4217,3,Telangana - 2026,27-Mar 5pm,2629.0175
4217,4,Telangana - 2026,27-Mar 5pm,2629.0175
4218,1,Telangana - 2026,27-Mar 6pm,1968.9
4218,2,Telangana - 2026,27-Mar 6pm,1968.9
4218,3,Telangana - 2026,27-Mar 6pm,1968.9
4218,4,Telangana - 2026,27-Mar 6pm,1968.9
4219,1,Telangana - 2026,27-Mar 7pm,1948.895
4219,2,Telangana - 2026,27-Mar 7pm,1948.895
4219,3,Telangana - 2026,27-Mar 7pm,1948.895
4219,4,Telangana - 2026,27-Mar 7pm,1948.895
4220,1,Telangana - 2026,27-Mar 8pm,1983.585
4220,2,Telangana - 2026,27-Mar 8pm,1983.585
4220,3,Telangana - 2026,27-Mar 8pm,1983.585
4220,4,Telangana - 2026,27-Mar 8pm,1983.585
4221,1,Telangana - 2026,27-Mar 9pm,2009.16
4221,2,Telangana - 2026,27-Mar 9pm,2009.16
4221,3,Telangana - 2026,27-Mar 9pm,2009.16
4221,4,Telangana - 2026,27-Mar 9pm,2009.16
4222,1,Telangana - 2026,27-Mar 10pm,1909.63
4222,2,Telangana - 2026,27-Mar 10pm,1909.63
4222,3,Telangana - 2026,27-Mar 10pm,1909.63
4222,4,Telangana - 2026,27-Mar 10pm,1909.63
4223,1,Telangana - 2026,27-Mar 11pm,1779.5125
4223,2,Telangana - 2026,27-Mar 11pm,1779.5125
4223,3,Telangana - 2026,27-Mar 11pm,1779.5125
4223,4,Telangana - 2026,27-Mar 11pm,1779.5125
4224,1,Telangana - 2026,28-Mar 12am,1896.0075
4224,2,Telangana - 2026,28-Mar 12am,1896.0075
4224,3,Telangana - 2026,28-Mar 12am,1896.0075
4224,4,Telangana - 2026,28-Mar 12am,1896.0075
4225,1,Telangana - 2026,28-Mar 1am,2208.695
4225,2,Telangana - 2026,28-Mar 1am,2208.695
4225,3,Telangana - 2026,28-Mar 1am,2208.695
4225,4,Telangana - 2026,28-Mar 1am,2208.695
4226,1,Telangana - 2026,28-Mar 2am,2302.2325
4226,2,Telangana - 2026,28-Mar 2am,2302.2325
4226,3,Telangana - 2026,28-Mar 2am,2302.2325
4226,4,Telangana - 2026,28-Mar 2am,2302.2325
4227,1,Telangana - 2026,28-Mar 3am,2601.325
4227,2,Telangana - 2026,28-Mar 3am,2601.325
4227,3,Telangana - 2026,28-Mar 3am,2601.325
4227,4,Telangana - 2026,28-Mar 3am,2601.325
4228,1,Telangana - 2026,28-Mar 4am,2737.86
4228,2,Telangana - 2026,28-Mar 4am,2737.86
4228,3,Telangana - 2026,28-Mar 4am,2737.86
4228,4,Telangana - 2026,28-Mar 4am,2737.86
4229,1,Telangana - 2026,28-Mar 5am,2809.9325
4229,2,Telangana - 2026,28-Mar 5am,2809.9325
4229,3,Telangana - 2026,28-Mar 5am,2809.9325
4229,4,Telangana - 2026,28-Mar 5am,2809.9325
4230,1,Telangana - 2026,28-Mar 6am,3061.9525
4230,2,Telangana - 2026,28-Mar 6am,3061.9525
4230,3,Telangana - 2026,28-Mar 6am,3061.9525
4230,4,Telangana - 2026,28-Mar 6am,3061.9525
4231,1,Telangana - 2026,28-Mar 7am,3365.3325
4231,2,Telangana - 2026,28-Mar 7am,3365.3325
4231,3,Telangana - 2026,28-Mar 7am,3365.3325
4231,4,Telangana - 2026,28-Mar 7am,3365.3325
4232,1,Telangana - 2026,28-Mar 8am,3659.93
4232,2,Telangana - 2026,28-Mar 8am,3659.93
4232,3,Telangana - 2026,28-Mar 8am,3659.93
4232,4,Telangana - 2026,28-Mar 8am,3659.93
4233,1,Telangana - 2026,28-Mar 9am,3723.8575
4233,2,Telangana - 2026,28-Mar 9am,3723.8575
4233,3,Telangana - 2026,28-Mar 9am,3723.8575
4233,4,Telangana - 2026,28-Mar 9am,3723.8575
4234,1,Telangana - 2026,28-Mar 10am,3817.9975
4234,2,Telangana - 2026,28-Mar 10am,3817.9975
4234,3,Telangana - 2026,28-Mar 10am,3817.9975
4234,4,Telangana - 2026,28-Mar 10am,3817.9975
4235,1,Telangana - 2026,28-Mar 11am,3727.0625
4235,2,Telangana - 2026,28-Mar 11am,3727.0625
4235,3,Telangana - 2026,28-Mar 11am,3727.0625
4235,4,Telangana - 2026,28-Mar 11am,3727.0625
4236,1,Telangana - 2026,28-Mar 12pm,3654.045
4236,2,Telangana - 2026,28-Mar 12pm,3654.045
4236,3,Telangana - 2026,28-Mar 12pm,3654.045
4236,4,Telangana - 2026,28-Mar 12pm,3654.045
4237,1,Telangana - 2026,28-Mar 1pm,3601.945
4237,2,Telangana - 2026,28-Mar 1pm,3601.945
4237,3,Telangana - 2026,28-Mar 1pm,3601.945
4237,4,Telangana - 2026,28-Mar 1pm,3601.945
4238,1,Telangana - 2026,28-Mar 2pm,3551.955
4238,2,Telangana - 2026,28-Mar 2pm,3551.955
4238,3,Telangana - 2026,28-Mar 2pm,3551.955
4238,4,Telangana - 2026,28-Mar 2pm,3551.955
4239,1,Telangana - 2026,28-Mar 3pm,3602.0325
4239,2,Telangana - 2026,28-Mar 3pm,3602.0325
4239,3,Telangana - 2026,28-Mar 3pm,3602.0325
4239,4,Telangana - 2026,28-Mar 3pm,3602.0325
4240,1,Telangana - 2026,28-Mar 4pm,3594.9675
4240,2,Telangana - 2026,28-Mar 4pm,3594.9675
4240,3,Telangana - 2026,28-Mar 4pm,3594.9675
4240,4,Telangana - 2026,28-Mar 4pm,3594.9675
4241,1,Telangana - 2026,28-Mar 5pm,2844.0375
4241,2,Telangana - 2026,28-Mar 5pm,2844.0375
4241,3,Telangana - 2026,28-Mar 5pm,2844.0375
4241,4,Telangana - 2026,28-Mar 5pm,2844.0375
4242,1,Telangana - 2026,28-Mar 6pm,2022.6475
4242,2,Telangana - 2026,28-Mar 6pm,2022.6475
4242,3,Telangana - 2026,28-Mar 6pm,2022.6475
4242,4,Telangana - 2026,28-Mar 6pm,2022.6475
4243,1,Telangana - 2026,28-Mar 7pm,1978.0275
4243,2,Telangana - 2026,28-Mar 7pm,1978.0275
4243,3,Telangana - 2026,28-Mar 7pm,1978.0275
4243,4,Telangana - 2026,28-Mar 7pm,1978.0275
4244,1,Telangana - 2026,28-Mar 8pm,1954.565
4244,2,Telangana - 2026,28-Mar 8pm,1954.565
4244,3,Telangana - 2026,28-Mar 8pm,1954.565
4244,4,Telangana - 2026,28-Mar 8pm,1954.565
4245,1,Telangana - 2026,28-Mar 9pm,2000.6125
4245,2,Telangana - 2026,28-Mar 9pm,2000.6125
4245,3,Telangana - 2026,28-Mar 9pm,2000.6125
4245,4,Telangana - 2026,28-Mar 9pm,2000.6125
4246,1,Telangana - 2026,28-Mar 10pm,1951.245
4246,2,Telangana - 2026,28-Mar 10pm,1951.245
4246,3,Telangana - 2026,28-Mar 10pm,1951.245
4246,4,Telangana - 2026,28-Mar 10pm,1951.245
4247,1,Telangana - 2026,28-Mar 11pm,1875.43
4247,2,Telangana - 2026,28-Mar 11pm,1875.43
4247,3,Telangana - 2026,28-Mar 11pm,1875.43
4247,4,Telangana - 2026,28-Mar 11pm,1875.43
4248,1,Telangana - 2026,29-Mar 12am,1968.8725
4248,2,Telangana - 2026,29-Mar 12am,1968.8725
4248,3,Telangana - 2026,29-Mar 12am,1968.8725
4248,4,Telangana - 2026,29-Mar 12am,1968.8725
4249,1,Telangana - 2026,29-Mar 1am,2330.3
4249,2,Telangana - 2026,29-Mar 1am,2330.3
4249,3,Telangana - 2026,29-Mar 1am,2330.3
4249,4,Telangana - 2026,29-Mar 1am,2330.3
4250,1,Telangana - 2026,29-Mar 2am,2417.995
4250,2,Telangana - 2026,29-Mar 2am,2417.995
4250,3,Telangana - 2026,29-Mar 2am,2417.995
4250,4,Telangana - 2026,29-Mar 2am,2417.995
4251,1,Telangana - 2026,29-Mar 3am,2710.74
4251,2,Telangana - 2026,29-Mar 3am,2710.74
4251,3,Telangana - 2026,29-Mar 3am,2710.74
4251,4,Telangana - 2026,29-Mar 3am,2710.74
4252,1,Telangana - 2026,29-Mar 4am,2795.875
4252,2,Telangana - 2026,29-Mar 4am,2795.875
4252,3,Telangana - 2026,29-Mar 4am,2795.875
4252,4,Telangana - 2026,29-Mar 4am,2795.875
4253,1,Telangana - 2026,29-Mar 5am,2902.3325
4253,2,Telangana - 2026,29-Mar 5am,2902.3325
4253,3,Telangana - 2026,29-Mar 5am,2902.3325
4253,4,Telangana - 2026,29-Mar 5am,2902.3325
4254,1,Telangana - 2026,29-Mar 6am,3124.0375
4254,2,Telangana - 2026,29-Mar 6am,3124.0375
4254,3,Telangana - 2026,29-Mar 6am,3124.0375
4254,4,Telangana - 2026,29-Mar 6am,3124.0375
4255,1,Telangana - 2026,29-Mar 7am,3339.355
4255,2,Telangana - 2026,29-Mar 7am,3339.355
4255,3,Telangana - 2026,29-Mar 7am,3339.355
4255,4,Telangana - 2026,29-Mar 7am,3339.355
4256,1,Telangana - 2026,29-Mar 8am,3663.4
4256,2,Telangana - 2026,29-Mar 8am,3663.4
4256,3,Telangana - 2026,29-Mar 8am,3663.4
4256,4,Telangana - 2026,29-Mar 8am,3663.4
4257,1,Telangana - 2026,29-Mar 9am,3724.83
4257,2,Telangana - 2026,29-Mar 9am,3724.83
4257,3,Telangana - 2026,29-Mar 9am,3724.83
4257,4,Telangana - 2026,29-Mar 9am,3724.83
4258,1,Telangana - 2026,29-Mar 10am,3744.18
4258,2,Telangana - 2026,29-Mar 10am,3744.18
4258,3,Telangana - 2026,29-Mar 10am,3744.18
4258,4,Telangana - 2026,29-Mar 10am,3744.18
4259,1,Telangana - 2026,29-Mar 11am,3733.9625
4259,2,Telangana - 2026,29-Mar 11am,3733.9625
4259,3,Telangana - 2026,29-Mar 11am,3733.9625
4259,4,Telangana - 2026,29-Mar 11am,3733.9625
4260,1,Telangana - 2026,29-Mar 12pm,3684.3325
4260,2,Telangana - 2026,29-Mar 12pm,3684.3325
4260,3,Telangana - 2026,29-Mar 12pm,3684.3325
4260,4,Telangana - 2026,29-Mar 12pm,3684.3325
4261,1,Telangana - 2026,29-Mar 1pm,3699.285
4261,2,Telangana - 2026,29-Mar 1pm,3699.285
4261,3,Telangana - 2026,29-Mar 1pm,3699.285
4261,4,Telangana - 2026,29-Mar 1pm,3699.285
4262,1,Telangana - 2026,29-Mar 2pm,3610.855
4262,2,Telangana - 2026,29-Mar 2pm,3610.855
4262,3,Telangana - 2026,29-Mar 2pm,3610.855
4262,4,Telangana - 2026,29-Mar 2pm,3610.855
4263,1,Telangana - 2026,29-Mar 3pm,3636.9325
4263,2,Telangana - 2026,29-Mar 3pm,3636.9325
4263,3,Telangana - 2026,29-Mar 3pm,3636.9325
4263,4,Telangana - 2026,29-Mar 3pm,3636.9325
4264,1,Telangana - 2026,29-Mar 4pm,3626.595
4264,2,Telangana - 2026,29-Mar 4pm,3626.595
4264,3,Telangana - 2026,29-Mar 4pm,3626.595
4264,4,Telangana - 2026,29-Mar 4pm,3626.595
4265,1,Telangana - 2026,29-Mar 5pm,2825.2325
4265,2,Telangana - 2026,29-Mar 5pm,2825.2325
4265,3,Telangana - 2026,29-Mar 5pm,2825.2325
4265,4,Telangana - 2026,29-Mar 5pm,2825.2325
4266,1,Telangana - 2026,29-Mar 6pm,2155.7625
4266,2,Telangana - 2026,29-Mar 6pm,2155.7625
4266,3,Telangana - 2026,29-Mar 6pm,2155.7625
4266,4,Telangana - 2026,29-Mar 6pm,2155.7625
4267,1,Telangana - 2026,29-Mar 7pm,2201.59
4267,2,Telangana - 2026,29-Mar 7pm,2201.59
4267,3,Telangana - 2026,29-Mar 7pm,2201.59
4267,4,Telangana - 2026,29-Mar 7pm,2201.59
4268,1,Telangana - 2026,29-Mar 8pm,2105.8325
4268,2,Telangana - 2026,29-Mar 8pm,2105.8325
4268,3,Telangana - 2026,29-Mar 8pm,2105.8325
4268,4,Telangana - 2026,29-Mar 8pm,2105.8325
4269,1,Telangana - 2026,29-Mar 9pm,2021.9875
4269,2,Telangana - 2026,29-Mar 9pm,2021.9875
4269,3,Telangana - 2026,29-Mar 9pm,2021.9875
4269,4,Telangana - 2026,29-Mar 9pm,2021.9875
4270,1,Telangana - 2026,29-Mar 10pm,1943.2175
4270,2,Telangana - 2026,29-Mar 10pm,1943.2175
4270,3,Telangana - 2026,29-Mar 10pm,1943.2175
4270,4,Telangana - 2026,29-Mar 10pm,1943.2175
4271,1,Telangana - 2026,29-Mar 11pm,1883.1925
4271,2,Telangana - 2026,29-Mar 11pm,1883.1925
4271,3,Telangana - 2026,29-Mar 11pm,1883.1925
4271,4,Telangana - 2026,29-Mar 11pm,1883.1925
4272,1,Telangana - 2026,30-Mar 12am,1935.175
4272,2,Telangana - 2026,30-Mar 12am,1935.175
4272,3,Telangana - 2026,30-Mar 12am,1935.175
4272,4,Telangana - 2026,30-Mar 12am,1935.175
4273,1,Telangana - 2026,30-Mar 1am,2283.7725
4273,2,Telangana - 2026,30-Mar 1am,2283.7725
4273,3,Telangana - 2026,30-Mar 1am,2283.7725
4273,4,Telangana - 2026,30-Mar 1am,2283.7725
4274,1,Telangana - 2026,30-Mar 2am,2325.455
4274,2,Telangana - 2026,30-Mar 2am,2325.455
4274,3,Telangana - 2026,30-Mar 2am,2325.455
4274,4,Telangana - 2026,30-Mar 2am,2325.455
4275,1,Telangana - 2026,30-Mar 3am,2620.2925
4275,2,Telangana - 2026,30-Mar 3am,2620.2925
4275,3,Telangana - 2026,30-Mar 3am,2620.2925
4275,4,Telangana - 2026,30-Mar 3am,2620.2925
4276,1,Telangana - 2026,30-Mar 4am,2748.68
4276,2,Telangana - 2026,30-Mar 4am,2748.68
4276,3,Telangana - 2026,30-Mar 4am,2748.68
4276,4,Telangana - 2026,30-Mar 4am,2748.68
4277,1,Telangana - 2026,30-Mar 5am,2782.9875
4277,2,Telangana - 2026,30-Mar 5am,2782.9875
4277,3,Telangana - 2026,30-Mar 5am,2782.9875
4277,4,Telangana - 2026,30-Mar 5am,2782.9875
4278,1,Telangana - 2026,30-Mar 6am,3058.5625
4278,2,Telangana - 2026,30-Mar 6am,3058.5625
4278,3,Telangana - 2026,30-Mar 6am,3058.5625
4278,4,Telangana - 2026,30-Mar 6am,3058.5625
4279,1,Telangana - 2026,30-Mar 7am,3587.19
4279,2,Telangana - 2026,30-Mar 7am,3587.19
4279,3,Telangana - 2026,30-Mar 7am,3587.19
4279,4,Telangana - 2026,30-Mar 7am,3587.19
4280,1,Telangana - 2026,30-Mar 8am,3636.2275
4280,2,Telangana - 2026,30-Mar 8am,3636.2275
4280,3,Telangana - 2026,30-Mar 8am,3636.2275
4280,4,Telangana - 2026,30-Mar 8am,3636.2275
4281,1,Telangana - 2026,30-Mar 9am,3868.2475
4281,2,Telangana - 2026,30-Mar 9am,3868.2475
4281,3,Telangana - 2026,30-Mar 9am,3868.2475
4281,4,Telangana - 2026,30-Mar 9am,3868.2475
4282,1,Telangana - 2026,30-Mar 10am,3822.8175
4282,2,Telangana - 2026,30-Mar 10am,3822.8175
4282,3,Telangana - 2026,30-Mar 10am,3822.8175
4282,4,Telangana - 2026,30-Mar 10am,3822.8175
4283,1,Telangana - 2026,30-Mar 11am,3788.095
4283,2,Telangana - 2026,30-Mar 11am,3788.095
4283,3,Telangana - 2026,30-Mar 11am,3788.095
4283,4,Telangana - 2026,30-Mar 11am,3788.095
4284,1,Telangana - 2026,30-Mar 12pm,3728.32
4284,2,Telangana - 2026,30-Mar 12pm,3728.32
4284,3,Telangana - 2026,30-Mar 12pm,3728.32
4284,4,Telangana - 2026,30-Mar 12pm,3728.32
4285,1,Telangana - 2026,30-Mar 1pm,3648.6025
4285,2,Telangana - 2026,30-Mar 1pm,3648.6025
4285,3,Telangana - 2026,30-Mar 1pm,3648.6025
4285,4,Telangana - 2026,30-Mar 1pm,3648.6025
4286,1,Telangana - 2026,30-Mar 2pm,3645.0225
4286,2,Telangana - 2026,30-Mar 2pm,3645.0225
4286,3,Telangana - 2026,30-Mar 2pm,3645.0225
4286,4,Telangana - 2026,30-Mar 2pm,3645.0225
4287,1,Telangana - 2026,30-Mar 3pm,3600.1
4287,2,Telangana - 2026,30-Mar 3pm,3600.1
4287,3,Telangana - 2026,30-Mar 3pm,3600.1
4287,4,Telangana - 2026,30-Mar 3pm,3600.1
4288,1,Telangana - 2026,30-Mar 4pm,3600.51
4288,2,Telangana - 2026,30-Mar 4pm,3600.51
4288,3,Telangana - 2026,30-Mar 4pm,3600.51
4288,4,Telangana - 2026,30-Mar 4pm,3600.51
4289,1,Telangana - 2026,30-Mar 5pm,2927.88
4289,2,Telangana - 2026,30-Mar 5pm,2927.88
4289,3,Telangana - 2026,30-Mar 5pm,2927.88
4289,4,Telangana - 2026,30-Mar 5pm,2927.88
4290,1,Telangana - 2026,30-Mar 6pm,2221.6875
4290,2,Telangana - 2026,30-Mar 6pm,2221.6875
4290,3,Telangana - 2026,30-Mar 6pm,2221.6875
4290,4,Telangana - 2026,30-Mar 6pm,2221.6875
4291,1,Telangana - 2026,30-Mar 7pm,2072.7925
4291,2,Telangana - 2026,30-Mar 7pm,2072.7925
4291,3,Telangana - 2026,30-Mar 7pm,2072.7925
4291,4,Telangana - 2026,30-Mar 7pm,2072.7925
4292,1,Telangana - 2026,30-Mar 8pm,2201.145
4292,2,Telangana - 2026,30-Mar 8pm,2201.145
4292,3,Telangana - 2026,30-Mar 8pm,2201.145
4292,4,Telangana - 2026,30-Mar 8pm,2201.145
4293,1,Telangana - 2026,30-Mar 9pm,2138.3075
4293,2,Telangana - 2026,30-Mar 9pm,2138.3075
4293,3,Telangana - 2026,30-Mar 9pm,2138.3075
4293,4,Telangana - 2026,30-Mar 9pm,2138.3075
4294,1,Telangana - 2026,30-Mar 10pm,2045.5375
4294,2,Telangana - 2026,30-Mar 10pm,2045.5375
4294,3,Telangana - 2026,30-Mar 10pm,2045.5375
4294,4,Telangana - 2026,30-Mar 10pm,2045.5375
4295,1,Telangana - 2026,30-Mar 11pm,1936.9325
4295,2,Telangana - 2026,30-Mar 11pm,1936.9325
4295,3,Telangana - 2026,30-Mar 11pm,1936.9325
4295,4,Telangana - 2026,30-Mar 11pm,1936.9325
4296,1,Telangana - 2026,31-Mar 12am,2004.25
4296,2,Telangana - 2026,31-Mar 12am,2004.25
4296,3,Telangana - 2026,31-Mar 12am,2004.25
4296,4,Telangana - 2026,31-Mar 12am,2004.25
4297,1,Telangana - 2026,31-Mar 1am,2337.595
4297,2,Telangana - 2026,31-Mar 1am,2337.595
4297,3,Telangana - 2026,31-Mar 1am,2337.595
4297,4,Telangana - 2026,31-Mar 1am,2337.595
4298,1,Telangana - 2026,31-Mar 2am,2415.1875
4298,2,Telangana - 2026,31-Mar 2am,2415.1875
4298,3,Telangana - 2026,31-Mar 2am,2415.1875
4298,4,Telangana - 2026,31-Mar 2am,2415.1875
4299,1,Telangana - 2026,31-Mar 3am,2687.4775
4299,2,Telangana - 2026,31-Mar 3am,2687.4775
4299,3,Telangana - 2026,31-Mar 3am,2687.4775
4299,4,Telangana - 2026,31-Mar 3am,2687.4775
4300,1,Telangana - 2026,31-Mar 4am,2790.365
4300,2,Telangana - 2026,31-Mar 4am,2790.365
4300,3,Telangana - 2026,31-Mar 4am,2790.365
4300,4,Telangana - 2026,31-Mar 4am,2790.365
4301,1,Telangana - 2026,31-Mar 5am,2896.8575
4301,2,Telangana - 2026,31-Mar 5am,2896.8575
4301,3,Telangana - 2026,31-Mar 5am,2896.8575
4301,4,Telangana - 2026,31-Mar 5am,2896.8575
4302,1,Telangana - 2026,31-Mar 6am,3123.43
4302,2,Telangana - 2026,31-Mar 6am,3123.43
4302,3,Telangana - 2026,31-Mar 6am,3123.43
4302,4,Telangana - 2026,31-Mar 6am,3123.43
4303,1,Telangana - 2026,31-Mar 7am,3448.5825
4303,2,Telangana - 2026,31-Mar 7am,3448.5825
4303,3,Telangana - 2026,31-Mar 7am,3448.5825
4303,4,Telangana - 2026,31-Mar 7am,3448.5825
4304,1,Telangana - 2026,31-Mar 8am,3773.7825
4304,2,Telangana - 2026,31-Mar 8am,3773.7825
4304,3,Telangana - 2026,31-Mar 8am,3773.7825
4304,4,Telangana - 2026,31-Mar 8am,3773.7825
4305,1,Telangana - 2026,31-Mar 9am,3970.6125
4305,2,Telangana - 2026,31-Mar 9am,3970.6125
4305,3,Telangana - 2026,31-Mar 9am,3970.6125
4305,4,Telangana - 2026,31-Mar 9am,3970.6125
4306,1,Telangana - 2026,31-Mar 10am,3884.6775
4306,2,Telangana - 2026,31-Mar 10am,3884.6775
4306,3,Telangana - 2026,31-Mar 10am,3884.6775
4306,4,Telangana - 2026,31-Mar 10am,3884.6775
4307,1,Telangana - 2026,31-Mar 11am,3804.91
4307,2,Telangana - 2026,31-Mar 11am,3804.91
4307,3,Telangana - 2026,31-Mar 11am,3804.91
4307,4,Telangana - 2026,31-Mar 11am,3804.91
4308,1,Telangana - 2026,31-Mar 12pm,3717.18
4308,2,Telangana - 2026,31-Mar 12pm,3717.18
4308,3,Telangana - 2026,31-Mar 12pm,3717.18
4308,4,Telangana - 2026,31-Mar 12pm,3717.18
4309,1,Telangana - 2026,31-Mar 1pm,3623.7025
4309,2,Telangana - 2026,31-Mar 1pm,3623.7025
4309,3,Telangana - 2026,31-Mar 1pm,3623.7025
4309,4,Telangana - 2026,31-Mar 1pm,3623.7025
4310,1,Telangana - 2026,31-Mar 2pm,3583.8275
4310,2,Telangana - 2026,31-Mar 2pm,3583.8275
4310,3,Telangana - 2026,31-Mar 2pm,3583.8275
4310,4,Telangana - 2026,31-Mar 2pm,3583.8275
4311,1,Telangana - 2026,31-Mar 3pm,3627.1125
4311,2,Telangana - 2026,31-Mar 3pm,3627.1125
4311,3,Telangana - 2026,31-Mar 3pm,3627.1125
4311,4,Telangana - 2026,31-Mar 3pm,3627.1125
4312,1,Telangana - 2026,31-Mar 4pm,3597.84
4312,2,Telangana - 2026,31-Mar 4pm,3597.84
4312,3,Telangana - 2026,31-Mar 4pm,3597.84
4312,4,Telangana - 2026,31-Mar 4pm,3597.84
4313,1,Telangana - 2026,31-Mar 5pm,2896.13
4313,2,Telangana - 2026,31-Mar 5pm,2896.13
4313,3,Telangana - 2026,31-Mar 5pm,2896.13
4313,4,Telangana - 2026,31-Mar 5pm,2896.13
4314,1,Telangana - 2026,31-Mar 6pm,2001.8325
4314,2,Telangana - 2026,31-Mar 6pm,2001.8325
4314,3,Telangana - 2026,31-Mar 6pm,2001.8325
4314,4,Telangana - 2026,31-Mar 6pm,2001.8325
4315,1,Telangana - 2026,31-Mar 7pm,1990.06
4315,2,Telangana - 2026,31-Mar 7pm,1990.06
4315,3,Telangana - 2026,31-Mar 7pm,1990.06
4315,4,Telangana - 2026,31-Mar 7pm,1990.06
4316,1,Telangana - 2026,31-Mar 8pm,1854.5125
4316,2,Telangana - 2026,31-Mar 8pm,1854.5125
4316,3,Telangana - 2026,31-Mar 8pm,1854.5125
4316,4,Telangana - 2026,31-Mar 8pm,1854.5125
4317,1,Telangana - 2026,31-Mar 9pm,2091.28
4317,2,Telangana - 2026,31-Mar 9pm,2091.28
4317,3,Telangana - 2026,31-Mar 9pm,2091.28
4317,4,Telangana - 2026,31-Mar 9pm,2091.28
4318,1,Telangana - 2026,31-Mar 10pm,2061.455
4318,2,Telangana - 2026,31-Mar 10pm,2061.455
4318,3,Telangana - 2026,31-Mar 10pm,2061.455
4318,4,Telangana - 2026,31-Mar 10pm,2061.455
4319,1,Telangana - 2026,31-Mar 11pm,1943.68
4319,2,Telangana - 2026,31-Mar 11pm,1943.68
4319,3,Telangana - 2026,31-Mar 11pm,1943.68
4319,4,Telangana - 2026,31-Mar 11pm,1943.68
