source_row,quarter,State,Date,Hourly Demand Met (in MW)
0,1,Tamil Nadu - 2026,01-Jan 12am,3288.6725
0,2,Tamil Nadu - 2026,01-Jan 12am,3288.6725
0,3,Tamil Nadu - 2026,01-Jan 12am,3288.6725
0,4,Tamil Nadu - 2026,01-Jan 12am,3288.6725
1,1,Tamil Nadu - 2026,01-Jan 1am,3232.4425
1,2,Tamil Nadu - 2026,01-Jan 1am,3232.4425
1,3,Tamil Nadu - 2026,01-Jan 1am,3232.4425
1,4,Tamil Nadu - 2026,01-Jan 1am,3232.4425
2,1,Tamil Nadu - 2026,01-Jan 2am,3172.655
2,2,Tamil Nadu - 2026,01-Jan 2am,3172.655
2,3,Tamil Nadu - 2026,01-Jan 2am,3172.655
2,4,Tamil Nadu - 2026,01-Jan 2am,3172.655
3,1,Tamil Nadu - 2026,01-Jan 3am,3125.645
3,2,Tamil Nadu - 2026,01-Jan 3am,3125.645
3,3,Tamil Nadu - 2026,01-Jan 3am,3125.645
3,4,Tamil Nadu - 2026,01-Jan 3am,3125.645
4,1,Tamil Nadu - 2026,01-Jan 4am,3161.315
4,2,Tamil Nadu - 2026,01-Jan 4am,3161.315
4,3,Tamil Nadu - 2026,01-Jan 4am,3161.315
4,4,Tamil Nadu - 2026,01-Jan 4am,3161.315
5,1,Tamil Nadu - 2026,01-Jan 5am,3264.2875
5,2,Tamil Nadu - 2026,01-Jan 5am,3264.2875
5,3,Tamil Nadu - 2026,01-Jan 5am,3264.2875
5,4,Tamil Nadu - 2026,01-Jan 5am,3264.2875
6,1,Tamil Nadu - 2026,01-Jan 6am,3367.98
6,2,Tamil Nadu - 2026,01-Jan 6am,3367.98
6,3,Tamil Nadu - 2026,01-Jan 6am,3367.98
6,4,Tamil Nadu - 2026,01-Jan 6am,3367.98
7,1,Tamil Nadu - 2026,01-Jan 7am,3644.78
7,2,Tamil Nadu - 2026,01-Jan 7am,3644.78
7,3,Tamil Nadu - 2026,01-Jan 7am,3644.78
7,4,Tamil Nadu - 2026,01-Jan 7am,3644.78
8,1,Tamil Nadu - 2026,01-Jan 8am,3797.9975
8,2,Tamil Nadu - 2026,01-Jan 8am,3797.9975
8,3,Tamil Nadu - 2026,01-Jan 8am,3797.9975
8,4,Tamil Nadu - 2026,01-Jan 8am,3797.9975
9,1,Tamil Nadu - 2026,01-Jan 9am,4046.1875
9,2,Tamil Nadu - 2026,01-Jan 9am,4046.1875
9,3,Tamil Nadu - 2026,01-Jan 9am,4046.1875
9,4,Tamil Nadu - 2026,01-Jan 9am,4046.1875
10,1,Tamil Nadu - 2026,01-Jan 10am,4108.31
10,2,Tamil Nadu - 2026,01-Jan 10am,4108.31
10,3,Tamil Nadu - 2026,01-Jan 10am,4108.31
10,4,Tamil Nadu - 2026,01-Jan 10am,4108.31
11,1,Tamil Nadu - 2026,01-Jan 11am,4004.2325
11,2,Tamil Nadu - 2026,01-Jan 11am,4004.2325
11,3,Tamil Nadu - 2026,01-Jan 11am,4004.2325
11,4,Tamil Nadu - 2026,01-Jan 11am,4004.2325
12,1,Tamil Nadu - 2026,01-Jan 12pm,3956.2575
12,2,Tamil Nadu - 2026,01-Jan 12pm,3956.2575
12,3,Tamil Nadu - 2026,01-Jan 12pm,3956.2575
12,4,Tamil Nadu - 2026,01-Jan 12pm,3956.2575
13,1,Tamil Nadu - 2026,01-Jan 1pm,3926.755
13,2,Tamil Nadu - 2026,01-Jan 1pm,3926.755
13,3,Tamil Nadu - 2026,01-Jan 1pm,3926.755
13,4,Tamil Nadu - 2026,01-Jan 1pm,3926.755
14,1,Tamil Nadu - 2026,01-Jan 2pm,3676.795
14,2,Tamil Nadu - 2026,01-Jan 2pm,3676.795
14,3,Tamil Nadu - 2026,01-Jan 2pm,3676.795
14,4,Tamil Nadu - 2026,01-Jan 2pm,3676.795
15,1,Tamil Nadu - 2026,01-Jan 3pm,3762.965
15,2,Tamil Nadu - 2026,01-Jan 3pm,3762.965
15,3,Tamil Nadu - 2026,01-Jan 3pm,3762.965
15,4,Tamil Nadu - 2026,01-Jan 3pm,3762.965
16,1,Tamil Nadu - 2026,01-Jan 4pm,3776.195
16,2,Tamil Nadu - 2026,01-Jan 4pm,3776.195
16,3,Tamil Nadu - 2026,01-Jan 4pm,3776.195
16,4,Tamil Nadu - 2026,01-Jan 4pm,3776.195
17,1,Tamil Nadu - 2026,01-Jan 5pm,3653.7025
17,2,Tamil Nadu - 2026,01-Jan 5pm,3653.7025
17,3,Tamil Nadu - 2026,01-Jan 5pm,3653.7025
17,4,Tamil Nadu - 2026,01-Jan 5pm,3653.7025
18,1,Tamil Nadu - 2026,01-Jan 6pm,3761.08
18,2,Tamil Nadu - 2026,01-Jan 6pm,3761.08
18,3,Tamil Nadu - 2026,01-Jan 6pm,3761.08
18,4,Tamil Nadu - 2026,01-Jan 6pm,3761.08
19,1,Tamil Nadu - 2026,01-Jan 7pm,3716.3025
19,2,Tamil Nadu - 2026,01-Jan 7pm,3716.3025
19,3,Tamil Nadu - 2026,01-Jan 7pm,3716.3025
19,4,Tamil Nadu - 2026,01-Jan 7pm,3716.3025
20,1,Tamil Nadu - 2026,01-Jan 8pm,3544.0125
20,2,Tamil Nadu - 2026,01-Jan 8pm,3544.0125
20,3,Tamil Nadu - 2026,01-Jan 8pm,3544.0125
20,4,Tamil Nadu - 2026,01-Jan 8pm,3544.0125
21,1,Tamil Nadu - 2026,01-Jan 9pm,3401.1025
21,2,Tamil Nadu - 2026,01-Jan 9pm,3401.1025
21,3,Tamil Nadu - 2026,01-Jan 9pm,3401.1025
21,4,Tamil Nadu - 2026,01-Jan 9pm,3401.1025
22,1,Tamil Nadu - 2026,01-Jan 10pm,3244.98
22,2,Tamil Nadu - 2026,01-Jan 10pm,3244.98
22,3,Tamil Nadu - 2026,01-Jan 10pm,3244.98
22,4,Tamil Nadu - 2026,01-Jan 10pm,3244.98
23,1,Tamil Nadu - 2026,01-Jan 11pm,3087.49
23,2,Tamil Nadu - 2026,01-Jan 11pm,3087.49
23,3,Tamil Nadu - 2026,01-Jan 11pm,3087.49
23,4,Tamil Nadu - 2026,01-Jan 11pm,3087.49
24,1,Tamil Nadu - 2026,02-Jan 12am,3038.475
24,2,Tamil Nadu - 2026,02-Jan 12am,3038.475
24,3,Tamil Nadu - 2026,02-Jan 12am,3038.475
24,4,Tamil Nadu - 2026,02-Jan 12am,3038.475
25,1,Tamil Nadu - 2026,02-Jan 1am,2976.3225
25,2,Tamil Nadu - 2026,02-Jan 1am,2976.3225
25,3,Tamil Nadu - 2026,02-Jan 1am,2976.3225
25,4,Tamil Nadu - 2026,02-Jan 1am,2976.3225
26,1,Tamil Nadu - 2026,02-Jan 2am,2939.705
26,2,Tamil Nadu - 2026,02-Jan 2am,2939.705
26,3,Tamil Nadu - 2026,02-Jan 2am,2939.705
26,4,Tamil Nadu - 2026,02-Jan 2am,2939.705
27,1,Tamil Nadu - 2026,02-Jan 3am,2929.1825
27,2,Tamil Nadu - 2026,02-Jan 3am,2929.1825
27,3,Tamil Nadu - 2026,02-Jan 3am,2929.1825
27,4,Tamil Nadu - 2026,02-Jan 3am,2929.1825
28,1,Tamil Nadu - 2026,02-Jan 4am,2945.6675
28,2,Tamil Nadu - 2026,02-Jan 4am,2945.6675
28,3,Tamil Nadu - 2026,02-Jan 4am,2945.6675
28,4,Tamil Nadu - 2026,02-Jan 4am,2945.6675
29,1,Tamil Nadu - 2026,02-Jan 5am,3074.2775
29,2,Tamil Nadu - 2026,02-Jan 5am,3074.2775
29,3,Tamil Nadu - 2026,02-Jan 5am,3074.2775
29,4,Tamil Nadu - 2026,02-Jan 5am,3074.2775
30,1,Tamil Nadu - 2026,02-Jan 6am,3240.28
30,2,Tamil Nadu - 2026,02-Jan 6am,3240.28
30,3,Tamil Nadu - 2026,02-Jan 6am,3240.28
30,4,Tamil Nadu - 2026,02-Jan 6am,3240.28
31,1,Tamil Nadu - 2026,02-Jan 7am,3717.3425
31,2,Tamil Nadu - 2026,02-Jan 7am,3717.3425
31,3,Tamil Nadu - 2026,02-Jan 7am,3717.3425
31,4,Tamil Nadu - 2026,02-Jan 7am,3717.3425
32,1,Tamil Nadu - 2026,02-Jan 8am,3987.6825
32,2,Tamil Nadu - 2026,02-Jan 8am,3987.6825
32,3,Tamil Nadu - 2026,02-Jan 8am,3987.6825
32,4,Tamil Nadu - 2026,02-Jan 8am,3987.6825
33,1,Tamil Nadu - 2026,02-Jan 9am,4159.45
33,2,Tamil Nadu - 2026,02-Jan 9am,4159.45
33,3,Tamil Nadu - 2026,02-Jan 9am,4159.45
33,4,Tamil Nadu - 2026,02-Jan 9am,4159.45
34,1,Tamil Nadu - 2026,02-Jan 10am,4250.5075
34,2,Tamil Nadu - 2026,02-Jan 10am,4250.5075
34,3,Tamil Nadu - 2026,02-Jan 10am,4250.5075
34,4,Tamil Nadu - 2026,02-Jan 10am,4250.5075
35,1,Tamil Nadu - 2026,02-Jan 11am,4188.76
35,2,Tamil Nadu - 2026,02-Jan 11am,4188.76
35,3,Tamil Nadu - 2026,02-Jan 11am,4188.76
35,4,Tamil Nadu - 2026,02-Jan 11am,4188.76
36,1,Tamil Nadu - 2026,02-Jan 12pm,4145.785
36,2,Tamil Nadu - 2026,02-Jan 12pm,4145.785
36,3,Tamil Nadu - 2026,02-Jan 12pm,4145.785
36,4,Tamil Nadu - 2026,02-Jan 12pm,4145.785
37,1,Tamil Nadu - 2026,02-Jan 1pm,4115.2525
37,2,Tamil Nadu - 2026,02-Jan 1pm,4115.2525
37,3,Tamil Nadu - 2026,02-Jan 1pm,4115.2525
37,4,Tamil Nadu - 2026,02-Jan 1pm,4115.2525
38,1,Tamil Nadu - 2026,02-Jan 2pm,4044.0625
38,2,Tamil Nadu - 2026,02-Jan 2pm,4044.0625
38,3,Tamil Nadu - 2026,02-Jan 2pm,4044.0625
38,4,Tamil Nadu - 2026,02-Jan 2pm,4044.0625
39,1,Tamil Nadu - 2026,02-Jan 3pm,4095.475
39,2,Tamil Nadu - 2026,02-Jan 3pm,4095.475
39,3,Tamil Nadu - 2026,02-Jan 3pm,4095.475
39,4,Tamil Nadu - 2026,02-Jan 3pm,4095.475
40,1,Tamil Nadu - 2026,02-Jan 4pm,4201.56
40,2,Tamil Nadu - 2026,02-Jan 4pm,4201.56
40,3,Tamil Nadu - 2026,02-Jan 4pm,4201.56
40,4,Tamil Nadu - 2026,02-Jan 4pm,4201.56
41,1,Tamil Nadu - 2026,02-Jan 5pm,4297.4875
41,2,Tamil Nadu - 2026,02-Jan 5pm,4297.4875
41,3,Tamil Nadu - 2026,02-Jan 5pm,4297.4875
41,4,Tamil Nadu - 2026,02-Jan 5pm,4297.4875
42,1,Tamil Nadu - 2026,02-Jan 6pm,4228.49
42,2,Tamil Nadu - 2026,02-Jan 6pm,4228.49
42,3,Tamil Nadu - 2026,02-Jan 6pm,4228.49
42,4,Tamil Nadu - 2026,02-Jan 6pm,4228.49
43,1,Tamil Nadu - 2026,02-Jan 7pm,4164.66
43,2,Tamil Nadu - 2026,02-Jan 7pm,4164.66
43,3,Tamil Nadu - 2026,02-Jan 7pm,4164.66
43,4,Tamil Nadu - 2026,02-Jan 7pm,4164.66
44,1,Tamil Nadu - 2026,02-Jan 8pm,3899.245
44,2,Tamil Nadu - 2026,02-Jan 8pm,3899.245
44,3,Tamil Nadu - 2026,02-Jan 8pm,3899.245
44,4,Tamil Nadu - 2026,02-Jan 8pm,3899.245
45,1,Tamil Nadu - 2026,02-Jan 9pm,3711.3275
45,2,Tamil Nadu - 2026,02-Jan 9pm,3711.3275
45,3,Tamil Nadu - 2026,02-Jan 9pm,3711.3275
45,4,Tamil Nadu - 2026,02-Jan 9pm,3711.3275
46,1,Tamil Nadu - 2026,02-Jan 10pm,3508.15
46,2,Tamil Nadu - 2026,02-Jan 10pm,3508.15
46,3,Tamil Nadu - 2026,02-Jan 10pm,3508.15
46,4,Tamil Nadu - 2026,02-Jan 10pm,3508.15
47,1,Tamil Nadu - 2026,02-Jan 11pm,3342.7625
47,2,Tamil Nadu - 2026,02-Jan 11pm,3342.7625
47,3,Tamil Nadu - 2026,02-Jan 11pm,3342.7625
47,4,Tamil Nadu - 2026,02-Jan 11pm,3342.7625
48,1,Tamil Nadu - 2026,03-Jan 12am,3246.7125
48,2,Tamil Nadu - 2026,03-Jan 12am,3246.7125
48,3,Tamil Nadu - 2026,03-Jan 12am,3246.7125
48,4,Tamil Nadu - 2026,03-Jan 12am,3246.7125
49,1,Tamil Nadu - 2026,03-Jan 1am,3164.645
49,2,Tamil Nadu - 2026,03-Jan 1am,3164.645
49,3,Tamil Nadu - 2026,03-Jan 1am,3164.645
49,4,Tamil Nadu - 2026,03-Jan 1am,3164.645
50,1,Tamil Nadu - 2026,03-Jan 2am,3099.6275
50,2,Tamil Nadu - 2026,03-Jan 2am,3099.6275
50,3,Tamil Nadu - 2026,03-Jan 2am,3099.6275
50,4,Tamil Nadu - 2026,03-Jan 2am,3099.6275
51,1,Tamil Nadu - 2026,03-Jan 3am,3093.1375
51,2,Tamil Nadu - 2026,03-Jan 3am,3093.1375
51,3,Tamil Nadu - 2026,03-Jan 3am,3093.1375
51,4,Tamil Nadu - 2026,03-Jan 3am,3093.1375
52,1,Tamil Nadu - 2026,03-Jan 4am,3112.61
52,2,Tamil Nadu - 2026,03-Jan 4am,3112.61
52,3,Tamil Nadu - 2026,03-Jan 4am,3112.61
52,4,Tamil Nadu - 2026,03-Jan 4am,3112.61
53,1,Tamil Nadu - 2026,03-Jan 5am,3227.3325
53,2,Tamil Nadu - 2026,03-Jan 5am,3227.3325
53,3,Tamil Nadu - 2026,03-Jan 5am,3227.3325
53,4,Tamil Nadu - 2026,03-Jan 5am,3227.3325
54,1,Tamil Nadu - 2026,03-Jan 6am,3339.45
54,2,Tamil Nadu - 2026,03-Jan 6am,3339.45
54,3,Tamil Nadu - 2026,03-Jan 6am,3339.45
54,4,Tamil Nadu - 2026,03-Jan 6am,3339.45
55,1,Tamil Nadu - 2026,03-Jan 7am,3715.3775
55,2,Tamil Nadu - 2026,03-Jan 7am,3715.3775
55,3,Tamil Nadu - 2026,03-Jan 7am,3715.3775
55,4,Tamil Nadu - 2026,03-Jan 7am,3715.3775
56,1,Tamil Nadu - 2026,03-Jan 8am,3952.8325
56,2,Tamil Nadu - 2026,03-Jan 8am,3952.8325
56,3,Tamil Nadu - 2026,03-Jan 8am,3952.8325
56,4,Tamil Nadu - 2026,03-Jan 8am,3952.8325
57,1,Tamil Nadu - 2026,03-Jan 9am,4090.34
57,2,Tamil Nadu - 2026,03-Jan 9am,4090.34
57,3,Tamil Nadu - 2026,03-Jan 9am,4090.34
57,4,Tamil Nadu - 2026,03-Jan 9am,4090.34
58,1,Tamil Nadu - 2026,03-Jan 10am,3890.9975
58,2,Tamil Nadu - 2026,03-Jan 10am,3890.9975
58,3,Tamil Nadu - 2026,03-Jan 10am,3890.9975
58,4,Tamil Nadu - 2026,03-Jan 10am,3890.9975
59,1,Tamil Nadu - 2026,03-Jan 11am,3789.9775
59,2,Tamil Nadu - 2026,03-Jan 11am,3789.9775
59,3,Tamil Nadu - 2026,03-Jan 11am,3789.9775
59,4,Tamil Nadu - 2026,03-Jan 11am,3789.9775
60,1,Tamil Nadu - 2026,03-Jan 12pm,3837.3575
60,2,Tamil Nadu - 2026,03-Jan 12pm,3837.3575
60,3,Tamil Nadu - 2026,03-Jan 12pm,3837.3575
60,4,Tamil Nadu - 2026,03-Jan 12pm,3837.3575
61,1,Tamil Nadu - 2026,03-Jan 1pm,3690.7025
61,2,Tamil Nadu - 2026,03-Jan 1pm,3690.7025
61,3,Tamil Nadu - 2026,03-Jan 1pm,3690.7025
61,4,Tamil Nadu - 2026,03-Jan 1pm,3690.7025
62,1,Tamil Nadu - 2026,03-Jan 2pm,3657.5775
62,2,Tamil Nadu - 2026,03-Jan 2pm,3657.5775
62,3,Tamil Nadu - 2026,03-Jan 2pm,3657.5775
62,4,Tamil Nadu - 2026,03-Jan 2pm,3657.5775
63,1,Tamil Nadu - 2026,03-Jan 3pm,3750.0925
63,2,Tamil Nadu - 2026,03-Jan 3pm,3750.0925
63,3,Tamil Nadu - 2026,03-Jan 3pm,3750.0925
63,4,Tamil Nadu - 2026,03-Jan 3pm,3750.0925
64,1,Tamil Nadu - 2026,03-Jan 4pm,3855.37
64,2,Tamil Nadu - 2026,03-Jan 4pm,3855.37
64,3,Tamil Nadu - 2026,03-Jan 4pm,3855.37
64,4,Tamil Nadu - 2026,03-Jan 4pm,3855.37
65,1,Tamil Nadu - 2026,03-Jan 5pm,4157.14
65,2,Tamil Nadu - 2026,03-Jan 5pm,4157.14
65,3,Tamil Nadu - 2026,03-Jan 5pm,4157.14
65,4,Tamil Nadu - 2026,03-Jan 5pm,4157.14
66,1,Tamil Nadu - 2026,03-Jan 6pm,4144.9525
66,2,Tamil Nadu - 2026,03-Jan 6pm,4144.9525
66,3,Tamil Nadu - 2026,03-Jan 6pm,4144.9525
66,4,Tamil Nadu - 2026,03-Jan 6pm,4144.9525
67,1,Tamil Nadu - 2026,03-Jan 7pm,4063.96
67,2,Tamil Nadu - 2026,03-Jan 7pm,4063.96
67,3,Tamil Nadu - 2026,03-Jan 7pm,4063.96
67,4,Tamil Nadu - 2026,03-Jan 7pm,4063.96
68,1,Tamil Nadu - 2026,03-Jan 8pm,3778.7525
68,2,Tamil Nadu - 2026,03-Jan 8pm,3778.7525
68,3,Tamil Nadu - 2026,03-Jan 8pm,3778.7525
68,4,Tamil Nadu - 2026,03-Jan 8pm,3778.7525
69,1,Tamil Nadu - 2026,03-Jan 9pm,3636.05
69,2,Tamil Nadu - 2026,03-Jan 9pm,3636.05
69,3,Tamil Nadu - 2026,03-Jan 9pm,3636.05
69,4,Tamil Nadu - 2026,03-Jan 9pm,3636.05
70,1,Tamil Nadu - 2026,03-Jan 10pm,3424.535
70,2,Tamil Nadu - 2026,03-Jan 10pm,3424.535
70,3,Tamil Nadu - 2026,03-Jan 10pm,3424.535
70,4,Tamil Nadu - 2026,03-Jan 10pm,3424.535
71,1,Tamil Nadu - 2026,03-Jan 11pm,3213.59
71,2,Tamil Nadu - 2026,03-Jan 11pm,3213.59
71,3,Tamil Nadu - 2026,03-Jan 11pm,3213.59
71,4,Tamil Nadu - 2026,03-Jan 11pm,3213.59
72,1,Tamil Nadu - 2026,04-Jan 12am,3129.7
72,2,Tamil Nadu - 2026,04-Jan 12am,3129.7
72,3,Tamil Nadu - 2026,04-Jan 12am,3129.7
72,4,Tamil Nadu - 2026,04-Jan 12am,3129.7
73,1,Tamil Nadu - 2026,04-Jan 1am,3041.7175
73,2,Tamil Nadu - 2026,04-Jan 1am,3041.7175
73,3,Tamil Nadu - 2026,04-Jan 1am,3041.7175
73,4,Tamil Nadu - 2026,04-Jan 1am,3041.7175
74,1,Tamil Nadu - 2026,04-Jan 2am,2989.03
74,2,Tamil Nadu - 2026,04-Jan 2am,2989.03
74,3,Tamil Nadu - 2026,04-Jan 2am,2989.03
74,4,Tamil Nadu - 2026,04-Jan 2am,2989.03
75,1,Tamil Nadu - 2026,04-Jan 3am,2987.38
75,2,Tamil Nadu - 2026,04-Jan 3am,2987.38
75,3,Tamil Nadu - 2026,04-Jan 3am,2987.38
75,4,Tamil Nadu - 2026,04-Jan 3am,2987.38
76,1,Tamil Nadu - 2026,04-Jan 4am,2992.2725
76,2,Tamil Nadu - 2026,04-Jan 4am,2992.2725
76,3,Tamil Nadu - 2026,04-Jan 4am,2992.2725
76,4,Tamil Nadu - 2026,04-Jan 4am,2992.2725
77,1,Tamil Nadu - 2026,04-Jan 5am,3092.03
77,2,Tamil Nadu - 2026,04-Jan 5am,3092.03
77,3,Tamil Nadu - 2026,04-Jan 5am,3092.03
77,4,Tamil Nadu - 2026,04-Jan 5am,3092.03
78,1,Tamil Nadu - 2026,04-Jan 6am,3161.0325
78,2,Tamil Nadu - 2026,04-Jan 6am,3161.0325
78,3,Tamil Nadu - 2026,04-Jan 6am,3161.0325
78,4,Tamil Nadu - 2026,04-Jan 6am,3161.0325
79,1,Tamil Nadu - 2026,04-Jan 7am,3458.6475
79,2,Tamil Nadu - 2026,04-Jan 7am,3458.6475
79,3,Tamil Nadu - 2026,04-Jan 7am,3458.6475
79,4,Tamil Nadu - 2026,04-Jan 7am,3458.6475
80,1,Tamil Nadu - 2026,04-Jan 8am,3577.52
80,2,Tamil Nadu - 2026,04-Jan 8am,3577.52
80,3,Tamil Nadu - 2026,04-Jan 8am,3577.52
80,4,Tamil Nadu - 2026,04-Jan 8am,3577.52
81,1,Tamil Nadu - 2026,04-Jan 9am,3653.57
81,2,Tamil Nadu - 2026,04-Jan 9am,3653.57
81,3,Tamil Nadu - 2026,04-Jan 9am,3653.57
81,4,Tamil Nadu - 2026,04-Jan 9am,3653.57
82,1,Tamil Nadu - 2026,04-Jan 10am,3559.8625
82,2,Tamil Nadu - 2026,04-Jan 10am,3559.8625
82,3,Tamil Nadu - 2026,04-Jan 10am,3559.8625
82,4,Tamil Nadu - 2026,04-Jan 10am,3559.8625
83,1,Tamil Nadu - 2026,04-Jan 11am,3457.905
83,2,Tamil Nadu - 2026,04-Jan 11am,3457.905
83,3,Tamil Nadu - 2026,04-Jan 11am,3457.905
83,4,Tamil Nadu - 2026,04-Jan 11am,3457.905
84,1,Tamil Nadu - 2026,04-Jan 12pm,3386.5775
84,2,Tamil Nadu - 2026,04-Jan 12pm,3386.5775
84,3,Tamil Nadu - 2026,04-Jan 12pm,3386.5775
84,4,Tamil Nadu - 2026,04-Jan 12pm,3386.5775
85,1,Tamil Nadu - 2026,04-Jan 1pm,3294.3275
85,2,Tamil Nadu - 2026,04-Jan 1pm,3294.3275
85,3,Tamil Nadu - 2026,04-Jan 1pm,3294.3275
85,4,Tamil Nadu - 2026,04-Jan 1pm,3294.3275
86,1,Tamil Nadu - 2026,04-Jan 2pm,3273.585
86,2,Tamil Nadu - 2026,04-Jan 2pm,3273.585
86,3,Tamil Nadu - 2026,04-Jan 2pm,3273.585
86,4,Tamil Nadu - 2026,04-Jan 2pm,3273.585
87,1,Tamil Nadu - 2026,04-Jan 3pm,3323.01
87,2,Tamil Nadu - 2026,04-Jan 3pm,3323.01
87,3,Tamil Nadu - 2026,04-Jan 3pm,3323.01
87,4,Tamil Nadu - 2026,04-Jan 3pm,3323.01
88,1,Tamil Nadu - 2026,04-Jan 4pm,3480.9
88,2,Tamil Nadu - 2026,04-Jan 4pm,3480.9
88,3,Tamil Nadu - 2026,04-Jan 4pm,3480.9
88,4,Tamil Nadu - 2026,04-Jan 4pm,3480.9
89,1,Tamil Nadu - 2026,04-Jan 5pm,3603.825
89,2,Tamil Nadu - 2026,04-Jan 5pm,3603.825
89,3,Tamil Nadu - 2026,04-Jan 5pm,3603.825
89,4,Tamil Nadu - 2026,04-Jan 5pm,3603.825
90,1,Tamil Nadu - 2026,04-Jan 6pm,3684.23
90,2,Tamil Nadu - 2026,04-Jan 6pm,3684.23
90,3,Tamil Nadu - 2026,04-Jan 6pm,3684.23
90,4,Tamil Nadu - 2026,04-Jan 6pm,3684.23
91,1,Tamil Nadu - 2026,04-Jan 7pm,3602.8925
91,2,Tamil Nadu - 2026,04-Jan 7pm,3602.8925
91,3,Tamil Nadu - 2026,04-Jan 7pm,3602.8925
91,4,Tamil Nadu - 2026,04-Jan 7pm,3602.8925
92,1,Tamil Nadu - 2026,04-Jan 8pm,3402.5875
92,2,Tamil Nadu - 2026,04-Jan 8pm,3402.5875
92,3,Tamil Nadu - 2026,04-Jan 8pm,3402.5875
92,4,Tamil Nadu - 2026,04-Jan 8pm,3402.5875
93,1,Tamil Nadu - 2026,04-Jan 9pm,3262.0325
93,2,Tamil Nadu - 2026,04-Jan 9pm,3262.0325
93,3,Tamil Nadu - 2026,04-Jan 9pm,3262.0325
93,4,Tamil Nadu - 2026,04-Jan 9pm,3262.0325
94,1,Tamil Nadu - 2026,04-Jan 10pm,3105.5375
94,2,Tamil Nadu - 2026,04-Jan 10pm,3105.5375
94,3,Tamil Nadu - 2026,04-Jan 10pm,3105.5375
94,4,Tamil Nadu - 2026,04-Jan 10pm,3105.5375
95,1,Tamil Nadu - 2026,04-Jan 11pm,2885.3675
95,2,Tamil Nadu - 2026,04-Jan 11pm,2885.3675
95,3,Tamil Nadu - 2026,04-Jan 11pm,2885.3675
95,4,Tamil Nadu - 2026,04-Jan 11pm,2885.3675
96,1,Tamil Nadu - 2026,05-Jan 12am,2796.265
96,2,Tamil Nadu - 2026,05-Jan 12am,2796.265
96,3,Tamil Nadu - 2026,05-Jan 12am,2796.265
96,4,Tamil Nadu - 2026,05-Jan 12am,2796.265
97,1,Tamil Nadu - 2026,05-Jan 1am,2781.015
97,2,Tamil Nadu - 2026,05-Jan 1am,2781.015
97,3,Tamil Nadu - 2026,05-Jan 1am,2781.015
97,4,Tamil Nadu - 2026,05-Jan 1am,2781.015
98,1,Tamil Nadu - 2026,05-Jan 2am,2771.0275
98,2,Tamil Nadu - 2026,05-Jan 2am,2771.0275
98,3,Tamil Nadu - 2026,05-Jan 2am,2771.0275
98,4,Tamil Nadu - 2026,05-Jan 2am,2771.0275
99,1,Tamil Nadu - 2026,05-Jan 3am,2713.8025
99,2,Tamil Nadu - 2026,05-Jan 3am,2713.8025
99,3,Tamil Nadu - 2026,05-Jan 3am,2713.8025
99,4,Tamil Nadu - 2026,05-Jan 3am,2713.8025
100,1,Tamil Nadu - 2026,05-Jan 4am,2755.25
100,2,Tamil Nadu - 2026,05-Jan 4am,2755.25
100,3,Tamil Nadu - 2026,05-Jan 4am,2755.25
100,4,Tamil Nadu - 2026,05-Jan 4am,2755.25
101,1,Tamil Nadu - 2026,05-Jan 5am,2909.2675
101,2,Tamil Nadu - 2026,05-Jan 5am,2909.2675
101,3,Tamil Nadu - 2026,05-Jan 5am,2909.2675
101,4,Tamil Nadu - 2026,05-Jan 5am,2909.2675
102,1,Tamil Nadu - 2026,05-Jan 6am,3181.53
102,2,Tamil Nadu - 2026,05-Jan 6am,3181.53
102,3,Tamil Nadu - 2026,05-Jan 6am,3181.53
102,4,Tamil Nadu - 2026,05-Jan 6am,3181.53
103,1,Tamil Nadu - 2026,05-Jan 7am,3855.2775
103,2,Tamil Nadu - 2026,05-Jan 7am,3855.2775
103,3,Tamil Nadu - 2026,05-Jan 7am,3855.2775
103,4,Tamil Nadu - 2026,05-Jan 7am,3855.2775
104,1,Tamil Nadu - 2026,05-Jan 8am,3999.3775
104,2,Tamil Nadu - 2026,05-Jan 8am,3999.3775
104,3,Tamil Nadu - 2026,05-Jan 8am,3999.3775
104,4,Tamil Nadu - 2026,05-Jan 8am,3999.3775
105,1,Tamil Nadu - 2026,05-Jan 9am,3945.205
105,2,Tamil Nadu - 2026,05-Jan 9am,3945.205
105,3,Tamil Nadu - 2026,05-Jan 9am,3945.205
105,4,Tamil Nadu - 2026,05-Jan 9am,3945.205
106,1,Tamil Nadu - 2026,05-Jan 10am,3921.45
106,2,Tamil Nadu - 2026,05-Jan 10am,3921.45
106,3,Tamil Nadu - 2026,05-Jan 10am,3921.45
106,4,Tamil Nadu - 2026,05-Jan 10am,3921.45
107,1,Tamil Nadu - 2026,05-Jan 11am,3898.4575
107,2,Tamil Nadu - 2026,05-Jan 11am,3898.4575
107,3,Tamil Nadu - 2026,05-Jan 11am,3898.4575
107,4,Tamil Nadu - 2026,05-Jan 11am,3898.4575
108,1,Tamil Nadu - 2026,05-Jan 12pm,3833.8175
108,2,Tamil Nadu - 2026,05-Jan 12pm,3833.8175
108,3,Tamil Nadu - 2026,05-Jan 12pm,3833.8175
108,4,Tamil Nadu - 2026,05-Jan 12pm,3833.8175
109,1,Tamil Nadu - 2026,05-Jan 1pm,3697.2475
109,2,Tamil Nadu - 2026,05-Jan 1pm,3697.2475
109,3,Tamil Nadu - 2026,05-Jan 1pm,3697.2475
109,4,Tamil Nadu - 2026,05-Jan 1pm,3697.2475
110,1,Tamil Nadu - 2026,05-Jan 2pm,3616.78
110,2,Tamil Nadu - 2026,05-Jan 2pm,3616.78
110,3,Tamil Nadu - 2026,05-Jan 2pm,3616.78
110,4,Tamil Nadu - 2026,05-Jan 2pm,3616.78
111,1,Tamil Nadu - 2026,05-Jan 3pm,3879.9075
111,2,Tamil Nadu - 2026,05-Jan 3pm,3879.9075
111,3,Tamil Nadu - 2026,05-Jan 3pm,3879.9075
111,4,Tamil Nadu - 2026,05-Jan 3pm,3879.9075
112,1,Tamil Nadu - 2026,05-Jan 4pm,4023.31
112,2,Tamil Nadu - 2026,05-Jan 4pm,4023.31
112,3,Tamil Nadu - 2026,05-Jan 4pm,4023.31
112,4,Tamil Nadu - 2026,05-Jan 4pm,4023.31
113,1,Tamil Nadu - 2026,05-Jan 5pm,4309.2925
113,2,Tamil Nadu - 2026,05-Jan 5pm,4309.2925
113,3,Tamil Nadu - 2026,05-Jan 5pm,4309.2925
113,4,Tamil Nadu - 2026,05-Jan 5pm,4309.2925
114,1,Tamil Nadu - 2026,05-Jan 6pm,4339.7175
114,2,Tamil Nadu - 2026,05-Jan 6pm,4339.7175
114,3,Tamil Nadu - 2026,05-Jan 6pm,4339.7175
114,4,Tamil Nadu - 2026,05-Jan 6pm,4339.7175
115,1,Tamil Nadu - 2026,05-Jan 7pm,4158.845
115,2,Tamil Nadu - 2026,05-Jan 7pm,4158.845
115,3,Tamil Nadu - 2026,05-Jan 7pm,4158.845
115,4,Tamil Nadu - 2026,05-Jan 7pm,4158.845
116,1,Tamil Nadu - 2026,05-Jan 8pm,3887.58
116,2,Tamil Nadu - 2026,05-Jan 8pm,3887.58
116,3,Tamil Nadu - 2026,05-Jan 8pm,3887.58
116,4,Tamil Nadu - 2026,05-Jan 8pm,3887.58
117,1,Tamil Nadu - 2026,05-Jan 9pm,3608.1475
117,2,Tamil Nadu - 2026,05-Jan 9pm,3608.1475
117,3,Tamil Nadu - 2026,05-Jan 9pm,3608.1475
117,4,Tamil Nadu - 2026,05-Jan 9pm,3608.1475
118,1,Tamil Nadu - 2026,05-Jan 10pm,3391.2125
118,2,Tamil Nadu - 2026,05-Jan 10pm,3391.2125
118,3,Tamil Nadu - 2026,05-Jan 10pm,3391.2125
118,4,Tamil Nadu - 2026,05-Jan 10pm,3391.2125
119,1,Tamil Nadu - 2026,05-Jan 11pm,3216.835
119,2,Tamil Nadu - 2026,05-Jan 11pm,3216.835
119,3,Tamil Nadu - 2026,05-Jan 11pm,3216.835
119,4,Tamil Nadu - 2026,05-Jan 11pm,3216.835
120,1,Tamil Nadu - 2026,06-Jan 12am,3124.6775
120,2,Tamil Nadu - 2026,06-Jan 12am,3124.6775
120,3,Tamil Nadu - 2026,06-Jan 12am,3124.6775
120,4,Tamil Nadu - 2026,06-Jan 12am,3124.6775
121,1,Tamil Nadu - 2026,06-Jan 1am,3093.3425
121,2,Tamil Nadu - 2026,06-Jan 1am,3093.3425
121,3,Tamil Nadu - 2026,06-Jan 1am,3093.3425
121,4,Tamil Nadu - 2026,06-Jan 1am,3093.3425
122,1,Tamil Nadu - 2026,06-Jan 2am,3080.48
122,2,Tamil Nadu - 2026,06-Jan 2am,3080.48
122,3,Tamil Nadu - 2026,06-Jan 2am,3080.48
122,4,Tamil Nadu - 2026,06-Jan 2am,3080.48
123,1,Tamil Nadu - 2026,06-Jan 3am,3043.76
123,2,Tamil Nadu - 2026,06-Jan 3am,3043.76
123,3,Tamil Nadu - 2026,06-Jan 3am,3043.76
123,4,Tamil Nadu - 2026,06-Jan 3am,3043.76
124,1,Tamil Nadu - 2026,06-Jan 4am,3065.4175
124,2,Tamil Nadu - 2026,06-Jan 4am,3065.4175
124,3,Tamil Nadu - 2026,06-Jan 4am,3065.4175
124,4,Tamil Nadu - 2026,06-Jan 4am,3065.4175
125,1,Tamil Nadu - 2026,06-Jan 5am,3178.84
125,2,Tamil Nadu - 2026,06-Jan 5am,3178.84
125,3,Tamil Nadu - 2026,06-Jan 5am,3178.84
125,4,Tamil Nadu - 2026,06-Jan 5am,3178.84
126,1,Tamil Nadu - 2026,06-Jan 6am,3482.5
126,2,Tamil Nadu - 2026,06-Jan 6am,3482.5
126,3,Tamil Nadu - 2026,06-Jan 6am,3482.5
126,4,Tamil Nadu - 2026,06-Jan 6am,3482.5
127,1,Tamil Nadu - 2026,06-Jan 7am,4101.235
127,2,Tamil Nadu - 2026,06-Jan 7am,4101.235
127,3,Tamil Nadu - 2026,06-Jan 7am,4101.235
127,4,Tamil Nadu - 2026,06-Jan 7am,4101.235
128,1,Tamil Nadu - 2026,06-Jan 8am,3971.99
128,2,Tamil Nadu - 2026,06-Jan 8am,3971.99
128,3,Tamil Nadu - 2026,06-Jan 8am,3971.99
128,4,Tamil Nadu - 2026,06-Jan 8am,3971.99
129,1,Tamil Nadu - 2026,06-Jan 9am,4158.095
129,2,Tamil Nadu - 2026,06-Jan 9am,4158.095
129,3,Tamil Nadu - 2026,06-Jan 9am,4158.095
129,4,Tamil Nadu - 2026,06-Jan 9am,4158.095
130,1,Tamil Nadu - 2026,06-Jan 10am,3975.2925
130,2,Tamil Nadu - 2026,06-Jan 10am,3975.2925
130,3,Tamil Nadu - 2026,06-Jan 10am,3975.2925
130,4,Tamil Nadu - 2026,06-Jan 10am,3975.2925
131,1,Tamil Nadu - 2026,06-Jan 11am,3879.895
131,2,Tamil Nadu - 2026,06-Jan 11am,3879.895
131,3,Tamil Nadu - 2026,06-Jan 11am,3879.895
131,4,Tamil Nadu - 2026,06-Jan 11am,3879.895
132,1,Tamil Nadu - 2026,06-Jan 12pm,3835.14
132,2,Tamil Nadu - 2026,06-Jan 12pm,3835.14
132,3,Tamil Nadu - 2026,06-Jan 12pm,3835.14
132,4,Tamil Nadu - 2026,06-Jan 12pm,3835.14
133,1,Tamil Nadu - 2026,06-Jan 1pm,3743.94
133,2,Tamil Nadu - 2026,06-Jan 1pm,3743.94
133,3,Tamil Nadu - 2026,06-Jan 1pm,3743.94
133,4,Tamil Nadu - 2026,06-Jan 1pm,3743.94
134,1,Tamil Nadu - 2026,06-Jan 2pm,3730.4525
134,2,Tamil Nadu - 2026,06-Jan 2pm,3730.4525
134,3,Tamil Nadu - 2026,06-Jan 2pm,3730.4525
134,4,Tamil Nadu - 2026,06-Jan 2pm,3730.4525
135,1,Tamil Nadu - 2026,06-Jan 3pm,3871.6625
135,2,Tamil Nadu - 2026,06-Jan 3pm,3871.6625
135,3,Tamil Nadu - 2026,06-Jan 3pm,3871.6625
135,4,Tamil Nadu - 2026,06-Jan 3pm,3871.6625
136,1,Tamil Nadu - 2026,06-Jan 4pm,4010.405
136,2,Tamil Nadu - 2026,06-Jan 4pm,4010.405
136,3,Tamil Nadu - 2026,06-Jan 4pm,4010.405
136,4,Tamil Nadu - 2026,06-Jan 4pm,4010.405
137,1,Tamil Nadu - 2026,06-Jan 5pm,4185.2825
137,2,Tamil Nadu - 2026,06-Jan 5pm,4185.2825
137,3,Tamil Nadu - 2026,06-Jan 5pm,4185.2825
137,4,Tamil Nadu - 2026,06-Jan 5pm,4185.2825
138,1,Tamil Nadu - 2026,06-Jan 6pm,4239.2475
138,2,Tamil Nadu - 2026,06-Jan 6pm,4239.2475
138,3,Tamil Nadu - 2026,06-Jan 6pm,4239.2475
138,4,Tamil Nadu - 2026,06-Jan 6pm,4239.2475
139,1,Tamil Nadu - 2026,06-Jan 7pm,4227.925
139,2,Tamil Nadu - 2026,06-Jan 7pm,4227.925
139,3,Tamil Nadu - 2026,06-Jan 7pm,4227.925
139,4,Tamil Nadu - 2026,06-Jan 7pm,4227.925
140,1,Tamil Nadu - 2026,06-Jan 8pm,3977.36
140,2,Tamil Nadu - 2026,06-Jan 8pm,3977.36
140,3,Tamil Nadu - 2026,06-Jan 8pm,3977.36
140,4,Tamil Nadu - 2026,06-Jan 8pm,3977.36
141,1,Tamil Nadu - 2026,06-Jan 9pm,3730.2125
141,2,Tamil Nadu - 2026,06-Jan 9pm,3730.2125
141,3,Tamil Nadu - 2026,06-Jan 9pm,3730.2125
141,4,Tamil Nadu - 2026,06-Jan 9pm,3730.2125
142,1,Tamil Nadu - 2026,06-Jan 10pm,3506.7825
142,2,Tamil Nadu - 2026,06-Jan 10pm,3506.7825
142,3,Tamil Nadu - 2026,06-Jan 10pm,3506.7825
142,4,Tamil Nadu - 2026,06-Jan 10pm,3506.7825
143,1,Tamil Nadu - 2026,06-Jan 11pm,3354.6225
143,2,Tamil Nadu - 2026,06-Jan 11pm,3354.6225
143,3,Tamil Nadu - 2026,06-Jan 11pm,3354.6225
143,4,Tamil Nadu - 2026,06-Jan 11pm,3354.6225
144,1,Tamil Nadu - 2026,07-Jan 12am,3235.5375
144,2,Tamil Nadu - 2026,07-Jan 12am,3235.5375
144,3,Tamil Nadu - 2026,07-Jan 12am,3235.5375
144,4,Tamil Nadu - 2026,07-Jan 12am,3235.5375
145,1,Tamil Nadu - 2026,07-Jan 1am,3186.895
145,2,Tamil Nadu - 2026,07-Jan 1am,3186.895
145,3,Tamil Nadu - 2026,07-Jan 1am,3186.895
145,4,Tamil Nadu - 2026,07-Jan 1am,3186.895
146,1,Tamil Nadu - 2026,07-Jan 2am,3107.63
146,2,Tamil Nadu - 2026,07-Jan 2am,3107.63
146,3,Tamil Nadu - 2026,07-Jan 2am,3107.63
146,4,Tamil Nadu - 2026,07-Jan 2am,3107.63
147,1,Tamil Nadu - 2026,07-Jan 3am,3072.66
147,2,Tamil Nadu - 2026,07-Jan 3am,3072.66
147,3,Tamil Nadu - 2026,07-Jan 3am,3072.66
147,4,Tamil Nadu - 2026,07-Jan 3am,3072.66
148,1,Tamil Nadu - 2026,07-Jan 4am,3093.2125
148,2,Tamil Nadu - 2026,07-Jan 4am,3093.2125
148,3,Tamil Nadu - 2026,07-Jan 4am,3093.2125
148,4,Tamil Nadu - 2026,07-Jan 4am,3093.2125
149,1,Tamil Nadu - 2026,07-Jan 5am,3210.785
149,2,Tamil Nadu - 2026,07-Jan 5am,3210.785
149,3,Tamil Nadu - 2026,07-Jan 5am,3210.785
149,4,Tamil Nadu - 2026,07-Jan 5am,3210.785
150,1,Tamil Nadu - 2026,07-Jan 6am,3433.7375
150,2,Tamil Nadu - 2026,07-Jan 6am,3433.7375
150,3,Tamil Nadu - 2026,07-Jan 6am,3433.7375
150,4,Tamil Nadu - 2026,07-Jan 6am,3433.7375
151,1,Tamil Nadu - 2026,07-Jan 7am,4106.925
151,2,Tamil Nadu - 2026,07-Jan 7am,4106.925
151,3,Tamil Nadu - 2026,07-Jan 7am,4106.925
151,4,Tamil Nadu - 2026,07-Jan 7am,4106.925
152,1,Tamil Nadu - 2026,07-Jan 8am,4268.49
152,2,Tamil Nadu - 2026,07-Jan 8am,4268.49
152,3,Tamil Nadu - 2026,07-Jan 8am,4268.49
152,4,Tamil Nadu - 2026,07-Jan 8am,4268.49
153,1,Tamil Nadu - 2026,07-Jan 9am,4002.2
153,2,Tamil Nadu - 2026,07-Jan 9am,4002.2
153,3,Tamil Nadu - 2026,07-Jan 9am,4002.2
153,4,Tamil Nadu - 2026,07-Jan 9am,4002.2
154,1,Tamil Nadu - 2026,07-Jan 10am,3978.0075
154,2,Tamil Nadu - 2026,07-Jan 10am,3978.0075
154,3,Tamil Nadu - 2026,07-Jan 10am,3978.0075
154,4,Tamil Nadu - 2026,07-Jan 10am,3978.0075
155,1,Tamil Nadu - 2026,07-Jan 11am,3927.7825
155,2,Tamil Nadu - 2026,07-Jan 11am,3927.7825
155,3,Tamil Nadu - 2026,07-Jan 11am,3927.7825
155,4,Tamil Nadu - 2026,07-Jan 11am,3927.7825
156,1,Tamil Nadu - 2026,07-Jan 12pm,3841.4925
156,2,Tamil Nadu - 2026,07-Jan 12pm,3841.4925
156,3,Tamil Nadu - 2026,07-Jan 12pm,3841.4925
156,4,Tamil Nadu - 2026,07-Jan 12pm,3841.4925
157,1,Tamil Nadu - 2026,07-Jan 1pm,3663.2375
157,2,Tamil Nadu - 2026,07-Jan 1pm,3663.2375
157,3,Tamil Nadu - 2026,07-Jan 1pm,3663.2375
157,4,Tamil Nadu - 2026,07-Jan 1pm,3663.2375
158,1,Tamil Nadu - 2026,07-Jan 2pm,3655.7325
158,2,Tamil Nadu - 2026,07-Jan 2pm,3655.7325
158,3,Tamil Nadu - 2026,07-Jan 2pm,3655.7325
158,4,Tamil Nadu - 2026,07-Jan 2pm,3655.7325
159,1,Tamil Nadu - 2026,07-Jan 3pm,3780.545
159,2,Tamil Nadu - 2026,07-Jan 3pm,3780.545
159,3,Tamil Nadu - 2026,07-Jan 3pm,3780.545
159,4,Tamil Nadu - 2026,07-Jan 3pm,3780.545
160,1,Tamil Nadu - 2026,07-Jan 4pm,3961.23
160,2,Tamil Nadu - 2026,07-Jan 4pm,3961.23
160,3,Tamil Nadu - 2026,07-Jan 4pm,3961.23
160,4,Tamil Nadu - 2026,07-Jan 4pm,3961.23
161,1,Tamil Nadu - 2026,07-Jan 5pm,4198.615
161,2,Tamil Nadu - 2026,07-Jan 5pm,4198.615
161,3,Tamil Nadu - 2026,07-Jan 5pm,4198.615
161,4,Tamil Nadu - 2026,07-Jan 5pm,4198.615
162,1,Tamil Nadu - 2026,07-Jan 6pm,4146.49
162,2,Tamil Nadu - 2026,07-Jan 6pm,4146.49
162,3,Tamil Nadu - 2026,07-Jan 6pm,4146.49
162,4,Tamil Nadu - 2026,07-Jan 6pm,4146.49
163,1,Tamil Nadu - 2026,07-Jan 7pm,4085.125
163,2,Tamil Nadu - 2026,07-Jan 7pm,4085.125
163,3,Tamil Nadu - 2026,07-Jan 7pm,4085.125
163,4,Tamil Nadu - 2026,07-Jan 7pm,4085.125
164,1,Tamil Nadu - 2026,07-Jan 8pm,3778.2375
164,2,Tamil Nadu - 2026,07-Jan 8pm,3778.2375
164,3,Tamil Nadu - 2026,07-Jan 8pm,3778.2375
164,4,Tamil Nadu - 2026,07-Jan 8pm,3778.2375
165,1,Tamil Nadu - 2026,07-Jan 9pm,3589.93
165,2,Tamil Nadu - 2026,07-Jan 9pm,3589.93
165,3,Tamil Nadu - 2026,07-Jan 9pm,3589.93
165,4,Tamil Nadu - 2026,07-Jan 9pm,3589.93
166,1,Tamil Nadu - 2026,07-Jan 10pm,3335.635
166,2,Tamil Nadu - 2026,07-Jan 10pm,3335.635
166,3,Tamil Nadu - 2026,07-Jan 10pm,3335.635
166,4,Tamil Nadu - 2026,07-Jan 10pm,3335.635
167,1,Tamil Nadu - 2026,07-Jan 11pm,3125.7925
167,2,Tamil Nadu - 2026,07-Jan 11pm,3125.7925
167,3,Tamil Nadu - 2026,07-Jan 11pm,3125.7925
167,4,Tamil Nadu - 2026,07-Jan 11pm,3125.7925
168,1,Tamil Nadu - 2026,08-Jan 12am,3035.6625
168,2,Tamil Nadu - 2026,08-Jan 12am,3035.6625
168,3,Tamil Nadu - 2026,08-Jan 12am,3035.6625
168,4,Tamil Nadu - 2026,08-Jan 12am,3035.6625
169,1,Tamil Nadu - 2026,08-Jan 1am,3012.1975
169,2,Tamil Nadu - 2026,08-Jan 1am,3012.1975
169,3,Tamil Nadu - 2026,08-Jan 1am,3012.1975
169,4,Tamil Nadu - 2026,08-Jan 1am,3012.1975
170,1,Tamil Nadu - 2026,08-Jan 2am,2989.27
170,2,Tamil Nadu - 2026,08-Jan 2am,2989.27
170,3,Tamil Nadu - 2026,08-Jan 2am,2989.27
170,4,Tamil Nadu - 2026,08-Jan 2am,2989.27
171,1,Tamil Nadu - 2026,08-Jan 3am,2953.81
171,2,Tamil Nadu - 2026,08-Jan 3am,2953.81
171,3,Tamil Nadu - 2026,08-Jan 3am,2953.81
171,4,Tamil Nadu - 2026,08-Jan 3am,2953.81
172,1,Tamil Nadu - 2026,08-Jan 4am,2979.5375
172,2,Tamil Nadu - 2026,08-Jan 4am,2979.5375
172,3,Tamil Nadu - 2026,08-Jan 4am,2979.5375
172,4,Tamil Nadu - 2026,08-Jan 4am,2979.5375
173,1,Tamil Nadu - 2026,08-Jan 5am,3048.325
173,2,Tamil Nadu - 2026,08-Jan 5am,3048.325
173,3,Tamil Nadu - 2026,08-Jan 5am,3048.325
173,4,Tamil Nadu - 2026,08-Jan 5am,3048.325
174,1,Tamil Nadu - 2026,08-Jan 6am,3365.4175
174,2,Tamil Nadu - 2026,08-Jan 6am,3365.4175
174,3,Tamil Nadu - 2026,08-Jan 6am,3365.4175
174,4,Tamil Nadu - 2026,08-Jan 6am,3365.4175
175,1,Tamil Nadu - 2026,08-Jan 7am,4012.235
175,2,Tamil Nadu - 2026,08-Jan 7am,4012.235
175,3,Tamil Nadu - 2026,08-Jan 7am,4012.235
175,4,Tamil Nadu - 2026,08-Jan 7am,4012.235
176,1,Tamil Nadu - 2026,08-Jan 8am,4144.5525
176,2,Tamil Nadu - 2026,08-Jan 8am,4144.5525
176,3,Tamil Nadu - 2026,08-Jan 8am,4144.5525
176,4,Tamil Nadu - 2026,08-Jan 8am,4144.5525
177,1,Tamil Nadu - 2026,08-Jan 9am,3819.885
177,2,Tamil Nadu - 2026,08-Jan 9am,3819.885
177,3,Tamil Nadu - 2026,08-Jan 9am,3819.885
177,4,Tamil Nadu - 2026,08-Jan 9am,3819.885
178,1,Tamil Nadu - 2026,08-Jan 10am,4082.12
178,2,Tamil Nadu - 2026,08-Jan 10am,4082.12
178,3,Tamil Nadu - 2026,08-Jan 10am,4082.12
178,4,Tamil Nadu - 2026,08-Jan 10am,4082.12
179,1,Tamil Nadu - 2026,08-Jan 11am,4002.54
179,2,Tamil Nadu - 2026,08-Jan 11am,4002.54
179,3,Tamil Nadu - 2026,08-Jan 11am,4002.54
179,4,Tamil Nadu - 2026,08-Jan 11am,4002.54
180,1,Tamil Nadu - 2026,08-Jan 12pm,3863.825
180,2,Tamil Nadu - 2026,08-Jan 12pm,3863.825
180,3,Tamil Nadu - 2026,08-Jan 12pm,3863.825
180,4,Tamil Nadu - 2026,08-Jan 12pm,3863.825
181,1,Tamil Nadu - 2026,08-Jan 1pm,3824.0725
181,2,Tamil Nadu - 2026,08-Jan 1pm,3824.0725
181,3,Tamil Nadu - 2026,08-Jan 1pm,3824.0725
181,4,Tamil Nadu - 2026,08-Jan 1pm,3824.0725
182,1,Tamil Nadu - 2026,08-Jan 2pm,3730.65
182,2,Tamil Nadu - 2026,08-Jan 2pm,3730.65
182,3,Tamil Nadu - 2026,08-Jan 2pm,3730.65
182,4,Tamil Nadu - 2026,08-Jan 2pm,3730.65
183,1,Tamil Nadu - 2026,08-Jan 3pm,3847.9425
183,2,Tamil Nadu - 2026,08-Jan 3pm,3847.9425
183,3,Tamil Nadu - 2026,08-Jan 3pm,3847.9425
183,4,Tamil Nadu - 2026,08-Jan 3pm,3847.9425
184,1,Tamil Nadu - 2026,08-Jan 4pm,3954.045
184,2,Tamil Nadu - 2026,08-Jan 4pm,3954.045
184,3,Tamil Nadu - 2026,08-Jan 4pm,3954.045
184,4,Tamil Nadu - 2026,08-Jan 4pm,3954.045
185,1,Tamil Nadu - 2026,08-Jan 5pm,4128.76
185,2,Tamil Nadu - 2026,08-Jan 5pm,4128.76
185,3,Tamil Nadu - 2026,08-Jan 5pm,4128.76
185,4,Tamil Nadu - 2026,08-Jan 5pm,4128.76
186,1,Tamil Nadu - 2026,08-Jan 6pm,4089.455
186,2,Tamil Nadu - 2026,08-Jan 6pm,4089.455
186,3,Tamil Nadu - 2026,08-Jan 6pm,4089.455
186,4,Tamil Nadu - 2026,08-Jan 6pm,4089.455
187,1,Tamil Nadu - 2026,08-Jan 7pm,4104.125
187,2,Tamil Nadu - 2026,08-Jan 7pm,4104.125
187,3,Tamil Nadu - 2026,08-Jan 7pm,4104.125
187,4,Tamil Nadu - 2026,08-Jan 7pm,4104.125
188,1,Tamil Nadu - 2026,08-Jan 8pm,3825.9175
188,2,Tamil Nadu - 2026,08-Jan 8pm,3825.9175
188,3,Tamil Nadu - 2026,08-Jan 8pm,3825.9175
188,4,Tamil Nadu - 2026,08-Jan 8pm,3825.9175
189,1,Tamil Nadu - 2026,08-Jan 9pm,3598.6875
189,2,Tamil Nadu - 2026,08-Jan 9pm,3598.6875
189,3,Tamil Nadu - 2026,08-Jan 9pm,3598.6875
189,4,Tamil Nadu - 2026,08-Jan 9pm,3598.6875
190,1,Tamil Nadu - 2026,08-Jan 10pm,3393.565
190,2,Tamil Nadu - 2026,08-Jan 10pm,3393.565
190,3,Tamil Nadu - 2026,08-Jan 10pm,3393.565
190,4,Tamil Nadu - 2026,08-Jan 10pm,3393.565
191,1,Tamil Nadu - 2026,08-Jan 11pm,3133.565
191,2,Tamil Nadu - 2026,08-Jan 11pm,3133.565
191,3,Tamil Nadu - 2026,08-Jan 11pm,3133.565
191,4,Tamil Nadu - 2026,08-Jan 11pm,3133.565
192,1,Tamil Nadu - 2026,09-Jan 12am,3033.7925
192,2,Tamil Nadu - 2026,09-Jan 12am,3033.7925
192,3,Tamil Nadu - 2026,09-Jan 12am,3033.7925
192,4,Tamil Nadu - 2026,09-Jan 12am,3033.7925
193,1,Tamil Nadu - 2026,09-Jan 1am,2986.0975
193,2,Tamil Nadu - 2026,09-Jan 1am,2986.0975
193,3,Tamil Nadu - 2026,09-Jan 1am,2986.0975
193,4,Tamil Nadu - 2026,09-Jan 1am,2986.0975
194,1,Tamil Nadu - 2026,09-Jan 2am,2935.8475
194,2,Tamil Nadu - 2026,09-Jan 2am,2935.8475
194,3,Tamil Nadu - 2026,09-Jan 2am,2935.8475
194,4,Tamil Nadu - 2026,09-Jan 2am,2935.8475
195,1,Tamil Nadu - 2026,09-Jan 3am,2911.92
195,2,Tamil Nadu - 2026,09-Jan 3am,2911.92
195,3,Tamil Nadu - 2026,09-Jan 3am,2911.92
195,4,Tamil Nadu - 2026,09-Jan 3am,2911.92
196,1,Tamil Nadu - 2026,09-Jan 4am,2946.8825
196,2,Tamil Nadu - 2026,09-Jan 4am,2946.8825
196,3,Tamil Nadu - 2026,09-Jan 4am,2946.8825
196,4,Tamil Nadu - 2026,09-Jan 4am,2946.8825
197,1,Tamil Nadu - 2026,09-Jan 5am,3096.6675
197,2,Tamil Nadu - 2026,09-Jan 5am,3096.6675
197,3,Tamil Nadu - 2026,09-Jan 5am,3096.6675
197,4,Tamil Nadu - 2026,09-Jan 5am,3096.6675
198,1,Tamil Nadu - 2026,09-Jan 6am,3399.1425
198,2,Tamil Nadu - 2026,09-Jan 6am,3399.1425
198,3,Tamil Nadu - 2026,09-Jan 6am,3399.1425
198,4,Tamil Nadu - 2026,09-Jan 6am,3399.1425
199,1,Tamil Nadu - 2026,09-Jan 7am,4060.66
199,2,Tamil Nadu - 2026,09-Jan 7am,4060.66
199,3,Tamil Nadu - 2026,09-Jan 7am,4060.66
199,4,Tamil Nadu - 2026,09-Jan 7am,4060.66
200,1,Tamil Nadu - 2026,09-Jan 8am,4302.0025
200,2,Tamil Nadu - 2026,09-Jan 8am,4302.0025
200,3,Tamil Nadu - 2026,09-Jan 8am,4302.0025
200,4,Tamil Nadu - 2026,09-Jan 8am,4302.0025
201,1,Tamil Nadu - 2026,09-Jan 9am,4205.8225
201,2,Tamil Nadu - 2026,09-Jan 9am,4205.8225
201,3,Tamil Nadu - 2026,09-Jan 9am,4205.8225
201,4,Tamil Nadu - 2026,09-Jan 9am,4205.8225
202,1,Tamil Nadu - 2026,09-Jan 10am,4204.8925
202,2,Tamil Nadu - 2026,09-Jan 10am,4204.8925
202,3,Tamil Nadu - 2026,09-Jan 10am,4204.8925
202,4,Tamil Nadu - 2026,09-Jan 10am,4204.8925
203,1,Tamil Nadu - 2026,09-Jan 11am,4030.4975
203,2,Tamil Nadu - 2026,09-Jan 11am,4030.4975
203,3,Tamil Nadu - 2026,09-Jan 11am,4030.4975
203,4,Tamil Nadu - 2026,09-Jan 11am,4030.4975
204,1,Tamil Nadu - 2026,09-Jan 12pm,3944.6375
204,2,Tamil Nadu - 2026,09-Jan 12pm,3944.6375
204,3,Tamil Nadu - 2026,09-Jan 12pm,3944.6375
204,4,Tamil Nadu - 2026,09-Jan 12pm,3944.6375
205,1,Tamil Nadu - 2026,09-Jan 1pm,3836.33
205,2,Tamil Nadu - 2026,09-Jan 1pm,3836.33
205,3,Tamil Nadu - 2026,09-Jan 1pm,3836.33
205,4,Tamil Nadu - 2026,09-Jan 1pm,3836.33
206,1,Tamil Nadu - 2026,09-Jan 2pm,3773.855
206,2,Tamil Nadu - 2026,09-Jan 2pm,3773.855
206,3,Tamil Nadu - 2026,09-Jan 2pm,3773.855
206,4,Tamil Nadu - 2026,09-Jan 2pm,3773.855
207,1,Tamil Nadu - 2026,09-Jan 3pm,3897.835
207,2,Tamil Nadu - 2026,09-Jan 3pm,3897.835
207,3,Tamil Nadu - 2026,09-Jan 3pm,3897.835
207,4,Tamil Nadu - 2026,09-Jan 3pm,3897.835
208,1,Tamil Nadu - 2026,09-Jan 4pm,4077.0625
208,2,Tamil Nadu - 2026,09-Jan 4pm,4077.0625
208,3,Tamil Nadu - 2026,09-Jan 4pm,4077.0625
208,4,Tamil Nadu - 2026,09-Jan 4pm,4077.0625
209,1,Tamil Nadu - 2026,09-Jan 5pm,4197.03
209,2,Tamil Nadu - 2026,09-Jan 5pm,4197.03
209,3,Tamil Nadu - 2026,09-Jan 5pm,4197.03
209,4,Tamil Nadu - 2026,09-Jan 5pm,4197.03
210,1,Tamil Nadu - 2026,09-Jan 6pm,4120.9825
210,2,Tamil Nadu - 2026,09-Jan 6pm,4120.9825
210,3,Tamil Nadu - 2026,09-Jan 6pm,4120.9825
210,4,Tamil Nadu - 2026,09-Jan 6pm,4120.9825
211,1,Tamil Nadu - 2026,09-Jan 7pm,4035.32
211,2,Tamil Nadu - 2026,09-Jan 7pm,4035.32
211,3,Tamil Nadu - 2026,09-Jan 7pm,4035.32
211,4,Tamil Nadu - 2026,09-Jan 7pm,4035.32
212,1,Tamil Nadu - 2026,09-Jan 8pm,3796.0475
212,2,Tamil Nadu - 2026,09-Jan 8pm,3796.0475
212,3,Tamil Nadu - 2026,09-Jan 8pm,3796.0475
212,4,Tamil Nadu - 2026,09-Jan 8pm,3796.0475
213,1,Tamil Nadu - 2026,09-Jan 9pm,3578.475
213,2,Tamil Nadu - 2026,09-Jan 9pm,3578.475
213,3,Tamil Nadu - 2026,09-Jan 9pm,3578.475
213,4,Tamil Nadu - 2026,09-Jan 9pm,3578.475
214,1,Tamil Nadu - 2026,09-Jan 10pm,3380.8125
214,2,Tamil Nadu - 2026,09-Jan 10pm,3380.8125
214,3,Tamil Nadu - 2026,09-Jan 10pm,3380.8125
214,4,Tamil Nadu - 2026,09-Jan 10pm,3380.8125
215,1,Tamil Nadu - 2026,09-Jan 11pm,3153.9325
215,2,Tamil Nadu - 2026,09-Jan 11pm,3153.9325
215,3,Tamil Nadu - 2026,09-Jan 11pm,3153.9325
215,4,Tamil Nadu - 2026,09-Jan 11pm,3153.9325
216,1,Tamil Nadu - 2026,10-Jan 12am,3024.7975
216,2,Tamil Nadu - 2026,10-Jan 12am,3024.7975
216,3,Tamil Nadu - 2026,10-Jan 12am,3024.7975
216,4,Tamil Nadu - 2026,10-Jan 12am,3024.7975
217,1,Tamil Nadu - 2026,10-Jan 1am,2978.38
217,2,Tamil Nadu - 2026,10-Jan 1am,2978.38
217,3,Tamil Nadu - 2026,10-Jan 1am,2978.38
217,4,Tamil Nadu - 2026,10-Jan 1am,2978.38
218,1,Tamil Nadu - 2026,10-Jan 2am,2943.145
218,2,Tamil Nadu - 2026,10-Jan 2am,2943.145
218,3,Tamil Nadu - 2026,10-Jan 2am,2943.145
218,4,Tamil Nadu - 2026,10-Jan 2am,2943.145
219,1,Tamil Nadu - 2026,10-Jan 3am,2933.3575
219,2,Tamil Nadu - 2026,10-Jan 3am,2933.3575
219,3,Tamil Nadu - 2026,10-Jan 3am,2933.3575
219,4,Tamil Nadu - 2026,10-Jan 3am,2933.3575
220,1,Tamil Nadu - 2026,10-Jan 4am,2949.0175
220,2,Tamil Nadu - 2026,10-Jan 4am,2949.0175
220,3,Tamil Nadu - 2026,10-Jan 4am,2949.0175
220,4,Tamil Nadu - 2026,10-Jan 4am,2949.0175
221,1,Tamil Nadu - 2026,10-Jan 5am,3072.5325
221,2,Tamil Nadu - 2026,10-Jan 5am,3072.5325
221,3,Tamil Nadu - 2026,10-Jan 5am,3072.5325
221,4,Tamil Nadu - 2026,10-Jan 5am,3072.5325
222,1,Tamil Nadu - 2026,10-Jan 6am,3232.3375
222,2,Tamil Nadu - 2026,10-Jan 6am,3232.3375
222,3,Tamil Nadu - 2026,10-Jan 6am,3232.3375
222,4,Tamil Nadu - 2026,10-Jan 6am,3232.3375
223,1,Tamil Nadu - 2026,10-Jan 7am,3722.675
223,2,Tamil Nadu - 2026,10-Jan 7am,3722.675
223,3,Tamil Nadu - 2026,10-Jan 7am,3722.675
223,4,Tamil Nadu - 2026,10-Jan 7am,3722.675
224,1,Tamil Nadu - 2026,10-Jan 8am,3952.295
224,2,Tamil Nadu - 2026,10-Jan 8am,3952.295
224,3,Tamil Nadu - 2026,10-Jan 8am,3952.295
224,4,Tamil Nadu - 2026,10-Jan 8am,3952.295
225,1,Tamil Nadu - 2026,10-Jan 9am,4033.1675
225,2,Tamil Nadu - 2026,10-Jan 9am,4033.1675
225,3,Tamil Nadu - 2026,10-Jan 9am,4033.1675
225,4,Tamil Nadu - 2026,10-Jan 9am,4033.1675
226,1,Tamil Nadu - 2026,10-Jan 10am,3957.7325
226,2,Tamil Nadu - 2026,10-Jan 10am,3957.7325
226,3,Tamil Nadu - 2026,10-Jan 10am,3957.7325
226,4,Tamil Nadu - 2026,10-Jan 10am,3957.7325
227,1,Tamil Nadu - 2026,10-Jan 11am,3870.8775
227,2,Tamil Nadu - 2026,10-Jan 11am,3870.8775
227,3,Tamil Nadu - 2026,10-Jan 11am,3870.8775
227,4,Tamil Nadu - 2026,10-Jan 11am,3870.8775
228,1,Tamil Nadu - 2026,10-Jan 12pm,3920.7725
228,2,Tamil Nadu - 2026,10-Jan 12pm,3920.7725
228,3,Tamil Nadu - 2026,10-Jan 12pm,3920.7725
228,4,Tamil Nadu - 2026,10-Jan 12pm,3920.7725
229,1,Tamil Nadu - 2026,10-Jan 1pm,3667.775
229,2,Tamil Nadu - 2026,10-Jan 1pm,3667.775
229,3,Tamil Nadu - 2026,10-Jan 1pm,3667.775
229,4,Tamil Nadu - 2026,10-Jan 1pm,3667.775
230,1,Tamil Nadu - 2026,10-Jan 2pm,3753.9725
230,2,Tamil Nadu - 2026,10-Jan 2pm,3753.9725
230,3,Tamil Nadu - 2026,10-Jan 2pm,3753.9725
230,4,Tamil Nadu - 2026,10-Jan 2pm,3753.9725
231,1,Tamil Nadu - 2026,10-Jan 3pm,3797.0325
231,2,Tamil Nadu - 2026,10-Jan 3pm,3797.0325
231,3,Tamil Nadu - 2026,10-Jan 3pm,3797.0325
231,4,Tamil Nadu - 2026,10-Jan 3pm,3797.0325
232,1,Tamil Nadu - 2026,10-Jan 4pm,3986.42
232,2,Tamil Nadu - 2026,10-Jan 4pm,3986.42
232,3,Tamil Nadu - 2026,10-Jan 4pm,3986.42
232,4,Tamil Nadu - 2026,10-Jan 4pm,3986.42
233,1,Tamil Nadu - 2026,10-Jan 5pm,4061.6025
233,2,Tamil Nadu - 2026,10-Jan 5pm,4061.6025
233,3,Tamil Nadu - 2026,10-Jan 5pm,4061.6025
233,4,Tamil Nadu - 2026,10-Jan 5pm,4061.6025
234,1,Tamil Nadu - 2026,10-Jan 6pm,3942.44
234,2,Tamil Nadu - 2026,10-Jan 6pm,3942.44
234,3,Tamil Nadu - 2026,10-Jan 6pm,3942.44
234,4,Tamil Nadu - 2026,10-Jan 6pm,3942.44
235,1,Tamil Nadu - 2026,10-Jan 7pm,3853.56
235,2,Tamil Nadu - 2026,10-Jan 7pm,3853.56
235,3,Tamil Nadu - 2026,10-Jan 7pm,3853.56
235,4,Tamil Nadu - 2026,10-Jan 7pm,3853.56
236,1,Tamil Nadu - 2026,10-Jan 8pm,3672.5375
236,2,Tamil Nadu - 2026,10-Jan 8pm,3672.5375
236,3,Tamil Nadu - 2026,10-Jan 8pm,3672.5375
236,4,Tamil Nadu - 2026,10-Jan 8pm,3672.5375
237,1,Tamil Nadu - 2026,10-Jan 9pm,3483.9125
237,2,Tamil Nadu - 2026,10-Jan 9pm,3483.9125
237,3,Tamil Nadu - 2026,10-Jan 9pm,3483.9125
237,4,Tamil Nadu - 2026,10-Jan 9pm,3483.9125
238,1,Tamil Nadu - 2026,10-Jan 10pm,3276.455
238,2,Tamil Nadu - 2026,10-Jan 10pm,3276.455
238,3,Tamil Nadu - 2026,10-Jan 10pm,3276.455
238,4,Tamil Nadu - 2026,10-Jan 10pm,3276.455
239,1,Tamil Nadu - 2026,10-Jan 11pm,3091.6075
239,2,Tamil Nadu - 2026,10-Jan 11pm,3091.6075
239,3,Tamil Nadu - 2026,10-Jan 11pm,3091.6075
239,4,Tamil Nadu - 2026,10-Jan 11pm,3091.6075
240,1,Tamil Nadu - 2026,11-Jan 12am,2997.2025
240,2,Tamil Nadu - 2026,11-Jan 12am,2997.2025
240,3,Tamil Nadu - 2026,11-Jan 12am,2997.2025
240,4,Tamil Nadu - 2026,11-Jan 12am,2997.2025
241,1,Tamil Nadu - 2026,11-Jan 1am,2907.74
241,2,Tamil Nadu - 2026,11-Jan 1am,2907.74
241,3,Tamil Nadu - 2026,11-Jan 1am,2907.74
241,4,Tamil Nadu - 2026,11-Jan 1am,2907.74
242,1,Tamil Nadu - 2026,11-Jan 2am,2917.055
242,2,Tamil Nadu - 2026,11-Jan 2am,2917.055
242,3,Tamil Nadu - 2026,11-Jan 2am,2917.055
242,4,Tamil Nadu - 2026,11-Jan 2am,2917.055
243,1,Tamil Nadu - 2026,11-Jan 3am,2838.285
243,2,Tamil Nadu - 2026,11-Jan 3am,2838.285
243,3,Tamil Nadu - 2026,11-Jan 3am,2838.285
243,4,Tamil Nadu - 2026,11-Jan 3am,2838.285
244,1,Tamil Nadu - 2026,11-Jan 4am,2828.64
244,2,Tamil Nadu - 2026,11-Jan 4am,2828.64
244,3,Tamil Nadu - 2026,11-Jan 4am,2828.64
244,4,Tamil Nadu - 2026,11-Jan 4am,2828.64
245,1,Tamil Nadu - 2026,11-Jan 5am,2879.89
245,2,Tamil Nadu - 2026,11-Jan 5am,2879.89
245,3,Tamil Nadu - 2026,11-Jan 5am,2879.89
245,4,Tamil Nadu - 2026,11-Jan 5am,2879.89
246,1,Tamil Nadu - 2026,11-Jan 6am,2963.3125
246,2,Tamil Nadu - 2026,11-Jan 6am,2963.3125
246,3,Tamil Nadu - 2026,11-Jan 6am,2963.3125
246,4,Tamil Nadu - 2026,11-Jan 6am,2963.3125
247,1,Tamil Nadu - 2026,11-Jan 7am,3227.745
247,2,Tamil Nadu - 2026,11-Jan 7am,3227.745
247,3,Tamil Nadu - 2026,11-Jan 7am,3227.745
247,4,Tamil Nadu - 2026,11-Jan 7am,3227.745
248,1,Tamil Nadu - 2026,11-Jan 8am,3490.265
248,2,Tamil Nadu - 2026,11-Jan 8am,3490.265
248,3,Tamil Nadu - 2026,11-Jan 8am,3490.265
248,4,Tamil Nadu - 2026,11-Jan 8am,3490.265
249,1,Tamil Nadu - 2026,11-Jan 9am,3576.5875
249,2,Tamil Nadu - 2026,11-Jan 9am,3576.5875
249,3,Tamil Nadu - 2026,11-Jan 9am,3576.5875
249,4,Tamil Nadu - 2026,11-Jan 9am,3576.5875
250,1,Tamil Nadu - 2026,11-Jan 10am,3577.4025
250,2,Tamil Nadu - 2026,11-Jan 10am,3577.4025
250,3,Tamil Nadu - 2026,11-Jan 10am,3577.4025
250,4,Tamil Nadu - 2026,11-Jan 10am,3577.4025
251,1,Tamil Nadu - 2026,11-Jan 11am,3471.9425
251,2,Tamil Nadu - 2026,11-Jan 11am,3471.9425
251,3,Tamil Nadu - 2026,11-Jan 11am,3471.9425
251,4,Tamil Nadu - 2026,11-Jan 11am,3471.9425
252,1,Tamil Nadu - 2026,11-Jan 12pm,3478.69
252,2,Tamil Nadu - 2026,11-Jan 12pm,3478.69
252,3,Tamil Nadu - 2026,11-Jan 12pm,3478.69
252,4,Tamil Nadu - 2026,11-Jan 12pm,3478.69
253,1,Tamil Nadu - 2026,11-Jan 1pm,3347.61
253,2,Tamil Nadu - 2026,11-Jan 1pm,3347.61
253,3,Tamil Nadu - 2026,11-Jan 1pm,3347.61
253,4,Tamil Nadu - 2026,11-Jan 1pm,3347.61
254,1,Tamil Nadu - 2026,11-Jan 2pm,3294.7025
254,2,Tamil Nadu - 2026,11-Jan 2pm,3294.7025
254,3,Tamil Nadu - 2026,11-Jan 2pm,3294.7025
254,4,Tamil Nadu - 2026,11-Jan 2pm,3294.7025
255,1,Tamil Nadu - 2026,11-Jan 3pm,3289.7725
255,2,Tamil Nadu - 2026,11-Jan 3pm,3289.7725
255,3,Tamil Nadu - 2026,11-Jan 3pm,3289.7725
255,4,Tamil Nadu - 2026,11-Jan 3pm,3289.7725
256,1,Tamil Nadu - 2026,11-Jan 4pm,3394.165
256,2,Tamil Nadu - 2026,11-Jan 4pm,3394.165
256,3,Tamil Nadu - 2026,11-Jan 4pm,3394.165
256,4,Tamil Nadu - 2026,11-Jan 4pm,3394.165
257,1,Tamil Nadu - 2026,11-Jan 5pm,3434.775
257,2,Tamil Nadu - 2026,11-Jan 5pm,3434.775
257,3,Tamil Nadu - 2026,11-Jan 5pm,3434.775
257,4,Tamil Nadu - 2026,11-Jan 5pm,3434.775
258,1,Tamil Nadu - 2026,11-Jan 6pm,3464.465
258,2,Tamil Nadu - 2026,11-Jan 6pm,3464.465
258,3,Tamil Nadu - 2026,11-Jan 6pm,3464.465
258,4,Tamil Nadu - 2026,11-Jan 6pm,3464.465
259,1,Tamil Nadu - 2026,11-Jan 7pm,3434.52
259,2,Tamil Nadu - 2026,11-Jan 7pm,3434.52
259,3,Tamil Nadu - 2026,11-Jan 7pm,3434.52
259,4,Tamil Nadu - 2026,11-Jan 7pm,3434.52
260,1,Tamil Nadu - 2026,11-Jan 8pm,3234.2025
260,2,Tamil Nadu - 2026,11-Jan 8pm,3234.2025
260,3,Tamil Nadu - 2026,11-Jan 8pm,3234.2025
260,4,Tamil Nadu - 2026,11-Jan 8pm,3234.2025
261,1,Tamil Nadu - 2026,11-Jan 9pm,3066.4
261,2,Tamil Nadu - 2026,11-Jan 9pm,3066.4
261,3,Tamil Nadu - 2026,11-Jan 9pm,3066.4
261,4,Tamil Nadu - 2026,11-Jan 9pm,3066.4
262,1,Tamil Nadu - 2026,11-Jan 10pm,2900.275
262,2,Tamil Nadu - 2026,11-Jan 10pm,2900.275
262,3,Tamil Nadu - 2026,11-Jan 10pm,2900.275
262,4,Tamil Nadu - 2026,11-Jan 10pm,2900.275
263,1,Tamil Nadu - 2026,11-Jan 11pm,2715.24
263,2,Tamil Nadu - 2026,11-Jan 11pm,2715.24
263,3,Tamil Nadu - 2026,11-Jan 11pm,2715.24
263,4,Tamil Nadu - 2026,11-Jan 11pm,2715.24
264,1,Tamil Nadu - 2026,12-Jan 12am,2572.605
264,2,Tamil Nadu - 2026,12-Jan 12am,2572.605
264,3,Tamil Nadu - 2026,12-Jan 12am,2572.605
264,4,Tamil Nadu - 2026,12-Jan 12am,2572.605
265,1,Tamil Nadu - 2026,12-Jan 1am,2485.085
265,2,Tamil Nadu - 2026,12-Jan 1am,2485.085
265,3,Tamil Nadu - 2026,12-Jan 1am,2485.085
265,4,Tamil Nadu - 2026,12-Jan 1am,2485.085
266,1,Tamil Nadu - 2026,12-Jan 2am,2461.43
266,2,Tamil Nadu - 2026,12-Jan 2am,2461.43
266,3,Tamil Nadu - 2026,12-Jan 2am,2461.43
266,4,Tamil Nadu - 2026,12-Jan 2am,2461.43
267,1,Tamil Nadu - 2026,12-Jan 3am,2426.1725
267,2,Tamil Nadu - 2026,12-Jan 3am,2426.1725
267,3,Tamil Nadu - 2026,12-Jan 3am,2426.1725
267,4,Tamil Nadu - 2026,12-Jan 3am,2426.1725
268,1,Tamil Nadu - 2026,12-Jan 4am,2478.4075
268,2,Tamil Nadu - 2026,12-Jan 4am,2478.4075
268,3,Tamil Nadu - 2026,12-Jan 4am,2478.4075
268,4,Tamil Nadu - 2026,12-Jan 4am,2478.4075
269,1,Tamil Nadu - 2026,12-Jan 5am,2612.96
269,2,Tamil Nadu - 2026,12-Jan 5am,2612.96
269,3,Tamil Nadu - 2026,12-Jan 5am,2612.96
269,4,Tamil Nadu - 2026,12-Jan 5am,2612.96
270,1,Tamil Nadu - 2026,12-Jan 6am,2943.845
270,2,Tamil Nadu - 2026,12-Jan 6am,2943.845
270,3,Tamil Nadu - 2026,12-Jan 6am,2943.845
270,4,Tamil Nadu - 2026,12-Jan 6am,2943.845
271,1,Tamil Nadu - 2026,12-Jan 7am,3623.1575
271,2,Tamil Nadu - 2026,12-Jan 7am,3623.1575
271,3,Tamil Nadu - 2026,12-Jan 7am,3623.1575
271,4,Tamil Nadu - 2026,12-Jan 7am,3623.1575
272,1,Tamil Nadu - 2026,12-Jan 8am,3964.1775
272,2,Tamil Nadu - 2026,12-Jan 8am,3964.1775
272,3,Tamil Nadu - 2026,12-Jan 8am,3964.1775
272,4,Tamil Nadu - 2026,12-Jan 8am,3964.1775
273,1,Tamil Nadu - 2026,12-Jan 9am,3869.225
273,2,Tamil Nadu - 2026,12-Jan 9am,3869.225
273,3,Tamil Nadu - 2026,12-Jan 9am,3869.225
273,4,Tamil Nadu - 2026,12-Jan 9am,3869.225
274,1,Tamil Nadu - 2026,12-Jan 10am,3908.305
274,2,Tamil Nadu - 2026,12-Jan 10am,3908.305
274,3,Tamil Nadu - 2026,12-Jan 10am,3908.305
274,4,Tamil Nadu - 2026,12-Jan 10am,3908.305
275,1,Tamil Nadu - 2026,12-Jan 11am,3875.235
275,2,Tamil Nadu - 2026,12-Jan 11am,3875.235
275,3,Tamil Nadu - 2026,12-Jan 11am,3875.235
275,4,Tamil Nadu - 2026,12-Jan 11am,3875.235
276,1,Tamil Nadu - 2026,12-Jan 12pm,3718.7525
276,2,Tamil Nadu - 2026,12-Jan 12pm,3718.7525
276,3,Tamil Nadu - 2026,12-Jan 12pm,3718.7525
276,4,Tamil Nadu - 2026,12-Jan 12pm,3718.7525
277,1,Tamil Nadu - 2026,12-Jan 1pm,3639.1775
277,2,Tamil Nadu - 2026,12-Jan 1pm,3639.1775
277,3,Tamil Nadu - 2026,12-Jan 1pm,3639.1775
277,4,Tamil Nadu - 2026,12-Jan 1pm,3639.1775
278,1,Tamil Nadu - 2026,12-Jan 2pm,3593.6625
278,2,Tamil Nadu - 2026,12-Jan 2pm,3593.6625
278,3,Tamil Nadu - 2026,12-Jan 2pm,3593.6625
278,4,Tamil Nadu - 2026,12-Jan 2pm,3593.6625
279,1,Tamil Nadu - 2026,12-Jan 3pm,3658.3025
279,2,Tamil Nadu - 2026,12-Jan 3pm,3658.3025
279,3,Tamil Nadu - 2026,12-Jan 3pm,3658.3025
279,4,Tamil Nadu - 2026,12-Jan 3pm,3658.3025
280,1,Tamil Nadu - 2026,12-Jan 4pm,3758.9825
280,2,Tamil Nadu - 2026,12-Jan 4pm,3758.9825
280,3,Tamil Nadu - 2026,12-Jan 4pm,3758.9825
280,4,Tamil Nadu - 2026,12-Jan 4pm,3758.9825
281,1,Tamil Nadu - 2026,12-Jan 5pm,3858.8325
281,2,Tamil Nadu - 2026,12-Jan 5pm,3858.8325
281,3,Tamil Nadu - 2026,12-Jan 5pm,3858.8325
281,4,Tamil Nadu - 2026,12-Jan 5pm,3858.8325
282,1,Tamil Nadu - 2026,12-Jan 6pm,3943.205
282,2,Tamil Nadu - 2026,12-Jan 6pm,3943.205
282,3,Tamil Nadu - 2026,12-Jan 6pm,3943.205
282,4,Tamil Nadu - 2026,12-Jan 6pm,3943.205
283,1,Tamil Nadu - 2026,12-Jan 7pm,3969.46
283,2,Tamil Nadu - 2026,12-Jan 7pm,3969.46
283,3,Tamil Nadu - 2026,12-Jan 7pm,3969.46
283,4,Tamil Nadu - 2026,12-Jan 7pm,3969.46
284,1,Tamil Nadu - 2026,12-Jan 8pm,3721.49
284,2,Tamil Nadu - 2026,12-Jan 8pm,3721.49
284,3,Tamil Nadu - 2026,12-Jan 8pm,3721.49
284,4,Tamil Nadu - 2026,12-Jan 8pm,3721.49
285,1,Tamil Nadu - 2026,12-Jan 9pm,3522.64
285,2,Tamil Nadu - 2026,12-Jan 9pm,3522.64
285,3,Tamil Nadu - 2026,12-Jan 9pm,3522.64
285,4,Tamil Nadu - 2026,12-Jan 9pm,3522.64
286,1,Tamil Nadu - 2026,12-Jan 10pm,3263.415
286,2,Tamil Nadu - 2026,12-Jan 10pm,3263.415
286,3,Tamil Nadu - 2026,12-Jan 10pm,3263.415
286,4,Tamil Nadu - 2026,12-Jan 10pm,3263.415
287,1,Tamil Nadu - 2026,12-Jan 11pm,2989.385
287,2,Tamil Nadu - 2026,12-Jan 11pm,2989.385
287,3,Tamil Nadu - 2026,12-Jan 11pm,2989.385
287,4,Tamil Nadu - 2026,12-Jan 11pm,2989.385
288,1,Tamil Nadu - 2026,13-Jan 12am,2831.7975
288,2,Tamil Nadu - 2026,13-Jan 12am,2831.7975
288,3,Tamil Nadu - 2026,13-Jan 12am,2831.7975
288,4,Tamil Nadu - 2026,13-Jan 12am,2831.7975
289,1,Tamil Nadu - 2026,13-Jan 1am,2791.045
289,2,Tamil Nadu - 2026,13-Jan 1am,2791.045
289,3,Tamil Nadu - 2026,13-Jan 1am,2791.045
289,4,Tamil Nadu - 2026,13-Jan 1am,2791.045
290,1,Tamil Nadu - 2026,13-Jan 2am,2765.575
290,2,Tamil Nadu - 2026,13-Jan 2am,2765.575
290,3,Tamil Nadu - 2026,13-Jan 2am,2765.575
290,4,Tamil Nadu - 2026,13-Jan 2am,2765.575
291,1,Tamil Nadu - 2026,13-Jan 3am,2691.5425
291,2,Tamil Nadu - 2026,13-Jan 3am,2691.5425
291,3,Tamil Nadu - 2026,13-Jan 3am,2691.5425
291,4,Tamil Nadu - 2026,13-Jan 3am,2691.5425
292,1,Tamil Nadu - 2026,13-Jan 4am,2743.5925
292,2,Tamil Nadu - 2026,13-Jan 4am,2743.5925
292,3,Tamil Nadu - 2026,13-Jan 4am,2743.5925
292,4,Tamil Nadu - 2026,13-Jan 4am,2743.5925
293,1,Tamil Nadu - 2026,13-Jan 5am,2819.9075
293,2,Tamil Nadu - 2026,13-Jan 5am,2819.9075
293,3,Tamil Nadu - 2026,13-Jan 5am,2819.9075
293,4,Tamil Nadu - 2026,13-Jan 5am,2819.9075
294,1,Tamil Nadu - 2026,13-Jan 6am,3102.2875
294,2,Tamil Nadu - 2026,13-Jan 6am,3102.2875
294,3,Tamil Nadu - 2026,13-Jan 6am,3102.2875
294,4,Tamil Nadu - 2026,13-Jan 6am,3102.2875
295,1,Tamil Nadu - 2026,13-Jan 7am,3679.1575
295,2,Tamil Nadu - 2026,13-Jan 7am,3679.1575
295,3,Tamil Nadu - 2026,13-Jan 7am,3679.1575
295,4,Tamil Nadu - 2026,13-Jan 7am,3679.1575
296,1,Tamil Nadu - 2026,13-Jan 8am,3846.7425
296,2,Tamil Nadu - 2026,13-Jan 8am,3846.7425
296,3,Tamil Nadu - 2026,13-Jan 8am,3846.7425
296,4,Tamil Nadu - 2026,13-Jan 8am,3846.7425
297,1,Tamil Nadu - 2026,13-Jan 9am,3640.73
297,2,Tamil Nadu - 2026,13-Jan 9am,3640.73
297,3,Tamil Nadu - 2026,13-Jan 9am,3640.73
297,4,Tamil Nadu - 2026,13-Jan 9am,3640.73
298,1,Tamil Nadu - 2026,13-Jan 10am,3796.3375
298,2,Tamil Nadu - 2026,13-Jan 10am,3796.3375
298,3,Tamil Nadu - 2026,13-Jan 10am,3796.3375
298,4,Tamil Nadu - 2026,13-Jan 10am,3796.3375
299,1,Tamil Nadu - 2026,13-Jan 11am,3726.905
299,2,Tamil Nadu - 2026,13-Jan 11am,3726.905
299,3,Tamil Nadu - 2026,13-Jan 11am,3726.905
299,4,Tamil Nadu - 2026,13-Jan 11am,3726.905
300,1,Tamil Nadu - 2026,13-Jan 12pm,3612.6025
300,2,Tamil Nadu - 2026,13-Jan 12pm,3612.6025
300,3,Tamil Nadu - 2026,13-Jan 12pm,3612.6025
300,4,Tamil Nadu - 2026,13-Jan 12pm,3612.6025
301,1,Tamil Nadu - 2026,13-Jan 1pm,3586.64
301,2,Tamil Nadu - 2026,13-Jan 1pm,3586.64
301,3,Tamil Nadu - 2026,13-Jan 1pm,3586.64
301,4,Tamil Nadu - 2026,13-Jan 1pm,3586.64
302,1,Tamil Nadu - 2026,13-Jan 2pm,3517.11
302,2,Tamil Nadu - 2026,13-Jan 2pm,3517.11
302,3,Tamil Nadu - 2026,13-Jan 2pm,3517.11
302,4,Tamil Nadu - 2026,13-Jan 2pm,3517.11
303,1,Tamil Nadu - 2026,13-Jan 3pm,3681.49
303,2,Tamil Nadu - 2026,13-Jan 3pm,3681.49
303,3,Tamil Nadu - 2026,13-Jan 3pm,3681.49
303,4,Tamil Nadu - 2026,13-Jan 3pm,3681.49
304,1,Tamil Nadu - 2026,13-Jan 4pm,3694.115
304,2,Tamil Nadu - 2026,13-Jan 4pm,3694.115
304,3,Tamil Nadu - 2026,13-Jan 4pm,3694.115
304,4,Tamil Nadu - 2026,13-Jan 4pm,3694.115
305,1,Tamil Nadu - 2026,13-Jan 5pm,3892.175
305,2,Tamil Nadu - 2026,13-Jan 5pm,3892.175
305,3,Tamil Nadu - 2026,13-Jan 5pm,3892.175
305,4,Tamil Nadu - 2026,13-Jan 5pm,3892.175
306,1,Tamil Nadu - 2026,13-Jan 6pm,3945.8125
306,2,Tamil Nadu - 2026,13-Jan 6pm,3945.8125
306,3,Tamil Nadu - 2026,13-Jan 6pm,3945.8125
306,4,Tamil Nadu - 2026,13-Jan 6pm,3945.8125
307,1,Tamil Nadu - 2026,13-Jan 7pm,4008.0325
307,2,Tamil Nadu - 2026,13-Jan 7pm,4008.0325
307,3,Tamil Nadu - 2026,13-Jan 7pm,4008.0325
307,4,Tamil Nadu - 2026,13-Jan 7pm,4008.0325
308,1,Tamil Nadu - 2026,13-Jan 8pm,3757.3575
308,2,Tamil Nadu - 2026,13-Jan 8pm,3757.3575
308,3,Tamil Nadu - 2026,13-Jan 8pm,3757.3575
308,4,Tamil Nadu - 2026,13-Jan 8pm,3757.3575
309,1,Tamil Nadu - 2026,13-Jan 9pm,3545.58
309,2,Tamil Nadu - 2026,13-Jan 9pm,3545.58
309,3,Tamil Nadu - 2026,13-Jan 9pm,3545.58
309,4,Tamil Nadu - 2026,13-Jan 9pm,3545.58
310,1,Tamil Nadu - 2026,13-Jan 10pm,3311.955
310,2,Tamil Nadu - 2026,13-Jan 10pm,3311.955
310,3,Tamil Nadu - 2026,13-Jan 10pm,3311.955
310,4,Tamil Nadu - 2026,13-Jan 10pm,3311.955
311,1,Tamil Nadu - 2026,13-Jan 11pm,3044.98
311,2,Tamil Nadu - 2026,13-Jan 11pm,3044.98
311,3,Tamil Nadu - 2026,13-Jan 11pm,3044.98
311,4,Tamil Nadu - 2026,13-Jan 11pm,3044.98
312,1,Tamil Nadu - 2026,14-Jan 12am,2897.7375
312,2,Tamil Nadu - 2026,14-Jan 12am,2897.7375
312,3,Tamil Nadu - 2026,14-Jan 12am,2897.7375
312,4,Tamil Nadu - 2026,14-Jan 12am,2897.7375
313,1,Tamil Nadu - 2026,14-Jan 1am,2759.335
313,2,Tamil Nadu - 2026,14-Jan 1am,2759.335
313,3,Tamil Nadu - 2026,14-Jan 1am,2759.335
313,4,Tamil Nadu - 2026,14-Jan 1am,2759.335
314,1,Tamil Nadu - 2026,14-Jan 2am,2739.1225
314,2,Tamil Nadu - 2026,14-Jan 2am,2739.1225
314,3,Tamil Nadu - 2026,14-Jan 2am,2739.1225
314,4,Tamil Nadu - 2026,14-Jan 2am,2739.1225
315,1,Tamil Nadu - 2026,14-Jan 3am,2683.9425
315,2,Tamil Nadu - 2026,14-Jan 3am,2683.9425
315,3,Tamil Nadu - 2026,14-Jan 3am,2683.9425
315,4,Tamil Nadu - 2026,14-Jan 3am,2683.9425
316,1,Tamil Nadu - 2026,14-Jan 4am,2684.3975
316,2,Tamil Nadu - 2026,14-Jan 4am,2684.3975
316,3,Tamil Nadu - 2026,14-Jan 4am,2684.3975
316,4,Tamil Nadu - 2026,14-Jan 4am,2684.3975
317,1,Tamil Nadu - 2026,14-Jan 5am,2837.0375
317,2,Tamil Nadu - 2026,14-Jan 5am,2837.0375
317,3,Tamil Nadu - 2026,14-Jan 5am,2837.0375
317,4,Tamil Nadu - 2026,14-Jan 5am,2837.0375
318,1,Tamil Nadu - 2026,14-Jan 6am,3057.47
318,2,Tamil Nadu - 2026,14-Jan 6am,3057.47
318,3,Tamil Nadu - 2026,14-Jan 6am,3057.47
318,4,Tamil Nadu - 2026,14-Jan 6am,3057.47
319,1,Tamil Nadu - 2026,14-Jan 7am,3520.5
319,2,Tamil Nadu - 2026,14-Jan 7am,3520.5
319,3,Tamil Nadu - 2026,14-Jan 7am,3520.5
319,4,Tamil Nadu - 2026,14-Jan 7am,3520.5
320,1,Tamil Nadu - 2026,14-Jan 8am,3642.805
320,2,Tamil Nadu - 2026,14-Jan 8am,3642.805
320,3,Tamil Nadu - 2026,14-Jan 8am,3642.805
320,4,Tamil Nadu - 2026,14-Jan 8am,3642.805
321,1,Tamil Nadu - 2026,14-Jan 9am,3818.9675
321,2,Tamil Nadu - 2026,14-Jan 9am,3818.9675
321,3,Tamil Nadu - 2026,14-Jan 9am,3818.9675
321,4,Tamil Nadu - 2026,14-Jan 9am,3818.9675
322,1,Tamil Nadu - 2026,14-Jan 10am,3863.94
322,2,Tamil Nadu - 2026,14-Jan 10am,3863.94
322,3,Tamil Nadu - 2026,14-Jan 10am,3863.94
322,4,Tamil Nadu - 2026,14-Jan 10am,3863.94
323,1,Tamil Nadu - 2026,14-Jan 11am,3780.0225
323,2,Tamil Nadu - 2026,14-Jan 11am,3780.0225
323,3,Tamil Nadu - 2026,14-Jan 11am,3780.0225
323,4,Tamil Nadu - 2026,14-Jan 11am,3780.0225
324,1,Tamil Nadu - 2026,14-Jan 12pm,3695.57
324,2,Tamil Nadu - 2026,14-Jan 12pm,3695.57
324,3,Tamil Nadu - 2026,14-Jan 12pm,3695.57
324,4,Tamil Nadu - 2026,14-Jan 12pm,3695.57
325,1,Tamil Nadu - 2026,14-Jan 1pm,3623.6
325,2,Tamil Nadu - 2026,14-Jan 1pm,3623.6
325,3,Tamil Nadu - 2026,14-Jan 1pm,3623.6
325,4,Tamil Nadu - 2026,14-Jan 1pm,3623.6
326,1,Tamil Nadu - 2026,14-Jan 2pm,3511.0225
326,2,Tamil Nadu - 2026,14-Jan 2pm,3511.0225
326,3,Tamil Nadu - 2026,14-Jan 2pm,3511.0225
326,4,Tamil Nadu - 2026,14-Jan 2pm,3511.0225
327,1,Tamil Nadu - 2026,14-Jan 3pm,3537.0575
327,2,Tamil Nadu - 2026,14-Jan 3pm,3537.0575
327,3,Tamil Nadu - 2026,14-Jan 3pm,3537.0575
327,4,Tamil Nadu - 2026,14-Jan 3pm,3537.0575
328,1,Tamil Nadu - 2026,14-Jan 4pm,3701.905
328,2,Tamil Nadu - 2026,14-Jan 4pm,3701.905
328,3,Tamil Nadu - 2026,14-Jan 4pm,3701.905
328,4,Tamil Nadu - 2026,14-Jan 4pm,3701.905
329,1,Tamil Nadu - 2026,14-Jan 5pm,3755.7625
329,2,Tamil Nadu - 2026,14-Jan 5pm,3755.7625
329,3,Tamil Nadu - 2026,14-Jan 5pm,3755.7625
329,4,Tamil Nadu - 2026,14-Jan 5pm,3755.7625
330,1,Tamil Nadu - 2026,14-Jan 6pm,3894.725
330,2,Tamil Nadu - 2026,14-Jan 6pm,3894.725
330,3,Tamil Nadu - 2026,14-Jan 6pm,3894.725
330,4,Tamil Nadu - 2026,14-Jan 6pm,3894.725
331,1,Tamil Nadu - 2026,14-Jan 7pm,3857.3775
331,2,Tamil Nadu - 2026,14-Jan 7pm,3857.3775
331,3,Tamil Nadu - 2026,14-Jan 7pm,3857.3775
331,4,Tamil Nadu - 2026,14-Jan 7pm,3857.3775
332,1,Tamil Nadu - 2026,14-Jan 8pm,3602.1425
332,2,Tamil Nadu - 2026,14-Jan 8pm,3602.1425
332,3,Tamil Nadu - 2026,14-Jan 8pm,3602.1425
332,4,Tamil Nadu - 2026,14-Jan 8pm,3602.1425
333,1,Tamil Nadu - 2026,14-Jan 9pm,3392.235
333,2,Tamil Nadu - 2026,14-Jan 9pm,3392.235
333,3,Tamil Nadu - 2026,14-Jan 9pm,3392.235
333,4,Tamil Nadu - 2026,14-Jan 9pm,3392.235
334,1,Tamil Nadu - 2026,14-Jan 10pm,3188.5925
334,2,Tamil Nadu - 2026,14-Jan 10pm,3188.5925
334,3,Tamil Nadu - 2026,14-Jan 10pm,3188.5925
334,4,Tamil Nadu - 2026,14-Jan 10pm,3188.5925
335,1,Tamil Nadu - 2026,14-Jan 11pm,2951.275
335,2,Tamil Nadu - 2026,14-Jan 11pm,2951.275
335,3,Tamil Nadu - 2026,14-Jan 11pm,2951.275
335,4,Tamil Nadu - 2026,14-Jan 11pm,2951.275
336,1,Tamil Nadu - 2026,15-Jan 12am,2809.865
336,2,Tamil Nadu - 2026,15-Jan 12am,2809.865
336,3,Tamil Nadu - 2026,15-Jan 12am,2809.865
336,4,Tamil Nadu - 2026,15-Jan 12am,2809.865
337,1,Tamil Nadu - 2026,15-Jan 1am,2699.5275
337,2,Tamil Nadu - 2026,15-Jan 1am,2699.5275
337,3,Tamil Nadu - 2026,15-Jan 1am,2699.5275
337,4,Tamil Nadu - 2026,15-Jan 1am,2699.5275
338,1,Tamil Nadu - 2026,15-Jan 2am,2647.3325
338,2,Tamil Nadu - 2026,15-Jan 2am,2647.3325
338,3,Tamil Nadu - 2026,15-Jan 2am,2647.3325
338,4,Tamil Nadu - 2026,15-Jan 2am,2647.3325
339,1,Tamil Nadu - 2026,15-Jan 3am,2658.0225
339,2,Tamil Nadu - 2026,15-Jan 3am,2658.0225
339,3,Tamil Nadu - 2026,15-Jan 3am,2658.0225
339,4,Tamil Nadu - 2026,15-Jan 3am,2658.0225
340,1,Tamil Nadu - 2026,15-Jan 4am,2687.3375
340,2,Tamil Nadu - 2026,15-Jan 4am,2687.3375
340,3,Tamil Nadu - 2026,15-Jan 4am,2687.3375
340,4,Tamil Nadu - 2026,15-Jan 4am,2687.3375
341,1,Tamil Nadu - 2026,15-Jan 5am,2836.84
341,2,Tamil Nadu - 2026,15-Jan 5am,2836.84
341,3,Tamil Nadu - 2026,15-Jan 5am,2836.84
341,4,Tamil Nadu - 2026,15-Jan 5am,2836.84
342,1,Tamil Nadu - 2026,15-Jan 6am,2974.8375
342,2,Tamil Nadu - 2026,15-Jan 6am,2974.8375
342,3,Tamil Nadu - 2026,15-Jan 6am,2974.8375
342,4,Tamil Nadu - 2026,15-Jan 6am,2974.8375
343,1,Tamil Nadu - 2026,15-Jan 7am,3219.0275
343,2,Tamil Nadu - 2026,15-Jan 7am,3219.0275
343,3,Tamil Nadu - 2026,15-Jan 7am,3219.0275
343,4,Tamil Nadu - 2026,15-Jan 7am,3219.0275
344,1,Tamil Nadu - 2026,15-Jan 8am,3269.77
344,2,Tamil Nadu - 2026,15-Jan 8am,3269.77
344,3,Tamil Nadu - 2026,15-Jan 8am,3269.77
344,4,Tamil Nadu - 2026,15-Jan 8am,3269.77
345,1,Tamil Nadu - 2026,15-Jan 9am,3174.37
345,2,Tamil Nadu - 2026,15-Jan 9am,3174.37
345,3,Tamil Nadu - 2026,15-Jan 9am,3174.37
345,4,Tamil Nadu - 2026,15-Jan 9am,3174.37
346,1,Tamil Nadu - 2026,15-Jan 10am,2894.3775
346,2,Tamil Nadu - 2026,15-Jan 10am,2894.3775
346,3,Tamil Nadu - 2026,15-Jan 10am,2894.3775
346,4,Tamil Nadu - 2026,15-Jan 10am,2894.3775
347,1,Tamil Nadu - 2026,15-Jan 11am,2669.435
347,2,Tamil Nadu - 2026,15-Jan 11am,2669.435
347,3,Tamil Nadu - 2026,15-Jan 11am,2669.435
347,4,Tamil Nadu - 2026,15-Jan 11am,2669.435
348,1,Tamil Nadu - 2026,15-Jan 12pm,2489.9025
348,2,Tamil Nadu - 2026,15-Jan 12pm,2489.9025
348,3,Tamil Nadu - 2026,15-Jan 12pm,2489.9025
348,4,Tamil Nadu - 2026,15-Jan 12pm,2489.9025
349,1,Tamil Nadu - 2026,15-Jan 1pm,2390.6875
349,2,Tamil Nadu - 2026,15-Jan 1pm,2390.6875
349,3,Tamil Nadu - 2026,15-Jan 1pm,2390.6875
349,4,Tamil Nadu - 2026,15-Jan 1pm,2390.6875
350,1,Tamil Nadu - 2026,15-Jan 2pm,2337.825
350,2,Tamil Nadu - 2026,15-Jan 2pm,2337.825
350,3,Tamil Nadu - 2026,15-Jan 2pm,2337.825
350,4,Tamil Nadu - 2026,15-Jan 2pm,2337.825
351,1,Tamil Nadu - 2026,15-Jan 3pm,2429.9375
351,2,Tamil Nadu - 2026,15-Jan 3pm,2429.9375
351,3,Tamil Nadu - 2026,15-Jan 3pm,2429.9375
351,4,Tamil Nadu - 2026,15-Jan 3pm,2429.9375
352,1,Tamil Nadu - 2026,15-Jan 4pm,2567.495
352,2,Tamil Nadu - 2026,15-Jan 4pm,2567.495
352,3,Tamil Nadu - 2026,15-Jan 4pm,2567.495
352,4,Tamil Nadu - 2026,15-Jan 4pm,2567.495
353,1,Tamil Nadu - 2026,15-Jan 5pm,2651.87
353,2,Tamil Nadu - 2026,15-Jan 5pm,2651.87
353,3,Tamil Nadu - 2026,15-Jan 5pm,2651.87
353,4,Tamil Nadu - 2026,15-Jan 5pm,2651.87
354,1,Tamil Nadu - 2026,15-Jan 6pm,2907.0525
354,2,Tamil Nadu - 2026,15-Jan 6pm,2907.0525
354,3,Tamil Nadu - 2026,15-Jan 6pm,2907.0525
354,4,Tamil Nadu - 2026,15-Jan 6pm,2907.0525
355,1,Tamil Nadu - 2026,15-Jan 7pm,2947.13
355,2,Tamil Nadu - 2026,15-Jan 7pm,2947.13
355,3,Tamil Nadu - 2026,15-Jan 7pm,2947.13
355,4,Tamil Nadu - 2026,15-Jan 7pm,2947.13
356,1,Tamil Nadu - 2026,15-Jan 8pm,2795.7225
356,2,Tamil Nadu - 2026,15-Jan 8pm,2795.7225
356,3,Tamil Nadu - 2026,15-Jan 8pm,2795.7225
356,4,Tamil Nadu - 2026,15-Jan 8pm,2795.7225
357,1,Tamil Nadu - 2026,15-Jan 9pm,2695.5325
357,2,Tamil Nadu - 2026,15-Jan 9pm,2695.5325
357,3,Tamil Nadu - 2026,15-Jan 9pm,2695.5325
357,4,Tamil Nadu - 2026,15-Jan 9pm,2695.5325
358,1,Tamil Nadu - 2026,15-Jan 10pm,2556.16
358,2,Tamil Nadu - 2026,15-Jan 10pm,2556.16
358,3,Tamil Nadu - 2026,15-Jan 10pm,2556.16
358,4,Tamil Nadu - 2026,15-Jan 10pm,2556.16
359,1,Tamil Nadu - 2026,15-Jan 11pm,2384.48
359,2,Tamil Nadu - 2026,15-Jan 11pm,2384.48
359,3,Tamil Nadu - 2026,15-Jan 11pm,2384.48
359,4,Tamil Nadu - 2026,15-Jan 11pm,2384.48
360,1,Tamil Nadu - 2026,16-Jan 12am,2294.36
360,2,Tamil Nadu - 2026,16-Jan 12am,2294.36
360,3,Tamil Nadu - 2026,16-Jan 12am,2294.36
360,4,Tamil Nadu - 2026,16-Jan 12am,2294.36
361,1,Tamil Nadu - 2026,16-Jan 1am,2259.635
361,2,Tamil Nadu - 2026,16-Jan 1am,2259.635
361,3,Tamil Nadu - 2026,16-Jan 1am,2259.635
361,4,Tamil Nadu - 2026,16-Jan 1am,2259.635
362,1,Tamil Nadu - 2026,16-Jan 2am,2209.1775
362,2,Tamil Nadu - 2026,16-Jan 2am,2209.1775
362,3,Tamil Nadu - 2026,16-Jan 2am,2209.1775
362,4,Tamil Nadu - 2026,16-Jan 2am,2209.1775
363,1,Tamil Nadu - 2026,16-Jan 3am,2209.8425
363,2,Tamil Nadu - 2026,16-Jan 3am,2209.8425
363,3,Tamil Nadu - 2026,16-Jan 3am,2209.8425
363,4,Tamil Nadu - 2026,16-Jan 3am,2209.8425
364,1,Tamil Nadu - 2026,16-Jan 4am,2238.125
364,2,Tamil Nadu - 2026,16-Jan 4am,2238.125
364,3,Tamil Nadu - 2026,16-Jan 4am,2238.125
364,4,Tamil Nadu - 2026,16-Jan 4am,2238.125
365,1,Tamil Nadu - 2026,16-Jan 5am,2330.2125
365,2,Tamil Nadu - 2026,16-Jan 5am,2330.2125
365,3,Tamil Nadu - 2026,16-Jan 5am,2330.2125
365,4,Tamil Nadu - 2026,16-Jan 5am,2330.2125
366,1,Tamil Nadu - 2026,16-Jan 6am,2486.875
366,2,Tamil Nadu - 2026,16-Jan 6am,2486.875
366,3,Tamil Nadu - 2026,16-Jan 6am,2486.875
366,4,Tamil Nadu - 2026,16-Jan 6am,2486.875
367,1,Tamil Nadu - 2026,16-Jan 7am,2804.205
367,2,Tamil Nadu - 2026,16-Jan 7am,2804.205
367,3,Tamil Nadu - 2026,16-Jan 7am,2804.205
367,4,Tamil Nadu - 2026,16-Jan 7am,2804.205
368,1,Tamil Nadu - 2026,16-Jan 8am,2981.845
368,2,Tamil Nadu - 2026,16-Jan 8am,2981.845
368,3,Tamil Nadu - 2026,16-Jan 8am,2981.845
368,4,Tamil Nadu - 2026,16-Jan 8am,2981.845
369,1,Tamil Nadu - 2026,16-Jan 9am,3084.055
369,2,Tamil Nadu - 2026,16-Jan 9am,3084.055
369,3,Tamil Nadu - 2026,16-Jan 9am,3084.055
369,4,Tamil Nadu - 2026,16-Jan 9am,3084.055
370,1,Tamil Nadu - 2026,16-Jan 10am,3068.2
370,2,Tamil Nadu - 2026,16-Jan 10am,3068.2
370,3,Tamil Nadu - 2026,16-Jan 10am,3068.2
370,4,Tamil Nadu - 2026,16-Jan 10am,3068.2
371,1,Tamil Nadu - 2026,16-Jan 11am,2862.9325
371,2,Tamil Nadu - 2026,16-Jan 11am,2862.9325
371,3,Tamil Nadu - 2026,16-Jan 11am,2862.9325
371,4,Tamil Nadu - 2026,16-Jan 11am,2862.9325
372,1,Tamil Nadu - 2026,16-Jan 12pm,2769.8625
372,2,Tamil Nadu - 2026,16-Jan 12pm,2769.8625
372,3,Tamil Nadu - 2026,16-Jan 12pm,2769.8625
372,4,Tamil Nadu - 2026,16-Jan 12pm,2769.8625
373,1,Tamil Nadu - 2026,16-Jan 1pm,2743.3675
373,2,Tamil Nadu - 2026,16-Jan 1pm,2743.3675
373,3,Tamil Nadu - 2026,16-Jan 1pm,2743.3675
373,4,Tamil Nadu - 2026,16-Jan 1pm,2743.3675
374,1,Tamil Nadu - 2026,16-Jan 2pm,2697.5375
374,2,Tamil Nadu - 2026,16-Jan 2pm,2697.5375
374,3,Tamil Nadu - 2026,16-Jan 2pm,2697.5375
374,4,Tamil Nadu - 2026,16-Jan 2pm,2697.5375
375,1,Tamil Nadu - 2026,16-Jan 3pm,2769.2875
375,2,Tamil Nadu - 2026,16-Jan 3pm,2769.2875
375,3,Tamil Nadu - 2026,16-Jan 3pm,2769.2875
375,4,Tamil Nadu - 2026,16-Jan 3pm,2769.2875
376,1,Tamil Nadu - 2026,16-Jan 4pm,2867.7475
376,2,Tamil Nadu - 2026,16-Jan 4pm,2867.7475
376,3,Tamil Nadu - 2026,16-Jan 4pm,2867.7475
376,4,Tamil Nadu - 2026,16-Jan 4pm,2867.7475
377,1,Tamil Nadu - 2026,16-Jan 5pm,2813.095
377,2,Tamil Nadu - 2026,16-Jan 5pm,2813.095
377,3,Tamil Nadu - 2026,16-Jan 5pm,2813.095
377,4,Tamil Nadu - 2026,16-Jan 5pm,2813.095
378,1,Tamil Nadu - 2026,16-Jan 6pm,2930.8175
378,2,Tamil Nadu - 2026,16-Jan 6pm,2930.8175
378,3,Tamil Nadu - 2026,16-Jan 6pm,2930.8175
378,4,Tamil Nadu - 2026,16-Jan 6pm,2930.8175
379,1,Tamil Nadu - 2026,16-Jan 7pm,3028.325
379,2,Tamil Nadu - 2026,16-Jan 7pm,3028.325
379,3,Tamil Nadu - 2026,16-Jan 7pm,3028.325
379,4,Tamil Nadu - 2026,16-Jan 7pm,3028.325
380,1,Tamil Nadu - 2026,16-Jan 8pm,2866.975
380,2,Tamil Nadu - 2026,16-Jan 8pm,2866.975
380,3,Tamil Nadu - 2026,16-Jan 8pm,2866.975
380,4,Tamil Nadu - 2026,16-Jan 8pm,2866.975
381,1,Tamil Nadu - 2026,16-Jan 9pm,2753.64
381,2,Tamil Nadu - 2026,16-Jan 9pm,2753.64
381,3,Tamil Nadu - 2026,16-Jan 9pm,2753.64
381,4,Tamil Nadu - 2026,16-Jan 9pm,2753.64
382,1,Tamil Nadu - 2026,16-Jan 10pm,2597.885
382,2,Tamil Nadu - 2026,16-Jan 10pm,2597.885
382,3,Tamil Nadu - 2026,16-Jan 10pm,2597.885
382,4,Tamil Nadu - 2026,16-Jan 10pm,2597.885
383,1,Tamil Nadu - 2026,16-Jan 11pm,2419.795
383,2,Tamil Nadu - 2026,16-Jan 11pm,2419.795
383,3,Tamil Nadu - 2026,16-Jan 11pm,2419.795
383,4,Tamil Nadu - 2026,16-Jan 11pm,2419.795
384,1,Tamil Nadu - 2026,17-Jan 12am,2357.29
384,2,Tamil Nadu - 2026,17-Jan 12am,2357.29
384,3,Tamil Nadu - 2026,17-Jan 12am,2357.29
384,4,Tamil Nadu - 2026,17-Jan 12am,2357.29
385,1,Tamil Nadu - 2026,17-Jan 1am,2305.505
385,2,Tamil Nadu - 2026,17-Jan 1am,2305.505
385,3,Tamil Nadu - 2026,17-Jan 1am,2305.505
385,4,Tamil Nadu - 2026,17-Jan 1am,2305.505
386,1,Tamil Nadu - 2026,17-Jan 2am,2279.905
386,2,Tamil Nadu - 2026,17-Jan 2am,2279.905
386,3,Tamil Nadu - 2026,17-Jan 2am,2279.905
386,4,Tamil Nadu - 2026,17-Jan 2am,2279.905
387,1,Tamil Nadu - 2026,17-Jan 3am,2229.455
387,2,Tamil Nadu - 2026,17-Jan 3am,2229.455
387,3,Tamil Nadu - 2026,17-Jan 3am,2229.455
387,4,Tamil Nadu - 2026,17-Jan 3am,2229.455
388,1,Tamil Nadu - 2026,17-Jan 4am,2243.955
388,2,Tamil Nadu - 2026,17-Jan 4am,2243.955
388,3,Tamil Nadu - 2026,17-Jan 4am,2243.955
388,4,Tamil Nadu - 2026,17-Jan 4am,2243.955
389,1,Tamil Nadu - 2026,17-Jan 5am,2340.3275
389,2,Tamil Nadu - 2026,17-Jan 5am,2340.3275
389,3,Tamil Nadu - 2026,17-Jan 5am,2340.3275
389,4,Tamil Nadu - 2026,17-Jan 5am,2340.3275
390,1,Tamil Nadu - 2026,17-Jan 6am,2469.9225
390,2,Tamil Nadu - 2026,17-Jan 6am,2469.9225
390,3,Tamil Nadu - 2026,17-Jan 6am,2469.9225
390,4,Tamil Nadu - 2026,17-Jan 6am,2469.9225
391,1,Tamil Nadu - 2026,17-Jan 7am,2802.47
391,2,Tamil Nadu - 2026,17-Jan 7am,2802.47
391,3,Tamil Nadu - 2026,17-Jan 7am,2802.47
391,4,Tamil Nadu - 2026,17-Jan 7am,2802.47
392,1,Tamil Nadu - 2026,17-Jan 8am,3050.2475
392,2,Tamil Nadu - 2026,17-Jan 8am,3050.2475
392,3,Tamil Nadu - 2026,17-Jan 8am,3050.2475
392,4,Tamil Nadu - 2026,17-Jan 8am,3050.2475
393,1,Tamil Nadu - 2026,17-Jan 9am,3125.97
393,2,Tamil Nadu - 2026,17-Jan 9am,3125.97
393,3,Tamil Nadu - 2026,17-Jan 9am,3125.97
393,4,Tamil Nadu - 2026,17-Jan 9am,3125.97
394,1,Tamil Nadu - 2026,17-Jan 10am,2900.79
394,2,Tamil Nadu - 2026,17-Jan 10am,2900.79
394,3,Tamil Nadu - 2026,17-Jan 10am,2900.79
394,4,Tamil Nadu - 2026,17-Jan 10am,2900.79
395,1,Tamil Nadu - 2026,17-Jan 11am,2921.3975
395,2,Tamil Nadu - 2026,17-Jan 11am,2921.3975
395,3,Tamil Nadu - 2026,17-Jan 11am,2921.3975
395,4,Tamil Nadu - 2026,17-Jan 11am,2921.3975
396,1,Tamil Nadu - 2026,17-Jan 12pm,2903.2075
396,2,Tamil Nadu - 2026,17-Jan 12pm,2903.2075
396,3,Tamil Nadu - 2026,17-Jan 12pm,2903.2075
396,4,Tamil Nadu - 2026,17-Jan 12pm,2903.2075
397,1,Tamil Nadu - 2026,17-Jan 1pm,2802.34
397,2,Tamil Nadu - 2026,17-Jan 1pm,2802.34
397,3,Tamil Nadu - 2026,17-Jan 1pm,2802.34
397,4,Tamil Nadu - 2026,17-Jan 1pm,2802.34
398,1,Tamil Nadu - 2026,17-Jan 2pm,2732.0
398,2,Tamil Nadu - 2026,17-Jan 2pm,2732.0
398,3,Tamil Nadu - 2026,17-Jan 2pm,2732.0
398,4,Tamil Nadu - 2026,17-Jan 2pm,2732.0
399,1,Tamil Nadu - 2026,17-Jan 3pm,2840.13
399,2,Tamil Nadu - 2026,17-Jan 3pm,2840.13
399,3,Tamil Nadu - 2026,17-Jan 3pm,2840.13
399,4,Tamil Nadu - 2026,17-Jan 3pm,2840.13
400,1,Tamil Nadu - 2026,17-Jan 4pm,3064.6525
400,2,Tamil Nadu - 2026,17-Jan 4pm,3064.6525
400,3,Tamil Nadu - 2026,17-Jan 4pm,3064.6525
400,4,Tamil Nadu - 2026,17-Jan 4pm,3064.6525
401,1,Tamil Nadu - 2026,17-Jan 5pm,3144.9575
401,2,Tamil Nadu - 2026,17-Jan 5pm,3144.9575
401,3,Tamil Nadu - 2026,17-Jan 5pm,3144.9575
401,4,Tamil Nadu - 2026,17-Jan 5pm,3144.9575
402,1,Tamil Nadu - 2026,17-Jan 6pm,3334.18
402,2,Tamil Nadu - 2026,17-Jan 6pm,3334.18
402,3,Tamil Nadu - 2026,17-Jan 6pm,3334.18
402,4,Tamil Nadu - 2026,17-Jan 6pm,3334.18
403,1,Tamil Nadu - 2026,17-Jan 7pm,3321.19
403,2,Tamil Nadu - 2026,17-Jan 7pm,3321.19
403,3,Tamil Nadu - 2026,17-Jan 7pm,3321.19
403,4,Tamil Nadu - 2026,17-Jan 7pm,3321.19
404,1,Tamil Nadu - 2026,17-Jan 8pm,3142.6925
404,2,Tamil Nadu - 2026,17-Jan 8pm,3142.6925
404,3,Tamil Nadu - 2026,17-Jan 8pm,3142.6925
404,4,Tamil Nadu - 2026,17-Jan 8pm,3142.6925
405,1,Tamil Nadu - 2026,17-Jan 9pm,2975.9075
405,2,Tamil Nadu - 2026,17-Jan 9pm,2975.9075
405,3,Tamil Nadu - 2026,17-Jan 9pm,2975.9075
405,4,Tamil Nadu - 2026,17-Jan 9pm,2975.9075
406,1,Tamil Nadu - 2026,17-Jan 10pm,2839.5
406,2,Tamil Nadu - 2026,17-Jan 10pm,2839.5
406,3,Tamil Nadu - 2026,17-Jan 10pm,2839.5
406,4,Tamil Nadu - 2026,17-Jan 10pm,2839.5
407,1,Tamil Nadu - 2026,17-Jan 11pm,2643.66
407,2,Tamil Nadu - 2026,17-Jan 11pm,2643.66
407,3,Tamil Nadu - 2026,17-Jan 11pm,2643.66
407,4,Tamil Nadu - 2026,17-Jan 11pm,2643.66
408,1,Tamil Nadu - 2026,18-Jan 12am,2587.9025
408,2,Tamil Nadu - 2026,18-Jan 12am,2587.9025
408,3,Tamil Nadu - 2026,18-Jan 12am,2587.9025
408,4,Tamil Nadu - 2026,18-Jan 12am,2587.9025
409,1,Tamil Nadu - 2026,18-Jan 1am,2548.2025
409,2,Tamil Nadu - 2026,18-Jan 1am,2548.2025
409,3,Tamil Nadu - 2026,18-Jan 1am,2548.2025
409,4,Tamil Nadu - 2026,18-Jan 1am,2548.2025
410,1,Tamil Nadu - 2026,18-Jan 2am,2538.88
410,2,Tamil Nadu - 2026,18-Jan 2am,2538.88
410,3,Tamil Nadu - 2026,18-Jan 2am,2538.88
410,4,Tamil Nadu - 2026,18-Jan 2am,2538.88
411,1,Tamil Nadu - 2026,18-Jan 3am,2509.85
411,2,Tamil Nadu - 2026,18-Jan 3am,2509.85
411,3,Tamil Nadu - 2026,18-Jan 3am,2509.85
411,4,Tamil Nadu - 2026,18-Jan 3am,2509.85
412,1,Tamil Nadu - 2026,18-Jan 4am,2495.325
412,2,Tamil Nadu - 2026,18-Jan 4am,2495.325
412,3,Tamil Nadu - 2026,18-Jan 4am,2495.325
412,4,Tamil Nadu - 2026,18-Jan 4am,2495.325
413,1,Tamil Nadu - 2026,18-Jan 5am,2592.0825
413,2,Tamil Nadu - 2026,18-Jan 5am,2592.0825
413,3,Tamil Nadu - 2026,18-Jan 5am,2592.0825
413,4,Tamil Nadu - 2026,18-Jan 5am,2592.0825
414,1,Tamil Nadu - 2026,18-Jan 6am,2720.5825
414,2,Tamil Nadu - 2026,18-Jan 6am,2720.5825
414,3,Tamil Nadu - 2026,18-Jan 6am,2720.5825
414,4,Tamil Nadu - 2026,18-Jan 6am,2720.5825
415,1,Tamil Nadu - 2026,18-Jan 7am,3103.0075
415,2,Tamil Nadu - 2026,18-Jan 7am,3103.0075
415,3,Tamil Nadu - 2026,18-Jan 7am,3103.0075
415,4,Tamil Nadu - 2026,18-Jan 7am,3103.0075
416,1,Tamil Nadu - 2026,18-Jan 8am,3258.2375
416,2,Tamil Nadu - 2026,18-Jan 8am,3258.2375
416,3,Tamil Nadu - 2026,18-Jan 8am,3258.2375
416,4,Tamil Nadu - 2026,18-Jan 8am,3258.2375
417,1,Tamil Nadu - 2026,18-Jan 9am,3307.3225
417,2,Tamil Nadu - 2026,18-Jan 9am,3307.3225
417,3,Tamil Nadu - 2026,18-Jan 9am,3307.3225
417,4,Tamil Nadu - 2026,18-Jan 9am,3307.3225
418,1,Tamil Nadu - 2026,18-Jan 10am,3192.3575
418,2,Tamil Nadu - 2026,18-Jan 10am,3192.3575
418,3,Tamil Nadu - 2026,18-Jan 10am,3192.3575
418,4,Tamil Nadu - 2026,18-Jan 10am,3192.3575
419,1,Tamil Nadu - 2026,18-Jan 11am,2832.47
419,2,Tamil Nadu - 2026,18-Jan 11am,2832.47
419,3,Tamil Nadu - 2026,18-Jan 11am,2832.47
419,4,Tamil Nadu - 2026,18-Jan 11am,2832.47
420,1,Tamil Nadu - 2026,18-Jan 12pm,3039.005
420,2,Tamil Nadu - 2026,18-Jan 12pm,3039.005
420,3,Tamil Nadu - 2026,18-Jan 12pm,3039.005
420,4,Tamil Nadu - 2026,18-Jan 12pm,3039.005
421,1,Tamil Nadu - 2026,18-Jan 1pm,3003.0725
421,2,Tamil Nadu - 2026,18-Jan 1pm,3003.0725
421,3,Tamil Nadu - 2026,18-Jan 1pm,3003.0725
421,4,Tamil Nadu - 2026,18-Jan 1pm,3003.0725
422,1,Tamil Nadu - 2026,18-Jan 2pm,2889.3125
422,2,Tamil Nadu - 2026,18-Jan 2pm,2889.3125
422,3,Tamil Nadu - 2026,18-Jan 2pm,2889.3125
422,4,Tamil Nadu - 2026,18-Jan 2pm,2889.3125
423,1,Tamil Nadu - 2026,18-Jan 3pm,3005.3025
423,2,Tamil Nadu - 2026,18-Jan 3pm,3005.3025
423,3,Tamil Nadu - 2026,18-Jan 3pm,3005.3025
423,4,Tamil Nadu - 2026,18-Jan 3pm,3005.3025
424,1,Tamil Nadu - 2026,18-Jan 4pm,3182.19
424,2,Tamil Nadu - 2026,18-Jan 4pm,3182.19
424,3,Tamil Nadu - 2026,18-Jan 4pm,3182.19
424,4,Tamil Nadu - 2026,18-Jan 4pm,3182.19
425,1,Tamil Nadu - 2026,18-Jan 5pm,3157.9275
425,2,Tamil Nadu - 2026,18-Jan 5pm,3157.9275
425,3,Tamil Nadu - 2026,18-Jan 5pm,3157.9275
425,4,Tamil Nadu - 2026,18-Jan 5pm,3157.9275
426,1,Tamil Nadu - 2026,18-Jan 6pm,3339.0775
426,2,Tamil Nadu - 2026,18-Jan 6pm,3339.0775
426,3,Tamil Nadu - 2026,18-Jan 6pm,3339.0775
426,4,Tamil Nadu - 2026,18-Jan 6pm,3339.0775
427,1,Tamil Nadu - 2026,18-Jan 7pm,3420.5525
427,2,Tamil Nadu - 2026,18-Jan 7pm,3420.5525
427,3,Tamil Nadu - 2026,18-Jan 7pm,3420.5525
427,4,Tamil Nadu - 2026,18-Jan 7pm,3420.5525
428,1,Tamil Nadu - 2026,18-Jan 8pm,3192.6625
428,2,Tamil Nadu - 2026,18-Jan 8pm,3192.6625
428,3,Tamil Nadu - 2026,18-Jan 8pm,3192.6625
428,4,Tamil Nadu - 2026,18-Jan 8pm,3192.6625
429,1,Tamil Nadu - 2026,18-Jan 9pm,3102.3625
429,2,Tamil Nadu - 2026,18-Jan 9pm,3102.3625
429,3,Tamil Nadu - 2026,18-Jan 9pm,3102.3625
429,4,Tamil Nadu - 2026,18-Jan 9pm,3102.3625
430,1,Tamil Nadu - 2026,18-Jan 10pm,2937.5175
430,2,Tamil Nadu - 2026,18-Jan 10pm,2937.5175
430,3,Tamil Nadu - 2026,18-Jan 10pm,2937.5175
430,4,Tamil Nadu - 2026,18-Jan 10pm,2937.5175
431,1,Tamil Nadu - 2026,18-Jan 11pm,2795.8425
431,2,Tamil Nadu - 2026,18-Jan 11pm,2795.8425
431,3,Tamil Nadu - 2026,18-Jan 11pm,2795.8425
431,4,Tamil Nadu - 2026,18-Jan 11pm,2795.8425
432,1,Tamil Nadu - 2026,19-Jan 12am,2685.4075
432,2,Tamil Nadu - 2026,19-Jan 12am,2685.4075
432,3,Tamil Nadu - 2026,19-Jan 12am,2685.4075
432,4,Tamil Nadu - 2026,19-Jan 12am,2685.4075
433,1,Tamil Nadu - 2026,19-Jan 1am,2678.6
433,2,Tamil Nadu - 2026,19-Jan 1am,2678.6
433,3,Tamil Nadu - 2026,19-Jan 1am,2678.6
433,4,Tamil Nadu - 2026,19-Jan 1am,2678.6
434,1,Tamil Nadu - 2026,19-Jan 2am,2654.51
434,2,Tamil Nadu - 2026,19-Jan 2am,2654.51
434,3,Tamil Nadu - 2026,19-Jan 2am,2654.51
434,4,Tamil Nadu - 2026,19-Jan 2am,2654.51
435,1,Tamil Nadu - 2026,19-Jan 3am,2609.8775
435,2,Tamil Nadu - 2026,19-Jan 3am,2609.8775
435,3,Tamil Nadu - 2026,19-Jan 3am,2609.8775
435,4,Tamil Nadu - 2026,19-Jan 3am,2609.8775
436,1,Tamil Nadu - 2026,19-Jan 4am,2637.095
436,2,Tamil Nadu - 2026,19-Jan 4am,2637.095
436,3,Tamil Nadu - 2026,19-Jan 4am,2637.095
436,4,Tamil Nadu - 2026,19-Jan 4am,2637.095
437,1,Tamil Nadu - 2026,19-Jan 5am,2732.0375
437,2,Tamil Nadu - 2026,19-Jan 5am,2732.0375
437,3,Tamil Nadu - 2026,19-Jan 5am,2732.0375
437,4,Tamil Nadu - 2026,19-Jan 5am,2732.0375
438,1,Tamil Nadu - 2026,19-Jan 6am,2987.665
438,2,Tamil Nadu - 2026,19-Jan 6am,2987.665
438,3,Tamil Nadu - 2026,19-Jan 6am,2987.665
438,4,Tamil Nadu - 2026,19-Jan 6am,2987.665
439,1,Tamil Nadu - 2026,19-Jan 7am,3652.3775
439,2,Tamil Nadu - 2026,19-Jan 7am,3652.3775
439,3,Tamil Nadu - 2026,19-Jan 7am,3652.3775
439,4,Tamil Nadu - 2026,19-Jan 7am,3652.3775
440,1,Tamil Nadu - 2026,19-Jan 8am,3815.84
440,2,Tamil Nadu - 2026,19-Jan 8am,3815.84
440,3,Tamil Nadu - 2026,19-Jan 8am,3815.84
440,4,Tamil Nadu - 2026,19-Jan 8am,3815.84
441,1,Tamil Nadu - 2026,19-Jan 9am,3689.12
441,2,Tamil Nadu - 2026,19-Jan 9am,3689.12
441,3,Tamil Nadu - 2026,19-Jan 9am,3689.12
441,4,Tamil Nadu - 2026,19-Jan 9am,3689.12
442,1,Tamil Nadu - 2026,19-Jan 10am,3706.9225
442,2,Tamil Nadu - 2026,19-Jan 10am,3706.9225
442,3,Tamil Nadu - 2026,19-Jan 10am,3706.9225
442,4,Tamil Nadu - 2026,19-Jan 10am,3706.9225
443,1,Tamil Nadu - 2026,19-Jan 11am,3607.66
443,2,Tamil Nadu - 2026,19-Jan 11am,3607.66
443,3,Tamil Nadu - 2026,19-Jan 11am,3607.66
443,4,Tamil Nadu - 2026,19-Jan 11am,3607.66
444,1,Tamil Nadu - 2026,19-Jan 12pm,3569.1575
444,2,Tamil Nadu - 2026,19-Jan 12pm,3569.1575
444,3,Tamil Nadu - 2026,19-Jan 12pm,3569.1575
444,4,Tamil Nadu - 2026,19-Jan 12pm,3569.1575
445,1,Tamil Nadu - 2026,19-Jan 1pm,3472.475
445,2,Tamil Nadu - 2026,19-Jan 1pm,3472.475
445,3,Tamil Nadu - 2026,19-Jan 1pm,3472.475
445,4,Tamil Nadu - 2026,19-Jan 1pm,3472.475
446,1,Tamil Nadu - 2026,19-Jan 2pm,3478.83
446,2,Tamil Nadu - 2026,19-Jan 2pm,3478.83
446,3,Tamil Nadu - 2026,19-Jan 2pm,3478.83
446,4,Tamil Nadu - 2026,19-Jan 2pm,3478.83
447,1,Tamil Nadu - 2026,19-Jan 3pm,3625.44
447,2,Tamil Nadu - 2026,19-Jan 3pm,3625.44
447,3,Tamil Nadu - 2026,19-Jan 3pm,3625.44
447,4,Tamil Nadu - 2026,19-Jan 3pm,3625.44
448,1,Tamil Nadu - 2026,19-Jan 4pm,3764.39
448,2,Tamil Nadu - 2026,19-Jan 4pm,3764.39
448,3,Tamil Nadu - 2026,19-Jan 4pm,3764.39
448,4,Tamil Nadu - 2026,19-Jan 4pm,3764.39
449,1,Tamil Nadu - 2026,19-Jan 5pm,4013.8325
449,2,Tamil Nadu - 2026,19-Jan 5pm,4013.8325
449,3,Tamil Nadu - 2026,19-Jan 5pm,4013.8325
449,4,Tamil Nadu - 2026,19-Jan 5pm,4013.8325
450,1,Tamil Nadu - 2026,19-Jan 6pm,4116.3875
450,2,Tamil Nadu - 2026,19-Jan 6pm,4116.3875
450,3,Tamil Nadu - 2026,19-Jan 6pm,4116.3875
450,4,Tamil Nadu - 2026,19-Jan 6pm,4116.3875
451,1,Tamil Nadu - 2026,19-Jan 7pm,4089.7025
451,2,Tamil Nadu - 2026,19-Jan 7pm,4089.7025
451,3,Tamil Nadu - 2026,19-Jan 7pm,4089.7025
451,4,Tamil Nadu - 2026,19-Jan 7pm,4089.7025
452,1,Tamil Nadu - 2026,19-Jan 8pm,3814.57
452,2,Tamil Nadu - 2026,19-Jan 8pm,3814.57
452,3,Tamil Nadu - 2026,19-Jan 8pm,3814.57
452,4,Tamil Nadu - 2026,19-Jan 8pm,3814.57
453,1,Tamil Nadu - 2026,19-Jan 9pm,3628.67
453,2,Tamil Nadu - 2026,19-Jan 9pm,3628.67
453,3,Tamil Nadu - 2026,19-Jan 9pm,3628.67
453,4,Tamil Nadu - 2026,19-Jan 9pm,3628.67
454,1,Tamil Nadu - 2026,19-Jan 10pm,3403.53
454,2,Tamil Nadu - 2026,19-Jan 10pm,3403.53
454,3,Tamil Nadu - 2026,19-Jan 10pm,3403.53
454,4,Tamil Nadu - 2026,19-Jan 10pm,3403.53
455,1,Tamil Nadu - 2026,19-Jan 11pm,3193.315
455,2,Tamil Nadu - 2026,19-Jan 11pm,3193.315
455,3,Tamil Nadu - 2026,19-Jan 11pm,3193.315
455,4,Tamil Nadu - 2026,19-Jan 11pm,3193.315
456,1,Tamil Nadu - 2026,20-Jan 12am,3095.7575
456,2,Tamil Nadu - 2026,20-Jan 12am,3095.7575
456,3,Tamil Nadu - 2026,20-Jan 12am,3095.7575
456,4,Tamil Nadu - 2026,20-Jan 12am,3095.7575
457,1,Tamil Nadu - 2026,20-Jan 1am,3080.45
457,2,Tamil Nadu - 2026,20-Jan 1am,3080.45
457,3,Tamil Nadu - 2026,20-Jan 1am,3080.45
457,4,Tamil Nadu - 2026,20-Jan 1am,3080.45
458,1,Tamil Nadu - 2026,20-Jan 2am,3033.1575
458,2,Tamil Nadu - 2026,20-Jan 2am,3033.1575
458,3,Tamil Nadu - 2026,20-Jan 2am,3033.1575
458,4,Tamil Nadu - 2026,20-Jan 2am,3033.1575
459,1,Tamil Nadu - 2026,20-Jan 3am,3000.4275
459,2,Tamil Nadu - 2026,20-Jan 3am,3000.4275
459,3,Tamil Nadu - 2026,20-Jan 3am,3000.4275
459,4,Tamil Nadu - 2026,20-Jan 3am,3000.4275
460,1,Tamil Nadu - 2026,20-Jan 4am,2979.58
460,2,Tamil Nadu - 2026,20-Jan 4am,2979.58
460,3,Tamil Nadu - 2026,20-Jan 4am,2979.58
460,4,Tamil Nadu - 2026,20-Jan 4am,2979.58
461,1,Tamil Nadu - 2026,20-Jan 5am,3102.605
461,2,Tamil Nadu - 2026,20-Jan 5am,3102.605
461,3,Tamil Nadu - 2026,20-Jan 5am,3102.605
461,4,Tamil Nadu - 2026,20-Jan 5am,3102.605
462,1,Tamil Nadu - 2026,20-Jan 6am,3343.3375
462,2,Tamil Nadu - 2026,20-Jan 6am,3343.3375
462,3,Tamil Nadu - 2026,20-Jan 6am,3343.3375
462,4,Tamil Nadu - 2026,20-Jan 6am,3343.3375
463,1,Tamil Nadu - 2026,20-Jan 7am,4005.48
463,2,Tamil Nadu - 2026,20-Jan 7am,4005.48
463,3,Tamil Nadu - 2026,20-Jan 7am,4005.48
463,4,Tamil Nadu - 2026,20-Jan 7am,4005.48
464,1,Tamil Nadu - 2026,20-Jan 8am,4108.3775
464,2,Tamil Nadu - 2026,20-Jan 8am,4108.3775
464,3,Tamil Nadu - 2026,20-Jan 8am,4108.3775
464,4,Tamil Nadu - 2026,20-Jan 8am,4108.3775
465,1,Tamil Nadu - 2026,20-Jan 9am,3900.5025
465,2,Tamil Nadu - 2026,20-Jan 9am,3900.5025
465,3,Tamil Nadu - 2026,20-Jan 9am,3900.5025
465,4,Tamil Nadu - 2026,20-Jan 9am,3900.5025
466,1,Tamil Nadu - 2026,20-Jan 10am,3637.9625
466,2,Tamil Nadu - 2026,20-Jan 10am,3637.9625
466,3,Tamil Nadu - 2026,20-Jan 10am,3637.9625
466,4,Tamil Nadu - 2026,20-Jan 10am,3637.9625
467,1,Tamil Nadu - 2026,20-Jan 11am,3575.3225
467,2,Tamil Nadu - 2026,20-Jan 11am,3575.3225
467,3,Tamil Nadu - 2026,20-Jan 11am,3575.3225
467,4,Tamil Nadu - 2026,20-Jan 11am,3575.3225
468,1,Tamil Nadu - 2026,20-Jan 12pm,3513.945
468,2,Tamil Nadu - 2026,20-Jan 12pm,3513.945
468,3,Tamil Nadu - 2026,20-Jan 12pm,3513.945
468,4,Tamil Nadu - 2026,20-Jan 12pm,3513.945
469,1,Tamil Nadu - 2026,20-Jan 1pm,3369.185
469,2,Tamil Nadu - 2026,20-Jan 1pm,3369.185
469,3,Tamil Nadu - 2026,20-Jan 1pm,3369.185
469,4,Tamil Nadu - 2026,20-Jan 1pm,3369.185
470,1,Tamil Nadu - 2026,20-Jan 2pm,3310.9575
470,2,Tamil Nadu - 2026,20-Jan 2pm,3310.9575
470,3,Tamil Nadu - 2026,20-Jan 2pm,3310.9575
470,4,Tamil Nadu - 2026,20-Jan 2pm,3310.9575
471,1,Tamil Nadu - 2026,20-Jan 3pm,3488.7825
471,2,Tamil Nadu - 2026,20-Jan 3pm,3488.7825
471,3,Tamil Nadu - 2026,20-Jan 3pm,3488.7825
471,4,Tamil Nadu - 2026,20-Jan 3pm,3488.7825
472,1,Tamil Nadu - 2026,20-Jan 4pm,3776.0625
472,2,Tamil Nadu - 2026,20-Jan 4pm,3776.0625
472,3,Tamil Nadu - 2026,20-Jan 4pm,3776.0625
472,4,Tamil Nadu - 2026,20-Jan 4pm,3776.0625
473,1,Tamil Nadu - 2026,20-Jan 5pm,4132.585
473,2,Tamil Nadu - 2026,20-Jan 5pm,4132.585
473,3,Tamil Nadu - 2026,20-Jan 5pm,4132.585
473,4,Tamil Nadu - 2026,20-Jan 5pm,4132.585
474,1,Tamil Nadu - 2026,20-Jan 6pm,4265.9125
474,2,Tamil Nadu - 2026,20-Jan 6pm,4265.9125
474,3,Tamil Nadu - 2026,20-Jan 6pm,4265.9125
474,4,Tamil Nadu - 2026,20-Jan 6pm,4265.9125
475,1,Tamil Nadu - 2026,20-Jan 7pm,4145.1475
475,2,Tamil Nadu - 2026,20-Jan 7pm,4145.1475
475,3,Tamil Nadu - 2026,20-Jan 7pm,4145.1475
475,4,Tamil Nadu - 2026,20-Jan 7pm,4145.1475
476,1,Tamil Nadu - 2026,20-Jan 8pm,3857.155
476,2,Tamil Nadu - 2026,20-Jan 8pm,3857.155
476,3,Tamil Nadu - 2026,20-Jan 8pm,3857.155
476,4,Tamil Nadu - 2026,20-Jan 8pm,3857.155
477,1,Tamil Nadu - 2026,20-Jan 9pm,3624.04
477,2,Tamil Nadu - 2026,20-Jan 9pm,3624.04
477,3,Tamil Nadu - 2026,20-Jan 9pm,3624.04
477,4,Tamil Nadu - 2026,20-Jan 9pm,3624.04
478,1,Tamil Nadu - 2026,20-Jan 10pm,3379.1875
478,2,Tamil Nadu - 2026,20-Jan 10pm,3379.1875
478,3,Tamil Nadu - 2026,20-Jan 10pm,3379.1875
478,4,Tamil Nadu - 2026,20-Jan 10pm,3379.1875
479,1,Tamil Nadu - 2026,20-Jan 11pm,3172.35
479,2,Tamil Nadu - 2026,20-Jan 11pm,3172.35
479,3,Tamil Nadu - 2026,20-Jan 11pm,3172.35
479,4,Tamil Nadu - 2026,20-Jan 11pm,3172.35
480,1,Tamil Nadu - 2026,21-Jan 12am,3038.885
480,2,Tamil Nadu - 2026,21-Jan 12am,3038.885
480,3,Tamil Nadu - 2026,21-Jan 12am,3038.885
480,4,Tamil Nadu - 2026,21-Jan 12am,3038.885
481,1,Tamil Nadu - 2026,21-Jan 1am,3016.7075
481,2,Tamil Nadu - 2026,21-Jan 1am,3016.7075
481,3,Tamil Nadu - 2026,21-Jan 1am,3016.7075
481,4,Tamil Nadu - 2026,21-Jan 1am,3016.7075
482,1,Tamil Nadu - 2026,21-Jan 2am,2984.6475
482,2,Tamil Nadu - 2026,21-Jan 2am,2984.6475
482,3,Tamil Nadu - 2026,21-Jan 2am,2984.6475
482,4,Tamil Nadu - 2026,21-Jan 2am,2984.6475
483,1,Tamil Nadu - 2026,21-Jan 3am,2978.485
483,2,Tamil Nadu - 2026,21-Jan 3am,2978.485
483,3,Tamil Nadu - 2026,21-Jan 3am,2978.485
483,4,Tamil Nadu - 2026,21-Jan 3am,2978.485
484,1,Tamil Nadu - 2026,21-Jan 4am,2996.87
484,2,Tamil Nadu - 2026,21-Jan 4am,2996.87
484,3,Tamil Nadu - 2026,21-Jan 4am,2996.87
484,4,Tamil Nadu - 2026,21-Jan 4am,2996.87
485,1,Tamil Nadu - 2026,21-Jan 5am,3060.2825
485,2,Tamil Nadu - 2026,21-Jan 5am,3060.2825
485,3,Tamil Nadu - 2026,21-Jan 5am,3060.2825
485,4,Tamil Nadu - 2026,21-Jan 5am,3060.2825
486,1,Tamil Nadu - 2026,21-Jan 6am,3348.81
486,2,Tamil Nadu - 2026,21-Jan 6am,3348.81
486,3,Tamil Nadu - 2026,21-Jan 6am,3348.81
486,4,Tamil Nadu - 2026,21-Jan 6am,3348.81
487,1,Tamil Nadu - 2026,21-Jan 7am,4014.5725
487,2,Tamil Nadu - 2026,21-Jan 7am,4014.5725
487,3,Tamil Nadu - 2026,21-Jan 7am,4014.5725
487,4,Tamil Nadu - 2026,21-Jan 7am,4014.5725
488,1,Tamil Nadu - 2026,21-Jan 8am,4150.38
488,2,Tamil Nadu - 2026,21-Jan 8am,4150.38
488,3,Tamil Nadu - 2026,21-Jan 8am,4150.38
488,4,Tamil Nadu - 2026,21-Jan 8am,4150.38
489,1,Tamil Nadu - 2026,21-Jan 9am,3944.0275
489,2,Tamil Nadu - 2026,21-Jan 9am,3944.0275
489,3,Tamil Nadu - 2026,21-Jan 9am,3944.0275
489,4,Tamil Nadu - 2026,21-Jan 9am,3944.0275
490,1,Tamil Nadu - 2026,21-Jan 10am,3755.845
490,2,Tamil Nadu - 2026,21-Jan 10am,3755.845
490,3,Tamil Nadu - 2026,21-Jan 10am,3755.845
490,4,Tamil Nadu - 2026,21-Jan 10am,3755.845
491,1,Tamil Nadu - 2026,21-Jan 11am,3681.825
491,2,Tamil Nadu - 2026,21-Jan 11am,3681.825
491,3,Tamil Nadu - 2026,21-Jan 11am,3681.825
491,4,Tamil Nadu - 2026,21-Jan 11am,3681.825
492,1,Tamil Nadu - 2026,21-Jan 12pm,3589.13
492,2,Tamil Nadu - 2026,21-Jan 12pm,3589.13
492,3,Tamil Nadu - 2026,21-Jan 12pm,3589.13
492,4,Tamil Nadu - 2026,21-Jan 12pm,3589.13
493,1,Tamil Nadu - 2026,21-Jan 1pm,3437.5975
493,2,Tamil Nadu - 2026,21-Jan 1pm,3437.5975
493,3,Tamil Nadu - 2026,21-Jan 1pm,3437.5975
493,4,Tamil Nadu - 2026,21-Jan 1pm,3437.5975
494,1,Tamil Nadu - 2026,21-Jan 2pm,3386.1175
494,2,Tamil Nadu - 2026,21-Jan 2pm,3386.1175
494,3,Tamil Nadu - 2026,21-Jan 2pm,3386.1175
494,4,Tamil Nadu - 2026,21-Jan 2pm,3386.1175
495,1,Tamil Nadu - 2026,21-Jan 3pm,3626.9775
495,2,Tamil Nadu - 2026,21-Jan 3pm,3626.9775
495,3,Tamil Nadu - 2026,21-Jan 3pm,3626.9775
495,4,Tamil Nadu - 2026,21-Jan 3pm,3626.9775
496,1,Tamil Nadu - 2026,21-Jan 4pm,3809.425
496,2,Tamil Nadu - 2026,21-Jan 4pm,3809.425
496,3,Tamil Nadu - 2026,21-Jan 4pm,3809.425
496,4,Tamil Nadu - 2026,21-Jan 4pm,3809.425
497,1,Tamil Nadu - 2026,21-Jan 5pm,4161.0425
497,2,Tamil Nadu - 2026,21-Jan 5pm,4161.0425
497,3,Tamil Nadu - 2026,21-Jan 5pm,4161.0425
497,4,Tamil Nadu - 2026,21-Jan 5pm,4161.0425
498,1,Tamil Nadu - 2026,21-Jan 6pm,4216.3875
498,2,Tamil Nadu - 2026,21-Jan 6pm,4216.3875
498,3,Tamil Nadu - 2026,21-Jan 6pm,4216.3875
498,4,Tamil Nadu - 2026,21-Jan 6pm,4216.3875
499,1,Tamil Nadu - 2026,21-Jan 7pm,4169.1875
499,2,Tamil Nadu - 2026,21-Jan 7pm,4169.1875
499,3,Tamil Nadu - 2026,21-Jan 7pm,4169.1875
499,4,Tamil Nadu - 2026,21-Jan 7pm,4169.1875
500,1,Tamil Nadu - 2026,21-Jan 8pm,3864.98
500,2,Tamil Nadu - 2026,21-Jan 8pm,3864.98
500,3,Tamil Nadu - 2026,21-Jan 8pm,3864.98
500,4,Tamil Nadu - 2026,21-Jan 8pm,3864.98
501,1,Tamil Nadu - 2026,21-Jan 9pm,3636.2125
501,2,Tamil Nadu - 2026,21-Jan 9pm,3636.2125
501,3,Tamil Nadu - 2026,21-Jan 9pm,3636.2125
501,4,Tamil Nadu - 2026,21-Jan 9pm,3636.2125
502,1,Tamil Nadu - 2026,21-Jan 10pm,3424.6375
502,2,Tamil Nadu - 2026,21-Jan 10pm,3424.6375
502,3,Tamil Nadu - 2026,21-Jan 10pm,3424.6375
502,4,Tamil Nadu - 2026,21-Jan 10pm,3424.6375
503,1,Tamil Nadu - 2026,21-Jan 11pm,3201.9925
503,2,Tamil Nadu - 2026,21-Jan 11pm,3201.9925
503,3,Tamil Nadu - 2026,21-Jan 11pm,3201.9925
503,4,Tamil Nadu - 2026,21-Jan 11pm,3201.9925
504,1,Tamil Nadu - 2026,22-Jan 12am,3094.3125
504,2,Tamil Nadu - 2026,22-Jan 12am,3094.3125
504,3,Tamil Nadu - 2026,22-Jan 12am,3094.3125
504,4,Tamil Nadu - 2026,22-Jan 12am,3094.3125
505,1,Tamil Nadu - 2026,22-Jan 1am,3039.3025
505,2,Tamil Nadu - 2026,22-Jan 1am,3039.3025
505,3,Tamil Nadu - 2026,22-Jan 1am,3039.3025
505,4,Tamil Nadu - 2026,22-Jan 1am,3039.3025
506,1,Tamil Nadu - 2026,22-Jan 2am,2998.6075
506,2,Tamil Nadu - 2026,22-Jan 2am,2998.6075
506,3,Tamil Nadu - 2026,22-Jan 2am,2998.6075
506,4,Tamil Nadu - 2026,22-Jan 2am,2998.6075
507,1,Tamil Nadu - 2026,22-Jan 3am,2966.2675
507,2,Tamil Nadu - 2026,22-Jan 3am,2966.2675
507,3,Tamil Nadu - 2026,22-Jan 3am,2966.2675
507,4,Tamil Nadu - 2026,22-Jan 3am,2966.2675
508,1,Tamil Nadu - 2026,22-Jan 4am,2982.065
508,2,Tamil Nadu - 2026,22-Jan 4am,2982.065
508,3,Tamil Nadu - 2026,22-Jan 4am,2982.065
508,4,Tamil Nadu - 2026,22-Jan 4am,2982.065
509,1,Tamil Nadu - 2026,22-Jan 5am,3007.7425
509,2,Tamil Nadu - 2026,22-Jan 5am,3007.7425
509,3,Tamil Nadu - 2026,22-Jan 5am,3007.7425
509,4,Tamil Nadu - 2026,22-Jan 5am,3007.7425
510,1,Tamil Nadu - 2026,22-Jan 6am,3336.6075
510,2,Tamil Nadu - 2026,22-Jan 6am,3336.6075
510,3,Tamil Nadu - 2026,22-Jan 6am,3336.6075
510,4,Tamil Nadu - 2026,22-Jan 6am,3336.6075
511,1,Tamil Nadu - 2026,22-Jan 7am,4024.025
511,2,Tamil Nadu - 2026,22-Jan 7am,4024.025
511,3,Tamil Nadu - 2026,22-Jan 7am,4024.025
511,4,Tamil Nadu - 2026,22-Jan 7am,4024.025
512,1,Tamil Nadu - 2026,22-Jan 8am,4084.2575
512,2,Tamil Nadu - 2026,22-Jan 8am,4084.2575
512,3,Tamil Nadu - 2026,22-Jan 8am,4084.2575
512,4,Tamil Nadu - 2026,22-Jan 8am,4084.2575
513,1,Tamil Nadu - 2026,22-Jan 9am,3680.005
513,2,Tamil Nadu - 2026,22-Jan 9am,3680.005
513,3,Tamil Nadu - 2026,22-Jan 9am,3680.005
513,4,Tamil Nadu - 2026,22-Jan 9am,3680.005
514,1,Tamil Nadu - 2026,22-Jan 10am,3682.2875
514,2,Tamil Nadu - 2026,22-Jan 10am,3682.2875
514,3,Tamil Nadu - 2026,22-Jan 10am,3682.2875
514,4,Tamil Nadu - 2026,22-Jan 10am,3682.2875
515,1,Tamil Nadu - 2026,22-Jan 11am,3612.9325
515,2,Tamil Nadu - 2026,22-Jan 11am,3612.9325
515,3,Tamil Nadu - 2026,22-Jan 11am,3612.9325
515,4,Tamil Nadu - 2026,22-Jan 11am,3612.9325
516,1,Tamil Nadu - 2026,22-Jan 12pm,3561.685
516,2,Tamil Nadu - 2026,22-Jan 12pm,3561.685
516,3,Tamil Nadu - 2026,22-Jan 12pm,3561.685
516,4,Tamil Nadu - 2026,22-Jan 12pm,3561.685
517,1,Tamil Nadu - 2026,22-Jan 1pm,3448.3175
517,2,Tamil Nadu - 2026,22-Jan 1pm,3448.3175
517,3,Tamil Nadu - 2026,22-Jan 1pm,3448.3175
517,4,Tamil Nadu - 2026,22-Jan 1pm,3448.3175
518,1,Tamil Nadu - 2026,22-Jan 2pm,3449.0125
518,2,Tamil Nadu - 2026,22-Jan 2pm,3449.0125
518,3,Tamil Nadu - 2026,22-Jan 2pm,3449.0125
518,4,Tamil Nadu - 2026,22-Jan 2pm,3449.0125
519,1,Tamil Nadu - 2026,22-Jan 3pm,3549.3875
519,2,Tamil Nadu - 2026,22-Jan 3pm,3549.3875
519,3,Tamil Nadu - 2026,22-Jan 3pm,3549.3875
519,4,Tamil Nadu - 2026,22-Jan 3pm,3549.3875
520,1,Tamil Nadu - 2026,22-Jan 4pm,3830.48
520,2,Tamil Nadu - 2026,22-Jan 4pm,3830.48
520,3,Tamil Nadu - 2026,22-Jan 4pm,3830.48
520,4,Tamil Nadu - 2026,22-Jan 4pm,3830.48
521,1,Tamil Nadu - 2026,22-Jan 5pm,4182.6575
521,2,Tamil Nadu - 2026,22-Jan 5pm,4182.6575
521,3,Tamil Nadu - 2026,22-Jan 5pm,4182.6575
521,4,Tamil Nadu - 2026,22-Jan 5pm,4182.6575
522,1,Tamil Nadu - 2026,22-Jan 6pm,4252.1575
522,2,Tamil Nadu - 2026,22-Jan 6pm,4252.1575
522,3,Tamil Nadu - 2026,22-Jan 6pm,4252.1575
522,4,Tamil Nadu - 2026,22-Jan 6pm,4252.1575
523,1,Tamil Nadu - 2026,22-Jan 7pm,4293.3225
523,2,Tamil Nadu - 2026,22-Jan 7pm,4293.3225
523,3,Tamil Nadu - 2026,22-Jan 7pm,4293.3225
523,4,Tamil Nadu - 2026,22-Jan 7pm,4293.3225
524,1,Tamil Nadu - 2026,22-Jan 8pm,3982.35
524,2,Tamil Nadu - 2026,22-Jan 8pm,3982.35
524,3,Tamil Nadu - 2026,22-Jan 8pm,3982.35
524,4,Tamil Nadu - 2026,22-Jan 8pm,3982.35
525,1,Tamil Nadu - 2026,22-Jan 9pm,3721.8125
525,2,Tamil Nadu - 2026,22-Jan 9pm,3721.8125
525,3,Tamil Nadu - 2026,22-Jan 9pm,3721.8125
525,4,Tamil Nadu - 2026,22-Jan 9pm,3721.8125
526,1,Tamil Nadu - 2026,22-Jan 10pm,3482.0125
526,2,Tamil Nadu - 2026,22-Jan 10pm,3482.0125
526,3,Tamil Nadu - 2026,22-Jan 10pm,3482.0125
526,4,Tamil Nadu - 2026,22-Jan 10pm,3482.0125
527,1,Tamil Nadu - 2026,22-Jan 11pm,3224.8675
527,2,Tamil Nadu - 2026,22-Jan 11pm,3224.8675
527,3,Tamil Nadu - 2026,22-Jan 11pm,3224.8675
527,4,Tamil Nadu - 2026,22-Jan 11pm,3224.8675
528,1,Tamil Nadu - 2026,23-Jan 12am,3112.045
528,2,Tamil Nadu - 2026,23-Jan 12am,3112.045
528,3,Tamil Nadu - 2026,23-Jan 12am,3112.045
528,4,Tamil Nadu - 2026,23-Jan 12am,3112.045
529,1,Tamil Nadu - 2026,23-Jan 1am,3060.6075
529,2,Tamil Nadu - 2026,23-Jan 1am,3060.6075
529,3,Tamil Nadu - 2026,23-Jan 1am,3060.6075
529,4,Tamil Nadu - 2026,23-Jan 1am,3060.6075
530,1,Tamil Nadu - 2026,23-Jan 2am,3013.55
530,2,Tamil Nadu - 2026,23-Jan 2am,3013.55
530,3,Tamil Nadu - 2026,23-Jan 2am,3013.55
530,4,Tamil Nadu - 2026,23-Jan 2am,3013.55
531,1,Tamil Nadu - 2026,23-Jan 3am,3039.47
531,2,Tamil Nadu - 2026,23-Jan 3am,3039.47
531,3,Tamil Nadu - 2026,23-Jan 3am,3039.47
531,4,Tamil Nadu - 2026,23-Jan 3am,3039.47
532,1,Tamil Nadu - 2026,23-Jan 4am,3044.92
532,2,Tamil Nadu - 2026,23-Jan 4am,3044.92
532,3,Tamil Nadu - 2026,23-Jan 4am,3044.92
532,4,Tamil Nadu - 2026,23-Jan 4am,3044.92
533,1,Tamil Nadu - 2026,23-Jan 5am,3124.275
533,2,Tamil Nadu - 2026,23-Jan 5am,3124.275
533,3,Tamil Nadu - 2026,23-Jan 5am,3124.275
533,4,Tamil Nadu - 2026,23-Jan 5am,3124.275
534,1,Tamil Nadu - 2026,23-Jan 6am,3428.7025
534,2,Tamil Nadu - 2026,23-Jan 6am,3428.7025
534,3,Tamil Nadu - 2026,23-Jan 6am,3428.7025
534,4,Tamil Nadu - 2026,23-Jan 6am,3428.7025
535,1,Tamil Nadu - 2026,23-Jan 7am,4123.1725
535,2,Tamil Nadu - 2026,23-Jan 7am,4123.1725
535,3,Tamil Nadu - 2026,23-Jan 7am,4123.1725
535,4,Tamil Nadu - 2026,23-Jan 7am,4123.1725
536,1,Tamil Nadu - 2026,23-Jan 8am,4200.475
536,2,Tamil Nadu - 2026,23-Jan 8am,4200.475
536,3,Tamil Nadu - 2026,23-Jan 8am,4200.475
536,4,Tamil Nadu - 2026,23-Jan 8am,4200.475
537,1,Tamil Nadu - 2026,23-Jan 9am,3962.6375
537,2,Tamil Nadu - 2026,23-Jan 9am,3962.6375
537,3,Tamil Nadu - 2026,23-Jan 9am,3962.6375
537,4,Tamil Nadu - 2026,23-Jan 9am,3962.6375
538,1,Tamil Nadu - 2026,23-Jan 10am,3633.77
538,2,Tamil Nadu - 2026,23-Jan 10am,3633.77
538,3,Tamil Nadu - 2026,23-Jan 10am,3633.77
538,4,Tamil Nadu - 2026,23-Jan 10am,3633.77
539,1,Tamil Nadu - 2026,23-Jan 11am,3721.5675
539,2,Tamil Nadu - 2026,23-Jan 11am,3721.5675
539,3,Tamil Nadu - 2026,23-Jan 11am,3721.5675
539,4,Tamil Nadu - 2026,23-Jan 11am,3721.5675
540,1,Tamil Nadu - 2026,23-Jan 12pm,3707.2125
540,2,Tamil Nadu - 2026,23-Jan 12pm,3707.2125
540,3,Tamil Nadu - 2026,23-Jan 12pm,3707.2125
540,4,Tamil Nadu - 2026,23-Jan 12pm,3707.2125
541,1,Tamil Nadu - 2026,23-Jan 1pm,3618.7525
541,2,Tamil Nadu - 2026,23-Jan 1pm,3618.7525
541,3,Tamil Nadu - 2026,23-Jan 1pm,3618.7525
541,4,Tamil Nadu - 2026,23-Jan 1pm,3618.7525
542,1,Tamil Nadu - 2026,23-Jan 2pm,3518.35
542,2,Tamil Nadu - 2026,23-Jan 2pm,3518.35
542,3,Tamil Nadu - 2026,23-Jan 2pm,3518.35
542,4,Tamil Nadu - 2026,23-Jan 2pm,3518.35
543,1,Tamil Nadu - 2026,23-Jan 3pm,3686.0
543,2,Tamil Nadu - 2026,23-Jan 3pm,3686.0
543,3,Tamil Nadu - 2026,23-Jan 3pm,3686.0
543,4,Tamil Nadu - 2026,23-Jan 3pm,3686.0
544,1,Tamil Nadu - 2026,23-Jan 4pm,3950.985
544,2,Tamil Nadu - 2026,23-Jan 4pm,3950.985
544,3,Tamil Nadu - 2026,23-Jan 4pm,3950.985
544,4,Tamil Nadu - 2026,23-Jan 4pm,3950.985
545,1,Tamil Nadu - 2026,23-Jan 5pm,4287.86
545,2,Tamil Nadu - 2026,23-Jan 5pm,4287.86
545,3,Tamil Nadu - 2026,23-Jan 5pm,4287.86
545,4,Tamil Nadu - 2026,23-Jan 5pm,4287.86
546,1,Tamil Nadu - 2026,23-Jan 6pm,4246.53
546,2,Tamil Nadu - 2026,23-Jan 6pm,4246.53
546,3,Tamil Nadu - 2026,23-Jan 6pm,4246.53
546,4,Tamil Nadu - 2026,23-Jan 6pm,4246.53
547,1,Tamil Nadu - 2026,23-Jan 7pm,4201.865
547,2,Tamil Nadu - 2026,23-Jan 7pm,4201.865
547,3,Tamil Nadu - 2026,23-Jan 7pm,4201.865
547,4,Tamil Nadu - 2026,23-Jan 7pm,4201.865
548,1,Tamil Nadu - 2026,23-Jan 8pm,3914.555
548,2,Tamil Nadu - 2026,23-Jan 8pm,3914.555
548,3,Tamil Nadu - 2026,23-Jan 8pm,3914.555
548,4,Tamil Nadu - 2026,23-Jan 8pm,3914.555
549,1,Tamil Nadu - 2026,23-Jan 9pm,3664.2675
549,2,Tamil Nadu - 2026,23-Jan 9pm,3664.2675
549,3,Tamil Nadu - 2026,23-Jan 9pm,3664.2675
549,4,Tamil Nadu - 2026,23-Jan 9pm,3664.2675
550,1,Tamil Nadu - 2026,23-Jan 10pm,3424.8825
550,2,Tamil Nadu - 2026,23-Jan 10pm,3424.8825
550,3,Tamil Nadu - 2026,23-Jan 10pm,3424.8825
550,4,Tamil Nadu - 2026,23-Jan 10pm,3424.8825
551,1,Tamil Nadu - 2026,23-Jan 11pm,3210.0375
551,2,Tamil Nadu - 2026,23-Jan 11pm,3210.0375
551,3,Tamil Nadu - 2026,23-Jan 11pm,3210.0375
551,4,Tamil Nadu - 2026,23-Jan 11pm,3210.0375
552,1,Tamil Nadu - 2026,24-Jan 12am,3090.93
552,2,Tamil Nadu - 2026,24-Jan 12am,3090.93
552,3,Tamil Nadu - 2026,24-Jan 12am,3090.93
552,4,Tamil Nadu - 2026,24-Jan 12am,3090.93
553,1,Tamil Nadu - 2026,24-Jan 1am,3080.9875
553,2,Tamil Nadu - 2026,24-Jan 1am,3080.9875
553,3,Tamil Nadu - 2026,24-Jan 1am,3080.9875
553,4,Tamil Nadu - 2026,24-Jan 1am,3080.9875
554,1,Tamil Nadu - 2026,24-Jan 2am,3054.4475
554,2,Tamil Nadu - 2026,24-Jan 2am,3054.4475
554,3,Tamil Nadu - 2026,24-Jan 2am,3054.4475
554,4,Tamil Nadu - 2026,24-Jan 2am,3054.4475
555,1,Tamil Nadu - 2026,24-Jan 3am,3053.7075
555,2,Tamil Nadu - 2026,24-Jan 3am,3053.7075
555,3,Tamil Nadu - 2026,24-Jan 3am,3053.7075
555,4,Tamil Nadu - 2026,24-Jan 3am,3053.7075
556,1,Tamil Nadu - 2026,24-Jan 4am,3061.2825
556,2,Tamil Nadu - 2026,24-Jan 4am,3061.2825
556,3,Tamil Nadu - 2026,24-Jan 4am,3061.2825
556,4,Tamil Nadu - 2026,24-Jan 4am,3061.2825
557,1,Tamil Nadu - 2026,24-Jan 5am,3167.85
557,2,Tamil Nadu - 2026,24-Jan 5am,3167.85
557,3,Tamil Nadu - 2026,24-Jan 5am,3167.85
557,4,Tamil Nadu - 2026,24-Jan 5am,3167.85
558,1,Tamil Nadu - 2026,24-Jan 6am,3341.96
558,2,Tamil Nadu - 2026,24-Jan 6am,3341.96
558,3,Tamil Nadu - 2026,24-Jan 6am,3341.96
558,4,Tamil Nadu - 2026,24-Jan 6am,3341.96
559,1,Tamil Nadu - 2026,24-Jan 7am,3882.7725
559,2,Tamil Nadu - 2026,24-Jan 7am,3882.7725
559,3,Tamil Nadu - 2026,24-Jan 7am,3882.7725
559,4,Tamil Nadu - 2026,24-Jan 7am,3882.7725
560,1,Tamil Nadu - 2026,24-Jan 8am,4081.1775
560,2,Tamil Nadu - 2026,24-Jan 8am,4081.1775
560,3,Tamil Nadu - 2026,24-Jan 8am,4081.1775
560,4,Tamil Nadu - 2026,24-Jan 8am,4081.1775
561,1,Tamil Nadu - 2026,24-Jan 9am,4026.025
561,2,Tamil Nadu - 2026,24-Jan 9am,4026.025
561,3,Tamil Nadu - 2026,24-Jan 9am,4026.025
561,4,Tamil Nadu - 2026,24-Jan 9am,4026.025
562,1,Tamil Nadu - 2026,24-Jan 10am,3955.63
562,2,Tamil Nadu - 2026,24-Jan 10am,3955.63
562,3,Tamil Nadu - 2026,24-Jan 10am,3955.63
562,4,Tamil Nadu - 2026,24-Jan 10am,3955.63
563,1,Tamil Nadu - 2026,24-Jan 11am,3785.69
563,2,Tamil Nadu - 2026,24-Jan 11am,3785.69
563,3,Tamil Nadu - 2026,24-Jan 11am,3785.69
563,4,Tamil Nadu - 2026,24-Jan 11am,3785.69
564,1,Tamil Nadu - 2026,24-Jan 12pm,3845.145
564,2,Tamil Nadu - 2026,24-Jan 12pm,3845.145
564,3,Tamil Nadu - 2026,24-Jan 12pm,3845.145
564,4,Tamil Nadu - 2026,24-Jan 12pm,3845.145
565,1,Tamil Nadu - 2026,24-Jan 1pm,3751.9225
565,2,Tamil Nadu - 2026,24-Jan 1pm,3751.9225
565,3,Tamil Nadu - 2026,24-Jan 1pm,3751.9225
565,4,Tamil Nadu - 2026,24-Jan 1pm,3751.9225
566,1,Tamil Nadu - 2026,24-Jan 2pm,3714.005
566,2,Tamil Nadu - 2026,24-Jan 2pm,3714.005
566,3,Tamil Nadu - 2026,24-Jan 2pm,3714.005
566,4,Tamil Nadu - 2026,24-Jan 2pm,3714.005
567,1,Tamil Nadu - 2026,24-Jan 3pm,3835.53
567,2,Tamil Nadu - 2026,24-Jan 3pm,3835.53
567,3,Tamil Nadu - 2026,24-Jan 3pm,3835.53
567,4,Tamil Nadu - 2026,24-Jan 3pm,3835.53
568,1,Tamil Nadu - 2026,24-Jan 4pm,4007.895
568,2,Tamil Nadu - 2026,24-Jan 4pm,4007.895
568,3,Tamil Nadu - 2026,24-Jan 4pm,4007.895
568,4,Tamil Nadu - 2026,24-Jan 4pm,4007.895
569,1,Tamil Nadu - 2026,24-Jan 5pm,4009.875
569,2,Tamil Nadu - 2026,24-Jan 5pm,4009.875
569,3,Tamil Nadu - 2026,24-Jan 5pm,4009.875
569,4,Tamil Nadu - 2026,24-Jan 5pm,4009.875
570,1,Tamil Nadu - 2026,24-Jan 6pm,4052.0275
570,2,Tamil Nadu - 2026,24-Jan 6pm,4052.0275
570,3,Tamil Nadu - 2026,24-Jan 6pm,4052.0275
570,4,Tamil Nadu - 2026,24-Jan 6pm,4052.0275
571,1,Tamil Nadu - 2026,24-Jan 7pm,3975.08
571,2,Tamil Nadu - 2026,24-Jan 7pm,3975.08
571,3,Tamil Nadu - 2026,24-Jan 7pm,3975.08
571,4,Tamil Nadu - 2026,24-Jan 7pm,3975.08
572,1,Tamil Nadu - 2026,24-Jan 8pm,3690.415
572,2,Tamil Nadu - 2026,24-Jan 8pm,3690.415
572,3,Tamil Nadu - 2026,24-Jan 8pm,3690.415
572,4,Tamil Nadu - 2026,24-Jan 8pm,3690.415
573,1,Tamil Nadu - 2026,24-Jan 9pm,3574.8525
573,2,Tamil Nadu - 2026,24-Jan 9pm,3574.8525
573,3,Tamil Nadu - 2026,24-Jan 9pm,3574.8525
573,4,Tamil Nadu - 2026,24-Jan 9pm,3574.8525
574,1,Tamil Nadu - 2026,24-Jan 10pm,3335.75
574,2,Tamil Nadu - 2026,24-Jan 10pm,3335.75
574,3,Tamil Nadu - 2026,24-Jan 10pm,3335.75
574,4,Tamil Nadu - 2026,24-Jan 10pm,3335.75
575,1,Tamil Nadu - 2026,24-Jan 11pm,3112.315
575,2,Tamil Nadu - 2026,24-Jan 11pm,3112.315
575,3,Tamil Nadu - 2026,24-Jan 11pm,3112.315
575,4,Tamil Nadu - 2026,24-Jan 11pm,3112.315
576,1,Tamil Nadu - 2026,25-Jan 12am,3013.39
576,2,Tamil Nadu - 2026,25-Jan 12am,3013.39
576,3,Tamil Nadu - 2026,25-Jan 12am,3013.39
576,4,Tamil Nadu - 2026,25-Jan 12am,3013.39
577,1,Tamil Nadu - 2026,25-Jan 1am,2929.49
577,2,Tamil Nadu - 2026,25-Jan 1am,2929.49
577,3,Tamil Nadu - 2026,25-Jan 1am,2929.49
577,4,Tamil Nadu - 2026,25-Jan 1am,2929.49
578,1,Tamil Nadu - 2026,25-Jan 2am,2905.7425
578,2,Tamil Nadu - 2026,25-Jan 2am,2905.7425
578,3,Tamil Nadu - 2026,25-Jan 2am,2905.7425
578,4,Tamil Nadu - 2026,25-Jan 2am,2905.7425
579,1,Tamil Nadu - 2026,25-Jan 3am,2852.36
579,2,Tamil Nadu - 2026,25-Jan 3am,2852.36
579,3,Tamil Nadu - 2026,25-Jan 3am,2852.36
579,4,Tamil Nadu - 2026,25-Jan 3am,2852.36
580,1,Tamil Nadu - 2026,25-Jan 4am,2881.695
580,2,Tamil Nadu - 2026,25-Jan 4am,2881.695
580,3,Tamil Nadu - 2026,25-Jan 4am,2881.695
580,4,Tamil Nadu - 2026,25-Jan 4am,2881.695
581,1,Tamil Nadu - 2026,25-Jan 5am,2921.2125
581,2,Tamil Nadu - 2026,25-Jan 5am,2921.2125
581,3,Tamil Nadu - 2026,25-Jan 5am,2921.2125
581,4,Tamil Nadu - 2026,25-Jan 5am,2921.2125
582,1,Tamil Nadu - 2026,25-Jan 6am,3041.775
582,2,Tamil Nadu - 2026,25-Jan 6am,3041.775
582,3,Tamil Nadu - 2026,25-Jan 6am,3041.775
582,4,Tamil Nadu - 2026,25-Jan 6am,3041.775
583,1,Tamil Nadu - 2026,25-Jan 7am,3374.4025
583,2,Tamil Nadu - 2026,25-Jan 7am,3374.4025
583,3,Tamil Nadu - 2026,25-Jan 7am,3374.4025
583,4,Tamil Nadu - 2026,25-Jan 7am,3374.4025
584,1,Tamil Nadu - 2026,25-Jan 8am,3568.92
584,2,Tamil Nadu - 2026,25-Jan 8am,3568.92
584,3,Tamil Nadu - 2026,25-Jan 8am,3568.92
584,4,Tamil Nadu - 2026,25-Jan 8am,3568.92
585,1,Tamil Nadu - 2026,25-Jan 9am,3610.8675
585,2,Tamil Nadu - 2026,25-Jan 9am,3610.8675
585,3,Tamil Nadu - 2026,25-Jan 9am,3610.8675
585,4,Tamil Nadu - 2026,25-Jan 9am,3610.8675
586,1,Tamil Nadu - 2026,25-Jan 10am,3605.93
586,2,Tamil Nadu - 2026,25-Jan 10am,3605.93
586,3,Tamil Nadu - 2026,25-Jan 10am,3605.93
586,4,Tamil Nadu - 2026,25-Jan 10am,3605.93
587,1,Tamil Nadu - 2026,25-Jan 11am,3582.5
587,2,Tamil Nadu - 2026,25-Jan 11am,3582.5
587,3,Tamil Nadu - 2026,25-Jan 11am,3582.5
587,4,Tamil Nadu - 2026,25-Jan 11am,3582.5
588,1,Tamil Nadu - 2026,25-Jan 12pm,3517.73
588,2,Tamil Nadu - 2026,25-Jan 12pm,3517.73
588,3,Tamil Nadu - 2026,25-Jan 12pm,3517.73
588,4,Tamil Nadu - 2026,25-Jan 12pm,3517.73
589,1,Tamil Nadu - 2026,25-Jan 1pm,3416.18
589,2,Tamil Nadu - 2026,25-Jan 1pm,3416.18
589,3,Tamil Nadu - 2026,25-Jan 1pm,3416.18
589,4,Tamil Nadu - 2026,25-Jan 1pm,3416.18
590,1,Tamil Nadu - 2026,25-Jan 2pm,3335.0975
590,2,Tamil Nadu - 2026,25-Jan 2pm,3335.0975
590,3,Tamil Nadu - 2026,25-Jan 2pm,3335.0975
590,4,Tamil Nadu - 2026,25-Jan 2pm,3335.0975
591,1,Tamil Nadu - 2026,25-Jan 3pm,3372.7125
591,2,Tamil Nadu - 2026,25-Jan 3pm,3372.7125
591,3,Tamil Nadu - 2026,25-Jan 3pm,3372.7125
591,4,Tamil Nadu - 2026,25-Jan 3pm,3372.7125
592,1,Tamil Nadu - 2026,25-Jan 4pm,3462.8175
592,2,Tamil Nadu - 2026,25-Jan 4pm,3462.8175
592,3,Tamil Nadu - 2026,25-Jan 4pm,3462.8175
592,4,Tamil Nadu - 2026,25-Jan 4pm,3462.8175
593,1,Tamil Nadu - 2026,25-Jan 5pm,3575.535
593,2,Tamil Nadu - 2026,25-Jan 5pm,3575.535
593,3,Tamil Nadu - 2026,25-Jan 5pm,3575.535
593,4,Tamil Nadu - 2026,25-Jan 5pm,3575.535
594,1,Tamil Nadu - 2026,25-Jan 6pm,3545.0975
594,2,Tamil Nadu - 2026,25-Jan 6pm,3545.0975
594,3,Tamil Nadu - 2026,25-Jan 6pm,3545.0975
594,4,Tamil Nadu - 2026,25-Jan 6pm,3545.0975
595,1,Tamil Nadu - 2026,25-Jan 7pm,3571.2775
595,2,Tamil Nadu - 2026,25-Jan 7pm,3571.2775
595,3,Tamil Nadu - 2026,25-Jan 7pm,3571.2775
595,4,Tamil Nadu - 2026,25-Jan 7pm,3571.2775
596,1,Tamil Nadu - 2026,25-Jan 8pm,3356.5475
596,2,Tamil Nadu - 2026,25-Jan 8pm,3356.5475
596,3,Tamil Nadu - 2026,25-Jan 8pm,3356.5475
596,4,Tamil Nadu - 2026,25-Jan 8pm,3356.5475
597,1,Tamil Nadu - 2026,25-Jan 9pm,3223.0075
597,2,Tamil Nadu - 2026,25-Jan 9pm,3223.0075
597,3,Tamil Nadu - 2026,25-Jan 9pm,3223.0075
597,4,Tamil Nadu - 2026,25-Jan 9pm,3223.0075
598,1,Tamil Nadu - 2026,25-Jan 10pm,2968.2225
598,2,Tamil Nadu - 2026,25-Jan 10pm,2968.2225
598,3,Tamil Nadu - 2026,25-Jan 10pm,2968.2225
598,4,Tamil Nadu - 2026,25-Jan 10pm,2968.2225
599,1,Tamil Nadu - 2026,25-Jan 11pm,2805.8075
599,2,Tamil Nadu - 2026,25-Jan 11pm,2805.8075
599,3,Tamil Nadu - 2026,25-Jan 11pm,2805.8075
599,4,Tamil Nadu - 2026,25-Jan 11pm,2805.8075
600,1,Tamil Nadu - 2026,26-Jan 12am,2753.495
600,2,Tamil Nadu - 2026,26-Jan 12am,2753.495
600,3,Tamil Nadu - 2026,26-Jan 12am,2753.495
600,4,Tamil Nadu - 2026,26-Jan 12am,2753.495
601,1,Tamil Nadu - 2026,26-Jan 1am,2683.5575
601,2,Tamil Nadu - 2026,26-Jan 1am,2683.5575
601,3,Tamil Nadu - 2026,26-Jan 1am,2683.5575
601,4,Tamil Nadu - 2026,26-Jan 1am,2683.5575
602,1,Tamil Nadu - 2026,26-Jan 2am,2632.885
602,2,Tamil Nadu - 2026,26-Jan 2am,2632.885
602,3,Tamil Nadu - 2026,26-Jan 2am,2632.885
602,4,Tamil Nadu - 2026,26-Jan 2am,2632.885
603,1,Tamil Nadu - 2026,26-Jan 3am,2579.02
603,2,Tamil Nadu - 2026,26-Jan 3am,2579.02
603,3,Tamil Nadu - 2026,26-Jan 3am,2579.02
603,4,Tamil Nadu - 2026,26-Jan 3am,2579.02
604,1,Tamil Nadu - 2026,26-Jan 4am,2570.85
604,2,Tamil Nadu - 2026,26-Jan 4am,2570.85
604,3,Tamil Nadu - 2026,26-Jan 4am,2570.85
604,4,Tamil Nadu - 2026,26-Jan 4am,2570.85
605,1,Tamil Nadu - 2026,26-Jan 5am,2614.3425
605,2,Tamil Nadu - 2026,26-Jan 5am,2614.3425
605,3,Tamil Nadu - 2026,26-Jan 5am,2614.3425
605,4,Tamil Nadu - 2026,26-Jan 5am,2614.3425
606,1,Tamil Nadu - 2026,26-Jan 6am,2739.8275
606,2,Tamil Nadu - 2026,26-Jan 6am,2739.8275
606,3,Tamil Nadu - 2026,26-Jan 6am,2739.8275
606,4,Tamil Nadu - 2026,26-Jan 6am,2739.8275
607,1,Tamil Nadu - 2026,26-Jan 7am,3109.76
607,2,Tamil Nadu - 2026,26-Jan 7am,3109.76
607,3,Tamil Nadu - 2026,26-Jan 7am,3109.76
607,4,Tamil Nadu - 2026,26-Jan 7am,3109.76
608,1,Tamil Nadu - 2026,26-Jan 8am,3337.7
608,2,Tamil Nadu - 2026,26-Jan 8am,3337.7
608,3,Tamil Nadu - 2026,26-Jan 8am,3337.7
608,4,Tamil Nadu - 2026,26-Jan 8am,3337.7
609,1,Tamil Nadu - 2026,26-Jan 9am,3354.9625
609,2,Tamil Nadu - 2026,26-Jan 9am,3354.9625
609,3,Tamil Nadu - 2026,26-Jan 9am,3354.9625
609,4,Tamil Nadu - 2026,26-Jan 9am,3354.9625
610,1,Tamil Nadu - 2026,26-Jan 10am,3258.9625
610,2,Tamil Nadu - 2026,26-Jan 10am,3258.9625
610,3,Tamil Nadu - 2026,26-Jan 10am,3258.9625
610,4,Tamil Nadu - 2026,26-Jan 10am,3258.9625
611,1,Tamil Nadu - 2026,26-Jan 11am,3218.765
611,2,Tamil Nadu - 2026,26-Jan 11am,3218.765
611,3,Tamil Nadu - 2026,26-Jan 11am,3218.765
611,4,Tamil Nadu - 2026,26-Jan 11am,3218.765
612,1,Tamil Nadu - 2026,26-Jan 12pm,3048.77
612,2,Tamil Nadu - 2026,26-Jan 12pm,3048.77
612,3,Tamil Nadu - 2026,26-Jan 12pm,3048.77
612,4,Tamil Nadu - 2026,26-Jan 12pm,3048.77
613,1,Tamil Nadu - 2026,26-Jan 1pm,3075.775
613,2,Tamil Nadu - 2026,26-Jan 1pm,3075.775
613,3,Tamil Nadu - 2026,26-Jan 1pm,3075.775
613,4,Tamil Nadu - 2026,26-Jan 1pm,3075.775
614,1,Tamil Nadu - 2026,26-Jan 2pm,3024.2575
614,2,Tamil Nadu - 2026,26-Jan 2pm,3024.2575
614,3,Tamil Nadu - 2026,26-Jan 2pm,3024.2575
614,4,Tamil Nadu - 2026,26-Jan 2pm,3024.2575
615,1,Tamil Nadu - 2026,26-Jan 3pm,3088.3525
615,2,Tamil Nadu - 2026,26-Jan 3pm,3088.3525
615,3,Tamil Nadu - 2026,26-Jan 3pm,3088.3525
615,4,Tamil Nadu - 2026,26-Jan 3pm,3088.3525
616,1,Tamil Nadu - 2026,26-Jan 4pm,3224.6675
616,2,Tamil Nadu - 2026,26-Jan 4pm,3224.6675
616,3,Tamil Nadu - 2026,26-Jan 4pm,3224.6675
616,4,Tamil Nadu - 2026,26-Jan 4pm,3224.6675
617,1,Tamil Nadu - 2026,26-Jan 5pm,3329.08
617,2,Tamil Nadu - 2026,26-Jan 5pm,3329.08
617,3,Tamil Nadu - 2026,26-Jan 5pm,3329.08
617,4,Tamil Nadu - 2026,26-Jan 5pm,3329.08
618,1,Tamil Nadu - 2026,26-Jan 6pm,3436.3875
618,2,Tamil Nadu - 2026,26-Jan 6pm,3436.3875
618,3,Tamil Nadu - 2026,26-Jan 6pm,3436.3875
618,4,Tamil Nadu - 2026,26-Jan 6pm,3436.3875
619,1,Tamil Nadu - 2026,26-Jan 7pm,3473.46
619,2,Tamil Nadu - 2026,26-Jan 7pm,3473.46
619,3,Tamil Nadu - 2026,26-Jan 7pm,3473.46
619,4,Tamil Nadu - 2026,26-Jan 7pm,3473.46
620,1,Tamil Nadu - 2026,26-Jan 8pm,3318.0325
620,2,Tamil Nadu - 2026,26-Jan 8pm,3318.0325
620,3,Tamil Nadu - 2026,26-Jan 8pm,3318.0325
620,4,Tamil Nadu - 2026,26-Jan 8pm,3318.0325
621,1,Tamil Nadu - 2026,26-Jan 9pm,3211.3675
621,2,Tamil Nadu - 2026,26-Jan 9pm,3211.3675
621,3,Tamil Nadu - 2026,26-Jan 9pm,3211.3675
621,4,Tamil Nadu - 2026,26-Jan 9pm,3211.3675
622,1,Tamil Nadu - 2026,26-Jan 10pm,3035.445
622,2,Tamil Nadu - 2026,26-Jan 10pm,3035.445
622,3,Tamil Nadu - 2026,26-Jan 10pm,3035.445
622,4,Tamil Nadu - 2026,26-Jan 10pm,3035.445
623,1,Tamil Nadu - 2026,26-Jan 11pm,2795.7425
623,2,Tamil Nadu - 2026,26-Jan 11pm,2795.7425
623,3,Tamil Nadu - 2026,26-Jan 11pm,2795.7425
623,4,Tamil Nadu - 2026,26-Jan 11pm,2795.7425
624,1,Tamil Nadu - 2026,27-Jan 12am,2680.595
624,2,Tamil Nadu - 2026,27-Jan 12am,2680.595
624,3,Tamil Nadu - 2026,27-Jan 12am,2680.595
624,4,Tamil Nadu - 2026,27-Jan 12am,2680.595
625,1,Tamil Nadu - 2026,27-Jan 1am,2592.9075
625,2,Tamil Nadu - 2026,27-Jan 1am,2592.9075
625,3,Tamil Nadu - 2026,27-Jan 1am,2592.9075
625,4,Tamil Nadu - 2026,27-Jan 1am,2592.9075
626,1,Tamil Nadu - 2026,27-Jan 2am,2538.46
626,2,Tamil Nadu - 2026,27-Jan 2am,2538.46
626,3,Tamil Nadu - 2026,27-Jan 2am,2538.46
626,4,Tamil Nadu - 2026,27-Jan 2am,2538.46
627,1,Tamil Nadu - 2026,27-Jan 3am,2533.74
627,2,Tamil Nadu - 2026,27-Jan 3am,2533.74
627,3,Tamil Nadu - 2026,27-Jan 3am,2533.74
627,4,Tamil Nadu - 2026,27-Jan 3am,2533.74
628,1,Tamil Nadu - 2026,27-Jan 4am,2537.3775
628,2,Tamil Nadu - 2026,27-Jan 4am,2537.3775
628,3,Tamil Nadu - 2026,27-Jan 4am,2537.3775
628,4,Tamil Nadu - 2026,27-Jan 4am,2537.3775
629,1,Tamil Nadu - 2026,27-Jan 5am,2613.5575
629,2,Tamil Nadu - 2026,27-Jan 5am,2613.5575
629,3,Tamil Nadu - 2026,27-Jan 5am,2613.5575
629,4,Tamil Nadu - 2026,27-Jan 5am,2613.5575
630,1,Tamil Nadu - 2026,27-Jan 6am,2962.0825
630,2,Tamil Nadu - 2026,27-Jan 6am,2962.0825
630,3,Tamil Nadu - 2026,27-Jan 6am,2962.0825
630,4,Tamil Nadu - 2026,27-Jan 6am,2962.0825
631,1,Tamil Nadu - 2026,27-Jan 7am,3746.735
631,2,Tamil Nadu - 2026,27-Jan 7am,3746.735
631,3,Tamil Nadu - 2026,27-Jan 7am,3746.735
631,4,Tamil Nadu - 2026,27-Jan 7am,3746.735
632,1,Tamil Nadu - 2026,27-Jan 8am,3915.525
632,2,Tamil Nadu - 2026,27-Jan 8am,3915.525
632,3,Tamil Nadu - 2026,27-Jan 8am,3915.525
632,4,Tamil Nadu - 2026,27-Jan 8am,3915.525
633,1,Tamil Nadu - 2026,27-Jan 9am,3790.79
633,2,Tamil Nadu - 2026,27-Jan 9am,3790.79
633,3,Tamil Nadu - 2026,27-Jan 9am,3790.79
633,4,Tamil Nadu - 2026,27-Jan 9am,3790.79
634,1,Tamil Nadu - 2026,27-Jan 10am,3648.84
634,2,Tamil Nadu - 2026,27-Jan 10am,3648.84
634,3,Tamil Nadu - 2026,27-Jan 10am,3648.84
634,4,Tamil Nadu - 2026,27-Jan 10am,3648.84
635,1,Tamil Nadu - 2026,27-Jan 11am,3521.045
635,2,Tamil Nadu - 2026,27-Jan 11am,3521.045
635,3,Tamil Nadu - 2026,27-Jan 11am,3521.045
635,4,Tamil Nadu - 2026,27-Jan 11am,3521.045
636,1,Tamil Nadu - 2026,27-Jan 12pm,3466.2575
636,2,Tamil Nadu - 2026,27-Jan 12pm,3466.2575
636,3,Tamil Nadu - 2026,27-Jan 12pm,3466.2575
636,4,Tamil Nadu - 2026,27-Jan 12pm,3466.2575
637,1,Tamil Nadu - 2026,27-Jan 1pm,3383.605
637,2,Tamil Nadu - 2026,27-Jan 1pm,3383.605
637,3,Tamil Nadu - 2026,27-Jan 1pm,3383.605
637,4,Tamil Nadu - 2026,27-Jan 1pm,3383.605
638,1,Tamil Nadu - 2026,27-Jan 2pm,3286.185
638,2,Tamil Nadu - 2026,27-Jan 2pm,3286.185
638,3,Tamil Nadu - 2026,27-Jan 2pm,3286.185
638,4,Tamil Nadu - 2026,27-Jan 2pm,3286.185
639,1,Tamil Nadu - 2026,27-Jan 3pm,3539.52
639,2,Tamil Nadu - 2026,27-Jan 3pm,3539.52
639,3,Tamil Nadu - 2026,27-Jan 3pm,3539.52
639,4,Tamil Nadu - 2026,27-Jan 3pm,3539.52
640,1,Tamil Nadu - 2026,27-Jan 4pm,3665.715
640,2,Tamil Nadu - 2026,27-Jan 4pm,3665.715
640,3,Tamil Nadu - 2026,27-Jan 4pm,3665.715
640,4,Tamil Nadu - 2026,27-Jan 4pm,3665.715
641,1,Tamil Nadu - 2026,27-Jan 5pm,3979.46
641,2,Tamil Nadu - 2026,27-Jan 5pm,3979.46
641,3,Tamil Nadu - 2026,27-Jan 5pm,3979.46
641,4,Tamil Nadu - 2026,27-Jan 5pm,3979.46
642,1,Tamil Nadu - 2026,27-Jan 6pm,4124.9
642,2,Tamil Nadu - 2026,27-Jan 6pm,4124.9
642,3,Tamil Nadu - 2026,27-Jan 6pm,4124.9
642,4,Tamil Nadu - 2026,27-Jan 6pm,4124.9
643,1,Tamil Nadu - 2026,27-Jan 7pm,4133.8325
643,2,Tamil Nadu - 2026,27-Jan 7pm,4133.8325
643,3,Tamil Nadu - 2026,27-Jan 7pm,4133.8325
643,4,Tamil Nadu - 2026,27-Jan 7pm,4133.8325
644,1,Tamil Nadu - 2026,27-Jan 8pm,3833.09
644,2,Tamil Nadu - 2026,27-Jan 8pm,3833.09
644,3,Tamil Nadu - 2026,27-Jan 8pm,3833.09
644,4,Tamil Nadu - 2026,27-Jan 8pm,3833.09
645,1,Tamil Nadu - 2026,27-Jan 9pm,3645.775
645,2,Tamil Nadu - 2026,27-Jan 9pm,3645.775
645,3,Tamil Nadu - 2026,27-Jan 9pm,3645.775
645,4,Tamil Nadu - 2026,27-Jan 9pm,3645.775
646,1,Tamil Nadu - 2026,27-Jan 10pm,3429.99
646,2,Tamil Nadu - 2026,27-Jan 10pm,3429.99
646,3,Tamil Nadu - 2026,27-Jan 10pm,3429.99
646,4,Tamil Nadu - 2026,27-Jan 10pm,3429.99
647,1,Tamil Nadu - 2026,27-Jan 11pm,3126.2075
647,2,Tamil Nadu - 2026,27-Jan 11pm,3126.2075
647,3,Tamil Nadu - 2026,27-Jan 11pm,3126.2075
647,4,Tamil Nadu - 2026,27-Jan 11pm,3126.2075
648,1,Tamil Nadu - 2026,28-Jan 12am,3016.725
648,2,Tamil Nadu - 2026,28-Jan 12am,3016.725
648,3,Tamil Nadu - 2026,28-Jan 12am,3016.725
648,4,Tamil Nadu - 2026,28-Jan 12am,3016.725
649,1,Tamil Nadu - 2026,28-Jan 1am,2972.36
649,2,Tamil Nadu - 2026,28-Jan 1am,2972.36
649,3,Tamil Nadu - 2026,28-Jan 1am,2972.36
649,4,Tamil Nadu - 2026,28-Jan 1am,2972.36
650,1,Tamil Nadu - 2026,28-Jan 2am,2976.96
650,2,Tamil Nadu - 2026,28-Jan 2am,2976.96
650,3,Tamil Nadu - 2026,28-Jan 2am,2976.96
650,4,Tamil Nadu - 2026,28-Jan 2am,2976.96
651,1,Tamil Nadu - 2026,28-Jan 3am,2983.85
651,2,Tamil Nadu - 2026,28-Jan 3am,2983.85
651,3,Tamil Nadu - 2026,28-Jan 3am,2983.85
651,4,Tamil Nadu - 2026,28-Jan 3am,2983.85
652,1,Tamil Nadu - 2026,28-Jan 4am,3032.4975
652,2,Tamil Nadu - 2026,28-Jan 4am,3032.4975
652,3,Tamil Nadu - 2026,28-Jan 4am,3032.4975
652,4,Tamil Nadu - 2026,28-Jan 4am,3032.4975
653,1,Tamil Nadu - 2026,28-Jan 5am,3149.605
653,2,Tamil Nadu - 2026,28-Jan 5am,3149.605
653,3,Tamil Nadu - 2026,28-Jan 5am,3149.605
653,4,Tamil Nadu - 2026,28-Jan 5am,3149.605
654,1,Tamil Nadu - 2026,28-Jan 6am,3351.66
654,2,Tamil Nadu - 2026,28-Jan 6am,3351.66
654,3,Tamil Nadu - 2026,28-Jan 6am,3351.66
654,4,Tamil Nadu - 2026,28-Jan 6am,3351.66
655,1,Tamil Nadu - 2026,28-Jan 7am,3949.3225
655,2,Tamil Nadu - 2026,28-Jan 7am,3949.3225
655,3,Tamil Nadu - 2026,28-Jan 7am,3949.3225
655,4,Tamil Nadu - 2026,28-Jan 7am,3949.3225
656,1,Tamil Nadu - 2026,28-Jan 8am,4004.5875
656,2,Tamil Nadu - 2026,28-Jan 8am,4004.5875
656,3,Tamil Nadu - 2026,28-Jan 8am,4004.5875
656,4,Tamil Nadu - 2026,28-Jan 8am,4004.5875
657,1,Tamil Nadu - 2026,28-Jan 9am,3704.6025
657,2,Tamil Nadu - 2026,28-Jan 9am,3704.6025
657,3,Tamil Nadu - 2026,28-Jan 9am,3704.6025
657,4,Tamil Nadu - 2026,28-Jan 9am,3704.6025
658,1,Tamil Nadu - 2026,28-Jan 10am,3502.3525
658,2,Tamil Nadu - 2026,28-Jan 10am,3502.3525
658,3,Tamil Nadu - 2026,28-Jan 10am,3502.3525
658,4,Tamil Nadu - 2026,28-Jan 10am,3502.3525
659,1,Tamil Nadu - 2026,28-Jan 11am,3370.8
659,2,Tamil Nadu - 2026,28-Jan 11am,3370.8
659,3,Tamil Nadu - 2026,28-Jan 11am,3370.8
659,4,Tamil Nadu - 2026,28-Jan 11am,3370.8
660,1,Tamil Nadu - 2026,28-Jan 12pm,3318.5925
660,2,Tamil Nadu - 2026,28-Jan 12pm,3318.5925
660,3,Tamil Nadu - 2026,28-Jan 12pm,3318.5925
660,4,Tamil Nadu - 2026,28-Jan 12pm,3318.5925
661,1,Tamil Nadu - 2026,28-Jan 1pm,3166.75
661,2,Tamil Nadu - 2026,28-Jan 1pm,3166.75
661,3,Tamil Nadu - 2026,28-Jan 1pm,3166.75
661,4,Tamil Nadu - 2026,28-Jan 1pm,3166.75
662,1,Tamil Nadu - 2026,28-Jan 2pm,3232.2175
662,2,Tamil Nadu - 2026,28-Jan 2pm,3232.2175
662,3,Tamil Nadu - 2026,28-Jan 2pm,3232.2175
662,4,Tamil Nadu - 2026,28-Jan 2pm,3232.2175
663,1,Tamil Nadu - 2026,28-Jan 3pm,3467.48
663,2,Tamil Nadu - 2026,28-Jan 3pm,3467.48
663,3,Tamil Nadu - 2026,28-Jan 3pm,3467.48
663,4,Tamil Nadu - 2026,28-Jan 3pm,3467.48
664,1,Tamil Nadu - 2026,28-Jan 4pm,3756.8975
664,2,Tamil Nadu - 2026,28-Jan 4pm,3756.8975
664,3,Tamil Nadu - 2026,28-Jan 4pm,3756.8975
664,4,Tamil Nadu - 2026,28-Jan 4pm,3756.8975
665,1,Tamil Nadu - 2026,28-Jan 5pm,4092.58
665,2,Tamil Nadu - 2026,28-Jan 5pm,4092.58
665,3,Tamil Nadu - 2026,28-Jan 5pm,4092.58
665,4,Tamil Nadu - 2026,28-Jan 5pm,4092.58
666,1,Tamil Nadu - 2026,28-Jan 6pm,4227.1575
666,2,Tamil Nadu - 2026,28-Jan 6pm,4227.1575
666,3,Tamil Nadu - 2026,28-Jan 6pm,4227.1575
666,4,Tamil Nadu - 2026,28-Jan 6pm,4227.1575
667,1,Tamil Nadu - 2026,28-Jan 7pm,4203.63
667,2,Tamil Nadu - 2026,28-Jan 7pm,4203.63
667,3,Tamil Nadu - 2026,28-Jan 7pm,4203.63
667,4,Tamil Nadu - 2026,28-Jan 7pm,4203.63
668,1,Tamil Nadu - 2026,28-Jan 8pm,3916.3475
668,2,Tamil Nadu - 2026,28-Jan 8pm,3916.3475
668,3,Tamil Nadu - 2026,28-Jan 8pm,3916.3475
668,4,Tamil Nadu - 2026,28-Jan 8pm,3916.3475
669,1,Tamil Nadu - 2026,28-Jan 9pm,3710.835
669,2,Tamil Nadu - 2026,28-Jan 9pm,3710.835
669,3,Tamil Nadu - 2026,28-Jan 9pm,3710.835
669,4,Tamil Nadu - 2026,28-Jan 9pm,3710.835
670,1,Tamil Nadu - 2026,28-Jan 10pm,3468.3025
670,2,Tamil Nadu - 2026,28-Jan 10pm,3468.3025
670,3,Tamil Nadu - 2026,28-Jan 10pm,3468.3025
670,4,Tamil Nadu - 2026,28-Jan 10pm,3468.3025
671,1,Tamil Nadu - 2026,28-Jan 11pm,3195.7625
671,2,Tamil Nadu - 2026,28-Jan 11pm,3195.7625
671,3,Tamil Nadu - 2026,28-Jan 11pm,3195.7625
671,4,Tamil Nadu - 2026,28-Jan 11pm,3195.7625
672,1,Tamil Nadu - 2026,29-Jan 12am,3106.1825
672,2,Tamil Nadu - 2026,29-Jan 12am,3106.1825
672,3,Tamil Nadu - 2026,29-Jan 12am,3106.1825
672,4,Tamil Nadu - 2026,29-Jan 12am,3106.1825
673,1,Tamil Nadu - 2026,29-Jan 1am,3075.145
673,2,Tamil Nadu - 2026,29-Jan 1am,3075.145
673,3,Tamil Nadu - 2026,29-Jan 1am,3075.145
673,4,Tamil Nadu - 2026,29-Jan 1am,3075.145
674,1,Tamil Nadu - 2026,29-Jan 2am,3019.985
674,2,Tamil Nadu - 2026,29-Jan 2am,3019.985
674,3,Tamil Nadu - 2026,29-Jan 2am,3019.985
674,4,Tamil Nadu - 2026,29-Jan 2am,3019.985
675,1,Tamil Nadu - 2026,29-Jan 3am,2972.905
675,2,Tamil Nadu - 2026,29-Jan 3am,2972.905
675,3,Tamil Nadu - 2026,29-Jan 3am,2972.905
675,4,Tamil Nadu - 2026,29-Jan 3am,2972.905
676,1,Tamil Nadu - 2026,29-Jan 4am,2971.8025
676,2,Tamil Nadu - 2026,29-Jan 4am,2971.8025
676,3,Tamil Nadu - 2026,29-Jan 4am,2971.8025
676,4,Tamil Nadu - 2026,29-Jan 4am,2971.8025
677,1,Tamil Nadu - 2026,29-Jan 5am,3038.4725
677,2,Tamil Nadu - 2026,29-Jan 5am,3038.4725
677,3,Tamil Nadu - 2026,29-Jan 5am,3038.4725
677,4,Tamil Nadu - 2026,29-Jan 5am,3038.4725
678,1,Tamil Nadu - 2026,29-Jan 6am,3315.2975
678,2,Tamil Nadu - 2026,29-Jan 6am,3315.2975
678,3,Tamil Nadu - 2026,29-Jan 6am,3315.2975
678,4,Tamil Nadu - 2026,29-Jan 6am,3315.2975
679,1,Tamil Nadu - 2026,29-Jan 7am,4004.7825
679,2,Tamil Nadu - 2026,29-Jan 7am,4004.7825
679,3,Tamil Nadu - 2026,29-Jan 7am,4004.7825
679,4,Tamil Nadu - 2026,29-Jan 7am,4004.7825
680,1,Tamil Nadu - 2026,29-Jan 8am,4156.535
680,2,Tamil Nadu - 2026,29-Jan 8am,4156.535
680,3,Tamil Nadu - 2026,29-Jan 8am,4156.535
680,4,Tamil Nadu - 2026,29-Jan 8am,4156.535
681,1,Tamil Nadu - 2026,29-Jan 9am,3942.8275
681,2,Tamil Nadu - 2026,29-Jan 9am,3942.8275
681,3,Tamil Nadu - 2026,29-Jan 9am,3942.8275
681,4,Tamil Nadu - 2026,29-Jan 9am,3942.8275
682,1,Tamil Nadu - 2026,29-Jan 10am,3686.6975
682,2,Tamil Nadu - 2026,29-Jan 10am,3686.6975
682,3,Tamil Nadu - 2026,29-Jan 10am,3686.6975
682,4,Tamil Nadu - 2026,29-Jan 10am,3686.6975
683,1,Tamil Nadu - 2026,29-Jan 11am,3681.0575
683,2,Tamil Nadu - 2026,29-Jan 11am,3681.0575
683,3,Tamil Nadu - 2026,29-Jan 11am,3681.0575
683,4,Tamil Nadu - 2026,29-Jan 11am,3681.0575
684,1,Tamil Nadu - 2026,29-Jan 12pm,3617.4
684,2,Tamil Nadu - 2026,29-Jan 12pm,3617.4
684,3,Tamil Nadu - 2026,29-Jan 12pm,3617.4
684,4,Tamil Nadu - 2026,29-Jan 12pm,3617.4
685,1,Tamil Nadu - 2026,29-Jan 1pm,3431.365
685,2,Tamil Nadu - 2026,29-Jan 1pm,3431.365
685,3,Tamil Nadu - 2026,29-Jan 1pm,3431.365
685,4,Tamil Nadu - 2026,29-Jan 1pm,3431.365
686,1,Tamil Nadu - 2026,29-Jan 2pm,3383.82
686,2,Tamil Nadu - 2026,29-Jan 2pm,3383.82
686,3,Tamil Nadu - 2026,29-Jan 2pm,3383.82
686,4,Tamil Nadu - 2026,29-Jan 2pm,3383.82
687,1,Tamil Nadu - 2026,29-Jan 3pm,3538.7475
687,2,Tamil Nadu - 2026,29-Jan 3pm,3538.7475
687,3,Tamil Nadu - 2026,29-Jan 3pm,3538.7475
687,4,Tamil Nadu - 2026,29-Jan 3pm,3538.7475
688,1,Tamil Nadu - 2026,29-Jan 4pm,3791.1625
688,2,Tamil Nadu - 2026,29-Jan 4pm,3791.1625
688,3,Tamil Nadu - 2026,29-Jan 4pm,3791.1625
688,4,Tamil Nadu - 2026,29-Jan 4pm,3791.1625
689,1,Tamil Nadu - 2026,29-Jan 5pm,4072.9075
689,2,Tamil Nadu - 2026,29-Jan 5pm,4072.9075
689,3,Tamil Nadu - 2026,29-Jan 5pm,4072.9075
689,4,Tamil Nadu - 2026,29-Jan 5pm,4072.9075
690,1,Tamil Nadu - 2026,29-Jan 6pm,4131.4275
690,2,Tamil Nadu - 2026,29-Jan 6pm,4131.4275
690,3,Tamil Nadu - 2026,29-Jan 6pm,4131.4275
690,4,Tamil Nadu - 2026,29-Jan 6pm,4131.4275
691,1,Tamil Nadu - 2026,29-Jan 7pm,4247.465
691,2,Tamil Nadu - 2026,29-Jan 7pm,4247.465
691,3,Tamil Nadu - 2026,29-Jan 7pm,4247.465
691,4,Tamil Nadu - 2026,29-Jan 7pm,4247.465
692,1,Tamil Nadu - 2026,29-Jan 8pm,3962.1375
692,2,Tamil Nadu - 2026,29-Jan 8pm,3962.1375
692,3,Tamil Nadu - 2026,29-Jan 8pm,3962.1375
692,4,Tamil Nadu - 2026,29-Jan 8pm,3962.1375
693,1,Tamil Nadu - 2026,29-Jan 9pm,3730.1625
693,2,Tamil Nadu - 2026,29-Jan 9pm,3730.1625
693,3,Tamil Nadu - 2026,29-Jan 9pm,3730.1625
693,4,Tamil Nadu - 2026,29-Jan 9pm,3730.1625
694,1,Tamil Nadu - 2026,29-Jan 10pm,3480.4475
694,2,Tamil Nadu - 2026,29-Jan 10pm,3480.4475
694,3,Tamil Nadu - 2026,29-Jan 10pm,3480.4475
694,4,Tamil Nadu - 2026,29-Jan 10pm,3480.4475
695,1,Tamil Nadu - 2026,29-Jan 11pm,3234.3425
695,2,Tamil Nadu - 2026,29-Jan 11pm,3234.3425
695,3,Tamil Nadu - 2026,29-Jan 11pm,3234.3425
695,4,Tamil Nadu - 2026,29-Jan 11pm,3234.3425
696,1,Tamil Nadu - 2026,30-Jan 12am,3137.46
696,2,Tamil Nadu - 2026,30-Jan 12am,3137.46
696,3,Tamil Nadu - 2026,30-Jan 12am,3137.46
696,4,Tamil Nadu - 2026,30-Jan 12am,3137.46
697,1,Tamil Nadu - 2026,30-Jan 1am,3064.1075
697,2,Tamil Nadu - 2026,30-Jan 1am,3064.1075
697,3,Tamil Nadu - 2026,30-Jan 1am,3064.1075
697,4,Tamil Nadu - 2026,30-Jan 1am,3064.1075
698,1,Tamil Nadu - 2026,30-Jan 2am,3029.81
698,2,Tamil Nadu - 2026,30-Jan 2am,3029.81
698,3,Tamil Nadu - 2026,30-Jan 2am,3029.81
698,4,Tamil Nadu - 2026,30-Jan 2am,3029.81
699,1,Tamil Nadu - 2026,30-Jan 3am,3012.175
699,2,Tamil Nadu - 2026,30-Jan 3am,3012.175
699,3,Tamil Nadu - 2026,30-Jan 3am,3012.175
699,4,Tamil Nadu - 2026,30-Jan 3am,3012.175
700,1,Tamil Nadu - 2026,30-Jan 4am,2978.88
700,2,Tamil Nadu - 2026,30-Jan 4am,2978.88
700,3,Tamil Nadu - 2026,30-Jan 4am,2978.88
700,4,Tamil Nadu - 2026,30-Jan 4am,2978.88
701,1,Tamil Nadu - 2026,30-Jan 5am,3080.125
701,2,Tamil Nadu - 2026,30-Jan 5am,3080.125
701,3,Tamil Nadu - 2026,30-Jan 5am,3080.125
701,4,Tamil Nadu - 2026,30-Jan 5am,3080.125
702,1,Tamil Nadu - 2026,30-Jan 6am,3414.15
702,2,Tamil Nadu - 2026,30-Jan 6am,3414.15
702,3,Tamil Nadu - 2026,30-Jan 6am,3414.15
702,4,Tamil Nadu - 2026,30-Jan 6am,3414.15
703,1,Tamil Nadu - 2026,30-Jan 7am,4073.4875
703,2,Tamil Nadu - 2026,30-Jan 7am,4073.4875
703,3,Tamil Nadu - 2026,30-Jan 7am,4073.4875
703,4,Tamil Nadu - 2026,30-Jan 7am,4073.4875
704,1,Tamil Nadu - 2026,30-Jan 8am,4150.515
704,2,Tamil Nadu - 2026,30-Jan 8am,4150.515
704,3,Tamil Nadu - 2026,30-Jan 8am,4150.515
704,4,Tamil Nadu - 2026,30-Jan 8am,4150.515
705,1,Tamil Nadu - 2026,30-Jan 9am,4009.625
705,2,Tamil Nadu - 2026,30-Jan 9am,4009.625
705,3,Tamil Nadu - 2026,30-Jan 9am,4009.625
705,4,Tamil Nadu - 2026,30-Jan 9am,4009.625
706,1,Tamil Nadu - 2026,30-Jan 10am,3897.4975
706,2,Tamil Nadu - 2026,30-Jan 10am,3897.4975
706,3,Tamil Nadu - 2026,30-Jan 10am,3897.4975
706,4,Tamil Nadu - 2026,30-Jan 10am,3897.4975
707,1,Tamil Nadu - 2026,30-Jan 11am,3769.125
707,2,Tamil Nadu - 2026,30-Jan 11am,3769.125
707,3,Tamil Nadu - 2026,30-Jan 11am,3769.125
707,4,Tamil Nadu - 2026,30-Jan 11am,3769.125
708,1,Tamil Nadu - 2026,30-Jan 12pm,3706.98
708,2,Tamil Nadu - 2026,30-Jan 12pm,3706.98
708,3,Tamil Nadu - 2026,30-Jan 12pm,3706.98
708,4,Tamil Nadu - 2026,30-Jan 12pm,3706.98
709,1,Tamil Nadu - 2026,30-Jan 1pm,3606.13
709,2,Tamil Nadu - 2026,30-Jan 1pm,3606.13
709,3,Tamil Nadu - 2026,30-Jan 1pm,3606.13
709,4,Tamil Nadu - 2026,30-Jan 1pm,3606.13
710,1,Tamil Nadu - 2026,30-Jan 2pm,3589.2175
710,2,Tamil Nadu - 2026,30-Jan 2pm,3589.2175
710,3,Tamil Nadu - 2026,30-Jan 2pm,3589.2175
710,4,Tamil Nadu - 2026,30-Jan 2pm,3589.2175
711,1,Tamil Nadu - 2026,30-Jan 3pm,3691.635
711,2,Tamil Nadu - 2026,30-Jan 3pm,3691.635
711,3,Tamil Nadu - 2026,30-Jan 3pm,3691.635
711,4,Tamil Nadu - 2026,30-Jan 3pm,3691.635
712,1,Tamil Nadu - 2026,30-Jan 4pm,3928.43
712,2,Tamil Nadu - 2026,30-Jan 4pm,3928.43
712,3,Tamil Nadu - 2026,30-Jan 4pm,3928.43
712,4,Tamil Nadu - 2026,30-Jan 4pm,3928.43
713,1,Tamil Nadu - 2026,30-Jan 5pm,4196.8925
713,2,Tamil Nadu - 2026,30-Jan 5pm,4196.8925
713,3,Tamil Nadu - 2026,30-Jan 5pm,4196.8925
713,4,Tamil Nadu - 2026,30-Jan 5pm,4196.8925
714,1,Tamil Nadu - 2026,30-Jan 6pm,4133.305
714,2,Tamil Nadu - 2026,30-Jan 6pm,4133.305
714,3,Tamil Nadu - 2026,30-Jan 6pm,4133.305
714,4,Tamil Nadu - 2026,30-Jan 6pm,4133.305
715,1,Tamil Nadu - 2026,30-Jan 7pm,4164.9275
715,2,Tamil Nadu - 2026,30-Jan 7pm,4164.9275
715,3,Tamil Nadu - 2026,30-Jan 7pm,4164.9275
715,4,Tamil Nadu - 2026,30-Jan 7pm,4164.9275
716,1,Tamil Nadu - 2026,30-Jan 8pm,3902.965
716,2,Tamil Nadu - 2026,30-Jan 8pm,3902.965
716,3,Tamil Nadu - 2026,30-Jan 8pm,3902.965
716,4,Tamil Nadu - 2026,30-Jan 8pm,3902.965
717,1,Tamil Nadu - 2026,30-Jan 9pm,3673.575
717,2,Tamil Nadu - 2026,30-Jan 9pm,3673.575
717,3,Tamil Nadu - 2026,30-Jan 9pm,3673.575
717,4,Tamil Nadu - 2026,30-Jan 9pm,3673.575
718,1,Tamil Nadu - 2026,30-Jan 10pm,3446.7725
718,2,Tamil Nadu - 2026,30-Jan 10pm,3446.7725
718,3,Tamil Nadu - 2026,30-Jan 10pm,3446.7725
718,4,Tamil Nadu - 2026,30-Jan 10pm,3446.7725
719,1,Tamil Nadu - 2026,30-Jan 11pm,3243.5425
719,2,Tamil Nadu - 2026,30-Jan 11pm,3243.5425
719,3,Tamil Nadu - 2026,30-Jan 11pm,3243.5425
719,4,Tamil Nadu - 2026,30-Jan 11pm,3243.5425
720,1,Tamil Nadu - 2026,31-Jan 12am,3144.8
720,2,Tamil Nadu - 2026,31-Jan 12am,3144.8
720,3,Tamil Nadu - 2026,31-Jan 12am,3144.8
720,4,Tamil Nadu - 2026,31-Jan 12am,3144.8
721,1,Tamil Nadu - 2026,31-Jan 1am,3092.4125
721,2,Tamil Nadu - 2026,31-Jan 1am,3092.4125
721,3,Tamil Nadu - 2026,31-Jan 1am,3092.4125
721,4,Tamil Nadu - 2026,31-Jan 1am,3092.4125
722,1,Tamil Nadu - 2026,31-Jan 2am,3053.4175
722,2,Tamil Nadu - 2026,31-Jan 2am,3053.4175
722,3,Tamil Nadu - 2026,31-Jan 2am,3053.4175
722,4,Tamil Nadu - 2026,31-Jan 2am,3053.4175
723,1,Tamil Nadu - 2026,31-Jan 3am,2999.8525
723,2,Tamil Nadu - 2026,31-Jan 3am,2999.8525
723,3,Tamil Nadu - 2026,31-Jan 3am,2999.8525
723,4,Tamil Nadu - 2026,31-Jan 3am,2999.8525
724,1,Tamil Nadu - 2026,31-Jan 4am,3019.4825
724,2,Tamil Nadu - 2026,31-Jan 4am,3019.4825
724,3,Tamil Nadu - 2026,31-Jan 4am,3019.4825
724,4,Tamil Nadu - 2026,31-Jan 4am,3019.4825
725,1,Tamil Nadu - 2026,31-Jan 5am,3141.8525
725,2,Tamil Nadu - 2026,31-Jan 5am,3141.8525
725,3,Tamil Nadu - 2026,31-Jan 5am,3141.8525
725,4,Tamil Nadu - 2026,31-Jan 5am,3141.8525
726,1,Tamil Nadu - 2026,31-Jan 6am,3283.3575
726,2,Tamil Nadu - 2026,31-Jan 6am,3283.3575
726,3,Tamil Nadu - 2026,31-Jan 6am,3283.3575
726,4,Tamil Nadu - 2026,31-Jan 6am,3283.3575
727,1,Tamil Nadu - 2026,31-Jan 7am,3860.155
727,2,Tamil Nadu - 2026,31-Jan 7am,3860.155
727,3,Tamil Nadu - 2026,31-Jan 7am,3860.155
727,4,Tamil Nadu - 2026,31-Jan 7am,3860.155
728,1,Tamil Nadu - 2026,31-Jan 8am,3977.1925
728,2,Tamil Nadu - 2026,31-Jan 8am,3977.1925
728,3,Tamil Nadu - 2026,31-Jan 8am,3977.1925
728,4,Tamil Nadu - 2026,31-Jan 8am,3977.1925
729,1,Tamil Nadu - 2026,31-Jan 9am,3963.235
729,2,Tamil Nadu - 2026,31-Jan 9am,3963.235
729,3,Tamil Nadu - 2026,31-Jan 9am,3963.235
729,4,Tamil Nadu - 2026,31-Jan 9am,3963.235
730,1,Tamil Nadu - 2026,31-Jan 10am,3726.345
730,2,Tamil Nadu - 2026,31-Jan 10am,3726.345
730,3,Tamil Nadu - 2026,31-Jan 10am,3726.345
730,4,Tamil Nadu - 2026,31-Jan 10am,3726.345
731,1,Tamil Nadu - 2026,31-Jan 11am,3666.2725
731,2,Tamil Nadu - 2026,31-Jan 11am,3666.2725
731,3,Tamil Nadu - 2026,31-Jan 11am,3666.2725
731,4,Tamil Nadu - 2026,31-Jan 11am,3666.2725
732,1,Tamil Nadu - 2026,31-Jan 12pm,3619.475
732,2,Tamil Nadu - 2026,31-Jan 12pm,3619.475
732,3,Tamil Nadu - 2026,31-Jan 12pm,3619.475
732,4,Tamil Nadu - 2026,31-Jan 12pm,3619.475
733,1,Tamil Nadu - 2026,31-Jan 1pm,3487.6125
733,2,Tamil Nadu - 2026,31-Jan 1pm,3487.6125
733,3,Tamil Nadu - 2026,31-Jan 1pm,3487.6125
733,4,Tamil Nadu - 2026,31-Jan 1pm,3487.6125
734,1,Tamil Nadu - 2026,31-Jan 2pm,3372.9275
734,2,Tamil Nadu - 2026,31-Jan 2pm,3372.9275
734,3,Tamil Nadu - 2026,31-Jan 2pm,3372.9275
734,4,Tamil Nadu - 2026,31-Jan 2pm,3372.9275
735,1,Tamil Nadu - 2026,31-Jan 3pm,3548.9925
735,2,Tamil Nadu - 2026,31-Jan 3pm,3548.9925
735,3,Tamil Nadu - 2026,31-Jan 3pm,3548.9925
735,4,Tamil Nadu - 2026,31-Jan 3pm,3548.9925
736,1,Tamil Nadu - 2026,31-Jan 4pm,3719.755
736,2,Tamil Nadu - 2026,31-Jan 4pm,3719.755
736,3,Tamil Nadu - 2026,31-Jan 4pm,3719.755
736,4,Tamil Nadu - 2026,31-Jan 4pm,3719.755
737,1,Tamil Nadu - 2026,31-Jan 5pm,4058.1525
737,2,Tamil Nadu - 2026,31-Jan 5pm,4058.1525
737,3,Tamil Nadu - 2026,31-Jan 5pm,4058.1525
737,4,Tamil Nadu - 2026,31-Jan 5pm,4058.1525
738,1,Tamil Nadu - 2026,31-Jan 6pm,4103.9075
738,2,Tamil Nadu - 2026,31-Jan 6pm,4103.9075
738,3,Tamil Nadu - 2026,31-Jan 6pm,4103.9075
738,4,Tamil Nadu - 2026,31-Jan 6pm,4103.9075
739,1,Tamil Nadu - 2026,31-Jan 7pm,4190.065
739,2,Tamil Nadu - 2026,31-Jan 7pm,4190.065
739,3,Tamil Nadu - 2026,31-Jan 7pm,4190.065
739,4,Tamil Nadu - 2026,31-Jan 7pm,4190.065
740,1,Tamil Nadu - 2026,31-Jan 8pm,3932.47
740,2,Tamil Nadu - 2026,31-Jan 8pm,3932.47
740,3,Tamil Nadu - 2026,31-Jan 8pm,3932.47
740,4,Tamil Nadu - 2026,31-Jan 8pm,3932.47
741,1,Tamil Nadu - 2026,31-Jan 9pm,3715.6275
741,2,Tamil Nadu - 2026,31-Jan 9pm,3715.6275
741,3,Tamil Nadu - 2026,31-Jan 9pm,3715.6275
741,4,Tamil Nadu - 2026,31-Jan 9pm,3715.6275
742,1,Tamil Nadu - 2026,31-Jan 10pm,3473.855
742,2,Tamil Nadu - 2026,31-Jan 10pm,3473.855
742,3,Tamil Nadu - 2026,31-Jan 10pm,3473.855
742,4,Tamil Nadu - 2026,31-Jan 10pm,3473.855
743,1,Tamil Nadu - 2026,31-Jan 11pm,3222.87
743,2,Tamil Nadu - 2026,31-Jan 11pm,3222.87
743,3,Tamil Nadu - 2026,31-Jan 11pm,3222.87
743,4,Tamil Nadu - 2026,31-Jan 11pm,3222.87
744,1,Tamil Nadu - 2026,01-Feb 12am,3137.66
744,2,Tamil Nadu - 2026,01-Feb 12am,3137.66
744,3,Tamil Nadu - 2026,01-Feb 12am,3137.66
744,4,Tamil Nadu - 2026,01-Feb 12am,3137.66
745,1,Tamil Nadu - 2026,01-Feb 1am,3021.445
745,2,Tamil Nadu - 2026,01-Feb 1am,3021.445
745,3,Tamil Nadu - 2026,01-Feb 1am,3021.445
745,4,Tamil Nadu - 2026,01-Feb 1am,3021.445
746,1,Tamil Nadu - 2026,01-Feb 2am,3009.6525
746,2,Tamil Nadu - 2026,01-Feb 2am,3009.6525
746,3,Tamil Nadu - 2026,01-Feb 2am,3009.6525
746,4,Tamil Nadu - 2026,01-Feb 2am,3009.6525
747,1,Tamil Nadu - 2026,01-Feb 3am,2983.7175
747,2,Tamil Nadu - 2026,01-Feb 3am,2983.7175
747,3,Tamil Nadu - 2026,01-Feb 3am,2983.7175
747,4,Tamil Nadu - 2026,01-Feb 3am,2983.7175
748,1,Tamil Nadu - 2026,01-Feb 4am,3104.9875
748,2,Tamil Nadu - 2026,01-Feb 4am,3104.9875
748,3,Tamil Nadu - 2026,01-Feb 4am,3104.9875
748,4,Tamil Nadu - 2026,01-Feb 4am,3104.9875
749,1,Tamil Nadu - 2026,01-Feb 5am,3199.215
749,2,Tamil Nadu - 2026,01-Feb 5am,3199.215
749,3,Tamil Nadu - 2026,01-Feb 5am,3199.215
749,4,Tamil Nadu - 2026,01-Feb 5am,3199.215
750,1,Tamil Nadu - 2026,01-Feb 6am,3345.17
750,2,Tamil Nadu - 2026,01-Feb 6am,3345.17
750,3,Tamil Nadu - 2026,01-Feb 6am,3345.17
750,4,Tamil Nadu - 2026,01-Feb 6am,3345.17
751,1,Tamil Nadu - 2026,01-Feb 7am,3670.18
751,2,Tamil Nadu - 2026,01-Feb 7am,3670.18
751,3,Tamil Nadu - 2026,01-Feb 7am,3670.18
751,4,Tamil Nadu - 2026,01-Feb 7am,3670.18
752,1,Tamil Nadu - 2026,01-Feb 8am,3752.785
752,2,Tamil Nadu - 2026,01-Feb 8am,3752.785
752,3,Tamil Nadu - 2026,01-Feb 8am,3752.785
752,4,Tamil Nadu - 2026,01-Feb 8am,3752.785
753,1,Tamil Nadu - 2026,01-Feb 9am,3811.965
753,2,Tamil Nadu - 2026,01-Feb 9am,3811.965
753,3,Tamil Nadu - 2026,01-Feb 9am,3811.965
753,4,Tamil Nadu - 2026,01-Feb 9am,3811.965
754,1,Tamil Nadu - 2026,01-Feb 10am,3652.215
754,2,Tamil Nadu - 2026,01-Feb 10am,3652.215
754,3,Tamil Nadu - 2026,01-Feb 10am,3652.215
754,4,Tamil Nadu - 2026,01-Feb 10am,3652.215
755,1,Tamil Nadu - 2026,01-Feb 11am,3437.235
755,2,Tamil Nadu - 2026,01-Feb 11am,3437.235
755,3,Tamil Nadu - 2026,01-Feb 11am,3437.235
755,4,Tamil Nadu - 2026,01-Feb 11am,3437.235
756,1,Tamil Nadu - 2026,01-Feb 12pm,3384.665
756,2,Tamil Nadu - 2026,01-Feb 12pm,3384.665
756,3,Tamil Nadu - 2026,01-Feb 12pm,3384.665
756,4,Tamil Nadu - 2026,01-Feb 12pm,3384.665
757,1,Tamil Nadu - 2026,01-Feb 1pm,3235.59
757,2,Tamil Nadu - 2026,01-Feb 1pm,3235.59
757,3,Tamil Nadu - 2026,01-Feb 1pm,3235.59
757,4,Tamil Nadu - 2026,01-Feb 1pm,3235.59
758,1,Tamil Nadu - 2026,01-Feb 2pm,3200.3075
758,2,Tamil Nadu - 2026,01-Feb 2pm,3200.3075
758,3,Tamil Nadu - 2026,01-Feb 2pm,3200.3075
758,4,Tamil Nadu - 2026,01-Feb 2pm,3200.3075
759,1,Tamil Nadu - 2026,01-Feb 3pm,3261.605
759,2,Tamil Nadu - 2026,01-Feb 3pm,3261.605
759,3,Tamil Nadu - 2026,01-Feb 3pm,3261.605
759,4,Tamil Nadu - 2026,01-Feb 3pm,3261.605
760,1,Tamil Nadu - 2026,01-Feb 4pm,3435.245
760,2,Tamil Nadu - 2026,01-Feb 4pm,3435.245
760,3,Tamil Nadu - 2026,01-Feb 4pm,3435.245
760,4,Tamil Nadu - 2026,01-Feb 4pm,3435.245
761,1,Tamil Nadu - 2026,01-Feb 5pm,3564.655
761,2,Tamil Nadu - 2026,01-Feb 5pm,3564.655
761,3,Tamil Nadu - 2026,01-Feb 5pm,3564.655
761,4,Tamil Nadu - 2026,01-Feb 5pm,3564.655
762,1,Tamil Nadu - 2026,01-Feb 6pm,3477.4475
762,2,Tamil Nadu - 2026,01-Feb 6pm,3477.4475
762,3,Tamil Nadu - 2026,01-Feb 6pm,3477.4475
762,4,Tamil Nadu - 2026,01-Feb 6pm,3477.4475
763,1,Tamil Nadu - 2026,01-Feb 7pm,3478.91
763,2,Tamil Nadu - 2026,01-Feb 7pm,3478.91
763,3,Tamil Nadu - 2026,01-Feb 7pm,3478.91
763,4,Tamil Nadu - 2026,01-Feb 7pm,3478.91
764,1,Tamil Nadu - 2026,01-Feb 8pm,3278.9675
764,2,Tamil Nadu - 2026,01-Feb 8pm,3278.9675
764,3,Tamil Nadu - 2026,01-Feb 8pm,3278.9675
764,4,Tamil Nadu - 2026,01-Feb 8pm,3278.9675
765,1,Tamil Nadu - 2026,01-Feb 9pm,3160.0625
765,2,Tamil Nadu - 2026,01-Feb 9pm,3160.0625
765,3,Tamil Nadu - 2026,01-Feb 9pm,3160.0625
765,4,Tamil Nadu - 2026,01-Feb 9pm,3160.0625
766,1,Tamil Nadu - 2026,01-Feb 10pm,2996.2925
766,2,Tamil Nadu - 2026,01-Feb 10pm,2996.2925
766,3,Tamil Nadu - 2026,01-Feb 10pm,2996.2925
766,4,Tamil Nadu - 2026,01-Feb 10pm,2996.2925
767,1,Tamil Nadu - 2026,01-Feb 11pm,2826.82
767,2,Tamil Nadu - 2026,01-Feb 11pm,2826.82
767,3,Tamil Nadu - 2026,01-Feb 11pm,2826.82
767,4,Tamil Nadu - 2026,01-Feb 11pm,2826.82
768,1,Tamil Nadu - 2026,02-Feb 12am,2752.4675
768,2,Tamil Nadu - 2026,02-Feb 12am,2752.4675
768,3,Tamil Nadu - 2026,02-Feb 12am,2752.4675
768,4,Tamil Nadu - 2026,02-Feb 12am,2752.4675
769,1,Tamil Nadu - 2026,02-Feb 1am,2720.81
769,2,Tamil Nadu - 2026,02-Feb 1am,2720.81
769,3,Tamil Nadu - 2026,02-Feb 1am,2720.81
769,4,Tamil Nadu - 2026,02-Feb 1am,2720.81
770,1,Tamil Nadu - 2026,02-Feb 2am,2751.1275
770,2,Tamil Nadu - 2026,02-Feb 2am,2751.1275
770,3,Tamil Nadu - 2026,02-Feb 2am,2751.1275
770,4,Tamil Nadu - 2026,02-Feb 2am,2751.1275
771,1,Tamil Nadu - 2026,02-Feb 3am,2754.0325
771,2,Tamil Nadu - 2026,02-Feb 3am,2754.0325
771,3,Tamil Nadu - 2026,02-Feb 3am,2754.0325
771,4,Tamil Nadu - 2026,02-Feb 3am,2754.0325
772,1,Tamil Nadu - 2026,02-Feb 4am,2781.39
772,2,Tamil Nadu - 2026,02-Feb 4am,2781.39
772,3,Tamil Nadu - 2026,02-Feb 4am,2781.39
772,4,Tamil Nadu - 2026,02-Feb 4am,2781.39
773,1,Tamil Nadu - 2026,02-Feb 5am,2878.665
773,2,Tamil Nadu - 2026,02-Feb 5am,2878.665
773,3,Tamil Nadu - 2026,02-Feb 5am,2878.665
773,4,Tamil Nadu - 2026,02-Feb 5am,2878.665
774,1,Tamil Nadu - 2026,02-Feb 6am,3121.37
774,2,Tamil Nadu - 2026,02-Feb 6am,3121.37
774,3,Tamil Nadu - 2026,02-Feb 6am,3121.37
774,4,Tamil Nadu - 2026,02-Feb 6am,3121.37
775,1,Tamil Nadu - 2026,02-Feb 7am,3820.6975
775,2,Tamil Nadu - 2026,02-Feb 7am,3820.6975
775,3,Tamil Nadu - 2026,02-Feb 7am,3820.6975
775,4,Tamil Nadu - 2026,02-Feb 7am,3820.6975
776,1,Tamil Nadu - 2026,02-Feb 8am,4055.355
776,2,Tamil Nadu - 2026,02-Feb 8am,4055.355
776,3,Tamil Nadu - 2026,02-Feb 8am,4055.355
776,4,Tamil Nadu - 2026,02-Feb 8am,4055.355
777,1,Tamil Nadu - 2026,02-Feb 9am,3933.8775
777,2,Tamil Nadu - 2026,02-Feb 9am,3933.8775
777,3,Tamil Nadu - 2026,02-Feb 9am,3933.8775
777,4,Tamil Nadu - 2026,02-Feb 9am,3933.8775
778,1,Tamil Nadu - 2026,02-Feb 10am,3761.045
778,2,Tamil Nadu - 2026,02-Feb 10am,3761.045
778,3,Tamil Nadu - 2026,02-Feb 10am,3761.045
778,4,Tamil Nadu - 2026,02-Feb 10am,3761.045
779,1,Tamil Nadu - 2026,02-Feb 11am,3328.3525
779,2,Tamil Nadu - 2026,02-Feb 11am,3328.3525
779,3,Tamil Nadu - 2026,02-Feb 11am,3328.3525
779,4,Tamil Nadu - 2026,02-Feb 11am,3328.3525
780,1,Tamil Nadu - 2026,02-Feb 12pm,3596.59
780,2,Tamil Nadu - 2026,02-Feb 12pm,3596.59
780,3,Tamil Nadu - 2026,02-Feb 12pm,3596.59
780,4,Tamil Nadu - 2026,02-Feb 12pm,3596.59
781,1,Tamil Nadu - 2026,02-Feb 1pm,3591.135
781,2,Tamil Nadu - 2026,02-Feb 1pm,3591.135
781,3,Tamil Nadu - 2026,02-Feb 1pm,3591.135
781,4,Tamil Nadu - 2026,02-Feb 1pm,3591.135
782,1,Tamil Nadu - 2026,02-Feb 2pm,3505.91
782,2,Tamil Nadu - 2026,02-Feb 2pm,3505.91
782,3,Tamil Nadu - 2026,02-Feb 2pm,3505.91
782,4,Tamil Nadu - 2026,02-Feb 2pm,3505.91
783,1,Tamil Nadu - 2026,02-Feb 3pm,3675.71
783,2,Tamil Nadu - 2026,02-Feb 3pm,3675.71
783,3,Tamil Nadu - 2026,02-Feb 3pm,3675.71
783,4,Tamil Nadu - 2026,02-Feb 3pm,3675.71
784,1,Tamil Nadu - 2026,02-Feb 4pm,3982.43
784,2,Tamil Nadu - 2026,02-Feb 4pm,3982.43
784,3,Tamil Nadu - 2026,02-Feb 4pm,3982.43
784,4,Tamil Nadu - 2026,02-Feb 4pm,3982.43
785,1,Tamil Nadu - 2026,02-Feb 5pm,4218.4875
785,2,Tamil Nadu - 2026,02-Feb 5pm,4218.4875
785,3,Tamil Nadu - 2026,02-Feb 5pm,4218.4875
785,4,Tamil Nadu - 2026,02-Feb 5pm,4218.4875
786,1,Tamil Nadu - 2026,02-Feb 6pm,4181.6125
786,2,Tamil Nadu - 2026,02-Feb 6pm,4181.6125
786,3,Tamil Nadu - 2026,02-Feb 6pm,4181.6125
786,4,Tamil Nadu - 2026,02-Feb 6pm,4181.6125
787,1,Tamil Nadu - 2026,02-Feb 7pm,4181.9025
787,2,Tamil Nadu - 2026,02-Feb 7pm,4181.9025
787,3,Tamil Nadu - 2026,02-Feb 7pm,4181.9025
787,4,Tamil Nadu - 2026,02-Feb 7pm,4181.9025
788,1,Tamil Nadu - 2026,02-Feb 8pm,3947.44
788,2,Tamil Nadu - 2026,02-Feb 8pm,3947.44
788,3,Tamil Nadu - 2026,02-Feb 8pm,3947.44
788,4,Tamil Nadu - 2026,02-Feb 8pm,3947.44
789,1,Tamil Nadu - 2026,02-Feb 9pm,3735.945
789,2,Tamil Nadu - 2026,02-Feb 9pm,3735.945
789,3,Tamil Nadu - 2026,02-Feb 9pm,3735.945
789,4,Tamil Nadu - 2026,02-Feb 9pm,3735.945
790,1,Tamil Nadu - 2026,02-Feb 10pm,3538.5425
790,2,Tamil Nadu - 2026,02-Feb 10pm,3538.5425
790,3,Tamil Nadu - 2026,02-Feb 10pm,3538.5425
790,4,Tamil Nadu - 2026,02-Feb 10pm,3538.5425
791,1,Tamil Nadu - 2026,02-Feb 11pm,3321.76
791,2,Tamil Nadu - 2026,02-Feb 11pm,3321.76
791,3,Tamil Nadu - 2026,02-Feb 11pm,3321.76
791,4,Tamil Nadu - 2026,02-Feb 11pm,3321.76
792,1,Tamil Nadu - 2026,03-Feb 12am,3242.23
792,2,Tamil Nadu - 2026,03-Feb 12am,3242.23
792,3,Tamil Nadu - 2026,03-Feb 12am,3242.23
792,4,Tamil Nadu - 2026,03-Feb 12am,3242.23
793,1,Tamil Nadu - 2026,03-Feb 1am,3182.65
793,2,Tamil Nadu - 2026,03-Feb 1am,3182.65
793,3,Tamil Nadu - 2026,03-Feb 1am,3182.65
793,4,Tamil Nadu - 2026,03-Feb 1am,3182.65
794,1,Tamil Nadu - 2026,03-Feb 2am,3147.37
794,2,Tamil Nadu - 2026,03-Feb 2am,3147.37
794,3,Tamil Nadu - 2026,03-Feb 2am,3147.37
794,4,Tamil Nadu - 2026,03-Feb 2am,3147.37
795,1,Tamil Nadu - 2026,03-Feb 3am,3103.54
795,2,Tamil Nadu - 2026,03-Feb 3am,3103.54
795,3,Tamil Nadu - 2026,03-Feb 3am,3103.54
795,4,Tamil Nadu - 2026,03-Feb 3am,3103.54
796,1,Tamil Nadu - 2026,03-Feb 4am,3143.845
796,2,Tamil Nadu - 2026,03-Feb 4am,3143.845
796,3,Tamil Nadu - 2026,03-Feb 4am,3143.845
796,4,Tamil Nadu - 2026,03-Feb 4am,3143.845
797,1,Tamil Nadu - 2026,03-Feb 5am,3185.8325
797,2,Tamil Nadu - 2026,03-Feb 5am,3185.8325
797,3,Tamil Nadu - 2026,03-Feb 5am,3185.8325
797,4,Tamil Nadu - 2026,03-Feb 5am,3185.8325
798,1,Tamil Nadu - 2026,03-Feb 6am,3489.0125
798,2,Tamil Nadu - 2026,03-Feb 6am,3489.0125
798,3,Tamil Nadu - 2026,03-Feb 6am,3489.0125
798,4,Tamil Nadu - 2026,03-Feb 6am,3489.0125
799,1,Tamil Nadu - 2026,03-Feb 7am,4082.61
799,2,Tamil Nadu - 2026,03-Feb 7am,4082.61
799,3,Tamil Nadu - 2026,03-Feb 7am,4082.61
799,4,Tamil Nadu - 2026,03-Feb 7am,4082.61
800,1,Tamil Nadu - 2026,03-Feb 8am,4248.415
800,2,Tamil Nadu - 2026,03-Feb 8am,4248.415
800,3,Tamil Nadu - 2026,03-Feb 8am,4248.415
800,4,Tamil Nadu - 2026,03-Feb 8am,4248.415
801,1,Tamil Nadu - 2026,03-Feb 9am,4057.7725
801,2,Tamil Nadu - 2026,03-Feb 9am,4057.7725
801,3,Tamil Nadu - 2026,03-Feb 9am,4057.7725
801,4,Tamil Nadu - 2026,03-Feb 9am,4057.7725
802,1,Tamil Nadu - 2026,03-Feb 10am,3855.5325
802,2,Tamil Nadu - 2026,03-Feb 10am,3855.5325
802,3,Tamil Nadu - 2026,03-Feb 10am,3855.5325
802,4,Tamil Nadu - 2026,03-Feb 10am,3855.5325
803,1,Tamil Nadu - 2026,03-Feb 11am,3794.5025
803,2,Tamil Nadu - 2026,03-Feb 11am,3794.5025
803,3,Tamil Nadu - 2026,03-Feb 11am,3794.5025
803,4,Tamil Nadu - 2026,03-Feb 11am,3794.5025
804,1,Tamil Nadu - 2026,03-Feb 12pm,3668.6475
804,2,Tamil Nadu - 2026,03-Feb 12pm,3668.6475
804,3,Tamil Nadu - 2026,03-Feb 12pm,3668.6475
804,4,Tamil Nadu - 2026,03-Feb 12pm,3668.6475
805,1,Tamil Nadu - 2026,03-Feb 1pm,3532.45
805,2,Tamil Nadu - 2026,03-Feb 1pm,3532.45
805,3,Tamil Nadu - 2026,03-Feb 1pm,3532.45
805,4,Tamil Nadu - 2026,03-Feb 1pm,3532.45
806,1,Tamil Nadu - 2026,03-Feb 2pm,3555.3575
806,2,Tamil Nadu - 2026,03-Feb 2pm,3555.3575
806,3,Tamil Nadu - 2026,03-Feb 2pm,3555.3575
806,4,Tamil Nadu - 2026,03-Feb 2pm,3555.3575
807,1,Tamil Nadu - 2026,03-Feb 3pm,3744.9575
807,2,Tamil Nadu - 2026,03-Feb 3pm,3744.9575
807,3,Tamil Nadu - 2026,03-Feb 3pm,3744.9575
807,4,Tamil Nadu - 2026,03-Feb 3pm,3744.9575
808,1,Tamil Nadu - 2026,03-Feb 4pm,4016.825
808,2,Tamil Nadu - 2026,03-Feb 4pm,4016.825
808,3,Tamil Nadu - 2026,03-Feb 4pm,4016.825
808,4,Tamil Nadu - 2026,03-Feb 4pm,4016.825
809,1,Tamil Nadu - 2026,03-Feb 5pm,4340.1225
809,2,Tamil Nadu - 2026,03-Feb 5pm,4340.1225
809,3,Tamil Nadu - 2026,03-Feb 5pm,4340.1225
809,4,Tamil Nadu - 2026,03-Feb 5pm,4340.1225
810,1,Tamil Nadu - 2026,03-Feb 6pm,4300.9275
810,2,Tamil Nadu - 2026,03-Feb 6pm,4300.9275
810,3,Tamil Nadu - 2026,03-Feb 6pm,4300.9275
810,4,Tamil Nadu - 2026,03-Feb 6pm,4300.9275
811,1,Tamil Nadu - 2026,03-Feb 7pm,4309.8175
811,2,Tamil Nadu - 2026,03-Feb 7pm,4309.8175
811,3,Tamil Nadu - 2026,03-Feb 7pm,4309.8175
811,4,Tamil Nadu - 2026,03-Feb 7pm,4309.8175
812,1,Tamil Nadu - 2026,03-Feb 8pm,4043.7325
812,2,Tamil Nadu - 2026,03-Feb 8pm,4043.7325
812,3,Tamil Nadu - 2026,03-Feb 8pm,4043.7325
812,4,Tamil Nadu - 2026,03-Feb 8pm,4043.7325
813,1,Tamil Nadu - 2026,03-Feb 9pm,3793.165
813,2,Tamil Nadu - 2026,03-Feb 9pm,3793.165
813,3,Tamil Nadu - 2026,03-Feb 9pm,3793.165
813,4,Tamil Nadu - 2026,03-Feb 9pm,3793.165
814,1,Tamil Nadu - 2026,03-Feb 10pm,3566.1425
814,2,Tamil Nadu - 2026,03-Feb 10pm,3566.1425
814,3,Tamil Nadu - 2026,03-Feb 10pm,3566.1425
814,4,Tamil Nadu - 2026,03-Feb 10pm,3566.1425
815,1,Tamil Nadu - 2026,03-Feb 11pm,3312.2875
815,2,Tamil Nadu - 2026,03-Feb 11pm,3312.2875
815,3,Tamil Nadu - 2026,03-Feb 11pm,3312.2875
815,4,Tamil Nadu - 2026,03-Feb 11pm,3312.2875
816,1,Tamil Nadu - 2026,04-Feb 12am,3264.5
816,2,Tamil Nadu - 2026,04-Feb 12am,3264.5
816,3,Tamil Nadu - 2026,04-Feb 12am,3264.5
816,4,Tamil Nadu - 2026,04-Feb 12am,3264.5
817,1,Tamil Nadu - 2026,04-Feb 1am,3211.6825
817,2,Tamil Nadu - 2026,04-Feb 1am,3211.6825
817,3,Tamil Nadu - 2026,04-Feb 1am,3211.6825
817,4,Tamil Nadu - 2026,04-Feb 1am,3211.6825
818,1,Tamil Nadu - 2026,04-Feb 2am,3147.0025
818,2,Tamil Nadu - 2026,04-Feb 2am,3147.0025
818,3,Tamil Nadu - 2026,04-Feb 2am,3147.0025
818,4,Tamil Nadu - 2026,04-Feb 2am,3147.0025
819,1,Tamil Nadu - 2026,04-Feb 3am,3098.87
819,2,Tamil Nadu - 2026,04-Feb 3am,3098.87
819,3,Tamil Nadu - 2026,04-Feb 3am,3098.87
819,4,Tamil Nadu - 2026,04-Feb 3am,3098.87
820,1,Tamil Nadu - 2026,04-Feb 4am,3073.77
820,2,Tamil Nadu - 2026,04-Feb 4am,3073.77
820,3,Tamil Nadu - 2026,04-Feb 4am,3073.77
820,4,Tamil Nadu - 2026,04-Feb 4am,3073.77
821,1,Tamil Nadu - 2026,04-Feb 5am,3208.8175
821,2,Tamil Nadu - 2026,04-Feb 5am,3208.8175
821,3,Tamil Nadu - 2026,04-Feb 5am,3208.8175
821,4,Tamil Nadu - 2026,04-Feb 5am,3208.8175
822,1,Tamil Nadu - 2026,04-Feb 6am,3456.275
822,2,Tamil Nadu - 2026,04-Feb 6am,3456.275
822,3,Tamil Nadu - 2026,04-Feb 6am,3456.275
822,4,Tamil Nadu - 2026,04-Feb 6am,3456.275
823,1,Tamil Nadu - 2026,04-Feb 7am,4119.46
823,2,Tamil Nadu - 2026,04-Feb 7am,4119.46
823,3,Tamil Nadu - 2026,04-Feb 7am,4119.46
823,4,Tamil Nadu - 2026,04-Feb 7am,4119.46
824,1,Tamil Nadu - 2026,04-Feb 8am,4169.64
824,2,Tamil Nadu - 2026,04-Feb 8am,4169.64
824,3,Tamil Nadu - 2026,04-Feb 8am,4169.64
824,4,Tamil Nadu - 2026,04-Feb 8am,4169.64
825,1,Tamil Nadu - 2026,04-Feb 9am,3969.17
825,2,Tamil Nadu - 2026,04-Feb 9am,3969.17
825,3,Tamil Nadu - 2026,04-Feb 9am,3969.17
825,4,Tamil Nadu - 2026,04-Feb 9am,3969.17
826,1,Tamil Nadu - 2026,04-Feb 10am,3816.09
826,2,Tamil Nadu - 2026,04-Feb 10am,3816.09
826,3,Tamil Nadu - 2026,04-Feb 10am,3816.09
826,4,Tamil Nadu - 2026,04-Feb 10am,3816.09
827,1,Tamil Nadu - 2026,04-Feb 11am,3809.1325
827,2,Tamil Nadu - 2026,04-Feb 11am,3809.1325
827,3,Tamil Nadu - 2026,04-Feb 11am,3809.1325
827,4,Tamil Nadu - 2026,04-Feb 11am,3809.1325
828,1,Tamil Nadu - 2026,04-Feb 12pm,3735.2875
828,2,Tamil Nadu - 2026,04-Feb 12pm,3735.2875
828,3,Tamil Nadu - 2026,04-Feb 12pm,3735.2875
828,4,Tamil Nadu - 2026,04-Feb 12pm,3735.2875
829,1,Tamil Nadu - 2026,04-Feb 1pm,3588.5125
829,2,Tamil Nadu - 2026,04-Feb 1pm,3588.5125
829,3,Tamil Nadu - 2026,04-Feb 1pm,3588.5125
829,4,Tamil Nadu - 2026,04-Feb 1pm,3588.5125
830,1,Tamil Nadu - 2026,04-Feb 2pm,3475.42
830,2,Tamil Nadu - 2026,04-Feb 2pm,3475.42
830,3,Tamil Nadu - 2026,04-Feb 2pm,3475.42
830,4,Tamil Nadu - 2026,04-Feb 2pm,3475.42
831,1,Tamil Nadu - 2026,04-Feb 3pm,3651.275
831,2,Tamil Nadu - 2026,04-Feb 3pm,3651.275
831,3,Tamil Nadu - 2026,04-Feb 3pm,3651.275
831,4,Tamil Nadu - 2026,04-Feb 3pm,3651.275
832,1,Tamil Nadu - 2026,04-Feb 4pm,3887.9725
832,2,Tamil Nadu - 2026,04-Feb 4pm,3887.9725
832,3,Tamil Nadu - 2026,04-Feb 4pm,3887.9725
832,4,Tamil Nadu - 2026,04-Feb 4pm,3887.9725
833,1,Tamil Nadu - 2026,04-Feb 5pm,4220.4175
833,2,Tamil Nadu - 2026,04-Feb 5pm,4220.4175
833,3,Tamil Nadu - 2026,04-Feb 5pm,4220.4175
833,4,Tamil Nadu - 2026,04-Feb 5pm,4220.4175
834,1,Tamil Nadu - 2026,04-Feb 6pm,4360.805
834,2,Tamil Nadu - 2026,04-Feb 6pm,4360.805
834,3,Tamil Nadu - 2026,04-Feb 6pm,4360.805
834,4,Tamil Nadu - 2026,04-Feb 6pm,4360.805
835,1,Tamil Nadu - 2026,04-Feb 7pm,4239.8925
835,2,Tamil Nadu - 2026,04-Feb 7pm,4239.8925
835,3,Tamil Nadu - 2026,04-Feb 7pm,4239.8925
835,4,Tamil Nadu - 2026,04-Feb 7pm,4239.8925
836,1,Tamil Nadu - 2026,04-Feb 8pm,4072.5625
836,2,Tamil Nadu - 2026,04-Feb 8pm,4072.5625
836,3,Tamil Nadu - 2026,04-Feb 8pm,4072.5625
836,4,Tamil Nadu - 2026,04-Feb 8pm,4072.5625
837,1,Tamil Nadu - 2026,04-Feb 9pm,3776.2325
837,2,Tamil Nadu - 2026,04-Feb 9pm,3776.2325
837,3,Tamil Nadu - 2026,04-Feb 9pm,3776.2325
837,4,Tamil Nadu - 2026,04-Feb 9pm,3776.2325
838,1,Tamil Nadu - 2026,04-Feb 10pm,3559.005
838,2,Tamil Nadu - 2026,04-Feb 10pm,3559.005
838,3,Tamil Nadu - 2026,04-Feb 10pm,3559.005
838,4,Tamil Nadu - 2026,04-Feb 10pm,3559.005
839,1,Tamil Nadu - 2026,04-Feb 11pm,3312.9075
839,2,Tamil Nadu - 2026,04-Feb 11pm,3312.9075
839,3,Tamil Nadu - 2026,04-Feb 11pm,3312.9075
839,4,Tamil Nadu - 2026,04-Feb 11pm,3312.9075
840,1,Tamil Nadu - 2026,05-Feb 12am,3273.6225
840,2,Tamil Nadu - 2026,05-Feb 12am,3273.6225
840,3,Tamil Nadu - 2026,05-Feb 12am,3273.6225
840,4,Tamil Nadu - 2026,05-Feb 12am,3273.6225
841,1,Tamil Nadu - 2026,05-Feb 1am,3265.1125
841,2,Tamil Nadu - 2026,05-Feb 1am,3265.1125
841,3,Tamil Nadu - 2026,05-Feb 1am,3265.1125
841,4,Tamil Nadu - 2026,05-Feb 1am,3265.1125
842,1,Tamil Nadu - 2026,05-Feb 2am,3231.9375
842,2,Tamil Nadu - 2026,05-Feb 2am,3231.9375
842,3,Tamil Nadu - 2026,05-Feb 2am,3231.9375
842,4,Tamil Nadu - 2026,05-Feb 2am,3231.9375
843,1,Tamil Nadu - 2026,05-Feb 3am,3194.7775
843,2,Tamil Nadu - 2026,05-Feb 3am,3194.7775
843,3,Tamil Nadu - 2026,05-Feb 3am,3194.7775
843,4,Tamil Nadu - 2026,05-Feb 3am,3194.7775
844,1,Tamil Nadu - 2026,05-Feb 4am,3118.045
844,2,Tamil Nadu - 2026,05-Feb 4am,3118.045
844,3,Tamil Nadu - 2026,05-Feb 4am,3118.045
844,4,Tamil Nadu - 2026,05-Feb 4am,3118.045
845,1,Tamil Nadu - 2026,05-Feb 5am,3227.925
845,2,Tamil Nadu - 2026,05-Feb 5am,3227.925
845,3,Tamil Nadu - 2026,05-Feb 5am,3227.925
845,4,Tamil Nadu - 2026,05-Feb 5am,3227.925
846,1,Tamil Nadu - 2026,05-Feb 6am,3501.8275
846,2,Tamil Nadu - 2026,05-Feb 6am,3501.8275
846,3,Tamil Nadu - 2026,05-Feb 6am,3501.8275
846,4,Tamil Nadu - 2026,05-Feb 6am,3501.8275
847,1,Tamil Nadu - 2026,05-Feb 7am,4121.8975
847,2,Tamil Nadu - 2026,05-Feb 7am,4121.8975
847,3,Tamil Nadu - 2026,05-Feb 7am,4121.8975
847,4,Tamil Nadu - 2026,05-Feb 7am,4121.8975
848,1,Tamil Nadu - 2026,05-Feb 8am,4282.2825
848,2,Tamil Nadu - 2026,05-Feb 8am,4282.2825
848,3,Tamil Nadu - 2026,05-Feb 8am,4282.2825
848,4,Tamil Nadu - 2026,05-Feb 8am,4282.2825
849,1,Tamil Nadu - 2026,05-Feb 9am,4111.1975
849,2,Tamil Nadu - 2026,05-Feb 9am,4111.1975
849,3,Tamil Nadu - 2026,05-Feb 9am,4111.1975
849,4,Tamil Nadu - 2026,05-Feb 9am,4111.1975
850,1,Tamil Nadu - 2026,05-Feb 10am,3922.93
850,2,Tamil Nadu - 2026,05-Feb 10am,3922.93
850,3,Tamil Nadu - 2026,05-Feb 10am,3922.93
850,4,Tamil Nadu - 2026,05-Feb 10am,3922.93
851,1,Tamil Nadu - 2026,05-Feb 11am,3911.3275
851,2,Tamil Nadu - 2026,05-Feb 11am,3911.3275
851,3,Tamil Nadu - 2026,05-Feb 11am,3911.3275
851,4,Tamil Nadu - 2026,05-Feb 11am,3911.3275
852,1,Tamil Nadu - 2026,05-Feb 12pm,3898.78
852,2,Tamil Nadu - 2026,05-Feb 12pm,3898.78
852,3,Tamil Nadu - 2026,05-Feb 12pm,3898.78
852,4,Tamil Nadu - 2026,05-Feb 12pm,3898.78
853,1,Tamil Nadu - 2026,05-Feb 1pm,3829.58
853,2,Tamil Nadu - 2026,05-Feb 1pm,3829.58
853,3,Tamil Nadu - 2026,05-Feb 1pm,3829.58
853,4,Tamil Nadu - 2026,05-Feb 1pm,3829.58
854,1,Tamil Nadu - 2026,05-Feb 2pm,3737.94
854,2,Tamil Nadu - 2026,05-Feb 2pm,3737.94
854,3,Tamil Nadu - 2026,05-Feb 2pm,3737.94
854,4,Tamil Nadu - 2026,05-Feb 2pm,3737.94
855,1,Tamil Nadu - 2026,05-Feb 3pm,3890.73
855,2,Tamil Nadu - 2026,05-Feb 3pm,3890.73
855,3,Tamil Nadu - 2026,05-Feb 3pm,3890.73
855,4,Tamil Nadu - 2026,05-Feb 3pm,3890.73
856,1,Tamil Nadu - 2026,05-Feb 4pm,4106.66
856,2,Tamil Nadu - 2026,05-Feb 4pm,4106.66
856,3,Tamil Nadu - 2026,05-Feb 4pm,4106.66
856,4,Tamil Nadu - 2026,05-Feb 4pm,4106.66
857,1,Tamil Nadu - 2026,05-Feb 5pm,4354.3375
857,2,Tamil Nadu - 2026,05-Feb 5pm,4354.3375
857,3,Tamil Nadu - 2026,05-Feb 5pm,4354.3375
857,4,Tamil Nadu - 2026,05-Feb 5pm,4354.3375
858,1,Tamil Nadu - 2026,05-Feb 6pm,4313.9975
858,2,Tamil Nadu - 2026,05-Feb 6pm,4313.9975
858,3,Tamil Nadu - 2026,05-Feb 6pm,4313.9975
858,4,Tamil Nadu - 2026,05-Feb 6pm,4313.9975
859,1,Tamil Nadu - 2026,05-Feb 7pm,4383.3975
859,2,Tamil Nadu - 2026,05-Feb 7pm,4383.3975
859,3,Tamil Nadu - 2026,05-Feb 7pm,4383.3975
859,4,Tamil Nadu - 2026,05-Feb 7pm,4383.3975
860,1,Tamil Nadu - 2026,05-Feb 8pm,4018.42
860,2,Tamil Nadu - 2026,05-Feb 8pm,4018.42
860,3,Tamil Nadu - 2026,05-Feb 8pm,4018.42
860,4,Tamil Nadu - 2026,05-Feb 8pm,4018.42
861,1,Tamil Nadu - 2026,05-Feb 9pm,3910.575
861,2,Tamil Nadu - 2026,05-Feb 9pm,3910.575
861,3,Tamil Nadu - 2026,05-Feb 9pm,3910.575
861,4,Tamil Nadu - 2026,05-Feb 9pm,3910.575
862,1,Tamil Nadu - 2026,05-Feb 10pm,3624.3975
862,2,Tamil Nadu - 2026,05-Feb 10pm,3624.3975
862,3,Tamil Nadu - 2026,05-Feb 10pm,3624.3975
862,4,Tamil Nadu - 2026,05-Feb 10pm,3624.3975
863,1,Tamil Nadu - 2026,05-Feb 11pm,3390.32
863,2,Tamil Nadu - 2026,05-Feb 11pm,3390.32
863,3,Tamil Nadu - 2026,05-Feb 11pm,3390.32
863,4,Tamil Nadu - 2026,05-Feb 11pm,3390.32
864,1,Tamil Nadu - 2026,06-Feb 12am,3210.545
864,2,Tamil Nadu - 2026,06-Feb 12am,3210.545
864,3,Tamil Nadu - 2026,06-Feb 12am,3210.545
864,4,Tamil Nadu - 2026,06-Feb 12am,3210.545
865,1,Tamil Nadu - 2026,06-Feb 1am,3101.9225
865,2,Tamil Nadu - 2026,06-Feb 1am,3101.9225
865,3,Tamil Nadu - 2026,06-Feb 1am,3101.9225
865,4,Tamil Nadu - 2026,06-Feb 1am,3101.9225
866,1,Tamil Nadu - 2026,06-Feb 2am,3020.405
866,2,Tamil Nadu - 2026,06-Feb 2am,3020.405
866,3,Tamil Nadu - 2026,06-Feb 2am,3020.405
866,4,Tamil Nadu - 2026,06-Feb 2am,3020.405
867,1,Tamil Nadu - 2026,06-Feb 3am,3010.12
867,2,Tamil Nadu - 2026,06-Feb 3am,3010.12
867,3,Tamil Nadu - 2026,06-Feb 3am,3010.12
867,4,Tamil Nadu - 2026,06-Feb 3am,3010.12
868,1,Tamil Nadu - 2026,06-Feb 4am,3031.685
868,2,Tamil Nadu - 2026,06-Feb 4am,3031.685
868,3,Tamil Nadu - 2026,06-Feb 4am,3031.685
868,4,Tamil Nadu - 2026,06-Feb 4am,3031.685
869,1,Tamil Nadu - 2026,06-Feb 5am,3192.795
869,2,Tamil Nadu - 2026,06-Feb 5am,3192.795
869,3,Tamil Nadu - 2026,06-Feb 5am,3192.795
869,4,Tamil Nadu - 2026,06-Feb 5am,3192.795
870,1,Tamil Nadu - 2026,06-Feb 6am,3439.1025
870,2,Tamil Nadu - 2026,06-Feb 6am,3439.1025
870,3,Tamil Nadu - 2026,06-Feb 6am,3439.1025
870,4,Tamil Nadu - 2026,06-Feb 6am,3439.1025
871,1,Tamil Nadu - 2026,06-Feb 7am,4194.62
871,2,Tamil Nadu - 2026,06-Feb 7am,4194.62
871,3,Tamil Nadu - 2026,06-Feb 7am,4194.62
871,4,Tamil Nadu - 2026,06-Feb 7am,4194.62
872,1,Tamil Nadu - 2026,06-Feb 8am,4275.22
872,2,Tamil Nadu - 2026,06-Feb 8am,4275.22
872,3,Tamil Nadu - 2026,06-Feb 8am,4275.22
872,4,Tamil Nadu - 2026,06-Feb 8am,4275.22
873,1,Tamil Nadu - 2026,06-Feb 9am,4026.84
873,2,Tamil Nadu - 2026,06-Feb 9am,4026.84
873,3,Tamil Nadu - 2026,06-Feb 9am,4026.84
873,4,Tamil Nadu - 2026,06-Feb 9am,4026.84
874,1,Tamil Nadu - 2026,06-Feb 10am,4015.745
874,2,Tamil Nadu - 2026,06-Feb 10am,4015.745
874,3,Tamil Nadu - 2026,06-Feb 10am,4015.745
874,4,Tamil Nadu - 2026,06-Feb 10am,4015.745
875,1,Tamil Nadu - 2026,06-Feb 11am,3813.3
875,2,Tamil Nadu - 2026,06-Feb 11am,3813.3
875,3,Tamil Nadu - 2026,06-Feb 11am,3813.3
875,4,Tamil Nadu - 2026,06-Feb 11am,3813.3
876,1,Tamil Nadu - 2026,06-Feb 12pm,3660.52
876,2,Tamil Nadu - 2026,06-Feb 12pm,3660.52
876,3,Tamil Nadu - 2026,06-Feb 12pm,3660.52
876,4,Tamil Nadu - 2026,06-Feb 12pm,3660.52
877,1,Tamil Nadu - 2026,06-Feb 1pm,3632.6275
877,2,Tamil Nadu - 2026,06-Feb 1pm,3632.6275
877,3,Tamil Nadu - 2026,06-Feb 1pm,3632.6275
877,4,Tamil Nadu - 2026,06-Feb 1pm,3632.6275
878,1,Tamil Nadu - 2026,06-Feb 2pm,3599.8725
878,2,Tamil Nadu - 2026,06-Feb 2pm,3599.8725
878,3,Tamil Nadu - 2026,06-Feb 2pm,3599.8725
878,4,Tamil Nadu - 2026,06-Feb 2pm,3599.8725
879,1,Tamil Nadu - 2026,06-Feb 3pm,3798.3025
879,2,Tamil Nadu - 2026,06-Feb 3pm,3798.3025
879,3,Tamil Nadu - 2026,06-Feb 3pm,3798.3025
879,4,Tamil Nadu - 2026,06-Feb 3pm,3798.3025
880,1,Tamil Nadu - 2026,06-Feb 4pm,4001.58
880,2,Tamil Nadu - 2026,06-Feb 4pm,4001.58
880,3,Tamil Nadu - 2026,06-Feb 4pm,4001.58
880,4,Tamil Nadu - 2026,06-Feb 4pm,4001.58
881,1,Tamil Nadu - 2026,06-Feb 5pm,4383.0975
881,2,Tamil Nadu - 2026,06-Feb 5pm,4383.0975
881,3,Tamil Nadu - 2026,06-Feb 5pm,4383.0975
881,4,Tamil Nadu - 2026,06-Feb 5pm,4383.0975
882,1,Tamil Nadu - 2026,06-Feb 6pm,4348.805
882,2,Tamil Nadu - 2026,06-Feb 6pm,4348.805
882,3,Tamil Nadu - 2026,06-Feb 6pm,4348.805
882,4,Tamil Nadu - 2026,06-Feb 6pm,4348.805
883,1,Tamil Nadu - 2026,06-Feb 7pm,4241.7975
883,2,Tamil Nadu - 2026,06-Feb 7pm,4241.7975
883,3,Tamil Nadu - 2026,06-Feb 7pm,4241.7975
883,4,Tamil Nadu - 2026,06-Feb 7pm,4241.7975
884,1,Tamil Nadu - 2026,06-Feb 8pm,3954.245
884,2,Tamil Nadu - 2026,06-Feb 8pm,3954.245
884,3,Tamil Nadu - 2026,06-Feb 8pm,3954.245
884,4,Tamil Nadu - 2026,06-Feb 8pm,3954.245
885,1,Tamil Nadu - 2026,06-Feb 9pm,3732.0525
885,2,Tamil Nadu - 2026,06-Feb 9pm,3732.0525
885,3,Tamil Nadu - 2026,06-Feb 9pm,3732.0525
885,4,Tamil Nadu - 2026,06-Feb 9pm,3732.0525
886,1,Tamil Nadu - 2026,06-Feb 10pm,3542.615
886,2,Tamil Nadu - 2026,06-Feb 10pm,3542.615
886,3,Tamil Nadu - 2026,06-Feb 10pm,3542.615
886,4,Tamil Nadu - 2026,06-Feb 10pm,3542.615
887,1,Tamil Nadu - 2026,06-Feb 11pm,3371.5
887,2,Tamil Nadu - 2026,06-Feb 11pm,3371.5
887,3,Tamil Nadu - 2026,06-Feb 11pm,3371.5
887,4,Tamil Nadu - 2026,06-Feb 11pm,3371.5
888,1,Tamil Nadu - 2026,07-Feb 12am,3312.9575
888,2,Tamil Nadu - 2026,07-Feb 12am,3312.9575
888,3,Tamil Nadu - 2026,07-Feb 12am,3312.9575
888,4,Tamil Nadu - 2026,07-Feb 12am,3312.9575
889,1,Tamil Nadu - 2026,07-Feb 1am,3274.235
889,2,Tamil Nadu - 2026,07-Feb 1am,3274.235
889,3,Tamil Nadu - 2026,07-Feb 1am,3274.235
889,4,Tamil Nadu - 2026,07-Feb 1am,3274.235
890,1,Tamil Nadu - 2026,07-Feb 2am,3108.795
890,2,Tamil Nadu - 2026,07-Feb 2am,3108.795
890,3,Tamil Nadu - 2026,07-Feb 2am,3108.795
890,4,Tamil Nadu - 2026,07-Feb 2am,3108.795
891,1,Tamil Nadu - 2026,07-Feb 3am,3081.9525
891,2,Tamil Nadu - 2026,07-Feb 3am,3081.9525
891,3,Tamil Nadu - 2026,07-Feb 3am,3081.9525
891,4,Tamil Nadu - 2026,07-Feb 3am,3081.9525
892,1,Tamil Nadu - 2026,07-Feb 4am,3089.95
892,2,Tamil Nadu - 2026,07-Feb 4am,3089.95
892,3,Tamil Nadu - 2026,07-Feb 4am,3089.95
892,4,Tamil Nadu - 2026,07-Feb 4am,3089.95
893,1,Tamil Nadu - 2026,07-Feb 5am,3154.6975
893,2,Tamil Nadu - 2026,07-Feb 5am,3154.6975
893,3,Tamil Nadu - 2026,07-Feb 5am,3154.6975
893,4,Tamil Nadu - 2026,07-Feb 5am,3154.6975
894,1,Tamil Nadu - 2026,07-Feb 6am,3328.055
894,2,Tamil Nadu - 2026,07-Feb 6am,3328.055
894,3,Tamil Nadu - 2026,07-Feb 6am,3328.055
894,4,Tamil Nadu - 2026,07-Feb 6am,3328.055
895,1,Tamil Nadu - 2026,07-Feb 7am,3983.035
895,2,Tamil Nadu - 2026,07-Feb 7am,3983.035
895,3,Tamil Nadu - 2026,07-Feb 7am,3983.035
895,4,Tamil Nadu - 2026,07-Feb 7am,3983.035
896,1,Tamil Nadu - 2026,07-Feb 8am,4007.495
896,2,Tamil Nadu - 2026,07-Feb 8am,4007.495
896,3,Tamil Nadu - 2026,07-Feb 8am,4007.495
896,4,Tamil Nadu - 2026,07-Feb 8am,4007.495
897,1,Tamil Nadu - 2026,07-Feb 9am,3834.48
897,2,Tamil Nadu - 2026,07-Feb 9am,3834.48
897,3,Tamil Nadu - 2026,07-Feb 9am,3834.48
897,4,Tamil Nadu - 2026,07-Feb 9am,3834.48
898,1,Tamil Nadu - 2026,07-Feb 10am,3634.655
898,2,Tamil Nadu - 2026,07-Feb 10am,3634.655
898,3,Tamil Nadu - 2026,07-Feb 10am,3634.655
898,4,Tamil Nadu - 2026,07-Feb 10am,3634.655
899,1,Tamil Nadu - 2026,07-Feb 11am,3607.86
899,2,Tamil Nadu - 2026,07-Feb 11am,3607.86
899,3,Tamil Nadu - 2026,07-Feb 11am,3607.86
899,4,Tamil Nadu - 2026,07-Feb 11am,3607.86
900,1,Tamil Nadu - 2026,07-Feb 12pm,3549.525
900,2,Tamil Nadu - 2026,07-Feb 12pm,3549.525
900,3,Tamil Nadu - 2026,07-Feb 12pm,3549.525
900,4,Tamil Nadu - 2026,07-Feb 12pm,3549.525
901,1,Tamil Nadu - 2026,07-Feb 1pm,3503.4925
901,2,Tamil Nadu - 2026,07-Feb 1pm,3503.4925
901,3,Tamil Nadu - 2026,07-Feb 1pm,3503.4925
901,4,Tamil Nadu - 2026,07-Feb 1pm,3503.4925
902,1,Tamil Nadu - 2026,07-Feb 2pm,3503.4925
902,2,Tamil Nadu - 2026,07-Feb 2pm,3503.4925
902,3,Tamil Nadu - 2026,07-Feb 2pm,3503.4925
902,4,Tamil Nadu - 2026,07-Feb 2pm,3503.4925
903,1,Tamil Nadu - 2026,07-Feb 3pm,3587.39
903,2,Tamil Nadu - 2026,07-Feb 3pm,3587.39
903,3,Tamil Nadu - 2026,07-Feb 3pm,3587.39
903,4,Tamil Nadu - 2026,07-Feb 3pm,3587.39
904,1,Tamil Nadu - 2026,07-Feb 4pm,3782.465
904,2,Tamil Nadu - 2026,07-Feb 4pm,3782.465
904,3,Tamil Nadu - 2026,07-Feb 4pm,3782.465
904,4,Tamil Nadu - 2026,07-Feb 4pm,3782.465
905,1,Tamil Nadu - 2026,07-Feb 5pm,4163.575
905,2,Tamil Nadu - 2026,07-Feb 5pm,4163.575
905,3,Tamil Nadu - 2026,07-Feb 5pm,4163.575
905,4,Tamil Nadu - 2026,07-Feb 5pm,4163.575
906,1,Tamil Nadu - 2026,07-Feb 6pm,4266.74
906,2,Tamil Nadu - 2026,07-Feb 6pm,4266.74
906,3,Tamil Nadu - 2026,07-Feb 6pm,4266.74
906,4,Tamil Nadu - 2026,07-Feb 6pm,4266.74
907,1,Tamil Nadu - 2026,07-Feb 7pm,4303.045
907,2,Tamil Nadu - 2026,07-Feb 7pm,4303.045
907,3,Tamil Nadu - 2026,07-Feb 7pm,4303.045
907,4,Tamil Nadu - 2026,07-Feb 7pm,4303.045
908,1,Tamil Nadu - 2026,07-Feb 8pm,4027.8575
908,2,Tamil Nadu - 2026,07-Feb 8pm,4027.8575
908,3,Tamil Nadu - 2026,07-Feb 8pm,4027.8575
908,4,Tamil Nadu - 2026,07-Feb 8pm,4027.8575
909,1,Tamil Nadu - 2026,07-Feb 9pm,3826.495
909,2,Tamil Nadu - 2026,07-Feb 9pm,3826.495
909,3,Tamil Nadu - 2026,07-Feb 9pm,3826.495
909,4,Tamil Nadu - 2026,07-Feb 9pm,3826.495
910,1,Tamil Nadu - 2026,07-Feb 10pm,3638.8625
910,2,Tamil Nadu - 2026,07-Feb 10pm,3638.8625
910,3,Tamil Nadu - 2026,07-Feb 10pm,3638.8625
910,4,Tamil Nadu - 2026,07-Feb 10pm,3638.8625
911,1,Tamil Nadu - 2026,07-Feb 11pm,3451.41
911,2,Tamil Nadu - 2026,07-Feb 11pm,3451.41
911,3,Tamil Nadu - 2026,07-Feb 11pm,3451.41
911,4,Tamil Nadu - 2026,07-Feb 11pm,3451.41
912,1,Tamil Nadu - 2026,08-Feb 12am,3347.8875
912,2,Tamil Nadu - 2026,08-Feb 12am,3347.8875
912,3,Tamil Nadu - 2026,08-Feb 12am,3347.8875
912,4,Tamil Nadu - 2026,08-Feb 12am,3347.8875
913,1,Tamil Nadu - 2026,08-Feb 1am,3279.7525
913,2,Tamil Nadu - 2026,08-Feb 1am,3279.7525
913,3,Tamil Nadu - 2026,08-Feb 1am,3279.7525
913,4,Tamil Nadu - 2026,08-Feb 1am,3279.7525
914,1,Tamil Nadu - 2026,08-Feb 2am,3246.45
914,2,Tamil Nadu - 2026,08-Feb 2am,3246.45
914,3,Tamil Nadu - 2026,08-Feb 2am,3246.45
914,4,Tamil Nadu - 2026,08-Feb 2am,3246.45
915,1,Tamil Nadu - 2026,08-Feb 3am,3236.115
915,2,Tamil Nadu - 2026,08-Feb 3am,3236.115
915,3,Tamil Nadu - 2026,08-Feb 3am,3236.115
915,4,Tamil Nadu - 2026,08-Feb 3am,3236.115
916,1,Tamil Nadu - 2026,08-Feb 4am,3260.21
916,2,Tamil Nadu - 2026,08-Feb 4am,3260.21
916,3,Tamil Nadu - 2026,08-Feb 4am,3260.21
916,4,Tamil Nadu - 2026,08-Feb 4am,3260.21
917,1,Tamil Nadu - 2026,08-Feb 5am,3312.6775
917,2,Tamil Nadu - 2026,08-Feb 5am,3312.6775
917,3,Tamil Nadu - 2026,08-Feb 5am,3312.6775
917,4,Tamil Nadu - 2026,08-Feb 5am,3312.6775
918,1,Tamil Nadu - 2026,08-Feb 6am,3357.27
918,2,Tamil Nadu - 2026,08-Feb 6am,3357.27
918,3,Tamil Nadu - 2026,08-Feb 6am,3357.27
918,4,Tamil Nadu - 2026,08-Feb 6am,3357.27
919,1,Tamil Nadu - 2026,08-Feb 7am,3652.8
919,2,Tamil Nadu - 2026,08-Feb 7am,3652.8
919,3,Tamil Nadu - 2026,08-Feb 7am,3652.8
919,4,Tamil Nadu - 2026,08-Feb 7am,3652.8
920,1,Tamil Nadu - 2026,08-Feb 8am,3675.6225
920,2,Tamil Nadu - 2026,08-Feb 8am,3675.6225
920,3,Tamil Nadu - 2026,08-Feb 8am,3675.6225
920,4,Tamil Nadu - 2026,08-Feb 8am,3675.6225
921,1,Tamil Nadu - 2026,08-Feb 9am,3650.72
921,2,Tamil Nadu - 2026,08-Feb 9am,3650.72
921,3,Tamil Nadu - 2026,08-Feb 9am,3650.72
921,4,Tamil Nadu - 2026,08-Feb 9am,3650.72
922,1,Tamil Nadu - 2026,08-Feb 10am,3585.9925
922,2,Tamil Nadu - 2026,08-Feb 10am,3585.9925
922,3,Tamil Nadu - 2026,08-Feb 10am,3585.9925
922,4,Tamil Nadu - 2026,08-Feb 10am,3585.9925
923,1,Tamil Nadu - 2026,08-Feb 11am,3331.6175
923,2,Tamil Nadu - 2026,08-Feb 11am,3331.6175
923,3,Tamil Nadu - 2026,08-Feb 11am,3331.6175
923,4,Tamil Nadu - 2026,08-Feb 11am,3331.6175
924,1,Tamil Nadu - 2026,08-Feb 12pm,3254.3925
924,2,Tamil Nadu - 2026,08-Feb 12pm,3254.3925
924,3,Tamil Nadu - 2026,08-Feb 12pm,3254.3925
924,4,Tamil Nadu - 2026,08-Feb 12pm,3254.3925
925,1,Tamil Nadu - 2026,08-Feb 1pm,3191.2
925,2,Tamil Nadu - 2026,08-Feb 1pm,3191.2
925,3,Tamil Nadu - 2026,08-Feb 1pm,3191.2
925,4,Tamil Nadu - 2026,08-Feb 1pm,3191.2
926,1,Tamil Nadu - 2026,08-Feb 2pm,3125.325
926,2,Tamil Nadu - 2026,08-Feb 2pm,3125.325
926,3,Tamil Nadu - 2026,08-Feb 2pm,3125.325
926,4,Tamil Nadu - 2026,08-Feb 2pm,3125.325
927,1,Tamil Nadu - 2026,08-Feb 3pm,3208.1575
927,2,Tamil Nadu - 2026,08-Feb 3pm,3208.1575
927,3,Tamil Nadu - 2026,08-Feb 3pm,3208.1575
927,4,Tamil Nadu - 2026,08-Feb 3pm,3208.1575
928,1,Tamil Nadu - 2026,08-Feb 4pm,3418.37
928,2,Tamil Nadu - 2026,08-Feb 4pm,3418.37
928,3,Tamil Nadu - 2026,08-Feb 4pm,3418.37
928,4,Tamil Nadu - 2026,08-Feb 4pm,3418.37
929,1,Tamil Nadu - 2026,08-Feb 5pm,3665.5425
929,2,Tamil Nadu - 2026,08-Feb 5pm,3665.5425
929,3,Tamil Nadu - 2026,08-Feb 5pm,3665.5425
929,4,Tamil Nadu - 2026,08-Feb 5pm,3665.5425
930,1,Tamil Nadu - 2026,08-Feb 6pm,3724.45
930,2,Tamil Nadu - 2026,08-Feb 6pm,3724.45
930,3,Tamil Nadu - 2026,08-Feb 6pm,3724.45
930,4,Tamil Nadu - 2026,08-Feb 6pm,3724.45
931,1,Tamil Nadu - 2026,08-Feb 7pm,3725.87
931,2,Tamil Nadu - 2026,08-Feb 7pm,3725.87
931,3,Tamil Nadu - 2026,08-Feb 7pm,3725.87
931,4,Tamil Nadu - 2026,08-Feb 7pm,3725.87
932,1,Tamil Nadu - 2026,08-Feb 8pm,3564.1175
932,2,Tamil Nadu - 2026,08-Feb 8pm,3564.1175
932,3,Tamil Nadu - 2026,08-Feb 8pm,3564.1175
932,4,Tamil Nadu - 2026,08-Feb 8pm,3564.1175
933,1,Tamil Nadu - 2026,08-Feb 9pm,3414.145
933,2,Tamil Nadu - 2026,08-Feb 9pm,3414.145
933,3,Tamil Nadu - 2026,08-Feb 9pm,3414.145
933,4,Tamil Nadu - 2026,08-Feb 9pm,3414.145
934,1,Tamil Nadu - 2026,08-Feb 10pm,3276.6425
934,2,Tamil Nadu - 2026,08-Feb 10pm,3276.6425
934,3,Tamil Nadu - 2026,08-Feb 10pm,3276.6425
934,4,Tamil Nadu - 2026,08-Feb 10pm,3276.6425
935,1,Tamil Nadu - 2026,08-Feb 11pm,3096.68
935,2,Tamil Nadu - 2026,08-Feb 11pm,3096.68
935,3,Tamil Nadu - 2026,08-Feb 11pm,3096.68
935,4,Tamil Nadu - 2026,08-Feb 11pm,3096.68
936,1,Tamil Nadu - 2026,09-Feb 12am,3051.06
936,2,Tamil Nadu - 2026,09-Feb 12am,3051.06
936,3,Tamil Nadu - 2026,09-Feb 12am,3051.06
936,4,Tamil Nadu - 2026,09-Feb 12am,3051.06
937,1,Tamil Nadu - 2026,09-Feb 1am,3027.8125
937,2,Tamil Nadu - 2026,09-Feb 1am,3027.8125
937,3,Tamil Nadu - 2026,09-Feb 1am,3027.8125
937,4,Tamil Nadu - 2026,09-Feb 1am,3027.8125
938,1,Tamil Nadu - 2026,09-Feb 2am,3050.3725
938,2,Tamil Nadu - 2026,09-Feb 2am,3050.3725
938,3,Tamil Nadu - 2026,09-Feb 2am,3050.3725
938,4,Tamil Nadu - 2026,09-Feb 2am,3050.3725
939,1,Tamil Nadu - 2026,09-Feb 3am,3017.5275
939,2,Tamil Nadu - 2026,09-Feb 3am,3017.5275
939,3,Tamil Nadu - 2026,09-Feb 3am,3017.5275
939,4,Tamil Nadu - 2026,09-Feb 3am,3017.5275
940,1,Tamil Nadu - 2026,09-Feb 4am,3013.97
940,2,Tamil Nadu - 2026,09-Feb 4am,3013.97
940,3,Tamil Nadu - 2026,09-Feb 4am,3013.97
940,4,Tamil Nadu - 2026,09-Feb 4am,3013.97
941,1,Tamil Nadu - 2026,09-Feb 5am,3121.43
941,2,Tamil Nadu - 2026,09-Feb 5am,3121.43
941,3,Tamil Nadu - 2026,09-Feb 5am,3121.43
941,4,Tamil Nadu - 2026,09-Feb 5am,3121.43
942,1,Tamil Nadu - 2026,09-Feb 6am,3341.6975
942,2,Tamil Nadu - 2026,09-Feb 6am,3341.6975
942,3,Tamil Nadu - 2026,09-Feb 6am,3341.6975
942,4,Tamil Nadu - 2026,09-Feb 6am,3341.6975
943,1,Tamil Nadu - 2026,09-Feb 7am,3992.58
943,2,Tamil Nadu - 2026,09-Feb 7am,3992.58
943,3,Tamil Nadu - 2026,09-Feb 7am,3992.58
943,4,Tamil Nadu - 2026,09-Feb 7am,3992.58
944,1,Tamil Nadu - 2026,09-Feb 8am,4169.6175
944,2,Tamil Nadu - 2026,09-Feb 8am,4169.6175
944,3,Tamil Nadu - 2026,09-Feb 8am,4169.6175
944,4,Tamil Nadu - 2026,09-Feb 8am,4169.6175
945,1,Tamil Nadu - 2026,09-Feb 9am,4097.84
945,2,Tamil Nadu - 2026,09-Feb 9am,4097.84
945,3,Tamil Nadu - 2026,09-Feb 9am,4097.84
945,4,Tamil Nadu - 2026,09-Feb 9am,4097.84
946,1,Tamil Nadu - 2026,09-Feb 10am,3887.44
946,2,Tamil Nadu - 2026,09-Feb 10am,3887.44
946,3,Tamil Nadu - 2026,09-Feb 10am,3887.44
946,4,Tamil Nadu - 2026,09-Feb 10am,3887.44
947,1,Tamil Nadu - 2026,09-Feb 11am,3872.935
947,2,Tamil Nadu - 2026,09-Feb 11am,3872.935
947,3,Tamil Nadu - 2026,09-Feb 11am,3872.935
947,4,Tamil Nadu - 2026,09-Feb 11am,3872.935
948,1,Tamil Nadu - 2026,09-Feb 12pm,3756.5175
948,2,Tamil Nadu - 2026,09-Feb 12pm,3756.5175
948,3,Tamil Nadu - 2026,09-Feb 12pm,3756.5175
948,4,Tamil Nadu - 2026,09-Feb 12pm,3756.5175
949,1,Tamil Nadu - 2026,09-Feb 1pm,3810.1625
949,2,Tamil Nadu - 2026,09-Feb 1pm,3810.1625
949,3,Tamil Nadu - 2026,09-Feb 1pm,3810.1625
949,4,Tamil Nadu - 2026,09-Feb 1pm,3810.1625
950,1,Tamil Nadu - 2026,09-Feb 2pm,3719.235
950,2,Tamil Nadu - 2026,09-Feb 2pm,3719.235
950,3,Tamil Nadu - 2026,09-Feb 2pm,3719.235
950,4,Tamil Nadu - 2026,09-Feb 2pm,3719.235
951,1,Tamil Nadu - 2026,09-Feb 3pm,3858.5575
951,2,Tamil Nadu - 2026,09-Feb 3pm,3858.5575
951,3,Tamil Nadu - 2026,09-Feb 3pm,3858.5575
951,4,Tamil Nadu - 2026,09-Feb 3pm,3858.5575
952,1,Tamil Nadu - 2026,09-Feb 4pm,4100.1075
952,2,Tamil Nadu - 2026,09-Feb 4pm,4100.1075
952,3,Tamil Nadu - 2026,09-Feb 4pm,4100.1075
952,4,Tamil Nadu - 2026,09-Feb 4pm,4100.1075
953,1,Tamil Nadu - 2026,09-Feb 5pm,4393.1825
953,2,Tamil Nadu - 2026,09-Feb 5pm,4393.1825
953,3,Tamil Nadu - 2026,09-Feb 5pm,4393.1825
953,4,Tamil Nadu - 2026,09-Feb 5pm,4393.1825
954,1,Tamil Nadu - 2026,09-Feb 6pm,4387.7325
954,2,Tamil Nadu - 2026,09-Feb 6pm,4387.7325
954,3,Tamil Nadu - 2026,09-Feb 6pm,4387.7325
954,4,Tamil Nadu - 2026,09-Feb 6pm,4387.7325
955,1,Tamil Nadu - 2026,09-Feb 7pm,4324.7425
955,2,Tamil Nadu - 2026,09-Feb 7pm,4324.7425
955,3,Tamil Nadu - 2026,09-Feb 7pm,4324.7425
955,4,Tamil Nadu - 2026,09-Feb 7pm,4324.7425
956,1,Tamil Nadu - 2026,09-Feb 8pm,4080.8075
956,2,Tamil Nadu - 2026,09-Feb 8pm,4080.8075
956,3,Tamil Nadu - 2026,09-Feb 8pm,4080.8075
956,4,Tamil Nadu - 2026,09-Feb 8pm,4080.8075
957,1,Tamil Nadu - 2026,09-Feb 9pm,3863.16
957,2,Tamil Nadu - 2026,09-Feb 9pm,3863.16
957,3,Tamil Nadu - 2026,09-Feb 9pm,3863.16
957,4,Tamil Nadu - 2026,09-Feb 9pm,3863.16
958,1,Tamil Nadu - 2026,09-Feb 10pm,3682.9175
958,2,Tamil Nadu - 2026,09-Feb 10pm,3682.9175
958,3,Tamil Nadu - 2026,09-Feb 10pm,3682.9175
958,4,Tamil Nadu - 2026,09-Feb 10pm,3682.9175
959,1,Tamil Nadu - 2026,09-Feb 11pm,3510.095
959,2,Tamil Nadu - 2026,09-Feb 11pm,3510.095
959,3,Tamil Nadu - 2026,09-Feb 11pm,3510.095
959,4,Tamil Nadu - 2026,09-Feb 11pm,3510.095
960,1,Tamil Nadu - 2026,10-Feb 12am,3384.955
960,2,Tamil Nadu - 2026,10-Feb 12am,3384.955
960,3,Tamil Nadu - 2026,10-Feb 12am,3384.955
960,4,Tamil Nadu - 2026,10-Feb 12am,3384.955
961,1,Tamil Nadu - 2026,10-Feb 1am,3344.7025
961,2,Tamil Nadu - 2026,10-Feb 1am,3344.7025
961,3,Tamil Nadu - 2026,10-Feb 1am,3344.7025
961,4,Tamil Nadu - 2026,10-Feb 1am,3344.7025
962,1,Tamil Nadu - 2026,10-Feb 2am,3315.285
962,2,Tamil Nadu - 2026,10-Feb 2am,3315.285
962,3,Tamil Nadu - 2026,10-Feb 2am,3315.285
962,4,Tamil Nadu - 2026,10-Feb 2am,3315.285
963,1,Tamil Nadu - 2026,10-Feb 3am,3273.785
963,2,Tamil Nadu - 2026,10-Feb 3am,3273.785
963,3,Tamil Nadu - 2026,10-Feb 3am,3273.785
963,4,Tamil Nadu - 2026,10-Feb 3am,3273.785
964,1,Tamil Nadu - 2026,10-Feb 4am,3275.915
964,2,Tamil Nadu - 2026,10-Feb 4am,3275.915
964,3,Tamil Nadu - 2026,10-Feb 4am,3275.915
964,4,Tamil Nadu - 2026,10-Feb 4am,3275.915
965,1,Tamil Nadu - 2026,10-Feb 5am,3314.6575
965,2,Tamil Nadu - 2026,10-Feb 5am,3314.6575
965,3,Tamil Nadu - 2026,10-Feb 5am,3314.6575
965,4,Tamil Nadu - 2026,10-Feb 5am,3314.6575
966,1,Tamil Nadu - 2026,10-Feb 6am,3553.7625
966,2,Tamil Nadu - 2026,10-Feb 6am,3553.7625
966,3,Tamil Nadu - 2026,10-Feb 6am,3553.7625
966,4,Tamil Nadu - 2026,10-Feb 6am,3553.7625
967,1,Tamil Nadu - 2026,10-Feb 7am,4205.4925
967,2,Tamil Nadu - 2026,10-Feb 7am,4205.4925
967,3,Tamil Nadu - 2026,10-Feb 7am,4205.4925
967,4,Tamil Nadu - 2026,10-Feb 7am,4205.4925
968,1,Tamil Nadu - 2026,10-Feb 8am,4448.4875
968,2,Tamil Nadu - 2026,10-Feb 8am,4448.4875
968,3,Tamil Nadu - 2026,10-Feb 8am,4448.4875
968,4,Tamil Nadu - 2026,10-Feb 8am,4448.4875
969,1,Tamil Nadu - 2026,10-Feb 9am,4175.9725
969,2,Tamil Nadu - 2026,10-Feb 9am,4175.9725
969,3,Tamil Nadu - 2026,10-Feb 9am,4175.9725
969,4,Tamil Nadu - 2026,10-Feb 9am,4175.9725
970,1,Tamil Nadu - 2026,10-Feb 10am,4037.6925
970,2,Tamil Nadu - 2026,10-Feb 10am,4037.6925
970,3,Tamil Nadu - 2026,10-Feb 10am,4037.6925
970,4,Tamil Nadu - 2026,10-Feb 10am,4037.6925
971,1,Tamil Nadu - 2026,10-Feb 11am,3940.6475
971,2,Tamil Nadu - 2026,10-Feb 11am,3940.6475
971,3,Tamil Nadu - 2026,10-Feb 11am,3940.6475
971,4,Tamil Nadu - 2026,10-Feb 11am,3940.6475
972,1,Tamil Nadu - 2026,10-Feb 12pm,3904.43
972,2,Tamil Nadu - 2026,10-Feb 12pm,3904.43
972,3,Tamil Nadu - 2026,10-Feb 12pm,3904.43
972,4,Tamil Nadu - 2026,10-Feb 12pm,3904.43
973,1,Tamil Nadu - 2026,10-Feb 1pm,3822.6575
973,2,Tamil Nadu - 2026,10-Feb 1pm,3822.6575
973,3,Tamil Nadu - 2026,10-Feb 1pm,3822.6575
973,4,Tamil Nadu - 2026,10-Feb 1pm,3822.6575
974,1,Tamil Nadu - 2026,10-Feb 2pm,3724.0675
974,2,Tamil Nadu - 2026,10-Feb 2pm,3724.0675
974,3,Tamil Nadu - 2026,10-Feb 2pm,3724.0675
974,4,Tamil Nadu - 2026,10-Feb 2pm,3724.0675
975,1,Tamil Nadu - 2026,10-Feb 3pm,3907.3575
975,2,Tamil Nadu - 2026,10-Feb 3pm,3907.3575
975,3,Tamil Nadu - 2026,10-Feb 3pm,3907.3575
975,4,Tamil Nadu - 2026,10-Feb 3pm,3907.3575
976,1,Tamil Nadu - 2026,10-Feb 4pm,4083.9875
976,2,Tamil Nadu - 2026,10-Feb 4pm,4083.9875
976,3,Tamil Nadu - 2026,10-Feb 4pm,4083.9875
976,4,Tamil Nadu - 2026,10-Feb 4pm,4083.9875
977,1,Tamil Nadu - 2026,10-Feb 5pm,4347.4925
977,2,Tamil Nadu - 2026,10-Feb 5pm,4347.4925
977,3,Tamil Nadu - 2026,10-Feb 5pm,4347.4925
977,4,Tamil Nadu - 2026,10-Feb 5pm,4347.4925
978,1,Tamil Nadu - 2026,10-Feb 6pm,4275.8275
978,2,Tamil Nadu - 2026,10-Feb 6pm,4275.8275
978,3,Tamil Nadu - 2026,10-Feb 6pm,4275.8275
978,4,Tamil Nadu - 2026,10-Feb 6pm,4275.8275
979,1,Tamil Nadu - 2026,10-Feb 7pm,4280.2475
979,2,Tamil Nadu - 2026,10-Feb 7pm,4280.2475
979,3,Tamil Nadu - 2026,10-Feb 7pm,4280.2475
979,4,Tamil Nadu - 2026,10-Feb 7pm,4280.2475
980,1,Tamil Nadu - 2026,10-Feb 8pm,4012.3675
980,2,Tamil Nadu - 2026,10-Feb 8pm,4012.3675
980,3,Tamil Nadu - 2026,10-Feb 8pm,4012.3675
980,4,Tamil Nadu - 2026,10-Feb 8pm,4012.3675
981,1,Tamil Nadu - 2026,10-Feb 9pm,3806.63
981,2,Tamil Nadu - 2026,10-Feb 9pm,3806.63
981,3,Tamil Nadu - 2026,10-Feb 9pm,3806.63
981,4,Tamil Nadu - 2026,10-Feb 9pm,3806.63
982,1,Tamil Nadu - 2026,10-Feb 10pm,3587.62
982,2,Tamil Nadu - 2026,10-Feb 10pm,3587.62
982,3,Tamil Nadu - 2026,10-Feb 10pm,3587.62
982,4,Tamil Nadu - 2026,10-Feb 10pm,3587.62
983,1,Tamil Nadu - 2026,10-Feb 11pm,3391.8775
983,2,Tamil Nadu - 2026,10-Feb 11pm,3391.8775
983,3,Tamil Nadu - 2026,10-Feb 11pm,3391.8775
983,4,Tamil Nadu - 2026,10-Feb 11pm,3391.8775
984,1,Tamil Nadu - 2026,11-Feb 12am,3266.25
984,2,Tamil Nadu - 2026,11-Feb 12am,3266.25
984,3,Tamil Nadu - 2026,11-Feb 12am,3266.25
984,4,Tamil Nadu - 2026,11-Feb 12am,3266.25
985,1,Tamil Nadu - 2026,11-Feb 1am,3290.32
985,2,Tamil Nadu - 2026,11-Feb 1am,3290.32
985,3,Tamil Nadu - 2026,11-Feb 1am,3290.32
985,4,Tamil Nadu - 2026,11-Feb 1am,3290.32
986,1,Tamil Nadu - 2026,11-Feb 2am,3236.295
986,2,Tamil Nadu - 2026,11-Feb 2am,3236.295
986,3,Tamil Nadu - 2026,11-Feb 2am,3236.295
986,4,Tamil Nadu - 2026,11-Feb 2am,3236.295
987,1,Tamil Nadu - 2026,11-Feb 3am,3188.27
987,2,Tamil Nadu - 2026,11-Feb 3am,3188.27
987,3,Tamil Nadu - 2026,11-Feb 3am,3188.27
987,4,Tamil Nadu - 2026,11-Feb 3am,3188.27
988,1,Tamil Nadu - 2026,11-Feb 4am,3195.005
988,2,Tamil Nadu - 2026,11-Feb 4am,3195.005
988,3,Tamil Nadu - 2026,11-Feb 4am,3195.005
988,4,Tamil Nadu - 2026,11-Feb 4am,3195.005
989,1,Tamil Nadu - 2026,11-Feb 5am,3221.41
989,2,Tamil Nadu - 2026,11-Feb 5am,3221.41
989,3,Tamil Nadu - 2026,11-Feb 5am,3221.41
989,4,Tamil Nadu - 2026,11-Feb 5am,3221.41
990,1,Tamil Nadu - 2026,11-Feb 6am,3526.935
990,2,Tamil Nadu - 2026,11-Feb 6am,3526.935
990,3,Tamil Nadu - 2026,11-Feb 6am,3526.935
990,4,Tamil Nadu - 2026,11-Feb 6am,3526.935
991,1,Tamil Nadu - 2026,11-Feb 7am,4222.7
991,2,Tamil Nadu - 2026,11-Feb 7am,4222.7
991,3,Tamil Nadu - 2026,11-Feb 7am,4222.7
991,4,Tamil Nadu - 2026,11-Feb 7am,4222.7
992,1,Tamil Nadu - 2026,11-Feb 8am,4384.7575
992,2,Tamil Nadu - 2026,11-Feb 8am,4384.7575
992,3,Tamil Nadu - 2026,11-Feb 8am,4384.7575
992,4,Tamil Nadu - 2026,11-Feb 8am,4384.7575
993,1,Tamil Nadu - 2026,11-Feb 9am,4086.0225
993,2,Tamil Nadu - 2026,11-Feb 9am,4086.0225
993,3,Tamil Nadu - 2026,11-Feb 9am,4086.0225
993,4,Tamil Nadu - 2026,11-Feb 9am,4086.0225
994,1,Tamil Nadu - 2026,11-Feb 10am,3998.35
994,2,Tamil Nadu - 2026,11-Feb 10am,3998.35
994,3,Tamil Nadu - 2026,11-Feb 10am,3998.35
994,4,Tamil Nadu - 2026,11-Feb 10am,3998.35
995,1,Tamil Nadu - 2026,11-Feb 11am,3921.465
995,2,Tamil Nadu - 2026,11-Feb 11am,3921.465
995,3,Tamil Nadu - 2026,11-Feb 11am,3921.465
995,4,Tamil Nadu - 2026,11-Feb 11am,3921.465
996,1,Tamil Nadu - 2026,11-Feb 12pm,3825.6225
996,2,Tamil Nadu - 2026,11-Feb 12pm,3825.6225
996,3,Tamil Nadu - 2026,11-Feb 12pm,3825.6225
996,4,Tamil Nadu - 2026,11-Feb 12pm,3825.6225
997,1,Tamil Nadu - 2026,11-Feb 1pm,3604.1475
997,2,Tamil Nadu - 2026,11-Feb 1pm,3604.1475
997,3,Tamil Nadu - 2026,11-Feb 1pm,3604.1475
997,4,Tamil Nadu - 2026,11-Feb 1pm,3604.1475
998,1,Tamil Nadu - 2026,11-Feb 2pm,3625.875
998,2,Tamil Nadu - 2026,11-Feb 2pm,3625.875
998,3,Tamil Nadu - 2026,11-Feb 2pm,3625.875
998,4,Tamil Nadu - 2026,11-Feb 2pm,3625.875
999,1,Tamil Nadu - 2026,11-Feb 3pm,3867.6775
999,2,Tamil Nadu - 2026,11-Feb 3pm,3867.6775
999,3,Tamil Nadu - 2026,11-Feb 3pm,3867.6775
999,4,Tamil Nadu - 2026,11-Feb 3pm,3867.6775
1000,1,Tamil Nadu - 2026,11-Feb 4pm,4054.52
1000,2,Tamil Nadu - 2026,11-Feb 4pm,4054.52
1000,3,Tamil Nadu - 2026,11-Feb 4pm,4054.52
1000,4,Tamil Nadu - 2026,11-Feb 4pm,4054.52
1001,1,Tamil Nadu - 2026,11-Feb 5pm,4332.4475
1001,2,Tamil Nadu - 2026,11-Feb 5pm,4332.4475
1001,3,Tamil Nadu - 2026,11-Feb 5pm,4332.4475
1001,4,Tamil Nadu - 2026,11-Feb 5pm,4332.4475
1002,1,Tamil Nadu - 2026,11-Feb 6pm,4258.13
1002,2,Tamil Nadu - 2026,11-Feb 6pm,4258.13
1002,3,Tamil Nadu - 2026,11-Feb 6pm,4258.13
1002,4,Tamil Nadu - 2026,11-Feb 6pm,4258.13
1003,1,Tamil Nadu - 2026,11-Feb 7pm,4267.67
1003,2,Tamil Nadu - 2026,11-Feb 7pm,4267.67
1003,3,Tamil Nadu - 2026,11-Feb 7pm,4267.67
1003,4,Tamil Nadu - 2026,11-Feb 7pm,4267.67
1004,1,Tamil Nadu - 2026,11-Feb 8pm,4012.7675
1004,2,Tamil Nadu - 2026,11-Feb 8pm,4012.7675
1004,3,Tamil Nadu - 2026,11-Feb 8pm,4012.7675
1004,4,Tamil Nadu - 2026,11-Feb 8pm,4012.7675
1005,1,Tamil Nadu - 2026,11-Feb 9pm,3811.7875
1005,2,Tamil Nadu - 2026,11-Feb 9pm,3811.7875
1005,3,Tamil Nadu - 2026,11-Feb 9pm,3811.7875
1005,4,Tamil Nadu - 2026,11-Feb 9pm,3811.7875
1006,1,Tamil Nadu - 2026,11-Feb 10pm,3582.62
1006,2,Tamil Nadu - 2026,11-Feb 10pm,3582.62
1006,3,Tamil Nadu - 2026,11-Feb 10pm,3582.62
1006,4,Tamil Nadu - 2026,11-Feb 10pm,3582.62
1007,1,Tamil Nadu - 2026,11-Feb 11pm,3337.995
1007,2,Tamil Nadu - 2026,11-Feb 11pm,3337.995
1007,3,Tamil Nadu - 2026,11-Feb 11pm,3337.995
1007,4,Tamil Nadu - 2026,11-Feb 11pm,3337.995
1008,1,Tamil Nadu - 2026,12-Feb 12am,3207.5925
1008,2,Tamil Nadu - 2026,12-Feb 12am,3207.5925
1008,3,Tamil Nadu - 2026,12-Feb 12am,3207.5925
1008,4,Tamil Nadu - 2026,12-Feb 12am,3207.5925
1009,1,Tamil Nadu - 2026,12-Feb 1am,3212.3425
1009,2,Tamil Nadu - 2026,12-Feb 1am,3212.3425
1009,3,Tamil Nadu - 2026,12-Feb 1am,3212.3425
1009,4,Tamil Nadu - 2026,12-Feb 1am,3212.3425
1010,1,Tamil Nadu - 2026,12-Feb 2am,3159.56
1010,2,Tamil Nadu - 2026,12-Feb 2am,3159.56
1010,3,Tamil Nadu - 2026,12-Feb 2am,3159.56
1010,4,Tamil Nadu - 2026,12-Feb 2am,3159.56
1011,1,Tamil Nadu - 2026,12-Feb 3am,3170.595
1011,2,Tamil Nadu - 2026,12-Feb 3am,3170.595
1011,3,Tamil Nadu - 2026,12-Feb 3am,3170.595
1011,4,Tamil Nadu - 2026,12-Feb 3am,3170.595
1012,1,Tamil Nadu - 2026,12-Feb 4am,3195.1925
1012,2,Tamil Nadu - 2026,12-Feb 4am,3195.1925
1012,3,Tamil Nadu - 2026,12-Feb 4am,3195.1925
1012,4,Tamil Nadu - 2026,12-Feb 4am,3195.1925
1013,1,Tamil Nadu - 2026,12-Feb 5am,3222.795
1013,2,Tamil Nadu - 2026,12-Feb 5am,3222.795
1013,3,Tamil Nadu - 2026,12-Feb 5am,3222.795
1013,4,Tamil Nadu - 2026,12-Feb 5am,3222.795
1014,1,Tamil Nadu - 2026,12-Feb 6am,3509.9925
1014,2,Tamil Nadu - 2026,12-Feb 6am,3509.9925
1014,3,Tamil Nadu - 2026,12-Feb 6am,3509.9925
1014,4,Tamil Nadu - 2026,12-Feb 6am,3509.9925
1015,1,Tamil Nadu - 2026,12-Feb 7am,4217.895
1015,2,Tamil Nadu - 2026,12-Feb 7am,4217.895
1015,3,Tamil Nadu - 2026,12-Feb 7am,4217.895
1015,4,Tamil Nadu - 2026,12-Feb 7am,4217.895
1016,1,Tamil Nadu - 2026,12-Feb 8am,4361.43
1016,2,Tamil Nadu - 2026,12-Feb 8am,4361.43
1016,3,Tamil Nadu - 2026,12-Feb 8am,4361.43
1016,4,Tamil Nadu - 2026,12-Feb 8am,4361.43
1017,1,Tamil Nadu - 2026,12-Feb 9am,3852.955
1017,2,Tamil Nadu - 2026,12-Feb 9am,3852.955
1017,3,Tamil Nadu - 2026,12-Feb 9am,3852.955
1017,4,Tamil Nadu - 2026,12-Feb 9am,3852.955
1018,1,Tamil Nadu - 2026,12-Feb 10am,3961.8975
1018,2,Tamil Nadu - 2026,12-Feb 10am,3961.8975
1018,3,Tamil Nadu - 2026,12-Feb 10am,3961.8975
1018,4,Tamil Nadu - 2026,12-Feb 10am,3961.8975
1019,1,Tamil Nadu - 2026,12-Feb 11am,3899.2375
1019,2,Tamil Nadu - 2026,12-Feb 11am,3899.2375
1019,3,Tamil Nadu - 2026,12-Feb 11am,3899.2375
1019,4,Tamil Nadu - 2026,12-Feb 11am,3899.2375
1020,1,Tamil Nadu - 2026,12-Feb 12pm,3837.625
1020,2,Tamil Nadu - 2026,12-Feb 12pm,3837.625
1020,3,Tamil Nadu - 2026,12-Feb 12pm,3837.625
1020,4,Tamil Nadu - 2026,12-Feb 12pm,3837.625
1021,1,Tamil Nadu - 2026,12-Feb 1pm,3731.4925
1021,2,Tamil Nadu - 2026,12-Feb 1pm,3731.4925
1021,3,Tamil Nadu - 2026,12-Feb 1pm,3731.4925
1021,4,Tamil Nadu - 2026,12-Feb 1pm,3731.4925
1022,1,Tamil Nadu - 2026,12-Feb 2pm,3676.43
1022,2,Tamil Nadu - 2026,12-Feb 2pm,3676.43
1022,3,Tamil Nadu - 2026,12-Feb 2pm,3676.43
1022,4,Tamil Nadu - 2026,12-Feb 2pm,3676.43
1023,1,Tamil Nadu - 2026,12-Feb 3pm,3943.5025
1023,2,Tamil Nadu - 2026,12-Feb 3pm,3943.5025
1023,3,Tamil Nadu - 2026,12-Feb 3pm,3943.5025
1023,4,Tamil Nadu - 2026,12-Feb 3pm,3943.5025
1024,1,Tamil Nadu - 2026,12-Feb 4pm,4154.285
1024,2,Tamil Nadu - 2026,12-Feb 4pm,4154.285
1024,3,Tamil Nadu - 2026,12-Feb 4pm,4154.285
1024,4,Tamil Nadu - 2026,12-Feb 4pm,4154.285
1025,1,Tamil Nadu - 2026,12-Feb 5pm,4480.1475
1025,2,Tamil Nadu - 2026,12-Feb 5pm,4480.1475
1025,3,Tamil Nadu - 2026,12-Feb 5pm,4480.1475
1025,4,Tamil Nadu - 2026,12-Feb 5pm,4480.1475
1026,1,Tamil Nadu - 2026,12-Feb 6pm,4432.3425
1026,2,Tamil Nadu - 2026,12-Feb 6pm,4432.3425
1026,3,Tamil Nadu - 2026,12-Feb 6pm,4432.3425
1026,4,Tamil Nadu - 2026,12-Feb 6pm,4432.3425
1027,1,Tamil Nadu - 2026,12-Feb 7pm,4410.8575
1027,2,Tamil Nadu - 2026,12-Feb 7pm,4410.8575
1027,3,Tamil Nadu - 2026,12-Feb 7pm,4410.8575
1027,4,Tamil Nadu - 2026,12-Feb 7pm,4410.8575
1028,1,Tamil Nadu - 2026,12-Feb 8pm,4113.8925
1028,2,Tamil Nadu - 2026,12-Feb 8pm,4113.8925
1028,3,Tamil Nadu - 2026,12-Feb 8pm,4113.8925
1028,4,Tamil Nadu - 2026,12-Feb 8pm,4113.8925
1029,1,Tamil Nadu - 2026,12-Feb 9pm,3907.5925
1029,2,Tamil Nadu - 2026,12-Feb 9pm,3907.5925
1029,3,Tamil Nadu - 2026,12-Feb 9pm,3907.5925
1029,4,Tamil Nadu - 2026,12-Feb 9pm,3907.5925
1030,1,Tamil Nadu - 2026,12-Feb 10pm,3691.08
1030,2,Tamil Nadu - 2026,12-Feb 10pm,3691.08
1030,3,Tamil Nadu - 2026,12-Feb 10pm,3691.08
1030,4,Tamil Nadu - 2026,12-Feb 10pm,3691.08
1031,1,Tamil Nadu - 2026,12-Feb 11pm,3466.8875
1031,2,Tamil Nadu - 2026,12-Feb 11pm,3466.8875
1031,3,Tamil Nadu - 2026,12-Feb 11pm,3466.8875
1031,4,Tamil Nadu - 2026,12-Feb 11pm,3466.8875
1032,1,Tamil Nadu - 2026,13-Feb 12am,3346.675
1032,2,Tamil Nadu - 2026,13-Feb 12am,3346.675
1032,3,Tamil Nadu - 2026,13-Feb 12am,3346.675
1032,4,Tamil Nadu - 2026,13-Feb 12am,3346.675
1033,1,Tamil Nadu - 2026,13-Feb 1am,3314.0325
1033,2,Tamil Nadu - 2026,13-Feb 1am,3314.0325
1033,3,Tamil Nadu - 2026,13-Feb 1am,3314.0325
1033,4,Tamil Nadu - 2026,13-Feb 1am,3314.0325
1034,1,Tamil Nadu - 2026,13-Feb 2am,3302.92
1034,2,Tamil Nadu - 2026,13-Feb 2am,3302.92
1034,3,Tamil Nadu - 2026,13-Feb 2am,3302.92
1034,4,Tamil Nadu - 2026,13-Feb 2am,3302.92
1035,1,Tamil Nadu - 2026,13-Feb 3am,3299.505
1035,2,Tamil Nadu - 2026,13-Feb 3am,3299.505
1035,3,Tamil Nadu - 2026,13-Feb 3am,3299.505
1035,4,Tamil Nadu - 2026,13-Feb 3am,3299.505
1036,1,Tamil Nadu - 2026,13-Feb 4am,3263.955
1036,2,Tamil Nadu - 2026,13-Feb 4am,3263.955
1036,3,Tamil Nadu - 2026,13-Feb 4am,3263.955
1036,4,Tamil Nadu - 2026,13-Feb 4am,3263.955
1037,1,Tamil Nadu - 2026,13-Feb 5am,3359.0025
1037,2,Tamil Nadu - 2026,13-Feb 5am,3359.0025
1037,3,Tamil Nadu - 2026,13-Feb 5am,3359.0025
1037,4,Tamil Nadu - 2026,13-Feb 5am,3359.0025
1038,1,Tamil Nadu - 2026,13-Feb 6am,3662.815
1038,2,Tamil Nadu - 2026,13-Feb 6am,3662.815
1038,3,Tamil Nadu - 2026,13-Feb 6am,3662.815
1038,4,Tamil Nadu - 2026,13-Feb 6am,3662.815
1039,1,Tamil Nadu - 2026,13-Feb 7am,4385.2025
1039,2,Tamil Nadu - 2026,13-Feb 7am,4385.2025
1039,3,Tamil Nadu - 2026,13-Feb 7am,4385.2025
1039,4,Tamil Nadu - 2026,13-Feb 7am,4385.2025
1040,1,Tamil Nadu - 2026,13-Feb 8am,4510.3525
1040,2,Tamil Nadu - 2026,13-Feb 8am,4510.3525
1040,3,Tamil Nadu - 2026,13-Feb 8am,4510.3525
1040,4,Tamil Nadu - 2026,13-Feb 8am,4510.3525
1041,1,Tamil Nadu - 2026,13-Feb 9am,4241.775
1041,2,Tamil Nadu - 2026,13-Feb 9am,4241.775
1041,3,Tamil Nadu - 2026,13-Feb 9am,4241.775
1041,4,Tamil Nadu - 2026,13-Feb 9am,4241.775
1042,1,Tamil Nadu - 2026,13-Feb 10am,4039.46
1042,2,Tamil Nadu - 2026,13-Feb 10am,4039.46
1042,3,Tamil Nadu - 2026,13-Feb 10am,4039.46
1042,4,Tamil Nadu - 2026,13-Feb 10am,4039.46
1043,1,Tamil Nadu - 2026,13-Feb 11am,4011.74
1043,2,Tamil Nadu - 2026,13-Feb 11am,4011.74
1043,3,Tamil Nadu - 2026,13-Feb 11am,4011.74
1043,4,Tamil Nadu - 2026,13-Feb 11am,4011.74
1044,1,Tamil Nadu - 2026,13-Feb 12pm,3930.9975
1044,2,Tamil Nadu - 2026,13-Feb 12pm,3930.9975
1044,3,Tamil Nadu - 2026,13-Feb 12pm,3930.9975
1044,4,Tamil Nadu - 2026,13-Feb 12pm,3930.9975
1045,1,Tamil Nadu - 2026,13-Feb 1pm,3819.8425
1045,2,Tamil Nadu - 2026,13-Feb 1pm,3819.8425
1045,3,Tamil Nadu - 2026,13-Feb 1pm,3819.8425
1045,4,Tamil Nadu - 2026,13-Feb 1pm,3819.8425
1046,1,Tamil Nadu - 2026,13-Feb 2pm,3730.135
1046,2,Tamil Nadu - 2026,13-Feb 2pm,3730.135
1046,3,Tamil Nadu - 2026,13-Feb 2pm,3730.135
1046,4,Tamil Nadu - 2026,13-Feb 2pm,3730.135
1047,1,Tamil Nadu - 2026,13-Feb 3pm,3934.0725
1047,2,Tamil Nadu - 2026,13-Feb 3pm,3934.0725
1047,3,Tamil Nadu - 2026,13-Feb 3pm,3934.0725
1047,4,Tamil Nadu - 2026,13-Feb 3pm,3934.0725
1048,1,Tamil Nadu - 2026,13-Feb 4pm,4142.2825
1048,2,Tamil Nadu - 2026,13-Feb 4pm,4142.2825
1048,3,Tamil Nadu - 2026,13-Feb 4pm,4142.2825
1048,4,Tamil Nadu - 2026,13-Feb 4pm,4142.2825
1049,1,Tamil Nadu - 2026,13-Feb 5pm,4427.9475
1049,2,Tamil Nadu - 2026,13-Feb 5pm,4427.9475
1049,3,Tamil Nadu - 2026,13-Feb 5pm,4427.9475
1049,4,Tamil Nadu - 2026,13-Feb 5pm,4427.9475
1050,1,Tamil Nadu - 2026,13-Feb 6pm,4412.7825
1050,2,Tamil Nadu - 2026,13-Feb 6pm,4412.7825
1050,3,Tamil Nadu - 2026,13-Feb 6pm,4412.7825
1050,4,Tamil Nadu - 2026,13-Feb 6pm,4412.7825
1051,1,Tamil Nadu - 2026,13-Feb 7pm,4420.24
1051,2,Tamil Nadu - 2026,13-Feb 7pm,4420.24
1051,3,Tamil Nadu - 2026,13-Feb 7pm,4420.24
1051,4,Tamil Nadu - 2026,13-Feb 7pm,4420.24
1052,1,Tamil Nadu - 2026,13-Feb 8pm,4207.695
1052,2,Tamil Nadu - 2026,13-Feb 8pm,4207.695
1052,3,Tamil Nadu - 2026,13-Feb 8pm,4207.695
1052,4,Tamil Nadu - 2026,13-Feb 8pm,4207.695
1053,1,Tamil Nadu - 2026,13-Feb 9pm,3936.055
1053,2,Tamil Nadu - 2026,13-Feb 9pm,3936.055
1053,3,Tamil Nadu - 2026,13-Feb 9pm,3936.055
1053,4,Tamil Nadu - 2026,13-Feb 9pm,3936.055
1054,1,Tamil Nadu - 2026,13-Feb 10pm,3709.7025
1054,2,Tamil Nadu - 2026,13-Feb 10pm,3709.7025
1054,3,Tamil Nadu - 2026,13-Feb 10pm,3709.7025
1054,4,Tamil Nadu - 2026,13-Feb 10pm,3709.7025
1055,1,Tamil Nadu - 2026,13-Feb 11pm,3494.105
1055,2,Tamil Nadu - 2026,13-Feb 11pm,3494.105
1055,3,Tamil Nadu - 2026,13-Feb 11pm,3494.105
1055,4,Tamil Nadu - 2026,13-Feb 11pm,3494.105
1056,1,Tamil Nadu - 2026,14-Feb 12am,3386.42
1056,2,Tamil Nadu - 2026,14-Feb 12am,3386.42
1056,3,Tamil Nadu - 2026,14-Feb 12am,3386.42
1056,4,Tamil Nadu - 2026,14-Feb 12am,3386.42
1057,1,Tamil Nadu - 2026,14-Feb 1am,3337.3075
1057,2,Tamil Nadu - 2026,14-Feb 1am,3337.3075
1057,3,Tamil Nadu - 2026,14-Feb 1am,3337.3075
1057,4,Tamil Nadu - 2026,14-Feb 1am,3337.3075
1058,1,Tamil Nadu - 2026,14-Feb 2am,3309.47
1058,2,Tamil Nadu - 2026,14-Feb 2am,3309.47
1058,3,Tamil Nadu - 2026,14-Feb 2am,3309.47
1058,4,Tamil Nadu - 2026,14-Feb 2am,3309.47
1059,1,Tamil Nadu - 2026,14-Feb 3am,3275.0325
1059,2,Tamil Nadu - 2026,14-Feb 3am,3275.0325
1059,3,Tamil Nadu - 2026,14-Feb 3am,3275.0325
1059,4,Tamil Nadu - 2026,14-Feb 3am,3275.0325
1060,1,Tamil Nadu - 2026,14-Feb 4am,3272.175
1060,2,Tamil Nadu - 2026,14-Feb 4am,3272.175
1060,3,Tamil Nadu - 2026,14-Feb 4am,3272.175
1060,4,Tamil Nadu - 2026,14-Feb 4am,3272.175
1061,1,Tamil Nadu - 2026,14-Feb 5am,3299.92
1061,2,Tamil Nadu - 2026,14-Feb 5am,3299.92
1061,3,Tamil Nadu - 2026,14-Feb 5am,3299.92
1061,4,Tamil Nadu - 2026,14-Feb 5am,3299.92
1062,1,Tamil Nadu - 2026,14-Feb 6am,3512.15
1062,2,Tamil Nadu - 2026,14-Feb 6am,3512.15
1062,3,Tamil Nadu - 2026,14-Feb 6am,3512.15
1062,4,Tamil Nadu - 2026,14-Feb 6am,3512.15
1063,1,Tamil Nadu - 2026,14-Feb 7am,4010.165
1063,2,Tamil Nadu - 2026,14-Feb 7am,4010.165
1063,3,Tamil Nadu - 2026,14-Feb 7am,4010.165
1063,4,Tamil Nadu - 2026,14-Feb 7am,4010.165
1064,1,Tamil Nadu - 2026,14-Feb 8am,4236.5975
1064,2,Tamil Nadu - 2026,14-Feb 8am,4236.5975
1064,3,Tamil Nadu - 2026,14-Feb 8am,4236.5975
1064,4,Tamil Nadu - 2026,14-Feb 8am,4236.5975
1065,1,Tamil Nadu - 2026,14-Feb 9am,4179.3875
1065,2,Tamil Nadu - 2026,14-Feb 9am,4179.3875
1065,3,Tamil Nadu - 2026,14-Feb 9am,4179.3875
1065,4,Tamil Nadu - 2026,14-Feb 9am,4179.3875
1066,1,Tamil Nadu - 2026,14-Feb 10am,4055.755
1066,2,Tamil Nadu - 2026,14-Feb 10am,4055.755
1066,3,Tamil Nadu - 2026,14-Feb 10am,4055.755
1066,4,Tamil Nadu - 2026,14-Feb 10am,4055.755
1067,1,Tamil Nadu - 2026,14-Feb 11am,4026.3375
1067,2,Tamil Nadu - 2026,14-Feb 11am,4026.3375
1067,3,Tamil Nadu - 2026,14-Feb 11am,4026.3375
1067,4,Tamil Nadu - 2026,14-Feb 11am,4026.3375
1068,1,Tamil Nadu - 2026,14-Feb 12pm,3915.645
1068,2,Tamil Nadu - 2026,14-Feb 12pm,3915.645
1068,3,Tamil Nadu - 2026,14-Feb 12pm,3915.645
1068,4,Tamil Nadu - 2026,14-Feb 12pm,3915.645
1069,1,Tamil Nadu - 2026,14-Feb 1pm,3793.02
1069,2,Tamil Nadu - 2026,14-Feb 1pm,3793.02
1069,3,Tamil Nadu - 2026,14-Feb 1pm,3793.02
1069,4,Tamil Nadu - 2026,14-Feb 1pm,3793.02
1070,1,Tamil Nadu - 2026,14-Feb 2pm,3794.0525
1070,2,Tamil Nadu - 2026,14-Feb 2pm,3794.0525
1070,3,Tamil Nadu - 2026,14-Feb 2pm,3794.0525
1070,4,Tamil Nadu - 2026,14-Feb 2pm,3794.0525
1071,1,Tamil Nadu - 2026,14-Feb 3pm,3967.5175
1071,2,Tamil Nadu - 2026,14-Feb 3pm,3967.5175
1071,3,Tamil Nadu - 2026,14-Feb 3pm,3967.5175
1071,4,Tamil Nadu - 2026,14-Feb 3pm,3967.5175
1072,1,Tamil Nadu - 2026,14-Feb 4pm,4173.7425
1072,2,Tamil Nadu - 2026,14-Feb 4pm,4173.7425
1072,3,Tamil Nadu - 2026,14-Feb 4pm,4173.7425
1072,4,Tamil Nadu - 2026,14-Feb 4pm,4173.7425
1073,1,Tamil Nadu - 2026,14-Feb 5pm,4379.5075
1073,2,Tamil Nadu - 2026,14-Feb 5pm,4379.5075
1073,3,Tamil Nadu - 2026,14-Feb 5pm,4379.5075
1073,4,Tamil Nadu - 2026,14-Feb 5pm,4379.5075
1074,1,Tamil Nadu - 2026,14-Feb 6pm,4516.555
1074,2,Tamil Nadu - 2026,14-Feb 6pm,4516.555
1074,3,Tamil Nadu - 2026,14-Feb 6pm,4516.555
1074,4,Tamil Nadu - 2026,14-Feb 6pm,4516.555
1075,1,Tamil Nadu - 2026,14-Feb 7pm,4321.39
1075,2,Tamil Nadu - 2026,14-Feb 7pm,4321.39
1075,3,Tamil Nadu - 2026,14-Feb 7pm,4321.39
1075,4,Tamil Nadu - 2026,14-Feb 7pm,4321.39
1076,1,Tamil Nadu - 2026,14-Feb 8pm,4072.17
1076,2,Tamil Nadu - 2026,14-Feb 8pm,4072.17
1076,3,Tamil Nadu - 2026,14-Feb 8pm,4072.17
1076,4,Tamil Nadu - 2026,14-Feb 8pm,4072.17
1077,1,Tamil Nadu - 2026,14-Feb 9pm,3899.775
1077,2,Tamil Nadu - 2026,14-Feb 9pm,3899.775
1077,3,Tamil Nadu - 2026,14-Feb 9pm,3899.775
1077,4,Tamil Nadu - 2026,14-Feb 9pm,3899.775
1078,1,Tamil Nadu - 2026,14-Feb 10pm,3755.49
1078,2,Tamil Nadu - 2026,14-Feb 10pm,3755.49
1078,3,Tamil Nadu - 2026,14-Feb 10pm,3755.49
1078,4,Tamil Nadu - 2026,14-Feb 10pm,3755.49
1079,1,Tamil Nadu - 2026,14-Feb 11pm,3585.29
1079,2,Tamil Nadu - 2026,14-Feb 11pm,3585.29
1079,3,Tamil Nadu - 2026,14-Feb 11pm,3585.29
1079,4,Tamil Nadu - 2026,14-Feb 11pm,3585.29
1080,1,Tamil Nadu - 2026,15-Feb 12am,3471.7825
1080,2,Tamil Nadu - 2026,15-Feb 12am,3471.7825
1080,3,Tamil Nadu - 2026,15-Feb 12am,3471.7825
1080,4,Tamil Nadu - 2026,15-Feb 12am,3471.7825
1081,1,Tamil Nadu - 2026,15-Feb 1am,3419.87
1081,2,Tamil Nadu - 2026,15-Feb 1am,3419.87
1081,3,Tamil Nadu - 2026,15-Feb 1am,3419.87
1081,4,Tamil Nadu - 2026,15-Feb 1am,3419.87
1082,1,Tamil Nadu - 2026,15-Feb 2am,3380.885
1082,2,Tamil Nadu - 2026,15-Feb 2am,3380.885
1082,3,Tamil Nadu - 2026,15-Feb 2am,3380.885
1082,4,Tamil Nadu - 2026,15-Feb 2am,3380.885
1083,1,Tamil Nadu - 2026,15-Feb 3am,3342.695
1083,2,Tamil Nadu - 2026,15-Feb 3am,3342.695
1083,3,Tamil Nadu - 2026,15-Feb 3am,3342.695
1083,4,Tamil Nadu - 2026,15-Feb 3am,3342.695
1084,1,Tamil Nadu - 2026,15-Feb 4am,3318.125
1084,2,Tamil Nadu - 2026,15-Feb 4am,3318.125
1084,3,Tamil Nadu - 2026,15-Feb 4am,3318.125
1084,4,Tamil Nadu - 2026,15-Feb 4am,3318.125
1085,1,Tamil Nadu - 2026,15-Feb 5am,3342.6625
1085,2,Tamil Nadu - 2026,15-Feb 5am,3342.6625
1085,3,Tamil Nadu - 2026,15-Feb 5am,3342.6625
1085,4,Tamil Nadu - 2026,15-Feb 5am,3342.6625
1086,1,Tamil Nadu - 2026,15-Feb 6am,3463.0075
1086,2,Tamil Nadu - 2026,15-Feb 6am,3463.0075
1086,3,Tamil Nadu - 2026,15-Feb 6am,3463.0075
1086,4,Tamil Nadu - 2026,15-Feb 6am,3463.0075
1087,1,Tamil Nadu - 2026,15-Feb 7am,3776.345
1087,2,Tamil Nadu - 2026,15-Feb 7am,3776.345
1087,3,Tamil Nadu - 2026,15-Feb 7am,3776.345
1087,4,Tamil Nadu - 2026,15-Feb 7am,3776.345
1088,1,Tamil Nadu - 2026,15-Feb 8am,3949.46
1088,2,Tamil Nadu - 2026,15-Feb 8am,3949.46
1088,3,Tamil Nadu - 2026,15-Feb 8am,3949.46
1088,4,Tamil Nadu - 2026,15-Feb 8am,3949.46
1089,1,Tamil Nadu - 2026,15-Feb 9am,3836.465
1089,2,Tamil Nadu - 2026,15-Feb 9am,3836.465
1089,3,Tamil Nadu - 2026,15-Feb 9am,3836.465
1089,4,Tamil Nadu - 2026,15-Feb 9am,3836.465
1090,1,Tamil Nadu - 2026,15-Feb 10am,3637.255
1090,2,Tamil Nadu - 2026,15-Feb 10am,3637.255
1090,3,Tamil Nadu - 2026,15-Feb 10am,3637.255
1090,4,Tamil Nadu - 2026,15-Feb 10am,3637.255
1091,1,Tamil Nadu - 2026,15-Feb 11am,3491.3925
1091,2,Tamil Nadu - 2026,15-Feb 11am,3491.3925
1091,3,Tamil Nadu - 2026,15-Feb 11am,3491.3925
1091,4,Tamil Nadu - 2026,15-Feb 11am,3491.3925
1092,1,Tamil Nadu - 2026,15-Feb 12pm,3433.48
1092,2,Tamil Nadu - 2026,15-Feb 12pm,3433.48
1092,3,Tamil Nadu - 2026,15-Feb 12pm,3433.48
1092,4,Tamil Nadu - 2026,15-Feb 12pm,3433.48
1093,1,Tamil Nadu - 2026,15-Feb 1pm,3436.065
1093,2,Tamil Nadu - 2026,15-Feb 1pm,3436.065
1093,3,Tamil Nadu - 2026,15-Feb 1pm,3436.065
1093,4,Tamil Nadu - 2026,15-Feb 1pm,3436.065
1094,1,Tamil Nadu - 2026,15-Feb 2pm,3436.065
1094,2,Tamil Nadu - 2026,15-Feb 2pm,3436.065
1094,3,Tamil Nadu - 2026,15-Feb 2pm,3436.065
1094,4,Tamil Nadu - 2026,15-Feb 2pm,3436.065
1095,1,Tamil Nadu - 2026,15-Feb 3pm,3358.3575
1095,2,Tamil Nadu - 2026,15-Feb 3pm,3358.3575
1095,3,Tamil Nadu - 2026,15-Feb 3pm,3358.3575
1095,4,Tamil Nadu - 2026,15-Feb 3pm,3358.3575
1096,1,Tamil Nadu - 2026,15-Feb 4pm,3566.5
1096,2,Tamil Nadu - 2026,15-Feb 4pm,3566.5
1096,3,Tamil Nadu - 2026,15-Feb 4pm,3566.5
1096,4,Tamil Nadu - 2026,15-Feb 4pm,3566.5
1097,1,Tamil Nadu - 2026,15-Feb 5pm,3852.835
1097,2,Tamil Nadu - 2026,15-Feb 5pm,3852.835
1097,3,Tamil Nadu - 2026,15-Feb 5pm,3852.835
1097,4,Tamil Nadu - 2026,15-Feb 5pm,3852.835
1098,1,Tamil Nadu - 2026,15-Feb 6pm,3884.6225
1098,2,Tamil Nadu - 2026,15-Feb 6pm,3884.6225
1098,3,Tamil Nadu - 2026,15-Feb 6pm,3884.6225
1098,4,Tamil Nadu - 2026,15-Feb 6pm,3884.6225
1099,1,Tamil Nadu - 2026,15-Feb 7pm,3756.935
1099,2,Tamil Nadu - 2026,15-Feb 7pm,3756.935
1099,3,Tamil Nadu - 2026,15-Feb 7pm,3756.935
1099,4,Tamil Nadu - 2026,15-Feb 7pm,3756.935
1100,1,Tamil Nadu - 2026,15-Feb 8pm,3603.7625
1100,2,Tamil Nadu - 2026,15-Feb 8pm,3603.7625
1100,3,Tamil Nadu - 2026,15-Feb 8pm,3603.7625
1100,4,Tamil Nadu - 2026,15-Feb 8pm,3603.7625
1101,1,Tamil Nadu - 2026,15-Feb 9pm,3429.1375
1101,2,Tamil Nadu - 2026,15-Feb 9pm,3429.1375
1101,3,Tamil Nadu - 2026,15-Feb 9pm,3429.1375
1101,4,Tamil Nadu - 2026,15-Feb 9pm,3429.1375
1102,1,Tamil Nadu - 2026,15-Feb 10pm,3300.325
1102,2,Tamil Nadu - 2026,15-Feb 10pm,3300.325
1102,3,Tamil Nadu - 2026,15-Feb 10pm,3300.325
1102,4,Tamil Nadu - 2026,15-Feb 10pm,3300.325
1103,1,Tamil Nadu - 2026,15-Feb 11pm,3185.885
1103,2,Tamil Nadu - 2026,15-Feb 11pm,3185.885
1103,3,Tamil Nadu - 2026,15-Feb 11pm,3185.885
1103,4,Tamil Nadu - 2026,15-Feb 11pm,3185.885
1104,1,Tamil Nadu - 2026,16-Feb 12am,3096.455
1104,2,Tamil Nadu - 2026,16-Feb 12am,3096.455
1104,3,Tamil Nadu - 2026,16-Feb 12am,3096.455
1104,4,Tamil Nadu - 2026,16-Feb 12am,3096.455
1105,1,Tamil Nadu - 2026,16-Feb 1am,3077.515
1105,2,Tamil Nadu - 2026,16-Feb 1am,3077.515
1105,3,Tamil Nadu - 2026,16-Feb 1am,3077.515
1105,4,Tamil Nadu - 2026,16-Feb 1am,3077.515
1106,1,Tamil Nadu - 2026,16-Feb 2am,3046.885
1106,2,Tamil Nadu - 2026,16-Feb 2am,3046.885
1106,3,Tamil Nadu - 2026,16-Feb 2am,3046.885
1106,4,Tamil Nadu - 2026,16-Feb 2am,3046.885
1107,1,Tamil Nadu - 2026,16-Feb 3am,3032.31
1107,2,Tamil Nadu - 2026,16-Feb 3am,3032.31
1107,3,Tamil Nadu - 2026,16-Feb 3am,3032.31
1107,4,Tamil Nadu - 2026,16-Feb 3am,3032.31
1108,1,Tamil Nadu - 2026,16-Feb 4am,3046.5025
1108,2,Tamil Nadu - 2026,16-Feb 4am,3046.5025
1108,3,Tamil Nadu - 2026,16-Feb 4am,3046.5025
1108,4,Tamil Nadu - 2026,16-Feb 4am,3046.5025
1109,1,Tamil Nadu - 2026,16-Feb 5am,3082.4975
1109,2,Tamil Nadu - 2026,16-Feb 5am,3082.4975
1109,3,Tamil Nadu - 2026,16-Feb 5am,3082.4975
1109,4,Tamil Nadu - 2026,16-Feb 5am,3082.4975
1110,1,Tamil Nadu - 2026,16-Feb 6am,3366.065
1110,2,Tamil Nadu - 2026,16-Feb 6am,3366.065
1110,3,Tamil Nadu - 2026,16-Feb 6am,3366.065
1110,4,Tamil Nadu - 2026,16-Feb 6am,3366.065
1111,1,Tamil Nadu - 2026,16-Feb 7am,4038.415
1111,2,Tamil Nadu - 2026,16-Feb 7am,4038.415
1111,3,Tamil Nadu - 2026,16-Feb 7am,4038.415
1111,4,Tamil Nadu - 2026,16-Feb 7am,4038.415
1112,1,Tamil Nadu - 2026,16-Feb 8am,4294.185
1112,2,Tamil Nadu - 2026,16-Feb 8am,4294.185
1112,3,Tamil Nadu - 2026,16-Feb 8am,4294.185
1112,4,Tamil Nadu - 2026,16-Feb 8am,4294.185
1113,1,Tamil Nadu - 2026,16-Feb 9am,4141.6875
1113,2,Tamil Nadu - 2026,16-Feb 9am,4141.6875
1113,3,Tamil Nadu - 2026,16-Feb 9am,4141.6875
1113,4,Tamil Nadu - 2026,16-Feb 9am,4141.6875
1114,1,Tamil Nadu - 2026,16-Feb 10am,4139.2425
1114,2,Tamil Nadu - 2026,16-Feb 10am,4139.2425
1114,3,Tamil Nadu - 2026,16-Feb 10am,4139.2425
1114,4,Tamil Nadu - 2026,16-Feb 10am,4139.2425
1115,1,Tamil Nadu - 2026,16-Feb 11am,3947.7975
1115,2,Tamil Nadu - 2026,16-Feb 11am,3947.7975
1115,3,Tamil Nadu - 2026,16-Feb 11am,3947.7975
1115,4,Tamil Nadu - 2026,16-Feb 11am,3947.7975
1116,1,Tamil Nadu - 2026,16-Feb 12pm,3900.9
1116,2,Tamil Nadu - 2026,16-Feb 12pm,3900.9
1116,3,Tamil Nadu - 2026,16-Feb 12pm,3900.9
1116,4,Tamil Nadu - 2026,16-Feb 12pm,3900.9
1117,1,Tamil Nadu - 2026,16-Feb 1pm,3848.035
1117,2,Tamil Nadu - 2026,16-Feb 1pm,3848.035
1117,3,Tamil Nadu - 2026,16-Feb 1pm,3848.035
1117,4,Tamil Nadu - 2026,16-Feb 1pm,3848.035
1118,1,Tamil Nadu - 2026,16-Feb 2pm,3713.25
1118,2,Tamil Nadu - 2026,16-Feb 2pm,3713.25
1118,3,Tamil Nadu - 2026,16-Feb 2pm,3713.25
1118,4,Tamil Nadu - 2026,16-Feb 2pm,3713.25
1119,1,Tamil Nadu - 2026,16-Feb 3pm,3959.695
1119,2,Tamil Nadu - 2026,16-Feb 3pm,3959.695
1119,3,Tamil Nadu - 2026,16-Feb 3pm,3959.695
1119,4,Tamil Nadu - 2026,16-Feb 3pm,3959.695
1120,1,Tamil Nadu - 2026,16-Feb 4pm,4142.3125
1120,2,Tamil Nadu - 2026,16-Feb 4pm,4142.3125
1120,3,Tamil Nadu - 2026,16-Feb 4pm,4142.3125
1120,4,Tamil Nadu - 2026,16-Feb 4pm,4142.3125
1121,1,Tamil Nadu - 2026,16-Feb 5pm,4411.235
1121,2,Tamil Nadu - 2026,16-Feb 5pm,4411.235
1121,3,Tamil Nadu - 2026,16-Feb 5pm,4411.235
1121,4,Tamil Nadu - 2026,16-Feb 5pm,4411.235
1122,1,Tamil Nadu - 2026,16-Feb 6pm,4395.66
1122,2,Tamil Nadu - 2026,16-Feb 6pm,4395.66
1122,3,Tamil Nadu - 2026,16-Feb 6pm,4395.66
1122,4,Tamil Nadu - 2026,16-Feb 6pm,4395.66
1123,1,Tamil Nadu - 2026,16-Feb 7pm,4305.925
1123,2,Tamil Nadu - 2026,16-Feb 7pm,4305.925
1123,3,Tamil Nadu - 2026,16-Feb 7pm,4305.925
1123,4,Tamil Nadu - 2026,16-Feb 7pm,4305.925
1124,1,Tamil Nadu - 2026,16-Feb 8pm,4073.1925
1124,2,Tamil Nadu - 2026,16-Feb 8pm,4073.1925
1124,3,Tamil Nadu - 2026,16-Feb 8pm,4073.1925
1124,4,Tamil Nadu - 2026,16-Feb 8pm,4073.1925
1125,1,Tamil Nadu - 2026,16-Feb 9pm,3893.7
1125,2,Tamil Nadu - 2026,16-Feb 9pm,3893.7
1125,3,Tamil Nadu - 2026,16-Feb 9pm,3893.7
1125,4,Tamil Nadu - 2026,16-Feb 9pm,3893.7
1126,1,Tamil Nadu - 2026,16-Feb 10pm,3748.74
1126,2,Tamil Nadu - 2026,16-Feb 10pm,3748.74
1126,3,Tamil Nadu - 2026,16-Feb 10pm,3748.74
1126,4,Tamil Nadu - 2026,16-Feb 10pm,3748.74
1127,1,Tamil Nadu - 2026,16-Feb 11pm,3562.4
1127,2,Tamil Nadu - 2026,16-Feb 11pm,3562.4
1127,3,Tamil Nadu - 2026,16-Feb 11pm,3562.4
1127,4,Tamil Nadu - 2026,16-Feb 11pm,3562.4
1128,1,Tamil Nadu - 2026,17-Feb 12am,3444.27
1128,2,Tamil Nadu - 2026,17-Feb 12am,3444.27
1128,3,Tamil Nadu - 2026,17-Feb 12am,3444.27
1128,4,Tamil Nadu - 2026,17-Feb 12am,3444.27
1129,1,Tamil Nadu - 2026,17-Feb 1am,3420.0425
1129,2,Tamil Nadu - 2026,17-Feb 1am,3420.0425
1129,3,Tamil Nadu - 2026,17-Feb 1am,3420.0425
1129,4,Tamil Nadu - 2026,17-Feb 1am,3420.0425
1130,1,Tamil Nadu - 2026,17-Feb 2am,3391.6875
1130,2,Tamil Nadu - 2026,17-Feb 2am,3391.6875
1130,3,Tamil Nadu - 2026,17-Feb 2am,3391.6875
1130,4,Tamil Nadu - 2026,17-Feb 2am,3391.6875
1131,1,Tamil Nadu - 2026,17-Feb 3am,3350.8825
1131,2,Tamil Nadu - 2026,17-Feb 3am,3350.8825
1131,3,Tamil Nadu - 2026,17-Feb 3am,3350.8825
1131,4,Tamil Nadu - 2026,17-Feb 3am,3350.8825
1132,1,Tamil Nadu - 2026,17-Feb 4am,3356.7075
1132,2,Tamil Nadu - 2026,17-Feb 4am,3356.7075
1132,3,Tamil Nadu - 2026,17-Feb 4am,3356.7075
1132,4,Tamil Nadu - 2026,17-Feb 4am,3356.7075
1133,1,Tamil Nadu - 2026,17-Feb 5am,3348.1925
1133,2,Tamil Nadu - 2026,17-Feb 5am,3348.1925
1133,3,Tamil Nadu - 2026,17-Feb 5am,3348.1925
1133,4,Tamil Nadu - 2026,17-Feb 5am,3348.1925
1134,1,Tamil Nadu - 2026,17-Feb 6am,3625.625
1134,2,Tamil Nadu - 2026,17-Feb 6am,3625.625
1134,3,Tamil Nadu - 2026,17-Feb 6am,3625.625
1134,4,Tamil Nadu - 2026,17-Feb 6am,3625.625
1135,1,Tamil Nadu - 2026,17-Feb 7am,4240.6425
1135,2,Tamil Nadu - 2026,17-Feb 7am,4240.6425
1135,3,Tamil Nadu - 2026,17-Feb 7am,4240.6425
1135,4,Tamil Nadu - 2026,17-Feb 7am,4240.6425
1136,1,Tamil Nadu - 2026,17-Feb 8am,4458.7125
1136,2,Tamil Nadu - 2026,17-Feb 8am,4458.7125
1136,3,Tamil Nadu - 2026,17-Feb 8am,4458.7125
1136,4,Tamil Nadu - 2026,17-Feb 8am,4458.7125
1137,1,Tamil Nadu - 2026,17-Feb 9am,4264.365
1137,2,Tamil Nadu - 2026,17-Feb 9am,4264.365
1137,3,Tamil Nadu - 2026,17-Feb 9am,4264.365
1137,4,Tamil Nadu - 2026,17-Feb 9am,4264.365
1138,1,Tamil Nadu - 2026,17-Feb 10am,4119.5175
1138,2,Tamil Nadu - 2026,17-Feb 10am,4119.5175
1138,3,Tamil Nadu - 2026,17-Feb 10am,4119.5175
1138,4,Tamil Nadu - 2026,17-Feb 10am,4119.5175
1139,1,Tamil Nadu - 2026,17-Feb 11am,4007.0125
1139,2,Tamil Nadu - 2026,17-Feb 11am,4007.0125
1139,3,Tamil Nadu - 2026,17-Feb 11am,4007.0125
1139,4,Tamil Nadu - 2026,17-Feb 11am,4007.0125
1140,1,Tamil Nadu - 2026,17-Feb 12pm,3695.395
1140,2,Tamil Nadu - 2026,17-Feb 12pm,3695.395
1140,3,Tamil Nadu - 2026,17-Feb 12pm,3695.395
1140,4,Tamil Nadu - 2026,17-Feb 12pm,3695.395
1141,1,Tamil Nadu - 2026,17-Feb 1pm,3743.78
1141,2,Tamil Nadu - 2026,17-Feb 1pm,3743.78
1141,3,Tamil Nadu - 2026,17-Feb 1pm,3743.78
1141,4,Tamil Nadu - 2026,17-Feb 1pm,3743.78
1142,1,Tamil Nadu - 2026,17-Feb 2pm,3603.5775
1142,2,Tamil Nadu - 2026,17-Feb 2pm,3603.5775
1142,3,Tamil Nadu - 2026,17-Feb 2pm,3603.5775
1142,4,Tamil Nadu - 2026,17-Feb 2pm,3603.5775
1143,1,Tamil Nadu - 2026,17-Feb 3pm,3832.075
1143,2,Tamil Nadu - 2026,17-Feb 3pm,3832.075
1143,3,Tamil Nadu - 2026,17-Feb 3pm,3832.075
1143,4,Tamil Nadu - 2026,17-Feb 3pm,3832.075
1144,1,Tamil Nadu - 2026,17-Feb 4pm,4060.82
1144,2,Tamil Nadu - 2026,17-Feb 4pm,4060.82
1144,3,Tamil Nadu - 2026,17-Feb 4pm,4060.82
1144,4,Tamil Nadu - 2026,17-Feb 4pm,4060.82
1145,1,Tamil Nadu - 2026,17-Feb 5pm,4356.07
1145,2,Tamil Nadu - 2026,17-Feb 5pm,4356.07
1145,3,Tamil Nadu - 2026,17-Feb 5pm,4356.07
1145,4,Tamil Nadu - 2026,17-Feb 5pm,4356.07
1146,1,Tamil Nadu - 2026,17-Feb 6pm,4240.6725
1146,2,Tamil Nadu - 2026,17-Feb 6pm,4240.6725
1146,3,Tamil Nadu - 2026,17-Feb 6pm,4240.6725
1146,4,Tamil Nadu - 2026,17-Feb 6pm,4240.6725
1147,1,Tamil Nadu - 2026,17-Feb 7pm,4239.175
1147,2,Tamil Nadu - 2026,17-Feb 7pm,4239.175
1147,3,Tamil Nadu - 2026,17-Feb 7pm,4239.175
1147,4,Tamil Nadu - 2026,17-Feb 7pm,4239.175
1148,1,Tamil Nadu - 2026,17-Feb 8pm,3992.575
1148,2,Tamil Nadu - 2026,17-Feb 8pm,3992.575
1148,3,Tamil Nadu - 2026,17-Feb 8pm,3992.575
1148,4,Tamil Nadu - 2026,17-Feb 8pm,3992.575
1149,1,Tamil Nadu - 2026,17-Feb 9pm,3798.165
1149,2,Tamil Nadu - 2026,17-Feb 9pm,3798.165
1149,3,Tamil Nadu - 2026,17-Feb 9pm,3798.165
1149,4,Tamil Nadu - 2026,17-Feb 9pm,3798.165
1150,1,Tamil Nadu - 2026,17-Feb 10pm,3624.1775
1150,2,Tamil Nadu - 2026,17-Feb 10pm,3624.1775
1150,3,Tamil Nadu - 2026,17-Feb 10pm,3624.1775
1150,4,Tamil Nadu - 2026,17-Feb 10pm,3624.1775
1151,1,Tamil Nadu - 2026,17-Feb 11pm,3429.9225
1151,2,Tamil Nadu - 2026,17-Feb 11pm,3429.9225
1151,3,Tamil Nadu - 2026,17-Feb 11pm,3429.9225
1151,4,Tamil Nadu - 2026,17-Feb 11pm,3429.9225
1152,1,Tamil Nadu - 2026,18-Feb 12am,3296.945
1152,2,Tamil Nadu - 2026,18-Feb 12am,3296.945
1152,3,Tamil Nadu - 2026,18-Feb 12am,3296.945
1152,4,Tamil Nadu - 2026,18-Feb 12am,3296.945
1153,1,Tamil Nadu - 2026,18-Feb 1am,3264.8225
1153,2,Tamil Nadu - 2026,18-Feb 1am,3264.8225
1153,3,Tamil Nadu - 2026,18-Feb 1am,3264.8225
1153,4,Tamil Nadu - 2026,18-Feb 1am,3264.8225
1154,1,Tamil Nadu - 2026,18-Feb 2am,3250.5825
1154,2,Tamil Nadu - 2026,18-Feb 2am,3250.5825
1154,3,Tamil Nadu - 2026,18-Feb 2am,3250.5825
1154,4,Tamil Nadu - 2026,18-Feb 2am,3250.5825
1155,1,Tamil Nadu - 2026,18-Feb 3am,3199.62
1155,2,Tamil Nadu - 2026,18-Feb 3am,3199.62
1155,3,Tamil Nadu - 2026,18-Feb 3am,3199.62
1155,4,Tamil Nadu - 2026,18-Feb 3am,3199.62
1156,1,Tamil Nadu - 2026,18-Feb 4am,3232.8375
1156,2,Tamil Nadu - 2026,18-Feb 4am,3232.8375
1156,3,Tamil Nadu - 2026,18-Feb 4am,3232.8375
1156,4,Tamil Nadu - 2026,18-Feb 4am,3232.8375
1157,1,Tamil Nadu - 2026,18-Feb 5am,3229.92
1157,2,Tamil Nadu - 2026,18-Feb 5am,3229.92
1157,3,Tamil Nadu - 2026,18-Feb 5am,3229.92
1157,4,Tamil Nadu - 2026,18-Feb 5am,3229.92
1158,1,Tamil Nadu - 2026,18-Feb 6am,3534.9975
1158,2,Tamil Nadu - 2026,18-Feb 6am,3534.9975
1158,3,Tamil Nadu - 2026,18-Feb 6am,3534.9975
1158,4,Tamil Nadu - 2026,18-Feb 6am,3534.9975
1159,1,Tamil Nadu - 2026,18-Feb 7am,4320.785
1159,2,Tamil Nadu - 2026,18-Feb 7am,4320.785
1159,3,Tamil Nadu - 2026,18-Feb 7am,4320.785
1159,4,Tamil Nadu - 2026,18-Feb 7am,4320.785
1160,1,Tamil Nadu - 2026,18-Feb 8am,4545.3775
1160,2,Tamil Nadu - 2026,18-Feb 8am,4545.3775
1160,3,Tamil Nadu - 2026,18-Feb 8am,4545.3775
1160,4,Tamil Nadu - 2026,18-Feb 8am,4545.3775
1161,1,Tamil Nadu - 2026,18-Feb 9am,4254.3575
1161,2,Tamil Nadu - 2026,18-Feb 9am,4254.3575
1161,3,Tamil Nadu - 2026,18-Feb 9am,4254.3575
1161,4,Tamil Nadu - 2026,18-Feb 9am,4254.3575
1162,1,Tamil Nadu - 2026,18-Feb 10am,4195.9225
1162,2,Tamil Nadu - 2026,18-Feb 10am,4195.9225
1162,3,Tamil Nadu - 2026,18-Feb 10am,4195.9225
1162,4,Tamil Nadu - 2026,18-Feb 10am,4195.9225
1163,1,Tamil Nadu - 2026,18-Feb 11am,4073.6775
1163,2,Tamil Nadu - 2026,18-Feb 11am,4073.6775
1163,3,Tamil Nadu - 2026,18-Feb 11am,4073.6775
1163,4,Tamil Nadu - 2026,18-Feb 11am,4073.6775
1164,1,Tamil Nadu - 2026,18-Feb 12pm,3940.475
1164,2,Tamil Nadu - 2026,18-Feb 12pm,3940.475
1164,3,Tamil Nadu - 2026,18-Feb 12pm,3940.475
1164,4,Tamil Nadu - 2026,18-Feb 12pm,3940.475
1165,1,Tamil Nadu - 2026,18-Feb 1pm,3923.0325
1165,2,Tamil Nadu - 2026,18-Feb 1pm,3923.0325
1165,3,Tamil Nadu - 2026,18-Feb 1pm,3923.0325
1165,4,Tamil Nadu - 2026,18-Feb 1pm,3923.0325
1166,1,Tamil Nadu - 2026,18-Feb 2pm,3787.7975
1166,2,Tamil Nadu - 2026,18-Feb 2pm,3787.7975
1166,3,Tamil Nadu - 2026,18-Feb 2pm,3787.7975
1166,4,Tamil Nadu - 2026,18-Feb 2pm,3787.7975
1167,1,Tamil Nadu - 2026,18-Feb 3pm,3746.765
1167,2,Tamil Nadu - 2026,18-Feb 3pm,3746.765
1167,3,Tamil Nadu - 2026,18-Feb 3pm,3746.765
1167,4,Tamil Nadu - 2026,18-Feb 3pm,3746.765
1168,1,Tamil Nadu - 2026,18-Feb 4pm,4222.6325
1168,2,Tamil Nadu - 2026,18-Feb 4pm,4222.6325
1168,3,Tamil Nadu - 2026,18-Feb 4pm,4222.6325
1168,4,Tamil Nadu - 2026,18-Feb 4pm,4222.6325
1169,1,Tamil Nadu - 2026,18-Feb 5pm,4480.74
1169,2,Tamil Nadu - 2026,18-Feb 5pm,4480.74
1169,3,Tamil Nadu - 2026,18-Feb 5pm,4480.74
1169,4,Tamil Nadu - 2026,18-Feb 5pm,4480.74
1170,1,Tamil Nadu - 2026,18-Feb 6pm,4427.74
1170,2,Tamil Nadu - 2026,18-Feb 6pm,4427.74
1170,3,Tamil Nadu - 2026,18-Feb 6pm,4427.74
1170,4,Tamil Nadu - 2026,18-Feb 6pm,4427.74
1171,1,Tamil Nadu - 2026,18-Feb 7pm,4484.7475
1171,2,Tamil Nadu - 2026,18-Feb 7pm,4484.7475
1171,3,Tamil Nadu - 2026,18-Feb 7pm,4484.7475
1171,4,Tamil Nadu - 2026,18-Feb 7pm,4484.7475
1172,1,Tamil Nadu - 2026,18-Feb 8pm,4262.2525
1172,2,Tamil Nadu - 2026,18-Feb 8pm,4262.2525
1172,3,Tamil Nadu - 2026,18-Feb 8pm,4262.2525
1172,4,Tamil Nadu - 2026,18-Feb 8pm,4262.2525
1173,1,Tamil Nadu - 2026,18-Feb 9pm,4070.4125
1173,2,Tamil Nadu - 2026,18-Feb 9pm,4070.4125
1173,3,Tamil Nadu - 2026,18-Feb 9pm,4070.4125
1173,4,Tamil Nadu - 2026,18-Feb 9pm,4070.4125
1174,1,Tamil Nadu - 2026,18-Feb 10pm,3854.765
1174,2,Tamil Nadu - 2026,18-Feb 10pm,3854.765
1174,3,Tamil Nadu - 2026,18-Feb 10pm,3854.765
1174,4,Tamil Nadu - 2026,18-Feb 10pm,3854.765
1175,1,Tamil Nadu - 2026,18-Feb 11pm,3674.475
1175,2,Tamil Nadu - 2026,18-Feb 11pm,3674.475
1175,3,Tamil Nadu - 2026,18-Feb 11pm,3674.475
1175,4,Tamil Nadu - 2026,18-Feb 11pm,3674.475
1176,1,Tamil Nadu - 2026,19-Feb 12am,3523.82
1176,2,Tamil Nadu - 2026,19-Feb 12am,3523.82
1176,3,Tamil Nadu - 2026,19-Feb 12am,3523.82
1176,4,Tamil Nadu - 2026,19-Feb 12am,3523.82
1177,1,Tamil Nadu - 2026,19-Feb 1am,3523.1375
1177,2,Tamil Nadu - 2026,19-Feb 1am,3523.1375
1177,3,Tamil Nadu - 2026,19-Feb 1am,3523.1375
1177,4,Tamil Nadu - 2026,19-Feb 1am,3523.1375
1178,1,Tamil Nadu - 2026,19-Feb 2am,3474.155
1178,2,Tamil Nadu - 2026,19-Feb 2am,3474.155
1178,3,Tamil Nadu - 2026,19-Feb 2am,3474.155
1178,4,Tamil Nadu - 2026,19-Feb 2am,3474.155
1179,1,Tamil Nadu - 2026,19-Feb 3am,3433.4775
1179,2,Tamil Nadu - 2026,19-Feb 3am,3433.4775
1179,3,Tamil Nadu - 2026,19-Feb 3am,3433.4775
1179,4,Tamil Nadu - 2026,19-Feb 3am,3433.4775
1180,1,Tamil Nadu - 2026,19-Feb 4am,3438.295
1180,2,Tamil Nadu - 2026,19-Feb 4am,3438.295
1180,3,Tamil Nadu - 2026,19-Feb 4am,3438.295
1180,4,Tamil Nadu - 2026,19-Feb 4am,3438.295
1181,1,Tamil Nadu - 2026,19-Feb 5am,3459.045
1181,2,Tamil Nadu - 2026,19-Feb 5am,3459.045
1181,3,Tamil Nadu - 2026,19-Feb 5am,3459.045
1181,4,Tamil Nadu - 2026,19-Feb 5am,3459.045
1182,1,Tamil Nadu - 2026,19-Feb 6am,3715.5425
1182,2,Tamil Nadu - 2026,19-Feb 6am,3715.5425
1182,3,Tamil Nadu - 2026,19-Feb 6am,3715.5425
1182,4,Tamil Nadu - 2026,19-Feb 6am,3715.5425
1183,1,Tamil Nadu - 2026,19-Feb 7am,4350.1725
1183,2,Tamil Nadu - 2026,19-Feb 7am,4350.1725
1183,3,Tamil Nadu - 2026,19-Feb 7am,4350.1725
1183,4,Tamil Nadu - 2026,19-Feb 7am,4350.1725
1184,1,Tamil Nadu - 2026,19-Feb 8am,4472.68
1184,2,Tamil Nadu - 2026,19-Feb 8am,4472.68
1184,3,Tamil Nadu - 2026,19-Feb 8am,4472.68
1184,4,Tamil Nadu - 2026,19-Feb 8am,4472.68
1185,1,Tamil Nadu - 2026,19-Feb 9am,4168.3325
1185,2,Tamil Nadu - 2026,19-Feb 9am,4168.3325
1185,3,Tamil Nadu - 2026,19-Feb 9am,4168.3325
1185,4,Tamil Nadu - 2026,19-Feb 9am,4168.3325
1186,1,Tamil Nadu - 2026,19-Feb 10am,4071.295
1186,2,Tamil Nadu - 2026,19-Feb 10am,4071.295
1186,3,Tamil Nadu - 2026,19-Feb 10am,4071.295
1186,4,Tamil Nadu - 2026,19-Feb 10am,4071.295
1187,1,Tamil Nadu - 2026,19-Feb 11am,3956.5
1187,2,Tamil Nadu - 2026,19-Feb 11am,3956.5
1187,3,Tamil Nadu - 2026,19-Feb 11am,3956.5
1187,4,Tamil Nadu - 2026,19-Feb 11am,3956.5
1188,1,Tamil Nadu - 2026,19-Feb 12pm,3888.43
1188,2,Tamil Nadu - 2026,19-Feb 12pm,3888.43
1188,3,Tamil Nadu - 2026,19-Feb 12pm,3888.43
1188,4,Tamil Nadu - 2026,19-Feb 12pm,3888.43
1189,1,Tamil Nadu - 2026,19-Feb 1pm,3760.705
1189,2,Tamil Nadu - 2026,19-Feb 1pm,3760.705
1189,3,Tamil Nadu - 2026,19-Feb 1pm,3760.705
1189,4,Tamil Nadu - 2026,19-Feb 1pm,3760.705
1190,1,Tamil Nadu - 2026,19-Feb 2pm,3683.2425
1190,2,Tamil Nadu - 2026,19-Feb 2pm,3683.2425
1190,3,Tamil Nadu - 2026,19-Feb 2pm,3683.2425
1190,4,Tamil Nadu - 2026,19-Feb 2pm,3683.2425
1191,1,Tamil Nadu - 2026,19-Feb 3pm,3999.63
1191,2,Tamil Nadu - 2026,19-Feb 3pm,3999.63
1191,3,Tamil Nadu - 2026,19-Feb 3pm,3999.63
1191,4,Tamil Nadu - 2026,19-Feb 3pm,3999.63
1192,1,Tamil Nadu - 2026,19-Feb 4pm,4219.1575
1192,2,Tamil Nadu - 2026,19-Feb 4pm,4219.1575
1192,3,Tamil Nadu - 2026,19-Feb 4pm,4219.1575
1192,4,Tamil Nadu - 2026,19-Feb 4pm,4219.1575
1193,1,Tamil Nadu - 2026,19-Feb 5pm,4550.925
1193,2,Tamil Nadu - 2026,19-Feb 5pm,4550.925
1193,3,Tamil Nadu - 2026,19-Feb 5pm,4550.925
1193,4,Tamil Nadu - 2026,19-Feb 5pm,4550.925
1194,1,Tamil Nadu - 2026,19-Feb 6pm,4467.1475
1194,2,Tamil Nadu - 2026,19-Feb 6pm,4467.1475
1194,3,Tamil Nadu - 2026,19-Feb 6pm,4467.1475
1194,4,Tamil Nadu - 2026,19-Feb 6pm,4467.1475
1195,1,Tamil Nadu - 2026,19-Feb 7pm,4434.8875
1195,2,Tamil Nadu - 2026,19-Feb 7pm,4434.8875
1195,3,Tamil Nadu - 2026,19-Feb 7pm,4434.8875
1195,4,Tamil Nadu - 2026,19-Feb 7pm,4434.8875
1196,1,Tamil Nadu - 2026,19-Feb 8pm,4239.3625
1196,2,Tamil Nadu - 2026,19-Feb 8pm,4239.3625
1196,3,Tamil Nadu - 2026,19-Feb 8pm,4239.3625
1196,4,Tamil Nadu - 2026,19-Feb 8pm,4239.3625
1197,1,Tamil Nadu - 2026,19-Feb 9pm,4064.675
1197,2,Tamil Nadu - 2026,19-Feb 9pm,4064.675
1197,3,Tamil Nadu - 2026,19-Feb 9pm,4064.675
1197,4,Tamil Nadu - 2026,19-Feb 9pm,4064.675
1198,1,Tamil Nadu - 2026,19-Feb 10pm,3926.49
1198,2,Tamil Nadu - 2026,19-Feb 10pm,3926.49
1198,3,Tamil Nadu - 2026,19-Feb 10pm,3926.49
1198,4,Tamil Nadu - 2026,19-Feb 10pm,3926.49
1199,1,Tamil Nadu - 2026,19-Feb 11pm,3757.0625
1199,2,Tamil Nadu - 2026,19-Feb 11pm,3757.0625
1199,3,Tamil Nadu - 2026,19-Feb 11pm,3757.0625
1199,4,Tamil Nadu - 2026,19-Feb 11pm,3757.0625
1200,1,Tamil Nadu - 2026,20-Feb 12am,3622.76
1200,2,Tamil Nadu - 2026,20-Feb 12am,3622.76
1200,3,Tamil Nadu - 2026,20-Feb 12am,3622.76
1200,4,Tamil Nadu - 2026,20-Feb 12am,3622.76
1201,1,Tamil Nadu - 2026,20-Feb 1am,3546.3925
1201,2,Tamil Nadu - 2026,20-Feb 1am,3546.3925
1201,3,Tamil Nadu - 2026,20-Feb 1am,3546.3925
1201,4,Tamil Nadu - 2026,20-Feb 1am,3546.3925
1202,1,Tamil Nadu - 2026,20-Feb 2am,3459.9675
1202,2,Tamil Nadu - 2026,20-Feb 2am,3459.9675
1202,3,Tamil Nadu - 2026,20-Feb 2am,3459.9675
1202,4,Tamil Nadu - 2026,20-Feb 2am,3459.9675
1203,1,Tamil Nadu - 2026,20-Feb 3am,3412.7725
1203,2,Tamil Nadu - 2026,20-Feb 3am,3412.7725
1203,3,Tamil Nadu - 2026,20-Feb 3am,3412.7725
1203,4,Tamil Nadu - 2026,20-Feb 3am,3412.7725
1204,1,Tamil Nadu - 2026,20-Feb 4am,3457.865
1204,2,Tamil Nadu - 2026,20-Feb 4am,3457.865
1204,3,Tamil Nadu - 2026,20-Feb 4am,3457.865
1204,4,Tamil Nadu - 2026,20-Feb 4am,3457.865
1205,1,Tamil Nadu - 2026,20-Feb 5am,3493.3125
1205,2,Tamil Nadu - 2026,20-Feb 5am,3493.3125
1205,3,Tamil Nadu - 2026,20-Feb 5am,3493.3125
1205,4,Tamil Nadu - 2026,20-Feb 5am,3493.3125
1206,1,Tamil Nadu - 2026,20-Feb 6am,3776.095
1206,2,Tamil Nadu - 2026,20-Feb 6am,3776.095
1206,3,Tamil Nadu - 2026,20-Feb 6am,3776.095
1206,4,Tamil Nadu - 2026,20-Feb 6am,3776.095
1207,1,Tamil Nadu - 2026,20-Feb 7am,4374.5475
1207,2,Tamil Nadu - 2026,20-Feb 7am,4374.5475
1207,3,Tamil Nadu - 2026,20-Feb 7am,4374.5475
1207,4,Tamil Nadu - 2026,20-Feb 7am,4374.5475
1208,1,Tamil Nadu - 2026,20-Feb 8am,4521.0775
1208,2,Tamil Nadu - 2026,20-Feb 8am,4521.0775
1208,3,Tamil Nadu - 2026,20-Feb 8am,4521.0775
1208,4,Tamil Nadu - 2026,20-Feb 8am,4521.0775
1209,1,Tamil Nadu - 2026,20-Feb 9am,4156.265
1209,2,Tamil Nadu - 2026,20-Feb 9am,4156.265
1209,3,Tamil Nadu - 2026,20-Feb 9am,4156.265
1209,4,Tamil Nadu - 2026,20-Feb 9am,4156.265
1210,1,Tamil Nadu - 2026,20-Feb 10am,4113.835
1210,2,Tamil Nadu - 2026,20-Feb 10am,4113.835
1210,3,Tamil Nadu - 2026,20-Feb 10am,4113.835
1210,4,Tamil Nadu - 2026,20-Feb 10am,4113.835
1211,1,Tamil Nadu - 2026,20-Feb 11am,4028.03
1211,2,Tamil Nadu - 2026,20-Feb 11am,4028.03
1211,3,Tamil Nadu - 2026,20-Feb 11am,4028.03
1211,4,Tamil Nadu - 2026,20-Feb 11am,4028.03
1212,1,Tamil Nadu - 2026,20-Feb 12pm,3923.9925
1212,2,Tamil Nadu - 2026,20-Feb 12pm,3923.9925
1212,3,Tamil Nadu - 2026,20-Feb 12pm,3923.9925
1212,4,Tamil Nadu - 2026,20-Feb 12pm,3923.9925
1213,1,Tamil Nadu - 2026,20-Feb 1pm,3864.52
1213,2,Tamil Nadu - 2026,20-Feb 1pm,3864.52
1213,3,Tamil Nadu - 2026,20-Feb 1pm,3864.52
1213,4,Tamil Nadu - 2026,20-Feb 1pm,3864.52
1214,1,Tamil Nadu - 2026,20-Feb 2pm,3789.235
1214,2,Tamil Nadu - 2026,20-Feb 2pm,3789.235
1214,3,Tamil Nadu - 2026,20-Feb 2pm,3789.235
1214,4,Tamil Nadu - 2026,20-Feb 2pm,3789.235
1215,1,Tamil Nadu - 2026,20-Feb 3pm,4027.8225
1215,2,Tamil Nadu - 2026,20-Feb 3pm,4027.8225
1215,3,Tamil Nadu - 2026,20-Feb 3pm,4027.8225
1215,4,Tamil Nadu - 2026,20-Feb 3pm,4027.8225
1216,1,Tamil Nadu - 2026,20-Feb 4pm,4348.805
1216,2,Tamil Nadu - 2026,20-Feb 4pm,4348.805
1216,3,Tamil Nadu - 2026,20-Feb 4pm,4348.805
1216,4,Tamil Nadu - 2026,20-Feb 4pm,4348.805
1217,1,Tamil Nadu - 2026,20-Feb 5pm,4515.3725
1217,2,Tamil Nadu - 2026,20-Feb 5pm,4515.3725
1217,3,Tamil Nadu - 2026,20-Feb 5pm,4515.3725
1217,4,Tamil Nadu - 2026,20-Feb 5pm,4515.3725
1218,1,Tamil Nadu - 2026,20-Feb 6pm,4521.825
1218,2,Tamil Nadu - 2026,20-Feb 6pm,4521.825
1218,3,Tamil Nadu - 2026,20-Feb 6pm,4521.825
1218,4,Tamil Nadu - 2026,20-Feb 6pm,4521.825
1219,1,Tamil Nadu - 2026,20-Feb 7pm,4379.0725
1219,2,Tamil Nadu - 2026,20-Feb 7pm,4379.0725
1219,3,Tamil Nadu - 2026,20-Feb 7pm,4379.0725
1219,4,Tamil Nadu - 2026,20-Feb 7pm,4379.0725
1220,1,Tamil Nadu - 2026,20-Feb 8pm,4171.445
1220,2,Tamil Nadu - 2026,20-Feb 8pm,4171.445
1220,3,Tamil Nadu - 2026,20-Feb 8pm,4171.445
1220,4,Tamil Nadu - 2026,20-Feb 8pm,4171.445
1221,1,Tamil Nadu - 2026,20-Feb 9pm,4028.8325
1221,2,Tamil Nadu - 2026,20-Feb 9pm,4028.8325
1221,3,Tamil Nadu - 2026,20-Feb 9pm,4028.8325
1221,4,Tamil Nadu - 2026,20-Feb 9pm,4028.8325
1222,1,Tamil Nadu - 2026,20-Feb 10pm,3887.9475
1222,2,Tamil Nadu - 2026,20-Feb 10pm,3887.9475
1222,3,Tamil Nadu - 2026,20-Feb 10pm,3887.9475
1222,4,Tamil Nadu - 2026,20-Feb 10pm,3887.9475
1223,1,Tamil Nadu - 2026,20-Feb 11pm,3758.725
1223,2,Tamil Nadu - 2026,20-Feb 11pm,3758.725
1223,3,Tamil Nadu - 2026,20-Feb 11pm,3758.725
1223,4,Tamil Nadu - 2026,20-Feb 11pm,3758.725
1224,1,Tamil Nadu - 2026,21-Feb 12am,3657.5
1224,2,Tamil Nadu - 2026,21-Feb 12am,3657.5
1224,3,Tamil Nadu - 2026,21-Feb 12am,3657.5
1224,4,Tamil Nadu - 2026,21-Feb 12am,3657.5
1225,1,Tamil Nadu - 2026,21-Feb 1am,3602.43
1225,2,Tamil Nadu - 2026,21-Feb 1am,3602.43
1225,3,Tamil Nadu - 2026,21-Feb 1am,3602.43
1225,4,Tamil Nadu - 2026,21-Feb 1am,3602.43
1226,1,Tamil Nadu - 2026,21-Feb 2am,3508.0275
1226,2,Tamil Nadu - 2026,21-Feb 2am,3508.0275
1226,3,Tamil Nadu - 2026,21-Feb 2am,3508.0275
1226,4,Tamil Nadu - 2026,21-Feb 2am,3508.0275
1227,1,Tamil Nadu - 2026,21-Feb 3am,3476.71
1227,2,Tamil Nadu - 2026,21-Feb 3am,3476.71
1227,3,Tamil Nadu - 2026,21-Feb 3am,3476.71
1227,4,Tamil Nadu - 2026,21-Feb 3am,3476.71
1228,1,Tamil Nadu - 2026,21-Feb 4am,3464.11
1228,2,Tamil Nadu - 2026,21-Feb 4am,3464.11
1228,3,Tamil Nadu - 2026,21-Feb 4am,3464.11
1228,4,Tamil Nadu - 2026,21-Feb 4am,3464.11
1229,1,Tamil Nadu - 2026,21-Feb 5am,3459.8225
1229,2,Tamil Nadu - 2026,21-Feb 5am,3459.8225
1229,3,Tamil Nadu - 2026,21-Feb 5am,3459.8225
1229,4,Tamil Nadu - 2026,21-Feb 5am,3459.8225
1230,1,Tamil Nadu - 2026,21-Feb 6am,3650.12
1230,2,Tamil Nadu - 2026,21-Feb 6am,3650.12
1230,3,Tamil Nadu - 2026,21-Feb 6am,3650.12
1230,4,Tamil Nadu - 2026,21-Feb 6am,3650.12
1231,1,Tamil Nadu - 2026,21-Feb 7am,4158.77
1231,2,Tamil Nadu - 2026,21-Feb 7am,4158.77
1231,3,Tamil Nadu - 2026,21-Feb 7am,4158.77
1231,4,Tamil Nadu - 2026,21-Feb 7am,4158.77
1232,1,Tamil Nadu - 2026,21-Feb 8am,4395.9975
1232,2,Tamil Nadu - 2026,21-Feb 8am,4395.9975
1232,3,Tamil Nadu - 2026,21-Feb 8am,4395.9975
1232,4,Tamil Nadu - 2026,21-Feb 8am,4395.9975
1233,1,Tamil Nadu - 2026,21-Feb 9am,4303.38
1233,2,Tamil Nadu - 2026,21-Feb 9am,4303.38
1233,3,Tamil Nadu - 2026,21-Feb 9am,4303.38
1233,4,Tamil Nadu - 2026,21-Feb 9am,4303.38
1234,1,Tamil Nadu - 2026,21-Feb 10am,4141.5875
1234,2,Tamil Nadu - 2026,21-Feb 10am,4141.5875
1234,3,Tamil Nadu - 2026,21-Feb 10am,4141.5875
1234,4,Tamil Nadu - 2026,21-Feb 10am,4141.5875
1235,1,Tamil Nadu - 2026,21-Feb 11am,3950.9275
1235,2,Tamil Nadu - 2026,21-Feb 11am,3950.9275
1235,3,Tamil Nadu - 2026,21-Feb 11am,3950.9275
1235,4,Tamil Nadu - 2026,21-Feb 11am,3950.9275
1236,1,Tamil Nadu - 2026,21-Feb 12pm,3996.5125
1236,2,Tamil Nadu - 2026,21-Feb 12pm,3996.5125
1236,3,Tamil Nadu - 2026,21-Feb 12pm,3996.5125
1236,4,Tamil Nadu - 2026,21-Feb 12pm,3996.5125
1237,1,Tamil Nadu - 2026,21-Feb 1pm,3995.5175
1237,2,Tamil Nadu - 2026,21-Feb 1pm,3995.5175
1237,3,Tamil Nadu - 2026,21-Feb 1pm,3995.5175
1237,4,Tamil Nadu - 2026,21-Feb 1pm,3995.5175
1238,1,Tamil Nadu - 2026,21-Feb 2pm,3939.885
1238,2,Tamil Nadu - 2026,21-Feb 2pm,3939.885
1238,3,Tamil Nadu - 2026,21-Feb 2pm,3939.885
1238,4,Tamil Nadu - 2026,21-Feb 2pm,3939.885
1239,1,Tamil Nadu - 2026,21-Feb 3pm,4206.055
1239,2,Tamil Nadu - 2026,21-Feb 3pm,4206.055
1239,3,Tamil Nadu - 2026,21-Feb 3pm,4206.055
1239,4,Tamil Nadu - 2026,21-Feb 3pm,4206.055
1240,1,Tamil Nadu - 2026,21-Feb 4pm,4330.49
1240,2,Tamil Nadu - 2026,21-Feb 4pm,4330.49
1240,3,Tamil Nadu - 2026,21-Feb 4pm,4330.49
1240,4,Tamil Nadu - 2026,21-Feb 4pm,4330.49
1241,1,Tamil Nadu - 2026,21-Feb 5pm,4560.4575
1241,2,Tamil Nadu - 2026,21-Feb 5pm,4560.4575
1241,3,Tamil Nadu - 2026,21-Feb 5pm,4560.4575
1241,4,Tamil Nadu - 2026,21-Feb 5pm,4560.4575
1242,1,Tamil Nadu - 2026,21-Feb 6pm,4506.455
1242,2,Tamil Nadu - 2026,21-Feb 6pm,4506.455
1242,3,Tamil Nadu - 2026,21-Feb 6pm,4506.455
1242,4,Tamil Nadu - 2026,21-Feb 6pm,4506.455
1243,1,Tamil Nadu - 2026,21-Feb 7pm,4585.375
1243,2,Tamil Nadu - 2026,21-Feb 7pm,4585.375
1243,3,Tamil Nadu - 2026,21-Feb 7pm,4585.375
1243,4,Tamil Nadu - 2026,21-Feb 7pm,4585.375
1244,1,Tamil Nadu - 2026,21-Feb 8pm,4327.0275
1244,2,Tamil Nadu - 2026,21-Feb 8pm,4327.0275
1244,3,Tamil Nadu - 2026,21-Feb 8pm,4327.0275
1244,4,Tamil Nadu - 2026,21-Feb 8pm,4327.0275
1245,1,Tamil Nadu - 2026,21-Feb 9pm,4177.49
1245,2,Tamil Nadu - 2026,21-Feb 9pm,4177.49
1245,3,Tamil Nadu - 2026,21-Feb 9pm,4177.49
1245,4,Tamil Nadu - 2026,21-Feb 9pm,4177.49
1246,1,Tamil Nadu - 2026,21-Feb 10pm,4055.99
1246,2,Tamil Nadu - 2026,21-Feb 10pm,4055.99
1246,3,Tamil Nadu - 2026,21-Feb 10pm,4055.99
1246,4,Tamil Nadu - 2026,21-Feb 10pm,4055.99
1247,1,Tamil Nadu - 2026,21-Feb 11pm,3912.5025
1247,2,Tamil Nadu - 2026,21-Feb 11pm,3912.5025
1247,3,Tamil Nadu - 2026,21-Feb 11pm,3912.5025
1247,4,Tamil Nadu - 2026,21-Feb 11pm,3912.5025
1248,1,Tamil Nadu - 2026,22-Feb 12am,3758.5125
1248,2,Tamil Nadu - 2026,22-Feb 12am,3758.5125
1248,3,Tamil Nadu - 2026,22-Feb 12am,3758.5125
1248,4,Tamil Nadu - 2026,22-Feb 12am,3758.5125
1249,1,Tamil Nadu - 2026,22-Feb 1am,3721.57
1249,2,Tamil Nadu - 2026,22-Feb 1am,3721.57
1249,3,Tamil Nadu - 2026,22-Feb 1am,3721.57
1249,4,Tamil Nadu - 2026,22-Feb 1am,3721.57
1250,1,Tamil Nadu - 2026,22-Feb 2am,3637.07
1250,2,Tamil Nadu - 2026,22-Feb 2am,3637.07
1250,3,Tamil Nadu - 2026,22-Feb 2am,3637.07
1250,4,Tamil Nadu - 2026,22-Feb 2am,3637.07
1251,1,Tamil Nadu - 2026,22-Feb 3am,3591.68
1251,2,Tamil Nadu - 2026,22-Feb 3am,3591.68
1251,3,Tamil Nadu - 2026,22-Feb 3am,3591.68
1251,4,Tamil Nadu - 2026,22-Feb 3am,3591.68
1252,1,Tamil Nadu - 2026,22-Feb 4am,3575.905
1252,2,Tamil Nadu - 2026,22-Feb 4am,3575.905
1252,3,Tamil Nadu - 2026,22-Feb 4am,3575.905
1252,4,Tamil Nadu - 2026,22-Feb 4am,3575.905
1253,1,Tamil Nadu - 2026,22-Feb 5am,3566.94
1253,2,Tamil Nadu - 2026,22-Feb 5am,3566.94
1253,3,Tamil Nadu - 2026,22-Feb 5am,3566.94
1253,4,Tamil Nadu - 2026,22-Feb 5am,3566.94
1254,1,Tamil Nadu - 2026,22-Feb 6am,3609.5375
1254,2,Tamil Nadu - 2026,22-Feb 6am,3609.5375
1254,3,Tamil Nadu - 2026,22-Feb 6am,3609.5375
1254,4,Tamil Nadu - 2026,22-Feb 6am,3609.5375
1255,1,Tamil Nadu - 2026,22-Feb 7am,3899.4925
1255,2,Tamil Nadu - 2026,22-Feb 7am,3899.4925
1255,3,Tamil Nadu - 2026,22-Feb 7am,3899.4925
1255,4,Tamil Nadu - 2026,22-Feb 7am,3899.4925
1256,1,Tamil Nadu - 2026,22-Feb 8am,4056.3875
1256,2,Tamil Nadu - 2026,22-Feb 8am,4056.3875
1256,3,Tamil Nadu - 2026,22-Feb 8am,4056.3875
1256,4,Tamil Nadu - 2026,22-Feb 8am,4056.3875
1257,1,Tamil Nadu - 2026,22-Feb 9am,3841.07
1257,2,Tamil Nadu - 2026,22-Feb 9am,3841.07
1257,3,Tamil Nadu - 2026,22-Feb 9am,3841.07
1257,4,Tamil Nadu - 2026,22-Feb 9am,3841.07
1258,1,Tamil Nadu - 2026,22-Feb 10am,3768.0625
1258,2,Tamil Nadu - 2026,22-Feb 10am,3768.0625
1258,3,Tamil Nadu - 2026,22-Feb 10am,3768.0625
1258,4,Tamil Nadu - 2026,22-Feb 10am,3768.0625
1259,1,Tamil Nadu - 2026,22-Feb 11am,3659.7
1259,2,Tamil Nadu - 2026,22-Feb 11am,3659.7
1259,3,Tamil Nadu - 2026,22-Feb 11am,3659.7
1259,4,Tamil Nadu - 2026,22-Feb 11am,3659.7
1260,1,Tamil Nadu - 2026,22-Feb 12pm,3663.5675
1260,2,Tamil Nadu - 2026,22-Feb 12pm,3663.5675
1260,3,Tamil Nadu - 2026,22-Feb 12pm,3663.5675
1260,4,Tamil Nadu - 2026,22-Feb 12pm,3663.5675
1261,1,Tamil Nadu - 2026,22-Feb 1pm,3569.005
1261,2,Tamil Nadu - 2026,22-Feb 1pm,3569.005
1261,3,Tamil Nadu - 2026,22-Feb 1pm,3569.005
1261,4,Tamil Nadu - 2026,22-Feb 1pm,3569.005
1262,1,Tamil Nadu - 2026,22-Feb 2pm,3482.535
1262,2,Tamil Nadu - 2026,22-Feb 2pm,3482.535
1262,3,Tamil Nadu - 2026,22-Feb 2pm,3482.535
1262,4,Tamil Nadu - 2026,22-Feb 2pm,3482.535
1263,1,Tamil Nadu - 2026,22-Feb 3pm,3637.03
1263,2,Tamil Nadu - 2026,22-Feb 3pm,3637.03
1263,3,Tamil Nadu - 2026,22-Feb 3pm,3637.03
1263,4,Tamil Nadu - 2026,22-Feb 3pm,3637.03
1264,1,Tamil Nadu - 2026,22-Feb 4pm,3773.1875
1264,2,Tamil Nadu - 2026,22-Feb 4pm,3773.1875
1264,3,Tamil Nadu - 2026,22-Feb 4pm,3773.1875
1264,4,Tamil Nadu - 2026,22-Feb 4pm,3773.1875
1265,1,Tamil Nadu - 2026,22-Feb 5pm,4022.2375
1265,2,Tamil Nadu - 2026,22-Feb 5pm,4022.2375
1265,3,Tamil Nadu - 2026,22-Feb 5pm,4022.2375
1265,4,Tamil Nadu - 2026,22-Feb 5pm,4022.2375
1266,1,Tamil Nadu - 2026,22-Feb 6pm,3927.955
1266,2,Tamil Nadu - 2026,22-Feb 6pm,3927.955
1266,3,Tamil Nadu - 2026,22-Feb 6pm,3927.955
1266,4,Tamil Nadu - 2026,22-Feb 6pm,3927.955
1267,1,Tamil Nadu - 2026,22-Feb 7pm,3917.2725
1267,2,Tamil Nadu - 2026,22-Feb 7pm,3917.2725
1267,3,Tamil Nadu - 2026,22-Feb 7pm,3917.2725
1267,4,Tamil Nadu - 2026,22-Feb 7pm,3917.2725
1268,1,Tamil Nadu - 2026,22-Feb 8pm,3818.1775
1268,2,Tamil Nadu - 2026,22-Feb 8pm,3818.1775
1268,3,Tamil Nadu - 2026,22-Feb 8pm,3818.1775
1268,4,Tamil Nadu - 2026,22-Feb 8pm,3818.1775
1269,1,Tamil Nadu - 2026,22-Feb 9pm,3725.3725
1269,2,Tamil Nadu - 2026,22-Feb 9pm,3725.3725
1269,3,Tamil Nadu - 2026,22-Feb 9pm,3725.3725
1269,4,Tamil Nadu - 2026,22-Feb 9pm,3725.3725
1270,1,Tamil Nadu - 2026,22-Feb 10pm,3674.25
1270,2,Tamil Nadu - 2026,22-Feb 10pm,3674.25
1270,3,Tamil Nadu - 2026,22-Feb 10pm,3674.25
1270,4,Tamil Nadu - 2026,22-Feb 10pm,3674.25
1271,1,Tamil Nadu - 2026,22-Feb 11pm,3512.8075
1271,2,Tamil Nadu - 2026,22-Feb 11pm,3512.8075
1271,3,Tamil Nadu - 2026,22-Feb 11pm,3512.8075
1271,4,Tamil Nadu - 2026,22-Feb 11pm,3512.8075
1272,1,Tamil Nadu - 2026,23-Feb 12am,3395.895
1272,2,Tamil Nadu - 2026,23-Feb 12am,3395.895
1272,3,Tamil Nadu - 2026,23-Feb 12am,3395.895
1272,4,Tamil Nadu - 2026,23-Feb 12am,3395.895
1273,1,Tamil Nadu - 2026,23-Feb 1am,3330.27
1273,2,Tamil Nadu - 2026,23-Feb 1am,3330.27
1273,3,Tamil Nadu - 2026,23-Feb 1am,3330.27
1273,4,Tamil Nadu - 2026,23-Feb 1am,3330.27
1274,1,Tamil Nadu - 2026,23-Feb 2am,3290.0225
1274,2,Tamil Nadu - 2026,23-Feb 2am,3290.0225
1274,3,Tamil Nadu - 2026,23-Feb 2am,3290.0225
1274,4,Tamil Nadu - 2026,23-Feb 2am,3290.0225
1275,1,Tamil Nadu - 2026,23-Feb 3am,3259.905
1275,2,Tamil Nadu - 2026,23-Feb 3am,3259.905
1275,3,Tamil Nadu - 2026,23-Feb 3am,3259.905
1275,4,Tamil Nadu - 2026,23-Feb 3am,3259.905
1276,1,Tamil Nadu - 2026,23-Feb 4am,3271.2425
1276,2,Tamil Nadu - 2026,23-Feb 4am,3271.2425
1276,3,Tamil Nadu - 2026,23-Feb 4am,3271.2425
1276,4,Tamil Nadu - 2026,23-Feb 4am,3271.2425
1277,1,Tamil Nadu - 2026,23-Feb 5am,3305.0475
1277,2,Tamil Nadu - 2026,23-Feb 5am,3305.0475
1277,3,Tamil Nadu - 2026,23-Feb 5am,3305.0475
1277,4,Tamil Nadu - 2026,23-Feb 5am,3305.0475
1278,1,Tamil Nadu - 2026,23-Feb 6am,3569.38
1278,2,Tamil Nadu - 2026,23-Feb 6am,3569.38
1278,3,Tamil Nadu - 2026,23-Feb 6am,3569.38
1278,4,Tamil Nadu - 2026,23-Feb 6am,3569.38
1279,1,Tamil Nadu - 2026,23-Feb 7am,4166.73
1279,2,Tamil Nadu - 2026,23-Feb 7am,4166.73
1279,3,Tamil Nadu - 2026,23-Feb 7am,4166.73
1279,4,Tamil Nadu - 2026,23-Feb 7am,4166.73
1280,1,Tamil Nadu - 2026,23-Feb 8am,4415.095
1280,2,Tamil Nadu - 2026,23-Feb 8am,4415.095
1280,3,Tamil Nadu - 2026,23-Feb 8am,4415.095
1280,4,Tamil Nadu - 2026,23-Feb 8am,4415.095
1281,1,Tamil Nadu - 2026,23-Feb 9am,4233.62
1281,2,Tamil Nadu - 2026,23-Feb 9am,4233.62
1281,3,Tamil Nadu - 2026,23-Feb 9am,4233.62
1281,4,Tamil Nadu - 2026,23-Feb 9am,4233.62
1282,1,Tamil Nadu - 2026,23-Feb 10am,4260.74
1282,2,Tamil Nadu - 2026,23-Feb 10am,4260.74
1282,3,Tamil Nadu - 2026,23-Feb 10am,4260.74
1282,4,Tamil Nadu - 2026,23-Feb 10am,4260.74
1283,1,Tamil Nadu - 2026,23-Feb 11am,4149.7575
1283,2,Tamil Nadu - 2026,23-Feb 11am,4149.7575
1283,3,Tamil Nadu - 2026,23-Feb 11am,4149.7575
1283,4,Tamil Nadu - 2026,23-Feb 11am,4149.7575
1284,1,Tamil Nadu - 2026,23-Feb 12pm,4015.8775
1284,2,Tamil Nadu - 2026,23-Feb 12pm,4015.8775
1284,3,Tamil Nadu - 2026,23-Feb 12pm,4015.8775
1284,4,Tamil Nadu - 2026,23-Feb 12pm,4015.8775
1285,1,Tamil Nadu - 2026,23-Feb 1pm,3970.9025
1285,2,Tamil Nadu - 2026,23-Feb 1pm,3970.9025
1285,3,Tamil Nadu - 2026,23-Feb 1pm,3970.9025
1285,4,Tamil Nadu - 2026,23-Feb 1pm,3970.9025
1286,1,Tamil Nadu - 2026,23-Feb 2pm,3874.47
1286,2,Tamil Nadu - 2026,23-Feb 2pm,3874.47
1286,3,Tamil Nadu - 2026,23-Feb 2pm,3874.47
1286,4,Tamil Nadu - 2026,23-Feb 2pm,3874.47
1287,1,Tamil Nadu - 2026,23-Feb 3pm,4076.515
1287,2,Tamil Nadu - 2026,23-Feb 3pm,4076.515
1287,3,Tamil Nadu - 2026,23-Feb 3pm,4076.515
1287,4,Tamil Nadu - 2026,23-Feb 3pm,4076.515
1288,1,Tamil Nadu - 2026,23-Feb 4pm,4315.15
1288,2,Tamil Nadu - 2026,23-Feb 4pm,4315.15
1288,3,Tamil Nadu - 2026,23-Feb 4pm,4315.15
1288,4,Tamil Nadu - 2026,23-Feb 4pm,4315.15
1289,1,Tamil Nadu - 2026,23-Feb 5pm,4685.7425
1289,2,Tamil Nadu - 2026,23-Feb 5pm,4685.7425
1289,3,Tamil Nadu - 2026,23-Feb 5pm,4685.7425
1289,4,Tamil Nadu - 2026,23-Feb 5pm,4685.7425
1290,1,Tamil Nadu - 2026,23-Feb 6pm,4568.8775
1290,2,Tamil Nadu - 2026,23-Feb 6pm,4568.8775
1290,3,Tamil Nadu - 2026,23-Feb 6pm,4568.8775
1290,4,Tamil Nadu - 2026,23-Feb 6pm,4568.8775
1291,1,Tamil Nadu - 2026,23-Feb 7pm,4588.0
1291,2,Tamil Nadu - 2026,23-Feb 7pm,4588.0
1291,3,Tamil Nadu - 2026,23-Feb 7pm,4588.0
1291,4,Tamil Nadu - 2026,23-Feb 7pm,4588.0
1292,1,Tamil Nadu - 2026,23-Feb 8pm,4398.37
1292,2,Tamil Nadu - 2026,23-Feb 8pm,4398.37
1292,3,Tamil Nadu - 2026,23-Feb 8pm,4398.37
1292,4,Tamil Nadu - 2026,23-Feb 8pm,4398.37
1293,1,Tamil Nadu - 2026,23-Feb 9pm,4274.13
1293,2,Tamil Nadu - 2026,23-Feb 9pm,4274.13
1293,3,Tamil Nadu - 2026,23-Feb 9pm,4274.13
1293,4,Tamil Nadu - 2026,23-Feb 9pm,4274.13
1294,1,Tamil Nadu - 2026,23-Feb 10pm,4235.85
1294,2,Tamil Nadu - 2026,23-Feb 10pm,4235.85
1294,3,Tamil Nadu - 2026,23-Feb 10pm,4235.85
1294,4,Tamil Nadu - 2026,23-Feb 10pm,4235.85
1295,1,Tamil Nadu - 2026,23-Feb 11pm,4063.335
1295,2,Tamil Nadu - 2026,23-Feb 11pm,4063.335
1295,3,Tamil Nadu - 2026,23-Feb 11pm,4063.335
1295,4,Tamil Nadu - 2026,23-Feb 11pm,4063.335
1296,1,Tamil Nadu - 2026,24-Feb 12am,3866.9025
1296,2,Tamil Nadu - 2026,24-Feb 12am,3866.9025
1296,3,Tamil Nadu - 2026,24-Feb 12am,3866.9025
1296,4,Tamil Nadu - 2026,24-Feb 12am,3866.9025
1297,1,Tamil Nadu - 2026,24-Feb 1am,3782.08
1297,2,Tamil Nadu - 2026,24-Feb 1am,3782.08
1297,3,Tamil Nadu - 2026,24-Feb 1am,3782.08
1297,4,Tamil Nadu - 2026,24-Feb 1am,3782.08
1298,1,Tamil Nadu - 2026,24-Feb 2am,3741.445
1298,2,Tamil Nadu - 2026,24-Feb 2am,3741.445
1298,3,Tamil Nadu - 2026,24-Feb 2am,3741.445
1298,4,Tamil Nadu - 2026,24-Feb 2am,3741.445
1299,1,Tamil Nadu - 2026,24-Feb 3am,3689.3875
1299,2,Tamil Nadu - 2026,24-Feb 3am,3689.3875
1299,3,Tamil Nadu - 2026,24-Feb 3am,3689.3875
1299,4,Tamil Nadu - 2026,24-Feb 3am,3689.3875
1300,1,Tamil Nadu - 2026,24-Feb 4am,3676.245
1300,2,Tamil Nadu - 2026,24-Feb 4am,3676.245
1300,3,Tamil Nadu - 2026,24-Feb 4am,3676.245
1300,4,Tamil Nadu - 2026,24-Feb 4am,3676.245
1301,1,Tamil Nadu - 2026,24-Feb 5am,3692.6425
1301,2,Tamil Nadu - 2026,24-Feb 5am,3692.6425
1301,3,Tamil Nadu - 2026,24-Feb 5am,3692.6425
1301,4,Tamil Nadu - 2026,24-Feb 5am,3692.6425
1302,1,Tamil Nadu - 2026,24-Feb 6am,3968.375
1302,2,Tamil Nadu - 2026,24-Feb 6am,3968.375
1302,3,Tamil Nadu - 2026,24-Feb 6am,3968.375
1302,4,Tamil Nadu - 2026,24-Feb 6am,3968.375
1303,1,Tamil Nadu - 2026,24-Feb 7am,4532.6575
1303,2,Tamil Nadu - 2026,24-Feb 7am,4532.6575
1303,3,Tamil Nadu - 2026,24-Feb 7am,4532.6575
1303,4,Tamil Nadu - 2026,24-Feb 7am,4532.6575
1304,1,Tamil Nadu - 2026,24-Feb 8am,4620.96
1304,2,Tamil Nadu - 2026,24-Feb 8am,4620.96
1304,3,Tamil Nadu - 2026,24-Feb 8am,4620.96
1304,4,Tamil Nadu - 2026,24-Feb 8am,4620.96
1305,1,Tamil Nadu - 2026,24-Feb 9am,4417.2675
1305,2,Tamil Nadu - 2026,24-Feb 9am,4417.2675
1305,3,Tamil Nadu - 2026,24-Feb 9am,4417.2675
1305,4,Tamil Nadu - 2026,24-Feb 9am,4417.2675
1306,1,Tamil Nadu - 2026,24-Feb 10am,4416.36
1306,2,Tamil Nadu - 2026,24-Feb 10am,4416.36
1306,3,Tamil Nadu - 2026,24-Feb 10am,4416.36
1306,4,Tamil Nadu - 2026,24-Feb 10am,4416.36
1307,1,Tamil Nadu - 2026,24-Feb 11am,4296.89
1307,2,Tamil Nadu - 2026,24-Feb 11am,4296.89
1307,3,Tamil Nadu - 2026,24-Feb 11am,4296.89
1307,4,Tamil Nadu - 2026,24-Feb 11am,4296.89
1308,1,Tamil Nadu - 2026,24-Feb 12pm,4193.4775
1308,2,Tamil Nadu - 2026,24-Feb 12pm,4193.4775
1308,3,Tamil Nadu - 2026,24-Feb 12pm,4193.4775
1308,4,Tamil Nadu - 2026,24-Feb 12pm,4193.4775
1309,1,Tamil Nadu - 2026,24-Feb 1pm,4065.0975
1309,2,Tamil Nadu - 2026,24-Feb 1pm,4065.0975
1309,3,Tamil Nadu - 2026,24-Feb 1pm,4065.0975
1309,4,Tamil Nadu - 2026,24-Feb 1pm,4065.0975
1310,1,Tamil Nadu - 2026,24-Feb 2pm,3950.51
1310,2,Tamil Nadu - 2026,24-Feb 2pm,3950.51
1310,3,Tamil Nadu - 2026,24-Feb 2pm,3950.51
1310,4,Tamil Nadu - 2026,24-Feb 2pm,3950.51
1311,1,Tamil Nadu - 2026,24-Feb 3pm,4137.7825
1311,2,Tamil Nadu - 2026,24-Feb 3pm,4137.7825
1311,3,Tamil Nadu - 2026,24-Feb 3pm,4137.7825
1311,4,Tamil Nadu - 2026,24-Feb 3pm,4137.7825
1312,1,Tamil Nadu - 2026,24-Feb 4pm,4380.565
1312,2,Tamil Nadu - 2026,24-Feb 4pm,4380.565
1312,3,Tamil Nadu - 2026,24-Feb 4pm,4380.565
1312,4,Tamil Nadu - 2026,24-Feb 4pm,4380.565
1313,1,Tamil Nadu - 2026,24-Feb 5pm,4634.3
1313,2,Tamil Nadu - 2026,24-Feb 5pm,4634.3
1313,3,Tamil Nadu - 2026,24-Feb 5pm,4634.3
1313,4,Tamil Nadu - 2026,24-Feb 5pm,4634.3
1314,1,Tamil Nadu - 2026,24-Feb 6pm,4563.3575
1314,2,Tamil Nadu - 2026,24-Feb 6pm,4563.3575
1314,3,Tamil Nadu - 2026,24-Feb 6pm,4563.3575
1314,4,Tamil Nadu - 2026,24-Feb 6pm,4563.3575
1315,1,Tamil Nadu - 2026,24-Feb 7pm,4580.9175
1315,2,Tamil Nadu - 2026,24-Feb 7pm,4580.9175
1315,3,Tamil Nadu - 2026,24-Feb 7pm,4580.9175
1315,4,Tamil Nadu - 2026,24-Feb 7pm,4580.9175
1316,1,Tamil Nadu - 2026,24-Feb 8pm,4425.7125
1316,2,Tamil Nadu - 2026,24-Feb 8pm,4425.7125
1316,3,Tamil Nadu - 2026,24-Feb 8pm,4425.7125
1316,4,Tamil Nadu - 2026,24-Feb 8pm,4425.7125
1317,1,Tamil Nadu - 2026,24-Feb 9pm,4310.5625
1317,2,Tamil Nadu - 2026,24-Feb 9pm,4310.5625
1317,3,Tamil Nadu - 2026,24-Feb 9pm,4310.5625
1317,4,Tamil Nadu - 2026,24-Feb 9pm,4310.5625
1318,1,Tamil Nadu - 2026,24-Feb 10pm,4201.3675
1318,2,Tamil Nadu - 2026,24-Feb 10pm,4201.3675
1318,3,Tamil Nadu - 2026,24-Feb 10pm,4201.3675
1318,4,Tamil Nadu - 2026,24-Feb 10pm,4201.3675
1319,1,Tamil Nadu - 2026,24-Feb 11pm,4032.31
1319,2,Tamil Nadu - 2026,24-Feb 11pm,4032.31
1319,3,Tamil Nadu - 2026,24-Feb 11pm,4032.31
1319,4,Tamil Nadu - 2026,24-Feb 11pm,4032.31
1320,1,Tamil Nadu - 2026,25-Feb 12am,3835.7175
1320,2,Tamil Nadu - 2026,25-Feb 12am,3835.7175
1320,3,Tamil Nadu - 2026,25-Feb 12am,3835.7175
1320,4,Tamil Nadu - 2026,25-Feb 12am,3835.7175
1321,1,Tamil Nadu - 2026,25-Feb 1am,3787.0
1321,2,Tamil Nadu - 2026,25-Feb 1am,3787.0
1321,3,Tamil Nadu - 2026,25-Feb 1am,3787.0
1321,4,Tamil Nadu - 2026,25-Feb 1am,3787.0
1322,1,Tamil Nadu - 2026,25-Feb 2am,3715.11
1322,2,Tamil Nadu - 2026,25-Feb 2am,3715.11
1322,3,Tamil Nadu - 2026,25-Feb 2am,3715.11
1322,4,Tamil Nadu - 2026,25-Feb 2am,3715.11
1323,1,Tamil Nadu - 2026,25-Feb 3am,3696.0725
1323,2,Tamil Nadu - 2026,25-Feb 3am,3696.0725
1323,3,Tamil Nadu - 2026,25-Feb 3am,3696.0725
1323,4,Tamil Nadu - 2026,25-Feb 3am,3696.0725
1324,1,Tamil Nadu - 2026,25-Feb 4am,3701.505
1324,2,Tamil Nadu - 2026,25-Feb 4am,3701.505
1324,3,Tamil Nadu - 2026,25-Feb 4am,3701.505
1324,4,Tamil Nadu - 2026,25-Feb 4am,3701.505
1325,1,Tamil Nadu - 2026,25-Feb 5am,3721.635
1325,2,Tamil Nadu - 2026,25-Feb 5am,3721.635
1325,3,Tamil Nadu - 2026,25-Feb 5am,3721.635
1325,4,Tamil Nadu - 2026,25-Feb 5am,3721.635
1326,1,Tamil Nadu - 2026,25-Feb 6am,3918.5475
1326,2,Tamil Nadu - 2026,25-Feb 6am,3918.5475
1326,3,Tamil Nadu - 2026,25-Feb 6am,3918.5475
1326,4,Tamil Nadu - 2026,25-Feb 6am,3918.5475
1327,1,Tamil Nadu - 2026,25-Feb 7am,4479.455
1327,2,Tamil Nadu - 2026,25-Feb 7am,4479.455
1327,3,Tamil Nadu - 2026,25-Feb 7am,4479.455
1327,4,Tamil Nadu - 2026,25-Feb 7am,4479.455
1328,1,Tamil Nadu - 2026,25-Feb 8am,4611.4675
1328,2,Tamil Nadu - 2026,25-Feb 8am,4611.4675
1328,3,Tamil Nadu - 2026,25-Feb 8am,4611.4675
1328,4,Tamil Nadu - 2026,25-Feb 8am,4611.4675
1329,1,Tamil Nadu - 2026,25-Feb 9am,4390.33
1329,2,Tamil Nadu - 2026,25-Feb 9am,4390.33
1329,3,Tamil Nadu - 2026,25-Feb 9am,4390.33
1329,4,Tamil Nadu - 2026,25-Feb 9am,4390.33
1330,1,Tamil Nadu - 2026,25-Feb 10am,4304.375
1330,2,Tamil Nadu - 2026,25-Feb 10am,4304.375
1330,3,Tamil Nadu - 2026,25-Feb 10am,4304.375
1330,4,Tamil Nadu - 2026,25-Feb 10am,4304.375
1331,1,Tamil Nadu - 2026,25-Feb 11am,4261.5025
1331,2,Tamil Nadu - 2026,25-Feb 11am,4261.5025
1331,3,Tamil Nadu - 2026,25-Feb 11am,4261.5025
1331,4,Tamil Nadu - 2026,25-Feb 11am,4261.5025
1332,1,Tamil Nadu - 2026,25-Feb 12pm,4261.5025
1332,2,Tamil Nadu - 2026,25-Feb 12pm,4261.5025
1332,3,Tamil Nadu - 2026,25-Feb 12pm,4261.5025
1332,4,Tamil Nadu - 2026,25-Feb 12pm,4261.5025
1333,1,Tamil Nadu - 2026,25-Feb 1pm,4077.405
1333,2,Tamil Nadu - 2026,25-Feb 1pm,4077.405
1333,3,Tamil Nadu - 2026,25-Feb 1pm,4077.405
1333,4,Tamil Nadu - 2026,25-Feb 1pm,4077.405
1334,1,Tamil Nadu - 2026,25-Feb 2pm,4011.345
1334,2,Tamil Nadu - 2026,25-Feb 2pm,4011.345
1334,3,Tamil Nadu - 2026,25-Feb 2pm,4011.345
1334,4,Tamil Nadu - 2026,25-Feb 2pm,4011.345
1335,1,Tamil Nadu - 2026,25-Feb 3pm,4224.0325
1335,2,Tamil Nadu - 2026,25-Feb 3pm,4224.0325
1335,3,Tamil Nadu - 2026,25-Feb 3pm,4224.0325
1335,4,Tamil Nadu - 2026,25-Feb 3pm,4224.0325
1336,1,Tamil Nadu - 2026,25-Feb 4pm,4343.76
1336,2,Tamil Nadu - 2026,25-Feb 4pm,4343.76
1336,3,Tamil Nadu - 2026,25-Feb 4pm,4343.76
1336,4,Tamil Nadu - 2026,25-Feb 4pm,4343.76
1337,1,Tamil Nadu - 2026,25-Feb 5pm,4678.3925
1337,2,Tamil Nadu - 2026,25-Feb 5pm,4678.3925
1337,3,Tamil Nadu - 2026,25-Feb 5pm,4678.3925
1337,4,Tamil Nadu - 2026,25-Feb 5pm,4678.3925
1338,1,Tamil Nadu - 2026,25-Feb 6pm,4586.2375
1338,2,Tamil Nadu - 2026,25-Feb 6pm,4586.2375
1338,3,Tamil Nadu - 2026,25-Feb 6pm,4586.2375
1338,4,Tamil Nadu - 2026,25-Feb 6pm,4586.2375
1339,1,Tamil Nadu - 2026,25-Feb 7pm,4580.0125
1339,2,Tamil Nadu - 2026,25-Feb 7pm,4580.0125
1339,3,Tamil Nadu - 2026,25-Feb 7pm,4580.0125
1339,4,Tamil Nadu - 2026,25-Feb 7pm,4580.0125
1340,1,Tamil Nadu - 2026,25-Feb 8pm,4289.1225
1340,2,Tamil Nadu - 2026,25-Feb 8pm,4289.1225
1340,3,Tamil Nadu - 2026,25-Feb 8pm,4289.1225
1340,4,Tamil Nadu - 2026,25-Feb 8pm,4289.1225
1341,1,Tamil Nadu - 2026,25-Feb 9pm,4138.065
1341,2,Tamil Nadu - 2026,25-Feb 9pm,4138.065
1341,3,Tamil Nadu - 2026,25-Feb 9pm,4138.065
1341,4,Tamil Nadu - 2026,25-Feb 9pm,4138.065
1342,1,Tamil Nadu - 2026,25-Feb 10pm,4053.02
1342,2,Tamil Nadu - 2026,25-Feb 10pm,4053.02
1342,3,Tamil Nadu - 2026,25-Feb 10pm,4053.02
1342,4,Tamil Nadu - 2026,25-Feb 10pm,4053.02
1343,1,Tamil Nadu - 2026,25-Feb 11pm,3929.27
1343,2,Tamil Nadu - 2026,25-Feb 11pm,3929.27
1343,3,Tamil Nadu - 2026,25-Feb 11pm,3929.27
1343,4,Tamil Nadu - 2026,25-Feb 11pm,3929.27
1344,1,Tamil Nadu - 2026,26-Feb 12am,3746.91
1344,2,Tamil Nadu - 2026,26-Feb 12am,3746.91
1344,3,Tamil Nadu - 2026,26-Feb 12am,3746.91
1344,4,Tamil Nadu - 2026,26-Feb 12am,3746.91
1345,1,Tamil Nadu - 2026,26-Feb 1am,3717.405
1345,2,Tamil Nadu - 2026,26-Feb 1am,3717.405
1345,3,Tamil Nadu - 2026,26-Feb 1am,3717.405
1345,4,Tamil Nadu - 2026,26-Feb 1am,3717.405
1346,1,Tamil Nadu - 2026,26-Feb 2am,3631.79
1346,2,Tamil Nadu - 2026,26-Feb 2am,3631.79
1346,3,Tamil Nadu - 2026,26-Feb 2am,3631.79
1346,4,Tamil Nadu - 2026,26-Feb 2am,3631.79
1347,1,Tamil Nadu - 2026,26-Feb 3am,3570.9875
1347,2,Tamil Nadu - 2026,26-Feb 3am,3570.9875
1347,3,Tamil Nadu - 2026,26-Feb 3am,3570.9875
1347,4,Tamil Nadu - 2026,26-Feb 3am,3570.9875
1348,1,Tamil Nadu - 2026,26-Feb 4am,3575.8275
1348,2,Tamil Nadu - 2026,26-Feb 4am,3575.8275
1348,3,Tamil Nadu - 2026,26-Feb 4am,3575.8275
1348,4,Tamil Nadu - 2026,26-Feb 4am,3575.8275
1349,1,Tamil Nadu - 2026,26-Feb 5am,3563.77
1349,2,Tamil Nadu - 2026,26-Feb 5am,3563.77
1349,3,Tamil Nadu - 2026,26-Feb 5am,3563.77
1349,4,Tamil Nadu - 2026,26-Feb 5am,3563.77
1350,1,Tamil Nadu - 2026,26-Feb 6am,3793.6925
1350,2,Tamil Nadu - 2026,26-Feb 6am,3793.6925
1350,3,Tamil Nadu - 2026,26-Feb 6am,3793.6925
1350,4,Tamil Nadu - 2026,26-Feb 6am,3793.6925
1351,1,Tamil Nadu - 2026,26-Feb 7am,4346.0375
1351,2,Tamil Nadu - 2026,26-Feb 7am,4346.0375
1351,3,Tamil Nadu - 2026,26-Feb 7am,4346.0375
1351,4,Tamil Nadu - 2026,26-Feb 7am,4346.0375
1352,1,Tamil Nadu - 2026,26-Feb 8am,4314.5525
1352,2,Tamil Nadu - 2026,26-Feb 8am,4314.5525
1352,3,Tamil Nadu - 2026,26-Feb 8am,4314.5525
1352,4,Tamil Nadu - 2026,26-Feb 8am,4314.5525
1353,1,Tamil Nadu - 2026,26-Feb 9am,4175.1975
1353,2,Tamil Nadu - 2026,26-Feb 9am,4175.1975
1353,3,Tamil Nadu - 2026,26-Feb 9am,4175.1975
1353,4,Tamil Nadu - 2026,26-Feb 9am,4175.1975
1354,1,Tamil Nadu - 2026,26-Feb 10am,4122.855
1354,2,Tamil Nadu - 2026,26-Feb 10am,4122.855
1354,3,Tamil Nadu - 2026,26-Feb 10am,4122.855
1354,4,Tamil Nadu - 2026,26-Feb 10am,4122.855
1355,1,Tamil Nadu - 2026,26-Feb 11am,4038.7825
1355,2,Tamil Nadu - 2026,26-Feb 11am,4038.7825
1355,3,Tamil Nadu - 2026,26-Feb 11am,4038.7825
1355,4,Tamil Nadu - 2026,26-Feb 11am,4038.7825
1356,1,Tamil Nadu - 2026,26-Feb 12pm,3934.425
1356,2,Tamil Nadu - 2026,26-Feb 12pm,3934.425
1356,3,Tamil Nadu - 2026,26-Feb 12pm,3934.425
1356,4,Tamil Nadu - 2026,26-Feb 12pm,3934.425
1357,1,Tamil Nadu - 2026,26-Feb 1pm,3967.5825
1357,2,Tamil Nadu - 2026,26-Feb 1pm,3967.5825
1357,3,Tamil Nadu - 2026,26-Feb 1pm,3967.5825
1357,4,Tamil Nadu - 2026,26-Feb 1pm,3967.5825
1358,1,Tamil Nadu - 2026,26-Feb 2pm,3933.5925
1358,2,Tamil Nadu - 2026,26-Feb 2pm,3933.5925
1358,3,Tamil Nadu - 2026,26-Feb 2pm,3933.5925
1358,4,Tamil Nadu - 2026,26-Feb 2pm,3933.5925
1359,1,Tamil Nadu - 2026,26-Feb 3pm,4148.0175
1359,2,Tamil Nadu - 2026,26-Feb 3pm,4148.0175
1359,3,Tamil Nadu - 2026,26-Feb 3pm,4148.0175
1359,4,Tamil Nadu - 2026,26-Feb 3pm,4148.0175
1360,1,Tamil Nadu - 2026,26-Feb 4pm,4364.9575
1360,2,Tamil Nadu - 2026,26-Feb 4pm,4364.9575
1360,3,Tamil Nadu - 2026,26-Feb 4pm,4364.9575
1360,4,Tamil Nadu - 2026,26-Feb 4pm,4364.9575
1361,1,Tamil Nadu - 2026,26-Feb 5pm,4645.6175
1361,2,Tamil Nadu - 2026,26-Feb 5pm,4645.6175
1361,3,Tamil Nadu - 2026,26-Feb 5pm,4645.6175
1361,4,Tamil Nadu - 2026,26-Feb 5pm,4645.6175
1362,1,Tamil Nadu - 2026,26-Feb 6pm,4544.2725
1362,2,Tamil Nadu - 2026,26-Feb 6pm,4544.2725
1362,3,Tamil Nadu - 2026,26-Feb 6pm,4544.2725
1362,4,Tamil Nadu - 2026,26-Feb 6pm,4544.2725
1363,1,Tamil Nadu - 2026,26-Feb 7pm,4545.9775
1363,2,Tamil Nadu - 2026,26-Feb 7pm,4545.9775
1363,3,Tamil Nadu - 2026,26-Feb 7pm,4545.9775
1363,4,Tamil Nadu - 2026,26-Feb 7pm,4545.9775
1364,1,Tamil Nadu - 2026,26-Feb 8pm,4391.63
1364,2,Tamil Nadu - 2026,26-Feb 8pm,4391.63
1364,3,Tamil Nadu - 2026,26-Feb 8pm,4391.63
1364,4,Tamil Nadu - 2026,26-Feb 8pm,4391.63
1365,1,Tamil Nadu - 2026,26-Feb 9pm,4254.965
1365,2,Tamil Nadu - 2026,26-Feb 9pm,4254.965
1365,3,Tamil Nadu - 2026,26-Feb 9pm,4254.965
1365,4,Tamil Nadu - 2026,26-Feb 9pm,4254.965
1366,1,Tamil Nadu - 2026,26-Feb 10pm,4189.85
1366,2,Tamil Nadu - 2026,26-Feb 10pm,4189.85
1366,3,Tamil Nadu - 2026,26-Feb 10pm,4189.85
1366,4,Tamil Nadu - 2026,26-Feb 10pm,4189.85
1367,1,Tamil Nadu - 2026,26-Feb 11pm,4037.4075
1367,2,Tamil Nadu - 2026,26-Feb 11pm,4037.4075
1367,3,Tamil Nadu - 2026,26-Feb 11pm,4037.4075
1367,4,Tamil Nadu - 2026,26-Feb 11pm,4037.4075
1368,1,Tamil Nadu - 2026,27-Feb 12am,3828.775
1368,2,Tamil Nadu - 2026,27-Feb 12am,3828.775
1368,3,Tamil Nadu - 2026,27-Feb 12am,3828.775
1368,4,Tamil Nadu - 2026,27-Feb 12am,3828.775
1369,1,Tamil Nadu - 2026,27-Feb 1am,3761.2325
1369,2,Tamil Nadu - 2026,27-Feb 1am,3761.2325
1369,3,Tamil Nadu - 2026,27-Feb 1am,3761.2325
1369,4,Tamil Nadu - 2026,27-Feb 1am,3761.2325
1370,1,Tamil Nadu - 2026,27-Feb 2am,3685.61
1370,2,Tamil Nadu - 2026,27-Feb 2am,3685.61
1370,3,Tamil Nadu - 2026,27-Feb 2am,3685.61
1370,4,Tamil Nadu - 2026,27-Feb 2am,3685.61
1371,1,Tamil Nadu - 2026,27-Feb 3am,3611.625
1371,2,Tamil Nadu - 2026,27-Feb 3am,3611.625
1371,3,Tamil Nadu - 2026,27-Feb 3am,3611.625
1371,4,Tamil Nadu - 2026,27-Feb 3am,3611.625
1372,1,Tamil Nadu - 2026,27-Feb 4am,3613.735
1372,2,Tamil Nadu - 2026,27-Feb 4am,3613.735
1372,3,Tamil Nadu - 2026,27-Feb 4am,3613.735
1372,4,Tamil Nadu - 2026,27-Feb 4am,3613.735
1373,1,Tamil Nadu - 2026,27-Feb 5am,3682.7725
1373,2,Tamil Nadu - 2026,27-Feb 5am,3682.7725
1373,3,Tamil Nadu - 2026,27-Feb 5am,3682.7725
1373,4,Tamil Nadu - 2026,27-Feb 5am,3682.7725
1374,1,Tamil Nadu - 2026,27-Feb 6am,3872.3925
1374,2,Tamil Nadu - 2026,27-Feb 6am,3872.3925
1374,3,Tamil Nadu - 2026,27-Feb 6am,3872.3925
1374,4,Tamil Nadu - 2026,27-Feb 6am,3872.3925
1375,1,Tamil Nadu - 2026,27-Feb 7am,4437.4025
1375,2,Tamil Nadu - 2026,27-Feb 7am,4437.4025
1375,3,Tamil Nadu - 2026,27-Feb 7am,4437.4025
1375,4,Tamil Nadu - 2026,27-Feb 7am,4437.4025
1376,1,Tamil Nadu - 2026,27-Feb 8am,4574.8825
1376,2,Tamil Nadu - 2026,27-Feb 8am,4574.8825
1376,3,Tamil Nadu - 2026,27-Feb 8am,4574.8825
1376,4,Tamil Nadu - 2026,27-Feb 8am,4574.8825
1377,1,Tamil Nadu - 2026,27-Feb 9am,4271.5575
1377,2,Tamil Nadu - 2026,27-Feb 9am,4271.5575
1377,3,Tamil Nadu - 2026,27-Feb 9am,4271.5575
1377,4,Tamil Nadu - 2026,27-Feb 9am,4271.5575
1378,1,Tamil Nadu - 2026,27-Feb 10am,3975.735
1378,2,Tamil Nadu - 2026,27-Feb 10am,3975.735
1378,3,Tamil Nadu - 2026,27-Feb 10am,3975.735
1378,4,Tamil Nadu - 2026,27-Feb 10am,3975.735
1379,1,Tamil Nadu - 2026,27-Feb 11am,4195.905
1379,2,Tamil Nadu - 2026,27-Feb 11am,4195.905
1379,3,Tamil Nadu - 2026,27-Feb 11am,4195.905
1379,4,Tamil Nadu - 2026,27-Feb 11am,4195.905
1380,1,Tamil Nadu - 2026,27-Feb 12pm,4043.875
1380,2,Tamil Nadu - 2026,27-Feb 12pm,4043.875
1380,3,Tamil Nadu - 2026,27-Feb 12pm,4043.875
1380,4,Tamil Nadu - 2026,27-Feb 12pm,4043.875
1381,1,Tamil Nadu - 2026,27-Feb 1pm,3964.1675
1381,2,Tamil Nadu - 2026,27-Feb 1pm,3964.1675
1381,3,Tamil Nadu - 2026,27-Feb 1pm,3964.1675
1381,4,Tamil Nadu - 2026,27-Feb 1pm,3964.1675
1382,1,Tamil Nadu - 2026,27-Feb 2pm,3942.0925
1382,2,Tamil Nadu - 2026,27-Feb 2pm,3942.0925
1382,3,Tamil Nadu - 2026,27-Feb 2pm,3942.0925
1382,4,Tamil Nadu - 2026,27-Feb 2pm,3942.0925
1383,1,Tamil Nadu - 2026,27-Feb 3pm,4068.2275
1383,2,Tamil Nadu - 2026,27-Feb 3pm,4068.2275
1383,3,Tamil Nadu - 2026,27-Feb 3pm,4068.2275
1383,4,Tamil Nadu - 2026,27-Feb 3pm,4068.2275
1384,1,Tamil Nadu - 2026,27-Feb 4pm,4347.35
1384,2,Tamil Nadu - 2026,27-Feb 4pm,4347.35
1384,3,Tamil Nadu - 2026,27-Feb 4pm,4347.35
1384,4,Tamil Nadu - 2026,27-Feb 4pm,4347.35
1385,1,Tamil Nadu - 2026,27-Feb 5pm,4602.62
1385,2,Tamil Nadu - 2026,27-Feb 5pm,4602.62
1385,3,Tamil Nadu - 2026,27-Feb 5pm,4602.62
1385,4,Tamil Nadu - 2026,27-Feb 5pm,4602.62
1386,1,Tamil Nadu - 2026,27-Feb 6pm,4573.2
1386,2,Tamil Nadu - 2026,27-Feb 6pm,4573.2
1386,3,Tamil Nadu - 2026,27-Feb 6pm,4573.2
1386,4,Tamil Nadu - 2026,27-Feb 6pm,4573.2
1387,1,Tamil Nadu - 2026,27-Feb 7pm,4548.2475
1387,2,Tamil Nadu - 2026,27-Feb 7pm,4548.2475
1387,3,Tamil Nadu - 2026,27-Feb 7pm,4548.2475
1387,4,Tamil Nadu - 2026,27-Feb 7pm,4548.2475
1388,1,Tamil Nadu - 2026,27-Feb 8pm,4384.19
1388,2,Tamil Nadu - 2026,27-Feb 8pm,4384.19
1388,3,Tamil Nadu - 2026,27-Feb 8pm,4384.19
1388,4,Tamil Nadu - 2026,27-Feb 8pm,4384.19
1389,1,Tamil Nadu - 2026,27-Feb 9pm,4259.8025
1389,2,Tamil Nadu - 2026,27-Feb 9pm,4259.8025
1389,3,Tamil Nadu - 2026,27-Feb 9pm,4259.8025
1389,4,Tamil Nadu - 2026,27-Feb 9pm,4259.8025
1390,1,Tamil Nadu - 2026,27-Feb 10pm,4180.615
1390,2,Tamil Nadu - 2026,27-Feb 10pm,4180.615
1390,3,Tamil Nadu - 2026,27-Feb 10pm,4180.615
1390,4,Tamil Nadu - 2026,27-Feb 10pm,4180.615
1391,1,Tamil Nadu - 2026,27-Feb 11pm,4028.82
1391,2,Tamil Nadu - 2026,27-Feb 11pm,4028.82
1391,3,Tamil Nadu - 2026,27-Feb 11pm,4028.82
1391,4,Tamil Nadu - 2026,27-Feb 11pm,4028.82
1392,1,Tamil Nadu - 2026,28-Feb 12am,3724.3325
1392,2,Tamil Nadu - 2026,28-Feb 12am,3724.3325
1392,3,Tamil Nadu - 2026,28-Feb 12am,3724.3325
1392,4,Tamil Nadu - 2026,28-Feb 12am,3724.3325
1393,1,Tamil Nadu - 2026,28-Feb 1am,3765.415
1393,2,Tamil Nadu - 2026,28-Feb 1am,3765.415
1393,3,Tamil Nadu - 2026,28-Feb 1am,3765.415
1393,4,Tamil Nadu - 2026,28-Feb 1am,3765.415
1394,1,Tamil Nadu - 2026,28-Feb 2am,3418.4425
1394,2,Tamil Nadu - 2026,28-Feb 2am,3418.4425
1394,3,Tamil Nadu - 2026,28-Feb 2am,3418.4425
1394,4,Tamil Nadu - 2026,28-Feb 2am,3418.4425
1395,1,Tamil Nadu - 2026,28-Feb 3am,3479.3925
1395,2,Tamil Nadu - 2026,28-Feb 3am,3479.3925
1395,3,Tamil Nadu - 2026,28-Feb 3am,3479.3925
1395,4,Tamil Nadu - 2026,28-Feb 3am,3479.3925
1396,1,Tamil Nadu - 2026,28-Feb 4am,3468.1025
1396,2,Tamil Nadu - 2026,28-Feb 4am,3468.1025
1396,3,Tamil Nadu - 2026,28-Feb 4am,3468.1025
1396,4,Tamil Nadu - 2026,28-Feb 4am,3468.1025
1397,1,Tamil Nadu - 2026,28-Feb 5am,3593.03
1397,2,Tamil Nadu - 2026,28-Feb 5am,3593.03
1397,3,Tamil Nadu - 2026,28-Feb 5am,3593.03
1397,4,Tamil Nadu - 2026,28-Feb 5am,3593.03
1398,1,Tamil Nadu - 2026,28-Feb 6am,3773.1875
1398,2,Tamil Nadu - 2026,28-Feb 6am,3773.1875
1398,3,Tamil Nadu - 2026,28-Feb 6am,3773.1875
1398,4,Tamil Nadu - 2026,28-Feb 6am,3773.1875
1399,1,Tamil Nadu - 2026,28-Feb 7am,4164.8275
1399,2,Tamil Nadu - 2026,28-Feb 7am,4164.8275
1399,3,Tamil Nadu - 2026,28-Feb 7am,4164.8275
1399,4,Tamil Nadu - 2026,28-Feb 7am,4164.8275
1400,1,Tamil Nadu - 2026,28-Feb 8am,4349.07
1400,2,Tamil Nadu - 2026,28-Feb 8am,4349.07
1400,3,Tamil Nadu - 2026,28-Feb 8am,4349.07
1400,4,Tamil Nadu - 2026,28-Feb 8am,4349.07
1401,1,Tamil Nadu - 2026,28-Feb 9am,4267.5525
1401,2,Tamil Nadu - 2026,28-Feb 9am,4267.5525
1401,3,Tamil Nadu - 2026,28-Feb 9am,4267.5525
1401,4,Tamil Nadu - 2026,28-Feb 9am,4267.5525
1402,1,Tamil Nadu - 2026,28-Feb 10am,4144.2325
1402,2,Tamil Nadu - 2026,28-Feb 10am,4144.2325
1402,3,Tamil Nadu - 2026,28-Feb 10am,4144.2325
1402,4,Tamil Nadu - 2026,28-Feb 10am,4144.2325
1403,1,Tamil Nadu - 2026,28-Feb 11am,4095.345
1403,2,Tamil Nadu - 2026,28-Feb 11am,4095.345
1403,3,Tamil Nadu - 2026,28-Feb 11am,4095.345
1403,4,Tamil Nadu - 2026,28-Feb 11am,4095.345
1404,1,Tamil Nadu - 2026,28-Feb 12pm,4052.055
1404,2,Tamil Nadu - 2026,28-Feb 12pm,4052.055
1404,3,Tamil Nadu - 2026,28-Feb 12pm,4052.055
1404,4,Tamil Nadu - 2026,28-Feb 12pm,4052.055
1405,1,Tamil Nadu - 2026,28-Feb 1pm,3967.6475
1405,2,Tamil Nadu - 2026,28-Feb 1pm,3967.6475
1405,3,Tamil Nadu - 2026,28-Feb 1pm,3967.6475
1405,4,Tamil Nadu - 2026,28-Feb 1pm,3967.6475
1406,1,Tamil Nadu - 2026,28-Feb 2pm,3880.845
1406,2,Tamil Nadu - 2026,28-Feb 2pm,3880.845
1406,3,Tamil Nadu - 2026,28-Feb 2pm,3880.845
1406,4,Tamil Nadu - 2026,28-Feb 2pm,3880.845
1407,1,Tamil Nadu - 2026,28-Feb 3pm,4099.615
1407,2,Tamil Nadu - 2026,28-Feb 3pm,4099.615
1407,3,Tamil Nadu - 2026,28-Feb 3pm,4099.615
1407,4,Tamil Nadu - 2026,28-Feb 3pm,4099.615
1408,1,Tamil Nadu - 2026,28-Feb 4pm,4357.5625
1408,2,Tamil Nadu - 2026,28-Feb 4pm,4357.5625
1408,3,Tamil Nadu - 2026,28-Feb 4pm,4357.5625
1408,4,Tamil Nadu - 2026,28-Feb 4pm,4357.5625
1409,1,Tamil Nadu - 2026,28-Feb 5pm,4614.3975
1409,2,Tamil Nadu - 2026,28-Feb 5pm,4614.3975
1409,3,Tamil Nadu - 2026,28-Feb 5pm,4614.3975
1409,4,Tamil Nadu - 2026,28-Feb 5pm,4614.3975
1410,1,Tamil Nadu - 2026,28-Feb 6pm,4453.295
1410,2,Tamil Nadu - 2026,28-Feb 6pm,4453.295
1410,3,Tamil Nadu - 2026,28-Feb 6pm,4453.295
1410,4,Tamil Nadu - 2026,28-Feb 6pm,4453.295
1411,1,Tamil Nadu - 2026,28-Feb 7pm,4498.955
1411,2,Tamil Nadu - 2026,28-Feb 7pm,4498.955
1411,3,Tamil Nadu - 2026,28-Feb 7pm,4498.955
1411,4,Tamil Nadu - 2026,28-Feb 7pm,4498.955
1412,1,Tamil Nadu - 2026,28-Feb 8pm,4279.4775
1412,2,Tamil Nadu - 2026,28-Feb 8pm,4279.4775
1412,3,Tamil Nadu - 2026,28-Feb 8pm,4279.4775
1412,4,Tamil Nadu - 2026,28-Feb 8pm,4279.4775
1413,1,Tamil Nadu - 2026,28-Feb 9pm,4174.3225
1413,2,Tamil Nadu - 2026,28-Feb 9pm,4174.3225
1413,3,Tamil Nadu - 2026,28-Feb 9pm,4174.3225
1413,4,Tamil Nadu - 2026,28-Feb 9pm,4174.3225
1414,1,Tamil Nadu - 2026,28-Feb 10pm,4114.8275
1414,2,Tamil Nadu - 2026,28-Feb 10pm,4114.8275
1414,3,Tamil Nadu - 2026,28-Feb 10pm,4114.8275
1414,4,Tamil Nadu - 2026,28-Feb 10pm,4114.8275
1415,1,Tamil Nadu - 2026,28-Feb 11pm,4024.6425
1415,2,Tamil Nadu - 2026,28-Feb 11pm,4024.6425
1415,3,Tamil Nadu - 2026,28-Feb 11pm,4024.6425
1415,4,Tamil Nadu - 2026,28-Feb 11pm,4024.6425
1416,1,Tamil Nadu - 2026,01-Mar 12am,3288.6725
1416,2,Tamil Nadu - 2026,01-Mar 12am,3288.6725
1416,3,Tamil Nadu - 2026,01-Mar 12am,3288.6725
1416,4,Tamil Nadu - 2026,01-Mar 12am,3288.6725
1417,1,Tamil Nadu - 2026,01-Mar 1am,3232.4425
1417,2,Tamil Nadu - 2026,01-Mar 1am,3232.4425
1417,3,Tamil Nadu - 2026,01-Mar 1am,3232.4425
1417,4,Tamil Nadu - 2026,01-Mar 1am,3232.4425
1418,1,Tamil Nadu - 2026,01-Mar 2am,3172.655
1418,2,Tamil Nadu - 2026,01-Mar 2am,3172.655
1418,3,Tamil Nadu - 2026,01-Mar 2am,3172.655
1418,4,Tamil Nadu - 2026,01-Mar 2am,3172.655
1419,1,Tamil Nadu - 2026,01-Mar 3am,3125.645
1419,2,Tamil Nadu - 2026,01-Mar 3am,3125.645
1419,3,Tamil Nadu - 2026,01-Mar 3am,3125.645
1419,4,Tamil Nadu - 2026,01-Mar 3am,3125.645
1420,1,Tamil Nadu - 2026,01-Mar 4am,3161.315
1420,2,Tamil Nadu - 2026,01-Mar 4am,3161.315
1420,3,Tamil Nadu - 2026,01-Mar 4am,3161.315
1420,4,Tamil Nadu - 2026,01-Mar 4am,3161.315
1421,1,Tamil Nadu - 2026,01-Mar 5am,3264.2875
1421,2,Tamil Nadu - 2026,01-Mar 5am,3264.2875
1421,3,Tamil Nadu - 2026,01-Mar 5am,3264.2875
1421,4,Tamil Nadu - 2026,01-Mar 5am,3264.2875
1422,1,Tamil Nadu - 2026,01-Mar 6am,3367.98
1422,2,Tamil Nadu - 2026,01-Mar 6am,3367.98
1422,3,Tamil Nadu - 2026,01-Mar 6am,3367.98
1422,4,Tamil Nadu - 2026,01-Mar 6am,3367.98
1423,1,Tamil Nadu - 2026,01-Mar 7am,3644.78
1423,2,Tamil Nadu - 2026,01-Mar 7am,3644.78
1423,3,Tamil Nadu - 2026,01-Mar 7am,3644.78
1423,4,Tamil Nadu - 2026,01-Mar 7am,3644.78
1424,1,Tamil Nadu - 2026,01-Mar 8am,3797.9975
1424,2,Tamil Nadu - 2026,01-Mar 8am,3797.9975
1424,3,Tamil Nadu - 2026,01-Mar 8am,3797.9975
1424,4,Tamil Nadu - 2026,01-Mar 8am,3797.9975
1425,1,Tamil Nadu - 2026,01-Mar 9am,4046.1875
1425,2,Tamil Nadu - 2026,01-Mar 9am,4046.1875
1425,3,Tamil Nadu - 2026,01-Mar 9am,4046.1875
1425,4,Tamil Nadu - 2026,01-Mar 9am,4046.1875
1426,1,Tamil Nadu - 2026,01-Mar 10am,4108.31
1426,2,Tamil Nadu - 2026,01-Mar 10am,4108.31
1426,3,Tamil Nadu - 2026,01-Mar 10am,4108.31
1426,4,Tamil Nadu - 2026,01-Mar 10am,4108.31
1427,1,Tamil Nadu - 2026,01-Mar 11am,4004.2325
1427,2,Tamil Nadu - 2026,01-Mar 11am,4004.2325
1427,3,Tamil Nadu - 2026,01-Mar 11am,4004.2325
1427,4,Tamil Nadu - 2026,01-Mar 11am,4004.2325
1428,1,Tamil Nadu - 2026,01-Mar 12pm,3956.2575
1428,2,Tamil Nadu - 2026,01-Mar 12pm,3956.2575
1428,3,Tamil Nadu - 2026,01-Mar 12pm,3956.2575
1428,4,Tamil Nadu - 2026,01-Mar 12pm,3956.2575
1429,1,Tamil Nadu - 2026,01-Mar 1pm,3926.755
1429,2,Tamil Nadu - 2026,01-Mar 1pm,3926.755
1429,3,Tamil Nadu - 2026,01-Mar 1pm,3926.755
1429,4,Tamil Nadu - 2026,01-Mar 1pm,3926.755
1430,1,Tamil Nadu - 2026,01-Mar 2pm,3676.795
1430,2,Tamil Nadu - 2026,01-Mar 2pm,3676.795
1430,3,Tamil Nadu - 2026,01-Mar 2pm,3676.795
1430,4,Tamil Nadu - 2026,01-Mar 2pm,3676.795
1431,1,Tamil Nadu - 2026,01-Mar 3pm,3762.965
1431,2,Tamil Nadu - 2026,01-Mar 3pm,3762.965
1431,3,Tamil Nadu - 2026,01-Mar 3pm,3762.965
1431,4,Tamil Nadu - 2026,01-Mar 3pm,3762.965
1432,1,Tamil Nadu - 2026,01-Mar 4pm,3776.195
1432,2,Tamil Nadu - 2026,01-Mar 4pm,3776.195
1432,3,Tamil Nadu - 2026,01-Mar 4pm,3776.195
1432,4,Tamil Nadu - 2026,01-Mar 4pm,3776.195
1433,1,Tamil Nadu - 2026,01-Mar 5pm,3653.7025
1433,2,Tamil Nadu - 2026,01-Mar 5pm,3653.7025
1433,3,Tamil Nadu - 2026,01-Mar 5pm,3653.7025
1433,4,Tamil Nadu - 2026,01-Mar 5pm,3653.7025
1434,1,Tamil Nadu - 2026,01-Mar 6pm,3761.08
1434,2,Tamil Nadu - 2026,01-Mar 6pm,3761.08
1434,3,Tamil Nadu - 2026,01-Mar 6pm,3761.08
1434,4,Tamil Nadu - 2026,01-Mar 6pm,3761.08
1435,1,Tamil Nadu - 2026,01-Mar 7pm,3716.3025
1435,2,Tamil Nadu - 2026,01-Mar 7pm,3716.3025
1435,3,Tamil Nadu - 2026,01-Mar 7pm,3716.3025
1435,4,Tamil Nadu - 2026,01-Mar 7pm,3716.3025
1436,1,Tamil Nadu - 2026,01-Mar 8pm,3544.0125
1436,2,Tamil Nadu - 2026,01-Mar 8pm,3544.0125
1436,3,Tamil Nadu - 2026,01-Mar 8pm,3544.0125
1436,4,Tamil Nadu - 2026,01-Mar 8pm,3544.0125
1437,1,Tamil Nadu - 2026,01-Mar 9pm,3401.1025
1437,2,Tamil Nadu - 2026,01-Mar 9pm,3401.1025
1437,3,Tamil Nadu - 2026,01-Mar 9pm,3401.1025
1437,4,Tamil Nadu - 2026,01-Mar 9pm,3401.1025
1438,1,Tamil Nadu - 2026,01-Mar 10pm,3244.98
1438,2,Tamil Nadu - 2026,01-Mar 10pm,3244.98
1438,3,Tamil Nadu - 2026,01-Mar 10pm,3244.98
1438,4,Tamil Nadu - 2026,01-Mar 10pm,3244.98
1439,1,Tamil Nadu - 2026,01-Mar 11pm,3087.49
1439,2,Tamil Nadu - 2026,01-Mar 11pm,3087.49
1439,3,Tamil Nadu - 2026,01-Mar 11pm,3087.49
1439,4,Tamil Nadu - 2026,01-Mar 11pm,3087.49
1440,1,Tamil Nadu - 2026,02-Mar 12am,3038.475
1440,2,Tamil Nadu - 2026,02-Mar 12am,3038.475
1440,3,Tamil Nadu - 2026,02-Mar 12am,3038.475
1440,4,Tamil Nadu - 2026,02-Mar 12am,3038.475
1441,1,Tamil Nadu - 2026,02-Mar 1am,2976.3225
1441,2,Tamil Nadu - 2026,02-Mar 1am,2976.3225
1441,3,Tamil Nadu - 2026,02-Mar 1am,2976.3225
1441,4,Tamil Nadu - 2026,02-Mar 1am,2976.3225
1442,1,Tamil Nadu - 2026,02-Mar 2am,2939.705
1442,2,Tamil Nadu - 2026,02-Mar 2am,2939.705
1442,3,Tamil Nadu - 2026,02-Mar 2am,2939.705
1442,4,Tamil Nadu - 2026,02-Mar 2am,2939.705
1443,1,Tamil Nadu - 2026,02-Mar 3am,2929.1825
1443,2,Tamil Nadu - 2026,02-Mar 3am,2929.1825
1443,3,Tamil Nadu - 2026,02-Mar 3am,2929.1825
1443,4,Tamil Nadu - 2026,02-Mar 3am,2929.1825
1444,1,Tamil Nadu - 2026,02-Mar 4am,2945.6675
1444,2,Tamil Nadu - 2026,02-Mar 4am,2945.6675
1444,3,Tamil Nadu - 2026,02-Mar 4am,2945.6675
1444,4,Tamil Nadu - 2026,02-Mar 4am,2945.6675
1445,1,Tamil Nadu - 2026,02-Mar 5am,3074.2775
1445,2,Tamil Nadu - 2026,02-Mar 5am,3074.2775
1445,3,Tamil Nadu - 2026,02-Mar 5am,3074.2775
1445,4,Tamil Nadu - 2026,02-Mar 5am,3074.2775
1446,1,Tamil Nadu - 2026,02-Mar 6am,3240.28
1446,2,Tamil Nadu - 2026,02-Mar 6am,3240.28
1446,3,Tamil Nadu - 2026,02-Mar 6am,3240.28
1446,4,Tamil Nadu - 2026,02-Mar 6am,3240.28
1447,1,Tamil Nadu - 2026,02-Mar 7am,3717.3425
1447,2,Tamil Nadu - 2026,02-Mar 7am,3717.3425
1447,3,Tamil Nadu - 2026,02-Mar 7am,3717.3425
1447,4,Tamil Nadu - 2026,02-Mar 7am,3717.3425
1448,1,Tamil Nadu - 2026,02-Mar 8am,3987.6825
1448,2,Tamil Nadu - 2026,02-Mar 8am,3987.6825
1448,3,Tamil Nadu - 2026,02-Mar 8am,3987.6825
1448,4,Tamil Nadu - 2026,02-Mar 8am,3987.6825
1449,1,Tamil Nadu - 2026,02-Mar 9am,4159.45
1449,2,Tamil Nadu - 2026,02-Mar 9am,4159.45
1449,3,Tamil Nadu - 2026,02-Mar 9am,4159.45
1449,4,Tamil Nadu - 2026,02-Mar 9am,4159.45
1450,1,Tamil Nadu - 2026,02-Mar 10am,4250.5075
1450,2,Tamil Nadu - 2026,02-Mar 10am,4250.5075
1450,3,Tamil Nadu - 2026,02-Mar 10am,4250.5075
1450,4,Tamil Nadu - 2026,02-Mar 10am,4250.5075
1451,1,Tamil Nadu - 2026,02-Mar 11am,4188.76
1451,2,Tamil Nadu - 2026,02-Mar 11am,4188.76
1451,3,Tamil Nadu - 2026,02-Mar 11am,4188.76
1451,4,Tamil Nadu - 2026,02-Mar 11am,4188.76
1452,1,Tamil Nadu - 2026,02-Mar 12pm,4145.785
1452,2,Tamil Nadu - 2026,02-Mar 12pm,4145.785
1452,3,Tamil Nadu - 2026,02-Mar 12pm,4145.785
1452,4,Tamil Nadu - 2026,02-Mar 12pm,4145.785
1453,1,Tamil Nadu - 2026,02-Mar 1pm,4115.2525
1453,2,Tamil Nadu - 2026,02-Mar 1pm,4115.2525
1453,3,Tamil Nadu - 2026,02-Mar 1pm,4115.2525
1453,4,Tamil Nadu - 2026,02-Mar 1pm,4115.2525
1454,1,Tamil Nadu - 2026,02-Mar 2pm,4044.0625
1454,2,Tamil Nadu - 2026,02-Mar 2pm,4044.0625
1454,3,Tamil Nadu - 2026,02-Mar 2pm,4044.0625
1454,4,Tamil Nadu - 2026,02-Mar 2pm,4044.0625
1455,1,Tamil Nadu - 2026,02-Mar 3pm,4095.475
1455,2,Tamil Nadu - 2026,02-Mar 3pm,4095.475
1455,3,Tamil Nadu - 2026,02-Mar 3pm,4095.475
1455,4,Tamil Nadu - 2026,02-Mar 3pm,4095.475
1456,1,Tamil Nadu - 2026,02-Mar 4pm,4201.56
1456,2,Tamil Nadu - 2026,02-Mar 4pm,4201.56
1456,3,Tamil Nadu - 2026,02-Mar 4pm,4201.56
1456,4,Tamil Nadu - 2026,02-Mar 4pm,4201.56
1457,1,Tamil Nadu - 2026,02-Mar 5pm,4297.4875
1457,2,Tamil Nadu - 2026,02-Mar 5pm,4297.4875
1457,3,Tamil Nadu - 2026,02-Mar 5pm,4297.4875
1457,4,Tamil Nadu - 2026,02-Mar 5pm,4297.4875
1458,1,Tamil Nadu - 2026,02-Mar 6pm,4228.49
1458,2,Tamil Nadu - 2026,02-Mar 6pm,4228.49
1458,3,Tamil Nadu - 2026,02-Mar 6pm,4228.49
1458,4,Tamil Nadu - 2026,02-Mar 6pm,4228.49
1459,1,Tamil Nadu - 2026,02-Mar 7pm,4164.66
1459,2,Tamil Nadu - 2026,02-Mar 7pm,4164.66
1459,3,Tamil Nadu - 2026,02-Mar 7pm,4164.66
1459,4,Tamil Nadu - 2026,02-Mar 7pm,4164.66
1460,1,Tamil Nadu - 2026,02-Mar 8pm,3899.245
1460,2,Tamil Nadu - 2026,02-Mar 8pm,3899.245
1460,3,Tamil Nadu - 2026,02-Mar 8pm,3899.245
1460,4,Tamil Nadu - 2026,02-Mar 8pm,3899.245
1461,1,Tamil Nadu - 2026,02-Mar 9pm,3711.3275
1461,2,Tamil Nadu - 2026,02-Mar 9pm,3711.3275
1461,3,Tamil Nadu - 2026,02-Mar 9pm,3711.3275
1461,4,Tamil Nadu - 2026,02-Mar 9pm,3711.3275
1462,1,Tamil Nadu - 2026,02-Mar 10pm,3508.15
1462,2,Tamil Nadu - 2026,02-Mar 10pm,3508.15
1462,3,Tamil Nadu - 2026,02-Mar 10pm,3508.15
1462,4,Tamil Nadu - 2026,02-Mar 10pm,3508.15
1463,1,Tamil Nadu - 2026,02-Mar 11pm,3342.7625
1463,2,Tamil Nadu - 2026,02-Mar 11pm,3342.7625
1463,3,Tamil Nadu - 2026,02-Mar 11pm,3342.7625
1463,4,Tamil Nadu - 2026,02-Mar 11pm,3342.7625
1464,1,Tamil Nadu - 2026,03-Mar 12am,3246.7125
1464,2,Tamil Nadu - 2026,03-Mar 12am,3246.7125
1464,3,Tamil Nadu - 2026,03-Mar 12am,3246.7125
1464,4,Tamil Nadu - 2026,03-Mar 12am,3246.7125
1465,1,Tamil Nadu - 2026,03-Mar 1am,3164.645
1465,2,Tamil Nadu - 2026,03-Mar 1am,3164.645
1465,3,Tamil Nadu - 2026,03-Mar 1am,3164.645
1465,4,Tamil Nadu - 2026,03-Mar 1am,3164.645
1466,1,Tamil Nadu - 2026,03-Mar 2am,3099.6275
1466,2,Tamil Nadu - 2026,03-Mar 2am,3099.6275
1466,3,Tamil Nadu - 2026,03-Mar 2am,3099.6275
1466,4,Tamil Nadu - 2026,03-Mar 2am,3099.6275
1467,1,Tamil Nadu - 2026,03-Mar 3am,3093.1375
1467,2,Tamil Nadu - 2026,03-Mar 3am,3093.1375
1467,3,Tamil Nadu - 2026,03-Mar 3am,3093.1375
1467,4,Tamil Nadu - 2026,03-Mar 3am,3093.1375
1468,1,Tamil Nadu - 2026,03-Mar 4am,3112.61
1468,2,Tamil Nadu - 2026,03-Mar 4am,3112.61
1468,3,Tamil Nadu - 2026,03-Mar 4am,3112.61
1468,4,Tamil Nadu - 2026,03-Mar 4am,3112.61
1469,1,Tamil Nadu - 2026,03-Mar 5am,3227.3325
1469,2,Tamil Nadu - 2026,03-Mar 5am,3227.3325
1469,3,Tamil Nadu - 2026,03-Mar 5am,3227.3325
1469,4,Tamil Nadu - 2026,03-Mar 5am,3227.3325
1470,1,Tamil Nadu - 2026,03-Mar 6am,3339.45
1470,2,Tamil Nadu - 2026,03-Mar 6am,3339.45
1470,3,Tamil Nadu - 2026,03-Mar 6am,3339.45
1470,4,Tamil Nadu - 2026,03-Mar 6am,3339.45
1471,1,Tamil Nadu - 2026,03-Mar 7am,3715.3775
1471,2,Tamil Nadu - 2026,03-Mar 7am,3715.3775
1471,3,Tamil Nadu - 2026,03-Mar 7am,3715.3775
1471,4,Tamil Nadu - 2026,03-Mar 7am,3715.3775
1472,1,Tamil Nadu - 2026,03-Mar 8am,3952.8325
1472,2,Tamil Nadu - 2026,03-Mar 8am,3952.8325
1472,3,Tamil Nadu - 2026,03-Mar 8am,3952.8325
1472,4,Tamil Nadu - 2026,03-Mar 8am,3952.8325
1473,1,Tamil Nadu - 2026,03-Mar 9am,4090.34
1473,2,Tamil Nadu - 2026,03-Mar 9am,4090.34
1473,3,Tamil Nadu - 2026,03-Mar 9am,4090.34
1473,4,Tamil Nadu - 2026,03-Mar 9am,4090.34
1474,1,Tamil Nadu - 2026,03-Mar 10am,3890.9975
1474,2,Tamil Nadu - 2026,03-Mar 10am,3890.9975
1474,3,Tamil Nadu - 2026,03-Mar 10am,3890.9975
1474,4,Tamil Nadu - 2026,03-Mar 10am,3890.9975
1475,1,Tamil Nadu - 2026,03-Mar 11am,3789.9775
1475,2,Tamil Nadu - 2026,03-Mar 11am,3789.9775
1475,3,Tamil Nadu - 2026,03-Mar 11am,3789.9775
1475,4,Tamil Nadu - 2026,03-Mar 11am,3789.9775
1476,1,Tamil Nadu - 2026,03-Mar 12pm,3837.3575
1476,2,Tamil Nadu - 2026,03-Mar 12pm,3837.3575
1476,3,Tamil Nadu - 2026,03-Mar 12pm,3837.3575
1476,4,Tamil Nadu - 2026,03-Mar 12pm,3837.3575
1477,1,Tamil Nadu - 2026,03-Mar 1pm,3690.7025
1477,2,Tamil Nadu - 2026,03-Mar 1pm,3690.7025
1477,3,Tamil Nadu - 2026,03-Mar 1pm,3690.7025
1477,4,Tamil Nadu - 2026,03-Mar 1pm,3690.7025
1478,1,Tamil Nadu - 2026,03-Mar 2pm,3657.5775
1478,2,Tamil Nadu - 2026,03-Mar 2pm,3657.5775
1478,3,Tamil Nadu - 2026,03-Mar 2pm,3657.5775
1478,4,Tamil Nadu - 2026,03-Mar 2pm,3657.5775
1479,1,Tamil Nadu - 2026,03-Mar 3pm,3750.0925
1479,2,Tamil Nadu - 2026,03-Mar 3pm,3750.0925
1479,3,Tamil Nadu - 2026,03-Mar 3pm,3750.0925
1479,4,Tamil Nadu - 2026,03-Mar 3pm,3750.0925
1480,1,Tamil Nadu - 2026,03-Mar 4pm,3855.37
1480,2,Tamil Nadu - 2026,03-Mar 4pm,3855.37
1480,3,Tamil Nadu - 2026,03-Mar 4pm,3855.37
1480,4,Tamil Nadu - 2026,03-Mar 4pm,3855.37
1481,1,Tamil Nadu - 2026,03-Mar 5pm,4157.14
1481,2,Tamil Nadu - 2026,03-Mar 5pm,4157.14
1481,3,Tamil Nadu - 2026,03-Mar 5pm,4157.14
1481,4,Tamil Nadu - 2026,03-Mar 5pm,4157.14
1482,1,Tamil Nadu - 2026,03-Mar 6pm,4144.9525
1482,2,Tamil Nadu - 2026,03-Mar 6pm,4144.9525
1482,3,Tamil Nadu - 2026,03-Mar 6pm,4144.9525
1482,4,Tamil Nadu - 2026,03-Mar 6pm,4144.9525
1483,1,Tamil Nadu - 2026,03-Mar 7pm,4063.96
1483,2,Tamil Nadu - 2026,03-Mar 7pm,4063.96
1483,3,Tamil Nadu - 2026,03-Mar 7pm,4063.96
1483,4,Tamil Nadu - 2026,03-Mar 7pm,4063.96
1484,1,Tamil Nadu - 2026,03-Mar 8pm,3778.7525
1484,2,Tamil Nadu - 2026,03-Mar 8pm,3778.7525
1484,3,Tamil Nadu - 2026,03-Mar 8pm,3778.7525
1484,4,Tamil Nadu - 2026,03-Mar 8pm,3778.7525
1485,1,Tamil Nadu - 2026,03-Mar 9pm,3636.05
1485,2,Tamil Nadu - 2026,03-Mar 9pm,3636.05
1485,3,Tamil Nadu - 2026,03-Mar 9pm,3636.05
1485,4,Tamil Nadu - 2026,03-Mar 9pm,3636.05
1486,1,Tamil Nadu - 2026,03-Mar 10pm,3424.535
1486,2,Tamil Nadu - 2026,03-Mar 10pm,3424.535
1486,3,Tamil Nadu - 2026,03-Mar 10pm,3424.535
1486,4,Tamil Nadu - 2026,03-Mar 10pm,3424.535
1487,1,Tamil Nadu - 2026,03-Mar 11pm,3213.59
1487,2,Tamil Nadu - 2026,03-Mar 11pm,3213.59
1487,3,Tamil Nadu - 2026,03-Mar 11pm,3213.59
1487,4,Tamil Nadu - 2026,03-Mar 11pm,3213.59
1488,1,Tamil Nadu - 2026,04-Mar 12am,3129.7
1488,2,Tamil Nadu - 2026,04-Mar 12am,3129.7
1488,3,Tamil Nadu - 2026,04-Mar 12am,3129.7
1488,4,Tamil Nadu - 2026,04-Mar 12am,3129.7
1489,1,Tamil Nadu - 2026,04-Mar 1am,3041.7175
1489,2,Tamil Nadu - 2026,04-Mar 1am,3041.7175
1489,3,Tamil Nadu - 2026,04-Mar 1am,3041.7175
1489,4,Tamil Nadu - 2026,04-Mar 1am,3041.7175
1490,1,Tamil Nadu - 2026,04-Mar 2am,2989.03
1490,2,Tamil Nadu - 2026,04-Mar 2am,2989.03
1490,3,Tamil Nadu - 2026,04-Mar 2am,2989.03
1490,4,Tamil Nadu - 2026,04-Mar 2am,2989.03
1491,1,Tamil Nadu - 2026,04-Mar 3am,2987.38
1491,2,Tamil Nadu - 2026,04-Mar 3am,2987.38
1491,3,Tamil Nadu - 2026,04-Mar 3am,2987.38
1491,4,Tamil Nadu - 2026,04-Mar 3am,2987.38
1492,1,Tamil Nadu - 2026,04-Mar 4am,2992.2725
1492,2,Tamil Nadu - 2026,04-Mar 4am,2992.2725
1492,3,Tamil Nadu - 2026,04-Mar 4am,2992.2725
1492,4,Tamil Nadu - 2026,04-Mar 4am,2992.2725
1493,1,Tamil Nadu - 2026,04-Mar 5am,3092.03
1493,2,Tamil Nadu - 2026,04-Mar 5am,3092.03
1493,3,Tamil Nadu - 2026,04-Mar 5am,3092.03
1493,4,Tamil Nadu - 2026,04-Mar 5am,3092.03
1494,1,Tamil Nadu - 2026,04-Mar 6am,3161.0325
1494,2,Tamil Nadu - 2026,04-Mar 6am,3161.0325
1494,3,Tamil Nadu - 2026,04-Mar 6am,3161.0325
1494,4,Tamil Nadu - 2026,04-Mar 6am,3161.0325
1495,1,Tamil Nadu - 2026,04-Mar 7am,3458.6475
1495,2,Tamil Nadu - 2026,04-Mar 7am,3458.6475
1495,3,Tamil Nadu - 2026,04-Mar 7am,3458.6475
1495,4,Tamil Nadu - 2026,04-Mar 7am,3458.6475
1496,1,Tamil Nadu - 2026,04-Mar 8am,3577.52
1496,2,Tamil Nadu - 2026,04-Mar 8am,3577.52
1496,3,Tamil Nadu - 2026,04-Mar 8am,3577.52
1496,4,Tamil Nadu - 2026,04-Mar 8am,3577.52
1497,1,Tamil Nadu - 2026,04-Mar 9am,3653.57
1497,2,Tamil Nadu - 2026,04-Mar 9am,3653.57
1497,3,Tamil Nadu - 2026,04-Mar 9am,3653.57
1497,4,Tamil Nadu - 2026,04-Mar 9am,3653.57
1498,1,Tamil Nadu - 2026,04-Mar 10am,3559.8625
1498,2,Tamil Nadu - 2026,04-Mar 10am,3559.8625
1498,3,Tamil Nadu - 2026,04-Mar 10am,3559.8625
1498,4,Tamil Nadu - 2026,04-Mar 10am,3559.8625
1499,1,Tamil Nadu - 2026,04-Mar 11am,3457.905
1499,2,Tamil Nadu - 2026,04-Mar 11am,3457.905
1499,3,Tamil Nadu - 2026,04-Mar 11am,3457.905
1499,4,Tamil Nadu - 2026,04-Mar 11am,3457.905
1500,1,Tamil Nadu - 2026,04-Mar 12pm,3386.5775
1500,2,Tamil Nadu - 2026,04-Mar 12pm,3386.5775
1500,3,Tamil Nadu - 2026,04-Mar 12pm,3386.5775
1500,4,Tamil Nadu - 2026,04-Mar 12pm,3386.5775
1501,1,Tamil Nadu - 2026,04-Mar 1pm,3294.3275
1501,2,Tamil Nadu - 2026,04-Mar 1pm,3294.3275
1501,3,Tamil Nadu - 2026,04-Mar 1pm,3294.3275
1501,4,Tamil Nadu - 2026,04-Mar 1pm,3294.3275
1502,1,Tamil Nadu - 2026,04-Mar 2pm,3273.585
1502,2,Tamil Nadu - 2026,04-Mar 2pm,3273.585
1502,3,Tamil Nadu - 2026,04-Mar 2pm,3273.585
1502,4,Tamil Nadu - 2026,04-Mar 2pm,3273.585
1503,1,Tamil Nadu - 2026,04-Mar 3pm,3323.01
1503,2,Tamil Nadu - 2026,04-Mar 3pm,3323.01
1503,3,Tamil Nadu - 2026,04-Mar 3pm,3323.01
1503,4,Tamil Nadu - 2026,04-Mar 3pm,3323.01
1504,1,Tamil Nadu - 2026,04-Mar 4pm,3480.9
1504,2,Tamil Nadu - 2026,04-Mar 4pm,3480.9
1504,3,Tamil Nadu - 2026,04-Mar 4pm,3480.9
1504,4,Tamil Nadu - 2026,04-Mar 4pm,3480.9
1505,1,Tamil Nadu - 2026,04-Mar 5pm,3603.825
1505,2,Tamil Nadu - 2026,04-Mar 5pm,3603.825
1505,3,Tamil Nadu - 2026,04-Mar 5pm,3603.825
1505,4,Tamil Nadu - 2026,04-Mar 5pm,3603.825
1506,1,Tamil Nadu - 2026,04-Mar 6pm,3684.23
1506,2,Tamil Nadu - 2026,04-Mar 6pm,3684.23
1506,3,Tamil Nadu - 2026,04-Mar 6pm,3684.23
1506,4,Tamil Nadu - 2026,04-Mar 6pm,3684.23
1507,1,Tamil Nadu - 2026,04-Mar 7pm,3602.8925
1507,2,Tamil Nadu - 2026,04-Mar 7pm,3602.8925
1507,3,Tamil Nadu - 2026,04-Mar 7pm,3602.8925
1507,4,Tamil Nadu - 2026,04-Mar 7pm,3602.8925
1508,1,Tamil Nadu - 2026,04-Mar 8pm,3402.5875
1508,2,Tamil Nadu - 2026,04-Mar 8pm,3402.5875
1508,3,Tamil Nadu - 2026,04-Mar 8pm,3402.5875
1508,4,Tamil Nadu - 2026,04-Mar 8pm,3402.5875
1509,1,Tamil Nadu - 2026,04-Mar 9pm,3262.0325
1509,2,Tamil Nadu - 2026,04-Mar 9pm,3262.0325
1509,3,Tamil Nadu - 2026,04-Mar 9pm,3262.0325
1509,4,Tamil Nadu - 2026,04-Mar 9pm,3262.0325
1510,1,Tamil Nadu - 2026,04-Mar 10pm,3105.5375
1510,2,Tamil Nadu - 2026,04-Mar 10pm,3105.5375
1510,3,Tamil Nadu - 2026,04-Mar 10pm,3105.5375
1510,4,Tamil Nadu - 2026,04-Mar 10pm,3105.5375
1511,1,Tamil Nadu - 2026,04-Mar 11pm,2885.3675
1511,2,Tamil Nadu - 2026,04-Mar 11pm,2885.3675
1511,3,Tamil Nadu - 2026,04-Mar 11pm,2885.3675
1511,4,Tamil Nadu - 2026,04-Mar 11pm,2885.3675
1512,1,Tamil Nadu - 2026,05-Mar 12am,2796.265
1512,2,Tamil Nadu - 2026,05-Mar 12am,2796.265
1512,3,Tamil Nadu - 2026,05-Mar 12am,2796.265
1512,4,Tamil Nadu - 2026,05-Mar 12am,2796.265
1513,1,Tamil Nadu - 2026,05-Mar 1am,2781.015
1513,2,Tamil Nadu - 2026,05-Mar 1am,2781.015
1513,3,Tamil Nadu - 2026,05-Mar 1am,2781.015
1513,4,Tamil Nadu - 2026,05-Mar 1am,2781.015
1514,1,Tamil Nadu - 2026,05-Mar 2am,2771.0275
1514,2,Tamil Nadu - 2026,05-Mar 2am,2771.0275
1514,3,Tamil Nadu - 2026,05-Mar 2am,2771.0275
1514,4,Tamil Nadu - 2026,05-Mar 2am,2771.0275
1515,1,Tamil Nadu - 2026,05-Mar 3am,2713.8025
1515,2,Tamil Nadu - 2026,05-Mar 3am,2713.8025
1515,3,Tamil Nadu - 2026,05-Mar 3am,2713.8025
1515,4,Tamil Nadu - 2026,05-Mar 3am,2713.8025
1516,1,Tamil Nadu - 2026,05-Mar 4am,2755.25
1516,2,Tamil Nadu - 2026,05-Mar 4am,2755.25
1516,3,Tamil Nadu - 2026,05-Mar 4am,2755.25
1516,4,Tamil Nadu - 2026,05-Mar 4am,2755.25
1517,1,Tamil Nadu - 2026,05-Mar 5am,2909.2675
1517,2,Tamil Nadu - 2026,05-Mar 5am,2909.2675
1517,3,Tamil Nadu - 2026,05-Mar 5am,2909.2675
1517,4,Tamil Nadu - 2026,05-Mar 5am,2909.2675
1518,1,Tamil Nadu - 2026,05-Mar 6am,3181.53
1518,2,Tamil Nadu - 2026,05-Mar 6am,3181.53
1518,3,Tamil Nadu - 2026,05-Mar 6am,3181.53
1518,4,Tamil Nadu - 2026,05-Mar 6am,3181.53
1519,1,Tamil Nadu - 2026,05-Mar 7am,3855.2775
1519,2,Tamil Nadu - 2026,05-Mar 7am,3855.2775
1519,3,Tamil Nadu - 2026,05-Mar 7am,3855.2775
1519,4,Tamil Nadu - 2026,05-Mar 7am,3855.2775
1520,1,Tamil Nadu - 2026,05-Mar 8am,3999.3775
1520,2,Tamil Nadu - 2026,05-Mar 8am,3999.3775
1520,3,Tamil Nadu - 2026,05-Mar 8am,3999.3775
1520,4,Tamil Nadu - 2026,05-Mar 8am,3999.3775
1521,1,Tamil Nadu - 2026,05-Mar 9am,3945.205
1521,2,Tamil Nadu - 2026,05-Mar 9am,3945.205
1521,3,Tamil Nadu - 2026,05-Mar 9am,3945.205
1521,4,Tamil Nadu - 2026,05-Mar 9am,3945.205
1522,1,Tamil Nadu - 2026,05-Mar 10am,3921.45
1522,2,Tamil Nadu - 2026,05-Mar 10am,3921.45
1522,3,Tamil Nadu - 2026,05-Mar 10am,3921.45
1522,4,Tamil Nadu - 2026,05-Mar 10am,3921.45
1523,1,Tamil Nadu - 2026,05-Mar 11am,3898.4575
1523,2,Tamil Nadu - 2026,05-Mar 11am,3898.4575
1523,3,Tamil Nadu - 2026,05-Mar 11am,3898.4575
1523,4,Tamil Nadu - 2026,05-Mar 11am,3898.4575
1524,1,Tamil Nadu - 2026,05-Mar 12pm,3833.8175
1524,2,Tamil Nadu - 2026,05-Mar 12pm,3833.8175
1524,3,Tamil Nadu - 2026,05-Mar 12pm,3833.8175
1524,4,Tamil Nadu - 2026,05-Mar 12pm,3833.8175
1525,1,Tamil Nadu - 2026,05-Mar 1pm,3697.2475
1525,2,Tamil Nadu - 2026,05-Mar 1pm,3697.2475
1525,3,Tamil Nadu - 2026,05-Mar 1pm,3697.2475
1525,4,Tamil Nadu - 2026,05-Mar 1pm,3697.2475
1526,1,Tamil Nadu - 2026,05-Mar 2pm,3616.78
1526,2,Tamil Nadu - 2026,05-Mar 2pm,3616.78
1526,3,Tamil Nadu - 2026,05-Mar 2pm,3616.78
1526,4,Tamil Nadu - 2026,05-Mar 2pm,3616.78
1527,1,Tamil Nadu - 2026,05-Mar 3pm,3879.9075
1527,2,Tamil Nadu - 2026,05-Mar 3pm,3879.9075
1527,3,Tamil Nadu - 2026,05-Mar 3pm,3879.9075
1527,4,Tamil Nadu - 2026,05-Mar 3pm,3879.9075
1528,1,Tamil Nadu - 2026,05-Mar 4pm,4023.31
1528,2,Tamil Nadu - 2026,05-Mar 4pm,4023.31
1528,3,Tamil Nadu - 2026,05-Mar 4pm,4023.31
1528,4,Tamil Nadu - 2026,05-Mar 4pm,4023.31
1529,1,Tamil Nadu - 2026,05-Mar 5pm,4309.2925
1529,2,Tamil Nadu - 2026,05-Mar 5pm,4309.2925
1529,3,Tamil Nadu - 2026,05-Mar 5pm,4309.2925
1529,4,Tamil Nadu - 2026,05-Mar 5pm,4309.2925
1530,1,Tamil Nadu - 2026,05-Mar 6pm,4339.7175
1530,2,Tamil Nadu - 2026,05-Mar 6pm,4339.7175
1530,3,Tamil Nadu - 2026,05-Mar 6pm,4339.7175
1530,4,Tamil Nadu - 2026,05-Mar 6pm,4339.7175
1531,1,Tamil Nadu - 2026,05-Mar 7pm,4158.845
1531,2,Tamil Nadu - 2026,05-Mar 7pm,4158.845
1531,3,Tamil Nadu - 2026,05-Mar 7pm,4158.845
1531,4,Tamil Nadu - 2026,05-Mar 7pm,4158.845
1532,1,Tamil Nadu - 2026,05-Mar 8pm,3887.58
1532,2,Tamil Nadu - 2026,05-Mar 8pm,3887.58
1532,3,Tamil Nadu - 2026,05-Mar 8pm,3887.58
1532,4,Tamil Nadu - 2026,05-Mar 8pm,3887.58
1533,1,Tamil Nadu - 2026,05-Mar 9pm,3608.1475
1533,2,Tamil Nadu - 2026,05-Mar 9pm,3608.1475
1533,3,Tamil Nadu - 2026,05-Mar 9pm,3608.1475
1533,4,Tamil Nadu - 2026,05-Mar 9pm,3608.1475
1534,1,Tamil Nadu - 2026,05-Mar 10pm,3391.2125
1534,2,Tamil Nadu - 2026,05-Mar 10pm,3391.2125
1534,3,Tamil Nadu - 2026,05-Mar 10pm,3391.2125
1534,4,Tamil Nadu - 2026,05-Mar 10pm,3391.2125
1535,1,Tamil Nadu - 2026,05-Mar 11pm,3216.835
1535,2,Tamil Nadu - 2026,05-Mar 11pm,3216.835
1535,3,Tamil Nadu - 2026,05-Mar 11pm,3216.835
1535,4,Tamil Nadu - 2026,05-Mar 11pm,3216.835
1536,1,Tamil Nadu - 2026,06-Mar 12am,3124.6775
1536,2,Tamil Nadu - 2026,06-Mar 12am,3124.6775
1536,3,Tamil Nadu - 2026,06-Mar 12am,3124.6775
1536,4,Tamil Nadu - 2026,06-Mar 12am,3124.6775
1537,1,Tamil Nadu - 2026,06-Mar 1am,3093.3425
1537,2,Tamil Nadu - 2026,06-Mar 1am,3093.3425
1537,3,Tamil Nadu - 2026,06-Mar 1am,3093.3425
1537,4,Tamil Nadu - 2026,06-Mar 1am,3093.3425
1538,1,Tamil Nadu - 2026,06-Mar 2am,3080.48
1538,2,Tamil Nadu - 2026,06-Mar 2am,3080.48
1538,3,Tamil Nadu - 2026,06-Mar 2am,3080.48
1538,4,Tamil Nadu - 2026,06-Mar 2am,3080.48
1539,1,Tamil Nadu - 2026,06-Mar 3am,3043.76
1539,2,Tamil Nadu - 2026,06-Mar 3am,3043.76
1539,3,Tamil Nadu - 2026,06-Mar 3am,3043.76
1539,4,Tamil Nadu - 2026,06-Mar 3am,3043.76
1540,1,Tamil Nadu - 2026,06-Mar 4am,3065.4175
1540,2,Tamil Nadu - 2026,06-Mar 4am,3065.4175
1540,3,Tamil Nadu - 2026,06-Mar 4am,3065.4175
1540,4,Tamil Nadu - 2026,06-Mar 4am,3065.4175
1541,1,Tamil Nadu - 2026,06-Mar 5am,3178.84
1541,2,Tamil Nadu - 2026,06-Mar 5am,3178.84
1541,3,Tamil Nadu - 2026,06-Mar 5am,3178.84
1541,4,Tamil Nadu - 2026,06-Mar 5am,3178.84
1542,1,Tamil Nadu - 2026,06-Mar 6am,3482.5
1542,2,Tamil Nadu - 2026,06-Mar 6am,3482.5
1542,3,Tamil Nadu - 2026,06-Mar 6am,3482.5
1542,4,Tamil Nadu - 2026,06-Mar 6am,3482.5
1543,1,Tamil Nadu - 2026,06-Mar 7am,4101.235
1543,2,Tamil Nadu - 2026,06-Mar 7am,4101.235
1543,3,Tamil Nadu - 2026,06-Mar 7am,4101.235
1543,4,Tamil Nadu - 2026,06-Mar 7am,4101.235
1544,1,Tamil Nadu - 2026,06-Mar 8am,3971.99
1544,2,Tamil Nadu - 2026,06-Mar 8am,3971.99
1544,3,Tamil Nadu - 2026,06-Mar 8am,3971.99
1544,4,Tamil Nadu - 2026,06-Mar 8am,3971.99
1545,1,Tamil Nadu - 2026,06-Mar 9am,4158.095
1545,2,Tamil Nadu - 2026,06-Mar 9am,4158.095
1545,3,Tamil Nadu - 2026,06-Mar 9am,4158.095
1545,4,Tamil Nadu - 2026,06-Mar 9am,4158.095
1546,1,Tamil Nadu - 2026,06-Mar 10am,3975.2925
1546,2,Tamil Nadu - 2026,06-Mar 10am,3975.2925
1546,3,Tamil Nadu - 2026,06-Mar 10am,3975.2925
1546,4,Tamil Nadu - 2026,06-Mar 10am,3975.2925
1547,1,Tamil Nadu - 2026,06-Mar 11am,3879.895
1547,2,Tamil Nadu - 2026,06-Mar 11am,3879.895
1547,3,Tamil Nadu - 2026,06-Mar 11am,3879.895
1547,4,Tamil Nadu - 2026,06-Mar 11am,3879.895
1548,1,Tamil Nadu - 2026,06-Mar 12pm,3835.14
1548,2,Tamil Nadu - 2026,06-Mar 12pm,3835.14
1548,3,Tamil Nadu - 2026,06-Mar 12pm,3835.14
1548,4,Tamil Nadu - 2026,06-Mar 12pm,3835.14
1549,1,Tamil Nadu - 2026,06-Mar 1pm,3743.94
1549,2,Tamil Nadu - 2026,06-Mar 1pm,3743.94
1549,3,Tamil Nadu - 2026,06-Mar 1pm,3743.94
1549,4,Tamil Nadu - 2026,06-Mar 1pm,3743.94
1550,1,Tamil Nadu - 2026,06-Mar 2pm,3730.4525
1550,2,Tamil Nadu - 2026,06-Mar 2pm,3730.4525
1550,3,Tamil Nadu - 2026,06-Mar 2pm,3730.4525
1550,4,Tamil Nadu - 2026,06-Mar 2pm,3730.4525
1551,1,Tamil Nadu - 2026,06-Mar 3pm,3871.6625
1551,2,Tamil Nadu - 2026,06-Mar 3pm,3871.6625
1551,3,Tamil Nadu - 2026,06-Mar 3pm,3871.6625
1551,4,Tamil Nadu - 2026,06-Mar 3pm,3871.6625
1552,1,Tamil Nadu - 2026,06-Mar 4pm,4010.405
1552,2,Tamil Nadu - 2026,06-Mar 4pm,4010.405
1552,3,Tamil Nadu - 2026,06-Mar 4pm,4010.405
1552,4,Tamil Nadu - 2026,06-Mar 4pm,4010.405
1553,1,Tamil Nadu - 2026,06-Mar 5pm,4185.2825
1553,2,Tamil Nadu - 2026,06-Mar 5pm,4185.2825
1553,3,Tamil Nadu - 2026,06-Mar 5pm,4185.2825
1553,4,Tamil Nadu - 2026,06-Mar 5pm,4185.2825
1554,1,Tamil Nadu - 2026,06-Mar 6pm,4239.2475
1554,2,Tamil Nadu - 2026,06-Mar 6pm,4239.2475
1554,3,Tamil Nadu - 2026,06-Mar 6pm,4239.2475
1554,4,Tamil Nadu - 2026,06-Mar 6pm,4239.2475
1555,1,Tamil Nadu - 2026,06-Mar 7pm,4227.925
1555,2,Tamil Nadu - 2026,06-Mar 7pm,4227.925
1555,3,Tamil Nadu - 2026,06-Mar 7pm,4227.925
1555,4,Tamil Nadu - 2026,06-Mar 7pm,4227.925
1556,1,Tamil Nadu - 2026,06-Mar 8pm,3977.36
1556,2,Tamil Nadu - 2026,06-Mar 8pm,3977.36
1556,3,Tamil Nadu - 2026,06-Mar 8pm,3977.36
1556,4,Tamil Nadu - 2026,06-Mar 8pm,3977.36
1557,1,Tamil Nadu - 2026,06-Mar 9pm,3730.2125
1557,2,Tamil Nadu - 2026,06-Mar 9pm,3730.2125
1557,3,Tamil Nadu - 2026,06-Mar 9pm,3730.2125
1557,4,Tamil Nadu - 2026,06-Mar 9pm,3730.2125
1558,1,Tamil Nadu - 2026,06-Mar 10pm,3506.7825
1558,2,Tamil Nadu - 2026,06-Mar 10pm,3506.7825
1558,3,Tamil Nadu - 2026,06-Mar 10pm,3506.7825
1558,4,Tamil Nadu - 2026,06-Mar 10pm,3506.7825
1559,1,Tamil Nadu - 2026,06-Mar 11pm,3354.6225
1559,2,Tamil Nadu - 2026,06-Mar 11pm,3354.6225
1559,3,Tamil Nadu - 2026,06-Mar 11pm,3354.6225
1559,4,Tamil Nadu - 2026,06-Mar 11pm,3354.6225
1560,1,Tamil Nadu - 2026,07-Mar 12am,3235.5375
1560,2,Tamil Nadu - 2026,07-Mar 12am,3235.5375
1560,3,Tamil Nadu - 2026,07-Mar 12am,3235.5375
1560,4,Tamil Nadu - 2026,07-Mar 12am,3235.5375
1561,1,Tamil Nadu - 2026,07-Mar 1am,3186.895
1561,2,Tamil Nadu - 2026,07-Mar 1am,3186.895
1561,3,Tamil Nadu - 2026,07-Mar 1am,3186.895
1561,4,Tamil Nadu - 2026,07-Mar 1am,3186.895
1562,1,Tamil Nadu - 2026,07-Mar 2am,3107.63
1562,2,Tamil Nadu - 2026,07-Mar 2am,3107.63
1562,3,Tamil Nadu - 2026,07-Mar 2am,3107.63
1562,4,Tamil Nadu - 2026,07-Mar 2am,3107.63
1563,1,Tamil Nadu - 2026,07-Mar 3am,3072.66
1563,2,Tamil Nadu - 2026,07-Mar 3am,3072.66
1563,3,Tamil Nadu - 2026,07-Mar 3am,3072.66
1563,4,Tamil Nadu - 2026,07-Mar 3am,3072.66
1564,1,Tamil Nadu - 2026,07-Mar 4am,3093.2125
1564,2,Tamil Nadu - 2026,07-Mar 4am,3093.2125
1564,3,Tamil Nadu - 2026,07-Mar 4am,3093.2125
1564,4,Tamil Nadu - 2026,07-Mar 4am,3093.2125
1565,1,Tamil Nadu - 2026,07-Mar 5am,3210.785
1565,2,Tamil Nadu - 2026,07-Mar 5am,3210.785
1565,3,Tamil Nadu - 2026,07-Mar 5am,3210.785
1565,4,Tamil Nadu - 2026,07-Mar 5am,3210.785
1566,1,Tamil Nadu - 2026,07-Mar 6am,3433.7375
1566,2,Tamil Nadu - 2026,07-Mar 6am,3433.7375
1566,3,Tamil Nadu - 2026,07-Mar 6am,3433.7375
1566,4,Tamil Nadu - 2026,07-Mar 6am,3433.7375
1567,1,Tamil Nadu - 2026,07-Mar 7am,4106.925
1567,2,Tamil Nadu - 2026,07-Mar 7am,4106.925
1567,3,Tamil Nadu - 2026,07-Mar 7am,4106.925
1567,4,Tamil Nadu - 2026,07-Mar 7am,4106.925
1568,1,Tamil Nadu - 2026,07-Mar 8am,4268.49
1568,2,Tamil Nadu - 2026,07-Mar 8am,4268.49
1568,3,Tamil Nadu - 2026,07-Mar 8am,4268.49
1568,4,Tamil Nadu - 2026,07-Mar 8am,4268.49
1569,1,Tamil Nadu - 2026,07-Mar 9am,4002.2
1569,2,Tamil Nadu - 2026,07-Mar 9am,4002.2
1569,3,Tamil Nadu - 2026,07-Mar 9am,4002.2
1569,4,Tamil Nadu - 2026,07-Mar 9am,4002.2
1570,1,Tamil Nadu - 2026,07-Mar 10am,3978.0075
1570,2,Tamil Nadu - 2026,07-Mar 10am,3978.0075
1570,3,Tamil Nadu - 2026,07-Mar 10am,3978.0075
1570,4,Tamil Nadu - 2026,07-Mar 10am,3978.0075
1571,1,Tamil Nadu - 2026,07-Mar 11am,3927.7825
1571,2,Tamil Nadu - 2026,07-Mar 11am,3927.7825
1571,3,Tamil Nadu - 2026,07-Mar 11am,3927.7825
1571,4,Tamil Nadu - 2026,07-Mar 11am,3927.7825
1572,1,Tamil Nadu - 2026,07-Mar 12pm,3841.4925
1572,2,Tamil Nadu - 2026,07-Mar 12pm,3841.4925
1572,3,Tamil Nadu - 2026,07-Mar 12pm,3841.4925
1572,4,Tamil Nadu - 2026,07-Mar 12pm,3841.4925
1573,1,Tamil Nadu - 2026,07-Mar 1pm,3663.2375
1573,2,Tamil Nadu - 2026,07-Mar 1pm,3663.2375
1573,3,Tamil Nadu - 2026,07-Mar 1pm,3663.2375
1573,4,Tamil Nadu - 2026,07-Mar 1pm,3663.2375
1574,1,Tamil Nadu - 2026,07-Mar 2pm,3655.7325
1574,2,Tamil Nadu - 2026,07-Mar 2pm,3655.7325
1574,3,Tamil Nadu - 2026,07-Mar 2pm,3655.7325
1574,4,Tamil Nadu - 2026,07-Mar 2pm,3655.7325
1575,1,Tamil Nadu - 2026,07-Mar 3pm,3780.545
1575,2,Tamil Nadu - 2026,07-Mar 3pm,3780.545
1575,3,Tamil Nadu - 2026,07-Mar 3pm,3780.545
1575,4,Tamil Nadu - 2026,07-Mar 3pm,3780.545
1576,1,Tamil Nadu - 2026,07-Mar 4pm,3961.23
1576,2,Tamil Nadu - 2026,07-Mar 4pm,3961.23
1576,3,Tamil Nadu - 2026,07-Mar 4pm,3961.23
1576,4,Tamil Nadu - 2026,07-Mar 4pm,3961.23
1577,1,Tamil Nadu - 2026,07-Mar 5pm,4198.615
1577,2,Tamil Nadu - 2026,07-Mar 5pm,4198.615
1577,3,Tamil Nadu - 2026,07-Mar 5pm,4198.615
1577,4,Tamil Nadu - 2026,07-Mar 5pm,4198.615
1578,1,Tamil Nadu - 2026,07-Mar 6pm,4146.49
1578,2,Tamil Nadu - 2026,07-Mar 6pm,4146.49
1578,3,Tamil Nadu - 2026,07-Mar 6pm,4146.49
1578,4,Tamil Nadu - 2026,07-Mar 6pm,4146.49
1579,1,Tamil Nadu - 2026,07-Mar 7pm,4085.125
1579,2,Tamil Nadu - 2026,07-Mar 7pm,4085.125
1579,3,Tamil Nadu - 2026,07-Mar 7pm,4085.125
1579,4,Tamil Nadu - 2026,07-Mar 7pm,4085.125
1580,1,Tamil Nadu - 2026,07-Mar 8pm,3778.2375
1580,2,Tamil Nadu - 2026,07-Mar 8pm,3778.2375
1580,3,Tamil Nadu - 2026,07-Mar 8pm,3778.2375
1580,4,Tamil Nadu - 2026,07-Mar 8pm,3778.2375
1581,1,Tamil Nadu - 2026,07-Mar 9pm,3589.93
1581,2,Tamil Nadu - 2026,07-Mar 9pm,3589.93
1581,3,Tamil Nadu - 2026,07-Mar 9pm,3589.93
1581,4,Tamil Nadu - 2026,07-Mar 9pm,3589.93
1582,1,Tamil Nadu - 2026,07-Mar 10pm,3335.635
1582,2,Tamil Nadu - 2026,07-Mar 10pm,3335.635
1582,3,Tamil Nadu - 2026,07-Mar 10pm,3335.635
1582,4,Tamil Nadu - 2026,07-Mar 10pm,3335.635
1583,1,Tamil Nadu - 2026,07-Mar 11pm,3125.7925
1583,2,Tamil Nadu - 2026,07-Mar 11pm,3125.7925
1583,3,Tamil Nadu - 2026,07-Mar 11pm,3125.7925
1583,4,Tamil Nadu - 2026,07-Mar 11pm,3125.7925
1584,1,Tamil Nadu - 2026,08-Mar 12am,3035.6625
1584,2,Tamil Nadu - 2026,08-Mar 12am,3035.6625
1584,3,Tamil Nadu - 2026,08-Mar 12am,3035.6625
1584,4,Tamil Nadu - 2026,08-Mar 12am,3035.6625
1585,1,Tamil Nadu - 2026,08-Mar 1am,3012.1975
1585,2,Tamil Nadu - 2026,08-Mar 1am,3012.1975
1585,3,Tamil Nadu - 2026,08-Mar 1am,3012.1975
1585,4,Tamil Nadu - 2026,08-Mar 1am,3012.1975
1586,1,Tamil Nadu - 2026,08-Mar 2am,2989.27
1586,2,Tamil Nadu - 2026,08-Mar 2am,2989.27
1586,3,Tamil Nadu - 2026,08-Mar 2am,2989.27
1586,4,Tamil Nadu - 2026,08-Mar 2am,2989.27
1587,1,Tamil Nadu - 2026,08-Mar 3am,2953.81
1587,2,Tamil Nadu - 2026,08-Mar 3am,2953.81
1587,3,Tamil Nadu - 2026,08-Mar 3am,2953.81
1587,4,Tamil Nadu - 2026,08-Mar 3am,2953.81
1588,1,Tamil Nadu - 2026,08-Mar 4am,2979.5375
1588,2,Tamil Nadu - 2026,08-Mar 4am,2979.5375
1588,3,Tamil Nadu - 2026,08-Mar 4am,2979.5375
1588,4,Tamil Nadu - 2026,08-Mar 4am,2979.5375
1589,1,Tamil Nadu - 2026,08-Mar 5am,3048.325
1589,2,Tamil Nadu - 2026,08-Mar 5am,3048.325
1589,3,Tamil Nadu - 2026,08-Mar 5am,3048.325
1589,4,Tamil Nadu - 2026,08-Mar 5am,3048.325
1590,1,Tamil Nadu - 2026,08-Mar 6am,3365.4175
1590,2,Tamil Nadu - 2026,08-Mar 6am,3365.4175
1590,3,Tamil Nadu - 2026,08-Mar 6am,3365.4175
1590,4,Tamil Nadu - 2026,08-Mar 6am,3365.4175
1591,1,Tamil Nadu - 2026,08-Mar 7am,4012.235
1591,2,Tamil Nadu - 2026,08-Mar 7am,4012.235
1591,3,Tamil Nadu - 2026,08-Mar 7am,4012.235
1591,4,Tamil Nadu - 2026,08-Mar 7am,4012.235
1592,1,Tamil Nadu - 2026,08-Mar 8am,4144.5525
1592,2,Tamil Nadu - 2026,08-Mar 8am,4144.5525
1592,3,Tamil Nadu - 2026,08-Mar 8am,4144.5525
1592,4,Tamil Nadu - 2026,08-Mar 8am,4144.5525
1593,1,Tamil Nadu - 2026,08-Mar 9am,3819.885
1593,2,Tamil Nadu - 2026,08-Mar 9am,3819.885
1593,3,Tamil Nadu - 2026,08-Mar 9am,3819.885
1593,4,Tamil Nadu - 2026,08-Mar 9am,3819.885
1594,1,Tamil Nadu - 2026,08-Mar 10am,4082.12
1594,2,Tamil Nadu - 2026,08-Mar 10am,4082.12
1594,3,Tamil Nadu - 2026,08-Mar 10am,4082.12
1594,4,Tamil Nadu - 2026,08-Mar 10am,4082.12
1595,1,Tamil Nadu - 2026,08-Mar 11am,4002.54
1595,2,Tamil Nadu - 2026,08-Mar 11am,4002.54
1595,3,Tamil Nadu - 2026,08-Mar 11am,4002.54
1595,4,Tamil Nadu - 2026,08-Mar 11am,4002.54
1596,1,Tamil Nadu - 2026,08-Mar 12pm,3863.825
1596,2,Tamil Nadu - 2026,08-Mar 12pm,3863.825
1596,3,Tamil Nadu - 2026,08-Mar 12pm,3863.825
1596,4,Tamil Nadu - 2026,08-Mar 12pm,3863.825
1597,1,Tamil Nadu - 2026,08-Mar 1pm,3824.0725
1597,2,Tamil Nadu - 2026,08-Mar 1pm,3824.0725
1597,3,Tamil Nadu - 2026,08-Mar 1pm,3824.0725
1597,4,Tamil Nadu - 2026,08-Mar 1pm,3824.0725
1598,1,Tamil Nadu - 2026,08-Mar 2pm,3730.65
1598,2,Tamil Nadu - 2026,08-Mar 2pm,3730.65
1598,3,Tamil Nadu - 2026,08-Mar 2pm,3730.65
1598,4,Tamil Nadu - 2026,08-Mar 2pm,3730.65
1599,1,Tamil Nadu - 2026,08-Mar 3pm,3847.9425
1599,2,Tamil Nadu - 2026,08-Mar 3pm,3847.9425
1599,3,Tamil Nadu - 2026,08-Mar 3pm,3847.9425
1599,4,Tamil Nadu - 2026,08-Mar 3pm,3847.9425
1600,1,Tamil Nadu - 2026,08-Mar 4pm,3954.045
1600,2,Tamil Nadu - 2026,08-Mar 4pm,3954.045
1600,3,Tamil Nadu - 2026,08-Mar 4pm,3954.045
1600,4,Tamil Nadu - 2026,08-Mar 4pm,3954.045
1601,1,Tamil Nadu - 2026,08-Mar 5pm,4128.76
1601,2,Tamil Nadu - 2026,08-Mar 5pm,4128.76
1601,3,Tamil Nadu - 2026,08-Mar 5pm,4128.76
1601,4,Tamil Nadu - 2026,08-Mar 5pm,4128.76
1602,1,Tamil Nadu - 2026,08-Mar 6pm,4089.455
1602,2,Tamil Nadu - 2026,08-Mar 6pm,4089.455
1602,3,Tamil Nadu - 2026,08-Mar 6pm,4089.455
1602,4,Tamil Nadu - 2026,08-Mar 6pm,4089.455
1603,1,Tamil Nadu - 2026,08-Mar 7pm,4104.125
1603,2,Tamil Nadu - 2026,08-Mar 7pm,4104.125
1603,3,Tamil Nadu - 2026,08-Mar 7pm,4104.125
1603,4,Tamil Nadu - 2026,08-Mar 7pm,4104.125
1604,1,Tamil Nadu - 2026,08-Mar 8pm,3825.9175
1604,2,Tamil Nadu - 2026,08-Mar 8pm,3825.9175
1604,3,Tamil Nadu - 2026,08-Mar 8pm,3825.9175
1604,4,Tamil Nadu - 2026,08-Mar 8pm,3825.9175
1605,1,Tamil Nadu - 2026,08-Mar 9pm,3598.6875
1605,2,Tamil Nadu - 2026,08-Mar 9pm,3598.6875
1605,3,Tamil Nadu - 2026,08-Mar 9pm,3598.6875
1605,4,Tamil Nadu - 2026,08-Mar 9pm,3598.6875
1606,1,Tamil Nadu - 2026,08-Mar 10pm,3393.565
1606,2,Tamil Nadu - 2026,08-Mar 10pm,3393.565
1606,3,Tamil Nadu - 2026,08-Mar 10pm,3393.565
1606,4,Tamil Nadu - 2026,08-Mar 10pm,3393.565
1607,1,Tamil Nadu - 2026,08-Mar 11pm,3133.565
1607,2,Tamil Nadu - 2026,08-Mar 11pm,3133.565
1607,3,Tamil Nadu - 2026,08-Mar 11pm,3133.565
1607,4,Tamil Nadu - 2026,08-Mar 11pm,3133.565
1608,1,Tamil Nadu - 2026,09-Mar 12am,3033.7925
1608,2,Tamil Nadu - 2026,09-Mar 12am,3033.7925
1608,3,Tamil Nadu - 2026,09-Mar 12am,3033.7925
1608,4,Tamil Nadu - 2026,09-Mar 12am,3033.7925
1609,1,Tamil Nadu - 2026,09-Mar 1am,2986.0975
1609,2,Tamil Nadu - 2026,09-Mar 1am,2986.0975
1609,3,Tamil Nadu - 2026,09-Mar 1am,2986.0975
1609,4,Tamil Nadu - 2026,09-Mar 1am,2986.0975
1610,1,Tamil Nadu - 2026,09-Mar 2am,2935.8475
1610,2,Tamil Nadu - 2026,09-Mar 2am,2935.8475
1610,3,Tamil Nadu - 2026,09-Mar 2am,2935.8475
1610,4,Tamil Nadu - 2026,09-Mar 2am,2935.8475
1611,1,Tamil Nadu - 2026,09-Mar 3am,2911.92
1611,2,Tamil Nadu - 2026,09-Mar 3am,2911.92
1611,3,Tamil Nadu - 2026,09-Mar 3am,2911.92
1611,4,Tamil Nadu - 2026,09-Mar 3am,2911.92
1612,1,Tamil Nadu - 2026,09-Mar 4am,2946.8825
1612,2,Tamil Nadu - 2026,09-Mar 4am,2946.8825
1612,3,Tamil Nadu - 2026,09-Mar 4am,2946.8825
1612,4,Tamil Nadu - 2026,09-Mar 4am,2946.8825
1613,1,Tamil Nadu - 2026,09-Mar 5am,3096.6675
1613,2,Tamil Nadu - 2026,09-Mar 5am,3096.6675
1613,3,Tamil Nadu - 2026,09-Mar 5am,3096.6675
1613,4,Tamil Nadu - 2026,09-Mar 5am,3096.6675
1614,1,Tamil Nadu - 2026,09-Mar 6am,3399.1425
1614,2,Tamil Nadu - 2026,09-Mar 6am,3399.1425
1614,3,Tamil Nadu - 2026,09-Mar 6am,3399.1425
1614,4,Tamil Nadu - 2026,09-Mar 6am,3399.1425
1615,1,Tamil Nadu - 2026,09-Mar 7am,4060.66
1615,2,Tamil Nadu - 2026,09-Mar 7am,4060.66
1615,3,Tamil Nadu - 2026,09-Mar 7am,4060.66
1615,4,Tamil Nadu - 2026,09-Mar 7am,4060.66
1616,1,Tamil Nadu - 2026,09-Mar 8am,4302.0025
1616,2,Tamil Nadu - 2026,09-Mar 8am,4302.0025
1616,3,Tamil Nadu - 2026,09-Mar 8am,4302.0025
1616,4,Tamil Nadu - 2026,09-Mar 8am,4302.0025
1617,1,Tamil Nadu - 2026,09-Mar 9am,4205.8225
1617,2,Tamil Nadu - 2026,09-Mar 9am,4205.8225
1617,3,Tamil Nadu - 2026,09-Mar 9am,4205.8225
1617,4,Tamil Nadu - 2026,09-Mar 9am,4205.8225
1618,1,Tamil Nadu - 2026,09-Mar 10am,4204.8925
1618,2,Tamil Nadu - 2026,09-Mar 10am,4204.8925
1618,3,Tamil Nadu - 2026,09-Mar 10am,4204.8925
1618,4,Tamil Nadu - 2026,09-Mar 10am,4204.8925
1619,1,Tamil Nadu - 2026,09-Mar 11am,4030.4975
1619,2,Tamil Nadu - 2026,09-Mar 11am,4030.4975
1619,3,Tamil Nadu - 2026,09-Mar 11am,4030.4975
1619,4,Tamil Nadu - 2026,09-Mar 11am,4030.4975
1620,1,Tamil Nadu - 2026,09-Mar 12pm,3944.6375
1620,2,Tamil Nadu - 2026,09-Mar 12pm,3944.6375
1620,3,Tamil Nadu - 2026,09-Mar 12pm,3944.6375
1620,4,Tamil Nadu - 2026,09-Mar 12pm,3944.6375
1621,1,Tamil Nadu - 2026,09-Mar 1pm,3836.33
1621,2,Tamil Nadu - 2026,09-Mar 1pm,3836.33
1621,3,Tamil Nadu - 2026,09-Mar 1pm,3836.33
1621,4,Tamil Nadu - 2026,09-Mar 1pm,3836.33
1622,1,Tamil Nadu - 2026,09-Mar 2pm,3773.855
1622,2,Tamil Nadu - 2026,09-Mar 2pm,3773.855
1622,3,Tamil Nadu - 2026,09-Mar 2pm,3773.855
1622,4,Tamil Nadu - 2026,09-Mar 2pm,3773.855
1623,1,Tamil Nadu - 2026,09-Mar 3pm,3897.835
1623,2,Tamil Nadu - 2026,09-Mar 3pm,3897.835
1623,3,Tamil Nadu - 2026,09-Mar 3pm,3897.835
1623,4,Tamil Nadu - 2026,09-Mar 3pm,3897.835
1624,1,Tamil Nadu - 2026,09-Mar 4pm,4077.0625
1624,2,Tamil Nadu - 2026,09-Mar 4pm,4077.0625
1624,3,Tamil Nadu - 2026,09-Mar 4pm,4077.0625
1624,4,Tamil Nadu - 2026,09-Mar 4pm,4077.0625
1625,1,Tamil Nadu - 2026,09-Mar 5pm,4197.03
1625,2,Tamil Nadu - 2026,09-Mar 5pm,4197.03
1625,3,Tamil Nadu - 2026,09-Mar 5pm,4197.03
1625,4,Tamil Nadu - 2026,09-Mar 5pm,4197.03
1626,1,Tamil Nadu - 2026,09-Mar 6pm,4120.9825
1626,2,Tamil Nadu - 2026,09-Mar 6pm,4120.9825
1626,3,Tamil Nadu - 2026,09-Mar 6pm,4120.9825
1626,4,Tamil Nadu - 2026,09-Mar 6pm,4120.9825
1627,1,Tamil Nadu - 2026,09-Mar 7pm,4035.32
1627,2,Tamil Nadu - 2026,09-Mar 7pm,4035.32
1627,3,Tamil Nadu - 2026,09-Mar 7pm,4035.32
1627,4,Tamil Nadu - 2026,09-Mar 7pm,4035.32
1628,1,Tamil Nadu - 2026,09-Mar 8pm,3796.0475
1628,2,Tamil Nadu - 2026,09-Mar 8pm,3796.0475
1628,3,Tamil Nadu - 2026,09-Mar 8pm,3796.0475
1628,4,Tamil Nadu - 2026,09-Mar 8pm,3796.0475
1629,1,Tamil Nadu - 2026,09-Mar 9pm,3578.475
1629,2,Tamil Nadu - 2026,09-Mar 9pm,3578.475
1629,3,Tamil Nadu - 2026,09-Mar 9pm,3578.475
1629,4,Tamil Nadu - 2026,09-Mar 9pm,3578.475
1630,1,Tamil Nadu - 2026,09-Mar 10pm,3380.8125
1630,2,Tamil Nadu - 2026,09-Mar 10pm,3380.8125
1630,3,Tamil Nadu - 2026,09-Mar 10pm,3380.8125
1630,4,Tamil Nadu - 2026,09-Mar 10pm,3380.8125
1631,1,Tamil Nadu - 2026,09-Mar 11pm,3153.9325
1631,2,Tamil Nadu - 2026,09-Mar 11pm,3153.9325
1631,3,Tamil Nadu - 2026,09-Mar 11pm,3153.9325
1631,4,Tamil Nadu - 2026,09-Mar 11pm,3153.9325
1632,1,Tamil Nadu - 2026,10-Mar 12am,3024.7975
1632,2,Tamil Nadu - 2026,10-Mar 12am,3024.7975
1632,3,Tamil Nadu - 2026,10-Mar 12am,3024.7975
1632,4,Tamil Nadu - 2026,10-Mar 12am,3024.7975
1633,1,Tamil Nadu - 2026,10-Mar 1am,2978.38
1633,2,Tamil Nadu - 2026,10-Mar 1am,2978.38
1633,3,Tamil Nadu - 2026,10-Mar 1am,2978.38
1633,4,Tamil Nadu - 2026,10-Mar 1am,2978.38
1634,1,Tamil Nadu - 2026,10-Mar 2am,2943.145
1634,2,Tamil Nadu - 2026,10-Mar 2am,2943.145
1634,3,Tamil Nadu - 2026,10-Mar 2am,2943.145
1634,4,Tamil Nadu - 2026,10-Mar 2am,2943.145
1635,1,Tamil Nadu - 2026,10-Mar 3am,2933.3575
1635,2,Tamil Nadu - 2026,10-Mar 3am,2933.3575
1635,3,Tamil Nadu - 2026,10-Mar 3am,2933.3575
1635,4,Tamil Nadu - 2026,10-Mar 3am,2933.3575
1636,1,Tamil Nadu - 2026,10-Mar 4am,2949.0175
1636,2,Tamil Nadu - 2026,10-Mar 4am,2949.0175
1636,3,Tamil Nadu - 2026,10-Mar 4am,2949.0175
1636,4,Tamil Nadu - 2026,10-Mar 4am,2949.0175
1637,1,Tamil Nadu - 2026,10-Mar 5am,3072.5325
1637,2,Tamil Nadu - 2026,10-Mar 5am,3072.5325
1637,3,Tamil Nadu - 2026,10-Mar 5am,3072.5325
1637,4,Tamil Nadu - 2026,10-Mar 5am,3072.5325
1638,1,Tamil Nadu - 2026,10-Mar 6am,3232.3375
1638,2,Tamil Nadu - 2026,10-Mar 6am,3232.3375
1638,3,Tamil Nadu - 2026,10-Mar 6am,3232.3375
1638,4,Tamil Nadu - 2026,10-Mar 6am,3232.3375
1639,1,Tamil Nadu - 2026,10-Mar 7am,3722.675
1639,2,Tamil Nadu - 2026,10-Mar 7am,3722.675
1639,3,Tamil Nadu - 2026,10-Mar 7am,3722.675
1639,4,Tamil Nadu - 2026,10-Mar 7am,3722.675
1640,1,Tamil Nadu - 2026,10-Mar 8am,3952.295
1640,2,Tamil Nadu - 2026,10-Mar 8am,3952.295
1640,3,Tamil Nadu - 2026,10-Mar 8am,3952.295
1640,4,Tamil Nadu - 2026,10-Mar 8am,3952.295
1641,1,Tamil Nadu - 2026,10-Mar 9am,4033.1675
1641,2,Tamil Nadu - 2026,10-Mar 9am,4033.1675
1641,3,Tamil Nadu - 2026,10-Mar 9am,4033.1675
1641,4,Tamil Nadu - 2026,10-Mar 9am,4033.1675
1642,1,Tamil Nadu - 2026,10-Mar 10am,3957.7325
1642,2,Tamil Nadu - 2026,10-Mar 10am,3957.7325
1642,3,Tamil Nadu - 2026,10-Mar 10am,3957.7325
1642,4,Tamil Nadu - 2026,10-Mar 10am,3957.7325
1643,1,Tamil Nadu - 2026,10-Mar 11am,3870.8775
1643,2,Tamil Nadu - 2026,10-Mar 11am,3870.8775
1643,3,Tamil Nadu - 2026,10-Mar 11am,3870.8775
1643,4,Tamil Nadu - 2026,10-Mar 11am,3870.8775
1644,1,Tamil Nadu - 2026,10-Mar 12pm,3920.7725
1644,2,Tamil Nadu - 2026,10-Mar 12pm,3920.7725
1644,3,Tamil Nadu - 2026,10-Mar 12pm,3920.7725
1644,4,Tamil Nadu - 2026,10-Mar 12pm,3920.7725
1645,1,Tamil Nadu - 2026,10-Mar 1pm,3667.775
1645,2,Tamil Nadu - 2026,10-Mar 1pm,3667.775
1645,3,Tamil Nadu - 2026,10-Mar 1pm,3667.775
1645,4,Tamil Nadu - 2026,10-Mar 1pm,3667.775
1646,1,Tamil Nadu - 2026,10-Mar 2pm,3753.9725
1646,2,Tamil Nadu - 2026,10-Mar 2pm,3753.9725
1646,3,Tamil Nadu - 2026,10-Mar 2pm,3753.9725
1646,4,Tamil Nadu - 2026,10-Mar 2pm,3753.9725
1647,1,Tamil Nadu - 2026,10-Mar 3pm,3797.0325
1647,2,Tamil Nadu - 2026,10-Mar 3pm,3797.0325
1647,3,Tamil Nadu - 2026,10-Mar 3pm,3797.0325
1647,4,Tamil Nadu - 2026,10-Mar 3pm,3797.0325
1648,1,Tamil Nadu - 2026,10-Mar 4pm,3986.42
1648,2,Tamil Nadu - 2026,10-Mar 4pm,3986.42
1648,3,Tamil Nadu - 2026,10-Mar 4pm,3986.42
1648,4,Tamil Nadu - 2026,10-Mar 4pm,3986.42
1649,1,Tamil Nadu - 2026,10-Mar 5pm,4061.6025
1649,2,Tamil Nadu - 2026,10-Mar 5pm,4061.6025
1649,3,Tamil Nadu - 2026,10-Mar 5pm,4061.6025
1649,4,Tamil Nadu - 2026,10-Mar 5pm,4061.6025
1650,1,Tamil Nadu - 2026,10-Mar 6pm,3942.44
1650,2,Tamil Nadu - 2026,10-Mar 6pm,3942.44
1650,3,Tamil Nadu - 2026,10-Mar 6pm,3942.44
1650,4,Tamil Nadu - 2026,10-Mar 6pm,3942.44
1651,1,Tamil Nadu - 2026,10-Mar 7pm,3853.56
1651,2,Tamil Nadu - 2026,10-Mar 7pm,3853.56
1651,3,Tamil Nadu - 2026,10-Mar 7pm,3853.56
1651,4,Tamil Nadu - 2026,10-Mar 7pm,3853.56
1652,1,Tamil Nadu - 2026,10-Mar 8pm,3672.5375
1652,2,Tamil Nadu - 2026,10-Mar 8pm,3672.5375
1652,3,Tamil Nadu - 2026,10-Mar 8pm,3672.5375
1652,4,Tamil Nadu - 2026,10-Mar 8pm,3672.5375
1653,1,Tamil Nadu - 2026,10-Mar 9pm,3483.9125
1653,2,Tamil Nadu - 2026,10-Mar 9pm,3483.9125
1653,3,Tamil Nadu - 2026,10-Mar 9pm,3483.9125
1653,4,Tamil Nadu - 2026,10-Mar 9pm,3483.9125
1654,1,Tamil Nadu - 2026,10-Mar 10pm,3276.455
1654,2,Tamil Nadu - 2026,10-Mar 10pm,3276.455
1654,3,Tamil Nadu - 2026,10-Mar 10pm,3276.455
1654,4,Tamil Nadu - 2026,10-Mar 10pm,3276.455
1655,1,Tamil Nadu - 2026,10-Mar 11pm,3091.6075
1655,2,Tamil Nadu - 2026,10-Mar 11pm,3091.6075
1655,3,Tamil Nadu - 2026,10-Mar 11pm,3091.6075
1655,4,Tamil Nadu - 2026,10-Mar 11pm,3091.6075
1656,1,Tamil Nadu - 2026,11-Mar 12am,2997.2025
1656,2,Tamil Nadu - 2026,11-Mar 12am,2997.2025
1656,3,Tamil Nadu - 2026,11-Mar 12am,2997.2025
1656,4,Tamil Nadu - 2026,11-Mar 12am,2997.2025
1657,1,Tamil Nadu - 2026,11-Mar 1am,2907.74
1657,2,Tamil Nadu - 2026,11-Mar 1am,2907.74
1657,3,Tamil Nadu - 2026,11-Mar 1am,2907.74
1657,4,Tamil Nadu - 2026,11-Mar 1am,2907.74
1658,1,Tamil Nadu - 2026,11-Mar 2am,2917.055
1658,2,Tamil Nadu - 2026,11-Mar 2am,2917.055
1658,3,Tamil Nadu - 2026,11-Mar 2am,2917.055
1658,4,Tamil Nadu - 2026,11-Mar 2am,2917.055
1659,1,Tamil Nadu - 2026,11-Mar 3am,2838.285
1659,2,Tamil Nadu - 2026,11-Mar 3am,2838.285
1659,3,Tamil Nadu - 2026,11-Mar 3am,2838.285
1659,4,Tamil Nadu - 2026,11-Mar 3am,2838.285
1660,1,Tamil Nadu - 2026,11-Mar 4am,2828.64
1660,2,Tamil Nadu - 2026,11-Mar 4am,2828.64
1660,3,Tamil Nadu - 2026,11-Mar 4am,2828.64
1660,4,Tamil Nadu - 2026,11-Mar 4am,2828.64
1661,1,Tamil Nadu - 2026,11-Mar 5am,2879.89
1661,2,Tamil Nadu - 2026,11-Mar 5am,2879.89
1661,3,Tamil Nadu - 2026,11-Mar 5am,2879.89
1661,4,Tamil Nadu - 2026,11-Mar 5am,2879.89
1662,1,Tamil Nadu - 2026,11-Mar 6am,2963.3125
1662,2,Tamil Nadu - 2026,11-Mar 6am,2963.3125
1662,3,Tamil Nadu - 2026,11-Mar 6am,2963.3125
1662,4,Tamil Nadu - 2026,11-Mar 6am,2963.3125
1663,1,Tamil Nadu - 2026,11-Mar 7am,3227.745
1663,2,Tamil Nadu - 2026,11-Mar 7am,3227.745
1663,3,Tamil Nadu - 2026,11-Mar 7am,3227.745
1663,4,Tamil Nadu - 2026,11-Mar 7am,3227.745
1664,1,Tamil Nadu - 2026,11-Mar 8am,3490.265
1664,2,Tamil Nadu - 2026,11-Mar 8am,3490.265
1664,3,Tamil Nadu - 2026,11-Mar 8am,3490.265
1664,4,Tamil Nadu - 2026,11-Mar 8am,3490.265
1665,1,Tamil Nadu - 2026,11-Mar 9am,3576.5875
1665,2,Tamil Nadu - 2026,11-Mar 9am,3576.5875
1665,3,Tamil Nadu - 2026,11-Mar 9am,3576.5875
1665,4,Tamil Nadu - 2026,11-Mar 9am,3576.5875
1666,1,Tamil Nadu - 2026,11-Mar 10am,3577.4025
1666,2,Tamil Nadu - 2026,11-Mar 10am,3577.4025
1666,3,Tamil Nadu - 2026,11-Mar 10am,3577.4025
1666,4,Tamil Nadu - 2026,11-Mar 10am,3577.4025
1667,1,Tamil Nadu - 2026,11-Mar 11am,3471.9425
1667,2,Tamil Nadu - 2026,11-Mar 11am,3471.9425
1667,3,Tamil Nadu - 2026,11-Mar 11am,3471.9425
1667,4,Tamil Nadu - 2026,11-Mar 11am,3471.9425
1668,1,Tamil Nadu - 2026,11-Mar 12pm,3478.69
1668,2,Tamil Nadu - 2026,11-Mar 12pm,3478.69
1668,3,Tamil Nadu - 2026,11-Mar 12pm,3478.69
1668,4,Tamil Nadu - 2026,11-Mar 12pm,3478.69
1669,1,Tamil Nadu - 2026,11-Mar 1pm,3347.61
1669,2,Tamil Nadu - 2026,11-Mar 1pm,3347.61
1669,3,Tamil Nadu - 2026,11-Mar 1pm,3347.61
1669,4,Tamil Nadu - 2026,11-Mar 1pm,3347.61
1670,1,Tamil Nadu - 2026,11-Mar 2pm,3294.7025
1670,2,Tamil Nadu - 2026,11-Mar 2pm,3294.7025
1670,3,Tamil Nadu - 2026,11-Mar 2pm,3294.7025
1670,4,Tamil Nadu - 2026,11-Mar 2pm,3294.7025
1671,1,Tamil Nadu - 2026,11-Mar 3pm,3289.7725
1671,2,Tamil Nadu - 2026,11-Mar 3pm,3289.7725
1671,3,Tamil Nadu - 2026,11-Mar 3pm,3289.7725
1671,4,Tamil Nadu - 2026,11-Mar 3pm,3289.7725
1672,1,Tamil Nadu - 2026,11-Mar 4pm,3394.165
1672,2,Tamil Nadu - 2026,11-Mar 4pm,3394.165
1672,3,Tamil Nadu - 2026,11-Mar 4pm,3394.165
1672,4,Tamil Nadu - 2026,11-Mar 4pm,3394.165
1673,1,Tamil Nadu - 2026,11-Mar 5pm,3434.775
1673,2,Tamil Nadu - 2026,11-Mar 5pm,3434.775
1673,3,Tamil Nadu - 2026,11-Mar 5pm,3434.775
1673,4,Tamil Nadu - 2026,11-Mar 5pm,3434.775
1674,1,Tamil Nadu - 2026,11-Mar 6pm,3464.465
1674,2,Tamil Nadu - 2026,11-Mar 6pm,3464.465
1674,3,Tamil Nadu - 2026,11-Mar 6pm,3464.465
1674,4,Tamil Nadu - 2026,11-Mar 6pm,3464.465
1675,1,Tamil Nadu - 2026,11-Mar 7pm,3434.52
1675,2,Tamil Nadu - 2026,11-Mar 7pm,3434.52
1675,3,Tamil Nadu - 2026,11-Mar 7pm,3434.52
1675,4,Tamil Nadu - 2026,11-Mar 7pm,3434.52
1676,1,Tamil Nadu - 2026,11-Mar 8pm,3234.2025
1676,2,Tamil Nadu - 2026,11-Mar 8pm,3234.2025
1676,3,Tamil Nadu - 2026,11-Mar 8pm,3234.2025
1676,4,Tamil Nadu - 2026,11-Mar 8pm,3234.2025
1677,1,Tamil Nadu - 2026,11-Mar 9pm,3066.4
1677,2,Tamil Nadu - 2026,11-Mar 9pm,3066.4
1677,3,Tamil Nadu - 2026,11-Mar 9pm,3066.4
1677,4,Tamil Nadu - 2026,11-Mar 9pm,3066.4
1678,1,Tamil Nadu - 2026,11-Mar 10pm,2900.275
1678,2,Tamil Nadu - 2026,11-Mar 10pm,2900.275
1678,3,Tamil Nadu - 2026,11-Mar 10pm,2900.275
1678,4,Tamil Nadu - 2026,11-Mar 10pm,2900.275
1679,1,Tamil Nadu - 2026,11-Mar 11pm,2715.24
1679,2,Tamil Nadu - 2026,11-Mar 11pm,2715.24
1679,3,Tamil Nadu - 2026,11-Mar 11pm,2715.24
1679,4,Tamil Nadu - 2026,11-Mar 11pm,2715.24
1680,1,Tamil Nadu - 2026,12-Mar 12am,2572.605
1680,2,Tamil Nadu - 2026,12-Mar 12am,2572.605
1680,3,Tamil Nadu - 2026,12-Mar 12am,2572.605
1680,4,Tamil Nadu - 2026,12-Mar 12am,2572.605
1681,1,Tamil Nadu - 2026,12-Mar 1am,2485.085
1681,2,Tamil Nadu - 2026,12-Mar 1am,2485.085
1681,3,Tamil Nadu - 2026,12-Mar 1am,2485.085
1681,4,Tamil Nadu - 2026,12-Mar 1am,2485.085
1682,1,Tamil Nadu - 2026,12-Mar 2am,2461.43
1682,2,Tamil Nadu - 2026,12-Mar 2am,2461.43
1682,3,Tamil Nadu - 2026,12-Mar 2am,2461.43
1682,4,Tamil Nadu - 2026,12-Mar 2am,2461.43
1683,1,Tamil Nadu - 2026,12-Mar 3am,2426.1725
1683,2,Tamil Nadu - 2026,12-Mar 3am,2426.1725
1683,3,Tamil Nadu - 2026,12-Mar 3am,2426.1725
1683,4,Tamil Nadu - 2026,12-Mar 3am,2426.1725
1684,1,Tamil Nadu - 2026,12-Mar 4am,2478.4075
1684,2,Tamil Nadu - 2026,12-Mar 4am,2478.4075
1684,3,Tamil Nadu - 2026,12-Mar 4am,2478.4075
1684,4,Tamil Nadu - 2026,12-Mar 4am,2478.4075
1685,1,Tamil Nadu - 2026,12-Mar 5am,2612.96
1685,2,Tamil Nadu - 2026,12-Mar 5am,2612.96
1685,3,Tamil Nadu - 2026,12-Mar 5am,2612.96
1685,4,Tamil Nadu - 2026,12-Mar 5am,2612.96
1686,1,Tamil Nadu - 2026,12-Mar 6am,2943.845
1686,2,Tamil Nadu - 2026,12-Mar 6am,2943.845
1686,3,Tamil Nadu - 2026,12-Mar 6am,2943.845
1686,4,Tamil Nadu - 2026,12-Mar 6am,2943.845
1687,1,Tamil Nadu - 2026,12-Mar 7am,3623.1575
1687,2,Tamil Nadu - 2026,12-Mar 7am,3623.1575
1687,3,Tamil Nadu - 2026,12-Mar 7am,3623.1575
1687,4,Tamil Nadu - 2026,12-Mar 7am,3623.1575
1688,1,Tamil Nadu - 2026,12-Mar 8am,3964.1775
1688,2,Tamil Nadu - 2026,12-Mar 8am,3964.1775
1688,3,Tamil Nadu - 2026,12-Mar 8am,3964.1775
1688,4,Tamil Nadu - 2026,12-Mar 8am,3964.1775
1689,1,Tamil Nadu - 2026,12-Mar 9am,3869.225
1689,2,Tamil Nadu - 2026,12-Mar 9am,3869.225
1689,3,Tamil Nadu - 2026,12-Mar 9am,3869.225
1689,4,Tamil Nadu - 2026,12-Mar 9am,3869.225
1690,1,Tamil Nadu - 2026,12-Mar 10am,3908.305
1690,2,Tamil Nadu - 2026,12-Mar 10am,3908.305
1690,3,Tamil Nadu - 2026,12-Mar 10am,3908.305
1690,4,Tamil Nadu - 2026,12-Mar 10am,3908.305
1691,1,Tamil Nadu - 2026,12-Mar 11am,3875.235
1691,2,Tamil Nadu - 2026,12-Mar 11am,3875.235
1691,3,Tamil Nadu - 2026,12-Mar 11am,3875.235
1691,4,Tamil Nadu - 2026,12-Mar 11am,3875.235
1692,1,Tamil Nadu - 2026,12-Mar 12pm,3718.7525
1692,2,Tamil Nadu - 2026,12-Mar 12pm,3718.7525
1692,3,Tamil Nadu - 2026,12-Mar 12pm,3718.7525
1692,4,Tamil Nadu - 2026,12-Mar 12pm,3718.7525
1693,1,Tamil Nadu - 2026,12-Mar 1pm,3639.1775
1693,2,Tamil Nadu - 2026,12-Mar 1pm,3639.1775
1693,3,Tamil Nadu - 2026,12-Mar 1pm,3639.1775
1693,4,Tamil Nadu - 2026,12-Mar 1pm,3639.1775
1694,1,Tamil Nadu - 2026,12-Mar 2pm,3593.6625
1694,2,Tamil Nadu - 2026,12-Mar 2pm,3593.6625
1694,3,Tamil Nadu - 2026,12-Mar 2pm,3593.6625
1694,4,Tamil Nadu - 2026,12-Mar 2pm,3593.6625
1695,1,Tamil Nadu - 2026,12-Mar 3pm,3658.3025
1695,2,Tamil Nadu - 2026,12-Mar 3pm,3658.3025
1695,3,Tamil Nadu - 2026,12-Mar 3pm,3658.3025
1695,4,Tamil Nadu - 2026,12-Mar 3pm,3658.3025
1696,1,Tamil Nadu - 2026,12-Mar 4pm,3758.9825
1696,2,Tamil Nadu - 2026,12-Mar 4pm,3758.9825
1696,3,Tamil Nadu - 2026,12-Mar 4pm,3758.9825
1696,4,Tamil Nadu - 2026,12-Mar 4pm,3758.9825
1697,1,Tamil Nadu - 2026,12-Mar 5pm,3858.8325
1697,2,Tamil Nadu - 2026,12-Mar 5pm,3858.8325
1697,3,Tamil Nadu - 2026,12-Mar 5pm,3858.8325
1697,4,Tamil Nadu - 2026,12-Mar 5pm,3858.8325
1698,1,Tamil Nadu - 2026,12-Mar 6pm,3943.205
1698,2,Tamil Nadu - 2026,12-Mar 6pm,3943.205
1698,3,Tamil Nadu - 2026,12-Mar 6pm,3943.205
1698,4,Tamil Nadu - 2026,12-Mar 6pm,3943.205
1699,1,Tamil Nadu - 2026,12-Mar 7pm,3969.46
1699,2,Tamil Nadu - 2026,12-Mar 7pm,3969.46
1699,3,Tamil Nadu - 2026,12-Mar 7pm,3969.46
1699,4,Tamil Nadu - 2026,12-Mar 7pm,3969.46
1700,1,Tamil Nadu - 2026,12-Mar 8pm,3721.49
1700,2,Tamil Nadu - 2026,12-Mar 8pm,3721.49
1700,3,Tamil Nadu - 2026,12-Mar 8pm,3721.49
1700,4,Tamil Nadu - 2026,12-Mar 8pm,3721.49
1701,1,Tamil Nadu - 2026,12-Mar 9pm,3522.64
1701,2,Tamil Nadu - 2026,12-Mar 9pm,3522.64
1701,3,Tamil Nadu - 2026,12-Mar 9pm,3522.64
1701,4,Tamil Nadu - 2026,12-Mar 9pm,3522.64
1702,1,Tamil Nadu - 2026,12-Mar 10pm,3263.415
1702,2,Tamil Nadu - 2026,12-Mar 10pm,3263.415
1702,3,Tamil Nadu - 2026,12-Mar 10pm,3263.415
1702,4,Tamil Nadu - 2026,12-Mar 10pm,3263.415
1703,1,Tamil Nadu - 2026,12-Mar 11pm,2989.385
1703,2,Tamil Nadu - 2026,12-Mar 11pm,2989.385
1703,3,Tamil Nadu - 2026,12-Mar 11pm,2989.385
1703,4,Tamil Nadu - 2026,12-Mar 11pm,2989.385
1704,1,Tamil Nadu - 2026,13-Mar 12am,2831.7975
1704,2,Tamil Nadu - 2026,13-Mar 12am,2831.7975
1704,3,Tamil Nadu - 2026,13-Mar 12am,2831.7975
1704,4,Tamil Nadu - 2026,13-Mar 12am,2831.7975
1705,1,Tamil Nadu - 2026,13-Mar 1am,2791.045
1705,2,Tamil Nadu - 2026,13-Mar 1am,2791.045
1705,3,Tamil Nadu - 2026,13-Mar 1am,2791.045
1705,4,Tamil Nadu - 2026,13-Mar 1am,2791.045
1706,1,Tamil Nadu - 2026,13-Mar 2am,2765.575
1706,2,Tamil Nadu - 2026,13-Mar 2am,2765.575
1706,3,Tamil Nadu - 2026,13-Mar 2am,2765.575
1706,4,Tamil Nadu - 2026,13-Mar 2am,2765.575
1707,1,Tamil Nadu - 2026,13-Mar 3am,2691.5425
1707,2,Tamil Nadu - 2026,13-Mar 3am,2691.5425
1707,3,Tamil Nadu - 2026,13-Mar 3am,2691.5425
1707,4,Tamil Nadu - 2026,13-Mar 3am,2691.5425
1708,1,Tamil Nadu - 2026,13-Mar 4am,2743.5925
1708,2,Tamil Nadu - 2026,13-Mar 4am,2743.5925
1708,3,Tamil Nadu - 2026,13-Mar 4am,2743.5925
1708,4,Tamil Nadu - 2026,13-Mar 4am,2743.5925
1709,1,Tamil Nadu - 2026,13-Mar 5am,2819.9075
1709,2,Tamil Nadu - 2026,13-Mar 5am,2819.9075
1709,3,Tamil Nadu - 2026,13-Mar 5am,2819.9075
1709,4,Tamil Nadu - 2026,13-Mar 5am,2819.9075
1710,1,Tamil Nadu - 2026,13-Mar 6am,3102.2875
1710,2,Tamil Nadu - 2026,13-Mar 6am,3102.2875
1710,3,Tamil Nadu - 2026,13-Mar 6am,3102.2875
1710,4,Tamil Nadu - 2026,13-Mar 6am,3102.2875
1711,1,Tamil Nadu - 2026,13-Mar 7am,3679.1575
1711,2,Tamil Nadu - 2026,13-Mar 7am,3679.1575
1711,3,Tamil Nadu - 2026,13-Mar 7am,3679.1575
1711,4,Tamil Nadu - 2026,13-Mar 7am,3679.1575
1712,1,Tamil Nadu - 2026,13-Mar 8am,3846.7425
1712,2,Tamil Nadu - 2026,13-Mar 8am,3846.7425
1712,3,Tamil Nadu - 2026,13-Mar 8am,3846.7425
1712,4,Tamil Nadu - 2026,13-Mar 8am,3846.7425
1713,1,Tamil Nadu - 2026,13-Mar 9am,3640.73
1713,2,Tamil Nadu - 2026,13-Mar 9am,3640.73
1713,3,Tamil Nadu - 2026,13-Mar 9am,3640.73
1713,4,Tamil Nadu - 2026,13-Mar 9am,3640.73
1714,1,Tamil Nadu - 2026,13-Mar 10am,3796.3375
1714,2,Tamil Nadu - 2026,13-Mar 10am,3796.3375
1714,3,Tamil Nadu - 2026,13-Mar 10am,3796.3375
1714,4,Tamil Nadu - 2026,13-Mar 10am,3796.3375
1715,1,Tamil Nadu - 2026,13-Mar 11am,3726.905
1715,2,Tamil Nadu - 2026,13-Mar 11am,3726.905
1715,3,Tamil Nadu - 2026,13-Mar 11am,3726.905
1715,4,Tamil Nadu - 2026,13-Mar 11am,3726.905
1716,1,Tamil Nadu - 2026,13-Mar 12pm,3612.6025
1716,2,Tamil Nadu - 2026,13-Mar 12pm,3612.6025
1716,3,Tamil Nadu - 2026,13-Mar 12pm,3612.6025
1716,4,Tamil Nadu - 2026,13-Mar 12pm,3612.6025
1717,1,Tamil Nadu - 2026,13-Mar 1pm,3586.64
1717,2,Tamil Nadu - 2026,13-Mar 1pm,3586.64
1717,3,Tamil Nadu - 2026,13-Mar 1pm,3586.64
1717,4,Tamil Nadu - 2026,13-Mar 1pm,3586.64
1718,1,Tamil Nadu - 2026,13-Mar 2pm,3517.11
1718,2,Tamil Nadu - 2026,13-Mar 2pm,3517.11
1718,3,Tamil Nadu - 2026,13-Mar 2pm,3517.11
1718,4,Tamil Nadu - 2026,13-Mar 2pm,3517.11
1719,1,Tamil Nadu - 2026,13-Mar 3pm,3681.49
1719,2,Tamil Nadu - 2026,13-Mar 3pm,3681.49
1719,3,Tamil Nadu - 2026,13-Mar 3pm,3681.49
1719,4,Tamil Nadu - 2026,13-Mar 3pm,3681.49
1720,1,Tamil Nadu - 2026,13-Mar 4pm,3694.115
1720,2,Tamil Nadu - 2026,13-Mar 4pm,3694.115
1720,3,Tamil Nadu - 2026,13-Mar 4pm,3694.115
1720,4,Tamil Nadu - 2026,13-Mar 4pm,3694.115
1721,1,Tamil Nadu - 2026,13-Mar 5pm,3892.175
1721,2,Tamil Nadu - 2026,13-Mar 5pm,3892.175
1721,3,Tamil Nadu - 2026,13-Mar 5pm,3892.175
1721,4,Tamil Nadu - 2026,13-Mar 5pm,3892.175
1722,1,Tamil Nadu - 2026,13-Mar 6pm,3945.8125
1722,2,Tamil Nadu - 2026,13-Mar 6pm,3945.8125
1722,3,Tamil Nadu - 2026,13-Mar 6pm,3945.8125
1722,4,Tamil Nadu - 2026,13-Mar 6pm,3945.8125
1723,1,Tamil Nadu - 2026,13-Mar 7pm,4008.0325
1723,2,Tamil Nadu - 2026,13-Mar 7pm,4008.0325
1723,3,Tamil Nadu - 2026,13-Mar 7pm,4008.0325
1723,4,Tamil Nadu - 2026,13-Mar 7pm,4008.0325
1724,1,Tamil Nadu - 2026,13-Mar 8pm,3757.3575
1724,2,Tamil Nadu - 2026,13-Mar 8pm,3757.3575
1724,3,Tamil Nadu - 2026,13-Mar 8pm,3757.3575
1724,4,Tamil Nadu - 2026,13-Mar 8pm,3757.3575
1725,1,Tamil Nadu - 2026,13-Mar 9pm,3545.58
1725,2,Tamil Nadu - 2026,13-Mar 9pm,3545.58
1725,3,Tamil Nadu - 2026,13-Mar 9pm,3545.58
1725,4,Tamil Nadu - 2026,13-Mar 9pm,3545.58
1726,1,Tamil Nadu - 2026,13-Mar 10pm,3311.955
1726,2,Tamil Nadu - 2026,13-Mar 10pm,3311.955
1726,3,Tamil Nadu - 2026,13-Mar 10pm,3311.955
1726,4,Tamil Nadu - 2026,13-Mar 10pm,3311.955
1727,1,Tamil Nadu - 2026,13-Mar 11pm,3044.98
1727,2,Tamil Nadu - 2026,13-Mar 11pm,3044.98
1727,3,Tamil Nadu - 2026,13-Mar 11pm,3044.98
1727,4,Tamil Nadu - 2026,13-Mar 11pm,3044.98
1728,1,Tamil Nadu - 2026,14-Mar 12am,2897.7375
1728,2,Tamil Nadu - 2026,14-Mar 12am,2897.7375
1728,3,Tamil Nadu - 2026,14-Mar 12am,2897.7375
1728,4,Tamil Nadu - 2026,14-Mar 12am,2897.7375
1729,1,Tamil Nadu - 2026,14-Mar 1am,2759.335
1729,2,Tamil Nadu - 2026,14-Mar 1am,2759.335
1729,3,Tamil Nadu - 2026,14-Mar 1am,2759.335
1729,4,Tamil Nadu - 2026,14-Mar 1am,2759.335
1730,1,Tamil Nadu - 2026,14-Mar 2am,2739.1225
1730,2,Tamil Nadu - 2026,14-Mar 2am,2739.1225
1730,3,Tamil Nadu - 2026,14-Mar 2am,2739.1225
1730,4,Tamil Nadu - 2026,14-Mar 2am,2739.1225
1731,1,Tamil Nadu - 2026,14-Mar 3am,2683.9425
1731,2,Tamil Nadu - 2026,14-Mar 3am,2683.9425
1731,3,Tamil Nadu - 2026,14-Mar 3am,2683.9425
1731,4,Tamil Nadu - 2026,14-Mar 3am,2683.9425
1732,1,Tamil Nadu - 2026,14-Mar 4am,2684.3975
1732,2,Tamil Nadu - 2026,14-Mar 4am,2684.3975
1732,3,Tamil Nadu - 2026,14-Mar 4am,2684.3975
1732,4,Tamil Nadu - 2026,14-Mar 4am,2684.3975
1733,1,Tamil Nadu - 2026,14-Mar 5am,2837.0375
1733,2,Tamil Nadu - 2026,14-Mar 5am,2837.0375
1733,3,Tamil Nadu - 2026,14-Mar 5am,2837.0375
1733,4,Tamil Nadu - 2026,14-Mar 5am,2837.0375
1734,1,Tamil Nadu - 2026,14-Mar 6am,3057.47
1734,2,Tamil Nadu - 2026,14-Mar 6am,3057.47
1734,3,Tamil Nadu - 2026,14-Mar 6am,3057.47
1734,4,Tamil Nadu - 2026,14-Mar 6am,3057.47
1735,1,Tamil Nadu - 2026,14-Mar 7am,3520.5
1735,2,Tamil Nadu - 2026,14-Mar 7am,3520.5
1735,3,Tamil Nadu - 2026,14-Mar 7am,3520.5
1735,4,Tamil Nadu - 2026,14-Mar 7am,3520.5
1736,1,Tamil Nadu - 2026,14-Mar 8am,3642.805
1736,2,Tamil Nadu - 2026,14-Mar 8am,3642.805
1736,3,Tamil Nadu - 2026,14-Mar 8am,3642.805
1736,4,Tamil Nadu - 2026,14-Mar 8am,3642.805
1737,1,Tamil Nadu - 2026,14-Mar 9am,3818.9675
1737,2,Tamil Nadu - 2026,14-Mar 9am,3818.9675
1737,3,Tamil Nadu - 2026,14-Mar 9am,3818.9675
1737,4,Tamil Nadu - 2026,14-Mar 9am,3818.9675
1738,1,Tamil Nadu - 2026,14-Mar 10am,3863.94
1738,2,Tamil Nadu - 2026,14-Mar 10am,3863.94
1738,3,Tamil Nadu - 2026,14-Mar 10am,3863.94
1738,4,Tamil Nadu - 2026,14-Mar 10am,3863.94
1739,1,Tamil Nadu - 2026,14-Mar 11am,3780.0225
1739,2,Tamil Nadu - 2026,14-Mar 11am,3780.0225
1739,3,Tamil Nadu - 2026,14-Mar 11am,3780.0225
1739,4,Tamil Nadu - 2026,14-Mar 11am,3780.0225
1740,1,Tamil Nadu - 2026,14-Mar 12pm,3695.57
1740,2,Tamil Nadu - 2026,14-Mar 12pm,3695.57
1740,3,Tamil Nadu - 2026,14-Mar 12pm,3695.57
1740,4,Tamil Nadu - 2026,14-Mar 12pm,3695.57
1741,1,Tamil Nadu - 2026,14-Mar 1pm,3623.6
1741,2,Tamil Nadu - 2026,14-Mar 1pm,3623.6
1741,3,Tamil Nadu - 2026,14-Mar 1pm,3623.6
1741,4,Tamil Nadu - 2026,14-Mar 1pm,3623.6
1742,1,Tamil Nadu - 2026,14-Mar 2pm,3511.0225
1742,2,Tamil Nadu - 2026,14-Mar 2pm,3511.0225
1742,3,Tamil Nadu - 2026,14-Mar 2pm,3511.0225
1742,4,Tamil Nadu - 2026,14-Mar 2pm,3511.0225
1743,1,Tamil Nadu - 2026,14-Mar 3pm,3537.0575
1743,2,Tamil Nadu - 2026,14-Mar 3pm,3537.0575
1743,3,Tamil Nadu - 2026,14-Mar 3pm,3537.0575
1743,4,Tamil Nadu - 2026,14-Mar 3pm,3537.0575
1744,1,Tamil Nadu - 2026,14-Mar 4pm,3701.905
1744,2,Tamil Nadu - 2026,14-Mar 4pm,3701.905
1744,3,Tamil Nadu - 2026,14-Mar 4pm,3701.905
1744,4,Tamil Nadu - 2026,14-Mar 4pm,3701.905
1745,1,Tamil Nadu - 2026,14-Mar 5pm,3755.7625
1745,2,Tamil Nadu - 2026,14-Mar 5pm,3755.7625
1745,3,Tamil Nadu - 2026,14-Mar 5pm,3755.7625
1745,4,Tamil Nadu - 2026,14-Mar 5pm,3755.7625
1746,1,Tamil Nadu - 2026,14-Mar 6pm,3894.725
1746,2,Tamil Nadu - 2026,14-Mar 6pm,3894.725
1746,3,Tamil Nadu - 2026,14-Mar 6pm,3894.725
1746,4,Tamil Nadu - 2026,14-Mar 6pm,3894.725
1747,1,Tamil Nadu - 2026,14-Mar 7pm,3857.3775
1747,2,Tamil Nadu - 2026,14-Mar 7pm,3857.3775
1747,3,Tamil Nadu - 2026,14-Mar 7pm,3857.3775
1747,4,Tamil Nadu - 2026,14-Mar 7pm,3857.3775
1748,1,Tamil Nadu - 2026,14-Mar 8pm,3602.1425
1748,2,Tamil Nadu - 2026,14-Mar 8pm,3602.1425
1748,3,Tamil Nadu - 2026,14-Mar 8pm,3602.1425
1748,4,Tamil Nadu - 2026,14-Mar 8pm,3602.1425
1749,1,Tamil Nadu - 2026,14-Mar 9pm,3392.235
1749,2,Tamil Nadu - 2026,14-Mar 9pm,3392.235
1749,3,Tamil Nadu - 2026,14-Mar 9pm,3392.235
1749,4,Tamil Nadu - 2026,14-Mar 9pm,3392.235
1750,1,Tamil Nadu - 2026,14-Mar 10pm,3188.5925
1750,2,Tamil Nadu - 2026,14-Mar 10pm,3188.5925
1750,3,Tamil Nadu - 2026,14-Mar 10pm,3188.5925
1750,4,Tamil Nadu - 2026,14-Mar 10pm,3188.5925
1751,1,Tamil Nadu - 2026,14-Mar 11pm,2951.275
1751,2,Tamil Nadu - 2026,14-Mar 11pm,2951.275
1751,3,Tamil Nadu - 2026,14-Mar 11pm,2951.275
1751,4,Tamil Nadu - 2026,14-Mar 11pm,2951.275
1752,1,Tamil Nadu - 2026,15-Mar 12am,2809.865
1752,2,Tamil Nadu - 2026,15-Mar 12am,2809.865
1752,3,Tamil Nadu - 2026,15-Mar 12am,2809.865
1752,4,Tamil Nadu - 2026,15-Mar 12am,2809.865
1753,1,Tamil Nadu - 2026,15-Mar 1am,2699.5275
1753,2,Tamil Nadu - 2026,15-Mar 1am,2699.5275
1753,3,Tamil Nadu - 2026,15-Mar 1am,2699.5275
1753,4,Tamil Nadu - 2026,15-Mar 1am,2699.5275
1754,1,Tamil Nadu - 2026,15-Mar 2am,2647.3325
1754,2,Tamil Nadu - 2026,15-Mar 2am,2647.3325
1754,3,Tamil Nadu - 2026,15-Mar 2am,2647.3325
1754,4,Tamil Nadu - 2026,15-Mar 2am,2647.3325
1755,1,Tamil Nadu - 2026,15-Mar 3am,2658.0225
1755,2,Tamil Nadu - 2026,15-Mar 3am,2658.0225
1755,3,Tamil Nadu - 2026,15-Mar 3am,2658.0225
1755,4,Tamil Nadu - 2026,15-Mar 3am,2658.0225
1756,1,Tamil Nadu - 2026,15-Mar 4am,2687.3375
1756,2,Tamil Nadu - 2026,15-Mar 4am,2687.3375
1756,3,Tamil Nadu - 2026,15-Mar 4am,2687.3375
1756,4,Tamil Nadu - 2026,15-Mar 4am,2687.3375
1757,1,Tamil Nadu - 2026,15-Mar 5am,2836.84
1757,2,Tamil Nadu - 2026,15-Mar 5am,2836.84
1757,3,Tamil Nadu - 2026,15-Mar 5am,2836.84
1757,4,Tamil Nadu - 2026,15-Mar 5am,2836.84
1758,1,Tamil Nadu - 2026,15-Mar 6am,2974.8375
1758,2,Tamil Nadu - 2026,15-Mar 6am,2974.8375
1758,3,Tamil Nadu - 2026,15-Mar 6am,2974.8375
1758,4,Tamil Nadu - 2026,15-Mar 6am,2974.8375
1759,1,Tamil Nadu - 2026,15-Mar 7am,3219.0275
1759,2,Tamil Nadu - 2026,15-Mar 7am,3219.0275
1759,3,Tamil Nadu - 2026,15-Mar 7am,3219.0275
1759,4,Tamil Nadu - 2026,15-Mar 7am,3219.0275
1760,1,Tamil Nadu - 2026,15-Mar 8am,3269.77
1760,2,Tamil Nadu - 2026,15-Mar 8am,3269.77
1760,3,Tamil Nadu - 2026,15-Mar 8am,3269.77
1760,4,Tamil Nadu - 2026,15-Mar 8am,3269.77
1761,1,Tamil Nadu - 2026,15-Mar 9am,3174.37
1761,2,Tamil Nadu - 2026,15-Mar 9am,3174.37
1761,3,Tamil Nadu - 2026,15-Mar 9am,3174.37
1761,4,Tamil Nadu - 2026,15-Mar 9am,3174.37
1762,1,Tamil Nadu - 2026,15-Mar 10am,2894.3775
1762,2,Tamil Nadu - 2026,15-Mar 10am,2894.3775
1762,3,Tamil Nadu - 2026,15-Mar 10am,2894.3775
1762,4,Tamil Nadu - 2026,15-Mar 10am,2894.3775
1763,1,Tamil Nadu - 2026,15-Mar 11am,2669.435
1763,2,Tamil Nadu - 2026,15-Mar 11am,2669.435
1763,3,Tamil Nadu - 2026,15-Mar 11am,2669.435
1763,4,Tamil Nadu - 2026,15-Mar 11am,2669.435
1764,1,Tamil Nadu - 2026,15-Mar 12pm,2489.9025
1764,2,Tamil Nadu - 2026,15-Mar 12pm,2489.9025
1764,3,Tamil Nadu - 2026,15-Mar 12pm,2489.9025
1764,4,Tamil Nadu - 2026,15-Mar 12pm,2489.9025
1765,1,Tamil Nadu - 2026,15-Mar 1pm,2390.6875
1765,2,Tamil Nadu - 2026,15-Mar 1pm,2390.6875
1765,3,Tamil Nadu - 2026,15-Mar 1pm,2390.6875
1765,4,Tamil Nadu - 2026,15-Mar 1pm,2390.6875
1766,1,Tamil Nadu - 2026,15-Mar 2pm,2337.825
1766,2,Tamil Nadu - 2026,15-Mar 2pm,2337.825
1766,3,Tamil Nadu - 2026,15-Mar 2pm,2337.825
1766,4,Tamil Nadu - 2026,15-Mar 2pm,2337.825
1767,1,Tamil Nadu - 2026,15-Mar 3pm,2429.9375
1767,2,Tamil Nadu - 2026,15-Mar 3pm,2429.9375
1767,3,Tamil Nadu - 2026,15-Mar 3pm,2429.9375
1767,4,Tamil Nadu - 2026,15-Mar 3pm,2429.9375
1768,1,Tamil Nadu - 2026,15-Mar 4pm,2567.495
1768,2,Tamil Nadu - 2026,15-Mar 4pm,2567.495
1768,3,Tamil Nadu - 2026,15-Mar 4pm,2567.495
1768,4,Tamil Nadu - 2026,15-Mar 4pm,2567.495
1769,1,Tamil Nadu - 2026,15-Mar 5pm,2651.87
1769,2,Tamil Nadu - 2026,15-Mar 5pm,2651.87
1769,3,Tamil Nadu - 2026,15-Mar 5pm,2651.87
1769,4,Tamil Nadu - 2026,15-Mar 5pm,2651.87
1770,1,Tamil Nadu - 2026,15-Mar 6pm,2907.0525
1770,2,Tamil Nadu - 2026,15-Mar 6pm,2907.0525
1770,3,Tamil Nadu - 2026,15-Mar 6pm,2907.0525
1770,4,Tamil Nadu - 2026,15-Mar 6pm,2907.0525
1771,1,Tamil Nadu - 2026,15-Mar 7pm,2947.13
1771,2,Tamil Nadu - 2026,15-Mar 7pm,2947.13
1771,3,Tamil Nadu - 2026,15-Mar 7pm,2947.13
1771,4,Tamil Nadu - 2026,15-Mar 7pm,2947.13
1772,1,Tamil Nadu - 2026,15-Mar 8pm,2795.7225
1772,2,Tamil Nadu - 2026,15-Mar 8pm,2795.7225
1772,3,Tamil Nadu - 2026,15-Mar 8pm,2795.7225
1772,4,Tamil Nadu - 2026,15-Mar 8pm,2795.7225
1773,1,Tamil Nadu - 2026,15-Mar 9pm,2695.5325
1773,2,Tamil Nadu - 2026,15-Mar 9pm,2695.5325
1773,3,Tamil Nadu - 2026,15-Mar 9pm,2695.5325
1773,4,Tamil Nadu - 2026,15-Mar 9pm,2695.5325
1774,1,Tamil Nadu - 2026,15-Mar 10pm,2556.16
1774,2,Tamil Nadu - 2026,15-Mar 10pm,2556.16
1774,3,Tamil Nadu - 2026,15-Mar 10pm,2556.16
1774,4,Tamil Nadu - 2026,15-Mar 10pm,2556.16
1775,1,Tamil Nadu - 2026,15-Mar 11pm,2384.48
1775,2,Tamil Nadu - 2026,15-Mar 11pm,2384.48
1775,3,Tamil Nadu - 2026,15-Mar 11pm,2384.48
1775,4,Tamil Nadu - 2026,15-Mar 11pm,2384.48
1776,1,Tamil Nadu - 2026,16-Mar 12am,2294.36
1776,2,Tamil Nadu - 2026,16-Mar 12am,2294.36
1776,3,Tamil Nadu - 2026,16-Mar 12am,2294.36
1776,4,Tamil Nadu - 2026,16-Mar 12am,2294.36
1777,1,Tamil Nadu - 2026,16-Mar 1am,2259.635
1777,2,Tamil Nadu - 2026,16-Mar 1am,2259.635
1777,3,Tamil Nadu - 2026,16-Mar 1am,2259.635
1777,4,Tamil Nadu - 2026,16-Mar 1am,2259.635
1778,1,Tamil Nadu - 2026,16-Mar 2am,2209.1775
1778,2,Tamil Nadu - 2026,16-Mar 2am,2209.1775
1778,3,Tamil Nadu - 2026,16-Mar 2am,2209.1775
1778,4,Tamil Nadu - 2026,16-Mar 2am,2209.1775
1779,1,Tamil Nadu - 2026,16-Mar 3am,2209.8425
1779,2,Tamil Nadu - 2026,16-Mar 3am,2209.8425
1779,3,Tamil Nadu - 2026,16-Mar 3am,2209.8425
1779,4,Tamil Nadu - 2026,16-Mar 3am,2209.8425
1780,1,Tamil Nadu - 2026,16-Mar 4am,2238.125
1780,2,Tamil Nadu - 2026,16-Mar 4am,2238.125
1780,3,Tamil Nadu - 2026,16-Mar 4am,2238.125
1780,4,Tamil Nadu - 2026,16-Mar 4am,2238.125
1781,1,Tamil Nadu - 2026,16-Mar 5am,2330.2125
1781,2,Tamil Nadu - 2026,16-Mar 5am,2330.2125
1781,3,Tamil Nadu - 2026,16-Mar 5am,2330.2125
1781,4,Tamil Nadu - 2026,16-Mar 5am,2330.2125
1782,1,Tamil Nadu - 2026,16-Mar 6am,2486.875
1782,2,Tamil Nadu - 2026,16-Mar 6am,2486.875
1782,3,Tamil Nadu - 2026,16-Mar 6am,2486.875
1782,4,Tamil Nadu - 2026,16-Mar 6am,2486.875
1783,1,Tamil Nadu - 2026,16-Mar 7am,2804.205
1783,2,Tamil Nadu - 2026,16-Mar 7am,2804.205
1783,3,Tamil Nadu - 2026,16-Mar 7am,2804.205
1783,4,Tamil Nadu - 2026,16-Mar 7am,2804.205
1784,1,Tamil Nadu - 2026,16-Mar 8am,2981.845
1784,2,Tamil Nadu - 2026,16-Mar 8am,2981.845
1784,3,Tamil Nadu - 2026,16-Mar 8am,2981.845
1784,4,Tamil Nadu - 2026,16-Mar 8am,2981.845
1785,1,Tamil Nadu - 2026,16-Mar 9am,3084.055
1785,2,Tamil Nadu - 2026,16-Mar 9am,3084.055
1785,3,Tamil Nadu - 2026,16-Mar 9am,3084.055
1785,4,Tamil Nadu - 2026,16-Mar 9am,3084.055
1786,1,Tamil Nadu - 2026,16-Mar 10am,3068.2
1786,2,Tamil Nadu - 2026,16-Mar 10am,3068.2
1786,3,Tamil Nadu - 2026,16-Mar 10am,3068.2
1786,4,Tamil Nadu - 2026,16-Mar 10am,3068.2
1787,1,Tamil Nadu - 2026,16-Mar 11am,2862.9325
1787,2,Tamil Nadu - 2026,16-Mar 11am,2862.9325
1787,3,Tamil Nadu - 2026,16-Mar 11am,2862.9325
1787,4,Tamil Nadu - 2026,16-Mar 11am,2862.9325
1788,1,Tamil Nadu - 2026,16-Mar 12pm,2769.8625
1788,2,Tamil Nadu - 2026,16-Mar 12pm,2769.8625
1788,3,Tamil Nadu - 2026,16-Mar 12pm,2769.8625
1788,4,Tamil Nadu - 2026,16-Mar 12pm,2769.8625
1789,1,Tamil Nadu - 2026,16-Mar 1pm,2743.3675
1789,2,Tamil Nadu - 2026,16-Mar 1pm,2743.3675
1789,3,Tamil Nadu - 2026,16-Mar 1pm,2743.3675
1789,4,Tamil Nadu - 2026,16-Mar 1pm,2743.3675
1790,1,Tamil Nadu - 2026,16-Mar 2pm,2697.5375
1790,2,Tamil Nadu - 2026,16-Mar 2pm,2697.5375
1790,3,Tamil Nadu - 2026,16-Mar 2pm,2697.5375
1790,4,Tamil Nadu - 2026,16-Mar 2pm,2697.5375
1791,1,Tamil Nadu - 2026,16-Mar 3pm,2769.2875
1791,2,Tamil Nadu - 2026,16-Mar 3pm,2769.2875
1791,3,Tamil Nadu - 2026,16-Mar 3pm,2769.2875
1791,4,Tamil Nadu - 2026,16-Mar 3pm,2769.2875
1792,1,Tamil Nadu - 2026,16-Mar 4pm,2867.7475
1792,2,Tamil Nadu - 2026,16-Mar 4pm,2867.7475
1792,3,Tamil Nadu - 2026,16-Mar 4pm,2867.7475
1792,4,Tamil Nadu - 2026,16-Mar 4pm,2867.7475
1793,1,Tamil Nadu - 2026,16-Mar 5pm,2813.095
1793,2,Tamil Nadu - 2026,16-Mar 5pm,2813.095
1793,3,Tamil Nadu - 2026,16-Mar 5pm,2813.095
1793,4,Tamil Nadu - 2026,16-Mar 5pm,2813.095
1794,1,Tamil Nadu - 2026,16-Mar 6pm,2930.8175
1794,2,Tamil Nadu - 2026,16-Mar 6pm,2930.8175
1794,3,Tamil Nadu - 2026,16-Mar 6pm,2930.8175
1794,4,Tamil Nadu - 2026,16-Mar 6pm,2930.8175
1795,1,Tamil Nadu - 2026,16-Mar 7pm,3028.325
1795,2,Tamil Nadu - 2026,16-Mar 7pm,3028.325
1795,3,Tamil Nadu - 2026,16-Mar 7pm,3028.325
1795,4,Tamil Nadu - 2026,16-Mar 7pm,3028.325
1796,1,Tamil Nadu - 2026,16-Mar 8pm,2866.975
1796,2,Tamil Nadu - 2026,16-Mar 8pm,2866.975
1796,3,Tamil Nadu - 2026,16-Mar 8pm,2866.975
1796,4,Tamil Nadu - 2026,16-Mar 8pm,2866.975
1797,1,Tamil Nadu - 2026,16-Mar 9pm,2753.64
1797,2,Tamil Nadu - 2026,16-Mar 9pm,2753.64
1797,3,Tamil Nadu - 2026,16-Mar 9pm,2753.64
1797,4,Tamil Nadu - 2026,16-Mar 9pm,2753.64
1798,1,Tamil Nadu - 2026,16-Mar 10pm,2597.885
1798,2,Tamil Nadu - 2026,16-Mar 10pm,2597.885
1798,3,Tamil Nadu - 2026,16-Mar 10pm,2597.885
1798,4,Tamil Nadu - 2026,16-Mar 10pm,2597.885
1799,1,Tamil Nadu - 2026,16-Mar 11pm,2419.795
1799,2,Tamil Nadu - 2026,16-Mar 11pm,2419.795
1799,3,Tamil Nadu - 2026,16-Mar 11pm,2419.795
1799,4,Tamil Nadu - 2026,16-Mar 11pm,2419.795
1800,1,Tamil Nadu - 2026,17-Mar 12am,2357.29
1800,2,Tamil Nadu - 2026,17-Mar 12am,2357.29
1800,3,Tamil Nadu - 2026,17-Mar 12am,2357.29
1800,4,Tamil Nadu - 2026,17-Mar 12am,2357.29
1801,1,Tamil Nadu - 2026,17-Mar 1am,2305.505
1801,2,Tamil Nadu - 2026,17-Mar 1am,2305.505
1801,3,Tamil Nadu - 2026,17-Mar 1am,2305.505
1801,4,Tamil Nadu - 2026,17-Mar 1am,2305.505
1802,1,Tamil Nadu - 2026,17-Mar 2am,2279.905
1802,2,Tamil Nadu - 2026,17-Mar 2am,2279.905
1802,3,Tamil Nadu - 2026,17-Mar 2am,2279.905
1802,4,Tamil Nadu - 2026,17-Mar 2am,2279.905
1803,1,Tamil Nadu - 2026,17-Mar 3am,2229.455
1803,2,Tamil Nadu - 2026,17-Mar 3am,2229.455
1803,3,Tamil Nadu - 2026,17-Mar 3am,2229.455
1803,4,Tamil Nadu - 2026,17-Mar 3am,2229.455
1804,1,Tamil Nadu - 2026,17-Mar 4am,2243.955
1804,2,Tamil Nadu - 2026,17-Mar 4am,2243.955
1804,3,Tamil Nadu - 2026,17-Mar 4am,2243.955
1804,4,Tamil Nadu - 2026,17-Mar 4am,2243.955
1805,1,Tamil Nadu - 2026,17-Mar 5am,2340.3275
1805,2,Tamil Nadu - 2026,17-Mar 5am,2340.3275
1805,3,Tamil Nadu - 2026,17-Mar 5am,2340.3275
1805,4,Tamil Nadu - 2026,17-Mar 5am,2340.3275
1806,1,Tamil Nadu - 2026,17-Mar 6am,2469.9225
1806,2,Tamil Nadu - 2026,17-Mar 6am,2469.9225
1806,3,Tamil Nadu - 2026,17-Mar 6am,2469.9225
1806,4,Tamil Nadu - 2026,17-Mar 6am,2469.9225
1807,1,Tamil Nadu - 2026,17-Mar 7am,2802.47
1807,2,Tamil Nadu - 2026,17-Mar 7am,2802.47
1807,3,Tamil Nadu - 2026,17-Mar 7am,2802.47
1807,4,Tamil Nadu - 2026,17-Mar 7am,2802.47
1808,1,Tamil Nadu - 2026,17-Mar 8am,3050.2475
1808,2,Tamil Nadu - 2026,17-Mar 8am,3050.2475
1808,3,Tamil Nadu - 2026,17-Mar 8am,3050.2475
1808,4,Tamil Nadu - 2026,17-Mar 8am,3050.2475
1809,1,Tamil Nadu - 2026,17-Mar 9am,3125.97
1809,2,Tamil Nadu - 2026,17-Mar 9am,3125.97
1809,3,Tamil Nadu - 2026,17-Mar 9am,3125.97
1809,4,Tamil Nadu - 2026,17-Mar 9am,3125.97
1810,1,Tamil Nadu - 2026,17-Mar 10am,2900.79
1810,2,Tamil Nadu - 2026,17-Mar 10am,2900.79
1810,3,Tamil Nadu - 2026,17-Mar 10am,2900.79
1810,4,Tamil Nadu - 2026,17-Mar 10am,2900.79
1811,1,Tamil Nadu - 2026,17-Mar 11am,2921.3975
1811,2,Tamil Nadu - 2026,17-Mar 11am,2921.3975
1811,3,Tamil Nadu - 2026,17-Mar 11am,2921.3975
1811,4,Tamil Nadu - 2026,17-Mar 11am,2921.3975
1812,1,Tamil Nadu - 2026,17-Mar 12pm,2903.2075
1812,2,Tamil Nadu - 2026,17-Mar 12pm,2903.2075
1812,3,Tamil Nadu - 2026,17-Mar 12pm,2903.2075
1812,4,Tamil Nadu - 2026,17-Mar 12pm,2903.2075
1813,1,Tamil Nadu - 2026,17-Mar 1pm,2802.34
1813,2,Tamil Nadu - 2026,17-Mar 1pm,2802.34
1813,3,Tamil Nadu - 2026,17-Mar 1pm,2802.34
1813,4,Tamil Nadu - 2026,17-Mar 1pm,2802.34
1814,1,Tamil Nadu - 2026,17-Mar 2pm,2732.0
1814,2,Tamil Nadu - 2026,17-Mar 2pm,2732.0
1814,3,Tamil Nadu - 2026,17-Mar 2pm,2732.0
1814,4,Tamil Nadu - 2026,17-Mar 2pm,2732.0
1815,1,Tamil Nadu - 2026,17-Mar 3pm,2840.13
1815,2,Tamil Nadu - 2026,17-Mar 3pm,2840.13
1815,3,Tamil Nadu - 2026,17-Mar 3pm,2840.13
1815,4,Tamil Nadu - 2026,17-Mar 3pm,2840.13
1816,1,Tamil Nadu - 2026,17-Mar 4pm,3064.6525
1816,2,Tamil Nadu - 2026,17-Mar 4pm,3064.6525
1816,3,Tamil Nadu - 2026,17-Mar 4pm,3064.6525
1816,4,Tamil Nadu - 2026,17-Mar 4pm,3064.6525
1817,1,Tamil Nadu - 2026,17-Mar 5pm,3144.9575
1817,2,Tamil Nadu - 2026,17-Mar 5pm,3144.9575
1817,3,Tamil Nadu - 2026,17-Mar 5pm,3144.9575
1817,4,Tamil Nadu - 2026,17-Mar 5pm,3144.9575
1818,1,Tamil Nadu - 2026,17-Mar 6pm,3334.18
1818,2,Tamil Nadu - 2026,17-Mar 6pm,3334.18
1818,3,Tamil Nadu - 2026,17-Mar 6pm,3334.18
1818,4,Tamil Nadu - 2026,17-Mar 6pm,3334.18
1819,1,Tamil Nadu - 2026,17-Mar 7pm,3321.19
1819,2,Tamil Nadu - 2026,17-Mar 7pm,3321.19
1819,3,Tamil Nadu - 2026,17-Mar 7pm,3321.19
1819,4,Tamil Nadu - 2026,17-Mar 7pm,3321.19
1820,1,Tamil Nadu - 2026,17-Mar 8pm,3142.6925
1820,2,Tamil Nadu - 2026,17-Mar 8pm,3142.6925
1820,3,Tamil Nadu - 2026,17-Mar 8pm,3142.6925
1820,4,Tamil Nadu - 2026,17-Mar 8pm,3142.6925
1821,1,Tamil Nadu - 2026,17-Mar 9pm,2975.9075
1821,2,Tamil Nadu - 2026,17-Mar 9pm,2975.9075
1821,3,Tamil Nadu - 2026,17-Mar 9pm,2975.9075
1821,4,Tamil Nadu - 2026,17-Mar 9pm,2975.9075
1822,1,Tamil Nadu - 2026,17-Mar 10pm,2839.5
1822,2,Tamil Nadu - 2026,17-Mar 10pm,2839.5
1822,3,Tamil Nadu - 2026,17-Mar 10pm,2839.5
1822,4,Tamil Nadu - 2026,17-Mar 10pm,2839.5
1823,1,Tamil Nadu - 2026,17-Mar 11pm,2643.66
1823,2,Tamil Nadu - 2026,17-Mar 11pm,2643.66
1823,3,Tamil Nadu - 2026,17-Mar 11pm,2643.66
1823,4,Tamil Nadu - 2026,17-Mar 11pm,2643.66
1824,1,Tamil Nadu - 2026,18-Mar 12am,2587.9025
1824,2,Tamil Nadu - 2026,18-Mar 12am,2587.9025
1824,3,Tamil Nadu - 2026,18-Mar 12am,2587.9025
1824,4,Tamil Nadu - 2026,18-Mar 12am,2587.9025
1825,1,Tamil Nadu - 2026,18-Mar 1am,2548.2025
1825,2,Tamil Nadu - 2026,18-Mar 1am,2548.2025
1825,3,Tamil Nadu - 2026,18-Mar 1am,2548.2025
1825,4,Tamil Nadu - 2026,18-Mar 1am,2548.2025
1826,1,Tamil Nadu - 2026,18-Mar 2am,2538.88
1826,2,Tamil Nadu - 2026,18-Mar 2am,2538.88
1826,3,Tamil Nadu - 2026,18-Mar 2am,2538.88
1826,4,Tamil Nadu - 2026,18-Mar 2am,2538.88
1827,1,Tamil Nadu - 2026,18-Mar 3am,2509.85
1827,2,Tamil Nadu - 2026,18-Mar 3am,2509.85
1827,3,Tamil Nadu - 2026,18-Mar 3am,2509.85
1827,4,Tamil Nadu - 2026,18-Mar 3am,2509.85
1828,1,Tamil Nadu - 2026,18-Mar 4am,2495.325
1828,2,Tamil Nadu - 2026,18-Mar 4am,2495.325
1828,3,Tamil Nadu - 2026,18-Mar 4am,2495.325
1828,4,Tamil Nadu - 2026,18-Mar 4am,2495.325
1829,1,Tamil Nadu - 2026,18-Mar 5am,2592.0825
1829,2,Tamil Nadu - 2026,18-Mar 5am,2592.0825
1829,3,Tamil Nadu - 2026,18-Mar 5am,2592.0825
1829,4,Tamil Nadu - 2026,18-Mar 5am,2592.0825
1830,1,Tamil Nadu - 2026,18-Mar 6am,2720.5825
1830,2,Tamil Nadu - 2026,18-Mar 6am,2720.5825
1830,3,Tamil Nadu - 2026,18-Mar 6am,2720.5825
1830,4,Tamil Nadu - 2026,18-Mar 6am,2720.5825
1831,1,Tamil Nadu - 2026,18-Mar 7am,3103.0075
1831,2,Tamil Nadu - 2026,18-Mar 7am,3103.0075
1831,3,Tamil Nadu - 2026,18-Mar 7am,3103.0075
1831,4,Tamil Nadu - 2026,18-Mar 7am,3103.0075
1832,1,Tamil Nadu - 2026,18-Mar 8am,3258.2375
1832,2,Tamil Nadu - 2026,18-Mar 8am,3258.2375
1832,3,Tamil Nadu - 2026,18-Mar 8am,3258.2375
1832,4,Tamil Nadu - 2026,18-Mar 8am,3258.2375
1833,1,Tamil Nadu - 2026,18-Mar 9am,3307.3225
1833,2,Tamil Nadu - 2026,18-Mar 9am,3307.3225
1833,3,Tamil Nadu - 2026,18-Mar 9am,3307.3225
1833,4,Tamil Nadu - 2026,18-Mar 9am,3307.3225
1834,1,Tamil Nadu - 2026,18-Mar 10am,3192.3575
1834,2,Tamil Nadu - 2026,18-Mar 10am,3192.3575
1834,3,Tamil Nadu - 2026,18-Mar 10am,3192.3575
1834,4,Tamil Nadu - 2026,18-Mar 10am,3192.3575
1835,1,Tamil Nadu - 2026,18-Mar 11am,2832.47
1835,2,Tamil Nadu - 2026,18-Mar 11am,2832.47
1835,3,Tamil Nadu - 2026,18-Mar 11am,2832.47
1835,4,Tamil Nadu - 2026,18-Mar 11am,2832.47
1836,1,Tamil Nadu - 2026,18-Mar 12pm,3039.005
1836,2,Tamil Nadu - 2026,18-Mar 12pm,3039.005
1836,3,Tamil Nadu - 2026,18-Mar 12pm,3039.005
1836,4,Tamil Nadu - 2026,18-Mar 12pm,3039.005
1837,1,Tamil Nadu - 2026,18-Mar 1pm,3003.0725
1837,2,Tamil Nadu - 2026,18-Mar 1pm,3003.0725
1837,3,Tamil Nadu - 2026,18-Mar 1pm,3003.0725
1837,4,Tamil Nadu - 2026,18-Mar 1pm,3003.0725
1838,1,Tamil Nadu - 2026,18-Mar 2pm,2889.3125
1838,2,Tamil Nadu - 2026,18-Mar 2pm,2889.3125
1838,3,Tamil Nadu - 2026,18-Mar 2pm,2889.3125
1838,4,Tamil Nadu - 2026,18-Mar 2pm,2889.3125
1839,1,Tamil Nadu - 2026,18-Mar 3pm,3005.3025
1839,2,Tamil Nadu - 2026,18-Mar 3pm,3005.3025
1839,3,Tamil Nadu - 2026,18-Mar 3pm,3005.3025
1839,4,Tamil Nadu - 2026,18-Mar 3pm,3005.3025
1840,1,Tamil Nadu - 2026,18-Mar 4pm,3182.19
1840,2,Tamil Nadu - 2026,18-Mar 4pm,3182.19
1840,3,Tamil Nadu - 2026,18-Mar 4pm,3182.19
1840,4,Tamil Nadu - 2026,18-Mar 4pm,3182.19
1841,1,Tamil Nadu - 2026,18-Mar 5pm,3157.9275
1841,2,Tamil Nadu - 2026,18-Mar 5pm,3157.9275
1841,3,Tamil Nadu - 2026,18-Mar 5pm,3157.9275
1841,4,Tamil Nadu - 2026,18-Mar 5pm,3157.9275
1842,1,Tamil Nadu - 2026,18-Mar 6pm,3339.0775
1842,2,Tamil Nadu - 2026,18-Mar 6pm,3339.0775
1842,3,Tamil Nadu - 2026,18-Mar 6pm,3339.0775
1842,4,Tamil Nadu - 2026,18-Mar 6pm,3339.0775
1843,1,Tamil Nadu - 2026,18-Mar 7pm,3420.5525
1843,2,Tamil Nadu - 2026,18-Mar 7pm,3420.5525
1843,3,Tamil Nadu - 2026,18-Mar 7pm,3420.5525
1843,4,Tamil Nadu - 2026,18-Mar 7pm,3420.5525
1844,1,Tamil Nadu - 2026,18-Mar 8pm,3192.6625
1844,2,Tamil Nadu - 2026,18-Mar 8pm,3192.6625
1844,3,Tamil Nadu - 2026,18-Mar 8pm,3192.6625
1844,4,Tamil Nadu - 2026,18-Mar 8pm,3192.6625
1845,1,Tamil Nadu - 2026,18-Mar 9pm,3102.3625
1845,2,Tamil Nadu - 2026,18-Mar 9pm,3102.3625
1845,3,Tamil Nadu - 2026,18-Mar 9pm,3102.3625
1845,4,Tamil Nadu - 2026,18-Mar 9pm,3102.3625
1846,1,Tamil Nadu - 2026,18-Mar 10pm,2937.5175
1846,2,Tamil Nadu - 2026,18-Mar 10pm,2937.5175
1846,3,Tamil Nadu - 2026,18-Mar 10pm,2937.5175
1846,4,Tamil Nadu - 2026,18-Mar 10pm,2937.5175
1847,1,Tamil Nadu - 2026,18-Mar 11pm,2795.8425
1847,2,Tamil Nadu - 2026,18-Mar 11pm,2795.8425
1847,3,Tamil Nadu - 2026,18-Mar 11pm,2795.8425
1847,4,Tamil Nadu - 2026,18-Mar 11pm,2795.8425
1848,1,Tamil Nadu - 2026,19-Mar 12am,2685.4075
1848,2,Tamil Nadu - 2026,19-Mar 12am,2685.4075
1848,3,Tamil Nadu - 2026,19-Mar 12am,2685.4075
1848,4,Tamil Nadu - 2026,19-Mar 12am,2685.4075
1849,1,Tamil Nadu - 2026,19-Mar 1am,2678.6
1849,2,Tamil Nadu - 2026,19-Mar 1am,2678.6
1849,3,Tamil Nadu - 2026,19-Mar 1am,2678.6
1849,4,Tamil Nadu - 2026,19-Mar 1am,2678.6
1850,1,Tamil Nadu - 2026,19-Mar 2am,2654.51
1850,2,Tamil Nadu - 2026,19-Mar 2am,2654.51
1850,3,Tamil Nadu - 2026,19-Mar 2am,2654.51
1850,4,Tamil Nadu - 2026,19-Mar 2am,2654.51
1851,1,Tamil Nadu - 2026,19-Mar 3am,2609.8775
1851,2,Tamil Nadu - 2026,19-Mar 3am,2609.8775
1851,3,Tamil Nadu - 2026,19-Mar 3am,2609.8775
1851,4,Tamil Nadu - 2026,19-Mar 3am,2609.8775
1852,1,Tamil Nadu - 2026,19-Mar 4am,2637.095
1852,2,Tamil Nadu - 2026,19-Mar 4am,2637.095
1852,3,Tamil Nadu - 2026,19-Mar 4am,2637.095
1852,4,Tamil Nadu - 2026,19-Mar 4am,2637.095
1853,1,Tamil Nadu - 2026,19-Mar 5am,2732.0375
1853,2,Tamil Nadu - 2026,19-Mar 5am,2732.0375
1853,3,Tamil Nadu - 2026,19-Mar 5am,2732.0375
1853,4,Tamil Nadu - 2026,19-Mar 5am,2732.0375
1854,1,Tamil Nadu - 2026,19-Mar 6am,2987.665
1854,2,Tamil Nadu - 2026,19-Mar 6am,2987.665
1854,3,Tamil Nadu - 2026,19-Mar 6am,2987.665
1854,4,Tamil Nadu - 2026,19-Mar 6am,2987.665
1855,1,Tamil Nadu - 2026,19-Mar 7am,3652.3775
1855,2,Tamil Nadu - 2026,19-Mar 7am,3652.3775
1855,3,Tamil Nadu - 2026,19-Mar 7am,3652.3775
1855,4,Tamil Nadu - 2026,19-Mar 7am,3652.3775
1856,1,Tamil Nadu - 2026,19-Mar 8am,3815.84
1856,2,Tamil Nadu - 2026,19-Mar 8am,3815.84
1856,3,Tamil Nadu - 2026,19-Mar 8am,3815.84
1856,4,Tamil Nadu - 2026,19-Mar 8am,3815.84
1857,1,Tamil Nadu - 2026,19-Mar 9am,3689.12
1857,2,Tamil Nadu - 2026,19-Mar 9am,3689.12
1857,3,Tamil Nadu - 2026,19-Mar 9am,3689.12
1857,4,Tamil Nadu - 2026,19-Mar 9am,3689.12
1858,1,Tamil Nadu - 2026,19-Mar 10am,3706.9225
1858,2,Tamil Nadu - 2026,19-Mar 10am,3706.9225
1858,3,Tamil Nadu - 2026,19-Mar 10am,3706.9225
1858,4,Tamil Nadu - 2026,19-Mar 10am,3706.9225
1859,1,Tamil Nadu - 2026,19-Mar 11am,3607.66
1859,2,Tamil Nadu - 2026,19-Mar 11am,3607.66
1859,3,Tamil Nadu - 2026,19-Mar 11am,3607.66
1859,4,Tamil Nadu - 2026,19-Mar 11am,3607.66
1860,1,Tamil Nadu - 2026,19-Mar 12pm,3569.1575
1860,2,Tamil Nadu - 2026,19-Mar 12pm,3569.1575
1860,3,Tamil Nadu - 2026,19-Mar 12pm,3569.1575
1860,4,Tamil Nadu - 2026,19-Mar 12pm,3569.1575
1861,1,Tamil Nadu - 2026,19-Mar 1pm,3472.475
1861,2,Tamil Nadu - 2026,19-Mar 1pm,3472.475
1861,3,Tamil Nadu - 2026,19-Mar 1pm,3472.475
1861,4,Tamil Nadu - 2026,19-Mar 1pm,3472.475
1862,1,Tamil Nadu - 2026,19-Mar 2pm,3478.83
1862,2,Tamil Nadu - 2026,19-Mar 2pm,3478.83
1862,3,Tamil Nadu - 2026,19-Mar 2pm,3478.83
1862,4,Tamil Nadu - 2026,19-Mar 2pm,3478.83
1863,1,Tamil Nadu - 2026,19-Mar 3pm,3625.44
1863,2,Tamil Nadu - 2026,19-Mar 3pm,3625.44
1863,3,Tamil Nadu - 2026,19-Mar 3pm,3625.44
1863,4,Tamil Nadu - 2026,19-Mar 3pm,3625.44
1864,1,Tamil Nadu - 2026,19-Mar 4pm,3764.39
1864,2,Tamil Nadu - 2026,19-Mar 4pm,3764.39
1864,3,Tamil Nadu - 2026,19-Mar 4pm,3764.39
1864,4,Tamil Nadu - 2026,19-Mar 4pm,3764.39
1865,1,Tamil Nadu - 2026,19-Mar 5pm,4013.8325
1865,2,Tamil Nadu - 2026,19-Mar 5pm,4013.8325
1865,3,Tamil Nadu - 2026,19-Mar 5pm,4013.8325
1865,4,Tamil Nadu - 2026,19-Mar 5pm,4013.8325
1866,1,Tamil Nadu - 2026,19-Mar 6pm,4116.3875
1866,2,Tamil Nadu - 2026,19-Mar 6pm,4116.3875
1866,3,Tamil Nadu - 2026,19-Mar 6pm,4116.3875
1866,4,Tamil Nadu - 2026,19-Mar 6pm,4116.3875
1867,1,Tamil Nadu - 2026,19-Mar 7pm,4089.7025
1867,2,Tamil Nadu - 2026,19-Mar 7pm,4089.7025
1867,3,Tamil Nadu - 2026,19-Mar 7pm,4089.7025
1867,4,Tamil Nadu - 2026,19-Mar 7pm,4089.7025
1868,1,Tamil Nadu - 2026,19-Mar 8pm,3814.57
1868,2,Tamil Nadu - 2026,19-Mar 8pm,3814.57
1868,3,Tamil Nadu - 2026,19-Mar 8pm,3814.57
1868,4,Tamil Nadu - 2026,19-Mar 8pm,3814.57
1869,1,Tamil Nadu - 2026,19-Mar 9pm,3628.67
1869,2,Tamil Nadu - 2026,19-Mar 9pm,3628.67
1869,3,Tamil Nadu - 2026,19-Mar 9pm,3628.67
1869,4,Tamil Nadu - 2026,19-Mar 9pm,3628.67
1870,1,Tamil Nadu - 2026,19-Mar 10pm,3403.53
1870,2,Tamil Nadu - 2026,19-Mar 10pm,3403.53
1870,3,Tamil Nadu - 2026,19-Mar 10pm,3403.53
1870,4,Tamil Nadu - 2026,19-Mar 10pm,3403.53
1871,1,Tamil Nadu - 2026,19-Mar 11pm,3193.315
1871,2,Tamil Nadu - 2026,19-Mar 11pm,3193.315
1871,3,Tamil Nadu - 2026,19-Mar 11pm,3193.315
1871,4,Tamil Nadu - 2026,19-Mar 11pm,3193.315
1872,1,Tamil Nadu - 2026,20-Mar 12am,3095.7575
1872,2,Tamil Nadu - 2026,20-Mar 12am,3095.7575
1872,3,Tamil Nadu - 2026,20-Mar 12am,3095.7575
1872,4,Tamil Nadu - 2026,20-Mar 12am,3095.7575
1873,1,Tamil Nadu - 2026,20-Mar 1am,3080.45
1873,2,Tamil Nadu - 2026,20-Mar 1am,3080.45
1873,3,Tamil Nadu - 2026,20-Mar 1am,3080.45
1873,4,Tamil Nadu - 2026,20-Mar 1am,3080.45
1874,1,Tamil Nadu - 2026,20-Mar 2am,3033.1575
1874,2,Tamil Nadu - 2026,20-Mar 2am,3033.1575
1874,3,Tamil Nadu - 2026,20-Mar 2am,3033.1575
1874,4,Tamil Nadu - 2026,20-Mar 2am,3033.1575
1875,1,Tamil Nadu - 2026,20-Mar 3am,3000.4275
1875,2,Tamil Nadu - 2026,20-Mar 3am,3000.4275
1875,3,Tamil Nadu - 2026,20-Mar 3am,3000.4275
1875,4,Tamil Nadu - 2026,20-Mar 3am,3000.4275
1876,1,Tamil Nadu - 2026,20-Mar 4am,2979.58
1876,2,Tamil Nadu - 2026,20-Mar 4am,2979.58
1876,3,Tamil Nadu - 2026,20-Mar 4am,2979.58
1876,4,Tamil Nadu - 2026,20-Mar 4am,2979.58
1877,1,Tamil Nadu - 2026,20-Mar 5am,3102.605
1877,2,Tamil Nadu - 2026,20-Mar 5am,3102.605
1877,3,Tamil Nadu - 2026,20-Mar 5am,3102.605
1877,4,Tamil Nadu - 2026,20-Mar 5am,3102.605
1878,1,Tamil Nadu - 2026,20-Mar 6am,3343.3375
1878,2,Tamil Nadu - 2026,20-Mar 6am,3343.3375
1878,3,Tamil Nadu - 2026,20-Mar 6am,3343.3375
1878,4,Tamil Nadu - 2026,20-Mar 6am,3343.3375
1879,1,Tamil Nadu - 2026,20-Mar 7am,4005.48
1879,2,Tamil Nadu - 2026,20-Mar 7am,4005.48
1879,3,Tamil Nadu - 2026,20-Mar 7am,4005.48
1879,4,Tamil Nadu - 2026,20-Mar 7am,4005.48
1880,1,Tamil Nadu - 2026,20-Mar 8am,4108.3775
1880,2,Tamil Nadu - 2026,20-Mar 8am,4108.3775
1880,3,Tamil Nadu - 2026,20-Mar 8am,4108.3775
1880,4,Tamil Nadu - 2026,20-Mar 8am,4108.3775
1881,1,Tamil Nadu - 2026,20-Mar 9am,3900.5025
1881,2,Tamil Nadu - 2026,20-Mar 9am,3900.5025
1881,3,Tamil Nadu - 2026,20-Mar 9am,3900.5025
1881,4,Tamil Nadu - 2026,20-Mar 9am,3900.5025
1882,1,Tamil Nadu - 2026,20-Mar 10am,3637.9625
1882,2,Tamil Nadu - 2026,20-Mar 10am,3637.9625
1882,3,Tamil Nadu - 2026,20-Mar 10am,3637.9625
1882,4,Tamil Nadu - 2026,20-Mar 10am,3637.9625
1883,1,Tamil Nadu - 2026,20-Mar 11am,3575.3225
1883,2,Tamil Nadu - 2026,20-Mar 11am,3575.3225
1883,3,Tamil Nadu - 2026,20-Mar 11am,3575.3225
1883,4,Tamil Nadu - 2026,20-Mar 11am,3575.3225
1884,1,Tamil Nadu - 2026,20-Mar 12pm,3513.945
1884,2,Tamil Nadu - 2026,20-Mar 12pm,3513.945
1884,3,Tamil Nadu - 2026,20-Mar 12pm,3513.945
1884,4,Tamil Nadu - 2026,20-Mar 12pm,3513.945
1885,1,Tamil Nadu - 2026,20-Mar 1pm,3369.185
1885,2,Tamil Nadu - 2026,20-Mar 1pm,3369.185
1885,3,Tamil Nadu - 2026,20-Mar 1pm,3369.185
1885,4,Tamil Nadu - 2026,20-Mar 1pm,3369.185
1886,1,Tamil Nadu - 2026,20-Mar 2pm,3310.9575
1886,2,Tamil Nadu - 2026,20-Mar 2pm,3310.9575
1886,3,Tamil Nadu - 2026,20-Mar 2pm,3310.9575
1886,4,Tamil Nadu - 2026,20-Mar 2pm,3310.9575
1887,1,Tamil Nadu - 2026,20-Mar 3pm,3488.7825
1887,2,Tamil Nadu - 2026,20-Mar 3pm,3488.7825
1887,3,Tamil Nadu - 2026,20-Mar 3pm,3488.7825
1887,4,Tamil Nadu - 2026,20-Mar 3pm,3488.7825
1888,1,Tamil Nadu - 2026,20-Mar 4pm,3776.0625
1888,2,Tamil Nadu - 2026,20-Mar 4pm,3776.0625
1888,3,Tamil Nadu - 2026,20-Mar 4pm,3776.0625
1888,4,Tamil Nadu - 2026,20-Mar 4pm,3776.0625
1889,1,Tamil Nadu - 2026,20-Mar 5pm,4132.585
1889,2,Tamil Nadu - 2026,20-Mar 5pm,4132.585
1889,3,Tamil Nadu - 2026,20-Mar 5pm,4132.585
1889,4,Tamil Nadu - 2026,20-Mar 5pm,4132.585
1890,1,Tamil Nadu - 2026,20-Mar 6pm,4265.9125
1890,2,Tamil Nadu - 2026,20-Mar 6pm,4265.9125
1890,3,Tamil Nadu - 2026,20-Mar 6pm,4265.9125
1890,4,Tamil Nadu - 2026,20-Mar 6pm,4265.9125
1891,1,Tamil Nadu - 2026,20-Mar 7pm,4145.1475
1891,2,Tamil Nadu - 2026,20-Mar 7pm,4145.1475
1891,3,Tamil Nadu - 2026,20-Mar 7pm,4145.1475
1891,4,Tamil Nadu - 2026,20-Mar 7pm,4145.1475
1892,1,Tamil Nadu - 2026,20-Mar 8pm,3857.155
1892,2,Tamil Nadu - 2026,20-Mar 8pm,3857.155
1892,3,Tamil Nadu - 2026,20-Mar 8pm,3857.155
1892,4,Tamil Nadu - 2026,20-Mar 8pm,3857.155
1893,1,Tamil Nadu - 2026,20-Mar 9pm,3624.04
1893,2,Tamil Nadu - 2026,20-Mar 9pm,3624.04
1893,3,Tamil Nadu - 2026,20-Mar 9pm,3624.04
1893,4,Tamil Nadu - 2026,20-Mar 9pm,3624.04
1894,1,Tamil Nadu - 2026,20-Mar 10pm,3379.1875
1894,2,Tamil Nadu - 2026,20-Mar 10pm,3379.1875
1894,3,Tamil Nadu - 2026,20-Mar 10pm,3379.1875
1894,4,Tamil Nadu - 2026,20-Mar 10pm,3379.1875
1895,1,Tamil Nadu - 2026,20-Mar 11pm,3172.35
1895,2,Tamil Nadu - 2026,20-Mar 11pm,3172.35
1895,3,Tamil Nadu - 2026,20-Mar 11pm,3172.35
1895,4,Tamil Nadu - 2026,20-Mar 11pm,3172.35
1896,1,Tamil Nadu - 2026,21-Mar 12am,3038.885
1896,2,Tamil Nadu - 2026,21-Mar 12am,3038.885
1896,3,Tamil Nadu - 2026,21-Mar 12am,3038.885
1896,4,Tamil Nadu - 2026,21-Mar 12am,3038.885
1897,1,Tamil Nadu - 2026,21-Mar 1am,3016.7075
1897,2,Tamil Nadu - 2026,21-Mar 1am,3016.7075
1897,3,Tamil Nadu - 2026,21-Mar 1am,3016.7075
1897,4,Tamil Nadu - 2026,21-Mar 1am,3016.7075
1898,1,Tamil Nadu - 2026,21-Mar 2am,2984.6475
1898,2,Tamil Nadu - 2026,21-Mar 2am,2984.6475
1898,3,Tamil Nadu - 2026,21-Mar 2am,2984.6475
1898,4,Tamil Nadu - 2026,21-Mar 2am,2984.6475
1899,1,Tamil Nadu - 2026,21-Mar 3am,2978.485
1899,2,Tamil Nadu - 2026,21-Mar 3am,2978.485
1899,3,Tamil Nadu - 2026,21-Mar 3am,2978.485
1899,4,Tamil Nadu - 2026,21-Mar 3am,2978.485
1900,1,Tamil Nadu - 2026,21-Mar 4am,2996.87
1900,2,Tamil Nadu - 2026,21-Mar 4am,2996.87
1900,3,Tamil Nadu - 2026,21-Mar 4am,2996.87
1900,4,Tamil Nadu - 2026,21-Mar 4am,2996.87
1901,1,Tamil Nadu - 2026,21-Mar 5am,3060.2825
1901,2,Tamil Nadu - 2026,21-Mar 5am,3060.2825
1901,3,Tamil Nadu - 2026,21-Mar 5am,3060.2825
1901,4,Tamil Nadu - 2026,21-Mar 5am,3060.2825
1902,1,Tamil Nadu - 2026,21-Mar 6am,3348.81
1902,2,Tamil Nadu - 2026,21-Mar 6am,3348.81
1902,3,Tamil Nadu - 2026,21-Mar 6am,3348.81
1902,4,Tamil Nadu - 2026,21-Mar 6am,3348.81
1903,1,Tamil Nadu - 2026,21-Mar 7am,4014.5725
1903,2,Tamil Nadu - 2026,21-Mar 7am,4014.5725
1903,3,Tamil Nadu - 2026,21-Mar 7am,4014.5725
1903,4,Tamil Nadu - 2026,21-Mar 7am,4014.5725
1904,1,Tamil Nadu - 2026,21-Mar 8am,4150.38
1904,2,Tamil Nadu - 2026,21-Mar 8am,4150.38
1904,3,Tamil Nadu - 2026,21-Mar 8am,4150.38
1904,4,Tamil Nadu - 2026,21-Mar 8am,4150.38
1905,1,Tamil Nadu - 2026,21-Mar 9am,3944.0275
1905,2,Tamil Nadu - 2026,21-Mar 9am,3944.0275
1905,3,Tamil Nadu - 2026,21-Mar 9am,3944.0275
1905,4,Tamil Nadu - 2026,21-Mar 9am,3944.0275
1906,1,Tamil Nadu - 2026,21-Mar 10am,3755.845
1906,2,Tamil Nadu - 2026,21-Mar 10am,3755.845
1906,3,Tamil Nadu - 2026,21-Mar 10am,3755.845
1906,4,Tamil Nadu - 2026,21-Mar 10am,3755.845
1907,1,Tamil Nadu - 2026,21-Mar 11am,3681.825
1907,2,Tamil Nadu - 2026,21-Mar 11am,3681.825
1907,3,Tamil Nadu - 2026,21-Mar 11am,3681.825
1907,4,Tamil Nadu - 2026,21-Mar 11am,3681.825
1908,1,Tamil Nadu - 2026,21-Mar 12pm,3589.13
1908,2,Tamil Nadu - 2026,21-Mar 12pm,3589.13
1908,3,Tamil Nadu - 2026,21-Mar 12pm,3589.13
1908,4,Tamil Nadu - 2026,21-Mar 12pm,3589.13
1909,1,Tamil Nadu - 2026,21-Mar 1pm,3437.5975
1909,2,Tamil Nadu - 2026,21-Mar 1pm,3437.5975
1909,3,Tamil Nadu - 2026,21-Mar 1pm,3437.5975
1909,4,Tamil Nadu - 2026,21-Mar 1pm,3437.5975
1910,1,Tamil Nadu - 2026,21-Mar 2pm,3386.1175
1910,2,Tamil Nadu - 2026,21-Mar 2pm,3386.1175
1910,3,Tamil Nadu - 2026,21-Mar 2pm,3386.1175
1910,4,Tamil Nadu - 2026,21-Mar 2pm,3386.1175
1911,1,Tamil Nadu - 2026,21-Mar 3pm,3626.9775
1911,2,Tamil Nadu - 2026,21-Mar 3pm,3626.9775
1911,3,Tamil Nadu - 2026,21-Mar 3pm,3626.9775
1911,4,Tamil Nadu - 2026,21-Mar 3pm,3626.9775
1912,1,Tamil Nadu - 2026,21-Mar 4pm,3809.425
1912,2,Tamil Nadu - 2026,21-Mar 4pm,3809.425
1912,3,Tamil Nadu - 2026,21-Mar 4pm,3809.425
1912,4,Tamil Nadu - 2026,21-Mar 4pm,3809.425
1913,1,Tamil Nadu - 2026,21-Mar 5pm,4161.0425
1913,2,Tamil Nadu - 2026,21-Mar 5pm,4161.0425
1913,3,Tamil Nadu - 2026,21-Mar 5pm,4161.0425
1913,4,Tamil Nadu - 2026,21-Mar 5pm,4161.0425
1914,1,Tamil Nadu - 2026,21-Mar 6pm,4216.3875
1914,2,Tamil Nadu - 2026,21-Mar 6pm,4216.3875
1914,3,Tamil Nadu - 2026,21-Mar 6pm,4216.3875
1914,4,Tamil Nadu - 2026,21-Mar 6pm,4216.3875
1915,1,Tamil Nadu - 2026,21-Mar 7pm,4169.1875
1915,2,Tamil Nadu - 2026,21-Mar 7pm,4169.1875
1915,3,Tamil Nadu - 2026,21-Mar 7pm,4169.1875
1915,4,Tamil Nadu - 2026,21-Mar 7pm,4169.1875
1916,1,Tamil Nadu - 2026,21-Mar 8pm,3864.98
1916,2,Tamil Nadu - 2026,21-Mar 8pm,3864.98
1916,3,Tamil Nadu - 2026,21-Mar 8pm,3864.98
1916,4,Tamil Nadu - 2026,21-Mar 8pm,3864.98
1917,1,Tamil Nadu - 2026,21-Mar 9pm,3636.2125
1917,2,Tamil Nadu - 2026,21-Mar 9pm,3636.2125
1917,3,Tamil Nadu - 2026,21-Mar 9pm,3636.2125
1917,4,Tamil Nadu - 2026,21-Mar 9pm,3636.2125
1918,1,Tamil Nadu - 2026,21-Mar 10pm,3424.6375
1918,2,Tamil Nadu - 2026,21-Mar 10pm,3424.6375
1918,3,Tamil Nadu - 2026,21-Mar 10pm,3424.6375
1918,4,Tamil Nadu - 2026,21-Mar 10pm,3424.6375
1919,1,Tamil Nadu - 2026,21-Mar 11pm,3201.9925
1919,2,Tamil Nadu - 2026,21-Mar 11pm,3201.9925
1919,3,Tamil Nadu - 2026,21-Mar 11pm,3201.9925
1919,4,Tamil Nadu - 2026,21-Mar 11pm,3201.9925
1920,1,Tamil Nadu - 2026,22-Mar 12am,3094.3125
1920,2,Tamil Nadu - 2026,22-Mar 12am,3094.3125
1920,3,Tamil Nadu - 2026,22-Mar 12am,3094.3125
1920,4,Tamil Nadu - 2026,22-Mar 12am,3094.3125
1921,1,Tamil Nadu - 2026,22-Mar 1am,3039.3025
1921,2,Tamil Nadu - 2026,22-Mar 1am,3039.3025
1921,3,Tamil Nadu - 2026,22-Mar 1am,3039.3025
1921,4,Tamil Nadu - 2026,22-Mar 1am,3039.3025
1922,1,Tamil Nadu - 2026,22-Mar 2am,2998.6075
1922,2,Tamil Nadu - 2026,22-Mar 2am,2998.6075
1922,3,Tamil Nadu - 2026,22-Mar 2am,2998.6075
1922,4,Tamil Nadu - 2026,22-Mar 2am,2998.6075
1923,1,Tamil Nadu - 2026,22-Mar 3am,2966.2675
1923,2,Tamil Nadu - 2026,22-Mar 3am,2966.2675
1923,3,Tamil Nadu - 2026,22-Mar 3am,2966.2675
1923,4,Tamil Nadu - 2026,22-Mar 3am,2966.2675
1924,1,Tamil Nadu - 2026,22-Mar 4am,2982.065
1924,2,Tamil Nadu - 2026,22-Mar 4am,2982.065
1924,3,Tamil Nadu - 2026,22-Mar 4am,2982.065
1924,4,Tamil Nadu - 2026,22-Mar 4am,2982.065
1925,1,Tamil Nadu - 2026,22-Mar 5am,3007.7425
1925,2,Tamil Nadu - 2026,22-Mar 5am,3007.7425
1925,3,Tamil Nadu - 2026,22-Mar 5am,3007.7425
1925,4,Tamil Nadu - 2026,22-Mar 5am,3007.7425
1926,1,Tamil Nadu - 2026,22-Mar 6am,3336.6075
1926,2,Tamil Nadu - 2026,22-Mar 6am,3336.6075
1926,3,Tamil Nadu - 2026,22-Mar 6am,3336.6075
1926,4,Tamil Nadu - 2026,22-Mar 6am,3336.6075
1927,1,Tamil Nadu - 2026,22-Mar 7am,4024.025
1927,2,Tamil Nadu - 2026,22-Mar 7am,4024.025
1927,3,Tamil Nadu - 2026,22-Mar 7am,4024.025
1927,4,Tamil Nadu - 2026,22-Mar 7am,4024.025
1928,1,Tamil Nadu - 2026,22-Mar 8am,4084.2575
1928,2,Tamil Nadu - 2026,22-Mar 8am,4084.2575
1928,3,Tamil Nadu - 2026,22-Mar 8am,4084.2575
1928,4,Tamil Nadu - 2026,22-Mar 8am,4084.2575
1929,1,Tamil Nadu - 2026,22-Mar 9am,3680.005
1929,2,Tamil Nadu - 2026,22-Mar 9am,3680.005
1929,3,Tamil Nadu - 2026,22-Mar 9am,3680.005
1929,4,Tamil Nadu - 2026,22-Mar 9am,3680.005
1930,1,Tamil Nadu - 2026,22-Mar 10am,3682.2875
1930,2,Tamil Nadu - 2026,22-Mar 10am,3682.2875
1930,3,Tamil Nadu - 2026,22-Mar 10am,3682.2875
1930,4,Tamil Nadu - 2026,22-Mar 10am,3682.2875
1931,1,Tamil Nadu - 2026,22-Mar 11am,3612.9325
1931,2,Tamil Nadu - 2026,22-Mar 11am,3612.9325
1931,3,Tamil Nadu - 2026,22-Mar 11am,3612.9325
1931,4,Tamil Nadu - 2026,22-Mar 11am,3612.9325
1932,1,Tamil Nadu - 2026,22-Mar 12pm,3561.685
1932,2,Tamil Nadu - 2026,22-Mar 12pm,3561.685
1932,3,Tamil Nadu - 2026,22-Mar 12pm,3561.685
1932,4,Tamil Nadu - 2026,22-Mar 12pm,3561.685
1933,1,Tamil Nadu - 2026,22-Mar 1pm,3448.3175
1933,2,Tamil Nadu - 2026,22-Mar 1pm,3448.3175
1933,3,Tamil Nadu - 2026,22-Mar 1pm,3448.3175
1933,4,Tamil Nadu - 2026,22-Mar 1pm,3448.3175
1934,1,Tamil Nadu - 2026,22-Mar 2pm,3449.0125
1934,2,Tamil Nadu - 2026,22-Mar 2pm,3449.0125
1934,3,Tamil Nadu - 2026,22-Mar 2pm,3449.0125
1934,4,Tamil Nadu - 2026,22-Mar 2pm,3449.0125
1935,1,Tamil Nadu - 2026,22-Mar 3pm,3549.3875
1935,2,Tamil Nadu - 2026,22-Mar 3pm,3549.3875
1935,3,Tamil Nadu - 2026,22-Mar 3pm,3549.3875
1935,4,Tamil Nadu - 2026,22-Mar 3pm,3549.3875
1936,1,Tamil Nadu - 2026,22-Mar 4pm,3830.48
1936,2,Tamil Nadu - 2026,22-Mar 4pm,3830.48
1936,3,Tamil Nadu - 2026,22-Mar 4pm,3830.48
1936,4,Tamil Nadu - 2026,22-Mar 4pm,3830.48
1937,1,Tamil Nadu - 2026,22-Mar 5pm,4182.6575
1937,2,Tamil Nadu - 2026,22-Mar 5pm,4182.6575
1937,3,Tamil Nadu - 2026,22-Mar 5pm,4182.6575
1937,4,Tamil Nadu - 2026,22-Mar 5pm,4182.6575
1938,1,Tamil Nadu - 2026,22-Mar 6pm,4252.1575
1938,2,Tamil Nadu - 2026,22-Mar 6pm,4252.1575
1938,3,Tamil Nadu - 2026,22-Mar 6pm,4252.1575
1938,4,Tamil Nadu - 2026,22-Mar 6pm,4252.1575
1939,1,Tamil Nadu - 2026,22-Mar 7pm,4293.3225
1939,2,Tamil Nadu - 2026,22-Mar 7pm,4293.3225
1939,3,Tamil Nadu - 2026,22-Mar 7pm,4293.3225
1939,4,Tamil Nadu - 2026,22-Mar 7pm,4293.3225
1940,1,Tamil Nadu - 2026,22-Mar 8pm,3982.35
1940,2,Tamil Nadu - 2026,22-Mar 8pm,3982.35
1940,3,Tamil Nadu - 2026,22-Mar 8pm,3982.35
1940,4,Tamil Nadu - 2026,22-Mar 8pm,3982.35
1941,1,Tamil Nadu - 2026,22-Mar 9pm,3721.8125
1941,2,Tamil Nadu - 2026,22-Mar 9pm,3721.8125
1941,3,Tamil Nadu - 2026,22-Mar 9pm,3721.8125
1941,4,Tamil Nadu - 2026,22-Mar 9pm,3721.8125
1942,1,Tamil Nadu - 2026,22-Mar 10pm,3482.0125
1942,2,Tamil Nadu - 2026,22-Mar 10pm,3482.0125
1942,3,Tamil Nadu - 2026,22-Mar 10pm,3482.0125
1942,4,Tamil Nadu - 2026,22-Mar 10pm,3482.0125
1943,1,Tamil Nadu - 2026,22-Mar 11pm,3224.8675
1943,2,Tamil Nadu - 2026,22-Mar 11pm,3224.8675
1943,3,Tamil Nadu - 2026,22-Mar 11pm,3224.8675
1943,4,Tamil Nadu - 2026,22-Mar 11pm,3224.8675
1944,1,Tamil Nadu - 2026,23-Mar 12am,3112.045
1944,2,Tamil Nadu - 2026,23-Mar 12am,3112.045
1944,3,Tamil Nadu - 2026,23-Mar 12am,3112.045
1944,4,Tamil Nadu - 2026,23-Mar 12am,3112.045
1945,1,Tamil Nadu - 2026,23-Mar 1am,3060.6075
1945,2,Tamil Nadu - 2026,23-Mar 1am,3060.6075
1945,3,Tamil Nadu - 2026,23-Mar 1am,3060.6075
1945,4,Tamil Nadu - 2026,23-Mar 1am,3060.6075
1946,1,Tamil Nadu - 2026,23-Mar 2am,3013.55
1946,2,Tamil Nadu - 2026,23-Mar 2am,3013.55
1946,3,Tamil Nadu - 2026,23-Mar 2am,3013.55
1946,4,Tamil Nadu - 2026,23-Mar 2am,3013.55
1947,1,Tamil Nadu - 2026,23-Mar 3am,3039.47
1947,2,Tamil Nadu - 2026,23-Mar 3am,3039.47
1947,3,Tamil Nadu - 2026,23-Mar 3am,3039.47
1947,4,Tamil Nadu - 2026,23-Mar 3am,3039.47
1948,1,Tamil Nadu - 2026,23-Mar 4am,3044.92
1948,2,Tamil Nadu - 2026,23-Mar 4am,3044.92
1948,3,Tamil Nadu - 2026,23-Mar 4am,3044.92
1948,4,Tamil Nadu - 2026,23-Mar 4am,3044.92
1949,1,Tamil Nadu - 2026,23-Mar 5am,3124.275
1949,2,Tamil Nadu - 2026,23-Mar 5am,3124.275
1949,3,Tamil Nadu - 2026,23-Mar 5am,3124.275
1949,4,Tamil Nadu - 2026,23-Mar 5am,3124.275
1950,1,Tamil Nadu - 2026,23-Mar 6am,3428.7025
1950,2,Tamil Nadu - 2026,23-Mar 6am,3428.7025
1950,3,Tamil Nadu - 2026,23-Mar 6am,3428.7025
1950,4,Tamil Nadu - 2026,23-Mar 6am,3428.7025
1951,1,Tamil Nadu - 2026,23-Mar 7am,4123.1725
1951,2,Tamil Nadu - 2026,23-Mar 7am,4123.1725
1951,3,Tamil Nadu - 2026,23-Mar 7am,4123.1725
1951,4,Tamil Nadu - 2026,23-Mar 7am,4123.1725
1952,1,Tamil Nadu - 2026,23-Mar 8am,4200.475
1952,2,Tamil Nadu - 2026,23-Mar 8am,4200.475
1952,3,Tamil Nadu - 2026,23-Mar 8am,4200.475
1952,4,Tamil Nadu - 2026,23-Mar 8am,4200.475
1953,1,Tamil Nadu - 2026,23-Mar 9am,3962.6375
1953,2,Tamil Nadu - 2026,23-Mar 9am,3962.6375
1953,3,Tamil Nadu - 2026,23-Mar 9am,3962.6375
1953,4,Tamil Nadu - 2026,23-Mar 9am,3962.6375
1954,1,Tamil Nadu - 2026,23-Mar 10am,3633.77
1954,2,Tamil Nadu - 2026,23-Mar 10am,3633.77
1954,3,Tamil Nadu - 2026,23-Mar 10am,3633.77
1954,4,Tamil Nadu - 2026,23-Mar 10am,3633.77
1955,1,Tamil Nadu - 2026,23-Mar 11am,3721.5675
1955,2,Tamil Nadu - 2026,23-Mar 11am,3721.5675
1955,3,Tamil Nadu - 2026,23-Mar 11am,3721.5675
1955,4,Tamil Nadu - 2026,23-Mar 11am,3721.5675
1956,1,Tamil Nadu - 2026,23-Mar 12pm,3707.2125
1956,2,Tamil Nadu - 2026,23-Mar 12pm,3707.2125
1956,3,Tamil Nadu - 2026,23-Mar 12pm,3707.2125
1956,4,Tamil Nadu - 2026,23-Mar 12pm,3707.2125
1957,1,Tamil Nadu - 2026,23-Mar 1pm,3618.7525
1957,2,Tamil Nadu - 2026,23-Mar 1pm,3618.7525
1957,3,Tamil Nadu - 2026,23-Mar 1pm,3618.7525
1957,4,Tamil Nadu - 2026,23-Mar 1pm,3618.7525
1958,1,Tamil Nadu - 2026,23-Mar 2pm,3518.35
1958,2,Tamil Nadu - 2026,23-Mar 2pm,3518.35
1958,3,Tamil Nadu - 2026,23-Mar 2pm,3518.35
1958,4,Tamil Nadu - 2026,23-Mar 2pm,3518.35
1959,1,Tamil Nadu - 2026,23-Mar 3pm,3686.0
1959,2,Tamil Nadu - 2026,23-Mar 3pm,3686.0
1959,3,Tamil Nadu - 2026,23-Mar 3pm,3686.0
1959,4,Tamil Nadu - 2026,23-Mar 3pm,3686.0
1960,1,Tamil Nadu - 2026,23-Mar 4pm,3950.985
1960,2,Tamil Nadu - 2026,23-Mar 4pm,3950.985
1960,3,Tamil Nadu - 2026,23-Mar 4pm,3950.985
1960,4,Tamil Nadu - 2026,23-Mar 4pm,3950.985
1961,1,Tamil Nadu - 2026,23-Mar 5pm,4287.86
1961,2,Tamil Nadu - 2026,23-Mar 5pm,4287.86
1961,3,Tamil Nadu - 2026,23-Mar 5pm,4287.86
1961,4,Tamil Nadu - 2026,23-Mar 5pm,4287.86
1962,1,Tamil Nadu - 2026,23-Mar 6pm,4246.53
1962,2,Tamil Nadu - 2026,23-Mar 6pm,4246.53
1962,3,Tamil Nadu - 2026,23-Mar 6pm,4246.53
1962,4,Tamil Nadu - 2026,23-Mar 6pm,4246.53
1963,1,Tamil Nadu - 2026,23-Mar 7pm,4201.865
1963,2,Tamil Nadu - 2026,23-Mar 7pm,4201.865
1963,3,Tamil Nadu - 2026,23-Mar 7pm,4201.865
1963,4,Tamil Nadu - 2026,23-Mar 7pm,4201.865
1964,1,Tamil Nadu - 2026,23-Mar 8pm,3914.555
1964,2,Tamil Nadu - 2026,23-Mar 8pm,3914.555
1964,3,Tamil Nadu - 2026,23-Mar 8pm,3914.555
1964,4,Tamil Nadu - 2026,23-Mar 8pm,3914.555
1965,1,Tamil Nadu - 2026,23-Mar 9pm,3664.2675
1965,2,Tamil Nadu - 2026,23-Mar 9pm,3664.2675
1965,3,Tamil Nadu - 2026,23-Mar 9pm,3664.2675
1965,4,Tamil Nadu - 2026,23-Mar 9pm,3664.2675
1966,1,Tamil Nadu - 2026,23-Mar 10pm,3424.8825
1966,2,Tamil Nadu - 2026,23-Mar 10pm,3424.8825
1966,3,Tamil Nadu - 2026,23-Mar 10pm,3424.8825
1966,4,Tamil Nadu - 2026,23-Mar 10pm,3424.8825
1967,1,Tamil Nadu - 2026,23-Mar 11pm,3210.0375
1967,2,Tamil Nadu - 2026,23-Mar 11pm,3210.0375
1967,3,Tamil Nadu - 2026,23-Mar 11pm,3210.0375
1967,4,Tamil Nadu - 2026,23-Mar 11pm,3210.0375
1968,1,Tamil Nadu - 2026,24-Mar 12am,3090.93
1968,2,Tamil Nadu - 2026,24-Mar 12am,3090.93
1968,3,Tamil Nadu - 2026,24-Mar 12am,3090.93
1968,4,Tamil Nadu - 2026,24-Mar 12am,3090.93
1969,1,Tamil Nadu - 2026,24-Mar 1am,3080.9875
1969,2,Tamil Nadu - 2026,24-Mar 1am,3080.9875
1969,3,Tamil Nadu - 2026,24-Mar 1am,3080.9875
1969,4,Tamil Nadu - 2026,24-Mar 1am,3080.9875
1970,1,Tamil Nadu - 2026,24-Mar 2am,3054.4475
1970,2,Tamil Nadu - 2026,24-Mar 2am,3054.4475
1970,3,Tamil Nadu - 2026,24-Mar 2am,3054.4475
1970,4,Tamil Nadu - 2026,24-Mar 2am,3054.4475
1971,1,Tamil Nadu - 2026,24-Mar 3am,3053.7075
1971,2,Tamil Nadu - 2026,24-Mar 3am,3053.7075
1971,3,Tamil Nadu - 2026,24-Mar 3am,3053.7075
1971,4,Tamil Nadu - 2026,24-Mar 3am,3053.7075
1972,1,Tamil Nadu - 2026,24-Mar 4am,3061.2825
1972,2,Tamil Nadu - 2026,24-Mar 4am,3061.2825
1972,3,Tamil Nadu - 2026,24-Mar 4am,3061.2825
1972,4,Tamil Nadu - 2026,24-Mar 4am,3061.2825
1973,1,Tamil Nadu - 2026,24-Mar 5am,3167.85
1973,2,Tamil Nadu - 2026,24-Mar 5am,3167.85
1973,3,Tamil Nadu - 2026,24-Mar 5am,3167.85
1973,4,Tamil Nadu - 2026,24-Mar 5am,3167.85
1974,1,Tamil Nadu - 2026,24-Mar 6am,3341.96
1974,2,Tamil Nadu - 2026,24-Mar 6am,3341.96
1974,3,Tamil Nadu - 2026,24-Mar 6am,3341.96
1974,4,Tamil Nadu - 2026,24-Mar 6am,3341.96
1975,1,Tamil Nadu - 2026,24-Mar 7am,3882.7725
1975,2,Tamil Nadu - 2026,24-Mar 7am,3882.7725
1975,3,Tamil Nadu - 2026,24-Mar 7am,3882.7725
1975,4,Tamil Nadu - 2026,24-Mar 7am,3882.7725
1976,1,Tamil Nadu - 2026,24-Mar 8am,4081.1775
1976,2,Tamil Nadu - 2026,24-Mar 8am,4081.1775
1976,3,Tamil Nadu - 2026,24-Mar 8am,4081.1775
1976,4,Tamil Nadu - 2026,24-Mar 8am,4081.1775
1977,1,Tamil Nadu - 2026,24-Mar 9am,4026.025
1977,2,Tamil Nadu - 2026,24-Mar 9am,4026.025
1977,3,Tamil Nadu - 2026,24-Mar 9am,4026.025
1977,4,Tamil Nadu - 2026,24-Mar 9am,4026.025
1978,1,Tamil Nadu - 2026,24-Mar 10am,3955.63
1978,2,Tamil Nadu - 2026,24-Mar 10am,3955.63
1978,3,Tamil Nadu - 2026,24-Mar 10am,3955.63
1978,4,Tamil Nadu - 2026,24-Mar 10am,3955.63
1979,1,Tamil Nadu - 2026,24-Mar 11am,3785.69
1979,2,Tamil Nadu - 2026,24-Mar 11am,3785.69
1979,3,Tamil Nadu - 2026,24-Mar 11am,3785.69
1979,4,Tamil Nadu - 2026,24-Mar 11am,3785.69
1980,1,Tamil Nadu - 2026,24-Mar 12pm,3845.145
1980,2,Tamil Nadu - 2026,24-Mar 12pm,3845.145
1980,3,Tamil Nadu - 2026,24-Mar 12pm,3845.145
1980,4,Tamil Nadu - 2026,24-Mar 12pm,3845.145
1981,1,Tamil Nadu - 2026,24-Mar 1pm,3751.9225
1981,2,Tamil Nadu - 2026,24-Mar 1pm,3751.9225
1981,3,Tamil Nadu - 2026,24-Mar 1pm,3751.9225
1981,4,Tamil Nadu - 2026,24-Mar 1pm,3751.9225
1982,1,Tamil Nadu - 2026,24-Mar 2pm,3714.005
1982,2,Tamil Nadu - 2026,24-Mar 2pm,3714.005
1982,3,Tamil Nadu - 2026,24-Mar 2pm,3714.005
1982,4,Tamil Nadu - 2026,24-Mar 2pm,3714.005
1983,1,Tamil Nadu - 2026,24-Mar 3pm,3835.53
1983,2,Tamil Nadu - 2026,24-Mar 3pm,3835.53
1983,3,Tamil Nadu - 2026,24-Mar 3pm,3835.53
1983,4,Tamil Nadu - 2026,24-Mar 3pm,3835.53
1984,1,Tamil Nadu - 2026,24-Mar 4pm,4007.895
1984,2,Tamil Nadu - 2026,24-Mar 4pm,4007.895
1984,3,Tamil Nadu - 2026,24-Mar 4pm,4007.895
1984,4,Tamil Nadu - 2026,24-Mar 4pm,4007.895
1985,1,Tamil Nadu - 2026,24-Mar 5pm,4009.875
1985,2,Tamil Nadu - 2026,24-Mar 5pm,4009.875
1985,3,Tamil Nadu - 2026,24-Mar 5pm,4009.875
1985,4,Tamil Nadu - 2026,24-Mar 5pm,4009.875
1986,1,Tamil Nadu - 2026,24-Mar 6pm,4052.0275
1986,2,Tamil Nadu - 2026,24-Mar 6pm,4052.0275
1986,3,Tamil Nadu - 2026,24-Mar 6pm,4052.0275
1986,4,Tamil Nadu - 2026,24-Mar 6pm,4052.0275
1987,1,Tamil Nadu - 2026,24-Mar 7pm,3975.08
1987,2,Tamil Nadu - 2026,24-Mar 7pm,3975.08
1987,3,Tamil Nadu - 2026,24-Mar 7pm,3975.08
1987,4,Tamil Nadu - 2026,24-Mar 7pm,3975.08
1988,1,Tamil Nadu - 2026,24-Mar 8pm,3690.415
1988,2,Tamil Nadu - 2026,24-Mar 8pm,3690.415
1988,3,Tamil Nadu - 2026,24-Mar 8pm,3690.415
1988,4,Tamil Nadu - 2026,24-Mar 8pm,3690.415
1989,1,Tamil Nadu - 2026,24-Mar 9pm,3574.8525
1989,2,Tamil Nadu - 2026,24-Mar 9pm,3574.8525
1989,3,Tamil Nadu - 2026,24-Mar 9pm,3574.8525
1989,4,Tamil Nadu - 2026,24-Mar 9pm,3574.8525
1990,1,Tamil Nadu - 2026,24-Mar 10pm,3335.75
1990,2,Tamil Nadu - 2026,24-Mar 10pm,3335.75
1990,3,Tamil Nadu - 2026,24-Mar 10pm,3335.75
1990,4,Tamil Nadu - 2026,24-Mar 10pm,3335.75
1991,1,Tamil Nadu - 2026,24-Mar 11pm,3112.315
1991,2,Tamil Nadu - 2026,24-Mar 11pm,3112.315
1991,3,Tamil Nadu - 2026,24-Mar 11pm,3112.315
1991,4,Tamil Nadu - 2026,24-Mar 11pm,3112.315
1992,1,Tamil Nadu - 2026,25-Mar 12am,3013.39
1992,2,Tamil Nadu - 2026,25-Mar 12am,3013.39
1992,3,Tamil Nadu - 2026,25-Mar 12am,3013.39
1992,4,Tamil Nadu - 2026,25-Mar 12am,3013.39
1993,1,Tamil Nadu - 2026,25-Mar 1am,2929.49
1993,2,Tamil Nadu - 2026,25-Mar 1am,2929.49
1993,3,Tamil Nadu - 2026,25-Mar 1am,2929.49
1993,4,Tamil Nadu - 2026,25-Mar 1am,2929.49
1994,1,Tamil Nadu - 2026,25-Mar 2am,2905.7425
1994,2,Tamil Nadu - 2026,25-Mar 2am,2905.7425
1994,3,Tamil Nadu - 2026,25-Mar 2am,2905.7425
1994,4,Tamil Nadu - 2026,25-Mar 2am,2905.7425
1995,1,Tamil Nadu - 2026,25-Mar 3am,2852.36
1995,2,Tamil Nadu - 2026,25-Mar 3am,2852.36
1995,3,Tamil Nadu - 2026,25-Mar 3am,2852.36
1995,4,Tamil Nadu - 2026,25-Mar 3am,2852.36
1996,1,Tamil Nadu - 2026,25-Mar 4am,2881.695
1996,2,Tamil Nadu - 2026,25-Mar 4am,2881.695
1996,3,Tamil Nadu - 2026,25-Mar 4am,2881.695
1996,4,Tamil Nadu - 2026,25-Mar 4am,2881.695
1997,1,Tamil Nadu - 2026,25-Mar 5am,2921.2125
1997,2,Tamil Nadu - 2026,25-Mar 5am,2921.2125
1997,3,Tamil Nadu - 2026,25-Mar 5am,2921.2125
1997,4,Tamil Nadu - 2026,25-Mar 5am,2921.2125
1998,1,Tamil Nadu - 2026,25-Mar 6am,3041.775
1998,2,Tamil Nadu - 2026,25-Mar 6am,3041.775
1998,3,Tamil Nadu - 2026,25-Mar 6am,3041.775
1998,4,Tamil Nadu - 2026,25-Mar 6am,3041.775
1999,1,Tamil Nadu - 2026,25-Mar 7am,3374.4025
1999,2,Tamil Nadu - 2026,25-Mar 7am,3374.4025
1999,3,Tamil Nadu - 2026,25-Mar 7am,3374.4025
1999,4,Tamil Nadu - 2026,25-Mar 7am,3374.4025
2000,1,Tamil Nadu - 2026,25-Mar 8am,3568.92
2000,2,Tamil Nadu - 2026,25-Mar 8am,3568.92
2000,3,Tamil Nadu - 2026,25-Mar 8am,3568.92
2000,4,Tamil Nadu - 2026,25-Mar 8am,3568.92
2001,1,Tamil Nadu - 2026,25-Mar 9am,3610.8675
2001,2,Tamil Nadu - 2026,25-Mar 9am,3610.8675
2001,3,Tamil Nadu - 2026,25-Mar 9am,3610.8675
2001,4,Tamil Nadu - 2026,25-Mar 9am,3610.8675
2002,1,Tamil Nadu - 2026,25-Mar 10am,3605.93
2002,2,Tamil Nadu - 2026,25-Mar 10am,3605.93
2002,3,Tamil Nadu - 2026,25-Mar 10am,3605.93
2002,4,Tamil Nadu - 2026,25-Mar 10am,3605.93
2003,1,Tamil Nadu - 2026,25-Mar 11am,3582.5
2003,2,Tamil Nadu - 2026,25-Mar 11am,3582.5
2003,3,Tamil Nadu - 2026,25-Mar 11am,3582.5
2003,4,Tamil Nadu - 2026,25-Mar 11am,3582.5
2004,1,Tamil Nadu - 2026,25-Mar 12pm,3517.73
2004,2,Tamil Nadu - 2026,25-Mar 12pm,3517.73
2004,3,Tamil Nadu - 2026,25-Mar 12pm,3517.73
2004,4,Tamil Nadu - 2026,25-Mar 12pm,3517.73
2005,1,Tamil Nadu - 2026,25-Mar 1pm,3416.18
2005,2,Tamil Nadu - 2026,25-Mar 1pm,3416.18
2005,3,Tamil Nadu - 2026,25-Mar 1pm,3416.18
2005,4,Tamil Nadu - 2026,25-Mar 1pm,3416.18
2006,1,Tamil Nadu - 2026,25-Mar 2pm,3335.0975
2006,2,Tamil Nadu - 2026,25-Mar 2pm,3335.0975
2006,3,Tamil Nadu - 2026,25-Mar 2pm,3335.0975
2006,4,Tamil Nadu - 2026,25-Mar 2pm,3335.0975
2007,1,Tamil Nadu - 2026,25-Mar 3pm,3372.7125
2007,2,Tamil Nadu - 2026,25-Mar 3pm,3372.7125
2007,3,Tamil Nadu - 2026,25-Mar 3pm,3372.7125
2007,4,Tamil Nadu - 2026,25-Mar 3pm,3372.7125
2008,1,Tamil Nadu - 2026,25-Mar 4pm,3462.8175
2008,2,Tamil Nadu - 2026,25-Mar 4pm,3462.8175
2008,3,Tamil Nadu - 2026,25-Mar 4pm,3462.8175
2008,4,Tamil Nadu - 2026,25-Mar 4pm,3462.8175
2009,1,Tamil Nadu - 2026,25-Mar 5pm,3575.535
2009,2,Tamil Nadu - 2026,25-Mar 5pm,3575.535
2009,3,Tamil Nadu - 2026,25-Mar 5pm,3575.535
2009,4,Tamil Nadu - 2026,25-Mar 5pm,3575.535
2010,1,Tamil Nadu - 2026,25-Mar 6pm,3545.0975
2010,2,Tamil Nadu - 2026,25-Mar 6pm,3545.0975
2010,3,Tamil Nadu - 2026,25-Mar 6pm,3545.0975
2010,4,Tamil Nadu - 2026,25-Mar 6pm,3545.0975
2011,1,Tamil Nadu - 2026,25-Mar 7pm,3571.2775
2011,2,Tamil Nadu - 2026,25-Mar 7pm,3571.2775
2011,3,Tamil Nadu - 2026,25-Mar 7pm,3571.2775
2011,4,Tamil Nadu - 2026,25-Mar 7pm,3571.2775
2012,1,Tamil Nadu - 2026,25-Mar 8pm,3356.5475
2012,2,Tamil Nadu - 2026,25-Mar 8pm,3356.5475
2012,3,Tamil Nadu - 2026,25-Mar 8pm,3356.5475
2012,4,Tamil Nadu - 2026,25-Mar 8pm,3356.5475
2013,1,Tamil Nadu - 2026,25-Mar 9pm,3223.0075
2013,2,Tamil Nadu - 2026,25-Mar 9pm,3223.0075
2013,3,Tamil Nadu - 2026,25-Mar 9pm,3223.0075
2013,4,Tamil Nadu - 2026,25-Mar 9pm,3223.0075
2014,1,Tamil Nadu - 2026,25-Mar 10pm,2968.2225
2014,2,Tamil Nadu - 2026,25-Mar 10pm,2968.2225
2014,3,Tamil Nadu - 2026,25-Mar 10pm,2968.2225
2014,4,Tamil Nadu - 2026,25-Mar 10pm,2968.2225
2015,1,Tamil Nadu - 2026,25-Mar 11pm,2805.8075
2015,2,Tamil Nadu - 2026,25-Mar 11pm,2805.8075
2015,3,Tamil Nadu - 2026,25-Mar 11pm,2805.8075
2015,4,Tamil Nadu - 2026,25-Mar 11pm,2805.8075
2016,1,Tamil Nadu - 2026,26-Mar 12am,2753.495
2016,2,Tamil Nadu - 2026,26-Mar 12am,2753.495
2016,3,Tamil Nadu - 2026,26-Mar 12am,2753.495
2016,4,Tamil Nadu - 2026,26-Mar 12am,2753.495
2017,1,Tamil Nadu - 2026,26-Mar 1am,2683.5575
2017,2,Tamil Nadu - 2026,26-Mar 1am,2683.5575
2017,3,Tamil Nadu - 2026,26-Mar 1am,2683.5575
2017,4,Tamil Nadu - 2026,26-Mar 1am,2683.5575
2018,1,Tamil Nadu - 2026,26-Mar 2am,2632.885
2018,2,Tamil Nadu - 2026,26-Mar 2am,2632.885
2018,3,Tamil Nadu - 2026,26-Mar 2am,2632.885
2018,4,Tamil Nadu - 2026,26-Mar 2am,2632.885
2019,1,Tamil Nadu - 2026,26-Mar 3am,2579.02
2019,2,Tamil Nadu - 2026,26-Mar 3am,2579.02
2019,3,Tamil Nadu - 2026,26-Mar 3am,2579.02
2019,4,Tamil Nadu - 2026,26-Mar 3am,2579.02
2020,1,Tamil Nadu - 2026,26-Mar 4am,2570.85
2020,2,Tamil Nadu - 2026,26-Mar 4am,2570.85
2020,3,Tamil Nadu - 2026,26-Mar 4am,2570.85
2020,4,Tamil Nadu - 2026,26-Mar 4am,2570.85
2021,1,Tamil Nadu - 2026,26-Mar 5am,2614.3425
2021,2,Tamil Nadu - 2026,26-Mar 5am,2614.3425
2021,3,Tamil Nadu - 2026,26-Mar 5am,2614.3425
2021,4,Tamil Nadu - 2026,26-Mar 5am,2614.3425
2022,1,Tamil Nadu - 2026,26-Mar 6am,2739.8275
2022,2,Tamil Nadu - 2026,26-Mar 6am,2739.8275
2022,3,Tamil Nadu - 2026,26-Mar 6am,2739.8275
2022,4,Tamil Nadu - 2026,26-Mar 6am,2739.8275
2023,1,Tamil Nadu - 2026,26-Mar 7am,3109.76
2023,2,Tamil Nadu - 2026,26-Mar 7am,3109.76
2023,3,Tamil Nadu - 2026,26-Mar 7am,3109.76
2023,4,Tamil Nadu - 2026,26-Mar 7am,3109.76
2024,1,Tamil Nadu - 2026,26-Mar 8am,3337.7
2024,2,Tamil Nadu - 2026,26-Mar 8am,3337.7
2024,3,Tamil Nadu - 2026,26-Mar 8am,3337.7
2024,4,Tamil Nadu - 2026,26-Mar 8am,3337.7
2025,1,Tamil Nadu - 2026,26-Mar 9am,3354.9625
2025,2,Tamil Nadu - 2026,26-Mar 9am,3354.9625
2025,3,Tamil Nadu - 2026,26-Mar 9am,3354.9625
2025,4,Tamil Nadu - 2026,26-Mar 9am,3354.9625
2026,1,Tamil Nadu - 2026,26-Mar 10am,3258.9625
2026,2,Tamil Nadu - 2026,26-Mar 10am,3258.9625
2026,3,Tamil Nadu - 2026,26-Mar 10am,3258.9625
2026,4,Tamil Nadu - 2026,26-Mar 10am,3258.9625
2027,1,Tamil Nadu - 2026,26-Mar 11am,3218.765
2027,2,Tamil Nadu - 2026,26-Mar 11am,3218.765
2027,3,Tamil Nadu - 2026,26-Mar 11am,3218.765
2027,4,Tamil Nadu - 2026,26-Mar 11am,3218.765
2028,1,Tamil Nadu - 2026,26-Mar 12pm,3048.77
2028,2,Tamil Nadu - 2026,26-Mar 12pm,3048.77
2028,3,Tamil Nadu - 2026,26-Mar 12pm,3048.77
2028,4,Tamil Nadu - 2026,26-Mar 12pm,3048.77
2029,1,Tamil Nadu - 2026,26-Mar 1pm,3075.775
2029,2,Tamil Nadu - 2026,26-Mar 1pm,3075.775
2029,3,Tamil Nadu - 2026,26-Mar 1pm,3075.775
2029,4,Tamil Nadu - 2026,26-Mar 1pm,3075.775
2030,1,Tamil Nadu - 2026,26-Mar 2pm,3024.2575
2030,2,Tamil Nadu - 2026,26-Mar 2pm,3024.2575
2030,3,Tamil Nadu - 2026,26-Mar 2pm,3024.2575
2030,4,Tamil Nadu - 2026,26-Mar 2pm,3024.2575
2031,1,Tamil Nadu - 2026,26-Mar 3pm,3088.3525
2031,2,Tamil Nadu - 2026,26-Mar 3pm,3088.3525
2031,3,Tamil Nadu - 2026,26-Mar 3pm,3088.3525
2031,4,Tamil Nadu - 2026,26-Mar 3pm,3088.3525
2032,1,Tamil Nadu - 2026,26-Mar 4pm,3224.6675
2032,2,Tamil Nadu - 2026,26-Mar 4pm,3224.6675
2032,3,Tamil Nadu - 2026,26-Mar 4pm,3224.6675
2032,4,Tamil Nadu - 2026,26-Mar 4pm,3224.6675
2033,1,Tamil Nadu - 2026,26-Mar 5pm,3329.08
2033,2,Tamil Nadu - 2026,26-Mar 5pm,3329.08
2033,3,Tamil Nadu - 2026,26-Mar 5pm,3329.08
2033,4,Tamil Nadu - 2026,26-Mar 5pm,3329.08
2034,1,Tamil Nadu - 2026,26-Mar 6pm,3436.3875
2034,2,Tamil Nadu - 2026,26-Mar 6pm,3436.3875
2034,3,Tamil Nadu - 2026,26-Mar 6pm,3436.3875
2034,4,Tamil Nadu - 2026,26-Mar 6pm,3436.3875
2035,1,Tamil Nadu - 2026,26-Mar 7pm,3473.46
2035,2,Tamil Nadu - 2026,26-Mar 7pm,3473.46
2035,3,Tamil Nadu - 2026,26-Mar 7pm,3473.46
2035,4,Tamil Nadu - 2026,26-Mar 7pm,3473.46
2036,1,Tamil Nadu - 2026,26-Mar 8pm,3318.0325
2036,2,Tamil Nadu - 2026,26-Mar 8pm,3318.0325
2036,3,Tamil Nadu - 2026,26-Mar 8pm,3318.0325
2036,4,Tamil Nadu - 2026,26-Mar 8pm,3318.0325
2037,1,Tamil Nadu - 2026,26-Mar 9pm,3211.3675
2037,2,Tamil Nadu - 2026,26-Mar 9pm,3211.3675
2037,3,Tamil Nadu - 2026,26-Mar 9pm,3211.3675
2037,4,Tamil Nadu - 2026,26-Mar 9pm,3211.3675
2038,1,Tamil Nadu - 2026,26-Mar 10pm,3035.445
2038,2,Tamil Nadu - 2026,26-Mar 10pm,3035.445
2038,3,Tamil Nadu - 2026,26-Mar 10pm,3035.445
2038,4,Tamil Nadu - 2026,26-Mar 10pm,3035.445
2039,1,Tamil Nadu - 2026,26-Mar 11pm,2795.7425
2039,2,Tamil Nadu - 2026,26-Mar 11pm,2795.7425
2039,3,Tamil Nadu - 2026,26-Mar 11pm,2795.7425
2039,4,Tamil Nadu - 2026,26-Mar 11pm,2795.7425
2040,1,Tamil Nadu - 2026,27-Mar 12am,2680.595
2040,2,Tamil Nadu - 2026,27-Mar 12am,2680.595
2040,3,Tamil Nadu - 2026,27-Mar 12am,2680.595
2040,4,Tamil Nadu - 2026,27-Mar 12am,2680.595
2041,1,Tamil Nadu - 2026,27-Mar 1am,2592.9075
2041,2,Tamil Nadu - 2026,27-Mar 1am,2592.9075
2041,3,Tamil Nadu - 2026,27-Mar 1am,2592.9075
2041,4,Tamil Nadu - 2026,27-Mar 1am,2592.9075
2042,1,Tamil Nadu - 2026,27-Mar 2am,2538.46
2042,2,Tamil Nadu - 2026,27-Mar 2am,2538.46
2042,3,Tamil Nadu - 2026,27-Mar 2am,2538.46
2042,4,Tamil Nadu - 2026,27-Mar 2am,2538.46
2043,1,Tamil Nadu - 2026,27-Mar 3am,2533.74
2043,2,Tamil Nadu - 2026,27-Mar 3am,2533.74
2043,3,Tamil Nadu - 2026,27-Mar 3am,2533.74
2043,4,Tamil Nadu - 2026,27-Mar 3am,2533.74
2044,1,Tamil Nadu - 2026,27-Mar 4am,2537.3775
2044,2,Tamil Nadu - 2026,27-Mar 4am,2537.3775
2044,3,Tamil Nadu - 2026,27-Mar 4am,2537.3775
2044,4,Tamil Nadu - 2026,27-Mar 4am,2537.3775
2045,1,Tamil Nadu - 2026,27-Mar 5am,2613.5575
2045,2,Tamil Nadu - 2026,27-Mar 5am,2613.5575
2045,3,Tamil Nadu - 2026,27-Mar 5am,2613.5575
2045,4,Tamil Nadu - 2026,27-Mar 5am,2613.5575
2046,1,Tamil Nadu - 2026,27-Mar 6am,2962.0825
2046,2,Tamil Nadu - 2026,27-Mar 6am,2962.0825
2046,3,Tamil Nadu - 2026,27-Mar 6am,2962.0825
2046,4,Tamil Nadu - 2026,27-Mar 6am,2962.0825
2047,1,Tamil Nadu - 2026,27-Mar 7am,3746.735
2047,2,Tamil Nadu - 2026,27-Mar 7am,3746.735
2047,3,Tamil Nadu - 2026,27-Mar 7am,3746.735
2047,4,Tamil Nadu - 2026,27-Mar 7am,3746.735
2048,1,Tamil Nadu - 2026,27-Mar 8am,3915.525
2048,2,Tamil Nadu - 2026,27-Mar 8am,3915.525
2048,3,Tamil Nadu - 2026,27-Mar 8am,3915.525
2048,4,Tamil Nadu - 2026,27-Mar 8am,3915.525
2049,1,Tamil Nadu - 2026,27-Mar 9am,3790.79
2049,2,Tamil Nadu - 2026,27-Mar 9am,3790.79
2049,3,Tamil Nadu - 2026,27-Mar 9am,3790.79
2049,4,Tamil Nadu - 2026,27-Mar 9am,3790.79
2050,1,Tamil Nadu - 2026,27-Mar 10am,3648.84
2050,2,Tamil Nadu - 2026,27-Mar 10am,3648.84
2050,3,Tamil Nadu - 2026,27-Mar 10am,3648.84
2050,4,Tamil Nadu - 2026,27-Mar 10am,3648.84
2051,1,Tamil Nadu - 2026,27-Mar 11am,3521.045
2051,2,Tamil Nadu - 2026,27-Mar 11am,3521.045
2051,3,Tamil Nadu - 2026,27-Mar 11am,3521.045
2051,4,Tamil Nadu - 2026,27-Mar 11am,3521.045
2052,1,Tamil Nadu - 2026,27-Mar 12pm,3466.2575
2052,2,Tamil Nadu - 2026,27-Mar 12pm,3466.2575
2052,3,Tamil Nadu - 2026,27-Mar 12pm,3466.2575
2052,4,Tamil Nadu - 2026,27-Mar 12pm,3466.2575
2053,1,Tamil Nadu - 2026,27-Mar 1pm,3383.605
2053,2,Tamil Nadu - 2026,27-Mar 1pm,3383.605
2053,3,Tamil Nadu - 2026,27-Mar 1pm,3383.605
2053,4,Tamil Nadu - 2026,27-Mar 1pm,3383.605
2054,1,Tamil Nadu - 2026,27-Mar 2pm,3286.185
2054,2,Tamil Nadu - 2026,27-Mar 2pm,3286.185
2054,3,Tamil Nadu - 2026,27-Mar 2pm,3286.185
2054,4,Tamil Nadu - 2026,27-Mar 2pm,3286.185
2055,1,Tamil Nadu - 2026,27-Mar 3pm,3539.52
2055,2,Tamil Nadu - 2026,27-Mar 3pm,3539.52
2055,3,Tamil Nadu - 2026,27-Mar 3pm,3539.52
2055,4,Tamil Nadu - 2026,27-Mar 3pm,3539.52
2056,1,Tamil Nadu - 2026,27-Mar 4pm,3665.715
2056,2,Tamil Nadu - 2026,27-Mar 4pm,3665.715
2056,3,Tamil Nadu - 2026,27-Mar 4pm,3665.715
2056,4,Tamil Nadu - 2026,27-Mar 4pm,3665.715
2057,1,Tamil Nadu - 2026,27-Mar 5pm,3979.46
2057,2,Tamil Nadu - 2026,27-Mar 5pm,3979.46
2057,3,Tamil Nadu - 2026,27-Mar 5pm,3979.46
2057,4,Tamil Nadu - 2026,27-Mar 5pm,3979.46
2058,1,Tamil Nadu - 2026,27-Mar 6pm,4124.9
2058,2,Tamil Nadu - 2026,27-Mar 6pm,4124.9
2058,3,Tamil Nadu - 2026,27-Mar 6pm,4124.9
2058,4,Tamil Nadu - 2026,27-Mar 6pm,4124.9
2059,1,Tamil Nadu - 2026,27-Mar 7pm,4133.8325
2059,2,Tamil Nadu - 2026,27-Mar 7pm,4133.8325
2059,3,Tamil Nadu - 2026,27-Mar 7pm,4133.8325
2059,4,Tamil Nadu - 2026,27-Mar 7pm,4133.8325
2060,1,Tamil Nadu - 2026,27-Mar 8pm,3833.09
2060,2,Tamil Nadu - 2026,27-Mar 8pm,3833.09
2060,3,Tamil Nadu - 2026,27-Mar 8pm,3833.09
2060,4,Tamil Nadu - 2026,27-Mar 8pm,3833.09
2061,1,Tamil Nadu - 2026,27-Mar 9pm,3645.775
2061,2,Tamil Nadu - 2026,27-Mar 9pm,3645.775
2061,3,Tamil Nadu - 2026,27-Mar 9pm,3645.775
2061,4,Tamil Nadu - 2026,27-Mar 9pm,3645.775
2062,1,Tamil Nadu - 2026,27-Mar 10pm,3429.99
2062,2,Tamil Nadu - 2026,27-Mar 10pm,3429.99
2062,3,Tamil Nadu - 2026,27-Mar 10pm,3429.99
2062,4,Tamil Nadu - 2026,27-Mar 10pm,3429.99
2063,1,Tamil Nadu - 2026,27-Mar 11pm,3126.2075
2063,2,Tamil Nadu - 2026,27-Mar 11pm,3126.2075
2063,3,Tamil Nadu - 2026,27-Mar 11pm,3126.2075
2063,4,Tamil Nadu - 2026,27-Mar 11pm,3126.2075
2064,1,Tamil Nadu - 2026,28-Mar 12am,3016.725
2064,2,Tamil Nadu - 2026,28-Mar 12am,3016.725
2064,3,Tamil Nadu - 2026,28-Mar 12am,3016.725
2064,4,Tamil Nadu - 2026,28-Mar 12am,3016.725
2065,1,Tamil Nadu - 2026,28-Mar 1am,2972.36
2065,2,Tamil Nadu - 2026,28-Mar 1am,2972.36
2065,3,Tamil Nadu - 2026,28-Mar 1am,2972.36
2065,4,Tamil Nadu - 2026,28-Mar 1am,2972.36
2066,1,Tamil Nadu - 2026,28-Mar 2am,2976.96
2066,2,Tamil Nadu - 2026,28-Mar 2am,2976.96
2066,3,Tamil Nadu - 2026,28-Mar 2am,2976.96
2066,4,Tamil Nadu - 2026,28-Mar 2am,2976.96
2067,1,Tamil Nadu - 2026,28-Mar 3am,2983.85
2067,2,Tamil Nadu - 2026,28-Mar 3am,2983.85
2067,3,Tamil Nadu - 2026,28-Mar 3am,2983.85
2067,4,Tamil Nadu - 2026,28-Mar 3am,2983.85
2068,1,Tamil Nadu - 2026,28-Mar 4am,3032.4975
2068,2,Tamil Nadu - 2026,28-Mar 4am,3032.4975
2068,3,Tamil Nadu - 2026,28-Mar 4am,3032.4975
2068,4,Tamil Nadu - 2026,28-Mar 4am,3032.4975
2069,1,Tamil Nadu - 2026,28-Mar 5am,3149.605
2069,2,Tamil Nadu - 2026,28-Mar 5am,3149.605
2069,3,Tamil Nadu - 2026,28-Mar 5am,3149.605
2069,4,Tamil Nadu - 2026,28-Mar 5am,3149.605
2070,1,Tamil Nadu - 2026,28-Mar 6am,3351.66
2070,2,Tamil Nadu - 2026,28-Mar 6am,3351.66
2070,3,Tamil Nadu - 2026,28-Mar 6am,3351.66
2070,4,Tamil Nadu - 2026,28-Mar 6am,3351.66
2071,1,Tamil Nadu - 2026,28-Mar 7am,3949.3225
2071,2,Tamil Nadu - 2026,28-Mar 7am,3949.3225
2071,3,Tamil Nadu - 2026,28-Mar 7am,3949.3225
2071,4,Tamil Nadu - 2026,28-Mar 7am,3949.3225
2072,1,Tamil Nadu - 2026,28-Mar 8am,4004.5875
2072,2,Tamil Nadu - 2026,28-Mar 8am,4004.5875
2072,3,Tamil Nadu - 2026,28-Mar 8am,4004.5875
2072,4,Tamil Nadu - 2026,28-Mar 8am,4004.5875
2073,1,Tamil Nadu - 2026,28-Mar 9am,3704.6025
2073,2,Tamil Nadu - 2026,28-Mar 9am,3704.6025
2073,3,Tamil Nadu - 2026,28-Mar 9am,3704.6025
2073,4,Tamil Nadu - 2026,28-Mar 9am,3704.6025
2074,1,Tamil Nadu - 2026,28-Mar 10am,3502.3525
2074,2,Tamil Nadu - 2026,28-Mar 10am,3502.3525
2074,3,Tamil Nadu - 2026,28-Mar 10am,3502.3525
2074,4,Tamil Nadu - 2026,28-Mar 10am,3502.3525
2075,1,Tamil Nadu - 2026,28-Mar 11am,3370.8
2075,2,Tamil Nadu - 2026,28-Mar 11am,3370.8
2075,3,Tamil Nadu - 2026,28-Mar 11am,3370.8
2075,4,Tamil Nadu - 2026,28-Mar 11am,3370.8
2076,1,Tamil Nadu - 2026,28-Mar 12pm,3318.5925
2076,2,Tamil Nadu - 2026,28-Mar 12pm,3318.5925
2076,3,Tamil Nadu - 2026,28-Mar 12pm,3318.5925
2076,4,Tamil Nadu - 2026,28-Mar 12pm,3318.5925
2077,1,Tamil Nadu - 2026,28-Mar 1pm,3166.75
2077,2,Tamil Nadu - 2026,28-Mar 1pm,3166.75
2077,3,Tamil Nadu - 2026,28-Mar 1pm,3166.75
2077,4,Tamil Nadu - 2026,28-Mar 1pm,3166.75
2078,1,Tamil Nadu - 2026,28-Mar 2pm,3232.2175
2078,2,Tamil Nadu - 2026,28-Mar 2pm,3232.2175
2078,3,Tamil Nadu - 2026,28-Mar 2pm,3232.2175
2078,4,Tamil Nadu - 2026,28-Mar 2pm,3232.2175
2079,1,Tamil Nadu - 2026,28-Mar 3pm,3467.48
2079,2,Tamil Nadu - 2026,28-Mar 3pm,3467.48
2079,3,Tamil Nadu - 2026,28-Mar 3pm,3467.48
2079,4,Tamil Nadu - 2026,28-Mar 3pm,3467.48
2080,1,Tamil Nadu - 2026,28-Mar 4pm,3756.8975
2080,2,Tamil Nadu - 2026,28-Mar 4pm,3756.8975
2080,3,Tamil Nadu - 2026,28-Mar 4pm,3756.8975
2080,4,Tamil Nadu - 2026,28-Mar 4pm,3756.8975
2081,1,Tamil Nadu - 2026,28-Mar 5pm,4092.58
2081,2,Tamil Nadu - 2026,28-Mar 5pm,4092.58
2081,3,Tamil Nadu - 2026,28-Mar 5pm,4092.58
2081,4,Tamil Nadu - 2026,28-Mar 5pm,4092.58
2082,1,Tamil Nadu - 2026,28-Mar 6pm,4227.1575
2082,2,Tamil Nadu - 2026,28-Mar 6pm,4227.1575
2082,3,Tamil Nadu - 2026,28-Mar 6pm,4227.1575
2082,4,Tamil Nadu - 2026,28-Mar 6pm,4227.1575
2083,1,Tamil Nadu - 2026,28-Mar 7pm,4203.63
2083,2,Tamil Nadu - 2026,28-Mar 7pm,4203.63
2083,3,Tamil Nadu - 2026,28-Mar 7pm,4203.63
2083,4,Tamil Nadu - 2026,28-Mar 7pm,4203.63
2084,1,Tamil Nadu - 2026,28-Mar 8pm,3916.3475
2084,2,Tamil Nadu - 2026,28-Mar 8pm,3916.3475
2084,3,Tamil Nadu - 2026,28-Mar 8pm,3916.3475
2084,4,Tamil Nadu - 2026,28-Mar 8pm,3916.3475
2085,1,Tamil Nadu - 2026,28-Mar 9pm,3710.835
2085,2,Tamil Nadu - 2026,28-Mar 9pm,3710.835
2085,3,Tamil Nadu - 2026,28-Mar 9pm,3710.835
2085,4,Tamil Nadu - 2026,28-Mar 9pm,3710.835
2086,1,Tamil Nadu - 2026,28-Mar 10pm,3468.3025
2086,2,Tamil Nadu - 2026,28-Mar 10pm,3468.3025
2086,3,Tamil Nadu - 2026,28-Mar 10pm,3468.3025
2086,4,Tamil Nadu - 2026,28-Mar 10pm,3468.3025
2087,1,Tamil Nadu - 2026,28-Mar 11pm,3195.7625
2087,2,Tamil Nadu - 2026,28-Mar 11pm,3195.7625
2087,3,Tamil Nadu - 2026,28-Mar 11pm,3195.7625
2087,4,Tamil Nadu - 2026,28-Mar 11pm,3195.7625
2088,1,Tamil Nadu - 2026,29-Mar 12am,3106.1825
2088,2,Tamil Nadu - 2026,29-Mar 12am,3106.1825
2088,3,Tamil Nadu - 2026,29-Mar 12am,3106.1825
2088,4,Tamil Nadu - 2026,29-Mar 12am,3106.1825
2089,1,Tamil Nadu - 2026,29-Mar 1am,3075.145
2089,2,Tamil Nadu - 2026,29-Mar 1am,3075.145
2089,3,Tamil Nadu - 2026,29-Mar 1am,3075.145
2089,4,Tamil Nadu - 2026,29-Mar 1am,3075.145
2090,1,Tamil Nadu - 2026,29-Mar 2am,3019.985
2090,2,Tamil Nadu - 2026,29-Mar 2am,3019.985
2090,3,Tamil Nadu - 2026,29-Mar 2am,3019.985
2090,4,Tamil Nadu - 2026,29-Mar 2am,3019.985
2091,1,Tamil Nadu - 2026,29-Mar 3am,2972.905
2091,2,Tamil Nadu - 2026,29-Mar 3am,2972.905
2091,3,Tamil Nadu - 2026,29-Mar 3am,2972.905
2091,4,Tamil Nadu - 2026,29-Mar 3am,2972.905
2092,1,Tamil Nadu - 2026,29-Mar 4am,2971.8025
2092,2,Tamil Nadu - 2026,29-Mar 4am,2971.8025
2092,3,Tamil Nadu - 2026,29-Mar 4am,2971.8025
2092,4,Tamil Nadu - 2026,29-Mar 4am,2971.8025
2093,1,Tamil Nadu - 2026,29-Mar 5am,3038.4725
2093,2,Tamil Nadu - 2026,29-Mar 5am,3038.4725
2093,3,Tamil Nadu - 2026,29-Mar 5am,3038.4725
2093,4,Tamil Nadu - 2026,29-Mar 5am,3038.4725
2094,1,Tamil Nadu - 2026,29-Mar 6am,3315.2975
2094,2,Tamil Nadu - 2026,29-Mar 6am,3315.2975
2094,3,Tamil Nadu - 2026,29-Mar 6am,3315.2975
2094,4,Tamil Nadu - 2026,29-Mar 6am,3315.2975
2095,1,Tamil Nadu - 2026,29-Mar 7am,4004.7825
2095,2,Tamil Nadu - 2026,29-Mar 7am,4004.7825
2095,3,Tamil Nadu - 2026,29-Mar 7am,4004.7825
2095,4,Tamil Nadu - 2026,29-Mar 7am,4004.7825
2096,1,Tamil Nadu - 2026,29-Mar 8am,4156.535
2096,2,Tamil Nadu - 2026,29-Mar 8am,4156.535
2096,3,Tamil Nadu - 2026,29-Mar 8am,4156.535
2096,4,Tamil Nadu - 2026,29-Mar 8am,4156.535
2097,1,Tamil Nadu - 2026,29-Mar 9am,3942.8275
2097,2,Tamil Nadu - 2026,29-Mar 9am,3942.8275
2097,3,Tamil Nadu - 2026,29-Mar 9am,3942.8275
2097,4,Tamil Nadu - 2026,29-Mar 9am,3942.8275
2098,1,Tamil Nadu - 2026,29-Mar 10am,3686.6975
2098,2,Tamil Nadu - 2026,29-Mar 10am,3686.6975
2098,3,Tamil Nadu - 2026,29-Mar 10am,3686.6975
2098,4,Tamil Nadu - 2026,29-Mar 10am,3686.6975
2099,1,Tamil Nadu - 2026,29-Mar 11am,3681.0575
2099,2,Tamil Nadu - 2026,29-Mar 11am,3681.0575
2099,3,Tamil Nadu - 2026,29-Mar 11am,3681.0575
2099,4,Tamil Nadu - 2026,29-Mar 11am,3681.0575
2100,1,Tamil Nadu - 2026,29-Mar 12pm,3617.4
2100,2,Tamil Nadu - 2026,29-Mar 12pm,3617.4
2100,3,Tamil Nadu - 2026,29-Mar 12pm,3617.4
2100,4,Tamil Nadu - 2026,29-Mar 12pm,3617.4
2101,1,Tamil Nadu - 2026,29-Mar 1pm,3431.365
2101,2,Tamil Nadu - 2026,29-Mar 1pm,3431.365
2101,3,Tamil Nadu - 2026,29-Mar 1pm,3431.365
2101,4,Tamil Nadu - 2026,29-Mar 1pm,3431.365
2102,1,Tamil Nadu - 2026,29-Mar 2pm,3383.82
2102,2,Tamil Nadu - 2026,29-Mar 2pm,3383.82
2102,3,Tamil Nadu - 2026,29-Mar 2pm,3383.82
2102,4,Tamil Nadu - 2026,29-Mar 2pm,3383.82
2103,1,Tamil Nadu - 2026,29-Mar 3pm,3538.7475
2103,2,Tamil Nadu - 2026,29-Mar 3pm,3538.7475
2103,3,Tamil Nadu - 2026,29-Mar 3pm,3538.7475
2103,4,Tamil Nadu - 2026,29-Mar 3pm,3538.7475
2104,1,Tamil Nadu - 2026,29-Mar 4pm,3791.1625
2104,2,Tamil Nadu - 2026,29-Mar 4pm,3791.1625
2104,3,Tamil Nadu - 2026,29-Mar 4pm,3791.1625
2104,4,Tamil Nadu - 2026,29-Mar 4pm,3791.1625
2105,1,Tamil Nadu - 2026,29-Mar 5pm,4072.9075
2105,2,Tamil Nadu - 2026,29-Mar 5pm,4072.9075
2105,3,Tamil Nadu - 2026,29-Mar 5pm,4072.9075
2105,4,Tamil Nadu - 2026,29-Mar 5pm,4072.9075
2106,1,Tamil Nadu - 2026,29-Mar 6pm,4131.4275
2106,2,Tamil Nadu - 2026,29-Mar 6pm,4131.4275
2106,3,Tamil Nadu - 2026,29-Mar 6pm,4131.4275
2106,4,Tamil Nadu - 2026,29-Mar 6pm,4131.4275
2107,1,Tamil Nadu - 2026,29-Mar 7pm,4247.465
2107,2,Tamil Nadu - 2026,29-Mar 7pm,4247.465
2107,3,Tamil Nadu - 2026,29-Mar 7pm,4247.465
2107,4,Tamil Nadu - 2026,29-Mar 7pm,4247.465
2108,1,Tamil Nadu - 2026,29-Mar 8pm,3962.1375
2108,2,Tamil Nadu - 2026,29-Mar 8pm,3962.1375
2108,3,Tamil Nadu - 2026,29-Mar 8pm,3962.1375
2108,4,Tamil Nadu - 2026,29-Mar 8pm,3962.1375
2109,1,Tamil Nadu - 2026,29-Mar 9pm,3730.1625
2109,2,Tamil Nadu - 2026,29-Mar 9pm,3730.1625
2109,3,Tamil Nadu - 2026,29-Mar 9pm,3730.1625
2109,4,Tamil Nadu - 2026,29-Mar 9pm,3730.1625
2110,1,Tamil Nadu - 2026,29-Mar 10pm,3480.4475
2110,2,Tamil Nadu - 2026,29-Mar 10pm,3480.4475
2110,3,Tamil Nadu - 2026,29-Mar 10pm,3480.4475
2110,4,Tamil Nadu - 2026,29-Mar 10pm,3480.4475
2111,1,Tamil Nadu - 2026,29-Mar 11pm,3234.3425
2111,2,Tamil Nadu - 2026,29-Mar 11pm,3234.3425
2111,3,Tamil Nadu - 2026,29-Mar 11pm,3234.3425
2111,4,Tamil Nadu - 2026,29-Mar 11pm,3234.3425
2112,1,Tamil Nadu - 2026,30-Mar 12am,3137.46
2112,2,Tamil Nadu - 2026,30-Mar 12am,3137.46
2112,3,Tamil Nadu - 2026,30-Mar 12am,3137.46
2112,4,Tamil Nadu - 2026,30-Mar 12am,3137.46
2113,1,Tamil Nadu - 2026,30-Mar 1am,3064.1075
2113,2,Tamil Nadu - 2026,30-Mar 1am,3064.1075
2113,3,Tamil Nadu - 2026,30-Mar 1am,3064.1075
2113,4,Tamil Nadu - 2026,30-Mar 1am,3064.1075
2114,1,Tamil Nadu - 2026,30-Mar 2am,3029.81
2114,2,Tamil Nadu - 2026,30-Mar 2am,3029.81
2114,3,Tamil Nadu - 2026,30-Mar 2am,3029.81
2114,4,Tamil Nadu - 2026,30-Mar 2am,3029.81
2115,1,Tamil Nadu - 2026,30-Mar 3am,3012.175
2115,2,Tamil Nadu - 2026,30-Mar 3am,3012.175
2115,3,Tamil Nadu - 2026,30-Mar 3am,3012.175
2115,4,Tamil Nadu - 2026,30-Mar 3am,3012.175
2116,1,Tamil Nadu - 2026,30-Mar 4am,2978.88
2116,2,Tamil Nadu - 2026,30-Mar 4am,2978.88
2116,3,Tamil Nadu - 2026,30-Mar 4am,2978.88
2116,4,Tamil Nadu - 2026,30-Mar 4am,2978.88
2117,1,Tamil Nadu - 2026,30-Mar 5am,3080.125
2117,2,Tamil Nadu - 2026,30-Mar 5am,3080.125
2117,3,Tamil Nadu - 2026,30-Mar 5am,3080.125
2117,4,Tamil Nadu - 2026,30-Mar 5am,3080.125
2118,1,Tamil Nadu - 2026,30-Mar 6am,3414.15
2118,2,Tamil Nadu - 2026,30-Mar 6am,3414.15
2118,3,Tamil Nadu - 2026,30-Mar 6am,3414.15
2118,4,Tamil Nadu - 2026,30-Mar 6am,3414.15
2119,1,Tamil Nadu - 2026,30-Mar 7am,4073.4875
2119,2,Tamil Nadu - 2026,30-Mar 7am,4073.4875
2119,3,Tamil Nadu - 2026,30-Mar 7am,4073.4875
2119,4,Tamil Nadu - 2026,30-Mar 7am,4073.4875
2120,1,Tamil Nadu - 2026,30-Mar 8am,4150.515
2120,2,Tamil Nadu - 2026,30-Mar 8am,4150.515
2120,3,Tamil Nadu - 2026,30-Mar 8am,4150.515
2120,4,Tamil Nadu - 2026,30-Mar 8am,4150.515
2121,1,Tamil Nadu - 2026,30-Mar 9am,4009.625
2121,2,Tamil Nadu - 2026,30-Mar 9am,4009.625
2121,3,Tamil Nadu - 2026,30-Mar 9am,4009.625
2121,4,Tamil Nadu - 2026,30-Mar 9am,4009.625
2122,1,Tamil Nadu - 2026,30-Mar 10am,3897.4975
2122,2,Tamil Nadu - 2026,30-Mar 10am,3897.4975
2122,3,Tamil Nadu - 2026,30-Mar 10am,3897.4975
2122,4,Tamil Nadu - 2026,30-Mar 10am,3897.4975
2123,1,Tamil Nadu - 2026,30-Mar 11am,3769.125
2123,2,Tamil Nadu - 2026,30-Mar 11am,3769.125
2123,3,Tamil Nadu - 2026,30-Mar 11am,3769.125
2123,4,Tamil Nadu - 2026,30-Mar 11am,3769.125
2124,1,Tamil Nadu - 2026,30-Mar 12pm,3706.98
2124,2,Tamil Nadu - 2026,30-Mar 12pm,3706.98
2124,3,Tamil Nadu - 2026,30-Mar 12pm,3706.98
2124,4,Tamil Nadu - 2026,30-Mar 12pm,3706.98
2125,1,Tamil Nadu - 2026,30-Mar 1pm,3606.13
2125,2,Tamil Nadu - 2026,30-Mar 1pm,3606.13
2125,3,Tamil Nadu - 2026,30-Mar 1pm,3606.13
2125,4,Tamil Nadu - 2026,30-Mar 1pm,3606.13
2126,1,Tamil Nadu - 2026,30-Mar 2pm,3589.2175
2126,2,Tamil Nadu - 2026,30-Mar 2pm,3589.2175
2126,3,Tamil Nadu - 2026,30-Mar 2pm,3589.2175
2126,4,Tamil Nadu - 2026,30-Mar 2pm,3589.2175
2127,1,Tamil Nadu - 2026,30-Mar 3pm,3691.635
2127,2,Tamil Nadu - 2026,30-Mar 3pm,3691.635
2127,3,Tamil Nadu - 2026,30-Mar 3pm,3691.635
2127,4,Tamil Nadu - 2026,30-Mar 3pm,3691.635
2128,1,Tamil Nadu - 2026,30-Mar 4pm,3928.43
2128,2,Tamil Nadu - 2026,30-Mar 4pm,3928.43
2128,3,Tamil Nadu - 2026,30-Mar 4pm,3928.43
2128,4,Tamil Nadu - 2026,30-Mar 4pm,3928.43
2129,1,Tamil Nadu - 2026,30-Mar 5pm,4196.8925
2129,2,Tamil Nadu - 2026,30-Mar 5pm,4196.8925
2129,3,Tamil Nadu - 2026,30-Mar 5pm,4196.8925
2129,4,Tamil Nadu - 2026,30-Mar 5pm,4196.8925
2130,1,Tamil Nadu - 2026,30-Mar 6pm,4133.305
2130,2,Tamil Nadu - 2026,30-Mar 6pm,4133.305
2130,3,Tamil Nadu - 2026,30-Mar 6pm,4133.305
2130,4,Tamil Nadu - 2026,30-Mar 6pm,4133.305
2131,1,Tamil Nadu - 2026,30-Mar 7pm,4164.9275
2131,2,Tamil Nadu - 2026,30-Mar 7pm,4164.9275
2131,3,Tamil Nadu - 2026,30-Mar 7pm,4164.9275
2131,4,Tamil Nadu - 2026,30-Mar 7pm,4164.9275
2132,1,Tamil Nadu - 2026,30-Mar 8pm,3902.965
2132,2,Tamil Nadu - 2026,30-Mar 8pm,3902.965
2132,3,Tamil Nadu - 2026,30-Mar 8pm,3902.965
2132,4,Tamil Nadu - 2026,30-Mar 8pm,3902.965
2133,1,Tamil Nadu - 2026,30-Mar 9pm,3673.575
2133,2,Tamil Nadu - 2026,30-Mar 9pm,3673.575
2133,3,Tamil Nadu - 2026,30-Mar 9pm,3673.575
2133,4,Tamil Nadu - 2026,30-Mar 9pm,3673.575
2134,1,Tamil Nadu - 2026,30-Mar 10pm,3446.7725
2134,2,Tamil Nadu - 2026,30-Mar 10pm,3446.7725
2134,3,Tamil Nadu - 2026,30-Mar 10pm,3446.7725
2134,4,Tamil Nadu - 2026,30-Mar 10pm,3446.7725
2135,1,Tamil Nadu - 2026,30-Mar 11pm,3243.5425
2135,2,Tamil Nadu - 2026,30-Mar 11pm,3243.5425
2135,3,Tamil Nadu - 2026,30-Mar 11pm,3243.5425
2135,4,Tamil Nadu - 2026,30-Mar 11pm,3243.5425
2136,1,Tamil Nadu - 2026,31-Mar 12am,3144.8
2136,2,Tamil Nadu - 2026,31-Mar 12am,3144.8
2136,3,Tamil Nadu - 2026,31-Mar 12am,3144.8
2136,4,Tamil Nadu - 2026,31-Mar 12am,3144.8
2137,1,Tamil Nadu - 2026,31-Mar 1am,3092.4125
2137,2,Tamil Nadu - 2026,31-Mar 1am,3092.4125
2137,3,Tamil Nadu - 2026,31-Mar 1am,3092.4125
2137,4,Tamil Nadu - 2026,31-Mar 1am,3092.4125
2138,1,Tamil Nadu - 2026,31-Mar 2am,3053.4175
2138,2,Tamil Nadu - 2026,31-Mar 2am,3053.4175
2138,3,Tamil Nadu - 2026,31-Mar 2am,3053.4175
2138,4,Tamil Nadu - 2026,31-Mar 2am,3053.4175
2139,1,Tamil Nadu - 2026,31-Mar 3am,2999.8525
2139,2,Tamil Nadu - 2026,31-Mar 3am,2999.8525
2139,3,Tamil Nadu - 2026,31-Mar 3am,2999.8525
2139,4,Tamil Nadu - 2026,31-Mar 3am,2999.8525
2140,1,Tamil Nadu - 2026,31-Mar 4am,3019.4825
2140,2,Tamil Nadu - 2026,31-Mar 4am,3019.4825
2140,3,Tamil Nadu - 2026,31-Mar 4am,3019.4825
2140,4,Tamil Nadu - 2026,31-Mar 4am,3019.4825
2141,1,Tamil Nadu - 2026,31-Mar 5am,3141.8525
2141,2,Tamil Nadu - 2026,31-Mar 5am,3141.8525
2141,3,Tamil Nadu - 2026,31-Mar 5am,3141.8525
2141,4,Tamil Nadu - 2026,31-Mar 5am,3141.8525
2142,1,Tamil Nadu - 2026,31-Mar 6am,3283.3575
2142,2,Tamil Nadu - 2026,31-Mar 6am,3283.3575
2142,3,Tamil Nadu - 2026,31-Mar 6am,3283.3575
2142,4,Tamil Nadu - 2026,31-Mar 6am,3283.3575
2143,1,Tamil Nadu - 2026,31-Mar 7am,3860.155
2143,2,Tamil Nadu - 2026,31-Mar 7am,3860.155
2143,3,Tamil Nadu - 2026,31-Mar 7am,3860.155
2143,4,Tamil Nadu - 2026,31-Mar 7am,3860.155
2144,1,Tamil Nadu - 2026,31-Mar 8am,3977.1925
2144,2,Tamil Nadu - 2026,31-Mar 8am,3977.1925
2144,3,Tamil Nadu - 2026,31-Mar 8am,3977.1925
2144,4,Tamil Nadu - 2026,31-Mar 8am,3977.1925
2145,1,Tamil Nadu - 2026,31-Mar 9am,3963.235
2145,2,Tamil Nadu - 2026,31-Mar 9am,3963.235
2145,3,Tamil Nadu - 2026,31-Mar 9am,3963.235
2145,4,Tamil Nadu - 2026,31-Mar 9am,3963.235
2146,1,Tamil Nadu - 2026,31-Mar 10am,3726.345
2146,2,Tamil Nadu - 2026,31-Mar 10am,3726.345
2146,3,Tamil Nadu - 2026,31-Mar 10am,3726.345
2146,4,Tamil Nadu - 2026,31-Mar 10am,3726.345
2147,1,Tamil Nadu - 2026,31-Mar 11am,3666.2725
2147,2,Tamil Nadu - 2026,31-Mar 11am,3666.2725
2147,3,Tamil Nadu - 2026,31-Mar 11am,3666.2725
2147,4,Tamil Nadu - 2026,31-Mar 11am,3666.2725
2148,1,Tamil Nadu - 2026,31-Mar 12pm,3619.475
2148,2,Tamil Nadu - 2026,31-Mar 12pm,3619.475
2148,3,Tamil Nadu - 2026,31-Mar 12pm,3619.475
2148,4,Tamil Nadu - 2026,31-Mar 12pm,3619.475
2149,1,Tamil Nadu - 2026,31-Mar 1pm,3487.6125
2149,2,Tamil Nadu - 2026,31-Mar 1pm,3487.6125
2149,3,Tamil Nadu - 2026,31-Mar 1pm,3487.6125
2149,4,Tamil Nadu - 2026,31-Mar 1pm,3487.6125
2150,1,Tamil Nadu - 2026,31-Mar 2pm,3372.9275
2150,2,Tamil Nadu - 2026,31-Mar 2pm,3372.9275
2150,3,Tamil Nadu - 2026,31-Mar 2pm,3372.9275
2150,4,Tamil Nadu - 2026,31-Mar 2pm,3372.9275
2151,1,Tamil Nadu - 2026,31-Mar 3pm,3548.9925
2151,2,Tamil Nadu - 2026,31-Mar 3pm,3548.9925
2151,3,Tamil Nadu - 2026,31-Mar 3pm,3548.9925
2151,4,Tamil Nadu - 2026,31-Mar 3pm,3548.9925
2152,1,Tamil Nadu - 2026,31-Mar 4pm,3719.755
2152,2,Tamil Nadu - 2026,31-Mar 4pm,3719.755
2152,3,Tamil Nadu - 2026,31-Mar 4pm,3719.755
2152,4,Tamil Nadu - 2026,31-Mar 4pm,3719.755
2153,1,Tamil Nadu - 2026,31-Mar 5pm,4058.1525
2153,2,Tamil Nadu - 2026,31-Mar 5pm,4058.1525
2153,3,Tamil Nadu - 2026,31-Mar 5pm,4058.1525
2153,4,Tamil Nadu - 2026,31-Mar 5pm,4058.1525
2154,1,Tamil Nadu - 2026,31-Mar 6pm,4103.9075
2154,2,Tamil Nadu - 2026,31-Mar 6pm,4103.9075
2154,3,Tamil Nadu - 2026,31-Mar 6pm,4103.9075
2154,4,Tamil Nadu - 2026,31-Mar 6pm,4103.9075
2155,1,Tamil Nadu - 2026,31-Mar 7pm,4190.065
2155,2,Tamil Nadu - 2026,31-Mar 7pm,4190.065
2155,3,Tamil Nadu - 2026,31-Mar 7pm,4190.065
2155,4,Tamil Nadu - 2026,31-Mar 7pm,4190.065
2156,1,Tamil Nadu - 2026,31-Mar 8pm,3932.47
2156,2,Tamil Nadu - 2026,31-Mar 8pm,3932.47
2156,3,Tamil Nadu - 2026,31-Mar 8pm,3932.47
2156,4,Tamil Nadu - 2026,31-Mar 8pm,3932.47
2157,1,Tamil Nadu - 2026,31-Mar 9pm,3715.6275
2157,2,Tamil Nadu - 2026,31-Mar 9pm,3715.6275
2157,3,Tamil Nadu - 2026,31-Mar 9pm,3715.6275
2157,4,Tamil Nadu - 2026,31-Mar 9pm,3715.6275
2158,1,Tamil Nadu - 2026,31-Mar 10pm,3473.855
2158,2,Tamil Nadu - 2026,31-Mar 10pm,3473.855
2158,3,Tamil Nadu - 2026,31-Mar 10pm,3473.855
2158,4,Tamil Nadu - 2026,31-Mar 10pm,3473.855
2159,1,Tamil Nadu - 2026,31-Mar 11pm,3222.87
2159,2,Tamil Nadu - 2026,31-Mar 11pm,3222.87
2159,3,Tamil Nadu - 2026,31-Mar 11pm,3222.87
2159,4,Tamil Nadu - 2026,31-Mar 11pm,3222.87
