,Tamil_Nadu_demand
0,16322.58
1,16322.58
2,16322.58
3,16322.58
4,15790.42
5,15790.42
6,15790.42
7,15790.42
8,15352.19
9,15352.19
10,15352.19
11,15352.19
12,15113.08
13,15113.08
14,15113.08
15,15113.08
16,14941.89
17,14941.89
18,14941.89
19,14941.89
20,15064.75
21,15064.75
22,15064.75
23,15064.75
24,15289.11
25,15289.11
26,15289.11
27,15289.11
28,16576.47
29,16576.47
30,16576.47
31,16576.47
32,17029.69
33,17029.69
34,17029.69
35,17029.69
36,17919.48
37,17919.48
38,17919.48
39,17919.48
40,18111.48
41,18111.48
42,18111.48
43,18111.48
44,17969.91
45,17969.91
46,17969.91
47,17969.91
48,17819.64
49,17819.64
50,17819.64
51,17819.64
52,17963.7
53,17963.7
54,17963.7
55,17963.7
56,17404.86
57,17404.86
58,17404.86
59,17404.86
60,18132.95
61,18132.95
62,18132.95
63,18132.95
64,18439.46
65,18439.46
66,18439.46
67,18439.46
68,18909.75
69,18909.75
70,18909.75
71,18909.75
72,17935.28
73,17935.28
74,17935.28
75,17935.28
76,17869.06
77,17869.06
78,17869.06
79,17869.06
80,17226.79
81,17226.79
82,17226.79
83,17226.79
84,17072.65
85,17072.65
86,17072.65
87,17072.65
88,17387.97
89,17387.97
90,17387.97
91,17387.97
92,16997.89
93,16997.89
94,16997.89
95,16997.89
96,16315.27
97,16315.27
98,16315.27
99,16315.27
100,15874.31
101,15874.31
102,15874.31
103,15874.31
104,15583.64
105,15583.64
106,15583.64
107,15583.64
108,15260.73
109,15260.73
110,15260.73
111,15260.73
112,15157.08
113,15157.08
114,15157.08
115,15157.08
116,15210.72
117,15210.72
118,15210.72
119,15210.72
120,15524.98
121,15524.98
122,15524.98
123,15524.98
124,16561.74
125,16561.74
126,16561.74
127,16561.74
128,17463.59
129,17463.59
130,17463.59
131,17463.59
132,17776.19
133,17776.19
134,17776.19
135,17776.19
136,18490.75
137,18490.75
138,18490.75
139,18490.75
140,18504.41
141,18504.41
142,18504.41
143,18504.41
144,18541.82
145,18541.82
146,18541.82
147,18541.82
148,18228.55
149,18228.55
150,18228.55
151,18228.55
152,17640.24
153,17640.24
154,17640.24
155,17640.24
156,18721.71
157,18721.71
158,18721.71
159,18721.71
160,18993.79
161,18993.79
162,18993.79
163,18993.79
164,19000.97
165,19000.97
166,19000.97
167,19000.97
168,18116.14
169,18116.14
170,18116.14
171,18116.14
172,18137.72
173,18137.72
174,18137.72
175,18137.72
176,17551.43
177,17551.43
178,17551.43
179,17551.43
180,17494.89
181,17494.89
182,17494.89
183,17494.89
184,17692.55
185,17692.55
186,17692.55
187,17692.55
188,17408.67
189,17408.67
190,17408.67
191,17408.67
192,16669.9
193,16669.9
194,16669.9
195,16669.9
196,16075.42
197,16075.42
198,16075.42
199,16075.42
200,15757.83
201,15757.83
202,15757.83
203,15757.83
204,15475.66
205,15475.66
206,15475.66
207,15475.66
208,15208.52
209,15208.52
210,15208.52
211,15208.52
212,15423.46
213,15423.46
214,15423.46
215,15423.46
216,15526.02
217,15526.02
218,15526.02
219,15526.02
220,16465.0
221,16465.0
222,16465.0
223,16465.0
224,16913.04
225,16913.04
226,16913.04
227,16913.04
228,16594.89
229,16594.89
230,16594.89
231,16594.89
232,16902.96
233,16902.96
234,16902.96
235,16902.96
236,16352.17
237,16352.17
238,16352.17
239,16352.17
240,15936.57
241,15936.57
242,15936.57
243,15936.57
244,15830.89
245,15830.89
246,15830.89
247,15830.89
248,15580.17
249,15580.17
250,15580.17
251,15580.17
252,16109.84
253,16109.84
254,16109.84
255,16109.84
256,16668.84
257,16668.84
258,16668.84
259,16668.84
260,16599.86
261,16599.86
262,16599.86
263,16599.86
264,16573.36
265,16573.36
266,16573.36
267,16573.36
268,16964.5
269,16964.5
270,16964.5
271,16964.5
272,16277.2
273,16277.2
274,16277.2
275,16277.2
276,16357.74
277,16357.74
278,16357.74
279,16357.74
280,16415.7
281,16415.7
282,16415.7
283,16415.7
284,15858.27
285,15858.27
286,15858.27
287,15858.27
288,15096.96
289,15096.96
290,15096.96
291,15096.96
292,14438.02
293,14438.02
294,14438.02
295,14438.02
296,13991.92
297,13991.92
298,13991.92
299,13991.92
300,13799.6
301,13799.6
302,13799.6
303,13799.6
304,13806.56
305,13806.56
306,13806.56
307,13806.56
308,13982.04
309,13982.04
310,13982.04
311,13982.04
312,14437.43
313,14437.43
314,14437.43
315,14437.43
316,15724.18
317,15724.18
318,15724.18
319,15724.18
320,15881.58
321,15881.58
322,15881.58
323,15881.58
324,15875.31
325,15875.31
326,15875.31
327,15875.31
328,16724.26
329,16724.26
330,16724.26
331,16724.26
332,16770.91
333,16770.91
334,16770.91
335,16770.91
336,16634.2
337,16634.2
338,16634.2
339,16634.2
340,16087.86
341,16087.86
342,16087.86
343,16087.86
344,15713.6
345,15713.6
346,15713.6
347,15713.6
348,16321.13
349,16321.13
350,16321.13
351,16321.13
352,17035.14
353,17035.14
354,17035.14
355,17035.14
356,17413.04
357,17413.04
358,17413.04
359,17413.04
360,16800.89
361,16800.89
362,16800.89
363,16800.89
364,17001.97
365,17001.97
366,17001.97
367,17001.97
368,16394.83
369,16394.83
370,16394.83
371,16394.83
372,16220.2
373,16220.2
374,16220.2
375,16220.2
376,15922.96
377,15922.96
378,15922.96
379,15922.96
380,15538.87
381,15538.87
382,15538.87
383,15538.87
384,14478.0
385,14478.0
386,14478.0
387,14478.0
388,13936.31
389,13936.31
390,13936.31
391,13936.31
392,13382.83
393,13382.83
394,13382.83
395,13382.83
396,13089.32
397,13089.32
398,13089.32
399,13089.32
400,13024.58
401,13024.58
402,13024.58
403,13024.58
404,13229.91
405,13229.91
406,13229.91
407,13229.91
408,13468.15
409,13468.15
410,13468.15
411,13468.15
412,14733.97
413,14733.97
414,14733.97
415,14733.97
416,15344.86
417,15344.86
418,15344.86
419,15344.86
420,15385.75
421,15385.75
422,15385.75
423,15385.75
424,15839.86
425,15839.86
426,15839.86
427,15839.86
428,15574.23
429,15574.23
430,15574.23
431,15574.23
432,15658.91
433,15658.91
434,15658.91
435,15658.91
436,15450.39
437,15450.39
438,15450.39
439,15450.39
440,15076.47
441,15076.47
442,15076.47
443,15076.47
444,15895.36
445,15895.36
446,15895.36
447,15895.36
448,16279.54
449,16279.54
450,16279.54
451,16279.54
452,16556.49
453,16556.49
454,16556.49
455,16556.49
456,16059.49
457,16059.49
458,16059.49
459,16059.49
460,16462.55
461,16462.55
462,16462.55
463,16462.55
464,16058.45
465,16058.45
466,16058.45
467,16058.45
468,15934.0
469,15934.0
470,15934.0
471,15934.0
472,16016.99
473,16016.99
474,16016.99
475,16016.99
476,15693.97
477,15693.97
478,15693.97
479,15693.97
480,14784.42
481,14784.42
482,14784.42
483,14784.42
484,14344.78
485,14344.78
486,14344.78
487,14344.78
488,13862.53
489,13862.53
490,13862.53
491,13862.53
492,13576.52
493,13576.52
494,13576.52
495,13576.52
496,13493.79
497,13493.79
498,13493.79
499,13493.79
500,13564.86
501,13564.86
502,13564.86
503,13564.86
504,13675.34
505,13675.34
506,13675.34
507,13675.34
508,14011.89
509,14011.89
510,14011.89
511,14011.89
512,13970.76
513,13970.76
514,13970.76
515,13970.76
516,14023.31
517,14023.31
518,14023.31
519,14023.31
520,14054.7
521,14054.7
522,14054.7
523,14054.7
524,14227.71
525,14227.71
526,14227.71
527,14227.71
528,14310.79
529,14310.79
530,14310.79
531,14310.79
532,14262.51
533,14262.51
534,14262.51
535,14262.51
536,13682.17
537,13682.17
538,13682.17
539,13682.17
540,14258.87
541,14258.87
542,14258.87
543,14258.87
544,14649.47
545,14649.47
546,14649.47
547,14649.47
548,14986.36
549,14986.36
550,14986.36
551,14986.36
552,14532.86
553,14532.86
554,14532.86
555,14532.86
556,13808.8
557,13808.8
558,13808.8
559,13808.8
560,13949.06
561,13949.06
562,13949.06
563,13949.06
564,14125.6
565,14125.6
566,14125.6
567,14125.6
568,14175.23
569,14175.23
570,14175.23
571,14175.23
572,13935.08
573,13935.08
574,13935.08
575,13935.08
576,13062.54
577,13062.54
578,13062.54
579,13062.54
580,12625.85
581,12625.85
582,12625.85
583,12625.85
584,12396.15
585,12396.15
586,12396.15
587,12396.15
588,12510.26
589,12510.26
590,12510.26
591,12510.26
592,12282.12
593,12282.12
594,12282.12
595,12282.12
596,12858.91
597,12858.91
598,12858.91
599,12858.91
600,13564.3
601,13564.3
602,13564.3
603,13564.3
604,14790.32
605,14790.32
606,14790.32
607,14790.32
608,15082.93
609,15082.93
610,15082.93
611,15082.93
612,14884.91
613,14884.91
614,14884.91
615,14884.91
616,15518.04
617,15518.04
618,15518.04
619,15518.04
620,15651.35
621,15651.35
622,15651.35
623,15651.35
624,15936.03
625,15936.03
626,15936.03
627,15936.03
628,15733.87
629,15733.87
630,15733.87
631,15733.87
632,15454.26
633,15454.26
634,15454.26
635,15454.26
636,16048.97
637,16048.97
638,16048.97
639,16048.97
640,16909.87
641,16909.87
642,16909.87
643,16909.87
644,17423.18
645,17423.18
646,17423.18
647,17423.18
648,17228.62
649,17228.62
650,17228.62
651,17228.62
652,17665.71
653,17665.71
654,17665.71
655,17665.71
656,17146.25
657,17146.25
658,17146.25
659,17146.25
660,17041.72
661,17041.72
662,17041.72
663,17041.72
664,17435.02
665,17435.02
666,17435.02
667,17435.02
668,17054.11
669,17054.11
670,17054.11
671,17054.11
672,16073.38
673,16073.38
674,16073.38
675,16073.38
676,15468.05
677,15468.05
678,15468.05
679,15468.05
680,15054.15
681,15054.15
682,15054.15
683,15054.15
684,14741.87
685,14741.87
686,14741.87
687,14741.87
688,14486.82
689,14486.82
690,14486.82
691,14486.82
692,14763.33
693,14763.33
694,14763.33
695,14763.33
696,15221.2
697,15221.2
698,15221.2
699,15221.2
700,16170.02
701,16170.02
702,16170.02
703,16170.02
704,16749.06
705,16749.06
706,16749.06
707,16749.06
708,16746.15
709,16746.15
710,16746.15
711,16746.15
712,17033.31
713,17033.31
714,17033.31
715,17033.31
716,17666.27
717,17666.27
718,17666.27
719,17666.27
720,17393.91
721,17393.91
722,17393.91
723,17393.91
724,16455.63
725,16455.63
726,16455.63
727,16455.63
728,16291.32
729,16291.32
730,16291.32
731,16291.32
732,17060.38
733,17060.38
734,17060.38
735,17060.38
736,17689.7
737,17689.7
738,17689.7
739,17689.7
740,18245.94
741,18245.94
742,18245.94
743,18245.94
744,17722.42
745,17722.42
746,17722.42
747,17722.42
748,17934.74
749,17934.74
750,17934.74
751,17934.74
752,17496.94
753,17496.94
754,17496.94
755,17496.94
756,17277.37
757,17277.37
758,17277.37
759,17277.37
760,17580.66
761,17580.66
762,17580.66
763,17580.66
764,17481.55
765,17481.55
766,17481.55
767,17481.55
768,16535.65
769,16535.65
770,16535.65
771,16535.65
772,15790.54
773,15790.54
774,15790.54
775,15790.54
776,15268.24
777,15268.24
778,15268.24
779,15268.24
780,14963.34
781,14963.34
782,14963.34
783,14963.34
784,14867.19
785,14867.19
786,14867.19
787,14867.19
788,15108.0
789,15108.0
790,15108.0
791,15108.0
792,15312.09
793,15312.09
794,15312.09
795,15312.09
796,16627.14
797,16627.14
798,16627.14
799,16627.14
800,16880.93
801,16880.93
802,16880.93
803,16880.93
804,17007.8
805,17007.8
806,17007.8
807,17007.8
808,17700.28
809,17700.28
810,17700.28
811,17700.28
812,17402.74
813,17402.74
814,17402.74
815,17402.74
816,17453.96
817,17453.96
818,17453.96
819,17453.96
820,16985.18
821,16985.18
822,16985.18
823,16985.18
824,16785.7
825,16785.7
826,16785.7
827,16785.7
828,17365.95
829,17365.95
830,17365.95
831,17365.95
832,18340.17
833,18340.17
834,18340.17
835,18340.17
836,18696.3
837,18696.3
838,18696.3
839,18696.3
840,17887.89
841,17887.89
842,17887.89
843,17887.89
844,18109.54
845,18109.54
846,18109.54
847,18109.54
848,17529.74
849,17529.74
850,17529.74
851,17529.74
852,17276.11
853,17276.11
854,17276.11
855,17276.11
856,17578.51
857,17578.51
858,17578.51
859,17578.51
860,17302.9
861,17302.9
862,17302.9
863,17302.9
864,16421.86
865,16421.86
866,16421.86
867,16421.86
868,15830.63
869,15830.63
870,15830.63
871,15830.63
872,15442.55
873,15442.55
874,15442.55
875,15442.55
876,15005.06
877,15005.06
878,15005.06
879,15005.06
880,14857.66
881,14857.66
882,14857.66
883,14857.66
884,14963.25
885,14963.25
886,14963.25
887,14963.25
888,15073.96
889,15073.96
890,15073.96
891,15073.96
892,16064.05
893,16064.05
894,16064.05
895,16064.05
896,16609.66
897,16609.66
898,16609.66
899,16609.66
900,16791.75
901,16791.75
902,16791.75
903,16791.75
904,17611.45
905,17611.45
906,17611.45
907,17611.45
908,18218.64
909,18218.64
910,18218.64
911,18218.64
912,18031.8
913,18031.8
914,18031.8
915,18031.8
916,17611.26
917,17611.26
918,17611.26
919,17611.26
920,17672.96
921,17672.96
922,17672.96
923,17672.96
924,18621.82
925,18621.82
926,18621.82
927,18621.82
928,18869.52
929,18869.52
930,18869.52
931,18869.52
932,18684.78
933,18684.78
934,18684.78
935,18684.78
936,18381.16
937,18381.16
938,18381.16
939,18381.16
940,18303.59
941,18303.59
942,18303.59
943,18303.59
944,17380.02
945,17380.02
946,17380.02
947,17380.02
948,17371.73
949,17371.73
950,17371.73
951,17371.73
952,17805.0
953,17805.0
954,17805.0
955,17805.0
956,17684.19
957,17684.19
958,17684.19
959,17684.19
960,16632.24
961,16632.24
962,16632.24
963,16632.24
964,15772.0
965,15772.0
966,15772.0
967,15772.0
968,15352.22
969,15352.22
970,15352.22
971,15352.22
972,15064.29
973,15064.29
974,15064.29
975,15064.29
976,14726.94
977,14726.94
978,14726.94
979,14726.94
980,14800.91
981,14800.91
982,14800.91
983,14800.91
984,15573.56
985,15573.56
986,15573.56
987,15573.56
988,16598.46
989,16598.46
990,16598.46
991,16598.46
992,17212.06
993,17212.06
994,17212.06
995,17212.06
996,16900.99
997,16900.99
998,16900.99
999,16900.99
1000,17197.11
1001,17197.11
1002,17197.11
1003,17197.11
1004,17185.85
1005,17185.85
1006,17185.85
1007,17185.85
1008,17073.44
1009,17073.44
1010,17073.44
1011,17073.44
1012,16914.84
1013,16914.84
1014,16914.84
1015,16914.84
1016,16701.2
1017,16701.2
1018,16701.2
1019,16701.2
1020,17636.21
1021,17636.21
1022,17636.21
1023,17636.21
1024,17744.65
1025,17744.65
1026,17744.65
1027,17744.65
1028,17097.95
1029,17097.95
1030,17097.95
1031,17097.95
1032,17449.92
1033,17449.92
1034,17449.92
1035,17449.92
1036,16604.35
1037,16604.35
1038,16604.35
1039,16604.35
1040,15860.69
1041,15860.69
1042,15860.69
1043,15860.69
1044,15784.48
1045,15784.48
1046,15784.48
1047,15784.48
1048,16006.14
1049,16006.14
1050,16006.14
1051,16006.14
1052,16154.16
1053,16154.16
1054,16154.16
1055,16154.16
1056,15198.39
1057,15198.39
1058,15198.39
1059,15198.39
1060,14742.95
1061,14742.95
1062,14742.95
1063,14742.95
1064,14424.77
1065,14424.77
1066,14424.77
1067,14424.77
1068,14174.27
1069,14174.27
1070,14174.27
1071,14174.27
1072,14072.54
1073,14072.54
1074,14072.54
1075,14072.54
1076,14057.86
1077,14057.86
1078,14057.86
1079,14057.86
1080,14446.48
1081,14446.48
1082,14446.48
1083,14446.48
1084,15151.67
1085,15151.67
1086,15151.67
1087,15151.67
1088,15709.56
1089,15709.56
1090,15709.56
1091,15709.56
1092,15633.0
1093,15633.0
1094,15633.0
1095,15633.0
1096,16087.9
1097,16087.9
1098,16087.9
1099,16087.9
1100,15829.7
1101,15829.7
1102,15829.7
1103,15829.7
1104,15607.18
1105,15607.18
1106,15607.18
1107,15607.18
1108,15860.73
1109,15860.73
1110,15860.73
1111,15860.73
1112,15378.89
1113,15378.89
1114,15378.89
1115,15378.89
1116,16367.4
1117,16367.4
1118,16367.4
1119,16367.4
1120,16933.42
1121,16933.42
1122,16933.42
1123,16933.42
1124,17218.82
1125,17218.82
1126,17218.82
1127,17218.82
1128,16797.54
1129,16797.54
1130,16797.54
1131,16797.54
1132,16835.12
1133,16835.12
1134,16835.12
1135,16835.12
1136,16404.28
1137,16404.28
1138,16404.28
1139,16404.28
1140,16739.79
1141,16739.79
1142,16739.79
1143,16739.79
1144,16942.19
1145,16942.19
1146,16942.19
1147,16942.19
1148,16769.05
1149,16769.05
1150,16769.05
1151,16769.05
1152,15896.61
1153,15896.61
1154,15896.61
1155,15896.61
1156,15361.17
1157,15361.17
1158,15361.17
1159,15361.17
1160,15018.31
1161,15018.31
1162,15018.31
1163,15018.31
1164,14648.44
1165,14648.44
1166,14648.44
1167,14648.44
1168,14492.01
1169,14492.01
1170,14492.01
1171,14492.01
1172,14694.68
1173,14694.68
1174,14694.68
1175,14694.68
1176,14950.77
1177,14950.77
1178,14950.77
1179,14950.77
1180,15357.28
1181,15357.28
1182,15357.28
1183,15357.28
1184,15023.6
1185,15023.6
1186,15023.6
1187,15023.6
1188,14704.94
1189,14704.94
1190,14704.94
1191,14704.94
1192,14736.07
1193,14736.07
1194,14736.07
1195,14736.07
1196,15122.35
1197,15122.35
1198,15122.35
1199,15122.35
1200,15007.35
1201,15007.35
1202,15007.35
1203,15007.35
1204,14835.84
1205,14835.84
1206,14835.84
1207,14835.84
1208,14591.39
1209,14591.39
1210,14591.39
1211,14591.39
1212,15227.25
1213,15227.25
1214,15227.25
1215,15227.25
1216,14440.33
1217,14440.33
1218,14440.33
1219,14440.33
1220,14823.93
1221,14823.93
1222,14823.93
1223,14823.93
1224,15310.75
1225,15310.75
1226,15310.75
1227,15310.75
1228,16490.82
1229,16490.82
1230,16490.82
1231,16490.82
1232,15767.46
1233,15767.46
1234,15767.46
1235,15767.46
1236,16154.38
1237,16154.38
1238,16154.38
1239,16154.38
1240,16126.22
1241,16126.22
1242,16126.22
1243,16126.22
1244,15857.98
1245,15857.98
1246,15857.98
1247,15857.98
1248,14959.1
1249,14959.1
1250,14959.1
1251,14959.1
1252,14587.46
1253,14587.46
1254,14587.46
1255,14587.46
1256,14121.56
1257,14121.56
1258,14121.56
1259,14121.56
1260,13536.44
1261,13536.44
1262,13536.44
1263,13536.44
1264,13796.38
1265,13796.38
1266,13796.38
1267,13796.38
1268,13886.69
1269,13886.69
1270,13886.69
1271,13886.69
1272,14446.26
1273,14446.26
1274,14446.26
1275,14446.26
1276,15233.17
1277,15233.17
1278,15233.17
1279,15233.17
1280,15517.18
1281,15517.18
1282,15517.18
1283,15517.18
1284,14208.56
1285,14208.56
1286,14208.56
1287,14208.56
1288,14275.64
1289,14275.64
1290,14275.64
1291,14275.64
1292,14602.41
1293,14602.41
1294,14602.41
1295,14602.41
1296,15792.53
1297,15792.53
1298,15792.53
1299,15792.53
1300,15575.87
1301,15575.87
1302,15575.87
1303,15575.87
1304,15322.66
1305,15322.66
1306,15322.66
1307,15322.66
1308,16101.95
1309,16101.95
1310,16101.95
1311,16101.95
1312,16650.36
1313,16650.36
1314,16650.36
1315,16650.36
1316,16724.39
1317,16724.39
1318,16724.39
1319,16724.39
1320,16449.52
1321,16449.52
1322,16449.52
1323,16449.52
1324,16259.48
1325,16259.48
1326,16259.48
1327,16259.48
1328,16201.97
1329,16201.97
1330,16201.97
1331,16201.97
1332,15775.64
1333,15775.64
1334,15775.64
1335,15775.64
1336,15754.21
1337,15754.21
1338,15754.21
1339,15754.21
1340,14889.47
1341,14889.47
1342,14889.47
1343,14889.47
1344,14193.01
1345,14193.01
1346,14193.01
1347,14193.01
1348,13640.72
1349,13640.72
1350,13640.72
1351,13640.72
1352,13333.39
1353,13333.39
1354,13333.39
1355,13333.39
1356,13179.32
1357,13179.32
1358,13179.32
1359,13179.32
1360,12931.62
1361,12931.62
1362,12931.62
1363,12931.62
1364,12979.89
1365,12979.89
1366,12979.89
1367,12979.89
1368,13622.55
1369,13622.55
1370,13622.55
1371,13622.55
1372,14770.44
1373,14770.44
1374,14770.44
1375,14770.44
1376,15364.83
1377,15364.83
1378,15364.83
1379,15364.83
1380,15845.26
1381,15845.26
1382,15845.26
1383,15845.26
1384,16418.58
1385,16418.58
1386,16418.58
1387,16418.58
1388,16639.19
1389,16639.19
1390,16639.19
1391,16639.19
1392,16717.69
1393,16717.69
1394,16717.69
1395,16717.69
1396,16570.06
1397,16570.06
1398,16570.06
1399,16570.06
1400,16581.95
1401,16581.95
1402,16581.95
1403,16581.95
1404,17420.01
1405,17420.01
1406,17420.01
1407,17420.01
1408,17975.78
1409,17975.78
1410,17975.78
1411,17975.78
1412,18418.81
1413,18418.81
1414,18418.81
1415,18418.81
1416,17666.96
1417,17666.96
1418,17666.96
1419,17666.96
1420,17984.72
1421,17984.72
1422,17984.72
1423,17984.72
1424,17429.19
1425,17429.19
1426,17429.19
1427,17429.19
1428,17426.88
1429,17426.88
1430,17426.88
1431,17426.88
1432,17788.28
1433,17788.28
1434,17788.28
1435,17788.28
1436,17503.87
1437,17503.87
1438,17503.87
1439,17503.87
1440,16621.54
1441,16621.54
1442,16621.54
1443,16621.54
1444,15848.25
1445,15848.25
1446,15848.25
1447,15848.25
1448,15461.51
1449,15461.51
1450,15461.51
1451,15461.51
1452,15166.22
1453,15166.22
1454,15166.22
1455,15166.22
1456,14954.02
1457,14954.02
1458,14954.02
1459,14954.02
1460,15082.0
1461,15082.0
1462,15082.0
1463,15082.0
1464,15053.89
1465,15053.89
1466,15053.89
1467,15053.89
1468,15991.74
1469,15991.74
1470,15991.74
1471,15991.74
1472,16340.44
1473,16340.44
1474,16340.44
1475,16340.44
1476,16630.58
1477,16630.58
1478,16630.58
1479,16630.58
1480,16939.11
1481,16939.11
1482,16939.11
1483,16939.11
1484,16360.63
1485,16360.63
1486,16360.63
1487,16360.63
1488,15847.69
1489,15847.69
1490,15847.69
1491,15847.69
1492,15746.17
1493,15746.17
1494,15746.17
1495,15746.17
1496,15583.98
1497,15583.98
1498,15583.98
1499,15583.98
1500,16322.37
1501,16322.37
1502,16322.37
1503,16322.37
1504,16994.74
1505,16994.74
1506,16994.74
1507,16994.74
1508,18740.31
1509,18740.31
1510,18740.31
1511,18740.31
1512,16837.35
1513,16837.35
1514,16837.35
1515,16837.35
1516,17389.3
1517,17389.3
1518,17389.3
1519,17389.3
1520,16949.1
1521,16949.1
1522,16949.1
1523,16949.1
1524,16897.37
1525,16897.37
1526,16897.37
1527,16897.37
1528,17459.75
1529,17459.75
1530,17459.75
1531,17459.75
1532,17288.58
1533,17288.58
1534,17288.58
1535,17288.58
1536,16687.99
1537,16687.99
1538,16687.99
1539,16687.99
1540,16111.49
1541,16111.49
1542,16111.49
1543,16111.49
1544,15029.43
1545,15029.43
1546,15029.43
1547,15029.43
1548,14665.02
1549,14665.02
1550,14665.02
1551,14665.02
1552,14691.19
1553,14691.19
1554,14691.19
1555,14691.19
1556,14759.9
1557,14759.9
1558,14759.9
1559,14759.9
1560,15103.14
1561,15103.14
1562,15103.14
1563,15103.14
1564,16185.4
1565,16185.4
1566,16185.4
1567,16185.4
1568,16597.65
1569,16597.65
1570,16597.65
1571,16597.65
1572,17073.86
1573,17073.86
1574,17073.86
1575,17073.86
1576,17319.54
1577,17319.54
1578,17319.54
1579,17319.54
1580,17319.54
1581,17319.54
1582,17319.54
1583,17319.54
1584,17336.92
1585,17336.92
1586,17336.92
1587,17336.92
1588,16944.98
1589,16944.98
1590,16944.98
1591,16944.98
1592,16757.08
1593,16757.08
1594,16757.08
1595,16757.08
1596,17532.28
1597,17532.28
1598,17532.28
1599,17532.28
1600,18136.41
1601,18136.41
1602,18136.41
1603,18136.41
1604,18462.47
1605,18462.47
1606,18462.47
1607,18462.47
1608,17698.01
1609,17698.01
1610,17698.01
1611,17698.01
1612,18023.51
1613,18023.51
1614,18023.51
1615,18023.51
1616,17395.12
1617,17395.12
1618,17395.12
1619,17395.12
1620,17460.56
1621,17460.56
1622,17460.56
1623,17460.56
1624,17791.36
1625,17791.36
1626,17791.36
1627,17791.36
1628,17606.21
1629,17606.21
1630,17606.21
1631,17606.21
1632,16551.36
1633,16551.36
1634,16551.36
1635,16551.36
1636,16080.58
1637,16080.58
1638,16080.58
1639,16080.58
1640,15573.19
1641,15573.19
1642,15573.19
1643,15573.19
1644,15318.82
1645,15318.82
1646,15318.82
1647,15318.82
1648,15072.34
1649,15072.34
1650,15072.34
1651,15072.34
1652,15125.37
1653,15125.37
1654,15125.37
1655,15125.37
1656,15324.64
1657,15324.64
1658,15324.64
1659,15324.64
1660,16039.26
1661,16039.26
1662,16039.26
1663,16039.26
1664,16266.39
1665,16266.39
1666,16266.39
1667,16266.39
1668,17317.5
1669,17317.5
1670,17317.5
1671,17317.5
1672,17897.88
1673,17897.88
1674,17897.88
1675,17897.88
1676,18107.3
1677,18107.3
1678,18107.3
1679,18107.3
1680,18027.99
1681,18027.99
1682,18027.99
1683,18027.99
1684,17632.89
1685,17632.89
1686,17632.89
1687,17632.89
1688,17591.66
1689,17591.66
1690,17591.66
1691,17591.66
1692,18074.1
1693,18074.1
1694,18074.1
1695,18074.1
1696,18537.1
1697,18537.1
1698,18537.1
1699,18537.1
1700,17953.61
1701,17953.61
1702,17953.61
1703,17953.61
1704,17576.42
1705,17576.42
1706,17576.42
1707,17576.42
1708,17882.64
1709,17882.64
1710,17882.64
1711,17882.64
1712,17291.47
1713,17291.47
1714,17291.47
1715,17291.47
1716,17425.01
1717,17425.01
1718,17425.01
1719,17425.01
1720,17744.58
1721,17744.58
1722,17744.58
1723,17744.58
1724,17421.78
1725,17421.78
1726,17421.78
1727,17421.78
1728,16651.07
1729,16651.07
1730,16651.07
1731,16651.07
1732,16039.0
1733,16039.0
1734,16039.0
1735,16039.0
1736,15680.01
1737,15680.01
1738,15680.01
1739,15680.01
1740,15323.0
1741,15323.0
1742,15323.0
1743,15323.0
1744,15060.23
1745,15060.23
1746,15060.23
1747,15060.23
1748,15265.37
1749,15265.37
1750,15265.37
1751,15265.37
1752,15472.27
1753,15472.27
1754,15472.27
1755,15472.27
1756,16287.93
1757,16287.93
1758,16287.93
1759,16287.93
1760,16301.07
1761,16301.07
1762,16301.07
1763,16301.07
1764,17061.92
1765,17061.92
1766,17061.92
1767,17061.92
1768,17458.63
1769,17458.63
1770,17458.63
1771,17458.63
1772,17646.7
1773,17646.7
1774,17646.7
1775,17646.7
1776,17521.56
1777,17521.56
1778,17521.56
1779,17521.56
1780,17347.9
1781,17347.9
1782,17347.9
1783,17347.9
1784,17381.13
1785,17381.13
1786,17381.13
1787,17381.13
1788,17939.8
1789,17939.8
1790,17939.8
1791,17939.8
1792,18385.89
1793,18385.89
1794,18385.89
1795,18385.89
1796,17799.82
1797,17799.82
1798,17799.82
1799,17799.82
1800,17845.36
1801,17845.36
1802,17845.36
1803,17845.36
1804,18047.35
1805,18047.35
1806,18047.35
1807,18047.35
1808,17799.91
1809,17799.91
1810,17799.91
1811,17799.91
1812,17726.91
1813,17726.91
1814,17726.91
1815,17726.91
1816,18056.99
1817,18056.99
1818,18056.99
1819,18056.99
1820,17802.54
1821,17802.54
1822,17802.54
1823,17802.54
1824,16926.04
1825,16926.04
1826,16926.04
1827,16926.04
1828,16382.53
1829,16382.53
1830,16382.53
1831,16382.53
1832,16028.86
1833,16028.86
1834,16028.86
1835,16028.86
1836,15822.06
1837,15822.06
1838,15822.06
1839,15822.06
1840,15663.28
1841,15663.28
1842,15663.28
1843,15663.28
1844,15586.84
1845,15586.84
1846,15586.84
1847,15586.84
1848,15386.98
1849,15386.98
1850,15386.98
1851,15386.98
1852,15483.71
1853,15483.71
1854,15483.71
1855,15483.71
1856,15284.87
1857,15284.87
1858,15284.87
1859,15284.87
1860,15330.22
1861,15330.22
1862,15330.22
1863,15330.22
1864,15741.79
1865,15741.79
1866,15741.79
1867,15741.79
1868,15938.74
1869,15938.74
1870,15938.74
1871,15938.74
1872,15917.24
1873,15917.24
1874,15917.24
1875,15917.24
1876,15879.32
1877,15879.32
1878,15879.32
1879,15879.32
1880,16027.85
1881,16027.85
1882,16027.85
1883,16027.85
1884,16639.6
1885,16639.6
1886,16639.6
1887,16639.6
1888,16896.37
1889,16896.37
1890,16896.37
1891,16896.37
1892,16835.29
1893,16835.29
1894,16835.29
1895,16835.29
1896,16246.53
1897,16246.53
1898,16246.53
1899,16246.53
1900,16315.25
1901,16315.25
1902,16315.25
1903,16315.25
1904,16158.07
1905,16158.07
1906,16158.07
1907,16158.07
1908,16241.7
1909,16241.7
1910,16241.7
1911,16241.7
1912,16671.7
1913,16671.7
1914,16671.7
1915,16671.7
1916,16499.35
1917,16499.35
1918,16499.35
1919,16499.35
1920,15704.94
1921,15704.94
1922,15704.94
1923,15704.94
1924,15401.99
1925,15401.99
1926,15401.99
1927,15401.99
1928,15045.81
1929,15045.81
1930,15045.81
1931,15045.81
1932,14832.83
1933,14832.83
1934,14832.83
1935,14832.83
1936,14623.77
1937,14623.77
1938,14623.77
1939,14623.77
1940,14742.61
1941,14742.61
1942,14742.61
1943,14742.61
1944,15003.09
1945,15003.09
1946,15003.09
1947,15003.09
1948,16126.47
1949,16126.47
1950,16126.47
1951,16126.47
1952,16357.0
1953,16357.0
1954,16357.0
1955,16357.0
1956,17451.4
1957,17451.4
1958,17451.4
1959,17451.4
1960,17965.04
1961,17965.04
1962,17965.04
1963,17965.04
1964,18322.06
1965,18322.06
1966,18322.06
1967,18322.06
1968,18506.33
1969,18506.33
1970,18506.33
1971,18506.33
1972,17895.88
1973,17895.88
1974,17895.88
1975,17895.88
1976,18153.33
1977,18153.33
1978,18153.33
1979,18153.33
1980,18680.68
1981,18680.68
1982,18680.68
1983,18680.68
1984,18988.71
1985,18988.71
1986,18988.71
1987,18988.71
1988,18837.94
1989,18837.94
1990,18837.94
1991,18837.94
1992,18583.81
1993,18583.81
1994,18583.81
1995,18583.81
1996,18218.96
1997,18218.96
1998,18218.96
1999,18218.96
2000,18066.0
2001,18066.0
2002,18066.0
2003,18066.0
2004,18092.35
2005,18092.35
2006,18092.35
2007,18092.35
2008,18533.31
2009,18533.31
2010,18533.31
2011,18533.31
2012,18165.39
2013,18165.39
2014,18165.39
2015,18165.39
2016,17097.32
2017,17097.32
2018,17097.32
2019,17097.32
2020,16866.03
2021,16866.03
2022,16866.03
2023,16866.03
2024,16542.23
2025,16542.23
2026,16542.23
2027,16542.23
2028,16179.98
2029,16179.98
2030,16179.98
2031,16179.98
2032,16018.34
2033,16018.34
2034,16018.34
2035,16018.34
2036,16158.82
2037,16158.82
2038,16158.82
2039,16158.82
2040,16191.44
2041,16191.44
2042,16191.44
2043,16191.44
2044,17062.88
2045,17062.88
2046,17062.88
2047,17062.88
2048,17176.45
2049,17176.45
2050,17176.45
2051,17176.45
2052,17964.79
2053,17964.79
2054,17964.79
2055,17964.79
2056,18815.58
2057,18815.58
2058,18815.58
2059,18815.58
2060,18653.33
2061,18653.33
2062,18653.33
2063,18653.33
2064,18663.83
2065,18663.83
2066,18663.83
2067,18663.83
2068,18480.77
2069,18480.77
2070,18480.77
2071,18480.77
2072,18370.3
2073,18370.3
2074,18370.3
2075,18370.3
2076,19024.44
2077,19024.44
2078,19024.44
2079,19024.44
2080,19975.76
2081,19975.76
2082,19975.76
2083,19975.76
2084,19698.04
2085,19698.04
2086,19698.04
2087,19698.04
2088,18959.7
2089,18959.7
2090,18959.7
2091,18959.7
2092,18768.24
2093,18768.24
2094,18768.24
2095,18768.24
2096,18151.18
2097,18151.18
2098,18151.18
2099,18151.18
2100,18177.82
2101,18177.82
2102,18177.82
2103,18177.82
2104,18478.65
2105,18478.65
2106,18478.65
2107,18478.65
2108,18093.56
2109,18093.56
2110,18093.56
2111,18093.56
2112,17242.35
2113,17242.35
2114,17242.35
2115,17242.35
2116,16802.5
2117,16802.5
2118,16802.5
2119,16802.5
2120,16503.39
2121,16503.39
2122,16503.39
2123,16503.39
2124,16134.75
2125,16134.75
2126,16134.75
2127,16134.75
2128,16009.03
2129,16009.03
2130,16009.03
2131,16009.03
2132,16113.74
2133,16113.74
2134,16113.74
2135,16113.74
2136,16215.8
2137,16215.8
2138,16215.8
2139,16215.8
2140,17086.46
2141,17086.46
2142,17086.46
2143,17086.46
2144,17172.32
2145,17172.32
2146,17172.32
2147,17172.32
2148,18149.59
2149,18149.59
2150,18149.59
2151,18149.59
2152,18648.7
2153,18648.7
2154,18648.7
2155,18648.7
2156,18772.58
2157,18772.58
2158,18772.58
2159,18772.58
2160,18505.81
2161,18505.81
2162,18505.81
2163,18505.81
2164,18368.5
2165,18368.5
2166,18368.5
2167,18368.5
2168,18050.06
2169,18050.06
2170,18050.06
2171,18050.06
2172,18670.96
2173,18670.96
2174,18670.96
2175,18670.96
2176,19513.59
2177,19513.59
2178,19513.59
2179,19513.59
2180,18853.64
2181,18853.64
2182,18853.64
2183,18853.64
2184,18986.72
2185,18986.72
2186,18986.72
2187,18986.72
2188,19089.54
2189,19089.54
2190,19089.54
2191,19089.54
2192,18623.13
2193,18623.13
2194,18623.13
2195,18623.13
2196,18642.55
2197,18642.55
2198,18642.55
2199,18642.55
2200,19093.73
2201,19093.73
2202,19093.73
2203,19093.73
2204,18710.45
2205,18710.45
2206,18710.45
2207,18710.45
2208,17862.67
2209,17862.67
2210,17862.67
2211,17862.67
2212,17242.56
2213,17242.56
2214,17242.56
2215,17242.56
2216,16947.96
2217,16947.96
2218,16947.96
2219,16947.96
2220,16563.25
2221,16563.25
2222,16563.25
2223,16563.25
2224,16343.87
2225,16343.87
2226,16343.87
2227,16343.87
2228,16425.11
2229,16425.11
2230,16425.11
2231,16425.11
2232,16534.11
2233,16534.11
2234,16534.11
2235,16534.11
2236,17303.9
2237,17303.9
2238,17303.9
2239,17303.9
2240,17263.99
2241,17263.99
2242,17263.99
2243,17263.99
2244,18361.63
2245,18361.63
2246,18361.63
2247,18361.63
2248,18956.52
2249,18956.52
2250,18956.52
2251,18956.52
2252,18954.78
2253,18954.78
2254,18954.78
2255,18954.78
2256,18932.65
2257,18932.65
2258,18932.65
2259,18932.65
2260,18582.38
2261,18582.38
2262,18582.38
2263,18582.38
2264,18641.68
2265,18641.68
2266,18641.68
2267,18641.68
2268,19399.36
2269,19399.36
2270,19399.36
2271,19399.36
2272,19757.5
2273,19757.5
2274,19757.5
2275,19757.5
2276,19514.83
2277,19514.83
2278,19514.83
2279,19514.83
2280,19171.05
2281,19171.05
2282,19171.05
2283,19171.05
2284,19429.01
2285,19429.01
2286,19429.01
2287,19429.01
2288,18912.97
2289,18912.97
2290,18912.97
2291,18912.97
2292,18966.5
2293,18966.5
2294,18966.5
2295,18966.5
2296,19348.54
2297,19348.54
2298,19348.54
2299,19348.54
2300,18728.24
2301,18728.24
2302,18728.24
2303,18728.24
2304,17909.46
2305,17909.46
2306,17909.46
2307,17909.46
2308,17619.84
2309,17619.84
2310,17619.84
2311,17619.84
2312,17222.15
2313,17222.15
2314,17222.15
2315,17222.15
2316,16932.07
2317,16932.07
2318,16932.07
2319,16932.07
2320,16652.88
2321,16652.88
2322,16652.88
2323,16652.88
2324,16778.64
2325,16778.64
2326,16778.64
2327,16778.64
2328,16767.3
2329,16767.3
2330,16767.3
2331,16767.3
2332,17501.07
2333,17501.07
2334,17501.07
2335,17501.07
2336,17356.27
2337,17356.27
2338,17356.27
2339,17356.27
2340,18395.29
2341,18395.29
2342,18395.29
2343,18395.29
2344,19083.12
2345,19083.12
2346,19083.12
2347,19083.12
2348,19016.53
2349,19016.53
2350,19016.53
2351,19016.53
2352,19088.22
2353,19088.22
2354,19088.22
2355,19088.22
2356,18868.08
2357,18868.08
2358,18868.08
2359,18868.08
2360,18638.23
2361,18638.23
2362,18638.23
2363,18638.23
2364,19399.81
2365,19399.81
2366,19399.81
2367,19399.81
2368,19892.81
2369,19892.81
2370,19892.81
2371,19892.81
2372,19223.94
2373,19223.94
2374,19223.94
2375,19223.94
2376,18994.37
2377,18994.37
2378,18994.37
2379,18994.37
2380,19300.7
2381,19300.7
2382,19300.7
2383,19300.7
2384,18716.6
2385,18716.6
2386,18716.6
2387,18716.6
2388,18890.46
2389,18890.46
2390,18890.46
2391,18890.46
2392,19312.32
2393,19312.32
2394,19312.32
2395,19312.32
2396,18664.24
2397,18664.24
2398,18664.24
2399,18664.24
2400,18233.26
2401,18233.26
2402,18233.26
2403,18233.26
2404,17703.32
2405,17703.32
2406,17703.32
2407,17703.32
2408,17250.59
2409,17250.59
2410,17250.59
2411,17250.59
2412,16955.21
2413,16955.21
2414,16955.21
2415,16955.21
2416,16922.37
2417,16922.37
2418,16922.37
2419,16922.37
2420,17025.19
2421,17025.19
2422,17025.19
2423,17025.19
2424,16747.38
2425,16747.38
2426,16747.38
2427,16747.38
2428,17245.23
2429,17245.23
2430,17245.23
2431,17245.23
2432,17547.26
2433,17547.26
2434,17547.26
2435,17547.26
2436,18657.65
2437,18657.65
2438,18657.65
2439,18657.65
2440,19088.34
2441,19088.34
2442,19088.34
2443,19088.34
2444,19287.93
2445,19287.93
2446,19287.93
2447,19287.93
2448,18969.12
2449,18969.12
2450,18969.12
2451,18969.12
2452,18777.2
2453,18777.2
2454,18777.2
2455,18777.2
2456,18506.69
2457,18506.69
2458,18506.69
2459,18506.69
2460,19301.91
2461,19301.91
2462,19301.91
2463,19301.91
2464,19839.15
2465,19839.15
2466,19839.15
2467,19839.15
2468,19378.68
2469,19378.68
2470,19378.68
2471,19378.68
2472,19083.48
2473,19083.48
2474,19083.48
2475,19083.48
2476,19324.86
2477,19324.86
2478,19324.86
2479,19324.86
2480,18770.95
2481,18770.95
2482,18770.95
2483,18770.95
2484,18704.13
2485,18704.13
2486,18704.13
2487,18704.13
2488,19122.18
2489,19122.18
2490,19122.18
2491,19122.18
2492,18925.4
2493,18925.4
2494,18925.4
2495,18925.4
2496,17909.54
2497,17909.54
2498,17909.54
2499,17909.54
2500,17036.7
2501,17036.7
2502,17036.7
2503,17036.7
2504,16974.35
2505,16974.35
2506,16974.35
2507,16974.35
2508,16641.29
2509,16641.29
2510,16641.29
2511,16641.29
2512,16485.26
2513,16485.26
2514,16485.26
2515,16485.26
2516,16525.77
2517,16525.77
2518,16525.77
2519,16525.77
2520,16056.18
2521,16056.18
2522,16056.18
2523,16056.18
2524,16173.17
2525,16173.17
2526,16173.17
2527,16173.17
2528,16063.87
2529,16063.87
2530,16063.87
2531,16063.87
2532,16739.59
2533,16739.59
2534,16739.59
2535,16739.59
2536,16661.87
2537,16661.87
2538,16661.87
2539,16661.87
2540,17046.36
2541,17046.36
2542,17046.36
2543,17046.36
2544,17064.98
2545,17064.98
2546,17064.98
2547,17064.98
2548,16580.55
2549,16580.55
2550,16580.55
2551,16580.55
2552,16570.44
2553,16570.44
2554,16570.44
2555,16570.44
2556,17151.55
2557,17151.55
2558,17151.55
2559,17151.55
2560,17359.44
2561,17359.44
2562,17359.44
2563,17359.44
2564,17171.39
2565,17171.39
2566,17171.39
2567,17171.39
2568,16401.86
2569,16401.86
2570,16401.86
2571,16401.86
2572,16529.53
2573,16529.53
2574,16529.53
2575,16529.53
2576,16125.25
2577,16125.25
2578,16125.25
2579,16125.25
2580,16471.0
2581,16471.0
2582,16471.0
2583,16471.0
2584,17126.3
2585,17126.3
2586,17126.3
2587,17126.3
2588,17047.84
2589,17047.84
2590,17047.84
2591,17047.84
2592,16177.87
2593,16177.87
2594,16177.87
2595,16177.87
2596,15800.93
2597,15800.93
2598,15800.93
2599,15800.93
2600,15454.44
2601,15454.44
2602,15454.44
2603,15454.44
2604,15198.25
2605,15198.25
2606,15198.25
2607,15198.25
2608,15018.3
2609,15018.3
2610,15018.3
2611,15018.3
2612,15193.11
2613,15193.11
2614,15193.11
2615,15193.11
2616,15314.2
2617,15314.2
2618,15314.2
2619,15314.2
2620,16375.88
2621,16375.88
2622,16375.88
2623,16375.88
2624,16647.42
2625,16647.42
2626,16647.42
2627,16647.42
2628,18024.89
2629,18024.89
2630,18024.89
2631,18024.89
2632,18832.45
2633,18832.45
2634,18832.45
2635,18832.45
2636,18779.47
2637,18779.47
2638,18779.47
2639,18779.47
2640,18881.1
2641,18881.1
2642,18881.1
2643,18881.1
2644,18621.18
2645,18621.18
2646,18621.18
2647,18621.18
2648,18114.21
2649,18114.21
2650,18114.21
2651,18114.21
2652,18998.97
2653,18998.97
2654,18998.97
2655,18998.97
2656,18107.86
2657,18107.86
2658,18107.86
2659,18107.86
2660,18740.89
2661,18740.89
2662,18740.89
2663,18740.89
2664,18603.15
2665,18603.15
2666,18603.15
2667,18603.15
2668,18606.77
2669,18606.77
2670,18606.77
2671,18606.77
2672,18378.77
2673,18378.77
2674,18378.77
2675,18378.77
2676,18263.87
2677,18263.87
2678,18263.87
2679,18263.87
2680,18711.39
2681,18711.39
2682,18711.39
2683,18711.39
2684,18405.56
2685,18405.56
2686,18405.56
2687,18405.56
2688,17584.3
2689,17584.3
2690,17584.3
2691,17584.3
2692,17015.89
2693,17015.89
2694,17015.89
2695,17015.89
2696,16576.5
2697,16576.5
2698,16576.5
2699,16576.5
2700,16376.85
2701,16376.85
2702,16376.85
2703,16376.85
2704,16137.43
2705,16137.43
2706,16137.43
2707,16137.43
2708,16288.24
2709,16288.24
2710,16288.24
2711,16288.24
2712,16232.04
2713,16232.04
2714,16232.04
2715,16232.04
2716,17094.56
2717,17094.56
2718,17094.56
2719,17094.56
2720,17119.8
2721,17119.8
2722,17119.8
2723,17119.8
2724,17965.43
2725,17965.43
2726,17965.43
2727,17965.43
2728,18348.25
2729,18348.25
2730,18348.25
2731,18348.25
2732,18213.39
2733,18213.39
2734,18213.39
2735,18213.39
2736,18804.93
2737,18804.93
2738,18804.93
2739,18804.93
2740,18623.92
2741,18623.92
2742,18623.92
2743,18623.92
2744,18725.59
2745,18725.59
2746,18725.59
2747,18725.59
2748,19431.74
2749,19431.74
2750,19431.74
2751,19431.74
2752,19670.91
2753,19670.91
2754,19670.91
2755,19670.91
2756,18985.37
2757,18985.37
2758,18985.37
2759,18985.37
2760,19012.16
2761,19012.16
2762,19012.16
2763,19012.16
2764,19431.02
2765,19431.02
2766,19431.02
2767,19431.02
2768,18613.71
2769,18613.71
2770,18613.71
2771,18613.71
2772,18407.69
2773,18407.69
2774,18407.69
2775,18407.69
2776,18828.69
2777,18828.69
2778,18828.69
2779,18828.69
2780,18574.37
2781,18574.37
2782,18574.37
2783,18574.37
2784,17586.88
2785,17586.88
2786,17586.88
2787,17586.88
2788,17117.65
2789,17117.65
2790,17117.65
2791,17117.65
2792,16724.45
2793,16724.45
2794,16724.45
2795,16724.45
2796,16361.42
2797,16361.42
2798,16361.42
2799,16361.42
2800,16216.73
2801,16216.73
2802,16216.73
2803,16216.73
2804,16348.08
2805,16348.08
2806,16348.08
2807,16348.08
2808,16206.56
2809,16206.56
2810,16206.56
2811,16206.56
2812,16963.0
2813,16963.0
2814,16963.0
2815,16963.0
2816,17112.01
2817,17112.01
2818,17112.01
2819,17112.01
2820,17943.97
2821,17943.97
2822,17943.97
2823,17943.97
2824,18607.5
2825,18607.5
2826,18607.5
2827,18607.5
2828,18649.29
2829,18649.29
2830,18649.29
2831,18649.29
2832,18527.74
2833,18527.74
2834,18527.74
2835,18527.74
2836,18337.79
2837,18337.79
2838,18337.79
2839,18337.79
2840,15166.29
2841,15166.29
2842,15166.29
2843,15166.29
2844,17516.36
2845,17516.36
2846,17516.36
2847,17516.36
2848,19611.96
2849,19611.96
2850,19611.96
2851,19611.96
2852,18961.05
2853,18961.05
2854,18961.05
2855,18961.05
2856,18630.12
2857,18630.12
2858,18630.12
2859,18630.12
2860,18695.77
2861,18695.77
2862,18695.77
2863,18695.77
2864,17951.18
2865,17951.18
2866,17951.18
2867,17951.18
2868,17861.61
2869,17861.61
2870,17861.61
2871,17861.61
2872,18430.16
2873,18430.16
2874,18430.16
2875,18430.16
2876,18358.82
2877,18358.82
2878,18358.82
2879,18358.82
2880,17614.1
2881,17614.1
2882,17614.1
2883,17614.1
2884,17359.79
2885,17359.79
2886,17359.79
2887,17359.79
2888,16818.04
2889,16818.04
2890,16818.04
2891,16818.04
2892,16386.54
2893,16386.54
2894,16386.54
2895,16386.54
2896,16056.74
2897,16056.74
2898,16056.74
2899,16056.74
2900,16094.14
2901,16094.14
2902,16094.14
2903,16094.14
2904,15868.98
2905,15868.98
2906,15868.98
2907,15868.98
2908,15782.27
2909,15782.27
2910,15782.27
2911,15782.27
2912,15173.75
2913,15173.75
2914,15173.75
2915,15173.75
2916,15108.32
2917,15108.32
2918,15108.32
2919,15108.32
2920,15014.18
2921,15014.18
2922,15014.18
2923,15014.18
2924,14970.19
2925,14970.19
2926,14970.19
2927,14970.19
2928,16187.46
2929,16187.46
2930,16187.46
2931,16187.46
2932,16047.26
2933,16047.26
2934,16047.26
2935,16047.26
2936,16035.36
2937,16035.36
2938,16035.36
2939,16035.36
2940,16481.92
2941,16481.92
2942,16481.92
2943,16481.92
2944,16524.79
2945,16524.79
2946,16524.79
2947,16524.79
2948,15932.02
2949,15932.02
2950,15932.02
2951,15932.02
2952,15676.98
2953,15676.98
2954,15676.98
2955,15676.98
2956,15690.48
2957,15690.48
2958,15690.48
2959,15690.48
2960,15380.31
2961,15380.31
2962,15380.31
2963,15380.31
2964,15643.45
2965,15643.45
2966,15643.45
2967,15643.45
2968,16226.87
2969,16226.87
2970,16226.87
2971,16226.87
2972,16179.77
2973,16179.77
2974,16179.77
2975,16179.77
2976,15598.2
2977,15598.2
2978,15598.2
2979,15598.2
2980,15415.33
2981,15415.33
2982,15415.33
2983,15415.33
2984,14958.26
2985,14958.26
2986,14958.26
2987,14958.26
2988,14711.25
2989,14711.25
2990,14711.25
2991,14711.25
2992,14510.58
2993,14510.58
2994,14510.58
2995,14510.58
2996,14555.51
2997,14555.51
2998,14555.51
2999,14555.51
3000,14656.85
3001,14656.85
3002,14656.85
3003,14656.85
3004,15746.64
3005,15746.64
3006,15746.64
3007,15746.64
3008,16347.85
3009,16347.85
3010,16347.85
3011,16347.85
3012,17370.4
3013,17370.4
3014,17370.4
3015,17370.4
3016,18289.92
3017,18289.92
3018,18289.92
3019,18289.92
3020,18128.78
3021,18128.78
3022,18128.78
3023,18128.78
3024,18078.11
3025,18078.11
3026,18078.11
3027,18078.11
3028,17812.57
3029,17812.57
3030,17812.57
3031,17812.57
3032,17247.59
3033,17247.59
3034,17247.59
3035,17247.59
3036,18243.31
3037,18243.31
3038,18243.31
3039,18243.31
3040,17630.77
3041,17630.77
3042,17630.77
3043,17630.77
3044,17707.57
3045,17707.57
3046,17707.57
3047,17707.57
3048,17227.64
3049,17227.64
3050,17227.64
3051,17227.64
3052,17401.5
3053,17401.5
3054,17401.5
3055,17401.5
3056,16815.87
3057,16815.87
3058,16815.87
3059,16815.87
3060,17070.99
3061,17070.99
3062,17070.99
3063,17070.99
3064,17551.1
3065,17551.1
3066,17551.1
3067,17551.1
3068,17325.71
3069,17325.71
3070,17325.71
3071,17325.71
3072,16592.34
3073,16592.34
3074,16592.34
3075,16592.34
3076,16113.77
3077,16113.77
3078,16113.77
3079,16113.77
3080,15758.36
3081,15758.36
3082,15758.36
3083,15758.36
3084,15427.99
3085,15427.99
3086,15427.99
3087,15427.99
3088,15275.09
3089,15275.09
3090,15275.09
3091,15275.09
3092,15239.74
3093,15239.74
3094,15239.74
3095,15239.74
3096,15044.44
3097,15044.44
3098,15044.44
3099,15044.44
3100,15631.09
3101,15631.09
3102,15631.09
3103,15631.09
3104,15649.95
3105,15649.95
3106,15649.95
3107,15649.95
3108,16663.59
3109,16663.59
3110,16663.59
3111,16663.59
3112,17119.84
3113,17119.84
3114,17119.84
3115,17119.84
3116,17158.99
3117,17158.99
3118,17158.99
3119,17158.99
3120,17208.46
3121,17208.46
3122,17208.46
3123,17208.46
3124,17207.86
3125,17207.86
3126,17207.86
3127,17207.86
3128,17335.82
3129,17335.82
3130,17335.82
3131,17335.82
3132,18201.08
3133,18201.08
3134,18201.08
3135,18201.08
3136,18533.05
3137,18533.05
3138,18533.05
3139,18533.05
3140,18709.36
3141,18709.36
3142,18709.36
3143,18709.36
3144,18080.79
3145,18080.79
3146,18080.79
3147,18080.79
3148,18321.75
3149,18321.75
3150,18321.75
3151,18321.75
3152,17782.16
3153,17782.16
3154,17782.16
3155,17782.16
3156,17746.3
3157,17746.3
3158,17746.3
3159,17746.3
3160,18014.52
3161,18014.52
3162,18014.52
3163,18014.52
3164,18000.49
3165,18000.49
3166,18000.49
3167,18000.49
3168,17208.62
3169,17208.62
3170,17208.62
3171,17208.62
3172,16654.4
3173,16654.4
3174,16654.4
3175,16654.4
3176,16117.79
3177,16117.79
3178,16117.79
3179,16117.79
3180,15745.12
3181,15745.12
3182,15745.12
3183,15745.12
3184,15454.05
3185,15454.05
3186,15454.05
3187,15454.05
3188,15543.02
3189,15543.02
3190,15543.02
3191,15543.02
3192,15576.79
3193,15576.79
3194,15576.79
3195,15576.79
3196,15502.66
3197,15502.66
3198,15502.66
3199,15502.66
3200,15079.03
3201,15079.03
3202,15079.03
3203,15079.03
3204,15479.53
3205,15479.53
3206,15479.53
3207,15479.53
3208,15772.59
3209,15772.59
3210,15772.59
3211,15772.59
3212,15861.85
3213,15861.85
3214,15861.85
3215,15861.85
3216,15872.6
3217,15872.6
3218,15872.6
3219,15872.6
3220,15856.79
3221,15856.79
3222,15856.79
3223,15856.79
3224,15911.7
3225,15911.7
3226,15911.7
3227,15911.7
3228,16402.16
3229,16402.16
3230,16402.16
3231,16402.16
3232,15447.43
3233,15447.43
3234,15447.43
3235,15447.43
3236,14854.74
3237,14854.74
3238,14854.74
3239,14854.74
3240,14287.78
3241,14287.78
3242,14287.78
3243,14287.78
3244,13713.38
3245,13713.38
3246,13713.38
3247,13713.38
3248,12947.62
3249,12947.62
3250,12947.62
3251,12947.62
3252,13636.25
3253,13636.25
3254,13636.25
3255,13636.25
3256,13765.07
3257,13765.07
3258,13765.07
3259,13765.07
3260,13676.08
3261,13676.08
3262,13676.08
3263,13676.08
3264,13061.58
3265,13061.58
3266,13061.58
3267,13061.58
3268,12714.68
3269,12714.68
3270,12714.68
3271,12714.68
3272,12462.76
3273,12462.76
3274,12462.76
3275,12462.76
3276,11849.53
3277,11849.53
3278,11849.53
3279,11849.53
3280,11644.0
3281,11644.0
3282,11644.0
3283,11644.0
3284,11898.0
3285,11898.0
3286,11898.0
3287,11898.0
3288,12173.58
3289,12173.58
3290,12173.58
3291,12173.58
3292,13169.73
3293,13169.73
3294,13169.73
3295,13169.73
3296,14219.53
3297,14219.53
3298,14219.53
3299,14219.53
3300,15220.78
3301,15220.78
3302,15220.78
3303,15220.78
3304,15879.88
3305,15879.88
3306,15879.88
3307,15879.88
3308,15982.42
3309,15982.42
3310,15982.42
3311,15982.42
3312,16094.58
3313,16094.58
3314,16094.58
3315,16094.58
3316,16213.3
3317,16213.3
3318,16213.3
3319,16213.3
3320,16105.87
3321,16105.87
3322,16105.87
3323,16105.87
3324,16957.22
3325,16957.22
3326,16957.22
3327,16957.22
3328,17298.24
3329,17298.24
3330,17298.24
3331,17298.24
3332,17236.78
3333,17236.78
3334,17236.78
3335,17236.78
3336,17644.0
3337,17644.0
3338,17644.0
3339,17644.0
3340,17910.54
3341,17910.54
3342,17910.54
3343,17910.54
3344,17360.32
3345,17360.32
3346,17360.32
3347,17360.32
3348,17508.61
3349,17508.61
3350,17508.61
3351,17508.61
3352,17936.67
3353,17936.67
3354,17936.67
3355,17936.67
3356,17684.41
3357,17684.41
3358,17684.41
3359,17684.41
3360,16903.11
3361,16903.11
3362,16903.11
3363,16903.11
3364,16308.32
3365,16308.32
3366,16308.32
3367,16308.32
3368,15623.62
3369,15623.62
3370,15623.62
3371,15623.62
3372,15326.15
3373,15326.15
3374,15326.15
3375,15326.15
3376,15081.95
3377,15081.95
3378,15081.95
3379,15081.95
3380,14984.61
3381,14984.61
3382,14984.61
3383,14984.61
3384,15342.21
3385,15342.21
3386,15342.21
3387,15342.21
3388,16280.51
3389,16280.51
3390,16280.51
3391,16280.51
3392,16370.67
3393,16370.67
3394,16370.67
3395,16370.67
3396,17248.55
3397,17248.55
3398,17248.55
3399,17248.55
3400,17888.47
3401,17888.47
3402,17888.47
3403,17888.47
3404,17989.98
3405,17989.98
3406,17989.98
3407,17989.98
3408,17651.66
3409,17651.66
3410,17651.66
3411,17651.66
3412,17664.38
3413,17664.38
3414,17664.38
3415,17664.38
3416,17696.57
3417,17696.57
3418,17696.57
3419,17696.57
3420,18232.67
3421,18232.67
3422,18232.67
3423,18232.67
3424,17790.94
3425,17790.94
3426,17790.94
3427,17790.94
3428,17651.1
3429,17651.1
3430,17651.1
3431,17651.1
3432,17255.8
3433,17255.8
3434,17255.8
3435,17255.8
3436,17193.64
3437,17193.64
3438,17193.64
3439,17193.64
3440,15921.45
3441,15921.45
3442,15921.45
3443,15921.45
3444,15305.4
3445,15305.4
3446,15305.4
3447,15305.4
3448,15861.66
3449,15861.66
3450,15861.66
3451,15861.66
3452,15548.22
3453,15548.22
3454,15548.22
3455,15548.22
3456,14723.35
3457,14723.35
3458,14723.35
3459,14723.35
3460,14240.78
3461,14240.78
3462,14240.78
3463,14240.78
3464,13885.53
3465,13885.53
3466,13885.53
3467,13885.53
3468,13696.32
3469,13696.32
3470,13696.32
3471,13696.32
3472,13679.94
3473,13679.94
3474,13679.94
3475,13679.94
3476,13828.61
3477,13828.61
3478,13828.61
3479,13828.61
3480,13994.7
3481,13994.7
3482,13994.7
3483,13994.7
3484,14794.39
3485,14794.39
3486,14794.39
3487,14794.39
3488,15135.26
3489,15135.26
3490,15135.26
3491,15135.26
3492,15713.58
3493,15713.58
3494,15713.58
3495,15713.58
3496,16671.22
3497,16671.22
3498,16671.22
3499,16671.22
3500,16728.9
3501,16728.9
3502,16728.9
3503,16728.9
3504,17065.74
3505,17065.74
3506,17065.74
3507,17065.74
3508,16952.34
3509,16952.34
3510,16952.34
3511,16952.34
3512,16843.68
3513,16843.68
3514,16843.68
3515,16843.68
3516,17665.12
3517,17665.12
3518,17665.12
3519,17665.12
3520,17671.2
3521,17671.2
3522,17671.2
3523,17671.2
3524,17562.19
3525,17562.19
3526,17562.19
3527,17562.19
3528,16728.99
3529,16728.99
3530,16728.99
3531,16728.99
3532,16727.52
3533,16727.52
3534,16727.52
3535,16727.52
3536,16047.67
3537,16047.67
3538,16047.67
3539,16047.67
3540,16196.38
3541,16196.38
3542,16196.38
3543,16196.38
3544,16377.63
3545,16377.63
3546,16377.63
3547,16377.63
3548,16436.07
3549,16436.07
3550,16436.07
3551,16436.07
3552,15729.63
3553,15729.63
3554,15729.63
3555,15729.63
3556,15303.28
3557,15303.28
3558,15303.28
3559,15303.28
3560,14831.37
3561,14831.37
3562,14831.37
3563,14831.37
3564,14520.51
3565,14520.51
3566,14520.51
3567,14520.51
3568,14355.65
3569,14355.65
3570,14355.65
3571,14355.65
3572,14329.68
3573,14329.68
3574,14329.68
3575,14329.68
3576,14485.63
3577,14485.63
3578,14485.63
3579,14485.63
3580,15160.13
3581,15160.13
3582,15160.13
3583,15160.13
3584,15359.2
3585,15359.2
3586,15359.2
3587,15359.2
3588,16094.56
3589,16094.56
3590,16094.56
3591,16094.56
3592,16586.39
3593,16586.39
3594,16586.39
3595,16586.39
3596,16573.36
3597,16573.36
3598,16573.36
3599,16573.36
3600,16732.65
3601,16732.65
3602,16732.65
3603,16732.65
3604,16518.83
3605,16518.83
3606,16518.83
3607,16518.83
3608,16631.27
3609,16631.27
3610,16631.27
3611,16631.27
3612,17500.83
3613,17500.83
3614,17500.83
3615,17500.83
3616,17476.1
3617,17476.1
3618,17476.1
3619,17476.1
3620,17398.44
3621,17398.44
3622,17398.44
3623,17398.44
3624,16996.84
3625,16996.84
3626,16996.84
3627,16996.84
3628,17693.87
3629,17693.87
3630,17693.87
3631,17693.87
3632,17127.7
3633,17127.7
3634,17127.7
3635,17127.7
3636,17213.3
3637,17213.3
3638,17213.3
3639,17213.3
3640,17269.82
3641,17269.82
3642,17269.82
3643,17269.82
3644,17043.49
3645,17043.49
3646,17043.49
3647,17043.49
3648,16117.95
3649,16117.95
3650,16117.95
3651,16117.95
3652,15568.51
3653,15568.51
3654,15568.51
3655,15568.51
3656,15236.14
3657,15236.14
3658,15236.14
3659,15236.14
3660,14979.79
3661,14979.79
3662,14979.79
3663,14979.79
3664,14679.54
3665,14679.54
3666,14679.54
3667,14679.54
3668,14756.39
3669,14756.39
3670,14756.39
3671,14756.39
3672,15144.6
3673,15144.6
3674,15144.6
3675,15144.6
3676,15849.46
3677,15849.46
3678,15849.46
3679,15849.46
3680,15721.11
3681,15721.11
3682,15721.11
3683,15721.11
3684,16612.72
3685,16612.72
3686,16612.72
3687,16612.72
3688,16848.91
3689,16848.91
3690,16848.91
3691,16848.91
3692,16870.29
3693,16870.29
3694,16870.29
3695,16870.29
3696,17247.05
3697,17247.05
3698,17247.05
3699,17247.05
3700,16976.09
3701,16976.09
3702,16976.09
3703,16976.09
3704,17060.85
3705,17060.85
3706,17060.85
3707,17060.85
3708,17998.27
3709,17998.27
3710,17998.27
3711,17998.27
3712,18626.03
3713,18626.03
3714,18626.03
3715,18626.03
3716,18558.99
3717,18558.99
3718,18558.99
3719,18558.99
3720,18003.55
3721,18003.55
3722,18003.55
3723,18003.55
3724,18080.81
3725,18080.81
3726,18080.81
3727,18080.81
3728,17444.79
3729,17444.79
3730,17444.79
3731,17444.79
3732,17448.88
3733,17448.88
3734,17448.88
3735,17448.88
3736,17882.93
3737,17882.93
3738,17882.93
3739,17882.93
3740,17790.79
3741,17790.79
3742,17790.79
3743,17790.79
3744,17034.26
3745,17034.26
3746,17034.26
3747,17034.26
3748,16552.14
3749,16552.14
3750,16552.14
3751,16552.14
3752,15981.55
3753,15981.55
3754,15981.55
3755,15981.55
3756,15560.61
3757,15560.61
3758,15560.61
3759,15560.61
3760,15274.04
3761,15274.04
3762,15274.04
3763,15274.04
3764,15119.8
3765,15119.8
3766,15119.8
3767,15119.8
3768,15224.46
3769,15224.46
3770,15224.46
3771,15224.46
3772,15750.53
3773,15750.53
3774,15750.53
3775,15750.53
3776,15867.98
3777,15867.98
3778,15867.98
3779,15867.98
3780,16773.41
3781,16773.41
3782,16773.41
3783,16773.41
3784,17383.81
3785,17383.81
3786,17383.81
3787,17383.81
3788,17534.04
3789,17534.04
3790,17534.04
3791,17534.04
3792,17803.26
3793,17803.26
3794,17803.26
3795,17803.26
3796,17252.73
3797,17252.73
3798,17252.73
3799,17252.73
3800,17372.78
3801,17372.78
3802,17372.78
3803,17372.78
3804,18152.5
3805,18152.5
3806,18152.5
3807,18152.5
3808,18628.78
3809,18628.78
3810,18628.78
3811,18628.78
3812,18099.0
3813,18099.0
3814,18099.0
3815,18099.0
3816,17801.28
3817,17801.28
3818,17801.28
3819,17801.28
3820,18220.4
3821,18220.4
3822,18220.4
3823,18220.4
3824,17697.87
3825,17697.87
3826,17697.87
3827,17697.87
3828,17744.15
3829,17744.15
3830,17744.15
3831,17744.15
3832,18055.23
3833,18055.23
3834,18055.23
3835,18055.23
3836,17738.7
3837,17738.7
3838,17738.7
3839,17738.7
3840,17141.75
3841,17141.75
3842,17141.75
3843,17141.75
3844,16589.07
3845,16589.07
3846,16589.07
3847,16589.07
3848,16038.12
3849,16038.12
3850,16038.12
3851,16038.12
3852,15736.72
3853,15736.72
3854,15736.72
3855,15736.72
3856,15521.96
3857,15521.96
3858,15521.96
3859,15521.96
3860,15461.09
3861,15461.09
3862,15461.09
3863,15461.09
3864,15274.28
3865,15274.28
3866,15274.28
3867,15274.28
3868,15708.35
3869,15708.35
3870,15708.35
3871,15708.35
3872,15209.31
3873,15209.31
3874,15209.31
3875,15209.31
3876,15439.69
3877,15439.69
3878,15439.69
3879,15439.69
3880,15493.6
3881,15493.6
3882,15493.6
3883,15493.6
3884,15399.81
3885,15399.81
3886,15399.81
3887,15399.81
3888,15377.77
3889,15377.77
3890,15377.77
3891,15377.77
3892,15124.46
3893,15124.46
3894,15124.46
3895,15124.46
3896,15287.74
3897,15287.74
3898,15287.74
3899,15287.74
3900,15232.51
3901,15232.51
3902,15232.51
3903,15232.51
3904,16039.45
3905,16039.45
3906,16039.45
3907,16039.45
3908,16377.79
3909,16377.79
3910,16377.79
3911,16377.79
3912,16175.25
3913,16175.25
3914,16175.25
3915,16175.25
3916,16447.37
3917,16447.37
3918,16447.37
3919,16447.37
3920,15760.77
3921,15760.77
3922,15760.77
3923,15760.77
3924,16024.52
3925,16024.52
3926,16024.52
3927,16024.52
3928,16532.43
3929,16532.43
3930,16532.43
3931,16532.43
3932,16378.84
3933,16378.84
3934,16378.84
3935,16378.84
3936,15780.19
3937,15780.19
3938,15780.19
3939,15780.19
3940,15004.33
3941,15004.33
3942,15004.33
3943,15004.33
3944,14785.74
3945,14785.74
3946,14785.74
3947,14785.74
3948,14501.17
3949,14501.17
3950,14501.17
3951,14501.17
3952,14627.37
3953,14627.37
3954,14627.37
3955,14627.37
3956,14679.94
3957,14679.94
3958,14679.94
3959,14679.94
3960,15030.53
3961,15030.53
3962,15030.53
3963,15030.53
3964,15869.05
3965,15869.05
3966,15869.05
3967,15869.05
3968,16261.29
3969,16261.29
3970,16261.29
3971,16261.29
3972,17165.34
3973,17165.34
3974,17165.34
3975,17165.34
3976,17806.21
3977,17806.21
3978,17806.21
3979,17806.21
3980,18119.71
3981,18119.71
3982,18119.71
3983,18119.71
3984,17915.25
3985,17915.25
3986,17915.25
3987,17915.25
3988,17939.25
3989,17939.25
3990,17939.25
3991,17939.25
3992,18109.1
3993,18109.1
3994,18109.1
3995,18109.1
3996,18971.78
3997,18971.78
3998,18971.78
3999,18971.78
4000,19249.52
4001,19249.52
4002,19249.52
4003,19249.52
4004,19001.83
4005,19001.83
4006,19001.83
4007,19001.83
4008,18131.06
4009,18131.06
4010,18131.06
4011,18131.06
4012,18030.26
4013,18030.26
4014,18030.26
4015,18030.26
4016,17132.9
4017,17132.9
4018,17132.9
4019,17132.9
4020,17270.41
4021,17270.41
4022,17270.41
4023,17270.41
4024,17718.03
4025,17718.03
4026,17718.03
4027,17718.03
4028,17648.71
4029,17648.71
4030,17648.71
4031,17648.71
4032,17045.77
4033,17045.77
4034,17045.77
4035,17045.77
4036,16556.22
4037,16556.22
4038,16556.22
4039,16556.22
4040,16127.09
4041,16127.09
4042,16127.09
4043,16127.09
4044,15916.39
4045,15916.39
4046,15916.39
4047,15916.39
4048,15605.36
4049,15605.36
4050,15605.36
4051,15605.36
4052,15581.69
4053,15581.69
4054,15581.69
4055,15581.69
4056,15611.2
4057,15611.2
4058,15611.2
4059,15611.2
4060,16189.38
4061,16189.38
4062,16189.38
4063,16189.38
4064,16484.78
4065,16484.78
4066,16484.78
4067,16484.78
4068,17419.27
4069,17419.27
4070,17419.27
4071,17419.27
4072,17991.58
4073,17991.58
4074,17991.58
4075,17991.58
4076,18007.47
4077,18007.47
4078,18007.47
4079,18007.47
4080,17979.12
4081,17979.12
4082,17979.12
4083,17979.12
4084,17840.11
4085,17840.11
4086,17840.11
4087,17840.11
4088,18096.72
4089,18096.72
4090,18096.72
4091,18096.72
4092,18905.75
4093,18905.75
4094,18905.75
4095,18905.75
4096,19079.71
4097,19079.71
4098,19079.71
4099,19079.71
4100,18881.87
4101,18881.87
4102,18881.87
4103,18881.87
4104,18056.09
4105,18056.09
4106,18056.09
4107,18056.09
4108,18535.76
4109,18535.76
4110,18535.76
4111,18535.76
4112,17896.47
4113,17896.47
4114,17896.47
4115,17896.47
4116,17911.61
4117,17911.61
4118,17911.61
4119,17911.61
4120,18548.46
4121,18548.46
4122,18548.46
4123,18548.46
4124,18191.8
4125,18191.8
4126,18191.8
4127,18191.8
4128,17547.44
4129,17547.44
4130,17547.44
4131,17547.44
4132,16841.44
4133,16841.44
4134,16841.44
4135,16841.44
4136,16588.12
4137,16588.12
4138,16588.12
4139,16588.12
4140,16327.76
4141,16327.76
4142,16327.76
4143,16327.76
4144,16152.41
4145,16152.41
4146,16152.41
4147,16152.41
4148,16036.47
4149,16036.47
4150,16036.47
4151,16036.47
4152,16006.62
4153,16006.62
4154,16006.62
4155,16006.62
4156,16861.46
4157,16861.46
4158,16861.46
4159,16861.46
4160,16697.66
4161,16697.66
4162,16697.66
4163,16697.66
4164,17852.75
4165,17852.75
4166,17852.75
4167,17852.75
4168,18510.08
4169,18510.08
4170,18510.08
4171,18510.08
4172,18380.05
4173,18380.05
4174,18380.05
4175,18380.05
4176,18282.25
4177,18282.25
4178,18282.25
4179,18282.25
4180,18124.61
4181,18124.61
4182,18124.61
4183,18124.61
4184,18302.1
4185,18302.1
4186,18302.1
4187,18302.1
4188,19264.69
4189,19264.69
4190,19264.69
4191,19264.69
4192,19476.99
4193,19476.99
4194,19476.99
4195,19476.99
4196,18456.08
4197,18456.08
4198,18456.08
4199,18456.08
4200,17969.05
4201,17969.05
4202,17969.05
4203,17969.05
4204,17983.29
4205,17983.29
4206,17983.29
4207,17983.29
4208,17636.49
4209,17636.49
4210,17636.49
4211,17636.49
4212,17873.78
4213,17873.78
4214,17873.78
4215,17873.78
4216,18176.1
4217,18176.1
4218,18176.1
4219,18176.1
4220,17625.7
4221,17625.7
4222,17625.7
4223,17625.7
4224,17006.28
4225,17006.28
4226,17006.28
4227,17006.28
4228,16398.98
4229,16398.98
4230,16398.98
4231,16398.98
4232,16203.23
4233,16203.23
4234,16203.23
4235,16203.23
4236,15900.6
4237,15900.6
4238,15900.6
4239,15900.6
4240,15633.44
4241,15633.44
4242,15633.44
4243,15633.44
4244,15752.21
4245,15752.21
4246,15752.21
4247,15752.21
4248,15734.28
4249,15734.28
4250,15734.28
4251,15734.28
4252,16308.29
4253,16308.29
4254,16308.29
4255,16308.29
4256,16659.39
4257,16659.39
4258,16659.39
4259,16659.39
4260,17267.42
4261,17267.42
4262,17267.42
4263,17267.42
4264,17588.71
4265,17588.71
4266,17588.71
4267,17588.71
4268,17954.67
4269,17954.67
4270,17954.67
4271,17954.67
4272,17979.23
4273,17979.23
4274,17979.23
4275,17979.23
4276,17862.81
4277,17862.81
4278,17862.81
4279,17862.81
4280,18085.04
4281,18085.04
4282,18085.04
4283,18085.04
4284,19069.93
4285,19069.93
4286,19069.93
4287,19069.93
4288,18927.65
4289,18927.65
4290,18927.65
4291,18927.65
4292,18622.29
4293,18622.29
4294,18622.29
4295,18622.29
4296,17949.75
4297,17949.75
4298,17949.75
4299,17949.75
4300,18479.56
4301,18479.56
4302,18479.56
4303,18479.56
4304,17953.6
4305,17953.6
4306,17953.6
4307,17953.6
4308,18162.21
4309,18162.21
4310,18162.21
4311,18162.21
4312,18591.02
4313,18591.02
4314,18591.02
4315,18591.02
4316,18058.75
4317,18058.75
4318,18058.75
4319,18058.75
4320,17375.44
4321,17375.44
4322,17375.44
4323,17375.44
4324,16713.55
4325,16713.55
4326,16713.55
4327,16713.55
4328,16448.6
4329,16448.6
4330,16448.6
4331,16448.6
4332,16091.7
4333,16091.7
4334,16091.7
4335,16091.7
4336,15825.15
4337,15825.15
4338,15825.15
4339,15825.15
4340,15863.09
4341,15863.09
4342,15863.09
4343,15863.09
4344,15903.34
4345,15903.34
4346,15903.34
4347,15903.34
4348,16402.66
4349,16402.66
4350,16402.66
4351,16402.66
4352,16520.95
4353,16520.95
4354,16520.95
4355,16520.95
4356,17479.21
4357,17479.21
4358,17479.21
4359,17479.21
4360,17822.45
4361,17822.45
4362,17822.45
4363,17822.45
4364,18233.98
4365,18233.98
4366,18233.98
4367,18233.98
4368,18035.15
4369,18035.15
4370,18035.15
4371,18035.15
4372,18074.25
4373,18074.25
4374,18074.25
4375,18074.25
4376,18114.24
4377,18114.24
4378,18114.24
4379,18114.24
4380,18462.23
4381,18462.23
4382,18462.23
4383,18462.23
4384,18941.69
4385,18941.69
4386,18941.69
4387,18941.69
4388,18283.76
4389,18283.76
4390,18283.76
4391,18283.76
4392,17763.24
4393,17763.24
4394,17763.24
4395,17763.24
4396,17811.09
4397,17811.09
4398,17811.09
4399,17811.09
4400,17359.08
4401,17359.08
4402,17359.08
4403,17359.08
4404,17017.4
4405,17017.4
4406,17017.4
4407,17017.4
4408,17534.61
4409,17534.61
4410,17534.61
4411,17534.61
4412,17048.81
4413,17048.81
4414,17048.81
4415,17048.81
4416,16327.78
4417,16327.78
4418,16327.78
4419,16327.78
4420,15564.38
4421,15564.38
4422,15564.38
4423,15564.38
4424,14859.39
4425,14859.39
4426,14859.39
4427,14859.39
4428,14546.56
4429,14546.56
4430,14546.56
4431,14546.56
4432,14320.45
4433,14320.45
4434,14320.45
4435,14320.45
4436,14296.72
4437,14296.72
4438,14296.72
4439,14296.72
4440,14476.22
4441,14476.22
4442,14476.22
4443,14476.22
4444,14965.69
4445,14965.69
4446,14965.69
4447,14965.69
4448,15309.61
4449,15309.61
4450,15309.61
4451,15309.61
4452,16194.64
4453,16194.64
4454,16194.64
4455,16194.64
4456,15777.62
4457,15777.62
4458,15777.62
4459,15777.62
4460,15642.6
4461,15642.6
4462,15642.6
4463,15642.6
4464,15820.58
4465,15820.58
4466,15820.58
4467,15820.58
4468,15590.5
4469,15590.5
4470,15590.5
4471,15590.5
4472,15464.61
4473,15464.61
4474,15464.61
4475,15464.61
4476,15973.87
4477,15973.87
4478,15973.87
4479,15973.87
4480,16011.94
4481,16011.94
4482,16011.94
4483,16011.94
4484,15867.47
4485,15867.47
4486,15867.47
4487,15867.47
4488,16050.22
4489,16050.22
4490,16050.22
4491,16050.22
4492,16389.72
4493,16389.72
4494,16389.72
4495,16389.72
4496,15829.07
4497,15829.07
4498,15829.07
4499,15829.07
4500,15571.28
4501,15571.28
4502,15571.28
4503,15571.28
4504,15768.27
4505,15768.27
4506,15768.27
4507,15768.27
4508,15364.67
4509,15364.67
4510,15364.67
4511,15364.67
4512,14663.86
4513,14663.86
4514,14663.86
4515,14663.86
4516,14141.66
4517,14141.66
4518,14141.66
4519,14141.66
4520,13691.63
4521,13691.63
4522,13691.63
4523,13691.63
4524,13483.64
4525,13483.64
4526,13483.64
4527,13483.64
4528,13324.0
4529,13324.0
4530,13324.0
4531,13324.0
4532,13330.38
4533,13330.38
4534,13330.38
4535,13330.38
4536,13419.26
4537,13419.26
4538,13419.26
4539,13419.26
4540,13558.45
4541,13558.45
4542,13558.45
4543,13558.45
4544,13365.09
4545,13365.09
4546,13365.09
4547,13365.09
4548,13170.73
4549,13170.73
4550,13170.73
4551,13170.73
4552,13043.09
4553,13043.09
4554,13043.09
4555,13043.09
4556,13285.3
4557,13285.3
4558,13285.3
4559,13285.3
4560,13822.22
4561,13822.22
4562,13822.22
4563,13822.22
4564,13665.39
4565,13665.39
4566,13665.39
4567,13665.39
4568,13653.77
4569,13653.77
4570,13653.77
4571,13653.77
4572,14009.28
4573,14009.28
4574,14009.28
4575,14009.28
4576,13972.12
4577,13972.12
4578,13972.12
4579,13972.12
4580,13866.45
4581,13866.45
4582,13866.45
4583,13866.45
4584,13998.38
4585,13998.38
4586,13998.38
4587,13998.38
4588,14467.35
4589,14467.35
4590,14467.35
4591,14467.35
4592,14298.33
4593,14298.33
4594,14298.33
4595,14298.33
4596,14278.38
4597,14278.38
4598,14278.38
4599,14278.38
4600,14197.91
4601,14197.91
4602,14197.91
4603,14197.91
4604,14010.72
4605,14010.72
4606,14010.72
4607,14010.72
4608,13248.24
4609,13248.24
4610,13248.24
4611,13248.24
4612,12821.58
4613,12821.58
4614,12821.58
4615,12821.58
4616,12532.36
4617,12532.36
4618,12532.36
4619,12532.36
4620,12296.33
4621,12296.33
4622,12296.33
4623,12296.33
4624,12156.36
4625,12156.36
4626,12156.36
4627,12156.36
4628,12380.07
4629,12380.07
4630,12380.07
4631,12380.07
4632,12704.72
4633,12704.72
4634,12704.72
4635,12704.72
4636,13355.62
4637,13355.62
4638,13355.62
4639,13355.62
4640,13840.41
4641,13840.41
4642,13840.41
4643,13840.41
4644,14548.08
4645,14548.08
4646,14548.08
4647,14548.08
4648,14897.33
4649,14897.33
4650,14897.33
4651,14897.33
4652,14885.81
4653,14885.81
4654,14885.81
4655,14885.81
4656,14705.49
4657,14705.49
4658,14705.49
4659,14705.49
4660,14423.26
4661,14423.26
4662,14423.26
4663,14423.26
4664,14571.48
4665,14571.48
4666,14571.48
4667,14571.48
4668,15207.38
4669,15207.38
4670,15207.38
4671,15207.38
4672,15565.7
4673,15565.7
4674,15565.7
4675,15565.7
4676,15642.03
4677,15642.03
4678,15642.03
4679,15642.03
4680,15566.0
4681,15566.0
4682,15566.0
4683,15566.0
4684,16432.55
4685,16432.55
4686,16432.55
4687,16432.55
4688,15806.16
4689,15806.16
4690,15806.16
4691,15806.16
4692,15776.08
4693,15776.08
4694,15776.08
4695,15776.08
4696,15769.95
4697,15769.95
4698,15769.95
4699,15769.95
4700,14929.69
4701,14929.69
4702,14929.69
4703,14929.69
4704,14161.22
4705,14161.22
4706,14161.22
4707,14161.22
4708,13581.46
4709,13581.46
4710,13581.46
4711,13581.46
4712,13003.58
4713,13003.58
4714,13003.58
4715,13003.58
4716,12823.03
4717,12823.03
4718,12823.03
4719,12823.03
4720,12486.01
4721,12486.01
4722,12486.01
4723,12486.01
4724,12621.6
4725,12621.6
4726,12621.6
4727,12621.6
4728,12973.42
4729,12973.42
4730,12973.42
4731,12973.42
4732,13751.72
4733,13751.72
4734,13751.72
4735,13751.72
4736,14034.34
4737,14034.34
4738,14034.34
4739,14034.34
4740,14691.86
4741,14691.86
4742,14691.86
4743,14691.86
4744,14773.77
4745,14773.77
4746,14773.77
4747,14773.77
4748,14539.34
4749,14539.34
4750,14539.34
4751,14539.34
4752,14636.62
4753,14636.62
4754,14636.62
4755,14636.62
4756,14395.19
4757,14395.19
4758,14395.19
4759,14395.19
4760,14239.16
4761,14239.16
4762,14239.16
4763,14239.16
4764,15337.0
4765,15337.0
4766,15337.0
4767,15337.0
4768,15523.07
4769,15523.07
4770,15523.07
4771,15523.07
4772,15577.25
4773,15577.25
4774,15577.25
4775,15577.25
4776,15513.4
4777,15513.4
4778,15513.4
4779,15513.4
4780,15909.05
4781,15909.05
4782,15909.05
4783,15909.05
4784,15428.4
4785,15428.4
4786,15428.4
4787,15428.4
4788,15195.78
4789,15195.78
4790,15195.78
4791,15195.78
4792,15197.82
4793,15197.82
4794,15197.82
4795,15197.82
4796,14774.31
4797,14774.31
4798,14774.31
4799,14774.31
4800,14175.85
4801,14175.85
4802,14175.85
4803,14175.85
4804,13510.92
4805,13510.92
4806,13510.92
4807,13510.92
4808,13128.25
4809,13128.25
4810,13128.25
4811,13128.25
4812,12909.05
4813,12909.05
4814,12909.05
4815,12909.05
4816,12789.17
4817,12789.17
4818,12789.17
4819,12789.17
4820,12965.53
4821,12965.53
4822,12965.53
4823,12965.53
4824,13127.4
4825,13127.4
4826,13127.4
4827,13127.4
4828,13980.29
4829,13980.29
4830,13980.29
4831,13980.29
4832,14207.04
4833,14207.04
4834,14207.04
4835,14207.04
4836,14955.19
4837,14955.19
4838,14955.19
4839,14955.19
4840,15015.88
4841,15015.88
4842,15015.88
4843,15015.88
4844,14866.21
4845,14866.21
4846,14866.21
4847,14866.21
4848,14851.52
4849,14851.52
4850,14851.52
4851,14851.52
4852,14597.26
4853,14597.26
4854,14597.26
4855,14597.26
4856,14754.27
4857,14754.27
4858,14754.27
4859,14754.27
4860,15618.07
4861,15618.07
4862,15618.07
4863,15618.07
4864,16081.48
4865,16081.48
4866,16081.48
4867,16081.48
4868,16618.23
4869,16618.23
4870,16618.23
4871,16618.23
4872,16460.72
4873,16460.72
4874,16460.72
4875,16460.72
4876,17117.11
4877,17117.11
4878,17117.11
4879,17117.11
4880,16732.6
4881,16732.6
4882,16732.6
4883,16732.6
4884,16461.65
4885,16461.65
4886,16461.65
4887,16461.65
4888,16781.82
4889,16781.82
4890,16781.82
4891,16781.82
4892,16359.94
4893,16359.94
4894,16359.94
4895,16359.94
4896,15598.91
4897,15598.91
4898,15598.91
4899,15598.91
4900,14725.9
4901,14725.9
4902,14725.9
4903,14725.9
4904,14358.93
4905,14358.93
4906,14358.93
4907,14358.93
4908,14052.91
4909,14052.91
4910,14052.91
4911,14052.91
4912,13836.42
4913,13836.42
4914,13836.42
4915,13836.42
4916,13711.88
4917,13711.88
4918,13711.88
4919,13711.88
4920,14169.97
4921,14169.97
4922,14169.97
4923,14169.97
4924,15108.17
4925,15108.17
4926,15108.17
4927,15108.17
4928,15294.99
4929,15294.99
4930,15294.99
4931,15294.99
4932,15362.65
4933,15362.65
4934,15362.65
4935,15362.65
4936,15514.1
4937,15514.1
4938,15514.1
4939,15514.1
4940,15687.38
4941,15687.38
4942,15687.38
4943,15687.38
4944,16423.56
4945,16423.56
4946,16423.56
4947,16423.56
4948,15362.88
4949,15362.88
4950,15362.88
4951,15362.88
4952,15289.31
4953,15289.31
4954,15289.31
4955,15289.31
4956,15769.55
4957,15769.55
4958,15769.55
4959,15769.55
4960,16501.81
4961,16501.81
4962,16501.81
4963,16501.81
4964,16952.54
4965,16952.54
4966,16952.54
4967,16952.54
4968,16666.8
4969,16666.8
4970,16666.8
4971,16666.8
4972,17467.79
4973,17467.79
4974,17467.79
4975,17467.79
4976,17157.17
4977,17157.17
4978,17157.17
4979,17157.17
4980,16952.58
4981,16952.58
4982,16952.58
4983,16952.58
4984,17252.0
4985,17252.0
4986,17252.0
4987,17252.0
4988,16919.93
4989,16919.93
4990,16919.93
4991,16919.93
4992,16100.09
4993,16100.09
4994,16100.09
4995,16100.09
4996,15379.04
4997,15379.04
4998,15379.04
4999,15379.04
5000,14684.06
5001,14684.06
5002,14684.06
5003,14684.06
5004,14246.0
5005,14246.0
5006,14246.0
5007,14246.0
5008,13982.84
5009,13982.84
5010,13982.84
5011,13982.84
5012,13963.64
5013,13963.64
5014,13963.64
5015,13963.64
5016,14362.26
5017,14362.26
5018,14362.26
5019,14362.26
5020,15647.04
5021,15647.04
5022,15647.04
5023,15647.04
5024,15373.93
5025,15373.93
5026,15373.93
5027,15373.93
5028,16890.88
5029,16890.88
5030,16890.88
5031,16890.88
5032,16977.8
5033,16977.8
5034,16977.8
5035,16977.8
5036,16868.32
5037,16868.32
5038,16868.32
5039,16868.32
5040,17008.18
5041,17008.18
5042,17008.18
5043,17008.18
5044,16662.47
5045,16662.47
5046,16662.47
5047,16662.47
5048,16530.71
5049,16530.71
5050,16530.71
5051,16530.71
5052,17292.95
5053,17292.95
5054,17292.95
5055,17292.95
5056,17645.65
5057,17645.65
5058,17645.65
5059,17645.65
5060,17235.71
5061,17235.71
5062,17235.71
5063,17235.71
5064,16801.96
5065,16801.96
5066,16801.96
5067,16801.96
5068,16806.6
5069,16806.6
5070,16806.6
5071,16806.6
5072,15996.64
5073,15996.64
5074,15996.64
5075,15996.64
5076,15216.34
5077,15216.34
5078,15216.34
5079,15216.34
5080,15751.65
5081,15751.65
5082,15751.65
5083,15751.65
5084,15752.0
5085,15752.0
5086,15752.0
5087,15752.0
5088,15463.24
5089,15463.24
5090,15463.24
5091,15463.24
5092,14931.29
5093,14931.29
5094,14931.29
5095,14931.29
5096,14386.56
5097,14386.56
5098,14386.56
5099,14386.56
5100,14121.07
5101,14121.07
5102,14121.07
5103,14121.07
5104,13715.38
5105,13715.38
5106,13715.38
5107,13715.38
5108,13769.57
5109,13769.57
5110,13769.57
5111,13769.57
5112,14018.42
5113,14018.42
5114,14018.42
5115,14018.42
5116,14356.51
5117,14356.51
5118,14356.51
5119,14356.51
5120,14781.11
5121,14781.11
5122,14781.11
5123,14781.11
5124,15294.26
5125,15294.26
5126,15294.26
5127,15294.26
5128,15396.44
5129,15396.44
5130,15396.44
5131,15396.44
5132,15617.35
5133,15617.35
5134,15617.35
5135,15617.35
5136,15703.42
5137,15703.42
5138,15703.42
5139,15703.42
5140,14891.86
5141,14891.86
5142,14891.86
5143,14891.86
5144,14890.14
5145,14890.14
5146,14890.14
5147,14890.14
5148,15614.02
5149,15614.02
5150,15614.02
5151,15614.02
5152,15560.07
5153,15560.07
5154,15560.07
5155,15560.07
5156,16731.52
5157,16731.52
5158,16731.52
5159,16731.52
5160,15586.05
5161,15586.05
5162,15586.05
5163,15586.05
5164,15905.8
5165,15905.8
5166,15905.8
5167,15905.8
5168,15820.71
5169,15820.71
5170,15820.71
5171,15820.71
5172,15812.27
5173,15812.27
5174,15812.27
5175,15812.27
5176,16133.32
5177,16133.32
5178,16133.32
5179,16133.32
5180,15793.56
5181,15793.56
5182,15793.56
5183,15793.56
5184,14744.89
5185,14744.89
5186,14744.89
5187,14744.89
5188,14421.41
5189,14421.41
5190,14421.41
5191,14421.41
5192,13813.39
5193,13813.39
5194,13813.39
5195,13813.39
5196,13475.0
5197,13475.0
5198,13475.0
5199,13475.0
5200,13335.98
5201,13335.98
5202,13335.98
5203,13335.98
5204,13381.29
5205,13381.29
5206,13381.29
5207,13381.29
5208,13335.1
5209,13335.1
5210,13335.1
5211,13335.1
5212,13784.02
5213,13784.02
5214,13784.02
5215,13784.02
5216,13744.27
5217,13744.27
5218,13744.27
5219,13744.27
5220,13903.09
5221,13903.09
5222,13903.09
5223,13903.09
5224,13807.47
5225,13807.47
5226,13807.47
5227,13807.47
5228,13852.33
5229,13852.33
5230,13852.33
5231,13852.33
5232,12596.26
5233,12596.26
5234,12596.26
5235,12596.26
5236,12516.9
5237,12516.9
5238,12516.9
5239,12516.9
5240,12350.89
5241,12350.89
5242,12350.89
5243,12350.89
5244,12377.54
5245,12377.54
5246,12377.54
5247,12377.54
5248,12393.44
5249,12393.44
5250,12393.44
5251,12393.44
5252,12849.35
5253,12849.35
5254,12849.35
5255,12849.35
5256,12990.33
5257,12990.33
5258,12990.33
5259,12990.33
5260,13593.4
5261,13593.4
5262,13593.4
5263,13593.4
5264,13050.46
5265,13050.46
5266,13050.46
5267,13050.46
5268,13440.73
5269,13440.73
5270,13440.73
5271,13440.73
5272,13615.96
5273,13615.96
5274,13615.96
5275,13615.96
5276,13159.33
5277,13159.33
5278,13159.33
5279,13159.33
5280,12455.59
5281,12455.59
5282,12455.59
5283,12455.59
5284,11847.46
5285,11847.46
5286,11847.46
5287,11847.46
5288,11805.49
5289,11805.49
5290,11805.49
5291,11805.49
5292,11362.55
5293,11362.55
5294,11362.55
5295,11362.55
5296,11065.74
5297,11065.74
5298,11065.74
5299,11065.74
5300,11023.41
5301,11023.41
5302,11023.41
5303,11023.41
5304,12043.74
5305,12043.74
5306,12043.74
5307,12043.74
5308,12928.15
5309,12928.15
5310,12928.15
5311,12928.15
5312,13708.59
5313,13708.59
5314,13708.59
5315,13708.59
5316,14094.66
5317,14094.66
5318,14094.66
5319,14094.66
5320,14010.0
5321,14010.0
5322,14010.0
5323,14010.0
5324,14200.06
5325,14200.06
5326,14200.06
5327,14200.06
5328,14271.59
5329,14271.59
5330,14271.59
5331,14271.59
5332,14795.88
5333,14795.88
5334,14795.88
5335,14795.88
5336,13535.68
5337,13535.68
5338,13535.68
5339,13535.68
5340,13564.47
5341,13564.47
5342,13564.47
5343,13564.47
5344,14734.24
5345,14734.24
5346,14734.24
5347,14734.24
5348,14330.87
5349,14330.87
5350,14330.87
5351,14330.87
5352,14884.21
5353,14884.21
5354,14884.21
5355,14884.21
5356,15360.09
5357,15360.09
5358,15360.09
5359,15360.09
5360,14918.54
5361,14918.54
5362,14918.54
5363,14918.54
5364,14914.86
5365,14914.86
5366,14914.86
5367,14914.86
5368,14823.33
5369,14823.33
5370,14823.33
5371,14823.33
5372,14391.46
5373,14391.46
5374,14391.46
5375,14391.46
5376,13478.26
5377,13478.26
5378,13478.26
5379,13478.26
5380,12889.19
5381,12889.19
5382,12889.19
5383,12889.19
5384,12497.79
5385,12497.79
5386,12497.79
5387,12497.79
5388,12059.38
5389,12059.38
5390,12059.38
5391,12059.38
5392,11973.87
5393,11973.87
5394,11973.87
5395,11973.87
5396,12167.58
5397,12167.58
5398,12167.58
5399,12167.58
5400,12529.48
5401,12529.48
5402,12529.48
5403,12529.48
5404,13635.59
5405,13635.59
5406,13635.59
5407,13635.59
5408,14060.64
5409,14060.64
5410,14060.64
5411,14060.64
5412,15048.35
5413,15048.35
5414,15048.35
5415,15048.35
5416,14930.23
5417,14930.23
5418,14930.23
5419,14930.23
5420,14707.05
5421,14707.05
5422,14707.05
5423,14707.05
5424,14951.34
5425,14951.34
5426,14951.34
5427,14951.34
5428,14466.03
5429,14466.03
5430,14466.03
5431,14466.03
5432,14493.09
5433,14493.09
5434,14493.09
5435,14493.09
5436,15199.05
5437,15199.05
5438,15199.05
5439,15199.05
5440,15360.65
5441,15360.65
5442,15360.65
5443,15360.65
5444,15680.13
5445,15680.13
5446,15680.13
5447,15680.13
5448,15802.33
5449,15802.33
5450,15802.33
5451,15802.33
5452,16421.79
5453,16421.79
5454,16421.79
5455,16421.79
5456,15777.99
5457,15777.99
5458,15777.99
5459,15777.99
5460,15651.88
5461,15651.88
5462,15651.88
5463,15651.88
5464,15607.93
5465,15607.93
5466,15607.93
5467,15607.93
5468,15176.86
5469,15176.86
5470,15176.86
5471,15176.86
5472,14146.7
5473,14146.7
5474,14146.7
5475,14146.7
5476,13724.94
5477,13724.94
5478,13724.94
5479,13724.94
5480,13181.8
5481,13181.8
5482,13181.8
5483,13181.8
5484,13006.2
5485,13006.2
5486,13006.2
5487,13006.2
5488,12714.26
5489,12714.26
5490,12714.26
5491,12714.26
5492,12871.21
5493,12871.21
5494,12871.21
5495,12871.21
5496,13559.66
5497,13559.66
5498,13559.66
5499,13559.66
5500,14376.64
5501,14376.64
5502,14376.64
5503,14376.64
5504,14003.59
5505,14003.59
5506,14003.59
5507,14003.59
5508,14801.31
5509,14801.31
5510,14801.31
5511,14801.31
5512,14542.79
5513,14542.79
5514,14542.79
5515,14542.79
5516,15203.36
5517,15203.36
5518,15203.36
5519,15203.36
5520,14648.41
5521,14648.41
5522,14648.41
5523,14648.41
5524,14767.58
5525,14767.58
5526,14767.58
5527,14767.58
5528,14732.04
5529,14732.04
5530,14732.04
5531,14732.04
5532,15216.79
5533,15216.79
5534,15216.79
5535,15216.79
5536,15695.4
5537,15695.4
5538,15695.4
5539,15695.4
5540,15560.39
5541,15560.39
5542,15560.39
5543,15560.39
5544,16567.49
5545,16567.49
5546,16567.49
5547,16567.49
5548,16144.61
5549,16144.61
5550,16144.61
5551,16144.61
5552,15724.46
5553,15724.46
5554,15724.46
5555,15724.46
5556,15497.12
5557,15497.12
5558,15497.12
5559,15497.12
5560,15555.94
5561,15555.94
5562,15555.94
5563,15555.94
5564,15281.57
5565,15281.57
5566,15281.57
5567,15281.57
5568,14583.98
5569,14583.98
5570,14583.98
5571,14583.98
5572,13812.51
5573,13812.51
5574,13812.51
5575,13812.51
5576,13281.31
5577,13281.31
5578,13281.31
5579,13281.31
5580,13072.36
5581,13072.36
5582,13072.36
5583,13072.36
5584,13059.66
5585,13059.66
5586,13059.66
5587,13059.66
5588,13128.29
5589,13128.29
5590,13128.29
5591,13128.29
5592,13441.54
5593,13441.54
5594,13441.54
5595,13441.54
5596,14314.44
5597,14314.44
5598,14314.44
5599,14314.44
5600,14477.6
5601,14477.6
5602,14477.6
5603,14477.6
5604,15375.24
5605,15375.24
5606,15375.24
5607,15375.24
5608,15766.86
5609,15766.86
5610,15766.86
5611,15766.86
5612,15542.52
5613,15542.52
5614,15542.52
5615,15542.52
5616,15477.57
5617,15477.57
5618,15477.57
5619,15477.57
5620,15169.91
5621,15169.91
5622,15169.91
5623,15169.91
5624,15445.77
5625,15445.77
5626,15445.77
5627,15445.77
5628,16378.7
5629,16378.7
5630,16378.7
5631,16378.7
5632,16376.62
5633,16376.62
5634,16376.62
5635,16376.62
5636,15778.08
5637,15778.08
5638,15778.08
5639,15778.08
5640,15889.87
5641,15889.87
5642,15889.87
5643,15889.87
5644,16229.43
5645,16229.43
5646,16229.43
5647,16229.43
5648,16158.97
5649,16158.97
5650,16158.97
5651,16158.97
5652,15881.9
5653,15881.9
5654,15881.9
5655,15881.9
5656,16003.45
5657,16003.45
5658,16003.45
5659,16003.45
5660,15476.56
5661,15476.56
5662,15476.56
5663,15476.56
5664,14598.45
5665,14598.45
5666,14598.45
5667,14598.45
5668,13964.96
5669,13964.96
5670,13964.96
5671,13964.96
5672,13508.79
5673,13508.79
5674,13508.79
5675,13508.79
5676,13327.81
5677,13327.81
5678,13327.81
5679,13327.81
5680,13056.1
5681,13056.1
5682,13056.1
5683,13056.1
5684,13029.67
5685,13029.67
5686,13029.67
5687,13029.67
5688,13574.92
5689,13574.92
5690,13574.92
5691,13574.92
5692,14659.92
5693,14659.92
5694,14659.92
5695,14659.92
5696,15136.17
5697,15136.17
5698,15136.17
5699,15136.17
5700,16310.0
5701,16310.0
5702,16310.0
5703,16310.0
5704,16546.58
5705,16546.58
5706,16546.58
5707,16546.58
5708,16437.94
5709,16437.94
5710,16437.94
5711,16437.94
5712,16123.42
5713,16123.42
5714,16123.42
5715,16123.42
5716,16084.45
5717,16084.45
5718,16084.45
5719,16084.45
5720,15623.27
5721,15623.27
5722,15623.27
5723,15623.27
5724,15884.09
5725,15884.09
5726,15884.09
5727,15884.09
5728,16013.8
5729,16013.8
5730,16013.8
5731,16013.8
5732,16029.78
5733,16029.78
5734,16029.78
5735,16029.78
5736,15296.73
5737,15296.73
5738,15296.73
5739,15296.73
5740,15737.25
5741,15737.25
5742,15737.25
5743,15737.25
5744,15277.99
5745,15277.99
5746,15277.99
5747,15277.99
5748,15089.14
5749,15089.14
5750,15089.14
5751,15089.14
5752,15172.91
5753,15172.91
5754,15172.91
5755,15172.91
5756,14383.05
5757,14383.05
5758,14383.05
5759,14383.05
5760,13490.81
5761,13490.81
5762,13490.81
5763,13490.81
5764,13167.32
5765,13167.32
5766,13167.32
5767,13167.32
5768,12898.1
5769,12898.1
5770,12898.1
5771,12898.1
5772,12419.61
5773,12419.61
5774,12419.61
5775,12419.61
5776,12299.99
5777,12299.99
5778,12299.99
5779,12299.99
5780,12354.56
5781,12354.56
5782,12354.56
5783,12354.56
5784,12834.6
5785,12834.6
5786,12834.6
5787,12834.6
5788,14057.25
5789,14057.25
5790,14057.25
5791,14057.25
5792,14534.22
5793,14534.22
5794,14534.22
5795,14534.22
5796,15487.75
5797,15487.75
5798,15487.75
5799,15487.75
5800,15669.08
5801,15669.08
5802,15669.08
5803,15669.08
5804,15703.73
5805,15703.73
5806,15703.73
5807,15703.73
5808,15817.68
5809,15817.68
5810,15817.68
5811,15817.68
5812,15621.13
5813,15621.13
5814,15621.13
5815,15621.13
5816,15738.4
5817,15738.4
5818,15738.4
5819,15738.4
5820,16257.93
5821,16257.93
5822,16257.93
5823,16257.93
5824,16985.1
5825,16985.1
5826,16985.1
5827,16985.1
5828,17132.88
5829,17132.88
5830,17132.88
5831,17132.88
5832,16641.05
5833,16641.05
5834,16641.05
5835,16641.05
5836,17079.7
5837,17079.7
5838,17079.7
5839,17079.7
5840,16659.75
5841,16659.75
5842,16659.75
5843,16659.75
5844,16308.59
5845,16308.59
5846,16308.59
5847,16308.59
5848,16353.57
5849,16353.57
5850,16353.57
5851,16353.57
5852,16070.75
5853,16070.75
5854,16070.75
5855,16070.75
5856,15302.9
5857,15302.9
5858,15302.9
5859,15302.9
5860,15113.27
5861,15113.27
5862,15113.27
5863,15113.27
5864,15113.27
5865,15113.27
5866,15113.27
5867,15113.27
5868,14052.36
5869,14052.36
5870,14052.36
5871,14052.36
5872,13859.3
5873,13859.3
5874,13859.3
5875,13859.3
5876,13533.87
5877,13533.87
5878,13533.87
5879,13533.87
5880,13705.7
5881,13705.7
5882,13705.7
5883,13705.7
5884,13869.12
5885,13869.12
5886,13869.12
5887,13869.12
5888,13497.94
5889,13497.94
5890,13497.94
5891,13497.94
5892,13329.92
5893,13329.92
5894,13329.92
5895,13329.92
5896,13151.38
5897,13151.38
5898,13151.38
5899,13151.38
5900,13099.5
5901,13099.5
5902,13099.5
5903,13099.5
5904,13046.49
5905,13046.49
5906,13046.49
5907,13046.49
5908,13069.91
5909,13069.91
5910,13069.91
5911,13069.91
5912,13300.03
5913,13300.03
5914,13300.03
5915,13300.03
5916,13798.78
5917,13798.78
5918,13798.78
5919,13798.78
5920,14332.27
5921,14332.27
5922,14332.27
5923,14332.27
5924,14996.96
5925,14996.96
5926,14996.96
5927,14996.96
5928,14850.33
5929,14850.33
5930,14850.33
5931,14850.33
5932,15052.88
5933,15052.88
5934,15052.88
5935,15052.88
5936,14839.15
5937,14839.15
5938,14839.15
5939,14839.15
5940,15169.46
5941,15169.46
5942,15169.46
5943,15169.46
5944,15586.23
5945,15586.23
5946,15586.23
5947,15586.23
5948,15311.87
5949,15311.87
5950,15311.87
5951,15311.87
5952,14526.66
5953,14526.66
5954,14526.66
5955,14526.66
5956,14013.34
5957,14013.34
5958,14013.34
5959,14013.34
5960,13694.39
5961,13694.39
5962,13694.39
5963,13694.39
5964,13440.3
5965,13440.3
5966,13440.3
5967,13440.3
5968,13461.07
5969,13461.07
5970,13461.07
5971,13461.07
5972,13612.59
5973,13612.59
5974,13612.59
5975,13612.59
5976,14237.05
5977,14237.05
5978,14237.05
5979,14237.05
5980,15382.94
5981,15382.94
5982,15382.94
5983,15382.94
5984,15182.42
5985,15182.42
5986,15182.42
5987,15182.42
5988,15436.88
5989,15436.88
5990,15436.88
5991,15436.88
5992,15919.22
5993,15919.22
5994,15919.22
5995,15919.22
5996,16949.14
5997,16949.14
5998,16949.14
5999,16949.14
6000,16808.33
6001,16808.33
6002,16808.33
6003,16808.33
6004,16812.52
6005,16812.52
6006,16812.52
6007,16812.52
6008,16988.38
6009,16988.38
6010,16988.38
6011,16988.38
6012,18486.61
6013,18486.61
6014,18486.61
6015,18486.61
6016,17916.18
6017,17916.18
6018,17916.18
6019,17916.18
6020,16578.24
6021,16578.24
6022,16578.24
6023,16578.24
6024,15852.07
6025,15852.07
6026,15852.07
6027,15852.07
6028,17825.73
6029,17825.73
6030,17825.73
6031,17825.73
6032,17381.07
6033,17381.07
6034,17381.07
6035,17381.07
6036,17469.71
6037,17469.71
6038,17469.71
6039,17469.71
6040,17826.84
6041,17826.84
6042,17826.84
6043,17826.84
6044,17502.2
6045,17502.2
6046,17502.2
6047,17502.2
6048,16671.15
6049,16671.15
6050,16671.15
6051,16671.15
6052,16049.93
6053,16049.93
6054,16049.93
6055,16049.93
6056,15699.3
6057,15699.3
6058,15699.3
6059,15699.3
6060,15215.95
6061,15215.95
6062,15215.95
6063,15215.95
6064,15192.84
6065,15192.84
6066,15192.84
6067,15192.84
6068,15191.73
6069,15191.73
6070,15191.73
6071,15191.73
6072,15472.97
6073,15472.97
6074,15472.97
6075,15472.97
6076,16526.4
6077,16526.4
6078,16526.4
6079,16526.4
6080,16311.2
6081,16311.2
6082,16311.2
6083,16311.2
6084,16940.69
6085,16940.69
6086,16940.69
6087,16940.69
6088,17635.85
6089,17635.85
6090,17635.85
6091,17635.85
6092,17489.9
6093,17489.9
6094,17489.9
6095,17489.9
6096,17568.85
6097,17568.85
6098,17568.85
6099,17568.85
6100,17604.55
6101,17604.55
6102,17604.55
6103,17604.55
6104,17851.14
6105,17851.14
6106,17851.14
6107,17851.14
6108,17108.34
6109,17108.34
6110,17108.34
6111,17108.34
6112,18061.54
6113,18061.54
6114,18061.54
6115,18061.54
6116,18496.62
6117,18496.62
6118,18496.62
6119,18496.62
6120,17988.3
6121,17988.3
6122,17988.3
6123,17988.3
6124,18147.88
6125,18147.88
6126,18147.88
6127,18147.88
6128,17540.51
6129,17540.51
6130,17540.51
6131,17540.51
6132,17542.56
6133,17542.56
6134,17542.56
6135,17542.56
6136,18003.0
6137,18003.0
6138,18003.0
6139,18003.0
6140,17830.21
6141,17830.21
6142,17830.21
6143,17830.21
6144,17089.58
6145,17089.58
6146,17089.58
6147,17089.58
6148,16447.81
6149,16447.81
6150,16447.81
6151,16447.81
6152,15796.77
6153,15796.77
6154,15796.77
6155,15796.77
6156,15446.07
6157,15446.07
6158,15446.07
6159,15446.07
6160,15107.9
6161,15107.9
6162,15107.9
6163,15107.9
6164,15300.6
6165,15300.6
6166,15300.6
6167,15300.6
6168,15608.27
6169,15608.27
6170,15608.27
6171,15608.27
6172,16510.61
6173,16510.61
6174,16510.61
6175,16510.61
6176,16327.18
6177,16327.18
6178,16327.18
6179,16327.18
6180,16545.0
6181,16545.0
6182,16545.0
6183,16545.0
6184,17069.14
6185,17069.14
6186,17069.14
6187,17069.14
6188,17280.47
6189,17280.47
6190,17280.47
6191,17280.47
6192,17334.74
6193,17334.74
6194,17334.74
6195,17334.74
6196,16699.17
6197,16699.17
6198,16699.17
6199,16699.17
6200,17185.01
6201,17185.01
6202,17185.01
6203,17185.01
6204,17084.28
6205,17084.28
6206,17084.28
6207,17084.28
6208,18109.37
6209,18109.37
6210,18109.37
6211,18109.37
6212,18634.08
6213,18634.08
6214,18634.08
6215,18634.08
6216,18473.95
6217,18473.95
6218,18473.95
6219,18473.95
6220,18554.33
6221,18554.33
6222,18554.33
6223,18554.33
6224,17907.19
6225,17907.19
6226,17907.19
6227,17907.19
6228,17983.74
6229,17983.74
6230,17983.74
6231,17983.74
6232,18473.48
6233,18473.48
6234,18473.48
6235,18473.48
6236,18217.44
6237,18217.44
6238,18217.44
6239,18217.44
6240,17105.31
6241,17105.31
6242,17105.31
6243,17105.31
6244,16548.88
6245,16548.88
6246,16548.88
6247,16548.88
6248,16110.71
6249,16110.71
6250,16110.71
6251,16110.71
6252,15661.78
6253,15661.78
6254,15661.78
6255,15661.78
6256,15663.28
6257,15663.28
6258,15663.28
6259,15663.28
6260,15777.45
6261,15777.45
6262,15777.45
6263,15777.45
6264,16027.95
6265,16027.95
6266,16027.95
6267,16027.95
6268,17045.05
6269,17045.05
6270,17045.05
6271,17045.05
6272,16652.16
6273,16652.16
6274,16652.16
6275,16652.16
6276,17077.21
6277,17077.21
6278,17077.21
6279,17077.21
6280,17419.82
6281,17419.82
6282,17419.82
6283,17419.82
6284,17532.16
6285,17532.16
6286,17532.16
6287,17532.16
6288,17491.07
6289,17491.07
6290,17491.07
6291,17491.07
6292,17297.57
6293,17297.57
6294,17297.57
6295,17297.57
6296,17158.25
6297,17158.25
6298,17158.25
6299,17158.25
6300,17761.06
6301,17761.06
6302,17761.06
6303,17761.06
6304,18517.4
6305,18517.4
6306,18517.4
6307,18517.4
6308,18895.06
6309,18895.06
6310,18895.06
6311,18895.06
6312,18448.48
6313,18448.48
6314,18448.48
6315,18448.48
6316,18728.27
6317,18728.27
6318,18728.27
6319,18728.27
6320,18178.71
6321,18178.71
6322,18178.71
6323,18178.71
6324,18246.45
6325,18246.45
6326,18246.45
6327,18246.45
6328,18719.37
6329,18719.37
6330,18719.37
6331,18719.37
6332,18176.31
6333,18176.31
6334,18176.31
6335,18176.31
6336,17594.96
6337,17594.96
6338,17594.96
6339,17594.96
6340,16844.16
6341,16844.16
6342,16844.16
6343,16844.16
6344,16486.63
6345,16486.63
6346,16486.63
6347,16486.63
6348,16137.52
6349,16137.52
6350,16137.52
6351,16137.52
6352,16135.82
6353,16135.82
6354,16135.82
6355,16135.82
6356,16314.32
6357,16314.32
6358,16314.32
6359,16314.32
6360,16432.69
6361,16432.69
6362,16432.69
6363,16432.69
6364,17158.32
6365,17158.32
6366,17158.32
6367,17158.32
6368,16770.23
6369,16770.23
6370,16770.23
6371,16770.23
6372,17312.26
6373,17312.26
6374,17312.26
6375,17312.26
6376,17802.71
6377,17802.71
6378,17802.71
6379,17802.71
6380,18164.36
6381,18164.36
6382,18164.36
6383,18164.36
6384,18275.48
6385,18275.48
6386,18275.48
6387,18275.48
6388,18137.66
6389,18137.66
6390,18137.66
6391,18137.66
6392,17830.84
6393,17830.84
6394,17830.84
6395,17830.84
6396,19029.19
6397,19029.19
6398,19029.19
6399,19029.19
6400,19780.19
6401,19780.19
6402,19780.19
6403,19780.19
6404,19746.47
6405,19746.47
6406,19746.47
6407,19746.47
6408,18953.59
6409,18953.59
6410,18953.59
6411,18953.59
6412,19123.49
6413,19123.49
6414,19123.49
6415,19123.49
6416,18599.48
6417,18599.48
6418,18599.48
6419,18599.48
6420,18570.33
6421,18570.33
6422,18570.33
6423,18570.33
6424,18829.87
6425,18829.87
6426,18829.87
6427,18829.87
6428,18371.62
6429,18371.62
6430,18371.62
6431,18371.62
6432,17588.99
6433,17588.99
6434,17588.99
6435,17588.99
6436,16835.29
6437,16835.29
6438,16835.29
6439,16835.29
6440,16342.79
6441,16342.79
6442,16342.79
6443,16342.79
6444,15972.0
6445,15972.0
6446,15972.0
6447,15972.0
6448,15874.1
6449,15874.1
6450,15874.1
6451,15874.1
6452,16086.05
6453,16086.05
6454,16086.05
6455,16086.05
6456,15853.67
6457,15853.67
6458,15853.67
6459,15853.67
6460,16265.08
6461,16265.08
6462,16265.08
6463,16265.08
6464,15895.87
6465,15895.87
6466,15895.87
6467,15895.87
6468,16385.47
6469,16385.47
6470,16385.47
6471,16385.47
6472,16647.81
6473,16647.81
6474,16647.81
6475,16647.81
6476,16546.98
6477,16546.98
6478,16546.98
6479,16546.98
6480,16824.75
6481,16824.75
6482,16824.75
6483,16824.75
6484,16729.48
6485,16729.48
6486,16729.48
6487,16729.48
6488,16864.97
6489,16864.97
6490,16864.97
6491,16864.97
6492,17919.63
6493,17919.63
6494,17919.63
6495,17919.63
6496,18546.01
6497,18546.01
6498,18546.01
6499,18546.01
6500,18726.08
6501,18726.08
6502,18726.08
6503,18726.08
6504,17701.38
6505,17701.38
6506,17701.38
6507,17701.38
6508,17582.38
6509,17582.38
6510,17582.38
6511,17582.38
6512,17023.15
6513,17023.15
6514,17023.15
6515,17023.15
6516,17016.43
6517,17016.43
6518,17016.43
6519,17016.43
6520,17398.2
6521,17398.2
6522,17398.2
6523,17398.2
6524,17413.55
6525,17413.55
6526,17413.55
6527,17413.55
6528,16649.69
6529,16649.69
6530,16649.69
6531,16649.69
6532,16385.43
6533,16385.43
6534,16385.43
6535,16385.43
6536,15816.16
6537,15816.16
6538,15816.16
6539,15816.16
6540,15508.49
6541,15508.49
6542,15508.49
6543,15508.49
6544,15186.21
6545,15186.21
6546,15186.21
6547,15186.21
6548,15254.47
6549,15254.47
6550,15254.47
6551,15254.47
6552,15059.9
6553,15059.9
6554,15059.9
6555,15059.9
6556,14961.23
6557,14961.23
6558,14961.23
6559,14961.23
6560,14183.44
6561,14183.44
6562,14183.44
6563,14183.44
6564,14183.17
6565,14183.17
6566,14183.17
6567,14183.17
6568,14270.13
6569,14270.13
6570,14270.13
6571,14270.13
6572,14096.35
6573,14096.35
6574,14096.35
6575,14096.35
6576,14146.87
6577,14146.87
6578,14146.87
6579,14146.87
6580,14317.37
6581,14317.37
6582,14317.37
6583,14317.37
6584,14522.73
6585,14522.73
6586,14522.73
6587,14522.73
6588,14652.84
6589,14652.84
6590,14652.84
6591,14652.84
6592,14312.43
6593,14312.43
6594,14312.43
6595,14312.43
6596,14566.34
6597,14566.34
6598,14566.34
6599,14566.34
6600,13953.42
6601,13953.42
6602,13953.42
6603,13953.42
6604,13947.24
6605,13947.24
6606,13947.24
6607,13947.24
6608,14984.53
6609,14984.53
6610,14984.53
6611,14984.53
6612,15184.54
6613,15184.54
6614,15184.54
6615,15184.54
6616,15838.97
6617,15838.97
6618,15838.97
6619,15838.97
6620,15538.34
6621,15538.34
6622,15538.34
6623,15538.34
6624,14721.15
6625,14721.15
6626,14721.15
6627,14721.15
6628,14395.12
6629,14395.12
6630,14395.12
6631,14395.12
6632,13893.51
6633,13893.51
6634,13893.51
6635,13893.51
6636,13654.33
6637,13654.33
6638,13654.33
6639,13654.33
6640,13503.05
6641,13503.05
6642,13503.05
6643,13503.05
6644,13500.61
6645,13500.61
6646,13500.61
6647,13500.61
6648,13991.82
6649,13991.82
6650,13991.82
6651,13991.82
6652,15211.78
6653,15211.78
6654,15211.78
6655,15211.78
6656,15166.96
6657,15166.96
6658,15166.96
6659,15166.96
6660,15314.45
6661,15314.45
6662,15314.45
6663,15314.45
6664,15837.72
6665,15837.72
6666,15837.72
6667,15837.72
6668,15600.1
6669,15600.1
6670,15600.1
6671,15600.1
6672,15922.28
6673,15922.28
6674,15922.28
6675,15922.28
6676,15754.86
6677,15754.86
6678,15754.86
6679,15754.86
6680,15590.43
6681,15590.43
6682,15590.43
6683,15590.43
6684,17417.99
6685,17417.99
6686,17417.99
6687,17417.99
6688,17390.48
6689,17390.48
6690,17390.48
6691,17390.48
6692,17470.04
6693,17470.04
6694,17470.04
6695,17470.04
6696,16893.13
6697,16893.13
6698,16893.13
6699,16893.13
6700,17286.54
6701,17286.54
6702,17286.54
6703,17286.54
6704,16811.02
6705,16811.02
6706,16811.02
6707,16811.02
6708,16500.59
6709,16500.59
6710,16500.59
6711,16500.59
6712,16850.04
6713,16850.04
6714,16850.04
6715,16850.04
6716,16684.2
6717,16684.2
6718,16684.2
6719,16684.2
6720,15557.69
6721,15557.69
6722,15557.69
6723,15557.69
6724,14769.98
6725,14769.98
6726,14769.98
6727,14769.98
6728,14534.32
6729,14534.32
6730,14534.32
6731,14534.32
6732,13993.54
6733,13993.54
6734,13993.54
6735,13993.54
6736,13758.69
6737,13758.69
6738,13758.69
6739,13758.69
6740,13793.52
6741,13793.52
6742,13793.52
6743,13793.52
6744,14411.64
6745,14411.64
6746,14411.64
6747,14411.64
6748,15436.37
6749,15436.37
6750,15436.37
6751,15436.37
6752,15104.81
6753,15104.81
6754,15104.81
6755,15104.81
6756,15196.98
6757,15196.98
6758,15196.98
6759,15196.98
6760,15712.93
6761,15712.93
6762,15712.93
6763,15712.93
6764,15929.93
6765,15929.93
6766,15929.93
6767,15929.93
6768,15966.7
6769,15966.7
6770,15966.7
6771,15966.7
6772,15656.46
6773,15656.46
6774,15656.46
6775,15656.46
6776,16265.57
6777,16265.57
6778,16265.57
6779,16265.57
6780,17040.46
6781,17040.46
6782,17040.46
6783,17040.46
6784,17188.35
6785,17188.35
6786,17188.35
6787,17188.35
6788,16822.04
6789,16822.04
6790,16822.04
6791,16822.04
6792,16585.39
6793,16585.39
6794,16585.39
6795,16585.39
6796,16881.61
6797,16881.61
6798,16881.61
6799,16881.61
6800,15981.55
6801,15981.55
6802,15981.55
6803,15981.55
6804,16051.98
6805,16051.98
6806,16051.98
6807,16051.98
6808,16253.58
6809,16253.58
6810,16253.58
6811,16253.58
6812,16010.89
6813,16010.89
6814,16010.89
6815,16010.89
6816,15302.37
6817,15302.37
6818,15302.37
6819,15302.37
6820,14692.92
6821,14692.92
6822,14692.92
6823,14692.92
6824,14237.49
6825,14237.49
6826,14237.49
6827,14237.49
6828,13898.48
6829,13898.48
6830,13898.48
6831,13898.48
6832,13727.13
6833,13727.13
6834,13727.13
6835,13727.13
6836,13820.44
6837,13820.44
6838,13820.44
6839,13820.44
6840,14446.0
6841,14446.0
6842,14446.0
6843,14446.0
6844,15569.56
6845,15569.56
6846,15569.56
6847,15569.56
6848,15342.7
6849,15342.7
6850,15342.7
6851,15342.7
6852,15226.73
6853,15226.73
6854,15226.73
6855,15226.73
6856,15080.87
6857,15080.87
6858,15080.87
6859,15080.87
6860,15642.83
6861,15642.83
6862,15642.83
6863,15642.83
6864,15940.02
6865,15940.02
6866,15940.02
6867,15940.02
6868,15571.21
6869,15571.21
6870,15571.21
6871,15571.21
6872,15461.53
6873,15461.53
6874,15461.53
6875,15461.53
6876,16079.61
6877,16079.61
6878,16079.61
6879,16079.61
6880,16437.15
6881,16437.15
6882,16437.15
6883,16437.15
6884,17125.1
6885,17125.1
6886,17125.1
6887,17125.1
6888,16640.03
6889,16640.03
6890,16640.03
6891,16640.03
6892,16913.54
6893,16913.54
6894,16913.54
6895,16913.54
6896,16439.43
6897,16439.43
6898,16439.43
6899,16439.43
6900,16205.44
6901,16205.44
6902,16205.44
6903,16205.44
6904,16154.04
6905,16154.04
6906,16154.04
6907,16154.04
6908,15474.57
6909,15474.57
6910,15474.57
6911,15474.57
6912,14708.2
6913,14708.2
6914,14708.2
6915,14708.2
6916,14108.11
6917,14108.11
6918,14108.11
6919,14108.11
6920,13779.17
6921,13779.17
6922,13779.17
6923,13779.17
6924,13405.64
6925,13405.64
6926,13405.64
6927,13405.64
6928,13310.36
6929,13310.36
6930,13310.36
6931,13310.36
6932,13573.91
6933,13573.91
6934,13573.91
6935,13573.91
6936,13977.1
6937,13977.1
6938,13977.1
6939,13977.1
6940,15196.83
6941,15196.83
6942,15196.83
6943,15196.83
6944,15049.4
6945,15049.4
6946,15049.4
6947,15049.4
6948,15127.87
6949,15127.87
6950,15127.87
6951,15127.87
6952,15119.09
6953,15119.09
6954,15119.09
6955,15119.09
6956,15521.87
6957,15521.87
6958,15521.87
6959,15521.87
6960,15283.56
6961,15283.56
6962,15283.56
6963,15283.56
6964,15295.16
6965,15295.16
6966,15295.16
6967,15295.16
6968,15011.34
6969,15011.34
6970,15011.34
6971,15011.34
6972,15905.0
6973,15905.0
6974,15905.0
6975,15905.0
6976,16261.01
6977,16261.01
6978,16261.01
6979,16261.01
6980,16697.52
6981,16697.52
6982,16697.52
6983,16697.52
6984,16616.76
6985,16616.76
6986,16616.76
6987,16616.76
6988,16759.47
6989,16759.47
6990,16759.47
6991,16759.47
6992,16087.82
6993,16087.82
6994,16087.82
6995,16087.82
6996,16054.82
6997,16054.82
6998,16054.82
6999,16054.82
7000,16293.81
7001,16293.81
7002,16293.81
7003,16293.81
7004,15595.23
7005,15595.23
7006,15595.23
7007,15595.23
7008,14339.09
7009,14339.09
7010,14339.09
7011,14339.09
7012,14042.49
7013,14042.49
7014,14042.49
7015,14042.49
7016,13893.58
7017,13893.58
7018,13893.58
7019,13893.58
7020,13669.06
7021,13669.06
7022,13669.06
7023,13669.06
7024,13558.63
7025,13558.63
7026,13558.63
7027,13558.63
7028,13904.25
7029,13904.25
7030,13904.25
7031,13904.25
7032,14509.04
7033,14509.04
7034,14509.04
7035,14509.04
7036,15718.64
7037,15718.64
7038,15718.64
7039,15718.64
7040,15340.53
7041,15340.53
7042,15340.53
7043,15340.53
7044,15410.96
7045,15410.96
7046,15410.96
7047,15410.96
7048,16035.32
7049,16035.32
7050,16035.32
7051,16035.32
7052,16251.58
7053,16251.58
7054,16251.58
7055,16251.58
7056,16154.46
7057,16154.46
7058,16154.46
7059,16154.46
7060,16167.37
7061,16167.37
7062,16167.37
7063,16167.37
7064,15935.72
7065,15935.72
7066,15935.72
7067,15935.72
7068,16434.85
7069,16434.85
7070,16434.85
7071,16434.85
7072,16712.91
7073,16712.91
7074,16712.91
7075,16712.91
7076,16685.8
7077,16685.8
7078,16685.8
7079,16685.8
7080,16338.25
7081,16338.25
7082,16338.25
7083,16338.25
7084,16895.58
7085,16895.58
7086,16895.58
7087,16895.58
7088,16192.67
7089,16192.67
7090,16192.67
7091,16192.67
7092,15930.78
7093,15930.78
7094,15930.78
7095,15930.78
7096,16213.49
7097,16213.49
7098,16213.49
7099,16213.49
7100,15645.16
7101,15645.16
7102,15645.16
7103,15645.16
7104,15011.41
7105,15011.41
7106,15011.41
7107,15011.41
7108,14191.11
7109,14191.11
7110,14191.11
7111,14191.11
7112,13967.27
7113,13967.27
7114,13967.27
7115,13967.27
7116,13449.46
7117,13449.46
7118,13449.46
7119,13449.46
7120,13609.3
7121,13609.3
7122,13609.3
7123,13609.3
7124,13700.32
7125,13700.32
7126,13700.32
7127,13700.32
7128,14372.94
7129,14372.94
7130,14372.94
7131,14372.94
7132,14745.85
7133,14745.85
7134,14745.85
7135,14745.85
7136,14717.74
7137,14717.74
7138,14717.74
7139,14717.74
7140,15412.5
7141,15412.5
7142,15412.5
7143,15412.5
7144,16018.7
7145,16018.7
7146,16018.7
7147,16018.7
7148,16471.92
7149,16471.92
7150,16471.92
7151,16471.92
7152,16104.73
7153,16104.73
7154,16104.73
7155,16104.73
7156,15961.92
7157,15961.92
7158,15961.92
7159,15961.92
7160,15761.74
7161,15761.74
7162,15761.74
7163,15761.74
7164,16516.74
7165,16516.74
7166,16516.74
7167,16516.74
7168,16698.64
7169,16698.64
7170,16698.64
7171,16698.64
7172,16449.62
7173,16449.62
7174,16449.62
7175,16449.62
7176,15842.07
7177,15842.07
7178,15842.07
7179,15842.07
7180,16179.8
7181,16179.8
7182,16179.8
7183,16179.8
7184,15803.03
7185,15803.03
7186,15803.03
7187,15803.03
7188,15591.61
7189,15591.61
7190,15591.61
7191,15591.61
7192,15796.72
7193,15796.72
7194,15796.72
7195,15796.72
7196,15844.77
7197,15844.77
7198,15844.77
7199,15844.77
7200,15192.76
7201,15192.76
7202,15192.76
7203,15192.76
7204,14601.7
7205,14601.7
7206,14601.7
7207,14601.7
7208,14157.02
7209,14157.02
7210,14157.02
7211,14157.02
7212,13739.02
7213,13739.02
7214,13739.02
7215,13739.02
7216,13729.53
7217,13729.53
7218,13729.53
7219,13729.53
7220,13703.63
7221,13703.63
7222,13703.63
7223,13703.63
7224,13580.13
7225,13580.13
7226,13580.13
7227,13580.13
7228,13886.87
7229,13886.87
7230,13886.87
7231,13886.87
7232,13612.26
7233,13612.26
7234,13612.26
7235,13612.26
7236,13871.2
7237,13871.2
7238,13871.2
7239,13871.2
7240,13815.31
7241,13815.31
7242,13815.31
7243,13815.31
7244,13706.31
7245,13706.31
7246,13706.31
7247,13706.31
7248,13960.33
7249,13960.33
7250,13960.33
7251,13960.33
7252,13819.46
7253,13819.46
7254,13819.46
7255,13819.46
7256,13597.98
7257,13597.98
7258,13597.98
7259,13597.98
7260,13965.49
7261,13965.49
7262,13965.49
7263,13965.49
7264,14202.49
7265,14202.49
7266,14202.49
7267,14202.49
7268,14441.1
7269,14441.1
7270,14441.1
7271,14441.1
7272,14561.17
7273,14561.17
7274,14561.17
7275,14561.17
7276,15073.04
7277,15073.04
7278,15073.04
7279,15073.04
7280,14750.53
7281,14750.53
7282,14750.53
7283,14750.53
7284,15071.19
7285,15071.19
7286,15071.19
7287,15071.19
7288,15064.77
7289,15064.77
7290,15064.77
7291,15064.77
7292,14597.69
7293,14597.69
7294,14597.69
7295,14597.69
7296,13984.79
7297,13984.79
7298,13984.79
7299,13984.79
7300,13356.03
7301,13356.03
7302,13356.03
7303,13356.03
7304,12900.88
7305,12900.88
7306,12900.88
7307,12900.88
7308,12833.6
7309,12833.6
7310,12833.6
7311,12833.6
7312,12622.46
7313,12622.46
7314,12622.46
7315,12622.46
7316,13042.49
7317,13042.49
7318,13042.49
7319,13042.49
7320,13702.77
7321,13702.77
7322,13702.77
7323,13702.77
7324,15149.36
7325,15149.36
7326,15149.36
7327,15149.36
7328,15455.34
7329,15455.34
7330,15455.34
7331,15455.34
7332,15606.93
7333,15606.93
7334,15606.93
7335,15606.93
7336,16046.77
7337,16046.77
7338,16046.77
7339,16046.77
7340,16426.52
7341,16426.52
7342,16426.52
7343,16426.52
7344,16167.45
7345,16167.45
7346,16167.45
7347,16167.45
7348,15875.3
7349,15875.3
7350,15875.3
7351,15875.3
7352,15654.5
7353,15654.5
7354,15654.5
7355,15654.5
7356,16369.21
7357,16369.21
7358,16369.21
7359,16369.21
7360,16947.09
7361,16947.09
7362,16947.09
7363,16947.09
7364,17013.12
7365,17013.12
7366,17013.12
7367,17013.12
7368,16788.07
7369,16788.07
7370,16788.07
7371,16788.07
7372,17313.13
7373,17313.13
7374,17313.13
7375,17313.13
7376,16665.72
7377,16665.72
7378,16665.72
7379,16665.72
7380,16654.52
7381,16654.52
7382,16654.52
7383,16654.52
7384,16910.58
7385,16910.58
7386,16910.58
7387,16910.58
7388,16677.16
7389,16677.16
7390,16677.16
7391,16677.16
7392,15797.12
7393,15797.12
7394,15797.12
7395,15797.12
7396,14986.87
7397,14986.87
7398,14986.87
7399,14986.87
7400,14743.69
7401,14743.69
7402,14743.69
7403,14743.69
7404,14356.27
7405,14356.27
7406,14356.27
7407,14356.27
7408,14086.18
7409,14086.18
7410,14086.18
7411,14086.18
7412,14339.38
7413,14339.38
7414,14339.38
7415,14339.38
7416,14874.96
7417,14874.96
7418,14874.96
7419,14874.96
7420,16434.72
7421,16434.72
7422,16434.72
7423,16434.72
7424,16446.68
7425,16446.68
7426,16446.68
7427,16446.68
7428,16557.27
7429,16557.27
7430,16557.27
7431,16557.27
7432,16222.67
7433,16222.67
7434,16222.67
7435,16222.67
7436,16474.0
7437,16474.0
7438,16474.0
7439,16474.0
7440,15333.92
7441,15333.92
7442,15333.92
7443,15333.92
7444,15178.78
7445,15178.78
7446,15178.78
7447,15178.78
7448,15883.24
7449,15883.24
7450,15883.24
7451,15883.24
7452,16300.91
7453,16300.91
7454,16300.91
7455,16300.91
7456,17324.55
7457,17324.55
7458,17324.55
7459,17324.55
7460,17264.41
7461,17264.41
7462,17264.41
7463,17264.41
7464,17635.33
7465,17635.33
7466,17635.33
7467,17635.33
7468,18283.78
7469,18283.78
7470,18283.78
7471,18283.78
7472,17749.46
7473,17749.46
7474,17749.46
7475,17749.46
7476,17640.29
7477,17640.29
7478,17640.29
7479,17640.29
7480,18032.94
7481,18032.94
7482,18032.94
7483,18032.94
7484,17420.54
7485,17420.54
7486,17420.54
7487,17420.54
7488,16685.34
7489,16685.34
7490,16685.34
7491,16685.34
7492,15885.42
7493,15885.42
7494,15885.42
7495,15885.42
7496,15546.71
7497,15546.71
7498,15546.71
7499,15546.71
7500,15169.97
7501,15169.97
7502,15169.97
7503,15169.97
7504,15152.41
7505,15152.41
7506,15152.41
7507,15152.41
7508,15343.64
7509,15343.64
7510,15343.64
7511,15343.64
7512,15698.6
7513,15698.6
7514,15698.6
7515,15698.6
7516,16999.88
7517,16999.88
7518,16999.88
7519,16999.88
7520,16908.82
7521,16908.82
7522,16908.82
7523,16908.82
7524,17226.9
7525,17226.9
7526,17226.9
7527,17226.9
7528,17462.37
7529,17462.37
7530,17462.37
7531,17462.37
7532,17495.42
7533,17495.42
7534,17495.42
7535,17495.42
7536,17162.63
7537,17162.63
7538,17162.63
7539,17162.63
7540,17018.69
7541,17018.69
7542,17018.69
7543,17018.69
7544,17262.6
7545,17262.6
7546,17262.6
7547,17262.6
7548,17813.95
7549,17813.95
7550,17813.95
7551,17813.95
7552,18230.7
7553,18230.7
7554,18230.7
7555,18230.7
7556,18940.23
7557,18940.23
7558,18940.23
7559,18940.23
7560,18255.92
7561,18255.92
7562,18255.92
7563,18255.92
7564,18491.48
7565,18491.48
7566,18491.48
7567,18491.48
7568,18165.41
7569,18165.41
7570,18165.41
7571,18165.41
7572,18159.04
7573,18159.04
7574,18159.04
7575,18159.04
7576,18504.3
7577,18504.3
7578,18504.3
7579,18504.3
7580,17905.9
7581,17905.9
7582,17905.9
7583,17905.9
7584,17104.22
7585,17104.22
7586,17104.22
7587,17104.22
7588,16473.09
7589,16473.09
7590,16473.09
7591,16473.09
7592,16110.22
7593,16110.22
7594,16110.22
7595,16110.22
7596,15573.36
7597,15573.36
7598,15573.36
7599,15573.36
7600,15578.13
7601,15578.13
7602,15578.13
7603,15578.13
7604,15733.85
7605,15733.85
7606,15733.85
7607,15733.85
7608,16019.32
7609,16019.32
7610,16019.32
7611,16019.32
7612,17641.55
7613,17641.55
7614,17641.55
7615,17641.55
7616,17270.25
7617,17270.25
7618,17270.25
7619,17270.25
7620,17422.32
7621,17422.32
7622,17422.32
7623,17422.32
7624,17065.07
7625,17065.07
7626,17065.07
7627,17065.07
7628,17352.61
7629,17352.61
7630,17352.61
7631,17352.61
7632,17143.94
7633,17143.94
7634,17143.94
7635,17143.94
7636,16584.22
7637,16584.22
7638,16584.22
7639,16584.22
7640,16858.96
7641,16858.96
7642,16858.96
7643,16858.96
7644,17672.54
7645,17672.54
7646,17672.54
7647,17672.54
7648,18072.14
7649,18072.14
7650,18072.14
7651,18072.14
7652,18538.39
7653,18538.39
7654,18538.39
7655,18538.39
7656,18455.88
7657,18455.88
7658,18455.88
7659,18455.88
7660,19095.24
7661,19095.24
7662,19095.24
7663,19095.24
7664,18633.18
7665,18633.18
7666,18633.18
7667,18633.18
7668,18477.42
7669,18477.42
7670,18477.42
7671,18477.42
7672,18855.75
7673,18855.75
7674,18855.75
7675,18855.75
7676,18271.45
7677,18271.45
7678,18271.45
7679,18271.45
7680,17591.72
7681,17591.72
7682,17591.72
7683,17591.72
7684,16859.2
7685,16859.2
7686,16859.2
7687,16859.2
7688,16439.85
7689,16439.85
7690,16439.85
7691,16439.85
7692,16068.16
7693,16068.16
7694,16068.16
7695,16068.16
7696,15968.82
7697,15968.82
7698,15968.82
7699,15968.82
7700,16126.6
7701,16126.6
7702,16126.6
7703,16126.6
7704,16448.44
7705,16448.44
7706,16448.44
7707,16448.44
7708,17675.06
7709,17675.06
7710,17675.06
7711,17675.06
7712,17371.15
7713,17371.15
7714,17371.15
7715,17371.15
7716,17456.61
7717,17456.61
7718,17456.61
7719,17456.61
7720,17817.7
7721,17817.7
7722,17817.7
7723,17817.7
7724,18198.76
7725,18198.76
7726,18198.76
7727,18198.76
7728,18085.04
7729,18085.04
7730,18085.04
7731,18085.04
7732,17430.88
7733,17430.88
7734,17430.88
7735,17430.88
7736,17625.43
7737,17625.43
7738,17625.43
7739,17625.43
7740,18769.61
7741,18769.61
7742,18769.61
7743,18769.61
7744,19174.92
7745,19174.92
7746,19174.92
7747,19174.92
7748,19561.54
7749,19561.54
7750,19561.54
7751,19561.54
7752,19052.91
7753,19052.91
7754,19052.91
7755,19052.91
7756,19321.22
7757,19321.22
7758,19321.22
7759,19321.22
7760,18702.21
7761,18702.21
7762,18702.21
7763,18702.21
7764,18789.63
7765,18789.63
7766,18789.63
7767,18789.63
7768,18389.4
7769,18389.4
7770,18389.4
7771,18389.4
7772,17983.22
7773,17983.22
7774,17983.22
7775,17983.22
7776,17358.45
7777,17358.45
7778,17358.45
7779,17358.45
7780,16746.61
7781,16746.61
7782,16746.61
7783,16746.61
7784,16253.3
7785,16253.3
7786,16253.3
7787,16253.3
7788,16062.24
7789,16062.24
7790,16062.24
7791,16062.24
7792,15765.3
7793,15765.3
7794,15765.3
7795,15765.3
7796,15846.18
7797,15846.18
7798,15846.18
7799,15846.18
7800,16079.08
7801,16079.08
7802,16079.08
7803,16079.08
7804,17136.71
7805,17136.71
7806,17136.71
7807,17136.71
7808,16972.41
7809,16972.41
7810,16972.41
7811,16972.41
7812,17464.71
7813,17464.71
7814,17464.71
7815,17464.71
7816,15885.89
7817,15885.89
7818,15885.89
7819,15885.89
7820,16077.08
7821,16077.08
7822,16077.08
7823,16077.08
7824,15492.38
7825,15492.38
7826,15492.38
7827,15492.38
7828,15449.51
7829,15449.51
7830,15449.51
7831,15449.51
7832,15039.57
7833,15039.57
7834,15039.57
7835,15039.57
7836,16261.19
7837,16261.19
7838,16261.19
7839,16261.19
7840,16934.03
7841,16934.03
7842,16934.03
7843,16934.03
7844,17116.04
7845,17116.04
7846,17116.04
7847,17116.04
7848,18092.86
7849,18092.86
7850,18092.86
7851,18092.86
7852,18663.42
7853,18663.42
7854,18663.42
7855,18663.42
7856,18431.1
7857,18431.1
7858,18431.1
7859,18431.1
7860,18109.17
7861,18109.17
7862,18109.17
7863,18109.17
7864,18380.67
7865,18380.67
7866,18380.67
7867,18380.67
7868,18123.03
7869,18123.03
7870,18123.03
7871,18123.03
7872,17238.82
7873,17238.82
7874,17238.82
7875,17238.82
7876,16911.74
7877,16911.74
7878,16911.74
7879,16911.74
7880,16483.24
7881,16483.24
7882,16483.24
7883,16483.24
7884,16145.81
7885,16145.81
7886,16145.81
7887,16145.81
7888,15828.41
7889,15828.41
7890,15828.41
7891,15828.41
7892,15729.91
7893,15729.91
7894,15729.91
7895,15729.91
7896,15607.08
7897,15607.08
7898,15607.08
7899,15607.08
7900,15753.12
7901,15753.12
7902,15753.12
7903,15753.12
7904,15393.36
7905,15393.36
7906,15393.36
7907,15393.36
7908,15863.3
7909,15863.3
7910,15863.3
7911,15863.3
7912,15794.38
7913,15794.38
7914,15794.38
7915,15794.38
7916,16070.36
7917,16070.36
7918,16070.36
7919,16070.36
7920,15934.38
7921,15934.38
7922,15934.38
7923,15934.38
7924,15808.19
7925,15808.19
7926,15808.19
7927,15808.19
7928,16115.96
7929,16115.96
7930,16115.96
7931,16115.96
7932,16291.39
7933,16291.39
7934,16291.39
7935,16291.39
7936,16352.93
7937,16352.93
7938,16352.93
7939,16352.93
7940,15701.58
7941,15701.58
7942,15701.58
7943,15701.58
7944,15537.18
7945,15537.18
7946,15537.18
7947,15537.18
7948,15719.02
7949,15719.02
7950,15719.02
7951,15719.02
7952,15145.12
7953,15145.12
7954,15145.12
7955,15145.12
7956,15395.7
7957,15395.7
7958,15395.7
7959,15395.7
7960,15227.07
7961,15227.07
7962,15227.07
7963,15227.07
7964,15030.82
7965,15030.82
7966,15030.82
7967,15030.82
7968,14340.6
7969,14340.6
7970,14340.6
7971,14340.6
7972,13773.83
7973,13773.83
7974,13773.83
7975,13773.83
7976,13449.15
7977,13449.15
7978,13449.15
7979,13449.15
7980,13235.56
7981,13235.56
7982,13235.56
7983,13235.56
7984,13272.04
7985,13272.04
7986,13272.04
7987,13272.04
7988,13242.54
7989,13242.54
7990,13242.54
7991,13242.54
7992,13886.41
7993,13886.41
7994,13886.41
7995,13886.41
7996,15663.59
7997,15663.59
7998,15663.59
7999,15663.59
8000,15878.81
8001,15878.81
8002,15878.81
8003,15878.81
8004,16000.08
8005,16000.08
8006,16000.08
8007,16000.08
8008,16268.48
8009,16268.48
8010,16268.48
8011,16268.48
8012,16384.22
8013,16384.22
8014,16384.22
8015,16384.22
8016,16601.43
8017,16601.43
8018,16601.43
8019,16601.43
8020,16259.33
8021,16259.33
8022,16259.33
8023,16259.33
8024,16401.88
8025,16401.88
8026,16401.88
8027,16401.88
8028,17012.54
8029,17012.54
8030,17012.54
8031,17012.54
8032,17127.41
8033,17127.41
8034,17127.41
8035,17127.41
8036,17694.74
8037,17694.74
8038,17694.74
8039,17694.74
8040,17221.89
8041,17221.89
8042,17221.89
8043,17221.89
8044,17971.77
8045,17971.77
8046,17971.77
8047,17971.77
8048,17495.08
8049,17495.08
8050,17495.08
8051,17495.08
8052,17273.22
8053,17273.22
8054,17273.22
8055,17273.22
8056,17431.75
8057,17431.75
8058,17431.75
8059,17431.75
8060,16973.43
8061,16973.43
8062,16973.43
8063,16973.43
8064,16055.93
8065,16055.93
8066,16055.93
8067,16055.93
8068,15529.66
8069,15529.66
8070,15529.66
8071,15529.66
8072,14670.91
8073,14670.91
8074,14670.91
8075,14670.91
8076,14432.6
8077,14432.6
8078,14432.6
8079,14432.6
8080,14403.31
8081,14403.31
8082,14403.31
8083,14403.31
8084,14448.93
8085,14448.93
8086,14448.93
8087,14448.93
8088,15326.97
8089,15326.97
8090,15326.97
8091,15326.97
8092,16819.03
8093,16819.03
8094,16819.03
8095,16819.03
8096,16558.44
8097,16558.44
8098,16558.44
8099,16558.44
8100,16595.61
8101,16595.61
8102,16595.61
8103,16595.61
8104,16677.42
8105,16677.42
8106,16677.42
8107,16677.42
8108,16700.62
8109,16700.62
8110,16700.62
8111,16700.62
8112,16114.28
8113,16114.28
8114,16114.28
8115,16114.28
8116,16056.96
8117,16056.96
8118,16056.96
8119,16056.96
8120,15861.44
8121,15861.44
8122,15861.44
8123,15861.44
8124,16419.85
8125,16419.85
8126,16419.85
8127,16419.85
8128,17049.65
8129,17049.65
8130,17049.65
8131,17049.65
8132,17178.95
8133,17178.95
8134,17178.95
8135,17178.95
8136,17733.29
8137,17733.29
8138,17733.29
8139,17733.29
8140,18261.09
8141,18261.09
8142,18261.09
8143,18261.09
8144,17713.88
8145,17713.88
8146,17713.88
8147,17713.88
8148,17554.85
8149,17554.85
8150,17554.85
8151,17554.85
8152,17821.81
8153,17821.81
8154,17821.81
8155,17821.81
8156,17352.99
8157,17352.99
8158,17352.99
8159,17352.99
8160,16431.38
8161,16431.38
8162,16431.38
8163,16431.38
8164,15912.25
8165,15912.25
8166,15912.25
8167,15912.25
8168,15534.88
8169,15534.88
8170,15534.88
8171,15534.88
8172,15340.11
8173,15340.11
8174,15340.11
8175,15340.11
8176,15193.58
8177,15193.58
8178,15193.58
8179,15193.58
8180,15484.78
8181,15484.78
8182,15484.78
8183,15484.78
8184,16285.69
8185,16285.69
8186,16285.69
8187,16285.69
8188,17343.66
8189,17343.66
8190,17343.66
8191,17343.66
8192,17582.17
8193,17582.17
8194,17582.17
8195,17582.17
8196,17397.66
8197,17397.66
8198,17397.66
8199,17397.66
8200,17605.37
8201,17605.37
8202,17605.37
8203,17605.37
8204,17034.71
8205,17034.71
8206,17034.71
8207,17034.71
8208,17527.43
8209,17527.43
8210,17527.43
8211,17527.43
8212,17149.19
8213,17149.19
8214,17149.19
8215,17149.19
8216,16813.75
8217,16813.75
8218,16813.75
8219,16813.75
8220,17972.37
8221,17972.37
8222,17972.37
8223,17972.37
8224,17517.26
8225,17517.26
8226,17517.26
8227,17517.26
8228,18034.96
8229,18034.96
8230,18034.96
8231,18034.96
8232,17630.61
8233,17630.61
8234,17630.61
8235,17630.61
8236,18127.64
8237,18127.64
8238,18127.64
8239,18127.64
8240,17580.03
8241,17580.03
8242,17580.03
8243,17580.03
8244,17247.88
8245,17247.88
8246,17247.88
8247,17247.88
8248,17675.79
8249,17675.79
8250,17675.79
8251,17675.79
8252,17214.13
8253,17214.13
8254,17214.13
8255,17214.13
8256,16466.21
8257,16466.21
8258,16466.21
8259,16466.21
8260,16089.34
8261,16089.34
8262,16089.34
8263,16089.34
8264,15695.99
8265,15695.99
8266,15695.99
8267,15695.99
8268,15166.15
8269,15166.15
8270,15166.15
8271,15166.15
8272,15196.6
8273,15196.6
8274,15196.6
8275,15196.6
8276,15297.1
8277,15297.1
8278,15297.1
8279,15297.1
8280,16022.37
8281,16022.37
8282,16022.37
8283,16022.37
8284,17415.1
8285,17415.1
8286,17415.1
8287,17415.1
8288,17343.95
8289,17343.95
8290,17343.95
8291,17343.95
8292,17532.96
8293,17532.96
8294,17532.96
8295,17532.96
8296,17292.94
8297,17292.94
8298,17292.94
8299,17292.94
8300,17453.12
8301,17453.12
8302,17453.12
8303,17453.12
8304,16972.43
8305,16972.43
8306,16972.43
8307,16972.43
8308,16831.2
8309,16831.2
8310,16831.2
8311,16831.2
8312,16735.28
8313,16735.28
8314,16735.28
8315,16735.28
8316,17713.69
8317,17713.69
8318,17713.69
8319,17713.69
8320,18281.96
8321,18281.96
8322,18281.96
8323,18281.96
8324,18036.95
8325,18036.95
8326,18036.95
8327,18036.95
8328,18072.55
8329,18072.55
8330,18072.55
8331,18072.55
8332,18494.35
8333,18494.35
8334,18494.35
8335,18494.35
8336,18073.76
8337,18073.76
8338,18073.76
8339,18073.76
8340,17919.17
8341,17919.17
8342,17919.17
8343,17919.17
8344,18188.44
8345,18188.44
8346,18188.44
8347,18188.44
8348,17790.14
8349,17790.14
8350,17790.14
8351,17790.14
8352,16903.24
8353,16903.24
8354,16903.24
8355,16903.24
8356,16280.77
8357,16280.77
8358,16280.77
8359,16280.77
8360,15902.11
8361,15902.11
8362,15902.11
8363,15902.11
8364,15469.0
8365,15469.0
8366,15469.0
8367,15469.0
8368,15398.21
8369,15398.21
8370,15398.21
8371,15398.21
8372,15768.65
8373,15768.65
8374,15768.65
8375,15768.65
8376,16129.06
8377,16129.06
8378,16129.06
8379,16129.06
8380,17587.13
8381,17587.13
8382,17587.13
8383,17587.13
8384,17235.02
8385,17235.02
8386,17235.02
8387,17235.02
8388,17314.54
8389,17314.54
8390,17314.54
8391,17314.54
8392,17613.28
8393,17613.28
8394,17613.28
8395,17613.28
8396,17675.49
8397,17675.49
8398,17675.49
8399,17675.49
8400,17595.84
8401,17595.84
8402,17595.84
8403,17595.84
8404,17193.84
8405,17193.84
8406,17193.84
8407,17193.84
8408,17176.26
8409,17176.26
8410,17176.26
8411,17176.26
8412,18067.29
8413,18067.29
8414,18067.29
8415,18067.29
8416,18824.39
8417,18824.39
8418,18824.39
8419,18824.39
8420,18476.7
8421,18476.7
8422,18476.7
8423,18476.7
8424,18259.55
8425,18259.55
8426,18259.55
8427,18259.55
8428,18713.84
8429,18713.84
8430,18713.84
8431,18713.84
8432,18100.13
8433,18100.13
8434,18100.13
8435,18100.13
8436,18170.46
8437,18170.46
8438,18170.46
8439,18170.46
8440,18394.43
8441,18394.43
8442,18394.43
8443,18394.43
8444,17996.67
8445,17996.67
8446,17996.67
8447,17996.67
8448,17022.13
8449,17022.13
8450,17022.13
8451,17022.13
8452,16650.54
8453,16650.54
8454,16650.54
8455,16650.54
8456,16219.21
8457,16219.21
8458,16219.21
8459,16219.21
8460,16103.05
8461,16103.05
8462,16103.05
8463,16103.05
8464,16089.41
8465,16089.41
8466,16089.41
8467,16089.41
8468,16108.96
8469,16108.96
8470,16108.96
8471,16108.96
8472,16232.48
8473,16232.48
8474,16232.48
8475,16232.48
8476,17169.11
8477,17169.11
8478,17169.11
8479,17169.11
8480,17062.49
8481,17062.49
8482,17062.49
8483,17062.49
8484,17427.17
8485,17427.17
8486,17427.17
8487,17427.17
8488,17898.65
8489,17898.65
8490,17898.65
8491,17898.65
8492,17945.48
8493,17945.48
8494,17945.48
8495,17945.48
8496,18011.56
8497,18011.56
8498,18011.56
8499,18011.56
8500,17897.99
8501,17897.99
8502,17897.99
8503,17897.99
8504,18026.9
8505,18026.9
8506,18026.9
8507,18026.9
8508,18560.35
8509,18560.35
8510,18560.35
8511,18560.35
8512,19034.47
8513,19034.47
8514,19034.47
8515,19034.47
8516,18527.61
8517,18527.61
8518,18527.61
8519,18527.61
8520,18307.39
8521,18307.39
8522,18307.39
8523,18307.39
8524,18410.38
8525,18410.38
8526,18410.38
8527,18410.38
8528,17815.19
8529,17815.19
8530,17815.19
8531,17815.19
8532,17725.22
8533,17725.22
8534,17725.22
8535,17725.22
8536,17924.88
8537,17924.88
8538,17924.88
8539,17924.88
8540,17734.58
8541,17734.58
8542,17734.58
8543,17734.58
8544,16973.54
8545,16973.54
8546,16973.54
8547,16973.54
8548,16556.55
8549,16556.55
8550,16556.55
8551,16556.55
8552,16136.18
8553,16136.18
8554,16136.18
8555,16136.18
8556,15658.12
8557,15658.12
8558,15658.12
8559,15658.12
8560,15368.09
8561,15368.09
8562,15368.09
8563,15368.09
8564,15369.05
8565,15369.05
8566,15369.05
8567,15369.05
8568,15308.86
8569,15308.86
8570,15308.86
8571,15308.86
8572,15724.42
8573,15724.42
8574,15724.42
8575,15724.42
8576,15591.37
8577,15591.37
8578,15591.37
8579,15591.37
8580,15666.31
8581,15666.31
8582,15666.31
8583,15666.31
8584,15427.35
8585,15427.35
8586,15427.35
8587,15427.35
8588,15338.88
8589,15338.88
8590,15338.88
8591,15338.88
8592,15195.92
8593,15195.92
8594,15195.92
8595,15195.92
8596,15121.26
8597,15121.26
8598,15121.26
8599,15121.26
8600,15515.55
8601,15515.55
8602,15515.55
8603,15515.55
8604,15988.01
8605,15988.01
8606,15988.01
8607,15988.01
8608,16723.13
8609,16723.13
8610,16723.13
8611,16723.13
8612,16163.81
8613,16163.81
8614,16163.81
8615,16163.81
8616,16277.8
8617,16277.8
8618,16277.8
8619,16277.8
8620,16635.74
8621,16635.74
8622,16635.74
8623,16635.74
8624,16610.65
8625,16610.65
8626,16610.65
8627,16610.65
8628,16250.5
8629,16250.5
8630,16250.5
8631,16250.5
8632,17183.11
8633,17183.11
8634,17183.11
8635,17183.11
8636,16874.17
8637,16874.17
8638,16874.17
8639,16874.17
8640,16331.23
8641,16331.23
8642,16331.23
8643,16331.23
8644,15741.07
8645,15741.07
8646,15741.07
8647,15741.07
8648,15367.42
8649,15367.42
8650,15367.42
8651,15367.42
8652,15054.98
8653,15054.98
8654,15054.98
8655,15054.98
8656,14870.59
8657,14870.59
8658,14870.59
8659,14870.59
8660,15031.46
8661,15031.46
8662,15031.46
8663,15031.46
8664,15352.8
8665,15352.8
8666,15352.8
8667,15352.8
8668,16945.83
8669,16945.83
8670,16945.83
8671,16945.83
8672,16844.23
8673,16844.23
8674,16844.23
8675,16844.23
8676,16959.19
8677,16959.19
8678,16959.19
8679,16959.19
8680,17635.97
8681,17635.97
8682,17635.97
8683,17635.97
8684,17773.29
8685,17773.29
8686,17773.29
8687,17773.29
8688,17790.73
8689,17790.73
8690,17790.73
8691,17790.73
8692,17618.26
8693,17618.26
8694,17618.26
8695,17618.26
8696,17433.49
8697,17433.49
8698,17433.49
8699,17433.49
8700,18498.4
8701,18498.4
8702,18498.4
8703,18498.4
8704,18751.06
8705,18751.06
8706,18751.06
8707,18751.06
8708,19070.46
8709,19070.46
8710,19070.46
8711,19070.46
8712,18132.01
8713,18132.01
8714,18132.01
8715,18132.01
8716,18580.85
8717,18580.85
8718,18580.85
8719,18580.85
8720,17944.42
8721,17944.42
8722,17944.42
8723,17944.42
8724,18046.86
8725,18046.86
8726,18046.86
8727,18046.86
8728,18503.42
8729,18503.42
8730,18503.42
8731,18503.42
8732,17922.81
8733,17922.81
8734,17922.81
8735,17922.81
8736,17365.06
8737,17365.06
8738,17365.06
8739,17365.06
8740,16681.31
8741,16681.31
8742,16681.31
8743,16681.31
8744,16261.57
8745,16261.57
8746,16261.57
8747,16261.57
8748,15906.26
8749,15906.26
8750,15906.26
8751,15906.26
8752,15776.84
8753,15776.84
8754,15776.84
8755,15776.84
8756,15802.49
8757,15802.49
8758,15802.49
8759,15802.49
8760,15942.04
8761,15942.04
8762,15942.04
8763,15942.04
8764,17461.47
8765,17461.47
8766,17461.47
8767,17461.47
8768,17317.89
8769,17317.89
8770,17317.89
8771,17317.89
8772,17485.05
8773,17485.05
8774,17485.05
8775,17485.05
8776,18132.41
8777,18132.41
8778,18132.41
8779,18132.41
8780,18123.6
8781,18123.6
8782,18123.6
8783,18123.6
8784,18055.5
8785,18055.5
8786,18055.5
8787,18055.5
8788,17814.73
8789,17814.73
8790,17814.73
8791,17814.73
8792,17545.36
8793,17545.36
8794,17545.36
8795,17545.36
8796,18418.8
8797,18418.8
8798,18418.8
8799,18418.8
8800,18771.76
8801,18771.76
8802,18771.76
8803,18771.76
8804,19018.46
8805,19018.46
8806,19018.46
8807,19018.46
8808,18404.93
8809,18404.93
8810,18404.93
8811,18404.93
8812,18488.35
8813,18488.35
8814,18488.35
8815,18488.35
8816,18067.83
8817,18067.83
8818,18067.83
8819,18067.83
8820,17939.63
8821,17939.63
8822,17939.63
8823,17939.63
8824,18457.44
8825,18457.44
8826,18457.44
8827,18457.44
8828,18131.93
8829,18131.93
8830,18131.93
8831,18131.93
8832,17258.38
8833,17258.38
8834,17258.38
8835,17258.38
8836,16810.23
8837,16810.23
8838,16810.23
8839,16810.23
8840,16112.01
8841,16112.01
8842,16112.01
8843,16112.01
8844,15776.14
8845,15776.14
8846,15776.14
8847,15776.14
8848,15808.59
8849,15808.59
8850,15808.59
8851,15808.59
8852,15819.78
8853,15819.78
8854,15819.78
8855,15819.78
8856,16021.26
8857,16021.26
8858,16021.26
8859,16021.26
8860,17454.22
8861,17454.22
8862,17454.22
8863,17454.22
8864,17017.17
8865,17017.17
8866,17017.17
8867,17017.17
8868,17393.7
8869,17393.7
8870,17393.7
8871,17393.7
8872,17788.71
8873,17788.71
8874,17788.71
8875,17788.71
8876,17762.14
8877,17762.14
8878,17762.14
8879,17762.14
8880,17909.74
8881,17909.74
8882,17909.74
8883,17909.74
8884,17833.38
8885,17833.38
8886,17833.38
8887,17833.38
8888,17733.16
8889,17733.16
8890,17733.16
8891,17733.16
8892,18488.85
8893,18488.85
8894,18488.85
8895,18488.85
8896,18773.71
8897,18773.71
8898,18773.71
8899,18773.71
8900,18367.46
8901,18367.46
8902,18367.46
8903,18367.46
8904,17827.89
8905,17827.89
8906,17827.89
8907,17827.89
8908,17873.3
8909,17873.3
8910,17873.3
8911,17873.3
8912,17251.34
8913,17251.34
8914,17251.34
8915,17251.34
8916,17073.09
8917,17073.09
8918,17073.09
8919,17073.09
8920,17520.81
8921,17520.81
8922,17520.81
8923,17520.81
8924,17128.38
8925,17128.38
8926,17128.38
8927,17128.38
8928,16207.78
8929,16207.78
8930,16207.78
8931,16207.78
8932,16009.28
8933,16009.28
8934,16009.28
8935,16009.28
8936,15450.86
8937,15450.86
8938,15450.86
8939,15450.86
8940,15246.23
8941,15246.23
8942,15246.23
8943,15246.23
8944,15216.87
8945,15216.87
8946,15216.87
8947,15216.87
8948,15034.07
8949,15034.07
8950,15034.07
8951,15034.07
8952,15177.64
8953,15177.64
8954,15177.64
8955,15177.64
8956,17038.57
8957,17038.57
8958,17038.57
8959,17038.57
8960,17244.85
8961,17244.85
8962,17244.85
8963,17244.85
8964,17662.31
8965,17662.31
8966,17662.31
8967,17662.31
8968,17832.22
8969,17832.22
8970,17832.22
8971,17832.22
8972,17597.58
8973,17597.58
8974,17597.58
8975,17597.58
8976,17610.17
8977,17610.17
8978,17610.17
8979,17610.17
8980,17206.41
8981,17206.41
8982,17206.41
8983,17206.41
8984,17056.97
8985,17056.97
8986,17056.97
8987,17056.97
8988,17944.98
8989,17944.98
8990,17944.98
8991,17944.98
8992,18414.58
8993,18414.58
8994,18414.58
8995,18414.58
8996,17911.39
8997,17911.39
8998,17911.39
8999,17911.39
9000,17901.92
9001,17901.92
9002,17901.92
9003,17901.92
9004,18159.04
9005,18159.04
9006,18159.04
9007,18159.04
9008,17652.39
9009,17652.39
9010,17652.39
9011,17652.39
9012,17497.16
9013,17497.16
9014,17497.16
9015,17497.16
9016,17728.56
9017,17728.56
9018,17728.56
9019,17728.56
9020,17393.9
9021,17393.9
9022,17393.9
9023,17393.9
9024,16618.24
9025,16618.24
9026,16618.24
9027,16618.24
9028,16048.66
9029,16048.66
9030,16048.66
9031,16048.66
9032,15728.32
9033,15728.32
9034,15728.32
9035,15728.32
9036,15476.21
9037,15476.21
9038,15476.21
9039,15476.21
9040,15100.86
9041,15100.86
9042,15100.86
9043,15100.86
9044,15424.32
9045,15424.32
9046,15424.32
9047,15424.32
9048,15762.37
9049,15762.37
9050,15762.37
9051,15762.37
9052,17381.84
9053,17381.84
9054,17381.84
9055,17381.84
9056,17239.96
9057,17239.96
9058,17239.96
9059,17239.96
9060,17670.66
9061,17670.66
9062,17670.66
9063,17670.66
9064,17566.72
9065,17566.72
9066,17566.72
9067,17566.72
9068,17875.99
9069,17875.99
9070,17875.99
9071,17875.99
9072,17920.88
9073,17920.88
9074,17920.88
9075,17920.88
9076,17640.41
9077,17640.41
9078,17640.41
9079,17640.41
9080,17466.48
9081,17466.48
9082,17466.48
9083,17466.48
9084,18068.04
9085,18068.04
9086,18068.04
9087,18068.04
9088,18653.98
9089,18653.98
9090,18653.98
9091,18653.98
9092,18417.06
9093,18417.06
9094,18417.06
9095,18417.06
9096,18222.47
9097,18222.47
9098,18222.47
9099,18222.47
9100,18340.24
9101,18340.24
9102,18340.24
9103,18340.24
9104,17845.33
9105,17845.33
9106,17845.33
9107,17845.33
9108,17740.77
9109,17740.77
9110,17740.77
9111,17740.77
9112,17952.08
9113,17952.08
9114,17952.08
9115,17952.08
9116,17693.84
9117,17693.84
9118,17693.84
9119,17693.84
9120,17056.06
9121,17056.06
9122,17056.06
9123,17056.06
9124,16500.66
9125,16500.66
9126,16500.66
9127,16500.66
9128,15904.34
9129,15904.34
9130,15904.34
9131,15904.34
9132,15470.54
9133,15470.54
9134,15470.54
9135,15470.54
9136,15583.15
9137,15583.15
9138,15583.15
9139,15583.15
9140,15503.04
9141,15503.04
9142,15503.04
9143,15503.04
9144,15838.76
9145,15838.76
9146,15838.76
9147,15838.76
9148,16972.78
9149,16972.78
9150,16972.78
9151,16972.78
9152,17228.1
9153,17228.1
9154,17228.1
9155,17228.1
9156,17777.95
9157,17777.95
9158,17777.95
9159,17777.95
9160,18044.11
9161,18044.11
9162,18044.11
9163,18044.11
9164,17926.18
9165,17926.18
9166,17926.18
9167,17926.18
9168,17674.03
9169,17674.03
9170,17674.03
9171,17674.03
9172,17463.97
9173,17463.97
9174,17463.97
9175,17463.97
9176,17282.56
9177,17282.56
9178,17282.56
9179,17282.56
9180,18035.13
9181,18035.13
9182,18035.13
9183,18035.13
9184,18613.16
9185,18613.16
9186,18613.16
9187,18613.16
9188,18134.51
9189,18134.51
9190,18134.51
9191,18134.51
9192,18140.51
9193,18140.51
9194,18140.51
9195,18140.51
9196,18087.02
9197,18087.02
9198,18087.02
9199,18087.02
9200,17632.4
9201,17632.4
9202,17632.4
9203,17632.4
9204,17558.95
9205,17558.95
9206,17558.95
9207,17558.95
9208,17702.05
9209,17702.05
9210,17702.05
9211,17702.05
9212,17449.68
9213,17449.68
9214,17449.68
9215,17449.68
9216,16909.34
9217,16909.34
9218,16909.34
9219,16909.34
9220,16460.78
9221,16460.78
9222,16460.78
9223,16460.78
9224,15909.35
9225,15909.35
9226,15909.35
9227,15909.35
9228,15510.35
9229,15510.35
9230,15510.35
9231,15510.35
9232,15386.76
9233,15386.76
9234,15386.76
9235,15386.76
9236,15571.59
9237,15571.59
9238,15571.59
9239,15571.59
9240,15199.05
9241,15199.05
9242,15199.05
9243,15199.05
9244,15757.61
9245,15757.61
9246,15757.61
9247,15757.61
9248,15316.87
9249,15316.87
9250,15316.87
9251,15316.87
9252,16242.77
9253,16242.77
9254,16242.77
9255,16242.77
9256,16115.94
9257,16115.94
9258,16115.94
9259,16115.94
9260,16425.32
9261,16425.32
9262,16425.32
9263,16425.32
9264,16348.8
9265,16348.8
9266,16348.8
9267,16348.8
9268,16150.45
9269,16150.45
9270,16150.45
9271,16150.45
9272,15893.0
9273,15893.0
9274,15893.0
9275,15893.0
9276,16409.97
9277,16409.97
9278,16409.97
9279,16409.97
9280,16768.5
9281,16768.5
9282,16768.5
9283,16768.5
9284,16257.34
9285,16257.34
9286,16257.34
9287,16257.34
9288,16103.47
9289,16103.47
9290,16103.47
9291,16103.47
9292,16238.05
9293,16238.05
9294,16238.05
9295,16238.05
9296,15983.96
9297,15983.96
9298,15983.96
9299,15983.96
9300,16183.22
9301,16183.22
9302,16183.22
9303,16183.22
9304,16930.62
9305,16930.62
9306,16930.62
9307,16930.62
9308,16701.87
9309,16701.87
9310,16701.87
9311,16701.87
9312,16050.14
9313,16050.14
9314,16050.14
9315,16050.14
9316,15429.2
9317,15429.2
9318,15429.2
9319,15429.2
9320,14965.65
9321,14965.65
9322,14965.65
9323,14965.65
9324,14800.04
9325,14800.04
9326,14800.04
9327,14800.04
9328,14599.23
9329,14599.23
9330,14599.23
9331,14599.23
9332,14943.5
9333,14943.5
9334,14943.5
9335,14943.5
9336,15272.56
9337,15272.56
9338,15272.56
9339,15272.56
9340,16860.09
9341,16860.09
9342,16860.09
9343,16860.09
9344,16828.35
9345,16828.35
9346,16828.35
9347,16828.35
9348,17549.09
9349,17549.09
9350,17549.09
9351,17549.09
9352,18520.91
9353,18520.91
9354,18520.91
9355,18520.91
9356,18709.42
9357,18709.42
9358,18709.42
9359,18709.42
9360,18533.29
9361,18533.29
9362,18533.29
9363,18533.29
9364,18400.13
9365,18400.13
9366,18400.13
9367,18400.13
9368,18147.17
9369,18147.17
9370,18147.17
9371,18147.17
9372,18955.52
9373,18955.52
9374,18955.52
9375,18955.52
9376,19305.79
9377,19305.79
9378,19305.79
9379,19305.79
9380,19106.02
9381,19106.02
9382,19106.02
9383,19106.02
9384,18754.55
9385,18754.55
9386,18754.55
9387,18754.55
9388,18793.39
9389,18793.39
9390,18793.39
9391,18793.39
9392,17884.13
9393,17884.13
9394,17884.13
9395,17884.13
9396,17983.05
9397,17983.05
9398,17983.05
9399,17983.05
9400,19011.71
9401,19011.71
9402,19011.71
9403,19011.71
9404,18593.3
9405,18593.3
9406,18593.3
9407,18593.3
9408,17780.05
9409,17780.05
9410,17780.05
9411,17780.05
9412,17413.97
9413,17413.97
9414,17413.97
9415,17413.97
9416,16920.13
9417,16920.13
9418,16920.13
9419,16920.13
9420,16517.52
9421,16517.52
9422,16517.52
9423,16517.52
9424,16328.99
9425,16328.99
9426,16328.99
9427,16328.99
9428,16335.25
9429,16335.25
9430,16335.25
9431,16335.25
9432,16432.3
9433,16432.3
9434,16432.3
9435,16432.3
9436,17984.3
9437,17984.3
9438,17984.3
9439,17984.3
9440,17659.06
9441,17659.06
9442,17659.06
9443,17659.06
9444,18464.93
9445,18464.93
9446,18464.93
9447,18464.93
9448,18128.39
9449,18128.39
9450,18128.39
9451,18128.39
9452,18202.71
9453,18202.71
9454,18202.71
9455,18202.71
9456,16580.08
9457,16580.08
9458,16580.08
9459,16580.08
9460,18055.38
9461,18055.38
9462,18055.38
9463,18055.38
9464,17919.28
9465,17919.28
9466,17919.28
9467,17919.28
9468,15745.81
9469,15745.81
9470,15745.81
9471,15745.81
9472,18612.62
9473,18612.62
9474,18612.62
9475,18612.62
9476,18343.07
9477,18343.07
9478,18343.07
9479,18343.07
9480,18736.11
9481,18736.11
9482,18736.11
9483,18736.11
9484,19000.23
9485,19000.23
9486,19000.23
9487,19000.23
9488,17644.82
9489,17644.82
9490,17644.82
9491,17644.82
9492,18130.27
9493,18130.27
9494,18130.27
9495,18130.27
9496,18454.69
9497,18454.69
9498,18454.69
9499,18454.69
9500,18123.12
9501,18123.12
9502,18123.12
9503,18123.12
9504,17422.53
9505,17422.53
9506,17422.53
9507,17422.53
9508,17076.19
9509,17076.19
9510,17076.19
9511,17076.19
9512,16522.88
9513,16522.88
9514,16522.88
9515,16522.88
9516,16329.79
9517,16329.79
9518,16329.79
9519,16329.79
9520,16136.74
9521,16136.74
9522,16136.74
9523,16136.74
9524,16199.13
9525,16199.13
9526,16199.13
9527,16199.13
9528,16449.67
9529,16449.67
9530,16449.67
9531,16449.67
9532,17958.21
9533,17958.21
9534,17958.21
9535,17958.21
9536,17457.36
9537,17457.36
9538,17457.36
9539,17457.36
9540,18151.73
9541,18151.73
9542,18151.73
9543,18151.73
9544,18905.88
9545,18905.88
9546,18905.88
9547,18905.88
9548,18803.94
9549,18803.94
9550,18803.94
9551,18803.94
9552,19081.34
9553,19081.34
9554,19081.34
9555,19081.34
9556,18602.73
9557,18602.73
9558,18602.73
9559,18602.73
9560,18687.31
9561,18687.31
9562,18687.31
9563,18687.31
9564,19503.75
9565,19503.75
9566,19503.75
9567,19503.75
9568,19744.04
9569,19744.04
9570,19744.04
9571,19744.04
9572,19565.43
9573,19565.43
9574,19565.43
9575,19565.43
9576,19396.96
9577,19396.96
9578,19396.96
9579,19396.96
9580,19527.69
9581,19527.69
9582,19527.69
9583,19527.69
9584,18943.99
9585,18943.99
9586,18943.99
9587,18943.99
9588,18854.13
9589,18854.13
9590,18854.13
9591,18854.13
9592,19217.91
9593,19217.91
9594,19217.91
9595,19217.91
9596,18850.89
9597,18850.89
9598,18850.89
9599,18850.89
9600,17946.46
9601,17946.46
9602,17946.46
9603,17946.46
9604,17344.29
9605,17344.29
9606,17344.29
9607,17344.29
9608,17011.61
9609,17011.61
9610,17011.61
9611,17011.61
9612,16771.49
9613,16771.49
9614,16771.49
9615,16771.49
9616,16508.85
9617,16508.85
9618,16508.85
9619,16508.85
9620,16662.66
9621,16662.66
9622,16662.66
9623,16662.66
9624,16789.53
9625,16789.53
9626,16789.53
9627,16789.53
9628,18218.26
9629,18218.26
9630,18218.26
9631,18218.26
9632,17567.01
9633,17567.01
9634,17567.01
9635,17567.01
9636,18258.54
9637,18258.54
9638,18258.54
9639,18258.54
9640,18341.35
9641,18341.35
9642,18341.35
9643,18341.35
9644,18195.12
9645,18195.12
9646,18195.12
9647,18195.12
9648,18063.5
9649,18063.5
9650,18063.5
9651,18063.5
9652,17522.14
9653,17522.14
9654,17522.14
9655,17522.14
9656,17704.35
9657,17704.35
9658,17704.35
9659,17704.35
9660,18442.04
9661,18442.04
9662,18442.04
9663,18442.04
9664,19041.93
9665,19041.93
9666,19041.93
9667,19041.93
9668,18825.0
9669,18825.0
9670,18825.0
9671,18825.0
9672,18737.97
9673,18737.97
9674,18737.97
9675,18737.97
9676,18865.48
9677,18865.48
9678,18865.48
9679,18865.48
9680,18059.11
9681,18059.11
9682,18059.11
9683,18059.11
9684,18268.48
9685,18268.48
9686,18268.48
9687,18268.48
9688,18917.76
9689,18917.76
9690,18917.76
9691,18917.76
9692,18638.19
9693,18638.19
9694,18638.19
9695,18638.19
9696,17999.03
9697,17999.03
9698,17999.03
9699,17999.03
9700,17353.32
9701,17353.32
9702,17353.32
9703,17353.32
9704,16886.94
9705,16886.94
9706,16886.94
9707,16886.94
9708,16550.39
9709,16550.39
9710,16550.39
9711,16550.39
9712,16339.22
9713,16339.22
9714,16339.22
9715,16339.22
9716,16395.89
9717,16395.89
9718,16395.89
9719,16395.89
9720,16623.53
9721,16623.53
9722,16623.53
9723,16623.53
9724,18097.68
9725,18097.68
9726,18097.68
9727,18097.68
9728,17754.02
9729,17754.02
9730,17754.02
9731,17754.02
9732,18043.87
9733,18043.87
9734,18043.87
9735,18043.87
9736,18158.51
9737,18158.51
9738,18158.51
9739,18158.51
9740,18536.03
9741,18536.03
9742,18536.03
9743,18536.03
9744,18379.76
9745,18379.76
9746,18379.76
9747,18379.76
9748,18562.47
9749,18562.47
9750,18562.47
9751,18562.47
9752,18350.92
9753,18350.92
9754,18350.92
9755,18350.92
9756,19185.06
9757,19185.06
9758,19185.06
9759,19185.06
9760,19987.33
9761,19987.33
9762,19987.33
9763,19987.33
9764,19789.59
9765,19789.59
9766,19789.59
9767,19789.59
9768,19305.63
9769,19305.63
9770,19305.63
9771,19305.63
9772,19137.43
9773,19137.43
9774,19137.43
9775,19137.43
9776,18414.63
9777,18414.63
9778,18414.63
9779,18414.63
9780,18501.26
9781,18501.26
9782,18501.26
9783,18501.26
9784,18704.48
9785,18704.48
9786,18704.48
9787,18704.48
9788,18035.62
9789,18035.62
9790,18035.62
9791,18035.62
9792,17375.0
9793,17375.0
9794,17375.0
9795,17375.0
9796,16920.5
9797,16920.5
9798,16920.5
9799,16920.5
9800,16453.87
9801,16453.87
9802,16453.87
9803,16453.87
9804,16055.78
9805,16055.78
9806,16055.78
9807,16055.78
9808,15929.09
9809,15929.09
9810,15929.09
9811,15929.09
9812,15812.6
9813,15812.6
9814,15812.6
9815,15812.6
9816,16079.09
9817,16079.09
9818,16079.09
9819,16079.09
9820,16877.29
9821,16877.29
9822,16877.29
9823,16877.29
9824,16662.76
9825,16662.76
9826,16662.76
9827,16662.76
9828,17875.74
9829,17875.74
9830,17875.74
9831,17875.74
9832,18268.21
9833,18268.21
9834,18268.21
9835,18268.21
9836,18334.5
9837,18334.5
9838,18334.5
9839,18334.5
9840,18664.78
9841,18664.78
9842,18664.78
9843,18664.78
9844,18450.95
9845,18450.95
9846,18450.95
9847,18450.95
9848,18271.03
9849,18271.03
9850,18271.03
9851,18271.03
9852,18861.64
9853,18861.64
9854,18861.64
9855,18861.64
9856,19532.52
9857,19532.52
9858,19532.52
9859,19532.52
9860,18830.39
9861,18830.39
9862,18830.39
9863,18830.39
9864,18182.36
9865,18182.36
9866,18182.36
9867,18182.36
9868,17981.7
9869,17981.7
9870,17981.7
9871,17981.7
9872,17505.59
9873,17505.59
9874,17505.59
9875,17505.59
9876,17581.04
9877,17581.04
9878,17581.04
9879,17581.04
9880,17912.74
9881,17912.74
9882,17912.74
9883,17912.74
9884,17751.31
9885,17751.31
9886,17751.31
9887,17751.31
9888,17547.94
9889,17547.94
9890,17547.94
9891,17547.94
9892,16865.52
9893,16865.52
9894,16865.52
9895,16865.52
9896,16540.31
9897,16540.31
9898,16540.31
9899,16540.31
9900,16215.97
9901,16215.97
9902,16215.97
9903,16215.97
9904,16025.94
9905,16025.94
9906,16025.94
9907,16025.94
9908,15439.65
9909,15439.65
9910,15439.65
9911,15439.65
9912,15474.04
9913,15474.04
9914,15474.04
9915,15474.04
9916,15876.28
9917,15876.28
9918,15876.28
9919,15876.28
9920,15468.15
9921,15468.15
9922,15468.15
9923,15468.15
9924,15782.04
9925,15782.04
9926,15782.04
9927,15782.04
9928,15841.07
9929,15841.07
9930,15841.07
9931,15841.07
9932,15928.26
9933,15928.26
9934,15928.26
9935,15928.26
9936,15858.67
9937,15858.67
9938,15858.67
9939,15858.67
9940,15953.21
9941,15953.21
9942,15953.21
9943,15953.21
9944,15881.72
9945,15881.72
9946,15881.72
9947,15881.72
9948,16518.46
9949,16518.46
9950,16518.46
9951,16518.46
9952,16500.72
9953,16500.72
9954,16500.72
9955,16500.72
9956,16290.79
9957,16290.79
9958,16290.79
9959,16290.79
9960,15810.15
9961,15810.15
9962,15810.15
9963,15810.15
9964,15443.32
9965,15443.32
9966,15443.32
9967,15443.32
9968,15166.38
9969,15166.38
9970,15166.38
9971,15166.38
9972,15382.82
9973,15382.82
9974,15382.82
9975,15382.82
9976,15975.15
9977,15975.15
9978,15975.15
9979,15975.15
9980,15906.4
9981,15906.4
9982,15906.4
9983,15906.4
9984,15305.63
9985,15305.63
9986,15305.63
9987,15305.63
9988,14891.45
9989,14891.45
9990,14891.45
9991,14891.45
9992,14444.69
9993,14444.69
9994,14444.69
9995,14444.69
9996,14368.65
9997,14368.65
9998,14368.65
9999,14368.65
10000,14149.15
10001,14149.15
10002,14149.15
10003,14149.15
10004,14417.16
10005,14417.16
10006,14417.16
10007,14417.16
10008,14451.18
10009,14451.18
10010,14451.18
10011,14451.18
10012,16191.08
10013,16191.08
10014,16191.08
10015,16191.08
10016,16021.96
10017,16021.96
10018,16021.96
10019,16021.96
10020,16527.9
10021,16527.9
10022,16527.9
10023,16527.9
10024,17060.51
10025,17060.51
10026,17060.51
10027,17060.51
10028,17978.11
10029,17978.11
10030,17978.11
10031,17978.11
10032,17957.68
10033,17957.68
10034,17957.68
10035,17957.68
10036,17800.29
10037,17800.29
10038,17800.29
10039,17800.29
10040,17675.38
10041,17675.38
10042,17675.38
10043,17675.38
10044,18357.73
10045,18357.73
10046,18357.73
10047,18357.73
10048,18852.96
10049,18852.96
10050,18852.96
10051,18852.96
10052,19058.44
10053,19058.44
10054,19058.44
10055,19058.44
10056,18569.37
10057,18569.37
10058,18569.37
10059,18569.37
10060,18617.79
10061,18617.79
10062,18617.79
10063,18617.79
10064,17751.02
10065,17751.02
10066,17751.02
10067,17751.02
10068,18065.51
10069,18065.51
10070,18065.51
10071,18065.51
10072,18072.5
10073,18072.5
10074,18072.5
10075,18072.5
10076,17757.21
10077,17757.21
10078,17757.21
10079,17757.21
10080,16842.77
10081,16842.77
10082,16842.77
10083,16842.77
10084,16385.08
10085,16385.08
10086,16385.08
10087,16385.08
10088,16078.42
10089,16078.42
10090,16078.42
10091,16078.42
10092,15836.28
10093,15836.28
10094,15836.28
10095,15836.28
10096,15816.33
10097,15816.33
10098,15816.33
10099,15816.33
10100,15779.15
10101,15779.15
10102,15779.15
10103,15779.15
10104,16142.13
10105,16142.13
10106,16142.13
10107,16142.13
10108,17686.76
10109,17686.76
10110,17686.76
10111,17686.76
10112,17378.16
10113,17378.16
10114,17378.16
10115,17378.16
10116,17683.22
10117,17683.22
10118,17683.22
10119,17683.22
10120,17433.89
10121,17433.89
10122,17433.89
10123,17433.89
10124,17903.89
10125,17903.89
10126,17903.89
10127,17903.89
10128,17842.67
10129,17842.67
10130,17842.67
10131,17842.67
10132,17904.92
10133,17904.92
10134,17904.92
10135,17904.92
10136,13359.06
10137,13359.06
10138,13359.06
10139,13359.06
10140,17151.78
10141,17151.78
10142,17151.78
10143,17151.78
10144,18505.05
10145,18505.05
10146,18505.05
10147,18505.05
10148,18444.73
10149,18444.73
10150,18444.73
10151,18444.73
10152,18191.86
10153,18191.86
10154,18191.86
10155,18191.86
10156,18798.8
10157,18798.8
10158,18798.8
10159,18798.8
10160,18250.55
10161,18250.55
10162,18250.55
10163,18250.55
10164,18370.71
10165,18370.71
10166,18370.71
10167,18370.71
10168,18097.55
10169,18097.55
10170,18097.55
10171,18097.55
10172,18278.31
10173,18278.31
10174,18278.31
10175,18278.31
10176,17441.43
10177,17441.43
10178,17441.43
10179,17441.43
10180,17094.59
10181,17094.59
10182,17094.59
10183,17094.59
10184,16562.75
10185,16562.75
10186,16562.75
10187,16562.75
10188,16092.65
10189,16092.65
10190,16092.65
10191,16092.65
10192,15863.6
10193,15863.6
10194,15863.6
10195,15863.6
10196,15853.42
10197,15853.42
10198,15853.42
10199,15853.42
10200,16253.51
10201,16253.51
10202,16253.51
10203,16253.51
10204,17869.75
10205,17869.75
10206,17869.75
10207,17869.75
10208,17749.55
10209,17749.55
10210,17749.55
10211,17749.55
10212,18302.9
10213,18302.9
10214,18302.9
10215,18302.9
10216,18618.38
10217,18618.38
10218,18618.38
10219,18618.38
10220,18534.45
10221,18534.45
10222,18534.45
10223,18534.45
10224,18452.48
10225,18452.48
10226,18452.48
10227,18452.48
10228,18103.82
10229,18103.82
10230,18103.82
10231,18103.82
10232,17838.28
10233,17838.28
10234,17838.28
10235,17838.28
10236,18627.62
10237,18627.62
10238,18627.62
10239,18627.62
10240,18915.53
10241,18915.53
10242,18915.53
10243,18915.53
10244,18501.06
10245,18501.06
10246,18501.06
10247,18501.06
10248,18116.86
10249,18116.86
10250,18116.86
10251,18116.86
10252,18230.05
10253,18230.05
10254,18230.05
10255,18230.05
10256,17892.2
10257,17892.2
10258,17892.2
10259,17892.2
10260,18077.05
10261,18077.05
10262,18077.05
10263,18077.05
10264,18377.39
10265,18377.39
10266,18377.39
10267,18377.39
10268,17922.58
10269,17922.58
10270,17922.58
10271,17922.58
10272,16836.54
10273,16836.54
10274,16836.54
10275,16836.54
10276,16123.98
10277,16123.98
10278,16123.98
10279,16123.98
10280,15683.94
10281,15683.94
10282,15683.94
10283,15683.94
10284,15309.58
10285,15309.58
10286,15309.58
10287,15309.58
10288,15182.82
10289,15182.82
10290,15182.82
10291,15182.82
10292,15397.91
10293,15397.91
10294,15397.91
10295,15397.91
10296,15727.73
10297,15727.73
10298,15727.73
10299,15727.73
10300,17212.51
10301,17212.51
10302,17212.51
10303,17212.51
10304,16984.49
10305,16984.49
10306,16984.49
10307,16984.49
10308,17240.28
10309,17240.28
10310,17240.28
10311,17240.28
10312,17589.87
10313,17589.87
10314,17589.87
10315,17589.87
10316,17577.6
10317,17577.6
10318,17577.6
10319,17577.6
10320,17289.22
10321,17289.22
10322,17289.22
10323,17289.22
10324,17282.68
10325,17282.68
10326,17282.68
10327,17282.68
10328,16872.85
10329,16872.85
10330,16872.85
10331,16872.85
10332,17793.76
10333,17793.76
10334,17793.76
10335,17793.76
10336,18453.84
10337,18453.84
10338,18453.84
10339,18453.84
10340,18260.03
10341,18260.03
10342,18260.03
10343,18260.03
10344,18202.36
10345,18202.36
10346,18202.36
10347,18202.36
10348,18317.66
10349,18317.66
10350,18317.66
10351,18317.66
10352,17890.78
10353,17890.78
10354,17890.78
10355,17890.78
10356,17689.45
10357,17689.45
10358,17689.45
10359,17689.45
10360,17965.59
10361,17965.59
10362,17965.59
10363,17965.59
10364,17404.51
10365,17404.51
10366,17404.51
10367,17404.51
10368,16465.77
10369,16465.77
10370,16465.77
10371,16465.77
10372,16007.44
10373,16007.44
10374,16007.44
10375,16007.44
10376,15668.77
10377,15668.77
10378,15668.77
10379,15668.77
10380,15167.98
10381,15167.98
10382,15167.98
10383,15167.98
10384,14848.2
10385,14848.2
10386,14848.2
10387,14848.2
10388,15044.1
10389,15044.1
10390,15044.1
10391,15044.1
10392,15392.27
10393,15392.27
10394,15392.27
10395,15392.27
10396,16900.26
10397,16900.26
10398,16900.26
10399,16900.26
10400,17267.74
10401,17267.74
10402,17267.74
10403,17267.74
10404,17482.67
10405,17482.67
10406,17482.67
10407,17482.67
10408,17563.96
10409,17563.96
10410,17563.96
10411,17563.96
10412,17423.62
10413,17423.62
10414,17423.62
10415,17423.62
10416,17212.25
10417,17212.25
10418,17212.25
10419,17212.25
10420,17008.16
10421,17008.16
10422,17008.16
10423,17008.16
10424,16856.66
10425,16856.66
10426,16856.66
10427,16856.66
10428,17640.91
10429,17640.91
10430,17640.91
10431,17640.91
10432,17908.53
10433,17908.53
10434,17908.53
10435,17908.53
10436,17922.97
10437,17922.97
10438,17922.97
10439,17922.97
10440,17722.37
10441,17722.37
10442,17722.37
10443,17722.37
10444,17913.53
10445,17913.53
10446,17913.53
10447,17913.53
10448,17435.6
10449,17435.6
10450,17435.6
10451,17435.6
10452,17405.73
10453,17405.73
10454,17405.73
10455,17405.73
10456,17436.86
10457,17436.86
10458,17436.86
10459,17436.86
10460,17061.1
10461,17061.1
10462,17061.1
10463,17061.1
10464,15735.91
10465,15735.91
10466,15735.91
10467,15735.91
10468,15214.54
10469,15214.54
10470,15214.54
10471,15214.54
10472,14899.17
10473,14899.17
10474,14899.17
10475,14899.17
10476,14690.21
10477,14690.21
10478,14690.21
10479,14690.21
10480,14330.71
10481,14330.71
10482,14330.71
10483,14330.71
10484,14407.85
10485,14407.85
10486,14407.85
10487,14407.85
10488,14940.18
10489,14940.18
10490,14940.18
10491,14940.18
10492,16181.1
10493,16181.1
10494,16181.1
10495,16181.1
10496,16490.42
10497,16490.42
10498,16490.42
10499,16490.42
10500,17035.04
10501,17035.04
10502,17035.04
10503,17035.04
10504,15765.91
10505,15765.91
10506,15765.91
10507,15765.91
10508,15193.07
10509,15193.07
10510,15193.07
10511,15193.07
10512,14839.4
10513,14839.4
10514,14839.4
10515,14839.4
10516,14887.55
10517,14887.55
10518,14887.55
10519,14887.55
10520,15049.8
10521,15049.8
10522,15049.8
10523,15049.8
10524,15724.88
10525,15724.88
10526,15724.88
10527,15724.88
10528,16159.59
10529,16159.59
10530,16159.59
10531,16159.59
10532,16558.04
10533,16558.04
10534,16558.04
10535,16558.04
10536,16785.1
10537,16785.1
10538,16785.1
10539,16785.1
10540,17000.0
10541,17000.0
10542,17000.0
10543,17000.0
10544,16461.68
10545,16461.68
10546,16461.68
10547,16461.68
10548,16225.0
10549,16225.0
10550,16225.0
10551,16225.0
10552,16237.72
10553,16237.72
10554,16237.72
10555,16237.72
10556,15631.07
10557,15631.07
10558,15631.07
10559,15631.07
10560,15111.71
10561,15111.71
10562,15111.71
10563,15111.71
10564,14613.61
10565,14613.61
10566,14613.61
10567,14613.61
10568,14108.12
10569,14108.12
10570,14108.12
10571,14108.12
10572,14041.03
10573,14041.03
10574,14041.03
10575,14041.03
10576,13798.28
10577,13798.28
10578,13798.28
10579,13798.28
10580,13537.83
10581,13537.83
10582,13537.83
10583,13537.83
10584,13762.75
10585,13762.75
10586,13762.75
10587,13762.75
10588,14368.41
10589,14368.41
10590,14368.41
10591,14368.41
10592,13927.62
10593,13927.62
10594,13927.62
10595,13927.62
10596,14772.4
10597,14772.4
10598,14772.4
10599,14772.4
10600,14887.58
10601,14887.58
10602,14887.58
10603,14887.58
10604,14796.01
10605,14796.01
10606,14796.01
10607,14796.01
10608,14673.43
10609,14673.43
10610,14673.43
10611,14673.43
10612,14692.73
10613,14692.73
10614,14692.73
10615,14692.73
10616,14489.5
10617,14489.5
10618,14489.5
10619,14489.5
10620,14541.59
10621,14541.59
10622,14541.59
10623,14541.59
10624,14744.68
10625,14744.68
10626,14744.68
10627,14744.68
10628,14383.74
10629,14383.74
10630,14383.74
10631,14383.74
10632,14245.79
10633,14245.79
10634,14245.79
10635,14245.79
10636,14667.05
10637,14667.05
10638,14667.05
10639,14667.05
10640,14222.96
10641,14222.96
10642,14222.96
10643,14222.96
10644,14304.85
10645,14304.85
10646,14304.85
10647,14304.85
10648,14424.75
10649,14424.75
10650,14424.75
10651,14424.75
10652,14175.47
10653,14175.47
10654,14175.47
10655,14175.47
10656,13355.89
10657,13355.89
10658,13355.89
10659,13355.89
10660,12991.21
10661,12991.21
10662,12991.21
10663,12991.21
10664,12633.52
10665,12633.52
10666,12633.52
10667,12633.52
10668,12552.19
10669,12552.19
10670,12552.19
10671,12552.19
10672,12631.49
10673,12631.49
10674,12631.49
10675,12631.49
10676,12969.21
10677,12969.21
10678,12969.21
10679,12969.21
10680,13669.75
10681,13669.75
10682,13669.75
10683,13669.75
10684,15545.87
10685,15545.87
10686,15545.87
10687,15545.87
10688,15707.78
10689,15707.78
10690,15707.78
10691,15707.78
10692,16226.3
10693,16226.3
10694,16226.3
10695,16226.3
10696,16502.69
10697,16502.69
10698,16502.69
10699,16502.69
10700,16636.04
10701,16636.04
10702,16636.04
10703,16636.04
10704,16184.37
10705,16184.37
10706,16184.37
10707,16184.37
10708,16086.14
10709,16086.14
10710,16086.14
10711,16086.14
10712,16511.54
10713,16511.54
10714,16511.54
10715,16511.54
10716,16594.08
10717,16594.08
10718,16594.08
10719,16594.08
10720,16641.13
10721,16641.13
10722,16641.13
10723,16641.13
10724,16815.2
10725,16815.2
10726,16815.2
10727,16815.2
10728,16447.97
10729,16447.97
10730,16447.97
10731,16447.97
10732,16688.64
10733,16688.64
10734,16688.64
10735,16688.64
10736,15712.07
10737,15712.07
10738,15712.07
10739,15712.07
10740,15840.97
10741,15840.97
10742,15840.97
10743,15840.97
10744,15897.29
10745,15897.29
10746,15897.29
10747,15897.29
10748,15170.81
10749,15170.81
10750,15170.81
10751,15170.81
10752,14462.89
10753,14462.89
10754,14462.89
10755,14462.89
10756,14127.05
10757,14127.05
10758,14127.05
10759,14127.05
10760,13730.63
10761,13730.63
10762,13730.63
10763,13730.63
10764,13565.06
10765,13565.06
10766,13565.06
10767,13565.06
10768,13420.36
10769,13420.36
10770,13420.36
10771,13420.36
10772,13817.78
10773,13817.78
10774,13817.78
10775,13817.78
10776,14345.71
10777,14345.71
10778,14345.71
10779,14345.71
10780,16188.75
10781,16188.75
10782,16188.75
10783,16188.75
10784,16421.54
10785,16421.54
10786,16421.54
10787,16421.54
10788,16496.5
10789,16496.5
10790,16496.5
10791,16496.5
10792,15986.13
10793,15986.13
10794,15986.13
10795,15986.13
10796,15776.6
10797,15776.6
10798,15776.6
10799,15776.6
10800,15643.05
10801,15643.05
10802,15643.05
10803,15643.05
10804,15281.17
10805,15281.17
10806,15281.17
10807,15281.17
10808,15419.5
10809,15419.5
10810,15419.5
10811,15419.5
10812,16282.36
10813,16282.36
10814,16282.36
10815,16282.36
10816,16295.81
10817,16295.81
10818,16295.81
10819,16295.81
10820,16359.84
10821,16359.84
10822,16359.84
10823,16359.84
10824,16697.73
10825,16697.73
10826,16697.73
10827,16697.73
10828,17049.07
10829,17049.07
10830,17049.07
10831,17049.07
10832,16590.98
10833,16590.98
10834,16590.98
10835,16590.98
10836,16198.15
10837,16198.15
10838,16198.15
10839,16198.15
10840,15981.0
10841,15981.0
10842,15981.0
10843,15981.0
10844,15461.43
10845,15461.43
10846,15461.43
10847,15461.43
10848,14780.87
10849,14780.87
10850,14780.87
10851,14780.87
10852,14401.48
10853,14401.48
10854,14401.48
10855,14401.48
10856,14011.34
10857,14011.34
10858,14011.34
10859,14011.34
10860,13839.03
10861,13839.03
10862,13839.03
10863,13839.03
10864,13712.37
10865,13712.37
10866,13712.37
10867,13712.37
10868,13943.69
10869,13943.69
10870,13943.69
10871,13943.69
10872,14650.98
10873,14650.98
10874,14650.98
10875,14650.98
10876,16231.5
10877,16231.5
10878,16231.5
10879,16231.5
10880,16350.35
10881,16350.35
10882,16350.35
10883,16350.35
10884,16610.66
10885,16610.66
10886,16610.66
10887,16610.66
10888,16732.43
10889,16732.43
10890,16732.43
10891,16732.43
10892,16109.77
10893,16109.77
10894,16109.77
10895,16109.77
10896,16137.09
10897,16137.09
10898,16137.09
10899,16137.09
10900,15786.92
10901,15786.92
10902,15786.92
10903,15786.92
10904,15561.77
10905,15561.77
10906,15561.77
10907,15561.77
10908,16097.06
10909,16097.06
10910,16097.06
10911,16097.06
10912,16841.67
10913,16841.67
10914,16841.67
10915,16841.67
10916,17144.27
10917,17144.27
10918,17144.27
10919,17144.27
10920,17110.78
10921,17110.78
10922,17110.78
10923,17110.78
10924,17510.06
10925,17510.06
10926,17510.06
10927,17510.06
10928,16697.63
10929,16697.63
10930,16697.63
10931,16697.63
10932,16289.0
10933,16289.0
10934,16289.0
10935,16289.0
10936,16249.38
10937,16249.38
10938,16249.38
10939,16249.38
10940,15558.89
10941,15558.89
10942,15558.89
10943,15558.89
10944,14721.51
10945,14721.51
10946,14721.51
10947,14721.51
10948,14350.79
10949,14350.79
10950,14350.79
10951,14350.79
10952,14071.98
10953,14071.98
10954,14071.98
10955,14071.98
10956,13867.78
10957,13867.78
10958,13867.78
10959,13867.78
10960,13837.66
10961,13837.66
10962,13837.66
10963,13837.66
10964,14291.15
10965,14291.15
10966,14291.15
10967,14291.15
10968,15126.45
10969,15126.45
10970,15126.45
10971,15126.45
10972,16543.68
10973,16543.68
10974,16543.68
10975,16543.68
10976,16488.64
10977,16488.64
10978,16488.64
10979,16488.64
10980,16672.78
10981,16672.78
10982,16672.78
10983,16672.78
10984,16907.74
10985,16907.74
10986,16907.74
10987,16907.74
10988,16827.02
10989,16827.02
10990,16827.02
10991,16827.02
10992,16475.07
10993,16475.07
10994,16475.07
10995,16475.07
10996,16358.43
10997,16358.43
10998,16358.43
10999,16358.43
11000,16492.86
11001,16492.86
11002,16492.86
11003,16492.86
11004,16901.01
11005,16901.01
11006,16901.01
11007,16901.01
11008,16893.77
11009,16893.77
11010,16893.77
11011,16893.77
11012,17191.47
11013,17191.47
11014,17191.47
11015,17191.47
11016,16530.35
11017,16530.35
11018,16530.35
11019,16530.35
11020,16984.6
11021,16984.6
11022,16984.6
11023,16984.6
11024,16630.04
11025,16630.04
11026,16630.04
11027,16630.04
11028,16352.24
11029,16352.24
11030,16352.24
11031,16352.24
11032,16288.48
11033,16288.48
11034,16288.48
11035,16288.48
11036,15643.22
11037,15643.22
11038,15643.22
11039,15643.22
11040,14902.03
11041,14902.03
11042,14902.03
11043,14902.03
11044,14469.74
11045,14469.74
11046,14469.74
11047,14469.74
11048,14087.87
11049,14087.87
11050,14087.87
11051,14087.87
11052,13906.35
11053,13906.35
11054,13906.35
11055,13906.35
11056,13775.36
11057,13775.36
11058,13775.36
11059,13775.36
11060,13785.87
11061,13785.87
11062,13785.87
11063,13785.87
11064,14578.47
11065,14578.47
11066,14578.47
11067,14578.47
11068,16296.72
11069,16296.72
11070,16296.72
11071,16296.72
11072,16724.4
11073,16724.4
11074,16724.4
11075,16724.4
11076,16531.35
11077,16531.35
11078,16531.35
11079,16531.35
11080,17095.1
11081,17095.1
11082,17095.1
11083,17095.1
11084,16477.18
11085,16477.18
11086,16477.18
11087,16477.18
11088,16654.82
11089,16654.82
11090,16654.82
11091,16654.82
11092,15949.45
11093,15949.45
11094,15949.45
11095,15949.45
11096,16065.97
11097,16065.97
11098,16065.97
11099,16065.97
11100,16609.78
11101,16609.78
11102,16609.78
11103,16609.78
11104,17011.1
11105,17011.1
11106,17011.1
11107,17011.1
11108,16716.13
11109,16716.13
11110,16716.13
11111,16716.13
11112,16590.39
11113,16590.39
11114,16590.39
11115,16590.39
11116,17189.89
11117,17189.89
11118,17189.89
11119,17189.89
11120,16681.97
11121,16681.97
11122,16681.97
11123,16681.97
11124,16484.23
11125,16484.23
11126,16484.23
11127,16484.23
11128,16246.53
11129,16246.53
11130,16246.53
11131,16246.53
11132,15804.65
11133,15804.65
11134,15804.65
11135,15804.65
11136,15097.21
11137,15097.21
11138,15097.21
11139,15097.21
11140,14613.09
11141,14613.09
11142,14613.09
11143,14613.09
11144,14213.42
11145,14213.42
11146,14213.42
11147,14213.42
11148,13915.73
11149,13915.73
11150,13915.73
11151,13915.73
11152,14002.43
11153,14002.43
11154,14002.43
11155,14002.43
11156,14083.09
11157,14083.09
11158,14083.09
11159,14083.09
11160,14377.76
11161,14377.76
11162,14377.76
11163,14377.76
11164,16009.97
11165,16009.97
11166,16009.97
11167,16009.97
11168,16042.28
11169,16042.28
11170,16042.28
11171,16042.28
11172,16954.99
11173,16954.99
11174,16954.99
11175,16954.99
11176,17447.26
11177,17447.26
11178,17447.26
11179,17447.26
11180,17457.12
11181,17457.12
11182,17457.12
11183,17457.12
11184,17159.3
11185,17159.3
11186,17159.3
11187,17159.3
11188,16971.1
11189,16971.1
11190,16971.1
11191,16971.1
11192,16830.32
11193,16830.32
11194,16830.32
11195,16830.32
11196,17328.55
11197,17328.55
11198,17328.55
11199,17328.55
11200,17395.76
11201,17395.76
11202,17395.76
11203,17395.76
11204,17042.96
11205,17042.96
11206,17042.96
11207,17042.96
11208,16331.35
11209,16331.35
11210,16331.35
11211,16331.35
11212,16957.29
11213,16957.29
11214,16957.29
11215,16957.29
11216,16220.02
11217,16220.02
11218,16220.02
11219,16220.02
11220,15961.74
11221,15961.74
11222,15961.74
11223,15961.74
11224,15154.5
11225,15154.5
11226,15154.5
11227,15154.5
11228,15309.14
11229,15309.14
11230,15309.14
11231,15309.14
11232,15132.78
11233,15132.78
11234,15132.78
11235,15132.78
11236,14518.4
11237,14518.4
11238,14518.4
11239,14518.4
11240,14313.95
11241,14313.95
11242,14313.95
11243,14313.95
11244,14376.59
11245,14376.59
11246,14376.59
11247,14376.59
11248,14041.39
11249,14041.39
11250,14041.39
11251,14041.39
11252,13962.64
11253,13962.64
11254,13962.64
11255,13962.64
11256,14129.21
11257,14129.21
11258,14129.21
11259,14129.21
11260,14765.19
11261,14765.19
11262,14765.19
11263,14765.19
11264,14612.68
11265,14612.68
11266,14612.68
11267,14612.68
11268,14731.53
11269,14731.53
11270,14731.53
11271,14731.53
11272,15184.34
11273,15184.34
11274,15184.34
11275,15184.34
11276,15078.25
11277,15078.25
11278,15078.25
11279,15078.25
11280,14125.92
11281,14125.92
11282,14125.92
11283,14125.92
11284,14134.09
11285,14134.09
11286,14134.09
11287,14134.09
11288,13853.58
11289,13853.58
11290,13853.58
11291,13853.58
11292,14017.53
11293,14017.53
11294,14017.53
11295,14017.53
11296,14214.97
11297,14214.97
11298,14214.97
11299,14214.97
11300,14125.31
11301,14125.31
11302,14125.31
11303,14125.31
11304,14583.93
11305,14583.93
11306,14583.93
11307,14583.93
11308,15424.97
11309,15424.97
11310,15424.97
11311,15424.97
11312,15438.82
11313,15438.82
11314,15438.82
11315,15438.82
11316,15776.54
11317,15776.54
11318,15776.54
11319,15776.54
11320,15851.06
11321,15851.06
11322,15851.06
11323,15851.06
11324,15787.74
11325,15787.74
11326,15787.74
11327,15787.74
11328,15139.24
11329,15139.24
11330,15139.24
11331,15139.24
11332,14779.49
11333,14779.49
11334,14779.49
11335,14779.49
11336,14381.17
11337,14381.17
11338,14381.17
11339,14381.17
11340,13936.02
11341,13936.02
11342,13936.02
11343,13936.02
11344,13630.75
11345,13630.75
11346,13630.75
11347,13630.75
11348,14034.27
11349,14034.27
11350,14034.27
11351,14034.27
11352,14736.81
11353,14736.81
11354,14736.81
11355,14736.81
11356,16413.52
11357,16413.52
11358,16413.52
11359,16413.52
11360,16702.7
11361,16702.7
11362,16702.7
11363,16702.7
11364,16711.53
11365,16711.53
11366,16711.53
11367,16711.53
11368,17150.55
11369,17150.55
11370,17150.55
11371,17150.55
11372,17163.68
11373,17163.68
11374,17163.68
11375,17163.68
11376,17373.22
11377,17373.22
11378,17373.22
11379,17373.22
11380,17137.08
11381,17137.08
11382,17137.08
11383,17137.08
11384,17014.13
11385,17014.13
11386,17014.13
11387,17014.13
11388,17456.63
11389,17456.63
11390,17456.63
11391,17456.63
11392,17832.49
11393,17832.49
11394,17832.49
11395,17832.49
11396,17976.11
11397,17976.11
11398,17976.11
11399,17976.11
11400,17874.87
11401,17874.87
11402,17874.87
11403,17874.87
11404,18544.29
11405,18544.29
11406,18544.29
11407,18544.29
11408,17896.24
11409,17896.24
11410,17896.24
11411,17896.24
11412,17747.53
11413,17747.53
11414,17747.53
11415,17747.53
11416,17862.06
11417,17862.06
11418,17862.06
11419,17862.06
11420,17472.06
11421,17472.06
11422,17472.06
11423,17472.06
11424,16755.72
11425,16755.72
11426,16755.72
11427,16755.72
11428,16138.63
11429,16138.63
11430,16138.63
11431,16138.63
11432,15645.42
11433,15645.42
11434,15645.42
11435,15645.42
11436,15300.67
11437,15300.67
11438,15300.67
11439,15300.67
11440,15250.64
11441,15250.64
11442,15250.64
11443,15250.64
11444,15338.5
11445,15338.5
11446,15338.5
11447,15338.5
11448,15649.94
11449,15649.94
11450,15649.94
11451,15649.94
11452,17352.41
11453,17352.41
11454,17352.41
11455,17352.41
11456,17326.81
11457,17326.81
11458,17326.81
11459,17326.81
11460,17574.91
11461,17574.91
11462,17574.91
11463,17574.91
11464,17735.69
11465,17735.69
11466,17735.69
11467,17735.69
11468,17552.24
11469,17552.24
11470,17552.24
11471,17552.24
11472,17082.99
11473,17082.99
11474,17082.99
11475,17082.99
11476,15116.52
11477,15116.52
11478,15116.52
11479,15116.52
11480,15605.21
11481,15605.21
11482,15605.21
11483,15605.21
11484,17046.72
11485,17046.72
11486,17046.72
11487,17046.72
11488,17754.78
11489,17754.78
11490,17754.78
11491,17754.78
11492,18488.81
11493,18488.81
11494,18488.81
11495,18488.81
11496,18588.74
11497,18588.74
11498,18588.74
11499,18588.74
11500,18481.3
11501,18481.3
11502,18481.3
11503,18481.3
11504,18070.03
11505,18070.03
11506,18070.03
11507,18070.03
11508,18025.65
11509,18025.65
11510,18025.65
11511,18025.65
11512,18408.65
11513,18408.65
11514,18408.65
11515,18408.65
11516,18026.88
11517,18026.88
11518,18026.88
11519,18026.88
11520,17149.63
11521,17149.63
11522,17149.63
11523,17149.63
11524,16529.89
11525,16529.89
11526,16529.89
11527,16529.89
11528,16078.31
11529,16078.31
11530,16078.31
11531,16078.31
11532,15935.07
11533,15935.07
11534,15935.07
11535,15935.07
11536,15783.68
11537,15783.68
11538,15783.68
11539,15783.68
11540,15952.28
11541,15952.28
11542,15952.28
11543,15952.28
11544,16186.79
11545,16186.79
11546,16186.79
11547,16186.79
11548,17640.86
11549,17640.86
11550,17640.86
11551,17640.86
11552,17396.29
11553,17396.29
11554,17396.29
11555,17396.29
11556,17738.31
11557,17738.31
11558,17738.31
11559,17738.31
11560,18407.34
11561,18407.34
11562,18407.34
11563,18407.34
11564,18819.08
11565,18819.08
11566,18819.08
11567,18819.08
11568,17412.9
11569,17412.9
11570,17412.9
11571,17412.9
11572,17745.55
11573,17745.55
11574,17745.55
11575,17745.55
11576,17664.86
11577,17664.86
11578,17664.86
11579,17664.86
11580,18305.29
11581,18305.29
11582,18305.29
11583,18305.29
11584,18689.73
11585,18689.73
11586,18689.73
11587,18689.73
11588,19600.5
11589,19600.5
11590,19600.5
11591,19600.5
11592,18937.69
11593,18937.69
11594,18937.69
11595,18937.69
11596,19126.56
11597,19126.56
11598,19126.56
11599,19126.56
11600,18730.85
11601,18730.85
11602,18730.85
11603,18730.85
11604,18639.05
11605,18639.05
11606,18639.05
11607,18639.05
11608,18806.64
11609,18806.64
11610,18806.64
11611,18806.64
11612,17710.65
11613,17710.65
11614,17710.65
11615,17710.65
11616,17505.8
11617,17505.8
11618,17505.8
11619,17505.8
11620,17114.6
11621,17114.6
11622,17114.6
11623,17114.6
11624,16661.22
11625,16661.22
11626,16661.22
11627,16661.22
11628,16264.15
11629,16264.15
11630,16264.15
11631,16264.15
11632,16172.88
11633,16172.88
11634,16172.88
11635,16172.88
11636,16237.41
11637,16237.41
11638,16237.41
11639,16237.41
11640,16614.4
11641,16614.4
11642,16614.4
11643,16614.4
11644,17816.85
11645,17816.85
11646,17816.85
11647,17816.85
11648,17573.29
11649,17573.29
11650,17573.29
11651,17573.29
11652,17960.42
11653,17960.42
11654,17960.42
11655,17960.42
11656,18433.89
11657,18433.89
11658,18433.89
11659,18433.89
11660,18673.87
11661,18673.87
11662,18673.87
11663,18673.87
11664,18635.44
11665,18635.44
11666,18635.44
11667,18635.44
11668,18562.56
11669,18562.56
11670,18562.56
11671,18562.56
11672,18398.36
11673,18398.36
11674,18398.36
11675,18398.36
11676,18903.03
11677,18903.03
11678,18903.03
11679,18903.03
11680,19172.13
11681,19172.13
11682,19172.13
11683,19172.13
11684,18829.04
11685,18829.04
11686,18829.04
11687,18829.04
11688,18533.24
11689,18533.24
11690,18533.24
11691,18533.24
11692,18794.92
11693,18794.92
11694,18794.92
11695,18794.92
11696,18429.84
11697,18429.84
11698,18429.84
11699,18429.84
11700,18232.83
11701,18232.83
11702,18232.83
11703,18232.83
11704,18461.84
11705,18461.84
11706,18461.84
11707,18461.84
11708,18003.3
11709,18003.3
11710,18003.3
11711,18003.3
11712,17238.84
11713,17238.84
11714,17238.84
11715,17238.84
11716,16761.31
11717,16761.31
11718,16761.31
11719,16761.31
11720,16389.72
11721,16389.72
11722,16389.72
11723,16389.72
11724,16096.72
11725,16096.72
11726,16096.72
11727,16096.72
11728,15859.42
11729,15859.42
11730,15859.42
11731,15859.42
11732,16121.54
11733,16121.54
11734,16121.54
11735,16121.54
11736,16258.68
11737,16258.68
11738,16258.68
11739,16258.68
11740,17732.26
11741,17732.26
11742,17732.26
11743,17732.26
11744,17655.94
11745,17655.94
11746,17655.94
11747,17655.94
11748,17755.4
11749,17755.4
11750,17755.4
11751,17755.4
11752,18527.96
11753,18527.96
11754,18527.96
11755,18527.96
11756,18233.55
11757,18233.55
11758,18233.55
11759,18233.55
11760,18269.96
11761,18269.96
11762,18269.96
11763,18269.96
11764,17701.45
11765,17701.45
11766,17701.45
11767,17701.45
11768,17841.05
11769,17841.05
11770,17841.05
11771,17841.05
11772,18754.71
11773,18754.71
11774,18754.71
11775,18754.71
11776,18805.55
11777,18805.55
11778,18805.55
11779,18805.55
11780,18519.02
11781,18519.02
11782,18519.02
11783,18519.02
11784,18262.3
11785,18262.3
11786,18262.3
11787,18262.3
11788,18465.87
11789,18465.87
11790,18465.87
11791,18465.87
11792,17977.8
11793,17977.8
11794,17977.8
11795,17977.8
11796,17896.62
11797,17896.62
11798,17896.62
11799,17896.62
11800,18263.09
11801,18263.09
11802,18263.09
11803,18263.09
11804,17896.22
11805,17896.22
11806,17896.22
11807,17896.22
11808,17054.89
11809,17054.89
11810,17054.89
11811,17054.89
11812,16479.79
11813,16479.79
11814,16479.79
11815,16479.79
11816,16154.32
11817,16154.32
11818,16154.32
11819,16154.32
11820,15651.56
11821,15651.56
11822,15651.56
11823,15651.56
11824,15448.04
11825,15448.04
11826,15448.04
11827,15448.04
11828,15356.83
11829,15356.83
11830,15356.83
11831,15356.83
11832,15483.32
11833,15483.32
11834,15483.32
11835,15483.32
11836,16438.55
11837,16438.55
11838,16438.55
11839,16438.55
11840,16613.53
11841,16613.53
11842,16613.53
11843,16613.53
11844,16909.62
11845,16909.62
11846,16909.62
11847,16909.62
11848,16687.21
11849,16687.21
11850,16687.21
11851,16687.21
11852,16499.93
11853,16499.93
11854,16499.93
11855,16499.93
11856,16629.78
11857,16629.78
11858,16629.78
11859,16629.78
11860,16717.72
11861,16717.72
11862,16717.72
11863,16717.72
11864,15228.6
11865,15228.6
11866,15228.6
11867,15228.6
11868,17460.3
11869,17460.3
11870,17460.3
11871,17460.3
11872,17819.88
11873,17819.88
11874,17819.88
11875,17819.88
11876,17987.24
11877,17987.24
11878,17987.24
11879,17987.24
11880,17704.75
11881,17704.75
11882,17704.75
11883,17704.75
11884,17633.96
11885,17633.96
11886,17633.96
11887,17633.96
11888,16873.19
11889,16873.19
11890,16873.19
11891,16873.19
11892,16623.88
11893,16623.88
11894,16623.88
11895,16623.88
11896,17081.47
11897,17081.47
11898,17081.47
11899,17081.47
11900,16709.98
11901,16709.98
11902,16709.98
11903,16709.98
11904,16027.18
11905,16027.18
11906,16027.18
11907,16027.18
11908,15577.8
11909,15577.8
11910,15577.8
11911,15577.8
11912,15165.06
11913,15165.06
11914,15165.06
11915,15165.06
11916,14886.82
11917,14886.82
11918,14886.82
11919,14886.82
11920,14738.03
11921,14738.03
11922,14738.03
11923,14738.03
11924,14711.02
11925,14711.02
11926,14711.02
11927,14711.02
11928,14587.99
11929,14587.99
11930,14587.99
11931,14587.99
11932,14594.4
11933,14594.4
11934,14594.4
11935,14594.4
11936,14405.75
11937,14405.75
11938,14405.75
11939,14405.75
11940,14419.21
11941,14419.21
11942,14419.21
11943,14419.21
11944,14317.78
11945,14317.78
11946,14317.78
11947,14317.78
11948,14193.03
11949,14193.03
11950,14193.03
11951,14193.03
11952,14265.43
11953,14265.43
11954,14265.43
11955,14265.43
11956,14289.55
11957,14289.55
11958,14289.55
11959,14289.55
11960,13910.46
11961,13910.46
11962,13910.46
11963,13910.46
11964,14329.16
11965,14329.16
11966,14329.16
11967,14329.16
11968,14440.82
11969,14440.82
11970,14440.82
11971,14440.82
11972,14419.79
11973,14419.79
11974,14419.79
11975,14419.79
11976,14261.69
11977,14261.69
11978,14261.69
11979,14261.69
11980,14669.67
11981,14669.67
11982,14669.67
11983,14669.67
11984,14403.71
11985,14403.71
11986,14403.71
11987,14403.71
11988,14611.19
11989,14611.19
11990,14611.19
11991,14611.19
11992,14855.63
11993,14855.63
11994,14855.63
11995,14855.63
11996,14424.02
11997,14424.02
11998,14424.02
11999,14424.02
12000,13827.47
12001,13827.47
12002,13827.47
12003,13827.47
12004,13211.15
12005,13211.15
12006,13211.15
12007,13211.15
12008,12808.99
12009,12808.99
12010,12808.99
12011,12808.99
12012,12951.97
12013,12951.97
12014,12951.97
12015,12951.97
12016,12123.44
12017,12123.44
12018,12123.44
12019,12123.44
12020,12354.26
12021,12354.26
12022,12354.26
12023,12354.26
12024,12855.8
12025,12855.8
12026,12855.8
12027,12855.8
12028,14640.07
12029,14640.07
12030,14640.07
12031,14640.07
12032,14809.75
12033,14809.75
12034,14809.75
12035,14809.75
12036,14963.14
12037,14963.14
12038,14963.14
12039,14963.14
12040,15625.38
12041,15625.38
12042,15625.38
12043,15625.38
12044,16579.03
12045,16579.03
12046,16579.03
12047,16579.03
12048,16526.94
12049,16526.94
12050,16526.94
12051,16526.94
12052,16124.03
12053,16124.03
12054,16124.03
12055,16124.03
12056,16055.21
12057,16055.21
12058,16055.21
12059,16055.21
12060,16469.74
12061,16469.74
12062,16469.74
12063,16469.74
12064,16786.07
12065,16786.07
12066,16786.07
12067,16786.07
12068,16001.86
12069,16001.86
12070,16001.86
12071,16001.86
12072,16566.09
12073,16566.09
12074,16566.09
12075,16566.09
12076,16874.09
12077,16874.09
12078,16874.09
12079,16874.09
12080,16122.79
12081,16122.79
12082,16122.79
12083,16122.79
12084,16317.64
12085,16317.64
12086,16317.64
12087,16317.64
12088,16358.25
12089,16358.25
12090,16358.25
12091,16358.25
12092,15678.38
12093,15678.38
12094,15678.38
12095,15678.38
12096,14857.14
12097,14857.14
12098,14857.14
12099,14857.14
12100,14397.15
12101,14397.15
12102,14397.15
12103,14397.15
12104,14003.34
12105,14003.34
12106,14003.34
12107,14003.34
12108,12491.42
12109,12491.42
12110,12491.42
12111,12491.42
12112,12007.26
12113,12007.26
12114,12007.26
12115,12007.26
12116,12589.65
12117,12589.65
12118,12589.65
12119,12589.65
12120,12966.48
12121,12966.48
12122,12966.48
12123,12966.48
12124,14235.59
12125,14235.59
12126,14235.59
12127,14235.59
12128,14858.65
12129,14858.65
12130,14858.65
12131,14858.65
12132,14051.92
12133,14051.92
12134,14051.92
12135,14051.92
12136,13615.38
12137,13615.38
12138,13615.38
12139,13615.38
12140,13425.75
12141,13425.75
12142,13425.75
12143,13425.75
12144,15662.69
12145,15662.69
12146,15662.69
12147,15662.69
12148,15533.38
12149,15533.38
12150,15533.38
12151,15533.38
12152,15282.65
12153,15282.65
12154,15282.65
12155,15282.65
12156,15915.04
12157,15915.04
12158,15915.04
12159,15915.04
12160,16513.37
12161,16513.37
12162,16513.37
12163,16513.37
12164,16772.58
12165,16772.58
12166,16772.58
12167,16772.58
12168,16469.82
12169,16469.82
12170,16469.82
12171,16469.82
12172,17142.26
12173,17142.26
12174,17142.26
12175,17142.26
12176,16336.99
12177,16336.99
12178,16336.99
12179,16336.99
12180,16268.43
12181,16268.43
12182,16268.43
12183,16268.43
12184,16319.01
12185,16319.01
12186,16319.01
12187,16319.01
12188,15685.42
12189,15685.42
12190,15685.42
12191,15685.42
12192,14877.09
12193,14877.09
12194,14877.09
12195,14877.09
12196,14257.22
12197,14257.22
12198,14257.22
12199,14257.22
12200,13884.89
12201,13884.89
12202,13884.89
12203,13884.89
12204,13666.9
12205,13666.9
12206,13666.9
12207,13666.9
12208,13621.43
12209,13621.43
12210,13621.43
12211,13621.43
12212,13635.27
12213,13635.27
12214,13635.27
12215,13635.27
12216,14244.1
12217,14244.1
12218,14244.1
12219,14244.1
12220,15518.67
12221,15518.67
12222,15518.67
12223,15518.67
12224,15308.96
12225,15308.96
12226,15308.96
12227,15308.96
12228,15247.43
12229,15247.43
12230,15247.43
12231,15247.43
12232,15523.66
12233,15523.66
12234,15523.66
12235,15523.66
12236,15632.58
12237,15632.58
12238,15632.58
12239,15632.58
12240,15616.08
12241,15616.08
12242,15616.08
12243,15616.08
12244,15348.66
12245,15348.66
12246,15348.66
12247,15348.66
12248,15331.29
12249,15331.29
12250,15331.29
12251,15331.29
12252,15915.29
12253,15915.29
12254,15915.29
12255,15915.29
12256,16563.24
12257,16563.24
12258,16563.24
12259,16563.24
12260,16990.05
12261,16990.05
12262,16990.05
12263,16990.05
12264,16727.81
12265,16727.81
12266,16727.81
12267,16727.81
12268,17171.96
12269,17171.96
12270,17171.96
12271,17171.96
12272,16662.92
12273,16662.92
12274,16662.92
12275,16662.92
12276,16659.05
12277,16659.05
12278,16659.05
12279,16659.05
12280,16852.23
12281,16852.23
12282,16852.23
12283,16852.23
12284,16285.59
12285,16285.59
12286,16285.59
12287,16285.59
12288,15284.32
12289,15284.32
12290,15284.32
12291,15284.32
12292,14802.12
12293,14802.12
12294,14802.12
12295,14802.12
12296,14367.44
12297,14367.44
12298,14367.44
12299,14367.44
12300,13954.86
12301,13954.86
12302,13954.86
12303,13954.86
12304,13840.71
12305,13840.71
12306,13840.71
12307,13840.71
12308,14066.94
12309,14066.94
12310,14066.94
12311,14066.94
12312,14591.57
12313,14591.57
12314,14591.57
12315,14591.57
12316,16064.83
12317,16064.83
12318,16064.83
12319,16064.83
12320,15686.68
12321,15686.68
12322,15686.68
12323,15686.68
12324,16079.17
12325,16079.17
12326,16079.17
12327,16079.17
12328,16318.01
12329,16318.01
12330,16318.01
12331,16318.01
12332,16476.34
12333,16476.34
12334,16476.34
12335,16476.34
12336,16464.14
12337,16464.14
12338,16464.14
12339,16464.14
12340,15843.3
12341,15843.3
12342,15843.3
12343,15843.3
12344,15921.09
12345,15921.09
12346,15921.09
12347,15921.09
12348,16843.0
12349,16843.0
12350,16843.0
12351,16843.0
12352,17028.17
12353,17028.17
12354,17028.17
12355,17028.17
12356,17576.63
12357,17576.63
12358,17576.63
12359,17576.63
12360,17349.64
12361,17349.64
12362,17349.64
12363,17349.64
12364,17894.71
12365,17894.71
12366,17894.71
12367,17894.71
12368,17407.65
12369,17407.65
12370,17407.65
12371,17407.65
12372,17309.04
12373,17309.04
12374,17309.04
12375,17309.04
12376,17484.67
12377,17484.67
12378,17484.67
12379,17484.67
12380,17101.49
12381,17101.49
12382,17101.49
12383,17101.49
12384,15890.93
12385,15890.93
12386,15890.93
12387,15890.93
12388,15360.61
12389,15360.61
12390,15360.61
12391,15360.61
12392,14848.34
12393,14848.34
12394,14848.34
12395,14848.34
12396,14478.95
12397,14478.95
12398,14478.95
12399,14478.95
12400,14357.0
12401,14357.0
12402,14357.0
12403,14357.0
12404,14674.99
12405,14674.99
12406,14674.99
12407,14674.99
12408,15156.76
12409,15156.76
12410,15156.76
12411,15156.76
12412,16637.29
12413,16637.29
12414,16637.29
12415,16637.29
12416,16464.75
12417,16464.75
12418,16464.75
12419,16464.75
12420,16669.27
12421,16669.27
12422,16669.27
12423,16669.27
12424,16911.33
12425,16911.33
12426,16911.33
12427,16911.33
12428,17064.46
12429,17064.46
12430,17064.46
12431,17064.46
12432,16880.74
12433,16880.74
12434,16880.74
12435,16880.74
12436,15979.84
12437,15979.84
12438,15979.84
12439,15979.84
12440,16069.24
12441,16069.24
12442,16069.24
12443,16069.24
12444,16967.49
12445,16967.49
12446,16967.49
12447,16967.49
12448,17285.03
12449,17285.03
12450,17285.03
12451,17285.03
12452,17374.55
12453,17374.55
12454,17374.55
12455,17374.55
12456,16974.44
12457,16974.44
12458,16974.44
12459,16974.44
12460,17313.87
12461,17313.87
12462,17313.87
12463,17313.87
12464,16969.55
12465,16969.55
12466,16969.55
12467,16969.55
12468,16753.56
12469,16753.56
12470,16753.56
12471,16753.56
12472,16763.49
12473,16763.49
12474,16763.49
12475,16763.49
12476,16249.13
12477,16249.13
12478,16249.13
12479,16249.13
12480,15598.18
12481,15598.18
12482,15598.18
12483,15598.18
12484,15132.63
12485,15132.63
12486,15132.63
12487,15132.63
12488,14782.81
12489,14782.81
12490,14782.81
12491,14782.81
12492,14614.4
12493,14614.4
12494,14614.4
12495,14614.4
12496,14443.77
12497,14443.77
12498,14443.77
12499,14443.77
12500,14422.01
12501,14422.01
12502,14422.01
12503,14422.01
12504,14541.97
12505,14541.97
12506,14541.97
12507,14541.97
12508,15195.51
12509,15195.51
12510,15195.51
12511,15195.51
12512,15446.61
12513,15446.61
12514,15446.61
12515,15446.61
12516,15601.89
12517,15601.89
12518,15601.89
12519,15601.89
12520,16266.42
12521,16266.42
12522,16266.42
12523,16266.42
12524,16398.35
12525,16398.35
12526,16398.35
12527,16398.35
12528,15909.44
12529,15909.44
12530,15909.44
12531,15909.44
12532,15090.41
12533,15090.41
12534,15090.41
12535,15090.41
12536,15525.71
12537,15525.71
12538,15525.71
12539,15525.71
12540,16349.28
12541,16349.28
12542,16349.28
12543,16349.28
12544,16240.36
12545,16240.36
12546,16240.36
12547,16240.36
12548,16107.35
12549,16107.35
12550,16107.35
12551,16107.35
12552,15783.33
12553,15783.33
12554,15783.33
12555,15783.33
12556,16285.0
12557,16285.0
12558,16285.0
12559,16285.0
12560,15737.56
12561,15737.56
12562,15737.56
12563,15737.56
12564,15599.34
12565,15599.34
12566,15599.34
12567,15599.34
12568,15560.48
12569,15560.48
12570,15560.48
12571,15560.48
12572,15012.08
12573,15012.08
12574,15012.08
12575,15012.08
12576,14562.73
12577,14562.73
12578,14562.73
12579,14562.73
12580,14323.92
12581,14323.92
12582,14323.92
12583,14323.92
12584,14020.44
12585,14020.44
12586,14020.44
12587,14020.44
12588,13663.87
12589,13663.87
12590,13663.87
12591,13663.87
12592,13569.29
12593,13569.29
12594,13569.29
12595,13569.29
12596,13595.3
12597,13595.3
12598,13595.3
12599,13595.3
12600,13554.29
12601,13554.29
12602,13554.29
12603,13554.29
12604,13895.22
12605,13895.22
12606,13895.22
12607,13895.22
12608,13978.43
12609,13978.43
12610,13978.43
12611,13978.43
12612,13991.13
12613,13991.13
12614,13991.13
12615,13991.13
12616,13986.08
12617,13986.08
12618,13986.08
12619,13986.08
12620,14001.77
12621,14001.77
12622,14001.77
12623,14001.77
12624,13966.63
12625,13966.63
12626,13966.63
12627,13966.63
12628,14039.26
12629,14039.26
12630,14039.26
12631,14039.26
12632,14050.36
12633,14050.36
12634,14050.36
12635,14050.36
12636,13342.14
12637,13342.14
12638,13342.14
12639,13342.14
12640,13508.5
12641,13508.5
12642,13508.5
12643,13508.5
12644,13325.89
12645,13325.89
12646,13325.89
12647,13325.89
12648,13519.98
12649,13519.98
12650,13519.98
12651,13519.98
12652,13616.02
12653,13616.02
12654,13616.02
12655,13616.02
12656,13505.62
12657,13505.62
12658,13505.62
12659,13505.62
12660,13574.33
12661,13574.33
12662,13574.33
12663,13574.33
12664,13564.54
12665,13564.54
12666,13564.54
12667,13564.54
12668,13089.56
12669,13089.56
12670,13089.56
12671,13089.56
12672,12495.72
12673,12495.72
12674,12495.72
12675,12495.72
12676,12120.44
12677,12120.44
12678,12120.44
12679,12120.44
12680,11790.07
12681,11790.07
12682,11790.07
12683,11790.07
12684,11667.01
12685,11667.01
12686,11667.01
12687,11667.01
12688,11590.12
12689,11590.12
12690,11590.12
12691,11590.12
12692,11653.67
12693,11653.67
12694,11653.67
12695,11653.67
12696,12247.45
12697,12247.45
12698,12247.45
12699,12247.45
12700,13955.43
12701,13955.43
12702,13955.43
12703,13955.43
12704,14366.59
12705,14366.59
12706,14366.59
12707,14366.59
12708,14060.87
12709,14060.87
12710,14060.87
12711,14060.87
12712,14480.19
12713,14480.19
12714,14480.19
12715,14480.19
12716,14755.68
12717,14755.68
12718,14755.68
12719,14755.68
12720,14606.48
12721,14606.48
12722,14606.48
12723,14606.48
12724,14593.89
12725,14593.89
12726,14593.89
12727,14593.89
12728,14479.64
12729,14479.64
12730,14479.64
12731,14479.64
12732,14908.65
12733,14908.65
12734,14908.65
12735,14908.65
12736,15263.16
12737,15263.16
12738,15263.16
12739,15263.16
12740,15453.72
12741,15453.72
12742,15453.72
12743,15453.72
12744,15183.83
12745,15183.83
12746,15183.83
12747,15183.83
12748,15796.76
12749,15796.76
12750,15796.76
12751,15796.76
12752,15532.91
12753,15532.91
12754,15532.91
12755,15532.91
12756,15146.09
12757,15146.09
12758,15146.09
12759,15146.09
12760,15155.33
12761,15155.33
12762,15155.33
12763,15155.33
12764,14423.8
12765,14423.8
12766,14423.8
12767,14423.8
12768,13604.65
12769,13604.65
12770,13604.65
12771,13604.65
12772,13343.47
12773,13343.47
12774,13343.47
12775,13343.47
12776,13024.12
12777,13024.12
12778,13024.12
12779,13024.12
12780,12597.74
12781,12597.74
12782,12597.74
12783,12597.74
12784,12536.61
12785,12536.61
12786,12536.61
12787,12536.61
12788,12914.62
12789,12914.62
12790,12914.62
12791,12914.62
12792,13494.58
12793,13494.58
12794,13494.58
12795,13494.58
12796,15266.07
12797,15266.07
12798,15266.07
12799,15266.07
12800,15135.97
12801,15135.97
12802,15135.97
12803,15135.97
12804,15127.53
12805,15127.53
12806,15127.53
12807,15127.53
12808,15082.27
12809,15082.27
12810,15082.27
12811,15082.27
12812,15186.88
12813,15186.88
12814,15186.88
12815,15186.88
12816,14990.76
12817,14990.76
12818,14990.76
12819,14990.76
12820,14921.94
12821,14921.94
12822,14921.94
12823,14921.94
12824,14572.8
12825,14572.8
12826,14572.8
12827,14572.8
12828,14689.69
12829,14689.69
12830,14689.69
12831,14689.69
12832,15256.97
12833,15256.97
12834,15256.97
12835,15256.97
12836,15314.73
12837,15314.73
12838,15314.73
12839,15314.73
12840,15686.55
12841,15686.55
12842,15686.55
12843,15686.55
12844,16188.95
12845,16188.95
12846,16188.95
12847,16188.95
12848,15710.76
12849,15710.76
12850,15710.76
12851,15710.76
12852,15327.55
12853,15327.55
12854,15327.55
12855,15327.55
12856,14923.23
12857,14923.23
12858,14923.23
12859,14923.23
12860,14371.62
12861,14371.62
12862,14371.62
12863,14371.62
12864,13708.74
12865,13708.74
12866,13708.74
12867,13708.74
12868,13379.05
12869,13379.05
12870,13379.05
12871,13379.05
12872,13007.96
12873,13007.96
12874,13007.96
12875,13007.96
12876,12791.47
12877,12791.47
12878,12791.47
12879,12791.47
12880,12797.56
12881,12797.56
12882,12797.56
12883,12797.56
12884,12863.24
12885,12863.24
12886,12863.24
12887,12863.24
12888,13528.66
12889,13528.66
12890,13528.66
12891,13528.66
12892,15174.56
12893,15174.56
12894,15174.56
12895,15174.56
12896,15410.42
12897,15410.42
12898,15410.42
12899,15410.42
12900,15163.81
12901,15163.81
12902,15163.81
12903,15163.81
12904,14939.64
12905,14939.64
12906,14939.64
12907,14939.64
12908,15086.82
12909,15086.82
12910,15086.82
12911,15086.82
12912,14628.94
12913,14628.94
12914,14628.94
12915,14628.94
12916,14891.4
12917,14891.4
12918,14891.4
12919,14891.4
12920,14183.18
12921,14183.18
12922,14183.18
12923,14183.18
12924,14482.23
12925,14482.23
12926,14482.23
12927,14482.23
12928,14919.15
12929,14919.15
12930,14919.15
12931,14919.15
12932,15221.56
12933,15221.56
12934,15221.56
12935,15221.56
12936,15555.92
12937,15555.92
12938,15555.92
12939,15555.92
12940,15898.44
12941,15898.44
12942,15898.44
12943,15898.44
12944,15431.1
12945,15431.1
12946,15431.1
12947,15431.1
12948,15139.38
12949,15139.38
12950,15139.38
12951,15139.38
12952,14798.03
12953,14798.03
12954,14798.03
12955,14798.03
12956,14194.98
12957,14194.98
12958,14194.98
12959,14194.98
12960,13521.15
12961,13521.15
12962,13521.15
12963,13521.15
12964,13300.62
12965,13300.62
12966,13300.62
12967,13300.62
12968,12959.83
12969,12959.83
12970,12959.83
12971,12959.83
12972,12848.3
12973,12848.3
12974,12848.3
12975,12848.3
12976,12833.8
12977,12833.8
12978,12833.8
12979,12833.8
12980,12997.42
12981,12997.42
12982,12997.42
12983,12997.42
12984,13587.46
12985,13587.46
12986,13587.46
12987,13587.46
12988,15290.9
12989,15290.9
12990,15290.9
12991,15290.9
12992,15318.44
12993,15318.44
12994,15318.44
12995,15318.44
12996,15273.37
12997,15273.37
12998,15273.37
12999,15273.37
13000,14999.79
13001,14999.79
13002,14999.79
13003,14999.79
13004,14637.33
13005,14637.33
13006,14637.33
13007,14637.33
13008,14762.5
13009,14762.5
13010,14762.5
13011,14762.5
13012,14612.26
13013,14612.26
13014,14612.26
13015,14612.26
13016,14441.23
13017,14441.23
13018,14441.23
13019,14441.23
13020,14876.64
13021,14876.64
13022,14876.64
13023,14876.64
13024,15325.38
13025,15325.38
13026,15325.38
13027,15325.38
13028,15562.7
13029,15562.7
13030,15562.7
13031,15562.7
13032,15757.36
13033,15757.36
13034,15757.36
13035,15757.36
13036,16247.53
13037,16247.53
13038,16247.53
13039,16247.53
13040,15898.68
13041,15898.68
13042,15898.68
13043,15898.68
13044,15417.5
13045,15417.5
13046,15417.5
13047,15417.5
13048,15170.15
13049,15170.15
13050,15170.15
13051,15170.15
13052,14643.34
13053,14643.34
13054,14643.34
13055,14643.34
13056,14250.1
13057,14250.1
13058,14250.1
13059,14250.1
13060,13827.29
13061,13827.29
13062,13827.29
13063,13827.29
13064,13461.88
13065,13461.88
13066,13461.88
13067,13461.88
13068,13111.32
13069,13111.32
13070,13111.32
13071,13111.32
13072,12733.77
13073,12733.77
13074,12733.77
13075,12733.77
13076,12943.21
13077,12943.21
13078,12943.21
13079,12943.21
13080,13294.35
13081,13294.35
13082,13294.35
13083,13294.35
13084,14004.32
13085,14004.32
13086,14004.32
13087,14004.32
13088,13747.77
13089,13747.77
13090,13747.77
13091,13747.77
13092,13208.34
13093,13208.34
13094,13208.34
13095,13208.34
13096,13560.75
13097,13560.75
13098,13560.75
13099,13560.75
13100,12985.32
13101,12985.32
13102,12985.32
13103,12985.32
13104,13200.69
13105,13200.69
13106,13200.69
13107,13200.69
13108,13186.03
13109,13186.03
13110,13186.03
13111,13186.03
13112,11623.45
13113,11623.45
13114,11623.45
13115,11623.45
13116,12810.03
13117,12810.03
13118,12810.03
13119,12810.03
13120,12932.12
13121,12932.12
13122,12932.12
13123,12932.12
13124,13500.0
13125,13500.0
13126,13500.0
13127,13500.0
13128,13248.99
13129,13248.99
13130,13248.99
13131,13248.99
13132,13868.78
13133,13868.78
13134,13868.78
13135,13868.78
13136,13474.11
13137,13474.11
13138,13474.11
13139,13474.11
13140,13239.96
13141,13239.96
13142,13239.96
13143,13239.96
13144,13311.48
13145,13311.48
13146,13311.48
13147,13311.48
13148,12947.27
13149,12947.27
13150,12947.27
13151,12947.27
13152,12380.51
13153,12380.51
13154,12380.51
13155,12380.51
13156,11994.2
13157,11994.2
13158,11994.2
13159,11994.2
13160,11598.73
13161,11598.73
13162,11598.73
13163,11598.73
13164,11493.1
13165,11493.1
13166,11493.1
13167,11493.1
13168,11388.21
13169,11388.21
13170,11388.21
13171,11388.21
13172,11634.01
13173,11634.01
13174,11634.01
13175,11634.01
13176,12023.63
13177,12023.63
13178,12023.63
13179,12023.63
13180,13259.36
13181,13259.36
13182,13259.36
13183,13259.36
13184,13873.04
13185,13873.04
13186,13873.04
13187,13873.04
13188,14739.43
13189,14739.43
13190,14739.43
13191,14739.43
13192,15533.77
13193,15533.77
13194,15533.77
13195,15533.77
13196,15588.68
13197,15588.68
13198,15588.68
13199,15588.68
13200,15481.07
13201,15481.07
13202,15481.07
13203,15481.07
13204,15060.95
13205,15060.95
13206,15060.95
13207,15060.95
13208,15015.91
13209,15015.91
13210,15015.91
13211,15015.91
13212,15373.36
13213,15373.36
13214,15373.36
13215,15373.36
13216,15513.95
13217,15513.95
13218,15513.95
13219,15513.95
13220,15769.41
13221,15769.41
13222,15769.41
13223,15769.41
13224,15124.14
13225,15124.14
13226,15124.14
13227,15124.14
13228,15268.41
13229,15268.41
13230,15268.41
13231,15268.41
13232,14789.65
13233,14789.65
13234,14789.65
13235,14789.65
13236,13711.66
13237,13711.66
13238,13711.66
13239,13711.66
13240,13635.46
13241,13635.46
13242,13635.46
13243,13635.46
13244,12958.08
13245,12958.08
13246,12958.08
13247,12958.08
13248,13257.12
13249,13257.12
13250,13257.12
13251,13257.12
13252,12824.87
13253,12824.87
13254,12824.87
13255,12824.87
13256,12629.54
13257,12629.54
13258,12629.54
13259,12629.54
13260,12237.37
13261,12237.37
13262,12237.37
13263,12237.37
13264,12230.6
13265,12230.6
13266,12230.6
13267,12230.6
13268,12255.43
13269,12255.43
13270,12255.43
13271,12255.43
13272,12730.94
13273,12730.94
13274,12730.94
13275,12730.94
13276,13322.4
13277,13322.4
13278,13322.4
13279,13322.4
13280,13503.75
13281,13503.75
13282,13503.75
13283,13503.75
13284,13523.62
13285,13523.62
13286,13523.62
13287,13523.62
13288,13804.09
13289,13804.09
13290,13804.09
13291,13804.09
13292,13786.07
13293,13786.07
13294,13786.07
13295,13786.07
13296,13490.52
13297,13490.52
13298,13490.52
13299,13490.52
13300,13578.75
13301,13578.75
13302,13578.75
13303,13578.75
13304,13160.96
13305,13160.96
13306,13160.96
13307,13160.96
13308,13135.44
13309,13135.44
13310,13135.44
13311,13135.44
13312,13409.9
13313,13409.9
13314,13409.9
13315,13409.9
13316,13380.52
13317,13380.52
13318,13380.52
13319,13380.52
13320,13028.25
13321,13028.25
13322,13028.25
13323,13028.25
13324,13196.53
13325,13196.53
13326,13196.53
13327,13196.53
13328,13092.51
13329,13092.51
13330,13092.51
13331,13092.51
13332,13094.07
13333,13094.07
13334,13094.07
13335,13094.07
13336,13060.45
13337,13060.45
13338,13060.45
13339,13060.45
13340,12578.49
13341,12578.49
13342,12578.49
13343,12578.49
13344,11992.56
13345,11992.56
13346,11992.56
13347,11992.56
13348,11685.53
13349,11685.53
13350,11685.53
13351,11685.53
13352,11467.05
13353,11467.05
13354,11467.05
13355,11467.05
13356,11297.07
13357,11297.07
13358,11297.07
13359,11297.07
13360,11097.78
13361,11097.78
13362,11097.78
13363,11097.78
13364,11590.8
13365,11590.8
13366,11590.8
13367,11590.8
13368,12303.25
13369,12303.25
13370,12303.25
13371,12303.25
13372,14491.64
13373,14491.64
13374,14491.64
13375,14491.64
13376,14513.57
13377,14513.57
13378,14513.57
13379,14513.57
13380,14614.23
13381,14614.23
13382,14614.23
13383,14614.23
13384,15073.74
13385,15073.74
13386,15073.74
13387,15073.74
13388,15128.74
13389,15128.74
13390,15128.74
13391,15128.74
13392,14673.29
13393,14673.29
13394,14673.29
13395,14673.29
13396,15102.03
13397,15102.03
13398,15102.03
13399,15102.03
13400,15100.71
13401,15100.71
13402,15100.71
13403,15100.71
13404,15543.69
13405,15543.69
13406,15543.69
13407,15543.69
13408,16112.55
13409,16112.55
13410,16112.55
13411,16112.55
13412,16865.37
13413,16865.37
13414,16865.37
13415,16865.37
13416,15698.24
13417,15698.24
13418,15698.24
13419,15698.24
13420,15946.83
13421,15946.83
13422,15946.83
13423,15946.83
13424,15472.88
13425,15472.88
13426,15472.88
13427,15472.88
13428,15195.42
13429,15195.42
13430,15195.42
13431,15195.42
13432,15056.98
13433,15056.98
13434,15056.98
13435,15056.98
13436,14419.5
13437,14419.5
13438,14419.5
13439,14419.5
13440,13715.87
13441,13715.87
13442,13715.87
13443,13715.87
13444,12564.28
13445,12564.28
13446,12564.28
13447,12564.28
13448,12137.46
13449,12137.46
13450,12137.46
13451,12137.46
13452,11950.63
13453,11950.63
13454,11950.63
13455,11950.63
13456,11782.99
13457,11782.99
13458,11782.99
13459,11782.99
13460,12153.24
13461,12153.24
13462,12153.24
13463,12153.24
13464,12916.31
13465,12916.31
13466,12916.31
13467,12916.31
13468,14553.03
13469,14553.03
13470,14553.03
13471,14553.03
13472,15281.99
13473,15281.99
13474,15281.99
13475,15281.99
13476,15080.08
13477,15080.08
13478,15080.08
13479,15080.08
13480,15071.36
13481,15071.36
13482,15071.36
13483,15071.36
13484,14979.91
13485,14979.91
13486,14979.91
13487,14979.91
13488,14746.95
13489,14746.95
13490,14746.95
13491,14746.95
13492,14547.59
13493,14547.59
13494,14547.59
13495,14547.59
13496,14427.39
13497,14427.39
13498,14427.39
13499,14427.39
13500,14778.4
13501,14778.4
13502,14778.4
13503,14778.4
13504,15489.05
13505,15489.05
13506,15489.05
13507,15489.05
13508,15942.63
13509,15942.63
13510,15942.63
13511,15942.63
13512,16544.46
13513,16544.46
13514,16544.46
13515,16544.46
13516,17041.32
13517,17041.32
13518,17041.32
13519,17041.32
13520,16464.54
13521,16464.54
13522,16464.54
13523,16464.54
13524,16186.67
13525,16186.67
13526,16186.67
13527,16186.67
13528,16061.71
13529,16061.71
13530,16061.71
13531,16061.71
13532,15469.33
13533,15469.33
13534,15469.33
13535,15469.33
13536,14867.17
13537,14867.17
13538,14867.17
13539,14867.17
13540,14419.72
13541,14419.72
13542,14419.72
13543,14419.72
13544,14006.53
13545,14006.53
13546,14006.53
13547,14006.53
13548,13708.24
13549,13708.24
13550,13708.24
13551,13708.24
13552,13697.33
13553,13697.33
13554,13697.33
13555,13697.33
13556,13960.5
13557,13960.5
13558,13960.5
13559,13960.5
13560,14433.49
13561,14433.49
13562,14433.49
13563,14433.49
13564,16322.48
13565,16322.48
13566,16322.48
13567,16322.48
13568,16215.24
13569,16215.24
13570,16215.24
13571,16215.24
13572,16256.38
13573,16256.38
13574,16256.38
13575,16256.38
13576,16604.73
13577,16604.73
13578,16604.73
13579,16604.73
13580,16619.02
13581,16619.02
13582,16619.02
13583,16619.02
13584,16409.44
13585,16409.44
13586,16409.44
13587,16409.44
13588,16066.49
13589,16066.49
13590,16066.49
13591,16066.49
13592,15867.98
13593,15867.98
13594,15867.98
13595,15867.98
13596,16671.29
13597,16671.29
13598,16671.29
13599,16671.29
13600,17083.85
13601,17083.85
13602,17083.85
13603,17083.85
13604,17554.92
13605,17554.92
13606,17554.92
13607,17554.92
13608,17330.74
13609,17330.74
13610,17330.74
13611,17330.74
13612,17740.42
13613,17740.42
13614,17740.42
13615,17740.42
13616,17072.65
13617,17072.65
13618,17072.65
13619,17072.65
13620,16914.51
13621,16914.51
13622,16914.51
13623,16914.51
13624,17112.77
13625,17112.77
13626,17112.77
13627,17112.77
13628,16604.66
13629,16604.66
13630,16604.66
13631,16604.66
13632,15856.06
13633,15856.06
13634,15856.06
13635,15856.06
13636,15595.77
13637,15595.77
13638,15595.77
13639,15595.77
13640,15240.2
13641,15240.2
13642,15240.2
13643,15240.2
13644,14998.12
13645,14998.12
13646,14998.12
13647,14998.12
13648,14915.58
13649,14915.58
13650,14915.58
13651,14915.58
13652,14960.79
13653,14960.79
13654,14960.79
13655,14960.79
13656,15311.07
13657,15311.07
13658,15311.07
13659,15311.07
13660,16912.71
13661,16912.71
13662,16912.71
13663,16912.71
13664,16823.63
13665,16823.63
13666,16823.63
13667,16823.63
13668,17144.44
13669,17144.44
13670,17144.44
13671,17144.44
13672,16986.32
13673,16986.32
13674,16986.32
13675,16986.32
13676,17092.11
13677,17092.11
13678,17092.11
13679,17092.11
13680,16853.9
13681,16853.9
13682,16853.9
13683,16853.9
13684,16394.41
13685,16394.41
13686,16394.41
13687,16394.41
13688,16394.92
13689,16394.92
13690,16394.92
13691,16394.92
13692,17099.32
13693,17099.32
13694,17099.32
13695,17099.32
13696,17436.2
13697,17436.2
13698,17436.2
13699,17436.2
13700,17708.23
13701,17708.23
13702,17708.23
13703,17708.23
13704,18076.81
13705,18076.81
13706,18076.81
13707,18076.81
13708,18117.85
13709,18117.85
13710,18117.85
13711,18117.85
13712,17328.93
13713,17328.93
13714,17328.93
13715,17328.93
13716,17252.18
13717,17252.18
13718,17252.18
13719,17252.18
13720,17710.8
13721,17710.8
13722,17710.8
13723,17710.8
13724,17492.61
13725,17492.61
13726,17492.61
13727,17492.61
13728,16644.03
13729,16644.03
13730,16644.03
13731,16644.03
13732,16385.59
13733,16385.59
13734,16385.59
13735,16385.59
13736,16077.29
13737,16077.29
13738,16077.29
13739,16077.29
13740,15760.77
13741,15760.77
13742,15760.77
13743,15760.77
13744,15428.31
13745,15428.31
13746,15428.31
13747,15428.31
13748,15442.95
13749,15442.95
13750,15442.95
13751,15442.95
13752,15927.89
13753,15927.89
13754,15927.89
13755,15927.89
13756,17368.52
13757,17368.52
13758,17368.52
13759,17368.52
13760,17659.88
13761,17659.88
13762,17659.88
13763,17659.88
13764,17862.39
13765,17862.39
13766,17862.39
13767,17862.39
13768,18013.82
13769,18013.82
13770,18013.82
13771,18013.82
13772,17798.27
13773,17798.27
13774,17798.27
13775,17798.27
13776,17286.83
13777,17286.83
13778,17286.83
13779,17286.83
13780,17591.49
13781,17591.49
13782,17591.49
13783,17591.49
13784,17591.49
13785,17591.49
13786,17591.49
13787,17591.49
13788,17442.48
13789,17442.48
13790,17442.48
13791,17442.48
13792,17633.76
13793,17633.76
13794,17633.76
13795,17633.76
13796,17891.73
13797,17891.73
13798,17891.73
13799,17891.73
13800,17631.83
13801,17631.83
13802,17631.83
13803,17631.83
13804,17560.79
13805,17560.79
13806,17560.79
13807,17560.79
13808,16630.0
13809,16630.0
13810,16630.0
13811,16630.0
13812,16612.35
13813,16612.35
13814,16612.35
13815,16612.35
13816,16642.15
13817,16642.15
13818,16642.15
13819,16642.15
13820,16157.04
13821,16157.04
13822,16157.04
13823,16157.04
13824,15351.25
13825,15351.25
13826,15351.25
13827,15351.25
13828,15109.1
13829,15109.1
13830,15109.1
13831,15109.1
13832,14582.33
13833,14582.33
13834,14582.33
13835,14582.33
13836,14137.09
13837,14137.09
13838,14137.09
13839,14137.09
13840,13850.19
13841,13850.19
13842,13850.19
13843,13850.19
13844,13766.23
13845,13766.23
13846,13766.23
13847,13766.23
13848,14309.57
13849,14309.57
13850,14309.57
13851,14309.57
13852,15446.8
13853,15446.8
13854,15446.8
13855,15446.8
13856,15733.05
13857,15733.05
13858,15733.05
13859,15733.05
13860,16415.66
13861,16415.66
13862,16415.66
13863,16415.66
13864,16870.91
13865,16870.91
13866,16870.91
13867,16870.91
13868,17106.71
13869,17106.71
13870,17106.71
13871,17106.71
13872,17042.1
13873,17042.1
13874,17042.1
13875,17042.1
13876,16867.34
13877,16867.34
13878,16867.34
13879,16867.34
13880,16511.1
13881,16511.1
13882,16511.1
13883,16511.1
13884,16871.53
13885,16871.53
13886,16871.53
13887,16871.53
13888,17154.12
13889,17154.12
13890,17154.12
13891,17154.12
13892,17327.55
13893,17327.55
13894,17327.55
13895,17327.55
13896,17156.77
13897,17156.77
13898,17156.77
13899,17156.77
13900,17245.36
13901,17245.36
13902,17245.36
13903,17245.36
13904,16431.84
13905,16431.84
13906,16431.84
13907,16431.84
13908,16057.84
13909,16057.84
13910,16057.84
13911,16057.84
13912,15947.11
13913,15947.11
13914,15947.11
13915,15947.11
13916,15474.99
13917,15474.99
13918,15474.99
13919,15474.99
13920,14872.4
13921,14872.4
13922,14872.4
13923,14872.4
13924,14651.35
13925,14651.35
13926,14651.35
13927,14651.35
13928,14213.27
13929,14213.27
13930,14213.27
13931,14213.27
13932,14005.47
13933,14005.47
13934,14005.47
13935,14005.47
13936,13836.14
13937,13836.14
13938,13836.14
13939,13836.14
13940,13983.42
13941,13983.42
13942,13983.42
13943,13983.42
13944,13872.67
13945,13872.67
13946,13872.67
13947,13872.67
13948,14408.79
13949,14408.79
13950,14408.79
13951,14408.79
13952,14270.51
13953,14270.51
13954,14270.51
13955,14270.51
13956,14412.65
13957,14412.65
13958,14412.65
13959,14412.65
13960,14525.59
13961,14525.59
13962,14525.59
13963,14525.59
13964,14671.84
13965,14671.84
13966,14671.84
13967,14671.84
13968,14657.41
13969,14657.41
13970,14657.41
13971,14657.41
13972,14666.41
13973,14666.41
13974,14666.41
13975,14666.41
13976,14666.41
13977,14666.41
13978,14666.41
13979,14666.41
13980,14666.41
13981,14666.41
13982,14666.41
13983,14666.41
13984,15293.84
13985,15293.84
13986,15293.84
13987,15293.84
13988,15512.84
13989,15512.84
13990,15512.84
13991,15512.84
13992,15006.14
13993,15006.14
13994,15006.14
13995,15006.14
13996,15555.71
13997,15555.71
13998,15555.71
13999,15555.71
14000,15014.7
14001,15014.7
14002,15014.7
14003,15014.7
14004,15034.96
14005,15034.96
14006,15034.96
14007,15034.96
14008,15323.88
14009,15323.88
14010,15323.88
14011,15323.88
14012,15041.11
14013,15041.11
14014,15041.11
14015,15041.11
14016,14435.79
14017,14435.79
14018,14435.79
14019,14435.79
14020,14031.9
14021,14031.9
14022,14031.9
14023,14031.9
14024,13693.96
14025,13693.96
14026,13693.96
14027,13693.96
14028,13427.93
14029,13427.93
14030,13427.93
14031,13427.93
14032,13309.82
14033,13309.82
14034,13309.82
14035,13309.82
14036,13528.03
14037,13528.03
14038,13528.03
14039,13528.03
14040,14080.55
14041,14080.55
14042,14080.55
14043,14080.55
14044,15813.96
14045,15813.96
14046,15813.96
14047,15813.96
14048,15777.08
14049,15777.08
14050,15777.08
14051,15777.08
14052,16267.93
14053,16267.93
14054,16267.93
14055,16267.93
14056,16123.49
14057,16123.49
14058,16123.49
14059,16123.49
14060,16521.94
14061,16521.94
14062,16521.94
14063,16521.94
14064,16265.42
14065,16265.42
14066,16265.42
14067,16265.42
14068,15738.47
14069,15738.47
14070,15738.47
14071,15738.47
14072,15793.95
14073,15793.95
14074,15793.95
14075,15793.95
14076,16637.67
14077,16637.67
14078,16637.67
14079,16637.67
14080,17182.72
14081,17182.72
14082,17182.72
14083,17182.72
14084,17082.73
14085,17082.73
14086,17082.73
14087,17082.73
14088,17447.92
14089,17447.92
14090,17447.92
14091,17447.92
14092,18106.1
14093,18106.1
14094,18106.1
14095,18106.1
14096,17503.64
14097,17503.64
14098,17503.64
14099,17503.64
14100,17279.96
14101,17279.96
14102,17279.96
14103,17279.96
14104,17516.34
14105,17516.34
14106,17516.34
14107,17516.34
14108,17038.77
14109,17038.77
14110,17038.77
14111,17038.77
14112,16186.18
14113,16186.18
14114,16186.18
14115,16186.18
14116,15581.1
14117,15581.1
14118,15581.1
14119,15581.1
14120,14973.85
14121,14973.85
14122,14973.85
14123,14973.85
14124,14661.57
14125,14661.57
14126,14661.57
14127,14661.57
14128,14445.86
14129,14445.86
14130,14445.86
14131,14445.86
14132,14589.48
14133,14589.48
14134,14589.48
14135,14589.48
14136,15343.9
14137,15343.9
14138,15343.9
14139,15343.9
14140,16938.89
14141,16938.89
14142,16938.89
14143,16938.89
14144,16589.26
14145,16589.26
14146,16589.26
14147,16589.26
14148,16697.41
14149,16697.41
14150,16697.41
14151,16697.41
14152,17202.14
14153,17202.14
14154,17202.14
14155,17202.14
14156,17570.5
14157,17570.5
14158,17570.5
14159,17570.5
14160,17475.1
14161,17475.1
14162,17475.1
14163,17475.1
14164,16924.38
14165,16924.38
14166,16924.38
14167,16924.38
14168,16629.04
14169,16629.04
14170,16629.04
14171,16629.04
14172,17346.84
14173,17346.84
14174,17346.84
14175,17346.84
14176,18017.04
14177,18017.04
14178,18017.04
14179,18017.04
14180,17802.74
14181,17802.74
14182,17802.74
14183,17802.74
14184,17531.53
14185,17531.53
14186,17531.53
14187,17531.53
14188,18149.04
14189,18149.04
14190,18149.04
14191,18149.04
14192,17358.2
14193,17358.2
14194,17358.2
14195,17358.2
14196,17154.26
14197,17154.26
14198,17154.26
14199,17154.26
14200,17229.44
14201,17229.44
14202,17229.44
14203,17229.44
14204,16952.07
14205,16952.07
14206,16952.07
14207,16952.07
14208,16413.83
14209,16413.83
14210,16413.83
14211,16413.83
14212,15623.11
14213,15623.11
14214,15623.11
14215,15623.11
14216,15149.31
14217,15149.31
14218,15149.31
14219,15149.31
14220,14790.09
14221,14790.09
14222,14790.09
14223,14790.09
14224,14728.54
14225,14728.54
14226,14728.54
14227,14728.54
14228,15206.24
14229,15206.24
14230,15206.24
14231,15206.24
14232,15129.07
14233,15129.07
14234,15129.07
14235,15129.07
14236,15892.87
14237,15892.87
14238,15892.87
14239,15892.87
14240,15430.19
14241,15430.19
14242,15430.19
14243,15430.19
14244,16008.81
14245,16008.81
14246,16008.81
14247,16008.81
14248,15988.6
14249,15988.6
14250,15988.6
14251,15988.6
14252,16940.56
14253,16940.56
14254,16940.56
14255,16940.56
14256,16940.59
14257,16940.59
14258,16940.59
14259,16940.59
14260,16510.61
14261,16510.61
14262,16510.61
14263,16510.61
14264,16141.22
14265,16141.22
14266,16141.22
14267,16141.22
14268,16549.21
14269,16549.21
14270,16549.21
14271,16549.21
14272,16798.12
14273,16798.12
14274,16798.12
14275,16798.12
14276,15986.8
14277,15986.8
14278,15986.8
14279,15986.8
14280,15803.25
14281,15803.25
14282,15803.25
14283,15803.25
14284,15793.91
14285,15793.91
14286,15793.91
14287,15793.91
14288,15409.5
14289,15409.5
14290,15409.5
14291,15409.5
14292,15479.5
14293,15479.5
14294,15479.5
14295,15479.5
14296,15825.06
14297,15825.06
14298,15825.06
14299,15825.06
14300,15315.62
14301,15315.62
14302,15315.62
14303,15315.62
14304,14705.45
14305,14705.45
14306,14705.45
14307,14705.45
14308,14454.12
14309,14454.12
14310,14454.12
14311,14454.12
14312,14192.77
14313,14192.77
14314,14192.77
14315,14192.77
14316,13840.92
14317,13840.92
14318,13840.92
14319,13840.92
14320,13945.04
14321,13945.04
14322,13945.04
14323,13945.04
14324,13866.35
14325,13866.35
14326,13866.35
14327,13866.35
14328,14162.56
14329,14162.56
14330,14162.56
14331,14162.56
14332,16029.68
14333,16029.68
14334,16029.68
14335,16029.68
14336,16004.37
14337,16004.37
14338,16004.37
14339,16004.37
14340,16507.99
14341,16507.99
14342,16507.99
14343,16507.99
14344,17101.29
14345,17101.29
14346,17101.29
14347,17101.29
14348,17312.91
14349,17312.91
14350,17312.91
14351,17312.91
14352,17093.79
14353,17093.79
14354,17093.79
14355,17093.79
14356,16599.68
14357,16599.68
14358,16599.68
14359,16599.68
14360,16846.31
14361,16846.31
14362,16846.31
14363,16846.31
14364,17188.95
14365,17188.95
14366,17188.95
14367,17188.95
14368,17962.44
14369,17962.44
14370,17962.44
14371,17962.44
14372,17287.85
14373,17287.85
14374,17287.85
14375,17287.85
14376,17269.66
14377,17269.66
14378,17269.66
14379,17269.66
14380,17303.27
14381,17303.27
14382,17303.27
14383,17303.27
14384,16644.9
14385,16644.9
14386,16644.9
14387,16644.9
14388,16376.83
14389,16376.83
14390,16376.83
14391,16376.83
14392,16604.04
14393,16604.04
14394,16604.04
14395,16604.04
14396,16284.98
14397,16284.98
14398,16284.98
14399,16284.98
14400,15418.45
14401,15418.45
14402,15418.45
14403,15418.45
14404,14914.9
14405,14914.9
14406,14914.9
14407,14914.9
14408,14530.91
14409,14530.91
14410,14530.91
14411,14530.91
14412,14227.82
14413,14227.82
14414,14227.82
14415,14227.82
14416,14269.45
14417,14269.45
14418,14269.45
14419,14269.45
14420,14534.8
14421,14534.8
14422,14534.8
14423,14534.8
14424,14900.86
14425,14900.86
14426,14900.86
14427,14900.86
14428,16365.65
14429,16365.65
14430,16365.65
14431,16365.65
14432,16137.0
14433,16137.0
14434,16137.0
14435,16137.0
14436,15856.21
14437,15856.21
14438,15856.21
14439,15856.21
14440,15278.77
14441,15278.77
14442,15278.77
14443,15278.77
14444,17057.65
14445,17057.65
14446,17057.65
14447,17057.65
14448,16890.56
14449,16890.56
14450,16890.56
14451,16890.56
14452,17028.0
14453,17028.0
14454,17028.0
14455,17028.0
14456,16603.28
14457,16603.28
14458,16603.28
14459,16603.28
14460,17319.64
14461,17319.64
14462,17319.64
14463,17319.64
14464,18058.18
14465,18058.18
14466,18058.18
14467,18058.18
14468,17753.38
14469,17753.38
14470,17753.38
14471,17753.38
14472,17719.28
14473,17719.28
14474,17719.28
14475,17719.28
14476,17611.69
14477,17611.69
14478,17611.69
14479,17611.69
14480,17073.93
14481,17073.93
14482,17073.93
14483,17073.93
14484,17033.14
14485,17033.14
14486,17033.14
14487,17033.14
14488,17155.3
14489,17155.3
14490,17155.3
14491,17155.3
14492,16849.55
14493,16849.55
14494,16849.55
14495,16849.55
14496,16145.03
14497,16145.03
14498,16145.03
14499,16145.03
14500,15652.52
14501,15652.52
14502,15652.52
14503,15652.52
14504,15057.36
14505,15057.36
14506,15057.36
14507,15057.36
14508,14703.99
14509,14703.99
14510,14703.99
14511,14703.99
14512,14784.21
14513,14784.21
14514,14784.21
14515,14784.21
14516,14841.85
14517,14841.85
14518,14841.85
14519,14841.85
14520,15062.52
14521,15062.52
14522,15062.52
14523,15062.52
14524,16417.7
14525,16417.7
14526,16417.7
14527,16417.7
14528,16245.85
14529,16245.85
14530,16245.85
14531,16245.85
14532,16858.75
14533,16858.75
14534,16858.75
14535,16858.75
14536,16826.25
14537,16826.25
14538,16826.25
14539,16826.25
14540,16348.33
14541,16348.33
14542,16348.33
14543,16348.33
14544,15167.27
14545,15167.27
14546,15167.27
14547,15167.27
14548,16524.61
14549,16524.61
14550,16524.61
14551,16524.61
14552,15668.13
14553,15668.13
14554,15668.13
14555,15668.13
14556,16266.06
14557,16266.06
14558,16266.06
14559,16266.06
14560,17457.13
14561,17457.13
14562,17457.13
14563,17457.13
14564,17671.4
14565,17671.4
14566,17671.4
14567,17671.4
14568,17608.92
14569,17608.92
14570,17608.92
14571,17608.92
14572,17780.92
14573,17780.92
14574,17780.92
14575,17780.92
14576,15679.81
14577,15679.81
14578,15679.81
14579,15679.81
14580,15786.87
14581,15786.87
14582,15786.87
14583,15786.87
14584,16921.17
14585,16921.17
14586,16921.17
14587,16921.17
14588,16271.46
14589,16271.46
14590,16271.46
14591,16271.46
14592,14944.67
14593,14944.67
14594,14944.67
14595,14944.67
14596,14996.54
14597,14996.54
14598,14996.54
14599,14996.54
14600,14731.17
14601,14731.17
14602,14731.17
14603,14731.17
14604,14447.37
14605,14447.37
14606,14447.37
14607,14447.37
14608,14285.0
14609,14285.0
14610,14285.0
14611,14285.0
14612,14178.68
14613,14178.68
14614,14178.68
14615,14178.68
14616,14071.21
14617,14071.21
14618,14071.21
14619,14071.21
14620,14691.81
14621,14691.81
14622,14691.81
14623,14691.81
14624,14711.19
14625,14711.19
14626,14711.19
14627,14711.19
14628,15098.04
14629,15098.04
14630,15098.04
14631,15098.04
14632,15354.78
14633,15354.78
14634,15354.78
14635,15354.78
14636,15438.64
14637,15438.64
14638,15438.64
14639,15438.64
14640,15272.53
14641,15272.53
14642,15272.53
14643,15272.53
14644,15374.59
14645,15374.59
14646,15374.59
14647,15374.59
14648,15099.08
14649,15099.08
14650,15099.08
14651,15099.08
14652,15383.43
14653,15383.43
14654,15383.43
14655,15383.43
14656,15528.99
14657,15528.99
14658,15528.99
14659,15528.99
14660,15350.12
14661,15350.12
14662,15350.12
14663,15350.12
14664,15047.53
14665,15047.53
14666,15047.53
14667,15047.53
14668,15175.73
14669,15175.73
14670,15175.73
14671,15175.73
14672,14702.75
14673,14702.75
14674,14702.75
14675,14702.75
14676,14888.03
14677,14888.03
14678,14888.03
14679,14888.03
14680,15317.58
14681,15317.58
14682,15317.58
14683,15317.58
14684,14751.33
14685,14751.33
14686,14751.33
14687,14751.33
14688,14061.95
14689,14061.95
14690,14061.95
14691,14061.95
14692,13413.75
14693,13413.75
14694,13413.75
14695,13413.75
14696,13146.86
14697,13146.86
14698,13146.86
14699,13146.86
14700,12858.1
14701,12858.1
14702,12858.1
14703,12858.1
14704,12956.93
14705,12956.93
14706,12956.93
14707,12956.93
14708,13321.11
14709,13321.11
14710,13321.11
14711,13321.11
14712,13643.58
14713,13643.58
14714,13643.58
14715,13643.58
14716,15483.26
14717,15483.26
14718,15483.26
14719,15483.26
14720,15665.96
14721,15665.96
14722,15665.96
14723,15665.96
14724,15624.22
14725,15624.22
14726,15624.22
14727,15624.22
14728,16263.75
14729,16263.75
14730,16263.75
14731,16263.75
14732,16486.09
14733,16486.09
14734,16486.09
14735,16486.09
14736,16531.93
14737,16531.93
14738,16531.93
14739,16531.93
14740,16428.74
14741,16428.74
14742,16428.74
14743,16428.74
14744,16162.64
14745,16162.64
14746,16162.64
14747,16162.64
14748,16806.49
14749,16806.49
14750,16806.49
14751,16806.49
14752,17154.77
14753,17154.77
14754,17154.77
14755,17154.77
14756,16742.74
14757,16742.74
14758,16742.74
14759,16742.74
14760,16611.37
14761,16611.37
14762,16611.37
14763,16611.37
14764,16896.89
14765,16896.89
14766,16896.89
14767,16896.89
14768,16324.41
14769,16324.41
14770,16324.41
14771,16324.41
14772,16208.58
14773,16208.58
14774,16208.58
14775,16208.58
14776,16395.04
14777,16395.04
14778,16395.04
14779,16395.04
14780,15806.85
14781,15806.85
14782,15806.85
14783,15806.85
14784,14777.28
14785,14777.28
14786,14777.28
14787,14777.28
14788,14451.99
14789,14451.99
14790,14451.99
14791,14451.99
14792,14082.6
14793,14082.6
14794,14082.6
14795,14082.6
14796,13732.95
14797,13732.95
14798,13732.95
14799,13732.95
14800,13700.07
14801,13700.07
14802,13700.07
14803,13700.07
14804,13886.72
14805,13886.72
14806,13886.72
14807,13886.72
14808,14389.26
14809,14389.26
14810,14389.26
14811,14389.26
14812,16048.96
14813,16048.96
14814,16048.96
14815,16048.96
14816,16175.12
14817,16175.12
14818,16175.12
14819,16175.12
14820,16106.36
14821,16106.36
14822,16106.36
14823,16106.36
14824,16554.22
14825,16554.22
14826,16554.22
14827,16554.22
14828,16446.24
14829,16446.24
14830,16446.24
14831,16446.24
14832,16692.6
14833,16692.6
14834,16692.6
14835,16692.6
14836,16188.87
14837,16188.87
14838,16188.87
14839,16188.87
14840,16461.66
14841,16461.66
14842,16461.66
14843,16461.66
14844,16741.27
14845,16741.27
14846,16741.27
14847,16741.27
14848,17309.72
14849,17309.72
14850,17309.72
14851,17309.72
14852,17533.35
14853,17533.35
14854,17533.35
14855,17533.35
14856,17358.13
14857,17358.13
14858,17358.13
14859,17358.13
14860,17704.71
14861,17704.71
14862,17704.71
14863,17704.71
14864,16947.63
14865,16947.63
14866,16947.63
14867,16947.63
14868,16690.09
14869,16690.09
14870,16690.09
14871,16690.09
14872,16589.65
14873,16589.65
14874,16589.65
14875,16589.65
14876,15986.43
14877,15986.43
14878,15986.43
14879,15986.43
14880,15163.58
14881,15163.58
14882,15163.58
14883,15163.58
14884,14654.55
14885,14654.55
14886,14654.55
14887,14654.55
14888,14332.23
14889,14332.23
14890,14332.23
14891,14332.23
14892,13981.01
14893,13981.01
14894,13981.01
14895,13981.01
14896,13976.93
14897,13976.93
14898,13976.93
14899,13976.93
14900,14290.7
14901,14290.7
14902,14290.7
14903,14290.7
14904,14665.81
14905,14665.81
14906,14665.81
14907,14665.81
14908,16349.78
14909,16349.78
14910,16349.78
14911,16349.78
14912,16010.85
14913,16010.85
14914,16010.85
14915,16010.85
14916,16657.19
14917,16657.19
14918,16657.19
14919,16657.19
14920,17104.45
14921,17104.45
14922,17104.45
14923,17104.45
14924,16977.39
14925,16977.39
14926,16977.39
14927,16977.39
14928,16977.52
14929,16977.52
14930,16977.52
14931,16977.52
14932,16703.31
14933,16703.31
14934,16703.31
14935,16703.31
14936,16521.54
14937,16521.54
14938,16521.54
14939,16521.54
14940,17200.59
14941,17200.59
14942,17200.59
14943,17200.59
14944,17496.86
14945,17496.86
14946,17496.86
14947,17496.86
14948,17598.66
14949,17598.66
14950,17598.66
14951,17598.66
14952,17240.79
14953,17240.79
14954,17240.79
14955,17240.79
14956,17452.55
14957,17452.55
14958,17452.55
14959,17452.55
14960,16590.56
14961,16590.56
14962,16590.56
14963,16590.56
14964,16515.98
14965,16515.98
14966,16515.98
14967,16515.98
14968,16535.13
14969,16535.13
14970,16535.13
14971,16535.13
14972,16038.88
14973,16038.88
14974,16038.88
14975,16038.88
14976,15452.5
14977,15452.5
14978,15452.5
14979,15452.5
14980,14843.32
14981,14843.32
14982,14843.32
14983,14843.32
14984,14502.51
14985,14502.51
14986,14502.51
14987,14502.51
14988,14300.71
14989,14300.71
14990,14300.71
14991,14300.71
14992,14309.52
14993,14309.52
14994,14309.52
14995,14309.52
14996,14462.58
14997,14462.58
14998,14462.58
14999,14462.58
15000,14947.54
15001,14947.54
15002,14947.54
15003,14947.54
15004,16395.35
15005,16395.35
15006,16395.35
15007,16395.35
15008,15719.81
15009,15719.81
15010,15719.81
15011,15719.81
15012,15952.9
15013,15952.9
15014,15952.9
15015,15952.9
15016,16723.9
15017,16723.9
15018,16723.9
15019,16723.9
15020,16817.17
15021,16817.17
15022,16817.17
15023,16817.17
15024,17018.47
15025,17018.47
15026,17018.47
15027,17018.47
15028,16518.1
15029,16518.1
15030,16518.1
15031,16518.1
15032,16458.07
15033,16458.07
15034,16458.07
15035,16458.07
15036,17164.01
15037,17164.01
15038,17164.01
15039,17164.01
15040,17935.57
15041,17935.57
15042,17935.57
15043,17935.57
15044,17134.4
15045,17134.4
15046,17134.4
15047,17134.4
15048,17513.76
15049,17513.76
15050,17513.76
15051,17513.76
15052,17911.56
15053,17911.56
15054,17911.56
15055,17911.56
15056,17218.87
15057,17218.87
15058,17218.87
15059,17218.87
15060,16883.46
15061,16883.46
15062,16883.46
15063,16883.46
15064,17199.62
15065,17199.62
15066,17199.62
15067,17199.62
15068,16890.17
15069,16890.17
15070,16890.17
15071,16890.17
15072,15905.05
15073,15905.05
15074,15905.05
15075,15905.05
15076,15513.82
15077,15513.82
15078,15513.82
15079,15513.82
15080,14950.2
15081,14950.2
15082,14950.2
15083,14950.2
15084,14693.85
15085,14693.85
15086,14693.85
15087,14693.85
15088,14729.07
15089,14729.07
15090,14729.07
15091,14729.07
15092,14694.63
15093,14694.63
15094,14694.63
15095,14694.63
15096,14814.03
15097,14814.03
15098,14814.03
15099,14814.03
15100,15905.23
15101,15905.23
15102,15905.23
15103,15905.23
15104,16092.3
15105,16092.3
15106,16092.3
15107,16092.3
15108,16653.61
15109,16653.61
15110,16653.61
15111,16653.61
15112,17408.21
15113,17408.21
15114,17408.21
15115,17408.21
15116,18361.52
15117,18361.52
15118,18361.52
15119,18361.52
15120,18208.51
15121,18208.51
15122,18208.51
15123,18208.51
15124,18169.38
15125,18169.38
15126,18169.38
15127,18169.38
15128,18250.23
15129,18250.23
15130,18250.23
15131,18250.23
15132,19476.76
15133,19476.76
15134,19476.76
15135,19476.76
15136,19688.36
15137,19688.36
15138,19688.36
15139,19688.36
15140,18613.94
15141,18613.94
15142,18613.94
15143,18613.94
15144,18412.69
15145,18412.69
15146,18412.69
15147,18412.69
15148,18354.06
15149,18354.06
15150,18354.06
15151,18354.06
15152,17580.98
15153,17580.98
15154,17580.98
15155,17580.98
15156,17414.38
15157,17414.38
15158,17414.38
15159,17414.38
15160,16440.98
15161,16440.98
15162,16440.98
15163,16440.98
15164,16726.53
15165,16726.53
15166,16726.53
15167,16726.53
15168,15422.49
15169,15422.49
15170,15422.49
15171,15422.49
15172,15163.0
15173,15163.0
15174,15163.0
15175,15163.0
15176,14677.66
15177,14677.66
15178,14677.66
15179,14677.66
15180,14456.74
15181,14456.74
15182,14456.74
15183,14456.74
15184,14604.73
15185,14604.73
15186,14604.73
15187,14604.73
15188,14689.75
15189,14689.75
15190,14689.75
15191,14689.75
15192,14927.12
15193,14927.12
15194,14927.12
15195,14927.12
15196,15858.21
15197,15858.21
15198,15858.21
15199,15858.21
15200,16478.33
15201,16478.33
15202,16478.33
15203,16478.33
15204,16756.43
15205,16756.43
15206,16756.43
15207,16756.43
15208,16864.51
15209,16864.51
15210,16864.51
15211,16864.51
15212,17120.92
15213,17120.92
15214,17120.92
15215,17120.92
15216,17075.64
15217,17075.64
15218,17075.64
15219,17075.64
15220,16676.62
15221,16676.62
15222,16676.62
15223,16676.62
15224,16339.91
15225,16339.91
15226,16339.91
15227,16339.91
15228,16736.6
15229,16736.6
15230,16736.6
15231,16736.6
15232,17047.43
15233,17047.43
15234,17047.43
15235,17047.43
15236,16663.75
15237,16663.75
15238,16663.75
15239,16663.75
15240,16621.77
15241,16621.77
15242,16621.77
15243,16621.77
15244,16848.26
15245,16848.26
15246,16848.26
15247,16848.26
15248,17023.75
15249,17023.75
15250,17023.75
15251,17023.75
15252,16715.85
15253,16715.85
15254,16715.85
15255,16715.85
15256,16738.37
15257,16738.37
15258,16738.37
15259,16738.37
15260,16419.58
15261,16419.58
15262,16419.58
15263,16419.58
15264,15785.54
15265,15785.54
15266,15785.54
15267,15785.54
15268,15373.66
15269,15373.66
15270,15373.66
15271,15373.66
15272,14791.34
15273,14791.34
15274,14791.34
15275,14791.34
15276,14543.02
15277,14543.02
15278,14543.02
15279,14543.02
15280,14417.45
15281,14417.45
15282,14417.45
15283,14417.45
15284,14301.33
15285,14301.33
15286,14301.33
15287,14301.33
15288,14175.39
15289,14175.39
15290,14175.39
15291,14175.39
15292,14274.99
15293,14274.99
15294,14274.99
15295,14274.99
15296,14167.9
15297,14167.9
15298,14167.9
15299,14167.9
15300,14438.0
15301,14438.0
15302,14438.0
15303,14438.0
15304,14767.87
15305,14767.87
15306,14767.87
15307,14767.87
15308,14591.71
15309,14591.71
15310,14591.71
15311,14591.71
15312,14583.8
15313,14583.8
15314,14583.8
15315,14583.8
15316,14558.85
15317,14558.85
15318,14558.85
15319,14558.85
15320,14368.31
15321,14368.31
15322,14368.31
15323,14368.31
15324,14887.89
15325,14887.89
15326,14887.89
15327,14887.89
15328,15117.7
15329,15117.7
15330,15117.7
15331,15117.7
15332,14657.09
15333,14657.09
15334,14657.09
15335,14657.09
15336,14438.59
15337,14438.59
15338,14438.59
15339,14438.59
15340,15041.17
15341,15041.17
15342,15041.17
15343,15041.17
15344,14825.8
15345,14825.8
15346,14825.8
15347,14825.8
15348,15214.01
15349,15214.01
15350,15214.01
15351,15214.01
15352,15360.83
15353,15360.83
15354,15360.83
15355,15360.83
15356,14819.42
15357,14819.42
15358,14819.42
15359,14819.42
15360,14262.97
15361,14262.97
15362,14262.97
15363,14262.97
15364,13626.12
15365,13626.12
15366,13626.12
15367,13626.12
15368,13245.91
15369,13245.91
15370,13245.91
15371,13245.91
15372,13070.68
15373,13070.68
15374,13070.68
15375,13070.68
15376,13121.89
15377,13121.89
15378,13121.89
15379,13121.89
15380,13554.9
15381,13554.9
15382,13554.9
15383,13554.9
15384,14118.97
15385,14118.97
15386,14118.97
15387,14118.97
15388,15919.22
15389,15919.22
15390,15919.22
15391,15919.22
15392,15910.66
15393,15910.66
15394,15910.66
15395,15910.66
15396,15886.56
15397,15886.56
15398,15886.56
15399,15886.56
15400,16649.43
15401,16649.43
15402,16649.43
15403,16649.43
15404,16623.54
15405,16623.54
15406,16623.54
15407,16623.54
15408,16815.14
15409,16815.14
15410,16815.14
15411,16815.14
15412,16599.87
15413,16599.87
15414,16599.87
15415,16599.87
15416,16425.95
15417,16425.95
15418,16425.95
15419,16425.95
15420,17131.07
15421,17131.07
15422,17131.07
15423,17131.07
15424,17581.22
15425,17581.22
15426,17581.22
15427,17581.22
15428,17603.18
15429,17603.18
15430,17603.18
15431,17603.18
15432,17642.24
15433,17642.24
15434,17642.24
15435,17642.24
15436,17124.16
15437,17124.16
15438,17124.16
15439,17124.16
15440,17127.96
15441,17127.96
15442,17127.96
15443,17127.96
15444,17314.96
15445,17314.96
15446,17314.96
15447,17314.96
15448,17734.18
15449,17734.18
15450,17734.18
15451,17734.18
15452,17061.25
15453,17061.25
15454,17061.25
15455,17061.25
15456,16021.22
15457,16021.22
15458,16021.22
15459,16021.22
15460,15464.72
15461,15464.72
15462,15464.72
15463,15464.72
15464,14981.02
15465,14981.02
15466,14981.02
15467,14981.02
15468,14686.52
15469,14686.52
15470,14686.52
15471,14686.52
15472,14673.72
15473,14673.72
15474,14673.72
15475,14673.72
15476,14764.35
15477,14764.35
15478,14764.35
15479,14764.35
15480,15025.67
15481,15025.67
15482,15025.67
15483,15025.67
15484,16592.5
15485,16592.5
15486,16592.5
15487,16592.5
15488,16609.98
15489,16609.98
15490,16609.98
15491,16609.98
15492,16562.21
15493,16562.21
15494,16562.21
15495,16562.21
15496,16541.62
15497,16541.62
15498,16541.62
15499,16541.62
15500,16707.46
15501,16707.46
15502,16707.46
15503,16707.46
15504,16467.33
15505,16467.33
15506,16467.33
15507,16467.33
15508,16201.9
15509,16201.9
15510,16201.9
15511,16201.9
15512,16082.35
15513,16082.35
15514,16082.35
15515,16082.35
15516,16645.73
15517,16645.73
15518,16645.73
15519,16645.73
15520,17181.69
15521,17181.69
15522,17181.69
15523,17181.69
15524,17641.4
15525,17641.4
15526,17641.4
15527,17641.4
15528,17463.13
15529,17463.13
15530,17463.13
15531,17463.13
15532,17661.84
15533,17661.84
15534,17661.84
15535,17661.84
15536,17406.6
15537,17406.6
15538,17406.6
15539,17406.6
15540,17341.38
15541,17341.38
15542,17341.38
15543,17341.38
15544,17380.23
15545,17380.23
15546,17380.23
15547,17380.23
15548,16920.11
15549,16920.11
15550,16920.11
15551,16920.11
15552,16108.51
15553,16108.51
15554,16108.51
15555,16108.51
15556,15466.1
15557,15466.1
15558,15466.1
15559,15466.1
15560,15068.68
15561,15068.68
15562,15068.68
15563,15068.68
15564,14737.9
15565,14737.9
15566,14737.9
15567,14737.9
15568,14444.97
15569,14444.97
15570,14444.97
15571,14444.97
15572,14546.22
15573,14546.22
15574,14546.22
15575,14546.22
15576,14829.36
15577,14829.36
15578,14829.36
15579,14829.36
15580,16067.82
15581,16067.82
15582,16067.82
15583,16067.82
15584,16091.49
15585,16091.49
15586,16091.49
15587,16091.49
15588,16178.93
15589,16178.93
15590,16178.93
15591,16178.93
15592,16668.4
15593,16668.4
15594,16668.4
15595,16668.4
15596,16618.39
15597,16618.39
15598,16618.39
15599,16618.39
15600,16658.86
15601,16658.86
15602,16658.86
15603,16658.86
15604,16557.51
15605,16557.51
15606,16557.51
15607,16557.51
15608,14967.14
15609,14967.14
15610,14967.14
15611,14967.14
15612,16774.08
15613,16774.08
15614,16774.08
15615,16774.08
15616,17038.78
15617,17038.78
15618,17038.78
15619,17038.78
15620,16918.23
15621,16918.23
15622,16918.23
15623,16918.23
15624,17010.54
15625,17010.54
15626,17010.54
15627,17010.54
15628,17345.39
15629,17345.39
15630,17345.39
15631,17345.39
15632,16601.05
15633,16601.05
15634,16601.05
15635,16601.05
15636,16362.14
15637,16362.14
15638,16362.14
15639,16362.14
15640,16293.12
15641,16293.12
15642,16293.12
15643,16293.12
15644,15893.92
15645,15893.92
15646,15893.92
15647,15893.92
15648,14947.54
15649,14947.54
15650,14947.54
15651,14947.54
15652,14686.1
15653,14686.1
15654,14686.1
15655,14686.1
15656,14134.98
15657,14134.98
15658,14134.98
15659,14134.98
15660,13934.51
15661,13934.51
15662,13934.51
15663,13934.51
15664,13897.1
15665,13897.1
15666,13897.1
15667,13897.1
15668,14169.73
15669,14169.73
15670,14169.73
15671,14169.73
15672,14526.42
15673,14526.42
15674,14526.42
15675,14526.42
15676,15790.4
15677,15790.4
15678,15790.4
15679,15790.4
15680,15708.2
15681,15708.2
15682,15708.2
15683,15708.2
15684,15445.99
15685,15445.99
15686,15445.99
15687,15445.99
15688,15447.59
15689,15447.59
15690,15447.59
15691,15447.59
15692,15595.46
15693,15595.46
15694,15595.46
15695,15595.46
15696,15442.35
15697,15442.35
15698,15442.35
15699,15442.35
15700,15215.79
15701,15215.79
15702,15215.79
15703,15215.79
15704,15476.47
15705,15476.47
15706,15476.47
15707,15476.47
15708,15815.07
15709,15815.07
15710,15815.07
15711,15815.07
15712,15652.8
15713,15652.8
15714,15652.8
15715,15652.8
15716,16454.4
15717,16454.4
15718,16454.4
15719,16454.4
15720,16429.51
15721,16429.51
15722,16429.51
15723,16429.51
15724,16720.9
15725,16720.9
15726,16720.9
15727,16720.9
15728,16173.96
15729,16173.96
15730,16173.96
15731,16173.96
15732,16117.29
15733,16117.29
15734,16117.29
15735,16117.29
15736,16307.36
15737,16307.36
15738,16307.36
15739,16307.36
15740,15774.17
15741,15774.17
15742,15774.17
15743,15774.17
15744,14718.57
15745,14718.57
15746,14718.57
15747,14718.57
15748,14243.2
15749,14243.2
15750,14243.2
15751,14243.2
15752,13826.91
15753,13826.91
15754,13826.91
15755,13826.91
15756,13570.0
15757,13570.0
15758,13570.0
15759,13570.0
15760,13607.57
15761,13607.57
15762,13607.57
15763,13607.57
15764,13816.38
15765,13816.38
15766,13816.38
15767,13816.38
15768,14303.54
15769,14303.54
15770,14303.54
15771,14303.54
15772,15602.61
15773,15602.61
15774,15602.61
15775,15602.61
15776,15783.38
15777,15783.38
15778,15783.38
15779,15783.38
15780,15688.92
15781,15688.92
15782,15688.92
15783,15688.92
15784,15926.38
15785,15926.38
15786,15926.38
15787,15926.38
15788,16105.34
15789,16105.34
15790,16105.34
15791,16105.34
15792,16394.68
15793,16394.68
15794,16394.68
15795,16394.68
15796,16093.79
15797,16093.79
15798,16093.79
15799,16093.79
15800,15845.38
15801,15845.38
15802,15845.38
15803,15845.38
15804,16433.11
15805,16433.11
15806,16433.11
15807,16433.11
15808,16872.24
15809,16872.24
15810,16872.24
15811,16872.24
15812,16953.96
15813,16953.96
15814,16953.96
15815,16953.96
15816,16919.03
15817,16919.03
15818,16919.03
15819,16919.03
15820,17522.98
15821,17522.98
15822,17522.98
15823,17522.98
15824,16816.71
15825,16816.71
15826,16816.71
15827,16816.71
15828,16748.55
15829,16748.55
15830,16748.55
15831,16748.55
15832,16772.86
15833,16772.86
15834,16772.86
15835,16772.86
15836,16209.22
15837,16209.22
15838,16209.22
15839,16209.22
15840,15342.22
15841,15342.22
15842,15342.22
15843,15342.22
15844,14867.65
15845,14867.65
15846,14867.65
15847,14867.65
15848,14457.68
15849,14457.68
15850,14457.68
15851,14457.68
15852,14038.39
15853,14038.39
15854,14038.39
15855,14038.39
15856,14070.8
15857,14070.8
15858,14070.8
15859,14070.8
15860,14174.54
15861,14174.54
15862,14174.54
15863,14174.54
15864,14286.31
15865,14286.31
15866,14286.31
15867,14286.31
15868,15276.81
15869,15276.81
15870,15276.81
15871,15276.81
15872,15526.74
15873,15526.74
15874,15526.74
15875,15526.74
15876,15955.55
15877,15955.55
15878,15955.55
15879,15955.55
15880,16078.53
15881,16078.53
15882,16078.53
15883,16078.53
15884,16078.53
15885,16078.53
15886,16078.53
15887,16078.53
15888,16078.53
15889,16078.53
15890,16078.53
15891,16078.53
15892,16023.61
15893,16023.61
15894,16023.61
15895,16023.61
15896,15858.24
15897,15858.24
15898,15858.24
15899,15858.24
15900,16545.11
15901,16545.11
15902,16545.11
15903,16545.11
15904,16910.11
15905,16910.11
15906,16910.11
15907,16910.11
15908,16765.81
15909,16765.81
15910,16765.81
15911,16765.81
15912,17004.2
15913,17004.2
15914,17004.2
15915,17004.2
15916,16861.07
15917,16861.07
15918,16861.07
15919,16861.07
15920,16243.88
15921,16243.88
15922,16243.88
15923,16243.88
15924,15970.15
15925,15970.15
15926,15970.15
15927,15970.15
15928,15947.74
15929,15947.74
15930,15947.74
15931,15947.74
15932,15735.29
15933,15735.29
15934,15735.29
15935,15735.29
15936,14919.01
15937,14919.01
15938,14919.01
15939,14919.01
15940,14632.29
15941,14632.29
15942,14632.29
15943,14632.29
15944,14116.35
15945,14116.35
15946,14116.35
15947,14116.35
15948,13873.0
15949,13873.0
15950,13873.0
15951,13873.0
15952,13722.97
15953,13722.97
15954,13722.97
15955,13722.97
15956,13527.23
15957,13527.23
15958,13527.23
15959,13527.23
15960,13461.39
15961,13461.39
15962,13461.39
15963,13461.39
15964,13861.01
15965,13861.01
15966,13861.01
15967,13861.01
15968,13383.15
15969,13383.15
15970,13383.15
15971,13383.15
15972,14130.78
15973,14130.78
15974,14130.78
15975,14130.78
15976,14004.75
15977,14004.75
15978,14004.75
15979,14004.75
15980,14031.57
15981,14031.57
15982,14031.57
15983,14031.57
15984,13979.11
15985,13979.11
15986,13979.11
15987,13979.11
15988,13958.3
15989,13958.3
15990,13958.3
15991,13958.3
15992,13678.57
15993,13678.57
15994,13678.57
15995,13678.57
15996,14325.43
15997,14325.43
15998,14325.43
15999,14325.43
16000,14885.64
16001,14885.64
16002,14885.64
16003,14885.64
16004,14838.47
16005,14838.47
16006,14838.47
16007,14838.47
16008,14679.28
16009,14679.28
16010,14679.28
16011,14679.28
16012,14991.24
16013,14991.24
16014,14991.24
16015,14991.24
16016,14487.05
16017,14487.05
16018,14487.05
16019,14487.05
16020,14766.17
16021,14766.17
16022,14766.17
16023,14766.17
16024,14983.19
16025,14983.19
16026,14983.19
16027,14983.19
16028,14673.8
16029,14673.8
16030,14673.8
16031,14673.8
16032,13348.86
16033,13348.86
16034,13348.86
16035,13348.86
16036,13439.69
16037,13439.69
16038,13439.69
16039,13439.69
16040,13046.08
16041,13046.08
16042,13046.08
16043,13046.08
16044,12799.77
16045,12799.77
16046,12799.77
16047,12799.77
16048,12899.11
16049,12899.11
16050,12899.11
16051,12899.11
16052,13205.83
16053,13205.83
16054,13205.83
16055,13205.83
16056,13727.31
16057,13727.31
16058,13727.31
16059,13727.31
16060,15527.99
16061,15527.99
16062,15527.99
16063,15527.99
16064,15594.99
16065,15594.99
16066,15594.99
16067,15594.99
16068,15928.81
16069,15928.81
16070,15928.81
16071,15928.81
16072,16468.2
16073,16468.2
16074,16468.2
16075,16468.2
16076,16596.69
16077,16596.69
16078,16596.69
16079,16596.69
16080,16555.36
16081,16555.36
16082,16555.36
16083,16555.36
16084,16404.99
16085,16404.99
16086,16404.99
16087,16404.99
16088,16410.23
16089,16410.23
16090,16410.23
16091,16410.23
16092,16994.6
16093,16994.6
16094,16994.6
16095,16994.6
16096,17678.81
16097,17678.81
16098,17678.81
16099,17678.81
16100,17629.9
16101,17629.9
16102,17629.9
16103,17629.9
16104,17345.08
16105,17345.08
16106,17345.08
16107,17345.08
16108,17625.82
16109,17625.82
16110,17625.82
16111,17625.82
16112,16987.62
16113,16987.62
16114,16987.62
16115,16987.62
16116,16968.28
16117,16968.28
16118,16968.28
16119,16968.28
16120,17341.43
16121,17341.43
16122,17341.43
16123,17341.43
16124,16728.92
16125,16728.92
16126,16728.92
16127,16728.92
16128,15929.47
16129,15929.47
16130,15929.47
16131,15929.47
16132,15324.61
16133,15324.61
16134,15324.61
16135,15324.61
16136,14723.03
16137,14723.03
16138,14723.03
16139,14723.03
16140,14069.22
16141,14069.22
16142,14069.22
16143,14069.22
16144,14059.42
16145,14059.42
16146,14059.42
16147,14059.42
16148,14205.81
16149,14205.81
16150,14205.81
16151,14205.81
16152,14670.97
16153,14670.97
16154,14670.97
16155,14670.97
16156,16286.38
16157,16286.38
16158,16286.38
16159,16286.38
16160,16429.05
16161,16429.05
16162,16429.05
16163,16429.05
16164,16615.29
16165,16615.29
16166,16615.29
16167,16615.29
16168,16511.97
16169,16511.97
16170,16511.97
16171,16511.97
16172,16397.38
16173,16397.38
16174,16397.38
16175,16397.38
16176,16345.36
16177,16345.36
16178,16345.36
16179,16345.36
16180,16085.25
16181,16085.25
16182,16085.25
16183,16085.25
16184,15748.0
16185,15748.0
16186,15748.0
16187,15748.0
16188,16639.97
16189,16639.97
16190,16639.97
16191,16639.97
16192,17119.58
16193,17119.58
16194,17119.58
16195,17119.58
16196,17078.03
16197,17078.03
16198,17078.03
16199,17078.03
16200,17478.67
16201,17478.67
16202,17478.67
16203,17478.67
16204,17707.81
16205,17707.81
16206,17707.81
16207,17707.81
16208,16984.08
16209,16984.08
16210,16984.08
16211,16984.08
16212,16695.31
16213,16695.31
16214,16695.31
16215,16695.31
16216,16599.86
16217,16599.86
16218,16599.86
16219,16599.86
16220,16005.54
16221,16005.54
16222,16005.54
16223,16005.54
16224,15292.69
16225,15292.69
16226,15292.69
16227,15292.69
16228,14901.55
16229,14901.55
16230,14901.55
16231,14901.55
16232,14337.62
16233,14337.62
16234,14337.62
16235,14337.62
16236,13984.27
16237,13984.27
16238,13984.27
16239,13984.27
16240,13557.47
16241,13557.47
16242,13557.47
16243,13557.47
16244,13814.99
16245,13814.99
16246,13814.99
16247,13814.99
16248,14220.57
16249,14220.57
16250,14220.57
16251,14220.57
16252,15903.52
16253,15903.52
16254,15903.52
16255,15903.52
16256,15805.27
16257,15805.27
16258,15805.27
16259,15805.27
16260,15918.33
16261,15918.33
16262,15918.33
16263,15918.33
16264,15977.81
16265,15977.81
16266,15977.81
16267,15977.81
16268,16143.4
16269,16143.4
16270,16143.4
16271,16143.4
16272,15692.15
16273,15692.15
16274,15692.15
16275,15692.15
16276,15476.7
16277,15476.7
16278,15476.7
16279,15476.7
16280,15177.28
16281,15177.28
16282,15177.28
16283,15177.28
16284,15956.42
16285,15956.42
16286,15956.42
16287,15956.42
16288,16161.88
16289,16161.88
16290,16161.88
16291,16161.88
16292,16279.81
16293,16279.81
16294,16279.81
16295,16279.81
16296,16525.92
16297,16525.92
16298,16525.92
16299,16525.92
16300,16711.8
16301,16711.8
16302,16711.8
16303,16711.8
16304,16173.18
16305,16173.18
16306,16173.18
16307,16173.18
16308,15999.51
16309,15999.51
16310,15999.51
16311,15999.51
16312,15772.49
16313,15772.49
16314,15772.49
16315,15772.49
16316,14961.08
16317,14961.08
16318,14961.08
16319,14961.08
16320,14085.88
16321,14085.88
16322,14085.88
16323,14085.88
16324,13594.8
16325,13594.8
16326,13594.8
16327,13594.8
16328,13311.49
16329,13311.49
16330,13311.49
16331,13311.49
16332,12922.17
16333,12922.17
16334,12922.17
16335,12922.17
16336,12859.5
16337,12859.5
16338,12859.5
16339,12859.5
16340,13118.8
16341,13118.8
16342,13118.8
16343,13118.8
16344,13678.01
16345,13678.01
16346,13678.01
16347,13678.01
16348,15204.9
16349,15204.9
16350,15204.9
16351,15204.9
16352,14979.67
16353,14979.67
16354,14979.67
16355,14979.67
16356,14970.38
16357,14970.38
16358,14970.38
16359,14970.38
16360,15314.41
16361,15314.41
16362,15314.41
16363,15314.41
16364,15410.25
16365,15410.25
16366,15410.25
16367,15410.25
16368,15431.53
16369,15431.53
16370,15431.53
16371,15431.53
16372,14919.02
16373,14919.02
16374,14919.02
16375,14919.02
16376,14927.2
16377,14927.2
16378,14927.2
16379,14927.2
16380,15670.57
16381,15670.57
16382,15670.57
16383,15670.57
16384,15881.78
16385,15881.78
16386,15881.78
16387,15881.78
16388,16162.13
16389,16162.13
16390,16162.13
16391,16162.13
16392,16380.38
16393,16380.38
16394,16380.38
16395,16380.38
16396,16227.15
16397,16227.15
16398,16227.15
16399,16227.15
16400,15294.39
16401,15294.39
16402,15294.39
16403,15294.39
16404,15271.97
16405,15271.97
16406,15271.97
16407,15271.97
16408,15162.53
16409,15162.53
16410,15162.53
16411,15162.53
16412,14425.94
16413,14425.94
16414,14425.94
16415,14425.94
16416,13694.18
16417,13694.18
16418,13694.18
16419,13694.18
16420,13133.99
16421,13133.99
16422,13133.99
16423,13133.99
16424,12728.18
16425,12728.18
16426,12728.18
16427,12728.18
16428,12524.9
16429,12524.9
16430,12524.9
16431,12524.9
16432,12616.07
16433,12616.07
16434,12616.07
16435,12616.07
16436,12868.48
16437,12868.48
16438,12868.48
16439,12868.48
16440,13400.88
16441,13400.88
16442,13400.88
16443,13400.88
16444,14929.78
16445,14929.78
16446,14929.78
16447,14929.78
16448,15169.03
16449,15169.03
16450,15169.03
16451,15169.03
16452,14795.54
16453,14795.54
16454,14795.54
16455,14795.54
16456,15090.1
16457,15090.1
16458,15090.1
16459,15090.1
16460,15019.91
16461,15019.91
16462,15019.91
16463,15019.91
16464,15058.84
16465,15058.84
16466,15058.84
16467,15058.84
16468,14718.64
16469,14718.64
16470,14718.64
16471,14718.64
16472,14725.22
16473,14725.22
16474,14725.22
16475,14725.22
16476,15292.33
16477,15292.33
16478,15292.33
16479,15292.33
16480,15603.42
16481,15603.42
16482,15603.42
16483,15603.42
16484,15778.12
16485,15778.12
16486,15778.12
16487,15778.12
16488,15961.18
16489,15961.18
16490,15961.18
16491,15961.18
16492,16148.3
16493,16148.3
16494,16148.3
16495,16148.3
16496,15417.51
16497,15417.51
16498,15417.51
16499,15417.51
16500,14885.39
16501,14885.39
16502,14885.39
16503,14885.39
16504,14779.42
16505,14779.42
16506,14779.42
16507,14779.42
16508,13747.85
16509,13747.85
16510,13747.85
16511,13747.85
16512,13185.09
16513,13185.09
16514,13185.09
16515,13185.09
16516,12821.05
16517,12821.05
16518,12821.05
16519,12821.05
16520,12482.71
16521,12482.71
16522,12482.71
16523,12482.71
16524,12256.66
16525,12256.66
16526,12256.66
16527,12256.66
16528,12411.53
16529,12411.53
16530,12411.53
16531,12411.53
16532,12569.21
16533,12569.21
16534,12569.21
16535,12569.21
16536,13189.27
16537,13189.27
16538,13189.27
16539,13189.27
16540,14541.18
16541,14541.18
16542,14541.18
16543,14541.18
16544,14958.8
16545,14958.8
16546,14958.8
16547,14958.8
16548,14942.67
16549,14942.67
16550,14942.67
16551,14942.67
16552,14424.0
16553,14424.0
16554,14424.0
16555,14424.0
16556,14163.82
16557,14163.82
16558,14163.82
16559,14163.82
16560,13895.67
16561,13895.67
16562,13895.67
16563,13895.67
16564,13698.19
16565,13698.19
16566,13698.19
16567,13698.19
16568,13573.07
16569,13573.07
16570,13573.07
16571,13573.07
16572,14018.34
16573,14018.34
16574,14018.34
16575,14018.34
16576,14596.75
16577,14596.75
16578,14596.75
16579,14596.75
16580,14773.83
16581,14773.83
16582,14773.83
16583,14773.83
16584,15596.25
16585,15596.25
16586,15596.25
16587,15596.25
16588,15655.67
16589,15655.67
16590,15655.67
16591,15655.67
16592,15156.85
16593,15156.85
16594,15156.85
16595,15156.85
16596,14740.29
16597,14740.29
16598,14740.29
16599,14740.29
16600,14660.83
16601,14660.83
16602,14660.83
16603,14660.83
16604,14071.16
16605,14071.16
16606,14071.16
16607,14071.16
16608,13358.65
16609,13358.65
16610,13358.65
16611,13358.65
16612,13082.22
16613,13082.22
16614,13082.22
16615,13082.22
16616,12920.05
16617,12920.05
16618,12920.05
16619,12920.05
16620,12713.46
16621,12713.46
16622,12713.46
16623,12713.46
16624,12529.3
16625,12529.3
16626,12529.3
16627,12529.3
16628,12812.3
16629,12812.3
16630,12812.3
16631,12812.3
16632,12909.2
16633,12909.2
16634,12909.2
16635,12909.2
16636,13468.28
16637,13468.28
16638,13468.28
16639,13468.28
16640,13495.79
16641,13495.79
16642,13495.79
16643,13495.79
16644,13378.2
16645,13378.2
16646,13378.2
16647,13378.2
16648,13452.52
16649,13452.52
16650,13452.52
16651,13452.52
16652,13156.15
16653,13156.15
16654,13156.15
16655,13156.15
16656,13175.67
16657,13175.67
16658,13175.67
16659,13175.67
16660,13024.33
16661,13024.33
16662,13024.33
16663,13024.33
16664,12963.95
16665,12963.95
16666,12963.95
16667,12963.95
16668,13077.76
16669,13077.76
16670,13077.76
16671,13077.76
16672,13238.93
16673,13238.93
16674,13238.93
16675,13238.93
16676,13459.71
16677,13459.71
16678,13459.71
16679,13459.71
16680,13585.46
16681,13585.46
16682,13585.46
16683,13585.46
16684,13915.18
16685,13915.18
16686,13915.18
16687,13915.18
16688,13670.49
16689,13670.49
16690,13670.49
16691,13670.49
16692,13819.09
16693,13819.09
16694,13819.09
16695,13819.09
16696,13648.31
16697,13648.31
16698,13648.31
16699,13648.31
16700,13046.83
16701,13046.83
16702,13046.83
16703,13046.83
16704,12568.41
16705,12568.41
16706,12568.41
16707,12568.41
16708,12053.84
16709,12053.84
16710,12053.84
16711,12053.84
16712,11765.76
16713,11765.76
16714,11765.76
16715,11765.76
16716,11569.24
16717,11569.24
16718,11569.24
16719,11569.24
16720,11604.05
16721,11604.05
16722,11604.05
16723,11604.05
16724,11787.96
16725,11787.96
16726,11787.96
16727,11787.96
16728,12562.49
16729,12562.49
16730,12562.49
16731,12562.49
16732,14461.5
16733,14461.5
16734,14461.5
16735,14461.5
16736,14418.25
16737,14418.25
16738,14418.25
16739,14418.25
16740,14683.31
16741,14683.31
16742,14683.31
16743,14683.31
16744,15215.8
16745,15215.8
16746,15215.8
16747,15215.8
16748,15249.3
16749,15249.3
16750,15249.3
16751,15249.3
16752,15068.93
16753,15068.93
16754,15068.93
16755,15068.93
16756,14748.13
16757,14748.13
16758,14748.13
16759,14748.13
16760,14585.83
16761,14585.83
16762,14585.83
16763,14585.83
16764,15332.12
16765,15332.12
16766,15332.12
16767,15332.12
16768,15815.57
16769,15815.57
16770,15815.57
16771,15815.57
16772,15927.55
16773,15927.55
16774,15927.55
16775,15927.55
16776,16382.06
16777,16382.06
16778,16382.06
16779,16382.06
16780,16795.0
16781,16795.0
16782,16795.0
16783,16795.0
16784,16137.53
16785,16137.53
16786,16137.53
16787,16137.53
16788,15744.22
16789,15744.22
16790,15744.22
16791,15744.22
16792,15347.01
16793,15347.01
16794,15347.01
16795,15347.01
16796,15049.0
16797,15049.0
16798,15049.0
16799,15049.0
16800,14167.55
16801,14167.55
16802,14167.55
16803,14167.55
16804,13762.54
16805,13762.54
16806,13762.54
16807,13762.54
16808,13240.07
16809,13240.07
16810,13240.07
16811,13240.07
16812,12801.44
16813,12801.44
16814,12801.44
16815,12801.44
16816,12980.9
16817,12980.9
16818,12980.9
16819,12980.9
16820,13176.77
16821,13176.77
16822,13176.77
16823,13176.77
16824,13803.81
16825,13803.81
16826,13803.81
16827,13803.81
16828,15385.94
16829,15385.94
16830,15385.94
16831,15385.94
16832,15351.15
16833,15351.15
16834,15351.15
16835,15351.15
16836,15772.71
16837,15772.71
16838,15772.71
16839,15772.71
16840,15590.38
16841,15590.38
16842,15590.38
16843,15590.38
16844,15361.33
16845,15361.33
16846,15361.33
16847,15361.33
16848,15036.04
16849,15036.04
16850,15036.04
16851,15036.04
16852,14601.26
16853,14601.26
16854,14601.26
16855,14601.26
16856,14627.25
16857,14627.25
16858,14627.25
16859,14627.25
16860,15296.09
16861,15296.09
16862,15296.09
16863,15296.09
16864,15746.86
16865,15746.86
16866,15746.86
16867,15746.86
16868,16175.02
16869,16175.02
16870,16175.02
16871,16175.02
16872,16720.87
16873,16720.87
16874,16720.87
16875,16720.87
16876,16787.96
16877,16787.96
16878,16787.96
16879,16787.96
16880,16048.14
16881,16048.14
16882,16048.14
16883,16048.14
16884,15318.73
16885,15318.73
16886,15318.73
16887,15318.73
16888,15245.81
16889,15245.81
16890,15245.81
16891,15245.81
16892,14626.72
16893,14626.72
16894,14626.72
16895,14626.72
16896,14001.0
16897,14001.0
16898,14001.0
16899,14001.0
16900,13811.12
16901,13811.12
16902,13811.12
16903,13811.12
16904,13284.91
16905,13284.91
16906,13284.91
16907,13284.91
16908,13104.95
16909,13104.95
16910,13104.95
16911,13104.95
16912,13145.35
16913,13145.35
16914,13145.35
16915,13145.35
16916,13426.69
16917,13426.69
16918,13426.69
16919,13426.69
16920,13927.11
16921,13927.11
16922,13927.11
16923,13927.11
16924,15750.8
16925,15750.8
16926,15750.8
16927,15750.8
16928,15565.57
16929,15565.57
16930,15565.57
16931,15565.57
16932,15599.64
16933,15599.64
16934,15599.64
16935,15599.64
16936,15556.27
16937,15556.27
16938,15556.27
16939,15556.27
16940,15778.0
16941,15778.0
16942,15778.0
16943,15778.0
16944,15806.78
16945,15806.78
16946,15806.78
16947,15806.78
16948,15417.66
16949,15417.66
16950,15417.66
16951,15417.66
16952,15234.58
16953,15234.58
16954,15234.58
16955,15234.58
16956,16145.77
16957,16145.77
16958,16145.77
16959,16145.77
16960,16458.95
16961,16458.95
16962,16458.95
16963,16458.95
16964,16842.86
16965,16842.86
16966,16842.86
16967,16842.86
16968,16923.53
16969,16923.53
16970,16923.53
16971,16923.53
16972,17004.16
16973,17004.16
16974,17004.16
16975,17004.16
16976,16361.14
16977,16361.14
16978,16361.14
16979,16361.14
16980,16105.72
16981,16105.72
16982,16105.72
16983,16105.72
16984,15873.02
16985,15873.02
16986,15873.02
16987,15873.02
16988,15257.83
16989,15257.83
16990,15257.83
16991,15257.83
16992,14706.43
16993,14706.43
16994,14706.43
16995,14706.43
16996,14163.56
16997,14163.56
16998,14163.56
16999,14163.56
17000,13801.18
17001,13801.18
17002,13801.18
17003,13801.18
17004,13629.69
17005,13629.69
17006,13629.69
17007,13629.69
17008,13731.11
17009,13731.11
17010,13731.11
17011,13731.11
17012,13942.78
17013,13942.78
17014,13942.78
17015,13942.78
17016,14409.18
17017,14409.18
17018,14409.18
17019,14409.18
17020,16041.24
17021,16041.24
17022,16041.24
17023,16041.24
17024,15915.04
17025,15915.04
17026,15915.04
17027,15915.04
17028,15989.67
17029,15989.67
17030,15989.67
17031,15989.67
17032,16500.57
17033,16500.57
17034,16500.57
17035,16500.57
17036,17104.85
17037,17104.85
17038,17104.85
17039,17104.85
17040,16266.55
17041,16266.55
17042,16266.55
17043,16266.55
17044,16121.45
17045,16121.45
17046,16121.45
17047,16121.45
17048,15655.78
17049,15655.78
17050,15655.78
17051,15655.78
17052,16160.54
17053,16160.54
17054,16160.54
17055,16160.54
17056,16399.13
17057,16399.13
17058,16399.13
17059,16399.13
17060,16697.54
17061,16697.54
17062,16697.54
17063,16697.54
17064,16465.48
17065,16465.48
17066,16465.48
17067,16465.48
17068,16353.06
17069,16353.06
17070,16353.06
17071,16353.06
17072,15642.94
17073,15642.94
17074,15642.94
17075,15642.94
17076,15511.03
17077,15511.03
17078,15511.03
17079,15511.03
17080,15460.11
17081,15460.11
17082,15460.11
17083,15460.11
17084,14998.84
17085,14998.84
17086,14998.84
17087,14998.84
17088,14454.78
17089,14454.78
17090,14454.78
17091,14454.78
17092,13807.25
17093,13807.25
17094,13807.25
17095,13807.25
17096,13277.81
17097,13277.81
17098,13277.81
17099,13277.81
17100,13047.27
17101,13047.27
17102,13047.27
17103,13047.27
17104,12920.7
17105,12920.7
17106,12920.7
17107,12920.7
17108,13250.65
17109,13250.65
17110,13250.65
17111,13250.65
17112,13851.77
17113,13851.77
17114,13851.77
17115,13851.77
17116,15053.28
17117,15053.28
17118,15053.28
17119,15053.28
17120,14266.69
17121,14266.69
17122,14266.69
17123,14266.69
17124,14761.33
17125,14761.33
17126,14761.33
17127,14761.33
17128,15417.81
17129,15417.81
17130,15417.81
17131,15417.81
17132,15757.82
17133,15757.82
17134,15757.82
17135,15757.82
17136,15702.32
17137,15702.32
17138,15702.32
17139,15702.32
17140,15431.35
17141,15431.35
17142,15431.35
17143,15431.35
17144,15060.71
17145,15060.71
17146,15060.71
17147,15060.71
17148,15922.31
17149,15922.31
17150,15922.31
17151,15922.31
17152,16545.69
17153,16545.69
17154,16545.69
17155,16545.69
17156,16462.48
17157,16462.48
17158,16462.48
17159,16462.48
17160,16827.59
17161,16827.59
17162,16827.59
17163,16827.59
17164,16650.6
17165,16650.6
17166,16650.6
17167,16650.6
17168,15983.83
17169,15983.83
17170,15983.83
17171,15983.83
17172,15791.97
17173,15791.97
17174,15791.97
17175,15791.97
17176,15757.81
17177,15757.81
17178,15757.81
17179,15757.81
17180,15172.2
17181,15172.2
17182,15172.2
17183,15172.2
17184,14486.22
17185,14486.22
17186,14486.22
17187,14486.22
17188,14104.3
17189,14104.3
17190,14104.3
17191,14104.3
17192,13667.03
17193,13667.03
17194,13667.03
17195,13667.03
17196,13320.47
17197,13320.47
17198,13320.47
17199,13320.47
17200,13494.73
17201,13494.73
17202,13494.73
17203,13494.73
17204,13675.72
17205,13675.72
17206,13675.72
17207,13675.72
17208,13916.5
17209,13916.5
17210,13916.5
17211,13916.5
17212,15044.96
17213,15044.96
17214,15044.96
17215,15044.96
17216,14804.54
17217,14804.54
17218,14804.54
17219,14804.54
17220,15707.7
17221,15707.7
17222,15707.7
17223,15707.7
17224,16074.32
17225,16074.32
17226,16074.32
17227,16074.32
17228,16397.06
17229,16397.06
17230,16397.06
17231,16397.06
17232,15906.63
17233,15906.63
17234,15906.63
17235,15906.63
17236,15528.2
17237,15528.2
17238,15528.2
17239,15528.2
17240,15363.26
17241,15363.26
17242,15363.26
17243,15363.26
17244,15909.98
17245,15909.98
17246,15909.98
17247,15909.98
17248,16298.56
17249,16298.56
17250,16298.56
17251,16298.56
17252,16430.32
17253,16430.32
17254,16430.32
17255,16430.32
17256,16310.86
17257,16310.86
17258,16310.86
17259,16310.86
17260,16187.07
17261,16187.07
17262,16187.07
17263,16187.07
17264,15657.94
17265,15657.94
17266,15657.94
17267,15657.94
17268,15284.39
17269,15284.39
17270,15284.39
17271,15284.39
17272,15458.88
17273,15458.88
17274,15458.88
17275,15458.88
17276,15181.12
17277,15181.12
17278,15181.12
17279,15181.12
17280,14586.45
17281,14586.45
17282,14586.45
17283,14586.45
17284,14151.95
17285,14151.95
17286,14151.95
17287,14151.95
17288,13985.85
17289,13985.85
17290,13985.85
17291,13985.85
17292,13533.46
17293,13533.46
17294,13533.46
17295,13533.46
17296,13351.63
17297,13351.63
17298,13351.63
17299,13351.63
17300,13342.07
17301,13342.07
17302,13342.07
17303,13342.07
17304,13317.49
17305,13317.49
17306,13317.49
17307,13317.49
17308,14026.5
17309,14026.5
17310,14026.5
17311,14026.5
17312,13936.33
17313,13936.33
17314,13936.33
17315,13936.33
17316,14268.46
17317,14268.46
17318,14268.46
17319,14268.46
17320,14071.99
17321,14071.99
17322,14071.99
17323,14071.99
17324,14137.07
17325,14137.07
17326,14137.07
17327,14137.07
17328,14331.26
17329,14331.26
17330,14331.26
17331,14331.26
17332,14349.11
17333,14349.11
17334,14349.11
17335,14349.11
17336,14096.01
17337,14096.01
17338,14096.01
17339,14096.01
17340,13920.84
17341,13920.84
17342,13920.84
17343,13920.84
17344,14715.43
17345,14715.43
17346,14715.43
17347,14715.43
17348,14501.04
17349,14501.04
17350,14501.04
17351,14501.04
17352,14762.05
17353,14762.05
17354,14762.05
17355,14762.05
17356,14877.34
17357,14877.34
17358,14877.34
17359,14877.34
17360,14718.85
17361,14718.85
17362,14718.85
17363,14718.85
17364,14799.0
17365,14799.0
17366,14799.0
17367,14799.0
17368,14934.44
17369,14934.44
17370,14934.44
17371,14934.44
17372,14319.84
17373,14319.84
17374,14319.84
17375,14319.84
17376,13683.94
17377,13683.94
17378,13683.94
17379,13683.94
17380,13410.25
17381,13410.25
17382,13410.25
17383,13410.25
17384,12848.61
17385,12848.61
17386,12848.61
17387,12848.61
17388,12559.78
17389,12559.78
17390,12559.78
17391,12559.78
17392,12602.82
17393,12602.82
17394,12602.82
17395,12602.82
17396,12749.07
17397,12749.07
17398,12749.07
17399,12749.07
17400,13180.97
17401,13180.97
17402,13180.97
17403,13180.97
17404,14454.04
17405,14454.04
17406,14454.04
17407,14454.04
17408,14560.48
17409,14560.48
17410,14560.48
17411,14560.48
17412,15970.13
17413,15970.13
17414,15970.13
17415,15970.13
17416,16502.55
17417,16502.55
17418,16502.55
17419,16502.55
17420,16622.48
17421,16622.48
17422,16622.48
17423,16622.48
17424,16630.69
17425,16630.69
17426,16630.69
17427,16630.69
17428,15851.48
17429,15851.48
17430,15851.48
17431,15851.48
17432,15882.69
17433,15882.69
17434,15882.69
17435,15882.69
17436,16714.49
17437,16714.49
17438,16714.49
17439,16714.49
17440,17350.51
17441,17350.51
17442,17350.51
17443,17350.51
17444,17050.79
17445,17050.79
17446,17050.79
17447,17050.79
17448,17199.84
17449,17199.84
17450,17199.84
17451,17199.84
17452,17365.77
17453,17365.77
17454,17365.77
17455,17365.77
17456,16620.64
17457,16620.64
17458,16620.64
17459,16620.64
17460,16410.16
17461,16410.16
17462,16410.16
17463,16410.16
17464,16350.78
17465,16350.78
17466,16350.78
17467,16350.78
17468,16018.51
17469,16018.51
17470,16018.51
17471,16018.51
17472,15210.18
17473,15210.18
17474,15210.18
17475,15210.18
17476,14673.26
17477,14673.26
17478,14673.26
17479,14673.26
17480,14442.19
17481,14442.19
17482,14442.19
17483,14442.19
17484,13958.35
17485,13958.35
17486,13958.35
17487,13958.35
17488,13594.57
17489,13594.57
17490,13594.57
17491,13594.57
17492,13732.77
17493,13732.77
17494,13732.77
17495,13732.77
17496,14064.13
17497,14064.13
17498,14064.13
17499,14064.13
17500,15331.14
17501,15331.14
17502,15331.14
17503,15331.14
17504,15496.38
17505,15496.38
17506,15496.38
17507,15496.38
17508,16381.32
17509,16381.32
17510,16381.32
17511,16381.32
17512,16919.15
17513,16919.15
17514,16919.15
17515,16919.15
17516,16677.86
17517,16677.86
17518,16677.86
17519,16677.86
17520,16569.39
17521,16569.39
17522,16569.39
17523,16569.39
17524,16202.23
17525,16202.23
17526,16202.23
17527,16202.23
17528,16147.11
17529,16147.11
17530,16147.11
17531,16147.11
17532,16528.55
17533,16528.55
17534,16528.55
17535,16528.55
17536,17087.82
17537,17087.82
17538,17087.82
17539,17087.82
17540,16939.1
17541,16939.1
17542,16939.1
17543,16939.1
17544,16714.26
17545,16714.26
17546,16714.26
17547,16714.26
17548,16701.25
17549,16701.25
17550,16701.25
17551,16701.25
17552,16113.27
17553,16113.27
17554,16113.27
17555,16113.27
17556,15894.58
17557,15894.58
17558,15894.58
17559,15894.58
17560,15987.01
17561,15987.01
17562,15987.01
17563,15987.01
17564,15370.1
17565,15370.1
17566,15370.1
17567,15370.1
17568,14926.08
17569,14926.08
17570,14926.08
17571,14926.08
17572,14403.0
17573,14403.0
17574,14403.0
17575,14403.0
17576,13922.78
17577,13922.78
17578,13922.78
17579,13922.78
17580,13561.61
17581,13561.61
17582,13561.61
17583,13561.61
17584,13407.67
17585,13407.67
17586,13407.67
17587,13407.67
17588,13587.72
17589,13587.72
17590,13587.72
17591,13587.72
17592,13551.27
17593,13551.27
17594,13551.27
17595,13551.27
17596,13950.74
17597,13950.74
17598,13950.74
17599,13950.74
17600,13643.11
17601,13643.11
17602,13643.11
17603,13643.11
17604,13753.08
17605,13753.08
17606,13753.08
17607,13753.08
17608,14002.79
17609,14002.79
17610,14002.79
17611,14002.79
17612,14077.32
17613,14077.32
17614,14077.32
17615,14077.32
17616,13945.59
17617,13945.59
17618,13945.59
17619,13945.59
17620,13722.17
17621,13722.17
17622,13722.17
17623,13722.17
17624,13654.48
17625,13654.48
17626,13654.48
17627,13654.48
17628,14086.26
17629,14086.26
17630,14086.26
17631,14086.26
17632,13613.94
17633,13613.94
17634,13613.94
17635,13613.94
17636,13890.62
17637,13890.62
17638,13890.62
17639,13890.62
17640,14446.62
17641,14446.62
17642,14446.62
17643,14446.62
17644,14069.88
17645,14069.88
17646,14069.88
17647,14069.88
17648,14096.59
17649,14096.59
17650,14096.59
17651,14096.59
17652,13781.54
17653,13781.54
17654,13781.54
17655,13781.54
17656,14132.5
17657,14132.5
17658,14132.5
17659,14132.5
17660,13734.1
17661,13734.1
17662,13734.1
17663,13734.1
17664,13166.54
17665,13166.54
17666,13166.54
17667,13166.54
17668,12754.43
17669,12754.43
17670,12754.43
17671,12754.43
17672,12336.9
17673,12336.9
17674,12336.9
17675,12336.9
17676,12138.2
17677,12138.2
17678,12138.2
17679,12138.2
17680,12121.08
17681,12121.08
17682,12121.08
17683,12121.08
17684,12107.24
17685,12107.24
17686,12107.24
17687,12107.24
17688,12217.43
17689,12217.43
17690,12217.43
17691,12217.43
17692,13085.38
17693,13085.38
17694,13085.38
17695,13085.38
17696,13662.45
17697,13662.45
17698,13662.45
17699,13662.45
17700,14039.81
17701,14039.81
17702,14039.81
17703,14039.81
17704,13646.28
17705,13646.28
17706,13646.28
17707,13646.28
17708,14439.73
17709,14439.73
17710,14439.73
17711,14439.73
17712,14451.03
17713,14451.03
17714,14451.03
17715,14451.03
17716,13967.63
17717,13967.63
17718,13967.63
17719,13967.63
17720,14027.52
17721,14027.52
17722,14027.52
17723,14027.52
17724,14404.49
17725,14404.49
17726,14404.49
17727,14404.49
17728,15088.43
17729,15088.43
17730,15088.43
17731,15088.43
17732,14674.51
17733,14674.51
17734,14674.51
17735,14674.51
17736,15048.48
17737,15048.48
17738,15048.48
17739,15048.48
17740,15354.58
17741,15354.58
17742,15354.58
17743,15354.58
17744,14757.87
17745,14757.87
17746,14757.87
17747,14757.87
17748,14852.79
17749,14852.79
17750,14852.79
17751,14852.79
17752,15091.1
17753,15091.1
17754,15091.1
17755,15091.1
17756,14586.4
17757,14586.4
17758,14586.4
17759,14586.4
17760,14031.94
17761,14031.94
17762,14031.94
17763,14031.94
17764,13725.77
17765,13725.77
17766,13725.77
17767,13725.77
17768,13095.01
17769,13095.01
17770,13095.01
17771,13095.01
17772,12965.23
17773,12965.23
17774,12965.23
17775,12965.23
17776,12966.07
17777,12966.07
17778,12966.07
17779,12966.07
17780,13314.18
17781,13314.18
17782,13314.18
17783,13314.18
17784,13368.83
17785,13368.83
17786,13368.83
17787,13368.83
17788,14817.2
17789,14817.2
17790,14817.2
17791,14817.2
17792,15573.24
17793,15573.24
17794,15573.24
17795,15573.24
17796,16230.5
17797,16230.5
17798,16230.5
17799,16230.5
17800,16421.49
17801,16421.49
17802,16421.49
17803,16421.49
17804,17153.54
17805,17153.54
17806,17153.54
17807,17153.54
17808,17264.29
17809,17264.29
17810,17264.29
17811,17264.29
17812,16694.98
17813,16694.98
17814,16694.98
17815,16694.98
17816,16256.24
17817,16256.24
17818,16256.24
17819,16256.24
17820,17013.8
17821,17013.8
17822,17013.8
17823,17013.8
17824,17835.7
17825,17835.7
17826,17835.7
17827,17835.7
17828,17412.8
17829,17412.8
17830,17412.8
17831,17412.8
17832,17340.97
17833,17340.97
17834,17340.97
17835,17340.97
17836,17157.22
17837,17157.22
17838,17157.22
17839,17157.22
17840,16633.79
17841,16633.79
17842,16633.79
17843,16633.79
17844,16299.99
17845,16299.99
17846,16299.99
17847,16299.99
17848,16116.88
17849,16116.88
17850,16116.88
17851,16116.88
17852,15878.76
17853,15878.76
17854,15878.76
17855,15878.76
17856,15000.78
17857,15000.78
17858,15000.78
17859,15000.78
17860,14477.81
17861,14477.81
17862,14477.81
17863,14477.81
17864,13750.69
17865,13750.69
17866,13750.69
17867,13750.69
17868,13258.11
17869,13258.11
17870,13258.11
17871,13258.11
17872,12953.04
17873,12953.04
17874,12953.04
17875,12953.04
17876,13242.66
17877,13242.66
17878,13242.66
17879,13242.66
17880,13456.23
17881,13456.23
17882,13456.23
17883,13456.23
17884,14258.39
17885,14258.39
17886,14258.39
17887,14258.39
17888,15109.53
17889,15109.53
17890,15109.53
17891,15109.53
17892,15317.32
17893,15317.32
17894,15317.32
17895,15317.32
17896,15364.27
17897,15364.27
17898,15364.27
17899,15364.27
17900,15173.7
17901,15173.7
17902,15173.7
17903,15173.7
17904,14787.26
17905,14787.26
17906,14787.26
17907,14787.26
17908,14614.36
17909,14614.36
17910,14614.36
17911,14614.36
17912,14477.21
17913,14477.21
17914,14477.21
17915,14477.21
17916,15453.43
17917,15453.43
17918,15453.43
17919,15453.43
17920,15500.95
17921,15500.95
17922,15500.95
17923,15500.95
17924,16155.76
17925,16155.76
17926,16155.76
17927,16155.76
17928,16533.16
17929,16533.16
17930,16533.16
17931,16533.16
17932,16176.2
17933,16176.2
17934,16176.2
17935,16176.2
17936,15862.78
17937,15862.78
17938,15862.78
17939,15862.78
17940,15335.81
17941,15335.81
17942,15335.81
17943,15335.81
17944,14713.03
17945,14713.03
17946,14713.03
17947,14713.03
17948,14601.99
17949,14601.99
17950,14601.99
17951,14601.99
17952,14396.06
17953,14396.06
17954,14396.06
17955,14396.06
17956,14021.68
17957,14021.68
17958,14021.68
17959,14021.68
17960,13462.13
17961,13462.13
17962,13462.13
17963,13462.13
17964,13249.86
17965,13249.86
17966,13249.86
17967,13249.86
17968,13197.87
17969,13197.87
17970,13197.87
17971,13197.87
17972,13219.83
17973,13219.83
17974,13219.83
17975,13219.83
17976,13146.65
17977,13146.65
17978,13146.65
17979,13146.65
17980,13675.93
17981,13675.93
17982,13675.93
17983,13675.93
17984,13727.26
17985,13727.26
17986,13727.26
17987,13727.26
17988,13637.99
17989,13637.99
17990,13637.99
17991,13637.99
17992,13645.13
17993,13645.13
17994,13645.13
17995,13645.13
17996,13721.39
17997,13721.39
17998,13721.39
17999,13721.39
18000,13639.64
18001,13639.64
18002,13639.64
18003,13639.64
18004,13487.27
18005,13487.27
18006,13487.27
18007,13487.27
18008,13388.86
18009,13388.86
18010,13388.86
18011,13388.86
18012,13891.17
18013,13891.17
18014,13891.17
18015,13891.17
18016,13833.73
18017,13833.73
18018,13833.73
18019,13833.73
18020,14140.89
18021,14140.89
18022,14140.89
18023,14140.89
18024,14125.05
18025,14125.05
18026,14125.05
18027,14125.05
18028,14145.28
18029,14145.28
18030,14145.28
18031,14145.28
18032,13945.23
18033,13945.23
18034,13945.23
18035,13945.23
18036,13939.86
18037,13939.86
18038,13939.86
18039,13939.86
18040,13919.27
18041,13919.27
18042,13919.27
18043,13919.27
18044,13547.21
18045,13547.21
18046,13547.21
18047,13547.21
18048,13050.63
18049,13050.63
18050,13050.63
18051,13050.63
18052,12457.91
18053,12457.91
18054,12457.91
18055,12457.91
18056,12098.51
18057,12098.51
18058,12098.51
18059,12098.51
18060,11879.8
18061,11879.8
18062,11879.8
18063,11879.8
18064,11796.37
18065,11796.37
18066,11796.37
18067,11796.37
18068,11872.26
18069,11872.26
18070,11872.26
18071,11872.26
18072,12716.11
18073,12716.11
18074,12716.11
18075,12716.11
18076,14468.91
18077,14468.91
18078,14468.91
18079,14468.91
18080,14114.15
18081,14114.15
18082,14114.15
18083,14114.15
18084,13966.92
18085,13966.92
18086,13966.92
18087,13966.92
18088,14678.99
18089,14678.99
18090,14678.99
18091,14678.99
18092,14815.09
18093,14815.09
18094,14815.09
18095,14815.09
18096,14532.11
18097,14532.11
18098,14532.11
18099,14532.11
18100,14470.05
18101,14470.05
18102,14470.05
18103,14470.05
18104,14434.36
18105,14434.36
18106,14434.36
18107,14434.36
18108,15617.49
18109,15617.49
18110,15617.49
18111,15617.49
18112,16017.66
18113,16017.66
18114,16017.66
18115,16017.66
18116,16304.53
18117,16304.53
18118,16304.53
18119,16304.53
18120,16733.82
18121,16733.82
18122,16733.82
18123,16733.82
18124,16915.51
18125,16915.51
18126,16915.51
18127,16915.51
18128,16489.35
18129,16489.35
18130,16489.35
18131,16489.35
18132,16107.56
18133,16107.56
18134,16107.56
18135,16107.56
18136,16361.49
18137,16361.49
18138,16361.49
18139,16361.49
18140,15092.69
18141,15092.69
18142,15092.69
18143,15092.69
18144,14602.07
18145,14602.07
18146,14602.07
18147,14602.07
18148,14016.44
18149,14016.44
18150,14016.44
18151,14016.44
18152,13674.5
18153,13674.5
18154,13674.5
18155,13674.5
18156,13377.03
18157,13377.03
18158,13377.03
18159,13377.03
18160,13205.46
18161,13205.46
18162,13205.46
18163,13205.46
18164,13562.35
18165,13562.35
18166,13562.35
18167,13562.35
18168,14165.26
18169,14165.26
18170,14165.26
18171,14165.26
18172,15786.29
18173,15786.29
18174,15786.29
18175,15786.29
18176,15878.56
18177,15878.56
18178,15878.56
18179,15878.56
18180,15588.83
18181,15588.83
18182,15588.83
18183,15588.83
18184,15665.11
18185,15665.11
18186,15665.11
18187,15665.11
18188,15096.39
18189,15096.39
18190,15096.39
18191,15096.39
18192,15122.68
18193,15122.68
18194,15122.68
18195,15122.68
18196,14321.04
18197,14321.04
18198,14321.04
18199,14321.04
18200,14053.92
18201,14053.92
18202,14053.92
18203,14053.92
18204,15599.62
18205,15599.62
18206,15599.62
18207,15599.62
18208,16112.74
18209,16112.74
18210,16112.74
18211,16112.74
18212,15984.35
18213,15984.35
18214,15984.35
18215,15984.35
18216,16914.11
18217,16914.11
18218,16914.11
18219,16914.11
18220,17302.29
18221,17302.29
18222,17302.29
18223,17302.29
18224,16724.21
18225,16724.21
18226,16724.21
18227,16724.21
18228,16760.09
18229,16760.09
18230,16760.09
18231,16760.09
18232,16486.91
18233,16486.91
18234,16486.91
18235,16486.91
18236,15972.8
18237,15972.8
18238,15972.8
18239,15972.8
18240,14999.11
18241,14999.11
18242,14999.11
18243,14999.11
18244,14565.8
18245,14565.8
18246,14565.8
18247,14565.8
18248,14191.98
18249,14191.98
18250,14191.98
18251,14191.98
18252,13974.29
18253,13974.29
18254,13974.29
18255,13974.29
18256,13789.4
18257,13789.4
18258,13789.4
18259,13789.4
18260,13950.88
18261,13950.88
18262,13950.88
18263,13950.88
18264,14317.63
18265,14317.63
18266,14317.63
18267,14317.63
18268,15801.26
18269,15801.26
18270,15801.26
18271,15801.26
18272,16360.61
18273,16360.61
18274,16360.61
18275,16360.61
18276,15719.66
18277,15719.66
18278,15719.66
18279,15719.66
18280,15784.31
18281,15784.31
18282,15784.31
18283,15784.31
18284,15653.03
18285,15653.03
18286,15653.03
18287,15653.03
18288,15978.49
18289,15978.49
18290,15978.49
18291,15978.49
18292,15843.29
18293,15843.29
18294,15843.29
18295,15843.29
18296,15580.51
18297,15580.51
18298,15580.51
18299,15580.51
18300,16361.44
18301,16361.44
18302,16361.44
18303,16361.44
18304,16713.78
18305,16713.78
18306,16713.78
18307,16713.78
18308,16721.22
18309,16721.22
18310,16721.22
18311,16721.22
18312,17283.23
18313,17283.23
18314,17283.23
18315,17283.23
18316,17372.57
18317,17372.57
18318,17372.57
18319,17372.57
18320,16748.51
18321,16748.51
18322,16748.51
18323,16748.51
18324,16558.75
18325,16558.75
18326,16558.75
18327,16558.75
18328,16481.22
18329,16481.22
18330,16481.22
18331,16481.22
18332,15827.01
18333,15827.01
18334,15827.01
18335,15827.01
18336,15021.7
18337,15021.7
18338,15021.7
18339,15021.7
18340,14561.49
18341,14561.49
18342,14561.49
18343,14561.49
18344,14150.72
18345,14150.72
18346,14150.72
18347,14150.72
18348,13593.85
18349,13593.85
18350,13593.85
18351,13593.85
18352,13443.79
18353,13443.79
18354,13443.79
18355,13443.79
18356,13752.86
18357,13752.86
18358,13752.86
18359,13752.86
18360,14330.87
18361,14330.87
18362,14330.87
18363,14330.87
18364,15339.45
18365,15339.45
18366,15339.45
18367,15339.45
18368,15900.62
18369,15900.62
18370,15900.62
18371,15900.62
18372,15772.36
18373,15772.36
18374,15772.36
18375,15772.36
18376,15878.64
18377,15878.64
18378,15878.64
18379,15878.64
18380,15896.17
18381,15896.17
18382,15896.17
18383,15896.17
18384,15676.55
18385,15676.55
18386,15676.55
18387,15676.55
18388,15176.21
18389,15176.21
18390,15176.21
18391,15176.21
18392,14966.2
18393,14966.2
18394,14966.2
18395,14966.2
18396,15726.47
18397,15726.47
18398,15726.47
18399,15726.47
18400,16420.27
18401,16420.27
18402,16420.27
18403,16420.27
18404,16106.38
18405,16106.38
18406,16106.38
18407,16106.38
18408,16716.13
18409,16716.13
18410,16716.13
18411,16716.13
18412,17008.93
18413,17008.93
18414,17008.93
18415,17008.93
18416,16421.92
18417,16421.92
18418,16421.92
18419,16421.92
18420,16216.74
18421,16216.74
18422,16216.74
18423,16216.74
18424,16033.75
18425,16033.75
18426,16033.75
18427,16033.75
18428,15610.95
18429,15610.95
18430,15610.95
18431,15610.95
18432,14821.17
18433,14821.17
18434,14821.17
18435,14821.17
18436,14251.27
18437,14251.27
18438,14251.27
18439,14251.27
18440,13672.73
18441,13672.73
18442,13672.73
18443,13672.73
18444,13410.51
18445,13410.51
18446,13410.51
18447,13410.51
18448,13206.83
18449,13206.83
18450,13206.83
18451,13206.83
18452,13452.16
18453,13452.16
18454,13452.16
18455,13452.16
18456,14078.9
18457,14078.9
18458,14078.9
18459,14078.9
18460,15302.41
18461,15302.41
18462,15302.41
18463,15302.41
18464,15451.9
18465,15451.9
18466,15451.9
18467,15451.9
18468,15432.16
18469,15432.16
18470,15432.16
18471,15432.16
18472,15771.97
18473,15771.97
18474,15771.97
18475,15771.97
18476,15661.88
18477,15661.88
18478,15661.88
18479,15661.88
18480,15560.53
18481,15560.53
18482,15560.53
18483,15560.53
18484,15090.4
18485,15090.4
18486,15090.4
18487,15090.4
18488,15059.65
18489,15059.65
18490,15059.65
18491,15059.65
18492,15820.04
18493,15820.04
18494,15820.04
18495,15820.04
18496,16151.94
18497,16151.94
18498,16151.94
18499,16151.94
18500,16317.7
18501,16317.7
18502,16317.7
18503,16317.7
18504,16824.25
18505,16824.25
18506,16824.25
18507,16824.25
18508,16914.97
18509,16914.97
18510,16914.97
18511,16914.97
18512,16365.44
18513,16365.44
18514,16365.44
18515,16365.44
18516,16234.32
18517,16234.32
18518,16234.32
18519,16234.32
18520,16148.7
18521,16148.7
18522,16148.7
18523,16148.7
18524,15674.89
18525,15674.89
18526,15674.89
18527,15674.89
18528,14856.76
18529,14856.76
18530,14856.76
18531,14856.76
18532,14409.77
18533,14409.77
18534,14409.77
18535,14409.77
18536,13988.71
18537,13988.71
18538,13988.71
18539,13988.71
18540,13694.06
18541,13694.06
18542,13694.06
18543,13694.06
18544,13579.74
18545,13579.74
18546,13579.74
18547,13579.74
18548,13612.78
18549,13612.78
18550,13612.78
18551,13612.78
18552,14031.36
18553,14031.36
18554,14031.36
18555,14031.36
18556,15172.21
18557,15172.21
18558,15172.21
18559,15172.21
18560,15374.15
18561,15374.15
18562,15374.15
18563,15374.15
18564,15803.45
18565,15803.45
18566,15803.45
18567,15803.45
18568,16088.99
18569,16088.99
18570,16088.99
18571,16088.99
18572,16273.79
18573,16273.79
18574,16273.79
18575,16273.79
18576,16063.29
18577,16063.29
18578,16063.29
18579,16063.29
18580,16295.52
18581,16295.52
18582,16295.52
18583,16295.52
18584,16295.52
18585,16295.52
18586,16295.52
18587,16295.52
18588,16295.52
18589,16295.52
18590,16295.52
18591,16295.52
18592,16295.52
18593,16295.52
18594,16295.52
18595,16295.52
18596,15748.72
18597,15748.72
18598,15748.72
18599,15748.72
18600,16030.23
18601,16030.23
18602,16030.23
18603,16030.23
18604,16019.36
18605,16019.36
18606,16019.36
18607,16019.36
18608,15868.16
18609,15868.16
18610,15868.16
18611,15868.16
18612,15481.29
18613,15481.29
18614,15481.29
18615,15481.29
18616,15498.44
18617,15498.44
18618,15498.44
18619,15498.44
18620,14964.06
18621,14964.06
18622,14964.06
18623,14964.06
18624,14167.73
18625,14167.73
18626,14167.73
18627,14167.73
18628,13569.59
18629,13569.59
18630,13569.59
18631,13569.59
18632,13141.41
18633,13141.41
18634,13141.41
18635,13141.41
18636,12952.94
18637,12952.94
18638,12952.94
18639,12952.94
18640,12654.35
18641,12654.35
18642,12654.35
18643,12654.35
18644,12871.74
18645,12871.74
18646,12871.74
18647,12871.74
18648,13033.44
18649,13033.44
18650,13033.44
18651,13033.44
18652,13155.16
18653,13155.16
18654,13155.16
18655,13155.16
18656,12309.91
18657,12309.91
18658,12309.91
18659,12309.91
18660,12223.81
18661,12223.81
18662,12223.81
18663,12223.81
18664,13148.75
18665,13148.75
18666,13148.75
18667,13148.75
18668,13344.46
18669,13344.46
18670,13344.46
18671,13344.46
18672,13473.56
18673,13473.56
18674,13473.56
18675,13473.56
18676,13150.26
18677,13150.26
18678,13150.26
18679,13150.26
18680,12980.05
18681,12980.05
18682,12980.05
18683,12980.05
18684,13241.53
18685,13241.53
18686,13241.53
18687,13241.53
18688,13508.69
18689,13508.69
18690,13508.69
18691,13508.69
18692,13594.74
18693,13594.74
18694,13594.74
18695,13594.74
18696,14263.7
18697,14263.7
18698,14263.7
18699,14263.7
18700,14554.22
18701,14554.22
18702,14554.22
18703,14554.22
18704,14337.02
18705,14337.02
18706,14337.02
18707,14337.02
18708,14238.61
18709,14238.61
18710,14238.61
18711,14238.61
18712,14409.99
18713,14409.99
18714,14409.99
18715,14409.99
18716,13790.63
18717,13790.63
18718,13790.63
18719,13790.63
18720,13184.87
18721,13184.87
18722,13184.87
18723,13184.87
18724,12606.42
18725,12606.42
18726,12606.42
18727,12606.42
18728,12242.98
18729,12242.98
18730,12242.98
18731,12242.98
18732,12038.09
18733,12038.09
18734,12038.09
18735,12038.09
18736,11928.17
18737,11928.17
18738,11928.17
18739,11928.17
18740,12265.24
18741,12265.24
18742,12265.24
18743,12265.24
18744,12774.63
18745,12774.63
18746,12774.63
18747,12774.63
18748,14653.53
18749,14653.53
18750,14653.53
18751,14653.53
18752,14364.52
18753,14364.52
18754,14364.52
18755,14364.52
18756,14669.41
18757,14669.41
18758,14669.41
18759,14669.41
18760,15612.81
18761,15612.81
18762,15612.81
18763,15612.81
18764,15824.74
18765,15824.74
18766,15824.74
18767,15824.74
18768,15601.73
18769,15601.73
18770,15601.73
18771,15601.73
18772,14986.46
18773,14986.46
18774,14986.46
18775,14986.46
18776,15086.54
18777,15086.54
18778,15086.54
18779,15086.54
18780,15573.74
18781,15573.74
18782,15573.74
18783,15573.74
18784,15720.25
18785,15720.25
18786,15720.25
18787,15720.25
18788,16565.93
18789,16565.93
18790,16565.93
18791,16565.93
18792,16371.25
18793,16371.25
18794,16371.25
18795,16371.25
18796,16642.88
18797,16642.88
18798,16642.88
18799,16642.88
18800,16123.76
18801,16123.76
18802,16123.76
18803,16123.76
18804,15977.75
18805,15977.75
18806,15977.75
18807,15977.75
18808,15834.75
18809,15834.75
18810,15834.75
18811,15834.75
18812,15145.64
18813,15145.64
18814,15145.64
18815,15145.64
18816,14136.17
18817,14136.17
18818,14136.17
18819,14136.17
18820,13571.71
18821,13571.71
18822,13571.71
18823,13571.71
18824,13268.54
18825,13268.54
18826,13268.54
18827,13268.54
18828,12738.49
18829,12738.49
18830,12738.49
18831,12738.49
18832,12959.02
18833,12959.02
18834,12959.02
18835,12959.02
18836,13094.31
18837,13094.31
18838,13094.31
18839,13094.31
18840,13724.11
18841,13724.11
18842,13724.11
18843,13724.11
18844,14970.68
18845,14970.68
18846,14970.68
18847,14970.68
18848,15714.46
18849,15714.46
18850,15714.46
18851,15714.46
18852,15212.85
18853,15212.85
18854,15212.85
18855,15212.85
18856,15354.56
18857,15354.56
18858,15354.56
18859,15354.56
18860,15482.33
18861,15482.33
18862,15482.33
18863,15482.33
18864,15968.17
18865,15968.17
18866,15968.17
18867,15968.17
18868,14681.67
18869,14681.67
18870,14681.67
18871,14681.67
18872,14715.81
18873,14715.81
18874,14715.81
18875,14715.81
18876,15554.13
18877,15554.13
18878,15554.13
18879,15554.13
18880,15649.06
18881,15649.06
18882,15649.06
18883,15649.06
18884,15904.38
18885,15904.38
18886,15904.38
18887,15904.38
18888,16494.72
18889,16494.72
18890,16494.72
18891,16494.72
18892,16415.65
18893,16415.65
18894,16415.65
18895,16415.65
18896,15914.75
18897,15914.75
18898,15914.75
18899,15914.75
18900,15673.67
18901,15673.67
18902,15673.67
18903,15673.67
18904,15692.58
18905,15692.58
18906,15692.58
18907,15692.58
18908,14907.34
18909,14907.34
18910,14907.34
18911,14907.34
18912,13915.09
18913,13915.09
18914,13915.09
18915,13915.09
18916,13366.23
18917,13366.23
18918,13366.23
18919,13366.23
18920,13113.43
18921,13113.43
18922,13113.43
18923,13113.43
18924,12779.55
18925,12779.55
18926,12779.55
18927,12779.55
18928,12551.58
18929,12551.58
18930,12551.58
18931,12551.58
18932,12632.97
18933,12632.97
18934,12632.97
18935,12632.97
18936,13391.66
18937,13391.66
18938,13391.66
18939,13391.66
18940,14597.74
18941,14597.74
18942,14597.74
18943,14597.74
18944,14809.93
18945,14809.93
18946,14809.93
18947,14809.93
18948,14327.25
18949,14327.25
18950,14327.25
18951,14327.25
18952,14452.98
18953,14452.98
18954,14452.98
18955,14452.98
18956,14127.78
18957,14127.78
18958,14127.78
18959,14127.78
18960,14485.83
18961,14485.83
18962,14485.83
18963,14485.83
18964,14759.67
18965,14759.67
18966,14759.67
18967,14759.67
18968,15626.97
18969,15626.97
18970,15626.97
18971,15626.97
18972,14480.9
18973,14480.9
18974,14480.9
18975,14480.9
18976,14823.51
18977,14823.51
18978,14823.51
18979,14823.51
18980,15320.88
18981,15320.88
18982,15320.88
18983,15320.88
18984,15867.91
18985,15867.91
18986,15867.91
18987,15867.91
18988,16413.76
18989,16413.76
18990,16413.76
18991,16413.76
18992,15803.61
18993,15803.61
18994,15803.61
18995,15803.61
18996,15360.16
18997,15360.16
18998,15360.16
18999,15360.16
19000,15071.8
19001,15071.8
19002,15071.8
19003,15071.8
19004,14369.24
19005,14369.24
19006,14369.24
19007,14369.24
19008,13536.48
19009,13536.48
19010,13536.48
19011,13536.48
19012,13046.46
19013,13046.46
19014,13046.46
19015,13046.46
19016,12613.88
19017,12613.88
19018,12613.88
19019,12613.88
19020,12319.14
19021,12319.14
19022,12319.14
19023,12319.14
19024,12128.77
19025,12128.77
19026,12128.77
19027,12128.77
19028,12208.39
19029,12208.39
19030,12208.39
19031,12208.39
19032,13011.45
19033,13011.45
19034,13011.45
19035,13011.45
19036,14753.29
19037,14753.29
19038,14753.29
19039,14753.29
19040,15251.07
19041,15251.07
19042,15251.07
19043,15251.07
19044,14838.33
19045,14838.33
19046,14838.33
19047,14838.33
19048,15074.33
19049,15074.33
19050,15074.33
19051,15074.33
19052,15035.38
19053,15035.38
19054,15035.38
19055,15035.38
19056,14724.94
19057,14724.94
19058,14724.94
19059,14724.94
19060,14604.35
19061,14604.35
19062,14604.35
19063,14604.35
19064,14346.64
19065,14346.64
19066,14346.64
19067,14346.64
19068,14836.03
19069,14836.03
19070,14836.03
19071,14836.03
19072,15004.28
19073,15004.28
19074,15004.28
19075,15004.28
19076,15261.18
19077,15261.18
19078,15261.18
19079,15261.18
19080,16163.48
19081,16163.48
19082,16163.48
19083,16163.48
19084,16291.88
19085,16291.88
19086,16291.88
19087,16291.88
19088,15673.31
19089,15673.31
19090,15673.31
19091,15673.31
19092,15248.25
19093,15248.25
19094,15248.25
19095,15248.25
19096,14955.17
19097,14955.17
19098,14955.17
19099,14955.17
19100,14111.73
19101,14111.73
19102,14111.73
19103,14111.73
19104,13344.59
19105,13344.59
19106,13344.59
19107,13344.59
19108,12906.7
19109,12906.7
19110,12906.7
19111,12906.7
19112,12533.24
19113,12533.24
19114,12533.24
19115,12533.24
19116,12250.8
19117,12250.8
19118,12250.8
19119,12250.8
19120,12217.11
19121,12217.11
19122,12217.11
19123,12217.11
19124,12468.92
19125,12468.92
19126,12468.92
19127,12468.92
19128,13072.62
19129,13072.62
19130,13072.62
19131,13072.62
19132,14917.32
19133,14917.32
19134,14917.32
19135,14917.32
19136,15228.76
19137,15228.76
19138,15228.76
19139,15228.76
19140,14486.05
19141,14486.05
19142,14486.05
19143,14486.05
19144,13021.85
19145,13021.85
19146,13021.85
19147,13021.85
19148,12619.96
19149,12619.96
19150,12619.96
19151,12619.96
19152,14904.06
19153,14904.06
19154,14904.06
19155,14904.06
19156,14401.07
19157,14401.07
19158,14401.07
19159,14401.07
19160,14283.28
19161,14283.28
19162,14283.28
19163,14283.28
19164,14350.27
19165,14350.27
19166,14350.27
19167,14350.27
19168,14771.44
19169,14771.44
19170,14771.44
19171,14771.44
19172,15033.21
19173,15033.21
19174,15033.21
19175,15033.21
19176,15646.29
19177,15646.29
19178,15646.29
19179,15646.29
19180,15581.6
19181,15581.6
19182,15581.6
19183,15581.6
19184,15017.18
19185,15017.18
19186,15017.18
19187,15017.18
19188,14645.75
19189,14645.75
19190,14645.75
19191,14645.75
19192,14408.52
19193,14408.52
19194,14408.52
19195,14408.52
19196,13577.83
19197,13577.83
19198,13577.83
19199,13577.83
19200,12801.81
19201,12801.81
19202,12801.81
19203,12801.81
19204,12416.59
19205,12416.59
19206,12416.59
19207,12416.59
19208,12040.97
19209,12040.97
19210,12040.97
19211,12040.97
19212,11875.23
19213,11875.23
19214,11875.23
19215,11875.23
19216,11726.79
19217,11726.79
19218,11726.79
19219,11726.79
19220,11783.52
19221,11783.52
19222,11783.52
19223,11783.52
19224,12028.94
19225,12028.94
19226,12028.94
19227,12028.94
19228,13270.14
19229,13270.14
19230,13270.14
19231,13270.14
19232,13827.0
19233,13827.0
19234,13827.0
19235,13827.0
19236,14106.96
19237,14106.96
19238,14106.96
19239,14106.96
19240,14305.92
19241,14305.92
19242,14305.92
19243,14305.92
19244,14393.22
19245,14393.22
19246,14393.22
19247,14393.22
19248,14087.35
19249,14087.35
19250,14087.35
19251,14087.35
19252,13954.12
19253,13954.12
19254,13954.12
19255,13954.12
19256,13394.92
19257,13394.92
19258,13394.92
19259,13394.92
19260,13656.62
19261,13656.62
19262,13656.62
19263,13656.62
19264,13802.6
19265,13802.6
19266,13802.6
19267,13802.6
19268,13996.33
19269,13996.33
19270,13996.33
19271,13996.33
19272,14911.29
19273,14911.29
19274,14911.29
19275,14911.29
19276,14801.72
19277,14801.72
19278,14801.72
19279,14801.72
19280,14377.14
19281,14377.14
19282,14377.14
19283,14377.14
19284,13975.87
19285,13975.87
19286,13975.87
19287,13975.87
19288,13461.38
19289,13461.38
19290,13461.38
19291,13461.38
19292,12978.46
19293,12978.46
19294,12978.46
19295,12978.46
19296,12029.55
19297,12029.55
19298,12029.55
19299,12029.55
19300,11910.75
19301,11910.75
19302,11910.75
19303,11910.75
19304,11499.9
19305,11499.9
19306,11499.9
19307,11499.9
19308,11292.34
19309,11292.34
19310,11292.34
19311,11292.34
19312,11100.39
19313,11100.39
19314,11100.39
19315,11100.39
19316,11310.73
19317,11310.73
19318,11310.73
19319,11310.73
19320,11239.95
19321,11239.95
19322,11239.95
19323,11239.95
19324,11663.66
19325,11663.66
19326,11663.66
19327,11663.66
19328,11564.99
19329,11564.99
19330,11564.99
19331,11564.99
19332,11870.94
19333,11870.94
19334,11870.94
19335,11870.94
19336,11837.72
19337,11837.72
19338,11837.72
19339,11837.72
19340,11508.43
19341,11508.43
19342,11508.43
19343,11508.43
19344,11222.82
19345,11222.82
19346,11222.82
19347,11222.82
19348,11006.88
19349,11006.88
19350,11006.88
19351,11006.88
19352,10825.64
19353,10825.64
19354,10825.64
19355,10825.64
19356,10970.24
19357,10970.24
19358,10970.24
19359,10970.24
19360,11159.64
19361,11159.64
19362,11159.64
19363,11159.64
19364,11192.59
19365,11192.59
19366,11192.59
19367,11192.59
19368,11861.74
19369,11861.74
19370,11861.74
19371,11861.74
19372,12048.55
19373,12048.55
19374,12048.55
19375,12048.55
19376,11756.22
19377,11756.22
19378,11756.22
19379,11756.22
19380,11654.08
19381,11654.08
19382,11654.08
19383,11654.08
19384,11387.83
19385,11387.83
19386,11387.83
19387,11387.83
19388,10947.67
19389,10947.67
19390,10947.67
19391,10947.67
19392,10031.17
19393,10031.17
19394,10031.17
19395,10031.17
19396,9551.34
19397,9551.34
19398,9551.34
19399,9551.34
19400,9148.57
19401,9148.57
19402,9148.57
19403,9148.57
19404,9021.22
19405,9021.22
19406,9021.22
19407,9021.22
19408,9010.05
19409,9010.05
19410,9010.05
19411,9010.05
19412,9404.5
19413,9404.5
19414,9404.5
19415,9404.5
19416,9813.18
19417,9813.18
19418,9813.18
19419,9813.18
19420,10373.17
19421,10373.17
19422,10373.17
19423,10373.17
19424,10356.83
19425,10356.83
19426,10356.83
19427,10356.83
19428,10572.47
19429,10572.47
19430,10572.47
19431,10572.47
19432,9840.68
19433,9840.68
19434,9840.68
19435,9840.68
19436,9045.63
19437,9045.63
19438,9045.63
19439,9045.63
19440,8561.05
19441,8561.05
19442,8561.05
19443,8561.05
19444,8544.23
19445,8544.23
19446,8544.23
19447,8544.23
19448,8589.22
19449,8589.22
19450,8589.22
19451,8589.22
19452,8169.5
19453,8169.5
19454,8169.5
19455,8169.5
19456,8303.99
19457,8303.99
19458,8303.99
19459,8303.99
19460,8330.6
19461,8330.6
19462,8330.6
19463,8330.6
19464,9118.2
19465,9118.2
19466,9118.2
19467,9118.2
19468,9181.08
19469,9181.08
19470,9181.08
19471,9181.08
19472,9301.63
19473,9301.63
19474,9301.63
19475,9301.63
19476,9339.6
19477,9339.6
19478,9339.6
19479,9339.6
19480,9223.09
19481,9223.09
19482,9223.09
19483,9223.09
19484,8654.26
19485,8654.26
19486,8654.26
19487,8654.26
19488,8290.91
19489,8290.91
19490,8290.91
19491,8290.91
19492,7951.27
19493,7951.27
19494,7951.27
19495,7951.27
19496,7762.82
19497,7762.82
19498,7762.82
19499,7762.82
19500,7511.83
19501,7511.83
19502,7511.83
19503,7511.83
19504,7483.57
19505,7483.57
19506,7483.57
19507,7483.57
19508,7714.65
19509,7714.65
19510,7714.65
19511,7714.65
19512,8384.49
19513,8384.49
19514,8384.49
19515,8384.49
19516,9187.67
19517,9187.67
19518,9187.67
19519,9187.67
19520,10207.27
19521,10207.27
19522,10207.27
19523,10207.27
19524,10697.98
19525,10697.98
19526,10697.98
19527,10697.98
19528,10910.82
19529,10910.82
19530,10910.82
19531,10910.82
19532,10518.46
19533,10518.46
19534,10518.46
19535,10518.46
19536,10157.24
19537,10157.24
19538,10157.24
19539,10157.24
19540,9752.61
19541,9752.61
19542,9752.61
19543,9752.61
19544,9673.62
19545,9673.62
19546,9673.62
19547,9673.62
19548,9641.82
19549,9641.82
19550,9641.82
19551,9641.82
19552,9633.69
19553,9633.69
19554,9633.69
19555,9633.69
19556,10090.62
19557,10090.62
19558,10090.62
19559,10090.62
19560,10897.6
19561,10897.6
19562,10897.6
19563,10897.6
19564,11069.69
19565,11069.69
19566,11069.69
19567,11069.69
19568,10720.69
19569,10720.69
19570,10720.69
19571,10720.69
19572,10721.89
19573,10721.89
19574,10721.89
19575,10721.89
19576,10183.94
19577,10183.94
19578,10183.94
19579,10183.94
19580,9628.39
19581,9628.39
19582,9628.39
19583,9628.39
19584,9203.98
19585,9203.98
19586,9203.98
19587,9203.98
19588,8889.25
19589,8889.25
19590,8889.25
19591,8889.25
19592,8662.56
19593,8662.56
19594,8662.56
19595,8662.56
19596,8462.12
19597,8462.12
19598,8462.12
19599,8462.12
19600,8537.07
19601,8537.07
19602,8537.07
19603,8537.07
19604,8636.34
19605,8636.34
19606,8636.34
19607,8636.34
19608,9455.75
19609,9455.75
19610,9455.75
19611,9455.75
19612,10888.07
19613,10888.07
19614,10888.07
19615,10888.07
19616,11470.48
19617,11470.48
19618,11470.48
19619,11470.48
19620,11657.73
19621,11657.73
19622,11657.73
19623,11657.73
19624,11868.76
19625,11868.76
19626,11868.76
19627,11868.76
19628,11845.54
19629,11845.54
19630,11845.54
19631,11845.54
19632,11673.89
19633,11673.89
19634,11673.89
19635,11673.89
19636,11405.3
19637,11405.3
19638,11405.3
19639,11405.3
19640,11461.13
19641,11461.13
19642,11461.13
19643,11461.13
19644,12048.05
19645,12048.05
19646,12048.05
19647,12048.05
19648,12345.51
19649,12345.51
19650,12345.51
19651,12345.51
19652,12820.22
19653,12820.22
19654,12820.22
19655,12820.22
19656,13560.45
19657,13560.45
19658,13560.45
19659,13560.45
19660,13769.01
19661,13769.01
19662,13769.01
19663,13769.01
19664,13196.22
19665,13196.22
19666,13196.22
19667,13196.22
19668,12629.12
19669,12629.12
19670,12629.12
19671,12629.12
19672,12119.65
19673,12119.65
19674,12119.65
19675,12119.65
19676,11450.82
19677,11450.82
19678,11450.82
19679,11450.82
19680,10806.36
19681,10806.36
19682,10806.36
19683,10806.36
19684,10450.25
19685,10450.25
19686,10450.25
19687,10450.25
19688,10171.69
19689,10171.69
19690,10171.69
19691,10171.69
19692,9901.41
19693,9901.41
19694,9901.41
19695,9901.41
19696,9882.86
19697,9882.86
19698,9882.86
19699,9882.86
19700,10268.7
19701,10268.7
19702,10268.7
19703,10268.7
19704,11020.07
19705,11020.07
19706,11020.07
19707,11020.07
19708,12789.78
19709,12789.78
19710,12789.78
19711,12789.78
19712,12844.16
19713,12844.16
19714,12844.16
19715,12844.16
19716,12090.5
19717,12090.5
19718,12090.5
19719,12090.5
19720,11991.71
19721,11991.71
19722,11991.71
19723,11991.71
19724,12386.51
19725,12386.51
19726,12386.51
19727,12386.51
19728,12373.89
19729,12373.89
19730,12373.89
19731,12373.89
19732,12211.5
19733,12211.5
19734,12211.5
19735,12211.5
19736,12191.89
19737,12191.89
19738,12191.89
19739,12191.89
19740,12635.97
19741,12635.97
19742,12635.97
19743,12635.97
19744,12980.16
19745,12980.16
19746,12980.16
19747,12980.16
19748,13950.81
19749,13950.81
19750,13950.81
19751,13950.81
19752,15117.69
19753,15117.69
19754,15117.69
19755,15117.69
19756,15067.72
19757,15067.72
19758,15067.72
19759,15067.72
19760,14238.4
19761,14238.4
19762,14238.4
19763,14238.4
19764,13968.63
19765,13968.63
19766,13968.63
19767,13968.63
19768,13291.75
19769,13291.75
19770,13291.75
19771,13291.75
19772,12647.34
19773,12647.34
19774,12647.34
19775,12647.34
19776,11894.98
19777,11894.98
19778,11894.98
19779,11894.98
19780,11275.66
19781,11275.66
19782,11275.66
19783,11275.66
19784,11240.0
19785,11240.0
19786,11240.0
19787,11240.0
19788,10741.61
19789,10741.61
19790,10741.61
19791,10741.61
19792,10801.84
19793,10801.84
19794,10801.84
19795,10801.84
19796,11071.38
19797,11071.38
19798,11071.38
19799,11071.38
19800,12149.88
19801,12149.88
19802,12149.88
19803,12149.88
19804,13829.36
19805,13829.36
19806,13829.36
19807,13829.36
19808,14230.79
19809,14230.79
19810,14230.79
19811,14230.79
19812,13459.96
19813,13459.96
19814,13459.96
19815,13459.96
19816,13463.82
19817,13463.82
19818,13463.82
19819,13463.82
19820,13376.16
19821,13376.16
19822,13376.16
19823,13376.16
19824,13708.96
19825,13708.96
19826,13708.96
19827,13708.96
19828,13213.21
19829,13213.21
19830,13213.21
19831,13213.21
19832,12878.84
19833,12878.84
19834,12878.84
19835,12878.84
19836,13503.2
19837,13503.2
19838,13503.2
19839,13503.2
19840,13444.3
19841,13444.3
19842,13444.3
19843,13444.3
19844,13961.59
19845,13961.59
19846,13961.59
19847,13961.59
19848,14970.15
19849,14970.15
19850,14970.15
19851,14970.15
19852,14919.6
19853,14919.6
19854,14919.6
19855,14919.6
19856,14379.98
19857,14379.98
19858,14379.98
19859,14379.98
19860,14089.06
19861,14089.06
19862,14089.06
19863,14089.06
19864,13448.98
19865,13448.98
19866,13448.98
19867,13448.98
19868,12475.75
19869,12475.75
19870,12475.75
19871,12475.75
19872,11853.23
19873,11853.23
19874,11853.23
19875,11853.23
19876,11624.47
19877,11624.47
19878,11624.47
19879,11624.47
19880,11193.86
19881,11193.86
19882,11193.86
19883,11193.86
19884,11066.29
19885,11066.29
19886,11066.29
19887,11066.29
19888,11101.32
19889,11101.32
19890,11101.32
19891,11101.32
19892,11325.08
19893,11325.08
19894,11325.08
19895,11325.08
19896,12106.24
19897,12106.24
19898,12106.24
19899,12106.24
19900,13551.1
19901,13551.1
19902,13551.1
19903,13551.1
19904,13484.18
19905,13484.18
19906,13484.18
19907,13484.18
19908,13234.73
19909,13234.73
19910,13234.73
19911,13234.73
19912,13104.24
19913,13104.24
19914,13104.24
19915,13104.24
19916,13656.95
19917,13656.95
19918,13656.95
19919,13656.95
19920,13424.09
19921,13424.09
19922,13424.09
19923,13424.09
19924,13419.94
19925,13419.94
19926,13419.94
19927,13419.94
19928,13412.77
19929,13412.77
19930,13412.77
19931,13412.77
19932,13778.28
19933,13778.28
19934,13778.28
19935,13778.28
19936,14210.01
19937,14210.01
19938,14210.01
19939,14210.01
19940,14803.65
19941,14803.65
19942,14803.65
19943,14803.65
19944,15105.21
19945,15105.21
19946,15105.21
19947,15105.21
19948,15099.24
19949,15099.24
19950,15099.24
19951,15099.24
19952,14728.06
19953,14728.06
19954,14728.06
19955,14728.06
19956,14144.28
19957,14144.28
19958,14144.28
19959,14144.28
19960,13567.54
19961,13567.54
19962,13567.54
19963,13567.54
19964,12821.45
19965,12821.45
19966,12821.45
19967,12821.45
19968,12274.31
19969,12274.31
19970,12274.31
19971,12274.31
19972,11941.06
19973,11941.06
19974,11941.06
19975,11941.06
19976,11314.25
19977,11314.25
19978,11314.25
19979,11314.25
19980,11119.64
19981,11119.64
19982,11119.64
19983,11119.64
19984,11102.82
19985,11102.82
19986,11102.82
19987,11102.82
19988,11310.5
19989,11310.5
19990,11310.5
19991,11310.5
19992,11512.62
19993,11512.62
19994,11512.62
19995,11512.62
19996,11688.97
19997,11688.97
19998,11688.97
19999,11688.97
20000,11986.58
20001,11986.58
20002,11986.58
20003,11986.58
20004,12323.23
20005,12323.23
20006,12323.23
20007,12323.23
20008,12086.55
20009,12086.55
20010,12086.55
20011,12086.55
20012,12055.84
20013,12055.84
20014,12055.84
20015,12055.84
20016,12312.19
20017,12312.19
20018,12312.19
20019,12312.19
20020,12482.31
20021,12482.31
20022,12482.31
20023,12482.31
20024,12237.14
20025,12237.14
20026,12237.14
20027,12237.14
20028,12179.32
20029,12179.32
20030,12179.32
20031,12179.32
20032,12310.33
20033,12310.33
20034,12310.33
20035,12310.33
20036,12591.6
20037,12591.6
20038,12591.6
20039,12591.6
20040,13352.3
20041,13352.3
20042,13352.3
20043,13352.3
20044,13401.24
20045,13401.24
20046,13401.24
20047,13401.24
20048,13082.23
20049,13082.23
20050,13082.23
20051,13082.23
20052,12842.19
20053,12842.19
20054,12842.19
20055,12842.19
20056,12595.4
20057,12595.4
20058,12595.4
20059,12595.4
20060,11929.2
20061,11929.2
20062,11929.2
20063,11929.2
20064,11547.25
20065,11547.25
20066,11547.25
20067,11547.25
20068,11151.62
20069,11151.62
20070,11151.62
20071,11151.62
20072,10767.91
20073,10767.91
20074,10767.91
20075,10767.91
20076,10629.33
20077,10629.33
20078,10629.33
20079,10629.33
20080,10739.34
20081,10739.34
20082,10739.34
20083,10739.34
20084,11068.52
20085,11068.52
20086,11068.52
20087,11068.52
20088,12088.82
20089,12088.82
20090,12088.82
20091,12088.82
20092,13965.65
20093,13965.65
20094,13965.65
20095,13965.65
20096,14435.04
20097,14435.04
20098,14435.04
20099,14435.04
20100,14243.72
20101,14243.72
20102,14243.72
20103,14243.72
20104,14571.75
20105,14571.75
20106,14571.75
20107,14571.75
20108,14519.64
20109,14519.64
20110,14519.64
20111,14519.64
20112,14462.56
20113,14462.56
20114,14462.56
20115,14462.56
20116,13731.34
20117,13731.34
20118,13731.34
20119,13731.34
20120,13389.0
20121,13389.0
20122,13389.0
20123,13389.0
20124,13718.74
20125,13718.74
20126,13718.74
20127,13718.74
20128,13821.41
20129,13821.41
20130,13821.41
20131,13821.41
20132,14361.3
20133,14361.3
20134,14361.3
20135,14361.3
20136,15243.36
20137,15243.36
20138,15243.36
20139,15243.36
20140,14712.53
20141,14712.53
20142,14712.53
20143,14712.53
20144,13941.37
20145,13941.37
20146,13941.37
20147,13941.37
20148,13530.17
20149,13530.17
20150,13530.17
20151,13530.17
20152,12666.99
20153,12666.99
20154,12666.99
20155,12666.99
20156,11920.22
20157,11920.22
20158,11920.22
20159,11920.22
20160,11257.4
20161,11257.4
20162,11257.4
20163,11257.4
20164,11076.57
20165,11076.57
20166,11076.57
20167,11076.57
20168,10724.72
20169,10724.72
20170,10724.72
20171,10724.72
20172,10698.76
20173,10698.76
20174,10698.76
20175,10698.76
20176,10835.65
20177,10835.65
20178,10835.65
20179,10835.65
20180,10379.93
20181,10379.93
20182,10379.93
20183,10379.93
20184,11310.88
20185,11310.88
20186,11310.88
20187,11310.88
20188,13271.36
20189,13271.36
20190,13271.36
20191,13271.36
20192,14460.39
20193,14460.39
20194,14460.39
20195,14460.39
20196,14059.97
20197,14059.97
20198,14059.97
20199,14059.97
20200,14218.07
20201,14218.07
20202,14218.07
20203,14218.07
20204,14311.92
20205,14311.92
20206,14311.92
20207,14311.92
20208,13729.39
20209,13729.39
20210,13729.39
20211,13729.39
20212,13497.2
20213,13497.2
20214,13497.2
20215,13497.2
20216,13104.59
20217,13104.59
20218,13104.59
20219,13104.59
20220,13633.18
20221,13633.18
20222,13633.18
20223,13633.18
20224,14367.64
20225,14367.64
20226,14367.64
20227,14367.64
20228,15899.5
20229,15899.5
20230,15899.5
20231,15899.5
20232,15167.57
20233,15167.57
20234,15167.57
20235,15167.57
20236,14908.6
20237,14908.6
20238,14908.6
20239,14908.6
20240,14167.0
20241,14167.0
20242,14167.0
20243,14167.0
20244,13737.22
20245,13737.22
20246,13737.22
20247,13737.22
20248,12970.46
20249,12970.46
20250,12970.46
20251,12970.46
20252,12166.33
20253,12166.33
20254,12166.33
20255,12166.33
20256,11538.92
20257,11538.92
20258,11538.92
20259,11538.92
20260,11261.6
20261,11261.6
20262,11261.6
20263,11261.6
20264,10937.29
20265,10937.29
20266,10937.29
20267,10937.29
20268,10833.17
20269,10833.17
20270,10833.17
20271,10833.17
20272,10963.26
20273,10963.26
20274,10963.26
20275,10963.26
20276,11275.16
20277,11275.16
20278,11275.16
20279,11275.16
20280,12244.33
20281,12244.33
20282,12244.33
20283,12244.33
20284,14380.01
20285,14380.01
20286,14380.01
20287,14380.01
20288,14484.26
20289,14484.26
20290,14484.26
20291,14484.26
20292,13982.07
20293,13982.07
20294,13982.07
20295,13982.07
20296,14194.16
20297,14194.16
20298,14194.16
20299,14194.16
20300,14575.7
20301,14575.7
20302,14575.7
20303,14575.7
20304,14329.88
20305,14329.88
20306,14329.88
20307,14329.88
20308,14207.25
20309,14207.25
20310,14207.25
20311,14207.25
20312,13159.21
20313,13159.21
20314,13159.21
20315,13159.21
20316,14226.15
20317,14226.15
20318,14226.15
20319,14226.15
20320,14594.91
20321,14594.91
20322,14594.91
20323,14594.91
20324,15123.6
20325,15123.6
20326,15123.6
20327,15123.6
20328,15875.92
20329,15875.92
20330,15875.92
20331,15875.92
20332,15920.48
20333,15920.48
20334,15920.48
20335,15920.48
20336,15082.82
20337,15082.82
20338,15082.82
20339,15082.82
20340,14516.68
20341,14516.68
20342,14516.68
20343,14516.68
20344,14260.92
20345,14260.92
20346,14260.92
20347,14260.92
20348,13445.94
20349,13445.94
20350,13445.94
20351,13445.94
20352,12908.1
20353,12908.1
20354,12908.1
20355,12908.1
20356,12582.76
20357,12582.76
20358,12582.76
20359,12582.76
20360,12296.66
20361,12296.66
20362,12296.66
20363,12296.66
20364,11820.37
20365,11820.37
20366,11820.37
20367,11820.37
20368,11812.76
20369,11812.76
20370,11812.76
20371,11812.76
20372,12176.76
20373,12176.76
20374,12176.76
20375,12176.76
20376,13096.79
20377,13096.79
20378,13096.79
20379,13096.79
20380,15156.57
20381,15156.57
20382,15156.57
20383,15156.57
20384,15246.66
20385,15246.66
20386,15246.66
20387,15246.66
20388,14950.45
20389,14950.45
20390,14950.45
20391,14950.45
20392,14996.59
20393,14996.59
20394,14996.59
20395,14996.59
20396,15061.85
20397,15061.85
20398,15061.85
20399,15061.85
20400,15162.73
20401,15162.73
20402,15162.73
20403,15162.73
20404,14517.0
20405,14517.0
20406,14517.0
20407,14517.0
20408,14686.72
20409,14686.72
20410,14686.72
20411,14686.72
20412,14976.69
20413,14976.69
20414,14976.69
20415,14976.69
20416,15480.47
20417,15480.47
20418,15480.47
20419,15480.47
20420,15579.49
20421,15579.49
20422,15579.49
20423,15579.49
20424,16370.54
20425,16370.54
20426,16370.54
20427,16370.54
20428,16473.79
20429,16473.79
20430,16473.79
20431,16473.79
20432,15886.56
20433,15886.56
20434,15886.56
20435,15886.56
20436,15499.19
20437,15499.19
20438,15499.19
20439,15499.19
20440,15379.07
20441,15379.07
20442,15379.07
20443,15379.07
20444,14656.17
20445,14656.17
20446,14656.17
20447,14656.17
20448,14094.87
20449,14094.87
20450,14094.87
20451,14094.87
20452,13561.21
20453,13561.21
20454,13561.21
20455,13561.21
20456,13199.46
20457,13199.46
20458,13199.46
20459,13199.46
20460,12707.09
20461,12707.09
20462,12707.09
20463,12707.09
20464,12693.53
20465,12693.53
20466,12693.53
20467,12693.53
20468,13083.61
20469,13083.61
20470,13083.61
20471,13083.61
20472,13953.43
20473,13953.43
20474,13953.43
20475,13953.43
20476,15754.96
20477,15754.96
20478,15754.96
20479,15754.96
20480,15434.27
20481,15434.27
20482,15434.27
20483,15434.27
20484,15620.31
20485,15620.31
20486,15620.31
20487,15620.31
20488,16095.91
20489,16095.91
20490,16095.91
20491,16095.91
20492,16207.45
20493,16207.45
20494,16207.45
20495,16207.45
20496,15510.13
20497,15510.13
20498,15510.13
20499,15510.13
20500,15335.81
20501,15335.81
20502,15335.81
20503,15335.81
20504,15211.28
20505,15211.28
20506,15211.28
20507,15211.28
20508,15528.36
20509,15528.36
20510,15528.36
20511,15528.36
20512,16902.63
20513,16902.63
20514,16902.63
20515,16902.63
20516,17027.38
20517,17027.38
20518,17027.38
20519,17027.38
20520,17213.15
20521,17213.15
20522,17213.15
20523,17213.15
20524,17222.88
20525,17222.88
20526,17222.88
20527,17222.88
20528,16825.29
20529,16825.29
20530,16825.29
20531,16825.29
20532,16409.01
20533,16409.01
20534,16409.01
20535,16409.01
20536,16324.4
20537,16324.4
20538,16324.4
20539,16324.4
20540,15601.96
20541,15601.96
20542,15601.96
20543,15601.96
20544,15054.23
20545,15054.23
20546,15054.23
20547,15054.23
20548,14331.11
20549,14331.11
20550,14331.11
20551,14331.11
20552,13844.17
20553,13844.17
20554,13844.17
20555,13844.17
20556,13676.95
20557,13676.95
20558,13676.95
20559,13676.95
20560,13454.26
20561,13454.26
20562,13454.26
20563,13454.26
20564,13763.5
20565,13763.5
20566,13763.5
20567,13763.5
20568,14019.65
20569,14019.65
20570,14019.65
20571,14019.65
20572,15422.04
20573,15422.04
20574,15422.04
20575,15422.04
20576,15586.64
20577,15586.64
20578,15586.64
20579,15586.64
20580,15791.68
20581,15791.68
20582,15791.68
20583,15791.68
20584,15913.43
20585,15913.43
20586,15913.43
20587,15913.43
20588,15701.85
20589,15701.85
20590,15701.85
20591,15701.85
20592,15578.56
20593,15578.56
20594,15578.56
20595,15578.56
20596,15265.76
20597,15265.76
20598,15265.76
20599,15265.76
20600,15159.19
20601,15159.19
20602,15159.19
20603,15159.19
20604,15677.2
20605,15677.2
20606,15677.2
20607,15677.2
20608,16492.66
20609,16492.66
20610,16492.66
20611,16492.66
20612,16874.46
20613,16874.46
20614,16874.46
20615,16874.46
20616,17210.23
20617,17210.23
20618,17210.23
20619,17210.23
20620,16912.44
20621,16912.44
20622,16912.44
20623,16912.44
20624,16259.65
20625,16259.65
20626,16259.65
20627,16259.65
20628,15712.53
20629,15712.53
20630,15712.53
20631,15712.53
20632,15898.79
20633,15898.79
20634,15898.79
20635,15898.79
20636,15391.41
20637,15391.41
20638,15391.41
20639,15391.41
20640,14771.31
20641,14771.31
20642,14771.31
20643,14771.31
20644,14109.64
20645,14109.64
20646,14109.64
20647,14109.64
20648,13732.94
20649,13732.94
20650,13732.94
20651,13732.94
20652,13212.99
20653,13212.99
20654,13212.99
20655,13212.99
20656,12975.61
20657,12975.61
20658,12975.61
20659,12975.61
20660,13033.35
20661,13033.35
20662,13033.35
20663,13033.35
20664,13144.48
20665,13144.48
20666,13144.48
20667,13144.48
20668,13700.13
20669,13700.13
20670,13700.13
20671,13700.13
20672,13839.36
20673,13839.36
20674,13839.36
20675,13839.36
20676,13963.31
20677,13963.31
20678,13963.31
20679,13963.31
20680,13884.6
20681,13884.6
20682,13884.6
20683,13884.6
20684,13975.4
20685,13975.4
20686,13975.4
20687,13975.4
20688,13852.54
20689,13852.54
20690,13852.54
20691,13852.54
20692,13607.98
20693,13607.98
20694,13607.98
20695,13607.98
20696,13711.53
20697,13711.53
20698,13711.53
20699,13711.53
20700,14175.78
20701,14175.78
20702,14175.78
20703,14175.78
20704,14570.27
20705,14570.27
20706,14570.27
20707,14570.27
20708,14630.65
20709,14630.65
20710,14630.65
20711,14630.65
20712,15126.72
20713,15126.72
20714,15126.72
20715,15126.72
20716,15169.15
20717,15169.15
20718,15169.15
20719,15169.15
20720,14585.88
20721,14585.88
20722,14585.88
20723,14585.88
20724,14724.1
20725,14724.1
20726,14724.1
20727,14724.1
20728,14715.84
20729,14715.84
20730,14715.84
20731,14715.84
20732,14191.63
20733,14191.63
20734,14191.63
20735,14191.63
20736,13435.75
20737,13435.75
20738,13435.75
20739,13435.75
20740,12886.63
20741,12886.63
20742,12886.63
20743,12886.63
20744,12628.02
20745,12628.02
20746,12628.02
20747,12628.02
20748,12427.18
20749,12427.18
20750,12427.18
20751,12427.18
20752,12673.15
20753,12673.15
20754,12673.15
20755,12673.15
20756,12948.94
20757,12948.94
20758,12948.94
20759,12948.94
20760,13459.15
20761,13459.15
20762,13459.15
20763,13459.15
20764,15188.65
20765,15188.65
20766,15188.65
20767,15188.65
20768,15205.67
20769,15205.67
20770,15205.67
20771,15205.67
20772,14997.13
20773,14997.13
20774,14997.13
20775,14997.13
20776,14546.87
20777,14546.87
20778,14546.87
20779,14546.87
20780,15925.32
20781,15925.32
20782,15925.32
20783,15925.32
20784,16597.68
20785,16597.68
20786,16597.68
20787,16597.68
20788,15573.53
20789,15573.53
20790,15573.53
20791,15573.53
20792,15579.08
20793,15579.08
20794,15579.08
20795,15579.08
20796,16323.12
20797,16323.12
20798,16323.12
20799,16323.12
20800,16794.11
20801,16794.11
20802,16794.11
20803,16794.11
20804,16722.55
20805,16722.55
20806,16722.55
20807,16722.55
20808,17323.59
20809,17323.59
20810,17323.59
20811,17323.59
20812,17198.01
20813,17198.01
20814,17198.01
20815,17198.01
20816,16670.68
20817,16670.68
20818,16670.68
20819,16670.68
20820,16573.83
20821,16573.83
20822,16573.83
20823,16573.83
20824,16452.71
20825,16452.71
20826,16452.71
20827,16452.71
20828,15743.65
20829,15743.65
20830,15743.65
20831,15743.65
20832,14963.96
20833,14963.96
20834,14963.96
20835,14963.96
20836,14340.54
20837,14340.54
20838,14340.54
20839,14340.54
20840,13954.84
20841,13954.84
20842,13954.84
20843,13954.84
20844,13728.24
20845,13728.24
20846,13728.24
20847,13728.24
20848,13620.5
20849,13620.5
20850,13620.5
20851,13620.5
20852,13606.64
20853,13606.64
20854,13606.64
20855,13606.64
20856,14221.15
20857,14221.15
20858,14221.15
20859,14221.15
20860,16228.53
20861,16228.53
20862,16228.53
20863,16228.53
20864,16270.46
20865,16270.46
20866,16270.46
20867,16270.46
20868,16359.12
20869,16359.12
20870,16359.12
20871,16359.12
20872,16406.47
20873,16406.47
20874,16406.47
20875,16406.47
20876,16218.13
20877,16218.13
20878,16218.13
20879,16218.13
20880,15875.69
20881,15875.69
20882,15875.69
20883,15875.69
20884,15687.46
20885,15687.46
20886,15687.46
20887,15687.46
20888,15607.18
20889,15607.18
20890,15607.18
20891,15607.18
20892,16387.53
20893,16387.53
20894,16387.53
20895,16387.53
20896,17249.66
20897,17249.66
20898,17249.66
20899,17249.66
20900,16981.54
20901,16981.54
20902,16981.54
20903,16981.54
20904,17623.18
20905,17623.18
20906,17623.18
20907,17623.18
20908,17232.02
20909,17232.02
20910,17232.02
20911,17232.02
20912,16649.79
20913,16649.79
20914,16649.79
20915,16649.79
20916,16399.95
20917,16399.95
20918,16399.95
20919,16399.95
20920,16114.25
20921,16114.25
20922,16114.25
20923,16114.25
20924,15456.26
20925,15456.26
20926,15456.26
20927,15456.26
20928,14744.14
20929,14744.14
20930,14744.14
20931,14744.14
20932,14266.74
20933,14266.74
20934,14266.74
20935,14266.74
20936,14088.81
20937,14088.81
20938,14088.81
20939,14088.81
20940,13850.84
20941,13850.84
20942,13850.84
20943,13850.84
20944,13739.78
20945,13739.78
20946,13739.78
20947,13739.78
20948,13810.06
20949,13810.06
20950,13810.06
20951,13810.06
20952,14807.16
20953,14807.16
20954,14807.16
20955,14807.16
20956,16553.05
20957,16553.05
20958,16553.05
20959,16553.05
20960,16395.36
20961,16395.36
20962,16395.36
20963,16395.36
20964,16117.26
20965,16117.26
20966,16117.26
20967,16117.26
20968,16490.15
20969,16490.15
20970,16490.15
20971,16490.15
20972,16471.24
20973,16471.24
20974,16471.24
20975,16471.24
20976,16250.9
20977,16250.9
20978,16250.9
20979,16250.9
20980,14336.07
20981,14336.07
20982,14336.07
20983,14336.07
20984,15847.61
20985,15847.61
20986,15847.61
20987,15847.61
20988,16286.48
20989,16286.48
20990,16286.48
20991,16286.48
20992,16736.19
20993,16736.19
20994,16736.19
20995,16736.19
20996,17065.34
20997,17065.34
20998,17065.34
20999,17065.34
21000,17552.8
21001,17552.8
21002,17552.8
21003,17552.8
21004,17007.91
21005,17007.91
21006,17007.91
21007,17007.91
21008,16336.51
21009,16336.51
21010,16336.51
21011,16336.51
21012,15798.88
21013,15798.88
21014,15798.88
21015,15798.88
21016,15579.66
21017,15579.66
21018,15579.66
21019,15579.66
21020,14957.83
21021,14957.83
21022,14957.83
21023,14957.83
21024,14076.27
21025,14076.27
21026,14076.27
21027,14076.27
21028,13577.65
21029,13577.65
21030,13577.65
21031,13577.65
21032,13039.58
21033,13039.58
21034,13039.58
21035,13039.58
21036,12503.49
21037,12503.49
21038,12503.49
21039,12503.49
21040,12486.12
21041,12486.12
21042,12486.12
21043,12486.12
21044,12792.59
21045,12792.59
21046,12792.59
21047,12792.59
21048,13406.26
21049,13406.26
21050,13406.26
21051,13406.26
21052,15140.46
21053,15140.46
21054,15140.46
21055,15140.46
21056,15434.71
21057,15434.71
21058,15434.71
21059,15434.71
21060,15485.48
21061,15485.48
21062,15485.48
21063,15485.48
21064,15452.26
21065,15452.26
21066,15452.26
21067,15452.26
21068,15832.71
21069,15832.71
21070,15832.71
21071,15832.71
21072,15547.97
21073,15547.97
21074,15547.97
21075,15547.97
21076,15147.91
21077,15147.91
21078,15147.91
21079,15147.91
21080,14927.7
21081,14927.7
21082,14927.7
21083,14927.7
21084,15280.68
21085,15280.68
21086,15280.68
21087,15280.68
21088,15727.67
21089,15727.67
21090,15727.67
21091,15727.67
21092,16230.2
21093,16230.2
21094,16230.2
21095,16230.2
21096,16852.82
21097,16852.82
21098,16852.82
21099,16852.82
21100,16606.07
21101,16606.07
21102,16606.07
21103,16606.07
21104,15975.84
21105,15975.84
21106,15975.84
21107,15975.84
21108,15474.81
21109,15474.81
21110,15474.81
21111,15474.81
21112,15093.71
21113,15093.71
21114,15093.71
21115,15093.71
21116,14305.48
21117,14305.48
21118,14305.48
21119,14305.48
21120,13810.62
21121,13810.62
21122,13810.62
21123,13810.62
21124,13364.07
21125,13364.07
21126,13364.07
21127,13364.07
21128,13056.22
21129,13056.22
21130,13056.22
21131,13056.22
21132,12773.23
21133,12773.23
21134,12773.23
21135,12773.23
21136,12719.07
21137,12719.07
21138,12719.07
21139,12719.07
21140,13028.75
21141,13028.75
21142,13028.75
21143,13028.75
21144,13707.42
21145,13707.42
21146,13707.42
21147,13707.42
21148,15734.4
21149,15734.4
21150,15734.4
21151,15734.4
21152,15877.15
21153,15877.15
21154,15877.15
21155,15877.15
21156,15601.74
21157,15601.74
21158,15601.74
21159,15601.74
21160,15448.26
21161,15448.26
21162,15448.26
21163,15448.26
21164,15483.33
21165,15483.33
21166,15483.33
21167,15483.33
21168,15085.94
21169,15085.94
21170,15085.94
21171,15085.94
21172,15153.18
21173,15153.18
21174,15153.18
21175,15153.18
21176,15106.84
21177,15106.84
21178,15106.84
21179,15106.84
21180,15979.69
21181,15979.69
21182,15979.69
21183,15979.69
21184,16262.81
21185,16262.81
21186,16262.81
21187,16262.81
21188,16135.87
21189,16135.87
21190,16135.87
21191,16135.87
21192,17138.13
21193,17138.13
21194,17138.13
21195,17138.13
21196,16814.8
21197,16814.8
21198,16814.8
21199,16814.8
21200,16229.91
21201,16229.91
21202,16229.91
21203,16229.91
21204,15851.57
21205,15851.57
21206,15851.57
21207,15851.57
21208,15485.23
21209,15485.23
21210,15485.23
21211,15485.23
21212,14784.75
21213,14784.75
21214,14784.75
21215,14784.75
21216,14058.02
21217,14058.02
21218,14058.02
21219,14058.02
21220,13516.94
21221,13516.94
21222,13516.94
21223,13516.94
21224,13177.3
21225,13177.3
21226,13177.3
21227,13177.3
21228,13023.77
21229,13023.77
21230,13023.77
21231,13023.77
21232,12938.47
21233,12938.47
21234,12938.47
21235,12938.47
21236,13176.24
21237,13176.24
21238,13176.24
21239,13176.24
21240,13451.87
21241,13451.87
21242,13451.87
21243,13451.87
21244,14921.52
21245,14921.52
21246,14921.52
21247,14921.52
21248,14999.32
21249,14999.32
21250,14999.32
21251,14999.32
21252,15117.16
21253,15117.16
21254,15117.16
21255,15117.16
21256,15798.46
21257,15798.46
21258,15798.46
21259,15798.46
21260,15803.72
21261,15803.72
21262,15803.72
21263,15803.72
21264,15701.6
21265,15701.6
21266,15701.6
21267,15701.6
21268,15145.91
21269,15145.91
21270,15145.91
21271,15145.91
21272,15251.06
21273,15251.06
21274,15251.06
21275,15251.06
21276,15691.42
21277,15691.42
21278,15691.42
21279,15691.42
21280,16355.64
21281,16355.64
21282,16355.64
21283,16355.64
21284,16355.11
21285,16355.11
21286,16355.11
21287,16355.11
21288,16799.47
21289,16799.47
21290,16799.47
21291,16799.47
21292,16483.23
21293,16483.23
21294,16483.23
21295,16483.23
21296,15823.9
21297,15823.9
21298,15823.9
21299,15823.9
21300,15499.55
21301,15499.55
21302,15499.55
21303,15499.55
21304,15139.79
21305,15139.79
21306,15139.79
21307,15139.79
21308,14612.66
21309,14612.66
21310,14612.66
21311,14612.66
21312,14000.88
21313,14000.88
21314,14000.88
21315,14000.88
21316,13542.08
21317,13542.08
21318,13542.08
21319,13542.08
21320,13207.17
21321,13207.17
21322,13207.17
21323,13207.17
21324,12909.17
21325,12909.17
21326,12909.17
21327,12909.17
21328,12673.1
21329,12673.1
21330,12673.1
21331,12673.1
21332,12807.78
21333,12807.78
21334,12807.78
21335,12807.78
21336,12843.27
21337,12843.27
21338,12843.27
21339,12843.27
21340,13495.32
21341,13495.32
21342,13495.32
21343,13495.32
21344,13784.24
21345,13784.24
21346,13784.24
21347,13784.24
21348,14055.97
21349,14055.97
21350,14055.97
21351,14055.97
21352,13321.46
21353,13321.46
21354,13321.46
21355,13321.46
21356,13407.42
21357,13407.42
21358,13407.42
21359,13407.42
21360,13218.42
21361,13218.42
21362,13218.42
21363,13218.42
21364,13298.65
21365,13298.65
21366,13298.65
21367,13298.65
21368,13320.88
21369,13320.88
21370,13320.88
21371,13320.88
21372,13327.86
21373,13327.86
21374,13327.86
21375,13327.86
21376,14115.17
21377,14115.17
21378,14115.17
21379,14115.17
21380,14185.14
21381,14185.14
21382,14185.14
21383,14185.14
21384,14646.61
21385,14646.61
21386,14646.61
21387,14646.61
21388,14223.47
21389,14223.47
21390,14223.47
21391,14223.47
21392,13964.84
21393,13964.84
21394,13964.84
21395,13964.84
21396,13762.61
21397,13762.61
21398,13762.61
21399,13762.61
21400,13539.03
21401,13539.03
21402,13539.03
21403,13539.03
21404,12924.59
21405,12924.59
21406,12924.59
21407,12924.59
21408,12444.9
21409,12444.9
21410,12444.9
21411,12444.9
21412,12172.32
21413,12172.32
21414,12172.32
21415,12172.32
21416,11978.35
21417,11978.35
21418,11978.35
21419,11978.35
21420,11695.2
21421,11695.2
21422,11695.2
21423,11695.2
21424,11761.5
21425,11761.5
21426,11761.5
21427,11761.5
21428,12204.88
21429,12204.88
21430,12204.88
21431,12204.88
21432,13034.45
21433,13034.45
21434,13034.45
21435,13034.45
21436,15353.59
21437,15353.59
21438,15353.59
21439,15353.59
21440,15514.48
21441,15514.48
21442,15514.48
21443,15514.48
21444,15526.76
21445,15526.76
21446,15526.76
21447,15526.76
21448,15736.91
21449,15736.91
21450,15736.91
21451,15736.91
21452,16126.95
21453,16126.95
21454,16126.95
21455,16126.95
21456,15875.07
21457,15875.07
21458,15875.07
21459,15875.07
21460,15174.79
21461,15174.79
21462,15174.79
21463,15174.79
21464,15382.93
21465,15382.93
21466,15382.93
21467,15382.93
21468,15915.46
21469,15915.46
21470,15915.46
21471,15915.46
21472,16337.29
21473,16337.29
21474,16337.29
21475,16337.29
21476,16608.79
21477,16608.79
21478,16608.79
21479,16608.79
21480,17179.67
21481,17179.67
21482,17179.67
21483,17179.67
21484,16916.72
21485,16916.72
21486,16916.72
21487,16916.72
21488,16203.8
21489,16203.8
21490,16203.8
21491,16203.8
21492,15744.03
21493,15744.03
21494,15744.03
21495,15744.03
21496,15353.99
21497,15353.99
21498,15353.99
21499,15353.99
21500,14704.45
21501,14704.45
21502,14704.45
21503,14704.45
21504,14164.67
21505,14164.67
21506,14164.67
21507,14164.67
21508,13793.52
21509,13793.52
21510,13793.52
21511,13793.52
21512,13460.72
21513,13460.72
21514,13460.72
21515,13460.72
21516,13306.19
21517,13306.19
21518,13306.19
21519,13306.19
21520,13200.55
21521,13200.55
21522,13200.55
21523,13200.55
21524,13449.31
21525,13449.31
21526,13449.31
21527,13449.31
21528,14025.79
21529,14025.79
21530,14025.79
21531,14025.79
21532,15851.7
21533,15851.7
21534,15851.7
21535,15851.7
21536,16609.4
21537,16609.4
21538,16609.4
21539,16609.4
21540,16300.25
21541,16300.25
21542,16300.25
21543,16300.25
21544,15794.75
21545,15794.75
21546,15794.75
21547,15794.75
21548,16201.21
21549,16201.21
21550,16201.21
21551,16201.21
21552,16090.99
21553,16090.99
21554,16090.99
21555,16090.99
21556,15684.12
21557,15684.12
21558,15684.12
21559,15684.12
21560,15462.29
21561,15462.29
21562,15462.29
21563,15462.29
21564,16053.22
21565,16053.22
21566,16053.22
21567,16053.22
21568,16397.98
21569,16397.98
21570,16397.98
21571,16397.98
21572,16362.19
21573,16362.19
21574,16362.19
21575,16362.19
21576,17348.26
21577,17348.26
21578,17348.26
21579,17348.26
21580,17112.73
21581,17112.73
21582,17112.73
21583,17112.73
21584,16566.84
21585,16566.84
21586,16566.84
21587,16566.84
21588,16293.77
21589,16293.77
21590,16293.77
21591,16293.77
21592,16008.91
21593,16008.91
21594,16008.91
21595,16008.91
21596,14778.42
21597,14778.42
21598,14778.42
21599,14778.42
21600,14207.45
21601,14207.45
21602,14207.45
21603,14207.45
21604,13622.61
21605,13622.61
21606,13622.61
21607,13622.61
21608,13380.24
21609,13380.24
21610,13380.24
21611,13380.24
21612,13110.6
21613,13110.6
21614,13110.6
21615,13110.6
21616,13126.41
21617,13126.41
21618,13126.41
21619,13126.41
21620,13433.23
21621,13433.23
21622,13433.23
21623,13433.23
21624,14062.35
21625,14062.35
21626,14062.35
21627,14062.35
21628,16099.81
21629,16099.81
21630,16099.81
21631,16099.81
21632,16601.12
21633,16601.12
21634,16601.12
21635,16601.12
21636,16385.75
21637,16385.75
21638,16385.75
21639,16385.75
21640,16371.58
21641,16371.58
21642,16371.58
21643,16371.58
21644,16239.23
21645,16239.23
21646,16239.23
21647,16239.23
21648,15804.74
21649,15804.74
21650,15804.74
21651,15804.74
21652,15324.84
21653,15324.84
21654,15324.84
21655,15324.84
21656,15164.1
21657,15164.1
21658,15164.1
21659,15164.1
21660,15543.72
21661,15543.72
21662,15543.72
21663,15543.72
21664,16383.85
21665,16383.85
21666,16383.85
21667,16383.85
21668,16230.04
21669,16230.04
21670,16230.04
21671,16230.04
21672,17281.35
21673,17281.35
21674,17281.35
21675,17281.35
21676,17101.77
21677,17101.77
21678,17101.77
21679,17101.77
21680,16488.78
21681,16488.78
21682,16488.78
21683,16488.78
21684,15922.06
21685,15922.06
21686,15922.06
21687,15922.06
21688,15498.12
21689,15498.12
21690,15498.12
21691,15498.12
21692,14801.22
21693,14801.22
21694,14801.22
21695,14801.22
21696,14150.5
21697,14150.5
21698,14150.5
21699,14150.5
21700,13594.53
21701,13594.53
21702,13594.53
21703,13594.53
21704,13486.6
21705,13486.6
21706,13486.6
21707,13486.6
21708,13367.52
21709,13367.52
21710,13367.52
21711,13367.52
21712,13253.52
21713,13253.52
21714,13253.52
21715,13253.52
21716,13550.79
21717,13550.79
21718,13550.79
21719,13550.79
21720,14077.5
21721,14077.5
21722,14077.5
21723,14077.5
21724,16248.62
21725,16248.62
21726,16248.62
21727,16248.62
21728,16336.63
21729,16336.63
21730,16336.63
21731,16336.63
21732,16158.37
21733,16158.37
21734,16158.37
21735,16158.37
21736,15841.54
21737,15841.54
21738,15841.54
21739,15841.54
21740,15774.33
21741,15774.33
21742,15774.33
21743,15774.33
21744,15519.48
21745,15519.48
21746,15519.48
21747,15519.48
21748,15583.46
21749,15583.46
21750,15583.46
21751,15583.46
21752,15229.36
21753,15229.36
21754,15229.36
21755,15229.36
21756,15682.32
21757,15682.32
21758,15682.32
21759,15682.32
21760,15682.32
21761,15682.32
21762,15682.32
21763,15682.32
21764,16776.19
21765,16776.19
21766,16776.19
21767,16776.19
21768,18092.55
21769,18092.55
21770,18092.55
21771,18092.55
21772,17234.48
21773,17234.48
21774,17234.48
21775,17234.48
21776,16361.89
21777,16361.89
21778,16361.89
21779,16361.89
21780,15867.28
21781,15867.28
21782,15867.28
21783,15867.28
21784,15382.47
21785,15382.47
21786,15382.47
21787,15382.47
21788,14654.56
21789,14654.56
21790,14654.56
21791,14654.56
21792,14055.63
21793,14055.63
21794,14055.63
21795,14055.63
21796,13684.55
21797,13684.55
21798,13684.55
21799,13684.55
21800,13331.52
21801,13331.52
21802,13331.52
21803,13331.52
21804,13077.74
21805,13077.74
21806,13077.74
21807,13077.74
21808,12932.91
21809,12932.91
21810,12932.91
21811,12932.91
21812,13405.11
21813,13405.11
21814,13405.11
21815,13405.11
21816,14031.3
21817,14031.3
21818,14031.3
21819,14031.3
21820,16045.24
21821,16045.24
21822,16045.24
21823,16045.24
21824,16389.03
21825,16389.03
21826,16389.03
21827,16389.03
21828,16073.11
21829,16073.11
21830,16073.11
21831,16073.11
21832,15882.47
21833,15882.47
21834,15882.47
21835,15882.47
21836,15719.82
21837,15719.82
21838,15719.82
21839,15719.82
21840,15432.82
21841,15432.82
21842,15432.82
21843,15432.82
21844,15392.67
21845,15392.67
21846,15392.67
21847,15392.67
21848,15309.93
21849,15309.93
21850,15309.93
21851,15309.93
21852,15385.16
21853,15385.16
21854,15385.16
21855,15385.16
21856,16019.88
21857,16019.88
21858,16019.88
21859,16019.88
21860,16366.13
21861,16366.13
21862,16366.13
21863,16366.13
21864,17043.28
21865,17043.28
21866,17043.28
21867,17043.28
21868,16612.47
21869,16612.47
21870,16612.47
21871,16612.47
21872,15909.13
21873,15909.13
21874,15909.13
21875,15909.13
21876,15381.23
21877,15381.23
21878,15381.23
21879,15381.23
21880,14728.85
21881,14728.85
21882,14728.85
21883,14728.85
21884,13933.83
21885,13933.83
21886,13933.83
21887,13933.83
21888,13515.31
21889,13515.31
21890,13515.31
21891,13515.31
21892,12996.87
21893,12996.87
21894,12996.87
21895,12996.87
21896,12686.97
21897,12686.97
21898,12686.97
21899,12686.97
21900,12418.52
21901,12418.52
21902,12418.52
21903,12418.52
21904,12343.67
21905,12343.67
21906,12343.67
21907,12343.67
21908,12646.56
21909,12646.56
21910,12646.56
21911,12646.56
21912,12990.22
21913,12990.22
21914,12990.22
21915,12990.22
21916,14848.19
21917,14848.19
21918,14848.19
21919,14848.19
21920,15535.21
21921,15535.21
21922,15535.21
21923,15535.21
21924,15650.01
21925,15650.01
21926,15650.01
21927,15650.01
21928,15213.04
21929,15213.04
21930,15213.04
21931,15213.04
21932,15142.37
21933,15142.37
21934,15142.37
21935,15142.37
21936,15153.89
21937,15153.89
21938,15153.89
21939,15153.89
21940,14555.99
21941,14555.99
21942,14555.99
21943,14555.99
21944,14372.39
21945,14372.39
21946,14372.39
21947,14372.39
21948,14929.74
21949,14929.74
21950,14929.74
21951,14929.74
21952,15556.0
21953,15556.0
21954,15556.0
21955,15556.0
21956,15760.14
21957,15760.14
21958,15760.14
21959,15760.14
21960,16544.49
21961,16544.49
21962,16544.49
21963,16544.49
21964,16161.84
21965,16161.84
21966,16161.84
21967,16161.84
21968,15392.07
21969,15392.07
21970,15392.07
21971,15392.07
21972,15016.12
21973,15016.12
21974,15016.12
21975,15016.12
21976,14518.1
21977,14518.1
21978,14518.1
21979,14518.1
21980,13848.57
21981,13848.57
21982,13848.57
21983,13848.57
21984,13414.08
21985,13414.08
21986,13414.08
21987,13414.08
21988,12956.12
21989,12956.12
21990,12956.12
21991,12956.12
21992,12675.33
21993,12675.33
21994,12675.33
21995,12675.33
21996,12505.51
21997,12505.51
21998,12505.51
21999,12505.51
22000,12330.41
22001,12330.41
22002,12330.41
22003,12330.41
22004,12608.47
22005,12608.47
22006,12608.47
22007,12608.47
22008,12670.52
22009,12670.52
22010,12670.52
22011,12670.52
22012,13590.0
22013,13590.0
22014,13590.0
22015,13590.0
22016,13986.5
22017,13986.5
22018,13986.5
22019,13986.5
22020,14147.59
22021,14147.59
22022,14147.59
22023,14147.59
22024,14036.63
22025,14036.63
22026,14036.63
22027,14036.63
22028,13941.99
22029,13941.99
22030,13941.99
22031,13941.99
22032,13973.87
22033,13973.87
22034,13973.87
22035,13973.87
22036,13612.73
22037,13612.73
22038,13612.73
22039,13612.73
22040,13136.81
22041,13136.81
22042,13136.81
22043,13136.81
22044,13412.7
22045,13412.7
22046,13412.7
22047,13412.7
22048,13507.06
22049,13507.06
22050,13507.06
22051,13507.06
22052,13467.98
22053,13467.98
22054,13467.98
22055,13467.98
22056,14040.49
22057,14040.49
22058,14040.49
22059,14040.49
22060,14142.55
22061,14142.55
22062,14142.55
22063,14142.55
22064,13574.65
22065,13574.65
22066,13574.65
22067,13574.65
22068,13259.16
22069,13259.16
22070,13259.16
22071,13259.16
22072,12860.9
22073,12860.9
22074,12860.9
22075,12860.9
22076,12307.11
22077,12307.11
22078,12307.11
22079,12307.11
22080,11972.7
22081,11972.7
22082,11972.7
22083,11972.7
22084,11663.99
22085,11663.99
22086,11663.99
22087,11663.99
22088,11516.6
22089,11516.6
22090,11516.6
22091,11516.6
22092,11413.01
22093,11413.01
22094,11413.01
22095,11413.01
22096,11290.81
22097,11290.81
22098,11290.81
22099,11290.81
22100,11637.72
22101,11637.72
22102,11637.72
22103,11637.72
22104,12326.24
22105,12326.24
22106,12326.24
22107,12326.24
22108,14637.26
22109,14637.26
22110,14637.26
22111,14637.26
22112,15349.15
22113,15349.15
22114,15349.15
22115,15349.15
22116,15049.68
22117,15049.68
22118,15049.68
22119,15049.68
22120,15219.19
22121,15219.19
22122,15219.19
22123,15219.19
22124,15209.21
22125,15209.21
22126,15209.21
22127,15209.21
22128,15194.04
22129,15194.04
22130,15194.04
22131,15194.04
22132,14976.8
22133,14976.8
22134,14976.8
22135,14976.8
22136,14725.54
22137,14725.54
22138,14725.54
22139,14725.54
22140,15231.41
22141,15231.41
22142,15231.41
22143,15231.41
22144,15408.78
22145,15408.78
22146,15408.78
22147,15408.78
22148,15520.32
22149,15520.32
22150,15520.32
22151,15520.32
22152,16176.95
22153,16176.95
22154,16176.95
22155,16176.95
22156,15612.93
22157,15612.93
22158,15612.93
22159,15612.93
22160,15087.08
22161,15087.08
22162,15087.08
22163,15087.08
22164,14464.35
22165,14464.35
22166,14464.35
22167,14464.35
22168,13716.74
22169,13716.74
22170,13716.74
22171,13716.74
22172,12869.54
22173,12869.54
22174,12869.54
22175,12869.54
22176,12317.58
22177,12317.58
22178,12317.58
22179,12317.58
22180,11988.27
22181,11988.27
22182,11988.27
22183,11988.27
22184,11752.57
22185,11752.57
22186,11752.57
22187,11752.57
22188,11562.74
22189,11562.74
22190,11562.74
22191,11562.74
22192,11455.43
22193,11455.43
22194,11455.43
22195,11455.43
22196,11855.44
22197,11855.44
22198,11855.44
22199,11855.44
22200,12517.87
22201,12517.87
22202,12517.87
22203,12517.87
22204,14628.79
22205,14628.79
22206,14628.79
22207,14628.79
22208,14981.7
22209,14981.7
22210,14981.7
22211,14981.7
22212,14569.29
22213,14569.29
22214,14569.29
22215,14569.29
22216,14478.37
22217,14478.37
22218,14478.37
22219,14478.37
22220,14116.38
22221,14116.38
22222,14116.38
22223,14116.38
22224,14341.19
22225,14341.19
22226,14341.19
22227,14341.19
22228,14040.03
22229,14040.03
22230,14040.03
22231,14040.03
22232,13603.49
22233,13603.49
22234,13603.49
22235,13603.49
22236,13939.22
22237,13939.22
22238,13939.22
22239,13939.22
22240,14107.37
22241,14107.37
22242,14107.37
22243,14107.37
22244,15002.9
22245,15002.9
22246,15002.9
22247,15002.9
22248,15892.28
22249,15892.28
22250,15892.28
22251,15892.28
22252,15566.23
22253,15566.23
22254,15566.23
22255,15566.23
22256,14644.55
22257,14644.55
22258,14644.55
22259,14644.55
22260,14144.27
22261,14144.27
22262,14144.27
22263,14144.27
22264,13228.09
22265,13228.09
22266,13228.09
22267,13228.09
22268,12338.98
22269,12338.98
22270,12338.98
22271,12338.98
22272,11745.09
22273,11745.09
22274,11745.09
22275,11745.09
22276,11556.4
22277,11556.4
22278,11556.4
22279,11556.4
22280,11480.45
22281,11480.45
22282,11480.45
22283,11480.45
22284,11315.87
22285,11315.87
22286,11315.87
22287,11315.87
22288,11257.58
22289,11257.58
22290,11257.58
22291,11257.58
22292,11574.73
22293,11574.73
22294,11574.73
22295,11574.73
22296,12739.3
22297,12739.3
22298,12739.3
22299,12739.3
22300,14826.01
22301,14826.01
22302,14826.01
22303,14826.01
22304,14639.45
22305,14639.45
22306,14639.45
22307,14639.45
22308,13983.59
22309,13983.59
22310,13983.59
22311,13983.59
22312,14585.95
22313,14585.95
22314,14585.95
22315,14585.95
22316,14421.46
22317,14421.46
22318,14421.46
22319,14421.46
22320,14254.12
22321,14254.12
22322,14254.12
22323,14254.12
22324,14607.41
22325,14607.41
22326,14607.41
22327,14607.41
22328,14050.03
22329,14050.03
22330,14050.03
22331,14050.03
22332,14223.56
22333,14223.56
22334,14223.56
22335,14223.56
22336,14360.63
22337,14360.63
22338,14360.63
22339,14360.63
22340,15108.2
22341,15108.2
22342,15108.2
22343,15108.2
22344,15920.35
22345,15920.35
22346,15920.35
22347,15920.35
22348,15780.03
22349,15780.03
22350,15780.03
22351,15780.03
22352,15127.88
22353,15127.88
22354,15127.88
22355,15127.88
22356,14376.2
22357,14376.2
22358,14376.2
22359,14376.2
22360,13606.22
22361,13606.22
22362,13606.22
22363,13606.22
22364,12646.43
22365,12646.43
22366,12646.43
22367,12646.43
22368,12185.84
22369,12185.84
22370,12185.84
22371,12185.84
22372,11850.57
22373,11850.57
22374,11850.57
22375,11850.57
22376,11655.4
22377,11655.4
22378,11655.4
22379,11655.4
22380,11557.57
22381,11557.57
22382,11557.57
22383,11557.57
22384,11426.19
22385,11426.19
22386,11426.19
22387,11426.19
22388,11938.41
22389,11938.41
22390,11938.41
22391,11938.41
22392,12954.8
22393,12954.8
22394,12954.8
22395,12954.8
22396,15079.23
22397,15079.23
22398,15079.23
22399,15079.23
22400,15250.48
22401,15250.48
22402,15250.48
22403,15250.48
22404,14607.24
22405,14607.24
22406,14607.24
22407,14607.24
22408,14538.49
22409,14538.49
22410,14538.49
22411,14538.49
22412,14906.34
22413,14906.34
22414,14906.34
22415,14906.34
22416,14943.81
22417,14943.81
22418,14943.81
22419,14943.81
22420,14660.43
22421,14660.43
22422,14660.43
22423,14660.43
22424,14411.51
22425,14411.51
22426,14411.51
22427,14411.51
22428,14811.71
22429,14811.71
22430,14811.71
22431,14811.71
22432,15117.81
22433,15117.81
22434,15117.81
22435,15117.81
22436,15525.18
22437,15525.18
22438,15525.18
22439,15525.18
22440,16806.64
22441,16806.64
22442,16806.64
22443,16806.64
22444,16374.42
22445,16374.42
22446,16374.42
22447,16374.42
22448,15622.65
22449,15622.65
22450,15622.65
22451,15622.65
22452,14873.12
22453,14873.12
22454,14873.12
22455,14873.12
22456,14155.19
22457,14155.19
22458,14155.19
22459,14155.19
22460,13225.53
22461,13225.53
22462,13225.53
22463,13225.53
22464,12704.83
22465,12704.83
22466,12704.83
22467,12704.83
22468,12366.29
22469,12366.29
22470,12366.29
22471,12366.29
22472,12209.58
22473,12209.58
22474,12209.58
22475,12209.58
22476,12073.3
22477,12073.3
22478,12073.3
22479,12073.3
22480,12160.2
22481,12160.2
22482,12160.2
22483,12160.2
22484,12538.81
22485,12538.81
22486,12538.81
22487,12538.81
22488,13488.73
22489,13488.73
22490,13488.73
22491,13488.73
22492,15709.82
22493,15709.82
22494,15709.82
22495,15709.82
22496,16136.9
22497,16136.9
22498,16136.9
22499,16136.9
22500,16004.8
22501,16004.8
22502,16004.8
22503,16004.8
22504,16125.89
22505,16125.89
22506,16125.89
22507,16125.89
22508,15470.67
22509,15470.67
22510,15470.67
22511,15470.67
22512,15395.17
22513,15395.17
22514,15395.17
22515,15395.17
22516,14873.83
22517,14873.83
22518,14873.83
22519,14873.83
22520,14434.98
22521,14434.98
22522,14434.98
22523,14434.98
22524,15178.21
22525,15178.21
22526,15178.21
22527,15178.21
22528,15636.14
22529,15636.14
22530,15636.14
22531,15636.14
22532,16120.66
22533,16120.66
22534,16120.66
22535,16120.66
22536,16554.09
22537,16554.09
22538,16554.09
22539,16554.09
22540,16387.27
22541,16387.27
22542,16387.27
22543,16387.27
22544,15595.91
22545,15595.91
22546,15595.91
22547,15595.91
22548,14836.75
22549,14836.75
22550,14836.75
22551,14836.75
22552,14263.43
22553,14263.43
22554,14263.43
22555,14263.43
22556,13310.55
22557,13310.55
22558,13310.55
22559,13310.55
22560,12635.84
22561,12635.84
22562,12635.84
22563,12635.84
22564,12302.22
22565,12302.22
22566,12302.22
22567,12302.22
22568,12052.24
22569,12052.24
22570,12052.24
22571,12052.24
22572,11807.21
22573,11807.21
22574,11807.21
22575,11807.21
22576,11607.41
22577,11607.41
22578,11607.41
22579,11607.41
22580,11955.93
22581,11955.93
22582,11955.93
22583,11955.93
22584,12495.03
22585,12495.03
22586,12495.03
22587,12495.03
22588,13811.46
22589,13811.46
22590,13811.46
22591,13811.46
22592,14188.42
22593,14188.42
22594,14188.42
22595,14188.42
22596,14258.08
22597,14258.08
22598,14258.08
22599,14258.08
22600,14944.48
22601,14944.48
22602,14944.48
22603,14944.48
22604,14886.38
22605,14886.38
22606,14886.38
22607,14886.38
22608,14308.22
22609,14308.22
22610,14308.22
22611,14308.22
22612,13661.69
22613,13661.69
22614,13661.69
22615,13661.69
22616,13838.48
22617,13838.48
22618,13838.48
22619,13838.48
22620,14326.36
22621,14326.36
22622,14326.36
22623,14326.36
22624,14458.4
22625,14458.4
22626,14458.4
22627,14458.4
22628,14978.06
22629,14978.06
22630,14978.06
22631,14978.06
22632,15977.14
22633,15977.14
22634,15977.14
22635,15977.14
22636,15396.83
22637,15396.83
22638,15396.83
22639,15396.83
22640,14619.68
22641,14619.68
22642,14619.68
22643,14619.68
22644,14260.3
22645,14260.3
22646,14260.3
22647,14260.3
22648,13628.79
22649,13628.79
22650,13628.79
22651,13628.79
22652,12892.46
22653,12892.46
22654,12892.46
22655,12892.46
22656,12283.27
22657,12283.27
22658,12283.27
22659,12283.27
22660,11885.25
22661,11885.25
22662,11885.25
22663,11885.25
22664,11671.21
22665,11671.21
22666,11671.21
22667,11671.21
22668,11544.97
22669,11544.97
22670,11544.97
22671,11544.97
22672,11341.05
22673,11341.05
22674,11341.05
22675,11341.05
22676,11667.82
22677,11667.82
22678,11667.82
22679,11667.82
22680,11839.06
22681,11839.06
22682,11839.06
22683,11839.06
22684,12528.67
22685,12528.67
22686,12528.67
22687,12528.67
22688,12531.37
22689,12531.37
22690,12531.37
22691,12531.37
22692,12578.53
22693,12578.53
22694,12578.53
22695,12578.53
22696,12441.6
22697,12441.6
22698,12441.6
22699,12441.6
22700,12370.92
22701,12370.92
22702,12370.92
22703,12370.92
22704,12019.2
22705,12019.2
22706,12019.2
22707,12019.2
22708,11949.18
22709,11949.18
22710,11949.18
22711,11949.18
22712,11571.69
22713,11571.69
22714,11571.69
22715,11571.69
22716,11765.64
22717,11765.64
22718,11765.64
22719,11765.64
22720,11985.74
22721,11985.74
22722,11985.74
22723,11985.74
22724,12012.19
22725,12012.19
22726,12012.19
22727,12012.19
22728,13066.26
22729,13066.26
22730,13066.26
22731,13066.26
22732,12836.96
22733,12836.96
22734,12836.96
22735,12836.96
22736,12469.69
22737,12469.69
22738,12469.69
22739,12469.69
22740,12002.46
22741,12002.46
22742,12002.46
22743,12002.46
22744,11481.38
22745,11481.38
22746,11481.38
22747,11481.38
22748,10869.25
22749,10869.25
22750,10869.25
22751,10869.25
22752,10442.36
22753,10442.36
22754,10442.36
22755,10442.36
22756,10116.66
22757,10116.66
22758,10116.66
22759,10116.66
22760,9791.63
22761,9791.63
22762,9791.63
22763,9791.63
22764,9599.89
22765,9599.89
22766,9599.89
22767,9599.89
22768,9537.91
22769,9537.91
22770,9537.91
22771,9537.91
22772,9537.91
22773,9537.91
22774,9537.91
22775,9537.91
22776,9537.91
22777,9537.91
22778,9537.91
22779,9537.91
22780,13158.39
22781,13158.39
22782,13158.39
22783,13158.39
22784,13742.33
22785,13742.33
22786,13742.33
22787,13742.33
22788,13823.38
22789,13823.38
22790,13823.38
22791,13823.38
22792,13839.95
22793,13839.95
22794,13839.95
22795,13839.95
22796,13548.5
22797,13548.5
22798,13548.5
22799,13548.5
22800,13507.04
22801,13507.04
22802,13507.04
22803,13507.04
22804,13209.1
22805,13209.1
22806,13209.1
22807,13209.1
22808,13191.71
22809,13191.71
22810,13191.71
22811,13191.71
22812,13638.57
22813,13638.57
22814,13638.57
22815,13638.57
22816,14017.61
22817,14017.61
22818,14017.61
22819,14017.61
22820,14487.08
22821,14487.08
22822,14487.08
22823,14487.08
22824,15539.95
22825,15539.95
22826,15539.95
22827,15539.95
22828,15252.09
22829,15252.09
22830,15252.09
22831,15252.09
22832,14409.1
22833,14409.1
22834,14409.1
22835,14409.1
22836,13827.1
22837,13827.1
22838,13827.1
22839,13827.1
22840,13045.94
22841,13045.94
22842,13045.94
22843,13045.94
22844,12095.86
22845,12095.86
22846,12095.86
22847,12095.86
22848,11467.35
22849,11467.35
22850,11467.35
22851,11467.35
22852,11475.35
22853,11475.35
22854,11475.35
22855,11475.35
22856,10801.61
22857,10801.61
22858,10801.61
22859,10801.61
22860,10518.84
22861,10518.84
22862,10518.84
22863,10518.84
22864,10474.05
22865,10474.05
22866,10474.05
22867,10474.05
22868,10934.7
22869,10934.7
22870,10934.7
22871,10934.7
22872,12120.55
22873,12120.55
22874,12120.55
22875,12120.55
22876,14286.26
22877,14286.26
22878,14286.26
22879,14286.26
22880,14521.27
22881,14521.27
22882,14521.27
22883,14521.27
22884,13586.14
22885,13586.14
22886,13586.14
22887,13586.14
22888,13359.57
22889,13359.57
22890,13359.57
22891,13359.57
22892,13225.54
22893,13225.54
22894,13225.54
22895,13225.54
22896,13501.52
22897,13501.52
22898,13501.52
22899,13501.52
22900,13149.48
22901,13149.48
22902,13149.48
22903,13149.48
22904,12926.88
22905,12926.88
22906,12926.88
22907,12926.88
22908,13517.93
22909,13517.93
22910,13517.93
22911,13517.93
22912,14051.02
22913,14051.02
22914,14051.02
22915,14051.02
22916,14864.92
22917,14864.92
22918,14864.92
22919,14864.92
22920,15765.04
22921,15765.04
22922,15765.04
22923,15765.04
22924,15498.36
22925,15498.36
22926,15498.36
22927,15498.36
22928,14745.9
22929,14745.9
22930,14745.9
22931,14745.9
22932,13977.98
22933,13977.98
22934,13977.98
22935,13977.98
22936,13413.14
22937,13413.14
22938,13413.14
22939,13413.14
22940,12460.55
22941,12460.55
22942,12460.55
22943,12460.55
22944,11977.92
22945,11977.92
22946,11977.92
22947,11977.92
22948,11648.95
22949,11648.95
22950,11648.95
22951,11648.95
22952,11361.05
22953,11361.05
22954,11361.05
22955,11361.05
22956,11246.46
22957,11246.46
22958,11246.46
22959,11246.46
22960,11122.47
22961,11122.47
22962,11122.47
22963,11122.47
22964,11624.66
22965,11624.66
22966,11624.66
22967,11624.66
22968,12439.62
22969,12439.62
22970,12439.62
22971,12439.62
22972,14782.27
22973,14782.27
22974,14782.27
22975,14782.27
22976,14900.27
22977,14900.27
22978,14900.27
22979,14900.27
22980,14184.4
22981,14184.4
22982,14184.4
22983,14184.4
22984,13844.25
22985,13844.25
22986,13844.25
22987,13844.25
22988,13501.94
22989,13501.94
22990,13501.94
22991,13501.94
22992,13548.72
22993,13548.72
22994,13548.72
22995,13548.72
22996,13273.8
22997,13273.8
22998,13273.8
22999,13273.8
23000,13157.31
23001,13157.31
23002,13157.31
23003,13157.31
23004,13648.74
23005,13648.74
23006,13648.74
23007,13648.74
23008,14380.36
23009,14380.36
23010,14380.36
23011,14380.36
23012,14967.33
23013,14967.33
23014,14967.33
23015,14967.33
23016,15904.29
23017,15904.29
23018,15904.29
23019,15904.29
23020,15709.87
23021,15709.87
23022,15709.87
23023,15709.87
23024,14765.05
23025,14765.05
23026,14765.05
23027,14765.05
23028,14247.35
23029,14247.35
23030,14247.35
23031,14247.35
23032,13442.75
23033,13442.75
23034,13442.75
23035,13442.75
23036,12581.76
23037,12581.76
23038,12581.76
23039,12581.76
23040,11860.79
23041,11860.79
23042,11860.79
23043,11860.79
23044,11568.1
23045,11568.1
23046,11568.1
23047,11568.1
23048,11351.03
23049,11351.03
23050,11351.03
23051,11351.03
23052,11283.23
23053,11283.23
23054,11283.23
23055,11283.23
23056,11139.61
23057,11139.61
23058,11139.61
23059,11139.61
23060,11668.71
23061,11668.71
23062,11668.71
23063,11668.71
23064,12600.63
23065,12600.63
23066,12600.63
23067,12600.63
23068,14772.75
23069,14772.75
23070,14772.75
23071,14772.75
23072,14959.29
23073,14959.29
23074,14959.29
23075,14959.29
23076,14493.83
23077,14493.83
23078,14493.83
23079,14493.83
23080,14111.15
23081,14111.15
23082,14111.15
23083,14111.15
23084,13853.46
23085,13853.46
23086,13853.46
23087,13853.46
23088,13526.67
23089,13526.67
23090,13526.67
23091,13526.67
23092,13548.54
23093,13548.54
23094,13548.54
23095,13548.54
23096,13313.46
23097,13313.46
23098,13313.46
23099,13313.46
23100,13832.89
23101,13832.89
23102,13832.89
23103,13832.89
23104,14532.88
23105,14532.88
23106,14532.88
23107,14532.88
23108,15182.66
23109,15182.66
23110,15182.66
23111,15182.66
23112,16072.11
23113,16072.11
23114,16072.11
23115,16072.11
23116,15652.58
23117,15652.58
23118,15652.58
23119,15652.58
23120,14873.86
23121,14873.86
23122,14873.86
23123,14873.86
23124,14135.26
23125,14135.26
23126,14135.26
23127,14135.26
23128,13310.9
23129,13310.9
23130,13310.9
23131,13310.9
23132,12374.25
23133,12374.25
23134,12374.25
23135,12374.25
23136,11839.7
23137,11839.7
23138,11839.7
23139,11839.7
23140,11489.34
23141,11489.34
23142,11489.34
23143,11489.34
23144,11240.84
23145,11240.84
23146,11240.84
23147,11240.84
23148,11110.06
23149,11110.06
23150,11110.06
23151,11110.06
23152,11160.09
23153,11160.09
23154,11160.09
23155,11160.09
23156,11585.25
23157,11585.25
23158,11585.25
23159,11585.25
23160,12677.34
23161,12677.34
23162,12677.34
23163,12677.34
23164,15168.19
23165,15168.19
23166,15168.19
23167,15168.19
23168,15750.99
23169,15750.99
23170,15750.99
23171,15750.99
23172,15210.92
23173,15210.92
23174,15210.92
23175,15210.92
23176,15040.47
23177,15040.47
23178,15040.47
23179,15040.47
23180,14743.11
23181,14743.11
23182,14743.11
23183,14743.11
23184,14396.49
23185,14396.49
23186,14396.49
23187,14396.49
23188,14049.95
23189,14049.95
23190,14049.95
23191,14049.95
23192,13745.57
23193,13745.57
23194,13745.57
23195,13745.57
23196,14372.57
23197,14372.57
23198,14372.57
23199,14372.57
23200,14683.63
23201,14683.63
23202,14683.63
23203,14683.63
23204,15052.5
23205,15052.5
23206,15052.5
23207,15052.5
23208,15781.87
23209,15781.87
23210,15781.87
23211,15781.87
23212,15293.2
23213,15293.2
23214,15293.2
23215,15293.2
23216,14652.92
23217,14652.92
23218,14652.92
23219,14652.92
23220,13920.22
23221,13920.22
23222,13920.22
23223,13920.22
23224,12862.34
23225,12862.34
23226,12862.34
23227,12862.34
23228,11848.55
23229,11848.55
23230,11848.55
23231,11848.55
23232,11541.63
23233,11541.63
23234,11541.63
23235,11541.63
23236,11096.0
23237,11096.0
23238,11096.0
23239,11096.0
23240,10955.42
23241,10955.42
23242,10955.42
23243,10955.42
23244,10743.14
23245,10743.14
23246,10743.14
23247,10743.14
23248,10824.58
23249,10824.58
23250,10824.58
23251,10824.58
23252,11190.44
23253,11190.44
23254,11190.44
23255,11190.44
23256,11508.29
23257,11508.29
23258,11508.29
23259,11508.29
23260,13021.75
23261,13021.75
23262,13021.75
23263,13021.75
23264,13817.76
23265,13817.76
23266,13817.76
23267,13817.76
23268,14358.99
23269,14358.99
23270,14358.99
23271,14358.99
23272,14421.19
23273,14421.19
23274,14421.19
23275,14421.19
23276,14019.98
23277,14019.98
23278,14019.98
23279,14019.98
23280,13615.07
23281,13615.07
23282,13615.07
23283,13615.07
23284,13606.29
23285,13606.29
23286,13606.29
23287,13606.29
23288,13606.29
23289,13606.29
23290,13606.29
23291,13606.29
23292,13271.81
23293,13271.81
23294,13271.81
23295,13271.81
23296,13473.36
23297,13473.36
23298,13473.36
23299,13473.36
23300,13803.71
23301,13803.71
23302,13803.71
23303,13803.71
23304,14493.96
23305,14493.96
23306,14493.96
23307,14493.96
23308,14031.28
23309,14031.28
23310,14031.28
23311,14031.28
23312,13328.37
23313,13328.37
23314,13328.37
23315,13328.37
23316,12626.0
23317,12626.0
23318,12626.0
23319,12626.0
23320,11837.84
23321,11837.84
23322,11837.84
23323,11837.84
23324,10883.79
23325,10883.79
23326,10883.79
23327,10883.79
23328,10307.31
23329,10307.31
23330,10307.31
23331,10307.31
23332,10079.8
23333,10079.8
23334,10079.8
23335,10079.8
23336,9878.03
23337,9878.03
23338,9878.03
23339,9878.03
23340,9652.34
23341,9652.34
23342,9652.34
23343,9652.34
23344,9680.13
23345,9680.13
23346,9680.13
23347,9680.13
23348,9905.3
23349,9905.3
23350,9905.3
23351,9905.3
23352,10424.24
23353,10424.24
23354,10424.24
23355,10424.24
23356,11284.43
23357,11284.43
23358,11284.43
23359,11284.43
23360,11685.85
23361,11685.85
23362,11685.85
23363,11685.85
23364,11945.85
23365,11945.85
23366,11945.85
23367,11945.85
23368,11820.61
23369,11820.61
23370,11820.61
23371,11820.61
23372,11570.55
23373,11570.55
23374,11570.55
23375,11570.55
23376,11471.2
23377,11471.2
23378,11471.2
23379,11471.2
23380,11323.59
23381,11323.59
23382,11323.59
23383,11323.59
23384,11023.92
23385,11023.92
23386,11023.92
23387,11023.92
23388,11269.6
23389,11269.6
23390,11269.6
23391,11269.6
23392,11224.62
23393,11224.62
23394,11224.62
23395,11224.62
23396,11494.78
23397,11494.78
23398,11494.78
23399,11494.78
23400,12570.16
23401,12570.16
23402,12570.16
23403,12570.16
23404,12397.73
23405,12397.73
23406,12397.73
23407,12397.73
23408,11838.02
23409,11838.02
23410,11838.02
23411,11838.02
23412,11465.92
23413,11465.92
23414,11465.92
23415,11465.92
23416,10818.55
23417,10818.55
23418,10818.55
23419,10818.55
23420,9985.13
23421,9985.13
23422,9985.13
23423,9985.13
23424,9519.6
23425,9519.6
23426,9519.6
23427,9519.6
23428,9311.05
23429,9311.05
23430,9311.05
23431,9311.05
23432,9079.76
23433,9079.76
23434,9079.76
23435,9079.76
23436,8957.47
23437,8957.47
23438,8957.47
23439,8957.47
23440,9129.14
23441,9129.14
23442,9129.14
23443,9129.14
23444,9712.98
23445,9712.98
23446,9712.98
23447,9712.98
23448,10937.17
23449,10937.17
23450,10937.17
23451,10937.17
23452,13311.52
23453,13311.52
23454,13311.52
23455,13311.52
23456,13805.06
23457,13805.06
23458,13805.06
23459,13805.06
23460,13560.25
23461,13560.25
23462,13560.25
23463,13560.25
23464,12582.92
23465,12582.92
23466,12582.92
23467,12582.92
23468,12594.93
23469,12594.93
23470,12594.93
23471,12594.93
23472,11531.54
23473,11531.54
23474,11531.54
23475,11531.54
23476,11611.9
23477,11611.9
23478,11611.9
23479,11611.9
23480,12987.82
23481,12987.82
23482,12987.82
23483,12987.82
23484,13201.34
23485,13201.34
23486,13201.34
23487,13201.34
23488,14000.65
23489,14000.65
23490,14000.65
23491,14000.65
23492,14259.01
23493,14259.01
23494,14259.01
23495,14259.01
23496,14779.6
23497,14779.6
23498,14779.6
23499,14779.6
23500,14522.59
23501,14522.59
23502,14522.59
23503,14522.59
23504,13662.48
23505,13662.48
23506,13662.48
23507,13662.48
23508,13380.77
23509,13380.77
23510,13380.77
23511,13380.77
23512,12397.21
23513,12397.21
23514,12397.21
23515,12397.21
23516,11569.22
23517,11569.22
23518,11569.22
23519,11569.22
23520,11138.54
23521,11138.54
23522,11138.54
23523,11138.54
23524,10856.5
23525,10856.5
23526,10856.5
23527,10856.5
23528,10815.01
23529,10815.01
23530,10815.01
23531,10815.01
23532,10856.47
23533,10856.47
23534,10856.47
23535,10856.47
23536,10774.8
23537,10774.8
23538,10774.8
23539,10774.8
23540,10987.84
23541,10987.84
23542,10987.84
23543,10987.84
23544,11742.48
23545,11742.48
23546,11742.48
23547,11742.48
23548,14169.64
23549,14169.64
23550,14169.64
23551,14169.64
23552,14633.05
23553,14633.05
23554,14633.05
23555,14633.05
23556,14257.24
23557,14257.24
23558,14257.24
23559,14257.24
23560,14454.86
23561,14454.86
23562,14454.86
23563,14454.86
23564,14416.58
23565,14416.58
23566,14416.58
23567,14416.58
23568,14381.83
23569,14381.83
23570,14381.83
23571,14381.83
23572,13791.84
23573,13791.84
23574,13791.84
23575,13791.84
23576,13865.59
23577,13865.59
23578,13865.59
23579,13865.59
23580,14188.41
23581,14188.41
23582,14188.41
23583,14188.41
23584,14682.42
23585,14682.42
23586,14682.42
23587,14682.42
23588,15131.63
23589,15131.63
23590,15131.63
23591,15131.63
23592,15518.07
23593,15518.07
23594,15518.07
23595,15518.07
23596,15220.17
23597,15220.17
23598,15220.17
23599,15220.17
23600,14490.15
23601,14490.15
23602,14490.15
23603,14490.15
23604,13789.79
23605,13789.79
23606,13789.79
23607,13789.79
23608,12849.25
23609,12849.25
23610,12849.25
23611,12849.25
23612,12015.65
23613,12015.65
23614,12015.65
23615,12015.65
23616,11383.14
23617,11383.14
23618,11383.14
23619,11383.14
23620,10839.85
23621,10839.85
23622,10839.85
23623,10839.85
23624,10765.18
23625,10765.18
23626,10765.18
23627,10765.18
23628,10456.56
23629,10456.56
23630,10456.56
23631,10456.56
23632,10430.87
23633,10430.87
23634,10430.87
23635,10430.87
23636,10894.4
23637,10894.4
23638,10894.4
23639,10894.4
23640,11797.64
23641,11797.64
23642,11797.64
23643,11797.64
23644,13629.98
23645,13629.98
23646,13629.98
23647,13629.98
23648,14638.05
23649,14638.05
23650,14638.05
23651,14638.05
23652,14582.13
23653,14582.13
23654,14582.13
23655,14582.13
23656,14328.82
23657,14328.82
23658,14328.82
23659,14328.82
23660,14050.7
23661,14050.7
23662,14050.7
23663,14050.7
23664,14050.7
23665,14050.7
23666,14050.7
23667,14050.7
23668,14119.57
23669,14119.57
23670,14119.57
23671,14119.57
23672,13771.63
23673,13771.63
23674,13771.63
23675,13771.63
23676,13883.98
23677,13883.98
23678,13883.98
23679,13883.98
23680,14281.87
23681,14281.87
23682,14281.87
23683,14281.87
23684,15219.51
23685,15219.51
23686,15219.51
23687,15219.51
23688,15130.67
23689,15130.67
23690,15130.67
23691,15130.67
23692,15052.77
23693,15052.77
23694,15052.77
23695,15052.77
23696,14398.89
23697,14398.89
23698,14398.89
23699,14398.89
23700,13675.12
23701,13675.12
23702,13675.12
23703,13675.12
23704,12890.28
23705,12890.28
23706,12890.28
23707,12890.28
23708,11857.07
23709,11857.07
23710,11857.07
23711,11857.07
23712,11272.95
23713,11272.95
23714,11272.95
23715,11272.95
23716,10955.1
23717,10955.1
23718,10955.1
23719,10955.1
23720,10817.96
23721,10817.96
23722,10817.96
23723,10817.96
23724,10693.88
23725,10693.88
23726,10693.88
23727,10693.88
23728,10738.54
23729,10738.54
23730,10738.54
23731,10738.54
23732,10913.93
23733,10913.93
23734,10913.93
23735,10913.93
23736,11958.17
23737,11958.17
23738,11958.17
23739,11958.17
23740,14096.04
23741,14096.04
23742,14096.04
23743,14096.04
23744,14626.43
23745,14626.43
23746,14626.43
23747,14626.43
23748,14029.51
23749,14029.51
23750,14029.51
23751,14029.51
23752,14082.5
23753,14082.5
23754,14082.5
23755,14082.5
23756,13729.73
23757,13729.73
23758,13729.73
23759,13729.73
23760,13661.44
23761,13661.44
23762,13661.44
23763,13661.44
23764,13294.66
23765,13294.66
23766,13294.66
23767,13294.66
23768,13001.77
23769,13001.77
23770,13001.77
23771,13001.77
23772,13369.69
23773,13369.69
23774,13369.69
23775,13369.69
23776,14022.74
23777,14022.74
23778,14022.74
23779,14022.74
23780,15655.14
23781,15655.14
23782,15655.14
23783,15655.14
23784,15747.44
23785,15747.44
23786,15747.44
23787,15747.44
23788,15288.01
23789,15288.01
23790,15288.01
23791,15288.01
23792,14686.24
23793,14686.24
23794,14686.24
23795,14686.24
23796,13995.88
23797,13995.88
23798,13995.88
23799,13995.88
23800,13029.77
23801,13029.77
23802,13029.77
23803,13029.77
23804,12202.85
23805,12202.85
23806,12202.85
23807,12202.85
23808,11715.95
23809,11715.95
23810,11715.95
23811,11715.95
23812,11217.91
23813,11217.91
23814,11217.91
23815,11217.91
23816,11004.43
23817,11004.43
23818,11004.43
23819,11004.43
23820,11018.91
23821,11018.91
23822,11018.91
23823,11018.91
23824,10921.25
23825,10921.25
23826,10921.25
23827,10921.25
23828,11339.31
23829,11339.31
23830,11339.31
23831,11339.31
23832,12263.84
23833,12263.84
23834,12263.84
23835,12263.84
23836,14421.83
23837,14421.83
23838,14421.83
23839,14421.83
23840,15089.54
23841,15089.54
23842,15089.54
23843,15089.54
23844,14325.81
23845,14325.81
23846,14325.81
23847,14325.81
23848,14314.0
23849,14314.0
23850,14314.0
23851,14314.0
23852,13995.03
23853,13995.03
23854,13995.03
23855,13995.03
23856,13747.07
23857,13747.07
23858,13747.07
23859,13747.07
23860,13667.66
23861,13667.66
23862,13667.66
23863,13667.66
23864,13578.45
23865,13578.45
23866,13578.45
23867,13578.45
23868,13686.19
23869,13686.19
23870,13686.19
23871,13686.19
23872,14270.04
23873,14270.04
23874,14270.04
23875,14270.04
23876,14778.19
23877,14778.19
23878,14778.19
23879,14778.19
23880,15495.67
23881,15495.67
23882,15495.67
23883,15495.67
23884,15101.33
23885,15101.33
23886,15101.33
23887,15101.33
23888,14478.1
23889,14478.1
23890,14478.1
23891,14478.1
23892,13668.95
23893,13668.95
23894,13668.95
23895,13668.95
23896,12876.37
23897,12876.37
23898,12876.37
23899,12876.37
23900,11975.6
23901,11975.6
23902,11975.6
23903,11975.6
23904,11325.67
23905,11325.67
23906,11325.67
23907,11325.67
23908,10975.2
23909,10975.2
23910,10975.2
23911,10975.2
23912,10837.01
23913,10837.01
23914,10837.01
23915,10837.01
23916,10792.96
23917,10792.96
23918,10792.96
23919,10792.96
23920,10788.38
23921,10788.38
23922,10788.38
23923,10788.38
23924,11088.36
23925,11088.36
23926,11088.36
23927,11088.36
23928,11858.99
23929,11858.99
23930,11858.99
23931,11858.99
23932,13827.89
23933,13827.89
23934,13827.89
23935,13827.89
23936,14286.31
23937,14286.31
23938,14286.31
23939,14286.31
23940,14031.1
23941,14031.1
23942,14031.1
23943,14031.1
23944,13477.32
23945,13477.32
23946,13477.32
23947,13477.32
23948,13418.54
23949,13418.54
23950,13418.54
23951,13418.54
23952,12961.55
23953,12961.55
23954,12961.55
23955,12961.55
23956,12710.26
23957,12710.26
23958,12710.26
23959,12710.26
23960,12840.1
23961,12840.1
23962,12840.1
23963,12840.1
23964,13306.13
23965,13306.13
23966,13306.13
23967,13306.13
23968,13864.87
23969,13864.87
23970,13864.87
23971,13864.87
23972,14990.06
23973,14990.06
23974,14990.06
23975,14990.06
23976,15683.63
23977,15683.63
23978,15683.63
23979,15683.63
23980,15380.96
23981,15380.96
23982,15380.96
23983,15380.96
23984,14382.25
23985,14382.25
23986,14382.25
23987,14382.25
23988,13762.07
23989,13762.07
23990,13762.07
23991,13762.07
23992,13003.46
23993,13003.46
23994,13003.46
23995,13003.46
23996,12160.51
23997,12160.51
23998,12160.51
23999,12160.51
24000,11574.41
24001,11574.41
24002,11574.41
24003,11574.41
24004,11103.15
24005,11103.15
24006,11103.15
24007,11103.15
24008,10826.25
24009,10826.25
24010,10826.25
24011,10826.25
24012,10694.09
24013,10694.09
24014,10694.09
24015,10694.09
24016,10606.96
24017,10606.96
24018,10606.96
24019,10606.96
24020,10953.41
24021,10953.41
24022,10953.41
24023,10953.41
24024,11405.0
24025,11405.0
24026,11405.0
24027,11405.0
24028,12540.53
24029,12540.53
24030,12540.53
24031,12540.53
24032,12636.49
24033,12636.49
24034,12636.49
24035,12636.49
24036,12724.19
24037,12724.19
24038,12724.19
24039,12724.19
24040,12263.98
24041,12263.98
24042,12263.98
24043,12263.98
24044,12057.76
24045,12057.76
24046,12057.76
24047,12057.76
24048,12560.0
24049,12560.0
24050,12560.0
24051,12560.0
24052,12337.54
24053,12337.54
24054,12337.54
24055,12337.54
24056,12410.95
24057,12410.95
24058,12410.95
24059,12410.95
24060,11935.58
24061,11935.58
24062,11935.58
24063,11935.58
24064,11993.83
24065,11993.83
24066,11993.83
24067,11993.83
24068,12371.0
24069,12371.0
24070,12371.0
24071,12371.0
24072,13183.95
24073,13183.95
24074,13183.95
24075,13183.95
24076,12930.92
24077,12930.92
24078,12930.92
24079,12930.92
24080,12300.84
24081,12300.84
24082,12300.84
24083,12300.84
24084,11839.12
24085,11839.12
24086,11839.12
24087,11839.12
24088,11267.28
24089,11267.28
24090,11267.28
24091,11267.28
24092,10635.59
24093,10635.59
24094,10635.59
24095,10635.59
24096,10388.53
24097,10388.53
24098,10388.53
24099,10388.53
24100,9927.31
24101,9927.31
24102,9927.31
24103,9927.31
24104,9762.0
24105,9762.0
24106,9762.0
24107,9762.0
24108,9585.7
24109,9585.7
24110,9585.7
24111,9585.7
24112,9604.32
24113,9604.32
24114,9604.32
24115,9604.32
24116,10129.09
24117,10129.09
24118,10129.09
24119,10129.09
24120,11173.94
24121,11173.94
24122,11173.94
24123,11173.94
24124,13882.42
24125,13882.42
24126,13882.42
24127,13882.42
24128,14316.32
24129,14316.32
24130,14316.32
24131,14316.32
24132,13830.58
24133,13830.58
24134,13830.58
24135,13830.58
24136,14059.52
24137,14059.52
24138,14059.52
24139,14059.52
24140,14099.01
24141,14099.01
24142,14099.01
24143,14099.01
24144,14110.64
24145,14110.64
24146,14110.64
24147,14110.64
24148,13783.83
24149,13783.83
24150,13783.83
24151,13783.83
24152,13049.58
24153,13049.58
24154,13049.58
24155,13049.58
24156,13972.0
24157,13972.0
24158,13972.0
24159,13972.0
24160,14779.71
24161,14779.71
24162,14779.71
24163,14779.71
24164,15532.91
24165,15532.91
24166,15532.91
24167,15532.91
24168,15896.12
24169,15896.12
24170,15896.12
24171,15896.12
24172,15493.31
24173,15493.31
24174,15493.31
24175,15493.31
24176,14579.25
24177,14579.25
24178,14579.25
24179,14579.25
24180,13899.72
24181,13899.72
24182,13899.72
24183,13899.72
24184,12923.03
24185,12923.03
24186,12923.03
24187,12923.03
24188,12085.36
24189,12085.36
24190,12085.36
24191,12085.36
24192,11540.02
24193,11540.02
24194,11540.02
24195,11540.02
24196,11201.56
24197,11201.56
24198,11201.56
24199,11201.56
24200,10943.45
24201,10943.45
24202,10943.45
24203,10943.45
24204,10700.99
24205,10700.99
24206,10700.99
24207,10700.99
24208,10773.78
24209,10773.78
24210,10773.78
24211,10773.78
24212,11233.71
24213,11233.71
24214,11233.71
24215,11233.71
24216,12288.46
24217,12288.46
24218,12288.46
24219,12288.46
24220,15153.04
24221,15153.04
24222,15153.04
24223,15153.04
24224,15574.88
24225,15574.88
24226,15574.88
24227,15574.88
24228,15087.84
24229,15087.84
24230,15087.84
24231,15087.84
24232,14529.22
24233,14529.22
24234,14529.22
24235,14529.22
24236,14043.74
24237,14043.74
24238,14043.74
24239,14043.74
24240,14056.55
24241,14056.55
24242,14056.55
24243,14056.55
24244,14142.19
24245,14142.19
24246,14142.19
24247,14142.19
24248,14113.9
24249,14113.9
24250,14113.9
24251,14113.9
24252,13944.53
24253,13944.53
24254,13944.53
24255,13944.53
24256,14710.99
24257,14710.99
24258,14710.99
24259,14710.99
24260,15363.11
24261,15363.11
24262,15363.11
24263,15363.11
24264,16308.28
24265,16308.28
24266,16308.28
24267,16308.28
24268,15766.86
24269,15766.86
24270,15766.86
24271,15766.86
24272,14734.89
24273,14734.89
24274,14734.89
24275,14734.89
24276,13892.44
24277,13892.44
24278,13892.44
24279,13892.44
24280,13193.44
24281,13193.44
24282,13193.44
24283,13193.44
24284,12173.7
24285,12173.7
24286,12173.7
24287,12173.7
24288,11720.19
24289,11720.19
24290,11720.19
24291,11720.19
24292,11248.13
24293,11248.13
24294,11248.13
24295,11248.13
24296,10893.33
24297,10893.33
24298,10893.33
24299,10893.33
24300,10811.16
24301,10811.16
24302,10811.16
24303,10811.16
24304,10953.33
24305,10953.33
24306,10953.33
24307,10953.33
24308,11333.81
24309,11333.81
24310,11333.81
24311,11333.81
24312,12390.05
24313,12390.05
24314,12390.05
24315,12390.05
24316,15293.77
24317,15293.77
24318,15293.77
24319,15293.77
24320,16002.18
24321,16002.18
24322,16002.18
24323,16002.18
24324,15468.67
24325,15468.67
24326,15468.67
24327,15468.67
24328,15134.89
24329,15134.89
24330,15134.89
24331,15134.89
24332,14955.0
24333,14955.0
24334,14955.0
24335,14955.0
24336,14592.87
24337,14592.87
24338,14592.87
24339,14592.87
24340,13740.76
24341,13740.76
24342,13740.76
24343,13740.76
24344,13643.79
24345,13643.79
24346,13643.79
24347,13643.79
24348,14580.43
24349,14580.43
24350,14580.43
24351,14580.43
24352,15274.87
24353,15274.87
24354,15274.87
24355,15274.87
24356,16005.6
24357,16005.6
24358,16005.6
24359,16005.6
24360,16361.14
24361,16361.14
24362,16361.14
24363,16361.14
24364,16046.04
24365,16046.04
24366,16046.04
24367,16046.04
24368,15015.48
24369,15015.48
24370,15015.48
24371,15015.48
24372,14341.8
24373,14341.8
24374,14341.8
24375,14341.8
24376,13529.54
24377,13529.54
24378,13529.54
24379,13529.54
24380,12523.25
24381,12523.25
24382,12523.25
24383,12523.25
24384,11999.52
24385,11999.52
24386,11999.52
24387,11999.52
24388,11744.08
24389,11744.08
24390,11744.08
24391,11744.08
24392,11464.32
24393,11464.32
24394,11464.32
24395,11464.32
24396,11317.74
24397,11317.74
24398,11317.74
24399,11317.74
24400,11372.37
24401,11372.37
24402,11372.37
24403,11372.37
24404,11684.04
24405,11684.04
24406,11684.04
24407,11684.04
24408,12836.42
24409,12836.42
24410,12836.42
24411,12836.42
24412,15317.97
24413,15317.97
24414,15317.97
24415,15317.97
24416,16002.59
24417,16002.59
24418,16002.59
24419,16002.59
24420,15302.83
24421,15302.83
24422,15302.83
24423,15302.83
24424,14981.82
24425,14981.82
24426,14981.82
24427,14981.82
24428,14753.41
24429,14753.41
24430,14753.41
24431,14753.41
24432,14455.76
24433,14455.76
24434,14455.76
24435,14455.76
24436,14151.17
24437,14151.17
24438,14151.17
24439,14151.17
24440,13952.7
24441,13952.7
24442,13952.7
24443,13952.7
24444,14558.87
24445,14558.87
24446,14558.87
24447,14558.87
24448,15457.65
24449,15457.65
24450,15457.65
24451,15457.65
24452,16442.71
24453,16442.71
24454,16442.71
24455,16442.71
24456,16680.1
24457,16680.1
24458,16680.1
24459,16680.1
24460,16179.7
24461,16179.7
24462,16179.7
24463,16179.7
24464,15340.74
24465,15340.74
24466,15340.74
24467,15340.74
24468,14489.6
24469,14489.6
24470,14489.6
24471,14489.6
24472,13649.83
24473,13649.83
24474,13649.83
24475,13649.83
24476,12582.97
24477,12582.97
24478,12582.97
24479,12582.97
24480,11968.31
24481,11968.31
24482,11968.31
24483,11968.31
24484,11697.2
24485,11697.2
24486,11697.2
24487,11697.2
24488,11410.3
24489,11410.3
24490,11410.3
24491,11410.3
24492,11316.56
24493,11316.56
24494,11316.56
24495,11316.56
24496,11377.35
24497,11377.35
24498,11377.35
24499,11377.35
24500,11940.52
24501,11940.52
24502,11940.52
24503,11940.52
24504,12982.93
24505,12982.93
24506,12982.93
24507,12982.93
24508,15693.24
24509,15693.24
24510,15693.24
24511,15693.24
24512,16249.65
24513,16249.65
24514,16249.65
24515,16249.65
24516,15715.75
24517,15715.75
24518,15715.75
24519,15715.75
24520,15620.97
24521,15620.97
24522,15620.97
24523,15620.97
24524,15158.34
24525,15158.34
24526,15158.34
24527,15158.34
24528,14804.2
24529,14804.2
24530,14804.2
24531,14804.2
24532,14734.97
24533,14734.97
24534,14734.97
24535,14734.97
24536,14571.94
24537,14571.94
24538,14571.94
24539,14571.94
24540,15041.97
24541,15041.97
24542,15041.97
24543,15041.97
24544,15675.36
24545,15675.36
24546,15675.36
24547,15675.36
24548,16015.74
24549,16015.74
24550,16015.74
24551,16015.74
24552,16564.13
24553,16564.13
24554,16564.13
24555,16564.13
24556,16122.17
24557,16122.17
24558,16122.17
24559,16122.17
24560,15137.7
24561,15137.7
24562,15137.7
24563,15137.7
24564,14279.43
24565,14279.43
24566,14279.43
24567,14279.43
24568,13365.96
24569,13365.96
24570,13365.96
24571,13365.96
24572,12464.92
24573,12464.92
24574,12464.92
24575,12464.92
24576,12039.25
24577,12039.25
24578,12039.25
24579,12039.25
24580,11792.93
24581,11792.93
24582,11792.93
24583,11792.93
24584,11697.64
24585,11697.64
24586,11697.64
24587,11697.64
24588,11549.13
24589,11549.13
24590,11549.13
24591,11549.13
24592,11553.26
24593,11553.26
24594,11553.26
24595,11553.26
24596,11983.44
24597,11983.44
24598,11983.44
24599,11983.44
24600,12763.17
24601,12763.17
24602,12763.17
24603,12763.17
24604,14816.27
24605,14816.27
24606,14816.27
24607,14816.27
24608,15305.01
24609,15305.01
24610,15305.01
24611,15305.01
24612,15085.99
24613,15085.99
24614,15085.99
24615,15085.99
24616,14309.79
24617,14309.79
24618,14309.79
24619,14309.79
24620,14984.96
24621,14984.96
24622,14984.96
24623,14984.96
24624,15078.55
24625,15078.55
24626,15078.55
24627,15078.55
24628,14440.67
24629,14440.67
24630,14440.67
24631,14440.67
24632,14398.45
24633,14398.45
24634,14398.45
24635,14398.45
24636,15144.4
24637,15144.4
24638,15144.4
24639,15144.4
24640,15922.09
24641,15922.09
24642,15922.09
24643,15922.09
24644,15941.84
24645,15941.84
24646,15941.84
24647,15941.84
24648,16570.26
24649,16570.26
24650,16570.26
24651,16570.26
24652,15866.26
24653,15866.26
24654,15866.26
24655,15866.26
24656,14827.19
24657,14827.19
24658,14827.19
24659,14827.19
24660,14029.32
24661,14029.32
24662,14029.32
24663,14029.32
24664,13201.55
24665,13201.55
24666,13201.55
24667,13201.55
24668,12266.5
24669,12266.5
24670,12266.5
24671,12266.5
24672,11752.13
24673,11752.13
24674,11752.13
24675,11752.13
24676,11481.84
24677,11481.84
24678,11481.84
24679,11481.84
24680,11344.31
24681,11344.31
24682,11344.31
24683,11344.31
24684,11208.86
24685,11208.86
24686,11208.86
24687,11208.86
24688,11300.79
24689,11300.79
24690,11300.79
24691,11300.79
24692,11486.65
24693,11486.65
24694,11486.65
24695,11486.65
24696,12039.65
24697,12039.65
24698,12039.65
24699,12039.65
24700,13264.94
24701,13264.94
24702,13264.94
24703,13264.94
24704,13365.97
24705,13365.97
24706,13365.97
24707,13365.97
24708,13725.9
24709,13725.9
24710,13725.9
24711,13725.9
24712,13632.73
24713,13632.73
24714,13632.73
24715,13632.73
24716,13204.04
24717,13204.04
24718,13204.04
24719,13204.04
24720,12967.18
24721,12967.18
24722,12967.18
24723,12967.18
24724,12736.43
24725,12736.43
24726,12736.43
24727,12736.43
24728,12475.66
24729,12475.66
24730,12475.66
24731,12475.66
24732,12674.72
24733,12674.72
24734,12674.72
24735,12674.72
24736,13324.31
24737,13324.31
24738,13324.31
24739,13324.31
24740,13278.24
24741,13278.24
24742,13278.24
24743,13278.24
24744,14009.54
24745,14009.54
24746,14009.54
24747,14009.54
24748,13486.14
24749,13486.14
24750,13486.14
24751,13486.14
24752,12751.76
24753,12751.76
24754,12751.76
24755,12751.76
24756,12203.19
24757,12203.19
24758,12203.19
24759,12203.19
24760,11437.97
24761,11437.97
24762,11437.97
24763,11437.97
24764,10692.27
24765,10692.27
24766,10692.27
24767,10692.27
24768,10380.35
24769,10380.35
24770,10380.35
24771,10380.35
24772,10299.75
24773,10299.75
24774,10299.75
24775,10299.75
24776,10003.53
24777,10003.53
24778,10003.53
24779,10003.53
24780,9872.1
24781,9872.1
24782,9872.1
24783,9872.1
24784,9975.43
24785,9975.43
24786,9975.43
24787,9975.43
24788,10544.31
24789,10544.31
24790,10544.31
24791,10544.31
24792,11500.62
24793,11500.62
24794,11500.62
24795,11500.62
24796,14516.56
24797,14516.56
24798,14516.56
24799,14516.56
24800,15133.79
24801,15133.79
24802,15133.79
24803,15133.79
24804,14850.74
24805,14850.74
24806,14850.74
24807,14850.74
24808,14899.78
24809,14899.78
24810,14899.78
24811,14899.78
24812,14796.57
24813,14796.57
24814,14796.57
24815,14796.57
24816,14753.19
24817,14753.19
24818,14753.19
24819,14753.19
24820,14227.52
24821,14227.52
24822,14227.52
24823,14227.52
24824,13948.17
24825,13948.17
24826,13948.17
24827,13948.17
24828,14666.06
24829,14666.06
24830,14666.06
24831,14666.06
24832,15434.33
24833,15434.33
24834,15434.33
24835,15434.33
24836,15783.67
24837,15783.67
24838,15783.67
24839,15783.67
24840,16465.7
24841,16465.7
24842,16465.7
24843,16465.7
24844,16063.22
24845,16063.22
24846,16063.22
24847,16063.22
24848,15036.15
24849,15036.15
24850,15036.15
24851,15036.15
24852,14331.76
24853,14331.76
24854,14331.76
24855,14331.76
24856,13348.45
24857,13348.45
24858,13348.45
24859,13348.45
24860,12327.3
24861,12327.3
24862,12327.3
24863,12327.3
24864,11838.02
24865,11838.02
24866,11838.02
24867,11838.02
24868,11644.23
24869,11644.23
24870,11644.23
24871,11644.23
24872,11490.06
24873,11490.06
24874,11490.06
24875,11490.06
24876,11403.97
24877,11403.97
24878,11403.97
24879,11403.97
24880,11601.7
24881,11601.7
24882,11601.7
24883,11601.7
24884,12385.98
24885,12385.98
24886,12385.98
24887,12385.98
24888,13472.93
24889,13472.93
24890,13472.93
24891,13472.93
24892,15863.68
24893,15863.68
24894,15863.68
24895,15863.68
24896,16471.7
24897,16471.7
24898,16471.7
24899,16471.7
24900,16195.22
24901,16195.22
24902,16195.22
24903,16195.22
24904,15614.41
24905,15614.41
24906,15614.41
24907,15614.41
24908,15415.08
24909,15415.08
24910,15415.08
24911,15415.08
24912,15126.71
24913,15126.71
24914,15126.71
24915,15126.71
24916,14728.29
24917,14728.29
24918,14728.29
24919,14728.29
24920,14671.14
24921,14671.14
24922,14671.14
24923,14671.14
24924,15032.82
24925,15032.82
24926,15032.82
24927,15032.82
24928,15346.84
24929,15346.84
24930,15346.84
24931,15346.84
24932,15724.24
24933,15724.24
24934,15724.24
24935,15724.24
24936,16220.4
24937,16220.4
24938,16220.4
24939,16220.4
24940,15737.44
24941,15737.44
24942,15737.44
24943,15737.44
24944,14611.16
24945,14611.16
24946,14611.16
24947,14611.16
24948,13790.68
24949,13790.68
24950,13790.68
24951,13790.68
24952,12739.39
24953,12739.39
24954,12739.39
24955,12739.39
24956,12219.28
24957,12219.28
24958,12219.28
24959,12219.28
24960,11708.64
24961,11708.64
24962,11708.64
24963,11708.64
24964,11469.28
24965,11469.28
24966,11469.28
24967,11469.28
24968,11191.48
24969,11191.48
24970,11191.48
24971,11191.48
24972,11153.02
24973,11153.02
24974,11153.02
24975,11153.02
24976,11291.56
24977,11291.56
24978,11291.56
24979,11291.56
24980,11833.94
24981,11833.94
24982,11833.94
24983,11833.94
24984,12677.18
24985,12677.18
24986,12677.18
24987,12677.18
24988,14997.72
24989,14997.72
24990,14997.72
24991,14997.72
24992,15324.34
24993,15324.34
24994,15324.34
24995,15324.34
24996,14950.13
24997,14950.13
24998,14950.13
24999,14950.13
25000,14254.35
25001,14254.35
25002,14254.35
25003,14254.35
25004,14272.97
25005,14272.97
25006,14272.97
25007,14272.97
25008,13932.13
25009,13932.13
25010,13932.13
25011,13932.13
25012,13525.85
25013,13525.85
25014,13525.85
25015,13525.85
25016,13230.08
25017,13230.08
25018,13230.08
25019,13230.08
25020,13966.76
25021,13966.76
25022,13966.76
25023,13966.76
25024,14696.18
25025,14696.18
25026,14696.18
25027,14696.18
25028,15248.15
25029,15248.15
25030,15248.15
25031,15248.15
25032,16274.37
25033,16274.37
25034,16274.37
25035,16274.37
25036,15937.61
25037,15937.61
25038,15937.61
25039,15937.61
25040,15032.88
25041,15032.88
25042,15032.88
25043,15032.88
25044,14085.38
25045,14085.38
25046,14085.38
25047,14085.38
25048,13261.6
25049,13261.6
25050,13261.6
25051,13261.6
25052,12403.94
25053,12403.94
25054,12403.94
25055,12403.94
25056,11750.8
25057,11750.8
25058,11750.8
25059,11750.8
25060,11460.67
25061,11460.67
25062,11460.67
25063,11460.67
25064,11121.21
25065,11121.21
25066,11121.21
25067,11121.21
25068,10944.85
25069,10944.85
25070,10944.85
25071,10944.85
25072,10777.14
25073,10777.14
25074,10777.14
25075,10777.14
25076,11467.85
25077,11467.85
25078,11467.85
25079,11467.85
25080,12615.38
25081,12615.38
25082,12615.38
25083,12615.38
25084,14889.13
25085,14889.13
25086,14889.13
25087,14889.13
25088,15740.88
25089,15740.88
25090,15740.88
25091,15740.88
25092,15108.36
25093,15108.36
25094,15108.36
25095,15108.36
25096,14757.78
25097,14757.78
25098,14757.78
25099,14757.78
25100,14386.54
25101,14386.54
25102,14386.54
25103,14386.54
25104,14115.14
25105,14115.14
25106,14115.14
25107,14115.14
25108,13771.86
25109,13771.86
25110,13771.86
25111,13771.86
25112,12935.28
25113,12935.28
25114,12935.28
25115,12935.28
25116,14338.04
25117,14338.04
25118,14338.04
25119,14338.04
25120,15566.37
25121,15566.37
25122,15566.37
25123,15566.37
25124,16012.36
25125,16012.36
25126,16012.36
25127,16012.36
25128,16511.87
25129,16511.87
25130,16511.87
25131,16511.87
25132,16106.98
25133,16106.98
25134,16106.98
25135,16106.98
25136,15183.26
25137,15183.26
25138,15183.26
25139,15183.26
25140,14309.12
25141,14309.12
25142,14309.12
25143,14309.12
25144,13234.52
25145,13234.52
25146,13234.52
25147,13234.52
25148,12272.49
25149,12272.49
25150,12272.49
25151,12272.49
25152,11910.08
25153,11910.08
25154,11910.08
25155,11910.08
25156,11637.91
25157,11637.91
25158,11637.91
25159,11637.91
25160,11426.75
25161,11426.75
25162,11426.75
25163,11426.75
25164,11284.64
25165,11284.64
25166,11284.64
25167,11284.64
25168,11531.34
25169,11531.34
25170,11531.34
25171,11531.34
25172,12363.55
25173,12363.55
25174,12363.55
25175,12363.55
25176,13409.1
25177,13409.1
25178,13409.1
25179,13409.1
25180,15752.83
25181,15752.83
25182,15752.83
25183,15752.83
25184,16195.88
25185,16195.88
25186,16195.88
25187,16195.88
25188,15730.94
25189,15730.94
25190,15730.94
25191,15730.94
25192,15478.78
25193,15478.78
25194,15478.78
25195,15478.78
25196,15052.57
25197,15052.57
25198,15052.57
25199,15052.57
25200,14871.13
25201,14871.13
25202,14871.13
25203,14871.13
25204,14448.08
25205,14448.08
25206,14448.08
25207,14448.08
25208,14402.37
25209,14402.37
25210,14402.37
25211,14402.37
25212,14984.59
25213,14984.59
25214,14984.59
25215,14984.59
25216,15774.65
25217,15774.65
25218,15774.65
25219,15774.65
25220,16387.16
25221,16387.16
25222,16387.16
25223,16387.16
25224,16422.19
25225,16422.19
25226,16422.19
25227,16422.19
25228,15980.51
25229,15980.51
25230,15980.51
25231,15980.51
25232,14986.07
25233,14986.07
25234,14986.07
25235,14986.07
25236,14284.78
25237,14284.78
25238,14284.78
25239,14284.78
25240,13269.39
25241,13269.39
25242,13269.39
25243,13269.39
25244,12367.67
25245,12367.67
25246,12367.67
25247,12367.67
25248,11902.83
25249,11902.83
25250,11902.83
25251,11902.83
25252,11547.49
25253,11547.49
25254,11547.49
25255,11547.49
25256,11290.68
25257,11290.68
25258,11290.68
25259,11290.68
25260,11142.55
25261,11142.55
25262,11142.55
25263,11142.55
25264,11243.17
25265,11243.17
25266,11243.17
25267,11243.17
25268,11951.11
25269,11951.11
25270,11951.11
25271,11951.11
25272,12715.11
25273,12715.11
25274,12715.11
25275,12715.11
25276,14777.25
25277,14777.25
25278,14777.25
25279,14777.25
25280,15318.98
25281,15318.98
25282,15318.98
25283,15318.98
25284,15621.27
25285,15621.27
25286,15621.27
25287,15621.27
25288,13991.18
25289,13991.18
25290,13991.18
25291,13991.18
25292,13640.93
25293,13640.93
25294,13640.93
25295,13640.93
25296,14520.02
25297,14520.02
25298,14520.02
25299,14520.02
25300,14115.25
25301,14115.25
25302,14115.25
25303,14115.25
25304,14152.78
25305,14152.78
25306,14152.78
25307,14152.78
25308,14767.87
25309,14767.87
25310,14767.87
25311,14767.87
25312,15463.46
25313,15463.46
25314,15463.46
25315,15463.46
25316,15822.13
25317,15822.13
25318,15822.13
25319,15822.13
25320,16272.21
25321,16272.21
25322,16272.21
25323,16272.21
25324,15973.9
25325,15973.9
25326,15973.9
25327,15973.9
25328,14893.09
25329,14893.09
25330,14893.09
25331,14893.09
25332,14175.21
25333,14175.21
25334,14175.21
25335,14175.21
25336,13412.49
25337,13412.49
25338,13412.49
25339,13412.49
25340,12586.56
25341,12586.56
25342,12586.56
25343,12586.56
25344,12022.88
25345,12022.88
25346,12022.88
25347,12022.88
25348,11786.37
25349,11786.37
25350,11786.37
25351,11786.37
25352,11367.46
25353,11367.46
25354,11367.46
25355,11367.46
25356,11381.33
25357,11381.33
25358,11381.33
25359,11381.33
25360,11384.17
25361,11384.17
25362,11384.17
25363,11384.17
25364,11853.38
25365,11853.38
25366,11853.38
25367,11853.38
25368,12318.28
25369,12318.28
25370,12318.28
25371,12318.28
25372,13363.17
25373,13363.17
25374,13363.17
25375,13363.17
25376,14067.02
25377,14067.02
25378,14067.02
25379,14067.02
25380,14491.42
25381,14491.42
25382,14491.42
25383,14491.42
25384,14380.1
25385,14380.1
25386,14380.1
25387,14380.1
25388,14487.33
25389,14487.33
25390,14487.33
25391,14487.33
25392,14433.7
25393,14433.7
25394,14433.7
25395,14433.7
25396,14258.72
25397,14258.72
25398,14258.72
25399,14258.72
25400,13873.79
25401,13873.79
25402,13873.79
25403,13873.79
25404,13935.01
25405,13935.01
25406,13935.01
25407,13935.01
25408,13904.98
25409,13904.98
25410,13904.98
25411,13904.98
25412,13635.43
25413,13635.43
25414,13635.43
25415,13635.43
25416,14118.98
25417,14118.98
25418,14118.98
25419,14118.98
25420,13677.1
25421,13677.1
25422,13677.1
25423,13677.1
25424,12811.63
25425,12811.63
25426,12811.63
25427,12811.63
25428,12249.67
25429,12249.67
25430,12249.67
25431,12249.67
25432,11466.35
25433,11466.35
25434,11466.35
25435,11466.35
25436,10779.19
25437,10779.19
25438,10779.19
25439,10779.19
25440,10573.1
25441,10573.1
25442,10573.1
25443,10573.1
25444,10351.87
25445,10351.87
25446,10351.87
25447,10351.87
25448,10345.98
25449,10345.98
25450,10345.98
25451,10345.98
25452,10315.94
25453,10315.94
25454,10315.94
25455,10315.94
25456,10450.48
25457,10450.48
25458,10450.48
25459,10450.48
25460,11154.98
25461,11154.98
25462,11154.98
25463,11154.98
25464,12182.55
25465,12182.55
25466,12182.55
25467,12182.55
25468,14833.73
25469,14833.73
25470,14833.73
25471,14833.73
25472,15900.66
25473,15900.66
25474,15900.66
25475,15900.66
25476,15459.91
25477,15459.91
25478,15459.91
25479,15459.91
25480,15510.96
25481,15510.96
25482,15510.96
25483,15510.96
25484,15449.81
25485,15449.81
25486,15449.81
25487,15449.81
25488,15845.03
25489,15845.03
25490,15845.03
25491,15845.03
25492,15415.4
25493,15415.4
25494,15415.4
25495,15415.4
25496,15062.78
25497,15062.78
25498,15062.78
25499,15062.78
25500,15565.88
25501,15565.88
25502,15565.88
25503,15565.88
25504,15824.15
25505,15824.15
25506,15824.15
25507,15824.15
25508,15924.03
25509,15924.03
25510,15924.03
25511,15924.03
25512,16349.98
25513,16349.98
25514,16349.98
25515,16349.98
25516,15942.46
25517,15942.46
25518,15942.46
25519,15942.46
25520,14998.6
25521,14998.6
25522,14998.6
25523,14998.6
25524,14133.85
25525,14133.85
25526,14133.85
25527,14133.85
25528,13102.26
25529,13102.26
25530,13102.26
25531,13102.26
25532,12301.55
25533,12301.55
25534,12301.55
25535,12301.55
25536,11943.06
25537,11943.06
25538,11943.06
25539,11943.06
25540,11709.01
25541,11709.01
25542,11709.01
25543,11709.01
25544,11515.18
25545,11515.18
25546,11515.18
25547,11515.18
25548,11584.13
25549,11584.13
25550,11584.13
25551,11584.13
25552,11711.16
25553,11711.16
25554,11711.16
25555,11711.16
25556,12433.88
25557,12433.88
25558,12433.88
25559,12433.88
25560,13272.57
25561,13272.57
25562,13272.57
25563,13272.57
25564,15766.83
25565,15766.83
25566,15766.83
25567,15766.83
25568,16266.83
25569,16266.83
25570,16266.83
25571,16266.83
25572,16248.98
25573,16248.98
25574,16248.98
25575,16248.98
25576,15816.01
25577,15816.01
25578,15816.01
25579,15816.01
25580,15874.02
25581,15874.02
25582,15874.02
25583,15874.02
25584,15935.93
25585,15935.93
25586,15935.93
25587,15935.93
25588,15514.67
25589,15514.67
25590,15514.67
25591,15514.67
25592,15327.64
25593,15327.64
25594,15327.64
25595,15327.64
25596,15872.81
25597,15872.81
25598,15872.81
25599,15872.81
25600,16286.42
25601,16286.42
25602,16286.42
25603,16286.42
25604,16523.08
25605,16523.08
25606,16523.08
25607,16523.08
25608,16849.57
25609,16849.57
25610,16849.57
25611,16849.57
25612,16531.69
25613,16531.69
25614,16531.69
25615,16531.69
25616,15411.92
25617,15411.92
25618,15411.92
25619,15411.92
25620,14518.69
25621,14518.69
25622,14518.69
25623,14518.69
25624,13348.51
25625,13348.51
25626,13348.51
25627,13348.51
25628,12464.34
25629,12464.34
25630,12464.34
25631,12464.34
25632,11998.27
25633,11998.27
25634,11998.27
25635,11998.27
25636,11733.61
25637,11733.61
25638,11733.61
25639,11733.61
25640,11567.38
25641,11567.38
25642,11567.38
25643,11567.38
25644,11673.99
25645,11673.99
25646,11673.99
25647,11673.99
25648,11199.37
25649,11199.37
25650,11199.37
25651,11199.37
25652,12385.33
25653,12385.33
25654,12385.33
25655,12385.33
25656,13062.04
25657,13062.04
25658,13062.04
25659,13062.04
25660,14917.0
25661,14917.0
25662,14917.0
25663,14917.0
25664,15889.82
25665,15889.82
25666,15889.82
25667,15889.82
25668,16548.81
25669,16548.81
25670,16548.81
25671,16548.81
25672,16451.31
25673,16451.31
25674,16451.31
25675,16451.31
25676,16292.18
25677,16292.18
25678,16292.18
25679,16292.18
25680,16279.46
25681,16279.46
25682,16279.46
25683,16279.46
25684,16115.71
25685,16115.71
25686,16115.71
25687,16115.71
25688,15744.96
25689,15744.96
25690,15744.96
25691,15744.96
25692,16305.44
25693,16305.44
25694,16305.44
25695,16305.44
25696,16584.98
25697,16584.98
25698,16584.98
25699,16584.98
25700,16901.2
25701,16901.2
25702,16901.2
25703,16901.2
25704,16788.91
25705,16788.91
25706,16788.91
25707,16788.91
25708,16475.05
25709,16475.05
25710,16475.05
25711,16475.05
25712,15459.73
25713,15459.73
25714,15459.73
25715,15459.73
25716,14516.29
25717,14516.29
25718,14516.29
25719,14516.29
25720,13393.38
25721,13393.38
25722,13393.38
25723,13393.38
25724,12787.56
25725,12787.56
25726,12787.56
25727,12787.56
25728,12336.32
25729,12336.32
25730,12336.32
25731,12336.32
25732,12132.48
25733,12132.48
25734,12132.48
25735,12132.48
25736,12004.9
25737,12004.9
25738,12004.9
25739,12004.9
25740,11888.73
25741,11888.73
25742,11888.73
25743,11888.73
25744,11948.81
25745,11948.81
25746,11948.81
25747,11948.81
25748,12408.55
25749,12408.55
25750,12408.55
25751,12408.55
25752,12704.94
25753,12704.94
25754,12704.94
25755,12704.94
25756,14271.0
25757,14271.0
25758,14271.0
25759,14271.0
25760,15183.92
25761,15183.92
25762,15183.92
25763,15183.92
25764,16076.45
25765,16076.45
25766,16076.45
25767,16076.45
25768,16079.97
25769,16079.97
25770,16079.97
25771,16079.97
25772,15964.5
25773,15964.5
25774,15964.5
25775,15964.5
25776,16008.7
25777,16008.7
25778,16008.7
25779,16008.7
25780,15873.03
25781,15873.03
25782,15873.03
25783,15873.03
25784,15873.03
25785,15873.03
25786,15873.03
25787,15873.03
25788,15622.05
25789,15622.05
25790,15622.05
25791,15622.05
25792,16100.7
25793,16100.7
25794,16100.7
25795,16100.7
25796,15837.28
25797,15837.28
25798,15837.28
25799,15837.28
25800,16135.08
25801,16135.08
25802,16135.08
25803,16135.08
25804,15617.56
25805,15617.56
25806,15617.56
25807,15617.56
25808,14599.82
25809,14599.82
25810,14599.82
25811,14599.82
25812,13740.9
25813,13740.9
25814,13740.9
25815,13740.9
25816,12926.56
25817,12926.56
25818,12926.56
25819,12926.56
25820,12073.46
25821,12073.46
25822,12073.46
25823,12073.46
25824,11595.1
25825,11595.1
25826,11595.1
25827,11595.1
25828,11548.25
25829,11548.25
25830,11548.25
25831,11548.25
25832,11365.46
25833,11365.46
25834,11365.46
25835,11365.46
25836,11367.51
25837,11367.51
25838,11367.51
25839,11367.51
25840,11394.39
25841,11394.39
25842,11394.39
25843,11394.39
25844,11891.19
25845,11891.19
25846,11891.19
25847,11891.19
25848,12898.44
25849,12898.44
25850,12898.44
25851,12898.44
25852,14685.69
25853,14685.69
25854,14685.69
25855,14685.69
25856,15790.91
25857,15790.91
25858,15790.91
25859,15790.91
25860,16631.78
25861,16631.78
25862,16631.78
25863,16631.78
25864,16436.3
25865,16436.3
25866,16436.3
25867,16436.3
25868,16465.05
25869,16465.05
25870,16465.05
25871,16465.05
25872,16230.79
25873,16230.79
25874,16230.79
25875,16230.79
25876,16132.6
25877,16132.6
25878,16132.6
25879,16132.6
25880,15741.31
25881,15741.31
25882,15741.31
25883,15741.31
25884,15923.55
25885,15923.55
25886,15923.55
25887,15923.55
25888,16354.76
25889,16354.76
25890,16354.76
25891,16354.76
25892,16548.8
25893,16548.8
25894,16548.8
25895,16548.8
25896,16356.92
25897,16356.92
25898,16356.92
25899,16356.92
25900,15935.68
25901,15935.68
25902,15935.68
25903,15935.68
25904,14994.6
25905,14994.6
25906,14994.6
25907,14994.6
25908,14261.54
25909,14261.54
25910,14261.54
25911,14261.54
25912,13321.33
25913,13321.33
25914,13321.33
25915,13321.33
25916,12525.64
25917,12525.64
25918,12525.64
25919,12525.64
25920,12091.97
25921,12091.97
25922,12091.97
25923,12091.97
25924,11959.63
25925,11959.63
25926,11959.63
25927,11959.63
25928,11723.86
25929,11723.86
25930,11723.86
25931,11723.86
25932,11476.34
25933,11476.34
25934,11476.34
25935,11476.34
25936,11493.06
25937,11493.06
25938,11493.06
25939,11493.06
25940,12052.01
25941,12052.01
25942,12052.01
25943,12052.01
25944,12534.34
25945,12534.34
25946,12534.34
25947,12534.34
25948,14399.08
25949,14399.08
25950,14399.08
25951,14399.08
25952,15297.58
25953,15297.58
25954,15297.58
25955,15297.58
25956,15921.14
25957,15921.14
25958,15921.14
25959,15921.14
25960,15994.86
25961,15994.86
25962,15994.86
25963,15994.86
25964,16164.76
25965,16164.76
25966,16164.76
25967,16164.76
25968,15970.73
25969,15970.73
25970,15970.73
25971,15970.73
25972,15904.21
25973,15904.21
25974,15904.21
25975,15904.21
25976,15511.2
25977,15511.2
25978,15511.2
25979,15511.2
25980,16027.12
25981,16027.12
25982,16027.12
25983,16027.12
25984,16527.07
25985,16527.07
25986,16527.07
25987,16527.07
25988,15909.1
25989,15909.1
25990,15909.1
25991,15909.1
25992,16626.73
25993,16626.73
25994,16626.73
25995,16626.73
25996,16148.86
25997,16148.86
25998,16148.86
25999,16148.86
26000,14963.82
26001,14963.82
26002,14963.82
26003,14963.82
26004,14068.1
26005,14068.1
26006,14068.1
26007,14068.1
26008,13134.09
26009,13134.09
26010,13134.09
26011,13134.09
26012,12364.46
26013,12364.46
26014,12364.46
26015,12364.46
26016,12103.63
26017,12103.63
26018,12103.63
26019,12103.63
26020,11869.89
26021,11869.89
26022,11869.89
26023,11869.89
26024,11816.16
26025,11816.16
26026,11816.16
26027,11816.16
26028,11659.26
26029,11659.26
26030,11659.26
26031,11659.26
26032,11813.33
26033,11813.33
26034,11813.33
26035,11813.33
26036,12333.47
26037,12333.47
26038,12333.47
26039,12333.47
26040,12587.74
26041,12587.74
26042,12587.74
26043,12587.74
26044,13661.25
26045,13661.25
26046,13661.25
26047,13661.25
26048,14320.9
26049,14320.9
26050,14320.9
26051,14320.9
26052,14706.64
26053,14706.64
26054,14706.64
26055,14706.64
26056,14327.65
26057,14327.65
26058,14327.65
26059,14327.65
26060,14519.12
26061,14519.12
26062,14519.12
26063,14519.12
26064,14817.88
26065,14817.88
26066,14817.88
26067,14817.88
26068,14512.76
26069,14512.76
26070,14512.76
26071,14512.76
26072,14457.33
26073,14457.33
26074,14457.33
26075,14457.33
26076,14101.06
26077,14101.06
26078,14101.06
26079,14101.06
26080,13786.71
26081,13786.71
26082,13786.71
26083,13786.71
26084,13872.08
26085,13872.08
26086,13872.08
26087,13872.08
26088,14053.72
26089,14053.72
26090,14053.72
26091,14053.72
26092,13840.44
26093,13840.44
26094,13840.44
26095,13840.44
26096,13175.48
26097,13175.48
26098,13175.48
26099,13175.48
26100,12549.16
26101,12549.16
26102,12549.16
26103,12549.16
26104,11659.84
26105,11659.84
26106,11659.84
26107,11659.84
26108,11127.09
26109,11127.09
26110,11127.09
26111,11127.09
26112,10996.83
26113,10996.83
26114,10996.83
26115,10996.83
26116,10967.99
26117,10967.99
26118,10967.99
26119,10967.99
26120,10857.46
26121,10857.46
26122,10857.46
26123,10857.46
26124,10690.24
26125,10690.24
26126,10690.24
26127,10690.24
26128,10767.7
26129,10767.7
26130,10767.7
26131,10767.7
26132,11264.27
26133,11264.27
26134,11264.27
26135,11264.27
26136,11798.44
26137,11798.44
26138,11798.44
26139,11798.44
26140,13700.94
26141,13700.94
26142,13700.94
26143,13700.94
26144,14749.38
26145,14749.38
26146,14749.38
26147,14749.38
26148,15868.72
26149,15868.72
26150,15868.72
26151,15868.72
26152,16127.84
26153,16127.84
26154,16127.84
26155,16127.84
26156,15937.07
26157,15937.07
26158,15937.07
26159,15937.07
26160,15792.17
26161,15792.17
26162,15792.17
26163,15792.17
26164,15602.59
26165,15602.59
26166,15602.59
26167,15602.59
26168,15509.38
26169,15509.38
26170,15509.38
26171,15509.38
26172,15908.47
26173,15908.47
26174,15908.47
26175,15908.47
26176,16509.52
26177,16509.52
26178,16509.52
26179,16509.52
26180,16359.66
26181,16359.66
26182,16359.66
26183,16359.66
26184,16751.0
26185,16751.0
26186,16751.0
26187,16751.0
26188,16379.23
26189,16379.23
26190,16379.23
26191,16379.23
26192,15299.53
26193,15299.53
26194,15299.53
26195,15299.53
26196,14334.26
26197,14334.26
26198,14334.26
26199,14334.26
26200,13493.37
26201,13493.37
26202,13493.37
26203,13493.37
26204,12814.49
26205,12814.49
26206,12814.49
26207,12814.49
26208,12326.57
26209,12326.57
26210,12326.57
26211,12326.57
26212,12219.71
26213,12219.71
26214,12219.71
26215,12219.71
26216,12026.12
26217,12026.12
26218,12026.12
26219,12026.12
26220,12108.78
26221,12108.78
26222,12108.78
26223,12108.78
26224,12272.48
26225,12272.48
26226,12272.48
26227,12272.48
26228,12822.63
26229,12822.63
26230,12822.63
26231,12822.63
26232,13403.85
26233,13403.85
26234,13403.85
26235,13403.85
26236,15112.97
26237,15112.97
26238,15112.97
26239,15112.97
26240,16088.76
26241,16088.76
26242,16088.76
26243,16088.76
26244,16751.12
26245,16751.12
26246,16751.12
26247,16751.12
26248,16715.93
26249,16715.93
26250,16715.93
26251,16715.93
26252,16546.55
26253,16546.55
26254,16546.55
26255,16546.55
26256,16246.2
26257,16246.2
26258,16246.2
26259,16246.2
26260,15997.91
26261,15997.91
26262,15997.91
26263,15997.91
26264,15651.4
26265,15651.4
26266,15651.4
26267,15651.4
26268,15978.51
26269,15978.51
26270,15978.51
26271,15978.51
26272,16515.34
26273,16515.34
26274,16515.34
26275,16515.34
26276,17385.39
26277,17385.39
26278,17385.39
26279,17385.39
26280,17198.1
26281,17198.1
26282,17198.1
26283,17198.1
26284,16637.04
26285,16637.04
26286,16637.04
26287,16637.04
26288,15754.27
26289,15754.27
26290,15754.27
26291,15754.27
26292,15073.62
26293,15073.62
26294,15073.62
26295,15073.62
26296,14137.66
26297,14137.66
26298,14137.66
26299,14137.66
26300,13375.61
26301,13375.61
26302,13375.61
26303,13375.61
26304,12999.51
26305,12999.51
26306,12999.51
26307,12999.51
26308,12806.92
26309,12806.92
26310,12806.92
26311,12806.92
26312,12657.7
26313,12657.7
26314,12657.7
26315,12657.7
26316,12552.67
26317,12552.67
26318,12552.67
26319,12552.67
26320,12757.87
26321,12757.87
26322,12757.87
26323,12757.87
26324,13343.53
26325,13343.53
26326,13343.53
26327,13343.53
26328,13776.11
26329,13776.11
26330,13776.11
26331,13776.11
26332,15474.31
26333,15474.31
26334,15474.31
26335,15474.31
26336,16463.54
26337,16463.54
26338,16463.54
26339,16463.54
26340,17155.42
26341,17155.42
26342,17155.42
26343,17155.42
26344,17546.69
26345,17546.69
26346,17546.69
26347,17546.69
26348,17314.2
26349,17314.2
26350,17314.2
26351,17314.2
26352,17299.8
26353,17299.8
26354,17299.8
26355,17299.8
26356,16864.79
26357,16864.79
26358,16864.79
26359,16864.79
26360,16635.59
26361,16635.59
26362,16635.59
26363,16635.59
26364,16970.69
26365,16970.69
26366,16970.69
26367,16970.69
26368,17162.2
26369,17162.2
26370,17162.2
26371,17162.2
26372,17648.78
26373,17648.78
26374,17648.78
26375,17648.78
26376,17239.5
26377,17239.5
26378,17239.5
26379,17239.5
26380,16644.09
26381,16644.09
26382,16644.09
26383,16644.09
26384,15717.51
26385,15717.51
26386,15717.51
26387,15717.51
26388,14999.24
26389,14999.24
26390,14999.24
26391,14999.24
26392,14352.39
26393,14352.39
26394,14352.39
26395,14352.39
26396,13633.96
26397,13633.96
26398,13633.96
26399,13633.96
26400,13154.69
26401,13154.69
26402,13154.69
26403,13154.69
26404,12929.77
26405,12929.77
26406,12929.77
26407,12929.77
26408,12690.62
26409,12690.62
26410,12690.62
26411,12690.62
26412,12502.58
26413,12502.58
26414,12502.58
26415,12502.58
26416,12645.26
26417,12645.26
26418,12645.26
26419,12645.26
26420,13057.15
26421,13057.15
26422,13057.15
26423,13057.15
26424,13471.92
26425,13471.92
26426,13471.92
26427,13471.92
26428,14579.12
26429,14579.12
26430,14579.12
26431,14579.12
26432,15191.99
26433,15191.99
26434,15191.99
26435,15191.99
26436,16184.75
26437,16184.75
26438,16184.75
26439,16184.75
26440,16433.24
26441,16433.24
26442,16433.24
26443,16433.24
26444,16016.93
26445,16016.93
26446,16016.93
26447,16016.93
26448,15825.03
26449,15825.03
26450,15825.03
26451,15825.03
26452,15707.02
26453,15707.02
26454,15707.02
26455,15707.02
26456,14707.18
26457,14707.18
26458,14707.18
26459,14707.18
26460,15051.86
26461,15051.86
26462,15051.86
26463,15051.86
26464,15104.78
26465,15104.78
26466,15104.78
26467,15104.78
26468,14614.81
26469,14614.81
26470,14614.81
26471,14614.81
26472,15044.32
26473,15044.32
26474,15044.32
26475,15044.32
26476,14865.21
26477,14865.21
26478,14865.21
26479,14865.21
26480,14176.05
26481,14176.05
26482,14176.05
26483,14176.05
26484,13604.41
26485,13604.41
26486,13604.41
26487,13604.41
26488,12979.92
26489,12979.92
26490,12979.92
26491,12979.92
26492,12349.96
26493,12349.96
26494,12349.96
26495,12349.96
26496,12153.9
26497,12153.9
26498,12153.9
26499,12153.9
26500,11905.29
26501,11905.29
26502,11905.29
26503,11905.29
26504,11758.82
26505,11758.82
26506,11758.82
26507,11758.82
26508,11716.73
26509,11716.73
26510,11716.73
26511,11716.73
26512,11782.67
26513,11782.67
26514,11782.67
26515,11782.67
26516,12297.11
26517,12297.11
26518,12297.11
26519,12297.11
26520,12961.12
26521,12961.12
26522,12961.12
26523,12961.12
26524,14869.37
26525,14869.37
26526,14869.37
26527,14869.37
26528,15950.73
26529,15950.73
26530,15950.73
26531,15950.73
26532,16637.8
26533,16637.8
26534,16637.8
26535,16637.8
26536,17002.03
26537,17002.03
26538,17002.03
26539,17002.03
26540,16755.04
26541,16755.04
26542,16755.04
26543,16755.04
26544,16583.14
26545,16583.14
26546,16583.14
26547,16583.14
26548,16461.01
26549,16461.01
26550,16461.01
26551,16461.01
26552,16176.25
26553,16176.25
26554,16176.25
26555,16176.25
26556,16381.9
26557,16381.9
26558,16381.9
26559,16381.9
26560,16806.24
26561,16806.24
26562,16806.24
26563,16806.24
26564,17189.95
26565,17189.95
26566,17189.95
26567,17189.95
26568,16913.96
26569,16913.96
26570,16913.96
26571,16913.96
26572,16658.64
26573,16658.64
26574,16658.64
26575,16658.64
26576,15596.98
26577,15596.98
26578,15596.98
26579,15596.98
26580,14845.31
26581,14845.31
26582,14845.31
26583,14845.31
26584,14032.6
26585,14032.6
26586,14032.6
26587,14032.6
26588,13371.05
26589,13371.05
26590,13371.05
26591,13371.05
26592,12986.85
26593,12986.85
26594,12986.85
26595,12986.85
26596,12658.58
26597,12658.58
26598,12658.58
26599,12658.58
26600,12398.51
26601,12398.51
26602,12398.51
26603,12398.51
26604,12372.55
26605,12372.55
26606,12372.55
26607,12372.55
26608,12450.44
26609,12450.44
26610,12450.44
26611,12450.44
26612,12909.33
26613,12909.33
26614,12909.33
26615,12909.33
26616,13357.8
26617,13357.8
26618,13357.8
26619,13357.8
26620,14861.51
26621,14861.51
26622,14861.51
26623,14861.51
26624,15811.33
26625,15811.33
26626,15811.33
26627,15811.33
26628,16361.36
26629,16361.36
26630,16361.36
26631,16361.36
26632,15563.99
26633,15563.99
26634,15563.99
26635,15563.99
26636,15159.91
26637,15159.91
26638,15159.91
26639,15159.91
26640,15349.43
26641,15349.43
26642,15349.43
26643,15349.43
26644,14762.81
26645,14762.81
26646,14762.81
26647,14762.81
26648,14630.31
26649,14630.31
26650,14630.31
26651,14630.31
26652,15000.37
26653,15000.37
26654,15000.37
26655,15000.37
26656,15421.48
26657,15421.48
26658,15421.48
26659,15421.48
26660,16628.56
26661,16628.56
26662,16628.56
26663,16628.56
26664,16579.81
26665,16579.81
26666,16579.81
26667,16579.81
26668,16255.84
26669,16255.84
26670,16255.84
26671,16255.84
26672,15115.01
26673,15115.01
26674,15115.01
26675,15115.01
26676,14544.2
26677,14544.2
26678,14544.2
26679,14544.2
26680,13698.14
26681,13698.14
26682,13698.14
26683,13698.14
26684,12854.36
26685,12854.36
26686,12854.36
26687,12854.36
26688,12518.8
26689,12518.8
26690,12518.8
26691,12518.8
26692,12166.87
26693,12166.87
26694,12166.87
26695,12166.87
26696,11956.12
26697,11956.12
26698,11956.12
26699,11956.12
26700,11949.52
26701,11949.52
26702,11949.52
26703,11949.52
26704,11969.09
26705,11969.09
26706,11969.09
26707,11969.09
26708,12368.12
26709,12368.12
26710,12368.12
26711,12368.12
26712,12644.13
26713,12644.13
26714,12644.13
26715,12644.13
26716,13834.59
26717,13834.59
26718,13834.59
26719,13834.59
26720,14310.08
26721,14310.08
26722,14310.08
26723,14310.08
26724,14614.28
26725,14614.28
26726,14614.28
26727,14614.28
26728,14239.45
26729,14239.45
26730,14239.45
26731,14239.45
26732,13831.62
26733,13831.62
26734,13831.62
26735,13831.62
26736,13546.31
26737,13546.31
26738,13546.31
26739,13546.31
26740,13177.31
26741,13177.31
26742,13177.31
26743,13177.31
26744,13094.34
26745,13094.34
26746,13094.34
26747,13094.34
26748,13292.04
26749,13292.04
26750,13292.04
26751,13292.04
26752,13923.6
26753,13923.6
26754,13923.6
26755,13923.6
26756,14415.3
26757,14415.3
26758,14415.3
26759,14415.3
26760,14736.92
26761,14736.92
26762,14736.92
26763,14736.92
26764,14411.57
26765,14411.57
26766,14411.57
26767,14411.57
26768,13610.35
26769,13610.35
26770,13610.35
26771,13610.35
26772,13048.13
26773,13048.13
26774,13048.13
26775,13048.13
26776,12422.15
26777,12422.15
26778,12422.15
26779,12422.15
26780,11541.47
26781,11541.47
26782,11541.47
26783,11541.47
26784,11185.06
26785,11185.06
26786,11185.06
26787,11185.06
26788,11124.06
26789,11124.06
26790,11124.06
26791,11124.06
26792,11084.11
26793,11084.11
26794,11084.11
26795,11084.11
26796,10855.21
26797,10855.21
26798,10855.21
26799,10855.21
26800,11021.0
26801,11021.0
26802,11021.0
26803,11021.0
26804,11637.07
26805,11637.07
26806,11637.07
26807,11637.07
26808,12726.12
26809,12726.12
26810,12726.12
26811,12726.12
26812,15421.11
26813,15421.11
26814,15421.11
26815,15421.11
26816,15997.51
26817,15997.51
26818,15997.51
26819,15997.51
26820,15780.82
26821,15780.82
26822,15780.82
26823,15780.82
26824,15685.8
26825,15685.8
26826,15685.8
26827,15685.8
26828,15593.83
26829,15593.83
26830,15593.83
26831,15593.83
26832,15335.27
26833,15335.27
26834,15335.27
26835,15335.27
26836,14788.99
26837,14788.99
26838,14788.99
26839,14788.99
26840,14467.12
26841,14467.12
26842,14467.12
26843,14467.12
26844,15519.63
26845,15519.63
26846,15519.63
26847,15519.63
26848,16093.24
26849,16093.24
26850,16093.24
26851,16093.24
26852,17237.17
26853,17237.17
26854,17237.17
26855,17237.17
26856,17358.87
26857,17358.87
26858,17358.87
26859,17358.87
26860,16635.38
26861,16635.38
26862,16635.38
26863,16635.38
26864,15550.32
26865,15550.32
26866,15550.32
26867,15550.32
26868,14432.59
26869,14432.59
26870,14432.59
26871,14432.59
26872,13564.85
26873,13564.85
26874,13564.85
26875,13564.85
26876,12867.34
26877,12867.34
26878,12867.34
26879,12867.34
26880,12498.71
26881,12498.71
26882,12498.71
26883,12498.71
26884,12373.37
26885,12373.37
26886,12373.37
26887,12373.37
26888,12321.92
26889,12321.92
26890,12321.92
26891,12321.92
26892,12175.04
26893,12175.04
26894,12175.04
26895,12175.04
26896,12261.67
26897,12261.67
26898,12261.67
26899,12261.67
26900,12715.36
26901,12715.36
26902,12715.36
26903,12715.36
26904,13930.0
26905,13930.0
26906,13930.0
26907,13930.0
26908,16404.94
26909,16404.94
26910,16404.94
26911,16404.94
26912,15887.96
26913,15887.96
26914,15887.96
26915,15887.96
26916,16632.38
26917,16632.38
26918,16632.38
26919,16632.38
26920,15901.17
26921,15901.17
26922,15901.17
26923,15901.17
26924,15519.58
26925,15519.58
26926,15519.58
26927,15519.58
26928,15340.56
26929,15340.56
26930,15340.56
26931,15340.56
26932,14975.76
26933,14975.76
26934,14975.76
26935,14975.76
26936,14921.81
26937,14921.81
26938,14921.81
26939,14921.81
26940,15486.65
26941,15486.65
26942,15486.65
26943,15486.65
26944,16041.62
26945,16041.62
26946,16041.62
26947,16041.62
26948,16741.13
26949,16741.13
26950,16741.13
26951,16741.13
26952,16956.99
26953,16956.99
26954,16956.99
26955,16956.99
26956,16911.7
26957,16911.7
26958,16911.7
26959,16911.7
26960,15909.44
26961,15909.44
26962,15909.44
26963,15909.44
26964,14920.85
26965,14920.85
26966,14920.85
26967,14920.85
26968,14027.13
26969,14027.13
26970,14027.13
26971,14027.13
26972,13418.49
26973,13418.49
26974,13418.49
26975,13418.49
26976,12942.15
26977,12942.15
26978,12942.15
26979,12942.15
26980,12747.58
26981,12747.58
26982,12747.58
26983,12747.58
26984,12430.52
26985,12430.52
26986,12430.52
26987,12430.52
26988,12290.64
26989,12290.64
26990,12290.64
26991,12290.64
26992,12372.85
26993,12372.85
26994,12372.85
26995,12372.85
26996,12843.14
26997,12843.14
26998,12843.14
26999,12843.14
27000,13734.95
27001,13734.95
27002,13734.95
27003,13734.95
27004,16427.7
27005,16427.7
27006,16427.7
27007,16427.7
27008,17073.96
27009,17073.96
27010,17073.96
27011,17073.96
27012,16008.8
27013,16008.8
27014,16008.8
27015,16008.8
27016,15912.03
27017,15912.03
27018,15912.03
27019,15912.03
27020,15711.13
27021,15711.13
27022,15711.13
27023,15711.13
27024,15365.97
27025,15365.97
27026,15365.97
27027,15365.97
27028,14652.95
27029,14652.95
27030,14652.95
27031,14652.95
27032,14622.93
27033,14622.93
27034,14622.93
27035,14622.93
27036,15122.18
27037,15122.18
27038,15122.18
27039,15122.18
27040,15844.92
27041,15844.92
27042,15844.92
27043,15844.92
27044,16794.46
27045,16794.46
27046,16794.46
27047,16794.46
27048,16585.96
27049,16585.96
27050,16585.96
27051,16585.96
27052,16340.5
27053,16340.5
27054,16340.5
27055,16340.5
27056,15112.95
27057,15112.95
27058,15112.95
27059,15112.95
27060,14359.72
27061,14359.72
27062,14359.72
27063,14359.72
27064,13342.54
27065,13342.54
27066,13342.54
27067,13342.54
27068,12503.17
27069,12503.17
27070,12503.17
27071,12503.17
27072,12142.65
27073,12142.65
27074,12142.65
27075,12142.65
27076,12048.79
27077,12048.79
27078,12048.79
27079,12048.79
27080,11957.08
27081,11957.08
27082,11957.08
27083,11957.08
27084,11815.24
27085,11815.24
27086,11815.24
27087,11815.24
27088,11918.15
27089,11918.15
27090,11918.15
27091,11918.15
27092,12193.3
27093,12193.3
27094,12193.3
27095,12193.3
27096,13461.67
27097,13461.67
27098,13461.67
27099,13461.67
27100,16048.94
27101,16048.94
27102,16048.94
27103,16048.94
27104,16578.21
27105,16578.21
27106,16578.21
27107,16578.21
27108,15279.54
27109,15279.54
27110,15279.54
27111,15279.54
27112,16328.48
27113,16328.48
27114,16328.48
27115,16328.48
27116,16010.16
27117,16010.16
27118,16010.16
27119,16010.16
27120,15455.3
27121,15455.3
27122,15455.3
27123,15455.3
27124,15296.29
27125,15296.29
27126,15296.29
27127,15296.29
27128,14922.6
27129,14922.6
27130,14922.6
27131,14922.6
27132,15391.77
27133,15391.77
27134,15391.77
27135,15391.77
27136,15816.18
27137,15816.18
27138,15816.18
27139,15816.18
27140,16515.04
27141,16515.04
27142,16515.04
27143,16515.04
27144,16357.82
27145,16357.82
27146,16357.82
27147,16357.82
27148,16416.5
27149,16416.5
27150,16416.5
27151,16416.5
27152,15303.67
27153,15303.67
27154,15303.67
27155,15303.67
27156,14394.75
27157,14394.75
27158,14394.75
27159,14394.75
27160,13574.26
27161,13574.26
27162,13574.26
27163,13574.26
27164,12534.26
27165,12534.26
27166,12534.26
27167,12534.26
27168,12135.17
27169,12135.17
27170,12135.17
27171,12135.17
27172,11944.39
27173,11944.39
27174,11944.39
27175,11944.39
27176,11743.39
27177,11743.39
27178,11743.39
27179,11743.39
27180,11647.68
27181,11647.68
27182,11647.68
27183,11647.68
27184,11787.53
27185,11787.53
27186,11787.53
27187,11787.53
27188,12386.67
27189,12386.67
27190,12386.67
27191,12386.67
27192,13596.57
27193,13596.57
27194,13596.57
27195,13596.57
27196,16242.64
27197,16242.64
27198,16242.64
27199,16242.64
27200,17208.01
27201,17208.01
27202,17208.01
27203,17208.01
27204,16823.29
27205,16823.29
27206,16823.29
27207,16823.29
27208,16819.57
27209,16819.57
27210,16819.57
27211,16819.57
27212,16121.99
27213,16121.99
27214,16121.99
27215,16121.99
27216,15778.55
27217,15778.55
27218,15778.55
27219,15778.55
27220,15345.32
27221,15345.32
27222,15345.32
27223,15345.32
27224,15095.42
27225,15095.42
27226,15095.42
27227,15095.42
27228,15591.34
27229,15591.34
27230,15591.34
27231,15591.34
27232,16308.25
27233,16308.25
27234,16308.25
27235,16308.25
27236,16788.12
27237,16788.12
27238,16788.12
27239,16788.12
27240,16483.93
27241,16483.93
27242,16483.93
27243,16483.93
27244,16141.28
27245,16141.28
27246,16141.28
27247,16141.28
27248,15184.19
27249,15184.19
27250,15184.19
27251,15184.19
27252,14313.9
27253,14313.9
27254,14313.9
27255,14313.9
27256,13523.25
27257,13523.25
27258,13523.25
27259,13523.25
27260,12615.73
27261,12615.73
27262,12615.73
27263,12615.73
27264,12099.19
27265,12099.19
27266,12099.19
27267,12099.19
27268,11913.52
27269,11913.52
27270,11913.52
27271,11913.52
27272,11772.58
27273,11772.58
27274,11772.58
27275,11772.58
27276,11733.43
27277,11733.43
27278,11733.43
27279,11733.43
27280,11796.07
27281,11796.07
27282,11796.07
27283,11796.07
27284,12290.13
27285,12290.13
27286,12290.13
27287,12290.13
27288,12929.35
27289,12929.35
27290,12929.35
27291,12929.35
27292,14890.7
27293,14890.7
27294,14890.7
27295,14890.7
27296,15809.18
27297,15809.18
27298,15809.18
27299,15809.18
27300,16132.67
27301,16132.67
27302,16132.67
27303,16132.67
27304,15830.93
27305,15830.93
27306,15830.93
27307,15830.93
27308,15483.51
27309,15483.51
27310,15483.51
27311,15483.51
27312,15683.09
27313,15683.09
27314,15683.09
27315,15683.09
27316,14671.1
27317,14671.1
27318,14671.1
27319,14671.1
27320,15015.89
27321,15015.89
27322,15015.89
27323,15015.89
27324,15188.13
27325,15188.13
27326,15188.13
27327,15188.13
27328,15945.68
27329,15945.68
27330,15945.68
27331,15945.68
27332,16246.41
27333,16246.41
27334,16246.41
27335,16246.41
27336,15769.76
27337,15769.76
27338,15769.76
27339,15769.76
27340,15414.24
27341,15414.24
27342,15414.24
27343,15414.24
27344,14690.15
27345,14690.15
27346,14690.15
27347,14690.15
27348,13935.65
27349,13935.65
27350,13935.65
27351,13935.65
27352,13105.82
27353,13105.82
27354,13105.82
27355,13105.82
27356,12366.43
27357,12366.43
27358,12366.43
27359,12366.43
27360,11988.81
27361,11988.81
27362,11988.81
27363,11988.81
27364,11630.96
27365,11630.96
27366,11630.96
27367,11630.96
27368,11668.22
27369,11668.22
27370,11668.22
27371,11668.22
27372,11353.14
27373,11353.14
27374,11353.14
27375,11353.14
27376,11314.56
27377,11314.56
27378,11314.56
27379,11314.56
27380,11519.56
27381,11519.56
27382,11519.56
27383,11519.56
27384,11853.25
27385,11853.25
27386,11853.25
27387,11853.25
27388,12910.98
27389,12910.98
27390,12910.98
27391,12910.98
27392,13961.06
27393,13961.06
27394,13961.06
27395,13961.06
27396,14306.35
27397,14306.35
27398,14306.35
27399,14306.35
27400,14309.61
27401,14309.61
27402,14309.61
27403,14309.61
27404,13887.77
27405,13887.77
27406,13887.77
27407,13887.77
27408,13914.76
27409,13914.76
27410,13914.76
27411,13914.76
27412,13390.44
27413,13390.44
27414,13390.44
27415,13390.44
27416,13178.81
27417,13178.81
27418,13178.81
27419,13178.81
27420,13159.09
27421,13159.09
27422,13159.09
27423,13159.09
27424,13576.66
27425,13576.66
27426,13576.66
27427,13576.66
27428,13739.1
27429,13739.1
27430,13739.1
27431,13739.1
27432,13857.86
27433,13857.86
27434,13857.86
27435,13857.86
27436,13738.08
27437,13738.08
27438,13738.08
27439,13738.08
27440,12936.81
27441,12936.81
27442,12936.81
27443,12936.81
27444,12265.6
27445,12265.6
27446,12265.6
27447,12265.6
27448,11601.1
27449,11601.1
27450,11601.1
27451,11601.1
27452,10860.96
27453,10860.96
27454,10860.96
27455,10860.96
27456,10290.42
27457,10290.42
27458,10290.42
27459,10290.42
27460,9940.34
27461,9940.34
27462,9940.34
27463,9940.34
27464,9845.72
27465,9845.72
27466,9845.72
27467,9845.72
27468,9704.69
27469,9704.69
27470,9704.69
27471,9704.69
27472,9913.63
27473,9913.63
27474,9913.63
27475,9913.63
27476,10451.84
27477,10451.84
27478,10451.84
27479,10451.84
27480,11775.38
27481,11775.38
27482,11775.38
27483,11775.38
27484,14492.63
27485,14492.63
27486,14492.63
27487,14492.63
27488,15856.71
27489,15856.71
27490,15856.71
27491,15856.71
27492,15476.9
27493,15476.9
27494,15476.9
27495,15476.9
27496,15633.22
27497,15633.22
27498,15633.22
27499,15633.22
27500,15500.94
27501,15500.94
27502,15500.94
27503,15500.94
27504,14875.01
27505,14875.01
27506,14875.01
27507,14875.01
27508,14556.71
27509,14556.71
27510,14556.71
27511,14556.71
27512,14374.65
27513,14374.65
27514,14374.65
27515,14374.65
27516,14633.21
27517,14633.21
27518,14633.21
27519,14633.21
27520,15035.93
27521,15035.93
27522,15035.93
27523,15035.93
27524,15435.33
27525,15435.33
27526,15435.33
27527,15435.33
27528,15772.82
27529,15772.82
27530,15772.82
27531,15772.82
27532,15877.84
27533,15877.84
27534,15877.84
27535,15877.84
27536,14885.96
27537,14885.96
27538,14885.96
27539,14885.96
27540,14090.56
27541,14090.56
27542,14090.56
27543,14090.56
27544,13053.66
27545,13053.66
27546,13053.66
27547,13053.66
27548,11957.54
27549,11957.54
27550,11957.54
27551,11957.54
27552,11327.19
27553,11327.19
27554,11327.19
27555,11327.19
27556,11164.18
27557,11164.18
27558,11164.18
27559,11164.18
27560,11062.3
27561,11062.3
27562,11062.3
27563,11062.3
27564,10766.17
27565,10766.17
27566,10766.17
27567,10766.17
27568,10974.37
27569,10974.37
27570,10974.37
27571,10974.37
27572,11279.63
27573,11279.63
27574,11279.63
27575,11279.63
27576,12409.15
27577,12409.15
27578,12409.15
27579,12409.15
27580,14716.63
27581,14716.63
27582,14716.63
27583,14716.63
27584,15386.97
27585,15386.97
27586,15386.97
27587,15386.97
27588,14562.92
27589,14562.92
27590,14562.92
27591,14562.92
27592,15185.35
27593,15185.35
27594,15185.35
27595,15185.35
27596,14907.62
27597,14907.62
27598,14907.62
27599,14907.62
27600,14450.41
27601,14450.41
27602,14450.41
27603,14450.41
27604,14346.56
27605,14346.56
27606,14346.56
27607,14346.56
27608,14068.44
27609,14068.44
27610,14068.44
27611,14068.44
27612,14725.96
27613,14725.96
27614,14725.96
27615,14725.96
27616,14776.46
27617,14776.46
27618,14776.46
27619,14776.46
27620,15568.7
27621,15568.7
27622,15568.7
27623,15568.7
27624,15783.25
27625,15783.25
27626,15783.25
27627,15783.25
27628,16032.13
27629,16032.13
27630,16032.13
27631,16032.13
27632,15029.43
27633,15029.43
27634,15029.43
27635,15029.43
27636,14182.32
27637,14182.32
27638,14182.32
27639,14182.32
27640,13247.82
27641,13247.82
27642,13247.82
27643,13247.82
27644,12179.92
27645,12179.92
27646,12179.92
27647,12179.92
27648,11590.95
27649,11590.95
27650,11590.95
27651,11590.95
27652,11037.34
27653,11037.34
27654,11037.34
27655,11037.34
27656,10956.49
27657,10956.49
27658,10956.49
27659,10956.49
27660,10735.77
27661,10735.77
27662,10735.77
27663,10735.77
27664,10737.59
27665,10737.59
27666,10737.59
27667,10737.59
27668,11348.15
27669,11348.15
27670,11348.15
27671,11348.15
27672,12229.88
27673,12229.88
27674,12229.88
27675,12229.88
27676,14082.0
27677,14082.0
27678,14082.0
27679,14082.0
27680,14571.22
27681,14571.22
27682,14571.22
27683,14571.22
27684,15275.87
27685,15275.87
27686,15275.87
27687,15275.87
27688,15455.76
27689,15455.76
27690,15455.76
27691,15455.76
27692,15120.09
27693,15120.09
27694,15120.09
27695,15120.09
27696,14782.28
27697,14782.28
27698,14782.28
27699,14782.28
27700,14494.4
27701,14494.4
27702,14494.4
27703,14494.4
27704,14044.09
27705,14044.09
27706,14044.09
27707,14044.09
27708,14148.23
27709,14148.23
27710,14148.23
27711,14148.23
27712,14807.62
27713,14807.62
27714,14807.62
27715,14807.62
27716,15023.05
27717,15023.05
27718,15023.05
27719,15023.05
27720,15578.9
27721,15578.9
27722,15578.9
27723,15578.9
27724,15429.51
27725,15429.51
27726,15429.51
27727,15429.51
27728,14408.57
27729,14408.57
27730,14408.57
27731,14408.57
27732,13568.94
27733,13568.94
27734,13568.94
27735,13568.94
27736,12754.37
27737,12754.37
27738,12754.37
27739,12754.37
27740,11805.1
27741,11805.1
27742,11805.1
27743,11805.1
27744,11239.46
27745,11239.46
27746,11239.46
27747,11239.46
27748,10798.11
27749,10798.11
27750,10798.11
27751,10798.11
27752,10589.33
27753,10589.33
27754,10589.33
27755,10589.33
27756,10632.09
27757,10632.09
27758,10632.09
27759,10632.09
27760,10749.35
27761,10749.35
27762,10749.35
27763,10749.35
27764,11347.36
27765,11347.36
27766,11347.36
27767,11347.36
27768,11899.35
27769,11899.35
27770,11899.35
27771,11899.35
27772,12876.11
27773,12876.11
27774,12876.11
27775,12876.11
27776,13079.08
27777,13079.08
27778,13079.08
27779,13079.08
27780,12697.48
27781,12697.48
27782,12697.48
27783,12697.48
27784,11577.51
27785,11577.51
27786,11577.51
27787,11577.51
27788,10677.74
27789,10677.74
27790,10677.74
27791,10677.74
27792,9959.61
27793,9959.61
27794,9959.61
27795,9959.61
27796,9562.75
27797,9562.75
27798,9562.75
27799,9562.75
27800,9351.3
27801,9351.3
27802,9351.3
27803,9351.3
27804,9719.75
27805,9719.75
27806,9719.75
27807,9719.75
27808,10269.98
27809,10269.98
27810,10269.98
27811,10269.98
27812,10607.48
27813,10607.48
27814,10607.48
27815,10607.48
27816,11628.21
27817,11628.21
27818,11628.21
27819,11628.21
27820,11788.52
27821,11788.52
27822,11788.52
27823,11788.52
27824,11182.89
27825,11182.89
27826,11182.89
27827,11182.89
27828,10782.13
27829,10782.13
27830,10782.13
27831,10782.13
27832,10224.64
27833,10224.64
27834,10224.64
27835,10224.64
27836,9537.92
27837,9537.92
27838,9537.92
27839,9537.92
27840,9177.44
27841,9177.44
27842,9177.44
27843,9177.44
27844,9038.54
27845,9038.54
27846,9038.54
27847,9038.54
27848,8836.71
27849,8836.71
27850,8836.71
27851,8836.71
27852,8839.37
27853,8839.37
27854,8839.37
27855,8839.37
27856,8952.5
27857,8952.5
27858,8952.5
27859,8952.5
27860,9320.85
27861,9320.85
27862,9320.85
27863,9320.85
27864,9947.5
27865,9947.5
27866,9947.5
27867,9947.5
27868,11216.82
27869,11216.82
27870,11216.82
27871,11216.82
27872,11927.38
27873,11927.38
27874,11927.38
27875,11927.38
27876,12336.22
27877,12336.22
27878,12336.22
27879,12336.22
27880,12272.8
27881,12272.8
27882,12272.8
27883,12272.8
27884,11451.73
27885,11451.73
27886,11451.73
27887,11451.73
27888,11079.45
27889,11079.45
27890,11079.45
27891,11079.45
27892,10973.47
27893,10973.47
27894,10973.47
27895,10973.47
27896,10790.15
27897,10790.15
27898,10790.15
27899,10790.15
27900,11077.15
27901,11077.15
27902,11077.15
27903,11077.15
27904,11470.99
27905,11470.99
27906,11470.99
27907,11470.99
27908,11252.38
27909,11252.38
27910,11252.38
27911,11252.38
27912,11723.27
27913,11723.27
27914,11723.27
27915,11723.27
27916,12113.3
27917,12113.3
27918,12113.3
27919,12113.3
27920,11467.9
27921,11467.9
27922,11467.9
27923,11467.9
27924,11014.56
27925,11014.56
27926,11014.56
27927,11014.56
27928,10391.54
27929,10391.54
27930,10391.54
27931,10391.54
27932,9679.18
27933,9679.18
27934,9679.18
27935,9679.18
27936,9429.16
27937,9429.16
27938,9429.16
27939,9429.16
27940,9222.02
27941,9222.02
27942,9222.02
27943,9222.02
27944,9119.62
27945,9119.62
27946,9119.62
27947,9119.62
27948,8917.82
27949,8917.82
27950,8917.82
27951,8917.82
27952,8975.82
27953,8975.82
27954,8975.82
27955,8975.82
27956,9361.31
27957,9361.31
27958,9361.31
27959,9361.31
27960,9879.69
27961,9879.69
27962,9879.69
27963,9879.69
27964,11209.88
27965,11209.88
27966,11209.88
27967,11209.88
27968,12200.99
27969,12200.99
27970,12200.99
27971,12200.99
27972,12503.88
27973,12503.88
27974,12503.88
27975,12503.88
27976,11603.16
27977,11603.16
27978,11603.16
27979,11603.16
27980,11685.59
27981,11685.59
27982,11685.59
27983,11685.59
27984,11612.83
27985,11612.83
27986,11612.83
27987,11612.83
27988,11209.36
27989,11209.36
27990,11209.36
27991,11209.36
27992,10928.0
27993,10928.0
27994,10928.0
27995,10928.0
27996,11360.52
27997,11360.52
27998,11360.52
27999,11360.52
28000,12258.61
28001,12258.61
28002,12258.61
28003,12258.61
28004,12579.83
28005,12579.83
28006,12579.83
28007,12579.83
28008,13336.72
28009,13336.72
28010,13336.72
28011,13336.72
28012,13284.76
28013,13284.76
28014,13284.76
28015,13284.76
28016,12570.77
28017,12570.77
28018,12570.77
28019,12570.77
28020,11903.63
28021,11903.63
28022,11903.63
28023,11903.63
28024,11358.0
28025,11358.0
28026,11358.0
28027,11358.0
28028,10574.64
28029,10574.64
28030,10574.64
28031,10574.64
28032,10351.61
28033,10351.61
28034,10351.61
28035,10351.61
28036,10192.81
28037,10192.81
28038,10192.81
28039,10192.81
28040,10155.52
28041,10155.52
28042,10155.52
28043,10155.52
28044,10039.4
28045,10039.4
28046,10039.4
28047,10039.4
28048,9981.3
28049,9981.3
28050,9981.3
28051,9981.3
28052,10368.33
28053,10368.33
28054,10368.33
28055,10368.33
28056,10882.33
28057,10882.33
28058,10882.33
28059,10882.33
28060,12412.03
28061,12412.03
28062,12412.03
28063,12412.03
28064,13032.95
28065,13032.95
28066,13032.95
28067,13032.95
28068,13229.29
28069,13229.29
28070,13229.29
28071,13229.29
28072,12769.43
28073,12769.43
28074,12769.43
28075,12769.43
28076,11329.88
28077,11329.88
28078,11329.88
28079,11329.88
28080,12156.02
28081,12156.02
28082,12156.02
28083,12156.02
28084,12012.29
28085,12012.29
28086,12012.29
28087,12012.29
28088,11557.25
28089,11557.25
28090,11557.25
28091,11557.25
28092,12021.21
28093,12021.21
28094,12021.21
28095,12021.21
28096,12728.76
28097,12728.76
28098,12728.76
28099,12728.76
28100,12631.71
28101,12631.71
28102,12631.71
28103,12631.71
28104,13356.31
28105,13356.31
28106,13356.31
28107,13356.31
28108,13682.21
28109,13682.21
28110,13682.21
28111,13682.21
28112,12770.65
28113,12770.65
28114,12770.65
28115,12770.65
28116,12409.45
28117,12409.45
28118,12409.45
28119,12409.45
28120,11750.07
28121,11750.07
28122,11750.07
28123,11750.07
28124,11183.37
28125,11183.37
28126,11183.37
28127,11183.37
28128,10741.63
28129,10741.63
28130,10741.63
28131,10741.63
28132,10714.4
28133,10714.4
28134,10714.4
28135,10714.4
28136,10618.04
28137,10618.04
28138,10618.04
28139,10618.04
28140,10439.51
28141,10439.51
28142,10439.51
28143,10439.51
28144,10548.38
28145,10548.38
28146,10548.38
28147,10548.38
28148,10928.15
28149,10928.15
28150,10928.15
28151,10928.15
28152,11950.66
28153,11950.66
28154,11950.66
28155,11950.66
28156,14609.51
28157,14609.51
28158,14609.51
28159,14609.51
28160,15263.36
28161,15263.36
28162,15263.36
28163,15263.36
28164,14756.48
28165,14756.48
28166,14756.48
28167,14756.48
28168,14827.69
28169,14827.69
28170,14827.69
28171,14827.69
28172,14430.64
28173,14430.64
28174,14430.64
28175,14430.64
28176,14276.63
28177,14276.63
28178,14276.63
28179,14276.63
28180,13889.9
28181,13889.9
28182,13889.9
28183,13889.9
28184,13915.32
28185,13915.32
28186,13915.32
28187,13915.32
28188,14501.76
28189,14501.76
28190,14501.76
28191,14501.76
28192,15057.56
28193,15057.56
28194,15057.56
28195,15057.56
28196,16055.33
28197,16055.33
28198,16055.33
28199,16055.33
28200,16465.55
28201,16465.55
28202,16465.55
28203,16465.55
28204,16358.81
28205,16358.81
28206,16358.81
28207,16358.81
28208,15258.28
28209,15258.28
28210,15258.28
28211,15258.28
28212,14514.68
28213,14514.68
28214,14514.68
28215,14514.68
28216,13614.12
28217,13614.12
28218,13614.12
28219,13614.12
28220,12773.26
28221,12773.26
28222,12773.26
28223,12773.26
28224,12383.03
28225,12383.03
28226,12383.03
28227,12383.03
28228,12321.8
28229,12321.8
28230,12321.8
28231,12321.8
28232,12132.63
28233,12132.63
28234,12132.63
28235,12132.63
28236,12001.71
28237,12001.71
28238,12001.71
28239,12001.71
28240,11918.32
28241,11918.32
28242,11918.32
28243,11918.32
28244,12410.42
28245,12410.42
28246,12410.42
28247,12410.42
28248,13373.35
28249,13373.35
28250,13373.35
28251,13373.35
28252,16021.92
28253,16021.92
28254,16021.92
28255,16021.92
28256,16433.51
28257,16433.51
28258,16433.51
28259,16433.51
28260,15602.01
28261,15602.01
28262,15602.01
28263,15602.01
28264,14551.85
28265,14551.85
28266,14551.85
28267,14551.85
28268,14301.29
28269,14301.29
28270,14301.29
28271,14301.29
28272,14055.78
28273,14055.78
28274,14055.78
28275,14055.78
28276,13476.74
28277,13476.74
28278,13476.74
28279,13476.74
28280,13243.83
28281,13243.83
28282,13243.83
28283,13243.83
28284,13955.13
28285,13955.13
28286,13955.13
28287,13955.13
28288,15104.25
28289,15104.25
28290,15104.25
28291,15104.25
28292,16530.34
28293,16530.34
28294,16530.34
28295,16530.34
28296,17063.65
28297,17063.65
28298,17063.65
28299,17063.65
28300,16580.59
28301,16580.59
28302,16580.59
28303,16580.59
28304,15428.62
28305,15428.62
28306,15428.62
28307,15428.62
28308,14496.16
28309,14496.16
28310,14496.16
28311,14496.16
28312,13516.75
28313,13516.75
28314,13516.75
28315,13516.75
28316,12689.4
28317,12689.4
28318,12689.4
28319,12689.4
28320,12155.54
28321,12155.54
28322,12155.54
28323,12155.54
28324,12066.83
28325,12066.83
28326,12066.83
28327,12066.83
28328,11938.59
28329,11938.59
28330,11938.59
28331,11938.59
28332,11913.94
28333,11913.94
28334,11913.94
28335,11913.94
28336,11987.48
28337,11987.48
28338,11987.48
28339,11987.48
28340,12241.13
28341,12241.13
28342,12241.13
28343,12241.13
28344,13395.24
28345,13395.24
28346,13395.24
28347,13395.24
28348,16058.29
28349,16058.29
28350,16058.29
28351,16058.29
28352,16601.52
28353,16601.52
28354,16601.52
28355,16601.52
28356,15776.11
28357,15776.11
28358,15776.11
28359,15776.11
28360,15023.38
28361,15023.38
28362,15023.38
28363,15023.38
28364,14727.3
28365,14727.3
28366,14727.3
28367,14727.3
28368,14356.52
28369,14356.52
28370,14356.52
28371,14356.52
28372,13750.39
28373,13750.39
28374,13750.39
28375,13750.39
28376,13544.47
28377,13544.47
28378,13544.47
28379,13544.47
28380,14507.91
28381,14507.91
28382,14507.91
28383,14507.91
28384,15237.7
28385,15237.7
28386,15237.7
28387,15237.7
28388,16644.17
28389,16644.17
28390,16644.17
28391,16644.17
28392,16865.55
28393,16865.55
28394,16865.55
28395,16865.55
28396,16676.75
28397,16676.75
28398,16676.75
28399,16676.75
28400,15459.92
28401,15459.92
28402,15459.92
28403,15459.92
28404,14544.85
28405,14544.85
28406,14544.85
28407,14544.85
28408,13698.55
28409,13698.55
28410,13698.55
28411,13698.55
28412,12807.97
28413,12807.97
28414,12807.97
28415,12807.97
28416,12377.25
28417,12377.25
28418,12377.25
28419,12377.25
28420,12157.21
28421,12157.21
28422,12157.21
28423,12157.21
28424,11994.43
28425,11994.43
28426,11994.43
28427,11994.43
28428,11865.07
28429,11865.07
28430,11865.07
28431,11865.07
28432,11928.26
28433,11928.26
28434,11928.26
28435,11928.26
28436,12030.97
28437,12030.97
28438,12030.97
28439,12030.97
28440,13346.43
28441,13346.43
28442,13346.43
28443,13346.43
28444,16096.1
28445,16096.1
28446,16096.1
28447,16096.1
28448,16337.03
28449,16337.03
28450,16337.03
28451,16337.03
28452,14720.02
28453,14720.02
28454,14720.02
28455,14720.02
28456,14729.15
28457,14729.15
28458,14729.15
28459,14729.15
28460,14451.73
28461,14451.73
28462,14451.73
28463,14451.73
28464,14246.74
28465,14246.74
28466,14246.74
28467,14246.74
28468,13793.27
28469,13793.27
28470,13793.27
28471,13793.27
28472,13796.05
28473,13796.05
28474,13796.05
28475,13796.05
28476,14197.55
28477,14197.55
28478,14197.55
28479,14197.55
28480,15321.92
28481,15321.92
28482,15321.92
28483,15321.92
28484,16730.63
28485,16730.63
28486,16730.63
28487,16730.63
28488,17008.63
28489,17008.63
28490,17008.63
28491,17008.63
28492,17173.29
28493,17173.29
28494,17173.29
28495,17173.29
28496,15929.4
28497,15929.4
28498,15929.4
28499,15929.4
28500,14887.25
28501,14887.25
28502,14887.25
28503,14887.25
28504,13928.05
28505,13928.05
28506,13928.05
28507,13928.05
28508,12899.47
28509,12899.47
28510,12899.47
28511,12899.47
28512,12448.18
28513,12448.18
28514,12448.18
28515,12448.18
28516,12242.43
28517,12242.43
28518,12242.43
28519,12242.43
28520,12054.2
28521,12054.2
28522,12054.2
28523,12054.2
28524,12157.88
28525,12157.88
28526,12157.88
28527,12157.88
28528,12179.68
28529,12179.68
28530,12179.68
28531,12179.68
28532,12497.1
28533,12497.1
28534,12497.1
28535,12497.1
28536,13714.81
28537,13714.81
28538,13714.81
28539,13714.81
28540,16492.69
28541,16492.69
28542,16492.69
28543,16492.69
28544,16801.9
28545,16801.9
28546,16801.9
28547,16801.9
28548,15850.55
28549,15850.55
28550,15850.55
28551,15850.55
28552,14535.08
28553,14535.08
28554,14535.08
28555,14535.08
28556,14886.27
28557,14886.27
28558,14886.27
28559,14886.27
28560,14828.85
28561,14828.85
28562,14828.85
28563,14828.85
28564,14475.01
28565,14475.01
28566,14475.01
28567,14475.01
28568,14073.4
28569,14073.4
28570,14073.4
28571,14073.4
28572,14744.0
28573,14744.0
28574,14744.0
28575,14744.0
28576,15803.94
28577,15803.94
28578,15803.94
28579,15803.94
28580,17151.44
28581,17151.44
28582,17151.44
28583,17151.44
28584,16986.12
28585,16986.12
28586,16986.12
28587,16986.12
28588,16807.46
28589,16807.46
28590,16807.46
28591,16807.46
28592,15658.22
28593,15658.22
28594,15658.22
28595,15658.22
28596,14657.07
28597,14657.07
28598,14657.07
28599,14657.07
28600,13699.53
28601,13699.53
28602,13699.53
28603,13699.53
28604,12840.15
28605,12840.15
28606,12840.15
28607,12840.15
28608,12363.72
28609,12363.72
28610,12363.72
28611,12363.72
28612,12323.95
28613,12323.95
28614,12323.95
28615,12323.95
28616,12217.79
28617,12217.79
28618,12217.79
28619,12217.79
28620,12214.83
28621,12214.83
28622,12214.83
28623,12214.83
28624,12245.13
28625,12245.13
28626,12245.13
28627,12245.13
28628,12671.4
28629,12671.4
28630,12671.4
28631,12671.4
28632,13367.84
28633,13367.84
28634,13367.84
28635,13367.84
28636,15531.09
28637,15531.09
28638,15531.09
28639,15531.09
28640,16324.71
28641,16324.71
28642,16324.71
28643,16324.71
28644,16104.1
28645,16104.1
28646,16104.1
28647,16104.1
28648,15822.52
28649,15822.52
28650,15822.52
28651,15822.52
28652,15142.76
28653,15142.76
28654,15142.76
28655,15142.76
28656,15380.58
28657,15380.58
28658,15380.58
28659,15380.58
28660,15007.69
28661,15007.69
28662,15007.69
28663,15007.69
28664,14856.02
28665,14856.02
28666,14856.02
28667,14856.02
28668,15342.12
28669,15342.12
28670,15342.12
28671,15342.12
28672,16031.58
28673,16031.58
28674,16031.58
28675,16031.58
28676,16039.5
28677,16039.5
28678,16039.5
28679,16039.5
28680,16208.11
28681,16208.11
28682,16208.11
28683,16208.11
28684,15900.32
28685,15900.32
28686,15900.32
28687,15900.32
28688,14761.66
28689,14761.66
28690,14761.66
28691,14761.66
28692,14299.41
28693,14299.41
28694,14299.41
28695,14299.41
28696,13343.0
28697,13343.0
28698,13343.0
28699,13343.0
28700,12449.26
28701,12449.26
28702,12449.26
28703,12449.26
28704,12053.56
28705,12053.56
28706,12053.56
28707,12053.56
28708,11717.96
28709,11717.96
28710,11717.96
28711,11717.96
28712,11622.97
28713,11622.97
28714,11622.97
28715,11622.97
28716,11409.44
28717,11409.44
28718,11409.44
28719,11409.44
28720,11526.78
28721,11526.78
28722,11526.78
28723,11526.78
28724,11684.85
28725,11684.85
28726,11684.85
28727,11684.85
28728,12167.1
28729,12167.1
28730,12167.1
28731,12167.1
28732,13497.61
28733,13497.61
28734,13497.61
28735,13497.61
28736,14275.68
28737,14275.68
28738,14275.68
28739,14275.68
28740,14443.47
28741,14443.47
28742,14443.47
28743,14443.47
28744,14423.72
28745,14423.72
28746,14423.72
28747,14423.72
28748,14330.0
28749,14330.0
28750,14330.0
28751,14330.0
28752,14070.92
28753,14070.92
28754,14070.92
28755,14070.92
28756,13664.72
28757,13664.72
28758,13664.72
28759,13664.72
28760,13340.39
28761,13340.39
28762,13340.39
28763,13340.39
28764,13490.85
28765,13490.85
28766,13490.85
28767,13490.85
28768,13851.27
28769,13851.27
28770,13851.27
28771,13851.27
28772,14302.14
28773,14302.14
28774,14302.14
28775,14302.14
28776,14180.39
28777,14180.39
28778,14180.39
28779,14180.39
28780,14285.11
28781,14285.11
28782,14285.11
28783,14285.11
28784,13426.19
28785,13426.19
28786,13426.19
28787,13426.19
28788,12892.03
28789,12892.03
28790,12892.03
28791,12892.03
28792,11872.89
28793,11872.89
28794,11872.89
28795,11872.89
28796,11223.23
28797,11223.23
28798,11223.23
28799,11223.23
28800,11013.98
28801,11013.98
28802,11013.98
28803,11013.98
28804,10734.23
28805,10734.23
28806,10734.23
28807,10734.23
28808,10531.54
28809,10531.54
28810,10531.54
28811,10531.54
28812,10316.08
28813,10316.08
28814,10316.08
28815,10316.08
28816,10283.4
28817,10283.4
28818,10283.4
28819,10283.4
28820,10457.37
28821,10457.37
28822,10457.37
28823,10457.37
28824,10959.31
28825,10959.31
28826,10959.31
28827,10959.31
28828,12439.04
28829,12439.04
28830,12439.04
28831,12439.04
28832,13350.8
28833,13350.8
28834,13350.8
28835,13350.8
28836,13419.85
28837,13419.85
28838,13419.85
28839,13419.85
28840,13035.85
28841,13035.85
28842,13035.85
28843,13035.85
28844,12875.06
28845,12875.06
28846,12875.06
28847,12875.06
28848,12195.08
28849,12195.08
28850,12195.08
28851,12195.08
28852,12303.1
28853,12303.1
28854,12303.1
28855,12303.1
28856,12097.03
28857,12097.03
28858,12097.03
28859,12097.03
28860,12353.41
28861,12353.41
28862,12353.41
28863,12353.41
28864,12898.67
28865,12898.67
28866,12898.67
28867,12898.67
28868,13316.32
28869,13316.32
28870,13316.32
28871,13316.32
28872,13745.55
28873,13745.55
28874,13745.55
28875,13745.55
28876,13893.84
28877,13893.84
28878,13893.84
28879,13893.84
28880,13272.13
28881,13272.13
28882,13272.13
28883,13272.13
28884,12845.47
28885,12845.47
28886,12845.47
28887,12845.47
28888,12141.78
28889,12141.78
28890,12141.78
28891,12141.78
28892,11182.97
28893,11182.97
28894,11182.97
28895,11182.97
28896,10722.38
28897,10722.38
28898,10722.38
28899,10722.38
28900,10371.63
28901,10371.63
28902,10371.63
28903,10371.63
28904,10153.84
28905,10153.84
28906,10153.84
28907,10153.84
28908,10134.96
28909,10134.96
28910,10134.96
28911,10134.96
28912,10149.51
28913,10149.51
28914,10149.51
28915,10149.51
28916,10454.23
28917,10454.23
28918,10454.23
28919,10454.23
28920,11848.33
28921,11848.33
28922,11848.33
28923,11848.33
28924,14986.94
28925,14986.94
28926,14986.94
28927,14986.94
28928,15662.1
28929,15662.1
28930,15662.1
28931,15662.1
28932,15163.16
28933,15163.16
28934,15163.16
28935,15163.16
28936,14595.36
28937,14595.36
28938,14595.36
28939,14595.36
28940,14084.18
28941,14084.18
28942,14084.18
28943,14084.18
28944,13865.03
28945,13865.03
28946,13865.03
28947,13865.03
28948,13534.42
28949,13534.42
28950,13534.42
28951,13534.42
28952,13144.74
28953,13144.74
28954,13144.74
28955,13144.74
28956,14158.08
28957,14158.08
28958,14158.08
28959,14158.08
28960,14662.86
28961,14662.86
28962,14662.86
28963,14662.86
28964,15917.84
28965,15917.84
28966,15917.84
28967,15917.84
28968,16499.6
28969,16499.6
28970,16499.6
28971,16499.6
28972,16535.33
28973,16535.33
28974,16535.33
28975,16535.33
28976,15332.36
28977,15332.36
28978,15332.36
28979,15332.36
28980,14583.1
28981,14583.1
28982,14583.1
28983,14583.1
28984,13719.96
28985,13719.96
28986,13719.96
28987,13719.96
28988,12504.83
28989,12504.83
28990,12504.83
28991,12504.83
28992,12066.9
28993,12066.9
28994,12066.9
28995,12066.9
28996,11889.44
28997,11889.44
28998,11889.44
28999,11889.44
29000,11907.84
29001,11907.84
29002,11907.84
29003,11907.84
29004,11935.4
29005,11935.4
29006,11935.4
29007,11935.4
29008,12129.99
29009,12129.99
29010,12129.99
29011,12129.99
29012,12598.42
29013,12598.42
29014,12598.42
29015,12598.42
29016,13406.64
29017,13406.64
29018,13406.64
29019,13406.64
29020,15797.29
29021,15797.29
29022,15797.29
29023,15797.29
29024,16018.35
29025,16018.35
29026,16018.35
29027,16018.35
29028,14818.41
29029,14818.41
29030,14818.41
29031,14818.41
29032,14009.41
29033,14009.41
29034,14009.41
29035,14009.41
29036,13483.2
29037,13483.2
29038,13483.2
29039,13483.2
29040,13274.37
29041,13274.37
29042,13274.37
29043,13274.37
29044,12667.0
29045,12667.0
29046,12667.0
29047,12667.0
29048,12928.87
29049,12928.87
29050,12928.87
29051,12928.87
29052,13869.92
29053,13869.92
29054,13869.92
29055,13869.92
29056,15027.59
29057,15027.59
29058,15027.59
29059,15027.59
29060,16370.32
29061,16370.32
29062,16370.32
29063,16370.32
29064,16908.63
29065,16908.63
29066,16908.63
29067,16908.63
29068,16814.52
29069,16814.52
29070,16814.52
29071,16814.52
29072,15665.39
29073,15665.39
29074,15665.39
29075,15665.39
29076,14843.34
29077,14843.34
29078,14843.34
29079,14843.34
29080,13873.21
29081,13873.21
29082,13873.21
29083,13873.21
29084,12783.05
29085,12783.05
29086,12783.05
29087,12783.05
29088,12424.73
29089,12424.73
29090,12424.73
29091,12424.73
29092,12300.58
29093,12300.58
29094,12300.58
29095,12300.58
29096,12079.94
29097,12079.94
29098,12079.94
29099,12079.94
29100,11891.62
29101,11891.62
29102,11891.62
29103,11891.62
29104,11887.21
29105,11887.21
29106,11887.21
29107,11887.21
29108,12153.89
29109,12153.89
29110,12153.89
29111,12153.89
29112,13261.19
29113,13261.19
29114,13261.19
29115,13261.19
29116,16019.13
29117,16019.13
29118,16019.13
29119,16019.13
29120,16626.14
29121,16626.14
29122,16626.14
29123,16626.14
29124,15771.31
29125,15771.31
29126,15771.31
29127,15771.31
29128,14746.79
29129,14746.79
29130,14746.79
29131,14746.79
29132,14724.23
29133,14724.23
29134,14724.23
29135,14724.23
29136,14469.6
29137,14469.6
29138,14469.6
29139,14469.6
29140,13725.46
29141,13725.46
29142,13725.46
29143,13725.46
29144,13535.28
29145,13535.28
29146,13535.28
29147,13535.28
29148,14154.99
29149,14154.99
29150,14154.99
29151,14154.99
29152,15164.65
29153,15164.65
29154,15164.65
29155,15164.65
29156,16291.63
29157,16291.63
29158,16291.63
29159,16291.63
29160,16525.71
29161,16525.71
29162,16525.71
29163,16525.71
29164,16989.86
29165,16989.86
29166,16989.86
29167,16989.86
29168,15848.55
29169,15848.55
29170,15848.55
29171,15848.55
29172,14920.65
29173,14920.65
29174,14920.65
29175,14920.65
29176,13921.79
29177,13921.79
29178,13921.79
29179,13921.79
29180,12937.37
29181,12937.37
29182,12937.37
29183,12937.37
29184,12549.84
29185,12549.84
29186,12549.84
29187,12549.84
29188,12256.43
29189,12256.43
29190,12256.43
29191,12256.43
29192,12119.24
29193,12119.24
29194,12119.24
29195,12119.24
29196,12048.7
29197,12048.7
29198,12048.7
29199,12048.7
29200,11915.52
29201,11915.52
29202,11915.52
29203,11915.52
29204,12320.5
29205,12320.5
29206,12320.5
29207,12320.5
29208,13656.6
29209,13656.6
29210,13656.6
29211,13656.6
29212,16293.95
29213,16293.95
29214,16293.95
29215,16293.95
29216,16602.06
29217,16602.06
29218,16602.06
29219,16602.06
29220,16038.5
29221,16038.5
29222,16038.5
29223,16038.5
29224,15589.99
29225,15589.99
29226,15589.99
29227,15589.99
29228,15076.5
29229,15076.5
29230,15076.5
29231,15076.5
29232,14827.92
29233,14827.92
29234,14827.92
29235,14827.92
29236,14424.52
29237,14424.52
29238,14424.52
29239,14424.52
29240,14356.87
29241,14356.87
29242,14356.87
29243,14356.87
29244,14766.54
29245,14766.54
29246,14766.54
29247,14766.54
29248,15713.72
29249,15713.72
29250,15713.72
29251,15713.72
29252,16787.57
29253,16787.57
29254,16787.57
29255,16787.57
29256,16533.22
29257,16533.22
29258,16533.22
29259,16533.22
29260,16659.71
29261,16659.71
29262,16659.71
29263,16659.71
29264,15611.86
29265,15611.86
29266,15611.86
29267,15611.86
29268,14694.3
29269,14694.3
29270,14694.3
29271,14694.3
29272,13787.09
29273,13787.09
29274,13787.09
29275,13787.09
29276,12974.17
29277,12974.17
29278,12974.17
29279,12974.17
29280,12579.2
29281,12579.2
29282,12579.2
29283,12579.2
29284,12369.65
29285,12369.65
29286,12369.65
29287,12369.65
29288,12213.67
29289,12213.67
29290,12213.67
29291,12213.67
29292,11999.41
29293,11999.41
29294,11999.41
29295,11999.41
29296,12077.93
29297,12077.93
29298,12077.93
29299,12077.93
29300,12567.41
29301,12567.41
29302,12567.41
29303,12567.41
29304,13133.43
29305,13133.43
29306,13133.43
29307,13133.43
29308,15440.62
29309,15440.62
29310,15440.62
29311,15440.62
29312,15908.77
29313,15908.77
29314,15908.77
29315,15908.77
29316,15852.94
29317,15852.94
29318,15852.94
29319,15852.94
29320,14905.38
29321,14905.38
29322,14905.38
29323,14905.38
29324,14665.09
29325,14665.09
29326,14665.09
29327,14665.09
29328,14477.9
29329,14477.9
29330,14477.9
29331,14477.9
29332,13950.45
29333,13950.45
29334,13950.45
29335,13950.45
29336,13491.71
29337,13491.71
29338,13491.71
29339,13491.71
29340,14195.97
29341,14195.97
29342,14195.97
29343,14195.97
29344,14879.02
29345,14879.02
29346,14879.02
29347,14879.02
29348,16232.61
29349,16232.61
29350,16232.61
29351,16232.61
29352,16415.63
29353,16415.63
29354,16415.63
29355,16415.63
29356,16760.26
29357,16760.26
29358,16760.26
29359,16760.26
29360,15729.88
29361,15729.88
29362,15729.88
29363,15729.88
29364,14862.51
29365,14862.51
29366,14862.51
29367,14862.51
29368,13895.42
29369,13895.42
29370,13895.42
29371,13895.42
29372,12891.48
29373,12891.48
29374,12891.48
29375,12891.48
29376,12550.64
29377,12550.64
29378,12550.64
29379,12550.64
29380,12085.78
29381,12085.78
29382,12085.78
29383,12085.78
29384,12038.61
29385,12038.61
29386,12038.61
29387,12038.61
29388,11934.87
29389,11934.87
29390,11934.87
29391,11934.87
29392,12419.95
29393,12419.95
29394,12419.95
29395,12419.95
29396,12796.86
29397,12796.86
29398,12796.86
29399,12796.86
29400,13380.68
29401,13380.68
29402,13380.68
29403,13380.68
29404,14680.72
29405,14680.72
29406,14680.72
29407,14680.72
29408,15011.14
29409,15011.14
29410,15011.14
29411,15011.14
29412,15247.86
29413,15247.86
29414,15247.86
29415,15247.86
29416,14608.86
29417,14608.86
29418,14608.86
29419,14608.86
29420,13748.94
29421,13748.94
29422,13748.94
29423,13748.94
29424,13538.66
29425,13538.66
29426,13538.66
29427,13538.66
29428,12942.36
29429,12942.36
29430,12942.36
29431,12942.36
29432,12801.23
29433,12801.23
29434,12801.23
29435,12801.23
29436,13046.42
29437,13046.42
29438,13046.42
29439,13046.42
29440,13740.98
29441,13740.98
29442,13740.98
29443,13740.98
29444,14258.62
29445,14258.62
29446,14258.62
29447,14258.62
29448,13909.79
29449,13909.79
29450,13909.79
29451,13909.79
29452,13915.64
29453,13915.64
29454,13915.64
29455,13915.64
29456,13115.87
29457,13115.87
29458,13115.87
29459,13115.87
29460,12640.25
29461,12640.25
29462,12640.25
29463,12640.25
29464,11985.17
29465,11985.17
29466,11985.17
29467,11985.17
29468,11307.28
29469,11307.28
29470,11307.28
29471,11307.28
29472,11009.87
29473,11009.87
29474,11009.87
29475,11009.87
29476,10883.24
29477,10883.24
29478,10883.24
29479,10883.24
29480,11004.51
29481,11004.51
29482,11004.51
29483,11004.51
29484,11016.13
29485,11016.13
29486,11016.13
29487,11016.13
29488,11125.56
29489,11125.56
29490,11125.56
29491,11125.56
29492,11514.66
29493,11514.66
29494,11514.66
29495,11514.66
29496,12485.48
29497,12485.48
29498,12485.48
29499,12485.48
29500,15282.79
29501,15282.79
29502,15282.79
29503,15282.79
29504,16221.42
29505,16221.42
29506,16221.42
29507,16221.42
29508,15735.51
29509,15735.51
29510,15735.51
29511,15735.51
29512,15044.18
29513,15044.18
29514,15044.18
29515,15044.18
29516,13313.41
29517,13313.41
29518,13313.41
29519,13313.41
29520,14386.36
29521,14386.36
29522,14386.36
29523,14386.36
29524,14364.54
29525,14364.54
29526,14364.54
29527,14364.54
29528,14023.64
29529,14023.64
29530,14023.64
29531,14023.64
29532,14702.84
29533,14702.84
29534,14702.84
29535,14702.84
29536,15929.72
29537,15929.72
29538,15929.72
29539,15929.72
29540,16873.95
29541,16873.95
29542,16873.95
29543,16873.95
29544,16726.45
29545,16726.45
29546,16726.45
29547,16726.45
29548,16727.61
29549,16727.61
29550,16727.61
29551,16727.61
29552,15789.76
29553,15789.76
29554,15789.76
29555,15789.76
29556,14943.78
29557,14943.78
29558,14943.78
29559,14943.78
29560,14154.17
29561,14154.17
29562,14154.17
29563,14154.17
29564,13287.04
29565,13287.04
29566,13287.04
29567,13287.04
29568,12968.92
29569,12968.92
29570,12968.92
29571,12968.92
29572,12730.6
29573,12730.6
29574,12730.6
29575,12730.6
29576,12589.48
29577,12589.48
29578,12589.48
29579,12589.48
29580,12414.16
29581,12414.16
29582,12414.16
29583,12414.16
29584,12575.38
29585,12575.38
29586,12575.38
29587,12575.38
29588,12743.33
29589,12743.33
29590,12743.33
29591,12743.33
29592,13956.05
29593,13956.05
29594,13956.05
29595,13956.05
29596,16330.44
29597,16330.44
29598,16330.44
29599,16330.44
29600,16993.66
29601,16993.66
29602,16993.66
29603,16993.66
29604,16231.09
29605,16231.09
29606,16231.09
29607,16231.09
29608,15422.13
29609,15422.13
29610,15422.13
29611,15422.13
29612,15178.01
29613,15178.01
29614,15178.01
29615,15178.01
29616,14674.59
29617,14674.59
29618,14674.59
29619,14674.59
29620,14129.8
29621,14129.8
29622,14129.8
29623,14129.8
29624,14221.43
29625,14221.43
29626,14221.43
29627,14221.43
29628,14979.83
29629,14979.83
29630,14979.83
29631,14979.83
29632,16067.3
29633,16067.3
29634,16067.3
29635,16067.3
29636,17360.49
29637,17360.49
29638,17360.49
29639,17360.49
29640,17203.71
29641,17203.71
29642,17203.71
29643,17203.71
29644,17239.27
29645,17239.27
29646,17239.27
29647,17239.27
29648,16174.93
29649,16174.93
29650,16174.93
29651,16174.93
29652,15172.66
29653,15172.66
29654,15172.66
29655,15172.66
29656,14264.57
29657,14264.57
29658,14264.57
29659,14264.57
29660,13249.15
29661,13249.15
29662,13249.15
29663,13249.15
29664,13058.0
29665,13058.0
29666,13058.0
29667,13058.0
29668,12846.73
29669,12846.73
29670,12846.73
29671,12846.73
29672,12588.01
29673,12588.01
29674,12588.01
29675,12588.01
29676,12395.48
29677,12395.48
29678,12395.48
29679,12395.48
29680,12295.08
29681,12295.08
29682,12295.08
29683,12295.08
29684,12835.27
29685,12835.27
29686,12835.27
29687,12835.27
29688,13825.1
29689,13825.1
29690,13825.1
29691,13825.1
29692,16477.84
29693,16477.84
29694,16477.84
29695,16477.84
29696,16678.56
29697,16678.56
29698,16678.56
29699,16678.56
29700,15876.68
29701,15876.68
29702,15876.68
29703,15876.68
29704,15264.36
29705,15264.36
29706,15264.36
29707,15264.36
29708,15236.53
29709,15236.53
29710,15236.53
29711,15236.53
29712,14941.15
29713,14941.15
29714,14941.15
29715,14941.15
29716,14354.05
29717,14354.05
29718,14354.05
29719,14354.05
29720,13901.68
29721,13901.68
29722,13901.68
29723,13901.68
29724,14605.1
29725,14605.1
29726,14605.1
29727,14605.1
29728,15551.89
29729,15551.89
29730,15551.89
29731,15551.89
29732,16881.67
29733,16881.67
29734,16881.67
29735,16881.67
29736,17443.22
29737,17443.22
29738,17443.22
29739,17443.22
29740,16959.57
29741,16959.57
29742,16959.57
29743,16959.57
29744,16290.25
29745,16290.25
29746,16290.25
29747,16290.25
29748,15104.93
29749,15104.93
29750,15104.93
29751,15104.93
29752,14236.02
29753,14236.02
29754,14236.02
29755,14236.02
29756,13251.63
29757,13251.63
29758,13251.63
29759,13251.63
29760,13094.49
29761,13094.49
29762,13094.49
29763,13094.49
29764,13060.45
29765,13060.45
29766,13060.45
29767,13060.45
29768,12927.75
29769,12927.75
29770,12927.75
29771,12927.75
29772,12779.11
29773,12779.11
29774,12779.11
29775,12779.11
29776,12472.18
29777,12472.18
29778,12472.18
29779,12472.18
29780,12911.7
29781,12911.7
29782,12911.7
29783,12911.7
29784,14007.31
29785,14007.31
29786,14007.31
29787,14007.31
29788,16487.59
29789,16487.59
29790,16487.59
29791,16487.59
29792,17129.13
29793,17129.13
29794,17129.13
29795,17129.13
29796,16444.79
29797,16444.79
29798,16444.79
29799,16444.79
29800,15691.72
29801,15691.72
29802,15691.72
29803,15691.72
29804,15645.31
29805,15645.31
29806,15645.31
29807,15645.31
29808,15595.12
29809,15595.12
29810,15595.12
29811,15595.12
29812,15318.32
29813,15318.32
29814,15318.32
29815,15318.32
29816,14951.76
29817,14951.76
29818,14951.76
29819,14951.76
29820,15562.92
29821,15562.92
29822,15562.92
29823,15562.92
29824,16426.64
29825,16426.64
29826,16426.64
29827,16426.64
29828,17417.35
29829,17417.35
29830,17417.35
29831,17417.35
29832,17255.99
29833,17255.99
29834,17255.99
29835,17255.99
29836,17533.59
29837,17533.59
29838,17533.59
29839,17533.59
29840,16073.68
29841,16073.68
29842,16073.68
29843,16073.68
29844,15642.3
29845,15642.3
29846,15642.3
29847,15642.3
29848,14497.59
29849,14497.59
29850,14497.59
29851,14497.59
29852,13561.28
29853,13561.28
29854,13561.28
29855,13561.28
29856,12842.18
29857,12842.18
29858,12842.18
29859,12842.18
29860,12407.69
29861,12407.69
29862,12407.69
29863,12407.69
29864,12081.62
29865,12081.62
29866,12081.62
29867,12081.62
29868,12040.48
29869,12040.48
29870,12040.48
29871,12040.48
29872,12126.74
29873,12126.74
29874,12126.74
29875,12126.74
29876,12771.18
29877,12771.18
29878,12771.18
29879,12771.18
29880,13756.41
29881,13756.41
29882,13756.41
29883,13756.41
29884,16778.48
29885,16778.48
29886,16778.48
29887,16778.48
29888,17100.88
29889,17100.88
29890,17100.88
29891,17100.88
29892,16107.36
29893,16107.36
29894,16107.36
29895,16107.36
29896,16062.98
29897,16062.98
29898,16062.98
29899,16062.98
29900,15253.2
29901,15253.2
29902,15253.2
29903,15253.2
29904,14642.08
29905,14642.08
29906,14642.08
29907,14642.08
29908,14530.51
29909,14530.51
29910,14530.51
29911,14530.51
29912,14399.49
29913,14399.49
29914,14399.49
29915,14399.49
29916,15193.21
29917,15193.21
29918,15193.21
29919,15193.21
29920,16006.32
29921,16006.32
29922,16006.32
29923,16006.32
29924,17532.39
29925,17532.39
29926,17532.39
29927,17532.39
29928,17395.22
29929,17395.22
29930,17395.22
29931,17395.22
29932,16967.19
29933,16967.19
29934,16967.19
29935,16967.19
29936,15816.98
29937,15816.98
29938,15816.98
29939,15816.98
29940,14928.21
29941,14928.21
29942,14928.21
29943,14928.21
29944,14170.46
29945,14170.46
29946,14170.46
29947,14170.46
29948,13486.0
29949,13486.0
29950,13486.0
29951,13486.0
29952,13251.83
29953,13251.83
29954,13251.83
29955,13251.83
29956,13096.94
29957,13096.94
29958,13096.94
29959,13096.94
29960,12435.18
29961,12435.18
29962,12435.18
29963,12435.18
29964,12327.81
29965,12327.81
29966,12327.81
29967,12327.81
29968,12359.8
29969,12359.8
29970,12359.8
29971,12359.8
29972,12618.79
29973,12618.79
29974,12618.79
29975,12618.79
29976,13312.22
29977,13312.22
29978,13312.22
29979,13312.22
29980,15932.14
29981,15932.14
29982,15932.14
29983,15932.14
29984,16029.98
29985,16029.98
29986,16029.98
29987,16029.98
29988,15337.92
29989,15337.92
29990,15337.92
29991,15337.92
29992,14538.62
29993,14538.62
29994,14538.62
29995,14538.62
29996,14431.44
29997,14431.44
29998,14431.44
29999,14431.44
30000,14198.1
30001,14198.1
30002,14198.1
30003,14198.1
30004,14013.97
30005,14013.97
30006,14013.97
30007,14013.97
30008,14013.97
30009,14013.97
30010,14013.97
30011,14013.97
30012,14349.56
30013,14349.56
30014,14349.56
30015,14349.56
30016,15129.86
30017,15129.86
30018,15129.86
30019,15129.86
30020,16654.3
30021,16654.3
30022,16654.3
30023,16654.3
30024,17066.96
30025,17066.96
30026,17066.96
30027,17066.96
30028,17212.18
30029,17212.18
30030,17212.18
30031,17212.18
30032,16111.43
30033,16111.43
30034,16111.43
30035,16111.43
30036,15305.98
30037,15305.98
30038,15305.98
30039,15305.98
30040,14555.45
30041,14555.45
30042,14555.45
30043,14555.45
30044,13805.64
30045,13805.64
30046,13805.64
30047,13805.64
30048,13391.55
30049,13391.55
30050,13391.55
30051,13391.55
30052,13119.01
30053,13119.01
30054,13119.01
30055,13119.01
30056,12985.8
30057,12985.8
30058,12985.8
30059,12985.8
30060,12944.46
30061,12944.46
30062,12944.46
30063,12944.46
30064,13040.84
30065,13040.84
30066,13040.84
30067,13040.84
30068,13250.71
30069,13250.71
30070,13250.71
30071,13250.71
30072,13429.08
30073,13429.08
30074,13429.08
30075,13429.08
30076,14611.2
30077,14611.2
30078,14611.2
30079,14611.2
30080,14702.49
30081,14702.49
30082,14702.49
30083,14702.49
30084,14602.88
30085,14602.88
30086,14602.88
30087,14602.88
30088,14343.97
30089,14343.97
30090,14343.97
30091,14343.97
30092,13326.47
30093,13326.47
30094,13326.47
30095,13326.47
30096,13017.57
30097,13017.57
30098,13017.57
30099,13017.57
30100,12764.8
30101,12764.8
30102,12764.8
30103,12764.8
30104,12501.3
30105,12501.3
30106,12501.3
30107,12501.3
30108,12832.63
30109,12832.63
30110,12832.63
30111,12832.63
30112,13673.48
30113,13673.48
30114,13673.48
30115,13673.48
30116,14662.17
30117,14662.17
30118,14662.17
30119,14662.17
30120,14897.8
30121,14897.8
30122,14897.8
30123,14897.8
30124,14903.48
30125,14903.48
30126,14903.48
30127,14903.48
30128,14256.47
30129,14256.47
30130,14256.47
30131,14256.47
30132,13656.58
30133,13656.58
30134,13656.58
30135,13656.58
30136,13106.57
30137,13106.57
30138,13106.57
30139,13106.57
30140,12386.72
30141,12386.72
30142,12386.72
30143,12386.72
30144,12204.24
30145,12204.24
30146,12204.24
30147,12204.24
30148,12111.25
30149,12111.25
30150,12111.25
30151,12111.25
30152,12201.49
30153,12201.49
30154,12201.49
30155,12201.49
30156,12070.11
30157,12070.11
30158,12070.11
30159,12070.11
30160,12055.88
30161,12055.88
30162,12055.88
30163,12055.88
30164,12485.72
30165,12485.72
30166,12485.72
30167,12485.72
30168,13366.79
30169,13366.79
30170,13366.79
30171,13366.79
30172,15970.32
30173,15970.32
30174,15970.32
30175,15970.32
30176,16678.47
30177,16678.47
30178,16678.47
30179,16678.47
30180,16391.36
30181,16391.36
30182,16391.36
30183,16391.36
30184,15549.76
30185,15549.76
30186,15549.76
30187,15549.76
30188,15491.74
30189,15491.74
30190,15491.74
30191,15491.74
30192,15026.07
30193,15026.07
30194,15026.07
30195,15026.07
30196,15240.65
30197,15240.65
30198,15240.65
30199,15240.65
30200,14876.94
30201,14876.94
30202,14876.94
30203,14876.94
30204,15434.23
30205,15434.23
30206,15434.23
30207,15434.23
30208,16400.43
30209,16400.43
30210,16400.43
30211,16400.43
30212,17572.73
30213,17572.73
30214,17572.73
30215,17572.73
30216,17550.93
30217,17550.93
30218,17550.93
30219,17550.93
30220,17298.97
30221,17298.97
30222,17298.97
30223,17298.97
30224,16323.23
30225,16323.23
30226,16323.23
30227,16323.23
30228,15452.64
30229,15452.64
30230,15452.64
30231,15452.64
30232,14731.67
30233,14731.67
30234,14731.67
30235,14731.67
30236,14040.38
30237,14040.38
30238,14040.38
30239,14040.38
30240,13539.82
30241,13539.82
30242,13539.82
30243,13539.82
30244,13378.81
30245,13378.81
30246,13378.81
30247,13378.81
30248,13261.14
30249,13261.14
30250,13261.14
30251,13261.14
30252,13095.14
30253,13095.14
30254,13095.14
30255,13095.14
30256,13103.66
30257,13103.66
30258,13103.66
30259,13103.66
30260,13258.63
30261,13258.63
30262,13258.63
30263,13258.63
30264,14215.05
30265,14215.05
30266,14215.05
30267,14215.05
30268,16821.97
30269,16821.97
30270,16821.97
30271,16821.97
30272,17793.95
30273,17793.95
30274,17793.95
30275,17793.95
30276,16703.89
30277,16703.89
30278,16703.89
30279,16703.89
30280,16150.77
30281,16150.77
30282,16150.77
30283,16150.77
30284,15762.59
30285,15762.59
30286,15762.59
30287,15762.59
30288,15617.72
30289,15617.72
30290,15617.72
30291,15617.72
30292,15290.63
30293,15290.63
30294,15290.63
30295,15290.63
30296,14896.27
30297,14896.27
30298,14896.27
30299,14896.27
30300,15629.43
30301,15629.43
30302,15629.43
30303,15629.43
30304,16335.95
30305,16335.95
30306,16335.95
30307,16335.95
30308,17389.97
30309,17389.97
30310,17389.97
30311,17389.97
30312,17103.31
30313,17103.31
30314,17103.31
30315,17103.31
30316,17120.99
30317,17120.99
30318,17120.99
30319,17120.99
30320,16049.47
30321,16049.47
30322,16049.47
30323,16049.47
30324,15226.52
30325,15226.52
30326,15226.52
30327,15226.52
30328,14350.48
30329,14350.48
30330,14350.48
30331,14350.48
30332,13567.51
30333,13567.51
30334,13567.51
30335,13567.51
30336,13065.0
30337,13065.0
30338,13065.0
30339,13065.0
30340,13161.28
30341,13161.28
30342,13161.28
30343,13161.28
30344,12945.18
30345,12945.18
30346,12945.18
30347,12945.18
30348,12753.08
30349,12753.08
30350,12753.08
30351,12753.08
30352,12780.02
30353,12780.02
30354,12780.02
30355,12780.02
30356,12885.64
30357,12885.64
30358,12885.64
30359,12885.64
30360,14107.74
30361,14107.74
30362,14107.74
30363,14107.74
30364,16890.8
30365,16890.8
30366,16890.8
30367,16890.8
30368,17539.03
30369,17539.03
30370,17539.03
30371,17539.03
30372,16344.09
30373,16344.09
30374,16344.09
30375,16344.09
30376,15993.4
30377,15993.4
30378,15993.4
30379,15993.4
30380,15685.86
30381,15685.86
30382,15685.86
30383,15685.86
30384,15302.49
30385,15302.49
30386,15302.49
30387,15302.49
30388,14416.59
30389,14416.59
30390,14416.59
30391,14416.59
30392,14503.5
30393,14503.5
30394,14503.5
30395,14503.5
30396,15470.71
30397,15470.71
30398,15470.71
30399,15470.71
30400,16218.08
30401,16218.08
30402,16218.08
30403,16218.08
30404,17329.79
30405,17329.79
30406,17329.79
30407,17329.79
30408,17032.52
30409,17032.52
30410,17032.52
30411,17032.52
30412,17070.68
30413,17070.68
30414,17070.68
30415,17070.68
30416,16051.07
30417,16051.07
30418,16051.07
30419,16051.07
30420,15247.15
30421,15247.15
30422,15247.15
30423,15247.15
30424,14330.48
30425,14330.48
30426,14330.48
30427,14330.48
30428,13351.98
30429,13351.98
30430,13351.98
30431,13351.98
30432,12830.37
30433,12830.37
30434,12830.37
30435,12830.37
30436,12849.37
30437,12849.37
30438,12849.37
30439,12849.37
30440,12638.24
30441,12638.24
30442,12638.24
30443,12638.24
30444,12682.38
30445,12682.38
30446,12682.38
30447,12682.38
30448,12780.77
30449,12780.77
30450,12780.77
30451,12780.77
30452,12891.18
30453,12891.18
30454,12891.18
30455,12891.18
30456,14039.97
30457,14039.97
30458,14039.97
30459,14039.97
30460,16871.58
30461,16871.58
30462,16871.58
30463,16871.58
30464,17445.72
30465,17445.72
30466,17445.72
30467,17445.72
30468,15411.82
30469,15411.82
30470,15411.82
30471,15411.82
30472,15847.59
30473,15847.59
30474,15847.59
30475,15847.59
30476,15596.95
30477,15596.95
30478,15596.95
30479,15596.95
30480,15350.5
30481,15350.5
30482,15350.5
30483,15350.5
30484,14925.97
30485,14925.97
30486,14925.97
30487,14925.97
30488,14705.72
30489,14705.72
30490,14705.72
30491,14705.72
30492,15774.01
30493,15774.01
30494,15774.01
30495,15774.01
30496,16617.14
30497,16617.14
30498,16617.14
30499,16617.14
30500,17920.59
30501,17920.59
30502,17920.59
30503,17920.59
30504,17729.37
30505,17729.37
30506,17729.37
30507,17729.37
30508,17643.43
30509,17643.43
30510,17643.43
30511,17643.43
30512,16455.57
30513,16455.57
30514,16455.57
30515,16455.57
30516,15630.37
30517,15630.37
30518,15630.37
30519,15630.37
30520,14764.32
30521,14764.32
30522,14764.32
30523,14764.32
30524,13867.55
30525,13867.55
30526,13867.55
30527,13867.55
30528,13386.7
30529,13386.7
30530,13386.7
30531,13386.7
30532,13256.13
30533,13256.13
30534,13256.13
30535,13256.13
30536,13211.68
30537,13211.68
30538,13211.68
30539,13211.68
30540,13198.02
30541,13198.02
30542,13198.02
30543,13198.02
30544,13055.82
30545,13055.82
30546,13055.82
30547,13055.82
30548,13436.01
30549,13436.01
30550,13436.01
30551,13436.01
30552,14651.26
30553,14651.26
30554,14651.26
30555,14651.26
30556,17540.81
30557,17540.81
30558,17540.81
30559,17540.81
30560,18041.41
30561,18041.41
30562,18041.41
30563,18041.41
30564,16967.1
30565,16967.1
30566,16967.1
30567,16967.1
30568,16157.84
30569,16157.84
30570,16157.84
30571,16157.84
30572,16046.96
30573,16046.96
30574,16046.96
30575,16046.96
30576,15723.99
30577,15723.99
30578,15723.99
30579,15723.99
30580,15279.37
30581,15279.37
30582,15279.37
30583,15279.37
30584,14920.54
30585,14920.54
30586,14920.54
30587,14920.54
30588,15736.29
30589,15736.29
30590,15736.29
30591,15736.29
30592,16569.13
30593,16569.13
30594,16569.13
30595,16569.13
30596,17711.79
30597,17711.79
30598,17711.79
30599,17711.79
30600,17651.13
30601,17651.13
30602,17651.13
30603,17651.13
30604,17680.96
30605,17680.96
30606,17680.96
30607,17680.96
30608,16830.78
30609,16830.78
30610,16830.78
30611,16830.78
30612,15744.22
30613,15744.22
30614,15744.22
30615,15744.22
30616,14838.81
30617,14838.81
30618,14838.81
30619,14838.81
30620,13976.42
30621,13976.42
30622,13976.42
30623,13976.42
30624,13545.68
30625,13545.68
30626,13545.68
30627,13545.68
30628,13349.23
30629,13349.23
30630,13349.23
30631,13349.23
30632,13237.88
30633,13237.88
30634,13237.88
30635,13237.88
30636,13100.13
30637,13100.13
30638,13100.13
30639,13100.13
30640,13088.7
30641,13088.7
30642,13088.7
30643,13088.7
30644,13199.68
30645,13199.68
30646,13199.68
30647,13199.68
30648,14048.6
30649,14048.6
30650,14048.6
30651,14048.6
30652,16040.66
30653,16040.66
30654,16040.66
30655,16040.66
30656,16946.39
30657,16946.39
30658,16946.39
30659,16946.39
30660,16717.55
30661,16717.55
30662,16717.55
30663,16717.55
30664,16223.02
30665,16223.02
30666,16223.02
30667,16223.02
30668,16105.35
30669,16105.35
30670,16105.35
30671,16105.35
30672,15662.58
30673,15662.58
30674,15662.58
30675,15662.58
30676,15172.08
30677,15172.08
30678,15172.08
30679,15172.08
30680,15176.21
30681,15176.21
30682,15176.21
30683,15176.21
30684,15870.07
30685,15870.07
30686,15870.07
30687,15870.07
30688,16694.97
30689,16694.97
30690,16694.97
30691,16694.97
30692,17518.03
30693,17518.03
30694,17518.03
30695,17518.03
30696,18066.22
30697,18066.22
30698,18066.22
30699,18066.22
30700,17285.56
30701,17285.56
30702,17285.56
30703,17285.56
30704,16288.68
30705,16288.68
30706,16288.68
30707,16288.68
30708,15599.1
30709,15599.1
30710,15599.1
30711,15599.1
30712,15021.96
30713,15021.96
30714,15021.96
30715,15021.96
30716,14341.16
30717,14341.16
30718,14341.16
30719,14341.16
30720,13887.13
30721,13887.13
30722,13887.13
30723,13887.13
30724,13679.48
30725,13679.48
30726,13679.48
30727,13679.48
30728,13523.54
30729,13523.54
30730,13523.54
30731,13523.54
30732,13370.78
30733,13370.78
30734,13370.78
30735,13370.78
30736,13272.5
30737,13272.5
30738,13272.5
30739,13272.5
30740,13370.65
30741,13370.65
30742,13370.65
30743,13370.65
30744,13852.03
30745,13852.03
30746,13852.03
30747,13852.03
30748,15105.38
30749,15105.38
30750,15105.38
30751,15105.38
30752,15797.84
30753,15797.84
30754,15797.84
30755,15797.84
30756,15345.86
30757,15345.86
30758,15345.86
30759,15345.86
30760,14549.02
30761,14549.02
30762,14549.02
30763,14549.02
30764,13965.57
30765,13965.57
30766,13965.57
30767,13965.57
30768,13733.92
30769,13733.92
30770,13733.92
30771,13733.92
30772,13744.26
30773,13744.26
30774,13744.26
30775,13744.26
30776,13744.26
30777,13744.26
30778,13744.26
30779,13744.26
30780,13433.43
30781,13433.43
30782,13433.43
30783,13433.43
30784,14266.0
30785,14266.0
30786,14266.0
30787,14266.0
30788,15411.34
30789,15411.34
30790,15411.34
30791,15411.34
30792,15538.49
30793,15538.49
30794,15538.49
30795,15538.49
30796,15027.74
30797,15027.74
30798,15027.74
30799,15027.74
30800,14415.05
30801,14415.05
30802,14415.05
30803,14415.05
30804,13716.55
30805,13716.55
30806,13716.55
30807,13716.55
30808,13201.3
30809,13201.3
30810,13201.3
30811,13201.3
30812,12743.54
30813,12743.54
30814,12743.54
30815,12743.54
30816,12385.82
30817,12385.82
30818,12385.82
30819,12385.82
30820,12310.06
30821,12310.06
30822,12310.06
30823,12310.06
30824,12187.54
30825,12187.54
30826,12187.54
30827,12187.54
30828,12129.24
30829,12129.24
30830,12129.24
30831,12129.24
30832,12186.01
30833,12186.01
30834,12186.01
30835,12186.01
30836,12329.99
30837,12329.99
30838,12329.99
30839,12329.99
30840,13464.26
30841,13464.26
30842,13464.26
30843,13464.26
30844,16153.66
30845,16153.66
30846,16153.66
30847,16153.66
30848,17176.74
30849,17176.74
30850,17176.74
30851,17176.74
30852,16566.75
30853,16566.75
30854,16566.75
30855,16566.75
30856,16556.97
30857,16556.97
30858,16556.97
30859,16556.97
30860,15791.19
30861,15791.19
30862,15791.19
30863,15791.19
30864,15603.6
30865,15603.6
30866,15603.6
30867,15603.6
30868,15392.14
30869,15392.14
30870,15392.14
30871,15392.14
30872,14853.0
30873,14853.0
30874,14853.0
30875,14853.0
30876,15838.78
30877,15838.78
30878,15838.78
30879,15838.78
30880,16569.25
30881,16569.25
30882,16569.25
30883,16569.25
30884,17644.94
30885,17644.94
30886,17644.94
30887,17644.94
30888,17582.64
30889,17582.64
30890,17582.64
30891,17582.64
30892,17223.7
30893,17223.7
30894,17223.7
30895,17223.7
30896,16292.77
30897,16292.77
30898,16292.77
30899,16292.77
30900,15574.8
30901,15574.8
30902,15574.8
30903,15574.8
30904,14994.96
30905,14994.96
30906,14994.96
30907,14994.96
30908,14249.6
30909,14249.6
30910,14249.6
30911,14249.6
30912,13777.08
30913,13777.08
30914,13777.08
30915,13777.08
30916,13680.17
30917,13680.17
30918,13680.17
30919,13680.17
30920,13566.75
30921,13566.75
30922,13566.75
30923,13566.75
30924,13403.53
30925,13403.53
30926,13403.53
30927,13403.53
30928,13426.83
30929,13426.83
30930,13426.83
30931,13426.83
30932,13392.77
30933,13392.77
30934,13392.77
30935,13392.77
30936,14502.5
30937,14502.5
30938,14502.5
30939,14502.5
30940,16962.57
30941,16962.57
30942,16962.57
30943,16962.57
30944,17834.85
30945,17834.85
30946,17834.85
30947,17834.85
30948,17057.46
30949,17057.46
30950,17057.46
30951,17057.46
30952,16478.07
30953,16478.07
30954,16478.07
30955,16478.07
30956,16028.05
30957,16028.05
30958,16028.05
30959,16028.05
30960,14781.58
30961,14781.58
30962,14781.58
30963,14781.58
30964,14975.12
30965,14975.12
30966,14975.12
30967,14975.12
30968,14414.31
30969,14414.31
30970,14414.31
30971,14414.31
30972,15328.3
30973,15328.3
30974,15328.3
30975,15328.3
30976,16243.28
30977,16243.28
30978,16243.28
30979,16243.28
30980,17424.28
30981,17424.28
30982,17424.28
30983,17424.28
30984,16962.69
30985,16962.69
30986,16962.69
30987,16962.69
30988,16956.7
30989,16956.7
30990,16956.7
30991,16956.7
30992,15970.3
30993,15970.3
30994,15970.3
30995,15970.3
30996,15192.66
30997,15192.66
30998,15192.66
30999,15192.66
31000,14496.71
31001,14496.71
31002,14496.71
31003,14496.71
31004,13719.69
31005,13719.69
31006,13719.69
31007,13719.69
31008,13187.78
31009,13187.78
31010,13187.78
31011,13187.78
31012,13059.29
31013,13059.29
31014,13059.29
31015,13059.29
31016,13002.33
31017,13002.33
31018,13002.33
31019,13002.33
31020,12798.48
31021,12798.48
31022,12798.48
31023,12798.48
31024,12931.35
31025,12931.35
31026,12931.35
31027,12931.35
31028,12919.68
31029,12919.68
31030,12919.68
31031,12919.68
31032,14139.99
31033,14139.99
31034,14139.99
31035,14139.99
31036,17283.14
31037,17283.14
31038,17283.14
31039,17283.14
31040,18181.51
31041,18181.51
31042,18181.51
31043,18181.51
31044,17017.43
31045,17017.43
31046,17017.43
31047,17017.43
31048,16783.69
31049,16783.69
31050,16783.69
31051,16783.69
31052,16294.71
31053,16294.71
31054,16294.71
31055,16294.71
31056,15761.9
31057,15761.9
31058,15761.9
31059,15761.9
31060,15692.13
31061,15692.13
31062,15692.13
31063,15692.13
31064,15151.19
31065,15151.19
31066,15151.19
31067,15151.19
31068,14987.06
31069,14987.06
31070,14987.06
31071,14987.06
31072,16890.53
31073,16890.53
31074,16890.53
31075,16890.53
31076,17922.96
31077,17922.96
31078,17922.96
31079,17922.96
31080,17710.96
31081,17710.96
31082,17710.96
31083,17710.96
31084,17938.99
31085,17938.99
31086,17938.99
31087,17938.99
31088,17049.01
31089,17049.01
31090,17049.01
31091,17049.01
31092,16281.65
31093,16281.65
31094,16281.65
31095,16281.65
31096,15419.06
31097,15419.06
31098,15419.06
31099,15419.06
31100,14697.9
31101,14697.9
31102,14697.9
31103,14697.9
31104,14095.28
31105,14095.28
31106,14095.28
31107,14095.28
31108,14092.55
31109,14092.55
31110,14092.55
31111,14092.55
31112,13896.62
31113,13896.62
31114,13896.62
31115,13896.62
31116,13733.91
31117,13733.91
31118,13733.91
31119,13733.91
31120,13753.18
31121,13753.18
31122,13753.18
31123,13753.18
31124,13836.18
31125,13836.18
31126,13836.18
31127,13836.18
31128,14862.17
31129,14862.17
31130,14862.17
31131,14862.17
31132,17400.69
31133,17400.69
31134,17400.69
31135,17400.69
31136,17890.72
31137,17890.72
31138,17890.72
31139,17890.72
31140,16673.33
31141,16673.33
31142,16673.33
31143,16673.33
31144,16285.18
31145,16285.18
31146,16285.18
31147,16285.18
31148,15826.0
31149,15826.0
31150,15826.0
31151,15826.0
31152,15553.72
31153,15553.72
31154,15553.72
31155,15553.72
31156,15042.82
31157,15042.82
31158,15042.82
31159,15042.82
31160,14732.97
31161,14732.97
31162,14732.97
31163,14732.97
31164,15998.52
31165,15998.52
31166,15998.52
31167,15998.52
31168,16876.63
31169,16876.63
31170,16876.63
31171,16876.63
31172,18203.7
31173,18203.7
31174,18203.7
31175,18203.7
31176,17868.59
31177,17868.59
31178,17868.59
31179,17868.59
31180,17739.55
31181,17739.55
31182,17739.55
31183,17739.55
31184,16957.45
31185,16957.45
31186,16957.45
31187,16957.45
31188,16258.7
31189,16258.7
31190,16258.7
31191,16258.7
31192,15705.96
31193,15705.96
31194,15705.96
31195,15705.96
31196,15028.25
31197,15028.25
31198,15028.25
31199,15028.25
31200,14491.04
31201,14491.04
31202,14491.04
31203,14491.04
31204,14185.57
31205,14185.57
31206,14185.57
31207,14185.57
31208,13839.87
31209,13839.87
31210,13839.87
31211,13839.87
31212,13651.09
31213,13651.09
31214,13651.09
31215,13651.09
31216,13831.46
31217,13831.46
31218,13831.46
31219,13831.46
31220,13973.25
31221,13973.25
31222,13973.25
31223,13973.25
31224,15104.38
31225,15104.38
31226,15104.38
31227,15104.38
31228,17498.19
31229,17498.19
31230,17498.19
31231,17498.19
31232,18084.31
31233,18084.31
31234,18084.31
31235,18084.31
31236,16625.06
31237,16625.06
31238,16625.06
31239,16625.06
31240,16455.34
31241,16455.34
31242,16455.34
31243,16455.34
31244,16112.12
31245,16112.12
31246,16112.12
31247,16112.12
31248,15695.97
31249,15695.97
31250,15695.97
31251,15695.97
31252,15458.08
31253,15458.08
31254,15458.08
31255,15458.08
31256,15156.94
31257,15156.94
31258,15156.94
31259,15156.94
31260,16111.29
31261,16111.29
31262,16111.29
31263,16111.29
31264,17395.22
31265,17395.22
31266,17395.22
31267,17395.22
31268,18061.49
31269,18061.49
31270,18061.49
31271,18061.49
31272,18087.3
31273,18087.3
31274,18087.3
31275,18087.3
31276,17516.29
31277,17516.29
31278,17516.29
31279,17516.29
31280,16685.78
31281,16685.78
31282,16685.78
31283,16685.78
31284,16115.33
31285,16115.33
31286,16115.33
31287,16115.33
31288,15551.79
31289,15551.79
31290,15551.79
31291,15551.79
31292,15034.9
31293,15034.9
31294,15034.9
31295,15034.9
31296,14630.0
31297,14630.0
31298,14630.0
31299,14630.0
31300,14409.72
31301,14409.72
31302,14409.72
31303,14409.72
31304,14032.11
31305,14032.11
31306,14032.11
31307,14032.11
31308,13906.84
31309,13906.84
31310,13906.84
31311,13906.84
31312,13856.44
31313,13856.44
31314,13856.44
31315,13856.44
31316,13839.29
31317,13839.29
31318,13839.29
31319,13839.29
31320,14600.48
31321,14600.48
31322,14600.48
31323,14600.48
31324,16635.08
31325,16635.08
31326,16635.08
31327,16635.08
31328,17583.99
31329,17583.99
31330,17583.99
31331,17583.99
31332,17213.52
31333,17213.52
31334,17213.52
31335,17213.52
31336,16566.35
31337,16566.35
31338,16566.35
31339,16566.35
31340,15803.71
31341,15803.71
31342,15803.71
31343,15803.71
31344,15986.05
31345,15986.05
31346,15986.05
31347,15986.05
31348,15982.07
31349,15982.07
31350,15982.07
31351,15982.07
31352,15759.54
31353,15759.54
31354,15759.54
31355,15759.54
31356,16824.22
31357,16824.22
31358,16824.22
31359,16824.22
31360,17321.96
31361,17321.96
31362,17321.96
31363,17321.96
31364,18241.83
31365,18241.83
31366,18241.83
31367,18241.83
31368,18025.82
31369,18025.82
31370,18025.82
31371,18025.82
31372,18341.5
31373,18341.5
31374,18341.5
31375,18341.5
31376,17308.11
31377,17308.11
31378,17308.11
31379,17308.11
31380,16709.96
31381,16709.96
31382,16709.96
31383,16709.96
31384,16223.96
31385,16223.96
31386,16223.96
31387,16223.96
31388,15650.01
31389,15650.01
31390,15650.01
31391,15650.01
31392,15034.05
31393,15034.05
31394,15034.05
31395,15034.05
31396,14886.28
31397,14886.28
31398,14886.28
31399,14886.28
31400,14548.28
31401,14548.28
31402,14548.28
31403,14548.28
31404,14366.72
31405,14366.72
31406,14366.72
31407,14366.72
31408,14303.62
31409,14303.62
31410,14303.62
31411,14303.62
31412,14267.76
31413,14267.76
31414,14267.76
31415,14267.76
31416,14438.15
31417,14438.15
31418,14438.15
31419,14438.15
31420,15597.97
31421,15597.97
31422,15597.97
31423,15597.97
31424,16225.55
31425,16225.55
31426,16225.55
31427,16225.55
31428,15364.28
31429,15364.28
31430,15364.28
31431,15364.28
31432,15072.25
31433,15072.25
31434,15072.25
31435,15072.25
31436,14638.8
31437,14638.8
31438,14638.8
31439,14638.8
31440,14654.27
31441,14654.27
31442,14654.27
31443,14654.27
31444,14276.02
31445,14276.02
31446,14276.02
31447,14276.02
31448,13930.14
31449,13930.14
31450,13930.14
31451,13930.14
31452,14548.12
31453,14548.12
31454,14548.12
31455,14548.12
31456,15092.75
31457,15092.75
31458,15092.75
31459,15092.75
31460,16088.95
31461,16088.95
31462,16088.95
31463,16088.95
31464,15711.82
31465,15711.82
31466,15711.82
31467,15711.82
31468,15669.09
31469,15669.09
31470,15669.09
31471,15669.09
31472,15272.71
31473,15272.71
31474,15272.71
31475,15272.71
31476,14901.49
31477,14901.49
31478,14901.49
31479,14901.49
31480,14697.0
31481,14697.0
31482,14697.0
31483,14697.0
31484,14051.23
31485,14051.23
31486,14051.23
31487,14051.23
31488,13583.58
31489,13583.58
31490,13583.58
31491,13583.58
31492,13321.08
31493,13321.08
31494,13321.08
31495,13321.08
31496,13160.09
31497,13160.09
31498,13160.09
31499,13160.09
31500,13039.62
31501,13039.62
31502,13039.62
31503,13039.62
31504,13084.97
31505,13084.97
31506,13084.97
31507,13084.97
31508,13220.19
31509,13220.19
31510,13220.19
31511,13220.19
31512,14277.52
31513,14277.52
31514,14277.52
31515,14277.52
31516,16666.92
31517,16666.92
31518,16666.92
31519,16666.92
31520,17660.38
31521,17660.38
31522,17660.38
31523,17660.38
31524,16934.48
31525,16934.48
31526,16934.48
31527,16934.48
31528,17042.96
31529,17042.96
31530,17042.96
31531,17042.96
31532,16599.03
31533,16599.03
31534,16599.03
31535,16599.03
31536,16063.51
31537,16063.51
31538,16063.51
31539,16063.51
31540,15883.61
31541,15883.61
31542,15883.61
31543,15883.61
31544,15497.88
31545,15497.88
31546,15497.88
31547,15497.88
31548,16306.06
31549,16306.06
31550,16306.06
31551,16306.06
31552,17260.6
31553,17260.6
31554,17260.6
31555,17260.6
31556,18742.97
31557,18742.97
31558,18742.97
31559,18742.97
31560,18275.51
31561,18275.51
31562,18275.51
31563,18275.51
31564,18352.0
31565,18352.0
31566,18352.0
31567,18352.0
31568,17593.48
31569,17593.48
31570,17593.48
31571,17593.48
31572,17096.52
31573,17096.52
31574,17096.52
31575,17096.52
31576,16943.4
31577,16943.4
31578,16943.4
31579,16943.4
31580,16253.34
31581,16253.34
31582,16253.34
31583,16253.34
31584,15467.61
31585,15467.61
31586,15467.61
31587,15467.61
31588,15128.32
31589,15128.32
31590,15128.32
31591,15128.32
31592,14965.78
31593,14965.78
31594,14965.78
31595,14965.78
31596,14757.55
31597,14757.55
31598,14757.55
31599,14757.55
31600,14704.98
31601,14704.98
31602,14704.98
31603,14704.98
31604,14770.57
31605,14770.57
31606,14770.57
31607,14770.57
31608,15873.5
31609,15873.5
31610,15873.5
31611,15873.5
31612,18130.63
31613,18130.63
31614,18130.63
31615,18130.63
31616,18483.84
31617,18483.84
31618,18483.84
31619,18483.84
31620,17669.07
31621,17669.07
31622,17669.07
31623,17669.07
31624,17665.44
31625,17665.44
31626,17665.44
31627,17665.44
31628,17187.56
31629,17187.56
31630,17187.56
31631,17187.56
31632,16773.91
31633,16773.91
31634,16773.91
31635,16773.91
31636,16260.39
31637,16260.39
31638,16260.39
31639,16260.39
31640,15802.04
31641,15802.04
31642,15802.04
31643,15802.04
31644,16551.13
31645,16551.13
31646,16551.13
31647,16551.13
31648,17522.26
31649,17522.26
31650,17522.26
31651,17522.26
31652,18537.2
31653,18537.2
31654,18537.2
31655,18537.2
31656,18253.43
31657,18253.43
31658,18253.43
31659,18253.43
31660,18323.67
31661,18323.67
31662,18323.67
31663,18323.67
31664,17702.85
31665,17702.85
31666,17702.85
31667,17702.85
31668,17242.25
31669,17242.25
31670,17242.25
31671,17242.25
31672,16805.47
31673,16805.47
31674,16805.47
31675,16805.47
31676,16129.24
31677,16129.24
31678,16129.24
31679,16129.24
31680,15342.87
31681,15342.87
31682,15342.87
31683,15342.87
31684,15148.0
31685,15148.0
31686,15148.0
31687,15148.0
31688,14860.44
31689,14860.44
31690,14860.44
31691,14860.44
31692,14784.29
31693,14784.29
31694,14784.29
31695,14784.29
31696,14806.02
31697,14806.02
31698,14806.02
31699,14806.02
31700,14886.54
31701,14886.54
31702,14886.54
31703,14886.54
31704,15674.19
31705,15674.19
31706,15674.19
31707,15674.19
31708,17917.82
31709,17917.82
31710,17917.82
31711,17917.82
31712,18445.87
31713,18445.87
31714,18445.87
31715,18445.87
31716,17561.32
31717,17561.32
31718,17561.32
31719,17561.32
31720,17217.5
31721,17217.5
31722,17217.5
31723,17217.5
31724,17046.01
31725,17046.01
31726,17046.01
31727,17046.01
31728,17046.01
31729,17046.01
31730,17046.01
31731,17046.01
31732,16309.62
31733,16309.62
31734,16309.62
31735,16309.62
31736,16045.38
31737,16045.38
31738,16045.38
31739,16045.38
31740,16896.13
31741,16896.13
31742,16896.13
31743,16896.13
31744,17375.04
31745,17375.04
31746,17375.04
31747,17375.04
31748,18713.57
31749,18713.57
31750,18713.57
31751,18713.57
31752,18344.95
31753,18344.95
31754,18344.95
31755,18344.95
31756,18320.05
31757,18320.05
31758,18320.05
31759,18320.05
31760,17156.49
31761,17156.49
31762,17156.49
31763,17156.49
31764,16552.26
31765,16552.26
31766,16552.26
31767,16552.26
31768,16212.08
31769,16212.08
31770,16212.08
31771,16212.08
31772,15717.08
31773,15717.08
31774,15717.08
31775,15717.08
31776,14987.64
31777,14987.64
31778,14987.64
31779,14987.64
31780,14869.62
31781,14869.62
31782,14869.62
31783,14869.62
31784,14527.16
31785,14527.16
31786,14527.16
31787,14527.16
31788,14283.95
31789,14283.95
31790,14283.95
31791,14283.95
31792,14303.31
31793,14303.31
31794,14303.31
31795,14303.31
31796,14255.08
31797,14255.08
31798,14255.08
31799,14255.08
31800,15174.77
31801,15174.77
31802,15174.77
31803,15174.77
31804,17384.15
31805,17384.15
31806,17384.15
31807,17384.15
31808,17258.21
31809,17258.21
31810,17258.21
31811,17258.21
31812,16700.79
31813,16700.79
31814,16700.79
31815,16700.79
31816,16491.42
31817,16491.42
31818,16491.42
31819,16491.42
31820,16155.13
31821,16155.13
31822,16155.13
31823,16155.13
31824,15737.7
31825,15737.7
31826,15737.7
31827,15737.7
31828,15870.33
31829,15870.33
31830,15870.33
31831,15870.33
31832,15734.37
31833,15734.37
31834,15734.37
31835,15734.37
31836,16592.07
31837,16592.07
31838,16592.07
31839,16592.07
31840,17459.83
31841,17459.83
31842,17459.83
31843,17459.83
31844,18582.47
31845,18582.47
31846,18582.47
31847,18582.47
31848,18177.09
31849,18177.09
31850,18177.09
31851,18177.09
31852,18183.91
31853,18183.91
31854,18183.91
31855,18183.91
31856,17566.52
31857,17566.52
31858,17566.52
31859,17566.52
31860,17019.86
31861,17019.86
31862,17019.86
31863,17019.86
31864,16759.4
31865,16759.4
31866,16759.4
31867,16759.4
31868,16149.63
31869,16149.63
31870,16149.63
31871,16149.63
31872,15315.1
31873,15315.1
31874,15315.1
31875,15315.1
31876,15044.93
31877,15044.93
31878,15044.93
31879,15044.93
31880,14742.44
31881,14742.44
31882,14742.44
31883,14742.44
31884,14446.5
31885,14446.5
31886,14446.5
31887,14446.5
31888,14454.94
31889,14454.94
31890,14454.94
31891,14454.94
31892,14731.09
31893,14731.09
31894,14731.09
31895,14731.09
31896,15489.57
31897,15489.57
31898,15489.57
31899,15489.57
31900,17749.61
31901,17749.61
31902,17749.61
31903,17749.61
31904,18299.53
31905,18299.53
31906,18299.53
31907,18299.53
31908,17086.23
31909,17086.23
31910,17086.23
31911,17086.23
31912,15902.94
31913,15902.94
31914,15902.94
31915,15902.94
31916,16783.62
31917,16783.62
31918,16783.62
31919,16783.62
31920,16175.5
31921,16175.5
31922,16175.5
31923,16175.5
31924,15856.67
31925,15856.67
31926,15856.67
31927,15856.67
31928,15768.37
31929,15768.37
31930,15768.37
31931,15768.37
31932,16272.91
31933,16272.91
31934,16272.91
31935,16272.91
31936,17389.4
31937,17389.4
31938,17389.4
31939,17389.4
31940,18410.48
31941,18410.48
31942,18410.48
31943,18410.48
31944,18292.8
31945,18292.8
31946,18292.8
31947,18292.8
31948,18192.99
31949,18192.99
31950,18192.99
31951,18192.99
31952,17536.76
31953,17536.76
31954,17536.76
31955,17536.76
31956,17039.21
31957,17039.21
31958,17039.21
31959,17039.21
31960,16722.46
31961,16722.46
31962,16722.46
31963,16722.46
31964,16115.28
31965,16115.28
31966,16115.28
31967,16115.28
31968,14897.33
31969,14897.33
31970,14897.33
31971,14897.33
31972,15061.66
31973,15061.66
31974,15061.66
31975,15061.66
31976,13673.77
31977,13673.77
31978,13673.77
31979,13673.77
31980,13917.57
31981,13917.57
31982,13917.57
31983,13917.57
31984,13872.41
31985,13872.41
31986,13872.41
31987,13872.41
31988,14372.12
31989,14372.12
31990,14372.12
31991,14372.12
31992,15092.75
31993,15092.75
31994,15092.75
31995,15092.75
31996,16659.31
31997,16659.31
31998,16659.31
31999,16659.31
32000,17396.28
32001,17396.28
32002,17396.28
32003,17396.28
32004,17070.21
32005,17070.21
32006,17070.21
32007,17070.21
32008,16576.93
32009,16576.93
32010,16576.93
32011,16576.93
32012,16381.38
32013,16381.38
32014,16381.38
32015,16381.38
32016,16208.22
32017,16208.22
32018,16208.22
32019,16208.22
32020,15870.59
32021,15870.59
32022,15870.59
32023,15870.59
32024,15523.38
32025,15523.38
32026,15523.38
32027,15523.38
32028,16398.46
32029,16398.46
32030,16398.46
32031,16398.46
32032,17430.25
32033,17430.25
32034,17430.25
32035,17430.25
32036,18457.59
32037,18457.59
32038,18457.59
32039,18457.59
32040,17813.18
32041,17813.18
32042,17813.18
32043,17813.18
32044,17995.82
32045,17995.82
32046,17995.82
32047,17995.82
32048,17117.91
32049,17117.91
32050,17117.91
32051,17117.91
32052,16697.29
32053,16697.29
32054,16697.29
32055,16697.29
32056,16459.31
32057,16459.31
32058,16459.31
32059,16459.31
32060,16098.57
32061,16098.57
32062,16098.57
32063,16098.57
32064,13154.69
32065,13154.69
32066,13154.69
32067,13154.69
32068,12929.77
32069,12929.77
32070,12929.77
32071,12929.77
32072,12690.62
32073,12690.62
32074,12690.62
32075,12690.62
32076,12502.58
32077,12502.58
32078,12502.58
32079,12502.58
32080,12645.26
32081,12645.26
32082,12645.26
32083,12645.26
32084,13057.15
32085,13057.15
32086,13057.15
32087,13057.15
32088,13471.92
32089,13471.92
32090,13471.92
32091,13471.92
32092,14579.12
32093,14579.12
32094,14579.12
32095,14579.12
32096,15191.99
32097,15191.99
32098,15191.99
32099,15191.99
32100,16184.75
32101,16184.75
32102,16184.75
32103,16184.75
32104,16433.24
32105,16433.24
32106,16433.24
32107,16433.24
32108,16016.93
32109,16016.93
32110,16016.93
32111,16016.93
32112,15825.03
32113,15825.03
32114,15825.03
32115,15825.03
32116,15707.02
32117,15707.02
32118,15707.02
32119,15707.02
32120,14707.18
32121,14707.18
32122,14707.18
32123,14707.18
32124,15051.86
32125,15051.86
32126,15051.86
32127,15051.86
32128,15104.78
32129,15104.78
32130,15104.78
32131,15104.78
32132,14614.81
32133,14614.81
32134,14614.81
32135,14614.81
32136,15044.32
32137,15044.32
32138,15044.32
32139,15044.32
32140,14865.21
32141,14865.21
32142,14865.21
32143,14865.21
32144,14176.05
32145,14176.05
32146,14176.05
32147,14176.05
32148,13604.41
32149,13604.41
32150,13604.41
32151,13604.41
32152,12979.92
32153,12979.92
32154,12979.92
32155,12979.92
32156,12349.96
32157,12349.96
32158,12349.96
32159,12349.96
32160,12153.9
32161,12153.9
32162,12153.9
32163,12153.9
32164,11905.29
32165,11905.29
32166,11905.29
32167,11905.29
32168,11758.82
32169,11758.82
32170,11758.82
32171,11758.82
32172,11716.73
32173,11716.73
32174,11716.73
32175,11716.73
32176,11782.67
32177,11782.67
32178,11782.67
32179,11782.67
32180,12297.11
32181,12297.11
32182,12297.11
32183,12297.11
32184,12961.12
32185,12961.12
32186,12961.12
32187,12961.12
32188,14869.37
32189,14869.37
32190,14869.37
32191,14869.37
32192,15950.73
32193,15950.73
32194,15950.73
32195,15950.73
32196,16637.8
32197,16637.8
32198,16637.8
32199,16637.8
32200,17002.03
32201,17002.03
32202,17002.03
32203,17002.03
32204,16755.04
32205,16755.04
32206,16755.04
32207,16755.04
32208,16583.14
32209,16583.14
32210,16583.14
32211,16583.14
32212,16461.01
32213,16461.01
32214,16461.01
32215,16461.01
32216,16176.25
32217,16176.25
32218,16176.25
32219,16176.25
32220,16381.9
32221,16381.9
32222,16381.9
32223,16381.9
32224,16806.24
32225,16806.24
32226,16806.24
32227,16806.24
32228,17189.95
32229,17189.95
32230,17189.95
32231,17189.95
32232,16913.96
32233,16913.96
32234,16913.96
32235,16913.96
32236,16658.64
32237,16658.64
32238,16658.64
32239,16658.64
32240,15596.98
32241,15596.98
32242,15596.98
32243,15596.98
32244,14845.31
32245,14845.31
32246,14845.31
32247,14845.31
32248,14032.6
32249,14032.6
32250,14032.6
32251,14032.6
32252,13371.05
32253,13371.05
32254,13371.05
32255,13371.05
32256,12986.85
32257,12986.85
32258,12986.85
32259,12986.85
32260,12658.58
32261,12658.58
32262,12658.58
32263,12658.58
32264,12398.51
32265,12398.51
32266,12398.51
32267,12398.51
32268,12372.55
32269,12372.55
32270,12372.55
32271,12372.55
32272,12450.44
32273,12450.44
32274,12450.44
32275,12450.44
32276,12909.33
32277,12909.33
32278,12909.33
32279,12909.33
32280,13357.8
32281,13357.8
32282,13357.8
32283,13357.8
32284,14861.51
32285,14861.51
32286,14861.51
32287,14861.51
32288,15811.33
32289,15811.33
32290,15811.33
32291,15811.33
32292,16361.36
32293,16361.36
32294,16361.36
32295,16361.36
32296,15563.99
32297,15563.99
32298,15563.99
32299,15563.99
32300,15159.91
32301,15159.91
32302,15159.91
32303,15159.91
32304,15349.43
32305,15349.43
32306,15349.43
32307,15349.43
32308,14762.81
32309,14762.81
32310,14762.81
32311,14762.81
32312,14630.31
32313,14630.31
32314,14630.31
32315,14630.31
32316,15000.37
32317,15000.37
32318,15000.37
32319,15000.37
32320,15421.48
32321,15421.48
32322,15421.48
32323,15421.48
32324,16628.56
32325,16628.56
32326,16628.56
32327,16628.56
32328,16579.81
32329,16579.81
32330,16579.81
32331,16579.81
32332,16255.84
32333,16255.84
32334,16255.84
32335,16255.84
32336,15115.01
32337,15115.01
32338,15115.01
32339,15115.01
32340,14544.2
32341,14544.2
32342,14544.2
32343,14544.2
32344,13698.14
32345,13698.14
32346,13698.14
32347,13698.14
32348,12854.36
32349,12854.36
32350,12854.36
32351,12854.36
32352,12518.8
32353,12518.8
32354,12518.8
32355,12518.8
32356,12166.87
32357,12166.87
32358,12166.87
32359,12166.87
32360,11956.12
32361,11956.12
32362,11956.12
32363,11956.12
32364,11949.52
32365,11949.52
32366,11949.52
32367,11949.52
32368,11969.09
32369,11969.09
32370,11969.09
32371,11969.09
32372,12368.12
32373,12368.12
32374,12368.12
32375,12368.12
32376,12644.13
32377,12644.13
32378,12644.13
32379,12644.13
32380,13834.59
32381,13834.59
32382,13834.59
32383,13834.59
32384,14310.08
32385,14310.08
32386,14310.08
32387,14310.08
32388,14614.28
32389,14614.28
32390,14614.28
32391,14614.28
32392,14239.45
32393,14239.45
32394,14239.45
32395,14239.45
32396,13831.62
32397,13831.62
32398,13831.62
32399,13831.62
32400,13546.31
32401,13546.31
32402,13546.31
32403,13546.31
32404,13177.31
32405,13177.31
32406,13177.31
32407,13177.31
32408,13094.34
32409,13094.34
32410,13094.34
32411,13094.34
32412,13292.04
32413,13292.04
32414,13292.04
32415,13292.04
32416,13923.6
32417,13923.6
32418,13923.6
32419,13923.6
32420,14415.3
32421,14415.3
32422,14415.3
32423,14415.3
32424,14736.92
32425,14736.92
32426,14736.92
32427,14736.92
32428,14411.57
32429,14411.57
32430,14411.57
32431,14411.57
32432,13610.35
32433,13610.35
32434,13610.35
32435,13610.35
32436,13048.13
32437,13048.13
32438,13048.13
32439,13048.13
32440,12422.15
32441,12422.15
32442,12422.15
32443,12422.15
32444,11541.47
32445,11541.47
32446,11541.47
32447,11541.47
32448,11185.06
32449,11185.06
32450,11185.06
32451,11185.06
32452,11124.06
32453,11124.06
32454,11124.06
32455,11124.06
32456,11084.11
32457,11084.11
32458,11084.11
32459,11084.11
32460,10855.21
32461,10855.21
32462,10855.21
32463,10855.21
32464,11021.0
32465,11021.0
32466,11021.0
32467,11021.0
32468,11637.07
32469,11637.07
32470,11637.07
32471,11637.07
32472,12726.12
32473,12726.12
32474,12726.12
32475,12726.12
32476,15421.11
32477,15421.11
32478,15421.11
32479,15421.11
32480,15997.51
32481,15997.51
32482,15997.51
32483,15997.51
32484,15780.82
32485,15780.82
32486,15780.82
32487,15780.82
32488,15685.8
32489,15685.8
32490,15685.8
32491,15685.8
32492,15593.83
32493,15593.83
32494,15593.83
32495,15593.83
32496,15335.27
32497,15335.27
32498,15335.27
32499,15335.27
32500,14788.99
32501,14788.99
32502,14788.99
32503,14788.99
32504,14467.12
32505,14467.12
32506,14467.12
32507,14467.12
32508,15519.63
32509,15519.63
32510,15519.63
32511,15519.63
32512,16093.24
32513,16093.24
32514,16093.24
32515,16093.24
32516,17237.17
32517,17237.17
32518,17237.17
32519,17237.17
32520,17358.87
32521,17358.87
32522,17358.87
32523,17358.87
32524,16635.38
32525,16635.38
32526,16635.38
32527,16635.38
32528,15550.32
32529,15550.32
32530,15550.32
32531,15550.32
32532,14432.59
32533,14432.59
32534,14432.59
32535,14432.59
32536,13564.85
32537,13564.85
32538,13564.85
32539,13564.85
32540,12867.34
32541,12867.34
32542,12867.34
32543,12867.34
32544,12498.71
32545,12498.71
32546,12498.71
32547,12498.71
32548,12373.37
32549,12373.37
32550,12373.37
32551,12373.37
32552,12321.92
32553,12321.92
32554,12321.92
32555,12321.92
32556,12175.04
32557,12175.04
32558,12175.04
32559,12175.04
32560,12261.67
32561,12261.67
32562,12261.67
32563,12261.67
32564,12715.36
32565,12715.36
32566,12715.36
32567,12715.36
32568,13930.0
32569,13930.0
32570,13930.0
32571,13930.0
32572,16404.94
32573,16404.94
32574,16404.94
32575,16404.94
32576,15887.96
32577,15887.96
32578,15887.96
32579,15887.96
32580,16632.38
32581,16632.38
32582,16632.38
32583,16632.38
32584,15901.17
32585,15901.17
32586,15901.17
32587,15901.17
32588,15519.58
32589,15519.58
32590,15519.58
32591,15519.58
32592,15340.56
32593,15340.56
32594,15340.56
32595,15340.56
32596,14975.76
32597,14975.76
32598,14975.76
32599,14975.76
32600,14921.81
32601,14921.81
32602,14921.81
32603,14921.81
32604,15486.65
32605,15486.65
32606,15486.65
32607,15486.65
32608,16041.62
32609,16041.62
32610,16041.62
32611,16041.62
32612,16741.13
32613,16741.13
32614,16741.13
32615,16741.13
32616,16956.99
32617,16956.99
32618,16956.99
32619,16956.99
32620,16911.7
32621,16911.7
32622,16911.7
32623,16911.7
32624,15909.44
32625,15909.44
32626,15909.44
32627,15909.44
32628,14920.85
32629,14920.85
32630,14920.85
32631,14920.85
32632,14027.13
32633,14027.13
32634,14027.13
32635,14027.13
32636,13418.49
32637,13418.49
32638,13418.49
32639,13418.49
32640,12942.15
32641,12942.15
32642,12942.15
32643,12942.15
32644,12747.58
32645,12747.58
32646,12747.58
32647,12747.58
32648,12430.52
32649,12430.52
32650,12430.52
32651,12430.52
32652,12290.64
32653,12290.64
32654,12290.64
32655,12290.64
32656,12372.85
32657,12372.85
32658,12372.85
32659,12372.85
32660,12843.14
32661,12843.14
32662,12843.14
32663,12843.14
32664,13734.95
32665,13734.95
32666,13734.95
32667,13734.95
32668,16427.7
32669,16427.7
32670,16427.7
32671,16427.7
32672,17073.96
32673,17073.96
32674,17073.96
32675,17073.96
32676,16008.8
32677,16008.8
32678,16008.8
32679,16008.8
32680,15912.03
32681,15912.03
32682,15912.03
32683,15912.03
32684,15711.13
32685,15711.13
32686,15711.13
32687,15711.13
32688,15365.97
32689,15365.97
32690,15365.97
32691,15365.97
32692,14652.95
32693,14652.95
32694,14652.95
32695,14652.95
32696,14622.93
32697,14622.93
32698,14622.93
32699,14622.93
32700,15122.18
32701,15122.18
32702,15122.18
32703,15122.18
32704,15844.92
32705,15844.92
32706,15844.92
32707,15844.92
32708,16794.46
32709,16794.46
32710,16794.46
32711,16794.46
32712,16585.96
32713,16585.96
32714,16585.96
32715,16585.96
32716,16340.5
32717,16340.5
32718,16340.5
32719,16340.5
32720,15112.95
32721,15112.95
32722,15112.95
32723,15112.95
32724,14359.72
32725,14359.72
32726,14359.72
32727,14359.72
32728,13342.54
32729,13342.54
32730,13342.54
32731,13342.54
32732,12503.17
32733,12503.17
32734,12503.17
32735,12503.17
32736,12142.65
32737,12142.65
32738,12142.65
32739,12142.65
32740,12048.79
32741,12048.79
32742,12048.79
32743,12048.79
32744,11957.08
32745,11957.08
32746,11957.08
32747,11957.08
32748,11815.24
32749,11815.24
32750,11815.24
32751,11815.24
32752,11918.15
32753,11918.15
32754,11918.15
32755,11918.15
32756,12193.3
32757,12193.3
32758,12193.3
32759,12193.3
32760,13461.67
32761,13461.67
32762,13461.67
32763,13461.67
32764,16048.94
32765,16048.94
32766,16048.94
32767,16048.94
32768,16578.21
32769,16578.21
32770,16578.21
32771,16578.21
32772,15279.54
32773,15279.54
32774,15279.54
32775,15279.54
32776,16328.48
32777,16328.48
32778,16328.48
32779,16328.48
32780,16010.16
32781,16010.16
32782,16010.16
32783,16010.16
32784,15455.3
32785,15455.3
32786,15455.3
32787,15455.3
32788,15296.29
32789,15296.29
32790,15296.29
32791,15296.29
32792,14922.6
32793,14922.6
32794,14922.6
32795,14922.6
32796,15391.77
32797,15391.77
32798,15391.77
32799,15391.77
32800,15816.18
32801,15816.18
32802,15816.18
32803,15816.18
32804,16515.04
32805,16515.04
32806,16515.04
32807,16515.04
32808,16357.82
32809,16357.82
32810,16357.82
32811,16357.82
32812,16416.5
32813,16416.5
32814,16416.5
32815,16416.5
32816,15303.67
32817,15303.67
32818,15303.67
32819,15303.67
32820,14394.75
32821,14394.75
32822,14394.75
32823,14394.75
32824,13574.26
32825,13574.26
32826,13574.26
32827,13574.26
32828,12534.26
32829,12534.26
32830,12534.26
32831,12534.26
32832,12135.17
32833,12135.17
32834,12135.17
32835,12135.17
32836,11944.39
32837,11944.39
32838,11944.39
32839,11944.39
32840,11743.39
32841,11743.39
32842,11743.39
32843,11743.39
32844,11647.68
32845,11647.68
32846,11647.68
32847,11647.68
32848,11787.53
32849,11787.53
32850,11787.53
32851,11787.53
32852,12386.67
32853,12386.67
32854,12386.67
32855,12386.67
32856,13596.57
32857,13596.57
32858,13596.57
32859,13596.57
32860,16242.64
32861,16242.64
32862,16242.64
32863,16242.64
32864,17208.01
32865,17208.01
32866,17208.01
32867,17208.01
32868,16823.29
32869,16823.29
32870,16823.29
32871,16823.29
32872,16819.57
32873,16819.57
32874,16819.57
32875,16819.57
32876,16121.99
32877,16121.99
32878,16121.99
32879,16121.99
32880,15778.55
32881,15778.55
32882,15778.55
32883,15778.55
32884,15345.32
32885,15345.32
32886,15345.32
32887,15345.32
32888,15095.42
32889,15095.42
32890,15095.42
32891,15095.42
32892,15591.34
32893,15591.34
32894,15591.34
32895,15591.34
32896,16308.25
32897,16308.25
32898,16308.25
32899,16308.25
32900,16788.12
32901,16788.12
32902,16788.12
32903,16788.12
32904,16483.93
32905,16483.93
32906,16483.93
32907,16483.93
32908,16141.28
32909,16141.28
32910,16141.28
32911,16141.28
32912,15184.19
32913,15184.19
32914,15184.19
32915,15184.19
32916,14313.9
32917,14313.9
32918,14313.9
32919,14313.9
32920,13523.25
32921,13523.25
32922,13523.25
32923,13523.25
32924,12615.73
32925,12615.73
32926,12615.73
32927,12615.73
32928,12099.19
32929,12099.19
32930,12099.19
32931,12099.19
32932,11913.52
32933,11913.52
32934,11913.52
32935,11913.52
32936,11772.58
32937,11772.58
32938,11772.58
32939,11772.58
32940,11733.43
32941,11733.43
32942,11733.43
32943,11733.43
32944,11796.07
32945,11796.07
32946,11796.07
32947,11796.07
32948,12290.13
32949,12290.13
32950,12290.13
32951,12290.13
32952,12929.35
32953,12929.35
32954,12929.35
32955,12929.35
32956,14890.7
32957,14890.7
32958,14890.7
32959,14890.7
32960,15809.18
32961,15809.18
32962,15809.18
32963,15809.18
32964,16132.67
32965,16132.67
32966,16132.67
32967,16132.67
32968,15830.93
32969,15830.93
32970,15830.93
32971,15830.93
32972,15483.51
32973,15483.51
32974,15483.51
32975,15483.51
32976,15683.09
32977,15683.09
32978,15683.09
32979,15683.09
32980,14671.1
32981,14671.1
32982,14671.1
32983,14671.1
32984,15015.89
32985,15015.89
32986,15015.89
32987,15015.89
32988,15188.13
32989,15188.13
32990,15188.13
32991,15188.13
32992,15945.68
32993,15945.68
32994,15945.68
32995,15945.68
32996,16246.41
32997,16246.41
32998,16246.41
32999,16246.41
33000,15769.76
33001,15769.76
33002,15769.76
33003,15769.76
33004,15414.24
33005,15414.24
33006,15414.24
33007,15414.24
33008,14690.15
33009,14690.15
33010,14690.15
33011,14690.15
33012,13935.65
33013,13935.65
33014,13935.65
33015,13935.65
33016,13105.82
33017,13105.82
33018,13105.82
33019,13105.82
33020,12366.43
33021,12366.43
33022,12366.43
33023,12366.43
33024,11988.81
33025,11988.81
33026,11988.81
33027,11988.81
33028,11630.96
33029,11630.96
33030,11630.96
33031,11630.96
33032,11668.22
33033,11668.22
33034,11668.22
33035,11668.22
33036,11353.14
33037,11353.14
33038,11353.14
33039,11353.14
33040,11314.56
33041,11314.56
33042,11314.56
33043,11314.56
33044,11519.56
33045,11519.56
33046,11519.56
33047,11519.56
33048,11853.25
33049,11853.25
33050,11853.25
33051,11853.25
33052,12910.98
33053,12910.98
33054,12910.98
33055,12910.98
33056,13961.06
33057,13961.06
33058,13961.06
33059,13961.06
33060,14306.35
33061,14306.35
33062,14306.35
33063,14306.35
33064,14309.61
33065,14309.61
33066,14309.61
33067,14309.61
33068,13887.77
33069,13887.77
33070,13887.77
33071,13887.77
33072,13914.76
33073,13914.76
33074,13914.76
33075,13914.76
33076,13390.44
33077,13390.44
33078,13390.44
33079,13390.44
33080,13178.81
33081,13178.81
33082,13178.81
33083,13178.81
33084,13159.09
33085,13159.09
33086,13159.09
33087,13159.09
33088,13576.66
33089,13576.66
33090,13576.66
33091,13576.66
33092,13739.1
33093,13739.1
33094,13739.1
33095,13739.1
33096,13857.86
33097,13857.86
33098,13857.86
33099,13857.86
33100,13738.08
33101,13738.08
33102,13738.08
33103,13738.08
33104,12936.81
33105,12936.81
33106,12936.81
33107,12936.81
33108,12265.6
33109,12265.6
33110,12265.6
33111,12265.6
33112,11601.1
33113,11601.1
33114,11601.1
33115,11601.1
33116,10860.96
33117,10860.96
33118,10860.96
33119,10860.96
33120,10290.42
33121,10290.42
33122,10290.42
33123,10290.42
33124,9940.34
33125,9940.34
33126,9940.34
33127,9940.34
33128,9845.72
33129,9845.72
33130,9845.72
33131,9845.72
33132,9704.69
33133,9704.69
33134,9704.69
33135,9704.69
33136,9913.63
33137,9913.63
33138,9913.63
33139,9913.63
33140,10451.84
33141,10451.84
33142,10451.84
33143,10451.84
33144,11775.38
33145,11775.38
33146,11775.38
33147,11775.38
33148,14492.63
33149,14492.63
33150,14492.63
33151,14492.63
33152,15856.71
33153,15856.71
33154,15856.71
33155,15856.71
33156,15476.9
33157,15476.9
33158,15476.9
33159,15476.9
33160,15633.22
33161,15633.22
33162,15633.22
33163,15633.22
33164,15500.94
33165,15500.94
33166,15500.94
33167,15500.94
33168,14875.01
33169,14875.01
33170,14875.01
33171,14875.01
33172,14556.71
33173,14556.71
33174,14556.71
33175,14556.71
33176,14374.65
33177,14374.65
33178,14374.65
33179,14374.65
33180,14633.21
33181,14633.21
33182,14633.21
33183,14633.21
33184,15035.93
33185,15035.93
33186,15035.93
33187,15035.93
33188,15435.33
33189,15435.33
33190,15435.33
33191,15435.33
33192,15772.82
33193,15772.82
33194,15772.82
33195,15772.82
33196,15877.84
33197,15877.84
33198,15877.84
33199,15877.84
33200,14885.96
33201,14885.96
33202,14885.96
33203,14885.96
33204,14090.56
33205,14090.56
33206,14090.56
33207,14090.56
33208,13053.66
33209,13053.66
33210,13053.66
33211,13053.66
33212,11957.54
33213,11957.54
33214,11957.54
33215,11957.54
33216,11327.19
33217,11327.19
33218,11327.19
33219,11327.19
33220,11164.18
33221,11164.18
33222,11164.18
33223,11164.18
33224,11062.3
33225,11062.3
33226,11062.3
33227,11062.3
33228,10766.17
33229,10766.17
33230,10766.17
33231,10766.17
33232,10974.37
33233,10974.37
33234,10974.37
33235,10974.37
33236,11279.63
33237,11279.63
33238,11279.63
33239,11279.63
33240,12409.15
33241,12409.15
33242,12409.15
33243,12409.15
33244,14716.63
33245,14716.63
33246,14716.63
33247,14716.63
33248,15386.97
33249,15386.97
33250,15386.97
33251,15386.97
33252,14562.92
33253,14562.92
33254,14562.92
33255,14562.92
33256,15185.35
33257,15185.35
33258,15185.35
33259,15185.35
33260,14907.62
33261,14907.62
33262,14907.62
33263,14907.62
33264,14450.41
33265,14450.41
33266,14450.41
33267,14450.41
33268,14346.56
33269,14346.56
33270,14346.56
33271,14346.56
33272,14068.44
33273,14068.44
33274,14068.44
33275,14068.44
33276,14725.96
33277,14725.96
33278,14725.96
33279,14725.96
33280,14776.46
33281,14776.46
33282,14776.46
33283,14776.46
33284,15568.7
33285,15568.7
33286,15568.7
33287,15568.7
33288,15783.25
33289,15783.25
33290,15783.25
33291,15783.25
33292,16032.13
33293,16032.13
33294,16032.13
33295,16032.13
33296,15029.43
33297,15029.43
33298,15029.43
33299,15029.43
33300,14182.32
33301,14182.32
33302,14182.32
33303,14182.32
33304,13247.82
33305,13247.82
33306,13247.82
33307,13247.82
33308,12179.92
33309,12179.92
33310,12179.92
33311,12179.92
33312,11590.95
33313,11590.95
33314,11590.95
33315,11590.95
33316,11037.34
33317,11037.34
33318,11037.34
33319,11037.34
33320,10956.49
33321,10956.49
33322,10956.49
33323,10956.49
33324,10735.77
33325,10735.77
33326,10735.77
33327,10735.77
33328,10737.59
33329,10737.59
33330,10737.59
33331,10737.59
33332,11348.15
33333,11348.15
33334,11348.15
33335,11348.15
33336,12229.88
33337,12229.88
33338,12229.88
33339,12229.88
33340,14082.0
33341,14082.0
33342,14082.0
33343,14082.0
33344,14571.22
33345,14571.22
33346,14571.22
33347,14571.22
33348,15275.87
33349,15275.87
33350,15275.87
33351,15275.87
33352,15455.76
33353,15455.76
33354,15455.76
33355,15455.76
33356,15120.09
33357,15120.09
33358,15120.09
33359,15120.09
33360,14782.28
33361,14782.28
33362,14782.28
33363,14782.28
33364,14494.4
33365,14494.4
33366,14494.4
33367,14494.4
33368,14044.09
33369,14044.09
33370,14044.09
33371,14044.09
33372,14148.23
33373,14148.23
33374,14148.23
33375,14148.23
33376,14807.62
33377,14807.62
33378,14807.62
33379,14807.62
33380,15023.05
33381,15023.05
33382,15023.05
33383,15023.05
33384,15578.9
33385,15578.9
33386,15578.9
33387,15578.9
33388,15429.51
33389,15429.51
33390,15429.51
33391,15429.51
33392,14408.57
33393,14408.57
33394,14408.57
33395,14408.57
33396,13568.94
33397,13568.94
33398,13568.94
33399,13568.94
33400,12754.37
33401,12754.37
33402,12754.37
33403,12754.37
33404,11805.1
33405,11805.1
33406,11805.1
33407,11805.1
33408,11239.46
33409,11239.46
33410,11239.46
33411,11239.46
33412,10798.11
33413,10798.11
33414,10798.11
33415,10798.11
33416,10589.33
33417,10589.33
33418,10589.33
33419,10589.33
33420,10632.09
33421,10632.09
33422,10632.09
33423,10632.09
33424,10749.35
33425,10749.35
33426,10749.35
33427,10749.35
33428,11347.36
33429,11347.36
33430,11347.36
33431,11347.36
33432,11899.35
33433,11899.35
33434,11899.35
33435,11899.35
33436,12876.11
33437,12876.11
33438,12876.11
33439,12876.11
33440,13079.08
33441,13079.08
33442,13079.08
33443,13079.08
33444,12697.48
33445,12697.48
33446,12697.48
33447,12697.48
33448,11577.51
33449,11577.51
33450,11577.51
33451,11577.51
33452,10677.74
33453,10677.74
33454,10677.74
33455,10677.74
33456,9959.61
33457,9959.61
33458,9959.61
33459,9959.61
33460,9562.75
33461,9562.75
33462,9562.75
33463,9562.75
33464,9351.3
33465,9351.3
33466,9351.3
33467,9351.3
33468,9719.75
33469,9719.75
33470,9719.75
33471,9719.75
33472,10269.98
33473,10269.98
33474,10269.98
33475,10269.98
33476,10607.48
33477,10607.48
33478,10607.48
33479,10607.48
33480,11628.21
33481,11628.21
33482,11628.21
33483,11628.21
33484,11788.52
33485,11788.52
33486,11788.52
33487,11788.52
33488,11182.89
33489,11182.89
33490,11182.89
33491,11182.89
33492,10782.13
33493,10782.13
33494,10782.13
33495,10782.13
33496,10224.64
33497,10224.64
33498,10224.64
33499,10224.64
33500,9537.92
33501,9537.92
33502,9537.92
33503,9537.92
33504,9177.44
33505,9177.44
33506,9177.44
33507,9177.44
33508,9038.54
33509,9038.54
33510,9038.54
33511,9038.54
33512,8836.71
33513,8836.71
33514,8836.71
33515,8836.71
33516,8839.37
33517,8839.37
33518,8839.37
33519,8839.37
33520,8952.5
33521,8952.5
33522,8952.5
33523,8952.5
33524,9320.85
33525,9320.85
33526,9320.85
33527,9320.85
33528,9947.5
33529,9947.5
33530,9947.5
33531,9947.5
33532,11216.82
33533,11216.82
33534,11216.82
33535,11216.82
33536,11927.38
33537,11927.38
33538,11927.38
33539,11927.38
33540,12336.22
33541,12336.22
33542,12336.22
33543,12336.22
33544,12272.8
33545,12272.8
33546,12272.8
33547,12272.8
33548,11451.73
33549,11451.73
33550,11451.73
33551,11451.73
33552,11079.45
33553,11079.45
33554,11079.45
33555,11079.45
33556,10973.47
33557,10973.47
33558,10973.47
33559,10973.47
33560,10790.15
33561,10790.15
33562,10790.15
33563,10790.15
33564,11077.15
33565,11077.15
33566,11077.15
33567,11077.15
33568,11470.99
33569,11470.99
33570,11470.99
33571,11470.99
33572,11252.38
33573,11252.38
33574,11252.38
33575,11252.38
33576,11723.27
33577,11723.27
33578,11723.27
33579,11723.27
33580,12113.3
33581,12113.3
33582,12113.3
33583,12113.3
33584,11467.9
33585,11467.9
33586,11467.9
33587,11467.9
33588,11014.56
33589,11014.56
33590,11014.56
33591,11014.56
33592,10391.54
33593,10391.54
33594,10391.54
33595,10391.54
33596,9679.18
33597,9679.18
33598,9679.18
33599,9679.18
33600,9429.16
33601,9429.16
33602,9429.16
33603,9429.16
33604,9222.02
33605,9222.02
33606,9222.02
33607,9222.02
33608,9119.62
33609,9119.62
33610,9119.62
33611,9119.62
33612,8917.82
33613,8917.82
33614,8917.82
33615,8917.82
33616,8975.82
33617,8975.82
33618,8975.82
33619,8975.82
33620,9361.31
33621,9361.31
33622,9361.31
33623,9361.31
33624,9879.69
33625,9879.69
33626,9879.69
33627,9879.69
33628,11209.88
33629,11209.88
33630,11209.88
33631,11209.88
33632,12200.99
33633,12200.99
33634,12200.99
33635,12200.99
33636,12503.88
33637,12503.88
33638,12503.88
33639,12503.88
33640,11603.16
33641,11603.16
33642,11603.16
33643,11603.16
33644,11685.59
33645,11685.59
33646,11685.59
33647,11685.59
33648,11612.83
33649,11612.83
33650,11612.83
33651,11612.83
33652,11209.36
33653,11209.36
33654,11209.36
33655,11209.36
33656,10928.0
33657,10928.0
33658,10928.0
33659,10928.0
33660,11360.52
33661,11360.52
33662,11360.52
33663,11360.52
33664,12258.61
33665,12258.61
33666,12258.61
33667,12258.61
33668,12579.83
33669,12579.83
33670,12579.83
33671,12579.83
33672,13336.72
33673,13336.72
33674,13336.72
33675,13336.72
33676,13284.76
33677,13284.76
33678,13284.76
33679,13284.76
33680,12570.77
33681,12570.77
33682,12570.77
33683,12570.77
33684,11903.63
33685,11903.63
33686,11903.63
33687,11903.63
33688,11358.0
33689,11358.0
33690,11358.0
33691,11358.0
33692,10574.64
33693,10574.64
33694,10574.64
33695,10574.64
33696,10351.61
33697,10351.61
33698,10351.61
33699,10351.61
33700,10192.81
33701,10192.81
33702,10192.81
33703,10192.81
33704,10155.52
33705,10155.52
33706,10155.52
33707,10155.52
33708,10039.4
33709,10039.4
33710,10039.4
33711,10039.4
33712,9981.3
33713,9981.3
33714,9981.3
33715,9981.3
33716,10368.33
33717,10368.33
33718,10368.33
33719,10368.33
33720,10882.33
33721,10882.33
33722,10882.33
33723,10882.33
33724,12412.03
33725,12412.03
33726,12412.03
33727,12412.03
33728,13032.95
33729,13032.95
33730,13032.95
33731,13032.95
33732,13229.29
33733,13229.29
33734,13229.29
33735,13229.29
33736,12769.43
33737,12769.43
33738,12769.43
33739,12769.43
33740,11329.88
33741,11329.88
33742,11329.88
33743,11329.88
33744,12156.02
33745,12156.02
33746,12156.02
33747,12156.02
33748,12012.29
33749,12012.29
33750,12012.29
33751,12012.29
33752,11557.25
33753,11557.25
33754,11557.25
33755,11557.25
33756,12021.21
33757,12021.21
33758,12021.21
33759,12021.21
33760,12728.76
33761,12728.76
33762,12728.76
33763,12728.76
33764,12631.71
33765,12631.71
33766,12631.71
33767,12631.71
33768,13356.31
33769,13356.31
33770,13356.31
33771,13356.31
33772,13682.21
33773,13682.21
33774,13682.21
33775,13682.21
33776,12770.65
33777,12770.65
33778,12770.65
33779,12770.65
33780,12409.45
33781,12409.45
33782,12409.45
33783,12409.45
33784,11750.07
33785,11750.07
33786,11750.07
33787,11750.07
33788,11183.37
33789,11183.37
33790,11183.37
33791,11183.37
33792,10741.63
33793,10741.63
33794,10741.63
33795,10741.63
33796,10714.4
33797,10714.4
33798,10714.4
33799,10714.4
33800,10618.04
33801,10618.04
33802,10618.04
33803,10618.04
33804,10439.51
33805,10439.51
33806,10439.51
33807,10439.51
33808,10548.38
33809,10548.38
33810,10548.38
33811,10548.38
33812,10928.15
33813,10928.15
33814,10928.15
33815,10928.15
33816,11950.66
33817,11950.66
33818,11950.66
33819,11950.66
33820,14609.51
33821,14609.51
33822,14609.51
33823,14609.51
33824,15263.36
33825,15263.36
33826,15263.36
33827,15263.36
33828,14756.48
33829,14756.48
33830,14756.48
33831,14756.48
33832,14827.69
33833,14827.69
33834,14827.69
33835,14827.69
33836,14430.64
33837,14430.64
33838,14430.64
33839,14430.64
33840,14276.63
33841,14276.63
33842,14276.63
33843,14276.63
33844,13889.9
33845,13889.9
33846,13889.9
33847,13889.9
33848,13915.32
33849,13915.32
33850,13915.32
33851,13915.32
33852,14501.76
33853,14501.76
33854,14501.76
33855,14501.76
33856,15057.56
33857,15057.56
33858,15057.56
33859,15057.56
33860,16055.33
33861,16055.33
33862,16055.33
33863,16055.33
33864,16465.55
33865,16465.55
33866,16465.55
33867,16465.55
33868,16358.81
33869,16358.81
33870,16358.81
33871,16358.81
33872,15258.28
33873,15258.28
33874,15258.28
33875,15258.28
33876,14514.68
33877,14514.68
33878,14514.68
33879,14514.68
33880,13614.12
33881,13614.12
33882,13614.12
33883,13614.12
33884,12773.26
33885,12773.26
33886,12773.26
33887,12773.26
33888,12383.03
33889,12383.03
33890,12383.03
33891,12383.03
33892,12321.8
33893,12321.8
33894,12321.8
33895,12321.8
33896,12132.63
33897,12132.63
33898,12132.63
33899,12132.63
33900,12001.71
33901,12001.71
33902,12001.71
33903,12001.71
33904,11918.32
33905,11918.32
33906,11918.32
33907,11918.32
33908,12410.42
33909,12410.42
33910,12410.42
33911,12410.42
33912,13373.35
33913,13373.35
33914,13373.35
33915,13373.35
33916,16021.92
33917,16021.92
33918,16021.92
33919,16021.92
33920,16433.51
33921,16433.51
33922,16433.51
33923,16433.51
33924,15602.01
33925,15602.01
33926,15602.01
33927,15602.01
33928,14551.85
33929,14551.85
33930,14551.85
33931,14551.85
33932,14301.29
33933,14301.29
33934,14301.29
33935,14301.29
33936,14055.78
33937,14055.78
33938,14055.78
33939,14055.78
33940,13476.74
33941,13476.74
33942,13476.74
33943,13476.74
33944,13243.83
33945,13243.83
33946,13243.83
33947,13243.83
33948,13955.13
33949,13955.13
33950,13955.13
33951,13955.13
33952,15104.25
33953,15104.25
33954,15104.25
33955,15104.25
33956,16530.34
33957,16530.34
33958,16530.34
33959,16530.34
33960,17063.65
33961,17063.65
33962,17063.65
33963,17063.65
33964,16580.59
33965,16580.59
33966,16580.59
33967,16580.59
33968,15428.62
33969,15428.62
33970,15428.62
33971,15428.62
33972,14496.16
33973,14496.16
33974,14496.16
33975,14496.16
33976,13516.75
33977,13516.75
33978,13516.75
33979,13516.75
33980,12689.4
33981,12689.4
33982,12689.4
33983,12689.4
33984,12155.54
33985,12155.54
33986,12155.54
33987,12155.54
33988,12066.83
33989,12066.83
33990,12066.83
33991,12066.83
33992,11938.59
33993,11938.59
33994,11938.59
33995,11938.59
33996,11913.94
33997,11913.94
33998,11913.94
33999,11913.94
34000,11987.48
34001,11987.48
34002,11987.48
34003,11987.48
34004,12241.13
34005,12241.13
34006,12241.13
34007,12241.13
34008,13395.24
34009,13395.24
34010,13395.24
34011,13395.24
34012,16058.29
34013,16058.29
34014,16058.29
34015,16058.29
34016,16601.52
34017,16601.52
34018,16601.52
34019,16601.52
34020,15776.11
34021,15776.11
34022,15776.11
34023,15776.11
34024,15023.38
34025,15023.38
34026,15023.38
34027,15023.38
34028,14727.3
34029,14727.3
34030,14727.3
34031,14727.3
34032,14356.52
34033,14356.52
34034,14356.52
34035,14356.52
34036,13750.39
34037,13750.39
34038,13750.39
34039,13750.39
34040,13544.47
34041,13544.47
34042,13544.47
34043,13544.47
34044,14507.91
34045,14507.91
34046,14507.91
34047,14507.91
34048,15237.7
34049,15237.7
34050,15237.7
34051,15237.7
34052,16644.17
34053,16644.17
34054,16644.17
34055,16644.17
34056,16865.55
34057,16865.55
34058,16865.55
34059,16865.55
34060,16676.75
34061,16676.75
34062,16676.75
34063,16676.75
34064,15459.92
34065,15459.92
34066,15459.92
34067,15459.92
34068,14544.85
34069,14544.85
34070,14544.85
34071,14544.85
34072,13698.55
34073,13698.55
34074,13698.55
34075,13698.55
34076,12807.97
34077,12807.97
34078,12807.97
34079,12807.97
34080,12377.25
34081,12377.25
34082,12377.25
34083,12377.25
34084,12157.21
34085,12157.21
34086,12157.21
34087,12157.21
34088,11994.43
34089,11994.43
34090,11994.43
34091,11994.43
34092,11865.07
34093,11865.07
34094,11865.07
34095,11865.07
34096,11928.26
34097,11928.26
34098,11928.26
34099,11928.26
34100,12030.97
34101,12030.97
34102,12030.97
34103,12030.97
34104,13346.43
34105,13346.43
34106,13346.43
34107,13346.43
34108,16096.1
34109,16096.1
34110,16096.1
34111,16096.1
34112,16337.03
34113,16337.03
34114,16337.03
34115,16337.03
34116,14720.02
34117,14720.02
34118,14720.02
34119,14720.02
34120,14729.15
34121,14729.15
34122,14729.15
34123,14729.15
34124,14451.73
34125,14451.73
34126,14451.73
34127,14451.73
34128,14246.74
34129,14246.74
34130,14246.74
34131,14246.74
34132,13793.27
34133,13793.27
34134,13793.27
34135,13793.27
34136,13796.05
34137,13796.05
34138,13796.05
34139,13796.05
34140,14197.55
34141,14197.55
34142,14197.55
34143,14197.55
34144,15321.92
34145,15321.92
34146,15321.92
34147,15321.92
34148,16730.63
34149,16730.63
34150,16730.63
34151,16730.63
34152,17008.63
34153,17008.63
34154,17008.63
34155,17008.63
34156,17173.29
34157,17173.29
34158,17173.29
34159,17173.29
34160,15929.4
34161,15929.4
34162,15929.4
34163,15929.4
34164,14887.25
34165,14887.25
34166,14887.25
34167,14887.25
34168,13928.05
34169,13928.05
34170,13928.05
34171,13928.05
34172,12899.47
34173,12899.47
34174,12899.47
34175,12899.47
34176,12448.18
34177,12448.18
34178,12448.18
34179,12448.18
34180,12242.43
34181,12242.43
34182,12242.43
34183,12242.43
34184,12054.2
34185,12054.2
34186,12054.2
34187,12054.2
34188,12157.88
34189,12157.88
34190,12157.88
34191,12157.88
34192,12179.68
34193,12179.68
34194,12179.68
34195,12179.68
34196,12497.1
34197,12497.1
34198,12497.1
34199,12497.1
34200,13714.81
34201,13714.81
34202,13714.81
34203,13714.81
34204,16492.69
34205,16492.69
34206,16492.69
34207,16492.69
34208,16801.9
34209,16801.9
34210,16801.9
34211,16801.9
34212,15850.55
34213,15850.55
34214,15850.55
34215,15850.55
34216,14535.08
34217,14535.08
34218,14535.08
34219,14535.08
34220,14886.27
34221,14886.27
34222,14886.27
34223,14886.27
34224,14828.85
34225,14828.85
34226,14828.85
34227,14828.85
34228,14475.01
34229,14475.01
34230,14475.01
34231,14475.01
34232,14073.4
34233,14073.4
34234,14073.4
34235,14073.4
34236,14744.0
34237,14744.0
34238,14744.0
34239,14744.0
34240,15803.94
34241,15803.94
34242,15803.94
34243,15803.94
34244,17151.44
34245,17151.44
34246,17151.44
34247,17151.44
34248,16986.12
34249,16986.12
34250,16986.12
34251,16986.12
34252,16807.46
34253,16807.46
34254,16807.46
34255,16807.46
34256,15658.22
34257,15658.22
34258,15658.22
34259,15658.22
34260,14657.07
34261,14657.07
34262,14657.07
34263,14657.07
34264,13699.53
34265,13699.53
34266,13699.53
34267,13699.53
34268,12840.15
34269,12840.15
34270,12840.15
34271,12840.15
34272,12363.72
34273,12363.72
34274,12363.72
34275,12363.72
34276,12323.95
34277,12323.95
34278,12323.95
34279,12323.95
34280,12217.79
34281,12217.79
34282,12217.79
34283,12217.79
34284,12214.83
34285,12214.83
34286,12214.83
34287,12214.83
34288,12245.13
34289,12245.13
34290,12245.13
34291,12245.13
34292,12671.4
34293,12671.4
34294,12671.4
34295,12671.4
34296,13367.84
34297,13367.84
34298,13367.84
34299,13367.84
34300,15531.09
34301,15531.09
34302,15531.09
34303,15531.09
34304,16324.71
34305,16324.71
34306,16324.71
34307,16324.71
34308,16104.1
34309,16104.1
34310,16104.1
34311,16104.1
34312,15822.52
34313,15822.52
34314,15822.52
34315,15822.52
34316,15142.76
34317,15142.76
34318,15142.76
34319,15142.76
34320,15380.58
34321,15380.58
34322,15380.58
34323,15380.58
34324,15007.69
34325,15007.69
34326,15007.69
34327,15007.69
34328,14856.02
34329,14856.02
34330,14856.02
34331,14856.02
34332,15342.12
34333,15342.12
34334,15342.12
34335,15342.12
34336,16031.58
34337,16031.58
34338,16031.58
34339,16031.58
34340,16039.5
34341,16039.5
34342,16039.5
34343,16039.5
34344,16208.11
34345,16208.11
34346,16208.11
34347,16208.11
34348,15900.32
34349,15900.32
34350,15900.32
34351,15900.32
34352,14761.66
34353,14761.66
34354,14761.66
34355,14761.66
34356,14299.41
34357,14299.41
34358,14299.41
34359,14299.41
34360,13343.0
34361,13343.0
34362,13343.0
34363,13343.0
34364,12449.26
34365,12449.26
34366,12449.26
34367,12449.26
34368,12053.56
34369,12053.56
34370,12053.56
34371,12053.56
34372,11717.96
34373,11717.96
34374,11717.96
34375,11717.96
34376,11622.97
34377,11622.97
34378,11622.97
34379,11622.97
34380,11409.44
34381,11409.44
34382,11409.44
34383,11409.44
34384,11526.78
34385,11526.78
34386,11526.78
34387,11526.78
34388,11684.85
34389,11684.85
34390,11684.85
34391,11684.85
34392,12167.1
34393,12167.1
34394,12167.1
34395,12167.1
34396,13497.61
34397,13497.61
34398,13497.61
34399,13497.61
34400,14275.68
34401,14275.68
34402,14275.68
34403,14275.68
34404,14443.47
34405,14443.47
34406,14443.47
34407,14443.47
34408,14423.72
34409,14423.72
34410,14423.72
34411,14423.72
34412,14330.0
34413,14330.0
34414,14330.0
34415,14330.0
34416,14070.92
34417,14070.92
34418,14070.92
34419,14070.92
34420,13664.72
34421,13664.72
34422,13664.72
34423,13664.72
34424,13340.39
34425,13340.39
34426,13340.39
34427,13340.39
34428,13490.85
34429,13490.85
34430,13490.85
34431,13490.85
34432,13851.27
34433,13851.27
34434,13851.27
34435,13851.27
34436,14302.14
34437,14302.14
34438,14302.14
34439,14302.14
34440,14180.39
34441,14180.39
34442,14180.39
34443,14180.39
34444,14285.11
34445,14285.11
34446,14285.11
34447,14285.11
34448,13426.19
34449,13426.19
34450,13426.19
34451,13426.19
34452,12892.03
34453,12892.03
34454,12892.03
34455,12892.03
34456,11872.89
34457,11872.89
34458,11872.89
34459,11872.89
34460,11223.23
34461,11223.23
34462,11223.23
34463,11223.23
34464,11013.98
34465,11013.98
34466,11013.98
34467,11013.98
34468,10734.23
34469,10734.23
34470,10734.23
34471,10734.23
34472,10531.54
34473,10531.54
34474,10531.54
34475,10531.54
34476,10316.08
34477,10316.08
34478,10316.08
34479,10316.08
34480,10283.4
34481,10283.4
34482,10283.4
34483,10283.4
34484,10457.37
34485,10457.37
34486,10457.37
34487,10457.37
34488,10959.31
34489,10959.31
34490,10959.31
34491,10959.31
34492,12439.04
34493,12439.04
34494,12439.04
34495,12439.04
34496,13350.8
34497,13350.8
34498,13350.8
34499,13350.8
34500,13419.85
34501,13419.85
34502,13419.85
34503,13419.85
34504,13035.85
34505,13035.85
34506,13035.85
34507,13035.85
34508,12875.06
34509,12875.06
34510,12875.06
34511,12875.06
34512,12195.08
34513,12195.08
34514,12195.08
34515,12195.08
34516,12303.1
34517,12303.1
34518,12303.1
34519,12303.1
34520,12097.03
34521,12097.03
34522,12097.03
34523,12097.03
34524,12353.41
34525,12353.41
34526,12353.41
34527,12353.41
34528,12898.67
34529,12898.67
34530,12898.67
34531,12898.67
34532,13316.32
34533,13316.32
34534,13316.32
34535,13316.32
34536,13745.55
34537,13745.55
34538,13745.55
34539,13745.55
34540,13893.84
34541,13893.84
34542,13893.84
34543,13893.84
34544,13272.13
34545,13272.13
34546,13272.13
34547,13272.13
34548,12845.47
34549,12845.47
34550,12845.47
34551,12845.47
34552,12141.78
34553,12141.78
34554,12141.78
34555,12141.78
34556,11182.97
34557,11182.97
34558,11182.97
34559,11182.97
34560,10722.38
34561,10722.38
34562,10722.38
34563,10722.38
34564,10371.63
34565,10371.63
34566,10371.63
34567,10371.63
34568,10153.84
34569,10153.84
34570,10153.84
34571,10153.84
34572,10134.96
34573,10134.96
34574,10134.96
34575,10134.96
34576,10149.51
34577,10149.51
34578,10149.51
34579,10149.51
34580,10454.23
34581,10454.23
34582,10454.23
34583,10454.23
34584,11848.33
34585,11848.33
34586,11848.33
34587,11848.33
34588,14986.94
34589,14986.94
34590,14986.94
34591,14986.94
34592,15662.1
34593,15662.1
34594,15662.1
34595,15662.1
34596,15163.16
34597,15163.16
34598,15163.16
34599,15163.16
34600,14595.36
34601,14595.36
34602,14595.36
34603,14595.36
34604,14084.18
34605,14084.18
34606,14084.18
34607,14084.18
34608,13865.03
34609,13865.03
34610,13865.03
34611,13865.03
34612,13534.42
34613,13534.42
34614,13534.42
34615,13534.42
34616,13144.74
34617,13144.74
34618,13144.74
34619,13144.74
34620,14158.08
34621,14158.08
34622,14158.08
34623,14158.08
34624,14662.86
34625,14662.86
34626,14662.86
34627,14662.86
34628,15917.84
34629,15917.84
34630,15917.84
34631,15917.84
34632,16499.6
34633,16499.6
34634,16499.6
34635,16499.6
34636,16535.33
34637,16535.33
34638,16535.33
34639,16535.33
34640,15332.36
34641,15332.36
34642,15332.36
34643,15332.36
34644,14583.1
34645,14583.1
34646,14583.1
34647,14583.1
34648,13719.96
34649,13719.96
34650,13719.96
34651,13719.96
34652,12504.83
34653,12504.83
34654,12504.83
34655,12504.83
34656,12066.9
34657,12066.9
34658,12066.9
34659,12066.9
34660,11889.44
34661,11889.44
34662,11889.44
34663,11889.44
34664,11907.84
34665,11907.84
34666,11907.84
34667,11907.84
34668,11935.4
34669,11935.4
34670,11935.4
34671,11935.4
34672,12129.99
34673,12129.99
34674,12129.99
34675,12129.99
34676,12598.42
34677,12598.42
34678,12598.42
34679,12598.42
34680,13406.64
34681,13406.64
34682,13406.64
34683,13406.64
34684,15797.29
34685,15797.29
34686,15797.29
34687,15797.29
34688,16018.35
34689,16018.35
34690,16018.35
34691,16018.35
34692,14818.41
34693,14818.41
34694,14818.41
34695,14818.41
34696,14009.41
34697,14009.41
34698,14009.41
34699,14009.41
34700,13483.2
34701,13483.2
34702,13483.2
34703,13483.2
34704,13274.37
34705,13274.37
34706,13274.37
34707,13274.37
34708,12667.0
34709,12667.0
34710,12667.0
34711,12667.0
34712,12928.87
34713,12928.87
34714,12928.87
34715,12928.87
34716,13869.92
34717,13869.92
34718,13869.92
34719,13869.92
34720,15027.59
34721,15027.59
34722,15027.59
34723,15027.59
34724,16370.32
34725,16370.32
34726,16370.32
34727,16370.32
34728,16908.63
34729,16908.63
34730,16908.63
34731,16908.63
34732,16814.52
34733,16814.52
34734,16814.52
34735,16814.52
34736,15665.39
34737,15665.39
34738,15665.39
34739,15665.39
34740,14843.34
34741,14843.34
34742,14843.34
34743,14843.34
34744,13873.21
34745,13873.21
34746,13873.21
34747,13873.21
34748,12783.05
34749,12783.05
34750,12783.05
34751,12783.05
34752,12424.73
34753,12424.73
34754,12424.73
34755,12424.73
34756,12300.58
34757,12300.58
34758,12300.58
34759,12300.58
34760,12079.94
34761,12079.94
34762,12079.94
34763,12079.94
34764,11891.62
34765,11891.62
34766,11891.62
34767,11891.62
34768,11887.21
34769,11887.21
34770,11887.21
34771,11887.21
34772,12153.89
34773,12153.89
34774,12153.89
34775,12153.89
34776,13261.19
34777,13261.19
34778,13261.19
34779,13261.19
34780,16019.13
34781,16019.13
34782,16019.13
34783,16019.13
34784,16626.14
34785,16626.14
34786,16626.14
34787,16626.14
34788,15771.31
34789,15771.31
34790,15771.31
34791,15771.31
34792,14746.79
34793,14746.79
34794,14746.79
34795,14746.79
34796,14724.23
34797,14724.23
34798,14724.23
34799,14724.23
34800,14469.6
34801,14469.6
34802,14469.6
34803,14469.6
34804,13725.46
34805,13725.46
34806,13725.46
34807,13725.46
34808,13535.28
34809,13535.28
34810,13535.28
34811,13535.28
34812,14154.99
34813,14154.99
34814,14154.99
34815,14154.99
34816,15164.65
34817,15164.65
34818,15164.65
34819,15164.65
34820,16291.63
34821,16291.63
34822,16291.63
34823,16291.63
34824,16525.71
34825,16525.71
34826,16525.71
34827,16525.71
34828,16989.86
34829,16989.86
34830,16989.86
34831,16989.86
34832,15848.55
34833,15848.55
34834,15848.55
34835,15848.55
34836,14920.65
34837,14920.65
34838,14920.65
34839,14920.65
34840,13921.79
34841,13921.79
34842,13921.79
34843,13921.79
34844,12937.37
34845,12937.37
34846,12937.37
34847,12937.37
34848,12549.84
34849,12549.84
34850,12549.84
34851,12549.84
34852,12256.43
34853,12256.43
34854,12256.43
34855,12256.43
34856,12119.24
34857,12119.24
34858,12119.24
34859,12119.24
34860,12048.7
34861,12048.7
34862,12048.7
34863,12048.7
34864,11915.52
34865,11915.52
34866,11915.52
34867,11915.52
34868,12320.5
34869,12320.5
34870,12320.5
34871,12320.5
34872,13656.6
34873,13656.6
34874,13656.6
34875,13656.6
34876,16293.95
34877,16293.95
34878,16293.95
34879,16293.95
34880,16602.06
34881,16602.06
34882,16602.06
34883,16602.06
34884,16038.5
34885,16038.5
34886,16038.5
34887,16038.5
34888,15589.99
34889,15589.99
34890,15589.99
34891,15589.99
34892,15076.5
34893,15076.5
34894,15076.5
34895,15076.5
34896,14827.92
34897,14827.92
34898,14827.92
34899,14827.92
34900,14424.52
34901,14424.52
34902,14424.52
34903,14424.52
34904,14356.87
34905,14356.87
34906,14356.87
34907,14356.87
34908,14766.54
34909,14766.54
34910,14766.54
34911,14766.54
34912,15713.72
34913,15713.72
34914,15713.72
34915,15713.72
34916,16787.57
34917,16787.57
34918,16787.57
34919,16787.57
34920,16533.22
34921,16533.22
34922,16533.22
34923,16533.22
34924,16659.71
34925,16659.71
34926,16659.71
34927,16659.71
34928,15611.86
34929,15611.86
34930,15611.86
34931,15611.86
34932,14694.3
34933,14694.3
34934,14694.3
34935,14694.3
34936,13787.09
34937,13787.09
34938,13787.09
34939,13787.09
34940,12974.17
34941,12974.17
34942,12974.17
34943,12974.17
34944,12579.2
34945,12579.2
34946,12579.2
34947,12579.2
34948,12369.65
34949,12369.65
34950,12369.65
34951,12369.65
34952,12213.67
34953,12213.67
34954,12213.67
34955,12213.67
34956,11999.41
34957,11999.41
34958,11999.41
34959,11999.41
34960,12077.93
34961,12077.93
34962,12077.93
34963,12077.93
34964,12567.41
34965,12567.41
34966,12567.41
34967,12567.41
34968,13133.43
34969,13133.43
34970,13133.43
34971,13133.43
34972,15440.62
34973,15440.62
34974,15440.62
34975,15440.62
34976,15908.77
34977,15908.77
34978,15908.77
34979,15908.77
34980,15852.94
34981,15852.94
34982,15852.94
34983,15852.94
34984,14905.38
34985,14905.38
34986,14905.38
34987,14905.38
34988,14665.09
34989,14665.09
34990,14665.09
34991,14665.09
34992,14477.9
34993,14477.9
34994,14477.9
34995,14477.9
34996,13950.45
34997,13950.45
34998,13950.45
34999,13950.45
35000,13491.71
35001,13491.71
35002,13491.71
35003,13491.71
35004,14195.97
35005,14195.97
35006,14195.97
35007,14195.97
35008,14879.02
35009,14879.02
35010,14879.02
35011,14879.02
35012,16232.61
35013,16232.61
35014,16232.61
35015,16232.61
35016,16415.63
35017,16415.63
35018,16415.63
35019,16415.63
35020,16760.26
35021,16760.26
35022,16760.26
35023,16760.26
35024,15729.88
35025,15729.88
35026,15729.88
35027,15729.88
35028,14862.51
35029,14862.51
35030,14862.51
35031,14862.51
35032,13895.42
35033,13895.42
35034,13895.42
35035,13895.42
35036,12891.48
35037,12891.48
35038,12891.48
35039,12891.48
